label,sim,kind,lambda_share,checkpoint,seed,goal_id,base_id,depth,ext,target_l_x,target_l_y,target_l_z,target_r_x,target_r_y,target_r_z,target_min_height,needs_crouch,success,success_l,success_r,t_success,closest,hold_err_pos,hold_err_rot,success_2cm,success_3cm,success_8cm,success_10cm,err_final_l,err_final_r,rot_final_l,rot_final_r,err_last1s,rot_last1s,pelvis_h_start,pelvis_h_min,pelvis_h_last1s,pelvis_drop_last1s,fell,t_fall,tilt_max_deg,angvel_rms,com_margin_min,com_margin_last1s,dcm_margin_min,dcm_margin_last1s,foot_slip_max,steps,ee_jitter_l,ee_jitter_r,ee_speed_rms,torque_knee_max,torque_ankle_max,torque_hip_max,torque_arm_max,cmd_drift_end,pitch_last1s_deg,variant
l1,isaac,policy,1,/home/humanoid/Programs/Humanoid_Simulation/Locomanipulation_game/logs/skrl/locomanip_marl/paper1/checkpoints/agent_91200.pt,0,b000_d00_e00,0,0,0,0.335111,-0.124798,0.700641,0.148308,-0.10853,0.927873,1.70304,0,0,0,0,nan,0.588947,0.657174,1.53108,0,0,0,0,0.546171,0.649589,1.26787,1.45931,0.598985,1.38298,0.859556,0.792471,0.803194,0.0563624,0,nan,6.07329,0.190159,-0.151646,0.116522,-0.19649,0.125113,0.68229,5,24.9638,24.4815,0.312789,0.873472,0.689671,0.546571,0.711612,0.00962187,-2.23287,arms_ik
l1,isaac,policy,1,/home/humanoid/Programs/Humanoid_Simulation/Locomanipulation_game/logs/skrl/locomanip_marl/paper1/checkpoints/agent_91200.pt,0,b000_d10_e00,0,0.1,0,0.335111,-0.124798,0.600641,0.148308,-0.10853,0.827873,1.60304,0,0,0,0,nan,0.509743,0.579554,1.38983,0,0,0,0,0.525639,0.597577,1.10563,1.12885,0.530305,1.11258,0.878151,0.776532,0.801474,0.0766765,0,nan,5.98191,0.186133,-0.201054,0.127282,-0.257304,0.124667,0.667296,3,24.4646,17.9768,0.16195,0.876841,0.629108,0.553208,0.672346,0.0209335,-0.413664,arms_ik
l1,isaac,policy,1,/home/humanoid/Programs/Humanoid_Simulation/Locomanipulation_game/logs/skrl/locomanip_marl/paper1/checkpoints/agent_91200.pt,0,b000_d20_e00,0,0.2,0,0.335111,-0.124798,0.500641,0.148308,-0.10853,0.727873,1.50304,0,0,0,0,nan,0.416591,0.481865,1.02977,0,0,0,0,0.374773,0.48202,0.838627,1.12399,0.437235,0.922014,0.880725,0.782456,0.790566,0.0901588,0,nan,5.46951,0.162096,-0.174207,0.121964,-0.198551,0.115082,0.84534,5,20.2817,18.1975,0.12126,0.849244,0.706512,0.589187,0.665671,0.010138,-0.907946,arms_ik
l1,isaac,policy,1,/home/humanoid/Programs/Humanoid_Simulation/Locomanipulation_game/logs/skrl/locomanip_marl/paper1/checkpoints/agent_91200.pt,0,b000_d30_e00,0,0.3,0,0.335111,-0.124798,0.400641,0.148308,-0.10853,0.627873,1.40304,0,0,0,0,nan,0.343027,0.392824,0.876289,0,0,0,0,0.33009,0.397601,0.703749,0.882473,0.364844,0.784273,0.87974,0.752065,0.786677,0.0930629,0,nan,6.18119,0.183451,-0.144451,0.121995,-0.189529,0.111945,0.846728,5,22.2581,17.9122,0.135868,0.85345,0.825288,0.484108,0.678304,0.038591,-0.512462,arms_ik
l1,isaac,policy,1,/home/humanoid/Programs/Humanoid_Simulation/Locomanipulation_game/logs/skrl/locomanip_marl/paper1/checkpoints/agent_91200.pt,0,b000_d40_e00,0,0.4,0,0.335111,-0.124798,0.300641,0.148308,-0.10853,0.527873,1.30304,0,0,0,0,nan,0.185131,0.212732,0.506076,0,0,0,0,0.192827,0.177434,0.426683,0.455108,0.199968,0.455555,0.865014,0.751779,0.760889,0.104125,0,nan,5.18631,0.166756,-0.165336,0.125181,-0.169202,0.124522,1.03921,3,16.9632,10.7727,0.11117,0.846999,0.708318,0.427859,0.586389,0.015378,-0.342527,arms_ik
l1,isaac,policy,1,/home/humanoid/Programs/Humanoid_Simulation/Locomanipulation_game/logs/skrl/locomanip_marl/paper1/checkpoints/agent_91200.pt,0,b000_d50_e00,0,0.5,0,0.335111,-0.124798,0.200641,0.148308,-0.10853,0.427873,1.20304,0,0,0,0,nan,0.171097,0.307346,1.38083,0,0,0,0,0.0606004,0.32312,0.0342466,1.35797,0.187624,0.699765,0.859579,0.745743,0.773931,0.0856486,0,nan,6.13508,0.160345,-0.160107,0.124455,-0.180605,0.12209,0.884155,3,8.90829,7.81319,0.0834214,0.699302,0.70967,0.332019,0.698409,0.0333152,0.185918,arms_ik
l1,isaac,policy,1,/home/humanoid/Programs/Humanoid_Simulation/Locomanipulation_game/logs/skrl/locomanip_marl/paper1/checkpoints/agent_91200.pt,0,b000_d60_e00,0,0.6,0,0.335111,-0.124798,0.100641,0.148308,-0.10853,0.327873,1.10304,0,0,0,1,nan,0.0372851,0.0691547,0.142185,0,0,1,1,0.0644521,0.0300871,0.115373,0.0868362,0.0461108,0.113149,0.863855,0.755732,0.760588,0.103266,0,nan,5.99603,0.15306,-0.170733,0.1328,-0.183116,0.129597,0.863798,2,7.24794,2.45266,0.0512147,0.781129,0.602785,0.527775,0.51526,0.0185747,-0.554343,arms_ik
l1,isaac,policy,1,/home/humanoid/Programs/Humanoid_Simulation/Locomanipulation_game/logs/skrl/locomanip_marl/paper1/checkpoints/agent_91200.pt,0,b000_d70_e00,0,0.7,0,0.335111,-0.124798,0.000641036,0.148308,-0.10853,0.227873,1.00304,0,0,0,1,nan,0.0490536,0.104199,0.281601,0,0,0,0,0.0865892,0.0423202,0.219464,0.135752,0.0730313,0.192427,0.853878,0.733244,0.74895,0.104928,0,nan,5.94142,0.148901,-0.104764,0.121699,-0.122352,0.123967,0.948977,1,25.1474,8.33283,0.119991,0.690649,0.651007,0.309422,0.538736,0.0215388,-0.590569,arms_ik
l1,isaac,policy,1,/home/humanoid/Programs/Humanoid_Simulation/Locomanipulation_game/logs/skrl/locomanip_marl/paper1/checkpoints/agent_91200.pt,0,b000_d80_e00,0,0.8,0,0.335111,-0.124798,-0.099359,0.148308,-0.10853,0.127873,0.903041,0,0,0,1,nan,0.0670259,0.137005,0.529024,0,0,0,0,0.165614,0.03252,0.538687,0.103513,0.0824839,0.307021,0.868851,0.729983,0.746436,0.122415,0,nan,5.05146,0.150357,-0.08373,0.125856,-0.0990351,0.115456,0.842758,2,13.0615,13.374,0.110213,0.782936,0.844296,0.339705,0.55373,0.0177789,0.568808,arms_ik
l1,isaac,policy,1,/home/humanoid/Programs/Humanoid_Simulation/Locomanipulation_game/logs/skrl/locomanip_marl/paper1/checkpoints/agent_91200.pt,0,b000_d90_e00,0,0.9,0,0.335111,-0.124798,-0.199359,0.148308,-0.10853,0.0278728,0.803041,1,0,0,1,nan,0.0949751,0.184943,0.625041,0,0,0,0,0.165369,0.0718506,0.60812,0.106549,0.119022,0.357081,0.853408,0.70573,0.714727,0.138681,0,nan,4.51457,0.167692,-0.122743,0.122863,-0.141654,0.124272,0.876318,4,11.3273,4.38756,0.0787744,0.843042,0.468732,0.48434,0.653672,0.075913,2.3957,arms_ik
l1,isaac,policy,1,/home/humanoid/Programs/Humanoid_Simulation/Locomanipulation_game/logs/skrl/locomanip_marl/paper1/checkpoints/agent_91200.pt,0,b000_d100_e00,0,1,0,0.335111,-0.124798,-0.299359,0.148308,-0.10853,-0.0721272,0.703041,1,0,0,1,nan,0.103903,0.209318,0.687102,0,0,0,0,0.204277,0.0510096,0.674487,0.0882974,0.127603,0.385232,0.853514,0.702262,0.710893,0.142621,0,nan,5.49751,0.143617,-0.211262,0.109823,-0.220809,0.114208,0.921367,1,12.2557,6.75274,0.0755899,0.771417,0.551011,0.354221,0.607499,0.0596655,0.149433,arms_ik
l1,isaac,policy,1,/home/humanoid/Programs/Humanoid_Simulation/Locomanipulation_game/logs/skrl/locomanip_marl/paper1/checkpoints/agent_91200.pt,0,b001_d00_e00,1,0,0,0.206577,0.0532994,0.320031,0.138219,-0.0171031,0.933548,1.32243,0,0,0,0,nan,0.387469,0.74345,1.45294,0,0,0,0,0.172774,0.719561,0.377759,1.3254,0.453765,0.886513,0.869704,0.758014,0.791534,0.0781693,0,nan,5.81408,0.246264,-0.175495,0.12066,-0.245228,0.12238,0.985648,7,26.4928,35.7609,0.426782,0.856411,0.850017,0.671442,0.650478,0.0381423,0.0659363,arms_ik
l1,isaac,policy,1,/home/humanoid/Programs/Humanoid_Simulation/Locomanipulation_game/logs/skrl/locomanip_marl/paper1/checkpoints/agent_91200.pt,0,b001_d10_e00,1,0.1,0,0.206577,0.0532994,0.220031,0.138219,-0.0171031,0.833548,1.22243,0,0,0,0,nan,0.294495,0.571305,1.1918,0,0,0,0,0.145885,0.583564,0.449092,1.17242,0.348962,0.794874,0.873857,0.764088,0.771659,0.102197,0,nan,5.15258,0.172657,-0.176089,0.132875,-0.218303,0.128783,0.939681,4,13.0498,10.9576,0.0864233,0.855226,0.659117,0.567031,0.568798,0.0352524,-1.93925,arms_ik
l1,isaac,policy,1,/home/humanoid/Programs/Humanoid_Simulation/Locomanipulation_game/logs/skrl/locomanip_marl/paper1/checkpoints/agent_91200.pt,0,b001_d20_e00,1,0.2,0,0.206577,0.0532994,0.120031,0.138219,-0.0171031,0.733548,1.12243,0,0,1,0,nan,0.255591,0.498712,1.03313,0,0,0,0,0.0394668,0.480368,0.174182,0.904247,0.274244,0.6144,0.867994,0.766764,0.785633,0.0823618,0,nan,7.32086,0.19389,-0.169063,0.108412,-0.171447,0.110524,0.94761,4,11.0774,16.5278,0.0967662,0.729371,0.476763,0.450927,0.604995,0.0110881,-4.76565,arms_ik
l1,isaac,policy,1,/home/humanoid/Programs/Humanoid_Simulation/Locomanipulation_game/logs/skrl/locomanip_marl/paper1/checkpoints/agent_91200.pt,0,b001_d30_e00,1,0.3,0,0.206577,0.0532994,0.0200305,0.138219,-0.0171031,0.633548,1.02243,0,0,0,0,nan,0.202363,0.386618,0.947893,0,0,0,0,0.0638129,0.343042,0.166691,0.839672,0.214769,0.532039,0.856228,0.761503,0.777212,0.0790157,0,nan,5.89974,0.202314,-0.169637,0.131242,-0.19123,0.13089,0.789709,5,12.5128,20.3398,0.18854,0.869541,0.67528,0.677448,0.627302,0.0321881,-1.74544,arms_ik
l1,isaac,policy,1,/home/humanoid/Programs/Humanoid_Simulation/Locomanipulation_game/logs/skrl/locomanip_marl/paper1/checkpoints/agent_91200.pt,0,b001_d40_e00,1,0.4,0,0.206577,0.0532994,-0.0799695,0.138219,-0.0171031,0.533548,0.922431,0,0,0,0,nan,0.153487,0.273256,0.718381,0,0,0,0,0.0790973,0.273575,0.0643951,0.68852,0.173593,0.380671,0.866346,0.746251,0.764345,0.102001,0,nan,5.28117,0.179443,-0.148747,0.131142,-0.171693,0.127615,0.868449,5,7.53927,6.44377,0.0866251,0.834479,0.725339,0.457952,0.661676,0.0548145,-2.07984,arms_ik
l1,isaac,policy,1,/home/humanoid/Programs/Humanoid_Simulation/Locomanipulation_game/logs/skrl/locomanip_marl/paper1/checkpoints/agent_91200.pt,0,b001_d50_e00,1,0.5,0,0.206577,0.0532994,-0.179969,0.138219,-0.0171031,0.433548,0.822431,1,0,0,1,nan,0.0380231,0.0617691,0.197877,0,0,1,1,0.0713697,0.0634119,0.0720297,0.0624766,0.0586771,0.117236,0.847903,0.733289,0.763929,0.0839737,0,nan,4.94103,0.146521,-0.169221,0.123322,-0.206494,0.120712,0.82793,3,6.66772,5.83764,0.0784198,0.616269,0.557143,0.509249,0.652207,0.0507466,-1.77287,arms_ik
l1,isaac,policy,1,/home/humanoid/Programs/Humanoid_Simulation/Locomanipulation_game/logs/skrl/locomanip_marl/paper1/checkpoints/agent_91200.pt,0,b001_d60_e00,1,0.6,0,0.206577,0.0532994,-0.279969,0.138219,-0.0171031,0.333548,0.722431,1,0,0,1,nan,0.0306739,0.0580871,0.590343,0,0,0,1,0.0683895,0.0469905,0.600521,0.124695,0.054124,0.334164,0.875808,0.726074,0.743988,0.13182,0,nan,4.53158,0.16619,-0.205241,0.129615,-0.220022,0.127419,0.953729,2,6.01894,4.77927,0.0574981,0.839859,0.622653,0.57316,0.44962,0.0457259,-0.757039,arms_ik
l1,isaac,policy,1,/home/humanoid/Programs/Humanoid_Simulation/Locomanipulation_game/logs/skrl/locomanip_marl/paper1/checkpoints/agent_91200.pt,0,b001_d70_e00,1,0.7,0,0.206577,0.0532994,-0.379969,0.138219,-0.0171031,0.233548,0.622431,1,0,0,1,nan,0.0533801,0.103639,0.741438,0,0,0,0,0.120475,0.0634957,0.746718,0.102457,0.0788434,0.431751,0.855054,0.728182,0.74224,0.112814,0,nan,3.38207,0.142197,-0.137243,0.0997029,-0.136144,0.0940486,0.918396,1,10.0542,9.59923,0.0708754,0.661709,0.454853,0.424508,0.522787,0.0833089,0.89111,arms_ik
l1,isaac,policy,1,/home/humanoid/Programs/Humanoid_Simulation/Locomanipulation_game/logs/skrl/locomanip_marl/paper1/checkpoints/agent_91200.pt,0,b001_d80_e00,1,0.8,0,0.206577,0.0532994,-0.479969,0.138219,-0.0171031,0.133548,0.522431,1,0,0,0,nan,0.125745,0.28177,0.755788,0,0,0,0,0.275816,0.0893432,0.788128,0.146388,0.177777,0.425568,0.856865,0.719256,0.738289,0.118577,0,nan,6.47078,0.180826,-0.184425,0.128678,-0.244337,0.126327,1.88078,10,25.2801,12.0462,0.211417,0.856506,0.855686,0.619393,0.464647,0.0764965,5.60398,arms_ik
l1,isaac,policy,1,/home/humanoid/Programs/Humanoid_Simulation/Locomanipulation_game/logs/skrl/locomanip_marl/paper1/checkpoints/agent_91200.pt,0,b001_d90_e00,1,0.9,0,0.206577,0.0532994,-0.579969,0.138219,-0.0171031,0.0335482,0.422431,1,0,0,1,nan,0.13197,0.245355,0.890742,0,0,0,0,0.236126,0.0427604,0.879059,0.300346,0.138994,0.570876,0.866018,0.709023,0.716323,0.149695,0,nan,5.87791,0.147383,-0.0965601,0.124485,-0.106711,0.125706,0.78774,0,4.56783,6.61963,0.0696383,0.58694,0.49787,0.290769,0.696844,0.0509383,3.10486,arms_ik
l1,isaac,policy,1,/home/humanoid/Programs/Humanoid_Simulation/Locomanipulation_game/logs/skrl/locomanip_marl/paper1/checkpoints/agent_91200.pt,0,b001_d100_e00,1,1,0,0.206577,0.0532994,-0.679969,0.138219,-0.0171031,-0.0664518,0.322431,1,0,0,1,nan,0.169694,0.314677,0.874425,0,0,0,0,0.31364,0.0344246,0.871238,0.276198,0.172025,0.568257,0.866808,0.708275,0.717291,0.149517,0,nan,5.14238,0.156992,0.0854749,0.118498,0.0779158,0.121575,0.755861,0,7.25399,6.94224,0.102696,0.712848,0.475999,0.305975,0.701561,0.0417278,3.51752,arms_ik
l1,isaac,policy,1,/home/humanoid/Programs/Humanoid_Simulation/Locomanipulation_game/logs/skrl/locomanip_marl/paper1/checkpoints/agent_91200.pt,0,b002_d00_e00,2,0,0,0.171553,0.227398,-0.0289307,0.512,-0.349882,0.26534,0.973469,0,0,1,0,nan,0.141909,0.294019,0.647477,0,0,0,0,0.0335435,0.253453,0.071976,0.599932,0.157028,0.35989,0.868591,0.74327,0.766898,0.101693,0,nan,6.81524,0.15644,-0.130439,0.123909,-0.154939,0.118032,1.04172,1,5.4504,19.322,0.147987,0.613022,0.829695,0.447908,0.533286,0.036456,-0.27555,arms_ik
l1,isaac,policy,1,/home/humanoid/Programs/Humanoid_Simulation/Locomanipulation_game/logs/skrl/locomanip_marl/paper1/checkpoints/agent_91200.pt,0,b002_d10_e00,2,0.1,0,0.171553,0.227398,-0.128931,0.512,-0.349882,0.16534,0.873469,1,0,1,0,nan,0.123384,0.256385,0.514661,0,0,0,0,0.0529103,0.252927,0.0721898,0.503168,0.148418,0.288659,0.884762,0.733528,0.743023,0.141739,0,nan,6.88603,0.14271,-0.150908,0.127036,-0.167333,0.122891,0.962734,2,10.4029,22.7509,0.250784,0.792708,0.712393,0.565493,0.681035,0.0422287,-0.0600278,arms_ik
l1,isaac,policy,1,/home/humanoid/Programs/Humanoid_Simulation/Locomanipulation_game/logs/skrl/locomanip_marl/paper1/checkpoints/agent_91200.pt,0,b002_d20_e00,2,0.2,0,0.171553,0.227398,-0.228931,0.512,-0.349882,0.06534,0.773469,1,0,0,0,nan,0.0570652,0.129696,0.292939,0,0,0,0,0.0348825,0.102416,0.0528168,0.154708,0.0832455,0.142206,0.879317,0.729137,0.738413,0.140903,0,nan,6.88142,0.146648,-0.179461,0.125138,-0.184628,0.125156,0.548233,2,21.5427,34.9581,0.357255,0.664389,0.545615,0.356737,0.595974,0.052773,0.60476,arms_ik
l1,isaac,policy,1,/home/humanoid/Programs/Humanoid_Simulation/Locomanipulation_game/logs/skrl/locomanip_marl/paper1/checkpoints/agent_91200.pt,0,b002_d30_e00,2,0.3,0,0.171553,0.227398,-0.328931,0.512,-0.349882,-0.03466,0.673469,1,0,0,0,nan,0.0786217,0.172072,0.262851,0,0,0,0,0.077887,0.143526,0.127403,0.143057,0.11126,0.133083,0.867836,0.711579,0.721708,0.146128,0,nan,8.04591,0.152478,-0.158743,0.121672,-0.184267,0.126979,1.19663,3,7.39163,16.7475,0.111717,0.66825,0.595145,0.448103,0.692006,0.0843137,3.04958,arms_ik
l1,isaac,policy,1,/home/humanoid/Programs/Humanoid_Simulation/Locomanipulation_game/logs/skrl/locomanip_marl/paper1/checkpoints/agent_91200.pt,0,b002_d40_e00,2,0.4,0,0.171553,0.227398,-0.428931,0.512,-0.349882,-0.13466,0.573469,1,0,0,0,nan,0.0798892,0.113685,0.272526,0,0,0,0,0.0757824,0.148134,0.302937,0.159387,0.107363,0.225436,0.869495,0.706811,0.716226,0.153269,0,nan,7.65561,0.15223,-0.100698,0.115822,-0.125684,0.114807,1.40261,0,6.33976,9.36759,0.0814766,0.65928,0.557503,0.417639,0.601361,0.0781097,2.39494,arms_ik
l1,isaac,policy,1,/home/humanoid/Programs/Humanoid_Simulation/Locomanipulation_game/logs/skrl/locomanip_marl/paper1/checkpoints/agent_91200.pt,0,b002_d50_e00,2,0.5,0,0.171553,0.227398,-0.528931,0.512,-0.349882,-0.23466,0.473469,1,0,0,0,nan,0.128267,0.16017,0.236934,0,0,0,0,0.150984,0.150988,0.242869,0.129572,0.149545,0.169644,0.86721,0.705123,0.711008,0.156202,0,nan,8.25463,0.153263,-0.118955,0.108229,-0.116381,0.113192,1.32426,1,8.8486,10.0109,0.0832699,0.627817,0.442812,0.328774,0.476181,0.0833023,4.14314,arms_ik
l1,isaac,policy,1,/home/humanoid/Programs/Humanoid_Simulation/Locomanipulation_game/logs/skrl/locomanip_marl/paper1/checkpoints/agent_91200.pt,0,b002_d60_e00,2,0.6,0,0.171553,0.227398,-0.628931,0.512,-0.349882,-0.33466,0.373469,1,0,0,0,nan,0.195355,0.256723,0.263787,0,0,0,0,0.252983,0.175427,0.256293,0.112877,0.212324,0.169239,0.873046,0.711696,0.719003,0.154044,0,nan,7.57282,0.137006,0.0951147,0.117918,0.0845463,0.122216,1.24967,0,11.5232,6.65568,0.10545,0.602918,0.533333,0.318001,0.466206,0.0901473,5.58694,arms_ik
l1,isaac,policy,1,/home/humanoid/Programs/Humanoid_Simulation/Locomanipulation_game/logs/skrl/locomanip_marl/paper1/checkpoints/agent_91200.pt,0,b002_d70_e00,2,0.7,0,0.171553,0.227398,-0.728931,0.512,-0.349882,-0.43466,0.273469,1,0,0,0,nan,0.2712,0.34242,0.226072,0,0,0,0,0.348712,0.211334,0.225752,0.112647,0.281863,0.159364,0.857152,0.702371,0.708521,0.14863,0,nan,8.71734,0.165985,-0.113163,0.10941,-0.1182,0.113222,0.919845,1,22.244,19.5865,0.135497,0.650943,0.534235,0.393358,0.580924,0.0663553,5.14423,arms_ik
l1,isaac,policy,1,/home/humanoid/Programs/Humanoid_Simulation/Locomanipulation_game/logs/skrl/locomanip_marl/paper1/checkpoints/agent_91200.pt,0,b002_d80_e00,2,0.8,0,0.171553,0.227398,-0.828931,0.512,-0.349882,-0.53466,0.173469,1,0,0,0,nan,0.369591,0.437359,0.354387,0,0,0,0,0.432654,0.32979,0.195748,0.118005,0.385547,0.206058,0.883489,0.693421,0.696444,0.187044,0,nan,10.2157,0.169497,-0.113185,0.128035,-0.150745,0.129896,0.996295,3,11.0605,34.419,0.273482,0.85491,0.510988,0.49151,0.605497,0.0721863,7.34056,arms_ik
l1,isaac,policy,1,/home/humanoid/Programs/Humanoid_Simulation/Locomanipulation_game/logs/skrl/locomanip_marl/paper1/checkpoints/agent_91200.pt,0,b002_d90_e00,2,0.9,0,0.171553,0.227398,-0.928931,0.512,-0.349882,-0.63466,0.0734693,1,0,0,0,nan,0.45227,0.540962,0.254532,0,0,0,0,0.540197,0.39313,0.217313,0.268144,0.462857,0.192509,0.858003,0.699955,0.709429,0.148574,0,nan,9.40862,0.15108,0.100922,0.124828,0.0797656,0.118415,1.32118,0,13.716,28.5494,0.247504,0.56096,0.471587,0.3238,0.595464,0.0673086,7.37509,arms_ik
l1,isaac,policy,1,/home/humanoid/Programs/Humanoid_Simulation/Locomanipulation_game/logs/skrl/locomanip_marl/paper1/checkpoints/agent_91200.pt,0,b002_d100_e00,2,1,0,0.171553,0.227398,-1.02893,0.512,-0.349882,-0.73466,-0.0265307,1,0,0,0,nan,0.525562,0.626223,0.303039,0,0,0,0,0.621934,0.437336,0.194088,0.184145,0.533429,0.209986,0.871043,0.694124,0.705857,0.165186,0,nan,10.7159,0.156376,-0.107748,0.131783,-0.108691,0.129557,1.71869,1,6.89377,41.0404,0.284638,0.686264,0.460001,0.36427,0.57987,0.0645148,8.59867,arms_ik
l1,isaac,policy,1,/home/humanoid/Programs/Humanoid_Simulation/Locomanipulation_game/logs/skrl/locomanip_marl/paper1/checkpoints/agent_91200.pt,0,b003_d00_e00,3,0,0,0.517857,0.257246,0.229271,0.404624,-0.320827,0.454146,1.23167,0,0,0,0,nan,0.231823,0.265128,0.442273,0,0,0,0,0.229698,0.251097,0.341139,0.404391,0.241313,0.381474,0.849759,0.759398,0.766043,0.0837157,0,nan,7.37413,0.127778,-0.147018,0.12926,-0.173397,0.130309,1.01832,1,10.0421,11.8681,0.141769,0.525899,0.727003,0.380549,0.661676,0.0380081,-1.18302,arms_ik
l1,isaac,policy,1,/home/humanoid/Programs/Humanoid_Simulation/Locomanipulation_game/logs/skrl/locomanip_marl/paper1/checkpoints/agent_91200.pt,0,b003_d10_e00,3,0.1,0,0.517857,0.257246,0.129271,0.404624,-0.320827,0.354146,1.13167,0,0,0,0,nan,0.151277,0.198412,0.359418,0,0,0,0,0.189752,0.187738,0.236316,0.319845,0.169682,0.266675,0.865079,0.753903,0.766431,0.098648,0,nan,6.77456,0.137427,-0.153844,0.129168,-0.172042,0.129455,1.58765,1,29.3493,30.5263,0.367814,0.597108,0.681983,0.428706,0.75043,0.027574,-0.511771,arms_ik
l1,isaac,policy,1,/home/humanoid/Programs/Humanoid_Simulation/Locomanipulation_game/logs/skrl/locomanip_marl/paper1/checkpoints/agent_91200.pt,0,b003_d20_e00,3,0.2,0,0.517857,0.257246,0.0292706,0.404624,-0.320827,0.254146,1.03167,0,0,0,0,nan,0.0762006,0.127445,0.232401,0,0,0,0,0.112224,0.0814644,0.144669,0.104855,0.0978957,0.160659,0.872695,0.74793,0.760449,0.112246,0,nan,5.96476,0.133843,-0.117048,0.120334,-0.0998695,0.120094,1.45719,0,18.4769,13.4353,0.173982,0.548764,0.825769,0.340824,0.615184,0.0477723,0.617642,arms_ik
l1,isaac,policy,1,/home/humanoid/Programs/Humanoid_Simulation/Locomanipulation_game/logs/skrl/locomanip_marl/paper1/checkpoints/agent_91200.pt,0,b003_d30_e00,3,0.3,0,0.517857,0.257246,-0.0707294,0.404624,-0.320827,0.154146,0.931671,0,0,0,0,nan,0.05502,0.105649,0.208016,0,0,0,0,0.121778,0.0709574,0.223911,0.173254,0.0897325,0.178111,0.867717,0.742335,0.74521,0.122507,0,nan,5.71942,0.126746,-0.143211,0.123249,-0.166524,0.124071,0.888474,0,8.93353,4.73073,0.0818828,0.453821,0.791895,0.31156,0.447256,0.0515045,1.34902,arms_ik
l1,isaac,policy,1,/home/humanoid/Programs/Humanoid_Simulation/Locomanipulation_game/logs/skrl/locomanip_marl/paper1/checkpoints/agent_91200.pt,0,b003_d40_e00,3,0.4,0,0.517857,0.257246,-0.170729,0.404624,-0.320827,0.0541465,0.831671,1,0,0,0,nan,0.0641468,0.0908483,0.165376,0,0,0,1,0.111928,0.0715103,0.169529,0.158616,0.0803802,0.143544,0.845423,0.720841,0.728263,0.11716,0,nan,5.11074,0.111884,0.116055,0.122288,0.103668,0.125904,0.832971,0,11.9776,6.47477,0.0800571,0.458332,0.547541,0.315607,0.471857,0.0585156,3.1326,arms_ik
l1,isaac,policy,1,/home/humanoid/Programs/Humanoid_Simulation/Locomanipulation_game/logs/skrl/locomanip_marl/paper1/checkpoints/agent_91200.pt,0,b003_d50_e00,3,0.5,0,0.517857,0.257246,-0.270729,0.404624,-0.320827,-0.0458535,0.731671,1,0,0,0,nan,0.0862135,0.127621,0.172061,0,0,0,0,0.132246,0.074941,0.149235,0.17183,0.0972747,0.146286,0.863005,0.722159,0.727042,0.135963,0,nan,6.58647,0.120105,0.106,0.128746,0.0861088,0.127258,1.30236,0,9.98821,8.35221,0.103496,0.682571,0.434298,0.290004,0.622781,0.0570995,3.70429,arms_ik
l1,isaac,policy,1,/home/humanoid/Programs/Humanoid_Simulation/Locomanipulation_game/logs/skrl/locomanip_marl/paper1/checkpoints/agent_91200.pt,0,b003_d60_e00,3,0.6,0,0.517857,0.257246,-0.370729,0.404624,-0.320827,-0.145854,0.631671,1,0,0,0,nan,0.131396,0.226491,0.240085,0,0,0,0,0.243052,0.0944328,0.286911,0.178704,0.149739,0.164652,0.862744,0.702818,0.715846,0.146898,0,nan,7.28775,0.156132,-0.143711,0.125917,-0.175412,0.126173,0.52864,3,25.1575,8.04913,0.169802,0.883557,0.436787,0.404863,0.541935,0.08357,4.56056,arms_ik
l1,isaac,policy,1,/home/humanoid/Programs/Humanoid_Simulation/Locomanipulation_game/logs/skrl/locomanip_marl/paper1/checkpoints/agent_91200.pt,0,b003_d70_e00,3,0.7,0,0.517857,0.257246,-0.470729,0.404624,-0.320827,-0.245854,0.531671,1,0,0,0,nan,0.139291,0.24706,0.274336,0,0,0,0,0.235021,0.065613,0.110926,0.120714,0.16125,0.182916,0.860908,0.694236,0.703349,0.157558,0,nan,8.51579,0.155434,-0.169841,0.124364,-0.190792,0.124837,0.648765,1,43.7056,8.88363,0.346557,0.863915,0.528927,0.350814,0.486053,0.0605217,6.27958,arms_ik
l1,isaac,policy,1,/home/humanoid/Programs/Humanoid_Simulation/Locomanipulation_game/logs/skrl/locomanip_marl/paper1/checkpoints/agent_91200.pt,0,b003_d80_e00,3,0.8,0,0.517857,0.257246,-0.570729,0.404624,-0.320827,-0.345854,0.431671,1,0,0,0,nan,0.167359,0.307037,0.303924,0,0,0,0,0.298296,0.0781133,0.255437,0.12638,0.190509,0.19858,0.868117,0.693418,0.698925,0.169192,0,nan,9.70858,0.162805,-0.118963,0.122709,-0.147319,0.121397,1.03134,0,42.4503,14.207,0.335914,0.530577,0.48411,0.449446,0.506519,0.0680882,6.85571,arms_ik
l1,isaac,policy,1,/home/humanoid/Programs/Humanoid_Simulation/Locomanipulation_game/logs/skrl/locomanip_marl/paper1/checkpoints/agent_91200.pt,0,b003_d90_e00,3,0.9,0,0.517857,0.257246,-0.670729,0.404624,-0.320827,-0.445854,0.331671,1,0,0,0,nan,0.246837,0.381465,0.394467,0,0,0,0,0.388141,0.14183,0.425037,0.105609,0.2616,0.253152,0.874264,0.702033,0.705297,0.168967,0,nan,10.4027,0.170904,-0.223083,0.117874,-0.210982,0.117355,0.773279,0,11.1095,7.632,0.132844,0.53171,0.352295,0.380608,0.545797,0.0820031,8.14868,arms_ik
l1,isaac,policy,1,/home/humanoid/Programs/Humanoid_Simulation/Locomanipulation_game/logs/skrl/locomanip_marl/paper1/checkpoints/agent_91200.pt,0,b003_d100_e00,3,1,0,0.517857,0.257246,-0.770729,0.404624,-0.320827,-0.545854,0.231671,1,0,0,0,nan,0.331005,0.47262,0.338908,0,0,0,0,0.45959,0.216912,0.312979,0.092801,0.339091,0.223929,0.869178,0.697205,0.706842,0.162336,0,nan,10.233,0.175473,-0.0893702,0.121648,-0.106942,0.121632,1.17622,0,16.6214,9.91896,0.161943,0.781238,0.388648,0.416806,0.494587,0.101022,8.71407,arms_ik
l1,isaac,policy,1,/home/humanoid/Programs/Humanoid_Simulation/Locomanipulation_game/logs/skrl/locomanip_marl/paper1/checkpoints/agent_91200.pt,0,b004_d00_e00,4,0,0,0.301138,0.00301273,0.55551,0.351773,-0.211507,0.466139,1.46854,0,0,0,0,nan,0.152283,0.278883,0.736889,0,0,0,0,0.25724,0.048324,0.634913,0.0936013,0.160172,0.401257,0.874269,0.783784,0.793093,0.0811768,0,nan,6.21201,0.148127,0.108401,0.113971,0.0965079,0.114925,0.799878,0,10.9894,13.5186,0.152531,0.613901,0.710431,0.293597,0.753495,0.0239143,-0.300506,arms_ik
l1,isaac,policy,1,/home/humanoid/Programs/Humanoid_Simulation/Locomanipulation_game/logs/skrl/locomanip_marl/paper1/checkpoints/agent_91200.pt,0,b004_d10_e00,4,0.1,0,0.301138,0.00301273,0.45551,0.351773,-0.211507,0.366139,1.36854,0,0,0,1,nan,0.122097,0.237927,0.708029,0,0,0,0,0.215671,0.0598247,0.607033,0.0819803,0.135822,0.366735,0.868789,0.772213,0.787281,0.0815079,0,nan,6.77321,0.172721,-0.115644,0.127903,-0.120037,0.126163,0.814259,1,11.9065,12.8663,0.163254,0.617971,0.835869,0.347162,0.832229,0.0416528,-1.27048,arms_ik
l1,isaac,policy,1,/home/humanoid/Programs/Humanoid_Simulation/Locomanipulation_game/logs/skrl/locomanip_marl/paper1/checkpoints/agent_91200.pt,0,b004_d20_e00,4,0.2,0,0.301138,0.00301273,0.35551,0.351773,-0.211507,0.266139,1.26854,0,0,0,0,nan,0.0575636,0.0909965,0.248015,0,0,0,1,0.0500347,0.0835008,0.0885475,0.19814,0.0632543,0.155262,0.849134,0.762096,0.76803,0.081104,0,nan,6.00907,0.163062,-0.235047,0.114173,-0.28443,0.114853,0.424176,3,11.3322,10.8049,0.118459,0.863715,0.830417,0.57351,0.790879,0.0310679,1.43793,arms_ik
l1,isaac,policy,1,/home/humanoid/Programs/Humanoid_Simulation/Locomanipulation_game/logs/skrl/locomanip_marl/paper1/checkpoints/agent_91200.pt,0,b004_d30_e00,4,0.3,0,0.301138,0.00301273,0.25551,0.351773,-0.211507,0.166139,1.16854,0,0,1,0,nan,0.0267375,0.0500366,0.184884,0,0,1,1,0.05238,0.0561114,0.0783117,0.153337,0.0490174,0.126444,0.85872,0.747002,0.756539,0.10218,0,nan,5.22144,0.13356,-0.135572,0.118094,-0.139375,0.116446,1.04885,1,8.46577,6.56367,0.0862666,0.756034,0.795705,0.432888,0.595042,0.0188477,0.99405,arms_ik
l1,isaac,policy,1,/home/humanoid/Programs/Humanoid_Simulation/Locomanipulation_game/logs/skrl/locomanip_marl/paper1/checkpoints/agent_91200.pt,0,b004_d40_e00,4,0.4,0,0.301138,0.00301273,0.15551,0.351773,-0.211507,0.0661387,1.06854,0,0,0,1,nan,0.0924155,0.175433,1.08214,0,0,0,0,0.174299,0.0242434,1.09049,0.220543,0.103116,0.654976,0.862452,0.736026,0.742916,0.119537,0,nan,6.39705,0.143603,-0.112052,0.130458,-0.132976,0.127109,0.890762,1,17.7404,16.2642,0.189246,0.667826,0.534118,0.368101,0.665677,0.0150422,-0.0389289,arms_ik
l1,isaac,policy,1,/home/humanoid/Programs/Humanoid_Simulation/Locomanipulation_game/logs/skrl/locomanip_marl/paper1/checkpoints/agent_91200.pt,0,b004_d50_e00,4,0.5,0,0.301138,0.00301273,0.0555097,0.351773,-0.211507,-0.0338613,0.968539,0,0,1,0,nan,0.0355626,0.052751,0.17497,0,0,1,1,0.0348586,0.0592873,0.079842,0.194434,0.0445856,0.11826,0.876309,0.739226,0.745136,0.131173,0,nan,7.07634,0.154641,-0.224124,0.123316,-0.223683,0.12064,1.11499,2,6.39779,7.56769,0.100003,0.779561,0.621717,0.382523,0.617801,0.0388182,-0.511012,arms_ik
l1,isaac,policy,1,/home/humanoid/Programs/Humanoid_Simulation/Locomanipulation_game/logs/skrl/locomanip_marl/paper1/checkpoints/agent_91200.pt,0,b004_d60_e00,4,0.6,0,0.301138,0.00301273,-0.0444903,0.351773,-0.211507,-0.133861,0.868539,1,0,1,0,nan,0.0254021,0.0576159,0.16173,0,0,1,1,0.042395,0.0639819,0.0802471,0.145215,0.0457325,0.113052,0.86721,0.725363,0.733312,0.133898,0,nan,7.96548,0.133953,0.105666,0.1152,0.0971074,0.111421,1.02971,0,5.61125,6.65532,0.0809841,0.723827,0.57057,0.301878,0.620967,0.0471573,-0.710608,arms_ik
l1,isaac,policy,1,/home/humanoid/Programs/Humanoid_Simulation/Locomanipulation_game/logs/skrl/locomanip_marl/paper1/checkpoints/agent_91200.pt,0,b004_d70_e00,4,0.7,0,0.301138,0.00301273,-0.14449,0.351773,-0.211507,-0.233861,0.768539,1,0,1,0,nan,0.0331293,0.057439,0.146988,0,0,1,1,0.037642,0.0569173,0.0744108,0.147184,0.0445525,0.110093,0.863059,0.706627,0.712522,0.150537,0,nan,8.16772,0.136881,-0.0903503,0.132552,-0.102389,0.130659,1.07923,1,4.75045,5.83862,0.0604002,0.741516,0.448884,0.348049,0.585508,0.0261903,2.86921,arms_ik
l1,isaac,policy,1,/home/humanoid/Programs/Humanoid_Simulation/Locomanipulation_game/logs/skrl/locomanip_marl/paper1/checkpoints/agent_91200.pt,0,b004_d80_e00,4,0.8,0,0.301138,0.00301273,-0.24449,0.351773,-0.211507,-0.333861,0.668539,1,0,0,0,nan,0.0668609,0.0878505,0.168222,0,0,0,1,0.0701746,0.0967468,0.0852343,0.136185,0.0809896,0.12361,0.869066,0.679967,0.691874,0.177192,0,nan,6.28057,0.145323,-0.129598,0.102383,-0.134457,0.101688,1.02124,2,14.1232,8.45485,0.135366,0.736408,0.432731,0.395459,0.594703,0.0684894,1.79212,arms_ik
l1,isaac,policy,1,/home/humanoid/Programs/Humanoid_Simulation/Locomanipulation_game/logs/skrl/locomanip_marl/paper1/checkpoints/agent_91200.pt,0,b004_d90_e00,4,0.9,0,0.301138,0.00301273,-0.34449,0.351773,-0.211507,-0.433861,0.568539,1,0,0,0,nan,0.0592416,0.127922,0.54946,0,0,0,0,0.0911376,0.12793,0.498495,0.144811,0.11651,0.319832,0.873387,0.667562,0.677727,0.19566,0,nan,8.25963,0.158223,-0.191614,0.121548,-0.207571,0.121114,0.717846,3,14.2669,9.33232,0.120044,0.827926,0.581698,0.522377,0.529138,0.0532667,3.38661,arms_ik
l1,isaac,policy,1,/home/humanoid/Programs/Humanoid_Simulation/Locomanipulation_game/logs/skrl/locomanip_marl/paper1/checkpoints/agent_91200.pt,0,b004_d100_e00,4,1,0,0.301138,0.00301273,-0.44449,0.351773,-0.211507,-0.533861,0.468539,1,0,0,0,nan,0.150407,0.185515,0.569839,0,0,0,0,0.133005,0.183329,0.542284,0.235418,0.158663,0.364908,0.855725,0.656431,0.663352,0.192373,0,nan,8.32508,0.165033,-0.138206,0.11609,-0.151154,0.118497,0.754975,2,6.22897,9.96226,0.128961,0.845772,0.442125,0.532071,0.662975,0.0363439,4.37997,arms_ik
l1,isaac,policy,1,/home/humanoid/Programs/Humanoid_Simulation/Locomanipulation_game/logs/skrl/locomanip_marl/paper1/checkpoints/agent_91200.pt,0,b005_d00_e00,5,0,0,0.368667,0.470579,0.722734,0.442714,0.0450648,0.64607,1.64847,0,0,0,0,nan,0.390785,0.507116,1.31602,0,0,0,0,0.297783,0.483876,0.392744,1.24809,0.409342,0.842735,0.878509,0.783639,0.803419,0.0750906,0,nan,7.86398,0.188846,-0.169736,0.127266,-0.196879,0.124477,0.828584,3,23.3753,17.6132,0.217851,0.702033,0.695968,0.50548,0.582632,0.0409499,-0.730822,arms_ik
l1,isaac,policy,1,/home/humanoid/Programs/Humanoid_Simulation/Locomanipulation_game/logs/skrl/locomanip_marl/paper1/checkpoints/agent_91200.pt,0,b005_d10_e00,5,0.1,0,0.368667,0.470579,0.622734,0.442714,0.0450648,0.54607,1.54847,0,0,0,0,nan,0.314298,0.444433,1.06561,0,0,0,0,0.211342,0.422451,0.397915,0.850988,0.328191,0.666129,0.862107,0.786599,0.801428,0.0606788,0,nan,5.85167,0.198337,-0.242706,0.0942504,-0.32338,0.105726,1.11825,2,43.6256,31.2611,0.400943,0.67719,0.863483,0.607577,0.65271,0.0622637,2.15445,arms_ik
l1,isaac,policy,1,/home/humanoid/Programs/Humanoid_Simulation/Locomanipulation_game/logs/skrl/locomanip_marl/paper1/checkpoints/agent_91200.pt,0,b005_d20_e00,5,0.2,0,0.368667,0.470579,0.522734,0.442714,0.0450648,0.44607,1.44847,0,0,0,0,nan,0.216758,0.350741,0.759402,0,0,0,0,0.194001,0.339153,0.298012,0.683983,0.247578,0.461343,0.863801,0.775444,0.80235,0.0614508,0,nan,5.49612,0.196386,-0.199126,0.111658,-0.205791,0.114534,1.00917,2,38.7551,28.7743,0.381647,0.84842,0.858346,0.567105,0.591534,0.0480395,0.165131,arms_ik
l1,isaac,policy,1,/home/humanoid/Programs/Humanoid_Simulation/Locomanipulation_game/logs/skrl/locomanip_marl/paper1/checkpoints/agent_91200.pt,0,b005_d30_e00,5,0.3,0,0.368667,0.470579,0.422734,0.442714,0.0450648,0.34607,1.34847,0,0,0,0,nan,0.155303,0.283413,0.56661,0,0,0,0,0.0739321,0.266715,0.206867,0.511912,0.171836,0.38348,0.876641,0.76841,0.777509,0.0991326,0,nan,6.97167,0.172076,-0.220143,0.106457,-0.267901,0.106681,1.0314,3,29.4895,22.531,0.334306,0.847633,0.831306,0.574102,0.560436,0.0586075,1.71327,arms_ik
l1,isaac,policy,1,/home/humanoid/Programs/Humanoid_Simulation/Locomanipulation_game/logs/skrl/locomanip_marl/paper1/checkpoints/agent_91200.pt,0,b005_d40_e00,5,0.4,0,0.368667,0.470579,0.322734,0.442714,0.0450648,0.24607,1.24847,0,0,0,0,nan,0.127167,0.229114,0.4405,0,0,0,0,0.0564942,0.207862,0.13301,0.40954,0.139585,0.274943,0.875892,0.755214,0.780447,0.0954456,0,nan,5.25435,0.153138,-0.199307,0.127099,-0.245637,0.122694,1.52534,1,17.1042,17.8314,0.106053,0.790995,0.861731,0.327632,0.715573,0.0496236,-0.519937,arms_ik
l1,isaac,policy,1,/home/humanoid/Programs/Humanoid_Simulation/Locomanipulation_game/logs/skrl/locomanip_marl/paper1/checkpoints/agent_91200.pt,0,b005_d50_e00,5,0.5,0,0.368667,0.470579,0.222734,0.442714,0.0450648,0.14607,1.14847,0,0,0,0,nan,0.0613499,0.101609,0.248925,0,0,0,0,0.0804347,0.0925681,0.0689888,0.135767,0.082651,0.148657,0.871902,0.759774,0.771649,0.100254,0,nan,6.13319,0.154615,-0.203084,0.12676,-0.22667,0.128831,0.296053,0,20.3629,24.3539,0.303756,0.626298,0.690531,0.335549,0.583913,0.0544322,0.963865,arms_ik
l1,isaac,policy,1,/home/humanoid/Programs/Humanoid_Simulation/Locomanipulation_game/logs/skrl/locomanip_marl/paper1/checkpoints/agent_91200.pt,0,b005_d60_e00,5,0.6,0,0.368667,0.470579,0.122734,0.442714,0.0450648,0.0460702,1.04847,0,0,0,0,nan,0.090109,0.153046,0.340738,0,0,0,0,0.083044,0.140629,0.20846,0.362485,0.100041,0.243725,0.866449,0.75082,0.761037,0.105412,0,nan,4.88394,0.137187,0.118298,0.131561,0.111459,0.126333,0.963061,0,14.2377,19.8594,0.1884,0.556537,0.739966,0.263989,0.720267,0.0189001,-0.349494,arms_ik
l1,isaac,policy,1,/home/humanoid/Programs/Humanoid_Simulation/Locomanipulation_game/logs/skrl/locomanip_marl/paper1/checkpoints/agent_91200.pt,0,b005_d70_e00,5,0.7,0,0.368667,0.470579,0.0227341,0.442714,0.0450648,-0.0539298,0.94847,0,0,0,0,nan,0.0743174,0.0998403,0.241202,0,0,0,1,0.0960539,0.105602,0.170657,0.175988,0.102037,0.183571,0.887027,0.740724,0.745542,0.141484,0,nan,4.6392,0.133022,0.112586,0.135182,0.100104,0.132516,1.69026,0,5.10557,12.67,0.125464,0.734062,0.449242,0.321588,0.527839,0.0561597,1.56529,arms_ik
l1,isaac,policy,1,/home/humanoid/Programs/Humanoid_Simulation/Locomanipulation_game/logs/skrl/locomanip_marl/paper1/checkpoints/agent_91200.pt,0,b005_d80_e00,5,0.8,0,0.368667,0.470579,-0.0772659,0.442714,0.0450648,-0.15393,0.84847,1,0,0,0,nan,0.074126,0.140984,0.57139,0,0,0,0,0.0624858,0.154704,0.197376,0.581426,0.0961995,0.356591,0.878362,0.71007,0.730919,0.147443,0,nan,4.84658,0.145556,-0.188574,0.131085,-0.200345,0.126844,0.395104,4,17.9343,22.622,0.238502,0.661572,0.551935,0.628887,0.461447,0.0296491,0.928329,arms_ik
l1,isaac,policy,1,/home/humanoid/Programs/Humanoid_Simulation/Locomanipulation_game/logs/skrl/locomanip_marl/paper1/checkpoints/agent_91200.pt,0,b005_d90_e00,5,0.9,0,0.368667,0.470579,-0.177266,0.442714,0.0450648,-0.25393,0.74847,1,0,0,0,nan,0.0677671,0.105727,0.605354,0,0,0,0,0.109263,0.132705,0.158165,0.605677,0.110588,0.370552,0.894744,0.704077,0.711533,0.183211,0,nan,5.55307,0.156286,0.115638,0.129225,0.0944151,0.126462,1.43482,0,6.2833,6.84887,0.0656169,0.629839,0.383033,0.303459,0.417232,0.0650915,3.96341,arms_ik
l1,isaac,policy,1,/home/humanoid/Programs/Humanoid_Simulation/Locomanipulation_game/logs/skrl/locomanip_marl/paper1/checkpoints/agent_91200.pt,0,b005_d100_e00,5,1,0,0.368667,0.470579,-0.277266,0.442714,0.0450648,-0.35393,0.64847,1,0,0,0,nan,0.105867,0.160436,0.65725,0,0,0,0,0.0954056,0.161422,0.204199,0.638927,0.117719,0.427363,0.868172,0.674047,0.685014,0.183158,0,nan,8.79392,0.167856,-0.165932,0.133862,-0.192641,0.130148,1.14587,4,12.9525,12.9595,0.149252,0.862108,0.642658,0.531963,0.50285,0.0351641,6.51418,arms_ik
l1,isaac,policy,1,/home/humanoid/Programs/Humanoid_Simulation/Locomanipulation_game/logs/skrl/locomanip_marl/paper1/checkpoints/agent_91200.pt,0,b006_d00_e00,6,0,0,0.134488,0.48107,0.230468,0.195907,-0.602885,0.763156,1.23287,0,0,0,0,nan,0.106445,0.170415,0.230104,0,0,0,0,0.103613,0.146545,0.220215,0.113489,0.121243,0.155854,0.867085,0.789985,0.851164,0.0159203,0,nan,6.15008,0.19974,-0.177625,0.108334,-0.209209,0.109914,1.02293,3,40.1374,27.5782,0.481183,0.711561,0.860488,0.517188,0.643906,0.067919,1.18632,arms_ik
l1,isaac,policy,1,/home/humanoid/Programs/Humanoid_Simulation/Locomanipulation_game/logs/skrl/locomanip_marl/paper1/checkpoints/agent_91200.pt,0,b006_d10_e00,6,0.1,0,0.134488,0.48107,0.130468,0.195907,-0.602885,0.663156,1.13287,0,0,0,0,nan,0.102798,0.165091,0.18636,0,0,0,0,0.0834213,0.122174,0.0841086,0.126273,0.110611,0.106719,0.871991,0.771149,0.816048,0.0559433,0,nan,5.42904,0.190116,-0.191144,0.126451,-0.250084,0.122325,0.924755,4,10.8041,20.1092,0.166366,0.848717,0.753872,0.63859,0.558378,0.0805589,2.5189,arms_ik
l1,isaac,policy,1,/home/humanoid/Programs/Humanoid_Simulation/Locomanipulation_game/logs/skrl/locomanip_marl/paper1/checkpoints/agent_91200.pt,0,b006_d20_e00,6,0.2,0,0.134488,0.48107,0.0304683,0.195907,-0.602885,0.563156,1.03287,0,0,0,0,nan,0.0504126,0.107762,0.139203,0,0,0,0,0.06087,0.0917277,0.0917442,0.124671,0.0748668,0.102481,0.871098,0.776786,0.80661,0.0644876,0,nan,5.54787,0.164254,-0.191541,0.116662,-0.238565,0.116713,2.12333,3,5.78673,16.1531,0.113594,0.884961,0.823415,0.698532,0.595479,0.0687791,1.49386,arms_ik
l1,isaac,policy,1,/home/humanoid/Programs/Humanoid_Simulation/Locomanipulation_game/logs/skrl/locomanip_marl/paper1/checkpoints/agent_91200.pt,0,b006_d30_e00,6,0.3,0,0.134488,0.48107,-0.0695317,0.195907,-0.602885,0.463156,0.932868,0,0,0,0,nan,0.0604562,0.146925,0.371704,0,0,0,0,0.0734761,0.0549949,0.141018,0.11258,0.076279,0.169734,0.865382,0.777488,0.789239,0.0761431,0,nan,5.12777,0.171527,-0.164128,0.123233,-0.196522,0.120147,1.24503,3,17.9799,48.0796,0.309213,0.835226,0.828406,0.422314,0.624761,0.054635,0.74086,arms_ik
l1,isaac,policy,1,/home/humanoid/Programs/Humanoid_Simulation/Locomanipulation_game/logs/skrl/locomanip_marl/paper1/checkpoints/agent_91200.pt,0,b006_d40_e00,6,0.4,0,0.134488,0.48107,-0.169532,0.195907,-0.602885,0.363156,0.832868,1,0,1,0,nan,0.022067,0.0572278,0.127113,0,0,1,1,0.0564261,0.0758186,0.0701282,0.0794004,0.059846,0.0875808,0.88394,0.752305,0.75939,0.12455,0,nan,4.92977,0.15981,-0.164963,0.104184,-0.185704,0.111603,1.24736,3,6.13934,13.5388,0.0921325,0.794368,0.497619,0.370677,0.691899,0.0698843,0.167017,arms_ik
l1,isaac,policy,1,/home/humanoid/Programs/Humanoid_Simulation/Locomanipulation_game/logs/skrl/locomanip_marl/paper1/checkpoints/agent_91200.pt,0,b006_d50_e00,6,0.5,0,0.134488,0.48107,-0.269532,0.195907,-0.602885,0.263156,0.732868,1,0,0,0,nan,0.0653243,0.0877723,0.247475,0,0,0,1,0.0507848,0.100427,0.170547,0.19486,0.0775181,0.19941,0.861248,0.737358,0.75093,0.110318,0,nan,4.88408,0.151618,-0.16803,0.10948,-0.188389,0.109679,1.11681,2,23.7335,30.6308,0.326669,0.758182,0.801704,0.56568,0.496085,0.0540289,0.238362,arms_ik
l1,isaac,policy,1,/home/humanoid/Programs/Humanoid_Simulation/Locomanipulation_game/logs/skrl/locomanip_marl/paper1/checkpoints/agent_91200.pt,0,b006_d60_e00,6,0.6,0,0.134488,0.48107,-0.369532,0.195907,-0.602885,0.163156,0.632868,1,0,0,0,nan,0.0509653,0.0898438,0.526982,0,0,0,1,0.0611434,0.0881534,0.534233,0.105938,0.0727366,0.298032,0.861625,0.722901,0.731003,0.130622,0,nan,4.11661,0.135063,0.0980772,0.118466,0.0853812,0.122113,1.25095,0,30.0077,18.0189,0.297797,0.579694,0.594339,0.317606,0.465776,0.0747802,0.781044,arms_ik
l1,isaac,policy,1,/home/humanoid/Programs/Humanoid_Simulation/Locomanipulation_game/logs/skrl/locomanip_marl/paper1/checkpoints/agent_91200.pt,0,b006_d70_e00,6,0.7,0,0.134488,0.48107,-0.469532,0.195907,-0.602885,0.063156,0.532868,1,0,0,0,nan,0.0870904,0.133698,0.589098,0,0,0,0,0.13316,0.079899,0.452913,0.092091,0.103767,0.327692,0.86445,0.7132,0.717565,0.146885,0,nan,6.03559,0.144357,-0.0902978,0.117928,-0.114278,0.118892,0.806166,0,40.132,27.0273,0.396658,0.589278,0.349765,0.308331,0.589955,0.0634827,1.6838,arms_ik
l1,isaac,policy,1,/home/humanoid/Programs/Humanoid_Simulation/Locomanipulation_game/logs/skrl/locomanip_marl/paper1/checkpoints/agent_91200.pt,0,b006_d80_e00,6,0.8,0,0.134488,0.48107,-0.569532,0.195907,-0.602885,-0.036844,0.432868,1,0,0,0,nan,0.127026,0.221599,0.552366,0,0,0,0,0.213138,0.108433,0.595955,0.129378,0.159735,0.340564,0.859739,0.709861,0.713985,0.145755,0,nan,5.94049,0.131647,-0.101312,0.108114,-0.133822,0.107832,1.47567,1,10.3932,15.3402,0.18779,0.602855,0.457587,0.352836,0.603378,0.0712628,2.23183,arms_ik
l1,isaac,policy,1,/home/humanoid/Programs/Humanoid_Simulation/Locomanipulation_game/logs/skrl/locomanip_marl/paper1/checkpoints/agent_91200.pt,0,b006_d90_e00,6,0.9,0,0.134488,0.48107,-0.669532,0.195907,-0.602885,-0.136844,0.332868,1,0,0,0,nan,0.184932,0.332578,0.587453,0,0,0,0,0.320823,0.125515,0.481239,0.128662,0.218888,0.327583,0.874629,0.70426,0.71152,0.163109,0,nan,6.54531,0.16252,-0.145912,0.10146,-0.155878,0.099105,0.733043,2,27.8625,16.4685,0.283848,0.82089,0.549843,0.421789,0.588423,0.0692846,3.79059,arms_ik
l1,isaac,policy,1,/home/humanoid/Programs/Humanoid_Simulation/Locomanipulation_game/logs/skrl/locomanip_marl/paper1/checkpoints/agent_91200.pt,0,b006_d100_e00,6,1,0,0.134488,0.48107,-0.769532,0.195907,-0.602885,-0.236844,0.232868,1,0,0,0,nan,0.225657,0.389,0.659627,0,0,0,0,0.38634,0.168431,0.636904,0.193787,0.255455,0.390126,0.884018,0.684369,0.695404,0.188614,0,nan,9.65309,0.155697,-0.121518,0.120075,-0.157602,0.11919,0.710696,0,24.3131,52.7305,0.516256,0.675064,0.455931,0.313777,0.488077,0.0717653,5.07925,arms_ik
l1,isaac,policy,1,/home/humanoid/Programs/Humanoid_Simulation/Locomanipulation_game/logs/skrl/locomanip_marl/paper1/checkpoints/agent_91200.pt,0,b007_d00_e00,7,0,0,0.396635,0.00753386,0.779411,0.376369,-0.557777,0.399578,1.40198,0,0,0,0,nan,0.35318,0.581287,0.664965,0,0,0,0,0.496798,0.230489,0.529758,0.440868,0.382231,0.521162,0.861628,0.760813,0.806955,0.0546723,0,nan,7.64715,0.195263,-0.25178,0.127585,-0.315624,0.118952,0.889169,4,48.6414,27.9386,0.367936,0.832655,0.865494,0.658276,0.697143,0.0431532,-0.287566,arms_ik
l1,isaac,policy,1,/home/humanoid/Programs/Humanoid_Simulation/Locomanipulation_game/logs/skrl/locomanip_marl/paper1/checkpoints/agent_91200.pt,0,b007_d10_e00,7,0.1,0,0.396635,0.00753386,0.679411,0.376369,-0.557777,0.299578,1.30198,0,0,0,0,nan,0.224,0.425708,0.497069,0,0,0,0,0.370521,0.0774792,0.350536,0.145957,0.259002,0.33522,0.852046,0.773539,0.831268,0.0207784,0,nan,8.38036,0.174996,-0.101404,0.10675,-0.0949095,0.0949324,0.982144,3,42.9525,46.7602,0.451293,0.696487,0.854631,0.348769,0.685979,0.0309677,-0.755571,arms_ik
l1,isaac,policy,1,/home/humanoid/Programs/Humanoid_Simulation/Locomanipulation_game/logs/skrl/locomanip_marl/paper1/checkpoints/agent_91200.pt,0,b007_d20_e00,7,0.2,0,0.396635,0.00753386,0.579411,0.376369,-0.557777,0.199578,1.20198,0,0,0,0,nan,0.226209,0.409744,0.512646,0,0,0,0,0.404267,0.0662634,0.495095,0.119452,0.243111,0.327665,0.852368,0.812131,0.829387,0.022981,0,nan,7.22526,0.152283,-0.204426,0.112895,-0.266178,0.112613,0.920491,8,29.0323,31.0486,0.399975,0.712063,0.753486,0.385921,0.562509,0.0251735,-0.998423,arms_ik
l1,isaac,policy,1,/home/humanoid/Programs/Humanoid_Simulation/Locomanipulation_game/logs/skrl/locomanip_marl/paper1/checkpoints/agent_91200.pt,0,b007_d30_e00,7,0.3,0,0.396635,0.00753386,0.479411,0.376369,-0.557777,0.0995776,1.10198,0,0,0,0,nan,0.146423,0.260438,0.347195,0,0,0,0,0.241848,0.0914191,0.328744,0.212404,0.164738,0.260631,0.875845,0.784897,0.808268,0.0675766,0,nan,7.21666,0.157744,-0.172479,0.11973,-0.168507,0.112579,0.778334,1,27.5336,37.9795,0.419343,0.653981,0.782033,0.328153,0.493365,0.0257691,-0.508495,arms_ik
l1,isaac,policy,1,/home/humanoid/Programs/Humanoid_Simulation/Locomanipulation_game/logs/skrl/locomanip_marl/paper1/checkpoints/agent_91200.pt,0,b007_d40_e00,7,0.4,0,0.396635,0.00753386,0.379411,0.376369,-0.557777,-0.000422442,1.00198,0,0,0,0,nan,0.0887923,0.156752,0.255454,0,0,0,0,0.138522,0.0630066,0.21965,0.16195,0.099058,0.194898,0.867349,0.783417,0.809652,0.0576973,0,nan,8.15016,0.147728,-0.103624,0.129052,-0.112973,0.129192,0.844453,0,13.1492,16.4716,0.177359,0.639238,0.720005,0.281,0.488434,0.0285038,0.531104,arms_ik
l1,isaac,policy,1,/home/humanoid/Programs/Humanoid_Simulation/Locomanipulation_game/logs/skrl/locomanip_marl/paper1/checkpoints/agent_91200.pt,0,b007_d50_e00,7,0.5,0,0.396635,0.00753386,0.279411,0.376369,-0.557777,-0.100422,0.901978,0,0,0,0,nan,0.063608,0.128379,0.199264,0,0,0,0,0.117992,0.0549107,0.183943,0.0857206,0.087145,0.141908,0.883138,0.728846,0.737212,0.145927,0,nan,9.84507,0.162437,-0.242863,0.127568,-0.256586,0.123289,2.26057,2,8.77368,6.97527,0.0920967,0.798782,0.726117,0.549286,0.531802,0.0467083,0.152198,arms_ik
l1,isaac,policy,1,/home/humanoid/Programs/Humanoid_Simulation/Locomanipulation_game/logs/skrl/locomanip_marl/paper1/checkpoints/agent_91200.pt,0,b007_d60_e00,7,0.6,0,0.396635,0.00753386,0.179411,0.376369,-0.557777,-0.200422,0.801978,1,0,0,0,nan,0.0480493,0.0807933,0.345936,0,0,0,1,0.0522327,0.090086,0.151112,0.293079,0.0628062,0.2173,0.874383,0.72909,0.743816,0.130567,0,nan,8.88353,0.140379,-0.0677672,0.129101,-0.0659315,0.126034,1.18554,1,8.16394,8.57198,0.1057,0.843577,0.630059,0.353527,0.543427,0.0361058,2.02374,arms_ik
l1,isaac,policy,1,/home/humanoid/Programs/Humanoid_Simulation/Locomanipulation_game/logs/skrl/locomanip_marl/paper1/checkpoints/agent_91200.pt,0,b007_d70_e00,7,0.7,0,0.396635,0.00753386,0.0794105,0.376369,-0.557777,-0.300422,0.701978,1,0,0,0,nan,0.0496745,0.0859964,0.499185,0,0,0,1,0.0656185,0.0874635,0.111788,0.488134,0.0759323,0.296911,0.86551,0.718226,0.726276,0.139234,0,nan,8.17369,0.133462,-0.130184,0.133552,-0.112959,0.131025,1.1758,2,7.28218,12.8014,0.127718,0.732659,0.583277,0.347581,0.512652,0.0292103,2.65173,arms_ik
l1,isaac,policy,1,/home/humanoid/Programs/Humanoid_Simulation/Locomanipulation_game/logs/skrl/locomanip_marl/paper1/checkpoints/agent_91200.pt,0,b007_d80_e00,7,0.8,0,0.396635,0.00753386,-0.0205895,0.376369,-0.557777,-0.400422,0.601978,1,0,0,0,nan,0.096671,0.178152,0.457604,0,0,0,0,0.0589846,0.174477,0.136923,0.39735,0.112835,0.275502,0.872062,0.72745,0.735153,0.13691,0,nan,8.69466,0.148636,-0.185212,0.133688,-0.194159,0.128048,0.760711,2,9.63811,19.8406,0.206057,0.715905,0.731476,0.620598,0.643548,0.033945,3.15918,arms_ik
l1,isaac,policy,1,/home/humanoid/Programs/Humanoid_Simulation/Locomanipulation_game/logs/skrl/locomanip_marl/paper1/checkpoints/agent_91200.pt,0,b007_d90_e00,7,0.9,0,0.396635,0.00753386,-0.120589,0.376369,-0.557777,-0.500422,0.501978,1,0,0,0,nan,0.147859,0.280023,0.579207,0,0,0,0,0.071518,0.256586,0.146551,0.449916,0.163555,0.312088,0.860744,0.719739,0.730542,0.130201,0,nan,10.1928,0.149036,0.116346,0.129491,0.100185,0.12675,1.56744,0,7.44812,39.2975,0.317901,0.768148,0.555324,0.388679,0.588739,0.0488502,3.3334,arms_ik
l1,isaac,policy,1,/home/humanoid/Programs/Humanoid_Simulation/Locomanipulation_game/logs/skrl/locomanip_marl/paper1/checkpoints/agent_91200.pt,0,b007_d100_e00,7,1,0,0.396635,0.00753386,-0.220589,0.376369,-0.557777,-0.600422,0.401978,1,0,0,0,nan,0.144569,0.292029,0.69867,0,0,0,0,0.0605372,0.284301,0.0652261,0.683921,0.17034,0.37002,0.866038,0.697114,0.710484,0.155555,0,nan,10.5212,0.156194,-0.172069,0.113189,-0.221318,0.110203,0.84377,1,18.9346,41.2514,0.381024,0.805778,0.567599,0.390892,0.676357,0.0531696,4.03775,arms_ik
l1,isaac,policy,1,/home/humanoid/Programs/Humanoid_Simulation/Locomanipulation_game/logs/skrl/locomanip_marl/paper1/checkpoints/agent_91200.pt,0,b008_d00_e00,8,0,0,0.500365,0.276514,0.313524,0.368302,-0.627643,0.449996,1.31592,0,0,0,0,nan,0.0693116,0.124382,0.307151,0,0,0,0,0.0587942,0.0883616,0.106339,0.186165,0.109969,0.242333,0.869309,0.77671,0.823525,0.0457844,0,nan,7.77515,0.17633,-0.128215,0.10629,-0.119476,0.0843339,1.75074,1,29.2217,27.5163,0.199198,0.503755,0.906289,0.400529,0.500664,0.0729189,0.093013,arms_ik
l1,isaac,policy,1,/home/humanoid/Programs/Humanoid_Simulation/Locomanipulation_game/logs/skrl/locomanip_marl/paper1/checkpoints/agent_91200.pt,0,b008_d10_e00,8,0.1,0,0.500365,0.276514,0.213524,0.368302,-0.627643,0.349996,1.21592,0,0,0,0,nan,0.076273,0.157563,0.292413,0,0,0,0,0.140848,0.0804374,0.23294,0.0861787,0.116487,0.189038,0.864278,0.786884,0.803622,0.0606561,0,nan,4.85817,0.138691,0.102268,0.131348,0.0853969,0.127529,1.29084,0,18.1007,35.4341,0.330662,0.564811,0.860946,0.293723,0.400431,0.0700084,0.420218,arms_ik
l1,isaac,policy,1,/home/humanoid/Programs/Humanoid_Simulation/Locomanipulation_game/logs/skrl/locomanip_marl/paper1/checkpoints/agent_91200.pt,0,b008_d20_e00,8,0.2,0,0.500365,0.276514,0.113524,0.368302,-0.627643,0.249996,1.11592,0,0,0,0,nan,0.057063,0.148838,0.251925,0,0,0,0,0.127317,0.131187,0.175183,0.117246,0.113023,0.168175,0.859495,0.769151,0.788186,0.0713083,0,nan,5.84248,0.148127,-0.151961,0.118955,-0.153427,0.120714,0.979934,1,22.054,34.1619,0.278333,0.831688,0.830155,0.325144,0.491893,0.0665067,1.62483,arms_ik
l1,isaac,policy,1,/home/humanoid/Programs/Humanoid_Simulation/Locomanipulation_game/logs/skrl/locomanip_marl/paper1/checkpoints/agent_91200.pt,0,b008_d30_e00,8,0.3,0,0.500365,0.276514,0.0135238,0.368302,-0.627643,0.149996,1.01592,0,0,0,0,nan,0.0730513,0.113535,0.221594,0,0,0,0,0.0993415,0.0967209,0.145173,0.0958315,0.105392,0.158419,0.88328,0.760466,0.764421,0.118859,0,nan,5.6194,0.12981,0.104786,0.127797,0.0891227,0.127814,1.49847,0,17.9105,19.2386,0.210076,0.529973,0.647207,0.499435,0.537215,0.0701913,1.22937,arms_ik
l1,isaac,policy,1,/home/humanoid/Programs/Humanoid_Simulation/Locomanipulation_game/logs/skrl/locomanip_marl/paper1/checkpoints/agent_91200.pt,0,b008_d40_e00,8,0.4,0,0.500365,0.276514,-0.0864762,0.368302,-0.627643,0.0499959,0.915924,0,0,0,0,nan,0.0503228,0.119598,0.194502,0,0,0,0,0.137539,0.0848143,0.120164,0.0560083,0.105908,0.128312,0.867371,0.735779,0.754903,0.112468,0,nan,10.2585,0.142306,-0.110357,0.124477,-0.133378,0.112921,1.29876,0,27.0415,19.3677,0.200755,0.683934,0.850845,0.323342,0.411148,0.0770058,-0.515609,arms_ik
l1,isaac,policy,1,/home/humanoid/Programs/Humanoid_Simulation/Locomanipulation_game/logs/skrl/locomanip_marl/paper1/checkpoints/agent_91200.pt,0,b008_d50_e00,8,0.5,0,0.500365,0.276514,-0.186476,0.368302,-0.627643,-0.0500041,0.815924,1,0,0,0,nan,0.0510462,0.119845,0.261457,0,0,0,0,0.129681,0.110472,0.254356,0.178588,0.111561,0.198402,0.859943,0.739429,0.745199,0.114744,0,nan,5.80137,0.137178,-0.199127,0.133843,-0.227074,0.12689,0.666814,0,29.1501,46.0264,0.442644,0.611524,0.658116,0.353911,0.42234,0.0690105,1.43192,arms_ik
l1,isaac,policy,1,/home/humanoid/Programs/Humanoid_Simulation/Locomanipulation_game/logs/skrl/locomanip_marl/paper1/checkpoints/agent_91200.pt,0,b008_d60_e00,8,0.6,0,0.500365,0.276514,-0.286476,0.368302,-0.627643,-0.150004,0.715924,1,0,0,0,nan,0.0924014,0.137366,0.340039,0,0,0,0,0.139302,0.129686,0.320706,0.121752,0.117384,0.202975,0.874889,0.72567,0.734805,0.140084,0,nan,6.96691,0.1263,-0.099252,0.1303,-0.152146,0.129575,1.88798,0,20.3893,20.4501,0.229729,0.505912,0.509091,0.3199,0.474487,0.0774733,2.14587,arms_ik
l1,isaac,policy,1,/home/humanoid/Programs/Humanoid_Simulation/Locomanipulation_game/logs/skrl/locomanip_marl/paper1/checkpoints/agent_91200.pt,0,b008_d70_e00,8,0.7,0,0.500365,0.276514,-0.386476,0.368302,-0.627643,-0.250004,0.615924,1,0,0,0,nan,0.147294,0.20344,0.455707,0,0,0,0,0.203435,0.106593,0.437746,0.0645105,0.159166,0.248607,0.888253,0.726597,0.735418,0.152835,0,nan,7.00017,0.142171,-0.182183,0.127516,-0.161856,0.125674,1.38686,1,12.5932,17.6642,0.177973,0.517725,0.794112,0.39494,0.572961,0.059173,3.20893,arms_ik
l1,isaac,policy,1,/home/humanoid/Programs/Humanoid_Simulation/Locomanipulation_game/logs/skrl/locomanip_marl/paper1/checkpoints/agent_91200.pt,0,b008_d80_e00,8,0.8,0,0.500365,0.276514,-0.486476,0.368302,-0.627643,-0.350004,0.515924,1,0,0,0,nan,0.233751,0.314768,0.421421,0,0,0,0,0.300613,0.175121,0.390508,0.112214,0.238827,0.259516,0.87477,0.723059,0.730384,0.144386,0,nan,7.1451,0.166036,-0.188733,0.128959,-0.220323,0.126884,1.30847,2,8.43631,19.4453,0.17224,0.886667,0.517073,0.485845,0.639174,0.0779156,3.75436,arms_ik
l1,isaac,policy,1,/home/humanoid/Programs/Humanoid_Simulation/Locomanipulation_game/logs/skrl/locomanip_marl/paper1/checkpoints/agent_91200.pt,0,b008_d90_e00,8,0.9,0,0.500365,0.276514,-0.586476,0.368302,-0.627643,-0.450004,0.415924,1,0,0,0,nan,0.332491,0.444383,0.677694,0,0,0,0,0.421428,0.266597,0.559554,0.248132,0.344857,0.412194,0.870728,0.748962,0.755026,0.115702,0,nan,9.02411,0.184833,-0.24995,0.126862,-0.276964,0.122407,2.14903,1,55.1477,26.9552,0.470608,0.772577,0.646076,0.570662,0.626037,0.104385,2.24078,arms_ik
l1,isaac,policy,1,/home/humanoid/Programs/Humanoid_Simulation/Locomanipulation_game/logs/skrl/locomanip_marl/paper1/checkpoints/agent_91200.pt,0,b008_d100_e00,8,1,0,0.500365,0.276514,-0.686476,0.368302,-0.627643,-0.550004,0.315924,1,0,0,0,nan,0.390612,0.479884,0.707849,0,0,0,0,0.460263,0.341468,0.5085,0.28991,0.405163,0.463936,0.874868,0.728623,0.737049,0.137819,0,nan,10.0008,0.167222,-0.117608,0.128771,-0.124031,0.12834,2.37162,1,56.8029,25.1948,0.460423,0.66908,0.503731,0.384863,0.554803,0.0905499,3.08187,arms_ik
l1,isaac,policy,1,/home/humanoid/Programs/Humanoid_Simulation/Locomanipulation_game/logs/skrl/locomanip_marl/paper1/checkpoints/agent_91200.pt,0,b009_d00_e00,9,0,0,0.337218,-0.0732474,0.584725,0.383214,-0.339721,0.268648,1.27105,0,0,0,0,nan,0.273382,0.422607,0.59664,0,0,0,0,0.405474,0.149871,0.531588,0.360803,0.288028,0.501198,0.870653,0.748471,0.764738,0.105916,0,nan,7.57599,0.157553,-0.186157,0.127346,-0.203463,0.118331,0.881986,3,26.9016,35.2915,0.444207,0.813017,0.753997,0.398776,0.728545,0.0244899,-0.0426618,arms_ik
l1,isaac,policy,1,/home/humanoid/Programs/Humanoid_Simulation/Locomanipulation_game/logs/skrl/locomanip_marl/paper1/checkpoints/agent_91200.pt,0,b009_d10_e00,9,0.1,0,0.337218,-0.0732474,0.484725,0.383214,-0.339721,0.168648,1.17105,0,0,0,0,nan,0.188358,0.303915,0.416338,0,0,0,0,0.290962,0.0897461,0.381612,0.263559,0.19353,0.325092,0.858647,0.756097,0.773753,0.0848946,0,nan,6.6307,0.132255,-0.123344,0.123181,-0.128581,0.121477,1.24711,1,14.9237,16.1101,0.203222,0.759504,0.623874,0.434153,0.628873,0.0245806,-0.367836,arms_ik
l1,isaac,policy,1,/home/humanoid/Programs/Humanoid_Simulation/Locomanipulation_game/logs/skrl/locomanip_marl/paper1/checkpoints/agent_91200.pt,0,b009_d20_e00,9,0.2,0,0.337218,-0.0732474,0.384725,0.383214,-0.339721,0.0686476,1.07105,0,0,0,0,nan,0.114916,0.187875,0.341105,0,0,0,0,0.157135,0.0726962,0.205135,0.212045,0.128562,0.224126,0.885139,0.736648,0.74748,0.137659,0,nan,6.84976,0.155242,-0.175707,0.126304,-0.211836,0.123815,1.03103,1,10.9678,9.80568,0.115091,0.570966,0.531059,0.640763,0.711693,0.0322626,-0.0129298,arms_ik
l1,isaac,policy,1,/home/humanoid/Programs/Humanoid_Simulation/Locomanipulation_game/logs/skrl/locomanip_marl/paper1/checkpoints/agent_91200.pt,0,b009_d30_e00,9,0.3,0,0.337218,-0.0732474,0.284725,0.383214,-0.339721,-0.0313524,0.971048,0,0,0,0,nan,0.0357626,0.0617637,0.132947,0,0,1,1,0.049798,0.0724471,0.121461,0.113616,0.054293,0.10796,0.85851,0.735788,0.73944,0.11907,0,nan,8.35718,0.122957,0.107791,0.131412,0.0978189,0.130448,1.56841,0,17.6917,11.1229,0.117596,0.555629,0.689896,0.30987,0.618678,0.0303605,-0.484424,arms_ik
l1,isaac,policy,1,/home/humanoid/Programs/Humanoid_Simulation/Locomanipulation_game/logs/skrl/locomanip_marl/paper1/checkpoints/agent_91200.pt,0,b009_d40_e00,9,0.4,0,0.337218,-0.0732474,0.184725,0.383214,-0.339721,-0.131352,0.871048,1,0,0,0,nan,0.0442786,0.064338,0.13241,0,0,1,1,0.0587071,0.0634151,0.104645,0.0888012,0.0592817,0.0964548,0.839909,0.712933,0.730496,0.109414,0,nan,7.07316,0.123247,-0.119451,0.131759,-0.10462,0.131515,1.02251,1,8.46774,5.05148,0.0948385,0.502884,0.604731,0.295354,0.751079,0.0320229,1.31695,arms_ik
l1,isaac,policy,1,/home/humanoid/Programs/Humanoid_Simulation/Locomanipulation_game/logs/skrl/locomanip_marl/paper1/checkpoints/agent_91200.pt,0,b009_d50_e00,9,0.5,0,0.337218,-0.0732474,0.0847252,0.383214,-0.339721,-0.231352,0.771048,1,0,0,0,nan,0.0466439,0.0818509,0.121542,0,0,0,1,0.0576649,0.084985,0.0768593,0.0917209,0.0634351,0.08237,0.87128,0.724073,0.734568,0.136712,0,nan,8.99716,0.145102,-0.0720182,0.125964,-0.0804953,0.123732,1.07776,0,8.10562,10.2687,0.112137,0.618974,0.558443,0.322011,0.726112,0.053022,-0.230031,arms_ik
l1,isaac,policy,1,/home/humanoid/Programs/Humanoid_Simulation/Locomanipulation_game/logs/skrl/locomanip_marl/paper1/checkpoints/agent_91200.pt,0,b009_d60_e00,9,0.6,0,0.337218,-0.0732474,-0.0152748,0.383214,-0.339721,-0.331352,0.671048,1,0,0,0,nan,0.063175,0.104541,0.189448,0,0,0,0,0.0562426,0.109706,0.0914413,0.123262,0.0785313,0.126545,0.861801,0.711715,0.724283,0.137519,0,nan,9.17458,0.135959,0.119704,0.131491,0.100388,0.131748,1.26263,0,7.8615,7.48337,0.0849586,0.634826,0.633682,0.337526,0.522059,0.0772108,1.53609,arms_ik
l1,isaac,policy,1,/home/humanoid/Programs/Humanoid_Simulation/Locomanipulation_game/logs/skrl/locomanip_marl/paper1/checkpoints/agent_91200.pt,0,b009_d70_e00,9,0.7,0,0.337218,-0.0732474,-0.115275,0.383214,-0.339721,-0.431352,0.571048,1,0,0,0,nan,0.0836115,0.134913,0.218486,0,0,0,0,0.0539522,0.142146,0.117647,0.203376,0.0987269,0.158377,0.882973,0.700174,0.716135,0.166838,0,nan,9.35279,0.125905,0.0922719,0.129463,0.0718103,0.127807,1.54052,0,9.96145,5.96245,0.0624033,0.597002,0.528752,0.333058,0.481374,0.0604791,3.25743,arms_ik
l1,isaac,policy,1,/home/humanoid/Programs/Humanoid_Simulation/Locomanipulation_game/logs/skrl/locomanip_marl/paper1/checkpoints/agent_91200.pt,0,b009_d80_e00,9,0.8,0,0.337218,-0.0732474,-0.215275,0.383214,-0.339721,-0.531352,0.471048,1,0,1,0,nan,0.107712,0.190933,0.327775,0,0,0,0,0.0365878,0.179987,0.345301,0.256949,0.111875,0.274131,0.8609,0.665583,0.672223,0.188678,0,nan,11.6552,0.145312,0.114702,0.12182,0.0915206,0.118578,1.15292,0,7.11145,14.7972,0.164109,0.594912,0.412946,0.324976,0.511818,0.0432008,5.98089,arms_ik
l1,isaac,policy,1,/home/humanoid/Programs/Humanoid_Simulation/Locomanipulation_game/logs/skrl/locomanip_marl/paper1/checkpoints/agent_91200.pt,0,b009_d90_e00,9,0.9,0,0.337218,-0.0732474,-0.315275,0.383214,-0.339721,-0.631352,0.371048,1,0,0,0,nan,0.12139,0.235797,0.631771,0,0,0,0,0.0316331,0.230594,0.430092,0.329701,0.132027,0.420299,0.875709,0.673478,0.680252,0.195457,0,nan,12.6592,0.140941,-0.101798,0.0949853,-0.107881,0.0876394,0.892397,1,21.9513,23.6376,0.231037,0.630912,0.489457,0.381999,0.513041,0.0322999,4.52787,arms_ik
l1,isaac,policy,1,/home/humanoid/Programs/Humanoid_Simulation/Locomanipulation_game/logs/skrl/locomanip_marl/paper1/checkpoints/agent_91200.pt,0,b009_d100_e00,9,1,0,0.337218,-0.0732474,-0.415275,0.383214,-0.339721,-0.731352,0.271048,1,0,0,0,nan,0.249403,0.36474,0.745178,0,0,0,0,0.1783,0.363582,0.706508,0.170851,0.267164,0.490192,0.861325,0.678307,0.68424,0.177085,0,nan,8.37996,0.130638,-0.152837,0.129237,-0.148532,0.129072,1.06032,0,7.14392,27.1402,0.252276,0.684312,0.520173,0.354391,0.55625,0.0638295,5.98803,arms_ik
l1,isaac,policy,1,/home/humanoid/Programs/Humanoid_Simulation/Locomanipulation_game/logs/skrl/locomanip_marl/paper1/checkpoints/agent_91200.pt,0,b010_d00_e00,10,0,0,0.209989,0.481006,-0.00318804,0.151935,0.064209,0.767914,0.999212,0,0,0,0,nan,0.460116,0.792579,1.10518,0,0,0,0,0.183518,0.789965,0.129363,1.02732,0.488559,0.622892,0.828301,0.753926,0.768344,0.0599572,0,nan,8.25027,0.32189,-0.230838,0.114147,-0.273045,0.115183,2.53188,16,30.6462,17.1775,0.196071,0.858886,0.914717,0.919244,0.873855,0.0839727,0.358963,arms_ik
l1,isaac,policy,1,/home/humanoid/Programs/Humanoid_Simulation/Locomanipulation_game/logs/skrl/locomanip_marl/paper1/checkpoints/agent_91200.pt,0,b010_d10_e00,10,0.1,0,0.209989,0.481006,-0.103188,0.151935,0.064209,0.667914,0.899212,0,0,0,0,nan,0.330144,0.593012,0.883408,0,0,0,0,0.117567,0.542722,0.137086,0.840123,0.352204,0.508826,0.851863,0.736431,0.755711,0.096152,0,nan,7.484,0.222893,-0.254403,0.123672,-0.279887,0.117698,1.50252,7,17.5779,18.1536,0.138628,0.901482,0.855167,0.891615,0.684689,0.0714959,-0.0417706,arms_ik
l1,isaac,policy,1,/home/humanoid/Programs/Humanoid_Simulation/Locomanipulation_game/logs/skrl/locomanip_marl/paper1/checkpoints/agent_91200.pt,0,b010_d20_e00,10,0.2,0,0.209989,0.481006,-0.203188,0.151935,0.064209,0.567914,0.799212,1,0,0,0,nan,0.223503,0.402425,0.755115,0,0,0,0,0.0821532,0.399862,0.120973,0.668869,0.233307,0.380298,0.847767,0.72522,0.744442,0.103325,0,nan,4.65945,0.172618,-0.202823,0.105722,-0.262108,0.102151,1.65706,8,10.6942,15.5288,0.124149,0.850653,0.704451,0.592942,0.778769,0.0532745,-0.88062,arms_ik
l1,isaac,policy,1,/home/humanoid/Programs/Humanoid_Simulation/Locomanipulation_game/logs/skrl/locomanip_marl/paper1/checkpoints/agent_91200.pt,0,b010_d30_e00,10,0.3,0,0.209989,0.481006,-0.303188,0.151935,0.064209,0.467914,0.699212,1,0,0,0,nan,0.190777,0.330106,0.56185,0,0,0,0,0.0796258,0.301928,0.118639,0.512535,0.197067,0.314853,0.85096,0.705414,0.728225,0.122735,0,nan,4.65171,0.178678,-0.219212,0.129368,-0.277443,0.126007,1.8437,10,12.1695,16.2198,0.115182,0.864773,0.663029,0.646803,0.590173,0.0568528,0.125198,arms_ik
l1,isaac,policy,1,/home/humanoid/Programs/Humanoid_Simulation/Locomanipulation_game/logs/skrl/locomanip_marl/paper1/checkpoints/agent_91200.pt,0,b010_d40_e00,10,0.4,0,0.209989,0.481006,-0.403188,0.151935,0.064209,0.367914,0.599212,1,0,0,0,nan,0.113265,0.144887,0.723583,0,0,0,0,0.176309,0.131302,0.125889,0.577057,0.132362,0.379851,0.879203,0.717005,0.733356,0.145847,0,nan,6.55669,0.164479,-0.193171,0.0891565,-0.163418,0.0787571,1.02356,2,22.3185,14.908,0.110863,0.744084,0.667523,0.409719,0.540044,0.0557561,-2.23424,arms_ik
l1,isaac,policy,1,/home/humanoid/Programs/Humanoid_Simulation/Locomanipulation_game/logs/skrl/locomanip_marl/paper1/checkpoints/agent_91200.pt,0,b010_d50_e00,10,0.5,0,0.209989,0.481006,-0.503188,0.151935,0.064209,0.267914,0.499212,1,0,0,0,nan,0.218901,0.280205,0.536811,0,0,0,0,0.30096,0.225263,0.234013,0.503059,0.272629,0.377048,0.867325,0.701661,0.72144,0.145886,0,nan,6.13111,0.189901,-0.207449,0.127329,-0.225015,0.12306,1.8907,9,45.7975,19.931,0.321878,0.863523,0.626805,0.646705,0.568802,0.0675334,1.66864,arms_ik
l1,isaac,policy,1,/home/humanoid/Programs/Humanoid_Simulation/Locomanipulation_game/logs/skrl/locomanip_marl/paper1/checkpoints/agent_91200.pt,0,b010_d60_e00,10,0.6,0,0.209989,0.481006,-0.603188,0.151935,0.064209,0.167914,0.399212,1,0,0,0,nan,0.181444,0.320651,0.325728,0,0,0,0,0.331852,0.103863,0.126551,0.211864,0.237986,0.259486,0.866137,0.702839,0.717207,0.14893,0,nan,6.08719,0.203264,-0.178536,0.118419,-0.182277,0.121154,1.21496,7,44.1663,18.9234,0.288796,0.844756,0.59092,0.638288,0.564526,0.0715156,2.80061,arms_ik
l1,isaac,policy,1,/home/humanoid/Programs/Humanoid_Simulation/Locomanipulation_game/logs/skrl/locomanip_marl/paper1/checkpoints/agent_91200.pt,0,b010_d70_e00,10,0.7,0,0.209989,0.481006,-0.703188,0.151935,0.064209,0.0679139,0.299212,1,0,0,0,nan,0.220654,0.421554,0.361486,0,0,0,0,0.403329,0.072556,0.160988,0.173983,0.230656,0.171271,0.869907,0.699778,0.703276,0.166632,0,nan,6.72635,0.170615,-0.189287,0.129294,-0.179876,0.127063,1.59092,7,47.6041,5.28569,0.336405,0.846839,0.554809,0.489175,0.623029,0.0729378,2.99613,arms_ik
l1,isaac,policy,1,/home/humanoid/Programs/Humanoid_Simulation/Locomanipulation_game/logs/skrl/locomanip_marl/paper1/checkpoints/agent_91200.pt,0,b010_d80_e00,10,0.8,0,0.209989,0.481006,-0.803188,0.151935,0.064209,-0.0320861,0.199212,1,0,0,0,nan,0.24551,0.493494,0.36806,0,0,0,0,0.48837,0.0499744,0.36223,0.207034,0.256949,0.222429,0.8641,0.686267,0.69382,0.17028,0,nan,5.97058,0.176427,-0.207007,0.114286,-0.208003,0.110092,0.773429,5,47.1429,8.38411,0.335484,0.843086,0.502222,0.39642,0.650146,0.057578,3.12569,arms_ik
l1,isaac,policy,1,/home/humanoid/Programs/Humanoid_Simulation/Locomanipulation_game/logs/skrl/locomanip_marl/paper1/checkpoints/agent_91200.pt,0,b010_d90_e00,10,0.9,0,0.209989,0.481006,-0.903188,0.151935,0.064209,-0.132086,0.099212,1,0,0,0,nan,0.298323,0.577824,0.396269,0,0,0,0,0.554293,0.0534113,0.185321,0.175564,0.318817,0.303903,0.875556,0.676222,0.680265,0.195292,0,nan,8.83208,0.186113,-0.169977,0.118238,-0.195698,0.119322,1.31663,11,46.7038,5.5931,0.20546,0.845261,0.563953,0.447592,0.55676,0.0683504,4.34171,arms_ik
l1,isaac,policy,1,/home/humanoid/Programs/Humanoid_Simulation/Locomanipulation_game/logs/skrl/locomanip_marl/paper1/checkpoints/agent_91200.pt,0,b010_d100_e00,10,1,0,0.209989,0.481006,-1.00319,0.151935,0.064209,-0.232086,-0.000788041,1,0,0,0,nan,0.340478,0.671033,0.394534,0,0,0,0,0.661762,0.0886653,0.345583,0.267643,0.360184,0.279597,0.874013,0.668022,0.675975,0.198037,0,nan,8.96703,0.179722,-0.145087,0.127279,-0.158814,0.125389,1.4574,7,38.7117,13.0674,0.282262,0.852175,0.558157,0.517429,0.585815,0.0525487,6.68021,arms_ik
l1,isaac,policy,1,/home/humanoid/Programs/Humanoid_Simulation/Locomanipulation_game/logs/skrl/locomanip_marl/paper1/checkpoints/agent_91200.pt,0,b011_d00_e00,11,0,0,0.234111,0.0923819,-0.0150226,0.332406,-0.00305841,0.751271,0.987377,0,0,0,0,nan,0.33074,0.596557,1.2939,0,0,0,0,0.0910356,0.593399,0.19126,1.31709,0.341697,0.749507,0.87163,0.753699,0.762001,0.109629,0,nan,5.53179,0.146254,-0.168064,0.132036,-0.203174,0.128869,1.51435,2,7.56363,9.66894,0.127838,0.511104,0.698903,0.506083,0.577585,0.0356226,-1.12528,arms_ik
l1,isaac,policy,1,/home/humanoid/Programs/Humanoid_Simulation/Locomanipulation_game/logs/skrl/locomanip_marl/paper1/checkpoints/agent_91200.pt,0,b011_d10_e00,11,0.1,0,0.234111,0.0923819,-0.115023,0.332406,-0.00305841,0.651271,0.887377,1,0,1,0,nan,0.295319,0.572652,1.29386,0,0,0,0,0.0427563,0.557429,0.0985034,1.26495,0.299811,0.692956,0.863391,0.746664,0.753213,0.110178,0,nan,7.10394,0.151443,-0.179812,0.131799,-0.215208,0.130554,0.816249,4,4.98896,9.85135,0.0707059,0.850316,0.707235,0.580488,0.636947,0.0410236,-1.27436,arms_ik
l1,isaac,policy,1,/home/humanoid/Programs/Humanoid_Simulation/Locomanipulation_game/logs/skrl/locomanip_marl/paper1/checkpoints/agent_91200.pt,0,b011_d20_e00,11,0.2,0,0.234111,0.0923819,-0.215023,0.332406,-0.00305841,0.551271,0.787377,1,0,1,0,nan,0.190365,0.369502,0.916359,0,0,0,0,0.02513,0.360284,0.0948071,0.915796,0.194758,0.49814,0.849176,0.742436,0.747262,0.101914,0,nan,4.76858,0.121948,0.0999744,0.127266,0.0909494,0.126766,0.891618,0,2.84966,6.19864,0.0678568,0.565215,0.546741,0.252447,0.652388,0.0109375,-0.276868,arms_ik
l1,isaac,policy,1,/home/humanoid/Programs/Humanoid_Simulation/Locomanipulation_game/logs/skrl/locomanip_marl/paper1/checkpoints/agent_91200.pt,0,b011_d30_e00,11,0.3,0,0.234111,0.0923819,-0.315023,0.332406,-0.00305841,0.451271,0.687377,1,0,0,0,nan,0.190256,0.359975,0.880908,0,0,0,0,0.088478,0.471591,0.111289,1.08744,0.294493,0.579111,0.892613,0.71549,0.72387,0.168743,0,nan,9.79368,0.169364,-0.203967,0.114343,-0.235362,0.108597,1.10403,8,17.0362,24.9292,0.171449,0.84744,0.565128,0.547114,0.612695,0.0347787,-0.0772754,arms_ik
l1,isaac,policy,1,/home/humanoid/Programs/Humanoid_Simulation/Locomanipulation_game/logs/skrl/locomanip_marl/paper1/checkpoints/agent_91200.pt,0,b011_d40_e00,11,0.4,0,0.234111,0.0923819,-0.415023,0.332406,-0.00305841,0.351271,0.587377,1,0,0,0,nan,0.140976,0.209823,0.539432,0,0,0,0,0.0989285,0.183023,0.142961,0.481059,0.152953,0.328406,0.878836,0.710018,0.717983,0.160853,0,nan,8.66785,0.149061,-0.215069,0.10985,-0.202049,0.115663,0.752299,2,13.3594,11.6434,0.0886377,0.639472,0.57939,0.571558,0.644735,0.0511452,0.0126486,arms_ik
l1,isaac,policy,1,/home/humanoid/Programs/Humanoid_Simulation/Locomanipulation_game/logs/skrl/locomanip_marl/paper1/checkpoints/agent_91200.pt,0,b011_d50_e00,11,0.5,0,0.234111,0.0923819,-0.515023,0.332406,-0.00305841,0.251271,0.487377,1,0,0,0,nan,0.1551,0.187972,0.382743,0,0,0,0,0.179959,0.135209,0.0753989,0.345143,0.159881,0.217993,0.846736,0.7058,0.713831,0.132905,0,nan,6.99182,0.138993,-0.158634,0.122101,-0.170397,0.121671,1.29187,2,6.29616,6.47051,0.0642435,0.74931,0.551422,0.383197,0.645136,0.0400316,2.1184,arms_ik
l1,isaac,policy,1,/home/humanoid/Programs/Humanoid_Simulation/Locomanipulation_game/logs/skrl/locomanip_marl/paper1/checkpoints/agent_91200.pt,0,b011_d60_e00,11,0.6,0,0.234111,0.0923819,-0.615023,0.332406,-0.00305841,0.151271,0.387377,1,0,0,1,nan,0.174517,0.314277,0.490577,0,0,0,0,0.307262,0.0527631,0.484571,0.169259,0.181466,0.33147,0.870119,0.71931,0.724114,0.146005,0,nan,6.25446,0.130358,-0.10132,0.113055,-0.114513,0.113684,0.783777,0,4.35542,6.14271,0.0555108,0.671319,0.621776,0.336149,0.674105,0.0513928,0.730051,arms_ik
l1,isaac,policy,1,/home/humanoid/Programs/Humanoid_Simulation/Locomanipulation_game/logs/skrl/locomanip_marl/paper1/checkpoints/agent_91200.pt,0,b011_d70_e00,11,0.7,0,0.234111,0.0923819,-0.715023,0.332406,-0.00305841,0.051271,0.287377,1,0,0,0,nan,0.189689,0.357083,0.470656,0,0,0,0,0.35176,0.0546194,0.423673,0.18473,0.20039,0.33449,0.856649,0.696416,0.703881,0.152768,0,nan,6.02771,0.144949,-0.0976246,0.124051,-0.104258,0.121534,1.14645,0,9.6765,10.3313,0.118928,0.511352,0.424516,0.343716,0.616438,0.0390263,3.24775,arms_ik
l1,isaac,policy,1,/home/humanoid/Programs/Humanoid_Simulation/Locomanipulation_game/logs/skrl/locomanip_marl/paper1/checkpoints/agent_91200.pt,0,b011_d80_e00,11,0.8,0,0.234111,0.0923819,-0.815023,0.332406,-0.00305841,-0.048729,0.187377,1,0,0,0,nan,0.242001,0.465083,0.697732,0,0,0,0,0.461916,0.0719845,0.635691,0.170563,0.263161,0.402811,0.874064,0.695439,0.703893,0.170172,0,nan,8.12097,0.154226,-0.101421,0.119997,-0.102179,0.116422,1.07333,0,15.6252,7.11161,0.136371,0.525322,0.472394,0.365125,0.638862,0.0692445,3.2897,arms_ik
l1,isaac,policy,1,/home/humanoid/Programs/Humanoid_Simulation/Locomanipulation_game/logs/skrl/locomanip_marl/paper1/checkpoints/agent_91200.pt,0,b011_d90_e00,11,0.9,0,0.234111,0.0923819,-0.915023,0.332406,-0.00305841,-0.148729,0.0873774,1,0,0,0,nan,0.276786,0.538369,0.621348,0,0,0,0,0.540371,0.0713602,0.656314,0.192561,0.301799,0.410347,0.853538,0.687562,0.692968,0.16057,0,nan,8.63805,0.157903,0.105434,0.111432,0.0745354,0.111677,1.12414,0,6.2287,6.77759,0.0980372,0.526652,0.463785,0.34341,0.660584,0.0565619,4.61473,arms_ik
l1,isaac,policy,1,/home/humanoid/Programs/Humanoid_Simulation/Locomanipulation_game/logs/skrl/locomanip_marl/paper1/checkpoints/agent_91200.pt,0,b011_d100_e00,11,1,0,0.234111,0.0923819,-1.01502,0.332406,-0.00305841,-0.248729,-0.0126226,1,0,0,0,nan,0.330613,0.630766,0.675001,0,0,0,0,0.623476,0.0875874,0.740546,0.193672,0.351715,0.446641,0.871054,0.683185,0.690676,0.180379,0,nan,8.79,0.165654,-0.112365,0.101991,-0.116263,0.103755,0.451273,0,7.68081,7.15942,0.104603,0.6166,0.434462,0.341196,0.665636,0.0763309,4.92405,arms_ik
l1,isaac,policy,1,/home/humanoid/Programs/Humanoid_Simulation/Locomanipulation_game/logs/skrl/locomanip_marl/paper1/checkpoints/agent_91200.pt,0,b012_d00_e00,12,0,0,0.174947,0.0174175,0.36274,0.30305,-0.286525,-0.018094,0.984306,0,0,1,0,nan,0.0329101,0.0583402,0.1159,0,0,1,1,0.055508,0.0775504,0.11055,0.119141,0.0569292,0.0917003,0.869353,0.748781,0.76102,0.108333,0,nan,6.7038,0.144788,-0.086054,0.11925,-0.0685118,0.116947,0.814778,1,8.1335,7.22821,0.0970824,0.683906,0.529563,0.286363,0.483134,0.053669,-2.36407,arms_ik
l1,isaac,policy,1,/home/humanoid/Programs/Humanoid_Simulation/Locomanipulation_game/logs/skrl/locomanip_marl/paper1/checkpoints/agent_91200.pt,0,b012_d10_e00,12,0.1,0,0.174947,0.0174175,0.26274,0.30305,-0.286525,-0.118094,0.884306,1,0,1,0,nan,0.0577999,0.0923344,0.101711,0,0,0,1,0.0503215,0.0969513,0.0929733,0.0918314,0.0669397,0.0895868,0.881093,0.748036,0.765568,0.115525,0,nan,7.54462,0.162172,-0.209314,0.132009,-0.244298,0.127382,2.04034,2,7.13754,8.30554,0.0846478,0.744978,0.696047,0.684839,0.644685,0.0472222,-0.769197,arms_ik
l1,isaac,policy,1,/home/humanoid/Programs/Humanoid_Simulation/Locomanipulation_game/logs/skrl/locomanip_marl/paper1/checkpoints/agent_91200.pt,0,b012_d20_e00,12,0.2,0,0.174947,0.0174175,0.16274,0.30305,-0.286525,-0.218094,0.784306,1,0,1,0,nan,0.0403996,0.0842748,0.0931504,0,0,0,1,0.0407546,0.0921479,0.0887407,0.119323,0.0590673,0.0791608,0.865744,0.728639,0.738025,0.12772,0,nan,7.44896,0.159621,-0.202568,0.12351,-0.186492,0.125771,2.17045,2,4.39,13.6129,0.129887,0.623237,0.730047,0.397583,0.508304,0.0381586,-0.779592,arms_ik
l1,isaac,policy,1,/home/humanoid/Programs/Humanoid_Simulation/Locomanipulation_game/logs/skrl/locomanip_marl/paper1/checkpoints/agent_91200.pt,0,b012_d30_e00,12,0.3,0,0.174947,0.0174175,0.0627404,0.30305,-0.286525,-0.318094,0.684306,1,0,1,0,nan,0.0270664,0.0541522,0.0811968,0,0,1,1,0.041656,0.0539325,0.0452245,0.110348,0.0448704,0.0677791,0.84931,0.718516,0.730148,0.119162,0,nan,7.38674,0.119987,0.107214,0.122603,0.104815,0.120751,0.584715,0,4.21676,6.66427,0.0685889,0.576926,0.489349,0.265081,0.451234,0.0286052,0.211764,arms_ik
l1,isaac,policy,1,/home/humanoid/Programs/Humanoid_Simulation/Locomanipulation_game/logs/skrl/locomanip_marl/paper1/checkpoints/agent_91200.pt,0,b012_d40_e00,12,0.4,0,0.174947,0.0174175,-0.0372596,0.30305,-0.286525,-0.418094,0.584306,1,0,1,0,nan,0.0666034,0.141511,0.0794238,0,0,0,0,0.0327695,0.133824,0.0474229,0.0722455,0.0847987,0.0649069,0.86938,0.711753,0.717846,0.151534,0,nan,9.12119,0.167361,-0.219392,0.118886,-0.254807,0.11846,1.40904,2,4.85113,6.87782,0.0943562,0.701167,0.559328,0.579519,0.448454,0.0207209,1.79366,arms_ik
l1,isaac,policy,1,/home/humanoid/Programs/Humanoid_Simulation/Locomanipulation_game/logs/skrl/locomanip_marl/paper1/checkpoints/agent_91200.pt,0,b012_d50_e00,12,0.5,0,0.174947,0.0174175,-0.13726,0.30305,-0.286525,-0.518094,0.484306,1,0,1,0,nan,0.110108,0.207917,0.129114,0,0,0,0,0.0336977,0.201523,0.0450949,0.0948776,0.132532,0.0880507,0.867396,0.687726,0.701276,0.16612,0,nan,10.5281,0.187519,-0.189396,0.108646,-0.212557,0.0999471,1.88503,3,9.69842,24.33,0.209522,0.832333,0.715958,0.687947,0.642121,0.031364,2.55346,arms_ik
l1,isaac,policy,1,/home/humanoid/Programs/Humanoid_Simulation/Locomanipulation_game/logs/skrl/locomanip_marl/paper1/checkpoints/agent_91200.pt,0,b012_d60_e00,12,0.6,0,0.174947,0.0174175,-0.23726,0.30305,-0.286525,-0.618094,0.384306,1,0,0,0,nan,0.127369,0.283281,0.238668,0,0,0,0,0.0491154,0.277179,0.0562516,0.101615,0.175037,0.114459,0.875017,0.688917,0.697958,0.177059,0,nan,11.4152,0.224595,-0.229741,0.115092,-0.248893,0.103934,1.48449,7,33.5268,30.2708,0.296869,0.852279,0.590782,0.775233,0.462489,0.0459577,3.69429,arms_ik
l1,isaac,policy,1,/home/humanoid/Programs/Humanoid_Simulation/Locomanipulation_game/logs/skrl/locomanip_marl/paper1/checkpoints/agent_91200.pt,0,b012_d70_e00,12,0.7,0,0.174947,0.0174175,-0.33726,0.30305,-0.286525,-0.718094,0.284306,1,0,0,0,nan,0.166372,0.313728,0.287937,0,0,0,0,0.0737165,0.314391,0.083594,0.28788,0.180464,0.175269,0.86091,0.679383,0.687044,0.173865,0,nan,10.2696,0.183419,-0.0940344,0.101854,-0.0965792,0.0984718,1.1031,1,14.587,7.09775,0.121833,0.842632,0.46785,0.372776,0.488735,0.0557554,3.24866,arms_ik
l1,isaac,policy,1,/home/humanoid/Programs/Humanoid_Simulation/Locomanipulation_game/logs/skrl/locomanip_marl/paper1/checkpoints/agent_91200.pt,0,b012_d80_e00,12,0.8,0,0.174947,0.0174175,-0.43726,0.30305,-0.286525,-0.818094,0.184306,1,0,0,0,nan,0.267001,0.438343,0.269457,0,0,0,0,0.226863,0.585194,0.114823,0.100232,0.367827,0.13656,0.872424,0.669929,0.702139,0.170285,0,nan,11.9138,0.233826,-0.221631,0.0839391,-0.263707,0.0512307,1.51025,14,35.0507,40.3254,0.243335,0.835649,0.642155,0.712326,0.551811,0.0726956,3.70094,arms_ik
l1,isaac,policy,1,/home/humanoid/Programs/Humanoid_Simulation/Locomanipulation_game/logs/skrl/locomanip_marl/paper1/checkpoints/agent_91200.pt,0,b012_d90_e00,12,0.9,0,0.174947,0.0174175,-0.53726,0.30305,-0.286525,-0.918094,0.084306,1,0,0,0,nan,0.344397,0.520671,0.580636,0,0,0,0,0.199781,0.516443,0.245071,0.590023,0.367337,0.415869,0.879079,0.654362,0.66186,0.217219,0,nan,10.9336,0.172976,-0.149227,0.101544,-0.114965,0.0994248,0.825238,2,10.7789,12.3261,0.120973,0.850572,0.572088,0.5314,0.609534,0.0552616,5.03394,arms_ik
l1,isaac,policy,1,/home/humanoid/Programs/Humanoid_Simulation/Locomanipulation_game/logs/skrl/locomanip_marl/paper1/checkpoints/agent_91200.pt,0,b012_d100_e00,12,1,0,0.174947,0.0174175,-0.63726,0.30305,-0.286525,-1.01809,-0.015694,1,0,0,0,nan,0.431348,0.576532,0.477014,0,0,0,0,0.293632,0.575585,0.480342,0.459438,0.434207,0.449697,0.889542,0.664354,0.667633,0.221909,0,nan,9.27765,0.179693,-0.240798,0.111165,-0.244817,0.112712,1.26244,3,4.62178,5.0887,0.107101,0.84639,0.518409,0.53512,0.737188,0.0554333,4.88715,arms_ik
l1,isaac,policy,1,/home/humanoid/Programs/Humanoid_Simulation/Locomanipulation_game/logs/skrl/locomanip_marl/paper1/checkpoints/agent_91200.pt,0,b013_d00_e00,13,0,0,0.328027,0.309978,-0.000266357,0.360379,-0.137256,0.371189,1.00213,0,0,0,0,nan,0.188826,0.335641,0.859521,0,0,0,0,0.104081,0.332627,0.190613,0.754548,0.209589,0.470039,0.830509,0.775215,0.803945,0.0265643,0,nan,5.45584,0.172727,-0.179812,0.117907,-0.235417,0.119165,1.15987,4,11.2324,14.746,0.195975,0.813421,0.811889,0.743372,0.612417,0.0383212,1.60312,arms_ik
l1,isaac,policy,1,/home/humanoid/Programs/Humanoid_Simulation/Locomanipulation_game/logs/skrl/locomanip_marl/paper1/checkpoints/agent_91200.pt,0,b013_d10_e00,13,0.1,0,0.328027,0.309978,-0.100266,0.360379,-0.137256,0.271189,0.902134,0,0,0,0,nan,0.0646946,0.0979853,0.253585,0,0,0,1,0.0596044,0.0697847,0.144582,0.174385,0.07114,0.177996,0.86659,0.784242,0.79385,0.0727404,0,nan,5.7332,0.140702,0.111457,0.119998,0.102058,0.118834,0.939252,0,3.57673,12.8238,0.0928957,0.502571,0.544144,0.350723,0.577149,0.0255938,-1.39968,arms_ik
l1,isaac,policy,1,/home/humanoid/Programs/Humanoid_Simulation/Locomanipulation_game/logs/skrl/locomanip_marl/paper1/checkpoints/agent_91200.pt,0,b013_d20_e00,13,0.2,0,0.328027,0.309978,-0.200266,0.360379,-0.137256,0.171189,0.802134,1,0,0,0,nan,0.0484952,0.0623869,0.143358,0,0,1,1,0.0609229,0.0540554,0.144014,0.116684,0.0557892,0.122724,0.872024,0.758901,0.773366,0.0986571,0,nan,6.02274,0.112514,0.1182,0.132908,0.11186,0.131361,1.03073,0,8.34778,5.08336,0.0837901,0.501943,0.744758,0.245086,0.397638,0.0247037,0.397488,arms_ik
l1,isaac,policy,1,/home/humanoid/Programs/Humanoid_Simulation/Locomanipulation_game/logs/skrl/locomanip_marl/paper1/checkpoints/agent_91200.pt,0,b013_d30_e00,13,0.3,0,0.328027,0.309978,-0.300266,0.360379,-0.137256,0.0711891,0.702134,1,0,0,0,nan,0.0584302,0.0888329,0.135267,0,0,0,1,0.077648,0.0877519,0.127605,0.133863,0.0815672,0.11818,0.845195,0.749358,0.754502,0.0906928,0,nan,6.04812,0.114732,-0.124417,0.134642,-0.110971,0.131499,1.25309,0,6.81204,5.39511,0.060576,0.438806,0.461455,0.255394,0.459528,0.0489242,1.38063,arms_ik
l1,isaac,policy,1,/home/humanoid/Programs/Humanoid_Simulation/Locomanipulation_game/logs/skrl/locomanip_marl/paper1/checkpoints/agent_91200.pt,0,b013_d40_e00,13,0.4,0,0.328027,0.309978,-0.400266,0.360379,-0.137256,-0.0288109,0.602134,1,0,0,0,nan,0.0753247,0.140069,0.130646,0,0,0,0,0.125546,0.0812595,0.13474,0.113576,0.103651,0.114287,0.859133,0.741712,0.748567,0.110566,0,nan,6.20661,0.119279,0.110061,0.128042,0.101444,0.124849,1.0122,0,8.84811,6.25982,0.0959166,0.5308,0.442787,0.280975,0.492697,0.0427984,1.86154,arms_ik
l1,isaac,policy,1,/home/humanoid/Programs/Humanoid_Simulation/Locomanipulation_game/logs/skrl/locomanip_marl/paper1/checkpoints/agent_91200.pt,0,b013_d50_e00,13,0.5,0,0.328027,0.309978,-0.500266,0.360379,-0.137256,-0.128811,0.502134,1,0,0,0,nan,0.133194,0.250237,0.253535,0,0,0,0,0.239893,0.0834193,0.181197,0.0876892,0.157648,0.140858,0.863799,0.751203,0.754642,0.109156,0,nan,7.29938,0.160127,0.117695,0.130331,0.09116,0.129406,1.1301,0,17.9796,6.80061,0.174386,0.530707,0.514502,0.367794,0.642255,0.0456324,2.37686,arms_ik
l1,isaac,policy,1,/home/humanoid/Programs/Humanoid_Simulation/Locomanipulation_game/logs/skrl/locomanip_marl/paper1/checkpoints/agent_91200.pt,0,b013_d60_e00,13,0.6,0,0.328027,0.309978,-0.600266,0.360379,-0.137256,-0.228811,0.402134,1,0,0,0,nan,0.151428,0.286707,0.195454,0,0,0,0,0.278678,0.0818319,0.161724,0.156408,0.178128,0.141329,0.865496,0.722336,0.72911,0.136387,0,nan,8.92494,0.163417,-0.100629,0.126448,-0.0905344,0.126961,1.23769,0,12.492,6.309,0.148113,0.560735,0.627166,0.330388,0.571789,0.0407431,3.72898,arms_ik
l1,isaac,policy,1,/home/humanoid/Programs/Humanoid_Simulation/Locomanipulation_game/logs/skrl/locomanip_marl/paper1/checkpoints/agent_91200.pt,0,b013_d70_e00,13,0.7,0,0.328027,0.309978,-0.700266,0.360379,-0.137256,-0.328811,0.302134,1,0,0,0,nan,0.222273,0.40849,0.37245,0,0,0,0,0.36207,0.115124,0.129817,0.135609,0.248602,0.178895,0.865759,0.716311,0.729229,0.13653,0,nan,9.49276,0.171008,-0.11745,0.109659,-0.14059,0.112606,1.19142,0,34.4606,12.5593,0.252921,0.582328,0.460817,0.373331,0.638354,0.0816288,4.32985,arms_ik
l1,isaac,policy,1,/home/humanoid/Programs/Humanoid_Simulation/Locomanipulation_game/logs/skrl/locomanip_marl/paper1/checkpoints/agent_91200.pt,0,b013_d80_e00,13,0.8,0,0.328027,0.309978,-0.800266,0.360379,-0.137256,-0.428811,0.202134,1,0,0,0,nan,0.273679,0.466978,0.33397,0,0,0,0,0.455774,0.108563,0.225964,0.170398,0.283481,0.209845,0.854483,0.683645,0.68905,0.165433,0,nan,7.94834,0.152895,-0.160516,0.126326,-0.171469,0.124902,1.01427,2,33.2252,5.92082,0.258272,0.730995,0.647755,0.373592,0.567293,0.0377619,5.29353,arms_ik
l1,isaac,policy,1,/home/humanoid/Programs/Humanoid_Simulation/Locomanipulation_game/logs/skrl/locomanip_marl/paper1/checkpoints/agent_91200.pt,0,b013_d90_e00,13,0.9,0,0.328027,0.309978,-0.900266,0.360379,-0.137256,-0.528811,0.102134,1,0,0,0,nan,0.333292,0.534907,0.36214,0,0,0,0,0.536426,0.180548,0.37945,0.304959,0.356779,0.336104,0.851259,0.69364,0.698469,0.15279,0,nan,11.167,0.169321,-0.110062,0.119731,-0.10776,0.116229,0.850635,0,12.2987,10.1957,0.145225,0.55998,0.37623,0.400881,0.550101,0.0455893,6.34843,arms_ik
l1,isaac,policy,1,/home/humanoid/Programs/Humanoid_Simulation/Locomanipulation_game/logs/skrl/locomanip_marl/paper1/checkpoints/agent_91200.pt,0,b013_d100_e00,13,1,0,0.328027,0.309978,-1.00027,0.360379,-0.137256,-0.628811,0.00213364,1,0,0,0,nan,0.43441,0.632718,0.43639,0,0,0,0,0.628631,0.25329,0.128541,0.362861,0.439926,0.320255,0.870265,0.686528,0.695802,0.174463,0,nan,10.6453,0.189832,-0.244051,0.129338,-0.252575,0.126396,1.06322,3,31.3321,5.82544,0.247155,0.783078,0.625067,0.470906,0.564665,0.0257077,7.95357,arms_ik
l1,isaac,policy,1,/home/humanoid/Programs/Humanoid_Simulation/Locomanipulation_game/logs/skrl/locomanip_marl/paper1/checkpoints/agent_91200.pt,0,b014_d00_e00,14,0,0,0.135888,0.176346,0.128366,0.10841,-0.639044,0.731395,1.13077,0,0,0,0,nan,0.153932,0.312029,0.700483,0,0,0,0,0.0726114,0.235646,0.0992307,0.489106,0.170131,0.374842,0.862632,0.787203,0.826098,0.0365335,0,nan,5.75768,0.186297,-0.210602,0.123085,-0.265308,0.11991,0.972212,6,8.85,33.791,0.161993,0.814944,0.863274,0.744975,0.616316,0.0871575,1.64377,arms_ik
l1,isaac,policy,1,/home/humanoid/Programs/Humanoid_Simulation/Locomanipulation_game/logs/skrl/locomanip_marl/paper1/checkpoints/agent_91200.pt,0,b014_d10_e00,14,0.1,0,0.135888,0.176346,0.0283664,0.10841,-0.639044,0.631395,1.03077,0,0,0,0,nan,0.0861838,0.159653,0.161251,0,0,0,0,0.086578,0.13927,0.145218,0.133424,0.105099,0.131345,0.883784,0.797442,0.827672,0.0561121,0,nan,5.96342,0.192654,-0.20546,0.110368,-0.272486,0.112528,0.914528,5,10.237,26.9123,0.211448,0.749719,0.675496,0.69789,0.585086,0.0886848,0.496781,arms_ik
l1,isaac,policy,1,/home/humanoid/Programs/Humanoid_Simulation/Locomanipulation_game/logs/skrl/locomanip_marl/paper1/checkpoints/agent_91200.pt,0,b014_d20_e00,14,0.2,0,0.135888,0.176346,-0.0716336,0.10841,-0.639044,0.531395,0.930766,0,0,0,0,nan,0.0501056,0.116015,0.158885,0,0,0,0,0.0636623,0.109999,0.124156,0.126084,0.0790981,0.121084,0.88676,0.797401,0.812473,0.0742877,0,nan,4.81235,0.188644,-0.167139,0.104405,-0.207464,0.105035,1.00071,4,10.3022,20.7068,0.180311,0.84098,0.758794,0.681415,0.491467,0.0810681,0.500499,arms_ik
l1,isaac,policy,1,/home/humanoid/Programs/Humanoid_Simulation/Locomanipulation_game/logs/skrl/locomanip_marl/paper1/checkpoints/agent_91200.pt,0,b014_d30_e00,14,0.3,0,0.135888,0.176346,-0.171634,0.10841,-0.639044,0.431395,0.830766,1,1,1,1,3.86,0.0175437,0.0498585,0.294242,0,0,1,1,0.0447895,0.0393946,0.211249,0.0709404,0.0401582,0.143268,0.871848,0.778433,0.792534,0.0793139,0,nan,4.76957,0.152725,-0.129912,0.101971,-0.147439,0.102708,1.02927,2,5.51199,6.58051,0.0810424,0.860495,0.585123,0.503576,0.684123,0.0460559,0.0323499,arms_ik
l1,isaac,policy,1,/home/humanoid/Programs/Humanoid_Simulation/Locomanipulation_game/logs/skrl/locomanip_marl/paper1/checkpoints/agent_91200.pt,0,b014_d40_e00,14,0.4,0,0.135888,0.176346,-0.271634,0.10841,-0.639044,0.331395,0.730766,1,0,0,0,nan,0.0391287,0.0702006,0.637037,0,0,0,0,0.081952,0.111183,0.605781,0.15502,0.0776239,0.354508,0.861119,0.759206,0.767187,0.0939322,0,nan,5.32792,0.163857,-0.167626,0.111897,-0.176978,0.115055,0.675911,2,7.47431,15.7885,0.142963,0.843383,0.715913,0.566088,0.561722,0.0844955,0.675547,arms_ik
l1,isaac,policy,1,/home/humanoid/Programs/Humanoid_Simulation/Locomanipulation_game/logs/skrl/locomanip_marl/paper1/checkpoints/agent_91200.pt,0,b014_d50_e00,14,0.5,0,0.135888,0.176346,-0.371634,0.10841,-0.639044,0.231395,0.630766,1,0,0,0,nan,0.0688235,0.115677,0.90975,0,0,0,0,0.0994649,0.131992,0.939309,0.212586,0.0943024,0.517648,0.855013,0.743837,0.755946,0.0990666,0,nan,5.27687,0.157526,-0.163017,0.112946,-0.174942,0.115551,0.824987,2,21.1101,29.6598,0.401896,0.803901,0.764944,0.490482,0.491373,0.0657937,0.841849,arms_ik
l1,isaac,policy,1,/home/humanoid/Programs/Humanoid_Simulation/Locomanipulation_game/logs/skrl/locomanip_marl/paper1/checkpoints/agent_91200.pt,0,b014_d60_e00,14,0.6,0,0.135888,0.176346,-0.471634,0.10841,-0.639044,0.131395,0.530766,1,0,0,0,nan,0.0903283,0.127655,0.855099,0,0,0,0,0.11608,0.123423,0.867548,0.197109,0.109408,0.520042,0.88161,0.738483,0.750643,0.130967,0,nan,5.27301,0.163771,-0.202749,0.118632,-0.224488,0.120445,0.881628,2,21.9496,28.9998,0.37746,0.669253,0.595514,0.396237,0.70259,0.0604444,1.45187,arms_ik
l1,isaac,policy,1,/home/humanoid/Programs/Humanoid_Simulation/Locomanipulation_game/logs/skrl/locomanip_marl/paper1/checkpoints/agent_91200.pt,0,b014_d70_e00,14,0.7,0,0.135888,0.176346,-0.571634,0.10841,-0.639044,0.0313954,0.430766,1,0,0,0,nan,0.138334,0.23345,0.979375,0,0,0,0,0.216711,0.135676,0.953978,0.22281,0.169829,0.522659,0.873322,0.728269,0.747246,0.126077,0,nan,6.02764,0.185065,-0.118146,0.111306,-0.120844,0.111177,1.09931,1,33.2779,54.8745,0.605269,0.731112,0.711967,0.430185,0.798307,0.0537326,2.85756,arms_ik
l1,isaac,policy,1,/home/humanoid/Programs/Humanoid_Simulation/Locomanipulation_game/logs/skrl/locomanip_marl/paper1/checkpoints/agent_91200.pt,0,b014_d80_e00,14,0.8,0,0.135888,0.176346,-0.671634,0.10841,-0.639044,-0.0686046,0.330766,1,0,0,0,nan,0.168941,0.33969,0.929385,0,0,0,0,0.310136,0.176061,0.951128,0.226082,0.217748,0.54011,0.857166,0.718729,0.729119,0.128047,0,nan,6.95328,0.177585,-0.178296,0.126491,-0.206566,0.12308,1.03515,3,27.5259,42.0538,0.44044,0.825623,0.690879,0.645943,0.715686,0.0649204,4.5469,arms_ik
l1,isaac,policy,1,/home/humanoid/Programs/Humanoid_Simulation/Locomanipulation_game/logs/skrl/locomanip_marl/paper1/checkpoints/agent_91200.pt,0,b014_d90_e00,14,0.9,0,0.135888,0.176346,-0.771634,0.10841,-0.639044,-0.168605,0.230766,1,0,0,0,nan,0.218512,0.400204,0.960975,0,0,0,0,0.405665,0.100102,0.957887,0.132314,0.250008,0.550347,0.884214,0.713473,0.73001,0.154204,0,nan,6.93311,0.143481,-0.105166,0.111934,-0.119586,0.110996,0.789856,0,7.57875,13.3011,0.141529,0.600656,0.504567,0.36117,0.588382,0.0518428,2.00739,arms_ik
l1,isaac,policy,1,/home/humanoid/Programs/Humanoid_Simulation/Locomanipulation_game/logs/skrl/locomanip_marl/paper1/checkpoints/agent_91200.pt,0,b014_d100_e00,14,1,0,0.135888,0.176346,-0.871634,0.10841,-0.639044,-0.268605,0.130766,1,0,0,0,nan,0.271171,0.495964,0.984573,0,0,0,0,0.499389,0.0989413,0.976268,0.349443,0.295575,0.672984,0.861276,0.711858,0.717,0.144276,0,nan,7.12071,0.148724,0.113555,0.11504,0.0969579,0.113819,1.13792,0,5.34282,14.1844,0.151207,0.539368,0.515807,0.331675,0.604584,0.0440297,2.29485,arms_ik
l1,isaac,policy,1,/home/humanoid/Programs/Humanoid_Simulation/Locomanipulation_game/logs/skrl/locomanip_marl/paper1/checkpoints/agent_91200.pt,0,b015_d00_e00,15,0,0,0.202944,0.0581594,0.232972,0.151888,-0.398983,0.09541,1.09781,0,1,1,1,2.14,0.013971,0.0476894,0.15077,0,0,1,1,0.053739,0.014233,0.135526,0.0792847,0.0378811,0.10762,0.835827,0.727835,0.74092,0.0949069,0,nan,7.60803,0.166842,-0.180845,0.0929459,-0.193914,0.0948272,1.13392,3,24.0089,28.1599,0.447495,0.665119,0.606374,0.3536,0.484989,0.0142922,-3.6695,arms_ik
l1,isaac,policy,1,/home/humanoid/Programs/Humanoid_Simulation/Locomanipulation_game/logs/skrl/locomanip_marl/paper1/checkpoints/agent_91200.pt,0,b015_d10_e00,15,0.1,0,0.202944,0.0581594,0.132972,0.151888,-0.398983,-0.00459004,0.99781,0,1,1,1,1.42,0.0196841,0.0363427,0.132736,0,0,1,1,0.0403942,0.0393366,0.122072,0.0962995,0.0321885,0.0991046,0.880815,0.744251,0.756032,0.124783,0,nan,8.14193,0.142116,-0.0923704,0.107579,-0.0995548,0.113443,0.947524,0,10.312,14.8777,0.198361,0.66101,0.737676,0.332576,0.526873,0.0158818,-2.20349,arms_ik
l1,isaac,policy,1,/home/humanoid/Programs/Humanoid_Simulation/Locomanipulation_game/logs/skrl/locomanip_marl/paper1/checkpoints/agent_91200.pt,0,b015_d20_e00,15,0.2,0,0.202944,0.0581594,0.032972,0.151888,-0.398983,-0.10459,0.89781,0,0,1,0,nan,0.0255749,0.0550786,0.122817,0,0,1,1,0.0426731,0.039788,0.0998177,0.0735523,0.0418218,0.0859832,0.863121,0.737541,0.746014,0.117107,0,nan,5.45394,0.147048,-0.146302,0.120592,-0.157673,0.121804,0.789268,1,8.80116,12.7524,0.165721,0.843474,0.752916,0.439139,0.529678,0.0190512,-0.453736,arms_ik
l1,isaac,policy,1,/home/humanoid/Programs/Humanoid_Simulation/Locomanipulation_game/logs/skrl/locomanip_marl/paper1/checkpoints/agent_91200.pt,0,b015_d30_e00,15,0.3,0,0.202944,0.0581594,-0.067028,0.151888,-0.398983,-0.20459,0.79781,1,1,1,1,2.82,0.00740542,0.0489737,0.114938,0,0,1,1,0.0348937,0.0623272,0.0802214,0.0694311,0.0425517,0.0883634,0.868098,0.715845,0.732075,0.136023,0,nan,5.75387,0.154592,-0.166092,0.120205,-0.173246,0.117867,0.792441,3,4.31833,5.29017,0.0608922,0.795984,0.438203,0.293877,0.740419,0.0259152,1.41097,arms_ik
l1,isaac,policy,1,/home/humanoid/Programs/Humanoid_Simulation/Locomanipulation_game/logs/skrl/locomanip_marl/paper1/checkpoints/agent_91200.pt,0,b015_d40_e00,15,0.4,0,0.202944,0.0581594,-0.167028,0.151888,-0.398983,-0.30459,0.69781,1,0,1,0,nan,0.0424718,0.0837282,0.170204,0,0,0,1,0.0405504,0.0756526,0.121369,0.0983501,0.051307,0.102502,0.868547,0.703994,0.717678,0.150868,0,nan,7.09082,0.143228,-0.150738,0.117099,-0.164087,0.117875,1.45803,2,5.0136,16.6857,0.167355,0.837058,0.554519,0.450063,0.59086,0.0324223,2.11042,arms_ik
l1,isaac,policy,1,/home/humanoid/Programs/Humanoid_Simulation/Locomanipulation_game/logs/skrl/locomanip_marl/paper1/checkpoints/agent_91200.pt,0,b015_d50_e00,15,0.5,0,0.202944,0.0581594,-0.267028,0.151888,-0.398983,-0.40459,0.59781,1,0,0,0,nan,0.0553552,0.0772607,0.540689,0,0,0,1,0.062686,0.0820045,0.556962,0.473421,0.0680697,0.513201,0.866937,0.687207,0.693506,0.173431,0,nan,7.74048,0.154498,-0.145201,0.122369,-0.157968,0.120437,1.31377,2,6.13064,6.77323,0.0741194,0.677256,0.477619,0.425263,0.606533,0.0439882,4.67625,arms_ik
l1,isaac,policy,1,/home/humanoid/Programs/Humanoid_Simulation/Locomanipulation_game/logs/skrl/locomanip_marl/paper1/checkpoints/agent_91200.pt,0,b015_d60_e00,15,0.6,0,0.202944,0.0581594,-0.367028,0.151888,-0.398983,-0.50459,0.49781,1,0,0,0,nan,0.0921448,0.124498,0.968991,0,0,0,0,0.113468,0.135105,0.953155,0.681496,0.109353,0.810719,0.856697,0.679798,0.690178,0.166519,0,nan,7.71352,0.162203,-0.141633,0.110043,-0.163045,0.105575,1.77951,1,15.6815,10.3798,0.125869,0.847399,0.601948,0.434467,0.578389,0.0517304,5.3023,arms_ik
l1,isaac,policy,1,/home/humanoid/Programs/Humanoid_Simulation/Locomanipulation_game/logs/skrl/locomanip_marl/paper1/checkpoints/agent_91200.pt,0,b015_d70_e00,15,0.7,0,0.202944,0.0581594,-0.467028,0.151888,-0.398983,-0.60459,0.39781,1,0,0,0,nan,0.179548,0.236638,1.09193,0,0,0,0,0.173568,0.225668,1.07249,0.781448,0.196596,0.875128,0.853837,0.676591,0.680694,0.173142,0,nan,8.02653,0.173763,-0.141465,0.124663,-0.14672,0.125548,0.922856,2,18.766,39.4545,0.335503,0.847907,0.507871,0.502454,0.695839,0.0444317,6.21869,arms_ik
l1,isaac,policy,1,/home/humanoid/Programs/Humanoid_Simulation/Locomanipulation_game/logs/skrl/locomanip_marl/paper1/checkpoints/agent_91200.pt,0,b015_d80_e00,15,0.8,0,0.202944,0.0581594,-0.567028,0.151888,-0.398983,-0.70459,0.29781,1,0,0,0,nan,0.251111,0.312555,1.28629,0,0,0,0,0.21745,0.306312,1.27512,0.568045,0.262111,0.97872,0.874407,0.687366,0.694761,0.179646,0,nan,9.44412,0.169601,-0.105436,0.102076,-0.112638,0.0998244,0.649752,1,11.1119,46.663,0.339562,0.737354,0.700083,0.324604,0.664001,0.0570496,6.15793,arms_ik
l1,isaac,policy,1,/home/humanoid/Programs/Humanoid_Simulation/Locomanipulation_game/logs/skrl/locomanip_marl/paper1/checkpoints/agent_91200.pt,0,b015_d90_e00,15,0.9,0,0.202944,0.0581594,-0.667028,0.151888,-0.398983,-0.80459,0.19781,1,0,0,0,nan,0.328118,0.393172,1.37464,0,0,0,0,0.30206,0.387561,1.30963,0.850333,0.335461,1.04429,0.881641,0.664801,0.674565,0.207075,0,nan,9.58363,0.159584,-0.101994,0.116082,-0.133023,0.113957,1.32296,0,8.17901,54.0882,0.364255,0.682166,0.425799,0.302184,0.662627,0.0397386,7.85134,arms_ik
l1,isaac,policy,1,/home/humanoid/Programs/Humanoid_Simulation/Locomanipulation_game/logs/skrl/locomanip_marl/paper1/checkpoints/agent_91200.pt,0,b015_d100_e00,15,1,0,0.202944,0.0581594,-0.767028,0.151888,-0.398983,-0.90459,0.09781,1,0,0,0,nan,0.427616,0.493731,1.41559,0,0,0,0,0.37536,0.480764,1.36429,0.801568,0.435522,1.05995,0.875598,0.683753,0.689921,0.185677,0,nan,10.6633,0.163855,0.115129,0.12406,0.0960172,0.125495,1.69825,0,13.6534,47.1883,0.33907,0.671747,0.557886,0.336411,0.595485,0.066612,8.55554,arms_ik
l1,isaac,policy,1,/home/humanoid/Programs/Humanoid_Simulation/Locomanipulation_game/logs/skrl/locomanip_marl/paper1/checkpoints/agent_91200.pt,0,b016_d00_e00,16,0,0,0.365939,-0.0496886,0.386933,0.214269,-0.0719656,0.0431338,1.04553,0,0,0,0,nan,0.183295,0.310583,0.881064,0,0,0,0,0.307282,0.0683242,0.848558,0.255424,0.194983,0.560801,0.870291,0.74562,0.753989,0.116302,0,nan,4.88453,0.148544,-0.198612,0.126264,-0.237997,0.124126,0.890018,2,10.9024,9.29496,0.118863,0.851379,0.800009,0.576443,0.835001,0.0176733,-1.4247,arms_ik
l1,isaac,policy,1,/home/humanoid/Programs/Humanoid_Simulation/Locomanipulation_game/logs/skrl/locomanip_marl/paper1/checkpoints/agent_91200.pt,0,b016_d10_e00,16,0.1,0,0.365939,-0.0496886,0.286933,0.214269,-0.0719656,-0.0568662,0.945534,0,0,0,0,nan,0.130599,0.259939,0.677742,0,0,0,0,0.252969,0.0516942,0.664734,0.154491,0.147466,0.393594,0.86159,0.748176,0.75586,0.10573,0,nan,4.44691,0.177906,-0.180591,0.129345,-0.228968,0.127652,0.894121,3,20.6896,11.4152,0.161374,0.761183,0.647924,0.600182,0.695743,0.011622,1.00964,arms_ik
l1,isaac,policy,1,/home/humanoid/Programs/Humanoid_Simulation/Locomanipulation_game/logs/skrl/locomanip_marl/paper1/checkpoints/agent_91200.pt,0,b016_d20_e00,16,0.2,0,0.365939,-0.0496886,0.186933,0.214269,-0.0719656,-0.156866,0.845534,1,1,1,1,3.12,0.0325969,0.0491428,0.144714,0,0,1,1,0.0469967,0.0318816,0.102083,0.141727,0.0359895,0.11996,0.853342,0.734407,0.743405,0.109937,0,nan,6.19646,0.135324,-0.0928499,0.133813,-0.104945,0.130603,0.969721,0,4.4098,3.1695,0.0597389,0.570044,0.470399,0.272712,0.750589,0.00818493,0.245787,arms_ik
l1,isaac,policy,1,/home/humanoid/Programs/Humanoid_Simulation/Locomanipulation_game/logs/skrl/locomanip_marl/paper1/checkpoints/agent_91200.pt,0,b016_d30_e00,16,0.3,0,0.365939,-0.0496886,0.0869328,0.214269,-0.0719656,-0.256866,0.745534,1,0,0,0,nan,0.0474858,0.0773282,0.155969,0,0,1,1,0.0690794,0.0619964,0.0930978,0.157123,0.0643538,0.120632,0.864577,0.708747,0.723547,0.14103,0,nan,5.6108,0.144961,0.0997613,0.13266,0.0709241,0.132479,1.1389,0,7.06366,4.85862,0.0993278,0.523941,0.733105,0.29205,0.688998,0.0287446,1.95898,arms_ik
l1,isaac,policy,1,/home/humanoid/Programs/Humanoid_Simulation/Locomanipulation_game/logs/skrl/locomanip_marl/paper1/checkpoints/agent_91200.pt,0,b016_d40_e00,16,0.4,0,0.365939,-0.0496886,-0.0130672,0.214269,-0.0719656,-0.356866,0.645534,1,0,0,0,nan,0.0639722,0.11269,0.486718,0,0,0,0,0.0567501,0.133398,0.0722245,0.545985,0.0852656,0.283965,0.848933,0.69176,0.703636,0.145297,0,nan,5.89718,0.146704,0.111869,0.122046,0.101279,0.120794,1.04914,0,4.48486,18.9787,0.140354,0.565208,0.42367,0.278255,0.587208,0.0312986,2.43545,arms_ik
l1,isaac,policy,1,/home/humanoid/Programs/Humanoid_Simulation/Locomanipulation_game/logs/skrl/locomanip_marl/paper1/checkpoints/agent_91200.pt,0,b016_d50_e00,16,0.5,0,0.365939,-0.0496886,-0.113067,0.214269,-0.0719656,-0.456866,0.545534,1,0,0,0,nan,0.0645211,0.0952446,0.571196,0,0,0,1,0.0755356,0.09567,0.10206,0.577897,0.0874418,0.34021,0.880743,0.681916,0.690064,0.190678,0,nan,8.2047,0.175911,-0.0820185,0.119715,-0.0819957,0.121415,0.571478,0,11.2534,3.75621,0.0639301,0.57925,0.552238,0.281793,0.613534,0.051957,3.14913,arms_ik
l1,isaac,policy,1,/home/humanoid/Programs/Humanoid_Simulation/Locomanipulation_game/logs/skrl/locomanip_marl/paper1/checkpoints/agent_91200.pt,0,b016_d60_e00,16,0.6,0,0.365939,-0.0496886,-0.213067,0.214269,-0.0719656,-0.556866,0.445534,1,0,0,0,nan,0.16893,0.201182,0.529791,0,0,0,0,0.199907,0.186367,0.261448,0.50737,0.191473,0.375035,0.873253,0.669629,0.676847,0.196406,0,nan,8.32067,0.169958,-0.165577,0.126076,-0.174939,0.12515,1.73497,2,10.3312,9.36788,0.13495,0.841286,0.509756,0.699693,0.574176,0.0369531,4.45822,arms_ik
l1,isaac,policy,1,/home/humanoid/Programs/Humanoid_Simulation/Locomanipulation_game/logs/skrl/locomanip_marl/paper1/checkpoints/agent_91200.pt,0,b016_d70_e00,16,0.7,0,0.365939,-0.0496886,-0.313067,0.214269,-0.0719656,-0.656866,0.345534,1,0,0,0,nan,0.191562,0.24961,0.578557,0,0,0,0,0.156634,0.25261,0.222643,0.549003,0.205689,0.398108,0.895977,0.66403,0.666705,0.229272,0,nan,6.65346,0.175499,-0.228345,0.121398,-0.222459,0.120166,0.669918,3,7.54867,3.6173,0.100468,0.660459,0.517556,0.421824,0.590659,0.0703122,4.65672,arms_ik
l1,isaac,policy,1,/home/humanoid/Programs/Humanoid_Simulation/Locomanipulation_game/logs/skrl/locomanip_marl/paper1/checkpoints/agent_91200.pt,0,b016_d80_e00,16,0.8,0,0.365939,-0.0496886,-0.413067,0.214269,-0.0719656,-0.756866,0.245534,1,0,0,0,nan,0.260671,0.346434,0.609099,0,0,0,0,0.224096,0.338047,0.326056,0.578317,0.278721,0.438135,0.8552,0.6749,0.679889,0.17531,0,nan,7.28845,0.196447,-0.118979,0.112228,-0.132865,0.112582,1.13212,0,14.1559,4.03291,0.149089,0.648753,0.491706,0.465269,0.715322,0.0759787,6.00238,arms_ik
l1,isaac,policy,1,/home/humanoid/Programs/Humanoid_Simulation/Locomanipulation_game/logs/skrl/locomanip_marl/paper1/checkpoints/agent_91200.pt,0,b016_d90_e00,16,0.9,0,0.365939,-0.0496886,-0.513067,0.214269,-0.0719656,-0.856866,0.145534,1,0,0,0,nan,0.303001,0.417851,0.607083,0,0,0,0,0.23289,0.415425,0.294653,0.593359,0.320993,0.418116,0.854643,0.653381,0.659079,0.195564,0,nan,8.8126,0.200865,-0.150782,0.112325,-0.17442,0.110482,1.16395,1,13.1578,4.71775,0.137753,0.839801,0.526499,0.508683,0.51832,0.0599177,6.72078,arms_ik
l1,isaac,policy,1,/home/humanoid/Programs/Humanoid_Simulation/Locomanipulation_game/logs/skrl/locomanip_marl/paper1/checkpoints/agent_91200.pt,0,b016_d100_e00,16,1,0,0.365939,-0.0496886,-0.613067,0.214269,-0.0719656,-0.956866,0.0455338,1,0,0,0,nan,0.421943,0.568217,0.658143,0,0,0,0,0.430357,0.575943,0.34724,0.608679,0.500008,0.458037,0.876745,0.665605,0.675005,0.201739,0,nan,12.7225,0.221668,-0.217585,0.129603,-0.256009,0.125554,1.67703,7,11.4634,11.6176,0.143442,0.835484,0.538321,0.72477,0.685403,0.0737619,8.46137,arms_ik
l1,isaac,policy,1,/home/humanoid/Programs/Humanoid_Simulation/Locomanipulation_game/logs/skrl/locomanip_marl/paper1/checkpoints/agent_91200.pt,0,b017_d00_e00,17,0,0,0.515958,0.3127,0.285,0.463065,-0.223381,0.60029,1.2874,0,0,0,0,nan,0.325606,0.457539,0.419851,0,0,0,0,0.222359,0.448269,0.318051,0.440671,0.336434,0.361962,0.885281,0.768178,0.779609,0.105671,0,nan,7.872,0.16136,0.112854,0.130494,0.0980204,0.123171,0.859098,0,13.0709,10.6826,0.141346,0.50382,0.710631,0.38452,0.580516,0.0252058,-2.77584,arms_ik
l1,isaac,policy,1,/home/humanoid/Programs/Humanoid_Simulation/Locomanipulation_game/logs/skrl/locomanip_marl/paper1/checkpoints/agent_91200.pt,0,b017_d10_e00,17,0.1,0,0.515958,0.3127,0.185,0.463065,-0.223381,0.50029,1.1874,0,0,0,0,nan,0.241373,0.361862,0.42621,0,0,0,0,0.174379,0.340131,0.312446,0.350091,0.255511,0.318686,0.875216,0.765619,0.786428,0.0887875,0,nan,5.10182,0.177332,-0.152779,0.129055,-0.168635,0.126449,0.46478,1,22.2961,11.1354,0.201356,0.542931,0.860041,0.347999,0.561016,0.0388111,-1.01214,arms_ik
l1,isaac,policy,1,/home/humanoid/Programs/Humanoid_Simulation/Locomanipulation_game/logs/skrl/locomanip_marl/paper1/checkpoints/agent_91200.pt,0,b017_d20_e00,17,0.2,0,0.515958,0.3127,0.0849999,0.463065,-0.223381,0.40029,1.0874,0,0,0,0,nan,0.163982,0.279656,0.37762,0,0,0,0,0.115234,0.281663,0.226157,0.479217,0.196755,0.320358,0.863497,0.76085,0.76722,0.0962769,0,nan,5.9598,0.131468,-0.118104,0.132698,-0.0949917,0.129721,0.878512,0,23.6578,12.6624,0.131992,0.511375,0.695723,0.336919,0.661514,0.0238579,-1.48867,arms_ik
l1,isaac,policy,1,/home/humanoid/Programs/Humanoid_Simulation/Locomanipulation_game/logs/skrl/locomanip_marl/paper1/checkpoints/agent_91200.pt,0,b017_d30_e00,17,0.3,0,0.515958,0.3127,-0.0150001,0.463065,-0.223381,0.30029,0.9874,0,0,0,0,nan,0.150397,0.201374,0.425245,0,0,0,0,0.13564,0.201313,0.190822,0.464656,0.163493,0.344504,0.886286,0.75485,0.759878,0.126408,0,nan,5.09472,0.134982,-0.151343,0.133262,-0.150226,0.129452,0.924479,0,19.0579,8.51146,0.14486,0.74187,0.501365,0.34046,0.589842,0.050227,-1.05805,arms_ik
l1,isaac,policy,1,/home/humanoid/Programs/Humanoid_Simulation/Locomanipulation_game/logs/skrl/locomanip_marl/paper1/checkpoints/agent_91200.pt,0,b017_d40_e00,17,0.4,0,0.515958,0.3127,-0.115,0.463065,-0.223381,0.20029,0.8874,1,0,0,0,nan,0.0964188,0.126825,0.188667,0,0,0,0,0.094066,0.118671,0.123028,0.280062,0.101533,0.189659,0.877617,0.737719,0.744964,0.132653,0,nan,7.96521,0.144434,-0.101735,0.1189,-0.112916,0.121001,0.967534,1,10.6028,8.17864,0.101461,0.528857,0.862869,0.31271,0.628714,0.0432326,0.957827,arms_ik
l1,isaac,policy,1,/home/humanoid/Programs/Humanoid_Simulation/Locomanipulation_game/logs/skrl/locomanip_marl/paper1/checkpoints/agent_91200.pt,0,b017_d50_e00,17,0.5,0,0.515958,0.3127,-0.215,0.463065,-0.223381,0.10029,0.7874,1,0,0,0,nan,0.154098,0.187494,0.248599,0,0,0,0,0.187174,0.166837,0.162176,0.19506,0.177886,0.164943,0.872084,0.739069,0.748491,0.123593,0,nan,7.33059,0.139913,0.112492,0.132546,0.101922,0.128793,1.50381,0,10.0147,10.355,0.119617,0.572114,0.621495,0.339381,0.529524,0.0505737,-0.577725,arms_ik
l1,isaac,policy,1,/home/humanoid/Programs/Humanoid_Simulation/Locomanipulation_game/logs/skrl/locomanip_marl/paper1/checkpoints/agent_91200.pt,0,b017_d60_e00,17,0.6,0,0.515958,0.3127,-0.315,0.463065,-0.223381,0.000290358,0.6874,1,0,0,0,nan,0.0744593,0.141631,0.143117,0,0,0,0,0.14035,0.0822055,0.104896,0.0933775,0.108933,0.108909,0.872915,0.724278,0.733189,0.139726,0,nan,5.246,0.157181,-0.153737,0.124437,-0.181902,0.124671,0.919979,0,10.807,8.51928,0.115303,0.613122,0.569187,0.323453,0.527989,0.0455315,2.16898,arms_ik
l1,isaac,policy,1,/home/humanoid/Programs/Humanoid_Simulation/Locomanipulation_game/logs/skrl/locomanip_marl/paper1/checkpoints/agent_91200.pt,0,b017_d70_e00,17,0.7,0,0.515958,0.3127,-0.415,0.463065,-0.223381,-0.0997096,0.5874,1,0,0,0,nan,0.177738,0.25265,0.27705,0,0,0,0,0.24063,0.144508,0.15688,0.209038,0.207845,0.202994,0.838807,0.694417,0.726093,0.112714,0,nan,7.84059,0.177313,-0.198405,0.118062,-0.221756,0.116859,1.01929,6,24.5609,16.2672,0.205996,0.856394,0.631422,0.497654,0.570221,0.0414382,5.01461,arms_ik
l1,isaac,policy,1,/home/humanoid/Programs/Humanoid_Simulation/Locomanipulation_game/logs/skrl/locomanip_marl/paper1/checkpoints/agent_91200.pt,0,b017_d80_e00,17,0.8,0,0.515958,0.3127,-0.515,0.463065,-0.223381,-0.19971,0.4874,1,0,0,0,nan,0.152661,0.252207,0.17097,0,0,0,0,0.233927,0.140406,0.122917,0.182972,0.181238,0.129809,0.843484,0.69948,0.706464,0.13702,0,nan,8.96795,0.150921,0.0958642,0.12264,0.0685399,0.122187,0.861291,0,22.894,20.4003,0.251608,0.611048,0.657635,0.370945,0.509175,0.071292,7.11676,arms_ik
l1,isaac,policy,1,/home/humanoid/Programs/Humanoid_Simulation/Locomanipulation_game/logs/skrl/locomanip_marl/paper1/checkpoints/agent_91200.pt,0,b017_d90_e00,17,0.9,0,0.515958,0.3127,-0.615,0.463065,-0.223381,-0.29971,0.3874,1,0,0,0,nan,0.179002,0.330621,0.224664,0,0,0,0,0.314278,0.105745,0.161419,0.122341,0.204821,0.129694,0.872838,0.698402,0.703514,0.169324,0,nan,9.58715,0.161995,-0.104621,0.115137,-0.13473,0.114667,1.12949,0,23.5228,10.9325,0.206291,0.599204,0.347837,0.350587,0.503129,0.048276,7.75393,arms_ik
l1,isaac,policy,1,/home/humanoid/Programs/Humanoid_Simulation/Locomanipulation_game/logs/skrl/locomanip_marl/paper1/checkpoints/agent_91200.pt,0,b017_d100_e00,17,1,0,0.515958,0.3127,-0.715,0.463065,-0.223381,-0.39971,0.2874,1,0,0,0,nan,0.27527,0.431903,0.269934,0,0,0,0,0.43035,0.159991,0.227135,0.254096,0.292548,0.197543,0.858233,0.701065,0.704231,0.154001,0,nan,8.53399,0.15714,-0.126474,0.126521,-0.117011,0.126975,1.06916,0,32.3511,10.1819,0.263096,0.61671,0.452437,0.320165,0.578373,0.0682703,6.39281,arms_ik
l1,isaac,policy,1,/home/humanoid/Programs/Humanoid_Simulation/Locomanipulation_game/logs/skrl/locomanip_marl/paper1/checkpoints/agent_91200.pt,0,b018_d00_e00,18,0,0,0.142559,0.417998,0.811668,0.426641,-0.126756,0.335782,1.33818,0,0,0,0,nan,0.155381,0.26832,0.686707,0,0,0,0,0.110678,0.228878,0.223719,0.661099,0.173309,0.414125,0.873984,0.778798,0.788735,0.0852494,0,nan,6.96365,0.167398,-0.117867,0.132717,-0.121308,0.126596,0.914099,2,19.7934,16.0387,0.218873,0.664344,0.704392,0.43046,0.649178,0.0503515,0.177832,arms_ik
l1,isaac,policy,1,/home/humanoid/Programs/Humanoid_Simulation/Locomanipulation_game/logs/skrl/locomanip_marl/paper1/checkpoints/agent_91200.pt,0,b018_d10_e00,18,0.1,0,0.142559,0.417998,0.711668,0.426641,-0.126756,0.235782,1.23818,0,0,0,0,nan,0.0955054,0.220858,0.444892,0,0,0,0,0.0560152,0.175066,0.0664062,0.311748,0.11041,0.23085,0.882333,0.784914,0.795566,0.0867671,0,nan,6.20775,0.158669,-0.166354,0.124952,-0.187546,0.11477,1.54788,2,10.2361,27.023,0.155152,0.77572,0.758189,0.475487,0.611763,0.0368776,-0.0779522,arms_ik
l1,isaac,policy,1,/home/humanoid/Programs/Humanoid_Simulation/Locomanipulation_game/logs/skrl/locomanip_marl/paper1/checkpoints/agent_91200.pt,0,b018_d20_e00,18,0.2,0,0.142559,0.417998,0.611668,0.426641,-0.126756,0.135782,1.13818,0,0,0,0,nan,0.199916,0.275393,0.59168,0,0,0,0,0.199174,0.266109,0.391758,0.418148,0.238966,0.460195,0.866596,0.771637,0.784915,0.0816817,0,nan,6.18267,0.193454,-0.163643,0.120804,-0.208691,0.117363,1.73759,4,30.1061,37.05,0.442022,0.84682,0.768659,0.608362,0.540347,0.035985,0.789258,arms_ik
l1,isaac,policy,1,/home/humanoid/Programs/Humanoid_Simulation/Locomanipulation_game/logs/skrl/locomanip_marl/paper1/checkpoints/agent_91200.pt,0,b018_d30_e00,18,0.3,0,0.142559,0.417998,0.511668,0.426641,-0.126756,0.0357816,1.03818,0,0,0,0,nan,0.0555419,0.153874,0.510065,0,0,0,0,0.0739533,0.135746,0.157016,0.303169,0.0899317,0.173084,0.879498,0.770231,0.77762,0.101878,0,nan,6.12874,0.19783,-0.159013,0.128329,-0.207445,0.124923,1.05554,6,24.4789,37.7589,0.382771,0.706294,0.683862,0.403481,0.756971,0.0363164,0.00972676,arms_ik
l1,isaac,policy,1,/home/humanoid/Programs/Humanoid_Simulation/Locomanipulation_game/logs/skrl/locomanip_marl/paper1/checkpoints/agent_91200.pt,0,b018_d40_e00,18,0.4,0,0.142559,0.417998,0.411668,0.426641,-0.126756,-0.0642184,0.938182,0,0,0,0,nan,0.098487,0.228712,1.02351,0,0,0,0,0.0892392,0.19831,0.0956776,0.844474,0.150491,0.535733,0.873326,0.75207,0.762644,0.110682,0,nan,6.63268,0.186182,-0.154925,0.118735,-0.207296,0.116595,1.63666,6,29.4165,38.6367,0.420142,0.840203,0.713487,0.775337,0.703437,0.0538774,1.38193,arms_ik
l1,isaac,policy,1,/home/humanoid/Programs/Humanoid_Simulation/Locomanipulation_game/logs/skrl/locomanip_marl/paper1/checkpoints/agent_91200.pt,0,b018_d50_e00,18,0.5,0,0.142559,0.417998,0.311668,0.426641,-0.126756,-0.164218,0.838182,1,0,1,0,nan,0.0403743,0.0919198,0.618418,0,0,0,0,0.0375284,0.0976568,0.124784,0.821032,0.0689685,0.392638,0.862838,0.733721,0.755817,0.10702,0,nan,7.41763,0.178775,-0.166604,0.128724,-0.228152,0.126212,0.775195,6,10.9849,22.1143,0.146459,0.824021,0.778699,0.553438,0.53117,0.0307242,1.21367,arms_ik
l1,isaac,policy,1,/home/humanoid/Programs/Humanoid_Simulation/Locomanipulation_game/logs/skrl/locomanip_marl/paper1/checkpoints/agent_91200.pt,0,b018_d60_e00,18,0.6,0,0.142559,0.417998,0.211668,0.426641,-0.126756,-0.264218,0.738182,1,0,0,0,nan,0.0700461,0.134748,0.793985,0,0,0,0,0.0461242,0.115042,0.128636,0.769599,0.0881987,0.45474,0.871413,0.741897,0.756177,0.115235,0,nan,5.79075,0.194105,-0.176073,0.119974,-0.201127,0.118022,1.07293,4,12.4894,17.9276,0.18668,0.747535,0.611125,0.62386,0.450562,0.0302887,1.70438,arms_ik
l1,isaac,policy,1,/home/humanoid/Programs/Humanoid_Simulation/Locomanipulation_game/logs/skrl/locomanip_marl/paper1/checkpoints/agent_91200.pt,0,b018_d70_e00,18,0.7,0,0.142559,0.417998,0.111668,0.426641,-0.126756,-0.364218,0.638182,1,0,0,0,nan,0.0881531,0.185667,0.886278,0,0,0,0,0.0480845,0.185559,0.126788,0.841467,0.112035,0.495627,0.874291,0.732226,0.743299,0.130992,0,nan,7.4659,0.20162,-0.188087,0.123162,-0.208223,0.119068,1.70569,3,5.35399,12.2449,0.118313,0.837347,0.753061,0.613888,0.460235,0.0330766,1.8741,arms_ik
l1,isaac,policy,1,/home/humanoid/Programs/Humanoid_Simulation/Locomanipulation_game/logs/skrl/locomanip_marl/paper1/checkpoints/agent_91200.pt,0,b018_d80_e00,18,0.8,0,0.142559,0.417998,0.0116685,0.426641,-0.126756,-0.464218,0.538182,1,0,1,0,nan,0.126569,0.233204,0.875305,0,0,0,0,0.0437189,0.228202,0.143547,0.785403,0.13448,0.478196,0.879871,0.732263,0.738768,0.141103,0,nan,6.69449,0.180781,-0.169814,0.11658,-0.171387,0.114234,1.0474,1,5.06078,19.229,0.185443,0.701953,0.705479,0.632369,0.548121,0.0372117,1.84212,arms_ik
l1,isaac,policy,1,/home/humanoid/Programs/Humanoid_Simulation/Locomanipulation_game/logs/skrl/locomanip_marl/paper1/checkpoints/agent_91200.pt,0,b018_d90_e00,18,0.9,0,0.142559,0.417998,-0.0883315,0.426641,-0.126756,-0.564218,0.438182,1,0,0,0,nan,0.177423,0.324058,0.965954,0,0,0,0,0.0621902,0.351669,0.174461,0.91703,0.203869,0.555509,0.870362,0.695151,0.707685,0.162677,0,nan,7.87429,0.197025,-0.150816,0.125648,-0.178936,0.124662,2.36778,3,6.79878,11.7614,0.125727,0.840728,0.639412,0.619829,0.51934,0.0424557,4.81091,arms_ik
l1,isaac,policy,1,/home/humanoid/Programs/Humanoid_Simulation/Locomanipulation_game/logs/skrl/locomanip_marl/paper1/checkpoints/agent_91200.pt,0,b018_d100_e00,18,1,0,0.142559,0.417998,-0.188332,0.426641,-0.126756,-0.664218,0.338182,1,0,1,0,nan,0.191468,0.355427,0.915315,0,0,0,0,0.0523595,0.349739,0.162694,0.91803,0.202323,0.502442,0.856726,0.705065,0.714401,0.142325,0,nan,7.68307,0.174832,-0.143837,0.0825331,-0.144326,0.0823614,1.47742,1,6.51403,10.2305,0.136214,0.824726,0.568457,0.399971,0.502332,0.0532429,3.55989,arms_ik
l1,isaac,policy,1,/home/humanoid/Programs/Humanoid_Simulation/Locomanipulation_game/logs/skrl/locomanip_marl/paper1/checkpoints/agent_91200.pt,0,b019_d00_e00,19,0,0,0.298014,0.514302,0.078747,0.34738,-0.383237,0.10938,1.08115,0,0,0,0,nan,0.0684161,0.102209,0.26444,0,0,0,0,0.104069,0.123063,0.235381,0.171534,0.09712,0.2181,0.856247,0.755115,0.768391,0.087856,0,nan,4.11881,0.137097,0.115588,0.124524,0.0940245,0.120121,1.3098,0,31.8058,22.6993,0.333981,0.518386,0.871029,0.306787,0.482399,0.0514619,-1.06741,arms_ik
l1,isaac,policy,1,/home/humanoid/Programs/Humanoid_Simulation/Locomanipulation_game/logs/skrl/locomanip_marl/paper1/checkpoints/agent_91200.pt,0,b019_d10_e00,19,0.1,0,0.298014,0.514302,-0.021253,0.34738,-0.383237,0.00937994,0.981147,0,0,0,0,nan,0.034469,0.0901054,0.223217,0,0,0,1,0.0918952,0.0685008,0.157629,0.200411,0.0834731,0.185025,0.875668,0.742677,0.762792,0.112876,0,nan,5.82364,0.132239,0.105109,0.127589,0.108662,0.124636,1.1878,0,37.9869,44.6631,0.514353,0.520732,0.663811,0.359285,0.535495,0.0445785,-0.2049,arms_ik
l1,isaac,policy,1,/home/humanoid/Programs/Humanoid_Simulation/Locomanipulation_game/logs/skrl/locomanip_marl/paper1/checkpoints/agent_91200.pt,0,b019_d20_e00,19,0.2,0,0.298014,0.514302,-0.121253,0.34738,-0.383237,-0.0906201,0.881147,1,0,0,0,nan,0.060103,0.0722959,0.289272,0,0,1,1,0.0632191,0.0622003,0.178467,0.406995,0.0655273,0.27444,0.880629,0.726404,0.738037,0.142592,0,nan,6.75422,0.152217,-0.18859,0.112648,-0.202511,0.113668,0.822127,5,7.64195,6.08492,0.0764702,0.828198,0.671654,0.546216,0.589439,0.0420695,1.78644,arms_ik
l1,isaac,policy,1,/home/humanoid/Programs/Humanoid_Simulation/Locomanipulation_game/logs/skrl/locomanip_marl/paper1/checkpoints/agent_91200.pt,0,b019_d30_e00,19,0.3,0,0.298014,0.514302,-0.221253,0.34738,-0.383237,-0.19062,0.781147,1,0,0,0,nan,0.0471605,0.0999044,0.165247,0,0,0,1,0.068543,0.100364,0.182104,0.117999,0.0734269,0.152377,0.849725,0.710856,0.715443,0.134282,0,nan,7.75373,0.156103,-0.113821,0.129187,-0.131368,0.128312,1.2241,1,19.3626,17.9023,0.223232,0.755805,0.443169,0.322149,0.552023,0.0560644,3.9082,arms_ik
l1,isaac,policy,1,/home/humanoid/Programs/Humanoid_Simulation/Locomanipulation_game/logs/skrl/locomanip_marl/paper1/checkpoints/agent_91200.pt,0,b019_d40_e00,19,0.4,0,0.298014,0.514302,-0.321253,0.34738,-0.383237,-0.29062,0.681147,1,0,0,0,nan,0.0602627,0.0936353,0.1566,0,0,0,1,0.0929273,0.0942184,0.160591,0.101145,0.0869124,0.126096,0.865262,0.700133,0.710569,0.154693,0,nan,9.43188,0.14246,-0.112087,0.131418,-0.117142,0.129232,1.85795,1,14.6105,16.4866,0.167084,0.490735,0.592968,0.287406,0.447772,0.0535872,5.21604,arms_ik
l1,isaac,policy,1,/home/humanoid/Programs/Humanoid_Simulation/Locomanipulation_game/logs/skrl/locomanip_marl/paper1/checkpoints/agent_91200.pt,0,b019_d50_e00,19,0.5,0,0.298014,0.514302,-0.421253,0.34738,-0.383237,-0.39062,0.581147,1,0,0,0,nan,0.114447,0.188121,0.170538,0,0,0,0,0.185656,0.0868856,0.166727,0.0794815,0.13761,0.130228,0.868669,0.693951,0.706281,0.162387,0,nan,8.20796,0.164229,-0.165718,0.132484,-0.185628,0.129806,0.540848,1,19.9783,10.899,0.18976,0.625072,0.710961,0.47059,0.462512,0.0499514,5.26964,arms_ik
l1,isaac,policy,1,/home/humanoid/Programs/Humanoid_Simulation/Locomanipulation_game/logs/skrl/locomanip_marl/paper1/checkpoints/agent_91200.pt,0,b019_d60_e00,19,0.6,0,0.298014,0.514302,-0.521253,0.34738,-0.383237,-0.49062,0.481147,1,0,0,0,nan,0.228766,0.295842,0.352644,0,0,0,0,0.299407,0.18239,0.313004,0.0686252,0.23887,0.159334,0.870248,0.701226,0.71293,0.157318,0,nan,8.4559,0.173534,-0.193341,0.128833,-0.233422,0.127599,0.862809,2,40.31,12.3658,0.295593,0.822397,0.530407,0.677123,0.5724,0.0471232,5.36753,arms_ik
l1,isaac,policy,1,/home/humanoid/Programs/Humanoid_Simulation/Locomanipulation_game/logs/skrl/locomanip_marl/paper1/checkpoints/agent_91200.pt,0,b019_d70_e00,19,0.7,0,0.298014,0.514302,-0.621253,0.34738,-0.383237,-0.59062,0.381147,1,0,0,0,nan,0.269389,0.304201,0.199983,0,0,0,0,0.345648,0.234705,0.251526,0.0581899,0.287067,0.138993,0.870564,0.68998,0.692953,0.177611,0,nan,11.0378,0.159961,0.109629,0.116976,0.0789076,0.115043,1.32996,0,23.6928,15.6539,0.224163,0.588577,0.482391,0.321872,0.578357,0.0507218,5.47715,arms_ik
l1,isaac,policy,1,/home/humanoid/Programs/Humanoid_Simulation/Locomanipulation_game/logs/skrl/locomanip_marl/paper1/checkpoints/agent_91200.pt,0,b019_d80_e00,19,0.8,0,0.298014,0.514302,-0.721253,0.34738,-0.383237,-0.69062,0.281147,1,0,0,0,nan,0.353767,0.395225,0.31751,0,0,0,0,0.403782,0.323944,0.204805,0.054991,0.370133,0.199097,0.854448,0.682045,0.687639,0.16681,0,nan,10.708,0.164846,0.108272,0.111579,0.0919189,0.109696,1.03406,0,43.2475,34.0529,0.423439,0.496619,0.519363,0.307917,0.620272,0.0529057,5.95841,arms_ik
l1,isaac,policy,1,/home/humanoid/Programs/Humanoid_Simulation/Locomanipulation_game/logs/skrl/locomanip_marl/paper1/checkpoints/agent_91200.pt,0,b019_d90_e00,19,0.9,0,0.298014,0.514302,-0.821253,0.34738,-0.383237,-0.79062,0.181147,1,0,0,0,nan,0.44511,0.536835,0.455892,0,0,0,0,0.553691,0.396895,0.395535,0.105564,0.460594,0.204521,0.866132,0.679412,0.692691,0.173441,0,nan,10.5841,0.195916,-0.158567,0.130787,-0.17308,0.129166,0.761955,1,39.3904,39.7681,0.405406,0.79492,0.449276,0.627777,0.58434,0.0511941,7.3909,arms_ik
l1,isaac,policy,1,/home/humanoid/Programs/Humanoid_Simulation/Locomanipulation_game/logs/skrl/locomanip_marl/paper1/checkpoints/agent_91200.pt,0,b019_d100_e00,19,1,0,0.298014,0.514302,-0.921253,0.34738,-0.383237,-0.89062,0.081147,1,0,0,0,nan,0.533566,0.592402,0.412461,0,0,0,0,0.577562,0.498291,0.190769,0.0854711,0.541453,0.20689,0.867043,0.671293,0.67781,0.189233,0,nan,11.9607,0.181405,-0.134857,0.123241,-0.132378,0.124679,0.627258,1,30.2907,37.6021,0.347097,0.612859,0.598767,0.368084,0.561326,0.0621591,7.84747,arms_ik
l1,isaac,policy,1,/home/humanoid/Programs/Humanoid_Simulation/Locomanipulation_game/logs/skrl/locomanip_marl/paper1/checkpoints/agent_91200.pt,0,b020_d00_e00,20,0,0,0.102095,0.708658,0.619258,0.293507,-0.0760956,0.00673925,1.00914,0,0,0,0,nan,0.0492256,0.0796885,0.159749,0,0,1,1,0.0584946,0.103964,0.147341,0.165665,0.076773,0.129015,0.869628,0.773992,0.819765,0.0498634,0,nan,5.30423,0.16444,-0.220856,0.117136,-0.249885,0.112697,1.22481,7,27.1375,16.4413,0.214828,0.866185,0.824315,0.559661,0.58607,0.0417258,-0.720586,arms_ik
l1,isaac,policy,1,/home/humanoid/Programs/Humanoid_Simulation/Locomanipulation_game/logs/skrl/locomanip_marl/paper1/checkpoints/agent_91200.pt,0,b020_d10_e00,20,0.1,0,0.102095,0.708658,0.519258,0.293507,-0.0760956,-0.0932607,0.909139,0,0,0,0,nan,0.0497958,0.0896109,0.137103,0,0,0,1,0.0654471,0.111654,0.162049,0.159836,0.0760397,0.12871,0.877647,0.784188,0.800006,0.0776414,0,nan,5.9391,0.165971,-0.225196,0.123014,-0.254069,0.109158,1.76756,2,11.941,10.2806,0.093873,0.740698,0.849223,0.595094,0.606609,0.0506523,-0.444418,arms_ik
l1,isaac,policy,1,/home/humanoid/Programs/Humanoid_Simulation/Locomanipulation_game/logs/skrl/locomanip_marl/paper1/checkpoints/agent_91200.pt,0,b020_d20_e00,20,0.2,0,0.102095,0.708658,0.419258,0.293507,-0.0760956,-0.193261,0.809139,1,0,0,0,nan,0.0673116,0.110441,0.231843,0,0,0,0,0.0913413,0.133707,0.202914,0.119437,0.110388,0.154123,0.864788,0.731222,0.748648,0.11614,0,nan,6.51816,0.287618,-0.249231,0.118886,-0.338357,0.115194,1.74261,12,20.2795,9.04713,0.120171,0.838286,0.990456,0.846877,0.646038,0.07318,3.07887,arms_ik
l1,isaac,policy,1,/home/humanoid/Programs/Humanoid_Simulation/Locomanipulation_game/logs/skrl/locomanip_marl/paper1/checkpoints/agent_91200.pt,0,b020_d30_e00,20,0.3,0,0.102095,0.708658,0.319258,0.293507,-0.0760956,-0.293261,0.709139,1,0,0,0,nan,0.0784294,0.114961,0.247517,0,0,0,0,0.0967969,0.105841,0.215527,0.171507,0.100378,0.18645,0.876338,0.735778,0.750576,0.125761,0,nan,6.83617,0.180588,-0.193145,0.118191,-0.191517,0.111293,0.914866,3,14.6142,21.0048,0.201056,0.814233,0.688075,0.484623,0.663805,0.054323,2.28544,arms_ik
l1,isaac,policy,1,/home/humanoid/Programs/Humanoid_Simulation/Locomanipulation_game/logs/skrl/locomanip_marl/paper1/checkpoints/agent_91200.pt,0,b020_d40_e00,20,0.4,0,0.102095,0.708658,0.219258,0.293507,-0.0760956,-0.393261,0.609139,1,0,0,0,nan,0.100083,0.134105,0.237604,0,0,0,0,0.136307,0.130631,0.307175,0.150788,0.129763,0.192239,0.878703,0.735827,0.750893,0.12781,0,nan,9.75835,0.194208,-0.20599,0.108366,-0.246258,0.101567,0.91791,3,21.4245,18.4516,0.169163,0.756464,0.712349,0.402303,0.599851,0.0521467,3.20468,arms_ik
l1,isaac,policy,1,/home/humanoid/Programs/Humanoid_Simulation/Locomanipulation_game/logs/skrl/locomanip_marl/paper1/checkpoints/agent_91200.pt,0,b020_d50_e00,20,0.5,0,0.102095,0.708658,0.119258,0.293507,-0.0760956,-0.493261,0.509139,1,0,0,0,nan,0.102372,0.1644,0.223131,0,0,0,0,0.12133,0.168599,0.286053,0.138895,0.12861,0.177013,0.880211,0.7369,0.741901,0.13831,0,nan,7.92244,0.2062,-0.107148,0.122322,-0.121637,0.116746,1.20739,3,31.3864,14.0275,0.316578,0.842533,0.642468,0.419224,0.617921,0.0444738,4.75432,arms_ik
l1,isaac,policy,1,/home/humanoid/Programs/Humanoid_Simulation/Locomanipulation_game/logs/skrl/locomanip_marl/paper1/checkpoints/agent_91200.pt,0,b020_d60_e00,20,0.6,0,0.102095,0.708658,0.0192576,0.293507,-0.0760956,-0.593261,0.409139,1,0,0,0,nan,0.175684,0.283249,0.261456,0,0,0,0,0.153466,0.283264,0.299166,0.155527,0.215335,0.225882,0.863186,0.71622,0.72365,0.139536,0,nan,7.88045,0.197201,-0.203291,0.134042,-0.220051,0.130031,2.35512,6,14.3703,14.1015,0.198161,0.849493,0.815571,0.509205,0.572478,0.0500017,5.92639,arms_ik
l1,isaac,policy,1,/home/humanoid/Programs/Humanoid_Simulation/Locomanipulation_game/logs/skrl/locomanip_marl/paper1/checkpoints/agent_91200.pt,0,b020_d70_e00,20,0.7,0,0.102095,0.708658,-0.0807424,0.293507,-0.0760956,-0.693261,0.309139,1,0,0,0,nan,0.214339,0.378648,0.26633,0,0,0,0,0.131421,0.37002,0.282116,0.135938,0.251746,0.201023,0.867373,0.700169,0.711163,0.156211,0,nan,9.66497,0.203326,-0.194687,0.130093,-0.259615,0.128283,0.871433,5,24.4704,20.7254,0.295141,0.875765,0.420614,0.560135,0.562023,0.0516329,7.30911,arms_ik
l1,isaac,policy,1,/home/humanoid/Programs/Humanoid_Simulation/Locomanipulation_game/logs/skrl/locomanip_marl/paper1/checkpoints/agent_91200.pt,0,b020_d80_e00,20,0.8,0,0.102095,0.708658,-0.180742,0.293507,-0.0760956,-0.793261,0.209139,1,0,0,0,nan,0.248131,0.426488,0.219502,0,0,0,0,0.111296,0.42319,0.241088,0.133326,0.26608,0.181386,0.867651,0.695497,0.705999,0.161652,0,nan,11.0823,0.199529,-0.194521,0.127901,-0.218871,0.125783,0.987831,4,10.9282,6.46496,0.129805,0.756656,0.420333,0.553053,0.536656,0.0545292,7.65099,arms_ik
l1,isaac,policy,1,/home/humanoid/Programs/Humanoid_Simulation/Locomanipulation_game/logs/skrl/locomanip_marl/paper1/checkpoints/agent_91200.pt,0,b020_d90_e00,20,0.9,0,0.102095,0.708658,-0.280742,0.293507,-0.0760956,-0.893261,0.109139,1,0,0,0,nan,0.302407,0.496669,0.234124,0,0,0,0,0.156722,0.483243,0.197067,0.182145,0.329076,0.190605,0.882145,0.693194,0.701014,0.181132,0,nan,9.23061,0.200929,-0.192177,0.130802,-0.235942,0.128133,1.2427,2,24.8032,5.61233,0.255583,0.692055,0.42907,0.48674,0.511679,0.0707014,7.27541,arms_ik
l1,isaac,policy,1,/home/humanoid/Programs/Humanoid_Simulation/Locomanipulation_game/logs/skrl/locomanip_marl/paper1/checkpoints/agent_91200.pt,0,b020_d100_e00,20,1,0,0.102095,0.708658,-0.380742,0.293507,-0.0760956,-0.993261,0.00913925,1,0,0,0,nan,0.388202,0.591096,0.410681,0,0,0,0,0.247412,0.591738,0.400397,0.488732,0.406713,0.415336,0.879667,0.69194,0.698364,0.181303,0,nan,10.6334,0.186985,-0.152864,0.124631,-0.190795,0.122629,0.760436,1,16.0175,8.27829,0.121044,0.667372,0.471627,0.396337,0.655525,0.0832367,8.13777,arms_ik
l1,isaac,policy,1,/home/humanoid/Programs/Humanoid_Simulation/Locomanipulation_game/logs/skrl/locomanip_marl/paper1/checkpoints/agent_91200.pt,0,b021_d00_e00,21,0,0,0.501491,-0.0015368,0.404817,0.183125,-0.702259,0.279299,1.2817,0,0,0,0,nan,0.166484,0.314861,0.707363,0,0,0,0,0.297726,0.0698953,0.503211,0.0669468,0.194565,0.33751,0.867041,0.755031,0.775275,0.0917662,0,nan,5.82156,0.134553,0.0872648,0.119698,0.0601912,0.125534,0.969783,0,19.5573,34.6445,0.286193,0.797082,0.829556,0.416677,0.683787,0.0466092,2.94027,arms_ik
l1,isaac,policy,1,/home/humanoid/Programs/Humanoid_Simulation/Locomanipulation_game/logs/skrl/locomanip_marl/paper1/checkpoints/agent_91200.pt,0,b021_d10_e00,21,0.1,0,0.501491,-0.0015368,0.304817,0.183125,-0.702259,0.179299,1.1817,0,0,0,0,nan,0.117551,0.227805,0.338974,0,0,0,0,0.209413,0.141579,0.395918,0.109231,0.154881,0.244802,0.884899,0.744912,0.780004,0.104895,0,nan,7.289,0.139433,-0.0281786,0.127081,-0.0185888,0.12216,0.796103,2,28.4873,40.3691,0.424061,0.752563,0.69765,0.374167,0.813541,0.0251241,1.69763,arms_ik
l1,isaac,policy,1,/home/humanoid/Programs/Humanoid_Simulation/Locomanipulation_game/logs/skrl/locomanip_marl/paper1/checkpoints/agent_91200.pt,0,b021_d20_e00,21,0.2,0,0.501491,-0.0015368,0.204817,0.183125,-0.702259,0.0792994,1.0817,0,0,0,0,nan,0.104824,0.197191,0.339064,0,0,0,0,0.139476,0.100565,0.264566,0.149903,0.131034,0.203669,0.87285,0.757121,0.77664,0.0962106,0,nan,6.49902,0.171529,-0.232247,0.129103,-0.220741,0.1203,1.03912,0,41.1149,53.88,0.609006,0.712394,0.771241,0.491636,0.878185,0.0232501,1.86556,arms_ik
l1,isaac,policy,1,/home/humanoid/Programs/Humanoid_Simulation/Locomanipulation_game/logs/skrl/locomanip_marl/paper1/checkpoints/agent_91200.pt,0,b021_d30_e00,21,0.3,0,0.501491,-0.0015368,0.104817,0.183125,-0.702259,-0.0207006,0.981699,0,0,0,0,nan,0.0558209,0.137432,0.254844,0,0,0,0,0.0879922,0.107073,0.159384,0.216075,0.102553,0.191947,0.853044,0.745749,0.760192,0.0928512,0,nan,6.75354,0.168274,0.0963309,0.121877,0.086814,0.119248,1.15448,0,54.8927,50.03,0.675565,0.674342,0.751103,0.389144,0.78124,0.0217698,3.06769,arms_ik
l1,isaac,policy,1,/home/humanoid/Programs/Humanoid_Simulation/Locomanipulation_game/logs/skrl/locomanip_marl/paper1/checkpoints/agent_91200.pt,0,b021_d40_e00,21,0.4,0,0.501491,-0.0015368,0.00481707,0.183125,-0.702259,-0.120701,0.881699,1,0,1,0,nan,0.0434782,0.0776309,0.171837,0,0,1,1,0.0361372,0.0607553,0.111767,0.0972495,0.0521493,0.120561,0.858055,0.733515,0.761686,0.0963689,0,nan,11.1582,0.226901,-0.218516,0.127105,-0.286771,0.123829,1.34614,9,10.1317,16.4043,0.181361,0.851088,0.962808,0.664651,0.747359,0.0289119,3.32726,arms_ik
l1,isaac,policy,1,/home/humanoid/Programs/Humanoid_Simulation/Locomanipulation_game/logs/skrl/locomanip_marl/paper1/checkpoints/agent_91200.pt,0,b021_d50_e00,21,0.5,0,0.501491,-0.0015368,-0.0951829,0.183125,-0.702259,-0.220701,0.781699,1,0,0,0,nan,0.0538511,0.128062,0.256525,0,0,0,0,0.113238,0.122192,0.146884,0.146081,0.0908933,0.145844,0.864487,0.727491,0.743105,0.121381,0,nan,10.1479,0.161102,0.100352,0.114923,0.0838503,0.109831,1.24183,0,51.9732,42.7577,0.416959,0.679839,0.65236,0.365087,0.727364,0.0468884,3.96294,arms_ik
l1,isaac,policy,1,/home/humanoid/Programs/Humanoid_Simulation/Locomanipulation_game/logs/skrl/locomanip_marl/paper1/checkpoints/agent_91200.pt,0,b021_d60_e00,21,0.6,0,0.501491,-0.0015368,-0.195183,0.183125,-0.702259,-0.320701,0.681699,1,0,0,0,nan,0.0372766,0.072268,0.268101,0,0,1,1,0.0601527,0.0614671,0.191307,0.171167,0.0595384,0.180267,0.866183,0.700343,0.712454,0.15373,0,nan,10.6713,0.165208,-0.155077,0.10332,-0.163276,0.103882,0.691437,0,11.5314,8.78386,0.120825,0.65563,0.479578,0.423952,0.481031,0.0354821,5.36433,arms_ik
l1,isaac,policy,1,/home/humanoid/Programs/Humanoid_Simulation/Locomanipulation_game/logs/skrl/locomanip_marl/paper1/checkpoints/agent_91200.pt,0,b021_d70_e00,21,0.7,0,0.501491,-0.0015368,-0.295183,0.183125,-0.702259,-0.420701,0.581699,1,0,0,0,nan,0.138249,0.204228,0.340449,0,0,0,0,0.197814,0.217993,0.210406,0.149786,0.167269,0.203803,0.846054,0.70312,0.728425,0.117629,0,nan,11.2124,0.220506,-0.206868,0.100971,-0.276273,0.0966185,1.57118,7,30.9683,32.075,0.297606,0.852908,0.692234,0.544266,0.477052,0.0787648,5.95725,arms_ik
l1,isaac,policy,1,/home/humanoid/Programs/Humanoid_Simulation/Locomanipulation_game/logs/skrl/locomanip_marl/paper1/checkpoints/agent_91200.pt,0,b021_d80_e00,21,0.8,0,0.501491,-0.0015368,-0.395183,0.183125,-0.702259,-0.520701,0.481699,1,0,0,0,nan,0.164121,0.196448,0.417009,0,0,0,0,0.164799,0.198366,0.388994,0.212833,0.174361,0.3076,0.856011,0.69507,0.708073,0.147937,0,nan,11.5043,0.160259,-0.00266652,0.0986018,-0.00685635,0.096432,0.873235,1,21.115,24.3859,0.272272,0.740666,0.486757,0.371662,0.589057,0.0515688,5.68647,arms_ik
l1,isaac,policy,1,/home/humanoid/Programs/Humanoid_Simulation/Locomanipulation_game/logs/skrl/locomanip_marl/paper1/checkpoints/agent_91200.pt,0,b021_d90_e00,21,0.9,0,0.501491,-0.0015368,-0.495183,0.183125,-0.702259,-0.620701,0.381699,1,0,0,0,nan,0.240299,0.275873,0.525615,0,0,0,0,0.246051,0.279303,0.534241,0.247547,0.254992,0.3362,0.879087,0.69284,0.705523,0.173564,0,nan,12.0328,0.166752,-0.209056,0.112641,-0.204546,0.114106,0.728065,3,24.2904,17.132,0.256336,0.67884,0.585164,0.410847,0.552222,0.0538134,5.62868,arms_ik
l1,isaac,policy,1,/home/humanoid/Programs/Humanoid_Simulation/Locomanipulation_game/logs/skrl/locomanip_marl/paper1/checkpoints/agent_91200.pt,0,b021_d100_e00,21,1,0,0.501491,-0.0015368,-0.595183,0.183125,-0.702259,-0.720701,0.281699,1,0,0,0,nan,0.354315,0.401239,0.522834,0,0,0,0,0.326134,0.418623,0.454081,0.317812,0.371337,0.371119,0.893596,0.700158,0.712096,0.1815,0,nan,12.0644,0.18414,-0.102707,0.115573,-0.10278,0.11617,0.717678,5,30.9613,36.8926,0.346026,0.716829,0.556502,0.551561,0.716203,0.0557284,6.29237,arms_ik
l1,isaac,policy,1,/home/humanoid/Programs/Humanoid_Simulation/Locomanipulation_game/logs/skrl/locomanip_marl/paper1/checkpoints/agent_91200.pt,0,b022_d00_e00,22,0,0,0.160291,0.102149,0.699964,0.134784,-0.574462,0.098392,1.10079,0,0,0,0,nan,0.171419,0.338619,0.558783,0,0,0,0,0.276446,0.0663911,0.457849,0.131842,0.193906,0.305383,0.866392,0.785372,0.805134,0.0612577,0,nan,6.95114,0.201317,-0.222284,0.1295,-0.290837,0.130702,0.837818,9,27.4563,18.3752,0.265172,0.722049,0.84211,0.668791,0.552142,0.0534227,-2.37473,arms_ik
l1,isaac,policy,1,/home/humanoid/Programs/Humanoid_Simulation/Locomanipulation_game/logs/skrl/locomanip_marl/paper1/checkpoints/agent_91200.pt,0,b022_d10_e00,22,0.1,0,0.160291,0.102149,0.599964,0.134784,-0.574462,-0.00160801,1.00079,0,0,0,0,nan,0.0988083,0.154411,0.244415,0,0,0,0,0.155994,0.0884007,0.236586,0.0831656,0.111915,0.196118,0.872243,0.771233,0.808312,0.0639304,0,nan,7.64122,0.180542,-0.269143,0.0955545,-0.321091,0.0925076,1.09396,8,21.6417,15.6373,0.205792,0.82448,0.838364,0.683393,0.468472,0.0506033,-1.63826,arms_ik
l1,isaac,policy,1,/home/humanoid/Programs/Humanoid_Simulation/Locomanipulation_game/logs/skrl/locomanip_marl/paper1/checkpoints/agent_91200.pt,0,b022_d20_e00,22,0.2,0,0.160291,0.102149,0.499964,0.134784,-0.574462,-0.101608,0.900792,0,0,0,0,nan,0.0628496,0.0980877,0.113853,0,0,0,1,0.0739779,0.0662091,0.0849177,0.0791096,0.0757393,0.0857541,0.869655,0.747873,0.790172,0.0794835,0,nan,6.66785,0.164175,-0.254414,0.122185,-0.322902,0.117517,1.25246,5,12.9687,24.096,0.232322,0.849803,0.778252,0.587589,0.513154,0.0474221,0.307068,arms_ik
l1,isaac,policy,1,/home/humanoid/Programs/Humanoid_Simulation/Locomanipulation_game/logs/skrl/locomanip_marl/paper1/checkpoints/agent_91200.pt,0,b022_d30_e00,22,0.3,0,0.160291,0.102149,0.399964,0.134784,-0.574462,-0.201608,0.800792,1,0,1,0,nan,0.0434784,0.0698702,0.117207,0,0,1,1,0.0600783,0.0747716,0.0890461,0.08654,0.0609463,0.0928189,0.861396,0.756322,0.789158,0.0722375,0,nan,8.63995,0.167248,-0.196907,0.0687151,-0.207027,0.0553204,1.3584,5,11.2662,11.0278,0.129254,0.84366,0.804324,0.607879,0.826351,0.0309666,-2.0898,arms_ik
l1,isaac,policy,1,/home/humanoid/Programs/Humanoid_Simulation/Locomanipulation_game/logs/skrl/locomanip_marl/paper1/checkpoints/agent_91200.pt,0,b022_d40_e00,22,0.4,0,0.160291,0.102149,0.299964,0.134784,-0.574462,-0.301608,0.700792,1,0,1,0,nan,0.0582425,0.0967878,0.125725,0,0,0,1,0.0624935,0.0906689,0.114266,0.0658461,0.0708906,0.08824,0.873777,0.753338,0.761021,0.112756,0,nan,8.08502,0.167285,-0.206771,0.108565,-0.248349,0.108072,0.573599,6,7.54688,12.2369,0.110142,0.881513,0.591713,0.55141,0.52525,0.0443225,0.906416,arms_ik
l1,isaac,policy,1,/home/humanoid/Programs/Humanoid_Simulation/Locomanipulation_game/logs/skrl/locomanip_marl/paper1/checkpoints/agent_91200.pt,0,b022_d50_e00,22,0.5,0,0.160291,0.102149,0.199964,0.134784,-0.574462,-0.401608,0.600792,1,0,1,0,nan,0.0656802,0.126577,0.137773,0,0,0,0,0.0477265,0.132592,0.122162,0.0789719,0.0810149,0.099211,0.869678,0.72474,0.728262,0.141416,0,nan,7.92664,0.163703,-0.172834,0.131261,-0.201628,0.127992,0.649082,4,3.39346,9.26829,0.0613672,0.729822,0.620685,0.570075,0.46704,0.0333977,1.65329,arms_ik
l1,isaac,policy,1,/home/humanoid/Programs/Humanoid_Simulation/Locomanipulation_game/logs/skrl/locomanip_marl/paper1/checkpoints/agent_91200.pt,0,b022_d60_e00,22,0.6,0,0.160291,0.102149,0.0999637,0.134784,-0.574462,-0.501608,0.500792,1,0,0,0,nan,0.103051,0.262295,0.270286,0,0,0,0,0.0664101,0.251729,0.134515,0.0462913,0.152093,0.131627,0.85475,0.712383,0.729161,0.125589,0,nan,9.69809,0.187916,-0.16283,0.121689,-0.181403,0.12085,1.00809,7,11.4616,38.9992,0.299032,0.853231,0.697151,0.519389,0.531338,0.0572655,3.87414,arms_ik
l1,isaac,policy,1,/home/humanoid/Programs/Humanoid_Simulation/Locomanipulation_game/logs/skrl/locomanip_marl/paper1/checkpoints/agent_91200.pt,0,b022_d70_e00,22,0.7,0,0.160291,0.102149,-3.62515e-05,0.134784,-0.574462,-0.601608,0.400792,1,0,0,0,nan,0.153379,0.319465,0.340401,0,0,0,0,0.0639248,0.30289,0.0927699,0.172791,0.181434,0.150298,0.876056,0.717991,0.721469,0.154587,0,nan,7.07974,0.171053,-0.214115,0.129056,-0.243989,0.129248,0.946221,3,7.40929,38.2217,0.322833,0.880704,0.582606,0.533835,0.537715,0.0538922,2.44715,arms_ik
l1,isaac,policy,1,/home/humanoid/Programs/Humanoid_Simulation/Locomanipulation_game/logs/skrl/locomanip_marl/paper1/checkpoints/agent_91200.pt,0,b022_d80_e00,22,0.8,0,0.160291,0.102149,-0.100036,0.134784,-0.574462,-0.701608,0.300792,1,0,0,0,nan,0.199837,0.366696,0.328215,0,0,0,0,0.0771129,0.362784,0.0633866,0.312493,0.204746,0.124278,0.873772,0.704154,0.7109,0.162871,0,nan,8.20022,0.172638,-0.13029,0.115428,-0.135137,0.114506,1.11723,2,12.9588,37.5161,0.298525,0.762071,0.753009,0.355634,0.563718,0.0670571,3.81486,arms_ik
l1,isaac,policy,1,/home/humanoid/Programs/Humanoid_Simulation/Locomanipulation_game/logs/skrl/locomanip_marl/paper1/checkpoints/agent_91200.pt,0,b022_d90_e00,22,0.9,0,0.160291,0.102149,-0.200036,0.134784,-0.574462,-0.801608,0.200792,1,0,0,0,nan,0.25212,0.501458,0.447354,0,0,0,0,0.0659153,0.483921,0.0902304,0.211545,0.272935,0.185121,0.872418,0.698105,0.706172,0.166246,0,nan,8.66726,0.184989,-0.223145,0.130436,-0.228754,0.127831,1.47092,5,14.5708,40.6036,0.304907,0.77758,0.682193,0.626783,0.663101,0.0456572,5.71231,arms_ik
l1,isaac,policy,1,/home/humanoid/Programs/Humanoid_Simulation/Locomanipulation_game/logs/skrl/locomanip_marl/paper1/checkpoints/agent_91200.pt,0,b022_d100_e00,22,1,0,0.160291,0.102149,-0.300036,0.134784,-0.574462,-0.901608,0.100792,1,0,0,0,nan,0.290529,0.574686,0.460441,0,0,0,0,0.148366,0.586297,0.117445,0.0868545,0.430287,0.210598,0.883226,0.679475,0.71605,0.167176,0,nan,11.9178,0.246551,-0.178455,0.0980567,-0.212062,0.0794884,1.94541,9,36.919,54.1845,0.365364,0.91114,0.544198,0.83772,0.611446,0.0447014,6.91197,arms_ik
l1,isaac,policy,1,/home/humanoid/Programs/Humanoid_Simulation/Locomanipulation_game/logs/skrl/locomanip_marl/paper1/checkpoints/agent_91200.pt,0,b023_d00_e00,23,0,0,0.467644,-0.0164978,0.352469,0.214471,-0.0582117,-0.00157616,1.00082,0,0,0,0,nan,0.234863,0.430608,0.455176,0,0,0,0,0.443658,0.0774986,0.468402,0.269491,0.243938,0.354451,0.884543,0.767927,0.789894,0.0946489,0,nan,8.57052,0.156617,-0.168135,0.111205,-0.186978,0.102952,1.36005,1,18.2048,12.0605,0.204176,0.673157,0.688412,0.459455,0.603179,0.00784915,-0.555282,arms_ik
l1,isaac,policy,1,/home/humanoid/Programs/Humanoid_Simulation/Locomanipulation_game/logs/skrl/locomanip_marl/paper1/checkpoints/agent_91200.pt,0,b023_d10_e00,23,0.1,0,0.467644,-0.0164978,0.252469,0.214471,-0.0582117,-0.101576,0.900824,0,0,0,0,nan,0.0885662,0.170838,0.232145,0,0,0,0,0.155148,0.0553987,0.225395,0.200641,0.105848,0.198826,0.845573,0.746751,0.759752,0.0858207,0,nan,7.51068,0.14495,-0.141083,0.121748,-0.158516,0.121639,1.27246,2,13.9245,5.46131,0.15616,0.607901,0.659003,0.450409,0.644081,0.014548,2.44988,arms_ik
l1,isaac,policy,1,/home/humanoid/Programs/Humanoid_Simulation/Locomanipulation_game/logs/skrl/locomanip_marl/paper1/checkpoints/agent_91200.pt,0,b023_d20_e00,23,0.2,0,0.467644,-0.0164978,0.152469,0.214471,-0.0582117,-0.201576,0.800824,1,0,0,1,nan,0.0562008,0.117255,0.172266,0,0,0,0,0.127625,0.0493366,0.17841,0.162815,0.0718474,0.142488,0.862082,0.743913,0.753739,0.108343,0,nan,7.83938,0.137306,0.110483,0.125912,0.0869248,0.124784,1.29287,0,22.147,5.1399,0.102392,0.655438,0.619997,0.37852,0.739826,0.0243707,2.3605,arms_ik
l1,isaac,policy,1,/home/humanoid/Programs/Humanoid_Simulation/Locomanipulation_game/logs/skrl/locomanip_marl/paper1/checkpoints/agent_91200.pt,0,b023_d30_e00,23,0.3,0,0.467644,-0.0164978,0.0524688,0.214471,-0.0582117,-0.301576,0.700824,1,0,0,0,nan,0.0401789,0.0911372,0.182807,0,0,0,1,0.073279,0.0456254,0.136902,0.15377,0.0592986,0.141388,0.879592,0.724492,0.741446,0.138146,0,nan,8.75381,0.133787,0.10274,0.130826,0.0817591,0.12809,1.20091,0,19.2361,5.86666,0.118308,0.606898,0.621666,0.349201,0.600313,0.0185409,3.5215,arms_ik
l1,isaac,policy,1,/home/humanoid/Programs/Humanoid_Simulation/Locomanipulation_game/logs/skrl/locomanip_marl/paper1/checkpoints/agent_91200.pt,0,b023_d40_e00,23,0.4,0,0.467644,-0.0164978,-0.0475312,0.214471,-0.0582117,-0.401576,0.600824,1,0,0,0,nan,0.0646611,0.0850878,0.21848,0,0,0,1,0.0633832,0.0812766,0.113087,0.209639,0.0709527,0.162236,0.865114,0.710383,0.728988,0.136127,0,nan,7.72397,0.133119,-0.101012,0.131927,-0.097892,0.129029,0.727436,1,5.33786,3.18365,0.0558227,0.597328,0.383522,0.305354,0.671155,0.0207602,5.04631,arms_ik
l1,isaac,policy,1,/home/humanoid/Programs/Humanoid_Simulation/Locomanipulation_game/logs/skrl/locomanip_marl/paper1/checkpoints/agent_91200.pt,0,b023_d50_e00,23,0.5,0,0.467644,-0.0164978,-0.147531,0.214471,-0.0582117,-0.501576,0.500824,1,0,0,0,nan,0.109472,0.1512,0.30553,0,0,0,0,0.0878902,0.146795,0.109921,0.32991,0.114756,0.21574,0.854054,0.702262,0.716497,0.137556,0,nan,7.9419,0.130169,-0.132428,0.119668,-0.136112,0.117785,1.19259,1,10.3546,6.51799,0.0971382,0.533511,0.468157,0.400635,0.682615,0.0270696,6.66787,arms_ik
l1,isaac,policy,1,/home/humanoid/Programs/Humanoid_Simulation/Locomanipulation_game/logs/skrl/locomanip_marl/paper1/checkpoints/agent_91200.pt,0,b023_d60_e00,23,0.6,0,0.467644,-0.0164978,-0.247531,0.214471,-0.0582117,-0.601576,0.400824,1,0,0,0,nan,0.14747,0.225785,0.139068,0,0,0,0,0.0986307,0.222752,0.0524989,0.143786,0.161107,0.0984975,0.871922,0.694924,0.701117,0.170806,0,nan,7.47053,0.142774,-0.133516,0.127318,-0.154282,0.127092,1.08143,1,10.7117,7.42313,0.107993,0.542355,0.502962,0.351128,0.538277,0.0801117,5.63802,arms_ik
l1,isaac,policy,1,/home/humanoid/Programs/Humanoid_Simulation/Locomanipulation_game/logs/skrl/locomanip_marl/paper1/checkpoints/agent_91200.pt,0,b023_d70_e00,23,0.7,0,0.467644,-0.0164978,-0.347531,0.214471,-0.0582117,-0.701576,0.300824,1,0,0,0,nan,0.213562,0.302075,0.155064,0,0,0,0,0.134393,0.300596,0.0919772,0.149158,0.220519,0.129157,0.85866,0.692096,0.696415,0.162246,0,nan,7.68809,0.141701,0.0947344,0.122829,0.0772067,0.123366,0.937847,0,8.80773,3.74646,0.148014,0.480225,0.465746,0.343185,0.522543,0.0683452,5.84604,arms_ik
l1,isaac,policy,1,/home/humanoid/Programs/Humanoid_Simulation/Locomanipulation_game/logs/skrl/locomanip_marl/paper1/checkpoints/agent_91200.pt,0,b023_d80_e00,23,0.8,0,0.467644,-0.0164978,-0.447531,0.214471,-0.0582117,-0.801576,0.200824,1,0,0,0,nan,0.286219,0.379385,0.182306,0,0,0,0,0.204091,0.375453,0.138321,0.171804,0.291638,0.154875,0.878776,0.686907,0.691285,0.187491,0,nan,10.2955,0.178717,0.113402,0.130131,0.0767325,0.127759,1.07425,2,6.23166,5.10654,0.167515,0.50421,0.330318,0.330164,0.444914,0.0531804,7.2338,arms_ik
l1,isaac,policy,1,/home/humanoid/Programs/Humanoid_Simulation/Locomanipulation_game/logs/skrl/locomanip_marl/paper1/checkpoints/agent_91200.pt,0,b023_d90_e00,23,0.9,0,0.467644,-0.0164978,-0.547531,0.214471,-0.0582117,-0.901576,0.100824,1,0,0,0,nan,0.367889,0.478148,0.201987,0,0,0,0,0.286349,0.480036,0.108488,0.206228,0.373066,0.138161,0.878218,0.680993,0.684783,0.193435,0,nan,9.68546,0.19267,-0.149525,0.116457,-0.160225,0.113307,0.763454,2,12.7548,5.43146,0.182219,0.661252,0.613647,0.529366,0.551311,0.0699628,6.64111,arms_ik
l1,isaac,policy,1,/home/humanoid/Programs/Humanoid_Simulation/Locomanipulation_game/logs/skrl/locomanip_marl/paper1/checkpoints/agent_91200.pt,0,b023_d100_e00,23,1,0,0.467644,-0.0164978,-0.647531,0.214471,-0.0582117,-1.00158,0.000823844,1,0,0,0,nan,0.464172,0.576697,0.250429,0,0,0,0,0.360161,0.574949,0.144886,0.245958,0.468763,0.178327,0.828815,0.67806,0.682837,0.145978,0,nan,10.1863,0.193962,-0.147151,0.131978,-0.166001,0.128578,0.708532,2,8.84311,5.73806,0.198563,0.71442,0.475508,0.419309,0.588232,0.0667486,8.36322,arms_ik
l1,isaac,policy,1,/home/humanoid/Programs/Humanoid_Simulation/Locomanipulation_game/logs/skrl/locomanip_marl/paper1/checkpoints/agent_91200.pt,0,b024_d00_e00,24,0,0,0.277088,0.461229,0.452079,0.381309,-0.195742,0.410196,1.4126,0,0,0,0,nan,0.0885656,0.199213,0.648495,0,0,0,0,0.0724626,0.184337,0.963452,0.456635,0.125819,0.53669,0.877162,0.773277,0.803282,0.0738805,0,nan,6.63421,0.186366,-0.122983,0.106667,-0.112061,0.10219,0.934572,0,42.0656,35.9552,0.530797,0.79187,0.851005,0.427919,0.485774,0.0284883,-4.45853,arms_ik
l1,isaac,policy,1,/home/humanoid/Programs/Humanoid_Simulation/Locomanipulation_game/logs/skrl/locomanip_marl/paper1/checkpoints/agent_91200.pt,0,b024_d10_e00,24,0.1,0,0.277088,0.461229,0.352079,0.381309,-0.195742,0.310196,1.3126,0,0,0,0,nan,0.0717042,0.145864,0.480767,0,0,0,0,0.0618643,0.156179,0.475976,0.358565,0.0973367,0.36978,0.859478,0.76562,0.787037,0.0724413,0,nan,7.40432,0.185414,-0.158588,0.117206,-0.1649,0.116816,1.03213,0,54.0232,39.2861,0.637574,0.620764,0.711802,0.349631,0.478716,0.0371332,-3.49494,arms_ik
l1,isaac,policy,1,/home/humanoid/Programs/Humanoid_Simulation/Locomanipulation_game/logs/skrl/locomanip_marl/paper1/checkpoints/agent_91200.pt,0,b024_d20_e00,24,0.2,0,0.277088,0.461229,0.252079,0.381309,-0.195742,0.210196,1.2126,0,0,0,0,nan,0.0416259,0.121533,0.432648,0,0,0,0,0.093308,0.118455,0.074696,0.253442,0.0957664,0.274449,0.865078,0.762254,0.782308,0.0827703,0,nan,7.16118,0.189581,-0.183292,0.121618,-0.190842,0.114288,1.02935,3,44.0017,42.9687,0.521778,0.767669,0.853697,0.489313,0.54932,0.0451841,-2.24116,arms_ik
l1,isaac,policy,1,/home/humanoid/Programs/Humanoid_Simulation/Locomanipulation_game/logs/skrl/locomanip_marl/paper1/checkpoints/agent_91200.pt,0,b024_d30_e00,24,0.3,0,0.277088,0.461229,0.152079,0.381309,-0.195742,0.110196,1.1126,0,0,0,0,nan,0.041987,0.102987,0.262166,0,0,0,0,0.0574487,0.047284,0.26542,0.106059,0.0657036,0.21074,0.863798,0.75698,0.768701,0.0950978,0,nan,7.48605,0.16299,-0.173652,0.129993,-0.155153,0.124016,1.14169,1,25.6243,28.5587,0.297311,0.614406,0.648215,0.460614,0.537823,0.0262874,-2.68096,arms_ik
l1,isaac,policy,1,/home/humanoid/Programs/Humanoid_Simulation/Locomanipulation_game/logs/skrl/locomanip_marl/paper1/checkpoints/agent_91200.pt,0,b024_d40_e00,24,0.4,0,0.277088,0.461229,0.0520788,0.381309,-0.195742,0.0101956,1.0126,0,0,0,0,nan,0.0481328,0.0786757,0.407568,0,0,1,1,0.0719468,0.0978669,0.29512,0.185323,0.079218,0.261571,0.862576,0.739411,0.751108,0.111468,0,nan,4.61126,0.166559,-0.118197,0.117345,-0.112428,0.11172,1.78412,1,17.1504,13.1138,0.183714,0.610454,0.603277,0.394004,0.469056,0.0543006,-0.654002,arms_ik
l1,isaac,policy,1,/home/humanoid/Programs/Humanoid_Simulation/Locomanipulation_game/logs/skrl/locomanip_marl/paper1/checkpoints/agent_91200.pt,0,b024_d50_e00,24,0.5,0,0.277088,0.461229,-0.0479212,0.381309,-0.195742,-0.0898044,0.912596,0,0,0,0,nan,0.0530232,0.0858121,0.50251,0,0,0,1,0.0801014,0.102581,0.521429,0.161919,0.0868635,0.29435,0.857326,0.724652,0.734472,0.122854,0,nan,4.80695,0.134682,0.115497,0.12847,0.0902784,0.126663,1.6189,0,26.6908,21.6882,0.299857,0.644826,0.673847,0.464211,0.637648,0.0528888,-0.215271,arms_ik
l1,isaac,policy,1,/home/humanoid/Programs/Humanoid_Simulation/Locomanipulation_game/logs/skrl/locomanip_marl/paper1/checkpoints/agent_91200.pt,0,b024_d60_e00,24,0.6,0,0.277088,0.461229,-0.147921,0.381309,-0.195742,-0.189804,0.812596,1,0,0,0,nan,0.0482349,0.0679295,0.615847,0,0,0,0,0.0835322,0.0868326,0.530423,0.186611,0.0779714,0.421712,0.872861,0.715927,0.722747,0.150114,0,nan,6.89822,0.157186,-0.124956,0.126983,-0.124427,0.124136,1.38006,1,7.97889,9.24536,0.103365,0.76772,0.709095,0.347742,0.433277,0.04984,1.81723,arms_ik
l1,isaac,policy,1,/home/humanoid/Programs/Humanoid_Simulation/Locomanipulation_game/logs/skrl/locomanip_marl/paper1/checkpoints/agent_91200.pt,0,b024_d70_e00,24,0.7,0,0.277088,0.461229,-0.247921,0.381309,-0.195742,-0.289804,0.712596,1,0,0,0,nan,0.066391,0.0936852,0.595197,0,0,0,0,0.0751128,0.126462,0.190671,0.536422,0.0914696,0.354494,0.847428,0.693641,0.699,0.148428,0,nan,6.50612,0.161907,-0.131195,0.118529,-0.16721,0.115345,2.43818,1,9.4154,10.2539,0.111508,0.626932,0.727292,0.522922,0.374311,0.0669247,5.16611,arms_ik
l1,isaac,policy,1,/home/humanoid/Programs/Humanoid_Simulation/Locomanipulation_game/logs/skrl/locomanip_marl/paper1/checkpoints/agent_91200.pt,0,b024_d80_e00,24,0.8,0,0.277088,0.461229,-0.347921,0.381309,-0.195742,-0.389804,0.612596,1,0,0,0,nan,0.0867749,0.132218,0.958005,0,0,0,0,0.103297,0.122695,0.176474,0.942793,0.114694,0.552022,0.877788,0.676211,0.69479,0.182998,0,nan,9.27511,0.172759,-0.170086,0.129235,-0.188548,0.127046,0.873312,1,11.1734,9.48246,0.127748,0.712934,0.491179,0.403102,0.485696,0.0699425,5.64168,arms_ik
l1,isaac,policy,1,/home/humanoid/Programs/Humanoid_Simulation/Locomanipulation_game/logs/skrl/locomanip_marl/paper1/checkpoints/agent_91200.pt,0,b024_d90_e00,24,0.9,0,0.277088,0.461229,-0.447921,0.381309,-0.195742,-0.489804,0.512596,1,0,0,0,nan,0.128163,0.171082,1.05344,0,0,0,0,0.113396,0.150187,0.1805,1.0205,0.134443,0.606796,0.871126,0.688523,0.694547,0.176579,0,nan,7.84873,0.184113,-0.0780876,0.119872,-0.0988244,0.119749,1.78111,0,7.598,21.1809,0.215741,0.689192,0.457436,0.417076,0.460779,0.0420828,6.33179,arms_ik
l1,isaac,policy,1,/home/humanoid/Programs/Humanoid_Simulation/Locomanipulation_game/logs/skrl/locomanip_marl/paper1/checkpoints/agent_91200.pt,0,b024_d100_e00,24,1,0,0.277088,0.461229,-0.547921,0.381309,-0.195742,-0.589804,0.412596,1,0,0,0,nan,0.21635,0.232001,1.13336,0,0,0,0,0.231905,0.229182,0.301008,1.11308,0.223408,0.66209,0.867385,0.672176,0.682035,0.185349,0,nan,8.76515,0.152934,-0.145831,0.132231,-0.159879,0.129859,1.67995,2,26.8558,9.06143,0.260301,0.692326,0.521592,0.582767,0.540613,0.0505425,6.59218,arms_ik
l1,isaac,policy,1,/home/humanoid/Programs/Humanoid_Simulation/Locomanipulation_game/logs/skrl/locomanip_marl/paper1/checkpoints/agent_91200.pt,0,b025_d00_e00,25,0,0,0.533341,0.124421,0.588362,0.404094,-0.510022,0.653878,1.59076,0,0,0,0,nan,0.404189,0.491711,0.788576,0,0,0,0,0.449881,0.38516,0.338704,0.700632,0.416142,0.516251,0.873899,0.784417,0.811767,0.0621324,0,nan,7.44046,0.161402,-0.0878343,0.120568,-0.103035,0.120749,1.09076,2,30.0418,27.9957,0.342985,0.725086,0.845514,0.383826,0.580664,0.0443752,1.58723,arms_ik
l1,isaac,policy,1,/home/humanoid/Programs/Humanoid_Simulation/Locomanipulation_game/logs/skrl/locomanip_marl/paper1/checkpoints/agent_91200.pt,0,b025_d10_e00,25,0.1,0,0.533341,0.124421,0.488362,0.404094,-0.510022,0.553878,1.49076,0,0,0,0,nan,0.326405,0.413823,0.627598,0,0,0,0,0.416346,0.280532,0.319456,0.592092,0.33652,0.461542,0.874107,0.779621,0.799822,0.0742846,0,nan,6.56304,0.161267,-0.154264,0.119659,-0.173702,0.113883,0.758246,1,25.9285,32.176,0.322666,0.690565,0.744127,0.651314,0.651531,0.0233855,0.981768,arms_ik
l1,isaac,policy,1,/home/humanoid/Programs/Humanoid_Simulation/Locomanipulation_game/logs/skrl/locomanip_marl/paper1/checkpoints/agent_91200.pt,0,b025_d20_e00,25,0.2,0,0.533341,0.124421,0.388362,0.404094,-0.510022,0.453878,1.39076,0,0,0,0,nan,0.185415,0.281037,0.409476,0,0,0,0,0.249271,0.121558,0.153361,0.332953,0.207902,0.313643,0.86901,0.762518,0.794273,0.0747366,0,nan,8.05631,0.153222,-0.109959,0.116754,-0.115728,0.108752,0.642002,0,29.0326,36.5333,0.373671,0.608364,0.857445,0.297259,0.595643,0.0307131,0.191077,arms_ik
l1,isaac,policy,1,/home/humanoid/Programs/Humanoid_Simulation/Locomanipulation_game/logs/skrl/locomanip_marl/paper1/checkpoints/agent_91200.pt,0,b025_d30_e00,25,0.3,0,0.533341,0.124421,0.288362,0.404094,-0.510022,0.353878,1.29076,0,0,0,0,nan,0.16408,0.271511,0.490465,0,0,0,0,0.234388,0.0995745,0.341512,0.20065,0.17742,0.324529,0.866079,0.749602,0.792893,0.0731865,0,nan,6.80605,0.161896,0.102495,0.120108,0.088278,0.119177,1.0802,0,32.9023,33.7405,0.402635,0.817561,0.83778,0.410659,0.719684,0.0355521,1.61177,arms_ik
l1,isaac,policy,1,/home/humanoid/Programs/Humanoid_Simulation/Locomanipulation_game/logs/skrl/locomanip_marl/paper1/checkpoints/agent_91200.pt,0,b025_d40_e00,25,0.4,0,0.533341,0.124421,0.188362,0.404094,-0.510022,0.253878,1.19076,0,0,0,0,nan,0.100948,0.191209,0.353103,0,0,0,0,0.1953,0.0656839,0.341227,0.136529,0.120335,0.218456,0.868271,0.758282,0.782499,0.0857723,0,nan,7.63177,0.140248,-0.0851961,0.114104,-0.0504226,0.119574,1.02609,1,31.1906,24.1179,0.348005,0.734398,0.853887,0.360683,0.543759,0.0344204,1.75571,arms_ik
l1,isaac,policy,1,/home/humanoid/Programs/Humanoid_Simulation/Locomanipulation_game/logs/skrl/locomanip_marl/paper1/checkpoints/agent_91200.pt,0,b025_d50_e00,25,0.5,0,0.533341,0.124421,0.0883619,0.404094,-0.510022,0.153878,1.09076,0,0,0,0,nan,0.0648301,0.108138,0.233574,0,0,0,0,0.113117,0.0716198,0.181406,0.1276,0.100843,0.166294,0.86056,0.760897,0.784813,0.0757475,0,nan,7.75579,0.127689,-0.100583,0.127669,-0.0702296,0.125167,0.974951,1,19.9898,14.6294,0.211027,0.668632,0.851219,0.322819,0.617839,0.0414294,1.4698,arms_ik
l1,isaac,policy,1,/home/humanoid/Programs/Humanoid_Simulation/Locomanipulation_game/logs/skrl/locomanip_marl/paper1/checkpoints/agent_91200.pt,0,b025_d60_e00,25,0.6,0,0.533341,0.124421,-0.0116381,0.404094,-0.510022,0.0538778,0.990762,0,0,0,0,nan,0.0652646,0.124536,0.206485,0,0,0,0,0.0932946,0.0802836,0.149349,0.117221,0.0997102,0.156073,0.869858,0.75979,0.771824,0.0980345,0,nan,9.07306,0.126396,0.102006,0.117617,0.0881622,0.11689,1.01258,0,20.828,10.4772,0.182379,0.583576,0.85061,0.338874,0.59956,0.0446992,2.85808,arms_ik
l1,isaac,policy,1,/home/humanoid/Programs/Humanoid_Simulation/Locomanipulation_game/logs/skrl/locomanip_marl/paper1/checkpoints/agent_91200.pt,0,b025_d70_e00,25,0.7,0,0.533341,0.124421,-0.111638,0.404094,-0.510022,-0.0461222,0.890762,1,0,0,0,nan,0.0706171,0.0972589,0.201769,0,0,0,1,0.0897776,0.0905164,0.132665,0.133934,0.0929626,0.142907,0.873629,0.732639,0.741424,0.132205,0,nan,9.4778,0.1209,0.104772,0.122367,0.0859024,0.125835,1.26529,0,23.3648,20.2607,0.265689,0.554729,0.684239,0.352561,0.687256,0.0380161,3.90768,arms_ik
l1,isaac,policy,1,/home/humanoid/Programs/Humanoid_Simulation/Locomanipulation_game/logs/skrl/locomanip_marl/paper1/checkpoints/agent_91200.pt,0,b025_d80_e00,25,0.8,0,0.533341,0.124421,-0.211638,0.404094,-0.510022,-0.146122,0.790762,1,0,0,0,nan,0.0760458,0.118704,0.223566,0,0,0,0,0.133791,0.131204,0.257074,0.283198,0.1049,0.156157,0.846084,0.726258,0.733658,0.112426,0,nan,9.0751,0.124819,-0.0619934,0.129584,-0.0590345,0.129317,1.33697,1,32.7295,29.0393,0.378481,0.523028,0.476017,0.288153,0.621535,0.050995,4.38138,arms_ik
l1,isaac,policy,1,/home/humanoid/Programs/Humanoid_Simulation/Locomanipulation_game/logs/skrl/locomanip_marl/paper1/checkpoints/agent_91200.pt,0,b025_d90_e00,25,0.9,0,0.533341,0.124421,-0.311638,0.404094,-0.510022,-0.246122,0.690762,1,0,0,0,nan,0.0989313,0.168135,0.542023,0,0,0,0,0.170733,0.0914991,0.282695,0.352597,0.125538,0.274397,0.858574,0.710351,0.720355,0.138218,0,nan,10.8222,0.143909,0.091193,0.127559,0.0473576,0.124774,1.17737,0,38.0155,34.115,0.443237,0.552108,0.732868,0.319768,0.503979,0.0377799,4.82026,arms_ik
l1,isaac,policy,1,/home/humanoid/Programs/Humanoid_Simulation/Locomanipulation_game/logs/skrl/locomanip_marl/paper1/checkpoints/agent_91200.pt,0,b025_d100_e00,25,1,0,0.533341,0.124421,-0.411638,0.404094,-0.510022,-0.346122,0.590762,1,0,0,0,nan,0.158117,0.243817,0.788133,0,0,0,0,0.237638,0.175804,0.218973,0.774604,0.197628,0.488269,0.886251,0.711303,0.721215,0.165036,0,nan,10.6453,0.142971,0.0948017,0.12886,0.0740323,0.126793,1.53961,0,23.2314,15.5449,0.238723,0.527255,0.480046,0.412419,0.572026,0.0615903,5.94254,arms_ik
l1,isaac,policy,1,/home/humanoid/Programs/Humanoid_Simulation/Locomanipulation_game/logs/skrl/locomanip_marl/paper1/checkpoints/agent_91200.pt,0,b026_d00_e00,26,0,0,0.418809,0.493693,0.574903,0.153394,0.101325,0.588338,1.5773,0,0,0,0,nan,0.298122,0.439434,0.941531,0,0,0,0,0.419828,0.32496,0.797371,0.726526,0.354561,0.735372,0.865991,0.731132,0.81216,0.0538313,0,nan,8.63147,0.273433,-0.303626,0.123141,-0.329662,0.123964,1.56611,12,37.8984,67.2364,0.483569,0.901795,0.858899,0.798857,0.587017,0.0978743,-0.444419,arms_ik
l1,isaac,policy,1,/home/humanoid/Programs/Humanoid_Simulation/Locomanipulation_game/logs/skrl/locomanip_marl/paper1/checkpoints/agent_91200.pt,0,b026_d10_e00,26,0.1,0,0.418809,0.493693,0.474903,0.153394,0.101325,0.488338,1.4773,0,0,0,0,nan,0.337587,0.403988,1.62742,0,0,0,0,0.249759,0.425414,0.562495,1.60434,0.365401,1.1141,0.861284,0.758627,0.786126,0.0751581,0,nan,5.38637,0.179942,-0.248441,0.127992,-0.342583,0.122823,1.10335,4,34.1702,20.3664,0.272932,0.829065,0.850721,0.831658,0.58308,0.0491031,-1.62546,arms_ik
l1,isaac,policy,1,/home/humanoid/Programs/Humanoid_Simulation/Locomanipulation_game/logs/skrl/locomanip_marl/paper1/checkpoints/agent_91200.pt,0,b026_d20_e00,26,0.2,0,0.418809,0.493693,0.374903,0.153394,0.101325,0.388338,1.3773,0,0,0,0,nan,0.256618,0.324868,1.63784,0,0,0,0,0.234296,0.341336,0.496946,1.66926,0.296283,1.07391,0.877543,0.743943,0.762504,0.115039,0,nan,6.31803,0.172133,-0.244308,0.120468,-0.318386,0.11811,0.979241,3,13.5664,16.783,0.149565,0.805975,0.71225,0.560434,0.470664,0.0441557,-2.7557,arms_ik
l1,isaac,policy,1,/home/humanoid/Programs/Humanoid_Simulation/Locomanipulation_game/logs/skrl/locomanip_marl/paper1/checkpoints/agent_91200.pt,0,b026_d30_e00,26,0.3,0,0.418809,0.493693,0.274903,0.153394,0.101325,0.288338,1.2773,0,0,0,0,nan,0.194333,0.307264,1.91385,0,0,0,0,0.203373,0.291461,0.424349,1.79303,0.231723,1.05146,0.881403,0.735899,0.751497,0.129905,0,nan,4.16499,0.167179,-0.167288,0.130163,-0.227958,0.127464,0.918147,2,47.8369,21.0804,0.343063,0.866612,0.845614,0.445884,0.498026,0.042211,-2.43225,arms_ik
l1,isaac,policy,1,/home/humanoid/Programs/Humanoid_Simulation/Locomanipulation_game/logs/skrl/locomanip_marl/paper1/checkpoints/agent_91200.pt,0,b026_d40_e00,26,0.4,0,0.418809,0.493693,0.174903,0.153394,0.101325,0.188338,1.1773,0,0,0,0,nan,0.105096,0.170714,1.10892,0,0,0,0,0.0987014,0.148977,0.237516,0.951779,0.119661,0.606145,0.86983,0.748787,0.793687,0.0761434,0,nan,5.0218,0.185504,-0.233838,0.115165,-0.291501,0.109124,1.31753,6,13.1871,14.4596,0.124992,0.857855,0.791266,0.570947,0.590909,0.0318386,-0.493891,arms_ik
l1,isaac,policy,1,/home/humanoid/Programs/Humanoid_Simulation/Locomanipulation_game/logs/skrl/locomanip_marl/paper1/checkpoints/agent_91200.pt,0,b026_d50_e00,26,0.5,0,0.418809,0.493693,0.0749027,0.153394,0.101325,0.0883379,1.0773,0,0,0,0,nan,0.0910281,0.143755,0.750541,0,0,0,0,0.0740438,0.128722,0.182699,0.705064,0.103633,0.450946,0.863987,0.731636,0.783853,0.0801336,0,nan,4.87247,0.177103,-0.187976,0.104211,-0.204502,0.104222,1.84306,6,7.42395,8.58276,0.0817711,0.859614,0.78278,0.53908,0.540841,0.0224299,-0.706154,arms_ik
l1,isaac,policy,1,/home/humanoid/Programs/Humanoid_Simulation/Locomanipulation_game/logs/skrl/locomanip_marl/paper1/checkpoints/agent_91200.pt,0,b026_d60_e00,26,0.6,0,0.418809,0.493693,-0.0250973,0.153394,0.101325,-0.0116621,0.977303,0,0,0,0,nan,0.142725,0.253802,0.731455,0,0,0,0,0.0988299,0.18662,0.653283,0.302622,0.167819,0.565182,0.869781,0.738426,0.774154,0.0956272,0,nan,6.39494,0.184099,-0.224876,0.0645517,-0.246159,0.0461813,0.828899,5,26.7522,30.1396,0.263839,0.829754,0.798032,0.745487,0.721481,0.0311755,-0.481293,arms_ik
l1,isaac,policy,1,/home/humanoid/Programs/Humanoid_Simulation/Locomanipulation_game/logs/skrl/locomanip_marl/paper1/checkpoints/agent_91200.pt,0,b026_d70_e00,26,0.7,0,0.418809,0.493693,-0.125097,0.153394,0.101325,-0.111662,0.877303,1,0,0,0,nan,0.142175,0.233206,1.00022,0,0,0,0,0.0957337,0.240031,0.798999,0.976709,0.161972,0.87266,0.857005,0.727233,0.734466,0.122539,0,nan,4.84693,0.147907,0.0859583,0.117949,0.0707826,0.115584,1.19913,0,15.0512,7.847,0.137204,0.828663,0.599374,0.397493,0.69739,0.0329155,1.75876,arms_ik
l1,isaac,policy,1,/home/humanoid/Programs/Humanoid_Simulation/Locomanipulation_game/logs/skrl/locomanip_marl/paper1/checkpoints/agent_91200.pt,0,b026_d80_e00,26,0.8,0,0.418809,0.493693,-0.225097,0.153394,0.101325,-0.211662,0.777303,1,0,0,0,nan,0.191803,0.289062,1.42683,0,0,0,0,0.12556,0.282166,0.982287,1.41336,0.201431,1.1858,0.865071,0.721062,0.72455,0.140521,0,nan,3.90351,0.142076,0.102564,0.121877,0.0955483,0.121019,0.605074,0,13.8325,5.78762,0.137342,0.603905,0.410679,0.339227,0.686798,0.0367499,0.828126,arms_ik
l1,isaac,policy,1,/home/humanoid/Programs/Humanoid_Simulation/Locomanipulation_game/logs/skrl/locomanip_marl/paper1/checkpoints/agent_91200.pt,0,b026_d90_e00,26,0.9,0,0.418809,0.493693,-0.325097,0.153394,0.101325,-0.311662,0.677303,1,0,0,0,nan,0.22626,0.326147,1.20628,0,0,0,0,0.13635,0.324435,1.12156,1.18944,0.230924,1.13703,0.869141,0.716636,0.723687,0.145453,0,nan,5.86412,0.139719,-0.132936,0.111045,-0.15333,0.111848,1.35591,0,11.6507,8.94332,0.120165,0.599839,0.536723,0.343446,0.502418,0.0331783,2.18863,arms_ik
l1,isaac,policy,1,/home/humanoid/Programs/Humanoid_Simulation/Locomanipulation_game/logs/skrl/locomanip_marl/paper1/checkpoints/agent_91200.pt,0,b026_d100_e00,26,1,0,0.418809,0.493693,-0.425097,0.153394,0.101325,-0.411662,0.577303,1,0,0,0,nan,0.249575,0.342604,1.24406,0,0,0,0,0.187936,0.361143,1.21732,1.03602,0.269356,1.12639,0.877084,0.674758,0.679558,0.197526,0,nan,7.76659,0.136835,-0.107399,0.105912,-0.111139,0.105088,0.951573,2,8.62041,7.95034,0.102005,0.703737,0.715231,0.433075,0.56357,0.0499187,4.61627,arms_ik
l1,isaac,policy,1,/home/humanoid/Programs/Humanoid_Simulation/Locomanipulation_game/logs/skrl/locomanip_marl/paper1/checkpoints/agent_91200.pt,0,b027_d00_e00,27,0,0,0.180925,0.601991,0.0864634,0.20117,-0.113084,0.953981,1.08886,0,0,0,0,nan,0.345396,0.680365,1.55949,0,0,0,0,0.0830686,0.676311,0.163594,1.50527,0.375883,0.850066,0.871009,0.798299,0.81372,0.0572891,0,nan,6.16498,0.226477,-0.212857,0.102274,-0.267738,0.10132,1.33908,2,38.9822,32.2107,0.472523,0.80756,0.708915,0.533855,0.782128,0.0442047,-4.51492,arms_ik
l1,isaac,policy,1,/home/humanoid/Programs/Humanoid_Simulation/Locomanipulation_game/logs/skrl/locomanip_marl/paper1/checkpoints/agent_91200.pt,0,b027_d10_e00,27,0.1,0,0.180925,0.601991,-0.0135366,0.20117,-0.113084,0.853981,0.988863,0,0,0,0,nan,0.322999,0.615986,1.44806,0,0,0,0,0.100993,0.598299,0.144665,1.3609,0.346318,0.75602,0.868812,0.771617,0.799758,0.0690538,0,nan,5.05124,0.217359,-0.226282,0.114688,-0.25628,0.112523,1.16426,5,16.787,21.0423,0.213928,0.850558,0.620982,0.590098,0.511326,0.0496677,-2.70308,arms_ik
l1,isaac,policy,1,/home/humanoid/Programs/Humanoid_Simulation/Locomanipulation_game/logs/skrl/locomanip_marl/paper1/checkpoints/agent_91200.pt,0,b027_d20_e00,27,0.2,0,0.180925,0.601991,-0.113537,0.20117,-0.113084,0.753981,0.888863,1,0,0,0,nan,0.298214,0.555744,1.26208,0,0,0,0,0.0921921,0.548535,0.118592,1.30083,0.325908,0.675968,0.864744,0.759746,0.781834,0.0829099,0,nan,5.71367,0.231046,-0.238323,0.126838,-0.304121,0.118776,2.01054,7,19.823,20.7686,0.166094,0.84765,0.855599,0.61293,0.633203,0.0600582,-0.121939,arms_ik
l1,isaac,policy,1,/home/humanoid/Programs/Humanoid_Simulation/Locomanipulation_game/logs/skrl/locomanip_marl/paper1/checkpoints/agent_91200.pt,0,b027_d30_e00,27,0.3,0,0.180925,0.601991,-0.213537,0.20117,-0.113084,0.653981,0.788863,1,0,0,0,nan,0.210967,0.372459,0.922464,0,0,0,0,0.0907519,0.331182,0.10517,0.816487,0.220574,0.492857,0.894175,0.764219,0.794693,0.0994824,0,nan,5.1034,0.187154,-0.215842,0.126069,-0.242948,0.125615,0.914298,5,13.0078,13.6706,0.0987346,0.870855,0.74903,0.484902,0.454459,0.035963,-2.51845,arms_ik
l1,isaac,policy,1,/home/humanoid/Programs/Humanoid_Simulation/Locomanipulation_game/logs/skrl/locomanip_marl/paper1/checkpoints/agent_91200.pt,0,b027_d40_e00,27,0.4,0,0.180925,0.601991,-0.313537,0.20117,-0.113084,0.553981,0.688863,1,0,0,0,nan,0.0665499,0.149231,0.391515,0,0,0,0,0.105482,0.0537953,0.132425,0.0782441,0.0804906,0.128003,0.863135,0.757115,0.785088,0.0780463,0,nan,5.83277,0.158578,-0.0826894,0.106679,-0.108164,0.099912,0.941057,0,15.245,44.3368,0.203998,0.680831,0.58371,0.360955,0.400012,0.0451615,-2.19784,arms_ik
l1,isaac,policy,1,/home/humanoid/Programs/Humanoid_Simulation/Locomanipulation_game/logs/skrl/locomanip_marl/paper1/checkpoints/agent_91200.pt,0,b027_d50_e00,27,0.5,0,0.180925,0.601991,-0.413537,0.20117,-0.113084,0.453981,0.588863,1,0,0,0,nan,0.136242,0.187804,0.317982,0,0,0,0,0.179406,0.0930774,0.164915,0.225909,0.153487,0.217817,0.850311,0.749765,0.759613,0.0906974,0,nan,3.72581,0.1738,-0.203705,0.117669,-0.208748,0.117561,1.24332,4,22.965,11.6695,0.195638,0.849017,0.723205,0.585445,0.457382,0.0398146,-1.25065,arms_ik
l1,isaac,policy,1,/home/humanoid/Programs/Humanoid_Simulation/Locomanipulation_game/logs/skrl/locomanip_marl/paper1/checkpoints/agent_91200.pt,0,b027_d60_e00,27,0.6,0,0.180925,0.601991,-0.513537,0.20117,-0.113084,0.353981,0.488863,1,0,0,1,nan,0.13582,0.262124,0.286708,0,0,0,0,0.2497,0.0562507,0.130514,0.074141,0.150109,0.125892,0.87621,0.743619,0.751433,0.124777,0,nan,3.75266,0.154214,-0.194153,0.122371,-0.199385,0.121083,1.39301,3,31.6179,6.25389,0.244984,0.743924,0.624407,0.403604,0.536903,0.0439613,-0.400526,arms_ik
l1,isaac,policy,1,/home/humanoid/Programs/Humanoid_Simulation/Locomanipulation_game/logs/skrl/locomanip_marl/paper1/checkpoints/agent_91200.pt,0,b027_d70_e00,27,0.7,0,0.180925,0.601991,-0.613537,0.20117,-0.113084,0.253981,0.388863,1,0,0,1,nan,0.176173,0.356796,0.347768,0,0,0,0,0.333481,0.0366497,0.11877,0.0644645,0.186134,0.131926,0.84275,0.742115,0.747931,0.0948188,0,nan,3.68121,0.142022,0.0994838,0.105574,0.087454,0.104601,1.18409,0,43.2046,5.4423,0.324577,0.722404,0.422444,0.391174,0.53745,0.0331935,-1.33084,arms_ik
l1,isaac,policy,1,/home/humanoid/Programs/Humanoid_Simulation/Locomanipulation_game/logs/skrl/locomanip_marl/paper1/checkpoints/agent_91200.pt,0,b027_d80_e00,27,0.8,0,0.180925,0.601991,-0.713537,0.20117,-0.113084,0.153981,0.288863,1,0,0,1,nan,0.191372,0.408219,0.349572,0,0,0,0,0.391188,0.0305296,0.202627,0.104125,0.214202,0.191921,0.856068,0.70819,0.728155,0.127912,0,nan,4.7436,0.165329,-0.235086,0.116722,-0.255726,0.118756,1.0887,2,40.2265,7.14171,0.283891,0.844751,0.5692,0.488637,0.59037,0.0296471,1.05916,arms_ik
l1,isaac,policy,1,/home/humanoid/Programs/Humanoid_Simulation/Locomanipulation_game/logs/skrl/locomanip_marl/paper1/checkpoints/agent_91200.pt,0,b027_d90_e00,27,0.9,0,0.180925,0.601991,-0.813537,0.20117,-0.113084,0.0539807,0.188863,1,0,0,1,nan,0.247735,0.491894,0.377025,0,0,0,0,0.484445,0.0407359,0.296428,0.133734,0.260401,0.17257,0.876932,0.70984,0.716827,0.160105,0,nan,5.08376,0.151381,-0.126687,0.111841,-0.181582,0.108349,0.698963,0,42.7362,8.73815,0.328585,0.663807,0.613896,0.350858,0.548619,0.0383602,1.36278,arms_ik
l1,isaac,policy,1,/home/humanoid/Programs/Humanoid_Simulation/Locomanipulation_game/logs/skrl/locomanip_marl/paper1/checkpoints/agent_91200.pt,0,b027_d100_e00,27,1,0,0.180925,0.601991,-0.913537,0.20117,-0.113084,-0.0460193,0.0888634,1,0,0,1,nan,0.283831,0.583772,0.448252,0,0,0,0,0.564856,0.0329244,0.181757,0.109072,0.308866,0.204304,0.872501,0.693116,0.710946,0.161555,0,nan,6.64481,0.173492,-0.156086,0.0856935,-0.158119,0.0935752,1.13213,1,59.7922,6.25896,0.385744,0.742617,0.510888,0.405265,0.529276,0.0289962,4.41392,arms_ik
l1,isaac,policy,1,/home/humanoid/Programs/Humanoid_Simulation/Locomanipulation_game/logs/skrl/locomanip_marl/paper1/checkpoints/agent_91200.pt,0,b028_d00_e00,28,0,0,0.138522,0.515675,0.42847,0.172338,-0.0656413,0.634143,1.43087,0,0,0,0,nan,0.22774,0.379576,1.01907,0,0,0,0,0.107064,0.378994,0.16059,0.983049,0.238155,0.55532,0.866813,0.773385,0.802636,0.0641774,0,nan,7.24702,0.225289,-0.201475,0.126473,-0.235852,0.125229,1.07,8,38.2772,15.6136,0.311617,0.85809,0.852094,0.714697,0.564907,0.0693312,-0.186955,arms_ik
l1,isaac,policy,1,/home/humanoid/Programs/Humanoid_Simulation/Locomanipulation_game/logs/skrl/locomanip_marl/paper1/checkpoints/agent_91200.pt,0,b028_d10_e00,28,0.1,0,0.138522,0.515675,0.32847,0.172338,-0.0656413,0.534143,1.33087,0,0,0,0,nan,0.198714,0.350029,0.875584,0,0,0,0,0.114302,0.359852,0.215431,0.857562,0.219667,0.494982,0.874721,0.786564,0.806558,0.0681628,0,nan,6.5989,0.228723,-0.212113,0.127416,-0.252431,0.12546,0.994439,5,30.223,22.3736,0.28812,0.848565,0.859051,0.774355,0.476639,0.0612833,-0.544876,arms_ik
l1,isaac,policy,1,/home/humanoid/Programs/Humanoid_Simulation/Locomanipulation_game/logs/skrl/locomanip_marl/paper1/checkpoints/agent_91200.pt,0,b028_d20_e00,28,0.2,0,0.138522,0.515675,0.22847,0.172338,-0.0656413,0.434143,1.23087,0,0,0,0,nan,0.0742105,0.133386,0.236687,0,0,0,0,0.116011,0.0811829,0.182402,0.138777,0.0913233,0.148671,0.884279,0.78689,0.800685,0.0835936,0,nan,5.24188,0.213213,-0.23508,0.114195,-0.281634,0.111002,1.17005,8,37.0693,16.2331,0.335598,0.844535,0.757975,0.718726,0.684326,0.0549241,-1.52687,arms_ik
l1,isaac,policy,1,/home/humanoid/Programs/Humanoid_Simulation/Locomanipulation_game/logs/skrl/locomanip_marl/paper1/checkpoints/agent_91200.pt,0,b028_d30_e00,28,0.3,0,0.138522,0.515675,0.12847,0.172338,-0.0656413,0.334143,1.13087,0,0,0,0,nan,0.038725,0.0699762,0.129327,0,0,1,1,0.0811546,0.0764648,0.139388,0.0538952,0.0662575,0.108583,0.87833,0.778552,0.792082,0.0862479,0,nan,6.08478,0.190672,-0.193078,0.116843,-0.237065,0.113217,0.808189,6,15.7198,11.4698,0.218992,0.846068,0.640771,0.560351,0.666451,0.0493343,-2.82045,arms_ik
l1,isaac,policy,1,/home/humanoid/Programs/Humanoid_Simulation/Locomanipulation_game/logs/skrl/locomanip_marl/paper1/checkpoints/agent_91200.pt,0,b028_d40_e00,28,0.4,0,0.138522,0.515675,0.0284695,0.172338,-0.0656413,0.234143,1.03087,0,0,0,0,nan,0.0375889,0.0840986,0.187802,0,0,0,1,0.0976097,0.0731477,0.156775,0.116398,0.0772018,0.125688,0.867542,0.76431,0.773351,0.0941914,0,nan,6.82792,0.194294,-0.223422,0.119252,-0.263807,0.121827,1.10659,2,19.3787,9.76365,0.201301,0.852719,0.760055,0.652968,0.563967,0.0501934,-1.63204,arms_ik
l1,isaac,policy,1,/home/humanoid/Programs/Humanoid_Simulation/Locomanipulation_game/logs/skrl/locomanip_marl/paper1/checkpoints/agent_91200.pt,0,b028_d50_e00,28,0.5,0,0.138522,0.515675,-0.0715305,0.172338,-0.0656413,0.134143,0.93087,0,0,0,0,nan,0.0455397,0.0755328,0.138672,0,0,1,1,0.084484,0.0847016,0.133337,0.143787,0.0777377,0.124051,0.859155,0.748601,0.760486,0.0986687,0,nan,4.88778,0.186487,-0.202002,0.128313,-0.255921,0.128546,1.2888,5,7.33437,7.80035,0.0731559,0.868512,0.842767,0.70797,0.535819,0.0475687,1.09846,arms_ik
l1,isaac,policy,1,/home/humanoid/Programs/Humanoid_Simulation/Locomanipulation_game/logs/skrl/locomanip_marl/paper1/checkpoints/agent_91200.pt,0,b028_d60_e00,28,0.6,0,0.138522,0.515675,-0.17153,0.172338,-0.0656413,0.034143,0.83087,1,0,0,0,nan,0.0387804,0.0732323,0.137794,0,0,1,1,0.0658262,0.0678656,0.111365,0.116867,0.0640025,0.118399,0.853775,0.714458,0.733468,0.120306,0,nan,4.9587,0.178206,-0.210202,0.118238,-0.219351,0.116498,1.35508,2,8.53395,4.83089,0.0831655,0.776105,0.500719,0.631021,0.618863,0.0400646,2.39109,arms_ik
l1,isaac,policy,1,/home/humanoid/Programs/Humanoid_Simulation/Locomanipulation_game/logs/skrl/locomanip_marl/paper1/checkpoints/agent_91200.pt,0,b028_d70_e00,28,0.7,0,0.138522,0.515675,-0.27153,0.172338,-0.0656413,-0.065857,0.73087,1,1,1,1,2.3,0.0297347,0.0437241,0.316627,0,0,1,1,0.0453528,0.0665097,0.382925,0.176793,0.0474095,0.276901,0.87664,0.738235,0.760292,0.116347,0,nan,4.65061,0.133512,-0.215027,0.0923612,-0.215776,0.0878045,1.01883,2,9.54208,10.1561,0.0631408,0.576129,0.526681,0.327229,0.641525,0.0466721,-1.38193,arms_ik
l1,isaac,policy,1,/home/humanoid/Programs/Humanoid_Simulation/Locomanipulation_game/logs/skrl/locomanip_marl/paper1/checkpoints/agent_91200.pt,0,b028_d80_e00,28,0.8,0,0.138522,0.515675,-0.37153,0.172338,-0.0656413,-0.165857,0.63087,1,0,0,1,nan,0.0441611,0.0651833,0.395415,0,0,1,1,0.0562136,0.0515823,0.395616,0.135621,0.0539483,0.263616,0.838597,0.697993,0.702187,0.13641,0,nan,4.06244,0.127451,0.076061,0.112119,0.0683508,0.111744,1.15757,0,9.30322,4.42111,0.0829534,0.695711,0.362904,0.311056,0.80293,0.0403285,2.75562,arms_ik
l1,isaac,policy,1,/home/humanoid/Programs/Humanoid_Simulation/Locomanipulation_game/logs/skrl/locomanip_marl/paper1/checkpoints/agent_91200.pt,0,b028_d90_e00,28,0.9,0,0.138522,0.515675,-0.47153,0.172338,-0.0656413,-0.265857,0.53087,1,0,0,0,nan,0.0895248,0.128198,0.51923,0,0,0,0,0.11814,0.0708621,0.492985,0.122108,0.0937371,0.310951,0.859895,0.69224,0.69584,0.164055,0,nan,5.88165,0.175623,-0.183459,0.106945,-0.198084,0.107432,1.07798,4,9.95575,6.02254,0.101859,0.84192,0.427604,0.468231,0.568771,0.0415864,3.68571,arms_ik
l1,isaac,policy,1,/home/humanoid/Programs/Humanoid_Simulation/Locomanipulation_game/logs/skrl/locomanip_marl/paper1/checkpoints/agent_91200.pt,0,b028_d100_e00,28,1,0,0.138522,0.515675,-0.57153,0.172338,-0.0656413,-0.365857,0.43087,1,0,0,0,nan,0.097309,0.207576,0.547748,0,0,0,0,0.25531,0.127315,0.50908,0.522561,0.203158,0.497234,0.87199,0.655199,0.679898,0.192093,0,nan,9.38275,0.229439,-0.211991,0.126941,-0.253041,0.129411,2.35545,12,42.6811,9.11887,0.289679,0.891563,0.766561,0.731344,0.546535,0.0436295,6.7045,arms_ik
l1,isaac,policy,1,/home/humanoid/Programs/Humanoid_Simulation/Locomanipulation_game/logs/skrl/locomanip_marl/paper1/checkpoints/agent_91200.pt,0,b029_d00_e00,29,0,0,0.448935,0.0236132,0.355062,0.353669,0.0173775,0.336978,1.33938,0,0,0,0,nan,0.245637,0.309975,0.472767,0,0,0,0,0.294237,0.215865,0.408403,0.351653,0.25591,0.44186,0.860934,0.773568,0.7892,0.0717337,0,nan,7.11418,0.153386,-0.188782,0.116005,-0.218776,0.117439,1.28324,2,16.6538,16.6916,0.122174,0.748587,0.67744,0.542001,0.763731,0.0233463,1.09822,arms_ik
l1,isaac,policy,1,/home/humanoid/Programs/Humanoid_Simulation/Locomanipulation_game/logs/skrl/locomanip_marl/paper1/checkpoints/agent_91200.pt,0,b029_d10_e00,29,0.1,0,0.448935,0.0236132,0.255062,0.353669,0.0173775,0.236978,1.23938,0,0,0,0,nan,0.180638,0.248142,0.433376,0,0,0,0,0.248168,0.133796,0.258317,0.504675,0.200551,0.364259,0.84905,0.757542,0.765339,0.0837112,0,nan,7.84695,0.160757,-0.184571,0.106472,-0.217355,0.105466,0.789841,4,24.9234,29.7425,0.136909,0.847138,0.851687,0.548163,0.743582,0.0428233,2.25997,arms_ik
l1,isaac,policy,1,/home/humanoid/Programs/Humanoid_Simulation/Locomanipulation_game/logs/skrl/locomanip_marl/paper1/checkpoints/agent_91200.pt,0,b029_d20_e00,29,0.2,0,0.448935,0.0236132,0.155062,0.353669,0.0173775,0.136978,1.13938,0,0,0,0,nan,0.0557834,0.106876,0.435909,0,0,0,0,0.126286,0.0719546,0.170301,0.391702,0.0967591,0.277928,0.871147,0.771895,0.780164,0.0909835,0,nan,6.67282,0.167772,-0.247516,0.11556,-0.25749,0.112938,0.374387,1,23.5332,11.7561,0.140101,0.537311,0.751426,0.375404,0.713187,0.0397108,0.966037,arms_ik
l1,isaac,policy,1,/home/humanoid/Programs/Humanoid_Simulation/Locomanipulation_game/logs/skrl/locomanip_marl/paper1/checkpoints/agent_91200.pt,0,b029_d30_e00,29,0.3,0,0.448935,0.0236132,0.0550615,0.353669,0.0173775,0.0369778,1.03938,0,0,0,0,nan,0.0567339,0.0788543,0.349319,0,0,1,1,0.0589332,0.099569,0.076446,0.368571,0.0776619,0.261015,0.866951,0.745576,0.754416,0.112536,0,nan,6.47249,0.147556,-0.171293,0.126143,-0.172895,0.11767,0.52672,0,24.9776,24.7682,0.201941,0.551338,0.778231,0.399082,0.678454,0.0181918,0.416644,arms_ik
l1,isaac,policy,1,/home/humanoid/Programs/Humanoid_Simulation/Locomanipulation_game/logs/skrl/locomanip_marl/paper1/checkpoints/agent_91200.pt,0,b029_d40_e00,29,0.4,0,0.448935,0.0236132,-0.0449385,0.353669,0.0173775,-0.0630222,0.939378,0,0,0,0,nan,0.0589815,0.0935298,0.172823,0,0,0,1,0.108201,0.0776427,0.181709,0.117516,0.0917315,0.152951,0.867949,0.726651,0.732494,0.135455,0,nan,6.54289,0.157923,-0.170476,0.128857,-0.203563,0.12659,2.71491,3,11.3019,11.0735,0.133495,0.687165,0.690779,0.472927,0.639382,0.0425666,3.89436,arms_ik
l1,isaac,policy,1,/home/humanoid/Programs/Humanoid_Simulation/Locomanipulation_game/logs/skrl/locomanip_marl/paper1/checkpoints/agent_91200.pt,0,b029_d50_e00,29,0.5,0,0.448935,0.0236132,-0.144938,0.353669,0.0173775,-0.163022,0.839378,1,0,0,0,nan,0.0428426,0.0795503,0.182195,0,0,1,1,0.0637562,0.0929421,0.171618,0.169853,0.0729867,0.174926,0.874911,0.735865,0.739964,0.134948,0,nan,7.03143,0.14511,0.103127,0.117615,0.0922867,0.12032,0.533163,0,7.92342,4.73858,0.0890226,0.537429,0.437354,0.37915,0.684356,0.0631546,4.35724,arms_ik
l1,isaac,policy,1,/home/humanoid/Programs/Humanoid_Simulation/Locomanipulation_game/logs/skrl/locomanip_marl/paper1/checkpoints/agent_91200.pt,0,b029_d60_e00,29,0.6,0,0.448935,0.0236132,-0.244938,0.353669,0.0173775,-0.263022,0.739378,1,0,0,0,nan,0.0601663,0.10108,0.298864,0,0,0,0,0.084219,0.108375,0.268836,0.180065,0.0952595,0.208409,0.877597,0.703188,0.707482,0.170115,0,nan,8.64081,0.155644,0.117586,0.131843,0.0967747,0.128371,0.520289,0,10.9086,7.99918,0.124348,0.535523,0.390082,0.323293,0.375319,0.0753854,3.67737,arms_ik
l1,isaac,policy,1,/home/humanoid/Programs/Humanoid_Simulation/Locomanipulation_game/logs/skrl/locomanip_marl/paper1/checkpoints/agent_91200.pt,0,b029_d70_e00,29,0.7,0,0.448935,0.0236132,-0.344938,0.353669,0.0173775,-0.363022,0.639378,1,0,0,0,nan,0.0959329,0.129761,0.370697,0,0,0,0,0.125894,0.113979,0.355584,0.184598,0.117017,0.263224,0.871796,0.682993,0.691063,0.180733,0,nan,7.45712,0.136501,-0.0759283,0.128224,-0.0998029,0.126742,0.293677,1,7.60935,10.0381,0.101672,0.541649,0.433599,0.311048,0.402,0.0630495,5.81925,arms_ik
l1,isaac,policy,1,/home/humanoid/Programs/Humanoid_Simulation/Locomanipulation_game/logs/skrl/locomanip_marl/paper1/checkpoints/agent_91200.pt,0,b029_d80_e00,29,0.8,0,0.448935,0.0236132,-0.444938,0.353669,0.0173775,-0.463022,0.539378,1,0,0,0,nan,0.177093,0.195741,0.483801,0,0,0,0,0.206736,0.185009,0.398774,0.138934,0.192917,0.294243,0.878489,0.690004,0.698324,0.180165,0,nan,7.37426,0.172114,-0.197416,0.100026,-0.188449,0.0959669,0.361529,1,9.21908,7.91337,0.117878,0.737517,0.579889,0.386652,0.452877,0.0943101,4.3816,arms_ik
l1,isaac,policy,1,/home/humanoid/Programs/Humanoid_Simulation/Locomanipulation_game/logs/skrl/locomanip_marl/paper1/checkpoints/agent_91200.pt,0,b029_d90_e00,29,0.9,0,0.448935,0.0236132,-0.544938,0.353669,0.0173775,-0.563022,0.439378,1,0,0,0,nan,0.231513,0.272074,0.554517,0,0,0,0,0.269976,0.215828,0.498952,0.159669,0.242615,0.322534,0.876619,0.680036,0.684717,0.191903,0,nan,10.658,0.180914,-0.0792265,0.129367,-0.0978865,0.127475,1.64269,1,23.0025,7.49947,0.229516,0.557429,0.467712,0.448609,0.526741,0.0696915,6.73817,arms_ik
l1,isaac,policy,1,/home/humanoid/Programs/Humanoid_Simulation/Locomanipulation_game/logs/skrl/locomanip_marl/paper1/checkpoints/agent_91200.pt,0,b029_d100_e00,29,1,0,0.448935,0.0236132,-0.644938,0.353669,0.0173775,-0.663022,0.339378,1,0,0,0,nan,0.314265,0.346434,0.617663,0,0,0,0,0.346384,0.313648,0.540931,0.141642,0.323586,0.346744,0.849864,0.676449,0.683784,0.16608,0,nan,9.73824,0.172605,-0.12108,0.126501,-0.148708,0.124913,1.68567,0,19.8339,7.29327,0.191342,0.536334,0.349378,0.460937,0.449467,0.0568796,7.26091,arms_ik
l1,isaac,policy,1,/home/humanoid/Programs/Humanoid_Simulation/Locomanipulation_game/logs/skrl/locomanip_marl/paper1/checkpoints/agent_91200.pt,0,b030_d00_e00,30,0,0,0.536572,0.226409,0.482384,0.214518,-0.239416,0.83298,1.48478,0,0,0,0,nan,0.416791,0.539651,0.919428,0,0,0,0,0.345735,0.525082,0.743885,0.941878,0.433654,0.79737,0.852827,0.785509,0.804806,0.0480206,0,nan,6.92565,0.180467,-0.148698,0.129908,-0.197431,0.1239,1.41629,4,28.7588,18.2763,0.29006,0.712899,0.847058,0.666067,0.620023,0.0319613,-2.89704,arms_ik
l1,isaac,policy,1,/home/humanoid/Programs/Humanoid_Simulation/Locomanipulation_game/logs/skrl/locomanip_marl/paper1/checkpoints/agent_91200.pt,0,b030_d10_e00,30,0.1,0,0.536572,0.226409,0.382384,0.214518,-0.239416,0.73298,1.38478,0,0,0,0,nan,0.339522,0.402908,0.769145,0,0,0,0,0.351463,0.391734,0.684812,0.710977,0.382971,0.721335,0.867548,0.762417,0.794966,0.0725821,0,nan,5.37805,0.179856,-0.199415,0.124744,-0.244578,0.120895,0.509792,2,32.5256,20.9255,0.343989,0.78704,0.856703,0.54163,0.452689,0.0514744,-3.29482,arms_ik
l1,isaac,policy,1,/home/humanoid/Programs/Humanoid_Simulation/Locomanipulation_game/logs/skrl/locomanip_marl/paper1/checkpoints/agent_91200.pt,0,b030_d20_e00,30,0.2,0,0.536572,0.226409,0.282384,0.214518,-0.239416,0.63298,1.28478,0,0,0,0,nan,0.224104,0.286519,0.633069,0,0,0,0,0.284748,0.170521,0.6552,0.372677,0.230744,0.461793,0.862875,0.789578,0.80326,0.0596148,0,nan,5.3851,0.152631,-0.188281,0.124348,-0.210068,0.123193,0.507581,0,33.7544,23.4092,0.362155,0.589166,0.713771,0.453042,0.483394,0.0515435,-3.52522,arms_ik
l1,isaac,policy,1,/home/humanoid/Programs/Humanoid_Simulation/Locomanipulation_game/logs/skrl/locomanip_marl/paper1/checkpoints/agent_91200.pt,0,b030_d30_e00,30,0.3,0,0.536572,0.226409,0.182384,0.214518,-0.239416,0.53298,1.18478,0,0,0,0,nan,0.107394,0.231077,0.566826,0,0,0,0,0.210647,0.0150031,0.486099,0.115028,0.126937,0.308395,0.878793,0.778372,0.7909,0.0878929,0,nan,5.87594,0.152857,-0.130824,0.129063,-0.113573,0.124756,0.992971,0,36.636,44.3903,0.393821,0.622515,0.711098,0.302689,0.518157,0.0411853,-2.6111,arms_ik
l1,isaac,policy,1,/home/humanoid/Programs/Humanoid_Simulation/Locomanipulation_game/logs/skrl/locomanip_marl/paper1/checkpoints/agent_91200.pt,0,b030_d40_e00,30,0.4,0,0.536572,0.226409,0.0823839,0.214518,-0.239416,0.43298,1.08478,0,0,0,1,nan,0.0930496,0.218772,0.498967,0,0,0,0,0.202033,0.043111,0.459987,0.182328,0.120959,0.306034,0.86276,0.767576,0.772885,0.0898756,0,nan,4.60225,0.130796,-0.154262,0.128623,-0.18351,0.127403,0.692965,2,6.99352,6.0682,0.0663743,0.698871,0.660656,0.384125,0.659017,0.0467935,-2.32819,arms_ik
l1,isaac,policy,1,/home/humanoid/Programs/Humanoid_Simulation/Locomanipulation_game/logs/skrl/locomanip_marl/paper1/checkpoints/agent_91200.pt,0,b030_d50_e00,30,0.5,0,0.536572,0.226409,-0.0176161,0.214518,-0.239416,0.33298,0.984784,0,0,0,1,nan,0.0978063,0.205692,0.573181,0,0,0,0,0.203393,0.0469608,0.55132,0.0961678,0.120744,0.31298,0.872814,0.755058,0.760453,0.112361,0,nan,4.32894,0.133629,-0.168113,0.123948,-0.185249,0.123914,0.953176,2,14.3418,7.81499,0.145053,0.720738,0.667587,0.410645,0.477559,0.0497758,-0.113497,arms_ik
l1,isaac,policy,1,/home/humanoid/Programs/Humanoid_Simulation/Locomanipulation_game/logs/skrl/locomanip_marl/paper1/checkpoints/agent_91200.pt,0,b030_d60_e00,30,0.6,0,0.536572,0.226409,-0.117616,0.214518,-0.239416,0.23298,0.884784,1,0,0,1,nan,0.0505512,0.0891531,0.536647,0,0,0,1,0.0930949,0.0429231,0.607506,0.104348,0.0670435,0.325528,0.862332,0.738902,0.746499,0.115833,0,nan,4.4256,0.125609,-0.110422,0.124079,-0.110812,0.123461,1.0881,0,7.44194,3.35891,0.0608355,0.630649,0.860914,0.440873,0.499274,0.034644,0.210076,arms_ik
l1,isaac,policy,1,/home/humanoid/Programs/Humanoid_Simulation/Locomanipulation_game/logs/skrl/locomanip_marl/paper1/checkpoints/agent_91200.pt,0,b030_d70_e00,30,0.7,0,0.536572,0.226409,-0.217616,0.214518,-0.239416,0.13298,0.784784,1,0,0,1,nan,0.0600559,0.116947,0.699899,0,0,0,0,0.110611,0.0281793,0.666541,0.143206,0.0701351,0.387582,0.883932,0.741355,0.756771,0.127162,0,nan,4.5803,0.129605,-0.146661,0.133739,-0.169721,0.132041,0.434992,0,11.5708,5.24717,0.123144,0.557817,0.699723,0.389849,0.464381,0.0470949,-0.124627,arms_ik
l1,isaac,policy,1,/home/humanoid/Programs/Humanoid_Simulation/Locomanipulation_game/logs/skrl/locomanip_marl/paper1/checkpoints/agent_91200.pt,0,b030_d80_e00,30,0.8,0,0.536572,0.226409,-0.317616,0.214518,-0.239416,0.0329798,0.684784,1,0,0,1,nan,0.0580476,0.151117,0.832713,0,0,0,0,0.137811,0.0485026,0.792875,0.119933,0.0904846,0.447506,0.848511,0.718342,0.726645,0.121866,0,nan,5.34953,0.13304,-0.088676,0.131144,-0.0814505,0.12772,0.71528,1,23.4305,7.18085,0.244911,0.545476,0.739275,0.498558,0.533278,0.0469599,2.32079,arms_ik
l1,isaac,policy,1,/home/humanoid/Programs/Humanoid_Simulation/Locomanipulation_game/logs/skrl/locomanip_marl/paper1/checkpoints/agent_91200.pt,0,b030_d90_e00,30,0.9,0,0.536572,0.226409,-0.417616,0.214518,-0.239416,-0.0670202,0.584784,1,0,0,1,nan,0.122983,0.239647,0.904057,0,0,0,0,0.222412,0.0567189,0.849024,0.0837789,0.142776,0.467123,0.881635,0.721731,0.726134,0.155501,0,nan,4.68204,0.123899,-0.106768,0.132345,-0.136969,0.130348,0.976982,0,17.4924,5.88953,0.177784,0.572449,0.428828,0.317573,0.579806,0.0557218,3.02051,arms_ik
l1,isaac,policy,1,/home/humanoid/Programs/Humanoid_Simulation/Locomanipulation_game/logs/skrl/locomanip_marl/paper1/checkpoints/agent_91200.pt,0,b030_d100_e00,30,1,0,0.536572,0.226409,-0.517616,0.214518,-0.239416,-0.16702,0.484784,1,0,0,1,nan,0.144822,0.298424,0.978672,0,0,0,0,0.285273,0.0390036,0.852602,0.0790037,0.164443,0.508177,0.878084,0.713712,0.72311,0.154973,0,nan,6.89491,0.143919,-0.105097,0.131179,-0.127334,0.128203,1.05398,0,32.8001,7.72657,0.241986,0.615089,0.383172,0.368524,0.560485,0.0395745,4.82567,arms_ik
l1,isaac,policy,1,/home/humanoid/Programs/Humanoid_Simulation/Locomanipulation_game/logs/skrl/locomanip_marl/paper1/checkpoints/agent_91200.pt,0,b031_d00_e00,31,0,0,0.285954,0.288785,0.392302,0.122994,-0.402344,0.801651,1.3947,0,0,0,0,nan,0.0845084,0.162087,0.379516,0,0,0,0,0.0815748,0.205221,0.14798,0.261986,0.123405,0.232068,0.856604,0.797883,0.832251,0.0243529,0,nan,6.65141,0.250543,-0.22108,0.116137,-0.273785,0.103886,1.33013,9,46.0397,47.0676,0.497647,0.84515,0.856465,0.659887,0.600573,0.0667252,-2.00399,arms_ik
l1,isaac,policy,1,/home/humanoid/Programs/Humanoid_Simulation/Locomanipulation_game/logs/skrl/locomanip_marl/paper1/checkpoints/agent_91200.pt,0,b031_d10_e00,31,0.1,0,0.285954,0.288785,0.292302,0.122994,-0.402344,0.701651,1.2947,0,0,0,0,nan,0.15926,0.305213,0.865152,0,0,0,0,0.0861475,0.239575,0.16617,0.665398,0.182538,0.483,0.881837,0.789113,0.80851,0.0733274,0,nan,9.66344,0.258371,-0.166079,0.12284,-0.197766,0.116647,1.13772,2,52.0891,31.1751,0.533314,0.593141,0.781178,0.408969,0.547677,0.0440679,-5.67318,arms_ik
l1,isaac,policy,1,/home/humanoid/Programs/Humanoid_Simulation/Locomanipulation_game/logs/skrl/locomanip_marl/paper1/checkpoints/agent_91200.pt,0,b031_d20_e00,31,0.2,0,0.285954,0.288785,0.192302,0.122994,-0.402344,0.601651,1.1947,0,0,0,0,nan,0.0509011,0.123345,0.964421,0,0,0,0,0.0996032,0.173625,0.170468,0.861964,0.111003,0.525156,0.857437,0.788064,0.819696,0.0377403,0,nan,9.51936,0.239452,-0.228205,0.101925,-0.271771,0.0919649,1.07281,8,15.085,62.1675,0.523313,0.843897,0.859796,0.628222,0.551086,0.090001,-4.29821,arms_ik
l1,isaac,policy,1,/home/humanoid/Programs/Humanoid_Simulation/Locomanipulation_game/logs/skrl/locomanip_marl/paper1/checkpoints/agent_91200.pt,0,b031_d30_e00,31,0.3,0,0.285954,0.288785,0.0923022,0.122994,-0.402344,0.501651,1.0947,0,0,0,0,nan,0.0357795,0.144813,1.00303,0,0,0,0,0.0404657,0.304335,0.251408,1.42631,0.138493,0.667144,0.882109,0.775197,0.821287,0.0608223,0,nan,6.71199,0.229544,-0.212016,0.127343,-0.268285,0.124916,2.50186,4,26.9606,79.7976,0.596624,0.862135,0.860005,0.822345,0.558387,0.0685729,-4.20129,arms_ik
l1,isaac,policy,1,/home/humanoid/Programs/Humanoid_Simulation/Locomanipulation_game/logs/skrl/locomanip_marl/paper1/checkpoints/agent_91200.pt,0,b031_d40_e00,31,0.4,0,0.285954,0.288785,-0.00769778,0.122994,-0.402344,0.401651,0.994702,0,0,0,0,nan,0.0481624,0.0828266,0.805206,0,0,0,0,0.0878819,0.145337,0.178888,1.05116,0.0814792,0.435711,0.859741,0.777739,0.808299,0.0514428,0,nan,6.02091,0.202995,-0.171154,0.11819,-0.205186,0.103343,1.03145,1,39.7152,41.5646,0.514426,0.818094,0.742533,0.420997,0.519439,0.0618956,-3.24798,arms_ik
l1,isaac,policy,1,/home/humanoid/Programs/Humanoid_Simulation/Locomanipulation_game/logs/skrl/locomanip_marl/paper1/checkpoints/agent_91200.pt,0,b031_d50_e00,31,0.5,0,0.285954,0.288785,-0.107698,0.122994,-0.402344,0.301651,0.894702,0,0,1,0,nan,0.0213981,0.0482486,0.45242,0,0,1,1,0.0398311,0.0254509,0.13147,0.583998,0.0382551,0.191468,0.866465,0.774584,0.817559,0.0489056,0,nan,5.19991,0.222691,-0.213974,0.10688,-0.242868,0.105316,0.511906,2,11.924,12.5666,0.155737,0.806643,0.671,0.463054,0.596392,0.0355004,-0.956722,arms_ik
l1,isaac,policy,1,/home/humanoid/Programs/Humanoid_Simulation/Locomanipulation_game/logs/skrl/locomanip_marl/paper1/checkpoints/agent_91200.pt,0,b031_d60_e00,31,0.6,0,0.285954,0.288785,-0.207698,0.122994,-0.402344,0.201651,0.794702,1,0,0,1,nan,0.0321555,0.0568037,0.22879,0,0,1,1,0.0505797,0.0739804,0.0788682,0.170376,0.069122,0.176389,0.862664,0.76137,0.775924,0.0867398,0,nan,4.84542,0.16876,-0.126202,0.108025,-0.120032,0.115014,1.40768,1,25.1767,30.8244,0.359483,0.706177,0.498557,0.426147,0.494063,0.0516771,-1.99363,arms_ik
l1,isaac,policy,1,/home/humanoid/Programs/Humanoid_Simulation/Locomanipulation_game/logs/skrl/locomanip_marl/paper1/checkpoints/agent_91200.pt,0,b031_d70_e00,31,0.7,0,0.285954,0.288785,-0.307698,0.122994,-0.402344,0.101651,0.694702,1,0,0,0,nan,0.0315985,0.0589174,0.16581,0,0,1,1,0.0550741,0.0662778,0.0819972,0.166754,0.0542745,0.121132,0.866388,0.751582,0.761542,0.104846,0,nan,3.96507,0.15535,-0.141116,0.121572,-0.145876,0.116756,1.09008,0,9.45721,8.08084,0.139041,0.640182,0.392865,0.317539,0.491599,0.0471023,1.67553,arms_ik
l1,isaac,policy,1,/home/humanoid/Programs/Humanoid_Simulation/Locomanipulation_game/logs/skrl/locomanip_marl/paper1/checkpoints/agent_91200.pt,0,b031_d80_e00,31,0.8,0,0.285954,0.288785,-0.407698,0.122994,-0.402344,0.00165052,0.594702,1,0,0,0,nan,0.0763179,0.147022,0.151775,0,0,0,0,0.136563,0.0773774,0.146408,0.15604,0.104303,0.0999334,0.879588,0.749547,0.763792,0.115796,0,nan,4.6043,0.169672,-0.213889,0.10411,-0.256621,0.103619,2.16634,2,24.9429,11.2699,0.250194,0.718666,0.539556,0.651309,0.597652,0.0462119,0.643578,arms_ik
l1,isaac,policy,1,/home/humanoid/Programs/Humanoid_Simulation/Locomanipulation_game/logs/skrl/locomanip_marl/paper1/checkpoints/agent_91200.pt,0,b031_d90_e00,31,0.9,0,0.285954,0.288785,-0.507698,0.122994,-0.402344,-0.0983495,0.494702,1,0,0,1,nan,0.105259,0.182057,0.253129,0,0,0,0,0.172719,0.0740598,0.0650348,0.23578,0.118566,0.140347,0.88056,0.73134,0.745715,0.134845,0,nan,5.12193,0.136266,-0.117403,0.131582,-0.148937,0.129931,0.985584,0,7.47215,8.41708,0.127532,0.569757,0.564967,0.307126,0.748121,0.0398461,2.14133,arms_ik
l1,isaac,policy,1,/home/humanoid/Programs/Humanoid_Simulation/Locomanipulation_game/logs/skrl/locomanip_marl/paper1/checkpoints/agent_91200.pt,0,b031_d100_e00,31,1,0,0.285954,0.288785,-0.607698,0.122994,-0.402344,-0.198349,0.394702,1,0,0,0,nan,0.161732,0.285369,0.30588,0,0,0,0,0.272621,0.0721863,0.100141,0.297363,0.178662,0.184243,0.874722,0.722984,0.738357,0.136364,0,nan,4.59274,0.154073,-0.133374,0.117094,-0.127783,0.116026,0.804006,0,37.6722,10.7466,0.297607,0.608559,0.540353,0.366022,0.61005,0.0414778,2.56706,arms_ik
l1,isaac,policy,1,/home/humanoid/Programs/Humanoid_Simulation/Locomanipulation_game/logs/skrl/locomanip_marl/paper1/checkpoints/agent_91200.pt,0,b032_d00_e00,32,0,0,0.542297,0.322914,0.353394,0.242598,-0.627718,0.161043,1.16344,0,0,0,0,nan,0.197607,0.357536,0.757525,0,0,0,0,0.325786,0.081382,0.568428,0.120441,0.222691,0.4119,0.853399,0.787363,0.806657,0.0467412,0,nan,4.38052,0.163897,-0.142128,0.12333,-0.193777,0.121876,0.799563,2,38.2218,29.7425,0.397605,0.732671,0.846465,0.432706,0.587285,0.0492807,1.39264,arms_ik
l1,isaac,policy,1,/home/humanoid/Programs/Humanoid_Simulation/Locomanipulation_game/logs/skrl/locomanip_marl/paper1/checkpoints/agent_91200.pt,0,b032_d10_e00,32,0.1,0,0.542297,0.322914,0.253394,0.242598,-0.627718,0.0610432,1.06344,0,0,0,0,nan,0.13516,0.258265,0.534515,0,0,0,0,0.206179,0.0641421,0.37767,0.0907195,0.163256,0.3073,0.879204,0.784261,0.794545,0.0846593,0,nan,3.9883,0.153578,-0.139917,0.126853,-0.189385,0.128721,0.826915,0,38.1638,24.4404,0.391511,0.568023,0.763086,0.415779,0.542038,0.0459039,2.22454,arms_ik
l1,isaac,policy,1,/home/humanoid/Programs/Humanoid_Simulation/Locomanipulation_game/logs/skrl/locomanip_marl/paper1/checkpoints/agent_91200.pt,0,b032_d20_e00,32,0.2,0,0.542297,0.322914,0.153394,0.242598,-0.627718,-0.0389568,0.963443,0,0,0,0,nan,0.079163,0.182749,0.347456,0,0,0,0,0.178974,0.11841,0.376249,0.167453,0.138519,0.256744,0.880539,0.767063,0.784394,0.0961448,0,nan,6.45719,0.160995,0.0989982,0.132226,0.0891501,0.129838,1.17929,0,44.7387,29.5493,0.438386,0.664957,0.85558,0.35678,0.70578,0.056689,2.85489,arms_ik
l1,isaac,policy,1,/home/humanoid/Programs/Humanoid_Simulation/Locomanipulation_game/logs/skrl/locomanip_marl/paper1/checkpoints/agent_91200.pt,0,b032_d30_e00,32,0.3,0,0.542297,0.322914,0.0533936,0.242598,-0.627718,-0.138957,0.863443,1,0,0,0,nan,0.0684591,0.129089,0.267485,0,0,0,0,0.156435,0.104765,0.30684,0.164174,0.11151,0.218965,0.855849,0.741007,0.749315,0.106534,0,nan,7.82109,0.129043,0.107511,0.128952,0.0988056,0.127903,1.0516,0,38.0833,18.0792,0.324171,0.679749,0.79248,0.333904,0.65817,0.0561743,4.55347,arms_ik
l1,isaac,policy,1,/home/humanoid/Programs/Humanoid_Simulation/Locomanipulation_game/logs/skrl/locomanip_marl/paper1/checkpoints/agent_91200.pt,0,b032_d40_e00,32,0.4,0,0.542297,0.322914,-0.0466064,0.242598,-0.627718,-0.238957,0.763443,1,0,0,0,nan,0.0921665,0.149589,0.318535,0,0,0,0,0.10743,0.117773,0.219465,0.160296,0.121615,0.197047,0.875507,0.721172,0.72898,0.146527,0,nan,7.74412,0.125777,0.111597,0.125549,0.0923692,0.126014,1.14811,0,47.6986,47.8498,0.525273,0.515902,0.846819,0.32247,0.441981,0.0507222,4.75607,arms_ik
l1,isaac,policy,1,/home/humanoid/Programs/Humanoid_Simulation/Locomanipulation_game/logs/skrl/locomanip_marl/paper1/checkpoints/agent_91200.pt,0,b032_d50_e00,32,0.5,0,0.542297,0.322914,-0.146606,0.242598,-0.627718,-0.338957,0.663443,1,0,0,0,nan,0.0734564,0.119299,0.271607,0,0,0,0,0.115371,0.0873884,0.126307,0.223251,0.10573,0.212322,0.84171,0.707795,0.713869,0.127842,0,nan,8.78715,0.125841,-0.0961021,0.128257,-0.08647,0.128176,0.759594,0,31.2272,24.4661,0.319272,0.564701,0.39631,0.282577,0.458851,0.0567064,5.8178,arms_ik
l1,isaac,policy,1,/home/humanoid/Programs/Humanoid_Simulation/Locomanipulation_game/logs/skrl/locomanip_marl/paper1/checkpoints/agent_91200.pt,0,b032_d60_e00,32,0.6,0,0.542297,0.322914,-0.246606,0.242598,-0.627718,-0.438957,0.563443,1,0,0,0,nan,0.133802,0.188073,0.345443,0,0,0,0,0.151014,0.198742,0.30329,0.312366,0.160095,0.273059,0.864465,0.708533,0.715461,0.149004,0,nan,8.46079,0.162646,-0.190681,0.128697,-0.22135,0.127895,0.644104,1,44.0056,35.8634,0.469377,0.733592,0.423184,0.526123,0.52678,0.0570995,5.65208,arms_ik
l1,isaac,policy,1,/home/humanoid/Programs/Humanoid_Simulation/Locomanipulation_game/logs/skrl/locomanip_marl/paper1/checkpoints/agent_91200.pt,0,b032_d70_e00,32,0.7,0,0.542297,0.322914,-0.346606,0.242598,-0.627718,-0.538957,0.463443,1,0,0,0,nan,0.202618,0.259702,0.418335,0,0,0,0,0.174224,0.260371,0.305615,0.448389,0.215129,0.342879,0.869058,0.707352,0.714359,0.154698,0,nan,8.84944,0.138341,-0.106968,0.127277,-0.128092,0.126489,1.64416,0,24.4216,17.6361,0.286893,0.499458,0.414635,0.291101,0.567435,0.0548002,6.60138,arms_ik
l1,isaac,policy,1,/home/humanoid/Programs/Humanoid_Simulation/Locomanipulation_game/logs/skrl/locomanip_marl/paper1/checkpoints/agent_91200.pt,0,b032_d80_e00,32,0.8,0,0.542297,0.322914,-0.446606,0.242598,-0.627718,-0.638957,0.363443,1,0,0,0,nan,0.281707,0.342341,0.568493,0,0,0,0,0.266358,0.328266,0.360875,0.516376,0.300834,0.42638,0.866157,0.712757,0.717732,0.148425,0,nan,9.96053,0.15856,-0.147186,0.134308,-0.161322,0.130918,0.870917,3,37.7446,26.7862,0.397668,0.851235,0.397723,0.39435,0.607143,0.0760303,7.21359,arms_ik
l1,isaac,policy,1,/home/humanoid/Programs/Humanoid_Simulation/Locomanipulation_game/logs/skrl/locomanip_marl/paper1/checkpoints/agent_91200.pt,0,b032_d90_e00,32,0.9,0,0.542297,0.322914,-0.546606,0.242598,-0.627718,-0.738957,0.263443,1,0,0,0,nan,0.367935,0.453981,0.660677,0,0,0,0,0.310036,0.437362,0.528311,0.365221,0.375894,0.512005,0.887038,0.717837,0.723163,0.163875,0,nan,10.2786,0.143284,-0.122081,0.115814,-0.15465,0.118332,1.21699,1,35.6318,45.4993,0.476444,0.483573,0.538419,0.350789,0.639665,0.0868674,8.32232,arms_ik
l1,isaac,policy,1,/home/humanoid/Programs/Humanoid_Simulation/Locomanipulation_game/logs/skrl/locomanip_marl/paper1/checkpoints/agent_91200.pt,0,b032_d100_e00,32,1,0,0.542297,0.322914,-0.646606,0.242598,-0.627718,-0.838957,0.163443,1,0,0,0,nan,0.449502,0.499412,0.708541,0,0,0,0,0.400681,0.503816,0.449177,0.560931,0.460112,0.565012,0.877462,0.704211,0.712502,0.16496,0,nan,10.9011,0.161015,-0.18528,0.133699,-0.168527,0.130864,0.860349,6,50.9459,36.8718,0.438561,0.854924,0.555673,0.38944,0.666865,0.0702266,8.34229,arms_ik
l1,isaac,policy,1,/home/humanoid/Programs/Humanoid_Simulation/Locomanipulation_game/logs/skrl/locomanip_marl/paper1/checkpoints/agent_91200.pt,0,b033_d00_e00,33,0,0,0.324698,0.442419,0.047229,0.331269,0.0336119,0.818375,1.04963,0,0,0,0,nan,0.354084,0.674514,1.59773,0,0,0,0,0.0569781,0.670111,0.0882223,1.70652,0.38195,0.834173,0.875118,0.771739,0.792605,0.0825134,0,nan,6.05042,0.178144,-0.248144,0.124167,-0.285222,0.109849,0.832901,3,24.206,17.8523,0.193494,0.779557,0.810166,0.849465,0.684372,0.0251005,-2.84379,arms_ik
l1,isaac,policy,1,/home/humanoid/Programs/Humanoid_Simulation/Locomanipulation_game/logs/skrl/locomanip_marl/paper1/checkpoints/agent_91200.pt,0,b033_d10_e00,33,0.1,0,0.324698,0.442419,-0.052771,0.331269,0.0336119,0.718375,0.949629,0,0,0,0,nan,0.271843,0.535484,1.31217,0,0,0,0,0.0629487,0.507838,0.0731546,1.22269,0.299572,0.661132,0.883389,0.774297,0.786243,0.0971458,0,nan,6.70113,0.178264,-0.126691,0.116463,-0.130221,0.118145,0.660555,0,10.567,12.6805,0.130988,0.565287,0.69762,0.389916,0.659349,0.0345023,-2.51278,arms_ik
l1,isaac,policy,1,/home/humanoid/Programs/Humanoid_Simulation/Locomanipulation_game/logs/skrl/locomanip_marl/paper1/checkpoints/agent_91200.pt,0,b033_d20_e00,33,0.2,0,0.324698,0.442419,-0.152771,0.331269,0.0336119,0.618375,0.849629,1,0,0,0,nan,0.228659,0.428277,1.0461,0,0,0,0,0.0643099,0.427593,0.117408,1.00872,0.241339,0.553436,0.860731,0.750435,0.767975,0.0927566,0,nan,5.69494,0.160344,0.0975085,0.123226,0.0763187,0.119138,1.12888,0,18.0057,15.4209,0.203866,0.536331,0.854441,0.350233,0.690957,0.0313893,-1.43736,arms_ik
l1,isaac,policy,1,/home/humanoid/Programs/Humanoid_Simulation/Locomanipulation_game/logs/skrl/locomanip_marl/paper1/checkpoints/agent_91200.pt,0,b033_d30_e00,33,0.3,0,0.324698,0.442419,-0.252771,0.331269,0.0336119,0.518375,0.749629,1,0,0,0,nan,0.17333,0.301567,0.776978,0,0,0,0,0.0558532,0.292254,0.0881834,0.735448,0.179023,0.409257,0.860058,0.743038,0.755417,0.104641,0,nan,4.03219,0.144335,0.10837,0.130001,0.0964163,0.129282,1.16847,0,11.1805,8.11861,0.0813884,0.590696,0.637508,0.266522,0.738875,0.030118,-0.779049,arms_ik
l1,isaac,policy,1,/home/humanoid/Programs/Humanoid_Simulation/Locomanipulation_game/logs/skrl/locomanip_marl/paper1/checkpoints/agent_91200.pt,0,b033_d40_e00,33,0.4,0,0.324698,0.442419,-0.352771,0.331269,0.0336119,0.418375,0.649629,1,0,0,0,nan,0.128643,0.188788,0.498331,0,0,0,0,0.119987,0.1373,0.0798889,0.351836,0.140613,0.244715,0.853778,0.733609,0.74156,0.112218,0,nan,2.36144,0.153908,-0.161245,0.133405,-0.179655,0.130663,0.681956,2,11.9043,16.6106,0.152655,0.732763,0.621581,0.327233,0.724259,0.0385997,-0.352876,arms_ik
l1,isaac,policy,1,/home/humanoid/Programs/Humanoid_Simulation/Locomanipulation_game/logs/skrl/locomanip_marl/paper1/checkpoints/agent_91200.pt,0,b033_d50_e00,33,0.5,0,0.324698,0.442419,-0.452771,0.331269,0.0336119,0.318375,0.549629,1,0,0,1,nan,0.131298,0.246406,0.387985,0,0,0,0,0.242494,0.0353788,0.39141,0.118763,0.134995,0.247594,0.874093,0.746133,0.75191,0.122183,0,nan,7.08881,0.151468,-0.116441,0.134061,-0.142723,0.131524,0.854484,0,6.62348,6.59746,0.106041,0.537681,0.442515,0.291311,0.794012,0.0304832,-1.19482,arms_ik
l1,isaac,policy,1,/home/humanoid/Programs/Humanoid_Simulation/Locomanipulation_game/logs/skrl/locomanip_marl/paper1/checkpoints/agent_91200.pt,0,b033_d60_e00,33,0.6,0,0.324698,0.442419,-0.552771,0.331269,0.0336119,0.218375,0.449629,1,0,0,1,nan,0.16028,0.296861,0.422665,0,0,0,0,0.298599,0.0425118,0.413779,0.130785,0.168756,0.266914,0.869844,0.729223,0.740204,0.12964,0,nan,4.74441,0.153482,-0.107142,0.131337,-0.118275,0.131428,1.1918,0,5.03964,5.26661,0.0794072,0.545153,0.653429,0.287884,0.711392,0.0336475,0.511848,arms_ik
l1,isaac,policy,1,/home/humanoid/Programs/Humanoid_Simulation/Locomanipulation_game/logs/skrl/locomanip_marl/paper1/checkpoints/agent_91200.pt,0,b033_d70_e00,33,0.7,0,0.324698,0.442419,-0.652771,0.331269,0.0336119,0.118375,0.349629,1,0,0,1,nan,0.202043,0.383926,0.463164,0,0,0,0,0.370336,0.0416713,0.433525,0.136812,0.208471,0.291753,0.851703,0.723322,0.731672,0.120031,0,nan,5.79576,0.144313,0.110314,0.133651,0.105038,0.131281,1.19229,0,6.98706,4.55296,0.0953516,0.653836,0.502544,0.387659,0.62027,0.0360293,1.28609,arms_ik
l1,isaac,policy,1,/home/humanoid/Programs/Humanoid_Simulation/Locomanipulation_game/logs/skrl/locomanip_marl/paper1/checkpoints/agent_91200.pt,0,b033_d80_e00,33,0.8,0,0.324698,0.442419,-0.752771,0.331269,0.0336119,0.0183753,0.249629,1,0,0,0,nan,0.238861,0.470679,0.394784,0,0,0,0,0.469911,0.0685431,0.363621,0.17091,0.26772,0.274894,0.86949,0.724982,0.733758,0.135731,0,nan,5.7606,0.137439,-0.114469,0.123213,-0.14198,0.124122,1.35239,1,8.17018,9.918,0.107362,0.565637,0.56848,0.309507,0.794728,0.0435103,1.70429,arms_ik
l1,isaac,policy,1,/home/humanoid/Programs/Humanoid_Simulation/Locomanipulation_game/logs/skrl/locomanip_marl/paper1/checkpoints/agent_91200.pt,0,b033_d90_e00,33,0.9,0,0.324698,0.442419,-0.852771,0.331269,0.0336119,-0.0816247,0.149629,1,0,0,0,nan,0.291572,0.556975,0.42177,0,0,0,0,0.558853,0.0811049,0.467644,0.177613,0.315013,0.298829,0.858447,0.716964,0.729506,0.128941,0,nan,5.951,0.148354,-0.107976,0.125665,-0.10579,0.124169,1.57269,0,10.0479,9.54945,0.121213,0.564038,0.409129,0.3413,0.575642,0.0528675,3.66754,arms_ik
l1,isaac,policy,1,/home/humanoid/Programs/Humanoid_Simulation/Locomanipulation_game/logs/skrl/locomanip_marl/paper1/checkpoints/agent_91200.pt,0,b033_d100_e00,33,1,0,0.324698,0.442419,-0.952771,0.331269,0.0336119,-0.181625,0.049629,1,0,0,0,nan,0.331642,0.630395,0.366598,0,0,0,0,0.622721,0.0781087,0.371137,0.15984,0.349737,0.263366,0.86779,0.711796,0.716191,0.151599,0,nan,5.29436,0.148679,-0.130381,0.127088,-0.144251,0.128131,1.01802,0,4.88069,6.31296,0.0730409,0.592929,0.387966,0.391716,0.54465,0.0596868,3.7346,arms_ik
l1,isaac,policy,1,/home/humanoid/Programs/Humanoid_Simulation/Locomanipulation_game/logs/skrl/locomanip_marl/paper1/checkpoints/agent_91200.pt,0,b034_d00_e00,34,0,0,0.381258,0.46419,0.492183,0.353874,-0.269883,0.13932,1.14172,0,0,0,0,nan,0.0868512,0.143256,0.257472,0,0,0,0,0.106588,0.0678705,0.164629,0.142034,0.0951524,0.174987,0.869079,0.783724,0.792654,0.0764254,0,nan,6.025,0.170614,-0.0895794,0.130867,-0.0712587,0.128809,0.989174,0,14.5688,7.67993,0.100936,0.572054,0.849581,0.307446,0.654146,0.0350542,0.309028,arms_ik
l1,isaac,policy,1,/home/humanoid/Programs/Humanoid_Simulation/Locomanipulation_game/logs/skrl/locomanip_marl/paper1/checkpoints/agent_91200.pt,0,b034_d10_e00,34,0.1,0,0.381258,0.46419,0.392183,0.353874,-0.269883,0.03932,1.04172,0,0,0,0,nan,0.10254,0.184822,0.391741,0,0,0,0,0.19545,0.0524123,0.371892,0.122077,0.117838,0.251331,0.873275,0.779202,0.785983,0.0872924,0,nan,4.93227,0.132076,-0.173796,0.131437,-0.185047,0.128429,1.15088,1,13.5944,8.92423,0.151013,0.577253,0.677421,0.302729,0.619711,0.0431382,-0.0615378,arms_ik
l1,isaac,policy,1,/home/humanoid/Programs/Humanoid_Simulation/Locomanipulation_game/logs/skrl/locomanip_marl/paper1/checkpoints/agent_91200.pt,0,b034_d20_e00,34,0.2,0,0.381258,0.46419,0.292183,0.353874,-0.269883,-0.06068,0.94172,0,0,0,0,nan,0.0445584,0.0782287,0.180412,0,0,1,1,0.0841968,0.0635731,0.18886,0.12895,0.071397,0.153845,0.870884,0.759049,0.774151,0.0967333,0,nan,6.39655,0.1609,0.115775,0.131743,0.0955861,0.130731,1.09682,0,10.6462,9.24089,0.136732,0.724127,0.835834,0.449398,0.496122,0.0355148,1.53178,arms_ik
l1,isaac,policy,1,/home/humanoid/Programs/Humanoid_Simulation/Locomanipulation_game/logs/skrl/locomanip_marl/paper1/checkpoints/agent_91200.pt,0,b034_d30_e00,34,0.3,0,0.381258,0.46419,0.192183,0.353874,-0.269883,-0.16068,0.84172,1,0,0,0,nan,0.0785013,0.112348,0.225675,0,0,0,0,0.101776,0.0904712,0.187627,0.152496,0.0993429,0.172387,0.848688,0.735274,0.754701,0.0939866,0,nan,6.15121,0.174343,-0.195665,0.116768,-0.210797,0.115365,1.10261,2,19.9366,17.2923,0.212829,0.85198,0.771627,0.403361,0.549977,0.0407406,3.42182,arms_ik
l1,isaac,policy,1,/home/humanoid/Programs/Humanoid_Simulation/Locomanipulation_game/logs/skrl/locomanip_marl/paper1/checkpoints/agent_91200.pt,0,b034_d40_e00,34,0.4,0,0.381258,0.46419,0.0921828,0.353874,-0.269883,-0.26068,0.74172,1,0,0,0,nan,0.0992653,0.153631,0.300007,0,0,0,0,0.167191,0.100986,0.278996,0.124925,0.125904,0.204753,0.87949,0.740952,0.745351,0.134138,0,nan,4.60907,0.167477,-0.187209,0.130625,-0.219462,0.127389,1.02356,1,15.8282,13.0748,0.145464,0.667734,0.791045,0.585318,0.557477,0.0466383,1.31425,arms_ik
l1,isaac,policy,1,/home/humanoid/Programs/Humanoid_Simulation/Locomanipulation_game/logs/skrl/locomanip_marl/paper1/checkpoints/agent_91200.pt,0,b034_d50_e00,34,0.5,0,0.381258,0.46419,-0.00781718,0.353874,-0.269883,-0.36068,0.64172,1,0,0,0,nan,0.0541485,0.0943554,0.333761,0,0,0,1,0.0739542,0.103882,0.179363,0.350963,0.0886555,0.25565,0.86189,0.715515,0.719906,0.141984,0,nan,5.92599,0.13163,-0.136483,0.133319,-0.127896,0.129942,1.11925,1,24.4342,24.4745,0.285982,0.520474,0.729942,0.31259,0.670642,0.0376709,2.70551,arms_ik
l1,isaac,policy,1,/home/humanoid/Programs/Humanoid_Simulation/Locomanipulation_game/logs/skrl/locomanip_marl/paper1/checkpoints/agent_91200.pt,0,b034_d60_e00,34,0.6,0,0.381258,0.46419,-0.107817,0.353874,-0.269883,-0.46068,0.54172,1,0,0,0,nan,0.104337,0.172964,0.416142,0,0,0,0,0.10001,0.157094,0.197079,0.350933,0.130921,0.2878,0.879693,0.709003,0.714998,0.164694,0,nan,7.08558,0.141536,-0.111329,0.122541,-0.13521,0.121702,1.02039,1,17.5814,28.7917,0.289703,0.598903,0.433588,0.328638,0.553951,0.0538236,2.81684,arms_ik
l1,isaac,policy,1,/home/humanoid/Programs/Humanoid_Simulation/Locomanipulation_game/logs/skrl/locomanip_marl/paper1/checkpoints/agent_91200.pt,0,b034_d70_e00,34,0.7,0,0.381258,0.46419,-0.207817,0.353874,-0.269883,-0.56068,0.44172,1,0,0,0,nan,0.143361,0.247952,0.460891,0,0,0,0,0.101318,0.257519,0.313689,0.500392,0.178449,0.388272,0.891061,0.703567,0.70908,0.181981,0,nan,7.12257,0.140689,-0.109035,0.11935,-0.137374,0.120879,1.41949,2,10.9085,15.3533,0.150789,0.51933,0.451179,0.287552,0.526421,0.0771329,4.17824,arms_ik
l1,isaac,policy,1,/home/humanoid/Programs/Humanoid_Simulation/Locomanipulation_game/logs/skrl/locomanip_marl/paper1/checkpoints/agent_91200.pt,0,b034_d80_e00,34,0.8,0,0.381258,0.46419,-0.307817,0.353874,-0.269883,-0.66068,0.34172,1,0,0,0,nan,0.169385,0.302516,0.536902,0,0,0,0,0.105611,0.295525,0.499537,0.526829,0.198093,0.502997,0.876597,0.69241,0.697588,0.17901,0,nan,7.91378,0.157975,-0.11806,0.120679,-0.109033,0.11991,0.375915,0,9.49962,14.0332,0.147645,0.593071,0.390853,0.303939,0.593442,0.0541962,4.89007,arms_ik
l1,isaac,policy,1,/home/humanoid/Programs/Humanoid_Simulation/Locomanipulation_game/logs/skrl/locomanip_marl/paper1/checkpoints/agent_91200.pt,0,b034_d90_e00,34,0.9,0,0.381258,0.46419,-0.407817,0.353874,-0.269883,-0.76068,0.24172,1,0,0,0,nan,0.291761,0.427004,0.637499,0,0,0,0,0.169715,0.416977,0.420359,0.539376,0.299511,0.495158,0.882463,0.681038,0.690357,0.192106,0,nan,9.28331,0.185702,-0.160419,0.126714,-0.166422,0.125094,1.17895,2,18.0212,47.3644,0.36526,0.851361,0.407353,0.512417,0.547989,0.0615976,5.57265,arms_ik
l1,isaac,policy,1,/home/humanoid/Programs/Humanoid_Simulation/Locomanipulation_game/logs/skrl/locomanip_marl/paper1/checkpoints/agent_91200.pt,0,b034_d100_e00,34,1,0,0.381258,0.46419,-0.507817,0.353874,-0.269883,-0.86068,0.14172,1,0,0,0,nan,0.355534,0.497766,0.698817,0,0,0,0,0.24568,0.495574,0.587574,0.724457,0.368865,0.590868,0.871683,0.690867,0.700061,0.171622,0,nan,8.60383,0.179268,0.0742111,0.11682,0.0501692,0.117435,0.900323,0,13.7819,36.3959,0.327881,0.777934,0.536983,0.426047,0.602532,0.0680625,6.25779,arms_ik
l1,isaac,policy,1,/home/humanoid/Programs/Humanoid_Simulation/Locomanipulation_game/logs/skrl/locomanip_marl/paper1/checkpoints/agent_91200.pt,0,b035_d00_e00,35,0,0,0.213983,0.680445,0.547195,0.50916,-0.047966,0.348541,1.35094,0,0,0,0,nan,0.161597,0.323244,0.23405,0,0,0,0,0.0630479,0.316646,0.0875921,0.234469,0.181191,0.167718,0.865203,0.776996,0.818349,0.0468533,0,nan,5.73325,0.171949,-0.205924,0.120138,-0.257162,0.114261,1.01079,3,15.706,22.1651,0.238671,0.645421,0.870915,0.376844,0.488367,0.0401153,-1.53391,arms_ik
l1,isaac,policy,1,/home/humanoid/Programs/Humanoid_Simulation/Locomanipulation_game/logs/skrl/locomanip_marl/paper1/checkpoints/agent_91200.pt,0,b035_d10_e00,35,0.1,0,0.213983,0.680445,0.447195,0.50916,-0.047966,0.248541,1.25094,0,0,0,0,nan,0.0890416,0.216042,0.249999,0,0,0,0,0.0809196,0.287308,0.029583,0.249946,0.140181,0.18342,0.862713,0.773583,0.802695,0.0600182,0,nan,6.1838,0.198107,-0.13208,0.107375,-0.169601,0.0969589,1.2957,1,46.0837,59.6811,0.349816,0.667817,0.901214,0.341598,0.613276,0.0376793,-2.24493,arms_ik
l1,isaac,policy,1,/home/humanoid/Programs/Humanoid_Simulation/Locomanipulation_game/logs/skrl/locomanip_marl/paper1/checkpoints/agent_91200.pt,0,b035_d20_e00,35,0.2,0,0.213983,0.680445,0.347195,0.50916,-0.047966,0.148541,1.15094,0,0,0,0,nan,0.179381,0.230174,0.649673,0,0,0,0,0.219591,0.176802,0.490387,0.226424,0.218809,0.423471,0.870715,0.760091,0.774615,0.0961001,0,nan,4.22418,0.152329,-0.194911,0.130137,-0.26861,0.124038,1.62855,1,39.4771,26.3496,0.371305,0.643414,0.859934,0.630818,0.549884,0.0437402,0.470538,arms_ik
l1,isaac,policy,1,/home/humanoid/Programs/Humanoid_Simulation/Locomanipulation_game/logs/skrl/locomanip_marl/paper1/checkpoints/agent_91200.pt,0,b035_d30_e00,35,0.3,0,0.213983,0.680445,0.247195,0.50916,-0.047966,0.0485406,1.05094,0,0,0,0,nan,0.13002,0.216214,0.465494,0,0,0,0,0.149578,0.156914,0.236649,0.257415,0.15976,0.336302,0.865645,0.737571,0.764535,0.10111,0,nan,6.11421,0.18674,-0.205985,0.114643,-0.239707,0.10919,1.30818,2,61.2055,55.4224,0.562498,0.860696,0.845837,0.526449,0.557734,0.0397125,2.24489,arms_ik
l1,isaac,policy,1,/home/humanoid/Programs/Humanoid_Simulation/Locomanipulation_game/logs/skrl/locomanip_marl/paper1/checkpoints/agent_91200.pt,0,b035_d40_e00,35,0.4,0,0.213983,0.680445,0.147195,0.50916,-0.047966,-0.0514594,0.950941,0,0,0,0,nan,0.0790321,0.125444,0.236108,0,0,0,0,0.0885931,0.0961225,0.152279,0.173512,0.0947643,0.172615,0.866679,0.741387,0.749338,0.117341,0,nan,4.7641,0.148591,-0.164749,0.115433,-0.175751,0.113341,0.606434,2,12.0246,18.1538,0.10617,0.497514,0.736389,0.57989,0.721565,0.03976,2.10949,arms_ik
l1,isaac,policy,1,/home/humanoid/Programs/Humanoid_Simulation/Locomanipulation_game/logs/skrl/locomanip_marl/paper1/checkpoints/agent_91200.pt,0,b035_d50_e00,35,0.5,0,0.213983,0.680445,0.0471949,0.50916,-0.047966,-0.151459,0.850941,1,0,0,0,nan,0.0576418,0.131842,0.211318,0,0,0,0,0.0900383,0.107889,0.183874,0.155184,0.0973195,0.174964,0.870108,0.723969,0.740693,0.129415,0,nan,7.66596,0.164038,-0.151441,0.115037,-0.194066,0.118951,1.40658,1,14.9641,14.4343,0.11565,0.750888,0.803506,0.564338,0.54768,0.0514259,3.13273,arms_ik
l1,isaac,policy,1,/home/humanoid/Programs/Humanoid_Simulation/Locomanipulation_game/logs/skrl/locomanip_marl/paper1/checkpoints/agent_91200.pt,0,b035_d60_e00,35,0.6,0,0.213983,0.680445,-0.0528051,0.50916,-0.047966,-0.251459,0.750941,1,0,0,0,nan,0.0567189,0.126423,0.258832,0,0,0,0,0.132891,0.0893015,0.275432,0.115733,0.114942,0.21718,0.874948,0.711772,0.723666,0.151282,0,nan,9.30054,0.182417,-0.107731,0.118331,-0.140203,0.118979,0.928533,0,56.1607,50.6415,0.610876,0.635902,0.441953,0.349698,0.387195,0.054115,6.02435,arms_ik
l1,isaac,policy,1,/home/humanoid/Programs/Humanoid_Simulation/Locomanipulation_game/logs/skrl/locomanip_marl/paper1/checkpoints/agent_91200.pt,0,b035_d70_e00,35,0.7,0,0.213983,0.680445,-0.152805,0.50916,-0.047966,-0.351459,0.650941,1,0,0,0,nan,0.103375,0.189529,0.213697,0,0,0,0,0.134483,0.166421,0.256012,0.0968911,0.138211,0.171656,0.870172,0.696154,0.706386,0.163786,0,nan,8.31243,0.156951,-0.104144,0.119261,-0.116169,0.120939,1.32801,1,29.7416,23.5902,0.328977,0.596356,0.555889,0.339228,0.457402,0.0530138,5.38305,arms_ik
l1,isaac,policy,1,/home/humanoid/Programs/Humanoid_Simulation/Locomanipulation_game/logs/skrl/locomanip_marl/paper1/checkpoints/agent_91200.pt,0,b035_d80_e00,35,0.8,0,0.213983,0.680445,-0.252805,0.50916,-0.047966,-0.451459,0.550941,1,0,0,0,nan,0.146547,0.22957,0.242474,0,0,0,0,0.123701,0.224681,0.232725,0.14194,0.168658,0.174763,0.879447,0.711485,0.717005,0.162441,0,nan,9.34054,0.159774,-0.225165,0.126752,-0.207568,0.123106,1.29703,0,13.289,13.8444,0.167259,0.627004,0.717409,0.488509,0.50351,0.0625253,6.76473,arms_ik
l1,isaac,policy,1,/home/humanoid/Programs/Humanoid_Simulation/Locomanipulation_game/logs/skrl/locomanip_marl/paper1/checkpoints/agent_91200.pt,0,b035_d90_e00,35,0.9,0,0.213983,0.680445,-0.352805,0.50916,-0.047966,-0.551459,0.450941,1,0,0,0,nan,0.260813,0.35576,0.401464,0,0,0,0,0.223743,0.325145,0.346498,0.099509,0.280132,0.282684,0.870154,0.697233,0.71167,0.158484,0,nan,9.10291,0.191553,-0.169624,0.122717,-0.201923,0.123036,0.969961,2,33.7407,46.3974,0.407572,0.80606,0.534473,0.511396,0.566865,0.0439781,6.17122,arms_ik
l1,isaac,policy,1,/home/humanoid/Programs/Humanoid_Simulation/Locomanipulation_game/logs/skrl/locomanip_marl/paper1/checkpoints/agent_91200.pt,0,b035_d100_e00,35,1,0,0.213983,0.680445,-0.452805,0.50916,-0.047966,-0.651459,0.350941,1,0,0,0,nan,0.283093,0.364066,0.432102,0,0,0,0,0.223987,0.351914,0.397676,0.170305,0.290408,0.326365,0.879808,0.702444,0.7097,0.170108,0,nan,9.39961,0.171834,-0.231126,0.115667,-0.23597,0.116143,0.672348,0,15.1761,34.7586,0.313504,0.692588,0.627444,0.670853,0.561805,0.0730105,8.25125,arms_ik
l1,isaac,policy,1,/home/humanoid/Programs/Humanoid_Simulation/Locomanipulation_game/logs/skrl/locomanip_marl/paper1/checkpoints/agent_91200.pt,0,b036_d00_e00,36,0,0,0.135407,0.73304,0.327872,0.332659,-0.606425,0.238305,1.24071,0,0,0,0,nan,0.0805297,0.125136,0.258528,0,0,0,0,0.12248,0.0885256,0.250894,0.108781,0.104443,0.185464,0.847084,0.760856,0.772387,0.0746979,0,nan,6.20041,0.175587,-0.170097,0.126547,-0.211282,0.118334,0.885554,4,33.8414,33.4371,0.313382,0.846729,0.891246,0.572581,0.587195,0.0606846,1.4078,arms_ik
l1,isaac,policy,1,/home/humanoid/Programs/Humanoid_Simulation/Locomanipulation_game/logs/skrl/locomanip_marl/paper1/checkpoints/agent_91200.pt,0,b036_d10_e00,36,0.1,0,0.135407,0.73304,0.227872,0.332659,-0.606425,0.138305,1.14071,0,0,0,0,nan,0.123424,0.178249,0.347327,0,0,0,0,0.1612,0.12483,0.333447,0.18366,0.129647,0.247562,0.865231,0.750539,0.766586,0.0986444,0,nan,4.00429,0.162989,-0.147905,0.125396,-0.169713,0.126392,0.695327,1,43.2652,36.149,0.437653,0.826421,0.848757,0.807568,0.526402,0.054294,0.311309,arms_ik
l1,isaac,policy,1,/home/humanoid/Programs/Humanoid_Simulation/Locomanipulation_game/logs/skrl/locomanip_marl/paper1/checkpoints/agent_91200.pt,0,b036_d20_e00,36,0.2,0,0.135407,0.73304,0.127872,0.332659,-0.606425,0.0383054,1.04071,0,0,0,0,nan,0.121292,0.228923,0.460041,0,0,0,0,0.277444,0.0768608,0.537595,0.0192309,0.182927,0.337011,0.874732,0.750056,0.765648,0.109083,0,nan,5.51635,0.147494,-0.173068,0.113295,-0.173121,0.105922,0.428493,2,71.976,53.4776,0.610606,0.658502,0.788768,0.3812,0.544653,0.0562184,0.706828,arms_ik
l1,isaac,policy,1,/home/humanoid/Programs/Humanoid_Simulation/Locomanipulation_game/logs/skrl/locomanip_marl/paper1/checkpoints/agent_91200.pt,0,b036_d30_e00,36,0.3,0,0.135407,0.73304,0.027872,0.332659,-0.606425,-0.0616946,0.940705,0,0,0,0,nan,0.133336,0.219162,0.435053,0,0,0,0,0.208203,0.133812,0.439237,0.164743,0.171803,0.306269,0.863621,0.726245,0.740962,0.122659,0,nan,4.14633,0.144128,-0.159184,0.121799,-0.169483,0.123023,0.653904,1,70.1362,47.5694,0.621194,0.703593,0.673089,0.407745,0.62375,0.0703085,1.10252,arms_ik
l1,isaac,policy,1,/home/humanoid/Programs/Humanoid_Simulation/Locomanipulation_game/logs/skrl/locomanip_marl/paper1/checkpoints/agent_91200.pt,0,b036_d40_e00,36,0.4,0,0.135407,0.73304,-0.072128,0.332659,-0.606425,-0.161695,0.840705,1,0,0,0,nan,0.109075,0.170602,0.333724,0,0,0,0,0.166953,0.215665,0.36824,0.28407,0.156393,0.266389,0.862611,0.721577,0.732597,0.130014,0,nan,8.31595,0.149082,-0.1687,0.0977472,-0.173094,0.100196,1.7082,1,40.6085,57.3611,0.576267,0.691184,0.469135,0.381471,0.525763,0.0806142,4.31134,arms_ik
l1,isaac,policy,1,/home/humanoid/Programs/Humanoid_Simulation/Locomanipulation_game/logs/skrl/locomanip_marl/paper1/checkpoints/agent_91200.pt,0,b036_d50_e00,36,0.5,0,0.135407,0.73304,-0.172128,0.332659,-0.606425,-0.261695,0.740705,1,0,0,0,nan,0.116834,0.146244,0.335146,0,0,0,0,0.117662,0.250135,0.337761,0.315104,0.147632,0.254231,0.852591,0.731958,0.743695,0.108896,0,nan,7.06201,0.136859,-0.135399,0.123919,-0.1405,0.118008,0.766174,0,36.6437,69.6771,0.538789,0.598796,0.520365,0.333125,0.521504,0.076417,3.86625,arms_ik
l1,isaac,policy,1,/home/humanoid/Programs/Humanoid_Simulation/Locomanipulation_game/logs/skrl/locomanip_marl/paper1/checkpoints/agent_91200.pt,0,b036_d60_e00,36,0.6,0,0.135407,0.73304,-0.272128,0.332659,-0.606425,-0.361695,0.640705,1,0,0,0,nan,0.143017,0.184141,0.44352,0,0,0,0,0.145969,0.194288,0.406503,0.112473,0.160253,0.262602,0.871568,0.7178,0.722898,0.14867,0,nan,7.71266,0.149913,-0.127766,0.120817,-0.146911,0.115364,0.981384,1,16.1737,22.4745,0.237451,0.561632,0.467559,0.349137,0.496787,0.0847754,4.79345,arms_ik
l1,isaac,policy,1,/home/humanoid/Programs/Humanoid_Simulation/Locomanipulation_game/logs/skrl/locomanip_marl/paper1/checkpoints/agent_91200.pt,0,b036_d70_e00,36,0.7,0,0.135407,0.73304,-0.372128,0.332659,-0.606425,-0.461695,0.540705,1,0,0,0,nan,0.232782,0.257642,0.452172,0,0,0,0,0.233898,0.260276,0.465918,0.129545,0.248584,0.302879,0.867429,0.723565,0.728404,0.139025,0,nan,8.12057,0.142376,-0.131025,0.116396,-0.171412,0.119572,2.00404,1,26.0001,31.4986,0.305198,0.683994,0.627345,0.302105,0.540759,0.0815204,4.95008,arms_ik
l1,isaac,policy,1,/home/humanoid/Programs/Humanoid_Simulation/Locomanipulation_game/logs/skrl/locomanip_marl/paper1/checkpoints/agent_91200.pt,0,b036_d80_e00,36,0.8,0,0.135407,0.73304,-0.472128,0.332659,-0.606425,-0.561695,0.440705,1,0,0,0,nan,0.284995,0.312386,0.574204,0,0,0,0,0.289825,0.292757,0.50514,0.134745,0.293124,0.331979,0.85898,0.704382,0.711064,0.147916,0,nan,9.2762,0.149136,-0.123209,0.124872,-0.123788,0.121562,1.26016,0,29.6155,38.307,0.345475,0.564344,0.403043,0.299423,0.503141,0.0795006,5.73289,arms_ik
l1,isaac,policy,1,/home/humanoid/Programs/Humanoid_Simulation/Locomanipulation_game/logs/skrl/locomanip_marl/paper1/checkpoints/agent_91200.pt,0,b036_d90_e00,36,0.9,0,0.135407,0.73304,-0.572128,0.332659,-0.606425,-0.661695,0.340705,1,0,0,0,nan,0.365414,0.396218,0.532618,0,0,0,0,0.366803,0.386001,0.589589,0.227482,0.375979,0.352311,0.834428,0.684006,0.69377,0.140658,0,nan,10.6754,0.201955,-0.178121,0.123773,-0.187827,0.118223,1.34971,6,33.358,46.53,0.367146,0.821368,0.54676,0.573914,0.59075,0.0749124,6.48536,arms_ik
l1,isaac,policy,1,/home/humanoid/Programs/Humanoid_Simulation/Locomanipulation_game/logs/skrl/locomanip_marl/paper1/checkpoints/agent_91200.pt,0,b036_d100_e00,36,1,0,0.135407,0.73304,-0.672128,0.332659,-0.606425,-0.761695,0.240705,1,0,0,0,nan,0.431364,0.452715,0.629436,0,0,0,0,0.433734,0.431953,0.570495,0.284969,0.441027,0.403382,0.875922,0.697386,0.70248,0.173442,0,nan,11.0933,0.164434,0.100478,0.126977,0.086066,0.126919,0.550833,0,37.2007,32.4309,0.397899,0.558824,0.399733,0.283037,0.698555,0.0804188,7.02726,arms_ik
l1,isaac,policy,1,/home/humanoid/Programs/Humanoid_Simulation/Locomanipulation_game/logs/skrl/locomanip_marl/paper1/checkpoints/agent_91200.pt,0,b037_d00_e00,37,0,0,0.259873,0.418353,0.20277,0.151722,-0.580921,0.683857,1.20517,0,0,0,0,nan,0.0548357,0.0825716,0.232023,0,0,0,1,0.0792969,0.0534338,0.147019,0.102143,0.0649009,0.144297,0.871859,0.795711,0.8326,0.0392586,0,nan,6.9481,0.167174,-0.219211,0.11539,-0.282022,0.108597,0.88859,4,8.05698,16.9653,0.159347,0.817507,0.869223,0.625712,0.619643,0.0353952,0.780477,arms_ik
l1,isaac,policy,1,/home/humanoid/Programs/Humanoid_Simulation/Locomanipulation_game/logs/skrl/locomanip_marl/paper1/checkpoints/agent_91200.pt,0,b037_d10_e00,37,0.1,0,0.259873,0.418353,0.10277,0.151722,-0.580921,0.583857,1.10517,0,0,0,0,nan,0.110913,0.195085,0.344584,0,0,0,0,0.189888,0.0771251,0.302993,0.0977188,0.130653,0.204558,0.848392,0.788457,0.802636,0.0457553,0,nan,6.76084,0.167096,-0.230247,0.127175,-0.296697,0.124936,1.59026,7,15.4728,13.2621,0.118502,0.881948,0.821325,0.530902,0.657378,0.0657637,0.477098,arms_ik
l1,isaac,policy,1,/home/humanoid/Programs/Humanoid_Simulation/Locomanipulation_game/logs/skrl/locomanip_marl/paper1/checkpoints/agent_91200.pt,0,b037_d20_e00,37,0.2,0,0.259873,0.418353,0.00277004,0.151722,-0.580921,0.483857,1.00517,0,0,0,1,nan,0.0605616,0.111309,0.205819,0,0,0,0,0.098221,0.067064,0.169377,0.0632586,0.0808489,0.123061,0.867722,0.780419,0.790626,0.0770966,0,nan,5.32073,0.153088,-0.197415,0.130446,-0.246435,0.126174,1.32923,4,11.488,7.83082,0.10766,0.84193,0.716954,0.544656,0.533276,0.0614293,-0.154185,arms_ik
l1,isaac,policy,1,/home/humanoid/Programs/Humanoid_Simulation/Locomanipulation_game/logs/skrl/locomanip_marl/paper1/checkpoints/agent_91200.pt,0,b037_d30_e00,37,0.3,0,0.259873,0.418353,-0.09723,0.151722,-0.580921,0.383857,0.90517,0,0,0,1,nan,0.0345945,0.0818923,0.170185,0,0,0,1,0.0789201,0.0548108,0.141628,0.0563087,0.0603781,0.106336,0.872502,0.768432,0.790663,0.0818386,0,nan,5.19552,0.162945,-0.128407,0.119166,-0.152991,0.11642,0.891433,1,5.89438,7.53849,0.078106,0.702293,0.716222,0.420396,0.512191,0.0464755,-0.26298,arms_ik
l1,isaac,policy,1,/home/humanoid/Programs/Humanoid_Simulation/Locomanipulation_game/logs/skrl/locomanip_marl/paper1/checkpoints/agent_91200.pt,0,b037_d40_e00,37,0.4,0,0.259873,0.418353,-0.19723,0.151722,-0.580921,0.283857,0.80517,1,0,0,0,nan,0.0333559,0.0757486,0.322245,0,0,1,1,0.0752487,0.0870282,0.312139,0.118579,0.0628722,0.168463,0.865255,0.760333,0.766593,0.0986619,0,nan,5.68288,0.143909,0.0981857,0.118586,0.0805227,0.120414,0.953169,0,12.9172,23.1108,0.299233,0.527977,0.587467,0.306029,0.547439,0.049413,0.234113,arms_ik
l1,isaac,policy,1,/home/humanoid/Programs/Humanoid_Simulation/Locomanipulation_game/logs/skrl/locomanip_marl/paper1/checkpoints/agent_91200.pt,0,b037_d50_e00,37,0.5,0,0.259873,0.418353,-0.29723,0.151722,-0.580921,0.183857,0.70517,1,0,0,0,nan,0.0518171,0.0951347,0.52902,0,0,0,1,0.0734348,0.0598608,0.415079,0.0910023,0.0717036,0.281171,0.889192,0.749625,0.756244,0.132948,0,nan,5.32886,0.135884,0.101258,0.116897,0.0848076,0.110989,0.887595,0,14.0008,9.72489,0.15881,0.594722,0.454787,0.387064,0.501077,0.0453302,0.841609,arms_ik
l1,isaac,policy,1,/home/humanoid/Programs/Humanoid_Simulation/Locomanipulation_game/logs/skrl/locomanip_marl/paper1/checkpoints/agent_91200.pt,0,b037_d60_e00,37,0.6,0,0.259873,0.418353,-0.39723,0.151722,-0.580921,0.083857,0.60517,1,0,0,0,nan,0.0812371,0.163593,0.63541,0,0,0,0,0.147071,0.0657083,0.506063,0.0982736,0.101324,0.326606,0.851799,0.733556,0.743521,0.108278,0,nan,5.20333,0.144572,0.110244,0.125497,0.0988219,0.124768,1.07396,0,30.9619,9.69635,0.282023,0.688445,0.525715,0.288671,0.531902,0.0473206,2.35232,arms_ik
l1,isaac,policy,1,/home/humanoid/Programs/Humanoid_Simulation/Locomanipulation_game/logs/skrl/locomanip_marl/paper1/checkpoints/agent_91200.pt,0,b037_d70_e00,37,0.7,0,0.259873,0.418353,-0.49723,0.151722,-0.580921,-0.016143,0.50517,1,0,0,0,nan,0.12452,0.236976,0.672917,0,0,0,0,0.246781,0.0923968,0.621621,0.21433,0.150402,0.401756,0.856666,0.718666,0.729579,0.127086,0,nan,7.99962,0.178932,-0.157436,0.131834,-0.189512,0.126482,1.3895,4,29.0331,26.5097,0.414575,0.800878,0.614804,0.544987,0.612719,0.0489504,4.69583,arms_ik
l1,isaac,policy,1,/home/humanoid/Programs/Humanoid_Simulation/Locomanipulation_game/logs/skrl/locomanip_marl/paper1/checkpoints/agent_91200.pt,0,b037_d80_e00,37,0.8,0,0.259873,0.418353,-0.59723,0.151722,-0.580921,-0.116143,0.40517,1,0,0,0,nan,0.177551,0.354933,0.627632,0,0,0,0,0.344198,0.0611464,0.435793,0.466518,0.202922,0.53148,0.855518,0.697516,0.715188,0.14033,0,nan,7.60058,0.164177,-0.146279,0.126723,-0.162657,0.123021,1.35965,5,38.2747,23.8608,0.367109,0.800004,0.424443,0.454969,0.729413,0.0472426,4.45972,arms_ik
l1,isaac,policy,1,/home/humanoid/Programs/Humanoid_Simulation/Locomanipulation_game/logs/skrl/locomanip_marl/paper1/checkpoints/agent_91200.pt,0,b037_d90_e00,37,0.9,0,0.259873,0.418353,-0.69723,0.151722,-0.580921,-0.216143,0.30517,1,0,0,0,nan,0.206752,0.394076,1.05366,0,0,0,0,0.378327,0.077368,0.713695,0.92853,0.233366,0.86376,0.878727,0.706916,0.713815,0.164912,0,nan,6.32079,0.158642,0.0758124,0.107843,0.0577559,0.104048,0.913155,0,28.39,19.5146,0.288285,0.702864,0.565309,0.490641,0.644366,0.0644982,4.29418,arms_ik
l1,isaac,policy,1,/home/humanoid/Programs/Humanoid_Simulation/Locomanipulation_game/logs/skrl/locomanip_marl/paper1/checkpoints/agent_91200.pt,0,b037_d100_e00,37,1,0,0.259873,0.418353,-0.79723,0.151722,-0.580921,-0.316143,0.20517,1,0,0,0,nan,0.250793,0.457248,1.39848,0,0,0,0,0.443131,0.104626,0.709598,1.33696,0.271644,1.0259,0.87429,0.679316,0.693543,0.180747,0,nan,10.4786,0.174367,0.0900869,0.112018,0.0694422,0.108959,1.04027,0,26.1602,27.0226,0.322225,0.616513,0.556921,0.309206,0.568986,0.0602284,4.81174,arms_ik
l1,isaac,policy,1,/home/humanoid/Programs/Humanoid_Simulation/Locomanipulation_game/logs/skrl/locomanip_marl/paper1/checkpoints/agent_91200.pt,0,b038_d00_e00,38,0,0,0.160423,0.681774,0.537277,0.281827,-0.377943,0.0992453,1.10165,0,0,0,0,nan,0.0574892,0.104995,0.718033,0,0,0,0,0.0934388,0.160572,0.16318,0.354454,0.115483,0.2711,0.871266,0.762918,0.783351,0.0879157,0,nan,5.52112,0.18093,-0.199829,0.112009,-0.234129,0.109546,0.840697,4,35.0632,33.7065,0.335693,0.722451,0.852748,0.464934,0.683095,0.0649112,0.0221355,arms_ik
l1,isaac,policy,1,/home/humanoid/Programs/Humanoid_Simulation/Locomanipulation_game/logs/skrl/locomanip_marl/paper1/checkpoints/agent_91200.pt,0,b038_d10_e00,38,0.1,0,0.160423,0.681774,0.437277,0.281827,-0.377943,-0.000754705,1.00165,0,0,0,0,nan,0.0607188,0.119608,0.461507,0,0,0,0,0.127898,0.174984,0.280665,0.476758,0.117642,0.329458,0.854159,0.761445,0.784839,0.0693201,0,nan,5.21618,0.182303,-0.21419,0.123695,-0.27122,0.122246,1.38907,5,38.6891,23.6369,0.337592,0.724486,0.823031,0.590542,0.614398,0.0687916,0.779283,arms_ik
l1,isaac,policy,1,/home/humanoid/Programs/Humanoid_Simulation/Locomanipulation_game/logs/skrl/locomanip_marl/paper1/checkpoints/agent_91200.pt,0,b038_d20_e00,38,0.2,0,0.160423,0.681774,0.337277,0.281827,-0.377943,-0.100755,0.901645,0,0,0,0,nan,0.0873521,0.208812,0.420327,0,0,0,0,0.221297,0.0550132,0.41662,0.171185,0.161264,0.28162,0.865911,0.768652,0.803928,0.0619824,0,nan,5.77369,0.219888,-0.204944,0.0961586,-0.255709,0.0878271,1.15302,5,70.5776,54.4093,0.732043,0.685212,0.860281,0.530156,0.672129,0.060049,-0.0416102,arms_ik
l1,isaac,policy,1,/home/humanoid/Programs/Humanoid_Simulation/Locomanipulation_game/logs/skrl/locomanip_marl/paper1/checkpoints/agent_91200.pt,0,b038_d30_e00,38,0.3,0,0.160423,0.681774,0.237277,0.281827,-0.377943,-0.200755,0.801645,1,0,0,0,nan,0.100213,0.172508,0.380935,0,0,0,0,0.214,0.103142,0.45515,0.534177,0.14808,0.382228,0.876277,0.726899,0.749267,0.127011,0,nan,6.41307,0.19958,-0.174618,0.126621,-0.180161,0.123606,1.51592,2,73.3323,65.4378,0.820448,0.729075,0.734156,0.416277,0.731249,0.0581733,2.22273,arms_ik
l1,isaac,policy,1,/home/humanoid/Programs/Humanoid_Simulation/Locomanipulation_game/logs/skrl/locomanip_marl/paper1/checkpoints/agent_91200.pt,0,b038_d40_e00,38,0.4,0,0.160423,0.681774,0.137277,0.281827,-0.377943,-0.300755,0.701645,1,0,0,0,nan,0.0533866,0.13497,0.296243,0,0,0,0,0.134501,0.089067,0.214508,0.0942094,0.125835,0.23175,0.884042,0.71971,0.737657,0.146385,0,nan,8.3611,0.188657,-0.155522,0.128226,-0.232021,0.123067,1.37812,3,55.6634,54.1545,0.676838,0.774139,0.581274,0.572339,0.72596,0.0767464,4.01146,arms_ik
l1,isaac,policy,1,/home/humanoid/Programs/Humanoid_Simulation/Locomanipulation_game/logs/skrl/locomanip_marl/paper1/checkpoints/agent_91200.pt,0,b038_d50_e00,38,0.5,0,0.160423,0.681774,0.0372769,0.281827,-0.377943,-0.400755,0.601645,1,0,0,0,nan,0.0981374,0.151587,0.468028,0,0,0,0,0.186041,0.0932279,0.587304,0.102208,0.137885,0.30897,0.888786,0.716689,0.727031,0.161755,0,nan,8.08773,0.178298,0.115932,0.129229,0.103028,0.12544,1.45055,0,55.8243,44.3847,0.602945,0.583381,0.608393,0.435191,0.667638,0.0632376,5.23174,arms_ik
l1,isaac,policy,1,/home/humanoid/Programs/Humanoid_Simulation/Locomanipulation_game/logs/skrl/locomanip_marl/paper1/checkpoints/agent_91200.pt,0,b038_d60_e00,38,0.6,0,0.160423,0.681774,-0.0627231,0.281827,-0.377943,-0.500755,0.501645,1,0,0,0,nan,0.187496,0.304073,0.450887,0,0,0,0,0.120394,0.444393,0.415981,0.341444,0.268317,0.311277,0.880897,0.683676,0.694436,0.186462,0,nan,9.44909,0.25511,-0.159205,0.117397,-0.205245,0.119312,2.3526,7,23.7681,55.5288,0.418029,0.856188,0.6189,0.82741,0.493233,0.0658353,7.21959,arms_ik
l1,isaac,policy,1,/home/humanoid/Programs/Humanoid_Simulation/Locomanipulation_game/logs/skrl/locomanip_marl/paper1/checkpoints/agent_91200.pt,0,b038_d70_e00,38,0.7,0,0.160423,0.681774,-0.162723,0.281827,-0.377943,-0.600755,0.401645,1,0,0,0,nan,0.151339,0.203636,2.70147,0,0,0,0,0.118057,0.20259,2.78197,0.13485,0.160955,1.41578,0.874865,0.689463,0.696729,0.178135,0,nan,9.19057,0.166646,-0.187937,0.119354,-0.198441,0.120011,1.19721,2,14.1751,5.47667,0.119388,0.780221,0.646609,0.390485,0.560425,0.0664673,5.5097,arms_ik
l1,isaac,policy,1,/home/humanoid/Programs/Humanoid_Simulation/Locomanipulation_game/logs/skrl/locomanip_marl/paper1/checkpoints/agent_91200.pt,0,b038_d80_e00,38,0.8,0,0.160423,0.681774,-0.262723,0.281827,-0.377943,-0.700755,0.301645,1,0,0,0,nan,0.19016,0.310312,0.886621,0,0,0,0,0.111181,0.29575,0.902623,0.147666,0.198674,0.506368,0.881179,0.680397,0.687696,0.193484,0,nan,9.64508,0.165255,-0.191774,0.125024,-0.181694,0.12433,0.868835,1,30.1107,12.2073,0.301102,0.6957,0.553286,0.405653,0.549733,0.061678,6.66608,arms_ik
l1,isaac,policy,1,/home/humanoid/Programs/Humanoid_Simulation/Locomanipulation_game/logs/skrl/locomanip_marl/paper1/checkpoints/agent_91200.pt,0,b038_d90_e00,38,0.9,0,0.160423,0.681774,-0.362723,0.281827,-0.377943,-0.800755,0.201645,1,0,0,0,nan,0.258156,0.391109,0.938423,0,0,0,0,0.152559,0.387431,0.889609,0.18854,0.271953,0.559201,0.85652,0.664662,0.669685,0.186835,0,nan,10.3447,0.169406,-0.155592,0.117941,-0.16837,0.116438,1.87447,3,14.3975,8.41283,0.191633,0.613957,0.407865,0.481068,0.511858,0.0563445,7.91975,arms_ik
l1,isaac,policy,1,/home/humanoid/Programs/Humanoid_Simulation/Locomanipulation_game/logs/skrl/locomanip_marl/paper1/checkpoints/agent_91200.pt,0,b038_d100_e00,38,1,0,0.160423,0.681774,-0.462723,0.281827,-0.377943,-0.900755,0.101645,1,0,0,0,nan,0.365178,0.482344,0.957273,0,0,0,0,0.262501,0.475023,0.983155,0.265568,0.37302,0.597248,0.876581,0.666166,0.671001,0.20558,0,nan,10.3882,0.159743,-0.203048,0.1149,-0.241148,0.115369,1.32247,1,39.0592,7.92537,0.330382,0.65658,0.535498,0.373413,0.607913,0.0638797,8.30968,arms_ik
l1,isaac,policy,1,/home/humanoid/Programs/Humanoid_Simulation/Locomanipulation_game/logs/skrl/locomanip_marl/paper1/checkpoints/agent_91200.pt,0,b039_d00_e00,39,0,0,0.251872,0.224723,0.606187,0.35166,-0.626263,0.425275,1.42767,0,0,0,0,nan,0.0308383,0.121626,0.970334,0,0,0,0,0.325442,0.112216,1.74108,0.237367,0.143332,0.644776,0.872946,0.770391,0.812569,0.0603765,0,nan,6.64339,0.184361,-0.221037,0.124927,-0.263781,0.120463,1.14994,4,122.569,39.0052,0.445602,0.802684,0.746213,0.514047,0.593107,0.0695688,-0.262887,arms_ik
l1,isaac,policy,1,/home/humanoid/Programs/Humanoid_Simulation/Locomanipulation_game/logs/skrl/locomanip_marl/paper1/checkpoints/agent_91200.pt,0,b039_d10_e00,39,0.1,0,0.251872,0.224723,0.506187,0.35166,-0.626263,0.325275,1.32767,0,0,0,0,nan,0.0475864,0.115762,1.33769,0,0,0,0,0.236932,0.0829959,1.32298,0.152033,0.140022,0.861617,0.868118,0.775017,0.781854,0.0862642,0,nan,5.46835,0.126338,-0.180986,0.127819,-0.181858,0.12485,1.22025,0,70.2122,29.2658,0.357437,0.661741,0.841388,0.284113,0.483606,0.0552502,-0.592711,arms_ik
l1,isaac,policy,1,/home/humanoid/Programs/Humanoid_Simulation/Locomanipulation_game/logs/skrl/locomanip_marl/paper1/checkpoints/agent_91200.pt,0,b039_d20_e00,39,0.2,0,0.251872,0.224723,0.406187,0.35166,-0.626263,0.225275,1.22767,0,0,0,0,nan,0.0418328,0.115577,1.42873,0,0,0,0,0.0846125,0.0865469,0.912351,0.159441,0.109041,0.800956,0.856444,0.756464,0.763613,0.0928311,0,nan,5.9729,0.134072,-0.0999662,0.127026,-0.0701418,0.118153,1.21099,1,23.4181,21.7323,0.205879,0.615064,0.712981,0.423063,0.401008,0.0429372,1.2675,arms_ik
l1,isaac,policy,1,/home/humanoid/Programs/Humanoid_Simulation/Locomanipulation_game/logs/skrl/locomanip_marl/paper1/checkpoints/agent_91200.pt,0,b039_d30_e00,39,0.3,0,0.251872,0.224723,0.306187,0.35166,-0.626263,0.125275,1.12767,0,0,0,0,nan,0.0506572,0.120181,1.02633,0,0,0,0,0.0312443,0.0819647,1.0122,0.151128,0.0652448,0.634999,0.839664,0.751614,0.768204,0.0714595,0,nan,6.95326,0.163943,-0.171887,0.120268,-0.201803,0.113755,0.85279,4,8.40596,24.7668,0.191134,0.641364,0.760988,0.544026,0.541731,0.0403162,1.68212,arms_ik
l1,isaac,policy,1,/home/humanoid/Programs/Humanoid_Simulation/Locomanipulation_game/logs/skrl/locomanip_marl/paper1/checkpoints/agent_91200.pt,0,b039_d40_e00,39,0.4,0,0.251872,0.224723,0.206187,0.35166,-0.626263,0.0252745,1.02767,0,0,0,0,nan,0.027172,0.097042,0.714036,0,0,0,0,0.0279252,0.0588053,0.543448,0.129792,0.0529602,0.403766,0.880959,0.783086,0.797067,0.0838922,0,nan,6.84309,0.144801,0.0865683,0.113553,0.0848263,0.113809,1.37593,0,11.591,34.0889,0.317706,0.533882,0.629046,0.32504,0.630382,0.0279037,-0.513136,arms_ik
l1,isaac,policy,1,/home/humanoid/Programs/Humanoid_Simulation/Locomanipulation_game/logs/skrl/locomanip_marl/paper1/checkpoints/agent_91200.pt,0,b039_d50_e00,39,0.5,0,0.251872,0.224723,0.106187,0.35166,-0.626263,-0.0747255,0.927675,0,0,0,0,nan,0.136238,0.285304,0.423968,0,0,0,0,0.0752091,0.286605,0.273783,0.420922,0.173199,0.317541,0.865447,0.761886,0.770698,0.0947495,0,nan,7.80703,0.22537,-0.184181,0.118826,-0.210619,0.121145,1.36603,3,13.5677,26.3059,0.257518,0.851078,0.834155,0.750417,0.78777,0.0414795,3.4785,arms_ik
l1,isaac,policy,1,/home/humanoid/Programs/Humanoid_Simulation/Locomanipulation_game/logs/skrl/locomanip_marl/paper1/checkpoints/agent_91200.pt,0,b039_d60_e00,39,0.6,0,0.251872,0.224723,0.00618705,0.35166,-0.626263,-0.174725,0.827675,1,0,0,0,nan,0.0570616,0.116079,0.407061,0,0,0,0,0.034858,0.112094,0.390483,0.118497,0.0715014,0.244773,0.88073,0.751175,0.759972,0.120759,0,nan,9.01652,0.160002,-0.094804,0.13096,-0.0955787,0.125679,1.60055,1,5.49216,24.1422,0.185327,0.577605,0.540716,0.379292,0.645324,0.0417751,2.82377,arms_ik
l1,isaac,policy,1,/home/humanoid/Programs/Humanoid_Simulation/Locomanipulation_game/logs/skrl/locomanip_marl/paper1/checkpoints/agent_91200.pt,0,b039_d70_e00,39,0.7,0,0.251872,0.224723,-0.093813,0.35166,-0.626263,-0.274725,0.727675,1,0,0,0,nan,0.0584283,0.109314,0.378876,0,0,0,0,0.0447723,0.107475,0.30227,0.0726289,0.0755483,0.218184,0.868508,0.738887,0.745944,0.122564,0,nan,9.13548,0.148324,0.115964,0.132117,0.0833892,0.125314,1.67204,0,8.18365,21.7642,0.192226,0.54131,0.620448,0.471339,0.435308,0.0385829,3.51921,arms_ik
l1,isaac,policy,1,/home/humanoid/Programs/Humanoid_Simulation/Locomanipulation_game/logs/skrl/locomanip_marl/paper1/checkpoints/agent_91200.pt,0,b039_d80_e00,39,0.8,0,0.251872,0.224723,-0.193813,0.35166,-0.626263,-0.374725,0.627675,1,0,0,0,nan,0.0378068,0.0737587,0.141363,0,0,1,1,0.0522427,0.0365463,0.108088,0.108694,0.0588143,0.121729,0.87034,0.659123,0.665944,0.204396,0,nan,10.0538,0.14304,0.10192,0.115478,0.0955325,0.111693,1.192,0,12.6532,24.4902,0.23364,0.753125,0.580171,0.396439,0.487876,0.056742,5.27092,arms_ik
l1,isaac,policy,1,/home/humanoid/Programs/Humanoid_Simulation/Locomanipulation_game/logs/skrl/locomanip_marl/paper1/checkpoints/agent_91200.pt,0,b039_d90_e00,39,0.9,0,0.251872,0.224723,-0.293813,0.35166,-0.626263,-0.474725,0.527675,1,0,0,0,nan,0.100973,0.190763,0.55989,0,0,0,0,0.0433194,0.190763,0.481325,0.162762,0.111714,0.335838,0.876973,0.652208,0.660584,0.216388,0,nan,10.5061,0.1539,0.100405,0.113678,0.0913439,0.114437,2.00469,0,12.5331,21.6808,0.209176,0.76827,0.607846,0.546984,0.456391,0.0531296,5.28202,arms_ik
l1,isaac,policy,1,/home/humanoid/Programs/Humanoid_Simulation/Locomanipulation_game/logs/skrl/locomanip_marl/paper1/checkpoints/agent_91200.pt,0,b039_d100_e00,39,1,0,0.251872,0.224723,-0.393813,0.35166,-0.626263,-0.574725,0.427675,1,0,0,0,nan,0.154829,0.281039,0.986705,0,0,0,0,0.042214,0.275784,0.949753,0.137917,0.161071,0.588626,0.869173,0.687519,0.691217,0.177956,0,nan,9.06075,0.150604,-0.161345,0.122411,-0.173935,0.122765,1.39552,0,9.68917,25.3981,0.206054,0.539132,0.458949,0.322722,0.48498,0.0503378,5.99233,arms_ik
l1,isaac,policy,1,/home/humanoid/Programs/Humanoid_Simulation/Locomanipulation_game/logs/skrl/locomanip_marl/paper1/checkpoints/agent_91200.pt,0,b040_d00_e00,40,0,0,0.311102,-0.0177048,0.157874,0.155182,-0.128937,0.207568,1.16027,0,0,0,1,nan,0.0706584,0.189108,0.34729,0,0,0,0,0.19242,0.0354103,0.35397,0.135409,0.101016,0.211117,0.866857,0.735096,0.742904,0.123953,0,nan,7.70862,0.182529,-0.198507,0.127681,-0.253716,0.12743,1.38662,8,15.2317,6.22545,0.085447,0.854227,0.858818,0.584956,0.614459,0.0261358,0.295305,arms_ik
l1,isaac,policy,1,/home/humanoid/Programs/Humanoid_Simulation/Locomanipulation_game/logs/skrl/locomanip_marl/paper1/checkpoints/agent_91200.pt,0,b040_d10_e00,40,0.1,0,0.311102,-0.0177048,0.0578744,0.155182,-0.128937,0.107568,1.06027,0,0,0,1,nan,0.0444695,0.0751699,0.147261,0,0,1,1,0.08493,0.0512361,0.151986,0.132961,0.0602293,0.12553,0.86553,0.737767,0.747263,0.118268,0,nan,5.30547,0.150114,-0.166537,0.12822,-0.185855,0.122414,1.41502,2,8.18949,6.26652,0.0836559,0.85087,0.512987,0.448063,0.580814,0.0319778,-0.870805,arms_ik
l1,isaac,policy,1,/home/humanoid/Programs/Humanoid_Simulation/Locomanipulation_game/logs/skrl/locomanip_marl/paper1/checkpoints/agent_91200.pt,0,b040_d20_e00,40,0.2,0,0.311102,-0.0177048,-0.0421256,0.155182,-0.128937,0.00756786,0.960274,0,0,0,1,nan,0.0304901,0.0556254,0.135089,0,0,1,1,0.0493227,0.0311067,0.111921,0.143236,0.0414629,0.123235,0.871434,0.725188,0.731972,0.139462,0,nan,6.43711,0.132881,-0.119424,0.120677,-0.119323,0.120736,1.11425,1,3.607,3.87123,0.0537444,0.623733,0.534844,0.371954,0.542439,0.0158222,-0.572704,arms_ik
l1,isaac,policy,1,/home/humanoid/Programs/Humanoid_Simulation/Locomanipulation_game/logs/skrl/locomanip_marl/paper1/checkpoints/agent_91200.pt,0,b040_d30_e00,40,0.3,0,0.311102,-0.0177048,-0.142126,0.155182,-0.128937,-0.0924321,0.860274,1,0,0,1,nan,0.0402805,0.0715075,0.133955,0,0,1,1,0.0759214,0.026697,0.112419,0.141834,0.0475434,0.114069,0.872456,0.719777,0.727185,0.145271,0,nan,6.20902,0.137133,-0.12885,0.104938,-0.149353,0.100807,1.28291,2,6.86746,2.73219,0.0491094,0.653829,0.534638,0.333706,0.622393,0.0239812,0.789212,arms_ik
l1,isaac,policy,1,/home/humanoid/Programs/Humanoid_Simulation/Locomanipulation_game/logs/skrl/locomanip_marl/paper1/checkpoints/agent_91200.pt,0,b040_d40_e00,40,0.4,0,0.311102,-0.0177048,-0.242126,0.155182,-0.128937,-0.192432,0.760274,1,0,0,1,nan,0.0536285,0.0916438,0.334356,0,0,0,1,0.0979201,0.049922,0.308784,0.249673,0.0690262,0.28851,0.852678,0.706487,0.71248,0.140198,0,nan,5.50834,0.144771,-0.142603,0.10572,-0.153784,0.107807,0.918189,3,15.1899,4.36565,0.0799219,0.786892,0.477878,0.503947,0.710005,0.027229,1.99278,arms_ik
l1,isaac,policy,1,/home/humanoid/Programs/Humanoid_Simulation/Locomanipulation_game/logs/skrl/locomanip_marl/paper1/checkpoints/agent_91200.pt,0,b040_d50_e00,40,0.5,0,0.311102,-0.0177048,-0.342126,0.155182,-0.128937,-0.292432,0.660274,1,0,0,0,nan,0.0632711,0.11459,0.465851,0,0,0,0,0.12063,0.0407898,0.421219,0.411434,0.0777,0.428808,0.865876,0.68737,0.694241,0.171635,0,nan,7.73933,0.142061,-0.166921,0.115851,-0.147398,0.113004,1.17275,0,8.14886,4.07581,0.0846126,0.534589,0.618077,0.386057,0.459574,0.0341985,3.24114,arms_ik
l1,isaac,policy,1,/home/humanoid/Programs/Humanoid_Simulation/Locomanipulation_game/logs/skrl/locomanip_marl/paper1/checkpoints/agent_91200.pt,0,b040_d60_e00,40,0.6,0,0.311102,-0.0177048,-0.442126,0.155182,-0.128937,-0.392432,0.560274,1,0,0,0,nan,0.0918478,0.204474,0.852749,0,0,0,0,0.197423,0.057998,0.480493,0.749624,0.123494,0.637639,0.871453,0.666843,0.673624,0.197829,0,nan,9.05077,0.155259,-0.141835,0.106141,-0.150774,0.104293,0.77747,2,7.89777,6.21876,0.070947,0.727354,0.443193,0.530391,0.59892,0.0500437,3.45007,arms_ik
l1,isaac,policy,1,/home/humanoid/Programs/Humanoid_Simulation/Locomanipulation_game/logs/skrl/locomanip_marl/paper1/checkpoints/agent_91200.pt,0,b040_d70_e00,40,0.7,0,0.311102,-0.0177048,-0.542126,0.155182,-0.128937,-0.492432,0.460274,1,0,0,0,nan,0.133366,0.22595,1.26598,0,0,0,0,0.230507,0.0787689,0.586961,1.20818,0.149246,0.927923,0.873429,0.662801,0.670804,0.202624,0,nan,8.54948,0.155264,0.0983289,0.108127,0.0860112,0.10655,0.582412,0,7.87448,6.34739,0.103036,0.51723,0.42856,0.33246,0.46939,0.0514406,5.21068,arms_ik
l1,isaac,policy,1,/home/humanoid/Programs/Humanoid_Simulation/Locomanipulation_game/logs/skrl/locomanip_marl/paper1/checkpoints/agent_91200.pt,0,b040_d80_e00,40,0.8,0,0.311102,-0.0177048,-0.642126,0.155182,-0.128937,-0.592432,0.360274,1,0,0,0,nan,0.248385,0.280056,1.66645,0,0,0,0,0.290256,0.227205,0.682101,1.66552,0.258287,1.17165,0.873087,0.655578,0.664288,0.208799,0,nan,9.20531,0.160885,-0.151611,0.102448,-0.125224,0.100443,0.783413,1,11.5856,5.94855,0.108152,0.680165,0.40345,0.402711,0.455109,0.0471419,6.29005,arms_ik
l1,isaac,policy,1,/home/humanoid/Programs/Humanoid_Simulation/Locomanipulation_game/logs/skrl/locomanip_marl/paper1/checkpoints/agent_91200.pt,0,b040_d90_e00,40,0.9,0,0.311102,-0.0177048,-0.742126,0.155182,-0.128937,-0.692432,0.260274,1,0,0,0,nan,0.331057,0.422793,1.41116,0,0,0,0,0.444479,0.25841,0.529026,1.31233,0.358741,0.96385,0.861897,0.652731,0.663417,0.19848,0,nan,11.0695,0.210037,-0.156566,0.130765,-0.180897,0.127723,1.14918,5,27.97,15.0227,0.29582,0.845709,0.483299,0.584753,0.518351,0.0136538,8.4235,arms_ik
l1,isaac,policy,1,/home/humanoid/Programs/Humanoid_Simulation/Locomanipulation_game/logs/skrl/locomanip_marl/paper1/checkpoints/agent_91200.pt,0,b040_d100_e00,40,1,0,0.311102,-0.0177048,-0.842126,0.155182,-0.128937,-0.792432,0.160274,1,0,0,0,nan,0.411627,0.468919,1.42466,0,0,0,0,0.483894,0.351539,0.556527,1.34905,0.417535,1.04406,0.863196,0.646261,0.679453,0.183742,0,nan,16.6363,0.281405,-0.215438,0.0652852,-0.297149,0.0683083,2.66697,17,42.7824,24.6565,0.316977,0.852927,0.539822,0.784962,0.634375,0.0494674,11.8824,arms_ik
l1,isaac,policy,1,/home/humanoid/Programs/Humanoid_Simulation/Locomanipulation_game/logs/skrl/locomanip_marl/paper1/checkpoints/agent_91200.pt,0,b041_d00_e00,41,0,0,0.40413,0.036759,0.78974,0.106,-0.0217778,0.854167,1.79214,0,0,0,0,nan,0.675677,0.777137,1.59803,0,0,0,0,0.772138,0.647232,1.33796,1.49634,0.71315,1.407,0.857787,0.76047,0.774421,0.0833652,0,nan,7.1253,0.205677,-0.206845,0.134015,-0.257406,0.133673,1.26927,6,20.3057,17.3786,0.30024,0.817667,0.826422,0.576222,0.717872,0.0390272,-1.75868,arms_ik
l1,isaac,policy,1,/home/humanoid/Programs/Humanoid_Simulation/Locomanipulation_game/logs/skrl/locomanip_marl/paper1/checkpoints/agent_91200.pt,0,b041_d10_e00,41,0.1,0,0.40413,0.036759,0.68974,0.106,-0.0217778,0.754167,1.69214,0,0,0,0,nan,0.590373,0.703629,1.83051,0,0,0,0,0.684153,0.587781,1.02505,1.79596,0.623422,1.41053,0.870065,0.764495,0.774096,0.0959687,0,nan,8.54265,0.217313,-0.248945,0.122891,-0.292514,0.122259,0.749349,4,33.0848,22.4438,0.380825,0.82491,0.752762,0.785086,0.600732,0.033051,-2.22801,arms_ik
l1,isaac,policy,1,/home/humanoid/Programs/Humanoid_Simulation/Locomanipulation_game/logs/skrl/locomanip_marl/paper1/checkpoints/agent_91200.pt,0,b041_d20_e00,41,0.2,0,0.40413,0.036759,0.58974,0.106,-0.0217778,0.654167,1.59214,0,0,0,0,nan,0.555458,0.702066,1.87647,0,0,0,0,0.682976,0.542597,1.05285,1.78106,0.607042,1.44785,0.86339,0.753777,0.77134,0.0920504,0,nan,6.1473,0.199316,-0.218121,0.117244,-0.272663,0.117357,1.50343,6,42.6179,23.0487,0.429326,0.869329,0.848066,0.728804,0.660127,0.0304985,-0.840007,arms_ik
l1,isaac,policy,1,/home/humanoid/Programs/Humanoid_Simulation/Locomanipulation_game/logs/skrl/locomanip_marl/paper1/checkpoints/agent_91200.pt,0,b041_d30_e00,41,0.3,0,0.40413,0.036759,0.48974,0.106,-0.0217778,0.554167,1.49214,0,0,0,0,nan,0.421974,0.506276,1.97068,0,0,0,0,0.479574,0.369564,0.877009,1.92762,0.433742,1.4128,0.864705,0.75072,0.761844,0.102861,0,nan,7.38437,0.193012,-0.205127,0.125975,-0.243074,0.125996,1.44152,4,12.9044,12.0945,0.155456,0.858936,0.843567,0.510134,0.531209,0.0135529,-1.83344,arms_ik
l1,isaac,policy,1,/home/humanoid/Programs/Humanoid_Simulation/Locomanipulation_game/logs/skrl/locomanip_marl/paper1/checkpoints/agent_91200.pt,0,b041_d40_e00,41,0.4,0,0.40413,0.036759,0.38974,0.106,-0.0217778,0.454167,1.39214,0,0,0,0,nan,0.355628,0.495384,1.84632,0,0,0,0,0.492027,0.300448,0.94019,1.77954,0.401138,1.37788,0.851044,0.744401,0.757404,0.0936401,0,nan,6.3401,0.16728,-0.154234,0.127206,-0.201105,0.126678,0.871352,7,20.5046,14.6349,0.250398,0.853904,0.605867,0.611322,0.5238,0.0146853,-1.26524,arms_ik
l1,isaac,policy,1,/home/humanoid/Programs/Humanoid_Simulation/Locomanipulation_game/logs/skrl/locomanip_marl/paper1/checkpoints/agent_91200.pt,0,b041_d50_e00,41,0.5,0,0.40413,0.036759,0.28974,0.106,-0.0217778,0.354167,1.29214,0,0,0,0,nan,0.253506,0.371761,1.89815,0,0,0,0,0.348743,0.158268,0.664796,1.67572,0.277822,1.26982,0.869456,0.735369,0.753596,0.11586,0,nan,6.37634,0.17954,-0.1722,0.128943,-0.215448,0.126616,1.5994,5,32.0913,27.0282,0.39229,0.8518,0.822524,0.578807,0.467602,0.0123361,-2.11007,arms_ik
l1,isaac,policy,1,/home/humanoid/Programs/Humanoid_Simulation/Locomanipulation_game/logs/skrl/locomanip_marl/paper1/checkpoints/agent_91200.pt,0,b041_d60_e00,41,0.6,0,0.40413,0.036759,0.18974,0.106,-0.0217778,0.254167,1.19214,0,0,0,0,nan,0.075294,0.122289,1.28675,0,0,0,0,0.0723194,0.129234,0.0985181,1.26775,0.0940986,0.692197,0.875125,0.739211,0.750833,0.124291,0,nan,6.59764,0.154855,-0.145387,0.103729,-0.147483,0.104254,0.736917,1,15.0927,10.8895,0.101216,0.657161,0.450226,0.428309,0.746159,0.0467962,-5.40258,arms_ik
l1,isaac,policy,1,/home/humanoid/Programs/Humanoid_Simulation/Locomanipulation_game/logs/skrl/locomanip_marl/paper1/checkpoints/agent_91200.pt,0,b041_d70_e00,41,0.7,0,0.40413,0.036759,0.0897402,0.106,-0.0217778,0.154167,1.09214,0,0,0,0,nan,0.082556,0.109772,0.929127,0,0,0,0,0.157221,0.053951,0.329009,0.943792,0.107721,0.623198,0.875559,0.750927,0.768004,0.107556,0,nan,6.50418,0.144919,-0.15559,0.0944531,-0.175851,0.085085,0.920026,1,19.9222,16.8724,0.112258,0.622277,0.73864,0.408117,0.584034,0.0191508,-5.31022,arms_ik
l1,isaac,policy,1,/home/humanoid/Programs/Humanoid_Simulation/Locomanipulation_game/logs/skrl/locomanip_marl/paper1/checkpoints/agent_91200.pt,0,b041_d80_e00,41,0.8,0,0.40413,0.036759,-0.0102598,0.106,-0.0217778,0.0541665,0.99214,0,0,0,0,nan,0.0752587,0.118408,0.755312,0,0,0,0,0.141292,0.0262845,0.562664,0.95932,0.0954785,0.619353,0.876475,0.735365,0.779901,0.0965745,0,nan,5.66952,0.134108,-0.145558,0.0618141,-0.184991,0.0427414,0.916755,1,25.6743,24.1108,0.1255,0.643201,0.475498,0.471716,0.719391,0.0173133,-4.52429,arms_ik
l1,isaac,policy,1,/home/humanoid/Programs/Humanoid_Simulation/Locomanipulation_game/logs/skrl/locomanip_marl/paper1/checkpoints/agent_91200.pt,0,b041_d90_e00,41,0.9,0,0.40413,0.036759,-0.11026,0.106,-0.0217778,-0.0458335,0.89214,1,0,0,0,nan,0.0890252,0.151557,0.811572,0,0,0,0,0.0538138,0.153625,0.301674,0.814361,0.103885,0.564478,0.87431,0.718153,0.758315,0.115996,0,nan,4.26953,0.121881,0.0972344,0.123897,0.0840695,0.127741,1.18009,0,9.44556,8.90047,0.080967,0.5279,0.624586,0.347644,0.699413,0.0366871,-0.873661,arms_ik
l1,isaac,policy,1,/home/humanoid/Programs/Humanoid_Simulation/Locomanipulation_game/logs/skrl/locomanip_marl/paper1/checkpoints/agent_91200.pt,0,b041_d100_e00,41,1,0,0.40413,0.036759,-0.21026,0.106,-0.0217778,-0.145833,0.79214,1,0,0,0,nan,0.0872161,0.154128,0.749002,0,0,0,0,0.131086,0.0500285,0.750072,0.711805,0.0909828,0.719071,0.862877,0.729433,0.745212,0.117665,0,nan,5.38733,0.151386,-0.148948,0.124894,-0.17592,0.120984,1.21804,2,7.60481,8.11551,0.0872443,0.82543,0.710287,0.605465,0.595469,0.03244,1.40017,arms_ik
l1,isaac,policy,1,/home/humanoid/Programs/Humanoid_Simulation/Locomanipulation_game/logs/skrl/locomanip_marl/paper1/checkpoints/agent_91200.pt,0,b042_d00_e00,42,0,0,0.141824,0.427813,0.697422,0.148311,0.0540322,0.491594,1.49399,0,0,0,0,nan,0.141947,0.25191,0.429553,0,0,0,0,0.0663746,0.21752,0.117045,0.327156,0.161615,0.261888,0.878686,0.790072,0.815939,0.0627469,0,nan,9.98969,0.227656,-0.250255,0.115271,-0.310805,0.10937,1.11391,10,30.3117,15.8501,0.203693,0.848202,0.815794,0.620468,0.562639,0.0367206,-2.76308,arms_ik
l1,isaac,policy,1,/home/humanoid/Programs/Humanoid_Simulation/Locomanipulation_game/logs/skrl/locomanip_marl/paper1/checkpoints/agent_91200.pt,0,b042_d10_e00,42,0.1,0,0.141824,0.427813,0.597422,0.148311,0.0540322,0.391594,1.39399,0,0,0,0,nan,0.279416,0.357843,0.761345,0,0,0,0,0.372214,0.223276,0.762716,0.376284,0.320329,0.59541,0.873812,0.781157,0.803133,0.0706785,0,nan,7.65975,0.238659,-0.241253,0.12233,-0.270602,0.111253,1.22426,9,20.6758,26.021,0.209961,0.854286,0.728126,0.810441,0.62316,0.0266701,-1.81883,arms_ik
l1,isaac,policy,1,/home/humanoid/Programs/Humanoid_Simulation/Locomanipulation_game/logs/skrl/locomanip_marl/paper1/checkpoints/agent_91200.pt,0,b042_d20_e00,42,0.2,0,0.141824,0.427813,0.497422,0.148311,0.0540322,0.291594,1.29399,0,0,0,0,nan,0.180597,0.218351,0.475524,0,0,0,0,0.224816,0.156286,0.478197,0.235556,0.197401,0.405331,0.851381,0.776281,0.793932,0.0574489,0,nan,7.28183,0.205849,-0.236961,0.126346,-0.312633,0.116219,1.32701,9,23.1154,19.1274,0.224137,0.841829,0.934289,0.858968,0.622582,0.0512083,-1.47552,arms_ik
l1,isaac,policy,1,/home/humanoid/Programs/Humanoid_Simulation/Locomanipulation_game/logs/skrl/locomanip_marl/paper1/checkpoints/agent_91200.pt,0,b042_d30_e00,42,0.3,0,0.141824,0.427813,0.397422,0.148311,0.0540322,0.191594,1.19399,0,0,0,0,nan,0.104048,0.296084,0.5522,0,0,0,0,0.29437,0.273011,0.525891,0.492774,0.271169,0.492124,0.865125,0.761232,0.784329,0.0807964,0,nan,6.28996,0.263626,-0.254487,0.101366,-0.291135,0.101226,1.64249,10,26.3039,17.5445,0.259004,0.858425,1,0.899058,0.496954,0.054778,0.550581,arms_ik
l1,isaac,policy,1,/home/humanoid/Programs/Humanoid_Simulation/Locomanipulation_game/logs/skrl/locomanip_marl/paper1/checkpoints/agent_91200.pt,0,b042_d40_e00,42,0.4,0,0.141824,0.427813,0.297422,0.148311,0.0540322,0.0915939,1.09399,0,0,0,0,nan,0.0382886,0.0611402,0.193612,0,0,1,1,0.0540219,0.0589819,0.155054,0.189059,0.0536719,0.152936,0.871692,0.766733,0.772365,0.0993272,0,nan,7.2566,0.20308,-0.217249,0.117712,-0.265531,0.106588,1.10003,9,12.6034,15.5669,0.136525,0.840349,0.714799,0.633239,0.498138,0.0145995,-1.83503,arms_ik
l1,isaac,policy,1,/home/humanoid/Programs/Humanoid_Simulation/Locomanipulation_game/logs/skrl/locomanip_marl/paper1/checkpoints/agent_91200.pt,0,b042_d50_e00,42,0.5,0,0.141824,0.427813,0.197422,0.148311,0.0540322,-0.0084061,0.993994,0,0,0,0,nan,0.0509466,0.0680423,0.183282,0,0,1,1,0.0540188,0.0615657,0.12504,0.138851,0.0593038,0.152996,0.874581,0.752717,0.771463,0.103117,0,nan,5.78566,0.212348,-0.200395,0.118313,-0.195378,0.117023,1.6284,8,16.3059,12.0426,0.21736,0.822254,0.711906,0.468799,0.497022,0.0322401,-0.256028,arms_ik
l1,isaac,policy,1,/home/humanoid/Programs/Humanoid_Simulation/Locomanipulation_game/logs/skrl/locomanip_marl/paper1/checkpoints/agent_91200.pt,0,b042_d60_e00,42,0.6,0,0.141824,0.427813,0.0974223,0.148311,0.0540322,-0.108406,0.893994,0,0,0,0,nan,0.0410292,0.0676671,0.22536,0,0,1,1,0.0430306,0.058402,0.157786,0.200182,0.0526762,0.168063,0.855608,0.739907,0.749305,0.106303,0,nan,4.82514,0.179433,-0.202531,0.104773,-0.226241,0.101116,1.08642,3,20.9594,11.272,0.267065,0.749542,0.61898,0.415111,0.733248,0.0264178,-0.192292,arms_ik
l1,isaac,policy,1,/home/humanoid/Programs/Humanoid_Simulation/Locomanipulation_game/logs/skrl/locomanip_marl/paper1/checkpoints/agent_91200.pt,0,b042_d70_e00,42,0.7,0,0.141824,0.427813,-0.00257773,0.148311,0.0540322,-0.208406,0.793994,1,0,0,0,nan,0.0637593,0.104171,0.716595,0,0,0,0,0.0801988,0.0956661,0.16198,0.691238,0.0891834,0.423757,0.87325,0.719996,0.729227,0.144023,0,nan,7.93901,0.2269,-0.187482,0.129258,-0.226887,0.125594,1.5817,7,4.63786,6.93039,0.0699528,0.848352,0.665038,0.806561,0.655376,0.0455941,1.78035,arms_ik
l1,isaac,policy,1,/home/humanoid/Programs/Humanoid_Simulation/Locomanipulation_game/logs/skrl/locomanip_marl/paper1/checkpoints/agent_91200.pt,0,b042_d80_e00,42,0.8,0,0.141824,0.427813,-0.102578,0.148311,0.0540322,-0.308406,0.693994,1,0,1,0,nan,0.0206347,0.0773008,0.858468,0,0,0,0,0.0577709,0.0633124,0.11018,0.862254,0.062255,0.497607,0.871594,0.713624,0.722484,0.14911,0,nan,7.60067,0.20783,-0.215954,0.129651,-0.25135,0.124565,1.39248,11,3.50799,6.94077,0.0675796,0.857154,0.67587,0.755072,0.590719,0.0324084,4.63877,arms_ik
l1,isaac,policy,1,/home/humanoid/Programs/Humanoid_Simulation/Locomanipulation_game/logs/skrl/locomanip_marl/paper1/checkpoints/agent_91200.pt,0,b042_d90_e00,42,0.9,0,0.141824,0.427813,-0.202578,0.148311,0.0540322,-0.408406,0.593994,1,0,0,0,nan,0.0605461,0.119385,0.790696,0,0,0,0,0.068443,0.145157,0.761097,0.766544,0.0856,0.707588,0.863256,0.707887,0.719941,0.143315,0,nan,8.11937,0.187338,-0.13404,0.101825,-0.171052,0.106674,0.802447,5,9.13022,20.7472,0.108058,0.80577,0.332412,0.406487,0.519928,0.0441909,4.9744,arms_ik
l1,isaac,policy,1,/home/humanoid/Programs/Humanoid_Simulation/Locomanipulation_game/logs/skrl/locomanip_marl/paper1/checkpoints/agent_91200.pt,0,b042_d100_e00,42,1,0,0.141824,0.427813,-0.302578,0.148311,0.0540322,-0.508406,0.493994,1,0,0,0,nan,0.120983,0.224643,1.13166,0,0,0,0,0.0622897,0.241862,1.18363,0.956916,0.150439,1.06886,0.872769,0.695637,0.698846,0.173923,0,nan,8.43422,0.220159,-0.192865,0.120698,-0.225991,0.120802,1.06714,7,6.75772,8.03646,0.0770551,0.857228,0.476959,0.802193,0.521477,0.0430572,5.0691,arms_ik
l1,isaac,policy,1,/home/humanoid/Programs/Humanoid_Simulation/Locomanipulation_game/logs/skrl/locomanip_marl/paper1/checkpoints/agent_91200.pt,0,b043_d00_e00,43,0,0,0.369098,0.309993,0.366687,0.294727,-0.181541,0.364303,1.3667,0,0,0,0,nan,0.0905275,0.152058,0.383738,0,0,0,0,0.108275,0.17218,0.238946,0.425161,0.118945,0.279942,0.876225,0.774796,0.791267,0.0849579,0,nan,7.71175,0.232976,-0.132503,0.120263,-0.128545,0.119299,0.77683,3,18.5983,14.7301,0.222692,0.626713,0.623634,0.574364,0.500344,0.0266487,-1.95729,arms_ik
l1,isaac,policy,1,/home/humanoid/Programs/Humanoid_Simulation/Locomanipulation_game/logs/skrl/locomanip_marl/paper1/checkpoints/agent_91200.pt,0,b043_d10_e00,43,0.1,0,0.369098,0.309993,0.266687,0.294727,-0.181541,0.264303,1.2667,0,0,0,0,nan,0.035533,0.0820573,0.193008,0,0,0,1,0.0799949,0.0546776,0.176514,0.135095,0.0661828,0.144159,0.866262,0.778707,0.796741,0.0695206,0,nan,5.68385,0.198598,-0.151575,0.128413,-0.174712,0.126697,0.905168,1,16.7855,11.6707,0.191202,0.654787,0.715045,0.493546,0.401806,0.0434895,0.480683,arms_ik
l1,isaac,policy,1,/home/humanoid/Programs/Humanoid_Simulation/Locomanipulation_game/logs/skrl/locomanip_marl/paper1/checkpoints/agent_91200.pt,0,b043_d20_e00,43,0.2,0,0.369098,0.309993,0.166687,0.294727,-0.181541,0.164303,1.1667,0,0,0,1,nan,0.0337022,0.0701688,0.175369,0,0,1,1,0.0645933,0.0453904,0.138659,0.108171,0.0557046,0.14301,0.862889,0.762272,0.778666,0.0842237,0,nan,4.88144,0.160573,-0.126607,0.121634,-0.119694,0.122832,0.682413,1,9.72267,7.54749,0.123445,0.722117,0.535539,0.389342,0.399737,0.0376868,0.280495,arms_ik
l1,isaac,policy,1,/home/humanoid/Programs/Humanoid_Simulation/Locomanipulation_game/logs/skrl/locomanip_marl/paper1/checkpoints/agent_91200.pt,0,b043_d30_e00,43,0.3,0,0.369098,0.309993,0.0666867,0.294727,-0.181541,0.0643031,1.0667,0,0,0,1,nan,0.0163733,0.0560912,0.16989,0,0,1,1,0.0544444,0.0506121,0.115257,0.0912448,0.0503226,0.122244,0.878413,0.773493,0.780399,0.0980142,0,nan,5.05067,0.159195,-0.136938,0.127019,-0.137806,0.12346,0.987605,1,7.16619,5.27632,0.0764932,0.64269,0.711498,0.400542,0.438981,0.0398225,1.38827,arms_ik
l1,isaac,policy,1,/home/humanoid/Programs/Humanoid_Simulation/Locomanipulation_game/logs/skrl/locomanip_marl/paper1/checkpoints/agent_91200.pt,0,b043_d40_e00,43,0.4,0,0.369098,0.309993,-0.0333133,0.294727,-0.181541,-0.0356969,0.966703,0,0,0,0,nan,0.0185028,0.0724765,0.204247,0,0,1,1,0.0645017,0.0667839,0.186633,0.177116,0.0655576,0.157654,0.859132,0.754165,0.769112,0.0900201,0,nan,5.84199,0.142065,-0.133509,0.120871,-0.136455,0.1233,0.844846,1,10.2436,7.89114,0.120793,0.56073,0.677083,0.385812,0.72861,0.0378878,0.230797,arms_ik
l1,isaac,policy,1,/home/humanoid/Programs/Humanoid_Simulation/Locomanipulation_game/logs/skrl/locomanip_marl/paper1/checkpoints/agent_91200.pt,0,b043_d50_e00,43,0.5,0,0.369098,0.309993,-0.133313,0.294727,-0.181541,-0.135697,0.866703,1,0,0,0,nan,0.0506478,0.0820917,0.193335,0,0,0,1,0.0820379,0.100328,0.103453,0.155884,0.0862591,0.122885,0.873821,0.737758,0.756847,0.116973,0,nan,4.31131,0.142592,-0.156991,0.13134,-0.198642,0.127574,1.15476,1,28.2395,15.1089,0.272913,0.745237,0.774129,0.575647,0.484104,0.0673094,1.0903,arms_ik
l1,isaac,policy,1,/home/humanoid/Programs/Humanoid_Simulation/Locomanipulation_game/logs/skrl/locomanip_marl/paper1/checkpoints/agent_91200.pt,0,b043_d60_e00,43,0.6,0,0.369098,0.309993,-0.233313,0.294727,-0.181541,-0.235697,0.766703,1,0,0,0,nan,0.0349906,0.0766763,0.325769,0,0,1,1,0.0911655,0.0999309,0.334586,0.254979,0.0886898,0.279072,0.860892,0.710146,0.725119,0.135773,0,nan,5.13487,0.135641,-0.131607,0.132969,-0.151851,0.128962,1.27687,1,12.38,9.21298,0.147619,0.678514,0.63237,0.359148,0.438169,0.0731874,3.12199,arms_ik
l1,isaac,policy,1,/home/humanoid/Programs/Humanoid_Simulation/Locomanipulation_game/logs/skrl/locomanip_marl/paper1/checkpoints/agent_91200.pt,0,b043_d70_e00,43,0.7,0,0.369098,0.309993,-0.333313,0.294727,-0.181541,-0.335697,0.666703,1,0,0,0,nan,0.0423842,0.069309,0.614436,0,0,0,0,0.0995012,0.0982714,0.559552,0.52418,0.0885267,0.565846,0.87199,0.709746,0.71524,0.15675,0,nan,6.13318,0.128037,-0.114669,0.127171,-0.127854,0.127928,1.08754,0,11.9988,10.5008,0.117371,0.645159,0.527452,0.362045,0.428665,0.0732982,3.73492,arms_ik
l1,isaac,policy,1,/home/humanoid/Programs/Humanoid_Simulation/Locomanipulation_game/logs/skrl/locomanip_marl/paper1/checkpoints/agent_91200.pt,0,b043_d80_e00,43,0.8,0,0.369098,0.309993,-0.433313,0.294727,-0.181541,-0.435697,0.566703,1,0,0,0,nan,0.0901933,0.135466,0.977917,0,0,0,0,0.132833,0.103324,0.626542,0.957106,0.11491,0.769169,0.869848,0.69786,0.703423,0.166425,0,nan,7.2354,0.159918,-0.136637,0.133412,-0.142735,0.129701,0.946292,1,5.5809,4.80747,0.0996072,0.65211,0.561066,0.261699,0.447085,0.0590408,5.37555,arms_ik
l1,isaac,policy,1,/home/humanoid/Programs/Humanoid_Simulation/Locomanipulation_game/logs/skrl/locomanip_marl/paper1/checkpoints/agent_91200.pt,0,b043_d90_e00,43,0.9,0,0.369098,0.309993,-0.533313,0.294727,-0.181541,-0.535697,0.466703,1,0,0,0,nan,0.187175,0.208525,1.09836,0,0,0,0,0.19779,0.193435,0.57686,1.04613,0.199795,0.822917,0.866629,0.691876,0.695908,0.170721,0,nan,7.03913,0.145658,0.118809,0.12779,0.099906,0.12642,1.32121,0,9.02628,21.1844,0.214821,0.56385,0.565463,0.271449,0.533331,0.0710445,5.09962,arms_ik
l1,isaac,policy,1,/home/humanoid/Programs/Humanoid_Simulation/Locomanipulation_game/logs/skrl/locomanip_marl/paper1/checkpoints/agent_91200.pt,0,b043_d100_e00,43,1,0,0.369098,0.309993,-0.633313,0.294727,-0.181541,-0.635697,0.366703,1,0,0,0,nan,0.281656,0.341574,1.09788,0,0,0,0,0.332259,0.25686,0.6304,1.07521,0.291785,0.88203,0.870463,0.699841,0.703101,0.167361,0,nan,8.01305,0.163678,0.0779053,0.11707,0.0639036,0.116492,1.06949,0,50.8558,10.9981,0.389838,0.708627,0.400784,0.357516,0.545465,0.0942953,4.36571,arms_ik
l1,isaac,policy,1,/home/humanoid/Programs/Humanoid_Simulation/Locomanipulation_game/logs/skrl/locomanip_marl/paper1/checkpoints/agent_91200.pt,0,b044_d00_e00,44,0,0,0.291045,0.434879,0.0291979,0.388381,-0.521729,0.660024,1.0316,0,0,0,0,nan,0.131932,0.300485,0.649375,0,0,0,0,0.0421919,0.23696,0.396145,0.507342,0.154327,0.369318,0.884798,0.797666,0.827647,0.0571513,0,nan,6.0708,0.153626,-0.109792,0.128085,-0.121838,0.126625,0.802549,0,17.9449,43.1516,0.396876,0.5083,0.638308,0.275135,0.482687,0.0623233,0.977186,arms_ik
l1,isaac,policy,1,/home/humanoid/Programs/Humanoid_Simulation/Locomanipulation_game/logs/skrl/locomanip_marl/paper1/checkpoints/agent_91200.pt,0,b044_d10_e00,44,0.1,0,0.291045,0.434879,-0.0708021,0.388381,-0.521729,0.560024,0.931598,0,0,0,0,nan,0.0977066,0.228463,0.4915,0,0,0,0,0.0532162,0.157596,0.111552,0.36098,0.121065,0.234181,0.859692,0.78894,0.805424,0.0542682,0,nan,5.32772,0.137019,-0.131162,0.12995,-0.135368,0.127027,0.802534,1,23.3753,52.6503,0.444611,0.486832,0.802662,0.345283,0.583613,0.0576656,0.52073,arms_ik
l1,isaac,policy,1,/home/humanoid/Programs/Humanoid_Simulation/Locomanipulation_game/logs/skrl/locomanip_marl/paper1/checkpoints/agent_91200.pt,0,b044_d20_e00,44,0.2,0,0.291045,0.434879,-0.170802,0.388381,-0.521729,0.460024,0.831598,1,0,0,0,nan,0.0529399,0.10921,0.308925,0,0,0,0,0.0397047,0.105199,0.139379,0.242141,0.0650418,0.145099,0.872005,0.763862,0.783458,0.0885461,0,nan,6.3602,0.13131,-0.105748,0.128278,-0.0889531,0.125306,1.10849,1,27.7908,46.6114,0.424599,0.58001,0.678887,0.344622,0.462491,0.0472988,0.470808,arms_ik
l1,isaac,policy,1,/home/humanoid/Programs/Humanoid_Simulation/Locomanipulation_game/logs/skrl/locomanip_marl/paper1/checkpoints/agent_91200.pt,0,b044_d30_e00,44,0.3,0,0.291045,0.434879,-0.270802,0.388381,-0.521729,0.360024,0.731598,1,0,0,0,nan,0.0482922,0.0754963,0.14206,0,0,1,1,0.0737418,0.0710265,0.0900444,0.0863261,0.0688615,0.0942632,0.876764,0.742593,0.750054,0.12671,0,nan,3.57924,0.117928,-0.20687,0.131117,-0.226671,0.132759,1.32004,0,7.70239,7.63768,0.092093,0.60447,0.543243,0.505837,0.514004,0.0578154,0.970433,arms_ik
l1,isaac,policy,1,/home/humanoid/Programs/Humanoid_Simulation/Locomanipulation_game/logs/skrl/locomanip_marl/paper1/checkpoints/agent_91200.pt,0,b044_d40_e00,44,0.4,0,0.291045,0.434879,-0.370802,0.388381,-0.521729,0.260024,0.631598,1,0,0,0,nan,0.0712288,0.100246,0.17531,0,0,0,0,0.0841165,0.0841989,0.0901141,0.14702,0.0850964,0.121871,0.842379,0.730844,0.738427,0.103952,0,nan,5.5419,0.124344,0.104806,0.131925,0.083601,0.132379,1.10251,0,20.3259,23.6756,0.271119,0.455733,0.857769,0.239784,0.602971,0.0462097,1.83134,arms_ik
l1,isaac,policy,1,/home/humanoid/Programs/Humanoid_Simulation/Locomanipulation_game/logs/skrl/locomanip_marl/paper1/checkpoints/agent_91200.pt,0,b044_d50_e00,44,0.5,0,0.291045,0.434879,-0.470802,0.388381,-0.521729,0.160024,0.531598,1,0,0,0,nan,0.117399,0.191822,0.174268,0,0,0,0,0.188038,0.0849866,0.11315,0.123217,0.131281,0.124651,0.847897,0.737927,0.74083,0.107066,0,nan,4.43024,0.139434,-0.153421,0.129853,-0.173377,0.128866,1.32072,1,28.9106,11.4757,0.259078,0.572305,0.472751,0.361768,0.513371,0.0535751,2.47237,arms_ik
l1,isaac,policy,1,/home/humanoid/Programs/Humanoid_Simulation/Locomanipulation_game/logs/skrl/locomanip_marl/paper1/checkpoints/agent_91200.pt,0,b044_d60_e00,44,0.6,0,0.291045,0.434879,-0.570802,0.388381,-0.521729,0.0600235,0.431598,1,0,0,0,nan,0.168787,0.301047,0.464405,0,0,0,0,0.266405,0.102716,0.0653515,0.157318,0.188299,0.18123,0.876551,0.747021,0.753236,0.123315,0,nan,4.55165,0.151484,-0.213027,0.131363,-0.230294,0.126725,1.31927,0,58.1194,14.1426,0.434642,0.627818,0.644385,0.327788,0.613147,0.0494575,2.79749,arms_ik
l1,isaac,policy,1,/home/humanoid/Programs/Humanoid_Simulation/Locomanipulation_game/logs/skrl/locomanip_marl/paper1/checkpoints/agent_91200.pt,0,b044_d70_e00,44,0.7,0,0.291045,0.434879,-0.670802,0.388381,-0.521729,-0.0399765,0.331598,1,0,0,0,nan,0.211894,0.378733,0.208368,0,0,0,0,0.379006,0.0759823,0.201123,0.152547,0.222665,0.153216,0.868991,0.729151,0.737613,0.131379,0,nan,5.67306,0.156073,-0.170999,0.131233,-0.186159,0.127444,0.544895,1,12.6649,11.3787,0.164792,0.544536,0.524807,0.408607,0.586364,0.0543835,3.4729,arms_ik
l1,isaac,policy,1,/home/humanoid/Programs/Humanoid_Simulation/Locomanipulation_game/logs/skrl/locomanip_marl/paper1/checkpoints/agent_91200.pt,0,b044_d80_e00,44,0.8,0,0.291045,0.434879,-0.770802,0.388381,-0.521729,-0.139976,0.231598,1,0,0,0,nan,0.272343,0.474464,0.784441,0,0,0,0,0.475174,0.117344,0.751626,0.110178,0.289434,0.441663,0.857368,0.703936,0.711574,0.145794,0,nan,9.36655,0.148521,0.0937741,0.133131,0.0626358,0.130622,1.65578,0,10.7469,10.2751,0.108382,0.527502,0.623061,0.466296,0.509224,0.0620417,4.56682,arms_ik
l1,isaac,policy,1,/home/humanoid/Programs/Humanoid_Simulation/Locomanipulation_game/logs/skrl/locomanip_marl/paper1/checkpoints/agent_91200.pt,0,b044_d90_e00,44,0.9,0,0.291045,0.434879,-0.870802,0.388381,-0.521729,-0.239976,0.131598,1,0,0,0,nan,0.333107,0.616021,0.758891,0,0,0,0,0.596825,0.12933,0.82245,0.233098,0.361276,0.475261,0.873849,0.706338,0.715103,0.158746,0,nan,11.2495,0.159065,-0.121298,0.125254,-0.126727,0.119252,2.16114,2,18.4925,11.562,0.113571,0.704698,0.584298,0.363025,0.528792,0.0722226,3.53315,arms_ik
l1,isaac,policy,1,/home/humanoid/Programs/Humanoid_Simulation/Locomanipulation_game/logs/skrl/locomanip_marl/paper1/checkpoints/agent_91200.pt,0,b044_d100_e00,44,1,0,0.291045,0.434879,-0.970802,0.388381,-0.521729,-0.339976,0.0315979,1,0,0,0,nan,0.393938,0.668753,0.770893,0,0,0,0,0.68443,0.148169,0.760136,0.519145,0.412819,0.679849,0.864604,0.701451,0.709106,0.155498,0,nan,10.7211,0.152754,-0.104598,0.120015,-0.112987,0.120564,1.91163,1,10.5994,9.43153,0.0909302,0.568106,0.548827,0.322813,0.551922,0.0725096,4.76782,arms_ik
l1,isaac,policy,1,/home/humanoid/Programs/Humanoid_Simulation/Locomanipulation_game/logs/skrl/locomanip_marl/paper1/checkpoints/agent_91200.pt,0,b045_d00_e00,45,0,0,0.500394,0.310559,0.632642,0.464769,-0.284026,0.281881,1.28428,0,0,0,0,nan,0.210972,0.372418,0.753395,0,0,0,0,0.359962,0.100712,0.698086,0.116986,0.22154,0.433107,0.868217,0.808278,0.834992,0.0332253,0,nan,5.07614,0.167274,0.107721,0.122357,0.101464,0.121053,1.57773,0,21.2652,18.45,0.255478,0.461266,0.798398,0.319252,0.601931,0.0337153,0.668,arms_ik
l1,isaac,policy,1,/home/humanoid/Programs/Humanoid_Simulation/Locomanipulation_game/logs/skrl/locomanip_marl/paper1/checkpoints/agent_91200.pt,0,b045_d10_e00,45,0.1,0,0.500394,0.310559,0.532642,0.464769,-0.284026,0.181881,1.18428,0,0,0,0,nan,0.169224,0.279206,0.516291,0,0,0,0,0.261153,0.117182,0.445914,0.203795,0.179098,0.309981,0.86119,0.774632,0.790902,0.0702885,0,nan,6.3307,0.158259,0.0931274,0.105224,0.0737382,0.109787,1.13547,0,20.2652,15.749,0.211596,0.493117,0.857123,0.501895,0.669446,0.0509563,2.32926,arms_ik
l1,isaac,policy,1,/home/humanoid/Programs/Humanoid_Simulation/Locomanipulation_game/logs/skrl/locomanip_marl/paper1/checkpoints/agent_91200.pt,0,b045_d20_e00,45,0.2,0,0.500394,0.310559,0.432642,0.464769,-0.284026,0.0818814,1.08428,0,0,0,0,nan,0.146418,0.271106,0.547295,0,0,0,0,0.261231,0.072241,0.486601,0.132174,0.170472,0.321858,0.872482,0.779569,0.800624,0.0718577,0,nan,6.39944,0.144327,-0.182494,0.124227,-0.238031,0.123707,1.36385,2,15.5712,12.0709,0.179149,0.854095,0.855505,0.834785,0.627875,0.0319652,1.7843,arms_ik
l1,isaac,policy,1,/home/humanoid/Programs/Humanoid_Simulation/Locomanipulation_game/logs/skrl/locomanip_marl/paper1/checkpoints/agent_91200.pt,0,b045_d30_e00,45,0.3,0,0.500394,0.310559,0.332642,0.464769,-0.284026,-0.0181186,0.984281,0,0,0,0,nan,0.122935,0.183874,0.353689,0,0,0,0,0.167788,0.0919753,0.287242,0.149319,0.12996,0.231491,0.853683,0.779214,0.794256,0.0594269,0,nan,6.7201,0.136248,0.106348,0.113103,0.0985203,0.113314,1.12004,0,13.6964,11.3075,0.162298,0.45465,0.796894,0.324894,0.573255,0.0433941,2.68339,arms_ik
l1,isaac,policy,1,/home/humanoid/Programs/Humanoid_Simulation/Locomanipulation_game/logs/skrl/locomanip_marl/paper1/checkpoints/agent_91200.pt,0,b045_d40_e00,45,0.4,0,0.500394,0.310559,0.232642,0.464769,-0.284026,-0.118119,0.884281,1,0,0,0,nan,0.0735179,0.102787,0.219726,0,0,0,0,0.0932859,0.10157,0.177108,0.134413,0.0966788,0.17541,0.858068,0.771689,0.78177,0.076298,0,nan,6.68868,0.124616,0.115807,0.129113,0.102066,0.125679,1.55618,0,12.6794,12.1545,0.158562,0.606273,0.683726,0.327453,0.467538,0.0514783,1.9873,arms_ik
l1,isaac,policy,1,/home/humanoid/Programs/Humanoid_Simulation/Locomanipulation_game/logs/skrl/locomanip_marl/paper1/checkpoints/agent_91200.pt,0,b045_d50_e00,45,0.5,0,0.500394,0.310559,0.132642,0.464769,-0.284026,-0.218119,0.784281,1,0,0,0,nan,0.0635515,0.0890112,0.208767,0,0,0,1,0.0975189,0.0958305,0.18563,0.120185,0.0929192,0.151338,0.860604,0.747121,0.758508,0.102096,0,nan,8.27583,0.143412,-0.0760158,0.126475,-0.0656122,0.125078,0.811884,0,9.06184,11.3397,0.107546,0.494153,0.745955,0.304548,0.532142,0.0472705,2.7,arms_ik
l1,isaac,policy,1,/home/humanoid/Programs/Humanoid_Simulation/Locomanipulation_game/logs/skrl/locomanip_marl/paper1/checkpoints/agent_91200.pt,0,b045_d60_e00,45,0.6,0,0.500394,0.310559,0.032642,0.464769,-0.284026,-0.318119,0.684281,1,0,0,0,nan,0.097508,0.154437,0.354069,0,0,0,0,0.111171,0.145554,0.199187,0.0998825,0.127556,0.182599,0.871275,0.746649,0.749986,0.121289,0,nan,8.30886,0.118273,0.11235,0.125477,0.0968902,0.122914,2.54387,0,24.1674,10.8742,0.166691,0.489045,0.467235,0.351003,0.556199,0.052655,4.32158,arms_ik
l1,isaac,policy,1,/home/humanoid/Programs/Humanoid_Simulation/Locomanipulation_game/logs/skrl/locomanip_marl/paper1/checkpoints/agent_91200.pt,0,b045_d70_e00,45,0.7,0,0.500394,0.310559,-0.067358,0.464769,-0.284026,-0.418119,0.584281,1,0,0,0,nan,0.108206,0.179758,0.281618,0,0,0,0,0.0898678,0.189063,0.275845,0.123666,0.137211,0.208389,0.872803,0.725254,0.730491,0.142311,0,nan,8.51593,0.135978,-0.0943975,0.124587,-0.107306,0.124606,2.0075,0,11.6567,8.44164,0.132305,0.532174,0.696505,0.476907,0.488656,0.0409061,4.19414,arms_ik
l1,isaac,policy,1,/home/humanoid/Programs/Humanoid_Simulation/Locomanipulation_game/logs/skrl/locomanip_marl/paper1/checkpoints/agent_91200.pt,0,b045_d80_e00,45,0.8,0,0.500394,0.310559,-0.167358,0.464769,-0.284026,-0.518119,0.484281,1,0,0,0,nan,0.139726,0.244562,0.529148,0,0,0,0,0.0848802,0.252016,0.497722,0.141583,0.167649,0.315512,0.865917,0.714236,0.717959,0.147959,0,nan,8.86231,0.146629,0.0981936,0.118857,0.0486192,0.118133,1.21606,0,15.6656,11.6826,0.161896,0.492065,0.812945,0.346944,0.457772,0.0487129,5.24755,arms_ik
l1,isaac,policy,1,/home/humanoid/Programs/Humanoid_Simulation/Locomanipulation_game/logs/skrl/locomanip_marl/paper1/checkpoints/agent_91200.pt,0,b045_d90_e00,45,0.9,0,0.500394,0.310559,-0.267358,0.464769,-0.284026,-0.618119,0.384281,1,0,0,0,nan,0.232367,0.317738,0.569367,0,0,0,0,0.164552,0.305419,0.554189,0.0789491,0.24054,0.371797,0.870766,0.722047,0.728978,0.141788,0,nan,11.4052,0.143812,-0.128972,0.133773,-0.118934,0.132853,1.53707,0,18.0754,36.7949,0.291004,0.68537,0.536658,0.334717,0.544458,0.0571502,4.78847,arms_ik
l1,isaac,policy,1,/home/humanoid/Programs/Humanoid_Simulation/Locomanipulation_game/logs/skrl/locomanip_marl/paper1/checkpoints/agent_91200.pt,0,b045_d100_e00,45,1,0,0.500394,0.310559,-0.367358,0.464769,-0.284026,-0.718119,0.284281,1,0,0,0,nan,0.284827,0.422494,0.616878,0,0,0,0,0.233738,0.407856,0.545138,0.234811,0.30979,0.368546,0.852513,0.717038,0.724578,0.127935,0,nan,10.8907,0.15578,-0.105639,0.128951,-0.129591,0.12359,1.2015,0,25.7328,33.2199,0.335699,0.623834,0.609652,0.36633,0.582141,0.0766756,4.8092,arms_ik
l1,isaac,policy,1,/home/humanoid/Programs/Humanoid_Simulation/Locomanipulation_game/logs/skrl/locomanip_marl/paper1/checkpoints/agent_91200.pt,0,b046_d00_e00,46,0,0,0.221642,0.42574,-0.008111,0.439965,-0.0369652,0.332225,0.994289,0,0,0,0,nan,0.163515,0.308242,0.801161,0,0,0,0,0.0709395,0.315267,0.0949372,0.809772,0.182967,0.429949,0.853144,0.769645,0.780781,0.0723631,0,nan,6.00309,0.183029,0.087092,0.112652,0.0602509,0.107168,1.03461,0,7.34239,20.9727,0.164333,0.839666,0.711382,0.364372,0.531092,0.0445724,0.141578,arms_ik
l1,isaac,policy,1,/home/humanoid/Programs/Humanoid_Simulation/Locomanipulation_game/logs/skrl/locomanip_marl/paper1/checkpoints/agent_91200.pt,0,b046_d10_e00,46,0.1,0,0.221642,0.42574,-0.108111,0.439965,-0.0369652,0.232225,0.894289,0,0,0,0,nan,0.111603,0.188249,0.491711,0,0,0,0,0.0584142,0.180112,0.0909088,0.472492,0.114232,0.27957,0.85556,0.745047,0.755528,0.100032,0,nan,6.19355,0.145135,0.109691,0.128358,0.0915132,0.126578,1.14832,0,7.30227,9.15421,0.113154,0.712878,0.77856,0.304572,0.475387,0.034753,0.407745,arms_ik
l1,isaac,policy,1,/home/humanoid/Programs/Humanoid_Simulation/Locomanipulation_game/logs/skrl/locomanip_marl/paper1/checkpoints/agent_91200.pt,0,b046_d20_e00,46,0.2,0,0.221642,0.42574,-0.208111,0.439965,-0.0369652,0.132225,0.794289,1,0,0,0,nan,0.0563066,0.072848,0.171065,0,0,1,1,0.0736457,0.0807018,0.102329,0.139709,0.0747299,0.128711,0.873425,0.739358,0.744552,0.128872,0,nan,4.27011,0.141547,0.0914142,0.121286,0.0760019,0.120559,1.21796,0,10.8761,14.0945,0.131177,0.59702,0.563132,0.330745,0.408546,0.0444094,0.719183,arms_ik
l1,isaac,policy,1,/home/humanoid/Programs/Humanoid_Simulation/Locomanipulation_game/logs/skrl/locomanip_marl/paper1/checkpoints/agent_91200.pt,0,b046_d30_e00,46,0.3,0,0.221642,0.42574,-0.308111,0.439965,-0.0369652,0.0322252,0.694289,1,0,0,0,nan,0.0339237,0.0646354,0.15628,0,0,1,1,0.0505496,0.0799534,0.112138,0.140142,0.0596412,0.124507,0.877315,0.707608,0.715522,0.161793,0,nan,7.23119,0.151977,-0.112251,0.116742,-0.105998,0.113052,0.811602,1,9.241,8.80947,0.118993,0.653873,0.665554,0.414441,0.638716,0.0431717,1.64801,arms_ik
l1,isaac,policy,1,/home/humanoid/Programs/Humanoid_Simulation/Locomanipulation_game/logs/skrl/locomanip_marl/paper1/checkpoints/agent_91200.pt,0,b046_d40_e00,46,0.4,0,0.221642,0.42574,-0.408111,0.439965,-0.0369652,-0.0677748,0.594289,1,0,0,0,nan,0.0596327,0.079516,0.166709,0,0,1,1,0.0724429,0.0860391,0.0955608,0.143327,0.079092,0.118499,0.873474,0.706495,0.715737,0.157737,0,nan,6.07726,0.150079,-0.109404,0.131594,-0.125825,0.131075,0.83932,0,8.37482,7.80881,0.0817685,0.632406,0.47332,0.374993,0.645692,0.0474058,4.13905,arms_ik
l1,isaac,policy,1,/home/humanoid/Programs/Humanoid_Simulation/Locomanipulation_game/logs/skrl/locomanip_marl/paper1/checkpoints/agent_91200.pt,0,b046_d50_e00,46,0.5,0,0.221642,0.42574,-0.508111,0.439965,-0.0369652,-0.167775,0.494289,1,0,0,0,nan,0.101261,0.149559,0.253315,0,0,0,0,0.146164,0.0773396,0.0945136,0.150919,0.111114,0.126746,0.85361,0.68135,0.69965,0.15396,0,nan,6.79221,0.166178,-0.149433,0.131582,-0.153256,0.130982,1.08557,1,9.45206,10.6779,0.141477,0.850265,0.534868,0.475097,0.578689,0.0303333,5.58773,arms_ik
l1,isaac,policy,1,/home/humanoid/Programs/Humanoid_Simulation/Locomanipulation_game/logs/skrl/locomanip_marl/paper1/checkpoints/agent_91200.pt,0,b046_d60_e00,46,0.6,0,0.221642,0.42574,-0.608111,0.439965,-0.0369652,-0.267775,0.394289,1,0,0,0,nan,0.154055,0.249086,0.434905,0,0,0,0,0.246066,0.098272,0.0337737,0.391733,0.167678,0.275934,0.871003,0.693476,0.698193,0.17281,0,nan,7.79963,0.144756,0.0999238,0.133187,0.0637769,0.130745,0.994233,0,31.0635,7.46094,0.253869,0.599095,0.474193,0.324715,0.537092,0.0497718,5.50908,arms_ik
l1,isaac,policy,1,/home/humanoid/Programs/Humanoid_Simulation/Locomanipulation_game/logs/skrl/locomanip_marl/paper1/checkpoints/agent_91200.pt,0,b046_d70_e00,46,0.7,0,0.221642,0.42574,-0.708111,0.439965,-0.0369652,-0.367775,0.294289,1,0,0,0,nan,0.244119,0.388739,0.760417,0,0,0,0,0.388427,0.126582,0.729689,0.457363,0.253379,0.598093,0.880498,0.695479,0.701489,0.17901,0,nan,7.35382,0.133579,0.0768512,0.115149,0.0752974,0.11302,1.1617,0,5.29828,5.65074,0.0752525,0.693882,0.621471,0.318476,0.575879,0.0511898,5.22507,arms_ik
l1,isaac,policy,1,/home/humanoid/Programs/Humanoid_Simulation/Locomanipulation_game/logs/skrl/locomanip_marl/paper1/checkpoints/agent_91200.pt,0,b046_d80_e00,46,0.8,0,0.221642,0.42574,-0.808111,0.439965,-0.0369652,-0.467775,0.194289,1,0,0,0,nan,0.311487,0.449553,0.599896,0,0,0,0,0.449702,0.194825,0.354036,0.505909,0.318213,0.375547,0.869074,0.694336,0.705488,0.163586,0,nan,7.77986,0.142069,0.093974,0.128175,0.0697641,0.123534,1.32335,0,42.218,26.8026,0.404681,0.781569,0.489049,0.398914,0.673179,0.046305,7.15052,arms_ik
l1,isaac,policy,1,/home/humanoid/Programs/Humanoid_Simulation/Locomanipulation_game/logs/skrl/locomanip_marl/paper1/checkpoints/agent_91200.pt,0,b046_d90_e00,46,0.9,0,0.221642,0.42574,-0.908111,0.439965,-0.0369652,-0.567775,0.094289,1,0,0,0,nan,0.417122,0.550147,0.717797,0,0,0,0,0.521811,0.312763,0.266093,0.671939,0.426028,0.484455,0.853522,0.66893,0.705199,0.148323,0,nan,9.35819,0.164331,-0.171115,0.117896,-0.184729,0.116091,1.47533,2,47.9425,25.7928,0.312225,0.868396,0.642963,0.646435,0.683155,0.0364357,8.74314,arms_ik
l1,isaac,policy,1,/home/humanoid/Programs/Humanoid_Simulation/Locomanipulation_game/logs/skrl/locomanip_marl/paper1/checkpoints/agent_91200.pt,0,b046_d100_e00,46,1,0,0.221642,0.42574,-1.00811,0.439965,-0.0369652,-0.667775,-0.005711,1,0,0,0,nan,0.487298,0.639504,0.744543,0,0,0,0,0.63192,0.350089,0.736789,0.634148,0.493575,0.676084,0.867235,0.680529,0.686202,0.181034,0,nan,9.70316,0.148849,-0.0912867,0.11121,-0.110863,0.113153,1.38593,0,4.97109,13.9117,0.150138,0.707867,0.454253,0.411529,0.658034,0.0641288,7.80725,arms_ik
l1,isaac,policy,1,/home/humanoid/Programs/Humanoid_Simulation/Locomanipulation_game/logs/skrl/locomanip_marl/paper1/checkpoints/agent_91200.pt,0,b047_d00_e00,47,0,0,0.152113,0.179927,0.0189607,0.324117,-0.316525,0.151832,1.02136,0,0,0,0,nan,0.04463,0.110461,0.415869,0,0,0,0,0.146747,0.0807446,0.53045,0.181999,0.119796,0.32886,0.877013,0.742162,0.74644,0.130573,0,nan,8.10015,0.173077,-0.177862,0.125237,-0.19934,0.126895,1.19935,4,8.08485,12.0601,0.0601173,0.850154,0.741922,0.590741,0.427788,0.0401261,0.46829,arms_ik
l1,isaac,policy,1,/home/humanoid/Programs/Humanoid_Simulation/Locomanipulation_game/logs/skrl/locomanip_marl/paper1/checkpoints/agent_91200.pt,0,b047_d10_e00,47,0.1,0,0.152113,0.179927,-0.0810393,0.324117,-0.316525,0.0518318,0.921361,0,0,1,0,nan,0.0312537,0.0691716,0.161793,0,0,1,1,0.0436888,0.0754097,0.0778413,0.148236,0.058309,0.103836,0.879591,0.748038,0.756412,0.12318,0,nan,9.3269,0.175072,-0.236592,0.118111,-0.280085,0.116669,0.611986,3,6.9449,5.89686,0.0473712,0.82036,0.803068,0.844839,0.619543,0.0418735,0.435315,arms_ik
l1,isaac,policy,1,/home/humanoid/Programs/Humanoid_Simulation/Locomanipulation_game/logs/skrl/locomanip_marl/paper1/checkpoints/agent_91200.pt,0,b047_d20_e00,47,0.2,0,0.152113,0.179927,-0.181039,0.324117,-0.316525,-0.0481682,0.821361,1,0,0,0,nan,0.045719,0.0959192,0.19899,0,0,0,1,0.0672382,0.0971394,0.124791,0.177526,0.0761147,0.143602,0.8417,0.724299,0.737956,0.103744,0,nan,11.6194,0.180997,-0.210793,0.123889,-0.252085,0.120795,1.89905,7,5.68165,8.92367,0.0930858,0.843713,0.653795,0.701403,0.551535,0.0478413,2.73086,arms_ik
l1,isaac,policy,1,/home/humanoid/Programs/Humanoid_Simulation/Locomanipulation_game/logs/skrl/locomanip_marl/paper1/checkpoints/agent_91200.pt,0,b047_d30_e00,47,0.3,0,0.152113,0.179927,-0.281039,0.324117,-0.316525,-0.148168,0.721361,1,0,0,0,nan,0.0456243,0.0667804,0.331131,0,0,1,1,0.0573703,0.0497018,0.25392,0.114939,0.0559264,0.213634,0.848315,0.72594,0.735692,0.112623,0,nan,8.67436,0.136135,-0.0892251,0.114813,-0.0886406,0.112788,0.909856,0,6.22619,5.67929,0.0683979,0.645693,0.461874,0.338126,0.606944,0.0266144,2.23221,arms_ik
l1,isaac,policy,1,/home/humanoid/Programs/Humanoid_Simulation/Locomanipulation_game/logs/skrl/locomanip_marl/paper1/checkpoints/agent_91200.pt,0,b047_d40_e00,47,0.4,0,0.152113,0.179927,-0.381039,0.324117,-0.316525,-0.248168,0.621361,1,0,0,0,nan,0.0501467,0.112392,0.240302,0,0,0,0,0.138516,0.0893075,0.0690849,0.142876,0.139385,0.128978,0.870805,0.692218,0.714866,0.155939,0,nan,9.78273,0.187853,-0.192464,0.111481,-0.212284,0.112222,1.51049,5,28.4374,31.1251,0.163585,0.84785,0.587028,0.810092,0.443404,0.029316,3.06442,arms_ik
l1,isaac,policy,1,/home/humanoid/Programs/Humanoid_Simulation/Locomanipulation_game/logs/skrl/locomanip_marl/paper1/checkpoints/agent_91200.pt,0,b047_d50_e00,47,0.5,0,0.152113,0.179927,-0.481039,0.324117,-0.316525,-0.348168,0.521361,1,0,0,0,nan,0.0894803,0.12567,0.688856,0,0,0,0,0.127544,0.096745,0.68403,0.124344,0.109908,0.423654,0.870375,0.686308,0.698283,0.172092,0,nan,10.4314,0.12944,0.10601,0.112857,0.09243,0.114291,1.12208,0,8.18674,14.6193,0.139981,0.570459,0.525797,0.359011,0.620037,0.0616617,2.41239,arms_ik
l1,isaac,policy,1,/home/humanoid/Programs/Humanoid_Simulation/Locomanipulation_game/logs/skrl/locomanip_marl/paper1/checkpoints/agent_91200.pt,0,b047_d60_e00,47,0.6,0,0.152113,0.179927,-0.581039,0.324117,-0.316525,-0.448168,0.421361,1,0,0,0,nan,0.160333,0.205919,0.743001,0,0,0,0,0.228512,0.223639,0.550477,0.223135,0.207125,0.456415,0.882262,0.668797,0.684127,0.198134,0,nan,12.7402,0.174881,-0.132239,0.0660667,-0.177124,0.0476657,1.14023,3,26.6096,20.9551,0.157167,0.785444,0.664798,0.524963,0.539495,0.0385981,4.55357,arms_ik
l1,isaac,policy,1,/home/humanoid/Programs/Humanoid_Simulation/Locomanipulation_game/logs/skrl/locomanip_marl/paper1/checkpoints/agent_91200.pt,0,b047_d70_e00,47,0.7,0,0.152113,0.179927,-0.681039,0.324117,-0.316525,-0.548168,0.321361,1,0,0,0,nan,0.226123,0.304284,0.715848,0,0,0,0,0.305386,0.184232,0.653593,0.114952,0.236561,0.420914,0.866758,0.687297,0.695408,0.171349,0,nan,12.2439,0.157743,-0.0568544,0.0941178,-0.0412528,0.0819497,1.12834,1,19.6378,12.4613,0.103378,0.663448,0.539029,0.405055,0.547465,0.0419765,3.77035,arms_ik
l1,isaac,policy,1,/home/humanoid/Programs/Humanoid_Simulation/Locomanipulation_game/logs/skrl/locomanip_marl/paper1/checkpoints/agent_91200.pt,0,b047_d80_e00,47,0.8,0,0.152113,0.179927,-0.781039,0.324117,-0.316525,-0.648168,0.221361,1,0,0,0,nan,0.31691,0.387202,0.671056,0,0,0,0,0.377891,0.258276,0.571961,0.158325,0.322913,0.410924,0.875423,0.663817,0.669498,0.205925,0,nan,12.5934,0.162061,0.0873992,0.102655,0.0794888,0.10563,1.04101,0,12.3117,19.2432,0.174274,0.657681,0.445,0.333982,0.573452,0.0482433,5.01998,arms_ik
l1,isaac,policy,1,/home/humanoid/Programs/Humanoid_Simulation/Locomanipulation_game/logs/skrl/locomanip_marl/paper1/checkpoints/agent_91200.pt,0,b047_d90_e00,47,0.9,0,0.152113,0.179927,-0.881039,0.324117,-0.316525,-0.748168,0.121361,1,0,0,0,nan,0.387071,0.466608,0.595733,0,0,0,0,0.458124,0.317367,0.639444,0.184317,0.391684,0.410941,0.882786,0.667661,0.672846,0.20994,0,nan,11.4769,0.161717,-0.114811,0.112951,-0.138977,0.112267,0.956188,1,5.40827,18.2749,0.179918,0.703197,0.646447,0.382794,0.721662,0.0425242,6.29418,arms_ik
l1,isaac,policy,1,/home/humanoid/Programs/Humanoid_Simulation/Locomanipulation_game/logs/skrl/locomanip_marl/paper1/checkpoints/agent_91200.pt,0,b047_d100_e00,47,1,0,0.152113,0.179927,-0.981039,0.324117,-0.316525,-0.848168,0.0213607,1,0,0,0,nan,0.489664,0.567061,0.648903,0,0,0,0,0.569715,0.427284,0.606148,0.205537,0.494583,0.446535,0.862047,0.664836,0.671404,0.190643,0,nan,12.9709,0.158247,-0.0967036,0.115301,-0.132212,0.110715,1.13916,1,11.4225,28.5982,0.245802,0.59271,0.476053,0.340476,0.618129,0.0316752,7.41425,arms_ik
l1,isaac,policy,1,/home/humanoid/Programs/Humanoid_Simulation/Locomanipulation_game/logs/skrl/locomanip_marl/paper1/checkpoints/agent_91200.pt,0,b048_d00_e00,48,0,0,0.392027,0.498184,0.65749,0.206317,-0.659991,0.649847,1.65225,0,0,0,0,nan,0.123192,0.210036,0.416918,0,0,0,0,0.132416,0.113968,0.280726,0.394228,0.139679,0.354274,0.869709,0.785971,0.833147,0.0365622,0,nan,5.50177,0.133679,-0.127334,0.129791,-0.135416,0.123421,1.36502,1,23.8842,13.9086,0.160285,0.507174,0.776479,0.306917,0.603122,0.0519597,2.41082,arms_ik
l1,isaac,policy,1,/home/humanoid/Programs/Humanoid_Simulation/Locomanipulation_game/logs/skrl/locomanip_marl/paper1/checkpoints/agent_91200.pt,0,b048_d10_e00,48,0.1,0,0.392027,0.498184,0.55749,0.206317,-0.659991,0.549847,1.55225,0,0,0,0,nan,0.0966898,0.174961,0.370657,0,0,0,0,0.149641,0.199626,0.308684,0.318706,0.122403,0.273177,0.866554,0.782861,0.81376,0.0527935,0,nan,6.17536,0.150187,-0.16843,0.117258,-0.224427,0.114981,1.0806,2,49.1589,48.594,0.446906,0.751332,0.822399,0.387925,0.533728,0.0709783,2.9805,arms_ik
l1,isaac,policy,1,/home/humanoid/Programs/Humanoid_Simulation/Locomanipulation_game/logs/skrl/locomanip_marl/paper1/checkpoints/agent_91200.pt,0,b048_d20_e00,48,0.2,0,0.392027,0.498184,0.45749,0.206317,-0.659991,0.449847,1.45225,0,0,0,0,nan,0.0700132,0.115575,0.25261,0,0,0,0,0.120062,0.138712,0.202406,0.233636,0.106987,0.245804,0.874631,0.767143,0.790837,0.0837941,0,nan,6.03452,0.156567,-0.216402,0.113942,-0.249431,0.115632,1.0945,4,30.6192,32.8886,0.344408,0.680564,0.852686,0.374,0.49594,0.0646924,3.38205,arms_ik
l1,isaac,policy,1,/home/humanoid/Programs/Humanoid_Simulation/Locomanipulation_game/logs/skrl/locomanip_marl/paper1/checkpoints/agent_91200.pt,0,b048_d30_e00,48,0.3,0,0.392027,0.498184,0.35749,0.206317,-0.659991,0.349847,1.35225,0,0,0,0,nan,0.0738074,0.150283,0.309028,0,0,0,0,0.156474,0.0288715,0.29668,0.0679467,0.109833,0.231904,0.864515,0.768673,0.781033,0.083482,0,nan,6.10125,0.143065,-0.148782,0.12397,-0.177439,0.122858,1.29144,1,26.4259,27.49,0.3104,0.630175,0.851407,0.377671,0.596659,0.0506528,1.75137,arms_ik
l1,isaac,policy,1,/home/humanoid/Programs/Humanoid_Simulation/Locomanipulation_game/logs/skrl/locomanip_marl/paper1/checkpoints/agent_91200.pt,0,b048_d40_e00,48,0.4,0,0.392027,0.498184,0.25749,0.206317,-0.659991,0.249847,1.25225,0,0,0,0,nan,0.104346,0.169661,0.359969,0,0,0,0,0.221389,0.203586,0.496332,0.394228,0.152468,0.31078,0.877494,0.751757,0.788139,0.0893552,0,nan,5.0763,0.147997,-0.104974,0.129772,-0.114675,0.126249,1.42615,1,31.4782,51.096,0.442099,0.874824,0.907772,0.415653,0.531159,0.0466816,2.1043,arms_ik
l1,isaac,policy,1,/home/humanoid/Programs/Humanoid_Simulation/Locomanipulation_game/logs/skrl/locomanip_marl/paper1/checkpoints/agent_91200.pt,0,b048_d50_e00,48,0.5,0,0.392027,0.498184,0.15749,0.206317,-0.659991,0.149847,1.15225,0,0,0,0,nan,0.0673161,0.133075,0.484584,0,0,0,0,0.136672,0.0546071,0.450631,0.127129,0.104203,0.30029,0.873811,0.749261,0.756355,0.117456,0,nan,5.33124,0.1447,-0.164095,0.121172,-0.18153,0.119458,1.06771,2,23.2779,10.0404,0.219478,0.856679,0.809973,0.379403,0.65793,0.0542053,2.67646,arms_ik
l1,isaac,policy,1,/home/humanoid/Programs/Humanoid_Simulation/Locomanipulation_game/logs/skrl/locomanip_marl/paper1/checkpoints/agent_91200.pt,0,b048_d60_e00,48,0.6,0,0.392027,0.498184,0.0574898,0.206317,-0.659991,0.0498471,1.05225,0,0,0,0,nan,0.0579963,0.115954,0.458193,0,0,0,0,0.108736,0.0493952,0.533632,0.127437,0.0863005,0.311139,0.847096,0.740385,0.751982,0.0951137,0,nan,4.61516,0.130269,0.098609,0.109827,0.0879547,0.106186,0.745176,0,19.9163,12.0631,0.199641,0.508782,0.579492,0.248427,0.709847,0.0552557,2.33528,arms_ik
l1,isaac,policy,1,/home/humanoid/Programs/Humanoid_Simulation/Locomanipulation_game/logs/skrl/locomanip_marl/paper1/checkpoints/agent_91200.pt,0,b048_d70_e00,48,0.7,0,0.392027,0.498184,-0.0425102,0.206317,-0.659991,-0.0501529,0.952247,0,0,0,0,nan,0.0622094,0.125625,0.693182,0,0,0,0,0.160803,0.0782522,0.623218,0.188576,0.132932,0.429303,0.872981,0.718957,0.730472,0.142509,0,nan,7.03683,0.147138,0.107404,0.132289,0.0956993,0.125846,0.768135,0,60.4184,29.4827,0.547263,0.604451,0.546774,0.363921,0.481868,0.0821111,4.72077,arms_ik
l1,isaac,policy,1,/home/humanoid/Programs/Humanoid_Simulation/Locomanipulation_game/logs/skrl/locomanip_marl/paper1/checkpoints/agent_91200.pt,0,b048_d80_e00,48,0.8,0,0.392027,0.498184,-0.14251,0.206317,-0.659991,-0.150153,0.852247,1,0,0,0,nan,0.0663848,0.107362,0.900124,0,0,0,0,0.151463,0.145956,0.966069,0.593086,0.113746,0.732685,0.865546,0.71406,0.721281,0.144265,0,nan,7.77042,0.131529,0.122239,0.131605,0.105015,0.127453,1.21227,0,50.2115,41.8219,0.533007,0.544705,0.628018,0.340723,0.604714,0.0612931,5.44552,arms_ik
l1,isaac,policy,1,/home/humanoid/Programs/Humanoid_Simulation/Locomanipulation_game/logs/skrl/locomanip_marl/paper1/checkpoints/agent_91200.pt,0,b048_d90_e00,48,0.9,0,0.392027,0.498184,-0.24251,0.206317,-0.659991,-0.250153,0.752247,1,0,0,0,nan,0.081025,0.125301,0.924979,0,0,0,0,0.108643,0.14101,0.906024,0.903807,0.109377,0.870663,0.871722,0.720296,0.727793,0.143929,0,nan,7.94471,0.151514,-0.100341,0.134042,-0.122719,0.128627,2.23629,0,43.8762,31.9,0.454276,0.603796,0.454399,0.459297,0.439132,0.062524,5.37734,arms_ik
l1,isaac,policy,1,/home/humanoid/Programs/Humanoid_Simulation/Locomanipulation_game/logs/skrl/locomanip_marl/paper1/checkpoints/agent_91200.pt,0,b048_d100_e00,48,1,0,0.392027,0.498184,-0.34251,0.206317,-0.659991,-0.350153,0.652247,1,0,0,0,nan,0.133611,0.168698,1.04549,0,0,0,0,0.179743,0.137791,1.05525,0.92862,0.16216,1.00379,0.852958,0.719271,0.729222,0.123736,0,nan,8.42468,0.177177,0.115083,0.125379,0.0842247,0.123436,1.26052,0,50.1575,38.285,0.494283,0.471831,0.601274,0.437418,0.507506,0.0670559,6.38914,arms_ik
l1,isaac,policy,1,/home/humanoid/Programs/Humanoid_Simulation/Locomanipulation_game/logs/skrl/locomanip_marl/paper1/checkpoints/agent_91200.pt,0,b049_d00_e00,49,0,0,0.304574,0.454202,0.0607214,0.203067,-0.253309,0.116768,1.06312,0,0,0,1,nan,0.0346137,0.0676859,0.173562,0,0,1,1,0.0747881,0.0428033,0.170156,0.0855839,0.0485744,0.145054,0.850346,0.767016,0.790505,0.0598405,0,nan,3.89882,0.137442,0.0994985,0.117849,0.0868293,0.111858,1.61339,0,5.87726,6.07098,0.0585626,0.490133,0.676531,0.259865,0.493606,0.0236166,0.173152,arms_ik
l1,isaac,policy,1,/home/humanoid/Programs/Humanoid_Simulation/Locomanipulation_game/logs/skrl/locomanip_marl/paper1/checkpoints/agent_91200.pt,0,b049_d10_e00,49,0.1,0,0.304574,0.454202,-0.0392786,0.203067,-0.253309,0.0167678,0.963121,0,1,1,1,2.78,0.0242953,0.048321,0.149987,0,0,1,1,0.0524939,0.051806,0.156786,0.111187,0.0458047,0.119281,0.862423,0.758202,0.765549,0.0968745,0,nan,7.08689,0.138926,-0.0739525,0.105911,-0.0783071,0.104791,0.710244,1,7.49277,4.63539,0.0884104,0.75467,0.441485,0.270124,0.550319,0.0285318,0.246223,arms_ik
l1,isaac,policy,1,/home/humanoid/Programs/Humanoid_Simulation/Locomanipulation_game/logs/skrl/locomanip_marl/paper1/checkpoints/agent_91200.pt,0,b049_d20_e00,49,0.2,0,0.304574,0.454202,-0.139279,0.203067,-0.253309,-0.0832322,0.863121,1,0,0,0,nan,0.0424807,0.0815378,0.184189,0,0,0,1,0.0727635,0.0551224,0.159384,0.110521,0.0594018,0.131937,0.860325,0.732331,0.740545,0.11978,0,nan,4.6621,0.135504,0.100179,0.134046,0.0877905,0.131973,1.26703,0,12.4143,5.25577,0.129012,0.544544,0.69542,0.306318,0.426148,0.0307423,2.25152,arms_ik
l1,isaac,policy,1,/home/humanoid/Programs/Humanoid_Simulation/Locomanipulation_game/logs/skrl/locomanip_marl/paper1/checkpoints/agent_91200.pt,0,b049_d30_e00,49,0.3,0,0.304574,0.454202,-0.239279,0.203067,-0.253309,-0.183232,0.763121,1,0,0,0,nan,0.0510146,0.0728956,0.128556,0,0,1,1,0.0631791,0.0777414,0.120364,0.103447,0.0682295,0.119094,0.874837,0.730042,0.735394,0.139443,0,nan,4.35792,0.138722,-0.132669,0.116008,-0.123101,0.115842,0.650845,0,12.8567,6.8909,0.101196,0.546835,0.46537,0.382831,0.568457,0.0417318,2.28542,arms_ik
l1,isaac,policy,1,/home/humanoid/Programs/Humanoid_Simulation/Locomanipulation_game/logs/skrl/locomanip_marl/paper1/checkpoints/agent_91200.pt,0,b049_d40_e00,49,0.4,0,0.304574,0.454202,-0.339279,0.203067,-0.253309,-0.283232,0.663121,1,0,0,0,nan,0.0409651,0.0818287,0.135678,0,0,0,1,0.0827579,0.0743237,0.107928,0.0980905,0.0724463,0.10792,0.855997,0.709852,0.715048,0.140949,0,nan,7.32854,0.141983,0.110723,0.122346,0.0954234,0.121956,1.3229,0,9.4198,6.31839,0.0925374,0.49933,0.492245,0.297987,0.491801,0.0392028,4.15961,arms_ik
l1,isaac,policy,1,/home/humanoid/Programs/Humanoid_Simulation/Locomanipulation_game/logs/skrl/locomanip_marl/paper1/checkpoints/agent_91200.pt,0,b049_d50_e00,49,0.5,0,0.304574,0.454202,-0.439279,0.203067,-0.253309,-0.383232,0.563121,1,0,0,1,nan,0.0747655,0.136834,0.15734,0,0,0,0,0.135571,0.0680389,0.16323,0.131172,0.0973766,0.130288,0.879165,0.709863,0.717164,0.162,0,nan,6.19826,0.149345,-0.107346,0.130763,-0.128314,0.128194,1.12065,0,11.8371,4.97566,0.111364,0.614544,0.405273,0.403308,0.483477,0.0459531,4.09363,arms_ik
l1,isaac,policy,1,/home/humanoid/Programs/Humanoid_Simulation/Locomanipulation_game/logs/skrl/locomanip_marl/paper1/checkpoints/agent_91200.pt,0,b049_d60_e00,49,0.6,0,0.304574,0.454202,-0.539279,0.203067,-0.253309,-0.483232,0.463121,1,0,0,0,nan,0.158708,0.247372,0.270253,0,0,0,0,0.257176,0.100013,0.217723,0.315933,0.172886,0.241716,0.811237,0.677493,0.688051,0.123186,0,nan,8.62933,0.14608,-0.149662,0.118423,-0.167542,0.120587,1.87766,0,25.7188,7.58488,0.224237,0.581115,0.803641,0.465665,0.485969,0.0423616,5.75852,arms_ik
l1,isaac,policy,1,/home/humanoid/Programs/Humanoid_Simulation/Locomanipulation_game/logs/skrl/locomanip_marl/paper1/checkpoints/agent_91200.pt,0,b049_d70_e00,49,0.7,0,0.304574,0.454202,-0.639279,0.203067,-0.253309,-0.583232,0.363121,1,0,0,0,nan,0.228566,0.3236,0.246268,0,0,0,0,0.336049,0.155533,0.216682,0.153243,0.237523,0.169711,0.860296,0.682023,0.688434,0.171862,0,nan,8.52687,0.149329,0.100949,0.116818,0.0894036,0.114843,1.71113,0,33.1767,5.97954,0.241524,0.581078,0.508273,0.313721,0.523723,0.039751,6.0248,arms_ik
l1,isaac,policy,1,/home/humanoid/Programs/Humanoid_Simulation/Locomanipulation_game/logs/skrl/locomanip_marl/paper1/checkpoints/agent_91200.pt,0,b049_d80_e00,49,0.8,0,0.304574,0.454202,-0.739279,0.203067,-0.253309,-0.683232,0.263121,1,0,0,0,nan,0.315852,0.391065,0.268227,0,0,0,0,0.412147,0.245749,0.325849,0.247472,0.322017,0.239327,0.869704,0.68458,0.691211,0.178493,0,nan,9.16077,0.17578,-0.0934557,0.117262,-0.0994735,0.113675,0.919269,0,33.1481,5.70502,0.247463,0.63045,0.492114,0.420152,0.519893,0.0542076,6.0323,arms_ik
l1,isaac,policy,1,/home/humanoid/Programs/Humanoid_Simulation/Locomanipulation_game/logs/skrl/locomanip_marl/paper1/checkpoints/agent_91200.pt,0,b049_d90_e00,49,0.9,0,0.304574,0.454202,-0.839279,0.203067,-0.253309,-0.783232,0.163121,1,0,0,0,nan,0.404084,0.488416,0.294388,0,0,0,0,0.476718,0.347147,0.347746,0.207976,0.414081,0.23253,0.876356,0.676299,0.687077,0.189279,0,nan,10.5079,0.176912,0.0994693,0.110674,0.0892029,0.112021,1.68009,0,39.5483,8.89713,0.255479,0.621088,0.537407,0.367475,0.522221,0.0573829,7.12036,arms_ik
l1,isaac,policy,1,/home/humanoid/Programs/Humanoid_Simulation/Locomanipulation_game/logs/skrl/locomanip_marl/paper1/checkpoints/agent_91200.pt,0,b049_d100_e00,49,1,0,0.304574,0.454202,-0.939279,0.203067,-0.253309,-0.883232,0.0631214,1,0,0,0,nan,0.498113,0.580079,0.326929,0,0,0,0,0.576127,0.438855,0.292426,0.194891,0.506319,0.232756,0.864335,0.663292,0.669959,0.194377,0,nan,10.2853,0.180877,-0.159276,0.125304,-0.171632,0.122492,1.95837,2,38.4433,3.90762,0.286773,0.786075,0.509079,0.489046,0.563488,0.0525539,8.70438,arms_ik
l1,isaac,policy,1,/home/humanoid/Programs/Humanoid_Simulation/Locomanipulation_game/logs/skrl/locomanip_marl/paper1/checkpoints/agent_91200.pt,0,b050_d00_e00,50,0,0,0.504096,0.399894,0.285144,0.408618,-0.472562,0.192536,1.19494,0,0,0,0,nan,0.0719984,0.162571,0.338451,0,0,0,0,0.172348,0.120428,0.306348,0.202397,0.123211,0.228963,0.855877,0.761987,0.782082,0.0737958,0,nan,5.70459,0.160562,-0.0930704,0.124957,-0.12308,0.122145,1.11057,0,36.3954,20.9344,0.28705,0.549649,0.887798,0.467388,0.54829,0.0318573,0.358148,arms_ik
l1,isaac,policy,1,/home/humanoid/Programs/Humanoid_Simulation/Locomanipulation_game/logs/skrl/locomanip_marl/paper1/checkpoints/agent_91200.pt,0,b050_d10_e00,50,0.1,0,0.504096,0.399894,0.185144,0.408618,-0.472562,0.0925357,1.09494,0,0,0,0,nan,0.080525,0.159209,0.309156,0,0,0,0,0.163672,0.103965,0.287623,0.161237,0.112932,0.198868,0.868913,0.754307,0.76012,0.108792,0,nan,5.83003,0.158667,0.106865,0.128325,0.092557,0.129101,1.18729,0,28.7254,23.2667,0.297618,0.526271,0.851377,0.289908,0.578075,0.0327839,0.254437,arms_ik
l1,isaac,policy,1,/home/humanoid/Programs/Humanoid_Simulation/Locomanipulation_game/logs/skrl/locomanip_marl/paper1/checkpoints/agent_91200.pt,0,b050_d20_e00,50,0.2,0,0.504096,0.399894,0.0851438,0.408618,-0.472562,-0.00746435,0.994936,0,0,0,0,nan,0.0678085,0.128715,0.248253,0,0,0,0,0.13105,0.0654261,0.218759,0.0992189,0.092056,0.165732,0.873343,0.741664,0.750592,0.122751,0,nan,5.08462,0.122425,0.106388,0.116477,0.069532,0.119182,1.26351,0,27.5803,16.0109,0.208366,0.465419,0.817287,0.279947,0.510455,0.028649,1.7267,arms_ik
l1,isaac,policy,1,/home/humanoid/Programs/Humanoid_Simulation/Locomanipulation_game/logs/skrl/locomanip_marl/paper1/checkpoints/agent_91200.pt,0,b050_d30_e00,50,0.3,0,0.504096,0.399894,-0.0148562,0.408618,-0.472562,-0.107464,0.894936,0,0,0,0,nan,0.0767735,0.12061,0.216803,0,0,0,0,0.107238,0.124792,0.221198,0.104188,0.117124,0.17412,0.855739,0.726525,0.737489,0.11825,0,nan,8.05163,0.143266,-0.0811077,0.128495,-0.0968288,0.124716,0.957787,1,25.526,46.4027,0.426594,0.517458,0.487871,0.34143,0.490971,0.0703358,5.83081,arms_ik
l1,isaac,policy,1,/home/humanoid/Programs/Humanoid_Simulation/Locomanipulation_game/logs/skrl/locomanip_marl/paper1/checkpoints/agent_91200.pt,0,b050_d40_e00,50,0.4,0,0.504096,0.399894,-0.114856,0.408618,-0.472562,-0.207464,0.794936,1,0,0,0,nan,0.0708982,0.120411,0.215268,0,0,0,0,0.124789,0.131359,0.200556,0.180053,0.107123,0.170378,0.867152,0.723285,0.730374,0.136778,0,nan,8.06543,0.1254,-0.0988076,0.128051,-0.121197,0.125194,0.88599,0,19.3315,18.5231,0.208065,0.547967,0.52194,0.285662,0.408305,0.0621502,4.44196,arms_ik
l1,isaac,policy,1,/home/humanoid/Programs/Humanoid_Simulation/Locomanipulation_game/logs/skrl/locomanip_marl/paper1/checkpoints/agent_91200.pt,0,b050_d50_e00,50,0.5,0,0.504096,0.399894,-0.214856,0.408618,-0.472562,-0.307464,0.694936,1,0,0,0,nan,0.102544,0.144977,0.239431,0,0,0,0,0.088695,0.159825,0.110221,0.233561,0.129417,0.212722,0.894305,0.710289,0.715795,0.17851,0,nan,6.80949,0.123991,-0.102474,0.12631,-0.127835,0.128315,1.05944,1,26.7426,25.913,0.289132,0.507974,0.476102,0.414415,0.498814,0.0678091,4.55558,arms_ik
l1,isaac,policy,1,/home/humanoid/Programs/Humanoid_Simulation/Locomanipulation_game/logs/skrl/locomanip_marl/paper1/checkpoints/agent_91200.pt,0,b050_d60_e00,50,0.6,0,0.504096,0.399894,-0.314856,0.408618,-0.472562,-0.407464,0.594936,1,0,0,0,nan,0.164501,0.20365,0.306746,0,0,0,0,0.159622,0.203842,0.138832,0.300832,0.17812,0.228898,0.864367,0.713497,0.717405,0.146962,0,nan,7.72547,0.129577,0.10621,0.126839,0.0808429,0.127911,1.46097,0,19.9286,18.7291,0.240579,0.50688,0.607056,0.321089,0.464905,0.0663988,5.64987,arms_ik
l1,isaac,policy,1,/home/humanoid/Programs/Humanoid_Simulation/Locomanipulation_game/logs/skrl/locomanip_marl/paper1/checkpoints/agent_91200.pt,0,b050_d70_e00,50,0.7,0,0.504096,0.399894,-0.414856,0.408618,-0.472562,-0.507464,0.494936,1,0,0,0,nan,0.214914,0.255215,0.449138,0,0,0,0,0.185389,0.260436,0.164058,0.415618,0.231441,0.287416,0.882758,0.709039,0.713858,0.1689,0,nan,8.17453,0.135934,0.109099,0.120876,0.0972487,0.119067,0.915166,0,24.907,37.1807,0.363091,0.623976,0.619822,0.31819,0.531506,0.0637204,6.0399,arms_ik
l1,isaac,policy,1,/home/humanoid/Programs/Humanoid_Simulation/Locomanipulation_game/logs/skrl/locomanip_marl/paper1/checkpoints/agent_91200.pt,0,b050_d80_e00,50,0.8,0,0.504096,0.399894,-0.514856,0.408618,-0.472562,-0.607464,0.394936,1,0,0,0,nan,0.309449,0.323094,0.482132,0,0,0,0,0.322277,0.304811,0.182552,0.36411,0.316458,0.31005,0.871436,0.700492,0.706711,0.164724,0,nan,7.44502,0.154726,-0.151452,0.129806,-0.157151,0.127525,0.594528,2,22.8339,28.5707,0.306761,0.714646,0.662574,0.552631,0.575085,0.0509746,5.16886,arms_ik
l1,isaac,policy,1,/home/humanoid/Programs/Humanoid_Simulation/Locomanipulation_game/logs/skrl/locomanip_marl/paper1/checkpoints/agent_91200.pt,0,b050_d90_e00,50,0.9,0,0.504096,0.399894,-0.614856,0.408618,-0.472562,-0.707464,0.294936,1,0,0,0,nan,0.366391,0.399968,0.486614,0,0,0,0,0.371454,0.409645,0.259649,0.563677,0.379778,0.334548,0.860375,0.695502,0.699134,0.16124,0,nan,8.10491,0.137353,0.106155,0.132203,0.0917491,0.128738,0.99277,0,27.0862,53.0408,0.361859,0.520327,0.469666,0.372433,0.545552,0.061012,6.52297,arms_ik
l1,isaac,policy,1,/home/humanoid/Programs/Humanoid_Simulation/Locomanipulation_game/logs/skrl/locomanip_marl/paper1/checkpoints/agent_91200.pt,0,b050_d100_e00,50,1,0,0.504096,0.399894,-0.714856,0.408618,-0.472562,-0.807464,0.194936,1,0,0,0,nan,0.441712,0.487597,0.569421,0,0,0,0,0.415865,0.486218,0.283544,0.53997,0.452049,0.380385,0.89423,0.686767,0.692251,0.201979,0,nan,10.5771,0.157232,-0.132735,0.125905,-0.160681,0.124563,1.57317,1,37.1153,39.263,0.398976,0.540843,0.416401,0.289755,0.580156,0.0588377,7.8082,arms_ik
l1,isaac,policy,1,/home/humanoid/Programs/Humanoid_Simulation/Locomanipulation_game/logs/skrl/locomanip_marl/paper1/checkpoints/agent_91200.pt,0,b051_d00_e00,51,0,0,0.360628,0.0493353,0.482668,0.490345,0.0206634,0.413815,1.41621,0,0,0,0,nan,0.17988,0.309052,0.827045,0,0,0,0,0.0646145,0.304436,0.145646,0.798374,0.201612,0.533393,0.872074,0.773238,0.784712,0.0873621,0,nan,5.63999,0.183232,-0.104941,0.120288,-0.0994109,0.115199,0.863393,0,20.1902,18.4111,0.157911,0.558615,0.856021,0.404117,0.700213,0.0367671,-0.311601,arms_ik
l1,isaac,policy,1,/home/humanoid/Programs/Humanoid_Simulation/Locomanipulation_game/logs/skrl/locomanip_marl/paper1/checkpoints/agent_91200.pt,0,b051_d10_e00,51,0.1,0,0.360628,0.0493353,0.382668,0.490345,0.0206634,0.313815,1.31621,0,0,0,0,nan,0.141573,0.254148,0.577047,0,0,0,0,0.0678919,0.224031,0.138053,0.541647,0.14922,0.331249,0.866203,0.762058,0.785334,0.080869,0,nan,6.69308,0.206947,-0.127363,0.1201,-0.127148,0.11748,0.83585,0,15.7567,18.1109,0.273788,0.521627,0.808316,0.370097,0.491515,0.0343561,-0.893592,arms_ik
l1,isaac,policy,1,/home/humanoid/Programs/Humanoid_Simulation/Locomanipulation_game/logs/skrl/locomanip_marl/paper1/checkpoints/agent_91200.pt,0,b051_d20_e00,51,0.2,0,0.360628,0.0493353,0.282668,0.490345,0.0206634,0.213815,1.21621,0,0,0,0,nan,0.253735,0.288207,0.790932,0,0,0,0,0.250702,0.269524,0.731332,0.634151,0.266627,0.687659,0.868293,0.74474,0.760101,0.108192,0,nan,6.10082,0.148507,-0.108235,0.121253,-0.121501,0.118449,1.183,1,14.849,14.756,0.110069,0.485358,0.845023,0.377961,0.681655,0.0285352,0.355895,arms_ik
l1,isaac,policy,1,/home/humanoid/Programs/Humanoid_Simulation/Locomanipulation_game/logs/skrl/locomanip_marl/paper1/checkpoints/agent_91200.pt,0,b051_d30_e00,51,0.3,0,0.360628,0.0493353,0.182668,0.490345,0.0206634,0.113815,1.11621,0,0,0,0,nan,0.0898684,0.170111,0.344821,0,0,0,0,0.0675573,0.158745,0.0571448,0.317563,0.118787,0.201381,0.868338,0.735697,0.746941,0.121398,0,nan,5.31333,0.134399,-0.109701,0.12571,-0.141078,0.122927,0.928676,0,10.2173,13.9368,0.184026,0.589647,0.548241,0.345756,0.675017,0.0506645,0.394684,arms_ik
l1,isaac,policy,1,/home/humanoid/Programs/Humanoid_Simulation/Locomanipulation_game/logs/skrl/locomanip_marl/paper1/checkpoints/agent_91200.pt,0,b051_d40_e00,51,0.4,0,0.360628,0.0493353,0.0826678,0.490345,0.0206634,0.0138148,1.01621,0,0,1,0,nan,0.1272,0.283129,0.585899,0,0,0,0,0.0559374,0.287374,0.0900297,0.574604,0.162658,0.332329,0.874893,0.723031,0.733756,0.141136,0,nan,4.36088,0.15769,-0.119291,0.12915,-0.128486,0.127181,1.05769,0,9.37694,12.6744,0.132284,0.655753,0.574437,0.417203,0.663115,0.043738,2.03892,arms_ik
l1,isaac,policy,1,/home/humanoid/Programs/Humanoid_Simulation/Locomanipulation_game/logs/skrl/locomanip_marl/paper1/checkpoints/agent_91200.pt,0,b051_d50_e00,51,0.5,0,0.360628,0.0493353,-0.0173322,0.490345,0.0206634,-0.0861852,0.916215,0,0,0,0,nan,0.0968299,0.170381,0.38754,0,0,0,0,0.075456,0.169657,0.0470802,0.332335,0.112174,0.193843,0.874004,0.707729,0.717405,0.156598,0,nan,6.83632,0.160983,-0.121716,0.129006,-0.114686,0.127334,1.27901,1,10.4934,13.2724,0.150574,0.687676,0.737881,0.368227,0.634285,0.0615162,3.31134,arms_ik
l1,isaac,policy,1,/home/humanoid/Programs/Humanoid_Simulation/Locomanipulation_game/logs/skrl/locomanip_marl/paper1/checkpoints/agent_91200.pt,0,b051_d60_e00,51,0.6,0,0.360628,0.0493353,-0.117332,0.490345,0.0206634,-0.186185,0.816215,1,0,0,0,nan,0.138112,0.226539,0.474489,0,0,0,0,0.114753,0.237498,0.307464,0.431882,0.168793,0.378292,0.856335,0.70385,0.712532,0.143804,0,nan,6.34553,0.148217,-0.0879352,0.131005,-0.0862435,0.128142,1.89396,0,6.17452,7.30834,0.0638999,0.623653,0.579097,0.409574,0.656675,0.0608404,3.76048,arms_ik
l1,isaac,policy,1,/home/humanoid/Programs/Humanoid_Simulation/Locomanipulation_game/logs/skrl/locomanip_marl/paper1/checkpoints/agent_91200.pt,0,b051_d70_e00,51,0.7,0,0.360628,0.0493353,-0.217332,0.490345,0.0206634,-0.286185,0.716215,1,0,0,0,nan,0.120855,0.23874,0.404716,0,0,0,0,0.0807658,0.25308,0.158027,0.436155,0.153366,0.281725,0.866121,0.706991,0.71486,0.151261,0,nan,5.78619,0.157419,-0.159016,0.131151,-0.164958,0.12896,0.755531,0,9.25126,10.3847,0.0953321,0.54951,0.459591,0.311451,0.720793,0.0664572,3.57817,arms_ik
l1,isaac,policy,1,/home/humanoid/Programs/Humanoid_Simulation/Locomanipulation_game/logs/skrl/locomanip_marl/paper1/checkpoints/agent_91200.pt,0,b051_d80_e00,51,0.8,0,0.360628,0.0493353,-0.317332,0.490345,0.0206634,-0.386185,0.616215,1,0,0,0,nan,0.114062,0.171996,0.324743,0,0,0,0,0.123481,0.18634,0.0478939,0.285297,0.149861,0.1817,0.833593,0.685522,0.695826,0.137767,0,nan,8.43232,0.154437,-0.0892377,0.129661,-0.112464,0.125634,1.61912,0,9.20012,9.17179,0.0839469,0.691733,0.481952,0.31501,0.567199,0.091431,5.58887,arms_ik
l1,isaac,policy,1,/home/humanoid/Programs/Humanoid_Simulation/Locomanipulation_game/logs/skrl/locomanip_marl/paper1/checkpoints/agent_91200.pt,0,b051_d90_e00,51,0.9,0,0.360628,0.0493353,-0.417332,0.490345,0.0206634,-0.486185,0.516215,1,0,0,0,nan,0.15102,0.211114,0.446636,0,0,0,0,0.108547,0.205444,0.00879563,0.429937,0.160153,0.224561,0.867723,0.678065,0.68425,0.183473,0,nan,10.1747,0.169836,-0.0965557,0.12819,-0.102047,0.125504,0.980876,3,8.42771,9.48626,0.122475,0.704616,0.379748,0.310773,0.487374,0.0421,7.75335,arms_ik
l1,isaac,policy,1,/home/humanoid/Programs/Humanoid_Simulation/Locomanipulation_game/logs/skrl/locomanip_marl/paper1/checkpoints/agent_91200.pt,0,b051_d100_e00,51,1,0,0.360628,0.0493353,-0.517332,0.490345,0.0206634,-0.586185,0.416215,1,0,0,0,nan,0.221463,0.293037,0.486193,0,0,0,0,0.163632,0.299251,0.0345047,0.491305,0.228554,0.264294,0.868442,0.677681,0.68251,0.185932,0,nan,10.3449,0.16022,-0.204403,0.124406,-0.219266,0.124431,1.66513,1,3.85992,17.1191,0.121635,0.678729,0.583887,0.563453,0.554888,0.0376549,8.65467,arms_ik
l1,isaac,policy,1,/home/humanoid/Programs/Humanoid_Simulation/Locomanipulation_game/logs/skrl/locomanip_marl/paper1/checkpoints/agent_91200.pt,0,b052_d00_e00,52,0,0,0.15735,0.707194,0.612383,0.406853,-0.0108723,0.444218,1.44662,0,0,0,0,nan,0.244517,0.421078,1.01054,0,0,0,0,0.137981,0.392601,0.13832,0.912871,0.261473,0.530335,0.867466,0.771455,0.789885,0.0775807,0,nan,4.28127,0.184509,-0.174435,0.121417,-0.190936,0.113792,1.46759,3,42.8451,27.3081,0.397156,0.793706,0.83177,0.749133,0.503225,0.0356762,-0.930772,arms_ik
l1,isaac,policy,1,/home/humanoid/Programs/Humanoid_Simulation/Locomanipulation_game/logs/skrl/locomanip_marl/paper1/checkpoints/agent_91200.pt,0,b052_d10_e00,52,0.1,0,0.15735,0.707194,0.512383,0.406853,-0.0108723,0.344218,1.34662,0,0,0,0,nan,0.179629,0.341627,0.682518,0,0,0,0,0.0874863,0.335223,0.194807,0.625349,0.200406,0.365044,0.877326,0.766556,0.778063,0.0992627,0,nan,5.20929,0.174139,-0.240288,0.117919,-0.26818,0.116726,0.825044,5,39.6113,20.8305,0.33015,0.860092,0.558284,0.496502,0.486693,0.0445106,-0.890891,arms_ik
l1,isaac,policy,1,/home/humanoid/Programs/Humanoid_Simulation/Locomanipulation_game/logs/skrl/locomanip_marl/paper1/checkpoints/agent_91200.pt,0,b052_d20_e00,52,0.2,0,0.15735,0.707194,0.412383,0.406853,-0.0108723,0.244218,1.24662,0,0,0,0,nan,0.237919,0.434465,0.696669,0,0,0,0,0.110371,0.446594,0.193531,0.75659,0.247627,0.396859,0.858011,0.749028,0.771466,0.086545,0,nan,5.77795,0.213067,-0.243471,0.12708,-0.288813,0.123308,1.86555,7,15.6143,18.2271,0.172016,0.901586,0.727265,0.756981,0.544715,0.0560741,2.45285,arms_ik
l1,isaac,policy,1,/home/humanoid/Programs/Humanoid_Simulation/Locomanipulation_game/logs/skrl/locomanip_marl/paper1/checkpoints/agent_91200.pt,0,b052_d30_e00,52,0.3,0,0.15735,0.707194,0.312383,0.406853,-0.0108723,0.144218,1.14662,0,0,0,0,nan,0.131681,0.321755,0.567983,0,0,0,0,0.0801499,0.290512,0.176273,0.470425,0.200774,0.357004,0.871075,0.73996,0.754888,0.116188,0,nan,5.44845,0.194672,-0.245815,0.132452,-0.306863,0.126883,1.7016,6,25.272,27.7768,0.316172,0.848395,0.853469,0.683032,0.587828,0.0434657,0.640316,arms_ik
l1,isaac,policy,1,/home/humanoid/Programs/Humanoid_Simulation/Locomanipulation_game/logs/skrl/locomanip_marl/paper1/checkpoints/agent_91200.pt,0,b052_d40_e00,52,0.4,0,0.15735,0.707194,0.212383,0.406853,-0.0108723,0.0442178,1.04662,0,0,0,0,nan,0.0955937,0.164466,0.27435,0,0,0,0,0.157362,0.0644671,0.276653,0.134278,0.121519,0.201918,0.876694,0.739801,0.748297,0.128397,0,nan,5.65191,0.166182,-0.214397,0.116555,-0.242117,0.115041,0.619147,2,20.3276,17.8443,0.189057,0.843167,0.587007,0.505622,0.614914,0.0380304,1.03964,arms_ik
l1,isaac,policy,1,/home/humanoid/Programs/Humanoid_Simulation/Locomanipulation_game/logs/skrl/locomanip_marl/paper1/checkpoints/agent_91200.pt,0,b052_d50_e00,52,0.5,0,0.15735,0.707194,0.112383,0.406853,-0.0108723,-0.0557822,0.946618,0,0,0,0,nan,0.0869698,0.128567,0.246927,0,0,0,0,0.117276,0.117498,0.245733,0.188964,0.103378,0.197199,0.850102,0.717629,0.735915,0.114187,0,nan,6.39203,0.16775,-0.225792,0.12504,-0.235573,0.1146,1.49957,4,20.1921,21.1521,0.244137,0.841961,0.844494,0.455608,0.510154,0.0494265,0.750344,arms_ik
l1,isaac,policy,1,/home/humanoid/Programs/Humanoid_Simulation/Locomanipulation_game/logs/skrl/locomanip_marl/paper1/checkpoints/agent_91200.pt,0,b052_d60_e00,52,0.6,0,0.15735,0.707194,0.0123832,0.406853,-0.0108723,-0.155782,0.846618,1,0,0,0,nan,0.0845344,0.140757,0.256928,0,0,0,0,0.151938,0.1006,0.28758,0.210128,0.116498,0.227305,0.873373,0.679465,0.688489,0.184883,0,nan,10.382,0.197174,-0.226874,0.127328,-0.273962,0.123169,1.97621,3,36.4142,21.3768,0.227052,0.741592,0.669756,0.536466,0.436344,0.0476623,7.48798,arms_ik
l1,isaac,policy,1,/home/humanoid/Programs/Humanoid_Simulation/Locomanipulation_game/logs/skrl/locomanip_marl/paper1/checkpoints/agent_91200.pt,0,b052_d70_e00,52,0.7,0,0.15735,0.707194,-0.0876168,0.406853,-0.0108723,-0.255782,0.746618,1,0,0,0,nan,0.067407,0.138144,0.403924,0,0,0,0,0.140756,0.111895,0.333522,0.329345,0.116757,0.322342,0.856518,0.681514,0.690402,0.166115,0,nan,9.00401,0.182335,-0.191369,0.129375,-0.237491,0.127204,1.96415,4,19.3649,15.0517,0.188091,0.835689,0.416687,0.594194,0.414299,0.0610557,7.23189,arms_ik
l1,isaac,policy,1,/home/humanoid/Programs/Humanoid_Simulation/Locomanipulation_game/logs/skrl/locomanip_marl/paper1/checkpoints/agent_91200.pt,0,b052_d80_e00,52,0.8,0,0.15735,0.707194,-0.187617,0.406853,-0.0108723,-0.355782,0.646618,1,0,0,0,nan,0.095185,0.144644,0.573298,0,0,0,0,0.151469,0.158118,0.32289,0.565097,0.141612,0.462474,0.85977,0.703282,0.710713,0.149057,0,nan,8.93226,0.173361,-0.19205,0.12756,-0.188822,0.125698,1.56087,1,13.0977,13.0852,0.154183,0.842007,0.424869,0.443938,0.436386,0.0740909,6.17873,arms_ik
l1,isaac,policy,1,/home/humanoid/Programs/Humanoid_Simulation/Locomanipulation_game/logs/skrl/locomanip_marl/paper1/checkpoints/agent_91200.pt,0,b052_d90_e00,52,0.9,0,0.15735,0.707194,-0.287617,0.406853,-0.0108723,-0.455782,0.546618,1,0,0,0,nan,0.154457,0.194132,0.61923,0,0,0,0,0.205371,0.198493,0.38161,0.598549,0.202488,0.518794,0.868629,0.683171,0.69706,0.171569,0,nan,9.41837,0.248474,-0.110575,0.126416,-0.0909236,0.122821,1.00963,0,12.1031,13.8179,0.15608,0.675946,0.374853,0.447608,0.506888,0.0800099,6.61421,arms_ik
l1,isaac,policy,1,/home/humanoid/Programs/Humanoid_Simulation/Locomanipulation_game/logs/skrl/locomanip_marl/paper1/checkpoints/agent_91200.pt,0,b052_d100_e00,52,1,0,0.15735,0.707194,-0.387617,0.406853,-0.0108723,-0.555782,0.446618,1,0,0,0,nan,0.224752,0.262411,0.774013,0,0,0,0,0.25359,0.279287,0.374308,0.729916,0.255217,0.560011,0.865932,0.689279,0.698763,0.16717,0,nan,9.81007,0.234651,-0.144114,0.126565,-0.134996,0.125321,1.31047,0,13.3627,31.5188,0.249868,0.848505,0.492134,0.359398,0.522671,0.0824923,7.32832,arms_ik
l1,isaac,policy,1,/home/humanoid/Programs/Humanoid_Simulation/Locomanipulation_game/logs/skrl/locomanip_marl/paper1/checkpoints/agent_91200.pt,0,b053_d00_e00,53,0,0,0.233957,0.158444,0.299176,0.360442,-0.0180849,0.57161,1.30158,0,0,0,0,nan,0.244583,0.483603,1.14529,0,0,0,0,0.058751,0.447164,0.130944,1.09686,0.258866,0.610831,0.874921,0.77947,0.787097,0.0878233,0,nan,5.85498,0.205242,-0.202005,0.119191,-0.247238,0.115179,1.00346,5,19.6551,42.8542,0.433637,0.80832,0.79258,0.697032,0.790053,0.0167424,-1.08695,arms_ik
l1,isaac,policy,1,/home/humanoid/Programs/Humanoid_Simulation/Locomanipulation_game/logs/skrl/locomanip_marl/paper1/checkpoints/agent_91200.pt,0,b053_d10_e00,53,0.1,0,0.233957,0.158444,0.199176,0.360442,-0.0180849,0.47161,1.20158,0,0,1,0,nan,0.190085,0.382522,0.58687,0,0,0,0,0.0352024,0.38651,0.102627,0.615476,0.20199,0.337176,0.858544,0.753621,0.769226,0.0893183,0,nan,5.82514,0.166366,-0.174084,0.12321,-0.194616,0.11625,1.01317,6,8.56563,16.975,0.159694,0.772827,0.704417,0.67881,0.544716,0.0240096,-1.55704,arms_ik
l1,isaac,policy,1,/home/humanoid/Programs/Humanoid_Simulation/Locomanipulation_game/logs/skrl/locomanip_marl/paper1/checkpoints/agent_91200.pt,0,b053_d20_e00,53,0.2,0,0.233957,0.158444,0.0991762,0.360442,-0.0180849,0.37161,1.10158,0,0,1,0,nan,0.0991692,0.200396,0.440519,0,0,0,0,0.0598482,0.253142,0.128723,0.51558,0.137425,0.287679,0.877791,0.76211,0.783262,0.0945292,0,nan,4.01013,0.202562,-0.173403,0.118796,-0.196523,0.111941,1.08407,5,11.3447,20.5438,0.133477,0.846789,0.799447,0.509176,0.689342,0.0357935,-1.25565,arms_ik
l1,isaac,policy,1,/home/humanoid/Programs/Humanoid_Simulation/Locomanipulation_game/logs/skrl/locomanip_marl/paper1/checkpoints/agent_91200.pt,0,b053_d30_e00,53,0.3,0,0.233957,0.158444,-0.000823814,0.360442,-0.0180849,0.27161,1.00158,0,0,0,0,nan,0.0849578,0.171111,0.351912,0,0,0,0,0.0736585,0.142203,0.151167,0.297659,0.0977432,0.200734,0.85661,0.757258,0.766231,0.0903791,0,nan,6.04845,0.191093,-0.166514,0.121654,-0.19959,0.116456,0.835127,2,9.10456,14.3351,0.0991519,0.836921,0.690631,0.647237,0.531137,0.0346977,0.957707,arms_ik
l1,isaac,policy,1,/home/humanoid/Programs/Humanoid_Simulation/Locomanipulation_game/logs/skrl/locomanip_marl/paper1/checkpoints/agent_91200.pt,0,b053_d40_e00,53,0.4,0,0.233957,0.158444,-0.100824,0.360442,-0.0180849,0.17161,0.901576,0,0,0,0,nan,0.0568837,0.0737713,0.184948,0,0,1,1,0.0737161,0.0813152,0.126822,0.169037,0.0705964,0.140197,0.87343,0.726039,0.736973,0.136457,0,nan,4.45224,0.158176,-0.156862,0.134743,-0.169375,0.131151,1.49175,4,6.43392,7.80248,0.0714184,0.849746,0.497627,0.432074,0.718445,0.0518395,1.74045,arms_ik
l1,isaac,policy,1,/home/humanoid/Programs/Humanoid_Simulation/Locomanipulation_game/logs/skrl/locomanip_marl/paper1/checkpoints/agent_91200.pt,0,b053_d50_e00,53,0.5,0,0.233957,0.158444,-0.200824,0.360442,-0.0180849,0.0716105,0.801576,1,0,0,0,nan,0.0602408,0.0868223,0.267682,0,0,0,1,0.0806754,0.0687488,0.24068,0.150082,0.0723175,0.214463,0.882272,0.715814,0.72051,0.161762,0,nan,5.97122,0.1549,-0.154778,0.132288,-0.165151,0.13129,1.14224,2,4.80141,6.07833,0.0781246,0.637278,0.495024,0.493364,0.504939,0.0343461,1.11174,arms_ik
l1,isaac,policy,1,/home/humanoid/Programs/Humanoid_Simulation/Locomanipulation_game/logs/skrl/locomanip_marl/paper1/checkpoints/agent_91200.pt,0,b053_d60_e00,53,0.6,0,0.233957,0.158444,-0.300824,0.360442,-0.0180849,-0.0283895,0.701576,1,0,0,0,nan,0.0941254,0.20047,0.640482,0,0,0,0,0.256035,0.372414,0.369085,0.605811,0.268022,0.52816,0.875263,0.643671,0.72757,0.147693,0,nan,9.47969,0.246959,-0.129669,0.0819681,-0.16053,0.0720389,2.74132,12,34.4311,33.6263,0.258683,0.850058,0.853424,0.801281,0.683763,0.0723939,7.01339,arms_ik
l1,isaac,policy,1,/home/humanoid/Programs/Humanoid_Simulation/Locomanipulation_game/logs/skrl/locomanip_marl/paper1/checkpoints/agent_91200.pt,0,b053_d70_e00,53,0.7,0,0.233957,0.158444,-0.400824,0.360442,-0.0180849,-0.12839,0.601576,1,0,0,0,nan,0.0633475,0.0955459,0.355531,0,0,0,1,0.103588,0.097063,0.362633,0.265502,0.0915475,0.295052,0.850461,0.644194,0.684784,0.165677,0,nan,6.81248,0.183059,-0.160343,0.126846,-0.187474,0.12484,1.29479,8,12.0299,9.32208,0.0852863,0.82973,0.380306,0.567926,0.651189,0.0437947,4.66861,arms_ik
l1,isaac,policy,1,/home/humanoid/Programs/Humanoid_Simulation/Locomanipulation_game/logs/skrl/locomanip_marl/paper1/checkpoints/agent_91200.pt,0,b053_d80_e00,53,0.8,0,0.233957,0.158444,-0.500824,0.360442,-0.0180849,-0.22839,0.501576,1,0,0,1,nan,0.0570335,0.0927871,0.602565,0,0,0,0,0.0966522,0.0617146,0.613871,0.209747,0.0763883,0.387922,0.860762,0.653349,0.668917,0.191844,0,nan,9.95843,0.145383,-0.118021,0.124477,-0.116929,0.124862,0.905823,0,8.2432,4.88469,0.0750158,0.847382,0.556736,0.424471,0.816422,0.0395199,7.44506,arms_ik
l1,isaac,policy,1,/home/humanoid/Programs/Humanoid_Simulation/Locomanipulation_game/logs/skrl/locomanip_marl/paper1/checkpoints/agent_91200.pt,0,b053_d90_e00,53,0.9,0,0.233957,0.158444,-0.600824,0.360442,-0.0180849,-0.32839,0.401576,1,0,0,0,nan,0.165775,0.25989,0.84696,0,0,0,0,0.289895,0.202331,0.507535,0.789804,0.231321,0.685458,0.829046,0.660005,0.687423,0.141623,0,nan,12.5894,0.217155,-0.151911,0.129574,-0.167965,0.124108,1.74407,16,30.9676,18.6043,0.272601,0.858087,0.569738,0.759513,0.618502,0.0706532,8.88681,arms_ik
l1,isaac,policy,1,/home/humanoid/Programs/Humanoid_Simulation/Locomanipulation_game/logs/skrl/locomanip_marl/paper1/checkpoints/agent_91200.pt,0,b053_d100_e00,53,1,0,0.233957,0.158444,-0.700824,0.360442,-0.0180849,-0.42839,0.301576,1,0,0,0,nan,0.225206,0.33386,0.857755,0,0,0,0,0.336715,0.20394,0.616595,0.862624,0.264739,0.693199,0.84265,0.653904,0.665282,0.177368,0,nan,9.24679,0.186947,-0.148145,0.126046,-0.147575,0.125509,1.31473,4,19.1554,9.46181,0.254405,0.847798,0.462052,0.617332,0.557924,0.0438349,6.05556,arms_ik
l1,isaac,policy,1,/home/humanoid/Programs/Humanoid_Simulation/Locomanipulation_game/logs/skrl/locomanip_marl/paper1/checkpoints/agent_91200.pt,0,b054_d00_e00,54,0,0,0.389733,0.566475,0.270986,0.409001,0.0659859,0.660796,1.27339,0,0,0,0,nan,0.237182,0.472034,1.1495,0,0,0,0,0.0998381,0.392961,0.160745,0.976895,0.273054,0.621011,0.859721,0.770737,0.797748,0.0619725,0,nan,5.00479,0.167032,-0.0877438,0.119451,-0.0917818,0.114079,1.1303,4,20.1385,34.1191,0.200441,0.593936,0.85373,0.401986,0.761851,0.0446994,-2.22629,arms_ik
l1,isaac,policy,1,/home/humanoid/Programs/Humanoid_Simulation/Locomanipulation_game/logs/skrl/locomanip_marl/paper1/checkpoints/agent_91200.pt,0,b054_d10_e00,54,0.1,0,0.389733,0.566475,0.170986,0.409001,0.0659859,0.560796,1.17339,0,0,0,0,nan,0.188536,0.369666,0.916219,0,0,0,0,0.084146,0.381936,0.110086,0.973596,0.222439,0.491435,0.86803,0.776545,0.792845,0.0751851,0,nan,4.53133,0.169279,-0.177885,0.120939,-0.150487,0.111721,0.57448,2,14.509,30.8999,0.122695,0.687645,0.839736,0.346251,0.680422,0.0350862,-2.19215,arms_ik
l1,isaac,policy,1,/home/humanoid/Programs/Humanoid_Simulation/Locomanipulation_game/logs/skrl/locomanip_marl/paper1/checkpoints/agent_91200.pt,0,b054_d20_e00,54,0.2,0,0.389733,0.566475,0.0709858,0.409001,0.0659859,0.460796,1.07339,0,0,0,0,nan,0.153814,0.264227,0.689536,0,0,0,0,0.068408,0.244195,0.138504,0.650489,0.167707,0.405515,0.872896,0.766733,0.794137,0.0787593,0,nan,5.08316,0.143697,-0.13283,0.126513,-0.131454,0.126469,0.937063,2,16.0898,14.6492,0.184712,0.554811,0.700451,0.291156,0.654947,0.0248746,-0.674493,arms_ik
l1,isaac,policy,1,/home/humanoid/Programs/Humanoid_Simulation/Locomanipulation_game/logs/skrl/locomanip_marl/paper1/checkpoints/agent_91200.pt,0,b054_d30_e00,54,0.3,0,0.389733,0.566475,-0.0290142,0.409001,0.0659859,0.360796,0.973386,0,0,0,0,nan,0.126989,0.186634,0.452429,0,0,0,0,0.117215,0.149406,0.196593,0.363102,0.133187,0.27761,0.859282,0.75969,0.777074,0.0822077,0,nan,5.91851,0.154524,-0.251863,0.123365,-0.275895,0.123231,1.79304,2,11.4761,14.2046,0.0916246,0.829659,0.693511,0.713194,0.745724,0.0441232,0.891627,arms_ik
l1,isaac,policy,1,/home/humanoid/Programs/Humanoid_Simulation/Locomanipulation_game/logs/skrl/locomanip_marl/paper1/checkpoints/agent_91200.pt,0,b054_d40_e00,54,0.4,0,0.389733,0.566475,-0.129014,0.409001,0.0659859,0.260796,0.873386,1,0,0,0,nan,0.06825,0.102941,0.206514,0,0,0,0,0.100106,0.0867262,0.124896,0.164682,0.0891647,0.16019,0.871349,0.742789,0.762602,0.108746,0,nan,4.04586,0.136002,-0.129164,0.126594,-0.152957,0.124141,1.48049,1,23.1533,16.2442,0.220745,0.605321,0.748759,0.318335,0.685634,0.050228,0.697593,arms_ik
l1,isaac,policy,1,/home/humanoid/Programs/Humanoid_Simulation/Locomanipulation_game/logs/skrl/locomanip_marl/paper1/checkpoints/agent_91200.pt,0,b054_d50_e00,54,0.5,0,0.389733,0.566475,-0.229014,0.409001,0.0659859,0.160796,0.773386,1,0,0,0,nan,0.0518814,0.0827028,0.165058,0,0,0,1,0.0962311,0.0661989,0.1431,0.113738,0.0808403,0.144289,0.866335,0.724443,0.73473,0.131605,0,nan,6.33721,0.138915,-0.109539,0.121582,-0.114727,0.119251,0.78339,5,16.952,10.7347,0.163022,0.705801,0.544887,0.310654,0.658997,0.0504686,1.09872,arms_ik
l1,isaac,policy,1,/home/humanoid/Programs/Humanoid_Simulation/Locomanipulation_game/logs/skrl/locomanip_marl/paper1/checkpoints/agent_91200.pt,0,b054_d60_e00,54,0.6,0,0.389733,0.566475,-0.329014,0.409001,0.0659859,0.0607956,0.673386,1,0,0,0,nan,0.0636042,0.156794,0.206659,0,0,0,0,0.167514,0.100065,0.203447,0.241559,0.122811,0.178304,0.884778,0.727695,0.733173,0.151605,0,nan,5.60278,0.151386,-0.133338,0.131213,-0.160634,0.129434,1.21049,0,12.1321,8.32626,0.115294,0.590234,0.395626,0.403175,0.534765,0.0596861,1.1015,arms_ik
l1,isaac,policy,1,/home/humanoid/Programs/Humanoid_Simulation/Locomanipulation_game/logs/skrl/locomanip_marl/paper1/checkpoints/agent_91200.pt,0,b054_d70_e00,54,0.7,0,0.389733,0.566475,-0.429014,0.409001,0.0659859,-0.0392044,0.573386,1,0,0,0,nan,0.129144,0.236342,0.300319,0,0,0,0,0.230566,0.105862,0.289029,0.210747,0.162815,0.196949,0.852312,0.707561,0.720812,0.131499,0,nan,5.40659,0.13464,-0.170976,0.128121,-0.168557,0.126346,1.31446,4,19.5141,11.6958,0.182436,0.687738,0.406434,0.504345,0.58425,0.0590005,3.62487,arms_ik
l1,isaac,policy,1,/home/humanoid/Programs/Humanoid_Simulation/Locomanipulation_game/logs/skrl/locomanip_marl/paper1/checkpoints/agent_91200.pt,0,b054_d80_e00,54,0.8,0,0.389733,0.566475,-0.529014,0.409001,0.0659859,-0.139204,0.473386,1,0,0,0,nan,0.174613,0.3377,0.427037,0,0,0,0,0.312017,0.0900339,0.180099,0.212336,0.205895,0.259678,0.875664,0.712282,0.719348,0.156316,0,nan,6.19183,0.156215,-0.22826,0.12478,-0.238028,0.126287,0.654111,1,30.0004,9.86463,0.251508,0.869438,0.626136,0.538502,0.556329,0.05768,4.12368,arms_ik
l1,isaac,policy,1,/home/humanoid/Programs/Humanoid_Simulation/Locomanipulation_game/logs/skrl/locomanip_marl/paper1/checkpoints/agent_91200.pt,0,b054_d90_e00,54,0.9,0,0.389733,0.566475,-0.629014,0.409001,0.0659859,-0.239204,0.373386,1,0,0,0,nan,0.171054,0.398779,0.60085,0,0,0,0,0.371252,0.0987748,0.195411,0.513377,0.246724,0.461603,0.876764,0.698757,0.703509,0.173255,0,nan,7.98086,0.149592,0.0937339,0.119306,0.0660921,0.118702,1.65138,0,46.4097,7.81677,0.338048,0.63635,0.614792,0.307718,0.637765,0.0631233,4.3826,arms_ik
l1,isaac,policy,1,/home/humanoid/Programs/Humanoid_Simulation/Locomanipulation_game/logs/skrl/locomanip_marl/paper1/checkpoints/agent_91200.pt,0,b054_d100_e00,54,1,0,0.389733,0.566475,-0.729014,0.409001,0.0659859,-0.339204,0.273386,1,0,0,0,nan,0.285121,0.505717,0.765082,0,0,0,0,0.494646,0.128312,0.441456,0.726425,0.306869,0.529309,0.852855,0.692986,0.698296,0.154558,0,nan,7.61441,0.15309,-0.143048,0.0985422,-0.140864,0.0985094,1.26803,0,53.5602,11.0909,0.401591,0.625274,0.405982,0.425678,0.589191,0.080958,4.4258,arms_ik
l1,isaac,policy,1,/home/humanoid/Programs/Humanoid_Simulation/Locomanipulation_game/logs/skrl/locomanip_marl/paper1/checkpoints/agent_91200.pt,0,b055_d00_e00,55,0,0,0.417168,0.454463,0.265145,0.488078,0.00282713,0.596881,1.26755,0,0,0,0,nan,0.26478,0.470379,0.866093,0,0,0,0,0.10221,0.461324,0.115961,0.826801,0.283417,0.486203,0.871539,0.801926,0.820125,0.0514148,0,nan,6.88669,0.153388,-0.0978546,0.133801,-0.106704,0.12992,1.3078,1,18.1929,9.50893,0.163033,0.580781,0.638706,0.292736,0.631642,0.0370188,-0.604463,arms_ik
l1,isaac,policy,1,/home/humanoid/Programs/Humanoid_Simulation/Locomanipulation_game/logs/skrl/locomanip_marl/paper1/checkpoints/agent_91200.pt,0,b055_d10_e00,55,0.1,0,0.417168,0.454463,0.165145,0.488078,0.00282713,0.496881,1.16755,0,0,0,0,nan,0.209466,0.41697,0.768944,0,0,0,0,0.116782,0.40233,0.1175,0.698771,0.244973,0.430751,0.872644,0.787015,0.805485,0.0671593,0,nan,4.77435,0.157822,0.108518,0.130011,0.0938487,0.121708,1.05378,0,27.788,21.6042,0.307822,0.540783,0.825253,0.324791,0.692955,0.0435598,-1.03945,arms_ik
l1,isaac,policy,1,/home/humanoid/Programs/Humanoid_Simulation/Locomanipulation_game/logs/skrl/locomanip_marl/paper1/checkpoints/agent_91200.pt,0,b055_d20_e00,55,0.2,0,0.417168,0.454463,0.0651452,0.488078,0.00282713,0.396881,1.06755,0,0,0,0,nan,0.183533,0.317743,0.670106,0,0,0,0,0.0889087,0.299036,0.0927333,0.625261,0.199932,0.361561,0.87978,0.773722,0.78213,0.0976496,0,nan,5.32665,0.142357,-0.113783,0.129302,-0.11129,0.126011,1.21028,1,13.1556,9.34476,0.13831,0.555577,0.72734,0.316093,0.637915,0.0496199,0.236542,arms_ik
l1,isaac,policy,1,/home/humanoid/Programs/Humanoid_Simulation/Locomanipulation_game/logs/skrl/locomanip_marl/paper1/checkpoints/agent_91200.pt,0,b055_d30_e00,55,0.3,0,0.417168,0.454463,-0.0348548,0.488078,0.00282713,0.296881,0.967545,0,0,0,0,nan,0.143174,0.243736,0.553928,0,0,0,0,0.0864945,0.244643,0.114588,0.520339,0.15436,0.30977,0.857385,0.75359,0.767664,0.0897215,0,nan,4.74002,0.135236,0.101719,0.131516,0.103111,0.126483,0.753269,0,16.2929,12.0725,0.178142,0.670699,0.637465,0.253623,0.621416,0.0333087,0.488901,arms_ik
l1,isaac,policy,1,/home/humanoid/Programs/Humanoid_Simulation/Locomanipulation_game/logs/skrl/locomanip_marl/paper1/checkpoints/agent_91200.pt,0,b055_d40_e00,55,0.4,0,0.417168,0.454463,-0.134855,0.488078,0.00282713,0.196881,0.867545,1,0,0,0,nan,0.103793,0.175748,0.388876,0,0,0,0,0.0746165,0.151538,0.114875,0.323261,0.118354,0.241979,0.853932,0.732186,0.740433,0.1135,0,nan,5.38173,0.139588,-0.128376,0.129844,-0.144373,0.127982,0.881817,1,4.08178,9.40308,0.0611922,0.608457,0.613957,0.296751,0.47718,0.0334377,0.684173,arms_ik
l1,isaac,policy,1,/home/humanoid/Programs/Humanoid_Simulation/Locomanipulation_game/logs/skrl/locomanip_marl/paper1/checkpoints/agent_91200.pt,0,b055_d50_e00,55,0.5,0,0.417168,0.454463,-0.234855,0.488078,0.00282713,0.0968809,0.767545,1,0,0,0,nan,0.0804321,0.095662,0.228762,0,0,0,1,0.0860673,0.10344,0.20847,0.179856,0.091551,0.17919,0.856574,0.724647,0.731514,0.12506,0,nan,6.81949,0.1424,-0.153618,0.128849,-0.227855,0.127568,0.814506,3,9.52734,9.06787,0.0971373,0.719246,0.529299,0.315954,0.475154,0.0588818,2.50734,arms_ik
l1,isaac,policy,1,/home/humanoid/Programs/Humanoid_Simulation/Locomanipulation_game/logs/skrl/locomanip_marl/paper1/checkpoints/agent_91200.pt,0,b055_d60_e00,55,0.6,0,0.417168,0.454463,-0.334855,0.488078,0.00282713,-0.00311915,0.667545,1,0,0,0,nan,0.111257,0.136091,0.347681,0,0,0,0,0.135178,0.103558,0.334569,0.180286,0.120553,0.273839,0.825699,0.714728,0.719174,0.106525,0,nan,4.9014,0.133366,0.114825,0.123956,0.10034,0.122977,1.10033,0,8.526,11.4304,0.125216,0.733366,0.524673,0.270593,0.648784,0.0465027,3.26555,arms_ik
l1,isaac,policy,1,/home/humanoid/Programs/Humanoid_Simulation/Locomanipulation_game/logs/skrl/locomanip_marl/paper1/checkpoints/agent_91200.pt,0,b055_d70_e00,55,0.7,0,0.417168,0.454463,-0.434855,0.488078,0.00282713,-0.103119,0.567545,1,0,0,0,nan,0.110819,0.170938,0.332756,0,0,0,0,0.164543,0.0919378,0.312978,0.181574,0.127829,0.246087,0.890754,0.711652,0.715543,0.175211,0,nan,6.21657,0.139698,-0.131957,0.130235,-0.197234,0.128928,0.722473,1,10.7179,6.93563,0.109394,0.610214,0.428611,0.325995,0.605953,0.0414035,2.64906,arms_ik
l1,isaac,policy,1,/home/humanoid/Programs/Humanoid_Simulation/Locomanipulation_game/logs/skrl/locomanip_marl/paper1/checkpoints/agent_91200.pt,0,b055_d80_e00,55,0.8,0,0.417168,0.454463,-0.534855,0.488078,0.00282713,-0.203119,0.467545,1,0,0,0,nan,0.161564,0.264605,0.448386,0,0,0,0,0.258992,0.0948622,0.30835,0.438088,0.171661,0.377214,0.870119,0.699748,0.708085,0.162034,0,nan,6.72391,0.165281,0.113993,0.130166,0.0795642,0.126072,1.08825,0,12.7024,7.61668,0.132905,0.686808,0.498021,0.258826,0.520828,0.0277419,3.65852,arms_ik
l1,isaac,policy,1,/home/humanoid/Programs/Humanoid_Simulation/Locomanipulation_game/logs/skrl/locomanip_marl/paper1/checkpoints/agent_91200.pt,0,b055_d90_e00,55,0.9,0,0.417168,0.454463,-0.634855,0.488078,0.00282713,-0.303119,0.367545,1,0,0,0,nan,0.208806,0.328813,0.58845,0,0,0,0,0.312324,0.12566,0.403545,0.576755,0.223943,0.479991,0.868128,0.691917,0.697277,0.170852,0,nan,6.58695,0.155098,-0.110113,0.131165,-0.133952,0.127955,0.719517,0,29.0546,9.55048,0.245096,0.667395,0.38563,0.370712,0.598819,0.0392903,4.84311,arms_ik
l1,isaac,policy,1,/home/humanoid/Programs/Humanoid_Simulation/Locomanipulation_game/logs/skrl/locomanip_marl/paper1/checkpoints/agent_91200.pt,0,b055_d100_e00,55,1,0,0.417168,0.454463,-0.734855,0.488078,0.00282713,-0.403119,0.267545,1,0,0,0,nan,0.311748,0.456188,0.704602,0,0,0,0,0.446403,0.213989,0.279124,0.695417,0.334471,0.541278,0.853331,0.697723,0.711769,0.141563,0,nan,7.29966,0.162439,-0.124285,0.12282,-0.131703,0.120391,1.25308,1,35.8386,17.0444,0.303072,0.680272,0.555305,0.438891,0.567089,0.0657268,5.68531,arms_ik
l1,isaac,policy,1,/home/humanoid/Programs/Humanoid_Simulation/Locomanipulation_game/logs/skrl/locomanip_marl/paper1/checkpoints/agent_91200.pt,0,b056_d00_e00,56,0,0,0.203692,0.664391,0.186342,0.273196,-0.295989,0.685792,1.18874,0,0,0,0,nan,0.267087,0.486062,1.1355,0,0,0,0,0.0876007,0.478532,0.159791,1.02425,0.27983,0.594114,0.856822,0.777805,0.785707,0.0711152,0,nan,6.76567,0.171365,-0.196958,0.125592,-0.225985,0.121582,1.28938,4,19.9981,23.7647,0.27091,0.726353,0.711231,0.621333,0.756125,0.0246237,-3.15823,arms_ik
l1,isaac,policy,1,/home/humanoid/Programs/Humanoid_Simulation/Locomanipulation_game/logs/skrl/locomanip_marl/paper1/checkpoints/agent_91200.pt,0,b056_d10_e00,56,0.1,0,0.203692,0.664391,0.0863418,0.273196,-0.295989,0.585792,1.08874,0,0,0,0,nan,0.171131,0.29992,0.91172,0,0,0,0,0.107635,0.271515,0.213883,0.851739,0.190634,0.502315,0.869433,0.768282,0.787818,0.0816142,0,nan,7.60785,0.200361,-0.161376,0.121346,-0.185657,0.12107,0.331484,0,34.4283,27.5647,0.397699,0.830991,0.650306,0.465812,0.58444,0.0292263,-3.38365,arms_ik
l1,isaac,policy,1,/home/humanoid/Programs/Humanoid_Simulation/Locomanipulation_game/logs/skrl/locomanip_marl/paper1/checkpoints/agent_91200.pt,0,b056_d20_e00,56,0.2,0,0.203692,0.664391,-0.0136582,0.273196,-0.295989,0.485792,0.988742,0,0,0,0,nan,0.169448,0.357071,0.770086,0,0,0,0,0.104098,0.337478,0.194808,0.666549,0.210646,0.452359,0.868817,0.748468,0.759754,0.109063,0,nan,6.7954,0.180078,-0.183379,0.118059,-0.233488,0.118295,0.958222,4,40.1024,36.8009,0.490945,0.854259,0.550398,0.55846,0.598388,0.0298197,-1.75427,arms_ik
l1,isaac,policy,1,/home/humanoid/Programs/Humanoid_Simulation/Locomanipulation_game/logs/skrl/locomanip_marl/paper1/checkpoints/agent_91200.pt,0,b056_d30_e00,56,0.3,0,0.203692,0.664391,-0.113658,0.273196,-0.295989,0.385792,0.888742,1,0,0,0,nan,0.0959441,0.187816,0.53571,0,0,0,0,0.106731,0.152067,0.1788,0.390825,0.133086,0.343344,0.872564,0.743504,0.764211,0.108353,0,nan,5.27269,0.16928,-0.19859,0.120257,-0.196321,0.112849,1.353,3,34.5913,27.9607,0.346994,0.845693,0.6195,0.526343,0.533245,0.034253,-0.912507,arms_ik
l1,isaac,policy,1,/home/humanoid/Programs/Humanoid_Simulation/Locomanipulation_game/logs/skrl/locomanip_marl/paper1/checkpoints/agent_91200.pt,0,b056_d40_e00,56,0.4,0,0.203692,0.664391,-0.213658,0.273196,-0.295989,0.285792,0.788742,1,0,0,0,nan,0.0740275,0.115718,0.384033,0,0,0,0,0.120949,0.0578555,0.163048,0.245264,0.087122,0.22515,0.878069,0.75348,0.768382,0.109687,0,nan,6.25238,0.158886,-0.211578,0.117052,-0.20235,0.115502,1.11946,3,38.1653,25.2333,0.413937,0.830763,0.52597,0.376104,0.497878,0.035689,-1.20413,arms_ik
l1,isaac,policy,1,/home/humanoid/Programs/Humanoid_Simulation/Locomanipulation_game/logs/skrl/locomanip_marl/paper1/checkpoints/agent_91200.pt,0,b056_d50_e00,56,0.5,0,0.203692,0.664391,-0.313658,0.273196,-0.295989,0.185792,0.688742,1,0,0,0,nan,0.0801433,0.175241,0.553954,0,0,0,0,0.15336,0.0604448,0.140339,0.324522,0.104993,0.329041,0.872436,0.741083,0.75099,0.121446,0,nan,4.30513,0.138459,-0.184067,0.110733,-0.19991,0.108083,1.48365,0,39.8082,14.2293,0.36401,0.578735,0.414502,0.463584,0.545127,0.0341383,-0.750644,arms_ik
l1,isaac,policy,1,/home/humanoid/Programs/Humanoid_Simulation/Locomanipulation_game/logs/skrl/locomanip_marl/paper1/checkpoints/agent_91200.pt,0,b056_d60_e00,56,0.6,0,0.203692,0.664391,-0.413658,0.273196,-0.295989,0.0857922,0.588742,1,0,0,1,nan,0.115267,0.219343,0.175644,0,0,0,0,0.208478,0.0372617,0.147696,0.0965438,0.124874,0.131612,0.870448,0.730393,0.739846,0.130601,0,nan,4.40689,0.128083,0.111209,0.125323,0.101612,0.127159,1.46661,0,9.22062,4.41216,0.100236,0.593798,0.663408,0.313251,0.497349,0.0322827,0.914178,arms_ik
l1,isaac,policy,1,/home/humanoid/Programs/Humanoid_Simulation/Locomanipulation_game/logs/skrl/locomanip_marl/paper1/checkpoints/agent_91200.pt,0,b056_d70_e00,56,0.7,0,0.203692,0.664391,-0.513658,0.273196,-0.295989,-0.0142078,0.488742,1,0,0,1,nan,0.163173,0.307323,0.194825,0,0,0,0,0.317552,0.0402335,0.198344,0.112861,0.174575,0.148305,0.87066,0.732693,0.740337,0.130323,0,nan,3.68853,0.13467,-0.141791,0.12513,-0.121272,0.125652,1.22451,0,11.0146,8.22432,0.127766,0.605475,0.668178,0.278028,0.537189,0.0405731,1.83323,arms_ik
l1,isaac,policy,1,/home/humanoid/Programs/Humanoid_Simulation/Locomanipulation_game/logs/skrl/locomanip_marl/paper1/checkpoints/agent_91200.pt,0,b056_d80_e00,56,0.8,0,0.203692,0.664391,-0.613658,0.273196,-0.295989,-0.114208,0.388742,1,0,0,0,nan,0.220324,0.435487,0.521788,0,0,0,0,0.421082,0.0654014,0.456851,0.134713,0.239408,0.278748,0.887394,0.724183,0.729553,0.157842,0,nan,5.12246,0.154401,0.114821,0.119263,0.104628,0.114954,1.35024,0,49.977,8.4143,0.367979,0.623699,0.561846,0.33239,0.601285,0.0461834,2.82343,arms_ik
l1,isaac,policy,1,/home/humanoid/Programs/Humanoid_Simulation/Locomanipulation_game/logs/skrl/locomanip_marl/paper1/checkpoints/agent_91200.pt,0,b056_d90_e00,56,0.9,0,0.203692,0.664391,-0.713658,0.273196,-0.295989,-0.214208,0.288742,1,0,0,0,nan,0.242801,0.467,0.533106,0,0,0,0,0.458928,0.109506,0.389085,0.176581,0.29012,0.330042,0.874985,0.697284,0.701772,0.173213,0,nan,8.3731,0.188172,-0.157809,0.111212,-0.172535,0.112543,1.49382,6,46.0577,9.56511,0.352696,0.845798,0.567285,0.46498,0.656977,0.0613557,3.88179,arms_ik
l1,isaac,policy,1,/home/humanoid/Programs/Humanoid_Simulation/Locomanipulation_game/logs/skrl/locomanip_marl/paper1/checkpoints/agent_91200.pt,0,b056_d100_e00,56,1,0,0.203692,0.664391,-0.813658,0.273196,-0.295989,-0.314208,0.188742,1,0,0,0,nan,0.278638,0.524488,0.551656,0,0,0,0,0.549943,0.0805587,0.70917,0.217593,0.294372,0.316986,0.859889,0.678692,0.682644,0.177245,0,nan,10.4559,0.187751,-0.132603,0.12051,-0.110265,0.118913,1.44675,1,61.8412,8.82561,0.41248,0.620088,0.565451,0.335981,0.660634,0.0714197,8.76775,arms_ik
l1,isaac,policy,1,/home/humanoid/Programs/Humanoid_Simulation/Locomanipulation_game/logs/skrl/locomanip_marl/paper1/checkpoints/agent_91200.pt,0,b057_d00_e00,57,0,0,0.3823,0.372952,0.539144,0.167114,-0.0685982,0.703685,1.54154,0,0,0,0,nan,0.304737,0.382171,0.660737,0,0,0,0,0.294203,0.371485,0.389174,0.528231,0.31986,0.498832,0.876313,0.768093,0.791933,0.0843796,0,nan,6.42882,0.18501,-0.210434,0.123174,-0.240292,0.114152,2.03107,3,26.1212,17.986,0.202743,0.749487,0.834658,0.68615,0.578875,0.0431882,-3.97261,arms_ik
l1,isaac,policy,1,/home/humanoid/Programs/Humanoid_Simulation/Locomanipulation_game/logs/skrl/locomanip_marl/paper1/checkpoints/agent_91200.pt,0,b057_d10_e00,57,0.1,0,0.3823,0.372952,0.439144,0.167114,-0.0685982,0.603685,1.44154,0,0,0,0,nan,0.0915308,0.177363,0.324822,0,0,0,0,0.152482,0.0580535,0.260667,0.0575531,0.129415,0.215497,0.872785,0.769423,0.781519,0.0912666,0,nan,6.53895,0.165512,0.0943817,0.120544,0.0732473,0.1121,0.491072,0,23.7551,65.8032,0.250921,0.56907,0.78072,0.353442,0.531019,0.0358222,-4.12878,arms_ik
l1,isaac,policy,1,/home/humanoid/Programs/Humanoid_Simulation/Locomanipulation_game/logs/skrl/locomanip_marl/paper1/checkpoints/agent_91200.pt,0,b057_d20_e00,57,0.2,0,0.3823,0.372952,0.339144,0.167114,-0.0685982,0.503685,1.34154,0,0,0,0,nan,0.0883151,0.147009,0.248308,0,0,0,0,0.126094,0.0564155,0.189971,0.086581,0.0928401,0.142059,0.863898,0.758134,0.766838,0.0970604,0,nan,7.56536,0.166541,-0.18844,0.123317,-0.222275,0.122237,1.45136,4,15.5263,10.3606,0.176968,0.76061,0.798627,0.579813,0.496507,0.0397382,-3.66786,arms_ik
l1,isaac,policy,1,/home/humanoid/Programs/Humanoid_Simulation/Locomanipulation_game/logs/skrl/locomanip_marl/paper1/checkpoints/agent_91200.pt,0,b057_d30_e00,57,0.3,0,0.3823,0.372952,0.239144,0.167114,-0.0685982,0.403685,1.24154,0,0,0,1,nan,0.0575921,0.107944,0.238443,0,0,0,0,0.0869047,0.0567844,0.176948,0.164327,0.0722794,0.136994,0.852486,0.754471,0.764102,0.0883841,0,nan,5.18108,0.148399,-0.205363,0.125682,-0.260244,0.122369,1.18428,2,23.0865,14.5049,0.238407,0.682157,0.728951,0.642965,0.514617,0.0515766,-3.44881,arms_ik
l1,isaac,policy,1,/home/humanoid/Programs/Humanoid_Simulation/Locomanipulation_game/logs/skrl/locomanip_marl/paper1/checkpoints/agent_91200.pt,0,b057_d40_e00,57,0.4,0,0.3823,0.372952,0.139144,0.167114,-0.0685982,0.303685,1.14154,0,0,0,1,nan,0.0466104,0.0957386,0.197201,0,0,0,1,0.0988614,0.0408873,0.205989,0.113349,0.0645621,0.143045,0.876708,0.75176,0.759649,0.117059,0,nan,5.18979,0.175108,-0.178487,0.121654,-0.206322,0.122567,1.40811,2,17.816,10.8638,0.132981,0.743435,0.536539,0.591288,0.643534,0.0320353,-2.72523,arms_ik
l1,isaac,policy,1,/home/humanoid/Programs/Humanoid_Simulation/Locomanipulation_game/logs/skrl/locomanip_marl/paper1/checkpoints/agent_91200.pt,0,b057_d50_e00,57,0.5,0,0.3823,0.372952,0.0391436,0.167114,-0.0685982,0.203685,1.04154,0,0,0,0,nan,0.0481877,0.101162,0.243554,0,0,0,0,0.0791723,0.046558,0.169143,0.174746,0.0658536,0.203213,0.848081,0.73184,0.750993,0.0970889,0,nan,4.21803,0.15904,-0.138559,0.134807,-0.209634,0.131291,1.46517,2,15.2839,8.32581,0.149712,0.847533,0.590774,0.58013,0.515245,0.0314698,-0.136202,arms_ik
l1,isaac,policy,1,/home/humanoid/Programs/Humanoid_Simulation/Locomanipulation_game/logs/skrl/locomanip_marl/paper1/checkpoints/agent_91200.pt,0,b057_d60_e00,57,0.6,0,0.3823,0.372952,-0.0608564,0.167114,-0.0685982,0.103685,0.941544,0,0,0,1,nan,0.0348685,0.0706023,0.186749,0,0,1,1,0.0572723,0.0343574,0.140894,0.114316,0.0453275,0.130251,0.871777,0.724214,0.733946,0.13783,0,nan,5.52442,0.149648,-0.106122,0.118901,-0.129326,0.115938,1.49488,1,12.7891,5.63763,0.122769,0.538738,0.495745,0.4256,0.589624,0.0244355,-0.879487,arms_ik
l1,isaac,policy,1,/home/humanoid/Programs/Humanoid_Simulation/Locomanipulation_game/logs/skrl/locomanip_marl/paper1/checkpoints/agent_91200.pt,0,b057_d70_e00,57,0.7,0,0.3823,0.372952,-0.160856,0.167114,-0.0685982,0.00368522,0.841544,1,0,0,1,nan,0.0309914,0.0757921,0.442738,0,0,1,1,0.0741789,0.0470219,0.458603,0.136135,0.0572268,0.29069,0.853503,0.713369,0.723592,0.129911,0,nan,4.78137,0.142092,0.0976275,0.126636,0.082205,0.12809,1.35871,0,5.06745,5.58363,0.0520576,0.681968,0.604918,0.328925,0.484379,0.0300972,2.24109,arms_ik
l1,isaac,policy,1,/home/humanoid/Programs/Humanoid_Simulation/Locomanipulation_game/logs/skrl/locomanip_marl/paper1/checkpoints/agent_91200.pt,0,b057_d80_e00,57,0.8,0,0.3823,0.372952,-0.260856,0.167114,-0.0685982,-0.0963148,0.741544,1,0,0,1,nan,0.0530393,0.0944178,0.868369,0,0,0,0,0.0895256,0.0390719,0.798478,0.160983,0.0619855,0.494435,0.871551,0.728737,0.732541,0.13901,0,nan,5.24707,0.15593,-0.191463,0.115722,-0.199033,0.11581,0.468405,1,5.78573,3.65683,0.0564268,0.869316,0.538111,0.572173,0.717515,0.0268383,1.52633,arms_ik
l1,isaac,policy,1,/home/humanoid/Programs/Humanoid_Simulation/Locomanipulation_game/logs/skrl/locomanip_marl/paper1/checkpoints/agent_91200.pt,0,b057_d90_e00,57,0.9,0,0.3823,0.372952,-0.360856,0.167114,-0.0685982,-0.196315,0.641544,1,0,0,0,nan,0.0871693,0.148982,0.973781,0,0,0,0,0.150358,0.0729234,0.980404,0.182396,0.104951,0.553284,0.862733,0.718186,0.725236,0.137497,0,nan,5.17032,0.154009,-0.147065,0.1284,-0.133584,0.127393,1.61608,2,10.6614,4.4093,0.110286,0.675924,0.409475,0.45706,0.670667,0.0547117,3.40313,arms_ik
l1,isaac,policy,1,/home/humanoid/Programs/Humanoid_Simulation/Locomanipulation_game/logs/skrl/locomanip_marl/paper1/checkpoints/agent_91200.pt,0,b057_d100_e00,57,1,0,0.3823,0.372952,-0.460856,0.167114,-0.0685982,-0.296315,0.541544,1,0,0,1,nan,0.119065,0.230714,1.06011,0,0,0,0,0.228863,0.0749555,0.989301,0.173175,0.144395,0.580249,0.863136,0.711782,0.716755,0.146381,0,nan,7.35927,0.152874,-0.194628,0.12287,-0.187705,0.121844,1.38188,0,16.0974,7.56664,0.135604,0.540569,0.457176,0.344318,0.479682,0.0433274,3.90093,arms_ik
l1,isaac,policy,1,/home/humanoid/Programs/Humanoid_Simulation/Locomanipulation_game/logs/skrl/locomanip_marl/paper1/checkpoints/agent_91200.pt,0,b058_d00_e00,58,0,0,0.503244,0.305474,0.667998,0.112636,-0.338179,0.197634,1.20003,0,0,0,1,nan,0.260779,0.543826,0.757731,0,0,0,0,0.505046,0.0588339,0.771715,0.42383,0.30151,0.539417,0.879902,0.770642,0.788636,0.0912661,0,nan,3.94806,0.176522,-0.193446,0.126144,-0.226751,0.123097,1.02659,5,50.861,10.4792,0.281576,0.748228,0.853263,0.484791,0.50683,0.043288,-1.01243,arms_ik
l1,isaac,policy,1,/home/humanoid/Programs/Humanoid_Simulation/Locomanipulation_game/logs/skrl/locomanip_marl/paper1/checkpoints/agent_91200.pt,0,b058_d10_e00,58,0.1,0,0.503244,0.305474,0.567998,0.112636,-0.338179,0.0976338,1.10003,0,0,0,1,nan,0.22387,0.445338,0.665331,0,0,0,0,0.469932,0.0491791,0.568079,0.0821982,0.246149,0.343716,0.867869,0.758913,0.775461,0.0924083,0,nan,3.46769,0.155472,-0.167628,0.100581,-0.183992,0.0971238,1.24098,0,30.5592,7.8434,0.215425,0.65583,0.855839,0.448835,0.863163,0.0279737,-2.73995,arms_ik
l1,isaac,policy,1,/home/humanoid/Programs/Humanoid_Simulation/Locomanipulation_game/logs/skrl/locomanip_marl/paper1/checkpoints/agent_91200.pt,0,b058_d20_e00,58,0.2,0,0.503244,0.305474,0.467998,0.112636,-0.338179,-0.00236615,1.00003,0,0,0,0,nan,0.16903,0.372386,0.609133,0,0,0,0,0.330426,0.0693436,0.525201,0.118272,0.208601,0.32344,0.852704,0.739314,0.749337,0.103367,0,nan,4.23456,0.158492,-0.133835,0.127498,-0.111582,0.125665,1.0539,1,29.3858,8.32363,0.22587,0.819977,0.845491,0.473257,0.603519,0.0434506,0.341958,arms_ik
l1,isaac,policy,1,/home/humanoid/Programs/Humanoid_Simulation/Locomanipulation_game/logs/skrl/locomanip_marl/paper1/checkpoints/agent_91200.pt,0,b058_d30_e00,58,0.3,0,0.503244,0.305474,0.367998,0.112636,-0.338179,-0.102366,0.900034,0,0,0,1,nan,0.128125,0.254206,0.463778,0,0,0,0,0.255522,0.041322,0.466298,0.0394476,0.147688,0.256308,0.858354,0.741975,0.747661,0.110693,0,nan,5.20722,0.136911,0.116041,0.13387,0.0986134,0.129175,0.900642,0,30.8991,15.7905,0.314199,0.515682,0.883933,0.387954,0.577953,0.0353665,0.890203,arms_ik
l1,isaac,policy,1,/home/humanoid/Programs/Humanoid_Simulation/Locomanipulation_game/logs/skrl/locomanip_marl/paper1/checkpoints/agent_91200.pt,0,b058_d40_e00,58,0.4,0,0.503244,0.305474,0.267998,0.112636,-0.338179,-0.202366,0.800034,1,0,0,1,nan,0.0660884,0.169206,0.367029,0,0,0,0,0.156006,0.00962696,0.301533,0.0579792,0.0940682,0.18305,0.867722,0.73254,0.745112,0.12261,0,nan,4.75275,0.128629,0.116984,0.129262,0.097547,0.126465,1.0484,0,31.0891,22.2828,0.333484,0.535267,0.61767,0.297232,0.629907,0.0380462,2.24453,arms_ik
l1,isaac,policy,1,/home/humanoid/Programs/Humanoid_Simulation/Locomanipulation_game/logs/skrl/locomanip_marl/paper1/checkpoints/agent_91200.pt,0,b058_d50_e00,58,0.5,0,0.503244,0.305474,0.167998,0.112636,-0.338179,-0.302366,0.700034,1,0,0,0,nan,0.0424379,0.0977201,0.219945,0,0,0,1,0.102757,0.0662109,0.125816,0.154243,0.0801898,0.135675,0.881715,0.725379,0.748974,0.132742,0,nan,4.8241,0.129559,-0.135999,0.129889,-0.135647,0.127596,0.736372,0,24.3611,22.6345,0.311302,0.487973,0.585946,0.343785,0.496351,0.0574973,3.75672,arms_ik
l1,isaac,policy,1,/home/humanoid/Programs/Humanoid_Simulation/Locomanipulation_game/logs/skrl/locomanip_marl/paper1/checkpoints/agent_91200.pt,0,b058_d60_e00,58,0.6,0,0.503244,0.305474,0.0679981,0.112636,-0.338179,-0.402366,0.600034,1,0,0,0,nan,0.0391116,0.0784468,0.450121,0,0,1,1,0.0567807,0.0657641,0.152417,0.371707,0.0618448,0.292678,0.870528,0.725724,0.75747,0.113057,0,nan,8.47284,0.165544,-0.196421,0.125699,-0.183277,0.122032,0.87906,3,11.2784,13.7171,0.152089,0.624598,0.75515,0.327991,0.633308,0.0325657,7.09101,arms_ik
l1,isaac,policy,1,/home/humanoid/Programs/Humanoid_Simulation/Locomanipulation_game/logs/skrl/locomanip_marl/paper1/checkpoints/agent_91200.pt,0,b058_d70_e00,58,0.7,0,0.503244,0.305474,-0.0320019,0.112636,-0.338179,-0.502366,0.500034,1,0,0,0,nan,0.0900235,0.143307,0.555587,0,0,0,0,0.0875231,0.154476,0.142911,0.472587,0.115693,0.323026,0.858306,0.716566,0.726502,0.131803,0,nan,8.47111,0.133585,-0.111782,0.124283,-0.116084,0.122124,1.31081,0,14.8436,21.7202,0.236715,0.725634,0.482492,0.370846,0.535719,0.0785496,7.19666,arms_ik
l1,isaac,policy,1,/home/humanoid/Programs/Humanoid_Simulation/Locomanipulation_game/logs/skrl/locomanip_marl/paper1/checkpoints/agent_91200.pt,0,b058_d80_e00,58,0.8,0,0.503244,0.305474,-0.132002,0.112636,-0.338179,-0.602366,0.400034,1,0,0,0,nan,0.128254,0.220594,0.532155,0,0,0,0,0.0955405,0.22776,0.292394,0.37671,0.153461,0.351411,0.876918,0.693428,0.700242,0.176677,0,nan,8.10219,0.146654,-0.0745753,0.131002,-0.0781567,0.1268,0.932653,0,5.57676,15.0814,0.151347,0.597268,0.427002,0.338483,0.531716,0.0590428,6.98355,arms_ik
l1,isaac,policy,1,/home/humanoid/Programs/Humanoid_Simulation/Locomanipulation_game/logs/skrl/locomanip_marl/paper1/checkpoints/agent_91200.pt,0,b058_d90_e00,58,0.9,0,0.503244,0.305474,-0.232002,0.112636,-0.338179,-0.702366,0.300034,1,0,0,0,nan,0.188902,0.309477,0.885971,0,0,0,0,0.106871,0.322045,0.891491,0.445554,0.21145,0.684256,0.846617,0.702267,0.723585,0.123031,0,nan,9.44087,0.155323,0.101568,0.115274,0.0962638,0.113973,1.14431,0,8.45543,26.5029,0.229334,0.496808,0.459566,0.304714,0.569324,0.0467257,8.39494,arms_ik
l1,isaac,policy,1,/home/humanoid/Programs/Humanoid_Simulation/Locomanipulation_game/logs/skrl/locomanip_marl/paper1/checkpoints/agent_91200.pt,0,b058_d100_e00,58,1,0,0.503244,0.305474,-0.332002,0.112636,-0.338179,-0.802366,0.200034,1,0,0,0,nan,0.236162,0.365791,0.888728,0,0,0,0,0.120719,0.362974,0.871856,0.566438,0.240138,0.716796,0.876858,0.680792,0.684574,0.192284,0,nan,10.3759,0.164514,-0.165975,0.126308,-0.179842,0.125342,0.56798,3,8.56891,25.6314,0.219934,0.833774,0.554057,0.532195,0.588593,0.0275452,9.23241,arms_ik
l1,isaac,policy,1,/home/humanoid/Programs/Humanoid_Simulation/Locomanipulation_game/logs/skrl/locomanip_marl/paper1/checkpoints/agent_91200.pt,0,b059_d00_e00,59,0,0,0.201633,0.513441,0.0228627,0.409784,-0.0246636,0.553229,1.02526,0,0,0,0,nan,0.190078,0.434622,1.01757,0,0,0,0,0.0666896,0.436798,0.163136,0.982461,0.243738,0.565546,0.877859,0.752213,0.783598,0.0942607,0,nan,6.99689,0.197401,-0.179291,0.135128,-0.190877,0.132056,1.23469,4,16.0361,19.1763,0.229488,0.860189,0.644121,0.681102,0.644651,0.0247614,-0.647117,arms_ik
l1,isaac,policy,1,/home/humanoid/Programs/Humanoid_Simulation/Locomanipulation_game/logs/skrl/locomanip_marl/paper1/checkpoints/agent_91200.pt,0,b059_d10_e00,59,0.1,0,0.201633,0.513441,-0.0771373,0.409784,-0.0246636,0.453229,0.925263,0,0,0,0,nan,0.196778,0.403947,0.888766,0,0,0,0,0.103824,0.363435,0.183484,0.809182,0.241543,0.519415,0.876385,0.751061,0.780284,0.0961007,0,nan,6.03498,0.172295,-0.182356,0.124866,-0.174527,0.122182,1.3098,6,6.4748,18.5168,0.0901705,0.731625,0.831763,0.569619,0.653772,0.0562549,0.367379,arms_ik
l1,isaac,policy,1,/home/humanoid/Programs/Humanoid_Simulation/Locomanipulation_game/logs/skrl/locomanip_marl/paper1/checkpoints/agent_91200.pt,0,b059_d20_e00,59,0.2,0,0.201633,0.513441,-0.177137,0.409784,-0.0246636,0.353229,0.825263,1,0,0,0,nan,0.156786,0.263814,0.626616,0,0,0,0,0.0796732,0.249812,0.147663,0.578921,0.162835,0.368596,0.873135,0.729329,0.738825,0.13431,0,nan,5.95795,0.179571,-0.187598,0.131659,-0.19425,0.130922,1.17747,3,14.1964,10.4136,0.136983,0.854614,0.527552,0.42829,0.48792,0.0618673,1.84242,arms_ik
l1,isaac,policy,1,/home/humanoid/Programs/Humanoid_Simulation/Locomanipulation_game/logs/skrl/locomanip_marl/paper1/checkpoints/agent_91200.pt,0,b059_d30_e00,59,0.3,0,0.201633,0.513441,-0.277137,0.409784,-0.0246636,0.253229,0.725263,1,0,0,0,nan,0.0509218,0.0664229,0.139563,0,0,1,1,0.0708974,0.0602786,0.135984,0.135694,0.0623979,0.131053,0.867866,0.731932,0.735728,0.132138,0,nan,6.63302,0.149041,-0.138772,0.121479,-0.149616,0.121886,1.22825,4,5.60783,5.43028,0.0667412,0.710621,0.418885,0.353643,0.47918,0.0481487,0.921179,arms_ik
l1,isaac,policy,1,/home/humanoid/Programs/Humanoid_Simulation/Locomanipulation_game/logs/skrl/locomanip_marl/paper1/checkpoints/agent_91200.pt,0,b059_d40_e00,59,0.4,0,0.201633,0.513441,-0.377137,0.409784,-0.0246636,0.153229,0.625263,1,0,0,0,nan,0.126595,0.17267,0.405038,0,0,0,0,0.127549,0.138497,0.164649,0.31786,0.140659,0.261834,0.854636,0.714567,0.722912,0.131723,0,nan,5.52095,0.148985,-0.171161,0.13022,-0.167223,0.129473,1.4617,2,8.41077,15.0578,0.0962047,0.810712,0.585061,0.7026,0.472669,0.0561973,1.73315,arms_ik
l1,isaac,policy,1,/home/humanoid/Programs/Humanoid_Simulation/Locomanipulation_game/logs/skrl/locomanip_marl/paper1/checkpoints/agent_91200.pt,0,b059_d50_e00,59,0.5,0,0.201633,0.513441,-0.477137,0.409784,-0.0246636,0.0532289,0.525263,1,0,0,0,nan,0.104735,0.208644,0.193844,0,0,0,0,0.214511,0.0841994,0.183927,0.164437,0.148113,0.169142,0.866288,0.722567,0.728061,0.138226,0,nan,5.09892,0.156736,-0.18016,0.130035,-0.179271,0.127134,0.683181,0,17.4956,9.15346,0.168095,0.598783,0.483359,0.404585,0.550193,0.0689158,2.33138,arms_ik
l1,isaac,policy,1,/home/humanoid/Programs/Humanoid_Simulation/Locomanipulation_game/logs/skrl/locomanip_marl/paper1/checkpoints/agent_91200.pt,0,b059_d60_e00,59,0.6,0,0.201633,0.513441,-0.577137,0.409784,-0.0246636,-0.0467711,0.425263,1,0,0,0,nan,0.168323,0.302517,0.39457,0,0,0,0,0.258205,0.0966665,0.11851,0.241897,0.189418,0.252767,0.867412,0.70898,0.718714,0.148698,0,nan,6.82758,0.150015,-0.165895,0.120603,-0.174608,0.119964,1.2065,1,32.8013,6.49485,0.275537,0.799513,0.458635,0.333772,0.619245,0.0613794,3.87107,arms_ik
l1,isaac,policy,1,/home/humanoid/Programs/Humanoid_Simulation/Locomanipulation_game/logs/skrl/locomanip_marl/paper1/checkpoints/agent_91200.pt,0,b059_d70_e00,59,0.7,0,0.201633,0.513441,-0.677137,0.409784,-0.0246636,-0.146771,0.325263,1,0,0,0,nan,0.165794,0.336038,0.522169,0,0,0,0,0.333663,0.073798,0.265354,0.460279,0.211526,0.360764,0.856238,0.687327,0.699814,0.156423,0,nan,8.49833,0.178224,-0.15396,0.123683,-0.180225,0.122548,1.86297,4,29.7394,9.61274,0.236685,0.723409,0.534485,0.590332,0.569142,0.0542047,4.87081,arms_ik
l1,isaac,policy,1,/home/humanoid/Programs/Humanoid_Simulation/Locomanipulation_game/logs/skrl/locomanip_marl/paper1/checkpoints/agent_91200.pt,0,b059_d80_e00,59,0.8,0,0.201633,0.513441,-0.777137,0.409784,-0.0246636,-0.246771,0.225263,1,0,0,0,nan,0.275644,0.482561,1.0136,0,0,0,0,0.474117,0.113927,0.367176,0.951684,0.294224,0.662778,0.868485,0.699846,0.707848,0.160637,0,nan,8.55844,0.158508,-0.162126,0.131713,-0.152456,0.128564,1.54013,2,35.6521,8.76827,0.301314,0.614943,0.502692,0.46397,0.588276,0.0681899,6.19012,arms_ik
l1,isaac,policy,1,/home/humanoid/Programs/Humanoid_Simulation/Locomanipulation_game/logs/skrl/locomanip_marl/paper1/checkpoints/agent_91200.pt,0,b059_d90_e00,59,0.9,0,0.201633,0.513441,-0.877137,0.409784,-0.0246636,-0.346771,0.125263,1,0,0,0,nan,0.280899,0.540393,1.17623,0,0,0,0,0.545788,0.106496,0.529883,1.1566,0.318294,0.834459,0.872158,0.675619,0.683626,0.188533,0,nan,9.56232,0.159175,-0.163971,0.110391,-0.172118,0.111087,1.28319,2,8.555,9.05847,0.133652,0.688882,0.387386,0.334953,0.539292,0.0712298,5.95457,arms_ik
l1,isaac,policy,1,/home/humanoid/Programs/Humanoid_Simulation/Locomanipulation_game/logs/skrl/locomanip_marl/paper1/checkpoints/agent_91200.pt,0,b059_d100_e00,59,1,0,0.201633,0.513441,-0.977137,0.409784,-0.0246636,-0.446771,0.0252627,1,0,0,0,nan,0.35865,0.629905,1.29711,0,0,0,0,0.610275,0.154788,0.607731,1.30662,0.385353,0.927623,0.876563,0.668124,0.676258,0.200306,0,nan,9.48643,0.194794,-0.155509,0.0940231,-0.19984,0.0869823,0.738468,1,12.8072,10.2878,0.143769,0.761192,0.587095,0.479615,0.544353,0.0787141,5.70784,arms_ik
l1,isaac,policy,1,/home/humanoid/Programs/Humanoid_Simulation/Locomanipulation_game/logs/skrl/locomanip_marl/paper1/checkpoints/agent_91200.pt,0,b060_d00_e00,60,0,0,0.400279,0.547036,0.635349,0.241356,-0.332816,0.578267,1.58067,0,0,0,1,nan,0.0962294,0.151226,0.254546,0,0,0,0,0.107087,0.103249,0.196537,0.076703,0.107455,0.12136,0.873644,0.804746,0.849822,0.0238225,0,nan,4.72016,0.172177,-0.184511,0.0845137,-0.222212,0.0868033,0.711714,3,34.2341,13.8392,0.277049,0.82145,0.840746,0.437252,0.491426,0.0843688,-3.44567,arms_ik
l1,isaac,policy,1,/home/humanoid/Programs/Humanoid_Simulation/Locomanipulation_game/logs/skrl/locomanip_marl/paper1/checkpoints/agent_91200.pt,0,b060_d10_e00,60,0.1,0,0.400279,0.547036,0.535349,0.241356,-0.332816,0.478267,1.48067,0,0,0,0,nan,0.0951074,0.205756,0.445552,0,0,0,0,0.166006,0.0597446,0.338924,0.0756007,0.119233,0.22395,0.878804,0.806474,0.826003,0.0528013,0,nan,7.62604,0.198795,-0.243481,0.118451,-0.248984,0.116625,0.898734,2,38.3599,15.0099,0.315439,0.74326,0.855556,0.365362,0.637331,0.0514787,-3.62564,arms_ik
l1,isaac,policy,1,/home/humanoid/Programs/Humanoid_Simulation/Locomanipulation_game/logs/skrl/locomanip_marl/paper1/checkpoints/agent_91200.pt,0,b060_d20_e00,60,0.2,0,0.400279,0.547036,0.435349,0.241356,-0.332816,0.378267,1.38067,0,0,0,1,nan,0.0859305,0.168447,0.362776,0,0,0,0,0.149614,0.0462259,0.314661,0.172143,0.10018,0.218043,0.87411,0.806153,0.825366,0.0487443,0,nan,6.25665,0.183786,-0.0745455,0.11362,-0.0777984,0.111816,1.06662,0,29.5866,13.9366,0.298586,0.651178,0.786085,0.32233,0.57824,0.0418108,-2.79032,arms_ik
l1,isaac,policy,1,/home/humanoid/Programs/Humanoid_Simulation/Locomanipulation_game/logs/skrl/locomanip_marl/paper1/checkpoints/agent_91200.pt,0,b060_d30_e00,60,0.3,0,0.400279,0.547036,0.335349,0.241356,-0.332816,0.278267,1.28067,0,0,0,1,nan,0.0551084,0.0951644,0.23363,0,0,0,1,0.13358,0.0477276,0.24065,0.245466,0.0815512,0.221773,0.86069,0.78304,0.804401,0.0562892,0,nan,4.95329,0.161181,0.103871,0.12147,0.0826507,0.119788,0.367334,0,28.7897,15.0277,0.268835,0.537449,0.768066,0.348489,0.567996,0.0718833,-1.0758,arms_ik
l1,isaac,policy,1,/home/humanoid/Programs/Humanoid_Simulation/Locomanipulation_game/logs/skrl/locomanip_marl/paper1/checkpoints/agent_91200.pt,0,b060_d40_e00,60,0.4,0,0.400279,0.547036,0.235349,0.241356,-0.332816,0.178267,1.18067,0,0,0,1,nan,0.0465734,0.11087,0.223132,0,0,0,0,0.122489,0.0612771,0.187349,0.240778,0.0889247,0.194189,0.875074,0.776413,0.78355,0.0915235,0,nan,3.99134,0.146833,-0.155099,0.124178,-0.177493,0.123155,0.732325,0,20.27,7.79239,0.177165,0.496947,0.701166,0.367872,0.586734,0.0634948,-0.311884,arms_ik
l1,isaac,policy,1,/home/humanoid/Programs/Humanoid_Simulation/Locomanipulation_game/logs/skrl/locomanip_marl/paper1/checkpoints/agent_91200.pt,0,b060_d50_e00,60,0.5,0,0.400279,0.547036,0.135349,0.241356,-0.332816,0.0782666,1.08067,0,0,0,0,nan,0.0563766,0.115013,0.559065,0,0,0,0,0.0759533,0.0556841,0.175301,0.491096,0.0700833,0.334408,0.882038,0.771038,0.796443,0.0855957,0,nan,5.38668,0.147301,0.101109,0.11709,0.0871864,0.109959,1.32216,0,17.7844,7.35373,0.115877,0.50294,0.882986,0.316237,0.613825,0.0346682,-0.508796,arms_ik
l1,isaac,policy,1,/home/humanoid/Programs/Humanoid_Simulation/Locomanipulation_game/logs/skrl/locomanip_marl/paper1/checkpoints/agent_91200.pt,0,b060_d60_e00,60,0.6,0,0.400279,0.547036,0.0353489,0.241356,-0.332816,-0.0217334,0.980667,0,0,0,0,nan,0.0628182,0.104188,0.317009,0,0,0,0,0.106223,0.0578963,0.17322,0.312494,0.0824026,0.245314,0.869518,0.762807,0.767703,0.101815,0,nan,4.70191,0.129799,0.107433,0.11919,0.0949199,0.11926,1.11378,0,12.0357,5.70193,0.114035,0.425166,0.795716,0.300549,0.696203,0.0442938,0.120753,arms_ik
l1,isaac,policy,1,/home/humanoid/Programs/Humanoid_Simulation/Locomanipulation_game/logs/skrl/locomanip_marl/paper1/checkpoints/agent_91200.pt,0,b060_d70_e00,60,0.7,0,0.400279,0.547036,-0.0646511,0.241356,-0.332816,-0.121733,0.880667,1,0,0,0,nan,0.0539748,0.101595,0.27277,0,0,0,0,0.0905336,0.0430558,0.179859,0.266129,0.0699835,0.213687,0.85862,0.755115,0.763191,0.0954284,0,nan,4.84842,0.133056,0.100635,0.123733,0.0751908,0.122106,2.34813,0,9.391,8.277,0.0871113,0.512262,0.841691,0.358247,0.449589,0.0387029,1.00344,arms_ik
l1,isaac,policy,1,/home/humanoid/Programs/Humanoid_Simulation/Locomanipulation_game/logs/skrl/locomanip_marl/paper1/checkpoints/agent_91200.pt,0,b060_d80_e00,60,0.8,0,0.400279,0.547036,-0.164651,0.241356,-0.332816,-0.221733,0.780667,1,0,0,0,nan,0.062906,0.0960547,0.19557,0,0,0,1,0.106337,0.103573,0.17052,0.212911,0.0928824,0.180369,0.86804,0.707284,0.715037,0.153003,0,nan,6.49584,0.129488,-0.12956,0.131276,-0.136436,0.13033,1.05082,0,27.7005,16.0262,0.242714,0.84918,0.593405,0.339224,0.558819,0.0721679,4.23613,arms_ik
l1,isaac,policy,1,/home/humanoid/Programs/Humanoid_Simulation/Locomanipulation_game/logs/skrl/locomanip_marl/paper1/checkpoints/agent_91200.pt,0,b060_d90_e00,60,0.9,0,0.400279,0.547036,-0.264651,0.241356,-0.332816,-0.321733,0.680667,1,0,0,0,nan,0.0592962,0.117499,0.474101,0,0,0,0,0.123114,0.0989764,0.190403,0.41639,0.106445,0.292559,0.855733,0.714243,0.721519,0.134214,0,nan,7.84103,0.133467,-0.097209,0.122251,-0.112802,0.120757,1.53105,1,18.2702,15.8933,0.203258,0.765042,0.356767,0.358833,0.438951,0.0701784,5.22481,arms_ik
l1,isaac,policy,1,/home/humanoid/Programs/Humanoid_Simulation/Locomanipulation_game/logs/skrl/locomanip_marl/paper1/checkpoints/agent_91200.pt,0,b060_d100_e00,60,1,0,0.400279,0.547036,-0.364651,0.241356,-0.332816,-0.421733,0.580667,1,0,0,0,nan,0.126608,0.199049,0.892631,0,0,0,0,0.19117,0.112484,0.14172,0.857142,0.150035,0.512986,0.883765,0.727872,0.741059,0.142706,0,nan,8.97083,0.149898,-0.127386,0.133655,-0.140468,0.130609,1.39335,1,11.377,6.55915,0.121524,0.657223,0.576424,0.405476,0.458707,0.0635584,5.01511,arms_ik
l1,isaac,policy,1,/home/humanoid/Programs/Humanoid_Simulation/Locomanipulation_game/logs/skrl/locomanip_marl/paper1/checkpoints/agent_91200.pt,0,b061_d00_e00,61,0,0,0.249453,0.1671,0.907954,0.175732,-0.617975,0.36984,1.37224,0,0,0,0,nan,0.324451,0.60861,1.39641,0,0,0,0,0.610735,0.124706,1.27651,0.655035,0.361197,0.868273,0.873065,0.79594,0.827156,0.0459085,0,nan,6.92063,0.224885,-0.199254,0.0977185,-0.231534,0.0745995,0.90207,4,48.0907,59.1342,0.5515,0.862014,0.835541,0.785609,0.786211,0.0703329,-2.37081,arms_ik
l1,isaac,policy,1,/home/humanoid/Programs/Humanoid_Simulation/Locomanipulation_game/logs/skrl/locomanip_marl/paper1/checkpoints/agent_91200.pt,0,b061_d10_e00,61,0.1,0,0.249453,0.1671,0.807954,0.175732,-0.617975,0.26984,1.27224,0,0,0,0,nan,0.260239,0.501078,1.12661,0,0,0,0,0.469528,0.136753,0.967797,0.297281,0.298868,0.692766,0.847296,0.804774,0.828455,0.0188407,0,nan,7.44753,0.200908,-0.176173,0.120086,-0.194453,0.122022,0.708105,3,40.1199,54.912,0.547268,0.86305,0.781243,0.633245,0.655943,0.0535243,-1.69958,arms_ik
l1,isaac,policy,1,/home/humanoid/Programs/Humanoid_Simulation/Locomanipulation_game/logs/skrl/locomanip_marl/paper1/checkpoints/agent_91200.pt,0,b061_d20_e00,61,0.2,0,0.249453,0.1671,0.707954,0.175732,-0.617975,0.16984,1.17224,0,0,0,0,nan,0.248649,0.476512,1.05823,0,0,0,0,0.441615,0.0700806,0.976083,0.249535,0.272642,0.74812,0.842907,0.773406,0.804964,0.0379431,0,nan,5.19228,0.172064,-0.187007,0.113676,-0.235917,0.105836,1.55454,6,27.7573,25.7247,0.278054,0.827539,0.890405,0.412811,0.635075,0.0588006,-0.148939,arms_ik
l1,isaac,policy,1,/home/humanoid/Programs/Humanoid_Simulation/Locomanipulation_game/logs/skrl/locomanip_marl/paper1/checkpoints/agent_91200.pt,0,b061_d30_e00,61,0.3,0,0.249453,0.1671,0.607954,0.175732,-0.617975,0.0698399,1.07224,0,0,0,0,nan,0.138664,0.237759,0.557917,0,0,0,0,0.224336,0.0599127,0.486528,0.174392,0.148634,0.358825,0.873947,0.79476,0.810455,0.0634922,0,nan,5.62283,0.144663,-0.181551,0.108507,-0.20042,0.106518,0.822671,2,10.5276,11.4579,0.135096,0.627415,0.682202,0.378922,0.634513,0.0403828,-1.21411,arms_ik
l1,isaac,policy,1,/home/humanoid/Programs/Humanoid_Simulation/Locomanipulation_game/logs/skrl/locomanip_marl/paper1/checkpoints/agent_91200.pt,0,b061_d40_e00,61,0.4,0,0.249453,0.1671,0.507954,0.175732,-0.617975,-0.0301601,0.97224,0,0,0,0,nan,0.0318917,0.0950515,0.316764,0,0,0,1,0.0530634,0.105658,0.132805,0.316103,0.0595979,0.232267,0.876511,0.76856,0.801904,0.0746064,0,nan,6.49095,0.148449,-0.126535,0.0801179,-0.117253,0.0712005,1.17545,2,14.1391,29.0621,0.304548,0.604145,0.790642,0.305611,0.589007,0.0497561,-1.42757,arms_ik
l1,isaac,policy,1,/home/humanoid/Programs/Humanoid_Simulation/Locomanipulation_game/logs/skrl/locomanip_marl/paper1/checkpoints/agent_91200.pt,0,b061_d50_e00,61,0.5,0,0.249453,0.1671,0.407954,0.175732,-0.617975,-0.13016,0.87224,1,0,1,0,nan,0.0231546,0.0819716,0.363574,0,0,0,1,0.0395059,0.124155,0.159412,0.260558,0.0551498,0.168168,0.859897,0.756521,0.760917,0.0989805,0,nan,7.22518,0.139487,0.0931044,0.11263,0.0807513,0.105058,0.787429,0,18.3615,39.2981,0.408291,0.548431,0.61677,0.338778,0.523455,0.0446904,-1.39233,arms_ik
l1,isaac,policy,1,/home/humanoid/Programs/Humanoid_Simulation/Locomanipulation_game/logs/skrl/locomanip_marl/paper1/checkpoints/agent_91200.pt,0,b061_d60_e00,61,0.6,0,0.249453,0.1671,0.307954,0.175732,-0.617975,-0.23016,0.77224,1,0,1,0,nan,0.037849,0.0874838,0.745112,0,0,0,0,0.0518893,0.0782141,0.0835599,0.619201,0.0730822,0.373638,0.887785,0.745858,0.755923,0.131861,0,nan,5.68223,0.142151,-0.152345,0.112064,-0.15526,0.110349,0.850956,1,9.57877,34.5674,0.311048,0.592706,0.532877,0.492048,0.482111,0.0551381,0.26056,arms_ik
l1,isaac,policy,1,/home/humanoid/Programs/Humanoid_Simulation/Locomanipulation_game/logs/skrl/locomanip_marl/paper1/checkpoints/agent_91200.pt,0,b061_d70_e00,61,0.7,0,0.249453,0.1671,0.207954,0.175732,-0.617975,-0.33016,0.67224,1,0,1,0,nan,0.0521163,0.114641,0.752396,0,0,0,0,0.0360219,0.0964226,0.101056,0.747331,0.0742715,0.415438,0.864056,0.725894,0.739373,0.124683,0,nan,7.34696,0.129413,-0.128134,0.119443,-0.124484,0.117551,0.990149,2,8.32124,25.5461,0.237681,0.57661,0.858554,0.34131,0.495496,0.044804,0.383568,arms_ik
l1,isaac,policy,1,/home/humanoid/Programs/Humanoid_Simulation/Locomanipulation_game/logs/skrl/locomanip_marl/paper1/checkpoints/agent_91200.pt,0,b061_d80_e00,61,0.8,0,0.249453,0.1671,0.107954,0.175732,-0.617975,-0.43016,0.57224,1,0,1,0,nan,0.0808387,0.128302,0.980955,0,0,0,0,0.0516327,0.112808,0.131932,0.93519,0.086105,0.535937,0.878083,0.739511,0.745742,0.132341,0,nan,9.44904,0.165018,-0.278671,0.119741,-0.306399,0.118026,1.87681,2,7.68604,18.6517,0.207711,0.800709,0.658116,0.463268,0.511853,0.045787,0.725228,arms_ik
l1,isaac,policy,1,/home/humanoid/Programs/Humanoid_Simulation/Locomanipulation_game/logs/skrl/locomanip_marl/paper1/checkpoints/agent_91200.pt,0,b061_d90_e00,61,0.9,0,0.249453,0.1671,0.0079538,0.175732,-0.617975,-0.53016,0.47224,1,0,1,0,nan,0.112604,0.227935,1.05362,0,0,0,0,0.0696374,0.306774,0.156692,1.08251,0.157681,0.563607,0.862335,0.719066,0.747696,0.114639,0,nan,9.76121,0.182699,-0.224719,0.0586976,-0.260329,0.027711,1.03229,2,15.7977,50.2116,0.370341,0.81118,0.607931,0.561729,0.599428,0.0519504,2.73716,arms_ik
l1,isaac,policy,1,/home/humanoid/Programs/Humanoid_Simulation/Locomanipulation_game/logs/skrl/locomanip_marl/paper1/checkpoints/agent_91200.pt,0,b061_d100_e00,61,1,0,0.249453,0.1671,-0.0920462,0.175732,-0.617975,-0.63016,0.37224,1,0,0,0,nan,0.192716,0.35288,1.07308,0,0,0,0,0.0814008,0.371761,0.521427,1.00975,0.225968,0.816074,0.866925,0.705589,0.715582,0.151343,0,nan,10.5504,0.205223,-0.247384,0.127602,-0.276452,0.127142,1.1885,9,25.5078,48.0186,0.37621,0.858266,0.694511,0.590082,0.694108,0.0533194,5.67269,arms_ik
l1,isaac,policy,1,/home/humanoid/Programs/Humanoid_Simulation/Locomanipulation_game/logs/skrl/locomanip_marl/paper1/checkpoints/agent_91200.pt,0,b062_d00_e00,62,0,0,0.45666,0.0592565,0.410319,0.121686,-0.512181,-0.0116985,0.990701,0,0,0,0,nan,0.184038,0.348873,0.760397,0,0,0,0,0.331913,0.0495113,0.643688,0.147071,0.210616,0.417477,0.874952,0.781021,0.793205,0.0817465,0,nan,4.59377,0.169163,-0.148427,0.113539,-0.169041,0.114908,1.04771,2,39.4336,48.7929,0.571486,0.758624,0.830746,0.550299,0.599996,0.0391735,-0.967975,arms_ik
l1,isaac,policy,1,/home/humanoid/Programs/Humanoid_Simulation/Locomanipulation_game/logs/skrl/locomanip_marl/paper1/checkpoints/agent_91200.pt,0,b062_d10_e00,62,0.1,0,0.45666,0.0592565,0.310319,0.121686,-0.512181,-0.111699,0.890701,1,0,0,0,nan,0.109197,0.195798,0.472058,0,0,0,0,0.216663,0.0625753,0.465406,0.107736,0.13277,0.272467,0.870767,0.755091,0.766666,0.104101,0,nan,4.04226,0.149247,-0.150968,0.11528,-0.147164,0.114523,1.07164,0,8.51707,8.57017,0.112452,0.618344,0.85565,0.335809,0.630928,0.0337291,-0.786068,arms_ik
l1,isaac,policy,1,/home/humanoid/Programs/Humanoid_Simulation/Locomanipulation_game/logs/skrl/locomanip_marl/paper1/checkpoints/agent_91200.pt,0,b062_d20_e00,62,0.2,0,0.45666,0.0592565,0.210319,0.121686,-0.512181,-0.211699,0.790701,1,0,0,0,nan,0.064807,0.109339,0.239435,0,0,0,0,0.0949293,0.0470828,0.20914,0.0866521,0.0741466,0.151055,0.873772,0.749196,0.754367,0.119405,0,nan,4.35509,0.125013,0.0983845,0.133131,0.111771,0.132578,0.966853,0,9.16243,17.9732,0.180265,0.545787,0.725373,0.313736,0.472991,0.0239993,0.870523,arms_ik
l1,isaac,policy,1,/home/humanoid/Programs/Humanoid_Simulation/Locomanipulation_game/logs/skrl/locomanip_marl/paper1/checkpoints/agent_91200.pt,0,b062_d30_e00,62,0.3,0,0.45666,0.0592565,0.110319,0.121686,-0.512181,-0.311699,0.690701,1,0,0,0,nan,0.025976,0.0848401,0.207199,0,0,0,1,0.0876998,0.0752946,0.205372,0.0699494,0.0909357,0.165482,0.880916,0.7291,0.753762,0.127154,0,nan,9.11549,0.159057,-0.100086,0.0853522,-0.113949,0.0931115,1.63967,0,11.1502,13.3941,0.137144,0.84238,0.479423,0.386953,0.522447,0.053738,0.409585,arms_ik
l1,isaac,policy,1,/home/humanoid/Programs/Humanoid_Simulation/Locomanipulation_game/logs/skrl/locomanip_marl/paper1/checkpoints/agent_91200.pt,0,b062_d40_e00,62,0.4,0,0.45666,0.0592565,0.0103189,0.121686,-0.512181,-0.411699,0.590701,1,0,0,0,nan,0.0447886,0.0706633,0.175877,0,0,1,1,0.0597763,0.0636541,0.148363,0.0885357,0.0641877,0.119865,0.85034,0.721089,0.731903,0.118438,0,nan,7.60784,0.147178,-0.146071,0.131381,-0.195005,0.128781,0.669744,1,9.57837,8.11607,0.0929704,0.857899,0.62795,0.500986,0.623654,0.021302,3.51699,arms_ik
l1,isaac,policy,1,/home/humanoid/Programs/Humanoid_Simulation/Locomanipulation_game/logs/skrl/locomanip_marl/paper1/checkpoints/agent_91200.pt,0,b062_d50_e00,62,0.5,0,0.45666,0.0592565,-0.0896811,0.121686,-0.512181,-0.511699,0.490701,1,0,0,0,nan,0.0927345,0.163871,0.160766,0,0,0,0,0.072574,0.176403,0.146434,0.0962125,0.115367,0.107325,0.860195,0.732156,0.73991,0.120286,0,nan,7.57605,0.146031,0.113027,0.129244,0.105187,0.128008,0.817972,0,9.03826,13.4342,0.140867,0.639883,0.554623,0.339506,0.639831,0.0359517,3.91368,arms_ik
l1,isaac,policy,1,/home/humanoid/Programs/Humanoid_Simulation/Locomanipulation_game/logs/skrl/locomanip_marl/paper1/checkpoints/agent_91200.pt,0,b062_d60_e00,62,0.6,0,0.45666,0.0592565,-0.189681,0.121686,-0.512181,-0.611699,0.390701,1,0,0,0,nan,0.134656,0.240609,0.175337,0,0,0,0,0.066632,0.229615,0.110554,0.107758,0.152814,0.119932,0.85159,0.721935,0.729079,0.122511,0,nan,8.55406,0.156018,-0.145286,0.131848,-0.153161,0.129254,1.75098,0,15.7564,14.6811,0.191136,0.591861,0.466207,0.323311,0.606386,0.0349024,4.38288,arms_ik
l1,isaac,policy,1,/home/humanoid/Programs/Humanoid_Simulation/Locomanipulation_game/logs/skrl/locomanip_marl/paper1/checkpoints/agent_91200.pt,0,b062_d70_e00,62,0.7,0,0.45666,0.0592565,-0.289681,0.121686,-0.512181,-0.711699,0.290701,1,0,0,0,nan,0.210901,0.333721,0.231312,0,0,0,0,0.0923997,0.335822,0.105014,0.0784677,0.221465,0.128093,0.858045,0.733321,0.74245,0.115595,0,nan,9.23462,0.138672,-0.232233,0.131063,-0.240062,0.127613,0.765084,0,8.33973,34.9009,0.271773,0.629444,0.502166,0.335551,0.522015,0.0460057,4.26924,arms_ik
l1,isaac,policy,1,/home/humanoid/Programs/Humanoid_Simulation/Locomanipulation_game/logs/skrl/locomanip_marl/paper1/checkpoints/agent_91200.pt,0,b062_d80_e00,62,0.8,0,0.45666,0.0592565,-0.389681,0.121686,-0.512181,-0.811699,0.190701,1,0,0,0,nan,0.275924,0.42327,0.317999,0,0,0,0,0.148823,0.426779,0.08186,0.37879,0.281974,0.175639,0.86087,0.718184,0.721224,0.139646,0,nan,11.8959,0.162414,0.11741,0.132367,0.0808952,0.13148,0.810348,0,7.39144,36.4239,0.251237,0.589576,0.456378,0.325833,0.607863,0.0477817,5.3746,arms_ik
l1,isaac,policy,1,/home/humanoid/Programs/Humanoid_Simulation/Locomanipulation_game/logs/skrl/locomanip_marl/paper1/checkpoints/agent_91200.pt,0,b062_d90_e00,62,0.9,0,0.45666,0.0592565,-0.489681,0.121686,-0.512181,-0.911699,0.0907015,1,0,0,0,nan,0.367817,0.522427,0.383451,0,0,0,0,0.229538,0.52356,0.105835,0.456665,0.37625,0.17837,0.87038,0.725762,0.733716,0.136663,0,nan,10.6363,0.177707,-0.108293,0.13157,-0.0875341,0.128319,0.582041,1,12.8071,41.3853,0.312617,0.683732,0.641479,0.357478,0.592054,0.0453538,5.12336,arms_ik
l1,isaac,policy,1,/home/humanoid/Programs/Humanoid_Simulation/Locomanipulation_game/logs/skrl/locomanip_marl/paper1/checkpoints/agent_91200.pt,0,b062_d100_e00,62,1,0,0.45666,0.0592565,-0.589681,0.121686,-0.512181,-1.0117,-0.00929852,1,0,0,0,nan,0.455861,0.610906,0.455309,0,0,0,0,0.322161,0.609715,0.267536,0.140482,0.462178,0.237979,0.858771,0.717813,0.723454,0.135316,0,nan,11.3309,0.178046,-0.105636,0.129681,-0.110247,0.127438,1.18313,0,35.8098,37.3655,0.382722,0.624149,0.507543,0.335847,0.661902,0.0412692,6.72705,arms_ik
l1,isaac,policy,1,/home/humanoid/Programs/Humanoid_Simulation/Locomanipulation_game/logs/skrl/locomanip_marl/paper1/checkpoints/agent_91200.pt,0,b063_d00_e00,63,0,0,0.353343,0.0179479,0.25103,0.2689,-0.290377,0.613624,1.25343,0,0,0,0,nan,0.226776,0.370132,1.00091,0,0,0,0,0.105402,0.36647,0.279099,0.981921,0.233054,0.621172,0.882049,0.750808,0.771394,0.110655,0,nan,9.3712,0.154044,-0.250732,0.129684,-0.273555,0.127295,2.04907,1,7.39703,11.22,0.100236,0.84552,0.601324,0.534188,0.585857,0.0437509,-3.79128,arms_ik
l1,isaac,policy,1,/home/humanoid/Programs/Humanoid_Simulation/Locomanipulation_game/logs/skrl/locomanip_marl/paper1/checkpoints/agent_91200.pt,0,b063_d10_e00,63,0.1,0,0.353343,0.0179479,0.15103,0.2689,-0.290377,0.513624,1.15343,0,0,0,0,nan,0.148274,0.280484,0.711592,0,0,0,0,0.0664708,0.230078,0.0985956,0.566458,0.158111,0.365075,0.862949,0.755095,0.765377,0.0975717,0,nan,8.97381,0.144908,0.110895,0.128941,0.0890624,0.126497,0.858204,0,7.40132,19.5138,0.095863,0.657774,0.890289,0.310299,0.597466,0.0335165,-4.29645,arms_ik
l1,isaac,policy,1,/home/humanoid/Programs/Humanoid_Simulation/Locomanipulation_game/logs/skrl/locomanip_marl/paper1/checkpoints/agent_91200.pt,0,b063_d20_e00,63,0.2,0,0.353343,0.0179479,0.0510299,0.2689,-0.290377,0.413624,1.05343,0,0,0,0,nan,0.122354,0.202977,0.514447,0,0,0,0,0.0809448,0.174885,0.0847655,0.448698,0.136766,0.305665,0.860469,0.743517,0.752661,0.107808,0,nan,5.43668,0.153481,-0.178419,0.117683,-0.232515,0.114664,1.28306,4,12.2948,15.0753,0.0714971,0.749079,0.887236,0.468278,0.592099,0.0528313,0.0665509,arms_ik
l1,isaac,policy,1,/home/humanoid/Programs/Humanoid_Simulation/Locomanipulation_game/logs/skrl/locomanip_marl/paper1/checkpoints/agent_91200.pt,0,b063_d30_e00,63,0.3,0,0.353343,0.0179479,-0.0489701,0.2689,-0.290377,0.313624,0.95343,0,0,0,1,nan,0.042337,0.0642605,0.133876,0,0,1,1,0.0649439,0.0494267,0.100642,0.0995697,0.0541088,0.101933,0.874497,0.742771,0.750371,0.124126,0,nan,7.18308,0.141066,-0.107159,0.118514,-0.0870236,0.114332,1.32201,1,7.45417,8.20799,0.116467,0.600192,0.885551,0.321968,0.759774,0.0346303,-3.38448,arms_ik
l1,isaac,policy,1,/home/humanoid/Programs/Humanoid_Simulation/Locomanipulation_game/logs/skrl/locomanip_marl/paper1/checkpoints/agent_91200.pt,0,b063_d40_e00,63,0.4,0,0.353343,0.0179479,-0.14897,0.2689,-0.290377,0.213624,0.85343,1,0,0,1,nan,0.0333019,0.0687223,0.10793,0,0,1,1,0.0673981,0.0545126,0.0871496,0.0864895,0.054707,0.0860022,0.877206,0.736499,0.74449,0.132716,0,nan,8.48414,0.144024,-0.277116,0.12274,-0.29848,0.120649,1.40121,0,7.2798,6.69965,0.078577,0.872947,0.854459,0.432054,0.623839,0.0462512,-2.93738,arms_ik
l1,isaac,policy,1,/home/humanoid/Programs/Humanoid_Simulation/Locomanipulation_game/logs/skrl/locomanip_marl/paper1/checkpoints/agent_91200.pt,0,b063_d50_e00,63,0.5,0,0.353343,0.0179479,-0.24897,0.2689,-0.290377,0.113624,0.75343,1,0,0,1,nan,0.0480443,0.0821164,0.0963417,0,0,0,1,0.121019,0.0622117,0.0757246,0.10139,0.0724778,0.0801932,0.868827,0.731311,0.74673,0.122097,0,nan,9.02058,0.153035,-0.262208,0.0969527,-0.286719,0.0840345,1.64447,0,26.873,7.49709,0.0977582,0.821635,0.378701,0.435197,0.447415,0.0607646,-3.47748,arms_ik
l1,isaac,policy,1,/home/humanoid/Programs/Humanoid_Simulation/Locomanipulation_game/logs/skrl/locomanip_marl/paper1/checkpoints/agent_91200.pt,0,b063_d60_e00,63,0.6,0,0.353343,0.0179479,-0.34897,0.2689,-0.290377,0.0136242,0.65343,1,0,0,1,nan,0.0694326,0.128154,0.109814,0,0,0,0,0.119717,0.0488846,0.0647312,0.101431,0.0833467,0.0886128,0.858205,0.716164,0.727361,0.130844,0,nan,5.48777,0.127504,-0.113982,0.132886,-0.145281,0.132335,1.37645,0,6.89756,4.81728,0.0596085,0.502748,0.480169,0.245545,0.486063,0.0462188,1.18577,arms_ik
l1,isaac,policy,1,/home/humanoid/Programs/Humanoid_Simulation/Locomanipulation_game/logs/skrl/locomanip_marl/paper1/checkpoints/agent_91200.pt,0,b063_d70_e00,63,0.7,0,0.353343,0.0179479,-0.44897,0.2689,-0.290377,-0.0863758,0.55343,1,0,0,1,nan,0.100354,0.182348,0.116822,0,0,0,0,0.18155,0.0535585,0.0430168,0.0996801,0.114287,0.0863518,0.873477,0.710369,0.717774,0.155703,0,nan,7.95133,0.143857,-0.119046,0.129241,-0.115863,0.128622,1.20072,0,4.88224,5.68773,0.0967616,0.527131,0.433561,0.281774,0.570736,0.0315378,2.91592,arms_ik
l1,isaac,policy,1,/home/humanoid/Programs/Humanoid_Simulation/Locomanipulation_game/logs/skrl/locomanip_marl/paper1/checkpoints/agent_91200.pt,0,b063_d80_e00,63,0.8,0,0.353343,0.0179479,-0.54897,0.2689,-0.290377,-0.186376,0.45343,1,0,0,0,nan,0.143462,0.297114,0.354702,0,0,0,0,0.28363,0.082473,0.0741255,0.315045,0.179578,0.214589,0.859039,0.715287,0.727474,0.131566,0,nan,6.44731,0.16395,-0.155489,0.118212,-0.158682,0.117593,1.3915,1,16.2713,9.47861,0.194647,0.810879,0.55952,0.438226,0.581249,0.0562887,4.27349,arms_ik
l1,isaac,policy,1,/home/humanoid/Programs/Humanoid_Simulation/Locomanipulation_game/logs/skrl/locomanip_marl/paper1/checkpoints/agent_91200.pt,0,b063_d90_e00,63,0.9,0,0.353343,0.0179479,-0.64897,0.2689,-0.290377,-0.286376,0.35343,1,0,0,0,nan,0.183637,0.347328,0.741937,0,0,0,0,0.326163,0.0644706,0.0935367,0.666658,0.199145,0.443051,0.887552,0.693866,0.704805,0.182747,0,nan,6.47447,0.158462,-0.189745,0.126143,-0.194321,0.126472,0.835839,2,15.4096,7.55144,0.156227,0.889924,0.567975,0.472802,0.489227,0.0450255,5.02987,arms_ik
l1,isaac,policy,1,/home/humanoid/Programs/Humanoid_Simulation/Locomanipulation_game/logs/skrl/locomanip_marl/paper1/checkpoints/agent_91200.pt,0,b063_d100_e00,63,1,0,0.353343,0.0179479,-0.74897,0.2689,-0.290377,-0.386376,0.25343,1,0,0,0,nan,0.236676,0.417571,1.28323,0,0,0,0,0.417499,0.0884666,0.239625,1.20417,0.247849,0.712499,0.869075,0.695937,0.701596,0.167479,0,nan,9.88652,0.15933,-0.113978,0.123354,-0.098452,0.119832,0.843689,0,16.4754,4.88907,0.174561,0.597196,0.515043,0.283975,0.519936,0.0581814,6.1872,arms_ik
l1,isaac,policy,1,/home/humanoid/Programs/Humanoid_Simulation/Locomanipulation_game/logs/skrl/locomanip_marl/paper1/checkpoints/agent_91200.pt,0,b064_d00_e00,64,0,0,0.403837,0.304089,0.803039,0.532815,-0.227595,0.267431,1.26983,0,0,0,0,nan,0.404349,0.550072,1.12422,0,0,0,0,0.511596,0.30262,1.04991,0.582426,0.42586,0.8435,0.842396,0.800445,0.809354,0.0330417,0,nan,5.12758,0.1735,-0.163681,0.129844,-0.194,0.124781,1.05043,2,27.9877,21.3571,0.270369,0.642959,0.852567,0.559045,0.4883,0.0515064,-0.794103,arms_ik
l1,isaac,policy,1,/home/humanoid/Programs/Humanoid_Simulation/Locomanipulation_game/logs/skrl/locomanip_marl/paper1/checkpoints/agent_91200.pt,0,b064_d10_e00,64,0.1,0,0.403837,0.304089,0.703039,0.532815,-0.227595,0.167431,1.16983,0,0,0,0,nan,0.322107,0.423502,0.911183,0,0,0,0,0.416292,0.265635,0.849132,0.488945,0.343839,0.681296,0.86137,0.777832,0.794979,0.0663908,0,nan,6.16169,0.194318,-0.176613,0.127797,-0.19486,0.124503,0.878302,3,30.6951,25.2572,0.293258,0.834308,0.877921,0.480461,0.580055,0.0429845,-0.310123,arms_ik
l1,isaac,policy,1,/home/humanoid/Programs/Humanoid_Simulation/Locomanipulation_game/logs/skrl/locomanip_marl/paper1/checkpoints/agent_91200.pt,0,b064_d20_e00,64,0.2,0,0.403837,0.304089,0.603039,0.532815,-0.227595,0.0674305,1.06983,0,0,0,0,nan,0.299386,0.402731,0.811586,0,0,0,0,0.387496,0.281755,0.747557,0.540244,0.3199,0.608586,0.874423,0.765395,0.778906,0.0955169,0,nan,7.61487,0.190337,-0.176158,0.121184,-0.215938,0.125702,0.931235,3,37.213,42.4996,0.465333,0.59463,0.854279,0.516518,0.529905,0.0533913,0.146094,arms_ik
l1,isaac,policy,1,/home/humanoid/Programs/Humanoid_Simulation/Locomanipulation_game/logs/skrl/locomanip_marl/paper1/checkpoints/agent_91200.pt,0,b064_d30_e00,64,0.3,0,0.403837,0.304089,0.503039,0.532815,-0.227595,-0.0325695,0.969831,0,0,0,0,nan,0.144422,0.229206,0.500511,0,0,0,0,0.200676,0.128462,0.370067,0.213443,0.161709,0.325843,0.874012,0.748991,0.76787,0.106141,0,nan,5.43442,0.146679,0.0955298,0.120452,0.0896297,0.122004,1.16499,0,30.1975,27.335,0.323436,0.779299,0.793339,0.398987,0.610695,0.0399083,0.925225,arms_ik
l1,isaac,policy,1,/home/humanoid/Programs/Humanoid_Simulation/Locomanipulation_game/logs/skrl/locomanip_marl/paper1/checkpoints/agent_91200.pt,0,b064_d40_e00,64,0.4,0,0.403837,0.304089,0.403039,0.532815,-0.227595,-0.132569,0.869831,1,0,0,0,nan,0.124615,0.171411,0.375297,0,0,0,0,0.153312,0.114269,0.266864,0.160542,0.137951,0.24438,0.861171,0.750026,0.758736,0.102435,0,nan,6.65009,0.136019,0.117198,0.129714,0.103401,0.126317,1.20256,0,35.3533,35.7074,0.449272,0.500165,0.643199,0.3371,0.478474,0.047133,1.67256,arms_ik
l1,isaac,policy,1,/home/humanoid/Programs/Humanoid_Simulation/Locomanipulation_game/logs/skrl/locomanip_marl/paper1/checkpoints/agent_91200.pt,0,b064_d50_e00,64,0.5,0,0.403837,0.304089,0.303039,0.532815,-0.227595,-0.232569,0.769831,1,0,0,0,nan,0.132071,0.181879,0.348873,0,0,0,0,0.169302,0.123789,0.289235,0.115882,0.148431,0.225694,0.862058,0.734938,0.743645,0.118412,0,nan,6.55461,0.158294,-0.148183,0.108226,-0.196678,0.10844,0.558543,1,14.5029,21.4712,0.228019,0.592786,0.786943,0.485367,0.630705,0.0456387,3.46029,arms_ik
l1,isaac,policy,1,/home/humanoid/Programs/Humanoid_Simulation/Locomanipulation_game/logs/skrl/locomanip_marl/paper1/checkpoints/agent_91200.pt,0,b064_d60_e00,64,0.6,0,0.403837,0.304089,0.203039,0.532815,-0.227595,-0.332569,0.669831,1,0,0,0,nan,0.13208,0.167899,0.339501,0,0,0,0,0.147008,0.16583,0.188343,0.134197,0.164961,0.206194,0.881361,0.72557,0.733425,0.147936,0,nan,7.96561,0.148195,-0.190139,0.110054,-0.207612,0.110228,1.16708,1,23.0561,28.9706,0.303757,0.731747,0.861507,0.673471,0.558481,0.0627701,4.25099,arms_ik
l1,isaac,policy,1,/home/humanoid/Programs/Humanoid_Simulation/Locomanipulation_game/logs/skrl/locomanip_marl/paper1/checkpoints/agent_91200.pt,0,b064_d70_e00,64,0.7,0,0.403837,0.304089,0.103039,0.532815,-0.227595,-0.432569,0.569831,1,0,0,0,nan,0.136321,0.237603,0.18027,0,0,0,0,0.0952701,0.221418,0.170471,0.104167,0.155027,0.15077,0.858932,0.721934,0.726807,0.132125,0,nan,5.9826,0.133232,-0.131543,0.122269,-0.168309,0.123418,1.20125,1,11.22,16.8925,0.191498,0.550298,0.574164,0.542303,0.570951,0.0438346,4.11049,arms_ik
l1,isaac,policy,1,/home/humanoid/Programs/Humanoid_Simulation/Locomanipulation_game/logs/skrl/locomanip_marl/paper1/checkpoints/agent_91200.pt,0,b064_d80_e00,64,0.8,0,0.403837,0.304089,0.00303937,0.532815,-0.227595,-0.532569,0.469831,1,0,0,0,nan,0.17679,0.312973,0.197706,0,0,0,0,0.0838037,0.313901,0.164046,0.168725,0.191676,0.157539,0.860124,0.736001,0.740329,0.119794,0,nan,7.0262,0.161768,0.11091,0.132718,0.110111,0.129954,0.991929,0,9.42273,17.7325,0.178976,0.492843,0.392604,0.361195,0.711583,0.0594653,5.02429,arms_ik
l1,isaac,policy,1,/home/humanoid/Programs/Humanoid_Simulation/Locomanipulation_game/logs/skrl/locomanip_marl/paper1/checkpoints/agent_91200.pt,0,b064_d90_e00,64,0.9,0,0.403837,0.304089,-0.0969606,0.532815,-0.227595,-0.632569,0.369831,1,0,0,0,nan,0.203203,0.375096,0.333833,0,0,0,0,0.0953064,0.399856,0.135219,0.464284,0.230313,0.221395,0.870702,0.718196,0.725168,0.145534,0,nan,8.2929,0.149358,-0.0977166,0.132165,-0.107178,0.128406,1.40692,0,8.10865,36.5936,0.277744,0.55914,0.481194,0.367973,0.542874,0.069725,5.97925,arms_ik
l1,isaac,policy,1,/home/humanoid/Programs/Humanoid_Simulation/Locomanipulation_game/logs/skrl/locomanip_marl/paper1/checkpoints/agent_91200.pt,0,b064_d100_e00,64,1,0,0.403837,0.304089,-0.196961,0.532815,-0.227595,-0.732569,0.269831,1,0,0,0,nan,0.234051,0.444122,0.423593,0,0,0,0,0.0888255,0.427488,0.13277,0.241132,0.255779,0.237724,0.880159,0.710241,0.721739,0.15842,0,nan,9.05788,0.155258,-0.116943,0.116811,-0.108311,0.118561,1.37284,0,11.2128,34.6123,0.308361,0.600729,0.573619,0.261238,0.584402,0.0583577,7.64053,arms_ik
l1,isaac,policy,1,/home/humanoid/Programs/Humanoid_Simulation/Locomanipulation_game/logs/skrl/locomanip_marl/paper1/checkpoints/agent_91200.pt,0,b065_d00_e00,65,0,0,0.20982,0.0660324,0.252691,0.219042,-0.343427,0.904187,1.25509,0,0,0,0,nan,0.329365,0.67222,1.45896,0,0,0,0,0.136436,0.650592,0.275621,1.43173,0.405142,0.849522,0.867786,0.764144,0.781861,0.0859241,0,nan,7.51245,0.20334,-0.189502,0.124934,-0.230349,0.119329,0.87115,3,17.3148,23.9313,0.222071,0.874805,0.852362,0.574329,0.622307,0.0331882,0.0398466,arms_ik
l1,isaac,policy,1,/home/humanoid/Programs/Humanoid_Simulation/Locomanipulation_game/logs/skrl/locomanip_marl/paper1/checkpoints/agent_91200.pt,0,b065_d10_e00,65,0.1,0,0.20982,0.0660324,0.152691,0.219042,-0.343427,0.804187,1.15509,0,0,0,0,nan,0.279146,0.544023,1.26507,0,0,0,0,0.0491033,0.553459,0.0799756,1.2886,0.292664,0.648065,0.859283,0.76047,0.791415,0.0678679,0,nan,7.12506,0.186983,-0.211886,0.116962,-0.265764,0.109074,0.876332,6,13.3954,27.3899,0.239007,0.807299,0.803497,0.568842,0.650828,0.0355207,-1.36692,arms_ik
l1,isaac,policy,1,/home/humanoid/Programs/Humanoid_Simulation/Locomanipulation_game/logs/skrl/locomanip_marl/paper1/checkpoints/agent_91200.pt,0,b065_d20_e00,65,0.2,0,0.20982,0.0660324,0.052691,0.219042,-0.343427,0.704187,1.05509,0,0,0,0,nan,0.243756,0.48836,1.14983,0,0,0,0,0.0632669,0.478938,0.12588,1.14936,0.270796,0.619168,0.861785,0.7529,0.768142,0.0936424,0,nan,5.86334,0.175561,-0.190456,0.133867,-0.239802,0.132394,1.34077,7,10.2411,17.0406,0.17561,0.847524,0.863194,0.561278,0.519069,0.0367202,-1.20905,arms_ik
l1,isaac,policy,1,/home/humanoid/Programs/Humanoid_Simulation/Locomanipulation_game/logs/skrl/locomanip_marl/paper1/checkpoints/agent_91200.pt,0,b065_d30_e00,65,0.3,0,0.20982,0.0660324,-0.047309,0.219042,-0.343427,0.604187,0.955091,0,0,1,0,nan,0.142934,0.272262,0.6974,0,0,0,0,0.038241,0.266897,0.0871894,0.71296,0.149996,0.382894,0.863168,0.745363,0.754244,0.108924,0,nan,6.88328,0.154523,-0.0901461,0.116663,-0.0832488,0.118956,0.778612,0,4.57686,8.36661,0.0650732,0.612693,0.817233,0.492784,0.550069,0.0256842,-2.83694,arms_ik
l1,isaac,policy,1,/home/humanoid/Programs/Humanoid_Simulation/Locomanipulation_game/logs/skrl/locomanip_marl/paper1/checkpoints/agent_91200.pt,0,b065_d40_e00,65,0.4,0,0.20982,0.0660324,-0.147309,0.219042,-0.343427,0.504187,0.855091,1,1,1,1,3.86,0.0261881,0.0379417,0.11087,0,0,1,1,0.0318628,0.0339303,0.078745,0.0907902,0.0317993,0.0895205,0.858384,0.740608,0.752919,0.105465,0,nan,6.32499,0.147531,-0.116127,0.113817,-0.118197,0.115036,0.724157,0,4.07396,7.55208,0.0827258,0.748282,0.600258,0.351744,0.659915,0.0351709,-2.86879,arms_ik
l1,isaac,policy,1,/home/humanoid/Programs/Humanoid_Simulation/Locomanipulation_game/logs/skrl/locomanip_marl/paper1/checkpoints/agent_91200.pt,0,b065_d50_e00,65,0.5,0,0.20982,0.0660324,-0.247309,0.219042,-0.343427,0.404187,0.755091,1,0,0,1,nan,0.0271277,0.0618328,0.482889,0,0,1,1,0.0417401,0.0356408,0.437672,0.104219,0.0409337,0.262549,0.867614,0.726761,0.738662,0.128952,0,nan,5.70884,0.146906,-0.126228,0.1132,-0.115039,0.112574,0.743881,0,17.8747,7.13385,0.168576,0.75647,0.689413,0.336891,0.456606,0.0333713,-2.53263,arms_ik
l1,isaac,policy,1,/home/humanoid/Programs/Humanoid_Simulation/Locomanipulation_game/logs/skrl/locomanip_marl/paper1/checkpoints/agent_91200.pt,0,b065_d60_e00,65,0.6,0,0.20982,0.0660324,-0.347309,0.219042,-0.343427,0.304187,0.655091,1,0,0,0,nan,0.0688315,0.110773,0.78461,0,0,0,0,0.097555,0.0437433,0.795097,0.0896301,0.0734078,0.450034,0.865106,0.713459,0.726461,0.138645,0,nan,6.52391,0.160486,-0.149452,0.117371,-0.18367,0.119805,0.978635,2,10.2088,12.2378,0.14413,0.763811,0.87042,0.427515,0.461674,0.0409612,-1.06792,arms_ik
l1,isaac,policy,1,/home/humanoid/Programs/Humanoid_Simulation/Locomanipulation_game/logs/skrl/locomanip_marl/paper1/checkpoints/agent_91200.pt,0,b065_d70_e00,65,0.7,0,0.20982,0.0660324,-0.447309,0.219042,-0.343427,0.204187,0.555091,1,0,0,1,nan,0.0924553,0.171333,0.819895,0,0,0,0,0.169036,0.0394119,0.797609,0.146094,0.104614,0.466464,0.861399,0.702307,0.71582,0.145579,0,nan,5.86977,0.157146,-0.155691,0.108179,-0.189614,0.108071,1.18306,1,19.737,9.57125,0.129464,0.8259,0.543866,0.49504,0.541784,0.0376048,-0.4135,arms_ik
l1,isaac,policy,1,/home/humanoid/Programs/Humanoid_Simulation/Locomanipulation_game/logs/skrl/locomanip_marl/paper1/checkpoints/agent_91200.pt,0,b065_d80_e00,65,0.8,0,0.20982,0.0660324,-0.547309,0.219042,-0.343427,0.104187,0.455091,1,0,0,1,nan,0.121265,0.239533,0.930225,0,0,0,0,0.265583,0.0764689,0.896099,0.139575,0.16629,0.503668,0.882857,0.70412,0.726132,0.156725,0,nan,5.76973,0.170707,-0.180073,0.105191,-0.197325,0.105057,1.01598,4,10.9448,12.6589,0.158676,0.843911,0.634023,0.433828,0.56815,0.0585918,0.662279,arms_ik
l1,isaac,policy,1,/home/humanoid/Programs/Humanoid_Simulation/Locomanipulation_game/logs/skrl/locomanip_marl/paper1/checkpoints/agent_91200.pt,0,b065_d90_e00,65,0.9,0,0.20982,0.0660324,-0.647309,0.219042,-0.343427,0.00418738,0.355091,1,0,0,0,nan,0.17101,0.359626,1.01235,0,0,0,0,0.346268,0.0748497,1.0112,0.174243,0.204173,0.561417,0.884585,0.717931,0.722641,0.161944,0,nan,6.76122,0.18846,-0.230848,0.108987,-0.24505,0.110814,1.80191,4,19.0809,12.2128,0.187374,0.844483,0.615505,0.750897,0.664962,0.0505666,0.60142,arms_ik
l1,isaac,policy,1,/home/humanoid/Programs/Humanoid_Simulation/Locomanipulation_game/logs/skrl/locomanip_marl/paper1/checkpoints/agent_91200.pt,0,b065_d100_e00,65,1,0,0.20982,0.0660324,-0.747309,0.219042,-0.343427,-0.0958126,0.255091,1,0,0,0,nan,0.233058,0.43733,1.0411,0,0,0,0,0.425721,0.0867043,0.936886,0.12133,0.257218,0.557594,0.876918,0.71153,0.717941,0.158978,0,nan,6.86347,0.169503,-0.162041,0.123252,-0.163233,0.122526,1.61216,2,9.7011,10.2468,0.161397,0.85312,0.623405,0.482588,0.621907,0.0635201,3.73317,arms_ik
l1,isaac,policy,1,/home/humanoid/Programs/Humanoid_Simulation/Locomanipulation_game/logs/skrl/locomanip_marl/paper1/checkpoints/agent_91200.pt,0,b066_d00_e00,66,0,0,0.488451,0.140891,0.179694,0.130739,-0.33985,0.0518005,1.0542,0,0,0,0,nan,0.0831038,0.183295,0.373599,0,0,0,0,0.182456,0.061295,0.367783,0.136674,0.114422,0.243247,0.883133,0.79881,0.80792,0.0752131,0,nan,4.46606,0.149923,0.0907492,0.095943,0.0810852,0.095856,0.971022,0,6.07869,7.2903,0.105746,0.712806,0.572105,0.317215,0.49095,0.0486469,-3.27643,arms_ik
l1,isaac,policy,1,/home/humanoid/Programs/Humanoid_Simulation/Locomanipulation_game/logs/skrl/locomanip_marl/paper1/checkpoints/agent_91200.pt,0,b066_d10_e00,66,0.1,0,0.488451,0.140891,0.0796944,0.130739,-0.33985,-0.0481995,0.9542,0,0,0,1,nan,0.0358632,0.0994518,0.20073,0,0,0,1,0.0892478,0.0418146,0.172814,0.126696,0.0582744,0.13217,0.869054,0.767074,0.771932,0.0971221,0,nan,4.02391,0.135869,0.117306,0.132415,0.108413,0.130748,0.848332,0,11.9162,8.05561,0.127942,0.586936,0.793255,0.32275,0.449379,0.0266992,0.172471,arms_ik
l1,isaac,policy,1,/home/humanoid/Programs/Humanoid_Simulation/Locomanipulation_game/logs/skrl/locomanip_marl/paper1/checkpoints/agent_91200.pt,0,b066_d20_e00,66,0.2,0,0.488451,0.140891,-0.0203056,0.130739,-0.33985,-0.1482,0.8542,1,0,0,1,nan,0.042663,0.0798398,0.156528,0,0,1,1,0.0761617,0.0576169,0.141318,0.113981,0.0634166,0.12708,0.839838,0.753422,0.762896,0.0769425,0,nan,4.95927,0.121377,-0.0869332,0.132141,-0.0970655,0.13158,0.975056,1,4.87073,4.46083,0.0542657,0.563994,0.63844,0.402816,0.631671,0.0386774,1.84454,arms_ik
l1,isaac,policy,1,/home/humanoid/Programs/Humanoid_Simulation/Locomanipulation_game/logs/skrl/locomanip_marl/paper1/checkpoints/agent_91200.pt,0,b066_d30_e00,66,0.3,0,0.488451,0.140891,-0.120306,0.130739,-0.33985,-0.2482,0.7542,1,0,0,0,nan,0.0296061,0.0836073,0.134902,0,0,0,1,0.08072,0.0548272,0.115114,0.0955281,0.0668302,0.0992869,0.874274,0.734974,0.743757,0.130518,0,nan,6.11381,0.134723,0.118762,0.132191,0.0952055,0.130708,1.14605,0,7.95211,5.34328,0.0934848,0.532763,0.684718,0.346599,0.658825,0.0311869,3.16651,arms_ik
l1,isaac,policy,1,/home/humanoid/Programs/Humanoid_Simulation/Locomanipulation_game/logs/skrl/locomanip_marl/paper1/checkpoints/agent_91200.pt,0,b066_d40_e00,66,0.4,0,0.488451,0.140891,-0.220306,0.130739,-0.33985,-0.3482,0.6542,1,0,0,0,nan,0.0461958,0.0845487,0.103795,0,0,0,1,0.0819592,0.0833849,0.100814,0.0941217,0.0767315,0.0884904,0.879911,0.722842,0.733587,0.146324,0,nan,6.27656,0.12217,0.111668,0.127927,0.103208,0.128269,0.931761,0,6.19395,5.63793,0.0608819,0.477676,0.4588,0.278398,0.548851,0.0512563,4.30728,arms_ik
l1,isaac,policy,1,/home/humanoid/Programs/Humanoid_Simulation/Locomanipulation_game/logs/skrl/locomanip_marl/paper1/checkpoints/agent_91200.pt,0,b066_d50_e00,66,0.5,0,0.488451,0.140891,-0.320306,0.130739,-0.33985,-0.4482,0.5542,1,0,0,0,nan,0.0858475,0.15472,0.113103,0,0,0,0,0.149727,0.104661,0.0914215,0.092994,0.119479,0.0937369,0.880299,0.713376,0.717941,0.162357,0,nan,7.42966,0.134998,0.0921314,0.123531,0.0744601,0.121898,0.347144,0,13.0254,7.19213,0.107425,0.553362,0.422832,0.439537,0.439999,0.0834716,2.86079,arms_ik
l1,isaac,policy,1,/home/humanoid/Programs/Humanoid_Simulation/Locomanipulation_game/logs/skrl/locomanip_marl/paper1/checkpoints/agent_91200.pt,0,b066_d60_e00,66,0.6,0,0.488451,0.140891,-0.420306,0.130739,-0.33985,-0.5482,0.4542,1,0,0,0,nan,0.147482,0.168658,0.258531,0,0,0,0,0.16988,0.155167,0.0735491,0.243095,0.159483,0.163717,0.866683,0.698558,0.702848,0.163835,0,nan,8.86674,0.153529,-0.0912105,0.131092,-0.104109,0.130597,0.536067,0,12.1288,6.89454,0.136588,0.575158,0.573418,0.280246,0.492948,0.0719264,5.68108,arms_ik
l1,isaac,policy,1,/home/humanoid/Programs/Humanoid_Simulation/Locomanipulation_game/logs/skrl/locomanip_marl/paper1/checkpoints/agent_91200.pt,0,b066_d70_e00,66,0.7,0,0.488451,0.140891,-0.520306,0.130739,-0.33985,-0.6482,0.3542,1,0,0,0,nan,0.264606,0.301351,0.206877,0,0,0,0,0.289836,0.247762,0.0688742,0.146198,0.270578,0.147157,0.881441,0.713397,0.719089,0.162351,0,nan,8.97455,0.153308,-0.103833,0.116736,-0.131504,0.115157,1.00866,1,24.0247,7.25387,0.221056,0.715258,0.428675,0.426487,0.454443,0.0806453,3.15845,arms_ik
l1,isaac,policy,1,/home/humanoid/Programs/Humanoid_Simulation/Locomanipulation_game/logs/skrl/locomanip_marl/paper1/checkpoints/agent_91200.pt,0,b066_d80_e00,66,0.8,0,0.488451,0.140891,-0.620306,0.130739,-0.33985,-0.7482,0.2542,1,0,0,0,nan,0.332659,0.354451,0.30726,0,0,0,0,0.359392,0.326913,0.242026,0.276946,0.337921,0.23408,0.862209,0.699833,0.70387,0.158339,0,nan,9.10971,0.173179,-0.215255,0.131897,-0.232144,0.128953,1.16988,1,26.9512,14.0944,0.246487,0.660343,0.924253,0.523884,0.622756,0.0693577,6.82055,arms_ik
l1,isaac,policy,1,/home/humanoid/Programs/Humanoid_Simulation/Locomanipulation_game/logs/skrl/locomanip_marl/paper1/checkpoints/agent_91200.pt,0,b066_d90_e00,66,0.9,0,0.488451,0.140891,-0.720306,0.130739,-0.33985,-0.8482,0.1542,1,0,0,0,nan,0.41251,0.428044,0.295614,0,0,0,0,0.424697,0.427429,0.200417,0.286619,0.418371,0.196243,0.861613,0.689323,0.698082,0.163531,0,nan,10.7089,0.163498,-0.1006,0.116747,-0.102766,0.119498,0.574633,0,30.4014,16.809,0.295699,0.69591,0.391612,0.346997,0.586999,0.0724091,5.11616,arms_ik
l1,isaac,policy,1,/home/humanoid/Programs/Humanoid_Simulation/Locomanipulation_game/logs/skrl/locomanip_marl/paper1/checkpoints/agent_91200.pt,0,b066_d100_e00,66,1,0,0.488451,0.140891,-0.820306,0.130739,-0.33985,-0.9482,0.0542005,1,0,0,0,nan,0.479002,0.506625,0.311539,0,0,0,0,0.485508,0.495575,0.169822,0.380399,0.488914,0.256542,0.876276,0.677218,0.686661,0.189615,0,nan,11.0635,0.212533,-0.142271,0.126798,-0.101016,0.122454,0.451573,0,25.2807,9.18053,0.233318,0.690149,0.549572,0.469272,0.498182,0.0414053,7.67931,arms_ik
l1,isaac,policy,1,/home/humanoid/Programs/Humanoid_Simulation/Locomanipulation_game/logs/skrl/locomanip_marl/paper1/checkpoints/agent_91200.pt,0,b067_d00_e00,67,0,0,0.425902,0.477929,0.672774,0.124015,-0.607387,0.801364,1.67517,0,0,0,0,nan,0.223378,0.323646,0.647026,0,0,0,0,0.256116,0.19064,0.328709,0.108585,0.253917,0.398846,0.863018,0.783628,0.817446,0.0455716,0,nan,7.39398,0.213167,-0.208603,0.114758,-0.277012,0.116102,0.826881,4,63.537,74.9427,0.557985,0.84951,0.863894,0.671917,0.591084,0.0726988,1.82685,arms_ik
l1,isaac,policy,1,/home/humanoid/Programs/Humanoid_Simulation/Locomanipulation_game/logs/skrl/locomanip_marl/paper1/checkpoints/agent_91200.pt,0,b067_d10_e00,67,0.1,0,0.425902,0.477929,0.572774,0.124015,-0.607387,0.701364,1.57517,0,0,0,0,nan,0.217674,0.334973,0.633064,0,0,0,0,0.317417,0.175475,0.623655,0.186385,0.244429,0.467196,0.874687,0.782683,0.82817,0.0465174,0,nan,5.76901,0.203665,-0.213947,0.125031,-0.313096,0.119356,1.10119,5,37.1732,57.2602,0.432366,0.825187,0.875839,0.575261,0.569875,0.0803958,1.75504,arms_ik
l1,isaac,policy,1,/home/humanoid/Programs/Humanoid_Simulation/Locomanipulation_game/logs/skrl/locomanip_marl/paper1/checkpoints/agent_91200.pt,0,b067_d20_e00,67,0.2,0,0.425902,0.477929,0.472774,0.124015,-0.607387,0.601364,1.47517,0,0,0,0,nan,0.145703,0.220036,0.482192,0,0,0,0,0.190272,0.141731,0.387542,0.200959,0.15707,0.303199,0.884365,0.791067,0.798342,0.0860227,0,nan,5.59644,0.189098,-0.179188,0.0569234,-0.208748,0.0458209,1.44576,8,17.6097,34.076,0.256152,0.85097,0.860139,0.792545,0.565811,0.0723948,2.49114,arms_ik
l1,isaac,policy,1,/home/humanoid/Programs/Humanoid_Simulation/Locomanipulation_game/logs/skrl/locomanip_marl/paper1/checkpoints/agent_91200.pt,0,b067_d30_e00,67,0.3,0,0.425902,0.477929,0.372774,0.124015,-0.607387,0.501364,1.37517,0,0,0,1,nan,0.0543804,0.100907,0.242844,0,0,0,0,0.0966563,0.0821244,0.213274,0.0752996,0.0773548,0.134773,0.871025,0.801407,0.817103,0.053922,0,nan,4.86353,0.146514,-0.206677,0.109789,-0.240584,0.110097,1.04507,1,18.6062,14.2672,0.167996,0.805186,0.673051,0.312709,0.522065,0.0717457,-0.727956,arms_ik
l1,isaac,policy,1,/home/humanoid/Programs/Humanoid_Simulation/Locomanipulation_game/logs/skrl/locomanip_marl/paper1/checkpoints/agent_91200.pt,0,b067_d40_e00,67,0.4,0,0.425902,0.477929,0.272774,0.124015,-0.607387,0.401364,1.27517,0,0,0,0,nan,0.0468393,0.0882751,0.212292,0,0,0,1,0.0721687,0.0637572,0.185219,0.068823,0.0680237,0.13914,0.874374,0.79072,0.812838,0.0615365,0,nan,7.3225,0.178452,-0.163891,0.11701,-0.231696,0.121189,0.864632,3,14.7634,15.7629,0.180955,0.6371,0.790559,0.401756,0.523052,0.0610849,0.175421,arms_ik
l1,isaac,policy,1,/home/humanoid/Programs/Humanoid_Simulation/Locomanipulation_game/logs/skrl/locomanip_marl/paper1/checkpoints/agent_91200.pt,0,b067_d50_e00,67,0.5,0,0.425902,0.477929,0.172774,0.124015,-0.607387,0.301364,1.17517,0,0,0,0,nan,0.0839606,0.12921,0.231625,0,0,0,0,0.132292,0.104126,0.186631,0.117693,0.120916,0.189554,0.856111,0.77495,0.780415,0.0756958,0,nan,6.12425,0.189541,-0.192979,0.129807,-0.238207,0.127614,0.94411,4,37.6048,15.1314,0.285749,0.853301,0.682443,0.692674,0.496792,0.0736775,1.00832,arms_ik
l1,isaac,policy,1,/home/humanoid/Programs/Humanoid_Simulation/Locomanipulation_game/logs/skrl/locomanip_marl/paper1/checkpoints/agent_91200.pt,0,b067_d60_e00,67,0.6,0,0.425902,0.477929,0.0727744,0.124015,-0.607387,0.201364,1.07517,0,0,0,0,nan,0.0557967,0.0917074,0.20633,0,0,0,1,0.0769993,0.0802134,0.140623,0.140912,0.0903806,0.189422,0.866794,0.765756,0.775566,0.0912276,0,nan,4.42837,0.140285,0.0989933,0.107138,0.0812453,0.106741,0.824045,0,39.3066,20.6762,0.398957,0.600483,0.622578,0.369024,0.488619,0.045656,-0.360248,arms_ik
l1,isaac,policy,1,/home/humanoid/Programs/Humanoid_Simulation/Locomanipulation_game/logs/skrl/locomanip_marl/paper1/checkpoints/agent_91200.pt,0,b067_d70_e00,67,0.7,0,0.425902,0.477929,-0.0272256,0.124015,-0.607387,0.101364,0.975174,0,0,0,0,nan,0.0382799,0.10715,0.227397,0,0,0,0,0.10112,0.0628975,0.184155,0.11742,0.0862683,0.178556,0.87088,0.760703,0.774582,0.0962975,0,nan,4.55557,0.124144,-0.113711,0.126876,-0.104645,0.124571,0.678832,0,40.9182,28.4697,0.451523,0.537009,0.651359,0.273482,0.637818,0.0374937,1.94142,arms_ik
l1,isaac,policy,1,/home/humanoid/Programs/Humanoid_Simulation/Locomanipulation_game/logs/skrl/locomanip_marl/paper1/checkpoints/agent_91200.pt,0,b067_d80_e00,67,0.8,0,0.425902,0.477929,-0.127226,0.124015,-0.607387,0.00136424,0.875174,1,0,0,0,nan,0.0482644,0.0931411,0.171022,0,0,0,1,0.0730603,0.0897241,0.148894,0.118561,0.0925212,0.150063,0.873333,0.739927,0.750755,0.122578,0,nan,5.49737,0.126328,-0.0868186,0.124492,-0.10774,0.126101,1.29146,0,35.1191,19.6297,0.345855,0.4848,0.672922,0.310645,0.822842,0.0522,3.79164,arms_ik
l1,isaac,policy,1,/home/humanoid/Programs/Humanoid_Simulation/Locomanipulation_game/logs/skrl/locomanip_marl/paper1/checkpoints/agent_91200.pt,0,b067_d90_e00,67,0.9,0,0.425902,0.477929,-0.227226,0.124015,-0.607387,-0.0986358,0.775174,1,0,0,0,nan,0.0518325,0.0947608,0.180203,0,0,0,1,0.0491281,0.109974,0.148452,0.12868,0.0849074,0.135103,0.870978,0.729524,0.737672,0.133305,0,nan,5.9426,0.141996,0.10705,0.132252,0.0881925,0.129449,1.06376,0,24.411,14.5116,0.224449,0.503034,0.448825,0.300698,0.770921,0.061896,3.77107,arms_ik
l1,isaac,policy,1,/home/humanoid/Programs/Humanoid_Simulation/Locomanipulation_game/logs/skrl/locomanip_marl/paper1/checkpoints/agent_91200.pt,0,b067_d100_e00,67,1,0,0.425902,0.477929,-0.327226,0.124015,-0.607387,-0.198636,0.675174,1,0,0,0,nan,0.0851007,0.126562,0.152658,0,0,0,0,0.113653,0.137751,0.147406,0.126228,0.117017,0.126583,0.876786,0.716779,0.729648,0.147138,0,nan,6.20606,0.125976,-0.113877,0.122221,-0.136459,0.121457,1.02705,0,16.6457,10.5204,0.156575,0.696983,0.485828,0.341155,0.650347,0.0764008,4.66298,arms_ik
l1,isaac,policy,1,/home/humanoid/Programs/Humanoid_Simulation/Locomanipulation_game/logs/skrl/locomanip_marl/paper1/checkpoints/agent_91200.pt,0,b068_d00_e00,68,0,0,0.291984,0.128299,0.856022,0.125523,-0.51171,0.727269,1.72967,0,0,0,0,nan,0.324348,0.569796,1.22597,0,0,0,0,0.536161,0.112536,1.16672,0.294471,0.359354,0.820785,0.866512,0.807352,0.84244,0.0240719,0,nan,6.35322,0.193699,-0.207224,0.126385,-0.264471,0.117627,0.886623,7,24.4246,48.8852,0.249968,0.863851,0.77921,0.786625,0.52688,0.0948085,-0.613371,arms_ik
l1,isaac,policy,1,/home/humanoid/Programs/Humanoid_Simulation/Locomanipulation_game/logs/skrl/locomanip_marl/paper1/checkpoints/agent_91200.pt,0,b068_d10_e00,68,0.1,0,0.291984,0.128299,0.756022,0.125523,-0.51171,0.627269,1.62967,0,0,0,0,nan,0.22482,0.423699,1.04413,0,0,0,0,0.398836,0.0923906,0.930799,0.0632084,0.244228,0.554629,0.86971,0.795355,0.834784,0.0349257,0,nan,6.559,0.191181,-0.21411,0.110215,-0.260984,0.104996,0.766336,3,26.2918,31.9863,0.378885,0.839056,0.783803,0.402001,0.515598,0.0895627,-1.31588,arms_ik
l1,isaac,policy,1,/home/humanoid/Programs/Humanoid_Simulation/Locomanipulation_game/logs/skrl/locomanip_marl/paper1/checkpoints/agent_91200.pt,0,b068_d20_e00,68,0.2,0,0.291984,0.128299,0.656022,0.125523,-0.51171,0.527269,1.52967,0,0,0,0,nan,0.203321,0.415265,0.97607,0,0,0,0,0.377119,0.0846759,0.888881,0.109582,0.23465,0.538527,0.868877,0.785066,0.805965,0.0629117,0,nan,6.86005,0.199008,-0.196689,0.124466,-0.256533,0.121336,0.937926,3,32.9928,18.8773,0.249962,0.79668,0.865291,0.722976,0.547988,0.0710351,-0.95704,arms_ik
l1,isaac,policy,1,/home/humanoid/Programs/Humanoid_Simulation/Locomanipulation_game/logs/skrl/locomanip_marl/paper1/checkpoints/agent_91200.pt,0,b068_d30_e00,68,0.3,0,0.291984,0.128299,0.556022,0.125523,-0.51171,0.427269,1.42967,0,0,0,0,nan,0.140451,0.299402,0.726279,0,0,0,0,0.235915,0.0782366,0.550399,0.208966,0.185927,0.430245,0.876027,0.772921,0.799111,0.0769167,0,nan,6.62448,0.217312,-0.18093,0.105938,-0.223465,0.105472,0.957444,1,42.0825,57.6421,0.61032,0.634829,0.845012,0.464791,0.547836,0.0692862,-2.76986,arms_ik
l1,isaac,policy,1,/home/humanoid/Programs/Humanoid_Simulation/Locomanipulation_game/logs/skrl/locomanip_marl/paper1/checkpoints/agent_91200.pt,0,b068_d40_e00,68,0.4,0,0.291984,0.128299,0.456022,0.125523,-0.51171,0.327269,1.32967,0,0,0,0,nan,0.124962,0.260228,0.659026,0,0,0,0,0.247165,0.110337,0.636502,0.303207,0.17278,0.411761,0.872859,0.771517,0.782611,0.0902482,0,nan,5.45744,0.233214,-0.202712,0.121121,-0.271484,0.12212,1.27726,5,46.4798,59.2836,0.706483,0.837983,0.775657,0.581713,0.519307,0.0459633,-1.0701,arms_ik
l1,isaac,policy,1,/home/humanoid/Programs/Humanoid_Simulation/Locomanipulation_game/logs/skrl/locomanip_marl/paper1/checkpoints/agent_91200.pt,0,b068_d50_e00,68,0.5,0,0.291984,0.128299,0.356022,0.125523,-0.51171,0.227269,1.22967,0,0,0,0,nan,0.0610798,0.147662,0.393336,0,0,0,0,0.0833785,0.109791,0.121523,0.240284,0.103986,0.228436,0.868611,0.763685,0.778975,0.0896365,0,nan,5.21036,0.22536,-0.159682,0.109526,-0.208273,0.114126,1.07122,4,47.0048,66.4177,0.789852,0.739049,0.6929,0.564595,0.493183,0.056931,-2.11455,arms_ik
l1,isaac,policy,1,/home/humanoid/Programs/Humanoid_Simulation/Locomanipulation_game/logs/skrl/locomanip_marl/paper1/checkpoints/agent_91200.pt,0,b068_d60_e00,68,0.6,0,0.291984,0.128299,0.256022,0.125523,-0.51171,0.127269,1.12967,0,0,0,0,nan,0.0317602,0.0788824,0.193415,0,0,1,1,0.0594669,0.047059,0.0960347,0.0963885,0.0734879,0.15257,0.874854,0.752588,0.766317,0.108537,0,nan,3.95018,0.174562,-0.171133,0.132601,-0.175114,0.134006,1.12521,2,36.0187,28.6072,0.50139,0.599814,0.629438,0.489343,0.458624,0.0344085,-0.701058,arms_ik
l1,isaac,policy,1,/home/humanoid/Programs/Humanoid_Simulation/Locomanipulation_game/logs/skrl/locomanip_marl/paper1/checkpoints/agent_91200.pt,0,b068_d70_e00,68,0.7,0,0.291984,0.128299,0.156022,0.125523,-0.51171,0.0272692,1.02967,0,0,1,0,nan,0.0264092,0.0576312,0.269118,0,0,1,1,0.043601,0.118643,0.0736191,0.21051,0.0716443,0.152576,0.86525,0.74617,0.758255,0.106996,0,nan,6.33709,0.179127,-0.195521,0.114976,-0.182782,0.112975,0.98956,1,29.359,40.2489,0.541611,0.701668,0.690966,0.427474,0.494292,0.0568366,-1.17401,arms_ik
l1,isaac,policy,1,/home/humanoid/Programs/Humanoid_Simulation/Locomanipulation_game/logs/skrl/locomanip_marl/paper1/checkpoints/agent_91200.pt,0,b068_d80_e00,68,0.8,0,0.291984,0.128299,0.0560223,0.125523,-0.51171,-0.0727308,0.929669,0,0,1,0,nan,0.0173467,0.0520233,0.485352,0,0,1,1,0.0567953,0.0698388,0.174339,0.446471,0.0453632,0.289264,0.881303,0.737866,0.743668,0.137635,0,nan,5.0339,0.134455,-0.138453,0.117277,-0.109971,0.115611,0.866941,1,22.8561,27.7158,0.396972,0.787565,0.564139,0.517625,0.738937,0.0377207,-0.577368,arms_ik
l1,isaac,policy,1,/home/humanoid/Programs/Humanoid_Simulation/Locomanipulation_game/logs/skrl/locomanip_marl/paper1/checkpoints/agent_91200.pt,0,b068_d90_e00,68,0.9,0,0.291984,0.128299,-0.0439777,0.125523,-0.51171,-0.172731,0.829669,1,0,0,0,nan,0.0327659,0.0785993,1.06734,0,0,0,0,0.0588006,0.0787732,0.086325,0.99404,0.0663814,0.5654,0.858707,0.732131,0.741917,0.11679,0,nan,6.76493,0.143684,-0.131627,0.110407,-0.142434,0.113556,1.077,1,14.6738,21.622,0.251089,0.629269,0.853738,0.490397,0.61501,0.0532259,1.52598,arms_ik
l1,isaac,policy,1,/home/humanoid/Programs/Humanoid_Simulation/Locomanipulation_game/logs/skrl/locomanip_marl/paper1/checkpoints/agent_91200.pt,0,b068_d100_e00,68,1,0,0.291984,0.128299,-0.143978,0.125523,-0.51171,-0.272731,0.729669,1,0,0,0,nan,0.0404266,0.0706415,1.48384,0,0,0,0,0.0760397,0.0715754,0.0833574,1.53604,0.0658565,0.791211,0.874198,0.722069,0.733629,0.140569,0,nan,4.87639,0.126419,-0.166537,0.121663,-0.171039,0.122467,1.15724,0,9.82776,14.6891,0.14618,0.581897,0.482966,0.317953,0.738903,0.0515646,3.09013,arms_ik
l1,isaac,policy,1,/home/humanoid/Programs/Humanoid_Simulation/Locomanipulation_game/logs/skrl/locomanip_marl/paper1/checkpoints/agent_91200.pt,0,b069_d00_e00,69,0,0,0.22836,0.637854,0.711895,0.380109,-0.0641838,0.418318,1.42072,0,0,0,0,nan,0.183995,0.2914,0.613388,0,0,0,0,0.112811,0.25518,0.102887,0.54473,0.204124,0.36002,0.870102,0.774196,0.79643,0.0736721,0,nan,5.35564,0.21181,-0.205107,0.129974,-0.245126,0.12289,1.00838,4,32.5004,19.984,0.287816,0.83792,0.862243,0.563918,0.60325,0.0626952,0.304965,arms_ik
l1,isaac,policy,1,/home/humanoid/Programs/Humanoid_Simulation/Locomanipulation_game/logs/skrl/locomanip_marl/paper1/checkpoints/agent_91200.pt,0,b069_d10_e00,69,0.1,0,0.22836,0.637854,0.611895,0.380109,-0.0641838,0.318318,1.32072,0,0,0,0,nan,0.150027,0.249576,0.517105,0,0,0,0,0.105823,0.233274,0.174447,0.411309,0.159352,0.281115,0.882267,0.775377,0.787161,0.0951059,0,nan,6.59661,0.196022,-0.168915,0.117068,-0.169436,0.122604,1.39621,8,23.2391,14.7741,0.214883,0.841596,0.857001,0.562703,0.601548,0.0630014,2.01146,arms_ik
l1,isaac,policy,1,/home/humanoid/Programs/Humanoid_Simulation/Locomanipulation_game/logs/skrl/locomanip_marl/paper1/checkpoints/agent_91200.pt,0,b069_d20_e00,69,0.2,0,0.22836,0.637854,0.511895,0.380109,-0.0641838,0.218318,1.22072,0,0,0,0,nan,0.0506649,0.0871678,0.182273,0,0,0,1,0.065449,0.0811185,0.117074,0.128343,0.0734527,0.13195,0.869474,0.765476,0.779836,0.0896381,0,nan,6.19618,0.17982,-0.237603,0.123187,-0.258659,0.124863,0.848024,4,16.054,8.24409,0.15372,0.857887,0.76074,0.659018,0.552415,0.0536161,1.24414,arms_ik
l1,isaac,policy,1,/home/humanoid/Programs/Humanoid_Simulation/Locomanipulation_game/logs/skrl/locomanip_marl/paper1/checkpoints/agent_91200.pt,0,b069_d30_e00,69,0.3,0,0.22836,0.637854,0.411895,0.380109,-0.0641838,0.118318,1.12072,0,0,0,0,nan,0.0606315,0.0822506,0.16077,0,0,0,1,0.0841272,0.0952949,0.167395,0.165713,0.0797956,0.150034,0.867471,0.771088,0.775968,0.0915035,0,nan,5.43396,0.167624,-0.240151,0.107363,-0.29061,0.110707,1.14356,4,6.91868,8.09777,0.069961,0.845976,0.791343,0.721072,0.552908,0.046789,1.2892,arms_ik
l1,isaac,policy,1,/home/humanoid/Programs/Humanoid_Simulation/Locomanipulation_game/logs/skrl/locomanip_marl/paper1/checkpoints/agent_91200.pt,0,b069_d40_e00,69,0.4,0,0.22836,0.637854,0.311895,0.380109,-0.0641838,0.0183182,1.02072,0,0,0,0,nan,0.0476474,0.089233,0.209874,0,0,0,1,0.0829867,0.103007,0.186341,0.19818,0.0854438,0.174904,0.890926,0.753717,0.761683,0.129243,0,nan,4.10349,0.143524,0.0996868,0.132958,0.0865845,0.129533,1.7543,0,18.7104,14.653,0.217444,0.648697,0.620702,0.32385,0.672621,0.0527164,0.116392,arms_ik
l1,isaac,policy,1,/home/humanoid/Programs/Humanoid_Simulation/Locomanipulation_game/logs/skrl/locomanip_marl/paper1/checkpoints/agent_91200.pt,0,b069_d50_e00,69,0.5,0,0.22836,0.637854,0.211895,0.380109,-0.0641838,-0.0816818,0.920718,0,0,0,0,nan,0.0367599,0.0759809,0.195523,0,0,1,1,0.0786212,0.061309,0.193644,0.140146,0.0662213,0.157506,0.882957,0.73217,0.752924,0.130033,0,nan,4.44594,0.165006,-0.196643,0.127954,-0.202644,0.12452,0.904049,5,12.108,11.569,0.145024,0.860676,0.740954,0.411767,0.611885,0.0345858,0.699666,arms_ik
l1,isaac,policy,1,/home/humanoid/Programs/Humanoid_Simulation/Locomanipulation_game/logs/skrl/locomanip_marl/paper1/checkpoints/agent_91200.pt,0,b069_d60_e00,69,0.6,0,0.22836,0.637854,0.111895,0.380109,-0.0641838,-0.181682,0.820718,1,0,0,0,nan,0.0229308,0.0740253,0.195074,0,0,1,1,0.0975897,0.11733,0.251953,0.225425,0.07912,0.17171,0.873052,0.724609,0.733313,0.139739,0,nan,6.81445,0.158043,-0.110843,0.120613,-0.0989989,0.121863,0.970544,1,23.034,26.8288,0.311546,0.771291,0.517629,0.369786,0.458228,0.0432269,0.949707,arms_ik
l1,isaac,policy,1,/home/humanoid/Programs/Humanoid_Simulation/Locomanipulation_game/logs/skrl/locomanip_marl/paper1/checkpoints/agent_91200.pt,0,b069_d70_e00,69,0.7,0,0.22836,0.637854,0.0118948,0.380109,-0.0641838,-0.281682,0.720718,1,0,0,0,nan,0.0507405,0.0800127,0.497866,0,0,0,1,0.0779898,0.0851955,0.194485,0.377613,0.085052,0.310186,0.874027,0.70867,0.721839,0.152188,0,nan,7.67771,0.164431,-0.207833,0.123765,-0.243298,0.120096,2.16717,5,8.76671,13.6357,0.143178,0.744455,0.559098,0.398786,0.443936,0.0496048,3.07015,arms_ik
l1,isaac,policy,1,/home/humanoid/Programs/Humanoid_Simulation/Locomanipulation_game/logs/skrl/locomanip_marl/paper1/checkpoints/agent_91200.pt,0,b069_d80_e00,69,0.8,0,0.22836,0.637854,-0.0881052,0.380109,-0.0641838,-0.381682,0.620718,1,0,0,0,nan,0.0705157,0.119968,0.577388,0,0,0,0,0.101543,0.117544,0.205399,0.629221,0.104992,0.406904,0.848001,0.685706,0.692808,0.155194,0,nan,5.48319,0.150292,0.107952,0.122568,0.0969958,0.124056,1.18543,0,11.2586,13.286,0.154431,0.72156,0.416967,0.386614,0.486742,0.0530108,3.8419,arms_ik
l1,isaac,policy,1,/home/humanoid/Programs/Humanoid_Simulation/Locomanipulation_game/logs/skrl/locomanip_marl/paper1/checkpoints/agent_91200.pt,0,b069_d90_e00,69,0.9,0,0.22836,0.637854,-0.188105,0.380109,-0.0641838,-0.481682,0.520718,1,0,0,0,nan,0.111829,0.184704,0.718454,0,0,0,0,0.0979623,0.161895,0.283933,0.641761,0.136967,0.48026,0.873413,0.686202,0.689808,0.183606,0,nan,6.59568,0.161985,-0.12335,0.113527,-0.136843,0.112752,2.04617,0,16.5971,25.4038,0.264294,0.844023,0.38613,0.401208,0.503564,0.0636205,4.2677,arms_ik
l1,isaac,policy,1,/home/humanoid/Programs/Humanoid_Simulation/Locomanipulation_game/logs/skrl/locomanip_marl/paper1/checkpoints/agent_91200.pt,0,b069_d100_e00,69,1,0,0.22836,0.637854,-0.288105,0.380109,-0.0641838,-0.581682,0.420718,1,0,0,0,nan,0.17439,0.284733,0.790358,0,0,0,0,0.133955,0.271042,0.455951,0.76928,0.199158,0.586376,0.870714,0.670184,0.68131,0.189404,0,nan,7.81052,0.197586,-0.19715,0.11314,-0.18367,0.114989,2.14483,2,14.7966,27.4216,0.251545,0.848585,0.666351,0.370108,0.616708,0.0815735,5.6412,arms_ik
l1,isaac,policy,1,/home/humanoid/Programs/Humanoid_Simulation/Locomanipulation_game/logs/skrl/locomanip_marl/paper1/checkpoints/agent_91200.pt,0,b070_d00_e00,70,0,0,0.314963,0.483611,0.563481,0.198996,-0.434312,0.58525,1.56588,0,0,0,0,nan,0.122543,0.226319,1.06474,0,0,0,0,0.203837,0.0865169,0.38838,1.29194,0.146643,0.780195,0.867547,0.785247,0.811505,0.0560419,0,nan,6.53603,0.181679,-0.229212,0.120243,-0.26623,0.106147,1.14433,4,33.1058,40.6406,0.345273,0.730612,0.852805,0.513781,0.660335,0.0393451,-0.994185,arms_ik
l1,isaac,policy,1,/home/humanoid/Programs/Humanoid_Simulation/Locomanipulation_game/logs/skrl/locomanip_marl/paper1/checkpoints/agent_91200.pt,0,b070_d10_e00,70,0.1,0,0.314963,0.483611,0.463481,0.198996,-0.434312,0.48525,1.46588,0,0,0,0,nan,0.068739,0.115174,0.830505,0,0,0,0,0.0735235,0.0674082,0.136328,0.748622,0.084193,0.459749,0.852219,0.802521,0.827288,0.0249318,0,nan,5.30689,0.159201,-0.188823,0.114661,-0.228772,0.110861,1.33756,3,31.8531,36.2245,0.337542,0.851221,0.794627,0.499728,0.535364,0.0307946,-1.99864,arms_ik
l1,isaac,policy,1,/home/humanoid/Programs/Humanoid_Simulation/Locomanipulation_game/logs/skrl/locomanip_marl/paper1/checkpoints/agent_91200.pt,0,b070_d20_e00,70,0.2,0,0.314963,0.483611,0.363481,0.198996,-0.434312,0.38525,1.36588,0,0,0,0,nan,0.0655871,0.146528,0.50679,0,0,0,0,0.177871,0.0494248,0.345408,0.420639,0.126069,0.396993,0.871525,0.77332,0.837603,0.0339212,0,nan,5.04645,0.189826,-0.256433,0.124166,-0.308171,0.120859,0.962894,6,20.6579,18.1887,0.247069,0.862123,0.853259,0.441645,0.539008,0.0328587,-2.48834,arms_ik
l1,isaac,policy,1,/home/humanoid/Programs/Humanoid_Simulation/Locomanipulation_game/logs/skrl/locomanip_marl/paper1/checkpoints/agent_91200.pt,0,b070_d30_e00,70,0.3,0,0.314963,0.483611,0.263481,0.198996,-0.434312,0.28525,1.26588,0,0,0,1,nan,0.0342267,0.0748438,0.313595,0,0,1,1,0.0853911,0.0261897,0.228154,0.28769,0.0514355,0.234825,0.881145,0.799905,0.8215,0.0596454,0,nan,5.32852,0.147288,-0.206161,0.092871,-0.242924,0.0873373,1.23416,4,20.12,16.4441,0.227202,0.613813,0.545155,0.526595,0.5622,0.0372132,-3.84083,arms_ik
l1,isaac,policy,1,/home/humanoid/Programs/Humanoid_Simulation/Locomanipulation_game/logs/skrl/locomanip_marl/paper1/checkpoints/agent_91200.pt,0,b070_d40_e00,70,0.4,0,0.314963,0.483611,0.163481,0.198996,-0.434312,0.18525,1.16588,0,0,0,1,nan,0.0396323,0.0842867,0.227993,0,0,0,1,0.0627459,0.04354,0.190312,0.117385,0.060368,0.173196,0.873148,0.798649,0.822592,0.0505565,0,nan,5.44816,0.177203,-0.226919,0.0891601,-0.258165,0.0808314,2.14359,4,20.103,15.8932,0.214563,0.700001,0.574721,0.446144,0.479329,0.0379195,-3.46296,arms_ik
l1,isaac,policy,1,/home/humanoid/Programs/Humanoid_Simulation/Locomanipulation_game/logs/skrl/locomanip_marl/paper1/checkpoints/agent_91200.pt,0,b070_d50_e00,70,0.5,0,0.314963,0.483611,0.0634813,0.198996,-0.434312,0.0852503,1.06588,0,0,0,0,nan,0.0502802,0.0649175,0.23343,0,0,1,1,0.0579772,0.0725377,0.166339,0.105611,0.0627195,0.209614,0.885895,0.80062,0.830804,0.0550913,0,nan,4.66502,0.164723,0.0800934,0.0968983,0.0583284,0.092036,1.99716,0,10.3182,18.7349,0.131911,0.573875,0.589606,0.451463,0.487237,0.0418731,-2.76103,arms_ik
l1,isaac,policy,1,/home/humanoid/Programs/Humanoid_Simulation/Locomanipulation_game/logs/skrl/locomanip_marl/paper1/checkpoints/agent_91200.pt,0,b070_d60_e00,70,0.6,0,0.314963,0.483611,-0.0365187,0.198996,-0.434312,-0.0147497,0.965881,0,0,0,0,nan,0.0492656,0.0806715,0.187236,0,0,0,1,0.0905933,0.0881981,0.182639,0.123572,0.0802671,0.163681,0.868199,0.775645,0.797899,0.0702999,0,nan,4.4544,0.174159,-0.200739,0.122423,-0.211303,0.112969,1.3406,4,15.1822,13.1862,0.174905,0.840574,0.855726,0.511914,0.580475,0.0514033,1.00814,arms_ik
l1,isaac,policy,1,/home/humanoid/Programs/Humanoid_Simulation/Locomanipulation_game/logs/skrl/locomanip_marl/paper1/checkpoints/agent_91200.pt,0,b070_d70_e00,70,0.7,0,0.314963,0.483611,-0.136519,0.198996,-0.434312,-0.11475,0.865881,1,0,0,1,nan,0.0341514,0.0764905,0.185835,0,0,1,1,0.0907735,0.0556236,0.164536,0.120659,0.0719015,0.173433,0.849523,0.769392,0.787168,0.062355,0,nan,4.56152,0.123006,0.116173,0.122828,0.114037,0.122306,1.87649,0,8.93804,9.55109,0.11181,0.476757,0.543911,0.270937,0.626993,0.0543677,1.47478,arms_ik
l1,isaac,policy,1,/home/humanoid/Programs/Humanoid_Simulation/Locomanipulation_game/logs/skrl/locomanip_marl/paper1/checkpoints/agent_91200.pt,0,b070_d80_e00,70,0.8,0,0.314963,0.483611,-0.236519,0.198996,-0.434312,-0.21475,0.765881,1,0,0,1,nan,0.0329924,0.091955,0.194567,0,0,0,1,0.0982632,0.0699046,0.157009,0.102197,0.0737624,0.136277,0.861641,0.751297,0.76225,0.0993907,0,nan,5.78492,0.143654,-0.15566,0.133263,-0.157839,0.130543,2.43079,0,21.5777,15.1539,0.232489,0.52223,0.599272,0.383963,0.424848,0.0618625,3.04392,arms_ik
l1,isaac,policy,1,/home/humanoid/Programs/Humanoid_Simulation/Locomanipulation_game/logs/skrl/locomanip_marl/paper1/checkpoints/agent_91200.pt,0,b070_d90_e00,70,0.9,0,0.314963,0.483611,-0.336519,0.198996,-0.434312,-0.31475,0.665881,1,0,0,0,nan,0.0836403,0.151648,0.198733,0,0,0,0,0.135995,0.107676,0.200859,0.105161,0.111422,0.129087,0.865175,0.704996,0.711495,0.15368,0,nan,9.4875,0.166684,-0.21333,0.130757,-0.234657,0.12783,1.60726,2,12.3724,13.9167,0.155211,0.770702,0.604029,0.486089,0.446718,0.0539983,5.37401,arms_ik
l1,isaac,policy,1,/home/humanoid/Programs/Humanoid_Simulation/Locomanipulation_game/logs/skrl/locomanip_marl/paper1/checkpoints/agent_91200.pt,0,b070_d100_e00,70,1,0,0.314963,0.483611,-0.436519,0.198996,-0.434312,-0.41475,0.565881,1,0,0,0,nan,0.124165,0.217531,0.214977,0,0,0,0,0.215858,0.063702,0.16813,0.0907555,0.135892,0.131566,0.846926,0.725678,0.731952,0.114974,0,nan,9.00767,0.162568,0.0976589,0.128577,0.0959805,0.126573,0.975139,0,16.679,10.9222,0.142815,0.525054,0.451167,0.384619,0.492019,0.0568984,4.73004,arms_ik
l1,isaac,policy,1,/home/humanoid/Programs/Humanoid_Simulation/Locomanipulation_game/logs/skrl/locomanip_marl/paper1/checkpoints/agent_91200.pt,0,b071_d00_e00,71,0,0,0.401962,0.116647,0.816451,0.153362,-0.48655,0.887578,1.81885,0,0,0,0,nan,0.562589,0.664024,1.39144,0,0,0,0,0.636858,0.48832,1.30858,1.18327,0.598041,1.26787,0.86437,0.788771,0.833658,0.0307113,0,nan,7.16032,0.222527,-0.171634,0.122934,-0.229012,0.10512,1.47506,7,26.8655,25.9962,0.315168,0.870326,0.878084,0.64695,0.714102,0.0912111,0.316485,arms_ik
l1,isaac,policy,1,/home/humanoid/Programs/Humanoid_Simulation/Locomanipulation_game/logs/skrl/locomanip_marl/paper1/checkpoints/agent_91200.pt,0,b071_d10_e00,71,0.1,0,0.401962,0.116647,0.716451,0.153362,-0.48655,0.787578,1.71885,0,0,0,0,nan,0.353016,0.531659,1.14099,0,0,0,0,0.486297,0.219736,1.03682,0.631317,0.396061,0.903084,0.860878,0.799635,0.842776,0.0181026,0,nan,8.14066,0.208691,-0.180728,0.123754,-0.234995,0.12343,0.860841,6,29.0093,34.2425,0.261829,0.863035,0.871145,0.563478,0.575955,0.11821,0.0445461,arms_ik
l1,isaac,policy,1,/home/humanoid/Programs/Humanoid_Simulation/Locomanipulation_game/logs/skrl/locomanip_marl/paper1/checkpoints/agent_91200.pt,0,b071_d20_e00,71,0.2,0,0.401962,0.116647,0.616451,0.153362,-0.48655,0.687578,1.61885,0,0,0,0,nan,0.221023,0.425478,0.93496,0,0,0,0,0.376368,0.0656791,0.792713,0.170017,0.263964,0.6121,0.857256,0.789916,0.839135,0.0181208,0,nan,7.99467,0.186328,-0.160721,0.12656,-0.18661,0.121144,0.850414,5,17.3127,51.1363,0.18569,0.790935,0.857833,0.407711,0.680987,0.0907619,0.270063,arms_ik
l1,isaac,policy,1,/home/humanoid/Programs/Humanoid_Simulation/Locomanipulation_game/logs/skrl/locomanip_marl/paper1/checkpoints/agent_91200.pt,0,b071_d30_e00,71,0.3,0,0.401962,0.116647,0.516451,0.153362,-0.48655,0.587578,1.51885,0,0,0,0,nan,0.310592,0.43164,0.843369,0,0,0,0,0.38486,0.236757,0.726964,0.534731,0.331638,0.687396,0.850025,0.788582,0.821434,0.0285908,0,nan,3.14779,0.182488,-0.170574,0.121645,-0.229028,0.119363,1.18964,8,29.259,29.5816,0.354946,0.890211,0.842977,0.681639,0.546129,0.0819672,1.36308,arms_ik
l1,isaac,policy,1,/home/humanoid/Programs/Humanoid_Simulation/Locomanipulation_game/logs/skrl/locomanip_marl/paper1/checkpoints/agent_91200.pt,0,b071_d40_e00,71,0.4,0,0.401962,0.116647,0.416451,0.153362,-0.48655,0.487578,1.41885,0,0,0,0,nan,0.194834,0.385973,0.820524,0,0,0,0,0.34494,0.0694789,0.636401,0.116051,0.217509,0.434503,0.863828,0.797114,0.813433,0.0503949,0,nan,4.88852,0.184082,-0.183085,0.130207,-0.232862,0.128805,0.989925,5,37.3229,39.3111,0.475342,0.817235,0.823969,0.424819,0.501818,0.0774339,0.372462,arms_ik
l1,isaac,policy,1,/home/humanoid/Programs/Humanoid_Simulation/Locomanipulation_game/logs/skrl/locomanip_marl/paper1/checkpoints/agent_91200.pt,0,b071_d50_e00,71,0.5,0,0.401962,0.116647,0.316451,0.153362,-0.48655,0.387578,1.31885,0,0,0,0,nan,0.069299,0.167596,0.514647,0,0,0,0,0.14196,0.0641066,0.269721,0.187485,0.0974457,0.267191,0.871778,0.795695,0.80938,0.0623985,0,nan,4.71291,0.213425,-0.210423,0.119309,-0.244094,0.114215,0.686317,3,56.1097,43.0264,0.694909,0.72738,0.847041,0.45024,0.50053,0.042497,-0.887144,arms_ik
l1,isaac,policy,1,/home/humanoid/Programs/Humanoid_Simulation/Locomanipulation_game/logs/skrl/locomanip_marl/paper1/checkpoints/agent_91200.pt,0,b071_d60_e00,71,0.6,0,0.401962,0.116647,0.216451,0.153362,-0.48655,0.287578,1.21885,0,0,0,1,nan,0.044652,0.0789119,0.202635,0,0,1,1,0.0681957,0.0508789,0.107081,0.0832767,0.0599225,0.118319,0.866721,0.777625,0.790115,0.0766059,0,nan,4.95701,0.165414,-0.191807,0.12605,-0.202014,0.1294,0.840223,2,22.5317,17.481,0.274451,0.732141,0.733627,0.36398,0.498212,0.0441292,-0.853213,arms_ik
l1,isaac,policy,1,/home/humanoid/Programs/Humanoid_Simulation/Locomanipulation_game/logs/skrl/locomanip_marl/paper1/checkpoints/agent_91200.pt,0,b071_d70_e00,71,0.7,0,0.401962,0.116647,0.116451,0.153362,-0.48655,0.187578,1.11885,0,0,0,0,nan,0.0573392,0.112379,0.313107,0,0,0,0,0.125384,0.0961628,0.184359,0.216172,0.114914,0.268517,0.859407,0.775263,0.785563,0.0738443,0,nan,6.37147,0.220492,0.0947188,0.120313,0.0755029,0.124406,0.774738,0,56.6496,67.7704,0.885919,0.575092,0.818473,0.406394,0.540171,0.0426363,-1.51668,arms_ik
l1,isaac,policy,1,/home/humanoid/Programs/Humanoid_Simulation/Locomanipulation_game/logs/skrl/locomanip_marl/paper1/checkpoints/agent_91200.pt,0,b071_d80_e00,71,0.8,0,0.401962,0.116647,0.0164514,0.153362,-0.48655,0.0875777,1.01885,0,0,0,0,nan,0.0409577,0.107289,0.275323,0,0,0,0,0.113338,0.0957842,0.266863,0.181762,0.086396,0.184929,0.87363,0.761586,0.775738,0.0978922,0,nan,5.47536,0.186929,-0.128023,0.106329,-0.140037,0.110174,0.741674,2,44.2309,45.6897,0.678539,0.56029,0.550918,0.344796,0.552881,0.0332315,-0.208813,arms_ik
l1,isaac,policy,1,/home/humanoid/Programs/Humanoid_Simulation/Locomanipulation_game/logs/skrl/locomanip_marl/paper1/checkpoints/agent_91200.pt,0,b071_d90_e00,71,0.9,0,0.401962,0.116647,-0.0835486,0.153362,-0.48655,-0.0124223,0.918851,0,0,0,1,nan,0.0276511,0.0589695,0.130179,0,0,1,1,0.0683524,0.0548677,0.137071,0.106671,0.052512,0.107207,0.856516,0.737775,0.746864,0.109652,0,nan,4.41076,0.112537,0.0992131,0.133868,0.0889478,0.130927,0.897279,0,8.48009,8.03875,0.119509,0.58722,0.463707,0.285255,0.706045,0.030542,1.91609,arms_ik
l1,isaac,policy,1,/home/humanoid/Programs/Humanoid_Simulation/Locomanipulation_game/logs/skrl/locomanip_marl/paper1/checkpoints/agent_91200.pt,0,b071_d100_e00,71,1,0,0.401962,0.116647,-0.183549,0.153362,-0.48655,-0.112422,0.818851,1,0,0,1,nan,0.0314073,0.0543274,0.121773,0,0,1,1,0.0609332,0.0573608,0.108515,0.0991927,0.0536243,0.0985527,0.861712,0.732032,0.735091,0.126621,0,nan,5.09728,0.130198,0.121835,0.134743,0.109892,0.131812,0.953512,0,6.65919,6.83456,0.0963366,0.518072,0.63833,0.292234,0.594493,0.0264304,2.85747,arms_ik
l1,isaac,policy,1,/home/humanoid/Programs/Humanoid_Simulation/Locomanipulation_game/logs/skrl/locomanip_marl/paper1/checkpoints/agent_91200.pt,0,b072_d00_e00,72,0,0,0.287312,0.0324748,0.169446,0.309556,-0.626739,0.538499,1.17185,0,0,0,0,nan,0.137466,0.243719,0.742684,0,0,0,0,0.219344,0.104926,0.697599,0.308102,0.154512,0.455518,0.876675,0.784985,0.81095,0.0657246,0,nan,8.52068,0.165105,-0.139742,0.110431,-0.184673,0.109955,0.818874,6,20.6155,16.4575,0.148387,0.758353,0.844093,0.441963,0.627323,0.061105,0.208394,arms_ik
l1,isaac,policy,1,/home/humanoid/Programs/Humanoid_Simulation/Locomanipulation_game/logs/skrl/locomanip_marl/paper1/checkpoints/agent_91200.pt,0,b072_d10_e00,72,0.1,0,0.287312,0.0324748,0.069446,0.309556,-0.626739,0.438499,1.07185,0,0,0,0,nan,0.0619323,0.195593,0.520416,0,0,0,0,0.214007,0.0852,0.631376,0.262312,0.0978028,0.250073,0.864849,0.76934,0.799824,0.0650254,0,nan,9.59435,0.170761,-0.219419,0.101023,-0.258686,0.108261,1.25226,6,62.3679,48.231,0.430331,0.836761,0.707991,0.540452,0.554293,0.0528784,0.215432,arms_ik
l1,isaac,policy,1,/home/humanoid/Programs/Humanoid_Simulation/Locomanipulation_game/logs/skrl/locomanip_marl/paper1/checkpoints/agent_91200.pt,0,b072_d20_e00,72,0.2,0,0.287312,0.0324748,-0.030554,0.309556,-0.626739,0.338499,0.971846,0,0,0,0,nan,0.0385383,0.127587,0.197737,0,0,0,0,0.109339,0.0406775,0.22426,0.112451,0.071686,0.13409,0.869745,0.748321,0.769237,0.100508,0,nan,9.08569,0.163676,-0.203771,0.130382,-0.245952,0.128294,0.968847,7,25.1368,44.0905,0.36965,0.847587,0.705329,0.594504,0.522192,0.0635022,0.869287,arms_ik
l1,isaac,policy,1,/home/humanoid/Programs/Humanoid_Simulation/Locomanipulation_game/logs/skrl/locomanip_marl/paper1/checkpoints/agent_91200.pt,0,b072_d30_e00,72,0.3,0,0.287312,0.0324748,-0.130554,0.309556,-0.626739,0.238499,0.871846,1,0,0,0,nan,0.0361285,0.0702018,0.228709,0,0,1,1,0.0312564,0.0751895,0.0527977,0.0941595,0.057085,0.105635,0.85766,0.762913,0.770683,0.0869767,0,nan,6.24475,0.146114,0.121289,0.133077,0.105079,0.129223,1.08922,0,15.8857,26.9592,0.268977,0.736066,0.850439,0.391814,0.549211,0.0459209,-0.373997,arms_ik
l1,isaac,policy,1,/home/humanoid/Programs/Humanoid_Simulation/Locomanipulation_game/logs/skrl/locomanip_marl/paper1/checkpoints/agent_91200.pt,0,b072_d40_e00,72,0.4,0,0.287312,0.0324748,-0.230554,0.309556,-0.626739,0.138499,0.771846,1,0,0,0,nan,0.0285365,0.0701201,0.101823,0,0,1,1,0.049858,0.0836232,0.041505,0.244942,0.0639826,0.0778911,0.864913,0.748437,0.770884,0.094029,0,nan,6.25892,0.119946,0.100871,0.126443,0.0892845,0.126859,1.08091,0,7.07611,11.1726,0.0983447,0.614981,0.474286,0.349663,0.51089,0.0594701,-0.340551,arms_ik
l1,isaac,policy,1,/home/humanoid/Programs/Humanoid_Simulation/Locomanipulation_game/logs/skrl/locomanip_marl/paper1/checkpoints/agent_91200.pt,0,b072_d50_e00,72,0.5,0,0.287312,0.0324748,-0.330554,0.309556,-0.626739,0.0384986,0.671846,1,0,0,0,nan,0.0678179,0.104232,0.135179,0,0,0,0,0.11795,0.0647586,0.140909,0.0778659,0.0843372,0.113063,0.894037,0.745404,0.754484,0.139553,0,nan,6.27051,0.129973,0.109331,0.131107,0.0990711,0.131265,1.13347,0,13.4569,21.6372,0.230988,0.624653,0.401369,0.316448,0.4381,0.0496292,2.04662,arms_ik
l1,isaac,policy,1,/home/humanoid/Programs/Humanoid_Simulation/Locomanipulation_game/logs/skrl/locomanip_marl/paper1/checkpoints/agent_91200.pt,0,b072_d60_e00,72,0.6,0,0.287312,0.0324748,-0.430554,0.309556,-0.626739,-0.0615014,0.571846,1,0,0,0,nan,0.102517,0.143218,0.143469,0,0,0,0,0.137629,0.102745,0.084665,0.130423,0.114868,0.0913636,0.86578,0.731122,0.738659,0.127121,0,nan,9.02465,0.131704,0.108486,0.134509,0.079314,0.131932,1.97651,0,6.80155,12.995,0.147134,0.58026,0.778288,0.353712,0.409942,0.0579365,3.31018,arms_ik
l1,isaac,policy,1,/home/humanoid/Programs/Humanoid_Simulation/Locomanipulation_game/logs/skrl/locomanip_marl/paper1/checkpoints/agent_91200.pt,0,b072_d70_e00,72,0.7,0,0.287312,0.0324748,-0.530554,0.309556,-0.626739,-0.161501,0.471846,1,0,0,0,nan,0.137767,0.210206,0.139431,0,0,0,0,0.202826,0.117041,0.0927978,0.132102,0.156494,0.105461,0.872222,0.708467,0.715177,0.157045,0,nan,10.6731,0.145416,0.116725,0.129217,0.111344,0.127701,1.21648,0,4.34793,9.83198,0.106891,0.615391,0.587512,0.315945,0.462712,0.0706337,3.73646,arms_ik
l1,isaac,policy,1,/home/humanoid/Programs/Humanoid_Simulation/Locomanipulation_game/logs/skrl/locomanip_marl/paper1/checkpoints/agent_91200.pt,0,b072_d80_e00,72,0.8,0,0.287312,0.0324748,-0.630554,0.309556,-0.626739,-0.261501,0.371846,1,0,0,0,nan,0.179234,0.304756,0.148563,0,0,0,0,0.297328,0.0869038,0.145159,0.0235665,0.19485,0.0968806,0.856456,0.710527,0.716973,0.139483,0,nan,11.8063,0.157151,0.112636,0.125048,0.0874768,0.125654,0.886907,0,5.0691,11.8522,0.131888,0.6362,0.535658,0.341919,0.533392,0.0550093,3.2885,arms_ik
l1,isaac,policy,1,/home/humanoid/Programs/Humanoid_Simulation/Locomanipulation_game/logs/skrl/locomanip_marl/paper1/checkpoints/agent_91200.pt,0,b072_d90_e00,72,0.9,0,0.287312,0.0324748,-0.730554,0.309556,-0.626739,-0.361501,0.271846,1,0,0,0,nan,0.2253,0.384315,0.137085,0,0,0,0,0.383271,0.106924,0.108128,0.0778872,0.240092,0.10466,0.863423,0.70041,0.711399,0.152023,0,nan,12.0561,0.163082,-0.0307812,0.0946878,-0.0158692,0.0987646,1.13197,5,6.33728,13.6545,0.128232,0.782884,0.622091,0.362907,0.55413,0.0532218,4.26019,arms_ik
l1,isaac,policy,1,/home/humanoid/Programs/Humanoid_Simulation/Locomanipulation_game/logs/skrl/locomanip_marl/paper1/checkpoints/agent_91200.pt,0,b072_d100_e00,72,1,0,0.287312,0.0324748,-0.830554,0.309556,-0.626739,-0.461501,0.171846,1,0,0,0,nan,0.314147,0.480455,0.136524,0,0,0,0,0.467892,0.171476,0.133969,0.0757883,0.324926,0.104738,0.881173,0.696979,0.706137,0.175036,0,nan,12.486,0.15072,-0.0289397,0.112112,-0.0264596,0.109184,0.987264,3,5.49223,8.95856,0.095143,0.697427,0.438615,0.330971,0.692694,0.0568132,4.46632,arms_ik
l1,isaac,policy,1,/home/humanoid/Programs/Humanoid_Simulation/Locomanipulation_game/logs/skrl/locomanip_marl/paper1/checkpoints/agent_91200.pt,0,b073_d00_e00,73,0,0,0.463442,0.219885,0.614618,0.11588,-0.700342,0.645176,1.61702,0,0,0,0,nan,0.296665,0.472972,1.09798,0,0,0,0,0.449189,0.17903,1.02658,0.16028,0.314396,0.58155,0.877716,0.754066,0.803036,0.0746795,0,nan,5.50759,0.179387,-0.197654,0.0983449,-0.229935,0.0975366,0.884831,3,27.8169,23.0897,0.286396,0.818972,0.918747,0.564151,0.698041,0.0695253,2.11781,arms_ik
l1,isaac,policy,1,/home/humanoid/Programs/Humanoid_Simulation/Locomanipulation_game/logs/skrl/locomanip_marl/paper1/checkpoints/agent_91200.pt,0,b073_d10_e00,73,0.1,0,0.463442,0.219885,0.514618,0.11588,-0.700342,0.545176,1.51702,0,0,0,0,nan,0.233545,0.421465,0.969178,0,0,0,0,0.424243,0.127566,0.919858,0.15492,0.260022,0.527346,0.873981,0.778749,0.791791,0.0821896,0,nan,4.77623,0.158214,-0.184909,0.114933,-0.206871,0.118713,1.11531,3,23.2102,15.9877,0.261384,0.715519,0.698142,0.512373,0.685116,0.0690677,1.79171,arms_ik
l1,isaac,policy,1,/home/humanoid/Programs/Humanoid_Simulation/Locomanipulation_game/logs/skrl/locomanip_marl/paper1/checkpoints/agent_91200.pt,0,b073_d20_e00,73,0.2,0,0.463442,0.219885,0.414618,0.11588,-0.700342,0.445176,1.41702,0,0,0,1,nan,0.15368,0.290097,0.675035,0,0,0,0,0.283637,0.0906061,0.646268,0.0600364,0.175551,0.347507,0.881386,0.7715,0.777988,0.103398,0,nan,6.08779,0.152921,-0.163786,0.133344,-0.163852,0.129715,1.05265,1,6.00211,13.3907,0.0816105,0.80793,0.578265,0.474325,0.602371,0.0688314,0.712847,arms_ik
l1,isaac,policy,1,/home/humanoid/Programs/Humanoid_Simulation/Locomanipulation_game/logs/skrl/locomanip_marl/paper1/checkpoints/agent_91200.pt,0,b073_d30_e00,73,0.3,0,0.463442,0.219885,0.314618,0.11588,-0.700342,0.345176,1.31702,0,0,0,0,nan,0.126969,0.280324,0.626883,0,0,0,0,0.270067,0.0721732,0.436249,0.182067,0.158814,0.356827,0.856514,0.758249,0.773234,0.0832807,0,nan,7.65183,0.16023,-0.229001,0.117547,-0.268619,0.118122,0.847511,3,55.454,46.4204,0.576003,0.830391,0.77282,0.560538,0.664914,0.0612852,2.09123,arms_ik
l1,isaac,policy,1,/home/humanoid/Programs/Humanoid_Simulation/Locomanipulation_game/logs/skrl/locomanip_marl/paper1/checkpoints/agent_91200.pt,0,b073_d40_e00,73,0.4,0,0.463442,0.219885,0.214618,0.11588,-0.700342,0.245176,1.21702,0,0,0,0,nan,0.0528747,0.104769,0.321005,0,0,0,0,0.107994,0.0433899,0.217082,0.155094,0.0817854,0.226132,0.868178,0.746504,0.758845,0.109334,0,nan,6.23393,0.127066,0.10704,0.130974,0.0987724,0.127026,1.03436,0,28.4764,34.3874,0.405778,0.626835,0.729595,0.293161,0.684259,0.043194,0.568848,arms_ik
l1,isaac,policy,1,/home/humanoid/Programs/Humanoid_Simulation/Locomanipulation_game/logs/skrl/locomanip_marl/paper1/checkpoints/agent_91200.pt,0,b073_d50_e00,73,0.5,0,0.463442,0.219885,0.114618,0.11588,-0.700342,0.145176,1.11702,0,0,0,0,nan,0.0344182,0.095834,0.27195,0,0,0,1,0.0892919,0.0848362,0.22395,0.145289,0.0684569,0.177804,0.865012,0.733621,0.75627,0.108742,0,nan,6.61304,0.152636,-0.189235,0.129369,-0.194173,0.122594,0.861472,2,37.9429,32.4521,0.48946,0.673343,0.850371,0.420334,0.638764,0.0416385,0.665654,arms_ik
l1,isaac,policy,1,/home/humanoid/Programs/Humanoid_Simulation/Locomanipulation_game/logs/skrl/locomanip_marl/paper1/checkpoints/agent_91200.pt,0,b073_d60_e00,73,0.6,0,0.463442,0.219885,0.0146176,0.11588,-0.700342,0.0451765,1.01702,0,0,0,0,nan,0.0447965,0.0876172,0.220215,0,0,0,1,0.0577523,0.0572241,0.159838,0.167037,0.070651,0.182785,0.868964,0.725964,0.738916,0.130048,0,nan,7.18264,0.133044,0.108753,0.129358,0.104584,0.123993,1.11727,0,25.5676,25.2176,0.34063,0.718563,0.582173,0.355543,0.758286,0.0580783,1.43104,arms_ik
l1,isaac,policy,1,/home/humanoid/Programs/Humanoid_Simulation/Locomanipulation_game/logs/skrl/locomanip_marl/paper1/checkpoints/agent_91200.pt,0,b073_d70_e00,73,0.7,0,0.463442,0.219885,-0.0853824,0.11588,-0.700342,-0.0548235,0.917018,0,0,0,0,nan,0.049532,0.123921,0.26453,0,0,0,0,0.0837081,0.0895362,0.208766,0.179706,0.0985006,0.210103,0.864732,0.724962,0.733026,0.131706,0,nan,7.69548,0.153016,-0.0839026,0.132125,-0.104116,0.12608,1.13996,0,33.481,28.4484,0.389397,0.724761,0.613199,0.495665,0.7538,0.0614967,2.94715,arms_ik
l1,isaac,policy,1,/home/humanoid/Programs/Humanoid_Simulation/Locomanipulation_game/logs/skrl/locomanip_marl/paper1/checkpoints/agent_91200.pt,0,b073_d80_e00,73,0.8,0,0.463442,0.219885,-0.185382,0.11588,-0.700342,-0.154824,0.817018,1,0,0,0,nan,0.0615701,0.127623,0.641118,0,0,0,0,0.156125,0.194062,0.338702,0.537121,0.114634,0.373852,0.895498,0.716614,0.727464,0.168034,0,nan,7.92258,0.157549,-0.0911207,0.126243,-0.0841671,0.123392,1.3211,1,58.4826,68.2887,0.758169,0.611873,0.571249,0.36966,0.674678,0.0735797,3.16244,arms_ik
l1,isaac,policy,1,/home/humanoid/Programs/Humanoid_Simulation/Locomanipulation_game/logs/skrl/locomanip_marl/paper1/checkpoints/agent_91200.pt,0,b073_d90_e00,73,0.9,0,0.463442,0.219885,-0.285382,0.11588,-0.700342,-0.254824,0.717018,1,0,0,0,nan,0.0611494,0.0980746,0.682586,0,0,0,0,0.126957,0.114643,0.172393,0.69435,0.0957876,0.422279,0.857173,0.68474,0.694575,0.162597,0,nan,7.99125,0.135668,-0.110974,0.126989,-0.106484,0.123442,1.27749,0,26.878,24.4546,0.319977,0.730989,0.371944,0.343709,0.527944,0.0830655,5.80974,arms_ik
l1,isaac,policy,1,/home/humanoid/Programs/Humanoid_Simulation/Locomanipulation_game/logs/skrl/locomanip_marl/paper1/checkpoints/agent_91200.pt,0,b073_d100_e00,73,1,0,0.463442,0.219885,-0.385382,0.11588,-0.700342,-0.354824,0.617018,1,0,0,0,nan,0.123173,0.148678,0.87447,0,0,0,0,0.154294,0.120133,0.0521676,0.848129,0.149415,0.51468,0.87249,0.686462,0.692419,0.180071,0,nan,8.08494,0.14432,-0.177704,0.119567,-0.158305,0.11981,0.99567,1,44.3861,38.6904,0.514863,0.622689,0.455493,0.335706,0.521008,0.0927299,4.83142,arms_ik
l1,isaac,policy,1,/home/humanoid/Programs/Humanoid_Simulation/Locomanipulation_game/logs/skrl/locomanip_marl/paper1/checkpoints/agent_91200.pt,0,b074_d00_e00,74,0,0,0.465272,0.42549,0.296723,0.302656,-0.481438,0.0560329,1.05843,0,0,0,0,nan,0.0550479,0.125186,0.258801,0,0,0,0,0.140853,0.14582,0.302799,0.26819,0.0999533,0.179126,0.871117,0.78654,0.83636,0.034757,0,nan,6.24657,0.172584,-0.162787,0.13482,-0.20016,0.131991,0.860859,3,31.9443,38.3987,0.4295,0.674444,0.756916,0.582215,0.522371,0.0539432,-0.5228,arms_ik
l1,isaac,policy,1,/home/humanoid/Programs/Humanoid_Simulation/Locomanipulation_game/logs/skrl/locomanip_marl/paper1/checkpoints/agent_91200.pt,0,b074_d10_e00,74,0.1,0,0.465272,0.42549,0.196723,0.302656,-0.481438,-0.0439671,0.958433,0,0,0,0,nan,0.0573445,0.134511,0.285435,0,0,0,0,0.1547,0.121731,0.316956,0.186109,0.119443,0.215436,0.878777,0.784801,0.794356,0.0844213,0,nan,5.51391,0.144781,0.11558,0.125952,0.10088,0.123131,0.891652,0,41.6322,55.548,0.576627,0.493986,0.749163,0.448856,0.57656,0.0576487,-0.0667236,arms_ik
l1,isaac,policy,1,/home/humanoid/Programs/Humanoid_Simulation/Locomanipulation_game/logs/skrl/locomanip_marl/paper1/checkpoints/agent_91200.pt,0,b074_d20_e00,74,0.2,0,0.465272,0.42549,0.0967228,0.302656,-0.481438,-0.143967,0.858433,1,0,0,0,nan,0.0603871,0.115988,0.284327,0,0,0,0,0.118381,0.0779953,0.224936,0.0639024,0.110959,0.175787,0.862739,0.747666,0.754875,0.107864,0,nan,6.79543,0.135517,0.110375,0.132133,0.0826473,0.126493,1.12428,0,39.8962,35.2855,0.411096,0.636193,0.63894,0.321124,0.753274,0.0630836,3.14849,arms_ik
l1,isaac,policy,1,/home/humanoid/Programs/Humanoid_Simulation/Locomanipulation_game/logs/skrl/locomanip_marl/paper1/checkpoints/agent_91200.pt,0,b074_d30_e00,74,0.3,0,0.465272,0.42549,-0.00327717,0.302656,-0.481438,-0.243967,0.758433,1,0,0,0,nan,0.0648231,0.0983198,0.200878,0,0,0,1,0.128404,0.0921833,0.218983,0.129589,0.0957721,0.152823,0.858923,0.731565,0.745474,0.113449,0,nan,6.48632,0.130001,0.12029,0.127292,0.103419,0.124682,1.16807,0,19.244,20.2394,0.242284,0.515761,0.66446,0.305295,0.529517,0.0684882,3.73976,arms_ik
l1,isaac,policy,1,/home/humanoid/Programs/Humanoid_Simulation/Locomanipulation_game/logs/skrl/locomanip_marl/paper1/checkpoints/agent_91200.pt,0,b074_d40_e00,74,0.4,0,0.465272,0.42549,-0.103277,0.302656,-0.481438,-0.343967,0.658433,1,0,0,0,nan,0.0629961,0.0968556,0.367083,0,0,0,1,0.0628408,0.0718592,0.282713,0.0885722,0.0937399,0.233481,0.861677,0.716326,0.722228,0.139449,0,nan,6.61961,0.145692,-0.150967,0.131796,-0.163284,0.128961,0.962808,1,29.6693,22.9423,0.295676,0.662225,0.62069,0.306173,0.445657,0.0642496,4.0719,arms_ik
l1,isaac,policy,1,/home/humanoid/Programs/Humanoid_Simulation/Locomanipulation_game/logs/skrl/locomanip_marl/paper1/checkpoints/agent_91200.pt,0,b074_d50_e00,74,0.5,0,0.465272,0.42549,-0.203277,0.302656,-0.481438,-0.443967,0.558433,1,0,0,0,nan,0.103462,0.161196,0.434002,0,0,0,0,0.0877269,0.159728,0.458346,0.112028,0.124119,0.272152,0.865653,0.705302,0.710338,0.155315,0,nan,7.85254,0.132635,-0.113091,0.131654,-0.128519,0.129577,1.10606,0,9.05645,12.7473,0.129226,0.578815,0.630884,0.317861,0.493219,0.0737985,4.81968,arms_ik
l1,isaac,policy,1,/home/humanoid/Programs/Humanoid_Simulation/Locomanipulation_game/logs/skrl/locomanip_marl/paper1/checkpoints/agent_91200.pt,0,b074_d60_e00,74,0.6,0,0.465272,0.42549,-0.303277,0.302656,-0.481438,-0.543967,0.458433,1,0,0,0,nan,0.168107,0.237003,0.605725,0,0,0,0,0.136892,0.238311,0.637027,0.147054,0.184048,0.362073,0.868224,0.710436,0.71905,0.149173,0,nan,8.48394,0.157568,-0.0867547,0.132712,-0.0892722,0.131288,1.22238,0,18.5733,21.2438,0.228653,0.68401,0.546398,0.315679,0.57128,0.0721438,5.87575,arms_ik
l1,isaac,policy,1,/home/humanoid/Programs/Humanoid_Simulation/Locomanipulation_game/logs/skrl/locomanip_marl/paper1/checkpoints/agent_91200.pt,0,b074_d70_e00,74,0.7,0,0.465272,0.42549,-0.403277,0.302656,-0.481438,-0.643967,0.358433,1,0,0,0,nan,0.235059,0.313549,0.70521,0,0,0,0,0.191919,0.297469,0.687902,0.120598,0.243433,0.407045,0.871778,0.703798,0.708103,0.163676,0,nan,7.70317,0.1347,0.108674,0.131543,0.0820422,0.129418,1.67466,0,13.5925,28.6271,0.249408,0.624133,0.478908,0.334468,0.59397,0.0704586,6.12635,arms_ik
l1,isaac,policy,1,/home/humanoid/Programs/Humanoid_Simulation/Locomanipulation_game/logs/skrl/locomanip_marl/paper1/checkpoints/agent_91200.pt,0,b074_d80_e00,74,0.8,0,0.465272,0.42549,-0.503277,0.302656,-0.481438,-0.743967,0.258433,1,0,0,0,nan,0.316766,0.403434,0.809935,0,0,0,0,0.245326,0.395793,0.747314,0.089361,0.33172,0.49637,0.860598,0.695143,0.705844,0.154754,0,nan,9.52869,0.160962,-0.180405,0.130387,-0.203593,0.128217,1.51855,1,26.8017,35.2157,0.324968,0.57958,0.508243,0.41636,0.601001,0.0848021,6.89822,arms_ik
l1,isaac,policy,1,/home/humanoid/Programs/Humanoid_Simulation/Locomanipulation_game/logs/skrl/locomanip_marl/paper1/checkpoints/agent_91200.pt,0,b074_d90_e00,74,0.9,0,0.465272,0.42549,-0.603277,0.302656,-0.481438,-0.843967,0.158433,1,0,0,0,nan,0.383509,0.482145,0.858265,0,0,0,0,0.34061,0.483218,0.928984,0.294376,0.399759,0.508765,0.870931,0.692022,0.697826,0.173106,0,nan,10.7671,0.176052,-0.190435,0.130359,-0.182038,0.124328,0.660794,2,34.9184,41.4317,0.40443,0.689202,0.495251,0.352604,0.600295,0.0831473,7.31135,arms_ik
l1,isaac,policy,1,/home/humanoid/Programs/Humanoid_Simulation/Locomanipulation_game/logs/skrl/locomanip_marl/paper1/checkpoints/agent_91200.pt,0,b074_d100_e00,74,1,0,0.465272,0.42549,-0.703277,0.302656,-0.481438,-0.943967,0.0584329,1,0,0,0,nan,0.489705,0.546921,0.875319,0,0,0,0,0.467996,0.551672,0.907608,0.330831,0.499814,0.517053,0.874422,0.685207,0.690283,0.184139,0,nan,10.243,0.182898,-0.16537,0.130855,-0.191883,0.127654,0.686247,2,35.9475,37.4956,0.373196,0.754991,0.403158,0.513286,0.657193,0.0798516,8.13923,arms_ik
l1,isaac,policy,1,/home/humanoid/Programs/Humanoid_Simulation/Locomanipulation_game/logs/skrl/locomanip_marl/paper1/checkpoints/agent_91200.pt,0,b075_d00_e00,75,0,0,0.320814,0.306058,0.419308,0.409534,-0.0330965,0.146422,1.14882,0,0,0,0,nan,0.193099,0.255486,0.377253,0,0,0,0,0.191181,0.232785,0.224357,0.25388,0.217992,0.243885,0.875435,0.776617,0.804014,0.071421,0,nan,7.47206,0.175057,-0.16902,0.113554,-0.196234,0.100903,1.39594,4,21.0038,41.8297,0.159242,0.634844,0.834653,0.477239,0.46622,0.0424462,0.11072,arms_ik
l1,isaac,policy,1,/home/humanoid/Programs/Humanoid_Simulation/Locomanipulation_game/logs/skrl/locomanip_marl/paper1/checkpoints/agent_91200.pt,0,b075_d10_e00,75,0.1,0,0.320814,0.306058,0.319308,0.409534,-0.0330965,0.046422,1.04882,0,0,1,0,nan,0.112038,0.204932,0.316883,0,0,0,0,0.0594476,0.191335,0.129349,0.328665,0.144303,0.251259,0.85809,0.793403,0.813039,0.0450509,0,nan,7.16443,0.183815,-0.155503,0.121101,-0.173536,0.119222,1.63797,2,12.1484,43.9612,0.212779,0.636843,0.785535,0.49028,0.650431,0.0399601,1.15151,arms_ik
l1,isaac,policy,1,/home/humanoid/Programs/Humanoid_Simulation/Locomanipulation_game/logs/skrl/locomanip_marl/paper1/checkpoints/agent_91200.pt,0,b075_d20_e00,75,0.2,0,0.320814,0.306058,0.219308,0.409534,-0.0330965,-0.053578,0.948822,0,0,0,0,nan,0.0558416,0.173199,0.30242,0,0,0,0,0.0524046,0.149304,0.0306123,0.245477,0.106489,0.180168,0.887561,0.763123,0.78235,0.105211,0,nan,8.29838,0.1648,-0.16844,0.121882,-0.166055,0.116706,0.901839,1,11.6868,42.7384,0.187707,0.647414,0.862895,0.660295,0.680524,0.027467,1.38757,arms_ik
l1,isaac,policy,1,/home/humanoid/Programs/Humanoid_Simulation/Locomanipulation_game/logs/skrl/locomanip_marl/paper1/checkpoints/agent_91200.pt,0,b075_d30_e00,75,0.3,0,0.320814,0.306058,0.119308,0.409534,-0.0330965,-0.153578,0.848822,1,0,0,0,nan,0.0236303,0.0833842,0.237813,0,0,0,1,0.0615597,0.0986593,0.133655,0.224775,0.070428,0.156735,0.870906,0.742582,0.748264,0.122642,0,nan,8.48434,0.177127,-0.166436,0.131143,-0.199493,0.125781,1.02228,1,8.45244,23.1251,0.169489,0.760303,0.568732,0.450321,0.451588,0.0259973,1.85347,arms_ik
l1,isaac,policy,1,/home/humanoid/Programs/Humanoid_Simulation/Locomanipulation_game/logs/skrl/locomanip_marl/paper1/checkpoints/agent_91200.pt,0,b075_d40_e00,75,0.4,0,0.320814,0.306058,0.019308,0.409534,-0.0330965,-0.253578,0.748822,1,0,1,0,nan,0.0271176,0.0809793,0.172539,0,0,0,1,0.0409131,0.0738251,0.141636,0.183598,0.0626215,0.16126,0.870984,0.745064,0.75741,0.113574,0,nan,9.01725,0.160553,-0.12145,0.120159,-0.144019,0.109766,1.1206,1,11.7014,15.9156,0.144277,0.538291,0.607406,0.337462,0.497078,0.0201718,3.39506,arms_ik
l1,isaac,policy,1,/home/humanoid/Programs/Humanoid_Simulation/Locomanipulation_game/logs/skrl/locomanip_marl/paper1/checkpoints/agent_91200.pt,0,b075_d50_e00,75,0.5,0,0.320814,0.306058,-0.080692,0.409534,-0.0330965,-0.353578,0.648822,1,0,1,0,nan,0.0598383,0.103241,0.142882,0,0,0,0,0.0319176,0.0987522,0.134846,0.134013,0.0692366,0.134549,0.871159,0.744455,0.751985,0.119175,0,nan,8.46857,0.142736,-0.0985293,0.132549,-0.117724,0.12772,1.92762,1,5.69204,6.25875,0.0768542,0.555603,0.524902,0.506333,0.571856,0.0207217,4.14604,arms_ik
l1,isaac,policy,1,/home/humanoid/Programs/Humanoid_Simulation/Locomanipulation_game/logs/skrl/locomanip_marl/paper1/checkpoints/agent_91200.pt,0,b075_d60_e00,75,0.6,0,0.320814,0.306058,-0.180692,0.409534,-0.0330965,-0.453578,0.548822,1,0,1,0,nan,0.105468,0.187829,0.15319,0,0,0,0,0.0538387,0.196232,0.15889,0.174071,0.122073,0.146774,0.849557,0.715564,0.721567,0.127991,0,nan,7.07174,0.144665,0.118129,0.131869,0.112122,0.127644,1.23327,0,5.82412,9.32307,0.0964362,0.503936,0.396605,0.41985,0.436437,0.0260016,4.25361,arms_ik
l1,isaac,policy,1,/home/humanoid/Programs/Humanoid_Simulation/Locomanipulation_game/logs/skrl/locomanip_marl/paper1/checkpoints/agent_91200.pt,0,b075_d70_e00,75,0.7,0,0.320814,0.306058,-0.280692,0.409534,-0.0330965,-0.553578,0.448822,1,0,0,0,nan,0.158909,0.280555,0.187829,0,0,0,0,0.072711,0.276644,0.14872,0.130875,0.173562,0.148507,0.849873,0.706606,0.7143,0.135573,0,nan,8.86967,0.138631,0.112963,0.125378,0.10176,0.124886,1.23581,0,6.96361,9.13702,0.105367,0.624727,0.500883,0.34417,0.465908,0.0518859,5.8652,arms_ik
l1,isaac,policy,1,/home/humanoid/Programs/Humanoid_Simulation/Locomanipulation_game/logs/skrl/locomanip_marl/paper1/checkpoints/agent_91200.pt,0,b075_d80_e00,75,0.8,0,0.320814,0.306058,-0.380692,0.409534,-0.0330965,-0.653578,0.348822,1,0,0,0,nan,0.209016,0.348405,0.135952,0,0,0,0,0.108678,0.352312,0.140493,0.131088,0.225353,0.113164,0.867241,0.698374,0.703711,0.16353,0,nan,9.24333,0.164602,-0.14507,0.123975,-0.155027,0.123646,1.0861,2,7.58644,5.01213,0.0859972,0.833027,0.476352,0.372872,0.437414,0.0576802,6.07404,arms_ik
l1,isaac,policy,1,/home/humanoid/Programs/Humanoid_Simulation/Locomanipulation_game/logs/skrl/locomanip_marl/paper1/checkpoints/agent_91200.pt,0,b075_d90_e00,75,0.9,0,0.320814,0.306058,-0.480692,0.409534,-0.0330965,-0.753578,0.248822,1,0,0,0,nan,0.265355,0.408633,0.281431,0,0,0,0,0.139019,0.406592,0.105858,0.267155,0.27371,0.215442,0.87266,0.690348,0.69424,0.17842,0,nan,9.5736,0.14954,0.118413,0.131158,0.0921954,0.128217,1.18604,0,16.4809,9.41648,0.171816,0.668016,0.42737,0.391981,0.468657,0.0439996,6.95755,arms_ik
l1,isaac,policy,1,/home/humanoid/Programs/Humanoid_Simulation/Locomanipulation_game/logs/skrl/locomanip_marl/paper1/checkpoints/agent_91200.pt,0,b075_d100_e00,75,1,0,0.320814,0.306058,-0.580692,0.409534,-0.0330965,-0.853578,0.148822,1,0,0,0,nan,0.364897,0.50572,0.263937,0,0,0,0,0.258937,0.522364,0.193619,0.312504,0.375863,0.202532,0.869207,0.695765,0.701026,0.168181,0,nan,9.89105,0.154392,0.110919,0.12831,0.100402,0.125354,1.24914,0,15.2769,17.2801,0.153515,0.594308,0.495288,0.370099,0.537351,0.057866,7.18378,arms_ik
l1,isaac,policy,1,/home/humanoid/Programs/Humanoid_Simulation/Locomanipulation_game/logs/skrl/locomanip_marl/paper1/checkpoints/agent_91200.pt,0,b076_d00_e00,76,0,0,0.318006,0.343772,-0.0030258,0.403883,-0.217957,0.809136,0.999374,0,0,0,0,nan,0.303956,0.603548,1.08851,0,0,0,0,0.0797604,0.598003,0.10886,1.1345,0.335664,0.597173,0.843575,0.804134,0.815686,0.0278881,0,nan,6.0753,0.179645,0.0815095,0.100694,0.0661901,0.0917847,0.844459,0,22.1435,34.8575,0.39704,0.753876,0.580737,0.336066,0.545986,0.0354686,-2.43281,arms_ik
l1,isaac,policy,1,/home/humanoid/Programs/Humanoid_Simulation/Locomanipulation_game/logs/skrl/locomanip_marl/paper1/checkpoints/agent_91200.pt,0,b076_d10_e00,76,0.1,0,0.318006,0.343772,-0.103026,0.403883,-0.217957,0.709136,0.899374,0,0,0,0,nan,0.270871,0.525168,1.05836,0,0,0,0,0.0790931,0.514127,0.104211,1.06483,0.298435,0.584615,0.881646,0.780919,0.797831,0.0838143,0,nan,5.00987,0.168758,0.0926882,0.122496,0.0743288,0.122339,0.903933,0,9.91542,26.6236,0.277086,0.56577,0.580734,0.440707,0.620146,0.0490785,-1.41762,arms_ik
l1,isaac,policy,1,/home/humanoid/Programs/Humanoid_Simulation/Locomanipulation_game/logs/skrl/locomanip_marl/paper1/checkpoints/agent_91200.pt,0,b076_d20_e00,76,0.2,0,0.318006,0.343772,-0.203026,0.403883,-0.217957,0.609136,0.799374,1,0,0,0,nan,0.224217,0.436031,0.927009,0,0,0,0,0.0628551,0.411062,0.134918,0.823124,0.237274,0.502722,0.853674,0.780463,0.789146,0.0645279,0,nan,5.92903,0.1312,-0.0717147,0.11661,-0.0837118,0.109171,0.845528,1,6.31664,16.1077,0.100484,0.556817,0.54358,0.309264,0.571854,0.0378404,0.516956,arms_ik
l1,isaac,policy,1,/home/humanoid/Programs/Humanoid_Simulation/Locomanipulation_game/logs/skrl/locomanip_marl/paper1/checkpoints/agent_91200.pt,0,b076_d30_e00,76,0.3,0,0.318006,0.343772,-0.303026,0.403883,-0.217957,0.509136,0.699374,1,0,0,0,nan,0.189764,0.324905,0.737674,0,0,0,0,0.0799547,0.301703,0.0980684,0.677995,0.199614,0.407842,0.86138,0.756113,0.764632,0.096748,0,nan,3.4696,0.126589,0.108281,0.125388,0.0933165,0.126376,0.754152,0,7.86857,10.9634,0.0804735,0.481554,0.407507,0.337936,0.433268,0.0423915,-0.136343,arms_ik
l1,isaac,policy,1,/home/humanoid/Programs/Humanoid_Simulation/Locomanipulation_game/logs/skrl/locomanip_marl/paper1/checkpoints/agent_91200.pt,0,b076_d40_e00,76,0.4,0,0.318006,0.343772,-0.403026,0.403883,-0.217957,0.409136,0.599374,1,0,0,0,nan,0.212753,0.312671,0.630576,0,0,0,0,0.145891,0.287583,0.124544,0.592452,0.224962,0.355455,0.876929,0.733928,0.744674,0.132254,0,nan,4.73783,0.173248,-0.164117,0.13125,-0.186224,0.129132,1.34874,5,13.9902,13.3752,0.173707,0.773621,0.857939,0.805611,0.522995,0.0577427,2.22287,arms_ik
l1,isaac,policy,1,/home/humanoid/Programs/Humanoid_Simulation/Locomanipulation_game/logs/skrl/locomanip_marl/paper1/checkpoints/agent_91200.pt,0,b076_d50_e00,76,0.5,0,0.318006,0.343772,-0.503026,0.403883,-0.217957,0.309136,0.499374,1,0,0,0,nan,0.189966,0.223693,0.498903,0,0,0,0,0.225065,0.182721,0.221899,0.455108,0.199508,0.294657,0.85487,0.737048,0.747485,0.107385,0,nan,5.72682,0.141537,0.120494,0.131927,0.105152,0.128533,0.820311,0,21.2638,16.7536,0.229722,0.49156,0.522226,0.330284,0.455383,0.0480584,1.13812,arms_ik
l1,isaac,policy,1,/home/humanoid/Programs/Humanoid_Simulation/Locomanipulation_game/logs/skrl/locomanip_marl/paper1/checkpoints/agent_91200.pt,0,b076_d60_e00,76,0.6,0,0.318006,0.343772,-0.603026,0.403883,-0.217957,0.209136,0.399374,1,0,0,0,nan,0.181765,0.298106,0.252396,0,0,0,0,0.290266,0.0810223,0.119578,0.209742,0.188517,0.193925,0.861683,0.723727,0.731193,0.13049,0,nan,5.25795,0.138299,-0.0806925,0.135351,-0.101907,0.131912,1.44988,0,26.5602,7.93757,0.250414,0.517408,0.631411,0.321556,0.52177,0.0448109,1.88921,arms_ik
l1,isaac,policy,1,/home/humanoid/Programs/Humanoid_Simulation/Locomanipulation_game/logs/skrl/locomanip_marl/paper1/checkpoints/agent_91200.pt,0,b076_d70_e00,76,0.7,0,0.318006,0.343772,-0.703026,0.403883,-0.217957,0.109136,0.299374,1,0,0,0,nan,0.214596,0.40189,0.243961,0,0,0,0,0.388821,0.0576697,0.104506,0.187269,0.220318,0.160055,0.867168,0.723609,0.736018,0.13115,0,nan,5.02301,0.138126,-0.136154,0.132252,-0.146036,0.129965,0.822758,1,24.0021,9.83944,0.242245,0.583302,0.454535,0.33772,0.483168,0.046942,2.24192,arms_ik
l1,isaac,policy,1,/home/humanoid/Programs/Humanoid_Simulation/Locomanipulation_game/logs/skrl/locomanip_marl/paper1/checkpoints/agent_91200.pt,0,b076_d80_e00,76,0.8,0,0.318006,0.343772,-0.803026,0.403883,-0.217957,0.00913627,0.199374,1,0,0,0,nan,0.265789,0.478346,0.295944,0,0,0,0,0.473821,0.0824673,0.204981,0.143544,0.2776,0.165695,0.846867,0.706452,0.714154,0.132713,0,nan,6.58993,0.163902,-0.214397,0.130302,-0.25618,0.129693,1.0038,3,23.8656,9.41055,0.238987,0.863029,0.492536,0.533834,0.647352,0.0485047,4.79546,arms_ik
l1,isaac,policy,1,/home/humanoid/Programs/Humanoid_Simulation/Locomanipulation_game/logs/skrl/locomanip_marl/paper1/checkpoints/agent_91200.pt,0,b076_d90_e00,76,0.9,0,0.318006,0.343772,-0.903026,0.403883,-0.217957,-0.0908637,0.0993742,1,0,0,0,nan,0.299271,0.574997,0.17885,0,0,0,0,0.574236,0.0925227,0.262096,0.156772,0.329923,0.171317,0.872833,0.705316,0.709249,0.163584,0,nan,7.81493,0.141664,-0.178048,0.118023,-0.207214,0.118925,1.25372,1,5.72752,11.0281,0.174958,0.687844,0.49403,0.440404,0.784252,0.0616065,3.19103,arms_ik
l1,isaac,policy,1,/home/humanoid/Programs/Humanoid_Simulation/Locomanipulation_game/logs/skrl/locomanip_marl/paper1/checkpoints/agent_91200.pt,0,b076_d100_e00,76,1,0,0.318006,0.343772,-1.00303,0.403883,-0.217957,-0.190864,-0.000625797,1,0,0,0,nan,0.33238,0.633702,0.190994,0,0,0,0,0.630204,0.100707,0.088101,0.159886,0.358165,0.135562,0.864156,0.688361,0.697683,0.166473,0,nan,8.36021,0.146274,-0.084691,0.125689,-0.112105,0.122065,1.0396,0,10.4646,7.71382,0.107192,0.642287,0.430776,0.270371,0.545105,0.0563445,4.90729,arms_ik
l1,isaac,policy,1,/home/humanoid/Programs/Humanoid_Simulation/Locomanipulation_game/logs/skrl/locomanip_marl/paper1/checkpoints/agent_91200.pt,0,b077_d00_e00,77,0,0,0.356101,0.228601,0.41695,0.377879,-0.0317119,0.622585,1.41935,0,0,0,0,nan,0.334551,0.502279,0.668585,0,0,0,0,0.20857,0.517339,0.443217,0.654064,0.352672,0.539885,0.871881,0.777851,0.785552,0.0863289,0,nan,9.01108,0.191745,-0.164833,0.114589,-0.184026,0.114744,0.942171,1,9.51394,11.6146,0.141916,0.648613,0.825737,0.387381,0.529565,0.0100789,-4.80313,arms_ik
l1,isaac,policy,1,/home/humanoid/Programs/Humanoid_Simulation/Locomanipulation_game/logs/skrl/locomanip_marl/paper1/checkpoints/agent_91200.pt,0,b077_d10_e00,77,0.1,0,0.356101,0.228601,0.31695,0.377879,-0.0317119,0.522585,1.31935,0,0,0,0,nan,0.270268,0.432287,0.576849,0,0,0,0,0.14194,0.419916,0.355521,0.530678,0.275746,0.426807,0.867378,0.776351,0.786778,0.0806002,0,nan,8.15989,0.174559,-0.181661,0.127184,-0.188416,0.125064,1.40833,1,8.1963,12.8748,0.109419,0.823216,0.826192,0.495993,0.557992,0.0176684,-3.36032,arms_ik
l1,isaac,policy,1,/home/humanoid/Programs/Humanoid_Simulation/Locomanipulation_game/logs/skrl/locomanip_marl/paper1/checkpoints/agent_91200.pt,0,b077_d20_e00,77,0.2,0,0.356101,0.228601,0.21695,0.377879,-0.0317119,0.422585,1.21935,0,0,0,0,nan,0.175463,0.311217,0.514533,0,0,0,0,0.0708433,0.308578,0.229897,0.464758,0.190079,0.35373,0.865293,0.779823,0.79968,0.065613,0,nan,7.04192,0.159642,-0.189878,0.114758,-0.233878,0.109743,1.03648,1,6.99271,11.3973,0.083254,0.779267,0.651566,0.478193,0.518021,0.0111871,-2.49157,arms_ik
l1,isaac,policy,1,/home/humanoid/Programs/Humanoid_Simulation/Locomanipulation_game/logs/skrl/locomanip_marl/paper1/checkpoints/agent_91200.pt,0,b077_d30_e00,77,0.3,0,0.356101,0.228601,0.11695,0.377879,-0.0317119,0.322585,1.11935,0,0,0,0,nan,0.107597,0.209749,0.432853,0,0,0,0,0.0509275,0.186639,0.156764,0.29625,0.129851,0.255135,0.886039,0.771545,0.781329,0.10471,0,nan,6.53195,0.1597,-0.153494,0.119636,-0.158508,0.116753,0.967688,1,7.11223,16.0129,0.102074,0.707888,0.740809,0.370239,0.60094,0.0103095,-1.98514,arms_ik
l1,isaac,policy,1,/home/humanoid/Programs/Humanoid_Simulation/Locomanipulation_game/logs/skrl/locomanip_marl/paper1/checkpoints/agent_91200.pt,0,b077_d40_e00,77,0.4,0,0.356101,0.228601,0.01695,0.377879,-0.0317119,0.222585,1.01935,0,0,0,0,nan,0.0686522,0.0997966,0.269334,0,0,0,1,0.0594856,0.107935,0.123441,0.259561,0.0760205,0.173582,0.856746,0.761279,0.77912,0.0776258,0,nan,6.59359,0.141792,-0.143416,0.10538,-0.142565,0.100061,1.06487,1,8.29932,8.89156,0.0808505,0.674071,0.555237,0.258191,0.549724,0.0150129,-1.19336,arms_ik
l1,isaac,policy,1,/home/humanoid/Programs/Humanoid_Simulation/Locomanipulation_game/logs/skrl/locomanip_marl/paper1/checkpoints/agent_91200.pt,0,b077_d50_e00,77,0.5,0,0.356101,0.228601,-0.08305,0.377879,-0.0317119,0.122585,0.91935,0,0,0,0,nan,0.0403275,0.0699501,0.208741,0,0,1,1,0.050962,0.0551337,0.127394,0.16982,0.0487329,0.144623,0.85903,0.746597,0.75466,0.104369,0,nan,6.74572,0.14508,-0.103919,0.125247,-0.125454,0.115386,0.862028,2,6.23334,9.73234,0.0774507,0.650868,0.6181,0.32268,0.668043,0.0126537,0.26617,arms_ik
l1,isaac,policy,1,/home/humanoid/Programs/Humanoid_Simulation/Locomanipulation_game/logs/skrl/locomanip_marl/paper1/checkpoints/agent_91200.pt,0,b077_d60_e00,77,0.6,0,0.356101,0.228601,-0.18305,0.377879,-0.0317119,0.0225851,0.81935,1,0,0,0,nan,0.0449586,0.0655987,0.193657,0,0,1,1,0.0631182,0.0689052,0.102904,0.190127,0.0608317,0.146581,0.882411,0.731063,0.737806,0.144605,0,nan,6.25381,0.136631,-0.12495,0.131927,-0.165998,0.130842,0.898976,2,7.96327,9.01575,0.10017,0.577807,0.656325,0.308133,0.505377,0.0304723,1.33741,arms_ik
l1,isaac,policy,1,/home/humanoid/Programs/Humanoid_Simulation/Locomanipulation_game/logs/skrl/locomanip_marl/paper1/checkpoints/agent_91200.pt,0,b077_d70_e00,77,0.7,0,0.356101,0.228601,-0.28305,0.377879,-0.0317119,-0.0774149,0.71935,1,0,0,0,nan,0.0573808,0.0794667,0.188765,0,0,1,1,0.081333,0.0911616,0.11199,0.192838,0.0800031,0.145364,0.862225,0.716761,0.727575,0.13465,0,nan,5.89048,0.125036,0.105933,0.123426,0.0973792,0.122691,1.12742,0,7.77273,8.3862,0.0656238,0.569798,0.657184,0.298353,0.525617,0.0496128,2.50153,arms_ik
l1,isaac,policy,1,/home/humanoid/Programs/Humanoid_Simulation/Locomanipulation_game/logs/skrl/locomanip_marl/paper1/checkpoints/agent_91200.pt,0,b077_d80_e00,77,0.8,0,0.356101,0.228601,-0.38305,0.377879,-0.0317119,-0.177415,0.61935,1,0,0,0,nan,0.0586475,0.0924208,0.176316,0,0,0,1,0.135651,0.103123,0.114862,0.239978,0.112475,0.159534,0.874767,0.704011,0.712569,0.162198,0,nan,9.07835,0.139496,0.100872,0.115769,0.0846823,0.11049,1.0269,0,10.6829,13.6383,0.125876,0.635718,0.543786,0.316632,0.542405,0.0529601,1.47378,arms_ik
l1,isaac,policy,1,/home/humanoid/Programs/Humanoid_Simulation/Locomanipulation_game/logs/skrl/locomanip_marl/paper1/checkpoints/agent_91200.pt,0,b077_d90_e00,77,0.9,0,0.356101,0.228601,-0.48305,0.377879,-0.0317119,-0.277415,0.51935,1,0,0,0,nan,0.0851773,0.15357,0.165195,0,0,0,0,0.165549,0.0796724,0.0542155,0.183264,0.11263,0.104602,0.861853,0.692066,0.70168,0.160174,0,nan,7.65644,0.150932,-0.0903174,0.131266,-0.103752,0.126972,1.01577,0,5.72095,5.38431,0.078507,0.547319,0.470822,0.27252,0.4675,0.0292541,4.08484,arms_ik
l1,isaac,policy,1,/home/humanoid/Programs/Humanoid_Simulation/Locomanipulation_game/logs/skrl/locomanip_marl/paper1/checkpoints/agent_91200.pt,0,b077_d100_e00,77,1,0,0.356101,0.228601,-0.58305,0.377879,-0.0317119,-0.377415,0.41935,1,0,0,0,nan,0.177556,0.257242,0.199873,0,0,0,0,0.263381,0.134651,0.0498546,0.22137,0.196453,0.134977,0.839327,0.689864,0.69571,0.143617,0,nan,7.32408,0.141346,0.105492,0.114211,0.10001,0.111979,0.741067,0,4.97372,5.24687,0.0870758,0.551601,0.511107,0.324231,0.467687,0.0524852,3.63248,arms_ik
l1,isaac,policy,1,/home/humanoid/Programs/Humanoid_Simulation/Locomanipulation_game/logs/skrl/locomanip_marl/paper1/checkpoints/agent_91200.pt,0,b078_d00_e00,78,0,0,0.16361,0.0435632,0.0160153,0.410377,-0.375092,0.629234,1.01842,0,0,0,0,nan,0.265492,0.461361,0.831626,0,0,0,0,0.140446,0.512115,0.741844,0.828291,0.300188,0.80393,0.884,0.780827,0.796901,0.0870988,0,nan,7.64553,0.184879,-0.206119,0.099733,-0.221123,0.0989119,0.789927,7,18.5973,32.917,0.373568,0.796069,0.57823,0.587882,0.622242,0.0266079,0.523508,arms_ik
l1,isaac,policy,1,/home/humanoid/Programs/Humanoid_Simulation/Locomanipulation_game/logs/skrl/locomanip_marl/paper1/checkpoints/agent_91200.pt,0,b078_d10_e00,78,0.1,0,0.16361,0.0435632,-0.0839847,0.410377,-0.375092,0.529234,0.918415,0,0,0,0,nan,0.213063,0.394992,0.795465,0,0,0,0,0.0958276,0.413286,0.366972,0.749608,0.241899,0.565713,0.872904,0.768781,0.792946,0.0799586,0,nan,7.798,0.171569,-0.114456,0.0928611,-0.111019,0.0928695,1.07597,4,19.5439,24.2285,0.228173,0.647521,0.682759,0.568465,0.486601,0.0187727,0.648594,arms_ik
l1,isaac,policy,1,/home/humanoid/Programs/Humanoid_Simulation/Locomanipulation_game/logs/skrl/locomanip_marl/paper1/checkpoints/agent_91200.pt,0,b078_d20_e00,78,0.2,0,0.16361,0.0435632,-0.183985,0.410377,-0.375092,0.429234,0.818415,1,0,0,0,nan,0.200502,0.323355,0.559903,0,0,0,0,0.113486,0.3416,0.24143,0.623879,0.226182,0.476049,0.876737,0.746822,0.768246,0.108491,0,nan,7.62373,0.1403,-0.105323,0.119061,-0.118764,0.110881,1.9195,1,19.8416,11.1023,0.113714,0.624594,0.667789,0.31262,0.540219,0.030261,1.56631,arms_ik
l1,isaac,policy,1,/home/humanoid/Programs/Humanoid_Simulation/Locomanipulation_game/logs/skrl/locomanip_marl/paper1/checkpoints/agent_91200.pt,0,b078_d30_e00,78,0.3,0,0.16361,0.0435632,-0.283985,0.410377,-0.375092,0.329234,0.718415,1,0,0,0,nan,0.132055,0.249535,0.577843,0,0,0,0,0.074285,0.240336,0.0553542,0.435978,0.151191,0.289321,0.858138,0.737641,0.754015,0.104123,0,nan,5.81423,0.126919,0.0889853,0.123489,0.0738814,0.114331,0.66964,0,24.1192,29.6705,0.2914,0.607517,0.865147,0.476065,0.546735,0.0353751,0.82665,arms_ik
l1,isaac,policy,1,/home/humanoid/Programs/Humanoid_Simulation/Locomanipulation_game/logs/skrl/locomanip_marl/paper1/checkpoints/agent_91200.pt,0,b078_d40_e00,78,0.4,0,0.16361,0.0435632,-0.383985,0.410377,-0.375092,0.229234,0.618415,1,0,0,0,nan,0.0973675,0.124026,0.467503,0,0,0,0,0.108522,0.145018,0.226872,0.335005,0.126381,0.291034,0.863561,0.731506,0.73901,0.124552,0,nan,5.78252,0.123913,0.103998,0.128654,0.101488,0.123027,1.12555,0,12.584,10.0934,0.0860746,0.534932,0.795684,0.339554,0.562434,0.0356499,1.13584,arms_ik
l1,isaac,policy,1,/home/humanoid/Programs/Humanoid_Simulation/Locomanipulation_game/logs/skrl/locomanip_marl/paper1/checkpoints/agent_91200.pt,0,b078_d50_e00,78,0.5,0,0.16361,0.0435632,-0.483985,0.410377,-0.375092,0.129234,0.518415,1,0,0,0,nan,0.105428,0.163627,0.318613,0,0,0,0,0.169308,0.0560109,0.138424,0.318613,0.119752,0.210752,0.872144,0.730741,0.748071,0.124074,0,nan,5.82777,0.107026,-0.101743,0.125508,-0.141531,0.124793,0.90265,0,9.85606,9.17616,0.08941,0.596651,0.723323,0.300238,0.611619,0.0311196,1.6519,arms_ik
l1,isaac,policy,1,/home/humanoid/Programs/Humanoid_Simulation/Locomanipulation_game/logs/skrl/locomanip_marl/paper1/checkpoints/agent_91200.pt,0,b078_d60_e00,78,0.6,0,0.16361,0.0435632,-0.583985,0.410377,-0.375092,0.0292339,0.418415,1,0,0,0,nan,0.143711,0.265306,0.216449,0,0,0,0,0.263328,0.0464866,0.21289,0.149566,0.154376,0.17956,0.876676,0.738347,0.743248,0.133428,0,nan,5.97247,0.111519,-0.0793777,0.132472,-0.0852121,0.132354,1.58526,0,4.28326,4.83107,0.0511599,0.481862,0.633781,0.293218,0.513718,0.0285124,2.52917,arms_ik
l1,isaac,policy,1,/home/humanoid/Programs/Humanoid_Simulation/Locomanipulation_game/logs/skrl/locomanip_marl/paper1/checkpoints/agent_91200.pt,0,b078_d70_e00,78,0.7,0,0.16361,0.0435632,-0.683985,0.410377,-0.375092,-0.0707661,0.318415,1,0,0,0,nan,0.186393,0.334554,0.334142,0,0,0,0,0.330106,0.0641319,0.296267,0.10547,0.197091,0.22045,0.863514,0.721444,0.726373,0.137141,0,nan,6.44523,0.117685,0.111726,0.127627,0.103058,0.125815,0.944981,0,9.12852,4.81152,0.0694497,0.48909,0.357015,0.276919,0.650098,0.0252146,2.75294,arms_ik
l1,isaac,policy,1,/home/humanoid/Programs/Humanoid_Simulation/Locomanipulation_game/logs/skrl/locomanip_marl/paper1/checkpoints/agent_91200.pt,0,b078_d80_e00,78,0.8,0,0.16361,0.0435632,-0.783985,0.410377,-0.375092,-0.170766,0.218415,1,0,0,0,nan,0.219218,0.427039,0.31653,0,0,0,0,0.426477,0.0621039,0.320416,0.0974083,0.240472,0.203718,0.873388,0.714067,0.721891,0.151497,0,nan,9.66979,0.143104,-0.108268,0.125288,-0.0889401,0.125209,1.26041,0,7.85083,6.15905,0.0837555,0.520582,0.579287,0.299496,0.486221,0.0341584,3.58653,arms_ik
l1,isaac,policy,1,/home/humanoid/Programs/Humanoid_Simulation/Locomanipulation_game/logs/skrl/locomanip_marl/paper1/checkpoints/agent_91200.pt,0,b078_d90_e00,78,0.9,0,0.16361,0.0435632,-0.883985,0.410377,-0.375092,-0.270766,0.118415,1,0,0,0,nan,0.265194,0.502888,0.408676,0,0,0,0,0.505272,0.0920956,0.409274,0.0913952,0.294493,0.251419,0.881132,0.694936,0.71212,0.169012,0,nan,9.12506,0.145643,-0.130116,0.132813,-0.102692,0.13015,0.922064,1,6.86196,7.59174,0.116975,0.607838,0.433789,0.29468,0.537607,0.0424485,6.02129,arms_ik
l1,isaac,policy,1,/home/humanoid/Programs/Humanoid_Simulation/Locomanipulation_game/logs/skrl/locomanip_marl/paper1/checkpoints/agent_91200.pt,0,b078_d100_e00,78,1,0,0.16361,0.0435632,-0.983985,0.410377,-0.375092,-0.370766,0.0184153,1,0,0,0,nan,0.342394,0.598019,0.405096,0,0,0,0,0.601395,0.125334,0.382606,0.0737554,0.357132,0.248598,0.866413,0.690755,0.700494,0.165919,0,nan,9.85978,0.143512,0.114658,0.122463,0.0993703,0.124806,1.2791,0,9.25504,11.0712,0.114742,0.590567,0.526888,0.298531,0.671319,0.0735659,4.65616,arms_ik
l1,isaac,policy,1,/home/humanoid/Programs/Humanoid_Simulation/Locomanipulation_game/logs/skrl/locomanip_marl/paper1/checkpoints/agent_91200.pt,0,b079_d00_e00,79,0,0,0.246347,0.565942,0.761278,0.449147,-0.159077,0.705143,1.70754,0,0,0,0,nan,0.355698,0.630689,1.3652,0,0,0,0,0.190387,0.607974,0.163794,1.23931,0.390629,0.691597,0.831825,0.790365,0.804558,0.027268,0,nan,5.30197,0.215102,-0.226783,0.117627,-0.322073,0.112414,1.4311,4,53.1634,48.0683,0.552154,0.863086,0.864592,0.864511,0.620499,0.0766257,0.276723,arms_ik
l1,isaac,policy,1,/home/humanoid/Programs/Humanoid_Simulation/Locomanipulation_game/logs/skrl/locomanip_marl/paper1/checkpoints/agent_91200.pt,0,b079_d10_e00,79,0.1,0,0.246347,0.565942,0.661278,0.449147,-0.159077,0.605143,1.60754,0,0,0,0,nan,0.216438,0.405405,0.926776,0,0,0,0,0.106515,0.42213,0.161183,0.912934,0.242975,0.494994,0.87444,0.792625,0.822772,0.0516675,0,nan,6.30326,0.190318,-0.148925,0.126432,-0.144048,0.118089,1.4904,2,46.4814,28.83,0.402899,0.711521,0.804522,0.515337,0.612732,0.0517946,-0.0974942,arms_ik
l1,isaac,policy,1,/home/humanoid/Programs/Humanoid_Simulation/Locomanipulation_game/logs/skrl/locomanip_marl/paper1/checkpoints/agent_91200.pt,0,b079_d20_e00,79,0.2,0,0.246347,0.565942,0.561278,0.449147,-0.159077,0.505143,1.50754,0,0,0,0,nan,0.185562,0.378711,0.863154,0,0,0,0,0.0738204,0.35102,0.0894238,0.800328,0.220207,0.443899,0.874956,0.778275,0.796826,0.0781296,0,nan,6.18633,0.179017,-0.130334,0.123476,-0.158759,0.112421,1.08365,3,19.4502,28.7656,0.233095,0.812428,0.803827,0.367986,0.580719,0.0489985,-0.644267,arms_ik
l1,isaac,policy,1,/home/humanoid/Programs/Humanoid_Simulation/Locomanipulation_game/logs/skrl/locomanip_marl/paper1/checkpoints/agent_91200.pt,0,b079_d30_e00,79,0.3,0,0.246347,0.565942,0.461278,0.449147,-0.159077,0.405143,1.40754,0,0,0,0,nan,0.19927,0.377957,0.783521,0,0,0,0,0.125821,0.369976,0.165975,0.743571,0.24172,0.460438,0.867838,0.780378,0.794703,0.0731342,0,nan,6.03872,0.176895,-0.197044,0.121787,-0.23126,0.111396,1.14455,4,39.1644,33.1788,0.402665,0.837636,0.662104,0.48463,0.727424,0.0566212,-0.641937,arms_ik
l1,isaac,policy,1,/home/humanoid/Programs/Humanoid_Simulation/Locomanipulation_game/logs/skrl/locomanip_marl/paper1/checkpoints/agent_91200.pt,0,b079_d40_e00,79,0.4,0,0.246347,0.565942,0.361278,0.449147,-0.159077,0.305143,1.30754,0,0,0,0,nan,0.13389,0.242863,0.571193,0,0,0,0,0.11082,0.196863,0.196182,0.427944,0.175351,0.355642,0.869278,0.757068,0.797474,0.0718035,0,nan,5.77754,0.177188,-0.160097,0.115583,-0.145842,0.104457,1.1517,2,32.5431,37.6052,0.408244,0.710317,0.829911,0.322004,0.570789,0.0483473,-0.466503,arms_ik
l1,isaac,policy,1,/home/humanoid/Programs/Humanoid_Simulation/Locomanipulation_game/logs/skrl/locomanip_marl/paper1/checkpoints/agent_91200.pt,0,b079_d50_e00,79,0.5,0,0.246347,0.565942,0.261278,0.449147,-0.159077,0.205143,1.20754,0,0,0,0,nan,0.0620333,0.14937,0.33734,0,0,0,0,0.110669,0.0837602,0.247553,0.163797,0.125023,0.284773,0.87211,0.767536,0.788887,0.0832232,0,nan,5.4547,0.187349,0.105211,0.119218,0.084979,0.114742,1.28352,0,42.0184,57.7945,0.511902,0.749002,0.853154,0.413748,0.560668,0.0386982,-1.0412,arms_ik
l1,isaac,policy,1,/home/humanoid/Programs/Humanoid_Simulation/Locomanipulation_game/logs/skrl/locomanip_marl/paper1/checkpoints/agent_91200.pt,0,b079_d60_e00,79,0.6,0,0.246347,0.565942,0.161278,0.449147,-0.159077,0.105143,1.10754,0,0,0,0,nan,0.0497755,0.119965,0.275221,0,0,0,0,0.108602,0.124544,0.258051,0.227416,0.105902,0.215069,0.871178,0.767754,0.776885,0.0942933,0,nan,5.24552,0.190451,-0.173369,0.131248,-0.186744,0.1261,1.25293,3,38.9697,37.8388,0.501224,0.752985,0.725288,0.579158,0.576499,0.0452074,0.258861,arms_ik
l1,isaac,policy,1,/home/humanoid/Programs/Humanoid_Simulation/Locomanipulation_game/logs/skrl/locomanip_marl/paper1/checkpoints/agent_91200.pt,0,b079_d70_e00,79,0.7,0,0.246347,0.565942,0.0612785,0.449147,-0.159077,0.00514256,1.00754,0,0,0,0,nan,0.059803,0.0997493,0.239402,0,0,0,1,0.102318,0.0926883,0.246914,0.205389,0.0859699,0.195118,0.877079,0.754982,0.769477,0.107602,0,nan,4.95125,0.177218,-0.164938,0.123624,-0.196297,0.120779,1.46446,2,32.4586,33.9371,0.387836,0.825854,0.736145,0.723691,0.520855,0.0323499,0.0225686,arms_ik
l1,isaac,policy,1,/home/humanoid/Programs/Humanoid_Simulation/Locomanipulation_game/logs/skrl/locomanip_marl/paper1/checkpoints/agent_91200.pt,0,b079_d80_e00,79,0.8,0,0.246347,0.565942,-0.0387215,0.449147,-0.159077,-0.0948574,0.907543,0,0,0,0,nan,0.0502131,0.093036,0.262666,0,0,0,1,0.0893048,0.110362,0.316301,0.18053,0.094035,0.185629,0.861874,0.728886,0.751692,0.110182,0,nan,6.76077,0.166516,-0.169091,0.128765,-0.185517,0.119926,0.604786,2,28.3251,28.0314,0.361162,0.700738,0.759765,0.671324,0.643442,0.0537669,2.56057,arms_ik
l1,isaac,policy,1,/home/humanoid/Programs/Humanoid_Simulation/Locomanipulation_game/logs/skrl/locomanip_marl/paper1/checkpoints/agent_91200.pt,0,b079_d90_e00,79,0.9,0,0.246347,0.565942,-0.138722,0.449147,-0.159077,-0.194857,0.807543,1,0,0,0,nan,0.0574084,0.100361,0.464788,0,0,0,0,0.0744883,0.0841707,0.352197,0.114548,0.0828213,0.264158,0.86392,0.719894,0.727382,0.136538,0,nan,5.75919,0.128365,0.104623,0.133394,0.0847122,0.130862,1.58602,0,15.574,14.7023,0.181946,0.65817,0.452416,0.328278,0.512565,0.043805,3.92023,arms_ik
l1,isaac,policy,1,/home/humanoid/Programs/Humanoid_Simulation/Locomanipulation_game/logs/skrl/locomanip_marl/paper1/checkpoints/agent_91200.pt,0,b079_d100_e00,79,1,0,0.246347,0.565942,-0.238722,0.449147,-0.159077,-0.294857,0.707543,1,0,0,0,nan,0.0570416,0.0912212,0.562866,0,0,0,0,0.0749489,0.106473,0.645565,0.422217,0.082069,0.489419,0.869924,0.703378,0.709115,0.160809,0,nan,7.4179,0.136579,0.099385,0.131885,0.101294,0.128082,0.621277,0,12.692,8.40335,0.0949076,0.73478,0.729904,0.330612,0.530523,0.0459007,4.9552,arms_ik
l1,isaac,policy,1,/home/humanoid/Programs/Humanoid_Simulation/Locomanipulation_game/logs/skrl/locomanip_marl/paper1/checkpoints/agent_91200.pt,0,b080_d00_e00,80,0,0,0.332565,0.241825,0.521602,0.301776,-0.147493,0.131668,1.13407,0,0,0,0,nan,0.163127,0.302685,0.608406,0,0,0,0,0.285995,0.0596484,0.572823,0.1164,0.177955,0.350238,0.85031,0.780832,0.786682,0.0636278,0,nan,6.09261,0.174814,-0.168225,0.131152,-0.201804,0.124339,1.00242,3,29.3154,16.2041,0.306621,0.835413,0.732395,0.749491,0.685223,0.0395407,-1.46839,arms_ik
l1,isaac,policy,1,/home/humanoid/Programs/Humanoid_Simulation/Locomanipulation_game/logs/skrl/locomanip_marl/paper1/checkpoints/agent_91200.pt,0,b080_d10_e00,80,0.1,0,0.332565,0.241825,0.421602,0.301776,-0.147493,0.0316679,1.03407,0,0,0,0,nan,0.0442214,0.0888702,0.224306,0,0,0,1,0.0969686,0.0529113,0.208279,0.183126,0.062246,0.163084,0.872833,0.777149,0.798423,0.0744096,0,nan,4.99228,0.168629,-0.137819,0.110365,-0.150678,0.101144,0.87055,1,37.5044,21.4994,0.391066,0.73186,0.869278,0.453886,0.597383,0.0257091,-2.17726,arms_ik
l1,isaac,policy,1,/home/humanoid/Programs/Humanoid_Simulation/Locomanipulation_game/logs/skrl/locomanip_marl/paper1/checkpoints/agent_91200.pt,0,b080_d20_e00,80,0.2,0,0.332565,0.241825,0.321602,0.301776,-0.147493,-0.0683321,0.934068,0,0,0,0,nan,0.0529187,0.0840627,0.193101,0,0,0,1,0.092085,0.0654844,0.160724,0.14036,0.0779611,0.153473,0.855934,0.770982,0.776653,0.079281,0,nan,4.12355,0.135674,-0.163113,0.125639,-0.180447,0.123762,1.10796,2,6.36866,3.51139,0.0726405,0.807338,0.591338,0.455997,0.548283,0.0263904,-0.0287226,arms_ik
l1,isaac,policy,1,/home/humanoid/Programs/Humanoid_Simulation/Locomanipulation_game/logs/skrl/locomanip_marl/paper1/checkpoints/agent_91200.pt,0,b080_d30_e00,80,0.3,0,0.332565,0.241825,0.221602,0.301776,-0.147493,-0.168332,0.834068,1,0,0,0,nan,0.0580462,0.0803458,0.17229,0,0,0,1,0.0792482,0.0714379,0.161225,0.137323,0.0709155,0.141837,0.880282,0.757166,0.765438,0.114844,0,nan,5.85777,0.152573,-0.183638,0.127237,-0.207439,0.123974,1.08991,2,7.0246,7.68565,0.101891,0.852261,0.733466,0.702441,0.551824,0.0325483,1.47857,arms_ik
l1,isaac,policy,1,/home/humanoid/Programs/Humanoid_Simulation/Locomanipulation_game/logs/skrl/locomanip_marl/paper1/checkpoints/agent_91200.pt,0,b080_d40_e00,80,0.4,0,0.332565,0.241825,0.121602,0.301776,-0.147493,-0.268332,0.734068,1,0,0,0,nan,0.0401725,0.0607538,0.158393,0,0,1,1,0.0773679,0.0882496,0.130928,0.133746,0.0728459,0.121022,0.879428,0.726308,0.733345,0.146083,0,nan,6.42191,0.132232,-0.176959,0.13304,-0.173221,0.130541,0.784719,1,10.5944,8.22413,0.127272,0.551639,0.511408,0.341459,0.450519,0.0649274,4.74503,arms_ik
l1,isaac,policy,1,/home/humanoid/Programs/Humanoid_Simulation/Locomanipulation_game/logs/skrl/locomanip_marl/paper1/checkpoints/agent_91200.pt,0,b080_d50_e00,80,0.5,0,0.332565,0.241825,0.0216023,0.301776,-0.147493,-0.368332,0.634068,1,0,1,0,nan,0.0376854,0.0510067,0.224072,0,0,1,1,0.0650424,0.0596205,0.113754,0.212231,0.0532593,0.163332,0.86816,0.717544,0.72675,0.14141,0,nan,6.45155,0.119371,-0.11269,0.130944,-0.126013,0.128276,0.963285,0,7.59086,7.36774,0.098907,0.493646,0.414321,0.284625,0.583504,0.0368864,4.19894,arms_ik
l1,isaac,policy,1,/home/humanoid/Programs/Humanoid_Simulation/Locomanipulation_game/logs/skrl/locomanip_marl/paper1/checkpoints/agent_91200.pt,0,b080_d60_e00,80,0.6,0,0.332565,0.241825,-0.0783977,0.301776,-0.147493,-0.468332,0.534068,1,0,0,0,nan,0.0842223,0.144759,0.226639,0,0,0,0,0.0752327,0.147523,0.131215,0.198113,0.10456,0.164216,0.814725,0.708029,0.716192,0.098533,0,nan,8.00628,0.14293,-0.169228,0.134501,-0.165081,0.131184,1.0592,0,5.89378,8.31634,0.106708,0.551181,0.400988,0.345793,0.706143,0.0475277,6.12759,arms_ik
l1,isaac,policy,1,/home/humanoid/Programs/Humanoid_Simulation/Locomanipulation_game/logs/skrl/locomanip_marl/paper1/checkpoints/agent_91200.pt,0,b080_d70_e00,80,0.7,0,0.332565,0.241825,-0.178398,0.301776,-0.147493,-0.568332,0.434068,1,0,1,0,nan,0.117857,0.194948,0.551496,0,0,0,0,0.0698314,0.193363,0.134592,0.612898,0.126631,0.362934,0.85911,0.692624,0.695953,0.163157,0,nan,8.19485,0.15019,-0.165422,0.130687,-0.15588,0.128186,0.824432,0,5.40094,3.81342,0.0800368,0.570278,0.778865,0.413657,0.492792,0.0519637,5.60327,arms_ik
l1,isaac,policy,1,/home/humanoid/Programs/Humanoid_Simulation/Locomanipulation_game/logs/skrl/locomanip_marl/paper1/checkpoints/agent_91200.pt,0,b080_d80_e00,80,0.8,0,0.332565,0.241825,-0.278398,0.301776,-0.147493,-0.668332,0.334068,1,0,0,0,nan,0.162454,0.291982,0.783227,0,0,0,0,0.08121,0.29776,0.999342,0.555958,0.184288,0.749205,0.860669,0.685798,0.696656,0.164014,0,nan,7.50587,0.143375,0.123037,0.133279,0.107046,0.130557,1.71738,0,4.53775,5.86256,0.0899796,0.538875,0.478032,0.349874,0.616634,0.0470451,6.03578,arms_ik
l1,isaac,policy,1,/home/humanoid/Programs/Humanoid_Simulation/Locomanipulation_game/logs/skrl/locomanip_marl/paper1/checkpoints/agent_91200.pt,0,b080_d90_e00,80,0.9,0,0.332565,0.241825,-0.378398,0.301776,-0.147493,-0.768332,0.234068,1,0,0,0,nan,0.191678,0.350833,1.08243,0,0,0,0,0.0539561,0.346749,1.0893,0.565927,0.19895,0.817204,0.879452,0.6725,0.676061,0.20339,0,nan,9.94155,0.146336,-0.210112,0.128288,-0.204411,0.127675,0.714452,0,3.55262,4.32476,0.0835457,0.507473,0.458327,0.308339,0.610944,0.0382635,7.93207,arms_ik
l1,isaac,policy,1,/home/humanoid/Programs/Humanoid_Simulation/Locomanipulation_game/logs/skrl/locomanip_marl/paper1/checkpoints/agent_91200.pt,0,b080_d100_e00,80,1,0,0.332565,0.241825,-0.478398,0.301776,-0.147493,-0.868332,0.134068,1,0,0,0,nan,0.267936,0.446629,1.24806,0,0,0,0,0.113416,0.444461,1.21808,0.613648,0.275995,0.895979,0.866127,0.652231,0.662792,0.203335,0,nan,10.8787,0.154292,-0.133135,0.123432,-0.136835,0.119449,1.1245,0,5.9481,8.9847,0.106194,0.58333,0.444458,0.316836,0.617693,0.0331167,8.19234,arms_ik
l1,isaac,policy,1,/home/humanoid/Programs/Humanoid_Simulation/Locomanipulation_game/logs/skrl/locomanip_marl/paper1/checkpoints/agent_91200.pt,0,b081_d00_e00,81,0,0,0.157371,0.0918612,-0.061293,0.404178,-0.249202,0.110526,0.941107,0,0,1,0,nan,0.0331992,0.0820956,0.228953,0,0,0,1,0.0437176,0.106436,0.0502618,0.258092,0.0749553,0.158013,0.875417,0.754026,0.761526,0.113891,0,nan,8.75082,0.145321,-0.124231,0.124906,-0.129632,0.123527,1.0155,1,4.66113,9.11905,0.061144,0.65379,0.543406,0.36771,0.508518,0.0236249,-0.58342,arms_ik
l1,isaac,policy,1,/home/humanoid/Programs/Humanoid_Simulation/Locomanipulation_game/logs/skrl/locomanip_marl/paper1/checkpoints/agent_91200.pt,0,b081_d10_e00,81,0.1,0,0.157371,0.0918612,-0.161293,0.404178,-0.249202,0.0105263,0.841107,1,0,1,0,nan,0.032239,0.0588018,0.168849,0,0,1,1,0.026923,0.0505399,0.0603784,0.154223,0.0432923,0.106482,0.849174,0.750249,0.755997,0.0931774,0,nan,7.81188,0.13569,0.108007,0.123659,0.096915,0.124364,1.00837,0,3.52609,6.29738,0.0656268,0.58274,0.464219,0.251438,0.62118,0.0182825,1.24162,arms_ik
l1,isaac,policy,1,/home/humanoid/Programs/Humanoid_Simulation/Locomanipulation_game/logs/skrl/locomanip_marl/paper1/checkpoints/agent_91200.pt,0,b081_d20_e00,81,0.2,0,0.157371,0.0918612,-0.261293,0.404178,-0.249202,-0.0894737,0.741107,1,0,1,0,nan,0.0317323,0.0636511,0.16542,0,0,1,1,0.0422883,0.0634762,0.0456138,0.15383,0.0515723,0.103874,0.854607,0.7196,0.728921,0.125686,0,nan,7.34263,0.129075,-0.125575,0.123762,-0.135239,0.124265,0.922763,1,6.11841,4.4435,0.0722131,0.793268,0.468956,0.462091,0.723948,0.0245166,2.011,arms_ik
l1,isaac,policy,1,/home/humanoid/Programs/Humanoid_Simulation/Locomanipulation_game/logs/skrl/locomanip_marl/paper1/checkpoints/agent_91200.pt,0,b081_d30_e00,81,0.3,0,0.157371,0.0918612,-0.361293,0.404178,-0.249202,-0.189474,0.641107,1,0,1,0,nan,0.0405304,0.0814734,0.185069,0,0,0,1,0.0473842,0.0954417,0.0879237,0.157156,0.0660597,0.129361,0.859596,0.703451,0.710321,0.149275,0,nan,10.3885,0.141067,-0.125242,0.10138,-0.126488,0.102646,0.944632,0,7.22649,8.02336,0.0719867,0.709298,0.452486,0.324303,0.683238,0.068394,1.11589,arms_ik
l1,isaac,policy,1,/home/humanoid/Programs/Humanoid_Simulation/Locomanipulation_game/logs/skrl/locomanip_marl/paper1/checkpoints/agent_91200.pt,0,b081_d40_e00,81,0.4,0,0.157371,0.0918612,-0.461293,0.404178,-0.249202,-0.289474,0.541107,1,0,0,0,nan,0.0864639,0.111251,0.157178,0,0,0,0,0.124874,0.113551,0.116099,0.175421,0.108906,0.158309,0.857803,0.689971,0.697386,0.160416,0,nan,7.52346,0.132258,-0.133425,0.109391,-0.132338,0.104614,1.48136,1,16.3916,8.82578,0.102801,0.563553,0.565704,0.365266,0.596205,0.0576126,4.16569,arms_ik
l1,isaac,policy,1,/home/humanoid/Programs/Humanoid_Simulation/Locomanipulation_game/logs/skrl/locomanip_marl/paper1/checkpoints/agent_91200.pt,0,b081_d50_e00,81,0.5,0,0.157371,0.0918612,-0.561293,0.404178,-0.249202,-0.389474,0.441107,1,0,0,0,nan,0.136049,0.182895,0.148773,0,0,0,0,0.183059,0.121376,0.106482,0.171216,0.147241,0.135039,0.865691,0.688226,0.695107,0.170584,0,nan,8.18136,0.160935,-0.12214,0.111406,-0.111876,0.111174,0.432911,0,4.18214,6.20689,0.0549577,0.76211,0.514738,0.373607,0.555233,0.0634395,4.95108,arms_ik
l1,isaac,policy,1,/home/humanoid/Programs/Humanoid_Simulation/Locomanipulation_game/logs/skrl/locomanip_marl/paper1/checkpoints/agent_91200.pt,0,b081_d60_e00,81,0.6,0,0.157371,0.0918612,-0.661293,0.404178,-0.249202,-0.489474,0.341107,1,0,0,0,nan,0.228012,0.284506,0.169285,0,0,0,0,0.273241,0.200579,0.108305,0.198387,0.23429,0.140315,0.876898,0.676876,0.688755,0.188143,0,nan,8.77779,0.155819,-0.200682,0.110448,-0.191739,0.114,1.15872,2,9.77617,7.60975,0.116867,0.688548,0.407378,0.326801,0.839004,0.0851063,5.2455,arms_ik
l1,isaac,policy,1,/home/humanoid/Programs/Humanoid_Simulation/Locomanipulation_game/logs/skrl/locomanip_marl/paper1/checkpoints/agent_91200.pt,0,b081_d70_e00,81,0.7,0,0.157371,0.0918612,-0.761293,0.404178,-0.249202,-0.589474,0.241107,1,0,0,0,nan,0.304319,0.378871,0.559511,0,0,0,0,0.382199,0.248291,0.575513,0.22226,0.310375,0.38677,0.836146,0.67842,0.689585,0.146561,0,nan,9.69924,0.171982,-0.151792,0.130765,-0.195364,0.127948,1.05623,2,4.8118,9.2694,0.1273,0.79696,0.500087,0.486305,0.666229,0.0337548,7.55201,arms_ik
l1,isaac,policy,1,/home/humanoid/Programs/Humanoid_Simulation/Locomanipulation_game/logs/skrl/locomanip_marl/paper1/checkpoints/agent_91200.pt,0,b081_d80_e00,81,0.8,0,0.157371,0.0918612,-0.861293,0.404178,-0.249202,-0.689474,0.141107,1,0,0,0,nan,0.381617,0.48538,0.427702,0,0,0,0,0.486075,0.370763,0.141222,0.209967,0.426267,0.183063,0.870417,0.674515,0.680589,0.189828,0,nan,11.0663,0.190732,-0.147695,0.116961,-0.158607,0.114863,1.28405,4,10.9863,24.919,0.208742,0.848805,0.55682,0.60618,0.670107,0.0496423,6.82814,arms_ik
l1,isaac,policy,1,/home/humanoid/Programs/Humanoid_Simulation/Locomanipulation_game/logs/skrl/locomanip_marl/paper1/checkpoints/agent_91200.pt,0,b081_d90_e00,81,0.9,0,0.157371,0.0918612,-0.961293,0.404178,-0.249202,-0.789474,0.041107,1,0,0,0,nan,0.479818,0.563947,0.666963,0,0,0,0,0.562848,0.432218,0.67426,0.46663,0.490811,0.528147,0.873674,0.688794,0.694988,0.178686,0,nan,10.2319,0.168972,-0.126333,0.125183,-0.105963,0.125455,0.727284,1,5.28127,38.4038,0.284816,0.597438,0.340067,0.300923,0.779684,0.0601164,8.12063,arms_ik
l1,isaac,policy,1,/home/humanoid/Programs/Humanoid_Simulation/Locomanipulation_game/logs/skrl/locomanip_marl/paper1/checkpoints/agent_91200.pt,0,b081_d100_e00,81,1,0,0.157371,0.0918612,-1.06129,0.404178,-0.249202,-0.889474,-0.058893,1,0,0,0,nan,0.558404,0.641365,0.444543,0,0,0,0,0.63801,0.500675,0.126197,0.454354,0.565127,0.241806,0.88014,0.674949,0.680325,0.199815,0,nan,11.2838,0.17384,0.115584,0.122799,0.101733,0.121712,0.90945,0,5.4649,24.2519,0.242045,0.702823,0.357225,0.303897,0.648719,0.0801028,8.99623,arms_ik
l1,isaac,policy,1,/home/humanoid/Programs/Humanoid_Simulation/Locomanipulation_game/logs/skrl/locomanip_marl/paper1/checkpoints/agent_91200.pt,0,b082_d00_e00,82,0,0,0.306669,0.243686,0.631678,0.450343,-0.201959,0.483024,1.48542,0,0,0,0,nan,0.317561,0.381952,1.06944,0,0,0,0,0.353585,0.423281,0.705864,1.23515,0.374395,0.944682,0.855206,0.765939,0.839558,0.0156482,0,nan,6.73996,0.207957,-0.181787,0.110559,-0.250336,0.0982202,1.06415,7,33.2842,42.7963,0.520381,0.843684,0.86237,0.56485,0.730367,0.0257709,-0.432104,arms_ik
l1,isaac,policy,1,/home/humanoid/Programs/Humanoid_Simulation/Locomanipulation_game/logs/skrl/locomanip_marl/paper1/checkpoints/agent_91200.pt,0,b082_d10_e00,82,0.1,0,0.306669,0.243686,0.531678,0.450343,-0.201959,0.383024,1.38542,0,0,0,0,nan,0.259998,0.336744,0.97821,0,0,0,0,0.243928,0.395299,0.537083,0.814679,0.312457,0.700026,0.875845,0.818108,0.846232,0.0296134,0,nan,6.27095,0.179341,-0.189064,0.114998,-0.242738,0.111674,0.883075,3,13.6128,23.7158,0.24842,0.661461,0.75267,0.388672,0.597184,0.0502179,-0.653942,arms_ik
l1,isaac,policy,1,/home/humanoid/Programs/Humanoid_Simulation/Locomanipulation_game/logs/skrl/locomanip_marl/paper1/checkpoints/agent_91200.pt,0,b082_d20_e00,82,0.2,0,0.306669,0.243686,0.431678,0.450343,-0.201959,0.283024,1.28542,0,0,0,0,nan,0.247455,0.368276,0.579255,0,0,0,0,0.172338,0.386808,0.315326,0.531748,0.276638,0.440054,0.869897,0.772442,0.80972,0.0601772,0,nan,6.32971,0.209337,-0.152466,0.123629,-0.208637,0.113604,1.46791,5,38.167,44.9799,0.474032,0.65223,0.861338,0.425984,0.650702,0.0393693,0.433681,arms_ik
l1,isaac,policy,1,/home/humanoid/Programs/Humanoid_Simulation/Locomanipulation_game/logs/skrl/locomanip_marl/paper1/checkpoints/agent_91200.pt,0,b082_d30_e00,82,0.3,0,0.306669,0.243686,0.331678,0.450343,-0.201959,0.183024,1.18542,0,0,0,0,nan,0.122869,0.194326,0.318416,0,0,0,0,0.100295,0.206166,0.192122,0.316971,0.145871,0.24042,0.859385,0.802796,0.844363,0.0150215,0,nan,7.15544,0.185583,-0.174081,0.0973993,-0.192852,0.0937517,1.27913,6,11.6951,9.64288,0.0897731,0.548601,0.717989,0.278106,0.595089,0.0388647,0.84076,arms_ik
l1,isaac,policy,1,/home/humanoid/Programs/Humanoid_Simulation/Locomanipulation_game/logs/skrl/locomanip_marl/paper1/checkpoints/agent_91200.pt,0,b082_d40_e00,82,0.4,0,0.306669,0.243686,0.231678,0.450343,-0.201959,0.0830242,1.08542,0,0,0,0,nan,0.0541231,0.0996498,0.478847,0,0,0,1,0.0635405,0.101188,0.162499,0.455789,0.0743253,0.291838,0.874889,0.748375,0.770473,0.104416,0,nan,6.10812,0.15285,-0.207385,0.130203,-0.243377,0.127578,0.873823,2,6.02465,9.83294,0.0941562,0.823131,0.680422,0.438632,0.471253,0.0216255,0.766018,arms_ik
l1,isaac,policy,1,/home/humanoid/Programs/Humanoid_Simulation/Locomanipulation_game/logs/skrl/locomanip_marl/paper1/checkpoints/agent_91200.pt,0,b082_d50_e00,82,0.5,0,0.306669,0.243686,0.131678,0.450343,-0.201959,-0.0169758,0.985424,0,0,1,0,nan,0.0495493,0.111316,0.252888,0,0,0,0,0.0480211,0.0986817,0.104668,0.263262,0.0812487,0.154664,0.863168,0.724893,0.745678,0.11749,0,nan,7.32985,0.152152,-0.152021,0.12483,-0.120864,0.117739,0.944478,2,8.39101,22.2434,0.128216,0.645086,0.841082,0.386608,0.467562,0.0303828,1.04366,arms_ik
l1,isaac,policy,1,/home/humanoid/Programs/Humanoid_Simulation/Locomanipulation_game/logs/skrl/locomanip_marl/paper1/checkpoints/agent_91200.pt,0,b082_d60_e00,82,0.6,0,0.306669,0.243686,0.031678,0.450343,-0.201959,-0.116976,0.885424,1,0,1,0,nan,0.0349546,0.0723056,0.149256,0,0,1,1,0.0574654,0.0837677,0.12573,0.134308,0.0652917,0.124264,0.869272,0.748182,0.757314,0.111958,0,nan,7.13576,0.17161,-0.198322,0.128761,-0.232194,0.125767,0.820939,1,7.98795,6.71497,0.0938949,0.601655,0.539327,0.419466,0.62327,0.044221,2.90461,arms_ik
l1,isaac,policy,1,/home/humanoid/Programs/Humanoid_Simulation/Locomanipulation_game/logs/skrl/locomanip_marl/paper1/checkpoints/agent_91200.pt,0,b082_d70_e00,82,0.7,0,0.306669,0.243686,-0.068322,0.450343,-0.201959,-0.216976,0.785424,1,0,1,0,nan,0.0402791,0.0805945,0.148563,0,0,0,1,0.0446036,0.0824469,0.12803,0.140611,0.0613796,0.136911,0.886565,0.735525,0.743186,0.143379,0,nan,9.85612,0.163812,0.101581,0.124469,0.098293,0.121534,1.5596,0,4.85335,5.8909,0.0605389,0.588988,0.495704,0.368702,0.652385,0.0272544,2.60628,arms_ik
l1,isaac,policy,1,/home/humanoid/Programs/Humanoid_Simulation/Locomanipulation_game/logs/skrl/locomanip_marl/paper1/checkpoints/agent_91200.pt,0,b082_d80_e00,82,0.8,0,0.306669,0.243686,-0.168322,0.450343,-0.201959,-0.316976,0.685424,1,0,0,0,nan,0.0549214,0.109115,0.142872,0,0,0,0,0.0622068,0.102593,0.108885,0.1206,0.0789354,0.115031,0.883408,0.712696,0.725203,0.158205,0,nan,6.73367,0.13223,0.113507,0.126851,0.103483,0.127129,1.15733,0,6.53794,10.5305,0.10213,0.554997,0.456304,0.276184,0.412811,0.0286664,3.87913,arms_ik
l1,isaac,policy,1,/home/humanoid/Programs/Humanoid_Simulation/Locomanipulation_game/logs/skrl/locomanip_marl/paper1/checkpoints/agent_91200.pt,0,b082_d90_e00,82,0.9,0,0.306669,0.243686,-0.268322,0.450343,-0.201959,-0.416976,0.585424,1,0,1,0,nan,0.0917417,0.167127,0.133758,0,0,0,0,0.0540845,0.16545,0.097936,0.123051,0.107338,0.107206,0.860877,0.709066,0.71723,0.143647,0,nan,7.09382,0.134426,-0.126698,0.130051,-0.127149,0.126379,0.964869,0,9.22222,9.4367,0.115548,0.656659,0.580018,0.269062,0.459507,0.0392803,4.37304,arms_ik
l1,isaac,policy,1,/home/humanoid/Programs/Humanoid_Simulation/Locomanipulation_game/logs/skrl/locomanip_marl/paper1/checkpoints/agent_91200.pt,0,b082_d100_e00,82,1,0,0.306669,0.243686,-0.368322,0.450343,-0.201959,-0.516976,0.485424,1,0,0,0,nan,0.157486,0.257108,0.16772,0,0,0,0,0.116314,0.261698,0.0867459,0.157236,0.180284,0.111639,0.879437,0.687485,0.693686,0.185751,0,nan,12.5652,0.152227,-0.111811,0.107484,-0.129238,0.106816,1.65665,2,12.0249,12.1022,0.157406,0.758981,0.512571,0.4359,0.497831,0.0802411,2.4507,arms_ik
l1,isaac,policy,1,/home/humanoid/Programs/Humanoid_Simulation/Locomanipulation_game/logs/skrl/locomanip_marl/paper1/checkpoints/agent_91200.pt,0,b083_d00_e00,83,0,0,0.242293,0.57785,0.531333,0.337434,0.00966525,0.11931,1.12171,0,0,0,0,nan,0.242151,0.341631,0.720643,0,0,0,0,0.220709,0.321985,0.530943,0.268882,0.272354,0.524806,0.874424,0.729012,0.747074,0.12735,0,nan,4.41182,0.200621,-0.21834,0.125432,-0.290346,0.117802,1.27804,11,31.7376,40.9348,0.308834,0.859877,0.849514,0.573491,0.590605,0.047462,0.620872,arms_ik
l1,isaac,policy,1,/home/humanoid/Programs/Humanoid_Simulation/Locomanipulation_game/logs/skrl/locomanip_marl/paper1/checkpoints/agent_91200.pt,0,b083_d10_e00,83,0.1,0,0.242293,0.57785,0.431333,0.337434,0.00966525,0.0193098,1.02171,0,0,0,0,nan,0.0757263,0.131356,0.270249,0,0,0,0,0.0865234,0.110455,0.175356,0.197997,0.0914247,0.162242,0.859681,0.714282,0.72612,0.133561,0,nan,6.13526,0.140488,-0.178233,0.103228,-0.194869,0.100398,1.20727,5,19.385,14.9133,0.214628,0.851793,0.659948,0.476961,0.482052,0.0493104,-0.814531,arms_ik
l1,isaac,policy,1,/home/humanoid/Programs/Humanoid_Simulation/Locomanipulation_game/logs/skrl/locomanip_marl/paper1/checkpoints/agent_91200.pt,0,b083_d20_e00,83,0.2,0,0.242293,0.57785,0.331333,0.337434,0.00966525,-0.0806902,0.92171,0,0,0,0,nan,0.112993,0.252901,0.819041,0,0,0,0,0.0357278,0.204674,0.263519,0.484142,0.151154,0.497785,0.860283,0.720998,0.731827,0.128456,0,nan,6.50081,0.139078,-0.144275,0.116739,-0.116816,0.110698,2.07585,1,38.9225,37.8619,0.463216,0.709052,0.596334,0.434232,0.614666,0.0236618,-0.925526,arms_ik
l1,isaac,policy,1,/home/humanoid/Programs/Humanoid_Simulation/Locomanipulation_game/logs/skrl/locomanip_marl/paper1/checkpoints/agent_91200.pt,0,b083_d30_e00,83,0.3,0,0.242293,0.57785,0.231333,0.337434,0.00966525,-0.18069,0.82171,1,0,0,0,nan,0.0738226,0.133154,0.962656,0,0,0,0,0.152908,0.118437,0.583593,0.129779,0.146029,0.40149,0.864909,0.710775,0.71947,0.14544,0,nan,7.05458,0.178535,-0.241418,0.114822,-0.283406,0.113375,1.93454,6,37.5382,21.5623,0.215038,0.850399,0.847599,0.494588,0.617712,0.0614862,4.12998,arms_ik
l1,isaac,policy,1,/home/humanoid/Programs/Humanoid_Simulation/Locomanipulation_game/logs/skrl/locomanip_marl/paper1/checkpoints/agent_91200.pt,0,b083_d40_e00,83,0.4,0,0.242293,0.57785,0.131333,0.337434,0.00966525,-0.28069,0.72171,1,0,0,0,nan,0.0982776,0.156759,1.54071,0,0,0,0,0.124678,0.12857,1.6453,0.237898,0.126825,0.930488,0.870124,0.742071,0.751732,0.118391,0,nan,4.13848,0.151981,-0.208228,0.124065,-0.231513,0.125054,2.32404,1,17.7997,23.5563,0.220323,0.627128,0.586755,0.680575,0.547333,0.0480634,1.364,arms_ik
l1,isaac,policy,1,/home/humanoid/Programs/Humanoid_Simulation/Locomanipulation_game/logs/skrl/locomanip_marl/paper1/checkpoints/agent_91200.pt,0,b083_d50_e00,83,0.5,0,0.242293,0.57785,0.0313327,0.337434,0.00966525,-0.38069,0.62171,1,0,0,0,nan,0.119264,0.206918,1.04702,0,0,0,0,0.0755134,0.187217,1.00995,0.120179,0.143685,0.573661,0.85259,0.704054,0.732214,0.120376,0,nan,6.15899,0.164172,-0.232277,0.131234,-0.268145,0.125763,2.39922,7,32.9583,20.8689,0.318628,0.867698,0.74464,0.65234,0.458741,0.0305233,2.56915,arms_ik
l1,isaac,policy,1,/home/humanoid/Programs/Humanoid_Simulation/Locomanipulation_game/logs/skrl/locomanip_marl/paper1/checkpoints/agent_91200.pt,0,b083_d60_e00,83,0.6,0,0.242293,0.57785,-0.0686673,0.337434,0.00966525,-0.48069,0.52171,1,0,0,0,nan,0.132266,0.192328,2.01559,0,0,0,0,0.104944,0.205517,2.17482,0.167163,0.154542,1.18896,0.87285,0.707994,0.736835,0.136015,0,nan,5.86974,0.142275,-0.212413,0.121635,-0.231292,0.112468,1.0406,3,9.96855,15.9814,0.165176,0.633857,0.582543,0.44274,0.583793,0.0437962,3.27198,arms_ik
l1,isaac,policy,1,/home/humanoid/Programs/Humanoid_Simulation/Locomanipulation_game/logs/skrl/locomanip_marl/paper1/checkpoints/agent_91200.pt,0,b083_d70_e00,83,0.7,0,0.242293,0.57785,-0.168667,0.337434,0.00966525,-0.58069,0.42171,1,0,0,0,nan,0.169576,0.268019,2.05345,0,0,0,0,0.103172,0.263363,2.02835,0.185546,0.182939,1.10144,0.875329,0.713784,0.728296,0.147032,0,nan,6.47122,0.147261,-0.127957,0.119902,-0.139963,0.116806,1.3179,1,10.1062,13.1144,0.1556,0.690802,0.528907,0.337007,0.664713,0.0576978,4.09174,arms_ik
l1,isaac,policy,1,/home/humanoid/Programs/Humanoid_Simulation/Locomanipulation_game/logs/skrl/locomanip_marl/paper1/checkpoints/agent_91200.pt,0,b083_d80_e00,83,0.8,0,0.242293,0.57785,-0.268667,0.337434,0.00966525,-0.68069,0.32171,1,0,0,0,nan,0.206162,0.356336,2.09606,0,0,0,0,0.0863341,0.3521,2.08943,0.185289,0.218685,1.1129,0.865292,0.677059,0.695342,0.16995,0,nan,8.44475,0.157419,-0.184071,0.121246,-0.190482,0.117525,1.43255,5,14.2873,10.5814,0.17047,0.858179,0.753005,0.471187,0.619294,0.0524021,5.32822,arms_ik
l1,isaac,policy,1,/home/humanoid/Programs/Humanoid_Simulation/Locomanipulation_game/logs/skrl/locomanip_marl/paper1/checkpoints/agent_91200.pt,0,b083_d90_e00,83,0.9,0,0.242293,0.57785,-0.368667,0.337434,0.00966525,-0.78069,0.22171,1,0,0,0,nan,0.262659,0.448868,2.11003,0,0,0,0,0.119305,0.456147,2.00011,0.663438,0.285926,1.324,0.877396,0.687804,0.706921,0.170475,0,nan,8.41902,0.146193,-0.213937,0.132318,-0.215459,0.129227,1.42383,1,13.4115,13.0566,0.176098,0.589842,0.520647,0.353135,0.554992,0.0780265,7.41502,arms_ik
l1,isaac,policy,1,/home/humanoid/Programs/Humanoid_Simulation/Locomanipulation_game/logs/skrl/locomanip_marl/paper1/checkpoints/agent_91200.pt,0,b083_d100_e00,83,1,0,0.242293,0.57785,-0.468667,0.337434,0.00966525,-0.88069,0.12171,1,0,0,0,nan,0.354949,0.533828,1.98738,0,0,0,0,0.207596,0.54131,1.97031,0.567699,0.372337,1.27408,0.878849,0.711382,0.721394,0.157455,0,nan,8.64625,0.157717,-0.244036,0.13152,-0.243151,0.129855,0.965027,1,4.31239,5.18184,0.112586,0.502465,0.454081,0.343152,0.605903,0.0904791,6.7692,arms_ik
l1,isaac,policy,1,/home/humanoid/Programs/Humanoid_Simulation/Locomanipulation_game/logs/skrl/locomanip_marl/paper1/checkpoints/agent_91200.pt,0,b084_d00_e00,84,0,0,0.17743,0.420395,0.165405,0.293661,-0.244861,0.853066,1.16781,0,0,0,0,nan,0.308672,0.607936,1.48896,0,0,0,0,0.0578255,0.625927,0.125083,1.47735,0.340052,0.801147,0.860941,0.776588,0.79495,0.065991,0,nan,7.83709,0.191051,-0.159668,0.117279,-0.20931,0.111539,0.810605,5,20.5191,26.15,0.311467,0.850719,0.817142,0.455039,0.623231,0.024623,-2.26343,arms_ik
l1,isaac,policy,1,/home/humanoid/Programs/Humanoid_Simulation/Locomanipulation_game/logs/skrl/locomanip_marl/paper1/checkpoints/agent_91200.pt,0,b084_d10_e00,84,0.1,0,0.17743,0.420395,0.0654052,0.293661,-0.244861,0.753066,1.06781,0,0,0,0,nan,0.27297,0.541146,1.35069,0,0,0,0,0.0636773,0.526076,0.137623,1.34884,0.296724,0.741138,0.881039,0.789765,0.801095,0.0799437,0,nan,7.92629,0.20376,-0.199426,0.117141,-0.235926,0.115691,0.881027,4,20.6945,20.5471,0.284868,0.755382,0.824097,0.684427,0.725481,0.0299392,-3.12413,arms_ik
l1,isaac,policy,1,/home/humanoid/Programs/Humanoid_Simulation/Locomanipulation_game/logs/skrl/locomanip_marl/paper1/checkpoints/agent_91200.pt,0,b084_d20_e00,84,0.2,0,0.17743,0.420395,-0.0345948,0.293661,-0.244861,0.653066,0.967805,0,0,0,0,nan,0.238429,0.489331,1.16164,0,0,0,0,0.0568902,0.482192,0.169422,1.12387,0.274478,0.647776,0.875513,0.769918,0.787435,0.0880785,0,nan,6.20945,0.190469,-0.190108,0.110379,-0.228444,0.103308,0.906405,2,15.2137,17.0651,0.22274,0.775646,0.841331,0.62718,0.827139,0.0204932,-2.49738,arms_ik
l1,isaac,policy,1,/home/humanoid/Programs/Humanoid_Simulation/Locomanipulation_game/logs/skrl/locomanip_marl/paper1/checkpoints/agent_91200.pt,0,b084_d30_e00,84,0.3,0,0.17743,0.420395,-0.134595,0.293661,-0.244861,0.553066,0.867805,1,0,0,0,nan,0.175031,0.308329,0.778573,0,0,0,0,0.0530029,0.29706,0.136431,0.782643,0.179871,0.451128,0.861143,0.754005,0.770467,0.0906757,0,nan,5.0112,0.141021,-0.155646,0.114113,-0.174132,0.117564,0.588552,3,5.66773,5.28116,0.0621958,0.779526,0.582463,0.425557,0.603895,0.0206645,-1.93521,arms_ik
l1,isaac,policy,1,/home/humanoid/Programs/Humanoid_Simulation/Locomanipulation_game/logs/skrl/locomanip_marl/paper1/checkpoints/agent_91200.pt,0,b084_d40_e00,84,0.4,0,0.17743,0.420395,-0.234595,0.293661,-0.244861,0.453066,0.767805,1,0,0,0,nan,0.116441,0.20809,0.525885,0,0,0,0,0.055187,0.184321,0.113702,0.462564,0.124528,0.300766,0.861158,0.737162,0.752006,0.109151,0,nan,5.97855,0.145053,-0.167527,0.11128,-0.169708,0.112563,0.838598,1,6.17677,11.3345,0.0752772,0.674641,0.544689,0.403965,0.538602,0.034327,-2.33518,arms_ik
l1,isaac,policy,1,/home/humanoid/Programs/Humanoid_Simulation/Locomanipulation_game/logs/skrl/locomanip_marl/paper1/checkpoints/agent_91200.pt,0,b084_d50_e00,84,0.5,0,0.17743,0.420395,-0.334595,0.293661,-0.244861,0.353066,0.667805,1,0,1,0,nan,0.0388254,0.0667522,0.338965,0,0,1,1,0.0304729,0.047178,0.347739,0.137227,0.0456924,0.248707,0.856554,0.728458,0.7451,0.111454,0,nan,7.57293,0.145279,-0.096039,0.105431,-0.0964319,0.107269,0.83647,0,8.52784,7.58154,0.0778078,0.59626,0.853568,0.406917,0.510199,0.0280102,-1.69973,arms_ik
l1,isaac,policy,1,/home/humanoid/Programs/Humanoid_Simulation/Locomanipulation_game/logs/skrl/locomanip_marl/paper1/checkpoints/agent_91200.pt,0,b084_d60_e00,84,0.6,0,0.17743,0.420395,-0.434595,0.293661,-0.244861,0.253066,0.567805,1,0,0,1,nan,0.0800533,0.13671,0.36299,0,0,0,0,0.118752,0.041354,0.303413,0.116326,0.0866516,0.220518,0.859181,0.731379,0.737981,0.1212,0,nan,4.67036,0.157403,-0.197881,0.126392,-0.223845,0.127435,1.10677,2,15.2063,8.28068,0.13831,0.842708,0.638708,0.391892,0.47522,0.0276514,-0.32228,arms_ik
l1,isaac,policy,1,/home/humanoid/Programs/Humanoid_Simulation/Locomanipulation_game/logs/skrl/locomanip_marl/paper1/checkpoints/agent_91200.pt,0,b084_d70_e00,84,0.7,0,0.17743,0.420395,-0.534595,0.293661,-0.244861,0.153066,0.467805,1,0,0,1,nan,0.109185,0.203741,0.501527,0,0,0,0,0.192111,0.0396884,0.457395,0.0979349,0.116371,0.267223,0.843053,0.721179,0.728719,0.114334,0,nan,4.50573,0.129205,0.0968336,0.120407,0.0790286,0.120318,1.26346,0,22.0998,6.44975,0.18227,0.590943,0.436618,0.242671,0.520441,0.0298127,0.0788706,arms_ik
l1,isaac,policy,1,/home/humanoid/Programs/Humanoid_Simulation/Locomanipulation_game/logs/skrl/locomanip_marl/paper1/checkpoints/agent_91200.pt,0,b084_d80_e00,84,0.8,0,0.17743,0.420395,-0.634595,0.293661,-0.244861,0.0530656,0.367805,1,0,0,0,nan,0.179029,0.328862,0.468747,0,0,0,0,0.320633,0.0890663,0.275319,0.140322,0.204425,0.266493,0.869143,0.712768,0.730678,0.138465,0,nan,6.43078,0.168779,-0.182627,0.130707,-0.190775,0.124021,1.04411,4,46.3041,11.1541,0.338618,0.844252,0.502054,0.475096,0.556232,0.0527723,2.31349,arms_ik
l1,isaac,policy,1,/home/humanoid/Programs/Humanoid_Simulation/Locomanipulation_game/logs/skrl/locomanip_marl/paper1/checkpoints/agent_91200.pt,0,b084_d90_e00,84,0.9,0,0.17743,0.420395,-0.734595,0.293661,-0.244861,-0.0469344,0.267805,1,0,0,1,nan,0.205488,0.399275,0.541994,0,0,0,0,0.388594,0.054461,0.436179,0.133293,0.221544,0.298993,0.879018,0.726249,0.731614,0.147404,0,nan,5.97555,0.154582,-0.0854115,0.10262,-0.113686,0.0992353,1.32315,0,25.6361,6.77993,0.201985,0.571923,0.543049,0.306456,0.690412,0.0405844,0.513381,arms_ik
l1,isaac,policy,1,/home/humanoid/Programs/Humanoid_Simulation/Locomanipulation_game/logs/skrl/locomanip_marl/paper1/checkpoints/agent_91200.pt,0,b084_d100_e00,84,1,0,0.17743,0.420395,-0.834595,0.293661,-0.244861,-0.146934,0.167805,1,0,0,0,nan,0.255541,0.496964,0.559389,0,0,0,0,0.488678,0.089615,0.451016,0.148492,0.282317,0.32139,0.867432,0.717886,0.731301,0.136131,0,nan,6.16453,0.152831,-0.129121,0.106752,-0.14202,0.110459,1.25616,1,34.5674,13.5206,0.285995,0.683116,0.387067,0.333955,0.578223,0.0520626,1.59483,arms_ik
l1,isaac,policy,1,/home/humanoid/Programs/Humanoid_Simulation/Locomanipulation_game/logs/skrl/locomanip_marl/paper1/checkpoints/agent_91200.pt,0,b085_d00_e00,85,0,0,0.246057,0.348495,0.725708,0.422548,-0.516101,0.280081,1.28248,0,0,0,0,nan,0.119853,0.243512,0.379248,0,0,0,0,0.0866266,0.23052,0.13828,0.344646,0.167822,0.222755,0.86029,0.79624,0.804453,0.0558369,0,nan,9.5036,0.191117,-0.199578,0.118308,-0.258738,0.111758,1.61674,3,52.1015,71.1539,0.542217,0.82355,0.858741,0.541496,0.526531,0.0685574,0.521963,arms_ik
l1,isaac,policy,1,/home/humanoid/Programs/Humanoid_Simulation/Locomanipulation_game/logs/skrl/locomanip_marl/paper1/checkpoints/agent_91200.pt,0,b085_d10_e00,85,0.1,0,0.246057,0.348495,0.625708,0.422548,-0.516101,0.180081,1.18248,0,0,0,0,nan,0.0476397,0.119375,0.203693,0,0,0,0,0.0874373,0.120124,0.152579,0.15674,0.0837802,0.120658,0.862337,0.785752,0.799636,0.0627004,0,nan,9.18329,0.170402,-0.149886,0.13371,-0.22327,0.129493,1.10158,1,25.0903,39.588,0.356059,0.758586,0.813775,0.528087,0.52704,0.0533315,0.205879,arms_ik
l1,isaac,policy,1,/home/humanoid/Programs/Humanoid_Simulation/Locomanipulation_game/logs/skrl/locomanip_marl/paper1/checkpoints/agent_91200.pt,0,b085_d20_e00,85,0.2,0,0.246057,0.348495,0.525708,0.422548,-0.516101,0.0800808,1.08248,0,0,0,0,nan,0.0602611,0.125505,0.210474,0,0,0,0,0.0858968,0.124994,0.182653,0.090681,0.0926228,0.138458,0.879275,0.776955,0.816861,0.0624134,0,nan,5.99234,0.170313,-0.160317,0.12024,-0.177489,0.113012,1.12181,2,30.0219,34.8709,0.354895,0.61968,0.853034,0.394918,0.426764,0.0485324,-0.199426,arms_ik
l1,isaac,policy,1,/home/humanoid/Programs/Humanoid_Simulation/Locomanipulation_game/logs/skrl/locomanip_marl/paper1/checkpoints/agent_91200.pt,0,b085_d30_e00,85,0.3,0,0.246057,0.348495,0.425708,0.422548,-0.516101,-0.0199192,0.982481,0,0,0,0,nan,0.0500301,0.113898,0.189126,0,0,0,0,0.0736234,0.117923,0.139595,0.159774,0.0840004,0.139,0.870154,0.766376,0.806768,0.0633859,0,nan,8.38116,0.184974,-0.21192,0.114858,-0.233119,0.105034,1.05068,4,13.3642,30.2424,0.201352,0.686227,0.858375,0.379682,0.426038,0.0343831,-0.426934,arms_ik
l1,isaac,policy,1,/home/humanoid/Programs/Humanoid_Simulation/Locomanipulation_game/logs/skrl/locomanip_marl/paper1/checkpoints/agent_91200.pt,0,b085_d40_e00,85,0.4,0,0.246057,0.348495,0.325708,0.422548,-0.516101,-0.119919,0.882481,1,0,0,0,nan,0.046197,0.0873985,0.192949,0,0,0,1,0.056724,0.09288,0.206195,0.0988973,0.0675621,0.149777,0.865007,0.742839,0.756938,0.108069,0,nan,11.0049,0.176817,-0.198501,0.106532,-0.21087,0.0990229,1.1,2,15.7528,12.9556,0.165674,0.632501,0.649942,0.402512,0.388455,0.0525109,0.42179,arms_ik
l1,isaac,policy,1,/home/humanoid/Programs/Humanoid_Simulation/Locomanipulation_game/logs/skrl/locomanip_marl/paper1/checkpoints/agent_91200.pt,0,b085_d50_e00,85,0.5,0,0.246057,0.348495,0.225708,0.422548,-0.516101,-0.219919,0.782481,1,0,0,0,nan,0.0503833,0.0903494,0.168041,0,0,0,1,0.0482049,0.0867819,0.165479,0.0887298,0.0673363,0.130244,0.865062,0.762587,0.770686,0.094376,0,nan,9.50396,0.166872,0.107227,0.131346,0.0968575,0.125418,2.04284,0,12.7381,14.9139,0.185406,0.576817,0.530091,0.327211,0.386833,0.0426597,1.47523,arms_ik
l1,isaac,policy,1,/home/humanoid/Programs/Humanoid_Simulation/Locomanipulation_game/logs/skrl/locomanip_marl/paper1/checkpoints/agent_91200.pt,0,b085_d60_e00,85,0.6,0,0.246057,0.348495,0.125708,0.422548,-0.516101,-0.319919,0.682481,1,0,1,0,nan,0.0838171,0.124963,0.173798,0,0,0,0,0.0714726,0.14635,0.191882,0.120848,0.0974032,0.131567,0.853812,0.746671,0.758585,0.0952277,0,nan,8.90823,0.146019,0.118289,0.133711,0.109115,0.127693,1.56894,0,9.28897,14.2446,0.139498,0.556699,0.499695,0.334604,0.423527,0.0447674,2.67522,arms_ik
l1,isaac,policy,1,/home/humanoid/Programs/Humanoid_Simulation/Locomanipulation_game/logs/skrl/locomanip_marl/paper1/checkpoints/agent_91200.pt,0,b085_d70_e00,85,0.7,0,0.246057,0.348495,0.0257082,0.422548,-0.516101,-0.419919,0.582481,1,0,1,0,nan,0.104157,0.18366,0.174811,0,0,0,0,0.0446626,0.205769,0.154533,0.157948,0.121975,0.138027,0.864748,0.736995,0.746859,0.117888,0,nan,10.4046,0.152558,0.109451,0.128568,0.0957207,0.121879,1.75124,0,10.8719,33.5175,0.268474,0.535055,0.663465,0.354572,0.472624,0.0383687,2.32705,arms_ik
l1,isaac,policy,1,/home/humanoid/Programs/Humanoid_Simulation/Locomanipulation_game/logs/skrl/locomanip_marl/paper1/checkpoints/agent_91200.pt,0,b085_d80_e00,85,0.8,0,0.246057,0.348495,-0.0742918,0.422548,-0.516101,-0.519919,0.482481,1,0,1,0,nan,0.147526,0.271914,0.223286,0,0,0,0,0.0402583,0.254989,0.158854,0.106777,0.155096,0.143858,0.876967,0.73682,0.74547,0.131497,0,nan,10.2677,0.140586,0.116343,0.132181,0.0866731,0.128381,2.3106,0,9.06743,30.5026,0.285113,0.535037,0.76995,0.365652,0.525688,0.0408532,2.97874,arms_ik
l1,isaac,policy,1,/home/humanoid/Programs/Humanoid_Simulation/Locomanipulation_game/logs/skrl/locomanip_marl/paper1/checkpoints/agent_91200.pt,0,b085_d90_e00,85,0.9,0,0.246057,0.348495,-0.174292,0.422548,-0.516101,-0.619919,0.382481,1,0,1,0,nan,0.194096,0.371202,0.360926,0,0,0,0,0.0392206,0.371396,0.158778,0.117658,0.205258,0.184121,0.858609,0.736486,0.743399,0.115211,0,nan,9.37562,0.151867,-0.116151,0.12036,-0.123451,0.120605,1.46765,1,4.66934,48.4408,0.334116,0.567189,0.500508,0.387393,0.538314,0.0435843,2.62353,arms_ik
l1,isaac,policy,1,/home/humanoid/Programs/Humanoid_Simulation/Locomanipulation_game/logs/skrl/locomanip_marl/paper1/checkpoints/agent_91200.pt,0,b085_d100_e00,85,1,0,0.246057,0.348495,-0.274292,0.422548,-0.516101,-0.719919,0.282481,1,0,0,0,nan,0.232173,0.482097,0.409607,0,0,0,0,0.0952187,0.482278,0.398609,0.219692,0.289688,0.274166,0.879075,0.715535,0.733553,0.145522,0,nan,9.45857,0.179035,-0.149203,0.134089,-0.17548,0.132362,1.27676,5,8.63022,27.1923,0.261307,0.839182,0.493051,0.775914,0.493016,0.0664216,5.39627,arms_ik
l1,isaac,policy,1,/home/humanoid/Programs/Humanoid_Simulation/Locomanipulation_game/logs/skrl/locomanip_marl/paper1/checkpoints/agent_91200.pt,0,b086_d00_e00,86,0,0,0.17723,0.508211,0.0136441,0.212157,-0.714612,0.46297,1.01604,0,0,0,0,nan,0.0599535,0.12574,0.19314,0,0,0,0,0.0585416,0.171562,0.158088,0.241233,0.0901231,0.161187,0.865673,0.811136,0.825247,0.0404253,0,nan,5.95673,0.153287,-0.165938,0.0974016,-0.208522,0.105374,0.982717,4,9.45072,27.2772,0.172594,0.696312,0.698355,0.413155,0.55402,0.0575309,1.7033,arms_ik
l1,isaac,policy,1,/home/humanoid/Programs/Humanoid_Simulation/Locomanipulation_game/logs/skrl/locomanip_marl/paper1/checkpoints/agent_91200.pt,0,b086_d10_e00,86,0.1,0,0.17723,0.508211,-0.0863559,0.212157,-0.714612,0.36297,0.916044,0,0,0,0,nan,0.0463685,0.117102,0.23487,0,0,0,0,0.0842958,0.0575331,0.152452,0.0491925,0.0863453,0.136652,0.87467,0.768786,0.792515,0.0821552,0,nan,8.5031,0.168677,-0.204662,0.128063,-0.232761,0.127056,1.03564,2,13.673,43.059,0.313594,0.719987,0.700238,0.330575,0.569813,0.0748481,5.82036,arms_ik
l1,isaac,policy,1,/home/humanoid/Programs/Humanoid_Simulation/Locomanipulation_game/logs/skrl/locomanip_marl/paper1/checkpoints/agent_91200.pt,0,b086_d20_e00,86,0.2,0,0.17723,0.508211,-0.186356,0.212157,-0.714612,0.26297,0.816044,1,0,0,0,nan,0.135236,0.289766,0.489242,0,0,0,0,0.131089,0.281395,0.263848,0.81866,0.22052,0.403637,0.872886,0.760509,0.781412,0.0914732,0,nan,7.501,0.153572,-0.131537,0.0922228,-0.168427,0.100207,1.02518,1,54.2526,86.8209,0.767026,0.654024,0.597887,0.372841,0.591485,0.0670552,1.23994,arms_ik
l1,isaac,policy,1,/home/humanoid/Programs/Humanoid_Simulation/Locomanipulation_game/logs/skrl/locomanip_marl/paper1/checkpoints/agent_91200.pt,0,b086_d30_e00,86,0.3,0,0.17723,0.508211,-0.286356,0.212157,-0.714612,0.16297,0.716044,1,0,0,0,nan,0.0894941,0.199367,0.291065,0,0,0,0,0.0994492,0.215956,0.220491,0.355708,0.122242,0.219847,0.852177,0.73505,0.744957,0.10722,0,nan,7.25005,0.138154,0.0969918,0.126382,0.0829889,0.121979,1.26419,0,41.7152,51.4149,0.571153,0.574455,0.73564,0.364323,0.534991,0.079422,4.02763,arms_ik
l1,isaac,policy,1,/home/humanoid/Programs/Humanoid_Simulation/Locomanipulation_game/logs/skrl/locomanip_marl/paper1/checkpoints/agent_91200.pt,0,b086_d40_e00,86,0.4,0,0.17723,0.508211,-0.386356,0.212157,-0.714612,0.0629698,0.616044,1,0,0,0,nan,0.0859121,0.140219,0.279369,0,0,0,0,0.124637,0.191744,0.22172,0.338601,0.153292,0.25379,0.874098,0.709149,0.733559,0.140539,0,nan,8.35394,0.150762,-0.0695511,0.105513,-0.0831244,0.10901,0.646079,0,30.1832,61.4709,0.53651,0.624475,0.678201,0.420475,0.512799,0.0793705,3.141,arms_ik
l1,isaac,policy,1,/home/humanoid/Programs/Humanoid_Simulation/Locomanipulation_game/logs/skrl/locomanip_marl/paper1/checkpoints/agent_91200.pt,0,b086_d50_e00,86,0.5,0,0.17723,0.508211,-0.486356,0.212157,-0.714612,-0.0370302,0.516044,1,0,0,0,nan,0.137689,0.231462,0.405698,0,0,0,0,0.18689,0.103007,0.0749691,0.228601,0.181627,0.263598,0.874946,0.714441,0.724937,0.150009,0,nan,7.81739,0.157181,0.098925,0.121824,0.0844224,0.121107,1.27394,0,44.8582,78.9603,0.68149,0.601866,0.620982,0.41139,0.524947,0.0695827,4.28933,arms_ik
l1,isaac,policy,1,/home/humanoid/Programs/Humanoid_Simulation/Locomanipulation_game/logs/skrl/locomanip_marl/paper1/checkpoints/agent_91200.pt,0,b086_d60_e00,86,0.6,0,0.17723,0.508211,-0.586356,0.212157,-0.714612,-0.13703,0.416044,1,0,0,0,nan,0.176377,0.31586,0.421844,0,0,0,0,0.316744,0.0868474,0.308077,0.151668,0.222076,0.265838,0.871741,0.707071,0.721014,0.150727,0,nan,9.90755,0.148772,0.105007,0.119496,0.0922519,0.116801,1.07995,0,45.3082,56.4233,0.59874,0.650522,0.587373,0.360027,0.573638,0.0730126,5.0697,arms_ik
l1,isaac,policy,1,/home/humanoid/Programs/Humanoid_Simulation/Locomanipulation_game/logs/skrl/locomanip_marl/paper1/checkpoints/agent_91200.pt,0,b086_d70_e00,86,0.7,0,0.17723,0.508211,-0.686356,0.212157,-0.714612,-0.23703,0.316044,1,0,0,0,nan,0.223849,0.472822,0.595399,0,0,0,0,0.578043,0.0927224,0.583914,0.113037,0.352071,0.300455,0.875374,0.701216,0.718022,0.157353,0,nan,11.5663,0.202211,-0.221626,0.0934328,-0.274913,0.0923911,1.62157,11,43.1274,24.0977,0.311443,0.846191,0.689749,0.58393,0.547882,0.0780476,3.99395,arms_ik
l1,isaac,policy,1,/home/humanoid/Programs/Humanoid_Simulation/Locomanipulation_game/logs/skrl/locomanip_marl/paper1/checkpoints/agent_91200.pt,0,b086_d80_e00,86,0.8,0,0.17723,0.508211,-0.786356,0.212157,-0.714612,-0.33703,0.216044,1,0,0,0,nan,0.281197,0.527503,0.591926,0,0,0,0,0.507237,0.112953,0.229562,0.213443,0.305552,0.282841,0.869933,0.676292,0.68682,0.183113,0,nan,13.815,0.165903,-0.0331619,0.104688,0.00766593,0.102084,1.16097,1,39.4805,21.4996,0.335841,0.66979,0.447838,0.331607,0.549303,0.0847119,4.64755,arms_ik
l1,isaac,policy,1,/home/humanoid/Programs/Humanoid_Simulation/Locomanipulation_game/logs/skrl/locomanip_marl/paper1/checkpoints/agent_91200.pt,0,b086_d90_e00,86,0.9,0,0.17723,0.508211,-0.886356,0.212157,-0.714612,-0.43703,0.116044,1,0,0,0,nan,0.34944,0.555116,0.568362,0,0,0,0,0.597753,0.126182,0.508277,0.323883,0.36616,0.41444,0.888218,0.682407,0.6858,0.202419,0,nan,13.3674,0.156714,0.0895515,0.0991074,0.0826053,0.0944417,1.5842,0,36.8436,20.2745,0.311899,0.677159,0.694744,0.459597,0.603655,0.0753125,4.54499,arms_ik
l1,isaac,policy,1,/home/humanoid/Programs/Humanoid_Simulation/Locomanipulation_game/logs/skrl/locomanip_marl/paper1/checkpoints/agent_91200.pt,0,b086_d100_e00,86,1,0,0.17723,0.508211,-0.986356,0.212157,-0.714612,-0.53703,0.0160441,1,0,0,0,nan,0.429082,0.642044,0.577383,0,0,0,0,0.695721,0.204365,0.57084,0.391407,0.437156,0.485828,0.875062,0.6765,0.687885,0.187177,0,nan,13.2735,0.164638,-0.103643,0.0894895,-0.111248,0.0852193,1.08598,1,14.2793,10.8389,0.159373,0.790399,0.511341,0.38833,0.565854,0.065691,5.28901,arms_ik
l1,isaac,policy,1,/home/humanoid/Programs/Humanoid_Simulation/Locomanipulation_game/logs/skrl/locomanip_marl/paper1/checkpoints/agent_91200.pt,0,b087_d00_e00,87,0,0,0.155648,0.0724258,0.158656,0.253433,-0.657009,0.542978,1.16106,0,0,1,0,nan,0.0319101,0.112855,0.0891848,0,0,0,0,0.0523903,0.0726651,0.0742086,0.0820145,0.0710242,0.069935,0.863451,0.813501,0.829367,0.034084,0,nan,6.20381,0.141977,-0.105687,0.072776,-0.11949,0.0669896,1.20447,2,6.89402,27.2245,0.251064,0.651175,0.578192,0.369279,0.466677,0.0616788,-0.66247,arms_ik
l1,isaac,policy,1,/home/humanoid/Programs/Humanoid_Simulation/Locomanipulation_game/logs/skrl/locomanip_marl/paper1/checkpoints/agent_91200.pt,0,b087_d10_e00,87,0.1,0,0.155648,0.0724258,0.0586561,0.253433,-0.657009,0.442978,1.06106,0,0,1,0,nan,0.026415,0.0625688,0.148574,0,0,1,1,0.0449718,0.0599181,0.0487954,0.148574,0.053105,0.0836894,0.866038,0.79807,0.817807,0.0482309,0,nan,6.83628,0.139435,-0.10645,0.100756,-0.11117,0.10567,1.17462,2,3.85195,11.2591,0.104714,0.641918,0.719706,0.384239,0.489702,0.0606362,-0.176353,arms_ik
l1,isaac,policy,1,/home/humanoid/Programs/Humanoid_Simulation/Locomanipulation_game/logs/skrl/locomanip_marl/paper1/checkpoints/agent_91200.pt,0,b087_d20_e00,87,0.2,0,0.155648,0.0724258,-0.0413439,0.253433,-0.657009,0.342978,0.961056,0,1,1,1,2.9,0.0285655,0.0473705,0.117416,0,0,1,1,0.0578396,0.0675592,0.102798,0.0860045,0.0523419,0.0812658,0.882126,0.778956,0.797347,0.0847792,0,nan,5.40552,0.15677,-0.116702,0.0798074,-0.132439,0.0785841,0.590043,1,8.11481,13.7351,0.146554,0.67888,0.678214,0.287584,0.484681,0.0528854,-0.486597,arms_ik
l1,isaac,policy,1,/home/humanoid/Programs/Humanoid_Simulation/Locomanipulation_game/logs/skrl/locomanip_marl/paper1/checkpoints/agent_91200.pt,0,b087_d30_e00,87,0.3,0,0.155648,0.0724258,-0.141344,0.253433,-0.657009,0.242978,0.861056,1,0,1,0,nan,0.0433064,0.073486,0.117032,0,0,1,1,0.0482147,0.074646,0.11506,0.0572122,0.0534702,0.0909897,0.865944,0.751145,0.759037,0.106907,0,nan,5.08505,0.129887,-0.0999361,0.109548,-0.117433,0.111678,1.39071,1,4.01506,14.111,0.147542,0.612422,0.844391,0.4609,0.664475,0.0494114,-0.601008,arms_ik
l1,isaac,policy,1,/home/humanoid/Programs/Humanoid_Simulation/Locomanipulation_game/logs/skrl/locomanip_marl/paper1/checkpoints/agent_91200.pt,0,b087_d40_e00,87,0.4,0,0.155648,0.0724258,-0.241344,0.253433,-0.657009,0.142978,0.761056,1,0,1,0,nan,0.035249,0.0714493,0.118441,0,0,1,1,0.0577362,0.0882485,0.0689964,0.0521636,0.0715418,0.0816547,0.856144,0.733038,0.742227,0.113918,0,nan,4.39459,0.129632,-0.128795,0.109845,-0.0973944,0.106697,1.16759,2,5.11298,11.2463,0.0963535,0.722944,0.538435,0.382765,0.578825,0.0667282,0.0343469,arms_ik
l1,isaac,policy,1,/home/humanoid/Programs/Humanoid_Simulation/Locomanipulation_game/logs/skrl/locomanip_marl/paper1/checkpoints/agent_91200.pt,0,b087_d50_e00,87,0.5,0,0.155648,0.0724258,-0.341344,0.253433,-0.657009,0.042978,0.661056,1,0,0,0,nan,0.0472346,0.0858847,0.435718,0,0,0,1,0.0418115,0.0721178,0.246072,0.0568362,0.0665178,0.225337,0.860838,0.72393,0.73234,0.128499,0,nan,6.65327,0.126317,0.104017,0.110784,0.0953547,0.108419,1.009,0,15.6977,27.4047,0.269663,0.609111,0.433854,0.280175,0.496101,0.0728053,-0.309848,arms_ik
l1,isaac,policy,1,/home/humanoid/Programs/Humanoid_Simulation/Locomanipulation_game/logs/skrl/locomanip_marl/paper1/checkpoints/agent_91200.pt,0,b087_d60_e00,87,0.6,0,0.155648,0.0724258,-0.441344,0.253433,-0.657009,-0.057022,0.561056,1,0,0,0,nan,0.0717741,0.124185,0.608214,0,0,0,0,0.147864,0.120785,0.585634,0.114989,0.120973,0.344173,0.861858,0.713889,0.740343,0.121515,0,nan,11.4799,0.146797,-0.0586912,0.0687871,-0.0689701,0.0591457,1.06159,2,9.5934,14.7063,0.127469,0.848111,0.529894,0.389671,0.574874,0.0838848,-0.887401,arms_ik
l1,isaac,policy,1,/home/humanoid/Programs/Humanoid_Simulation/Locomanipulation_game/logs/skrl/locomanip_marl/paper1/checkpoints/agent_91200.pt,0,b087_d70_e00,87,0.7,0,0.155648,0.0724258,-0.541344,0.253433,-0.657009,-0.157022,0.461056,1,0,0,0,nan,0.101345,0.188233,0.660143,0,0,0,0,0.175794,0.106312,0.648298,0.0741613,0.138024,0.360002,0.869832,0.702049,0.709799,0.160034,0,nan,9.80893,0.148881,-0.12314,0.0955265,-0.118225,0.0962565,1.06189,0,5.99082,11.1305,0.092358,0.616606,0.601421,0.378865,0.449225,0.0743827,-0.461151,arms_ik
l1,isaac,policy,1,/home/humanoid/Programs/Humanoid_Simulation/Locomanipulation_game/logs/skrl/locomanip_marl/paper1/checkpoints/agent_91200.pt,0,b087_d80_e00,87,0.8,0,0.155648,0.0724258,-0.641344,0.253433,-0.657009,-0.257022,0.361056,1,0,0,0,nan,0.168138,0.277292,0.746992,0,0,0,0,0.281482,0.104546,0.764952,0.146581,0.190159,0.480064,0.863329,0.714046,0.724127,0.139202,0,nan,7.07256,0.152901,-0.140432,0.126191,-0.164276,0.124283,1.3531,0,7.99141,13.7354,0.134522,0.558918,0.499022,0.413526,0.66543,0.0537124,2.89426,arms_ik
l1,isaac,policy,1,/home/humanoid/Programs/Humanoid_Simulation/Locomanipulation_game/logs/skrl/locomanip_marl/paper1/checkpoints/agent_91200.pt,0,b087_d90_e00,87,0.9,0,0.155648,0.0724258,-0.741344,0.253433,-0.657009,-0.357022,0.261056,1,0,0,0,nan,0.245512,0.377189,0.780807,0,0,0,0,0.372986,0.138218,0.744144,0.328746,0.257885,0.560636,0.862506,0.713024,0.721424,0.141082,0,nan,7.78934,0.144312,-0.117227,0.123942,-0.107811,0.120803,1.11791,0,6.65884,15.5109,0.168561,0.628183,0.503696,0.281966,0.550069,0.0529514,3.6268,arms_ik
l1,isaac,policy,1,/home/humanoid/Programs/Humanoid_Simulation/Locomanipulation_game/logs/skrl/locomanip_marl/paper1/checkpoints/agent_91200.pt,0,b087_d100_e00,87,1,0,0.155648,0.0724258,-0.841344,0.253433,-0.657009,-0.457022,0.161056,1,0,0,0,nan,0.292863,0.456481,0.774416,0,0,0,0,0.443904,0.179064,0.768306,0.349291,0.314502,0.550902,0.871062,0.703017,0.711496,0.159565,0,nan,8.42554,0.165952,-0.193279,0.121063,-0.243505,0.1193,0.831105,1,13.8729,30.9676,0.287078,0.59044,0.654134,0.468095,0.575986,0.0649469,4.56783,arms_ik
l1,isaac,policy,1,/home/humanoid/Programs/Humanoid_Simulation/Locomanipulation_game/logs/skrl/locomanip_marl/paper1/checkpoints/agent_91200.pt,0,b088_d00_e00,88,0,0,0.328976,0.348281,0.238246,0.290252,-0.38404,0.0509317,1.05333,0,0,0,0,nan,0.0444882,0.107411,0.273551,0,0,0,0,0.106657,0.0572998,0.242689,0.127023,0.0875728,0.193709,0.880676,0.774981,0.807017,0.0736588,0,nan,4.5445,0.191376,-0.209982,0.12277,-0.211147,0.124858,1.07636,1,38.8359,59.1115,0.71116,0.577529,0.764253,0.394362,0.568337,0.0577067,-1.05627,arms_ik
l1,isaac,policy,1,/home/humanoid/Programs/Humanoid_Simulation/Locomanipulation_game/logs/skrl/locomanip_marl/paper1/checkpoints/agent_91200.pt,0,b088_d10_e00,88,0.1,0,0.328976,0.348281,0.138246,0.290252,-0.38404,-0.0490683,0.953332,0,0,0,0,nan,0.0451408,0.0848345,0.189764,0,0,0,1,0.0822111,0.0981663,0.172046,0.155067,0.0755233,0.145574,0.867642,0.759773,0.773323,0.0943191,0,nan,4.17587,0.141272,-0.141594,0.132604,-0.143228,0.127656,1.05007,1,29.7241,34.4215,0.482836,0.510664,0.569006,0.277541,0.410253,0.0495995,-0.177399,arms_ik
l1,isaac,policy,1,/home/humanoid/Programs/Humanoid_Simulation/Locomanipulation_game/logs/skrl/locomanip_marl/paper1/checkpoints/agent_91200.pt,0,b088_d20_e00,88,0.2,0,0.328976,0.348281,0.0382462,0.290252,-0.38404,-0.149068,0.853332,1,0,0,0,nan,0.0553128,0.099146,0.192188,0,0,0,1,0.0801962,0.0889621,0.130375,0.0956831,0.0846534,0.1199,0.8535,0.752393,0.760055,0.0934446,0,nan,5.1506,0.14322,-0.136623,0.123932,-0.158905,0.126076,1.47703,1,15.4749,24.0503,0.259434,0.828623,0.62682,0.466025,0.571718,0.0539654,2.15323,arms_ik
l1,isaac,policy,1,/home/humanoid/Programs/Humanoid_Simulation/Locomanipulation_game/logs/skrl/locomanip_marl/paper1/checkpoints/agent_91200.pt,0,b088_d30_e00,88,0.3,0,0.328976,0.348281,-0.0617538,0.290252,-0.38404,-0.249068,0.753332,1,0,0,0,nan,0.0380277,0.0898868,0.137404,0,0,0,1,0.0588592,0.129184,0.0962435,0.126545,0.0859708,0.0957187,0.880347,0.758698,0.76616,0.114188,0,nan,5.81183,0.150926,0.109905,0.126743,0.0938126,0.124456,1.51483,0,10.4889,18.7297,0.194128,0.581366,0.502112,0.4386,0.483226,0.0706899,3.00816,arms_ik
l1,isaac,policy,1,/home/humanoid/Programs/Humanoid_Simulation/Locomanipulation_game/logs/skrl/locomanip_marl/paper1/checkpoints/agent_91200.pt,0,b088_d40_e00,88,0.4,0,0.328976,0.348281,-0.161754,0.290252,-0.38404,-0.349068,0.653332,1,0,0,0,nan,0.0451907,0.0869936,0.123872,0,0,0,1,0.0862044,0.10408,0.202641,0.0594239,0.091656,0.114496,0.850492,0.719022,0.72786,0.122632,0,nan,6.78078,0.126278,0.109972,0.131864,0.0898546,0.129654,0.982476,0,7.62277,11.8592,0.110921,0.522362,0.677735,0.341457,0.402822,0.0639894,3.75047,arms_ik
l1,isaac,policy,1,/home/humanoid/Programs/Humanoid_Simulation/Locomanipulation_game/logs/skrl/locomanip_marl/paper1/checkpoints/agent_91200.pt,0,b088_d50_e00,88,0.5,0,0.328976,0.348281,-0.261754,0.290252,-0.38404,-0.449068,0.553332,1,0,0,0,nan,0.0729727,0.12682,0.530512,0,0,0,0,0.0764261,0.141586,0.40295,0.0581016,0.102431,0.264762,0.857183,0.715399,0.722649,0.134534,0,nan,8.04915,0.144102,0.0974086,0.126007,0.0790263,0.124187,1.38883,0,13.4209,15.6723,0.170246,0.660183,0.528172,0.355071,0.46694,0.0727489,5.85009,arms_ik
l1,isaac,policy,1,/home/humanoid/Programs/Humanoid_Simulation/Locomanipulation_game/logs/skrl/locomanip_marl/paper1/checkpoints/agent_91200.pt,0,b088_d60_e00,88,0.6,0,0.328976,0.348281,-0.361754,0.290252,-0.38404,-0.549068,0.453332,1,0,0,0,nan,0.113696,0.178372,0.783041,0,0,0,0,0.097741,0.181963,0.79524,0.0627723,0.132197,0.424919,0.873746,0.707124,0.711521,0.162226,0,nan,7.83681,0.145204,-0.142061,0.128913,-0.134741,0.124752,0.778681,0,11.651,13.6025,0.163622,0.54237,0.539065,0.290684,0.51425,0.0500689,5.49867,arms_ik
l1,isaac,policy,1,/home/humanoid/Programs/Humanoid_Simulation/Locomanipulation_game/logs/skrl/locomanip_marl/paper1/checkpoints/agent_91200.pt,0,b088_d70_e00,88,0.7,0,0.328976,0.348281,-0.461754,0.290252,-0.38404,-0.649068,0.353332,1,0,0,0,nan,0.203314,0.262536,0.869747,0,0,0,0,0.144411,0.276608,0.855263,0.119677,0.214695,0.492891,0.876101,0.708779,0.716577,0.159524,0,nan,9.1707,0.184703,-0.163065,0.129948,-0.16566,0.126065,0.811951,1,23.9314,31.0035,0.289048,0.640863,0.479927,0.533948,0.638145,0.0549016,7.07792,arms_ik
l1,isaac,policy,1,/home/humanoid/Programs/Humanoid_Simulation/Locomanipulation_game/logs/skrl/locomanip_marl/paper1/checkpoints/agent_91200.pt,0,b088_d80_e00,88,0.8,0,0.328976,0.348281,-0.561754,0.290252,-0.38404,-0.749068,0.253332,1,0,0,0,nan,0.298462,0.360918,0.983374,0,0,0,0,0.258412,0.360248,0.838735,0.150392,0.308503,0.515386,0.877925,0.706907,0.711035,0.16689,0,nan,9.92286,0.17107,-0.120991,0.122811,-0.114318,0.122663,1.81055,0,38.9828,34.6577,0.396195,0.719005,0.588702,0.340705,0.607637,0.0434201,6.76952,arms_ik
l1,isaac,policy,1,/home/humanoid/Programs/Humanoid_Simulation/Locomanipulation_game/logs/skrl/locomanip_marl/paper1/checkpoints/agent_91200.pt,0,b088_d90_e00,88,0.9,0,0.328976,0.348281,-0.661754,0.290252,-0.38404,-0.849068,0.153332,1,0,0,0,nan,0.372962,0.439322,0.917088,0,0,0,0,0.336026,0.443324,0.886217,0.206785,0.383587,0.519175,0.864161,0.686114,0.693221,0.17094,0,nan,10.1002,0.185553,-0.15326,0.130276,-0.146086,0.124451,0.751077,1,47.6222,32.0845,0.377945,0.861491,0.527114,0.427954,0.555012,0.0310051,8.0265,arms_ik
l1,isaac,policy,1,/home/humanoid/Programs/Humanoid_Simulation/Locomanipulation_game/logs/skrl/locomanip_marl/paper1/checkpoints/agent_91200.pt,0,b088_d100_e00,88,1,0,0.328976,0.348281,-0.761754,0.290252,-0.38404,-0.949068,0.0533317,1,0,0,0,nan,0.461689,0.527414,0.971412,0,0,0,0,0.406319,0.530852,0.892748,0.242018,0.471652,0.580536,0.865391,0.683619,0.687568,0.177822,0,nan,10.8564,0.192129,-0.198558,0.131576,-0.201623,0.128274,0.583035,2,64.4073,10.5604,0.418703,0.707257,0.643023,0.458534,0.62264,0.0309344,8.35067,arms_ik
l1,isaac,policy,1,/home/humanoid/Programs/Humanoid_Simulation/Locomanipulation_game/logs/skrl/locomanip_marl/paper1/checkpoints/agent_91200.pt,0,b089_d00_e00,89,0,0,0.267075,0.211342,0.689842,0.474656,-0.0707183,0.193262,1.19566,0,0,0,0,nan,0.228727,0.298856,0.598535,0,0,0,0,0.271943,0.195137,0.559717,0.130948,0.239755,0.333481,0.860678,0.76355,0.800089,0.0605888,0,nan,5.33366,0.161893,0.103551,0.131427,0.0836583,0.128912,1.04659,0,17.2065,16.1266,0.191433,0.827917,0.771342,0.407717,0.469062,0.0379705,-1.41633,arms_ik
l1,isaac,policy,1,/home/humanoid/Programs/Humanoid_Simulation/Locomanipulation_game/logs/skrl/locomanip_marl/paper1/checkpoints/agent_91200.pt,0,b089_d10_e00,89,0.1,0,0.267075,0.211342,0.589842,0.474656,-0.0707183,0.093262,1.09566,0,0,0,0,nan,0.153097,0.185916,0.37805,0,0,0,0,0.156334,0.14986,0.325112,0.118691,0.167585,0.257681,0.87523,0.757507,0.791215,0.0840154,0,nan,5.37499,0.164731,-0.177965,0.131106,-0.204077,0.127093,1.64728,2,14.3747,13.8519,0.145381,0.814022,0.728825,0.387388,0.626116,0.0465461,-1.25453,arms_ik
l1,isaac,policy,1,/home/humanoid/Programs/Humanoid_Simulation/Locomanipulation_game/logs/skrl/locomanip_marl/paper1/checkpoints/agent_91200.pt,0,b089_d20_e00,89,0.2,0,0.267075,0.211342,0.489842,0.474656,-0.0707183,-0.006738,0.995662,0,0,0,0,nan,0.0545233,0.149948,0.280916,0,0,0,0,0.0503073,0.0963517,0.0888248,0.113131,0.084054,0.151482,0.866997,0.746237,0.770517,0.0964797,0,nan,6.16268,0.172604,-0.183313,0.118725,-0.193538,0.108218,1.40049,3,12.0577,32.5524,0.206906,0.698233,0.8459,0.513679,0.741693,0.0447158,0.0451453,arms_ik
l1,isaac,policy,1,/home/humanoid/Programs/Humanoid_Simulation/Locomanipulation_game/logs/skrl/locomanip_marl/paper1/checkpoints/agent_91200.pt,0,b089_d30_e00,89,0.3,0,0.267075,0.211342,0.389842,0.474656,-0.0707183,-0.106738,0.895662,0,0,0,0,nan,0.0615212,0.117658,0.650518,0,0,0,0,0.0407421,0.135286,0.48027,0.210191,0.0791838,0.34821,0.859106,0.738606,0.750204,0.108902,0,nan,8.85292,0.167279,-0.177832,0.130404,-0.177964,0.126943,1.2445,2,12.648,14.6479,0.140419,0.748519,0.739069,0.493709,0.704047,0.0359265,0.540689,arms_ik
l1,isaac,policy,1,/home/humanoid/Programs/Humanoid_Simulation/Locomanipulation_game/logs/skrl/locomanip_marl/paper1/checkpoints/agent_91200.pt,0,b089_d40_e00,89,0.4,0,0.267075,0.211342,0.289842,0.474656,-0.0707183,-0.206738,0.795662,1,0,0,0,nan,0.0658625,0.124393,0.4862,0,0,0,0,0.0273079,0.132138,0.600043,0.202049,0.0762469,0.288634,0.863302,0.739878,0.750268,0.113034,0,nan,8.87253,0.187403,-0.178482,0.128289,-0.195735,0.123393,1.0464,1,11.7716,10.1247,0.151452,0.550588,0.69797,0.443372,0.501782,0.0358806,1.734,arms_ik
l1,isaac,policy,1,/home/humanoid/Programs/Humanoid_Simulation/Locomanipulation_game/logs/skrl/locomanip_marl/paper1/checkpoints/agent_91200.pt,0,b089_d50_e00,89,0.5,0,0.267075,0.211342,0.189842,0.474656,-0.0707183,-0.306738,0.695662,1,0,0,0,nan,0.0842263,0.156141,0.561026,0,0,0,0,0.0540043,0.150595,0.564353,0.141182,0.103196,0.350403,0.881108,0.747459,0.764428,0.11668,0,nan,8.27164,0.158607,-0.217154,0.12454,-0.213596,0.123975,0.953664,1,8.75971,6.60244,0.105283,0.759944,0.570076,0.530079,0.54412,0.0250304,2.92137,arms_ik
l1,isaac,policy,1,/home/humanoid/Programs/Humanoid_Simulation/Locomanipulation_game/logs/skrl/locomanip_marl/paper1/checkpoints/agent_91200.pt,0,b089_d60_e00,89,0.6,0,0.267075,0.211342,0.0898422,0.474656,-0.0707183,-0.406738,0.595662,1,0,0,0,nan,0.10921,0.181788,0.756271,0,0,0,0,0.0619274,0.179484,0.731724,0.130226,0.119391,0.431184,0.87096,0.743732,0.751307,0.119653,0,nan,8.48108,0.178204,-0.224034,0.128511,-0.244806,0.130287,0.86941,2,5.63345,7.82995,0.106469,0.608299,0.38335,0.429596,0.433405,0.0265011,3.33638,arms_ik
l1,isaac,policy,1,/home/humanoid/Programs/Humanoid_Simulation/Locomanipulation_game/logs/skrl/locomanip_marl/paper1/checkpoints/agent_91200.pt,0,b089_d70_e00,89,0.7,0,0.267075,0.211342,-0.0101578,0.474656,-0.0707183,-0.506738,0.495662,1,0,0,0,nan,0.142931,0.257829,0.752085,0,0,0,0,0.0580838,0.256535,0.820979,0.0545976,0.158566,0.473109,0.871013,0.725056,0.741535,0.129479,0,nan,8.53511,0.174714,-0.14657,0.118719,-0.138989,0.118995,1.20356,0,9.85916,23.0124,0.181299,0.600553,0.600076,0.499779,0.500198,0.0209889,5.12176,arms_ik
l1,isaac,policy,1,/home/humanoid/Programs/Humanoid_Simulation/Locomanipulation_game/logs/skrl/locomanip_marl/paper1/checkpoints/agent_91200.pt,0,b089_d80_e00,89,0.8,0,0.267075,0.211342,-0.110158,0.474656,-0.0707183,-0.606738,0.395662,1,0,0,0,nan,0.184443,0.34134,0.372161,0,0,0,0,0.0693341,0.37877,0.523367,0.369002,0.208935,0.291725,0.867483,0.721218,0.727732,0.13975,0,nan,8.83618,0.146373,-0.211686,0.13159,-0.210086,0.131258,2.00988,0,7.77639,31.7625,0.199662,0.542853,0.503763,0.29669,0.628029,0.0416198,2.97791,arms_ik
l1,isaac,policy,1,/home/humanoid/Programs/Humanoid_Simulation/Locomanipulation_game/logs/skrl/locomanip_marl/paper1/checkpoints/agent_91200.pt,0,b089_d90_e00,89,0.9,0,0.267075,0.211342,-0.210158,0.474656,-0.0707183,-0.706738,0.295662,1,0,0,0,nan,0.209765,0.394877,0.782379,0,0,0,0,0.0779833,0.399522,0.852606,0.270274,0.230761,0.479735,0.865606,0.664164,0.670008,0.195598,0,nan,9.70753,0.181572,-0.170116,0.119177,-0.178307,0.117038,1.40654,2,7.59842,21.9139,0.195784,0.576772,0.520208,0.636358,0.498388,0.0750644,6.04342,arms_ik
l1,isaac,policy,1,/home/humanoid/Programs/Humanoid_Simulation/Locomanipulation_game/logs/skrl/locomanip_marl/paper1/checkpoints/agent_91200.pt,0,b089_d100_e00,89,1,0,0.267075,0.211342,-0.310158,0.474656,-0.0707183,-0.806738,0.195662,1,0,0,0,nan,0.262884,0.522998,1.14252,0,0,0,0,0.0471705,0.518229,0.966225,0.11918,0.285323,0.573784,0.896258,0.700217,0.710503,0.185755,0,nan,11.0812,0.188234,0.10445,0.117347,0.0907057,0.119048,1.20996,0,11.8524,14.2144,0.166467,0.567398,0.487169,0.510221,0.462434,0.0586887,4.56329,arms_ik
l1,isaac,policy,1,/home/humanoid/Programs/Humanoid_Simulation/Locomanipulation_game/logs/skrl/locomanip_marl/paper1/checkpoints/agent_91200.pt,0,b090_d00_e00,90,0,0,0.497,0.194424,0.699344,0.252692,-0.449228,0.774816,1.70174,0,0,0,0,nan,0.42764,0.518556,0.953751,0,0,0,0,0.55721,0.388779,0.978553,0.927421,0.444576,0.899314,0.871527,0.784842,0.822637,0.0488904,0,nan,8.96302,0.197208,-0.168663,0.101038,-0.201003,0.0921922,0.821712,2,40.3469,29.3282,0.391001,0.655858,0.854476,0.416882,0.554071,0.0499908,-4.56691,arms_ik
l1,isaac,policy,1,/home/humanoid/Programs/Humanoid_Simulation/Locomanipulation_game/logs/skrl/locomanip_marl/paper1/checkpoints/agent_91200.pt,0,b090_d10_e00,90,0.1,0,0.497,0.194424,0.599344,0.252692,-0.449228,0.674816,1.60174,0,0,0,0,nan,0.406623,0.47873,0.968041,0,0,0,0,0.463373,0.392978,0.87474,0.948662,0.437236,0.912196,0.871587,0.784625,0.805645,0.0659418,0,nan,8.07449,0.184991,-0.169541,0.123591,-0.219728,0.118952,1.10738,4,27.7161,17.4994,0.279314,0.685548,0.853013,0.53247,0.595307,0.0380894,-4.21741,arms_ik
l1,isaac,policy,1,/home/humanoid/Programs/Humanoid_Simulation/Locomanipulation_game/logs/skrl/locomanip_marl/paper1/checkpoints/agent_91200.pt,0,b090_d20_e00,90,0.2,0,0.497,0.194424,0.499344,0.252692,-0.449228,0.574816,1.50174,0,0,0,0,nan,0.305181,0.390432,0.813618,0,0,0,0,0.381755,0.241747,0.791483,0.631293,0.315198,0.700205,0.86224,0.779479,0.793497,0.0687425,0,nan,7.2974,0.186987,-0.190273,0.130601,-0.212274,0.125915,0.805767,2,30.0104,20.021,0.328198,0.684429,0.792139,0.417206,0.583376,0.0376117,-3.74545,arms_ik
l1,isaac,policy,1,/home/humanoid/Programs/Humanoid_Simulation/Locomanipulation_game/logs/skrl/locomanip_marl/paper1/checkpoints/agent_91200.pt,0,b090_d30_e00,90,0.3,0,0.497,0.194424,0.399344,0.252692,-0.449228,0.474816,1.40174,0,0,0,1,nan,0.165703,0.312379,0.64466,0,0,0,0,0.312871,0.056275,0.613735,0.100953,0.173812,0.365354,0.869324,0.777176,0.790395,0.078929,0,nan,7.28985,0.175826,-0.0963051,0.115575,-0.109136,0.110232,1.10978,0,12.5056,14.1137,0.141271,0.644085,0.747377,0.334912,0.629202,0.0496608,-4.02203,arms_ik
l1,isaac,policy,1,/home/humanoid/Programs/Humanoid_Simulation/Locomanipulation_game/logs/skrl/locomanip_marl/paper1/checkpoints/agent_91200.pt,0,b090_d40_e00,90,0.4,0,0.497,0.194424,0.299344,0.252692,-0.449228,0.374816,1.30174,0,0,0,0,nan,0.122957,0.246984,0.568602,0,0,0,0,0.221017,0.0460338,0.460707,0.143574,0.136139,0.316266,0.856056,0.775323,0.786756,0.0692996,0,nan,6.87224,0.180948,-0.172347,0.127131,-0.171952,0.122805,0.672988,3,39.048,29.2506,0.471541,0.63141,0.746587,0.419866,0.631009,0.0261881,-3.30782,arms_ik
l1,isaac,policy,1,/home/humanoid/Programs/Humanoid_Simulation/Locomanipulation_game/logs/skrl/locomanip_marl/paper1/checkpoints/agent_91200.pt,0,b090_d50_e00,90,0.5,0,0.497,0.194424,0.199344,0.252692,-0.449228,0.274816,1.20174,0,0,0,0,nan,0.129578,0.268363,0.515689,0,0,0,0,0.277893,0.0592356,0.491361,0.116464,0.166713,0.301216,0.860731,0.76842,0.78211,0.0786211,0,nan,5.84289,0.146729,-0.116217,0.113636,-0.135902,0.111946,0.8067,3,19.0223,9.73664,0.199074,0.718335,0.8384,0.304702,0.586673,0.0464448,-2.4335,arms_ik
l1,isaac,policy,1,/home/humanoid/Programs/Humanoid_Simulation/Locomanipulation_game/logs/skrl/locomanip_marl/paper1/checkpoints/agent_91200.pt,0,b090_d60_e00,90,0.6,0,0.497,0.194424,0.0993442,0.252692,-0.449228,0.174816,1.10174,0,0,0,0,nan,0.0660375,0.12845,0.228049,0,0,0,0,0.0996243,0.0660642,0.150045,0.0999332,0.0877796,0.14392,0.865844,0.754986,0.76803,0.097814,0,nan,4.91938,0.128069,-0.174103,0.13153,-0.19336,0.130418,0.563155,0,16.7819,7.10023,0.167515,0.524069,0.875278,0.357853,0.590842,0.0446715,-1.08508,arms_ik
l1,isaac,policy,1,/home/humanoid/Programs/Humanoid_Simulation/Locomanipulation_game/logs/skrl/locomanip_marl/paper1/checkpoints/agent_91200.pt,0,b090_d70_e00,90,0.7,0,0.497,0.194424,-0.000655842,0.252692,-0.449228,0.0748163,1.00174,0,0,0,1,nan,0.0454202,0.102551,0.230131,0,0,0,0,0.101708,0.0345857,0.231555,0.113025,0.062747,0.163165,0.859075,0.754653,0.759423,0.0996521,0,nan,5.30761,0.126852,0.118866,0.12545,0.105698,0.128051,0.971732,0,12.0935,4.79726,0.0677478,0.550378,0.854611,0.27429,0.590498,0.0308942,0.0446325,arms_ik
l1,isaac,policy,1,/home/humanoid/Programs/Humanoid_Simulation/Locomanipulation_game/logs/skrl/locomanip_marl/paper1/checkpoints/agent_91200.pt,0,b090_d80_e00,90,0.8,0,0.497,0.194424,-0.100656,0.252692,-0.449228,-0.0251837,0.901744,0,0,0,0,nan,0.0548688,0.0873909,0.190205,0,0,0,1,0.100618,0.0800095,0.149033,0.148203,0.0816767,0.142831,0.871873,0.758808,0.766425,0.105448,0,nan,6.07558,0.129902,-0.100663,0.128291,-0.0945055,0.126475,0.851277,1,12.2778,8.6067,0.0925945,0.54519,0.743238,0.293563,0.424508,0.041947,1.7436,arms_ik
l1,isaac,policy,1,/home/humanoid/Programs/Humanoid_Simulation/Locomanipulation_game/logs/skrl/locomanip_marl/paper1/checkpoints/agent_91200.pt,0,b090_d90_e00,90,0.9,0,0.497,0.194424,-0.200656,0.252692,-0.449228,-0.125184,0.801744,1,0,0,0,nan,0.0636895,0.0989138,0.195579,0,0,0,1,0.100908,0.0819835,0.129616,0.158637,0.0837842,0.133578,0.877913,0.7547,0.762398,0.115515,0,nan,6.92935,0.128707,-0.0889123,0.134306,-0.0982251,0.131544,0.909191,0,13.4619,12.0273,0.182916,0.588918,0.569768,0.334567,0.466925,0.0442076,1.76672,arms_ik
l1,isaac,policy,1,/home/humanoid/Programs/Humanoid_Simulation/Locomanipulation_game/logs/skrl/locomanip_marl/paper1/checkpoints/agent_91200.pt,0,b090_d100_e00,90,1,0,0.497,0.194424,-0.300656,0.252692,-0.449228,-0.225184,0.701744,1,0,0,0,nan,0.0989428,0.152978,0.171259,0,0,0,0,0.135345,0.0948379,0.0756958,0.11345,0.114582,0.107548,0.873017,0.734489,0.747005,0.126013,0,nan,6.56384,0.118119,0.118873,0.132629,0.109889,0.128193,1.10649,0,13.8439,16.4251,0.193529,0.711081,0.632743,0.336964,0.434803,0.0521334,3.26383,arms_ik
l1,isaac,policy,1,/home/humanoid/Programs/Humanoid_Simulation/Locomanipulation_game/logs/skrl/locomanip_marl/paper1/checkpoints/agent_91200.pt,0,b091_d00_e00,91,0,0,0.301093,0.524636,0.763189,0.271932,-0.107418,0.370465,1.37286,0,0,0,0,nan,0.173041,0.336236,0.730594,0,0,0,0,0.353131,0.0676137,0.706789,0.159605,0.193393,0.405242,0.869688,0.791589,0.808521,0.0611676,0,nan,7.0307,0.188549,-0.158086,0.111953,-0.163921,0.112687,1.15888,2,34.3137,12.8728,0.280692,0.571449,0.612152,0.390579,0.520293,0.0327341,-3.62747,arms_ik
l1,isaac,policy,1,/home/humanoid/Programs/Humanoid_Simulation/Locomanipulation_game/logs/skrl/locomanip_marl/paper1/checkpoints/agent_91200.pt,0,b091_d10_e00,91,0.1,0,0.301093,0.524636,0.663189,0.271932,-0.107418,0.270465,1.27286,0,0,0,1,nan,0.0369658,0.0655447,0.140211,0,0,1,1,0.0571272,0.0439943,0.110388,0.0963643,0.0513757,0.11113,0.874527,0.777297,0.804401,0.0701264,0,nan,7.01097,0.176692,-0.115148,0.111246,-0.124199,0.112121,0.850383,1,12.5061,4.16809,0.100252,0.624872,0.655774,0.304644,0.557625,0.0318279,-2.54133,arms_ik
l1,isaac,policy,1,/home/humanoid/Programs/Humanoid_Simulation/Locomanipulation_game/logs/skrl/locomanip_marl/paper1/checkpoints/agent_91200.pt,0,b091_d20_e00,91,0.2,0,0.301093,0.524636,0.563189,0.271932,-0.107418,0.170465,1.17286,0,0,0,1,nan,0.0437108,0.0729825,0.162157,0,0,1,1,0.0671398,0.0473265,0.125102,0.107485,0.0544734,0.121832,0.856771,0.779191,0.798185,0.0585861,0,nan,4.48935,0.155203,0.084413,0.116545,0.0614588,0.113525,1.58757,0,11.4855,5.93129,0.0928654,0.62971,0.586652,0.352648,0.538971,0.0338716,-1.16348,arms_ik
l1,isaac,policy,1,/home/humanoid/Programs/Humanoid_Simulation/Locomanipulation_game/logs/skrl/locomanip_marl/paper1/checkpoints/agent_91200.pt,0,b091_d30_e00,91,0.3,0,0.301093,0.524636,0.463189,0.271932,-0.107418,0.0704646,1.07286,0,0,0,1,nan,0.026047,0.0692021,0.177614,0,0,1,1,0.0687493,0.0518668,0.159658,0.112747,0.0548486,0.133547,0.860683,0.774067,0.795853,0.0648295,0,nan,3.70038,0.13506,0.0903114,0.118226,0.0768876,0.110783,0.881486,0,9.42899,6.29853,0.0986713,0.71037,0.68785,0.420549,0.493381,0.0345394,-1.00808,arms_ik
l1,isaac,policy,1,/home/humanoid/Programs/Humanoid_Simulation/Locomanipulation_game/logs/skrl/locomanip_marl/paper1/checkpoints/agent_91200.pt,0,b091_d40_e00,91,0.4,0,0.301093,0.524636,0.363189,0.271932,-0.107418,-0.0295354,0.972865,0,0,0,0,nan,0.058899,0.0810908,0.195539,0,0,0,1,0.0766515,0.0903059,0.180576,0.152667,0.0748061,0.163832,0.879404,0.780805,0.792412,0.0869917,0,nan,5.38812,0.146372,-0.124884,0.120669,-0.0985633,0.11289,1.30848,1,16.9663,12.7224,0.192829,0.831269,0.682508,0.364552,0.539445,0.0446815,-1.31055,arms_ik
l1,isaac,policy,1,/home/humanoid/Programs/Humanoid_Simulation/Locomanipulation_game/logs/skrl/locomanip_marl/paper1/checkpoints/agent_91200.pt,0,b091_d50_e00,91,0.5,0,0.301093,0.524636,0.263189,0.271932,-0.107418,-0.129535,0.872865,1,0,0,0,nan,0.0399286,0.0771627,0.200185,0,0,1,1,0.0753087,0.0883451,0.204912,0.138806,0.0754352,0.151958,0.879656,0.767028,0.790932,0.0887243,0,nan,5.34162,0.154372,-0.180522,0.111798,-0.167552,0.119811,1.95272,1,23.6704,11.8805,0.237069,0.670547,0.724466,0.37247,0.767794,0.0455468,-1.59522,arms_ik
l1,isaac,policy,1,/home/humanoid/Programs/Humanoid_Simulation/Locomanipulation_game/logs/skrl/locomanip_marl/paper1/checkpoints/agent_91200.pt,0,b091_d60_e00,91,0.6,0,0.301093,0.524636,0.163189,0.271932,-0.107418,-0.229535,0.772865,1,0,0,0,nan,0.0460408,0.0762837,0.20485,0,0,1,1,0.0683957,0.107839,0.203433,0.126317,0.0873602,0.178636,0.870717,0.766129,0.785867,0.0848496,0,nan,5.8389,0.15222,0.0888461,0.0975065,0.0759164,0.102886,1.2787,0,21.6195,15.6867,0.241065,0.622277,0.61812,0.34616,0.5799,0.0553446,-0.63424,arms_ik
l1,isaac,policy,1,/home/humanoid/Programs/Humanoid_Simulation/Locomanipulation_game/logs/skrl/locomanip_marl/paper1/checkpoints/agent_91200.pt,0,b091_d70_e00,91,0.7,0,0.301093,0.524636,0.0631888,0.271932,-0.107418,-0.329535,0.672865,1,0,0,0,nan,0.0363111,0.0750027,0.218557,0,0,1,1,0.0744479,0.0884058,0.197065,0.317508,0.0702928,0.231131,0.857411,0.730197,0.760344,0.0970672,0,nan,7.62891,0.156615,-0.0751192,0.0971518,-0.0655322,0.0873031,1.23089,0,19.7419,15.3816,0.214318,0.605581,0.528857,0.327569,0.466406,0.0343421,0.368706,arms_ik
l1,isaac,policy,1,/home/humanoid/Programs/Humanoid_Simulation/Locomanipulation_game/logs/skrl/locomanip_marl/paper1/checkpoints/agent_91200.pt,0,b091_d80_e00,91,0.8,0,0.301093,0.524636,-0.0368112,0.271932,-0.107418,-0.429535,0.572865,1,0,0,0,nan,0.0866223,0.11715,0.348102,0,0,0,0,0.0863138,0.115539,0.2135,0.324273,0.101715,0.287531,0.874017,0.717298,0.727609,0.146408,0,nan,6.5348,0.148745,-0.196091,0.133278,-0.240159,0.130234,1.01639,1,13.1925,6.77315,0.119625,0.870189,0.580296,0.425314,0.582575,0.0367738,3.06829,arms_ik
l1,isaac,policy,1,/home/humanoid/Programs/Humanoid_Simulation/Locomanipulation_game/logs/skrl/locomanip_marl/paper1/checkpoints/agent_91200.pt,0,b091_d90_e00,91,0.9,0,0.301093,0.524636,-0.136811,0.271932,-0.107418,-0.529535,0.472865,1,0,0,0,nan,0.120678,0.200545,0.433596,0,0,0,0,0.0762876,0.204039,0.242051,0.38806,0.137513,0.316589,0.855276,0.709987,0.719937,0.135339,0,nan,7.77502,0.146387,0.0783324,0.116272,0.0609009,0.114468,1.83024,0,11.599,8.68821,0.114765,0.840398,0.579493,0.554294,0.436362,0.050323,4.65465,arms_ik
l1,isaac,policy,1,/home/humanoid/Programs/Humanoid_Simulation/Locomanipulation_game/logs/skrl/locomanip_marl/paper1/checkpoints/agent_91200.pt,0,b091_d100_e00,91,1,0,0.301093,0.524636,-0.236811,0.271932,-0.107418,-0.629535,0.372865,1,0,0,0,nan,0.151876,0.257416,0.438033,0,0,0,0,0.0729603,0.260392,0.376701,0.292834,0.171526,0.363168,0.859856,0.704389,0.712892,0.146964,0,nan,8.04367,0.144272,0.0837886,0.0982261,0.0712336,0.0947388,0.915637,0,10.5527,16.2475,0.155317,0.737236,0.459416,0.324945,0.465465,0.0400164,4.53979,arms_ik
l1,isaac,policy,1,/home/humanoid/Programs/Humanoid_Simulation/Locomanipulation_game/logs/skrl/locomanip_marl/paper1/checkpoints/agent_91200.pt,0,b092_d00_e00,92,0,0,0.338031,0.426906,0.811715,0.40692,-0.236534,0.8064,1.8088,0,0,0,0,nan,0.549149,0.632183,1.83979,0,0,0,0,0.575081,0.61145,1.18221,1.46034,0.576341,1.42904,0.863507,0.798031,0.82603,0.0374768,0,nan,5.45887,0.204152,-0.156761,0.127807,-0.191238,0.123911,0.955517,1,39.3789,40.1657,0.479893,0.774673,0.848033,0.458251,0.618984,0.0292918,-1.83009,arms_ik
l1,isaac,policy,1,/home/humanoid/Programs/Humanoid_Simulation/Locomanipulation_game/logs/skrl/locomanip_marl/paper1/checkpoints/agent_91200.pt,0,b092_d10_e00,92,0.1,0,0.338031,0.426906,0.711715,0.40692,-0.236534,0.7064,1.7088,0,0,0,0,nan,0.386517,0.506465,0.72756,0,0,0,0,0.310324,0.464752,0.64481,0.6777,0.403004,0.686179,0.871101,0.77464,0.796719,0.0743821,0,nan,6.83738,0.154664,-0.117773,0.131093,-0.13084,0.129692,1.16024,0,19.6589,14.8166,0.191863,0.59944,0.731878,0.31527,0.707083,0.0255798,-2.10568,arms_ik
l1,isaac,policy,1,/home/humanoid/Programs/Humanoid_Simulation/Locomanipulation_game/logs/skrl/locomanip_marl/paper1/checkpoints/agent_91200.pt,0,b092_d20_e00,92,0.2,0,0.338031,0.426906,0.611715,0.40692,-0.236534,0.6064,1.6088,0,0,0,0,nan,0.385032,0.448247,0.868112,0,0,0,0,0.411856,0.45683,0.842311,0.717021,0.430613,0.80726,0.854923,0.773671,0.787224,0.0676997,0,nan,6.98355,0.219963,-0.211005,0.128292,-0.289187,0.121413,1.0168,2,34.6149,30.8492,0.332799,0.819858,0.866812,0.613958,0.653292,0.0375351,-1.74913,arms_ik
l1,isaac,policy,1,/home/humanoid/Programs/Humanoid_Simulation/Locomanipulation_game/logs/skrl/locomanip_marl/paper1/checkpoints/agent_91200.pt,0,b092_d30_e00,92,0.3,0,0.338031,0.426906,0.511715,0.40692,-0.236534,0.5064,1.5088,0,0,0,0,nan,0.16223,0.333234,0.671786,0,0,0,0,0.113952,0.320014,0.204419,0.587624,0.192097,0.382079,0.872988,0.789891,0.805699,0.0672897,0,nan,5.95236,0.164265,-0.150729,0.130921,-0.169995,0.125276,1.12933,1,36.7693,28.8539,0.429369,0.640609,0.78585,0.342256,0.614625,0.033128,-1.25271,arms_ik
l1,isaac,policy,1,/home/humanoid/Programs/Humanoid_Simulation/Locomanipulation_game/logs/skrl/locomanip_marl/paper1/checkpoints/agent_91200.pt,0,b092_d40_e00,92,0.4,0,0.338031,0.426906,0.411715,0.40692,-0.236534,0.4064,1.4088,0,0,0,0,nan,0.20215,0.261335,0.59833,0,0,0,0,0.192784,0.258882,0.408211,0.585794,0.231016,0.51391,0.866876,0.767698,0.785791,0.0810844,0,nan,5.04566,0.169057,-0.174056,0.127774,-0.201338,0.125066,1.25229,2,24.2971,19.5467,0.259602,0.671855,0.859387,0.464252,0.604913,0.0198331,-0.723661,arms_ik
l1,isaac,policy,1,/home/humanoid/Programs/Humanoid_Simulation/Locomanipulation_game/logs/skrl/locomanip_marl/paper1/checkpoints/agent_91200.pt,0,b092_d50_e00,92,0.5,0,0.338031,0.426906,0.311715,0.40692,-0.236534,0.3064,1.3088,0,0,0,0,nan,0.0937959,0.176571,0.43202,0,0,0,0,0.0980674,0.12463,0.26361,0.287431,0.115487,0.282276,0.860622,0.75855,0.77582,0.0848018,0,nan,4.16275,0.145729,0.108349,0.129615,0.0857711,0.121426,1.00968,0,35.8273,36.5918,0.414273,0.753327,0.847853,0.263964,0.480197,0.0280514,-1.0432,arms_ik
l1,isaac,policy,1,/home/humanoid/Programs/Humanoid_Simulation/Locomanipulation_game/logs/skrl/locomanip_marl/paper1/checkpoints/agent_91200.pt,0,b092_d60_e00,92,0.6,0,0.338031,0.426906,0.211715,0.40692,-0.236534,0.2064,1.2088,0,0,0,0,nan,0.0355479,0.076993,0.213573,0,0,1,1,0.103646,0.0830226,0.190749,0.285514,0.08958,0.237106,0.858014,0.753599,0.771832,0.0861821,0,nan,6.79345,0.167127,-0.145375,0.12265,-0.182873,0.11822,0.983553,1,51.3276,48.8554,0.669009,0.642545,0.840496,0.313877,0.494445,0.0298198,-2.17367,arms_ik
l1,isaac,policy,1,/home/humanoid/Programs/Humanoid_Simulation/Locomanipulation_game/logs/skrl/locomanip_marl/paper1/checkpoints/agent_91200.pt,0,b092_d70_e00,92,0.7,0,0.338031,0.426906,0.111715,0.40692,-0.236534,0.1064,1.1088,0,0,0,0,nan,0.0796917,0.155652,0.365575,0,0,0,0,0.0597558,0.137202,0.127578,0.307497,0.0896926,0.215155,0.828712,0.741368,0.755364,0.0733482,0,nan,6.10907,0.155109,-0.151106,0.126237,-0.20474,0.121452,0.768896,2,24.7192,28.4791,0.340675,0.798752,0.69991,0.57917,0.464924,0.0232174,0.221379,arms_ik
l1,isaac,policy,1,/home/humanoid/Programs/Humanoid_Simulation/Locomanipulation_game/logs/skrl/locomanip_marl/paper1/checkpoints/agent_91200.pt,0,b092_d80_e00,92,0.8,0,0.338031,0.426906,0.0117147,0.40692,-0.236534,0.0063997,1.0088,0,0,0,0,nan,0.0498529,0.074717,0.214824,0,0,1,1,0.0580005,0.0753931,0.180494,0.134181,0.0739319,0.159464,0.859417,0.728813,0.737241,0.122176,0,nan,6.12834,0.134158,-0.0881673,0.12493,-0.111983,0.125161,1.27991,1,24.9888,27.8472,0.380552,0.655824,0.783207,0.341461,0.522273,0.0444979,1.28769,arms_ik
l1,isaac,policy,1,/home/humanoid/Programs/Humanoid_Simulation/Locomanipulation_game/logs/skrl/locomanip_marl/paper1/checkpoints/agent_91200.pt,0,b092_d90_e00,92,0.9,0,0.338031,0.426906,-0.0882853,0.40692,-0.236534,-0.0936003,0.9088,0,0,0,0,nan,0.0394564,0.0766487,0.238123,0,0,1,1,0.0452585,0.0970993,0.118819,0.21853,0.0677633,0.163596,0.86999,0.735323,0.739357,0.130632,0,nan,7.39745,0.141092,-0.0731553,0.133666,-0.081006,0.130533,1.29222,0,25.0351,28.839,0.372748,0.589322,0.676165,0.416069,0.592858,0.0439238,3.01564,arms_ik
l1,isaac,policy,1,/home/humanoid/Programs/Humanoid_Simulation/Locomanipulation_game/logs/skrl/locomanip_marl/paper1/checkpoints/agent_91200.pt,0,b092_d100_e00,92,1,0,0.338031,0.426906,-0.188285,0.40692,-0.236534,-0.1936,0.8088,1,0,0,0,nan,0.0431582,0.082042,0.77149,0,0,0,0,0.0982562,0.0842571,0.803725,0.221792,0.0885927,0.528356,0.882127,0.722528,0.740129,0.141998,0,nan,6.84622,0.139199,-0.158629,0.106749,-0.182646,0.108159,0.693807,2,15.4683,15.8806,0.184981,0.810763,0.694378,0.650697,0.49745,0.0505623,6.09111,arms_ik
l1,isaac,policy,1,/home/humanoid/Programs/Humanoid_Simulation/Locomanipulation_game/logs/skrl/locomanip_marl/paper1/checkpoints/agent_91200.pt,0,b093_d00_e00,93,0,0,0.450791,0.394103,0.491822,0.541455,-0.207956,0.308366,1.31077,0,0,0,0,nan,0.253697,0.302204,0.577088,0,0,0,0,0.22499,0.292935,0.291038,0.530305,0.266725,0.433461,0.880525,0.765861,0.793956,0.0865689,0,nan,6.05666,0.143369,0.103578,0.119314,0.0917105,0.121634,1.10882,0,22.187,16.0613,0.20782,0.490062,0.846502,0.381961,0.661258,0.0434939,1.03046,arms_ik
l1,isaac,policy,1,/home/humanoid/Programs/Humanoid_Simulation/Locomanipulation_game/logs/skrl/locomanip_marl/paper1/checkpoints/agent_91200.pt,0,b093_d10_e00,93,0.1,0,0.450791,0.394103,0.391822,0.541455,-0.207956,0.208366,1.21077,0,0,0,0,nan,0.233073,0.331601,0.550533,0,0,0,0,0.190314,0.330962,0.31214,0.519683,0.248921,0.403758,0.832491,0.78165,0.795331,0.0371602,0,nan,5.82556,0.167274,-0.17485,0.113714,-0.23161,0.116978,0.809237,2,21.2713,22.6335,0.243585,0.829989,0.791158,0.648364,0.512275,0.0514381,2.48946,arms_ik
l1,isaac,policy,1,/home/humanoid/Programs/Humanoid_Simulation/Locomanipulation_game/logs/skrl/locomanip_marl/paper1/checkpoints/agent_91200.pt,0,b093_d20_e00,93,0.2,0,0.450791,0.394103,0.291822,0.541455,-0.207956,0.108366,1.11077,0,0,0,0,nan,0.11559,0.156422,0.303832,0,0,0,0,0.161695,0.173314,0.276446,0.328149,0.156267,0.283876,0.884551,0.782337,0.800383,0.0841688,0,nan,6.19355,0.136201,-0.179411,0.1155,-0.195323,0.117832,0.643081,0,23.697,17.014,0.222969,0.462967,0.714025,0.430066,0.580637,0.037696,2.16494,arms_ik
l1,isaac,policy,1,/home/humanoid/Programs/Humanoid_Simulation/Locomanipulation_game/logs/skrl/locomanip_marl/paper1/checkpoints/agent_91200.pt,0,b093_d30_e00,93,0.3,0,0.450791,0.394103,0.191822,0.541455,-0.207956,0.00836639,1.01077,0,0,0,0,nan,0.0579477,0.138469,0.27237,0,0,0,0,0.0998461,0.113698,0.169088,0.20295,0.114972,0.214317,0.876391,0.770104,0.785933,0.0904589,0,nan,6.74604,0.134838,0.0968422,0.108616,0.0751458,0.10635,1.07526,0,6.07779,8.46185,0.0641281,0.577756,0.708159,0.308202,0.803175,0.045043,3.0606,arms_ik
l1,isaac,policy,1,/home/humanoid/Programs/Humanoid_Simulation/Locomanipulation_game/logs/skrl/locomanip_marl/paper1/checkpoints/agent_91200.pt,0,b093_d40_e00,93,0.4,0,0.450791,0.394103,0.0918221,0.541455,-0.207956,-0.0916336,0.910766,0,0,0,0,nan,0.0605658,0.0968471,0.195832,0,0,0,1,0.0904958,0.109923,0.148147,0.185233,0.0900464,0.173234,0.876966,0.762954,0.776816,0.10015,0,nan,7.77763,0.146388,-0.129038,0.110398,-0.147101,0.111581,1.69112,0,17.2503,22.6941,0.214237,0.576821,0.638919,0.316799,0.569564,0.0309824,4.01476,arms_ik
l1,isaac,policy,1,/home/humanoid/Programs/Humanoid_Simulation/Locomanipulation_game/logs/skrl/locomanip_marl/paper1/checkpoints/agent_91200.pt,0,b093_d50_e00,93,0.5,0,0.450791,0.394103,-0.00817788,0.541455,-0.207956,-0.191634,0.810766,1,0,0,0,nan,0.0631194,0.130598,0.210554,0,0,0,0,0.091134,0.128077,0.167341,0.155424,0.103826,0.16817,0.865374,0.751237,0.760718,0.104656,0,nan,8.20801,0.151856,-0.200612,0.105197,-0.200871,0.105843,2.22411,0,11.9534,13.1139,0.143555,0.502514,0.594598,0.442345,0.563618,0.0536748,6.39514,arms_ik
l1,isaac,policy,1,/home/humanoid/Programs/Humanoid_Simulation/Locomanipulation_game/logs/skrl/locomanip_marl/paper1/checkpoints/agent_91200.pt,0,b093_d60_e00,93,0.6,0,0.450791,0.394103,-0.108178,0.541455,-0.207956,-0.291634,0.710766,1,0,0,0,nan,0.0702724,0.134923,0.165175,0,0,0,0,0.112243,0.171501,0.125214,0.200306,0.134845,0.160942,0.867274,0.71475,0.719907,0.147367,0,nan,9.26309,0.146599,-0.202355,0.123352,-0.199212,0.123704,2.04774,0,16.4559,16.8628,0.188274,0.541825,0.554099,0.604009,0.476878,0.0965651,7.03655,arms_ik
l1,isaac,policy,1,/home/humanoid/Programs/Humanoid_Simulation/Locomanipulation_game/logs/skrl/locomanip_marl/paper1/checkpoints/agent_91200.pt,0,b093_d70_e00,93,0.7,0,0.450791,0.394103,-0.208178,0.541455,-0.207956,-0.391634,0.610766,1,0,0,0,nan,0.124905,0.185818,0.514207,0,0,0,0,0.121609,0.185875,0.442428,0.29713,0.146473,0.378875,0.868097,0.737602,0.743174,0.124923,0,nan,9.37331,0.149762,-0.210314,0.105801,-0.240925,0.106364,0.405161,1,6.23573,11.8046,0.109033,0.608014,0.552812,0.570456,0.518873,0.0900093,7.99954,arms_ik
l1,isaac,policy,1,/home/humanoid/Programs/Humanoid_Simulation/Locomanipulation_game/logs/skrl/locomanip_marl/paper1/checkpoints/agent_91200.pt,0,b093_d80_e00,93,0.8,0,0.450791,0.394103,-0.308178,0.541455,-0.207956,-0.491634,0.510766,1,0,0,0,nan,0.177147,0.276369,0.554558,0,0,0,0,0.158141,0.290847,0.50708,0.463999,0.210877,0.468605,0.877219,0.740855,0.744848,0.132371,0,nan,9.75967,0.172609,-0.131622,0.113619,-0.139682,0.117188,1.84177,0,13.6658,18.1764,0.161618,0.604095,0.42024,0.445105,0.480317,0.12572,7.48666,arms_ik
l1,isaac,policy,1,/home/humanoid/Programs/Humanoid_Simulation/Locomanipulation_game/logs/skrl/locomanip_marl/paper1/checkpoints/agent_91200.pt,0,b093_d90_e00,93,0.9,0,0.450791,0.394103,-0.408178,0.541455,-0.207956,-0.591634,0.410766,1,0,0,0,nan,0.232717,0.340516,0.680157,0,0,0,0,0.168552,0.345789,0.597048,0.505158,0.252098,0.548744,0.874431,0.714231,0.720892,0.153539,0,nan,10.6091,0.189902,0.0915352,0.102949,0.0747829,0.10437,1.70029,0,9.10073,27.6119,0.258564,0.521903,0.542374,0.381694,0.507749,0.111444,9.52703,arms_ik
l1,isaac,policy,1,/home/humanoid/Programs/Humanoid_Simulation/Locomanipulation_game/logs/skrl/locomanip_marl/paper1/checkpoints/agent_91200.pt,0,b093_d100_e00,93,1,0,0.450791,0.394103,-0.508178,0.541455,-0.207956,-0.691634,0.310766,1,0,0,0,nan,0.311822,0.42115,0.74307,0,0,0,0,0.268867,0.399568,0.761172,0.425786,0.328563,0.596811,0.869408,0.707239,0.718889,0.150519,0,nan,10.1998,0.196516,-0.219328,0.132952,-0.237723,0.130848,0.608631,1,26.5751,39.616,0.349906,0.901393,0.375755,0.430689,0.563916,0.0945066,8.58689,arms_ik
l1,isaac,policy,1,/home/humanoid/Programs/Humanoid_Simulation/Locomanipulation_game/logs/skrl/locomanip_marl/paper1/checkpoints/agent_91200.pt,0,b094_d00_e00,94,0,0,0.505877,0.0880829,0.633446,0.124947,-0.452829,0.382359,1.38476,0,0,0,0,nan,0.263818,0.529094,1.17877,0,0,0,0,0.487662,0.0829446,0.96475,0.722256,0.285776,0.840825,0.874624,0.79597,0.822749,0.051875,0,nan,8.79355,0.224625,-0.180207,0.121073,-0.213819,0.122119,0.753514,2,40.3447,37.3224,0.51915,0.831778,0.829522,0.407422,0.661727,0.0661481,-4.43106,arms_ik
l1,isaac,policy,1,/home/humanoid/Programs/Humanoid_Simulation/Locomanipulation_game/logs/skrl/locomanip_marl/paper1/checkpoints/agent_91200.pt,0,b094_d10_e00,94,0.1,0,0.505877,0.0880829,0.533446,0.124947,-0.452829,0.282359,1.28476,0,0,0,0,nan,0.220074,0.432335,0.90035,0,0,0,0,0.43207,0.0846746,0.920481,0.457022,0.24579,0.726905,0.878348,0.807276,0.823957,0.0543911,0,nan,7.65301,0.203132,-0.190944,0.107211,-0.21231,0.098704,1.08702,3,32.8408,17.8673,0.324815,0.71925,0.59229,0.486766,0.688599,0.0633196,-4.9745,arms_ik
l1,isaac,policy,1,/home/humanoid/Programs/Humanoid_Simulation/Locomanipulation_game/logs/skrl/locomanip_marl/paper1/checkpoints/agent_91200.pt,0,b094_d20_e00,94,0.2,0,0.505877,0.0880829,0.433446,0.124947,-0.452829,0.182359,1.18476,0,0,0,0,nan,0.192387,0.383252,0.792149,0,0,0,0,0.36418,0.0453519,0.714003,0.554441,0.207741,0.704492,0.868352,0.794171,0.805018,0.0633342,0,nan,5.80131,0.162191,-0.18718,0.128514,-0.253478,0.121373,1.08357,5,30.8575,9.89551,0.308235,0.820479,0.704682,0.498763,0.549202,0.0424385,-2.75667,arms_ik
l1,isaac,policy,1,/home/humanoid/Programs/Humanoid_Simulation/Locomanipulation_game/logs/skrl/locomanip_marl/paper1/checkpoints/agent_91200.pt,0,b094_d30_e00,94,0.3,0,0.505877,0.0880829,0.333446,0.124947,-0.452829,0.0823593,1.08476,0,0,0,0,nan,0.142425,0.292463,0.70693,0,0,0,0,0.302972,0.0543459,0.559034,0.0530478,0.174544,0.341428,0.880362,0.769366,0.783881,0.0964807,0,nan,5.62866,0.199213,-0.0756952,0.124541,-0.0942076,0.120066,0.942592,1,47.2008,28.0863,0.555122,0.627151,0.851467,0.474783,0.647628,0.0430688,-2.71613,arms_ik
l1,isaac,policy,1,/home/humanoid/Programs/Humanoid_Simulation/Locomanipulation_game/logs/skrl/locomanip_marl/paper1/checkpoints/agent_91200.pt,0,b094_d40_e00,94,0.4,0,0.505877,0.0880829,0.233446,0.124947,-0.452829,-0.0176407,0.984759,0,0,0,1,nan,0.111616,0.22513,0.486624,0,0,0,0,0.201771,0.0298146,0.41011,0.049687,0.124277,0.276148,0.868942,0.760224,0.769465,0.0994767,0,nan,6.01345,0.147865,-0.204515,0.13243,-0.257502,0.129811,1.61137,1,27.076,16.2415,0.33478,0.718222,0.549494,0.495565,0.463878,0.015419,-1.10393,arms_ik
l1,isaac,policy,1,/home/humanoid/Programs/Humanoid_Simulation/Locomanipulation_game/logs/skrl/locomanip_marl/paper1/checkpoints/agent_91200.pt,0,b094_d50_e00,94,0.5,0,0.505877,0.0880829,0.133446,0.124947,-0.452829,-0.117641,0.884759,1,0,0,1,nan,0.0638364,0.128261,0.249372,0,0,0,0,0.11952,0.0442986,0.208617,0.0617452,0.0808416,0.155697,0.874831,0.74761,0.756857,0.117974,0,nan,4.71143,0.141871,0.103082,0.128324,0.0999908,0.128177,1.02795,0,17.1959,11.4461,0.188689,0.521566,0.772078,0.267266,0.714852,0.0229705,0.479906,arms_ik
l1,isaac,policy,1,/home/humanoid/Programs/Humanoid_Simulation/Locomanipulation_game/logs/skrl/locomanip_marl/paper1/checkpoints/agent_91200.pt,0,b094_d60_e00,94,0.6,0,0.505877,0.0880829,0.0334456,0.124947,-0.452829,-0.217641,0.784759,1,0,0,0,nan,0.0246516,0.0845893,0.316686,0,0,0,1,0.099439,0.098458,0.101721,0.182649,0.0914828,0.194843,0.878106,0.725558,0.730766,0.14734,0,nan,7.32102,0.144144,0.0971364,0.125976,0.08789,0.124484,0.882962,0,22.9543,23.6469,0.30127,0.602821,0.487829,0.394696,0.645068,0.0808669,5.89871,arms_ik
l1,isaac,policy,1,/home/humanoid/Programs/Humanoid_Simulation/Locomanipulation_game/logs/skrl/locomanip_marl/paper1/checkpoints/agent_91200.pt,0,b094_d70_e00,94,0.7,0,0.505877,0.0880829,-0.0665544,0.124947,-0.452829,-0.317641,0.684759,1,0,0,0,nan,0.055016,0.0830716,0.744253,0,0,0,0,0.0845481,0.104719,0.110354,0.64891,0.0887699,0.398468,0.876764,0.717533,0.721547,0.155217,0,nan,7.5792,0.132068,-0.104809,0.124079,-0.0990942,0.124459,1.16226,0,13.6755,12.8743,0.153823,0.606008,0.417467,0.341422,0.556077,0.0683965,6.70423,arms_ik
l1,isaac,policy,1,/home/humanoid/Programs/Humanoid_Simulation/Locomanipulation_game/logs/skrl/locomanip_marl/paper1/checkpoints/agent_91200.pt,0,b094_d80_e00,94,0.8,0,0.505877,0.0880829,-0.166554,0.124947,-0.452829,-0.417641,0.584759,1,0,0,0,nan,0.0628093,0.103143,0.776586,0,0,0,0,0.0791233,0.0929715,0.123671,0.663905,0.0852851,0.41071,0.876993,0.712907,0.719485,0.157508,0,nan,7.50879,0.133673,-0.176762,0.131646,-0.153574,0.127997,0.344346,0,16.063,15.3897,0.174694,0.570539,0.463782,0.364413,0.514686,0.0528213,4.68698,arms_ik
l1,isaac,policy,1,/home/humanoid/Programs/Humanoid_Simulation/Locomanipulation_game/logs/skrl/locomanip_marl/paper1/checkpoints/agent_91200.pt,0,b094_d90_e00,94,0.9,0,0.505877,0.0880829,-0.266554,0.124947,-0.452829,-0.517641,0.484759,1,0,0,0,nan,0.129598,0.176671,0.721484,0,0,0,0,0.116915,0.171324,0.1496,0.656701,0.143319,0.406265,0.843996,0.711366,0.720166,0.12383,0,nan,8.09404,0.159269,-0.151705,0.121316,-0.159498,0.122064,1.05106,1,6.99686,6.7879,0.0912255,0.844703,0.634918,0.80138,0.539426,0.0487084,5.95847,arms_ik
l1,isaac,policy,1,/home/humanoid/Programs/Humanoid_Simulation/Locomanipulation_game/logs/skrl/locomanip_marl/paper1/checkpoints/agent_91200.pt,0,b094_d100_e00,94,1,0,0.505877,0.0880829,-0.366554,0.124947,-0.452829,-0.617641,0.384759,1,0,0,0,nan,0.208435,0.272905,0.827723,0,0,0,0,0.162782,0.27351,0.16385,0.785115,0.213763,0.470737,0.90298,0.714397,0.717947,0.185033,0,nan,8.2179,0.152041,-0.108207,0.126363,-0.140696,0.127322,0.87204,1,5.34923,9.99185,0.0967484,0.559814,0.375756,0.40151,0.622015,0.0683803,5.93079,arms_ik
l1,isaac,policy,1,/home/humanoid/Programs/Humanoid_Simulation/Locomanipulation_game/logs/skrl/locomanip_marl/paper1/checkpoints/agent_91200.pt,0,b095_d00_e00,95,0,0,0.200806,0.0486598,0.938782,0.516275,-0.156777,0.595718,1.59812,0,0,0,0,nan,0.589509,0.683287,1.3775,0,0,0,0,0.641359,0.566696,1.42499,1.09093,0.617296,1.20998,0.868158,0.782712,0.803319,0.0648389,0,nan,7.22584,0.225198,-0.150335,0.130184,-0.174593,0.125699,0.572799,3,26.0587,42.3203,0.465887,0.79639,0.785868,0.486929,0.745844,0.0429476,-0.616852,arms_ik
l1,isaac,policy,1,/home/humanoid/Programs/Humanoid_Simulation/Locomanipulation_game/logs/skrl/locomanip_marl/paper1/checkpoints/agent_91200.pt,0,b095_d10_e00,95,0.1,0,0.200806,0.0486598,0.838782,0.516275,-0.156777,0.495718,1.49812,0,0,0,0,nan,0.58596,0.626164,1.23434,0,0,0,0,0.597678,0.598458,1.05444,1.0923,0.598922,1.11705,0.845688,0.766702,0.791818,0.0538703,0,nan,6.71827,0.216977,-0.158823,0.113227,-0.1994,0.115934,1.00428,4,23.352,45.3109,0.467046,0.859392,0.777488,0.804383,0.627806,0.0333005,0.22384,arms_ik
l1,isaac,policy,1,/home/humanoid/Programs/Humanoid_Simulation/Locomanipulation_game/logs/skrl/locomanip_marl/paper1/checkpoints/agent_91200.pt,0,b095_d20_e00,95,0.2,0,0.200806,0.0486598,0.738782,0.516275,-0.156777,0.395718,1.39812,0,0,0,0,nan,0.413365,0.451644,0.964879,0,0,0,0,0.451199,0.430434,0.762678,0.894102,0.430632,0.850433,0.860279,0.770361,0.781457,0.0788216,0,nan,7.9439,0.182522,-0.139259,0.124484,-0.200791,0.117696,1.02727,2,16.8229,31.6361,0.29375,0.843042,0.875992,0.584109,0.610891,0.0315,-0.606673,arms_ik
l1,isaac,policy,1,/home/humanoid/Programs/Humanoid_Simulation/Locomanipulation_game/logs/skrl/locomanip_marl/paper1/checkpoints/agent_91200.pt,0,b095_d30_e00,95,0.3,0,0.200806,0.0486598,0.638782,0.516275,-0.156777,0.295718,1.29812,0,0,0,0,nan,0.297998,0.323918,0.69677,0,0,0,0,0.295422,0.331769,0.593585,0.662023,0.308988,0.621953,0.874534,0.769053,0.780567,0.093967,0,nan,6.93421,0.186966,-0.156035,0.125953,-0.152203,0.120497,0.634566,2,9.99159,12.3497,0.10913,0.810396,0.740893,0.569968,0.708068,0.0212441,-0.197798,arms_ik
l1,isaac,policy,1,/home/humanoid/Programs/Humanoid_Simulation/Locomanipulation_game/logs/skrl/locomanip_marl/paper1/checkpoints/agent_91200.pt,0,b095_d40_e00,95,0.4,0,0.200806,0.0486598,0.538782,0.516275,-0.156777,0.195718,1.19812,0,0,0,0,nan,0.241899,0.315369,0.610449,0,0,0,0,0.185266,0.298532,0.415219,0.588868,0.254857,0.524288,0.859051,0.748083,0.758553,0.100498,0,nan,6.99832,0.158621,-0.177082,0.131982,-0.187913,0.128016,0.975584,3,9.37139,9.43521,0.0995636,0.650012,0.778337,0.521825,0.568952,0.0396713,-0.0912206,arms_ik
l1,isaac,policy,1,/home/humanoid/Programs/Humanoid_Simulation/Locomanipulation_game/logs/skrl/locomanip_marl/paper1/checkpoints/agent_91200.pt,0,b095_d50_e00,95,0.5,0,0.200806,0.0486598,0.438782,0.516275,-0.156777,0.095718,1.09812,0,0,1,0,nan,0.129365,0.272482,0.515958,0,0,0,0,0.0326527,0.233182,0.105441,0.447541,0.146582,0.295721,0.893314,0.742453,0.751072,0.142242,0,nan,6.55993,0.173714,-0.145384,0.128688,-0.133421,0.123907,1.0024,3,4.82963,21.6881,0.0968604,0.826704,0.770484,0.619542,0.545205,0.0306413,-0.231868,arms_ik
l1,isaac,policy,1,/home/humanoid/Programs/Humanoid_Simulation/Locomanipulation_game/logs/skrl/locomanip_marl/paper1/checkpoints/agent_91200.pt,0,b095_d60_e00,95,0.6,0,0.200806,0.0486598,0.338782,0.516275,-0.156777,-0.00428203,0.998118,0,0,1,0,nan,0.0821718,0.187018,0.381623,0,0,0,0,0.0393831,0.161967,0.0817334,0.331566,0.093136,0.198689,0.856651,0.739882,0.758177,0.0984745,0,nan,7.57374,0.16067,-0.125354,0.126176,-0.113639,0.123318,0.870436,0,4.43222,17.0649,0.0883122,0.571719,0.718641,0.441482,0.60978,0.029489,-1.19476,arms_ik
l1,isaac,policy,1,/home/humanoid/Programs/Humanoid_Simulation/Locomanipulation_game/logs/skrl/locomanip_marl/paper1/checkpoints/agent_91200.pt,0,b095_d70_e00,95,0.7,0,0.200806,0.0486598,0.238782,0.516275,-0.156777,-0.104282,0.898118,0,0,1,0,nan,0.0738529,0.17039,0.351334,0,0,0,0,0.0592984,0.102854,0.0747047,0.253104,0.0948712,0.163834,0.860371,0.738584,0.755588,0.104783,0,nan,5.52591,0.141442,0.101565,0.119573,0.0864277,0.115605,1.14755,0,9.10658,43.313,0.158765,0.831291,0.72926,0.430578,0.475559,0.0470599,0.846709,arms_ik
l1,isaac,policy,1,/home/humanoid/Programs/Humanoid_Simulation/Locomanipulation_game/logs/skrl/locomanip_marl/paper1/checkpoints/agent_91200.pt,0,b095_d80_e00,95,0.8,0,0.200806,0.0486598,0.138782,0.516275,-0.156777,-0.204282,0.798118,1,0,1,0,nan,0.0697284,0.15313,0.362138,0,0,0,0,0.0604619,0.137739,0.054895,0.365335,0.103278,0.205232,0.850356,0.732973,0.73887,0.111486,0,nan,6.4565,0.130695,-0.108345,0.124981,-0.120517,0.121959,0.829991,1,7.55523,12.1138,0.129212,0.751369,0.609799,0.318707,0.427713,0.0529152,1.02339,arms_ik
l1,isaac,policy,1,/home/humanoid/Programs/Humanoid_Simulation/Locomanipulation_game/logs/skrl/locomanip_marl/paper1/checkpoints/agent_91200.pt,0,b095_d90_e00,95,0.9,0,0.200806,0.0486598,0.0387824,0.516275,-0.156777,-0.304282,0.698118,1,0,1,0,nan,0.0953555,0.186659,0.525558,0,0,0,0,0.0834471,0.18672,0.0519195,0.509012,0.132097,0.281527,0.889461,0.739798,0.750097,0.139364,0,nan,6.70072,0.15427,-0.0956672,0.130818,-0.126041,0.12812,1.54533,0,6.53528,10.5288,0.09605,0.54734,0.623972,0.411443,0.486149,0.0729605,2.36984,arms_ik
l1,isaac,policy,1,/home/humanoid/Programs/Humanoid_Simulation/Locomanipulation_game/logs/skrl/locomanip_marl/paper1/checkpoints/agent_91200.pt,0,b095_d100_e00,95,1,0,0.200806,0.0486598,-0.0612176,0.516275,-0.156777,-0.404282,0.598118,1,0,1,0,nan,0.110511,0.224958,0.623165,0,0,0,0,0.0786442,0.222702,0.103924,0.608512,0.147162,0.347947,0.879618,0.741532,0.749718,0.1299,0,nan,6.51738,0.165299,-0.159099,0.120784,-0.144418,0.117887,0.594903,0,5.90142,8.29767,0.101144,0.727931,0.426386,0.374905,0.617276,0.0701649,2.90094,arms_ik
