condition,name,depth,n,success,success_lo,success_hi,success_2cm,success_3cm,success_8cm,success_10cm,success_l,success_r,fall_rate,success_2cm_lo,success_2cm_hi,success_3cm_lo,success_3cm_hi,success_8cm_lo,success_8cm_hi,success_10cm_lo,success_10cm_hi,pos_ok,rot_ok,err_last1s_med,err_last1s_q25,err_last1s_q75,rot_last1s_med,rot_last1s_q25,rot_last1s_q75,closest_med,closest_q25,closest_q75,hold_err_pos_med,hold_err_pos_q25,hold_err_pos_q75,hold_err_rot_med,hold_err_rot_q25,hold_err_rot_q75,pelvis_h_last1s_med,pelvis_h_last1s_q25,pelvis_h_last1s_q75,pelvis_drop_last1s_med,pelvis_drop_last1s_q25,pelvis_drop_last1s_q75,pelvis_h_start_med,pelvis_h_start_q25,pelvis_h_start_q75,tilt_max_deg_med,tilt_max_deg_mean,tilt_max_deg_q25,tilt_max_deg_q75,angvel_rms_med,angvel_rms_q25,angvel_rms_q75,com_margin_min_med,com_margin_min_q25,com_margin_min_q75,com_margin_last1s_med,com_margin_last1s_q25,com_margin_last1s_q75,dcm_margin_min_med,dcm_margin_min_q25,dcm_margin_min_q75,dcm_margin_last1s_med,dcm_margin_last1s_q25,dcm_margin_last1s_q75,foot_slip_max_med,foot_slip_max_mean,foot_slip_max_q25,foot_slip_max_q75,steps_med,steps_mean,steps_q25,steps_q75,ee_jitter_l_med,ee_jitter_l_q25,ee_jitter_l_q75,ee_jitter_r_med,ee_jitter_r_q25,ee_jitter_r_q75,ee_speed_rms_med,ee_speed_rms_q25,ee_speed_rms_q75,torque_knee_max_med,torque_knee_max_q25,torque_knee_max_q75,torque_ankle_max_med,torque_ankle_max_q25,torque_ankle_max_q75,pitch_last1s_deg_med,pitch_last1s_deg_q25,pitch_last1s_deg_q75,t_success_med,t_success_q25,t_success_q75,cmd_drift_end_med,cmd_drift_end_q25,cmd_drift_end_q75,err_last1s_success_med
golem_ik/kinematic,"GOLEM arm IK, standing",0,288,0.451389,0.394931,0.509126,0.354167,0.392361,0.572917,0.711806,0.565972,0.583333,0,0.301181,0.410991,0.337739,0.449817,0.515196,0.628717,0.656978,0.761057,0.451389,1,0.0357212,0.000402824,0.0871386,0.000962492,0.000280246,0.00362752,0.0357212,0.000402824,0.0871386,0.0650237,0.000782521,0.122991,0.0016398,0.000523748,0.0065701,1.0024,1.0024,1.0024,0,0,0,1.0024,1.0024,1.0024,nan,nan,nan,nan,nan,nan,nan,nan,nan,nan,nan,nan,nan,nan,nan,nan,nan,nan,nan,nan,nan,nan,nan,nan,nan,nan,nan,nan,nan,nan,nan,nan,nan,nan,nan,nan,nan,nan,nan,nan,nan,nan,0,0,0,nan,nan,nan,nan,nan,nan,0.000339752
golem_ik/kinematic,"GOLEM arm IK, standing",0.1,288,0.371528,0.317753,0.428684,0.222222,0.277778,0.53125,0.604167,0.524306,0.552083,0,0.17804,0.273717,0.229231,0.332175,0.473584,0.588094,0.546672,0.658919,0.371528,1,0.0433426,0.014402,0.102389,0.00130314,0.000270867,0.00731579,0.0433426,0.014402,0.102389,0.0717032,0.0231475,0.139143,0.00199697,0.000484556,0.0107923,1.0024,1.0024,1.0024,0,0,0,1.0024,1.0024,1.0024,nan,nan,nan,nan,nan,nan,nan,nan,nan,nan,nan,nan,nan,nan,nan,nan,nan,nan,nan,nan,nan,nan,nan,nan,nan,nan,nan,nan,nan,nan,nan,nan,nan,nan,nan,nan,nan,nan,nan,nan,nan,nan,0,0,0,nan,nan,nan,nan,nan,nan,0.00513325
golem_ik/kinematic,"GOLEM arm IK, standing",0.2,288,0.25,0.203502,0.30308,0.15625,0.184028,0.357639,0.409722,0.4375,0.447917,0,0.118872,0.202678,0.143534,0.23284,0.30449,0.414536,0.354475,0.467346,0.25,1,0.0798997,0.028583,0.134831,0.00282592,0.000643112,0.0125274,0.0798997,0.028583,0.134831,0.125986,0.0507141,0.187386,0.00422139,0.00104933,0.0211033,1.0024,1.0024,1.0024,0,0,0,1.0024,1.0024,1.0024,nan,nan,nan,nan,nan,nan,nan,nan,nan,nan,nan,nan,nan,nan,nan,nan,nan,nan,nan,nan,nan,nan,nan,nan,nan,nan,nan,nan,nan,nan,nan,nan,nan,nan,nan,nan,nan,nan,nan,nan,nan,nan,0,0,0,nan,nan,nan,nan,nan,nan,0.0045355
golem_ik/kinematic,"GOLEM arm IK, standing",0.3,288,0.142361,0.106704,0.187434,0.111111,0.118056,0.246528,0.28125,0.326389,0.347222,0,0.079812,0.152648,0.0857225,0.160444,0.200304,0.299425,0.232465,0.335794,0.142361,1,0.119362,0.0504423,0.18012,0.00770514,0.00141728,0.0231324,0.119362,0.0504423,0.18012,0.180707,0.0818573,0.256941,0.0123483,0.00246652,0.0398193,1.0024,1.0024,1.0024,0,0,0,1.0024,1.0024,1.0024,nan,nan,nan,nan,nan,nan,nan,nan,nan,nan,nan,nan,nan,nan,nan,nan,nan,nan,nan,nan,nan,nan,nan,nan,nan,nan,nan,nan,nan,nan,nan,nan,nan,nan,nan,nan,nan,nan,nan,nan,nan,nan,0,0,0,nan,nan,nan,nan,nan,nan,0.000181689
golem_ik/kinematic,"GOLEM arm IK, standing",0.4,288,0.100694,0.0710274,0.140874,0.0625,0.0694444,0.138889,0.170139,0.267361,0.28125,0,0.0398961,0.0966218,0.0454007,0.104823,0.103681,0.183604,0.131152,0.21781,0.100694,1,0.164705,0.0950837,0.245176,0.0163717,0.00287996,0.0360395,0.164705,0.0950837,0.245176,0.25109,0.141716,0.334791,0.0271476,0.00473823,0.0644917,1.0024,1.0024,1.0024,0,0,0,1.0024,1.0024,1.0024,nan,nan,nan,nan,nan,nan,nan,nan,nan,nan,nan,nan,nan,nan,nan,nan,nan,nan,nan,nan,nan,nan,nan,nan,nan,nan,nan,nan,nan,nan,nan,nan,nan,nan,nan,nan,nan,nan,nan,nan,nan,nan,0,0,0,nan,nan,nan,nan,nan,nan,0.00468608
golem_ik/kinematic,"GOLEM arm IK, standing",0.5,288,0.0347222,0.0189676,0.062726,0.0277778,0.0277778,0.0798611,0.100694,0.1875,0.215278,0,0.0141411,0.0538465,0.0141411,0.0538465,0.0538025,0.116981,0.0710274,0.140874,0.0347222,1,0.218074,0.135666,0.31462,0.0267264,0.00542757,0.0523139,0.218074,0.135666,0.31462,0.329179,0.2037,0.421755,0.0458522,0.00939484,0.0868397,1.0024,1.0024,1.0024,0,0,0,1.0024,1.0024,1.0024,nan,nan,nan,nan,nan,nan,nan,nan,nan,nan,nan,nan,nan,nan,nan,nan,nan,nan,nan,nan,nan,nan,nan,nan,nan,nan,nan,nan,nan,nan,nan,nan,nan,nan,nan,nan,nan,nan,nan,nan,nan,nan,0,0,0,nan,nan,nan,nan,nan,nan,0.000469533
golem_ik/kinematic,"GOLEM arm IK, standing",0.6,288,0.0173611,0.00743774,0.0399907,0.0104167,0.0138889,0.0277778,0.0347222,0.118056,0.170139,0,0.00354875,0.0301737,0.00541393,0.0351615,0.0141411,0.0538465,0.0189676,0.062726,0.0173611,1,0.277759,0.188129,0.3859,0.0413439,0.0140275,0.072608,0.277759,0.188129,0.3859,0.406633,0.274361,0.50979,0.0705732,0.0215342,0.110994,1.0024,1.0024,1.0024,0,0,0,1.0024,1.0024,1.0024,nan,nan,nan,nan,nan,nan,nan,nan,nan,nan,nan,nan,nan,nan,nan,nan,nan,nan,nan,nan,nan,nan,nan,nan,nan,nan,nan,nan,nan,nan,nan,nan,nan,nan,nan,nan,nan,nan,nan,nan,nan,nan,0,0,0,nan,nan,nan,nan,nan,nan,0.00580121
golem_ik/kinematic,"GOLEM arm IK, standing",0.7,288,0.00694444,0.00190645,0.0249629,0.00347222,0.00347222,0.0104167,0.0138889,0.0798611,0.09375,0,0.00061318,0.0194032,0.00061318,0.0194032,0.00354875,0.0301737,0.00541393,0.0351615,0.00694444,1,0.351604,0.239285,0.464427,0.0586163,0.0227142,0.0910181,0.351604,0.239285,0.464427,0.492975,0.348836,0.599247,0.0951557,0.0391129,0.141874,1.0024,1.0024,1.0024,0,0,0,1.0024,1.0024,1.0024,nan,nan,nan,nan,nan,nan,nan,nan,nan,nan,nan,nan,nan,nan,nan,nan,nan,nan,nan,nan,nan,nan,nan,nan,nan,nan,nan,nan,nan,nan,nan,nan,nan,nan,nan,nan,nan,nan,nan,nan,nan,nan,0,0,0,nan,nan,nan,nan,nan,nan,0.0112509
golem_ik/kinematic,"GOLEM arm IK, standing",0.8,288,0.00347222,0.00061318,0.0194032,0,0,0.00347222,0.00347222,0.03125,0.0208333,0,0,0.0131633,0,0.0131633,0.00061318,0.0194032,0.00061318,0.0194032,0.00347222,0.993056,0.433325,0.313032,0.551601,0.0777811,0.0324057,0.113456,0.433325,0.313032,0.551601,0.580086,0.43092,0.68821,0.12176,0.0603529,0.180572,1.0024,1.0024,1.0024,0,0,0,1.0024,1.0024,1.0024,nan,nan,nan,nan,nan,nan,nan,nan,nan,nan,nan,nan,nan,nan,nan,nan,nan,nan,nan,nan,nan,nan,nan,nan,nan,nan,nan,nan,nan,nan,nan,nan,nan,nan,nan,nan,nan,nan,nan,nan,nan,nan,0,0,0,nan,nan,nan,nan,nan,nan,0.0175632
golem_ik/kinematic,"GOLEM arm IK, standing",0.9,288,0,0,0.0131633,0,0,0,0,0.00347222,0,0,0,0.0131633,0,0.0131633,0,0.0131633,0,0.0131633,0,0.975694,0.517115,0.397236,0.634199,0.0970288,0.0447275,0.134818,0.517115,0.397236,0.634199,0.667987,0.514257,0.782235,0.148266,0.0754755,0.21388,1.0024,1.0024,1.0024,0,0,0,1.0024,1.0024,1.0024,nan,nan,nan,nan,nan,nan,nan,nan,nan,nan,nan,nan,nan,nan,nan,nan,nan,nan,nan,nan,nan,nan,nan,nan,nan,nan,nan,nan,nan,nan,nan,nan,nan,nan,nan,nan,nan,nan,nan,nan,nan,nan,0,0,0,nan,nan,nan,nan,nan,nan,nan
golem_ik/kinematic,"GOLEM arm IK, standing",1,288,0,0,0.0131633,0,0,0,0,0,0,0,0,0.0131633,0,0.0131633,0,0.0131633,0,0.0131633,0,0.961806,0.601386,0.482409,0.721508,0.117323,0.0599063,0.161976,0.601386,0.482409,0.721508,0.755831,0.600616,0.874013,0.171499,0.0977651,0.246929,1.0024,1.0024,1.0024,0,0,0,1.0024,1.0024,1.0024,nan,nan,nan,nan,nan,nan,nan,nan,nan,nan,nan,nan,nan,nan,nan,nan,nan,nan,nan,nan,nan,nan,nan,nan,nan,nan,nan,nan,nan,nan,nan,nan,nan,nan,nan,nan,nan,nan,nan,nan,nan,nan,0,0,0,nan,nan,nan,nan,nan,nan,nan
l0.5/isaac,λ = 0.5,0,288,0.0486111,0.0291741,0.0799317,0,0,0.229167,0.340278,0.149306,0.15625,0.00694444,0,0.0131633,0,0.0131633,0.184379,0.281085,0.28798,0.396781,0.0625,0.659722,0.0935186,0.0671716,0.125666,0.176831,0.115303,0.282191,0.058312,0.0260866,0.0948551,0.121064,0.0752862,0.167491,0.279282,0.195768,0.439568,0.807152,0.789757,0.824554,0.122383,0.101212,0.140729,0.928233,0.91826,0.940004,7.12322,7.18428,6.22906,8.0409,0.17994,0.163682,0.202859,-0.147586,-0.184811,-0.0968056,0.118448,0.110403,0.124973,-0.155392,-0.210767,-0.103302,0.11446,0.107495,0.122122,1.06532,1.19374,0.878714,1.3557,1,2.08741,0,3,19.8891,15.4139,26.3959,19.9524,14.9922,26.5811,0.235366,0.19927,0.294049,0.636374,0.561766,0.760305,0.858505,0.798499,0.880661,-2.5598,-4.09809,-1.16622,1.87,1.66,2.065,0.0601896,0.0486718,0.0727778,0.0443286
l0.5/isaac,λ = 0.5,0.1,288,0.0625,0.0398961,0.0966218,0,0,0.347222,0.5,0.204861,0.21875,0.00694444,0,0.0131633,0,0.0131633,0.294574,0.403892,0.442634,0.557366,0.0659722,0.6875,0.0792168,0.0646378,0.107626,0.149748,0.105222,0.256661,0.0388042,0.0250018,0.0688919,0.092416,0.069308,0.134124,0.239457,0.170454,0.371186,0.797195,0.77943,0.811914,0.131955,0.112203,0.15428,0.930005,0.918168,0.941223,6.94952,6.99331,5.93551,7.88307,0.170092,0.155026,0.188578,-0.143943,-0.178258,-0.0953153,0.120388,0.110807,0.126433,-0.156574,-0.207223,-0.102947,0.117864,0.108175,0.123582,1.02039,1.13512,0.856466,1.27864,1,1.69231,0,2,17.6245,13.6606,23.1833,18.173,14.2639,24.2355,0.222913,0.191806,0.26863,0.618559,0.564395,0.726933,0.856677,0.782344,0.873892,-1.92813,-3.52846,-0.42794,1.82,1.6,2.67,0.0599573,0.0495012,0.0714436,0.0429084
l0.5/isaac,λ = 0.5,0.2,288,0.0763889,0.0509842,0.112946,0,0,0.392361,0.572917,0.243056,0.232639,0,0,0.0131633,0,0.0131633,0.337739,0.449817,0.515196,0.628717,0.0798611,0.697917,0.073149,0.0555709,0.0982046,0.15349,0.103355,0.247615,0.0367811,0.0223766,0.0587634,0.0851711,0.0629408,0.122107,0.238451,0.161983,0.385297,0.787885,0.766867,0.802304,0.143651,0.124002,0.164476,0.929852,0.918266,0.941851,6.93106,6.961,6.06719,7.72857,0.165537,0.150216,0.181448,-0.143138,-0.174222,-0.10005,0.119718,0.111552,0.12559,-0.153475,-0.201636,-0.102008,0.117633,0.109122,0.123526,1.04286,1.15729,0.866458,1.30161,1,1.63542,0,2,16.7598,12.8891,22.3843,17.5442,13.5535,22.4338,0.217749,0.18426,0.25728,0.6323,0.558119,0.731663,0.853687,0.772609,0.868389,-1.56791,-2.84072,0.144162,1.84,1.665,2.15,0.0594607,0.0477125,0.0710446,0.0419772
l0.5/isaac,λ = 0.5,0.3,288,0.09375,0.0652307,0.132964,0,0,0.40625,0.548611,0.267361,0.243056,0,0,0.0131633,0,0.0131633,0.351122,0.463846,0.490874,0.605069,0.111111,0.704861,0.0753743,0.0552089,0.100853,0.154552,0.108219,0.26113,0.0377887,0.0221914,0.0688318,0.0881271,0.0613121,0.127237,0.249728,0.169265,0.380024,0.775623,0.7615,0.796381,0.152613,0.133575,0.171693,0.931315,0.921246,0.941661,6.80376,6.89671,6.01801,7.59338,0.158909,0.144669,0.174796,-0.134739,-0.171159,-0.0885654,0.122583,0.113647,0.127234,-0.143421,-0.197295,-0.0781453,0.120314,0.112383,0.124764,1.00421,1.11033,0.848208,1.27924,1,1.375,0,2,16.4241,12.6209,20.7501,15.5065,12.983,20.2063,0.20343,0.174872,0.242274,0.60839,0.553045,0.695541,0.853927,0.758017,0.867223,-1.12994,-2.44751,0.571914,1.92,1.66,2.48,0.0566866,0.0440246,0.0693209,0.0374581
l0.5/isaac,λ = 0.5,0.4,288,0.0763889,0.0509842,0.112946,0,0,0.284722,0.413194,0.225694,0.21875,0.00347222,0,0.0131633,0,0.0131633,0.235702,0.33941,0.357831,0.470843,0.0902778,0.642361,0.0812712,0.0613338,0.123784,0.175786,0.117478,0.281019,0.0553496,0.0253699,0.093176,0.105532,0.0692046,0.168428,0.266831,0.185838,0.423416,0.76691,0.748698,0.783414,0.162265,0.141545,0.184924,0.929096,0.919142,0.940168,6.8404,6.86612,5.85095,7.79012,0.154429,0.142094,0.166462,-0.134213,-0.179752,-0.089975,0.120366,0.112338,0.127437,-0.141355,-0.194335,-0.0883966,0.119197,0.111463,0.125617,0.962712,1.08095,0.826232,1.23459,1,1.17422,0,2,16.5151,13.1683,21.3018,16.779,13.1099,20.8754,0.213589,0.182215,0.256674,0.614639,0.549334,0.690187,0.850328,0.725259,0.862997,-0.166244,-1.95835,1.16954,1.77,1.66,2.14,0.0579271,0.0452265,0.0703887,0.043087
l0.5/isaac,λ = 0.5,0.5,288,0.0416667,0.0239929,0.0714068,0,0.00694444,0.149306,0.246528,0.1875,0.170139,0,0,0.0131633,0.00190645,0.0249629,0.112773,0.195071,0.200304,0.299425,0.0520833,0.59375,0.115125,0.0700482,0.162072,0.204535,0.146103,0.325448,0.0823749,0.040708,0.130887,0.162514,0.090868,0.220321,0.300594,0.225787,0.499912,0.756093,0.742717,0.774094,0.17144,0.149533,0.191458,0.928423,0.918185,0.939145,6.87579,6.84622,5.95527,7.75364,0.149889,0.139623,0.163394,-0.141014,-0.1823,-0.0851472,0.12157,0.113894,0.127764,-0.157781,-0.195572,-0.0808776,0.121353,0.113314,0.126284,0.993569,1.05872,0.840843,1.23814,1,1.16667,0,2,17.5321,13.3161,24.0614,17.354,13.4466,22.3643,0.230222,0.192511,0.279695,0.604917,0.543613,0.694287,0.832172,0.66868,0.858913,0.304914,-1.29414,1.78372,1.86,1.6,2.22,0.0575848,0.0456962,0.0722174,0.0389086
l0.5/isaac,λ = 0.5,0.6,288,0.0347222,0.0189676,0.062726,0,0,0.118056,0.152778,0.149306,0.152778,0.00347222,0,0.0131633,0,0.0131633,0.0857225,0.160444,0.115819,0.198878,0.0451389,0.461806,0.146974,0.0913546,0.203,0.256876,0.166761,0.374699,0.124643,0.0629724,0.17977,0.213869,0.118493,0.291747,0.380687,0.265336,0.569769,0.74981,0.731897,0.764028,0.181335,0.159367,0.200271,0.929591,0.919981,0.939992,6.84188,6.88832,6.03487,7.67573,0.149518,0.138861,0.159467,-0.134956,-0.172421,-0.0842418,0.120122,0.112459,0.126736,-0.149183,-0.197327,-0.0763803,0.119703,0.112218,0.12491,0.996557,1.06344,0.82902,1.21837,1,1.08014,0,2,18.8913,13.3498,26.1361,18.753,14.6577,25.0158,0.247893,0.208033,0.295799,0.614564,0.554658,0.693756,0.81933,0.668505,0.860739,1.04512,-0.536602,2.30304,1.79,1.58,1.89,0.0560331,0.0449517,0.0733149,0.0473249
l0.5/isaac,λ = 0.5,0.7,288,0.0243056,0.0118223,0.0493122,0,0,0.0729167,0.0902778,0.131944,0.135417,0,0,0.0131633,0,0.0131633,0.0481832,0.108894,0.062352,0.12899,0.0243056,0.288194,0.191178,0.119752,0.265087,0.315708,0.210832,0.474697,0.167258,0.0955409,0.24349,0.279115,0.175549,0.367459,0.496211,0.322544,0.715773,0.741618,0.724772,0.75571,0.188979,0.168833,0.207199,0.928544,0.917069,0.940114,6.98184,6.9831,6.06134,7.86882,0.147489,0.139527,0.159059,-0.130022,-0.174208,-0.0578099,0.122925,0.115493,0.128029,-0.136437,-0.193899,-0.050788,0.121296,0.11531,0.126188,1.03329,1.06488,0.860174,1.21833,1,0.899306,0,1,20.6801,15.0381,29.0812,20.3664,15.4228,24.9297,0.265545,0.216552,0.312816,0.617912,0.555129,0.689917,0.770922,0.625898,0.856044,1.62233,0.164449,2.73904,1.86,1.75,2.53,0.056347,0.0432289,0.0680918,0.0408834
l0.5/isaac,λ = 0.5,0.8,288,0.0104167,0.00354875,0.0301737,0,0,0.0277778,0.0486111,0.0833333,0.09375,0,0,0.0131633,0,0.0131633,0.0141411,0.0538465,0.0291741,0.0799317,0.0208333,0.204861,0.240721,0.159642,0.322919,0.385449,0.266045,0.524025,0.216921,0.138007,0.303655,0.352137,0.240493,0.449554,0.566253,0.387902,0.81131,0.733624,0.717984,0.74649,0.194439,0.1772,0.215821,0.928602,0.917736,0.939838,7.02408,7.11271,6.23349,7.90479,0.148189,0.138723,0.157426,-0.128681,-0.170162,-0.0497112,0.122632,0.115032,0.127662,-0.129536,-0.189287,-0.0269783,0.121123,0.11468,0.125715,1.02507,1.04648,0.84037,1.19565,1,0.819444,0,1,22.3346,16.3961,29.7882,21.0602,16.1958,26.2665,0.277549,0.228072,0.326881,0.607181,0.558401,0.678736,0.731725,0.598966,0.854955,2.01396,0.848519,3.28329,1.86,1.65,2.48,0.0564706,0.0438124,0.0687846,0.0386004
l0.5/isaac,λ = 0.5,0.9,288,0.00347222,0.00061318,0.0194032,0,0,0.0173611,0.0173611,0.0555556,0.0486111,0,0,0.0131633,0,0.0131633,0.00743774,0.0399907,0.00743774,0.0399907,0.00347222,0.118056,0.290659,0.204039,0.404067,0.452755,0.328411,0.607109,0.275887,0.180237,0.382179,0.433528,0.293121,0.533319,0.656866,0.481544,0.88511,0.727542,0.711326,0.739498,0.204455,0.188197,0.220847,0.930825,0.918351,0.941558,7.37623,7.39844,6.48235,8.21451,0.148307,0.138182,0.158096,-0.126136,-0.169351,-0.069299,0.12291,0.115825,0.127273,-0.131789,-0.191576,-0.0650832,0.121604,0.114449,0.124995,0.963971,1.0327,0.826315,1.19013,1,0.899306,0,1,23.0296,17.5215,33.694,23.3086,18.6974,30.4179,0.293478,0.24584,0.361666,0.614842,0.560422,0.690773,0.725242,0.590486,0.855946,2.6286,1.30349,3.77918,1.62,1.62,1.62,0.0551466,0.0437219,0.0697897,0.0357444
l0.5/isaac,λ = 0.5,1,288,0.00347222,0.00061318,0.0194032,0,0,0.00347222,0.0138889,0.0381944,0.0208333,0,0,0.0131633,0,0.0131633,0.00061318,0.0194032,0.00541393,0.0351615,0.00347222,0.0659722,0.357163,0.255567,0.47275,0.50691,0.369783,0.703339,0.338606,0.228794,0.455136,0.512721,0.371675,0.620292,0.730465,0.54042,0.980307,0.721654,0.706643,0.732363,0.208517,0.190237,0.226026,0.928789,0.918213,0.940535,7.56295,7.65314,6.62216,8.56814,0.149942,0.141798,0.158537,-0.139228,-0.177411,-0.0765542,0.123367,0.11661,0.127357,-0.15072,-0.19723,-0.077104,0.121529,0.116538,0.125136,0.994683,1.05958,0.803509,1.2133,0.5,0.854167,0,1,26.7824,20.2026,36.0097,25.6992,20.0061,32.0127,0.31421,0.269583,0.369499,0.607184,0.558376,0.680729,0.674875,0.57053,0.826145,3.18687,1.89285,4.25274,1.66,1.66,1.66,0.056581,0.0451081,0.0684225,0.0333184
l0.5/isaac_legs_blind,"λ = 0.5, legs blind",0,288,0.00347222,0.00061318,0.0194032,0,0,0.0729167,0.159722,0.0625,0.0381944,0.201389,0,0.0131633,0,0.0131633,0.0481832,0.108894,0.121932,0.206471,0.0104167,0.361111,0.135522,0.0915831,0.186272,0.265686,0.150793,0.457542,0.0713891,0.0389574,0.12187,0.150782,0.102612,0.220849,0.39083,0.236916,0.598114,0.871047,0.83851,0.89639,0.0587867,0.0256258,0.0946618,0.929302,0.918983,0.939138,5.92601,6.12836,5.35073,6.5936,0.199207,0.183684,0.218656,-0.145942,-0.174235,-0.124307,0.105752,0.0880153,0.117217,-0.188804,-0.234957,-0.156489,0.0975865,0.0728703,0.109854,1.19323,1.26779,0.883619,1.52935,9,9.15217,6,12,27.8674,21.1805,39.7809,26.3909,22.0016,34.8574,0.291334,0.24551,0.364905,0.733548,0.649977,0.8094,0.829647,0.795569,0.86224,-1.39135,-2.37633,-0.426501,1.3,1.3,1.3,0.0729192,0.059078,0.0910182,0.0584534
l0.5/isaac_legs_blind,"λ = 0.5, legs blind",0.1,288,0.0208333,0.00958211,0.0446994,0,0,0.111111,0.225694,0.0972222,0.0694444,0.201389,0,0.0131633,0,0.0131633,0.079812,0.152648,0.181207,0.277403,0.0277778,0.427083,0.116745,0.087992,0.165869,0.25482,0.148291,0.412242,0.0568985,0.0337741,0.102696,0.133847,0.092693,0.188675,0.329734,0.216506,0.513815,0.879261,0.848527,0.898576,0.05168,0.0277659,0.0810298,0.930451,0.917986,0.939251,5.79608,5.96502,5.14324,6.60598,0.1974,0.18246,0.215814,-0.150643,-0.176194,-0.132439,0.105658,0.0876178,0.118241,-0.193688,-0.238868,-0.160307,0.096348,0.0740546,0.113518,1.16098,1.2656,0.886402,1.5614,9,9.1913,6,12,27.9003,20.8057,37.8783,25.0526,18.9806,33.7979,0.29342,0.24308,0.346109,0.723334,0.6521,0.798609,0.817938,0.7742,0.862073,-1.10376,-2.18462,-0.241888,1.99,1.54,2.29,0.072357,0.0598232,0.0884163,0.0448277
l0.5/isaac_legs_blind,"λ = 0.5, legs blind",0.2,288,0,0,0.0131633,0,0,0.100694,0.194444,0.0486111,0.0486111,0.190972,0,0.0131633,0,0.0131633,0.0710274,0.140874,0.152881,0.244052,0.00347222,0.357639,0.126355,0.0882472,0.180357,0.32058,0.165442,0.517321,0.06275,0.0345484,0.1039,0.138991,0.0953968,0.194089,0.388433,0.235909,0.629616,0.890896,0.863488,0.905869,0.0431001,0.0206829,0.0685417,0.931609,0.918171,0.942972,5.81973,6.18297,5.21169,6.46811,0.195394,0.179108,0.212112,-0.152607,-0.17435,-0.135799,0.103854,0.0829354,0.118469,-0.203521,-0.246437,-0.171984,0.0966932,0.0706288,0.113259,1.22403,1.3307,0.946494,1.62131,9,9.53219,6,12,28.9754,22.1441,40.0293,27.1166,20.4904,35.1991,0.304922,0.247385,0.361161,0.723701,0.644022,0.806956,0.816386,0.762484,0.856954,-1.20857,-2.47628,-0.162757,nan,nan,nan,0.0738703,0.0596144,0.0878496,nan
l0.5/isaac_legs_blind,"λ = 0.5, legs blind",0.3,288,0.0104167,0.00354875,0.0301737,0,0,0.0729167,0.142361,0.0590278,0.0763889,0.197917,0,0.0131633,0,0.0131633,0.0481832,0.108894,0.106704,0.187434,0.0173611,0.288194,0.147895,0.100263,0.212112,0.32472,0.19513,0.487338,0.0799658,0.0449818,0.130146,0.17368,0.110898,0.245991,0.428604,0.276246,0.663269,0.894318,0.876706,0.906399,0.0382487,0.0183903,0.0572797,0.929853,0.921618,0.939307,5.63027,5.88929,5.01861,6.28989,0.193418,0.18096,0.209837,-0.15207,-0.177607,-0.134431,0.104914,0.0842203,0.11493,-0.204006,-0.23929,-0.167858,0.0971119,0.0756218,0.107895,1.19807,1.33833,0.892341,1.64505,9,9.32468,6,12,31.5614,23.5625,41.2616,27.9403,20.8705,35.571,0.310321,0.257389,0.361142,0.719183,0.63237,0.801414,0.800254,0.756667,0.848891,-1.31573,-2.6029,-0.417913,1.44,1.43,1.58,0.0717656,0.0604197,0.088091,0.0558665
l0.5/isaac_legs_blind,"λ = 0.5, legs blind",0.4,288,0.0243056,0.0118223,0.0493122,0,0,0.0659722,0.111111,0.0833333,0.0590278,0.225694,0,0.0131633,0,0.0131633,0.0426379,0.100733,0.079812,0.152648,0.0243056,0.256944,0.162548,0.107615,0.238268,0.337055,0.230555,0.515122,0.100767,0.0483712,0.170161,0.203726,0.116909,0.287826,0.455409,0.306665,0.727705,0.896141,0.879564,0.909091,0.0354876,0.0161522,0.0553003,0.930092,0.921631,0.939569,5.72007,5.97161,5.16357,6.42955,0.191955,0.176219,0.207458,-0.150254,-0.171801,-0.133549,0.103785,0.0862884,0.115893,-0.198579,-0.239081,-0.170132,0.0970298,0.0776384,0.110378,1.09841,1.19873,0.820496,1.50109,8,9.17489,6,12,30.9639,23.9316,40.5876,27.337,21.477,36.3136,0.316519,0.266426,0.366389,0.70901,0.626417,0.805632,0.787366,0.743864,0.827602,-1.65405,-2.58046,-0.492078,1.62,1.45,1.78,0.0705513,0.0566685,0.0836685,0.0445502
l0.5/isaac_legs_blind,"λ = 0.5, legs blind",0.5,288,0.00347222,0.00061318,0.0194032,0,0,0.0381944,0.0590278,0.0486111,0.0625,0.197917,0,0.0131633,0,0.0131633,0.0214585,0.0670881,0.0371769,0.092488,0.00694444,0.177083,0.210992,0.138099,0.309067,0.447462,0.273558,0.61922,0.147656,0.0775611,0.22372,0.280791,0.165029,0.368143,0.586687,0.358245,0.857588,0.901363,0.887955,0.912753,0.0279567,0.00996305,0.0460918,0.927987,0.918406,0.941342,5.42658,5.64514,4.94498,6.06376,0.190528,0.17587,0.207199,-0.154934,-0.174548,-0.135973,0.102995,0.0878207,0.115741,-0.199526,-0.231283,-0.173856,0.0960861,0.0769363,0.109142,1.01713,1.13348,0.728643,1.36834,9,8.9697,6,12,34.0069,26.8555,45.3225,32.2962,24.349,39.7797,0.336817,0.289246,0.403133,0.693476,0.612482,0.794389,0.770946,0.723081,0.816103,-1.54398,-2.61577,-0.453755,1.36,1.36,1.36,0.070662,0.0548068,0.086385,0.0442647
l0.5/isaac_legs_blind,"λ = 0.5, legs blind",0.6,288,0.00347222,0.00061318,0.0194032,0,0,0.0173611,0.0451389,0.0381944,0.0451389,0.243056,0,0.0131633,0,0.0131633,0.00743774,0.0399907,0.0265661,0.0756866,0.0173611,0.0972222,0.251081,0.1693,0.353378,0.512605,0.356793,0.715591,0.203939,0.111063,0.275152,0.345649,0.220373,0.437643,0.694999,0.46723,0.923121,0.904722,0.892834,0.913655,0.0294335,0.0102486,0.041678,0.929481,0.920008,0.940168,5.497,5.79365,4.91967,6.23417,0.191727,0.179321,0.208368,-0.160787,-0.180117,-0.142023,0.101552,0.0839697,0.113128,-0.215615,-0.248611,-0.180672,0.0938928,0.07346,0.107178,1.02931,1.15512,0.77976,1.40987,9,9.12385,6,12,38.4758,28.458,47.5981,33.5374,26.2169,42.3495,0.369849,0.305507,0.42585,0.692048,0.629558,0.810373,0.771024,0.728738,0.813038,-1.68106,-2.67212,-0.834923,2.06,2.06,2.06,0.0689922,0.0570792,0.0837301,0.0519149
l0.5/isaac_legs_blind,"λ = 0.5, legs blind",0.7,288,0,0,0.0131633,0,0,0.00694444,0.0138889,0.0173611,0.0347222,0.246528,0,0.0131633,0,0.0131633,0.00190645,0.0249629,0.00541393,0.0351615,0.00347222,0.0277778,0.330806,0.221777,0.451344,0.595535,0.449556,0.793151,0.266274,0.156572,0.375231,0.419966,0.274455,0.546638,0.755105,0.589704,1.0108,0.903938,0.892861,0.915674,0.0246284,0.0059438,0.0421274,0.928735,0.916999,0.940635,5.3605,5.57452,4.79418,6.16944,0.194727,0.180771,0.213884,-0.162055,-0.18248,-0.144029,0.101384,0.0866468,0.111925,-0.209339,-0.250773,-0.174904,0.0944286,0.0737062,0.108128,1.09455,1.20576,0.811356,1.45395,9,9.22581,6,12,39.7118,32.1835,51.7613,35.8605,27.2066,44.3892,0.394771,0.333322,0.450782,0.711721,0.62594,0.801293,0.761593,0.723556,0.814081,-1.68316,-3.03319,-0.808749,nan,nan,nan,0.0724136,0.054457,0.0870333,nan
l0.5/isaac_legs_blind,"λ = 0.5, legs blind",0.8,288,0,0,0.0131633,0,0,0,0,0.0104167,0.0208333,0.267361,0,0.0131633,0,0.0131633,0,0.0131633,0,0.0131633,0,0.0138889,0.398146,0.293106,0.513213,0.67337,0.541056,0.928454,0.330165,0.217103,0.431072,0.498963,0.363159,0.637155,0.821371,0.658792,1.14826,0.907026,0.894617,0.916166,0.0223907,0.00812658,0.0386552,0.928275,0.916721,0.939278,5.55903,5.9835,4.94984,6.12127,0.197142,0.183358,0.214228,-0.15899,-0.17891,-0.142724,0.0945599,0.0775859,0.107724,-0.205712,-0.234583,-0.179642,0.0880502,0.0670289,0.102397,1.06572,1.17539,0.746933,1.42918,9,9.65877,7,13,44.9348,33.2191,54.2996,38.9524,29.6529,51.3439,0.411107,0.363219,0.480069,0.71591,0.637009,0.80384,0.755034,0.71451,0.801354,-1.88683,-2.8578,-0.894375,nan,nan,nan,0.0722086,0.0540193,0.0861938,nan
l0.5/isaac_legs_blind,"λ = 0.5, legs blind",0.9,288,0,0,0.0131633,0,0,0,0,0,0,0.309028,0,0.0131633,0,0.0131633,0,0.0131633,0,0.0131633,0,0.00347222,0.474526,0.34828,0.585295,0.750383,0.603339,0.996343,0.396808,0.284318,0.516077,0.586538,0.424851,0.71915,0.944227,0.752476,1.2433,0.909222,0.898817,0.916827,0.0210933,0.005201,0.0357294,0.929161,0.918122,0.940765,5.44959,5.69525,4.78481,6.14232,0.198125,0.18558,0.214834,-0.16123,-0.180411,-0.144219,0.0975947,0.0828515,0.108585,-0.21153,-0.24358,-0.183986,0.0923749,0.0748107,0.104803,1.03178,1.15351,0.770984,1.36379,9,9.54271,7,11.5,44.4164,36.648,55.2044,42.1094,32.522,54.4792,0.431202,0.368221,0.499783,0.702763,0.638615,0.811298,0.753444,0.699664,0.798042,-1.96588,-2.86306,-0.88126,nan,nan,nan,0.0685634,0.0548764,0.0864366,nan
l0.5/isaac_legs_blind,"λ = 0.5, legs blind",1,288,0,0,0.0131633,0,0,0,0,0,0,0.309028,0,0.0131633,0,0.0131633,0,0.0131633,0,0.0131633,0,0,0.545394,0.4326,0.672191,0.823801,0.667393,1.09803,0.4859,0.354688,0.594253,0.689296,0.515208,0.825604,1.03945,0.821077,1.35784,0.908763,0.898912,0.917226,0.0196669,0.00545151,0.0373885,0.928011,0.918207,0.940942,5.42336,5.54364,4.75617,6.24926,0.198987,0.186851,0.213984,-0.166123,-0.181069,-0.144659,0.0938252,0.0747405,0.110608,-0.213472,-0.246547,-0.187968,0.0879577,0.0633009,0.107006,0.959693,1.11447,0.732025,1.3683,9,9.58794,7,12,45.3725,37.7096,61.2666,44.3973,34.4765,55.5899,0.447278,0.396391,0.511532,0.725645,0.65223,0.801228,0.747924,0.701771,0.786558,-1.78943,-2.73412,-0.794101,nan,nan,nan,0.065925,0.0536938,0.0822604,nan
l0.5/mujoco,"λ = 0.5 (MuJoCo, RoboCasa joints)",0,288,0.00347222,0.00061318,0.0194032,0,0,0.0486111,0.145833,0.0868056,0.0833333,0.0347222,0,0.0131633,0,0.0131633,0.0291741,0.0799317,0.109735,0.191256,0.0138889,0.263889,0.109582,0.0724784,0.152396,0.330647,0.186999,0.526952,0.0872868,0.0529968,0.128725,0.160237,0.0957762,0.223366,0.577549,0.330038,0.912133,0.834214,0.808938,0.848182,0.0998273,0.0825379,0.121949,0.935565,0.924353,0.9424,6.62781,6.72153,5.81799,7.57301,0.127607,0.11645,0.140166,-0.166183,-0.199444,-0.135364,0.115181,0.106179,0.1221,-0.196806,-0.233039,-0.155297,0.109477,0.0997909,0.116954,0.573442,0.779854,0.450794,0.965429,3,3.59353,1,5,17.8801,13.0662,25.7464,19.6708,13.7686,27.18,0.134093,0.113009,0.179341,0.665981,0.551391,0.768719,0.823931,0.71641,0.857279,-3.33583,-4.45718,-2.00717,3.2,3.2,3.2,0.0603827,0.0532211,0.0724138,0.04596
l0.5/mujoco,"λ = 0.5 (MuJoCo, RoboCasa joints)",0.1,288,0.0104167,0.00354875,0.0301737,0,0,0.09375,0.201389,0.0972222,0.0763889,0.0173611,0,0.0131633,0,0.0131633,0.0652307,0.132964,0.15914,0.251499,0.0104167,0.378472,0.0936635,0.0701327,0.133079,0.247336,0.151326,0.433272,0.0715424,0.049864,0.103886,0.134979,0.0915143,0.183162,0.4351,0.262567,0.742454,0.822948,0.798734,0.836843,0.112095,0.0932455,0.136822,0.938165,0.925928,0.945711,6.51361,6.66693,5.63305,7.4977,0.125416,0.11498,0.141564,-0.164482,-0.206815,-0.13417,0.116193,0.10743,0.121401,-0.190879,-0.249321,-0.1505,0.110962,0.101347,0.117575,0.618476,0.815746,0.440574,0.996892,3,3.97527,1,5,16.9207,12.4504,23.2975,17.5264,13.2685,27.2321,0.129964,0.106871,0.163037,0.681821,0.557683,0.795722,0.81636,0.678449,0.856598,-2.9337,-4.00829,-1.61576,2.28,2.12,2.4,0.0614826,0.0519049,0.0726291,0.0476497
l0.5/mujoco,"λ = 0.5 (MuJoCo, RoboCasa joints)",0.2,288,0.00694444,0.00190645,0.0249629,0,0,0.121528,0.239583,0.0833333,0.0659722,0.00694444,0,0.0131633,0,0.0131633,0.0886928,0.164327,0.193921,0.292102,0.0208333,0.40625,0.0900035,0.0681504,0.130792,0.233608,0.130512,0.41692,0.0716588,0.0453531,0.107089,0.121664,0.0887127,0.179583,0.433032,0.241436,0.668907,0.8156,0.786954,0.825724,0.120369,0.10096,0.147875,0.935028,0.924307,0.943209,6.50573,6.56928,5.63778,7.42003,0.124698,0.112996,0.140252,-0.169906,-0.200885,-0.132326,0.11571,0.107782,0.12169,-0.197094,-0.238991,-0.146347,0.111192,0.102711,0.118507,0.598714,0.808393,0.438606,1.03082,3,3.68531,1,5,15.4106,11.0856,23.1896,16.4177,12.0366,23.883,0.114157,0.0946199,0.151893,0.655252,0.560805,0.783264,0.803355,0.670149,0.854182,-2.61022,-3.63635,-1.06624,3.26,3.17,3.35,0.0583557,0.0510757,0.0690814,0.0439473
l0.5/mujoco,"λ = 0.5 (MuJoCo, RoboCasa joints)",0.3,288,0.00694444,0.00190645,0.0249629,0,0,0.118056,0.229167,0.0763889,0.0625,0.0104167,0,0.0131633,0,0.0131633,0.0857225,0.160444,0.184379,0.281085,0.0173611,0.434028,0.0965259,0.0726847,0.14124,0.235477,0.13258,0.380705,0.0750761,0.0503816,0.117576,0.13222,0.086952,0.187202,0.400645,0.240552,0.716536,0.799093,0.778116,0.816505,0.13422,0.115579,0.160127,0.935588,0.925736,0.944438,6.33902,6.46343,5.46627,7.36612,0.117783,0.107499,0.132755,-0.161994,-0.196678,-0.130196,0.115402,0.105887,0.121457,-0.187132,-0.227187,-0.147296,0.11159,0.103177,0.117682,0.624358,0.789302,0.452982,0.961404,2,3.21754,1,4,14.717,10.372,22.1561,15.3431,10.6905,22.2785,0.114027,0.0928261,0.146403,0.649183,0.555103,0.745115,0.775388,0.649924,0.852397,-1.94346,-3.15046,-0.725846,2.65,2.475,2.825,0.0584012,0.0515175,0.0706436,0.0432657
l0.5/mujoco,"λ = 0.5 (MuJoCo, RoboCasa joints)",0.4,288,0.00347222,0.00061318,0.0194032,0,0,0.0625,0.125,0.0486111,0.0763889,0.0104167,0,0.0131633,0,0.0131633,0.0398961,0.0966218,0.0916726,0.1682,0.00694444,0.375,0.11754,0.0855045,0.160789,0.25897,0.150543,0.410639,0.0997939,0.0634849,0.141599,0.164627,0.105504,0.225719,0.448145,0.250495,0.724184,0.787843,0.76813,0.80387,0.146087,0.123478,0.167256,0.934927,0.924494,0.944027,6.43274,6.51234,5.52416,7.33605,0.117018,0.105218,0.134863,-0.161359,-0.199626,-0.127194,0.116765,0.10958,0.122212,-0.187839,-0.234537,-0.136128,0.113406,0.107342,0.119268,0.624576,0.808958,0.441143,1.00011,2,3.07719,1,4,13.6872,9.77173,17.4751,14.321,10.6447,20.3729,0.105932,0.091201,0.126168,0.642411,0.565536,0.761882,0.753577,0.63409,0.851412,-1.46192,-2.952,-0.0452025,2.78,2.78,2.78,0.0593083,0.052795,0.0681459,0.0516664
l0.5/mujoco,"λ = 0.5 (MuJoCo, RoboCasa joints)",0.5,288,0,0,0.0131633,0,0,0.0416667,0.0902778,0.0451389,0.0555556,0.00694444,0,0.0131633,0,0.0131633,0.0239929,0.0714068,0.062352,0.12899,0.0138889,0.3125,0.145193,0.0947799,0.200256,0.289616,0.178345,0.455977,0.130285,0.0729059,0.180911,0.205485,0.124885,0.273282,0.516128,0.310301,0.736824,0.772435,0.756922,0.794065,0.160008,0.135288,0.180599,0.93539,0.926743,0.943377,6.44481,6.67595,5.68308,7.43709,0.113824,0.101836,0.131521,-0.164295,-0.197233,-0.13159,0.118144,0.11165,0.123079,-0.191371,-0.234216,-0.146308,0.115366,0.108447,0.120478,0.659183,0.826127,0.461533,1.00989,2,3.02448,1,4,13.8767,10.481,18.6166,13.7074,10.6296,19.0618,0.106501,0.0903462,0.129866,0.655537,0.563066,0.758698,0.730291,0.622123,0.851085,-0.922643,-2.17765,0.476731,nan,nan,nan,0.0597943,0.0520776,0.0688901,nan
l0.5/mujoco,"λ = 0.5 (MuJoCo, RoboCasa joints)",0.6,288,0,0,0.0131633,0,0,0.0173611,0.0520833,0.0416667,0.0590278,0.00347222,0,0.0131633,0,0.0131633,0.00743774,0.0399907,0.0318137,0.0841451,0.0138889,0.277778,0.1764,0.123335,0.235474,0.330079,0.192404,0.463726,0.160758,0.104853,0.222872,0.253058,0.177228,0.328602,0.558339,0.319071,0.830323,0.76371,0.745804,0.783314,0.168602,0.151048,0.193121,0.936693,0.926856,0.944888,6.49087,6.53999,5.4886,7.29347,0.110127,0.0989368,0.123837,-0.1588,-0.193621,-0.125472,0.11949,0.114295,0.123198,-0.17953,-0.22479,-0.138716,0.116421,0.110916,0.120757,0.601057,0.76307,0.433569,0.950686,2,2.78397,1,3,13.2926,10.0112,19.1729,12.8163,9.87383,16.7578,0.102602,0.0875405,0.122412,0.641369,0.565652,0.745789,0.710138,0.590477,0.843577,-0.172973,-1.47364,1.21912,nan,nan,nan,0.0600963,0.0530526,0.0676373,nan
l0.5/mujoco,"λ = 0.5 (MuJoCo, RoboCasa joints)",0.7,288,0.00347222,0.00061318,0.0194032,0,0,0.0173611,0.0416667,0.0208333,0.0486111,0.00694444,0,0.0131633,0,0.0131633,0.00743774,0.0399907,0.0239929,0.0714068,0.00347222,0.222222,0.225866,0.150087,0.295428,0.375124,0.221361,0.563433,0.211959,0.137169,0.287783,0.320103,0.213832,0.399596,0.640802,0.379587,0.907012,0.7539,0.735842,0.774404,0.182223,0.159054,0.19929,0.938214,0.925135,0.944837,6.5917,6.66733,5.74181,7.52125,0.107166,0.096582,0.121689,-0.15623,-0.191331,-0.120446,0.119554,0.113145,0.123966,-0.180177,-0.230159,-0.13533,0.116712,0.111266,0.121109,0.60584,0.766186,0.43509,0.954394,2,2.18881,1,3,12.6025,9.57366,16.4813,11.8037,9.25811,15.3846,0.0965668,0.0857727,0.113342,0.624171,0.564094,0.726092,0.657188,0.553623,0.823847,0.396437,-0.703372,1.62378,2.76,2.76,2.76,0.0607216,0.0541301,0.0667694,0.045763
l0.5/mujoco,"λ = 0.5 (MuJoCo, RoboCasa joints)",0.8,288,0,0,0.0131633,0,0,0.00694444,0.0243056,0.00694444,0.0381944,0.0104167,0,0.0131633,0,0.0131633,0.00190645,0.0249629,0.0118223,0.0493122,0,0.173611,0.275476,0.201333,0.356126,0.447619,0.26853,0.635844,0.260324,0.188483,0.346059,0.3984,0.288064,0.465927,0.689191,0.444355,0.975793,0.747878,0.728471,0.762994,0.187191,0.170794,0.208662,0.93637,0.926027,0.944322,6.81111,6.88317,5.91747,7.60642,0.107178,0.095266,0.121194,-0.153644,-0.186122,-0.1214,0.120283,0.11553,0.124605,-0.174438,-0.214542,-0.13412,0.117962,0.113131,0.122458,0.537039,0.745248,0.416262,0.885884,2,2.29825,1,3,12.4614,9.14494,16.3066,11.4998,8.97572,15.2145,0.0997325,0.0873569,0.115493,0.622007,0.561667,0.726003,0.659874,0.552877,0.789001,0.966566,-0.0647862,2.28697,nan,nan,nan,0.0617792,0.0562434,0.0678785,nan
l0.5/mujoco,"λ = 0.5 (MuJoCo, RoboCasa joints)",0.9,288,0,0,0.0131633,0,0,0.00347222,0.00694444,0.00347222,0.0138889,0.00694444,0,0.0131633,0,0.0131633,0.00061318,0.0194032,0.00190645,0.0249629,0,0.125,0.321385,0.240553,0.430823,0.506217,0.301296,0.721584,0.309175,0.226674,0.419038,0.469448,0.350455,0.549085,0.775548,0.471664,1.08601,0.735898,0.718718,0.752544,0.198578,0.178956,0.218904,0.937534,0.924876,0.945918,7.11139,7.28939,6.19946,8.0796,0.102784,0.0928517,0.117207,-0.147589,-0.180594,-0.114685,0.119813,0.113975,0.12423,-0.175174,-0.214514,-0.128228,0.117936,0.112695,0.121743,0.524482,0.768541,0.404888,0.94708,1,2.14336,1,3,12.3598,9.40818,16.9419,11.2936,8.69276,15.2832,0.0974186,0.0874874,0.114288,0.611351,0.552424,0.694827,0.62174,0.516624,0.737427,1.67153,0.519096,2.92216,nan,nan,nan,0.0652508,0.0582147,0.0724156,nan
l0.5/mujoco,"λ = 0.5 (MuJoCo, RoboCasa joints)",1,288,0,0,0.0131633,0,0,0.00347222,0.00347222,0,0,0.00694444,0,0.0131633,0,0.0131633,0.00061318,0.0194032,0.00061318,0.0194032,0,0.0729167,0.38895,0.290588,0.506971,0.531594,0.365453,0.749955,0.378745,0.277524,0.493376,0.53668,0.399669,0.627288,0.811972,0.562445,1.11732,0.729013,0.711154,0.743134,0.209765,0.190962,0.22666,0.938401,0.926828,0.94629,7.52289,7.59173,6.70707,8.30078,0.100642,0.0906002,0.113262,-0.147372,-0.180426,-0.117553,0.12064,0.114275,0.12512,-0.175215,-0.215885,-0.128897,0.118558,0.114042,0.12277,0.53855,0.719657,0.400511,0.825427,1,1.95804,1,3,12.6448,8.9333,17.9252,11.4023,8.93391,15.9795,0.100167,0.088003,0.118823,0.596226,0.537816,0.685515,0.637477,0.543951,0.764421,2.4208,1.1139,3.62052,nan,nan,nan,0.0686898,0.0601419,0.0759391,nan
l0.5/mujoco_legs_blind,"λ = 0.5, legs blind (MuJoCo, RoboCasa joints)",0,39,0,0,0.0896699,0,0,0,0.0512821,0.102564,0,0.230769,0,0.0896699,0,0.0896699,0,0.0896699,0.0141777,0.168859,0,0.153846,0.144188,0.11087,0.213272,0.401469,0.218799,0.739881,0.102599,0.0759659,0.172606,0.195804,0.151145,0.268947,0.733227,0.384933,1.02838,0.891433,0.870392,0.912075,0.0522207,0.0302069,0.069994,0.943349,0.932995,0.950104,5.91765,6.17414,5.46955,6.35154,0.154085,0.139466,0.18302,-0.178061,-0.215483,-0.155822,0.065327,0.0495158,0.0848204,-0.25695,-0.287832,-0.209891,0.049266,0.0264739,0.0727588,1.06265,1.2818,0.756215,1.7355,13,12.3667,9.25,16,37.1078,29.0944,44.6858,39.636,34.8947,51.0681,0.239062,0.198655,0.30362,0.776263,0.672323,0.839315,0.790067,0.734862,0.857222,-1.69402,-2.77406,-1.00882,nan,nan,nan,0.0592884,0.0498548,0.0822722,nan
l0.5/mujoco_legs_blind,"λ = 0.5, legs blind (MuJoCo, RoboCasa joints)",0.1,37,0,0,0.094061,0,0,0,0,0.027027,0,0.351351,0,0.094061,0,0.094061,0,0.094061,0,0.094061,0,0.108108,0.155997,0.122047,0.187364,0.329858,0.229572,0.622912,0.106214,0.0762037,0.146552,0.214635,0.178167,0.233738,0.511921,0.385262,0.795199,0.889553,0.877173,0.906917,0.0372107,0.012402,0.0539822,0.928705,0.913488,0.942851,5.99288,8.27707,5.2652,7.08593,0.162012,0.135612,0.182868,-0.164305,-0.210109,-0.154135,0.0856322,0.0549873,0.0998858,-0.236368,-0.265201,-0.201955,0.0660377,0.0265123,0.0823687,1.14406,1.15567,0.660323,1.46037,12.5,12.1667,7,17,39.0609,28.2477,67.296,37.9862,31.9737,45.0566,0.248221,0.203446,0.319192,0.722719,0.605378,0.796732,0.803241,0.755433,0.841943,-1.08291,-2.66238,-0.335595,nan,nan,nan,0.0611139,0.0539609,0.0711318,nan
l0.5/mujoco_legs_blind,"λ = 0.5, legs blind (MuJoCo, RoboCasa joints)",0.2,36,0,0,0.0964218,0,0,0,0.0277778,0,0.0277778,0.25,0,0.0964218,0,0.0964218,0,0.0964218,0.00492028,0.1417,0,0.111111,0.152155,0.10308,0.205537,0.410891,0.290224,0.543489,0.104888,0.06712,0.140871,0.193088,0.152116,0.2476,0.61117,0.474236,0.857227,0.90542,0.870901,0.909877,0.0291932,0.0174632,0.0559473,0.929895,0.922526,0.943877,6.0183,6.59516,5.3154,7.31529,0.150092,0.124077,0.176307,-0.193748,-0.205703,-0.171296,0.0774871,0.0322733,0.103335,-0.246781,-0.275922,-0.221999,0.06715,0.00968201,0.0923294,1.07076,1.28375,0.516359,1.71034,11,10.5556,7,14,42.2936,29.6591,56.5806,33.1762,26.8476,45.1205,0.241299,0.190325,0.283124,0.693114,0.62255,0.800864,0.824139,0.73996,0.87307,-2.162,-2.98711,-1.01234,nan,nan,nan,0.0703229,0.0425611,0.0839228,nan
l0.5/mujoco_legs_blind,"λ = 0.5, legs blind (MuJoCo, RoboCasa joints)",0.3,36,0,0,0.0964218,0,0,0,0.0277778,0,0,0.25,0,0.0964218,0,0.0964218,0,0.0964218,0.00492028,0.1417,0,0.25,0.192514,0.135313,0.216062,0.328879,0.223813,0.490723,0.14523,0.117954,0.189824,0.248383,0.194889,0.279614,0.510486,0.336361,0.700958,0.908421,0.896843,0.912554,0.0287657,0.0122203,0.0391492,0.933447,0.927178,0.941567,6.24847,7.43198,5.52628,7.6529,0.159376,0.13914,0.176153,-0.193976,-0.242932,-0.153857,0.0643843,0.0324574,0.0944405,-0.255389,-0.303675,-0.195371,0.0499814,0.0113179,0.0879612,0.947513,1.08465,0.696513,1.45658,13,12.5185,10.5,15,32.6132,25.1634,45.038,33.4271,26.7266,41.2634,0.232993,0.161822,0.286111,0.70599,0.611366,0.829619,0.770468,0.706076,0.846969,-2.01688,-3.02788,-1.32587,nan,nan,nan,0.062464,0.0527325,0.0831822,nan
l0.5/mujoco_legs_blind,"λ = 0.5, legs blind (MuJoCo, RoboCasa joints)",0.4,36,0,0,0.0964218,0,0,0,0,0,0,0.277778,0,0.0964218,0,0.0964218,0,0.0964218,0,0.0964218,0,0.0277778,0.189777,0.134214,0.223314,0.555922,0.333638,0.680156,0.139349,0.100424,0.188533,0.250489,0.167161,0.329339,0.706372,0.504768,1.0646,0.910114,0.900857,0.925162,0.0190835,-0.0001031,0.0400639,0.933099,0.915879,0.939227,5.79712,6.14217,5.51527,6.56297,0.134097,0.125613,0.173414,-0.172146,-0.192547,-0.164204,0.0767475,0.0552798,0.104508,-0.223813,-0.272305,-0.205582,0.0628511,0.0402115,0.090526,1.0463,1.25219,0.586082,1.72045,10.5,10.4615,7,13,36.716,30.05,50.2315,29.6985,26.8449,49.7444,0.215915,0.18412,0.257924,0.677018,0.585507,0.765564,0.759159,0.717308,0.830909,-2.16851,-3.02326,-0.710481,nan,nan,nan,0.0659002,0.052072,0.0830994,nan
l0.5/mujoco_legs_blind,"λ = 0.5, legs blind (MuJoCo, RoboCasa joints)",0.5,36,0,0,0.0964218,0,0,0,0.0277778,0,0,0.25,0,0.0964218,0,0.0964218,0,0.0964218,0.00492028,0.1417,0,0.0277778,0.248215,0.199638,0.293655,0.530459,0.324242,0.655222,0.213033,0.155005,0.265193,0.319616,0.239702,0.430266,0.847459,0.502046,1.04149,0.916824,0.895077,0.928099,0.0134669,0.00553801,0.0440513,0.933641,0.929903,0.943682,6.13976,6.31492,5.4582,6.95944,0.146702,0.12059,0.171359,-0.156935,-0.196746,-0.122402,0.0797901,0.0411309,0.100147,-0.21719,-0.251321,-0.188408,0.0597801,0.017653,0.0933591,0.755701,0.951524,0.393616,1.28592,11,11,6,14,36.496,27.779,59.5634,34.0127,25.8334,42.1702,0.214963,0.183264,0.262998,0.652047,0.59649,0.810081,0.772666,0.711915,0.841053,-1.77715,-2.86492,-0.343145,nan,nan,nan,0.0740802,0.0583282,0.0841943,nan
l0.5/mujoco_legs_blind,"λ = 0.5, legs blind (MuJoCo, RoboCasa joints)",0.6,36,0,0,0.0964218,0,0,0,0,0,0.0277778,0.194444,0,0.0964218,0,0.0964218,0,0.0964218,0,0.0964218,0,0.0277778,0.307418,0.21811,0.348321,0.629591,0.446074,0.81652,0.2541,0.163695,0.329301,0.35601,0.253952,0.507289,0.992247,0.586075,1.30852,0.912009,0.901176,0.923535,0.0272954,0.0141207,0.0429961,0.935134,0.932604,0.946115,5.86777,6.53325,4.98423,6.44537,0.156403,0.125081,0.183534,-0.194672,-0.222979,-0.165408,0.0876744,0.0456746,0.0979457,-0.259596,-0.343843,-0.211578,0.0767221,0.0230379,0.0941606,1.09211,1.43836,0.635667,1.80937,11,10.7931,6,15,37.7841,25.1258,55.7582,31.4945,22.5917,39.385,0.213807,0.168995,0.27787,0.706867,0.639758,0.823614,0.808718,0.695296,0.857624,-2.25368,-2.70657,-0.503899,nan,nan,nan,0.0755729,0.0676623,0.105569,nan
l0.5/mujoco_legs_blind,"λ = 0.5, legs blind (MuJoCo, RoboCasa joints)",0.7,36,0,0,0.0964218,0,0,0,0,0,0.0277778,0.305556,0,0.0964218,0,0.0964218,0,0.0964218,0,0.0964218,0,0.0277778,0.343082,0.263292,0.436014,0.777013,0.518885,0.9878,0.274589,0.180556,0.386396,0.402785,0.275505,0.580815,1.24652,0.674553,1.35118,0.906096,0.898252,0.924008,0.0363806,0.0132889,0.0459295,0.939901,0.928124,0.948299,6.12395,6.10896,5.28704,7.0925,0.154188,0.141667,0.1808,-0.20015,-0.225681,-0.160966,0.0737288,0.0547107,0.096811,-0.256659,-0.286437,-0.208783,0.0599045,0.0395383,0.0873059,1.29328,1.54919,0.815071,2.23388,12,11.44,10,14,43.1755,32.592,64.5441,32.8979,25.8811,43.2904,0.222422,0.18481,0.274187,0.719627,0.61445,0.868435,0.776419,0.702615,0.834316,-1.69468,-2.9575,-0.753251,nan,nan,nan,0.0704667,0.0581546,0.0892339,nan
l0.5/mujoco_legs_blind,"λ = 0.5, legs blind (MuJoCo, RoboCasa joints)",0.8,36,0,0,0.0964218,0,0,0,0,0,0,0.305556,0,0.0964218,0,0.0964218,0,0.0964218,0,0.0964218,0,0,0.375536,0.280214,0.462077,0.791136,0.495849,0.942434,0.343,0.203707,0.415071,0.484331,0.337092,0.665749,1.1802,0.823397,1.41465,0.913965,0.898678,0.924615,0.0187333,0.008834,0.0329779,0.933353,0.924263,0.939445,6.05144,5.98327,4.64923,6.72428,0.144975,0.117973,0.170054,-0.175755,-0.219933,-0.145087,0.079544,0.0597024,0.0939444,-0.230519,-0.260152,-0.181575,0.0681157,0.0362414,0.0883818,0.763166,1.04537,0.393373,1.72909,8,8.52,4,12,49.5273,35.4684,65.6499,32.8691,21.8004,42.6069,0.238767,0.18075,0.279331,0.667119,0.589796,0.729511,0.760616,0.694125,0.793793,-1.7041,-2.98261,-0.442837,nan,nan,nan,0.0745615,0.068297,0.0841823,nan
l0.5/mujoco_legs_blind,"λ = 0.5, legs blind (MuJoCo, RoboCasa joints)",0.9,36,0,0,0.0964218,0,0,0,0,0,0,0.333333,0,0.0964218,0,0.0964218,0,0.0964218,0,0.0964218,0,0,0.474039,0.346794,0.531491,0.774902,0.577589,0.974318,0.454668,0.316561,0.510686,0.610258,0.431235,0.766302,1.26049,0.83286,1.43663,0.914164,0.905558,0.923639,0.0234028,0.0113065,0.0388995,0.938783,0.930224,0.946303,6.24066,5.93089,5.15266,6.90828,0.14368,0.118967,0.170475,-0.146467,-0.1731,-0.114723,0.0693265,0.0388125,0.0816988,-0.196112,-0.245627,-0.140097,0.0412028,0.0200007,0.0742619,0.832807,0.977251,0.473793,1.14302,9.5,9.33333,5.75,14,52.0478,33.1287,63.3451,36.3768,26.5414,48.9265,0.227436,0.195236,0.281723,0.698136,0.598326,0.758808,0.720365,0.615739,0.820147,-1.46793,-2.92935,-0.140387,nan,nan,nan,0.0801717,0.0674028,0.0912055,nan
l0.5/mujoco_legs_blind,"λ = 0.5, legs blind (MuJoCo, RoboCasa joints)",1,36,0,0,0.0964218,0,0,0,0,0,0,0.277778,0,0.0964218,0,0.0964218,0,0.0964218,0,0.0964218,0,0,0.553371,0.426798,0.621424,0.736421,0.58637,0.897561,0.524412,0.415892,0.588437,0.690038,0.496316,0.862495,1.05382,0.761236,1.30243,0.908486,0.887706,0.918921,0.0260156,0.0150928,0.0465713,0.938219,0.926662,0.946704,5.60085,5.83733,5.22776,6.05515,0.143,0.124023,0.167357,-0.159341,-0.185765,-0.1356,0.0672557,0.0470924,0.0952274,-0.21433,-0.25414,-0.172778,0.0534929,0.0279458,0.0905227,0.794517,1.01331,0.49442,1.6611,10,10.3462,8,14,53.4629,33.6446,63.5794,37.4371,30.0662,48.6913,0.233828,0.22006,0.298209,0.716795,0.601557,0.804714,0.765277,0.692475,0.814254,-2.0439,-2.88075,-0.751425,nan,nan,nan,0.0782634,0.0687738,0.0879498,nan
l0.5_52k/isaac,"λ = 0.5, 52.8k steps",0,288,0.0486111,0.0291741,0.0799317,0,0.00347222,0.21875,0.319444,0.253472,0.15625,0,0,0.0131633,0.00061318,0.0194032,0.174878,0.270026,0.268274,0.375369,0.0694444,0.503472,0.0875194,0.0555679,0.120074,0.226081,0.128858,0.385584,0.0567716,0.0296058,0.0836158,0.12451,0.0714437,0.179846,0.346988,0.212319,0.58704,0.838059,0.82172,0.856255,0.107915,0.0873316,0.126061,0.947916,0.939931,0.952048,7.08328,7.07694,6.02232,8.09561,0.168683,0.152369,0.192474,-0.117214,-0.162442,0.0878099,0.120212,0.112142,0.125888,-0.117796,-0.182789,0.0626502,0.115579,0.105057,0.12259,1.03909,1.21864,0.882529,1.40395,1,1.51389,0,2,19.484,13.9677,27.2454,22.7189,16.7812,30.3531,0.239034,0.198853,0.299431,0.548186,0.50184,0.623154,0.866152,0.84261,0.891159,-3.81543,-4.74645,-2.64418,1.77,1.625,2.155,0.0423729,0.0314782,0.052923,0.0313444
l0.5_52k/isaac,"λ = 0.5, 52.8k steps",0.1,288,0.0798611,0.0538025,0.116981,0,0.00694444,0.322917,0.475694,0.315972,0.225694,0,0,0.0131633,0.00190645,0.0249629,0.27155,0.378946,0.418716,0.533313,0.114583,0.579861,0.0663735,0.0492943,0.099974,0.19809,0.121086,0.335014,0.0373236,0.0223395,0.0714178,0.0910777,0.0608392,0.144668,0.291699,0.191678,0.525622,0.830264,0.809114,0.848278,0.116928,0.0945349,0.135617,0.948028,0.939708,0.952697,6.71292,6.85524,5.8637,7.92054,0.16433,0.148151,0.180761,-0.104799,-0.159275,0.0971979,0.119889,0.111942,0.125893,-0.0982598,-0.18296,0.0809882,0.116001,0.108822,0.123876,1.01575,1.20306,0.863829,1.3551,1,1.29167,0,2,19.2201,13.7384,27.4367,21.7493,16.0846,27.4752,0.227347,0.193255,0.284046,0.554978,0.506298,0.627968,0.865195,0.844542,0.889686,-3.4148,-4.71256,-2.12058,1.88,1.66,2.69,0.0432003,0.0319805,0.053601,0.0353072
l0.5_52k/isaac,"λ = 0.5, 52.8k steps",0.2,288,0.107639,0.0768725,0.148735,0,0.0138889,0.340278,0.46875,0.309028,0.270833,0,0,0.0131633,0.00541393,0.0351615,0.28798,0.396781,0.411906,0.526416,0.145833,0.59375,0.0694618,0.0501706,0.101621,0.192091,0.123271,0.330041,0.037562,0.0211655,0.0695806,0.0934762,0.0597361,0.1391,0.286828,0.185028,0.482382,0.820568,0.804833,0.837276,0.122457,0.103335,0.140861,0.94576,0.936475,0.952302,6.68433,6.75223,5.63625,7.74124,0.159154,0.145,0.177862,-0.105327,-0.153998,0.0942613,0.119784,0.112506,0.12669,-0.103812,-0.165007,0.0769063,0.117538,0.108317,0.123349,1.00689,1.14772,0.841747,1.31299,1,1.13889,0,2,18.2129,13.7537,26.4589,19.6105,14.4122,26.9254,0.219084,0.177116,0.273619,0.55732,0.507193,0.616779,0.862139,0.846507,0.886923,-3.15252,-4.34054,-1.98151,1.94,1.65,2.34,0.0443178,0.0321014,0.0572239,0.0377613
l0.5_52k/isaac,"λ = 0.5, 52.8k steps",0.3,288,0.100694,0.0710274,0.140874,0,0,0.288194,0.388889,0.284722,0.243056,0,0,0.0131633,0,0.0131633,0.238943,0.343022,0.334401,0.446302,0.114583,0.579861,0.0839862,0.0549848,0.116746,0.189571,0.127339,0.316802,0.0510395,0.0248107,0.0829582,0.114077,0.0682565,0.164,0.30759,0.202333,0.506298,0.810887,0.794453,0.827002,0.135582,0.116641,0.150924,0.947269,0.939516,0.952107,6.43752,6.53817,5.41237,7.70156,0.155995,0.143279,0.172566,-0.0862079,-0.144446,0.0986845,0.12111,0.113222,0.126802,-0.0788475,-0.162445,0.0819848,0.118032,0.110064,0.124191,1.05885,1.16106,0.878082,1.29249,0,0.96875,0,1.25,18.2067,14.0425,24.9402,18.8636,14.3628,25.0929,0.217842,0.181823,0.274316,0.542412,0.495141,0.599522,0.861738,0.848628,0.883284,-2.63692,-3.98343,-1.67814,1.9,1.72,2.38,0.0456151,0.0352553,0.0583658,0.0348445
l0.5_52k/isaac,"λ = 0.5, 52.8k steps",0.4,288,0.0590278,0.0371769,0.092488,0,0,0.208333,0.263889,0.25,0.190972,0,0,0.0131633,0,0.0131633,0.16542,0.258925,0.216335,0.317659,0.0868056,0.486111,0.103481,0.0623291,0.149565,0.236204,0.14937,0.373041,0.0700077,0.0305663,0.114911,0.140588,0.0804536,0.209255,0.354467,0.236047,0.574734,0.801172,0.786747,0.816249,0.141294,0.12748,0.160709,0.948592,0.940072,0.952546,6.21774,6.35496,5.19891,7.38662,0.151757,0.140838,0.169472,-0.0849555,-0.147972,0.100053,0.121031,0.113543,0.127713,-0.07384,-0.16062,0.0834683,0.120135,0.112055,0.125291,0.998345,1.09024,0.848359,1.21283,0,0.763889,0,1,17.8317,13.7265,25.4186,19.3272,14.6387,25.1401,0.23184,0.191718,0.282209,0.532354,0.484057,0.609083,0.860059,0.817327,0.877054,-2.58094,-3.74272,-1.44486,2,1.82,2.24,0.048218,0.0363933,0.0609384,0.0354109
l0.5_52k/isaac,"λ = 0.5, 52.8k steps",0.5,288,0.0243056,0.0118223,0.0493122,0,0.00694444,0.135417,0.190972,0.201389,0.149306,0,0,0.0131633,0.00190645,0.0249629,0.100666,0.179765,0.14976,0.24032,0.0381944,0.392361,0.132385,0.0767131,0.190692,0.274937,0.170849,0.417002,0.105908,0.0486543,0.166358,0.189849,0.107287,0.273542,0.418296,0.260945,0.619881,0.794128,0.78013,0.809167,0.150048,0.1338,0.165247,0.946654,0.938285,0.95182,6.09131,6.25506,5.24469,7.22043,0.152088,0.141776,0.168475,-0.0820503,-0.146025,0.103738,0.122765,0.115337,0.128214,-0.0737548,-0.16342,0.0873345,0.121613,0.112833,0.126574,1.00894,1.08314,0.859354,1.21276,0,0.746528,0,1,19.3375,14.5077,26.7711,20.1491,14.6243,26.9217,0.228437,0.19306,0.298318,0.544866,0.501154,0.600609,0.857157,0.796121,0.87634,-2.48518,-3.41907,-1.4727,1.74,1.59,2.03,0.0506174,0.0371634,0.0640419,0.0312344
l0.5_52k/isaac,"λ = 0.5, 52.8k steps",0.6,288,0.0208333,0.00958211,0.0446994,0,0.00347222,0.0590278,0.0972222,0.166667,0.107639,0,0,0.0131633,0.00061318,0.0194032,0.0371769,0.092488,0.0681227,0.136925,0.03125,0.295139,0.162797,0.10775,0.245858,0.328038,0.204889,0.489087,0.139615,0.0784072,0.222591,0.247146,0.159378,0.344407,0.505186,0.326109,0.724114,0.78796,0.776411,0.798856,0.157637,0.144216,0.170714,0.947445,0.939385,0.95261,6.06888,6.22361,5.0607,7.35162,0.152268,0.142455,0.169139,-0.0808552,-0.148279,0.102975,0.123039,0.115823,0.128197,-0.0614891,-0.168807,0.0861542,0.12126,0.114158,0.126212,1.02217,1.09424,0.870479,1.20469,0,0.697917,0,1,20.3529,14.5721,27.8108,21.5472,15.9149,28.9457,0.24876,0.200357,0.316252,0.547359,0.501227,0.605547,0.85665,0.789837,0.872936,-2.35701,-3.19816,-1.44163,1.78,1.765,1.93,0.0545821,0.0430247,0.0662757,0.025972
l0.5_52k/isaac,"λ = 0.5, 52.8k steps",0.7,288,0.0173611,0.00743774,0.0399907,0,0.00347222,0.0381944,0.0625,0.111111,0.0798611,0,0,0.0131633,0.00061318,0.0194032,0.0214585,0.0670881,0.0398961,0.0966218,0.0173611,0.208333,0.213437,0.14518,0.313827,0.385989,0.245924,0.585951,0.187063,0.113707,0.284853,0.313555,0.201601,0.420339,0.575239,0.37785,0.827796,0.780984,0.771117,0.792924,0.163462,0.147566,0.177548,0.946933,0.938648,0.952506,5.85227,6.00425,4.91007,6.96374,0.152869,0.141493,0.168802,-0.0783291,-0.154449,0.102894,0.12451,0.118492,0.129349,-0.0602597,-0.165884,0.0859632,0.123302,0.117285,0.127419,1.00228,1.06098,0.82543,1.20616,0,0.649306,0,1,20.5466,15.7215,27.7955,22.0241,16.8424,29.6287,0.253459,0.211459,0.312384,0.537637,0.495878,0.589085,0.852421,0.766703,0.867404,-2.05182,-2.95472,-1.26045,1.58,1.58,1.74,0.0569102,0.0447435,0.069336,0.0332826
l0.5_52k/isaac,"λ = 0.5, 52.8k steps",0.8,288,0.0104167,0.00354875,0.0301737,0,0,0.0243056,0.03125,0.0798611,0.0486111,0,0,0.0131633,0,0.0131633,0.0118223,0.0493122,0.016526,0.0583146,0.0104167,0.107639,0.271088,0.186692,0.390755,0.432787,0.316219,0.650594,0.244441,0.155611,0.358339,0.394526,0.256857,0.509704,0.650724,0.464238,0.922721,0.777315,0.769049,0.787443,0.166145,0.155636,0.179802,0.947703,0.939276,0.952345,5.77466,5.95802,4.84507,7.09519,0.154706,0.145136,0.17019,0.0704671,-0.148554,0.102955,0.125265,0.118578,0.130226,0.0404113,-0.163088,0.0863573,0.122991,0.117903,0.12787,0.986379,1.06169,0.837146,1.21467,0,0.614583,0,1,23.0909,18.2423,29.7009,24.4128,17.6425,31.082,0.277259,0.225081,0.333325,0.539084,0.49545,0.605005,0.848719,0.745525,0.868553,-1.8857,-2.74871,-1.15833,1.82,1.67,2.06,0.0596681,0.0468659,0.0705623,0.0311738
l0.5_52k/isaac,"λ = 0.5, 52.8k steps",0.9,288,0.00347222,0.00061318,0.0194032,0,0,0.0104167,0.0138889,0.0381944,0.0243056,0,0,0.0131633,0,0.0131633,0.00354875,0.0301737,0.00541393,0.0351615,0.00694444,0.0833333,0.347745,0.233559,0.468909,0.514984,0.376927,0.757151,0.32226,0.210108,0.438586,0.480106,0.340383,0.606933,0.758536,0.552982,1.00476,0.775375,0.765622,0.784292,0.170899,0.158511,0.180621,0.947501,0.939646,0.952273,5.74447,5.91173,4.62504,6.97852,0.155877,0.146547,0.169938,0.0774574,-0.15646,0.105579,0.125494,0.120122,0.130499,0.0510097,-0.167596,0.0880131,0.1237,0.118735,0.127783,0.994332,1.04449,0.836546,1.15546,0,0.590278,0,1,23.2412,18.6002,33.0902,25.691,20.0757,32.233,0.291948,0.242053,0.361229,0.541783,0.499911,0.603571,0.826493,0.700724,0.86375,-1.94683,-2.82552,-1.06661,2.22,2.22,2.22,0.0579856,0.0457551,0.0689727,0.0380389
l0.5_52k/isaac,"λ = 0.5, 52.8k steps",1,288,0,0,0.0131633,0,0,0.00347222,0.00347222,0.0104167,0.0104167,0,0,0.0131633,0,0.0131633,0.00061318,0.0194032,0.00061318,0.0194032,0,0.0451389,0.418207,0.293469,0.546011,0.624461,0.433866,0.827011,0.394086,0.272343,0.519237,0.566315,0.404936,0.697059,0.875642,0.662169,1.13794,0.771309,0.762717,0.782042,0.17481,0.16119,0.185561,0.94819,0.940162,0.952844,5.95005,6.0496,4.90556,6.91305,0.161075,0.150596,0.176274,-0.0608368,-0.153094,0.100356,0.126697,0.120933,0.130586,-0.0595605,-0.162865,0.0853451,0.124643,0.119431,0.128088,1.00856,1.06021,0.867587,1.18966,0,0.645833,0,1,26.4099,19.6776,34.6847,27.217,20.5797,34.6178,0.317508,0.264282,0.369869,0.551139,0.510608,0.603792,0.836698,0.697107,0.869226,-1.64188,-2.58971,-0.826567,nan,nan,nan,0.0565305,0.0461006,0.0687551,nan
l0.5_52k/mujoco,"λ = 0.5, 52.8k steps (MuJoCo, RoboCasa joints)",0,288,0,0,0.0131633,0,0,0.0173611,0.0416667,0.0277778,0.0138889,0.00347222,0,0.0131633,0,0.0131633,0.00743774,0.0399907,0.0239929,0.0714068,0.00347222,0.159722,0.138796,0.110072,0.185043,0.417638,0.249158,0.681906,0.11078,0.0822335,0.150811,0.193187,0.128732,0.261647,0.68887,0.434191,1.05049,0.859983,0.843878,0.876443,0.0963049,0.0810272,0.112673,0.956423,0.95355,0.958562,6.36141,6.46584,5.56011,7.39636,0.11357,0.100383,0.129827,-0.150925,-0.175034,-0.127135,0.120119,0.110029,0.12532,-0.173205,-0.204492,-0.13036,0.115923,0.10557,0.121843,0.515688,0.670751,0.426629,0.758582,2,2.47038,1,3,18.9034,12.815,27.1244,20.0874,13.3718,31.959,0.136956,0.10056,0.1792,0.563205,0.496699,0.675575,0.793818,0.694163,0.852113,-3.80252,-4.73419,-2.52513,nan,nan,nan,0.0974407,0.0918991,0.103608,nan
l0.5_52k/mujoco,"λ = 0.5, 52.8k steps (MuJoCo, RoboCasa joints)",0.1,288,0,0,0.0131633,0,0,0.0138889,0.0590278,0.0243056,0.00694444,0,0,0.0131633,0,0.0131633,0.00541393,0.0351615,0.0371769,0.092488,0,0.256944,0.129902,0.103642,0.166347,0.360855,0.191855,0.563503,0.100343,0.0732228,0.132099,0.168414,0.11841,0.229364,0.590237,0.336857,0.911852,0.85031,0.832503,0.869127,0.105949,0.0879969,0.121737,0.956807,0.954001,0.959213,6.38627,6.42604,5.50671,7.28702,0.108896,0.100419,0.123901,-0.145784,-0.169855,-0.107009,0.120101,0.110752,0.125959,-0.166308,-0.199248,-0.111225,0.115039,0.107298,0.122086,0.51297,0.670945,0.439252,0.795708,2,2.17361,1,3,17.0946,12.5352,25.5891,19.2337,13.4464,28.5468,0.124372,0.0986629,0.163052,0.54648,0.480094,0.643968,0.798468,0.687548,0.851697,-3.66825,-4.92085,-2.39132,nan,nan,nan,0.0990569,0.0941738,0.1055,nan
l0.5_52k/mujoco,"λ = 0.5, 52.8k steps (MuJoCo, RoboCasa joints)",0.2,288,0,0,0.0131633,0,0,0.0173611,0.0694444,0.0104167,0.0138889,0,0,0.0131633,0,0.0131633,0.00743774,0.0399907,0.0454007,0.104823,0,0.309028,0.130814,0.100174,0.156805,0.311885,0.16769,0.492629,0.0994071,0.0732946,0.136001,0.162383,0.114982,0.206809,0.514825,0.288562,0.799053,0.843569,0.822986,0.86321,0.113044,0.0920765,0.134261,0.956287,0.95362,0.958403,6.17026,6.23571,5.33677,7.14016,0.104697,0.095602,0.121152,-0.146931,-0.17619,-0.0984076,0.120786,0.113234,0.127052,-0.161224,-0.198768,-0.0973232,0.118135,0.109795,0.123897,0.494731,0.653197,0.4388,0.741617,2,1.98611,0,3,14.0042,10.6528,21.0109,15.9716,11.76,24.9691,0.107883,0.0869789,0.144058,0.535131,0.471135,0.642815,0.776073,0.680126,0.846866,-3.55914,-4.48198,-2.2623,nan,nan,nan,0.099181,0.0939304,0.104687,nan
l0.5_52k/mujoco,"λ = 0.5, 52.8k steps (MuJoCo, RoboCasa joints)",0.3,288,0,0,0.0131633,0,0,0.0243056,0.0763889,0.00694444,0,0,0,0.0131633,0,0.0131633,0.0118223,0.0493122,0.0509842,0.112946,0.00694444,0.329861,0.131006,0.108447,0.168055,0.290866,0.156888,0.469511,0.109899,0.0811443,0.146613,0.162983,0.126161,0.218227,0.502901,0.267737,0.770168,0.835128,0.81181,0.853038,0.120696,0.102303,0.145779,0.956181,0.954047,0.958254,6.0053,6.132,5.08437,7.08215,0.102302,0.0911182,0.119169,-0.145243,-0.173519,-0.101742,0.122307,0.113719,0.127838,-0.155616,-0.197219,-0.0982673,0.119621,0.112612,0.125312,0.492591,0.636692,0.426501,0.73277,1,1.92014,0,3,13.5343,10.2412,18.5672,13.8154,10.7054,19.6311,0.0978635,0.0819864,0.120994,0.530382,0.471484,0.630174,0.761923,0.657792,0.84715,-3.35535,-4.26873,-2.34156,nan,nan,nan,0.100036,0.0947579,0.106952,nan
l0.5_52k/mujoco,"λ = 0.5, 52.8k steps (MuJoCo, RoboCasa joints)",0.4,288,0,0,0.0131633,0,0,0.0104167,0.0555556,0.00347222,0.00694444,0.00347222,0,0.0131633,0,0.0131633,0.00354875,0.0301737,0.0344821,0.0883298,0,0.274306,0.149049,0.111504,0.201591,0.32036,0.199258,0.470209,0.130522,0.0909334,0.183068,0.197375,0.138494,0.263936,0.525911,0.336758,0.796793,0.821905,0.803837,0.841705,0.133235,0.114482,0.152545,0.956547,0.953589,0.958758,5.8772,5.99206,4.90866,7.00231,0.101856,0.0893171,0.116913,-0.146472,-0.171974,-0.0980618,0.120931,0.113812,0.127319,-0.158238,-0.197339,-0.100126,0.119074,0.112312,0.124494,0.493523,0.638839,0.407922,0.741304,1,1.72822,0,2.5,13.2769,10.2644,19.4471,13.3647,10.0831,19.5804,0.0949539,0.0791687,0.116621,0.523189,0.464126,0.610991,0.761152,0.667812,0.849808,-3.1502,-4.25411,-2.18365,nan,nan,nan,0.100684,0.0948909,0.105561,nan
l0.5_52k/mujoco,"λ = 0.5, 52.8k steps (MuJoCo, RoboCasa joints)",0.5,288,0,0,0.0131633,0,0,0.0104167,0.0243056,0.0104167,0.00694444,0,0,0.0131633,0,0.0131633,0.00354875,0.0301737,0.0118223,0.0493122,0.00347222,0.21875,0.183238,0.127254,0.231751,0.33139,0.222191,0.524031,0.163727,0.107488,0.215463,0.251074,0.164408,0.318241,0.583373,0.378068,0.840611,0.811546,0.793838,0.82933,0.145356,0.126403,0.16049,0.956223,0.953818,0.958793,5.68353,5.85416,4.74975,6.78378,0.0990577,0.0885905,0.11081,-0.146756,-0.172794,-0.101805,0.123067,0.114518,0.128078,-0.158362,-0.190528,-0.0978026,0.121262,0.112614,0.12665,0.487999,0.595703,0.417663,0.65078,1,1.56944,0,2,12.6624,9.34991,18.6103,12.6877,9.58298,17.3936,0.0913696,0.0795865,0.114354,0.516204,0.465156,0.615892,0.742409,0.641967,0.837971,-2.93016,-3.95164,-2.02426,nan,nan,nan,0.099398,0.0943423,0.10542,nan
l0.5_52k/mujoco,"λ = 0.5, 52.8k steps (MuJoCo, RoboCasa joints)",0.6,288,0,0,0.0131633,0,0,0.00694444,0.0173611,0,0.0208333,0,0,0.0131633,0,0.0131633,0.00190645,0.0249629,0.00743774,0.0399907,0,0.180556,0.222124,0.151532,0.283974,0.385308,0.233951,0.546431,0.203445,0.136132,0.272671,0.303159,0.205604,0.38719,0.610229,0.404745,0.895819,0.800017,0.785052,0.817976,0.156012,0.13677,0.171375,0.956323,0.953929,0.958489,5.42427,5.65641,4.60265,6.71488,0.09581,0.0860289,0.10694,-0.134604,-0.167194,-0.0603978,0.123744,0.115202,0.128938,-0.149591,-0.185834,-0.0529989,0.122457,0.114045,0.127464,0.479177,0.599155,0.416867,0.617415,1,1.39583,0,2,12.5868,9.23206,17.8893,12.2889,9.33947,16.4683,0.0909086,0.0767995,0.111549,0.514679,0.469292,0.584577,0.725456,0.639377,0.838542,-2.73002,-3.67751,-1.86329,nan,nan,nan,0.099919,0.0939368,0.105321,nan
l0.5_52k/mujoco,"λ = 0.5, 52.8k steps (MuJoCo, RoboCasa joints)",0.7,288,0,0,0.0131633,0,0,0.0104167,0.0138889,0.00347222,0.0138889,0,0,0.0131633,0,0.0131633,0.00354875,0.0301737,0.00541393,0.0351615,0,0.163194,0.264855,0.188642,0.350198,0.442221,0.247828,0.622776,0.247762,0.175997,0.336409,0.374082,0.266852,0.449322,0.663863,0.421967,0.982642,0.79189,0.779642,0.809311,0.165119,0.146303,0.177703,0.95647,0.954345,0.958653,5.42649,5.54499,4.36066,6.47084,0.0928559,0.0851703,0.104375,-0.1337,-0.164332,0.0910939,0.123893,0.114774,0.129584,-0.143796,-0.187691,0.0767208,0.12313,0.114654,0.128427,0.481153,0.606673,0.405806,0.615041,1,1.29514,0,2,11.5492,8.91364,16.6138,10.8514,8.58667,14.9541,0.0880874,0.0761796,0.107037,0.496505,0.465107,0.567324,0.697275,0.6161,0.819271,-2.41516,-3.33828,-1.64148,nan,nan,nan,0.0992736,0.0937063,0.104528,nan
l0.5_52k/mujoco,"λ = 0.5, 52.8k steps (MuJoCo, RoboCasa joints)",0.8,288,0,0,0.0131633,0,0,0.00347222,0.00694444,0,0.00347222,0,0,0.0131633,0,0.0131633,0.00061318,0.0194032,0.00190645,0.0249629,0,0.0902778,0.31957,0.232221,0.424087,0.472651,0.305817,0.70324,0.304384,0.216226,0.412337,0.447294,0.334121,0.525507,0.722738,0.5117,1.03744,0.785904,0.773666,0.797719,0.170627,0.158141,0.182608,0.956309,0.954144,0.958769,5.27822,5.5263,4.32336,6.46052,0.0945361,0.0859459,0.105688,-0.135435,-0.170741,0.0882996,0.124098,0.116662,0.129201,-0.151284,-0.185374,0.0746813,0.123197,0.115876,0.127803,0.488039,0.592494,0.39941,0.676253,1,1.39236,0,2,12.727,9.38201,18.7013,10.7449,8.72288,14.6688,0.0914987,0.077436,0.110399,0.505281,0.465958,0.575661,0.713782,0.628355,0.826798,-2.27311,-3.14986,-1.55697,nan,nan,nan,0.0992255,0.0938761,0.105083,nan
l0.5_52k/mujoco,"λ = 0.5, 52.8k steps (MuJoCo, RoboCasa joints)",0.9,288,0,0,0.0131633,0,0,0,0.00694444,0,0,0,0,0.0131633,0,0.0131633,0,0.0131633,0.00190645,0.0249629,0,0.0868056,0.38098,0.270201,0.493039,0.541816,0.376936,0.772454,0.368598,0.261827,0.479405,0.513524,0.393967,0.612198,0.795623,0.581549,1.07273,0.778039,0.767632,0.789947,0.177887,0.16567,0.18993,0.956622,0.95364,0.958882,5.13027,5.37763,4.08272,6.19796,0.0940334,0.0842705,0.103094,-0.127962,-0.159113,0.0973234,0.125399,0.116894,0.130051,-0.136112,-0.180518,0.0869173,0.12467,0.117264,0.128839,0.48861,0.575374,0.394598,0.58957,1,1.28125,0,2,12.8699,9.3412,19.1901,11.0501,8.57464,16.3934,0.0926423,0.07927,0.112487,0.49163,0.457679,0.571712,0.688716,0.615151,0.807527,-2.01204,-2.84525,-1.20425,nan,nan,nan,0.0985272,0.0932764,0.105755,nan
l0.5_52k/mujoco,"λ = 0.5, 52.8k steps (MuJoCo, RoboCasa joints)",1,288,0,0,0.0131633,0,0,0,0.00347222,0,0,0,0,0.0131633,0,0.0131633,0,0.0131633,0.00061318,0.0194032,0,0.0347222,0.461186,0.327871,0.576373,0.629331,0.420933,0.81723,0.447947,0.316157,0.566334,0.590709,0.470344,0.712708,0.866125,0.632348,1.17702,0.772935,0.764239,0.781794,0.183675,0.17344,0.19268,0.956936,0.954642,0.959149,5.09206,5.27579,4.18133,6.13816,0.0922873,0.083227,0.103459,-0.123037,-0.160268,0.0966031,0.126538,0.118164,0.130778,-0.130751,-0.179963,0.0851483,0.125061,0.118808,0.129149,0.481801,0.574825,0.398226,0.643579,1,1.20486,0,2,12.7241,9.26821,18.1081,11.0998,8.47553,15.514,0.0940337,0.0807112,0.118134,0.490242,0.457665,0.551875,0.69418,0.611157,0.816366,-1.73834,-2.49067,-1.05584,nan,nan,nan,0.0997132,0.0940847,0.105542,nan
l0.5_52k/mujoco_isaacphys,"λ = 0.5, 52.8k steps (MuJoCo, training joints)",0,288,0.0104167,0.00354875,0.0301737,0,0,0.0555556,0.15625,0.0729167,0.0277778,0,0,0.0131633,0,0.0131633,0.0344821,0.0883298,0.118872,0.202678,0.0138889,0.420139,0.122384,0.103287,0.157742,0.274281,0.171581,0.458852,0.0678374,0.0399995,0.0993382,0.142771,0.105021,0.193626,0.39127,0.261875,0.618221,0.857371,0.840954,0.872946,0.0963306,0.0809515,0.113148,0.954866,0.95134,0.957731,6.94454,6.95744,6.06587,7.78223,0.171814,0.153538,0.195952,-0.153328,-0.183804,-0.106959,0.120015,0.11192,0.125722,-0.162581,-0.205475,-0.111273,0.115053,0.107894,0.122193,1.07427,1.19058,0.856819,1.27636,2,2.86458,1,4,22.5219,16.6879,31.3422,25.2834,18.0515,34.3264,0.267641,0.214895,0.338469,0.576701,0.512489,0.683906,0.836828,0.738387,0.868679,-4.11208,-5.09814,-2.9406,1.74,1.66,1.78,0.102745,0.0932909,0.112975,0.075375
l0.5_52k/mujoco_isaacphys,"λ = 0.5, 52.8k steps (MuJoCo, training joints)",0.1,288,0.00347222,0.00061318,0.0194032,0,0,0.0902778,0.243056,0.0625,0.0486111,0,0,0.0131633,0,0.0131633,0.062352,0.12899,0.19711,0.295765,0.00347222,0.520833,0.117447,0.0977214,0.138411,0.223128,0.133199,0.352706,0.0563456,0.0347989,0.0862404,0.118488,0.094096,0.161522,0.333122,0.218879,0.541783,0.850904,0.833488,0.86902,0.104077,0.0855245,0.120759,0.955626,0.951812,0.958242,6.79591,6.77789,5.88136,7.70801,0.161855,0.146995,0.185362,-0.14453,-0.171499,-0.100747,0.120644,0.113534,0.125258,-0.15056,-0.190148,-0.100839,0.116004,0.109058,0.121821,1.05822,1.19714,0.812964,1.2837,2,2.52083,1,4,20.9692,16.1663,27.7606,23.3708,16.7716,31.3663,0.251925,0.205284,0.310118,0.55493,0.487663,0.64592,0.838435,0.737951,0.869531,-4.02402,-4.94959,-2.75745,1.48,1.48,1.48,0.102015,0.0942668,0.113656,0.0835219
l0.5_52k/mujoco_isaacphys,"λ = 0.5, 52.8k steps (MuJoCo, training joints)",0.2,288,0.0104167,0.00354875,0.0301737,0,0,0.138889,0.270833,0.0694444,0.0555556,0,0,0.0131633,0,0.0131633,0.103681,0.183604,0.222775,0.324925,0.0173611,0.569444,0.117353,0.0978556,0.143569,0.203634,0.126193,0.336387,0.0542419,0.0340877,0.0838104,0.118345,0.0896147,0.167714,0.299462,0.199382,0.497281,0.843888,0.823935,0.862806,0.110641,0.0911927,0.130715,0.954987,0.951211,0.95757,6.64048,6.67356,5.6516,7.52807,0.157663,0.142998,0.174034,-0.148875,-0.179984,-0.0993091,0.121373,0.114316,0.126675,-0.157546,-0.199904,-0.0985404,0.117687,0.109434,0.123353,1.04345,1.16932,0.80936,1.30278,2,2.23958,1,3,19.7749,15.0696,24.7184,21.6841,17.1744,28.0376,0.233077,0.195997,0.285364,0.555472,0.503818,0.638793,0.836072,0.746924,0.86797,-3.77647,-4.74057,-2.68073,1.7,1.55,1.89,0.102198,0.0940295,0.113284,0.064502
l0.5_52k/mujoco_isaacphys,"λ = 0.5, 52.8k steps (MuJoCo, training joints)",0.3,288,0.00347222,0.00061318,0.0194032,0,0,0.0902778,0.239583,0.0416667,0.0520833,0,0,0.0131633,0,0.0131633,0.062352,0.12899,0.193921,0.292102,0.0138889,0.59375,0.123679,0.102766,0.157275,0.19036,0.125379,0.330433,0.0648105,0.0381954,0.105982,0.137546,0.0985431,0.189005,0.29137,0.193693,0.477606,0.835184,0.813353,0.852233,0.116306,0.101823,0.140828,0.954692,0.949859,0.957295,6.41464,6.47138,5.44661,7.30371,0.152272,0.139433,0.16812,-0.137543,-0.173435,-0.0734784,0.122413,0.115674,0.127484,-0.141734,-0.190418,-0.0713507,0.1199,0.112853,0.124389,0.991684,1.08999,0.734561,1.23134,1,1.88889,0,3,18.6413,14.6394,24.9321,20.1358,15.7332,26.4364,0.231301,0.188516,0.28021,0.551451,0.496505,0.648226,0.832171,0.736051,0.865543,-3.41371,-4.40392,-2.47708,2.58,2.58,2.58,0.102678,0.0947027,0.113366,0.0557734
l0.5_52k/mujoco_isaacphys,"λ = 0.5, 52.8k steps (MuJoCo, training joints)",0.4,288,0.00694444,0.00190645,0.0249629,0,0,0.0798611,0.177083,0.0555556,0.0520833,0,0,0.0131633,0,0.0131633,0.0538025,0.116981,0.137331,0.225337,0.00694444,0.538194,0.138404,0.112598,0.183415,0.201912,0.131105,0.336023,0.0852056,0.048409,0.131622,0.165593,0.110961,0.231341,0.329964,0.209446,0.515416,0.822879,0.803664,0.838338,0.131384,0.113152,0.14975,0.95474,0.951269,0.957679,6.22969,6.3497,5.25536,7.25392,0.149908,0.13711,0.167761,-0.130526,-0.17512,-0.0578642,0.12192,0.115017,0.127304,-0.134455,-0.191024,-0.0483744,0.119364,0.113173,0.124491,0.977989,1.10315,0.794628,1.23249,1,1.84375,0,3,19.0936,14.1929,25.3011,20.9178,15.8749,26.396,0.235861,0.191156,0.290977,0.540093,0.48398,0.624026,0.822124,0.707473,0.866443,-3.30487,-4.33529,-2.34074,2.23,2.015,2.445,0.103063,0.0945339,0.111671,0.0664025
l0.5_52k/mujoco_isaacphys,"λ = 0.5, 52.8k steps (MuJoCo, training joints)",0.5,288,0.00347222,0.00061318,0.0194032,0,0,0.0590278,0.100694,0.0416667,0.0451389,0,0,0.0131633,0,0.0131633,0.0371769,0.092488,0.0710274,0.140874,0.0104167,0.458333,0.166419,0.121751,0.226262,0.235079,0.154249,0.366938,0.119903,0.0658657,0.178016,0.218562,0.13998,0.289097,0.400096,0.258961,0.589898,0.812336,0.796377,0.829393,0.140114,0.12441,0.159022,0.954861,0.951384,0.957716,6.05703,6.167,5.14598,7.04899,0.147204,0.138195,0.161029,-0.127582,-0.169512,-0.00675183,0.123504,0.116503,0.128193,-0.126065,-0.179712,-0.016254,0.121354,0.114873,0.125657,1.00986,1.0939,0.759722,1.22333,1,1.48958,0,2,20.5394,15.9037,27.0814,21.5628,16.1715,28.4789,0.253584,0.201378,0.308219,0.540322,0.487237,0.608089,0.841152,0.736814,0.863389,-3.04675,-4.0707,-2.13304,1.46,1.46,1.46,0.10238,0.0952926,0.111125,0.0850846
l0.5_52k/mujoco_isaacphys,"λ = 0.5, 52.8k steps (MuJoCo, training joints)",0.6,288,0.00347222,0.00061318,0.0194032,0,0,0.0347222,0.0833333,0.0520833,0.0520833,0,0,0.0131633,0,0.0131633,0.0189676,0.062726,0.0566371,0.120999,0.00694444,0.368056,0.202699,0.141088,0.265584,0.265517,0.166167,0.416023,0.160548,0.0902903,0.237979,0.277612,0.174378,0.360683,0.428569,0.291321,0.632547,0.801283,0.78815,0.820921,0.152127,0.132963,0.166184,0.954575,0.951201,0.957502,5.97612,6.07609,4.97365,6.9875,0.145554,0.134883,0.159917,-0.124485,-0.168676,0.0917141,0.123769,0.117161,0.128154,-0.122386,-0.173855,0.0742039,0.121622,0.11535,0.12641,0.999864,1.07333,0.769283,1.21175,1,1.57292,0,2,20.8731,16.4825,27.8738,21.98,17.1247,29.591,0.256674,0.21167,0.325535,0.532887,0.489826,0.60661,0.806887,0.70427,0.861124,-2.79722,-3.71619,-1.916,1.6,1.6,1.6,0.101903,0.0946309,0.109563,0.0731205
l0.5_52k/mujoco_isaacphys,"λ = 0.5, 52.8k steps (MuJoCo, training joints)",0.7,288,0.00347222,0.00061318,0.0194032,0,0,0.0173611,0.0277778,0.0416667,0.0520833,0,0,0.0131633,0,0.0131633,0.00743774,0.0399907,0.0141411,0.0538465,0.00347222,0.253472,0.248866,0.168858,0.332694,0.318523,0.205861,0.467877,0.203298,0.127537,0.303101,0.348422,0.230223,0.440755,0.507298,0.348335,0.706835,0.796271,0.780082,0.811017,0.157299,0.142122,0.172145,0.954295,0.950761,0.957965,5.75096,5.92557,4.83035,6.85491,0.145225,0.1358,0.158145,-0.122851,-0.165628,0.095466,0.124634,0.117939,0.129194,-0.129202,-0.180925,0.0770621,0.122692,0.116712,0.127132,0.96372,1.01118,0.708857,1.18331,1,1.31944,0,2,22.2106,16.5059,28.4593,23.2093,17.3326,30.7848,0.266748,0.224299,0.335868,0.526036,0.484311,0.584637,0.806079,0.706881,0.857855,-2.54592,-3.2706,-1.74687,1.54,1.54,1.54,0.102558,0.0954227,0.110248,0.0771819
l0.5_52k/mujoco_isaacphys,"λ = 0.5, 52.8k steps (MuJoCo, training joints)",0.8,288,0,0,0.0131633,0,0,0.00347222,0.0208333,0.0138889,0.0173611,0,0,0.0131633,0,0.0131633,0.00061318,0.0194032,0.00958211,0.0446994,0,0.184028,0.302204,0.213363,0.401264,0.356329,0.246157,0.529376,0.260848,0.177493,0.364453,0.418705,0.299384,0.517655,0.565754,0.401387,0.810253,0.787907,0.773737,0.802643,0.165685,0.151515,0.181534,0.954593,0.9507,0.957589,5.74383,5.94782,4.81569,6.82567,0.147263,0.136512,0.161495,-0.113258,-0.166181,0.0958185,0.124341,0.117981,0.129222,-0.116261,-0.169112,0.0779553,0.122036,0.116667,0.127156,0.939824,1.02081,0.751485,1.17738,1,1.36111,0,2,23.2441,17.874,31.7723,24.7974,18.7874,31.4728,0.283717,0.231284,0.350689,0.534739,0.492399,0.600934,0.825579,0.70919,0.861508,-2.2939,-3.08666,-1.49671,nan,nan,nan,0.102394,0.0944254,0.110204,nan
l0.5_52k/mujoco_isaacphys,"λ = 0.5, 52.8k steps (MuJoCo, training joints)",0.9,288,0,0,0.0131633,0,0,0.00347222,0.00694444,0.00694444,0.00694444,0,0,0.0131633,0,0.0131633,0.00061318,0.0194032,0.00190645,0.0249629,0,0.09375,0.363971,0.259187,0.474563,0.424812,0.307395,0.626761,0.329098,0.222583,0.43919,0.501299,0.346599,0.6102,0.651442,0.479642,0.934657,0.780819,0.767735,0.792373,0.173162,0.158465,0.186411,0.954755,0.950309,0.958095,5.66733,5.89542,4.69244,6.78366,0.14912,0.138443,0.164187,-0.112046,-0.165088,0.098625,0.125186,0.118232,0.129335,-0.109985,-0.17695,0.0824104,0.123123,0.117144,0.126883,0.986261,1.04561,0.72133,1.1789,1,1.25347,0,2,24.2861,19.0641,34.9556,26.6608,20.5899,34.1322,0.300356,0.248641,0.360307,0.536312,0.495368,0.593899,0.805262,0.707074,0.85536,-2.02367,-2.86357,-1.24179,nan,nan,nan,0.102099,0.0953645,0.108699,nan
l0.5_52k/mujoco_isaacphys,"λ = 0.5, 52.8k steps (MuJoCo, training joints)",1,288,0,0,0.0131633,0,0,0,0.00347222,0.00347222,0,0,0,0.0131633,0,0.0131633,0,0.0131633,0.00061318,0.0194032,0,0.0277778,0.432875,0.312824,0.546453,0.500917,0.376513,0.72638,0.395953,0.274971,0.520351,0.572062,0.419807,0.708712,0.76919,0.557971,1.03567,0.774718,0.764601,0.7863,0.179171,0.166554,0.191371,0.954689,0.951303,0.957908,5.62383,5.77117,4.71653,6.74051,0.148602,0.139807,0.162778,-0.116846,-0.159422,0.081728,0.124614,0.118163,0.129506,-0.123083,-0.173678,0.0640733,0.122485,0.116617,0.127168,0.924786,0.99349,0.69845,1.17115,1,1.37847,0,2,28.6063,20.3955,39.1458,30.2367,22.6442,37.0947,0.32684,0.269661,0.398361,0.53617,0.49298,0.589698,0.804113,0.716951,0.856531,-1.89619,-2.49718,-0.917215,nan,nan,nan,0.102216,0.0959891,0.110553,nan
l0.5_52k/mujoco_isaacphys_trueodom,"λ = 0.5, 52.8k steps, true odometry (MuJoCo, training joints)",0,288,0.0798611,0.0538025,0.116981,0,0,0.197917,0.284722,0.333333,0.236111,0,0,0.0131633,0,0.0131633,0.156008,0.247778,0.235702,0.33941,0.125,0.506944,0.0750941,0.0472196,0.117185,0.233241,0.133506,0.36591,0.0515098,0.0257749,0.0897355,0.121397,0.0753721,0.178606,0.344639,0.223598,0.604191,0.85341,0.835154,0.871088,0.100115,0.0824824,0.118707,0.954866,0.95134,0.957731,6.8036,6.82222,5.91296,7.76281,0.166826,0.149049,0.188398,-0.149963,-0.182905,-0.0958311,0.120918,0.114416,0.126089,-0.157203,-0.19978,-0.100264,0.116531,0.109837,0.121946,1.02883,1.1366,0.810032,1.23982,2,2.59028,1,4,18.5464,13.751,27.8154,21.7248,15.7077,28.9757,0.241154,0.199271,0.299472,0.566657,0.506223,0.647177,0.838088,0.739269,0.86895,-3.94647,-4.85521,-2.6585,2.36,1.99,2.83,3.81181e-14,1.6974e-14,7.05272e-14,0.0228498
l0.5_52k/mujoco_isaacphys_trueodom,"λ = 0.5, 52.8k steps, true odometry (MuJoCo, training joints)",0.1,288,0.118056,0.0857225,0.160444,0,0.0104167,0.315972,0.461806,0.354167,0.263889,0,0,0.0131633,0.00354875,0.0301737,0.265001,0.371788,0.405108,0.519509,0.170139,0.583333,0.0619921,0.0388184,0.100732,0.193007,0.12063,0.330953,0.0376208,0.0205386,0.072386,0.090731,0.0610868,0.146868,0.301974,0.198996,0.509202,0.845962,0.824841,0.863016,0.109425,0.0927766,0.127638,0.955626,0.951812,0.958242,6.67962,6.66111,5.71346,7.5464,0.15905,0.144804,0.176059,-0.139697,-0.170958,-0.0947601,0.12108,0.114237,0.125823,-0.144298,-0.193584,-0.0930164,0.11659,0.109665,0.123053,1.04366,1.19376,0.825609,1.27747,2,2.34375,1,3.25,19.099,14.0126,25.8072,20.6236,14.6124,27.2373,0.236791,0.192439,0.29296,0.551457,0.48344,0.643761,0.84424,0.740344,0.868047,-3.83453,-4.82524,-2.48475,2.39,1.83,2.89,4.00061e-14,2.12318e-14,6.71751e-14,0.0245452
l0.5_52k/mujoco_isaacphys_trueodom,"λ = 0.5, 52.8k steps, true odometry (MuJoCo, training joints)",0.2,288,0.118056,0.0857225,0.160444,0,0.00694444,0.357639,0.472222,0.375,0.263889,0,0,0.0131633,0.00190645,0.0249629,0.30449,0.414536,0.41531,0.529866,0.149306,0.586806,0.0609382,0.03803,0.10097,0.186433,0.126603,0.3189,0.0378952,0.0198678,0.0716576,0.088662,0.0595724,0.150029,0.290691,0.196611,0.474689,0.837126,0.814052,0.855481,0.11771,0.0990809,0.139717,0.954987,0.951211,0.95757,6.52467,6.56555,5.57634,7.52173,0.155963,0.139542,0.170401,-0.147308,-0.181459,-0.0905831,0.122012,0.115727,0.127059,-0.156817,-0.197499,-0.0895082,0.117747,0.110866,0.123587,1.03593,1.13174,0.790805,1.2464,1,2.02431,1,3,18.1507,13.4802,24.1306,19.3374,14.3338,25.8792,0.223887,0.18795,0.278704,0.548139,0.496896,0.636722,0.844985,0.742668,0.868575,-3.41474,-4.49783,-2.44542,2.25,1.82,2.935,3.60526e-14,1.69078e-14,6.30511e-14,0.0232671
l0.5_52k/mujoco_isaacphys_trueodom,"λ = 0.5, 52.8k steps, true odometry (MuJoCo, training joints)",0.3,288,0.100694,0.0710274,0.140874,0,0.00694444,0.270833,0.378472,0.336806,0.253472,0,0,0.0131633,0.00190645,0.0249629,0.222775,0.324925,0.324403,0.43574,0.149306,0.565972,0.0762325,0.0419752,0.122537,0.198964,0.129346,0.326755,0.0539325,0.0238868,0.0974901,0.11826,0.0684388,0.176878,0.31357,0.204889,0.488457,0.826672,0.80632,0.842306,0.125617,0.111796,0.147388,0.954692,0.949859,0.957295,6.32822,6.42156,5.46661,7.27144,0.149958,0.138535,0.164129,-0.131157,-0.169888,-0.0617256,0.12309,0.115036,0.128111,-0.136622,-0.188903,-0.0576747,0.119997,0.113779,0.125286,0.965867,1.0818,0.741057,1.20941,1,1.77778,0,3,17.3516,13.5141,23.1384,18.4163,13.5294,24.239,0.228305,0.187262,0.279464,0.548472,0.491948,0.635015,0.836752,0.747462,0.864533,-3.27504,-4.18481,-2.34394,2.34,1.94,2.86,3.15783e-14,1.37642e-14,5.51582e-14,0.0249667
l0.5_52k/mujoco_isaacphys_trueodom,"λ = 0.5, 52.8k steps, true odometry (MuJoCo, training joints)",0.4,288,0.0833333,0.0566371,0.120999,0,0.00694444,0.204861,0.267361,0.3125,0.232639,0,0,0.0131633,0.00190645,0.0249629,0.162278,0.255214,0.219553,0.321294,0.128472,0.489583,0.0984541,0.0497653,0.152873,0.236131,0.144571,0.363913,0.0764782,0.0289874,0.12442,0.150162,0.0828408,0.220452,0.35925,0.231189,0.560852,0.814437,0.797064,0.832123,0.13897,0.120813,0.157616,0.95474,0.951269,0.957679,6.22461,6.26461,5.29858,7.1395,0.149836,0.136904,0.164826,-0.127771,-0.172783,-0.0591219,0.12161,0.115436,0.127633,-0.12862,-0.177735,-0.0471565,0.119514,0.113385,0.125018,0.963861,1.07128,0.770355,1.21967,1,1.73611,0,2,18.2691,13.7708,23.7179,19.2516,14.7979,25.4906,0.235536,0.193188,0.2778,0.535498,0.48309,0.615804,0.82221,0.711086,0.864855,-3.01586,-4.02272,-2.1024,2.49,1.885,3.15,3.20698e-14,1.76319e-14,5.25541e-14,0.0256718
l0.5_52k/mujoco_isaacphys_trueodom,"λ = 0.5, 52.8k steps, true odometry (MuJoCo, training joints)",0.5,288,0.0451389,0.0265661,0.0756866,0,0.00347222,0.121528,0.166667,0.222222,0.184028,0,0,0.0131633,0.00061318,0.0194032,0.0886928,0.164327,0.128072,0.214037,0.0694444,0.375,0.136453,0.0771919,0.193672,0.259878,0.179872,0.405801,0.111274,0.055161,0.169193,0.206898,0.125521,0.281235,0.425464,0.284096,0.610174,0.806005,0.789695,0.821592,0.14841,0.130561,0.166447,0.954861,0.951384,0.957716,5.9793,6.0678,5.04441,6.90301,0.1469,0.138435,0.159376,-0.12612,-0.168623,-0.00584337,0.122664,0.115871,0.12829,-0.122526,-0.179478,-0.00891645,0.120742,0.114247,0.126358,1.00834,1.0881,0.744918,1.2224,1,1.41319,0,2,19.6536,14.7371,26.6985,19.8505,15.151,27.018,0.255572,0.208234,0.313767,0.533021,0.493814,0.60002,0.834407,0.728226,0.861177,-2.82052,-3.87681,-1.96024,2.24,1.84,3.04,2.66125e-14,1.17696e-14,5.42303e-14,0.0256159
l0.5_52k/mujoco_isaacphys_trueodom,"λ = 0.5, 52.8k steps, true odometry (MuJoCo, training joints)",0.6,288,0.03125,0.016526,0.0583146,0,0.00347222,0.09375,0.121528,0.180556,0.142361,0,0,0.0131633,0.00061318,0.0194032,0.0652307,0.132964,0.0886928,0.164327,0.0451389,0.319444,0.175994,0.102709,0.253014,0.303206,0.195671,0.459951,0.15352,0.0787339,0.231683,0.273258,0.164072,0.354463,0.487086,0.308687,0.668691,0.796668,0.782711,0.8116,0.156388,0.140087,0.170666,0.954575,0.951201,0.957502,5.89048,6.00272,4.83805,6.95148,0.146092,0.134798,0.159561,-0.120023,-0.164558,0.098189,0.123149,0.116871,0.128543,-0.121816,-0.17137,0.0811696,0.121073,0.115815,0.126521,0.962713,1.01063,0.75749,1.1645,1,1.47222,0,2,21.6127,15.4053,28.983,21.9909,15.3954,30.9972,0.264663,0.220407,0.32723,0.52906,0.487513,0.597972,0.800232,0.707323,0.863441,-2.54594,-3.56152,-1.72913,2.38,1.7,2.88,3.10258e-14,1.65401e-14,5.41692e-14,0.0244631
l0.5_52k/mujoco_isaacphys_trueodom,"λ = 0.5, 52.8k steps, true odometry (MuJoCo, training joints)",0.7,288,0.0243056,0.0118223,0.0493122,0,0.00347222,0.0416667,0.0625,0.138889,0.104167,0,0,0.0131633,0.00061318,0.0194032,0.0239929,0.0714068,0.0398961,0.0966218,0.0243056,0.208333,0.223807,0.134233,0.321848,0.365945,0.244264,0.508534,0.195056,0.113554,0.2962,0.339781,0.214724,0.433017,0.571254,0.379141,0.768847,0.790313,0.775814,0.802183,0.16442,0.151617,0.178334,0.954295,0.950761,0.957965,5.75744,5.95538,4.82955,6.8761,0.145651,0.136006,0.158674,-0.125908,-0.167737,0.0887537,0.124546,0.117844,0.129511,-0.127433,-0.179446,0.0709208,0.12267,0.117712,0.127483,0.944632,1.01054,0.723374,1.15781,1,1.38194,0,2,22.3488,16.1228,31.3339,23.5468,17.1466,31.2541,0.277624,0.225192,0.340703,0.530208,0.489142,0.583643,0.799455,0.707086,0.857139,-2.31731,-3.10318,-1.57089,2.7,2.08,3.26,2.63139e-14,1.05396e-14,4.57849e-14,0.0242117
l0.5_52k/mujoco_isaacphys_trueodom,"λ = 0.5, 52.8k steps, true odometry (MuJoCo, training joints)",0.8,288,0,0,0.0131633,0,0,0.0173611,0.0277778,0.0763889,0.0625,0,0,0.0131633,0,0.0131633,0.00743774,0.0399907,0.0141411,0.0538465,0,0.128472,0.283254,0.186921,0.387133,0.409639,0.294719,0.599573,0.255716,0.163484,0.360196,0.407342,0.274335,0.513533,0.626142,0.448599,0.875864,0.783002,0.769322,0.79603,0.170347,0.156571,0.184537,0.954593,0.9507,0.957589,5.71996,5.95351,4.83454,6.76467,0.148437,0.137177,0.160049,-0.114148,-0.165395,0.0922241,0.124537,0.118088,0.128942,-0.115251,-0.169757,0.0726184,0.123287,0.116585,0.126874,0.936176,1.05263,0.737197,1.18892,1,1.40972,0,2,25.4377,18.4764,34.2858,25.3477,20.0789,33.4363,0.295929,0.241266,0.365163,0.530389,0.493602,0.601423,0.800698,0.713548,0.859366,-2.17749,-2.87356,-1.33352,nan,nan,nan,2.98477e-14,1.51331e-14,5.52735e-14,nan
l0.5_52k/mujoco_isaacphys_trueodom,"λ = 0.5, 52.8k steps, true odometry (MuJoCo, training joints)",0.9,288,0,0,0.0131633,0,0,0.00347222,0.00694444,0.0347222,0.0416667,0,0,0.0131633,0,0.0131633,0.00061318,0.0194032,0.00190645,0.0249629,0,0.0590278,0.356668,0.230754,0.465827,0.483222,0.364969,0.689373,0.321517,0.209631,0.432959,0.495032,0.331695,0.612476,0.723184,0.540623,0.996535,0.777049,0.765309,0.788633,0.176049,0.16383,0.188519,0.954755,0.950309,0.958095,5.63672,5.90332,4.78841,6.76612,0.150452,0.13903,0.163885,-0.111869,-0.165004,0.0991675,0.125453,0.117661,0.129178,-0.109912,-0.177267,0.0834262,0.123649,0.116972,0.12713,0.967535,0.982817,0.719173,1.18316,1,1.20139,0,2,26.5547,19.8277,36.3598,28.3612,20.6518,36.4885,0.31453,0.254895,0.389326,0.537394,0.494371,0.594288,0.806266,0.710672,0.857173,-1.88047,-2.63536,-1.09337,nan,nan,nan,3.59255e-14,1.58049e-14,5.70584e-14,nan
l0.5_52k/mujoco_isaacphys_trueodom,"λ = 0.5, 52.8k steps, true odometry (MuJoCo, training joints)",1,288,0,0,0.0131633,0,0,0.00347222,0.00347222,0.0173611,0.0138889,0,0,0.0131633,0,0.0131633,0.00061318,0.0194032,0.00061318,0.0194032,0.00347222,0.0173611,0.418966,0.299432,0.553702,0.587807,0.429783,0.783348,0.397049,0.273006,0.521462,0.570264,0.414466,0.703382,0.834591,0.630225,1.08749,0.772744,0.76182,0.783571,0.180753,0.168963,0.193005,0.954689,0.951303,0.957908,5.59398,5.76317,4.68845,6.66927,0.151081,0.140238,0.165509,-0.116044,-0.158594,0.0877623,0.125022,0.117413,0.129276,-0.12189,-0.172479,0.0651789,0.122746,0.116846,0.126604,0.918434,0.99324,0.698348,1.15403,1,1.31597,0,2,28.6662,21.0181,36.9703,29.6223,23.8316,38.2094,0.323457,0.276392,0.3988,0.535832,0.491461,0.603977,0.812152,0.712698,0.857544,-1.68033,-2.29456,-0.778632,nan,nan,nan,3.50778e-14,1.75222e-14,5.42893e-14,nan
l0.5_52k/mujoco_legs_blind,"λ = 0.5, 52.8k steps, legs blind (MuJoCo, RoboCasa joints)",0,288,0.00347222,0.00061318,0.0194032,0,0,0.00694444,0.0208333,0.0243056,0.00694444,0,0,0.0131633,0,0.0131633,0.00190645,0.0249629,0.00958211,0.0446994,0.00694444,0.138889,0.18798,0.128103,0.265634,0.44518,0.287146,0.64335,0.130022,0.085309,0.202378,0.230692,0.146295,0.306931,0.739748,0.465228,0.99059,0.853548,0.837072,0.877237,0.102441,0.0777956,0.117462,0.956397,0.953516,0.958561,6.33197,6.34384,5.63039,7.08415,0.132717,0.119609,0.152065,-0.166407,-0.192196,-0.148951,0.104989,0.0815515,0.118009,-0.200558,-0.237645,-0.176203,0.100257,0.0685056,0.113716,0.843673,0.929283,0.567786,1.1924,7,7.86458,5,11,25.7132,17.834,38.9685,29.0117,20.5246,39.8205,0.194404,0.143215,0.236389,0.656468,0.57832,0.749885,0.788478,0.718676,0.827234,-3.03632,-3.9293,-1.92091,1.54,1.54,1.54,0.0952956,0.0882382,0.101199,0.0899428
l0.5_52k/mujoco_legs_blind,"λ = 0.5, 52.8k steps, legs blind (MuJoCo, RoboCasa joints)",0.1,288,0.00347222,0.00061318,0.0194032,0,0,0.00694444,0.0208333,0.0173611,0.0104167,0,0,0.0131633,0,0.0131633,0.00190645,0.0249629,0.00958211,0.0446994,0.00347222,0.208333,0.16135,0.121175,0.226542,0.357283,0.219727,0.549587,0.110057,0.0775877,0.173243,0.194151,0.141164,0.276952,0.602502,0.394164,0.865623,0.858432,0.840396,0.88746,0.0978777,0.0687953,0.115882,0.956807,0.954001,0.959213,6.17124,6.26352,5.40233,6.97525,0.136787,0.120616,0.155139,-0.169471,-0.191713,-0.147124,0.103701,0.0845242,0.117237,-0.203487,-0.233106,-0.171653,0.0962888,0.074382,0.11327,0.895674,0.956074,0.565269,1.24211,7,7.75694,5,10.25,25.5832,19.0322,35.1402,29.9875,21.5315,42.6279,0.190035,0.150465,0.233226,0.648915,0.582317,0.753437,0.782994,0.727494,0.825924,-2.77987,-3.92658,-1.89098,1.98,1.98,1.98,0.0956461,0.0873907,0.103047,0.0621414
l0.5_52k/mujoco_legs_blind,"λ = 0.5, 52.8k steps, legs blind (MuJoCo, RoboCasa joints)",0.2,288,0.00347222,0.00061318,0.0194032,0,0,0.00347222,0.0208333,0.0104167,0.00694444,0,0,0.0131633,0,0.0131633,0.00061318,0.0194032,0.00958211,0.0446994,0.00347222,0.211806,0.17204,0.129542,0.23375,0.330782,0.211924,0.520303,0.126073,0.0810184,0.180965,0.205143,0.150678,0.277916,0.584399,0.371169,0.818426,0.863931,0.842916,0.887195,0.0923161,0.0678652,0.111939,0.956287,0.95362,0.958403,6.05272,6.09545,5.30431,6.89657,0.13618,0.121388,0.155167,-0.171339,-0.193923,-0.148942,0.104541,0.0861276,0.118174,-0.206433,-0.239216,-0.175173,0.0983625,0.0750306,0.11303,0.811408,0.938459,0.557123,1.24142,8,8.10069,5,11,26.2673,19.4921,36.3842,29.3282,22.1814,40.9718,0.188157,0.149345,0.230472,0.658046,0.569782,0.741233,0.771382,0.725726,0.829716,-2.6925,-3.77806,-1.75668,1.86,1.86,1.86,0.0943696,0.0884198,0.102384,0.0584177
l0.5_52k/mujoco_legs_blind,"λ = 0.5, 52.8k steps, legs blind (MuJoCo, RoboCasa joints)",0.3,288,0,0,0.0131633,0,0,0.0173611,0.0381944,0,0,0,0,0.0131633,0,0.0131633,0.00743774,0.0399907,0.0214585,0.0670881,0,0.215278,0.182394,0.130879,0.262664,0.310296,0.20385,0.515706,0.140406,0.0929719,0.201154,0.235536,0.158417,0.296723,0.534501,0.362279,0.792368,0.872497,0.850133,0.905271,0.0844163,0.052174,0.104533,0.956181,0.954047,0.958254,6.01776,6.08779,5.29804,6.85678,0.136578,0.122832,0.156146,-0.173677,-0.190837,-0.149001,0.105676,0.0865129,0.120384,-0.206239,-0.235431,-0.17496,0.099682,0.0740593,0.114922,0.856257,0.957835,0.582329,1.19647,8,7.89583,5,11,25.6215,18.4258,36.0428,25.82,19.8783,36.2484,0.182466,0.146936,0.229972,0.64977,0.576994,0.72748,0.774614,0.720719,0.818871,-2.67498,-4.03293,-1.80837,nan,nan,nan,0.0949577,0.088269,0.103114,nan
l0.5_52k/mujoco_legs_blind,"λ = 0.5, 52.8k steps, legs blind (MuJoCo, RoboCasa joints)",0.4,288,0,0,0.0131633,0,0,0.0104167,0.0277778,0.00347222,0.00347222,0,0,0.0131633,0,0.0131633,0.00354875,0.0301737,0.0141411,0.0538465,0,0.229167,0.215992,0.151208,0.295518,0.332338,0.198887,0.568732,0.17782,0.113475,0.245095,0.273082,0.200998,0.362801,0.564251,0.359419,0.875339,0.878202,0.855405,0.91663,0.0762819,0.0387894,0.101251,0.956537,0.953566,0.95875,6.04807,6.08423,5.24829,6.99911,0.135733,0.119582,0.152634,-0.172031,-0.193144,-0.148125,0.102446,0.0885472,0.118719,-0.204187,-0.238644,-0.172659,0.0955503,0.0771159,0.112103,0.813126,0.900974,0.531293,1.18186,7,7.4375,4,10,24.6352,19.4293,35.3584,25.5745,20.2778,36.3586,0.176563,0.147187,0.228282,0.640724,0.559301,0.7242,0.761273,0.701127,0.815195,-2.82747,-4.53352,-1.66755,nan,nan,nan,0.0935227,0.0868787,0.101596,nan
l0.5_52k/mujoco_legs_blind,"λ = 0.5, 52.8k steps, legs blind (MuJoCo, RoboCasa joints)",0.5,288,0,0,0.0131633,0,0,0.0104167,0.0138889,0.00347222,0.00347222,0,0,0.0131633,0,0.0131633,0.00354875,0.0301737,0.00541393,0.0351615,0.00694444,0.152778,0.255583,0.179488,0.346441,0.383125,0.244467,0.643768,0.222035,0.144361,0.300337,0.33986,0.226725,0.429224,0.635023,0.423518,0.942342,0.890554,0.861432,0.920991,0.0651351,0.0361789,0.0950088,0.956223,0.953818,0.958793,6.05452,6.08174,5.12809,6.94522,0.134853,0.119576,0.152079,-0.172642,-0.192051,-0.150831,0.10276,0.0854832,0.117436,-0.205803,-0.239512,-0.177172,0.0958432,0.0696519,0.110541,0.763051,0.864561,0.505738,1.12656,7,7.56944,4,10,25.4476,18.7338,33.4982,26.0215,20.1832,34.498,0.181501,0.144637,0.216677,0.632462,0.561519,0.703798,0.744889,0.692155,0.795956,-3.14531,-4.70933,-1.66402,nan,nan,nan,0.0938223,0.0856118,0.102573,nan
l0.5_52k/mujoco_legs_blind,"λ = 0.5, 52.8k steps, legs blind (MuJoCo, RoboCasa joints)",0.6,288,0,0,0.0131633,0,0,0.00694444,0.00694444,0.00694444,0.00694444,0,0,0.0131633,0,0.0131633,0.00190645,0.0249629,0.00190645,0.0249629,0.00347222,0.121528,0.308203,0.21611,0.40832,0.444578,0.279391,0.72575,0.272185,0.184502,0.366416,0.412451,0.287855,0.501856,0.696465,0.477358,1.01972,0.896917,0.867499,0.92312,0.0603828,0.0322654,0.0899546,0.956323,0.953929,0.958489,6.14161,6.24081,5.31774,7.1807,0.135808,0.119188,0.155035,-0.173286,-0.190883,-0.150528,0.101102,0.084872,0.114655,-0.204149,-0.236163,-0.173807,0.0942402,0.0718437,0.10981,0.720253,0.850752,0.466863,1.12202,7,7.54514,4,11,26.5651,19.0558,34.4176,24.2095,17.5856,34.9556,0.174705,0.143991,0.212475,0.61212,0.535712,0.709331,0.730539,0.672915,0.788657,-3.58546,-4.89374,-1.99092,nan,nan,nan,0.09281,0.0837428,0.102783,nan
l0.5_52k/mujoco_legs_blind,"λ = 0.5, 52.8k steps, legs blind (MuJoCo, RoboCasa joints)",0.7,288,0,0,0.0131633,0,0,0.00347222,0.00694444,0,0.00347222,0,0,0.0131633,0,0.0131633,0.00061318,0.0194032,0.00190645,0.0249629,0.00347222,0.111111,0.372298,0.266938,0.483311,0.538471,0.335468,0.832163,0.336889,0.235033,0.435688,0.486104,0.359961,0.588569,0.761903,0.555702,1.17932,0.90183,0.87249,0.9245,0.0535553,0.0327419,0.0851521,0.95647,0.954345,0.958653,6.21579,6.34051,5.35786,7.28716,0.132613,0.115115,0.157738,-0.172344,-0.19307,-0.148954,0.10099,0.0841905,0.113322,-0.201613,-0.232139,-0.166041,0.0949793,0.0734423,0.110003,0.696656,0.797819,0.400476,1.04621,7,6.84375,3,10,25.9558,18.1472,34.9486,25.0337,18.8991,34.2367,0.171559,0.142509,0.20903,0.618812,0.526935,0.725347,0.716393,0.655795,0.779456,-3.62929,-4.91033,-2.22814,nan,nan,nan,0.0928098,0.084856,0.100534,nan
l0.5_52k/mujoco_legs_blind,"λ = 0.5, 52.8k steps, legs blind (MuJoCo, RoboCasa joints)",0.8,288,0,0,0.0131633,0,0,0.00347222,0.00347222,0,0,0,0,0.0131633,0,0.0131633,0.00061318,0.0194032,0.00061318,0.0194032,0,0.0347222,0.435591,0.326454,0.5593,0.635074,0.401832,0.926106,0.395018,0.299441,0.52291,0.561679,0.440992,0.68358,0.901193,0.646761,1.25689,0.9069,0.877964,0.925308,0.0483939,0.0316109,0.0776916,0.956309,0.954144,0.958769,6.42056,6.46933,5.46719,7.32726,0.131754,0.113795,0.15101,-0.167964,-0.184266,-0.141177,0.0996226,0.0823788,0.11246,-0.190914,-0.222281,-0.161876,0.0949468,0.0715106,0.107089,0.659319,0.766279,0.411884,1.00402,6,6.60417,3,10,25.5495,19.2515,33.8155,24.1262,17.6665,33.5251,0.173716,0.145187,0.213187,0.615671,0.512297,0.699263,0.697709,0.626473,0.755174,-3.89137,-5.23766,-2.42488,nan,nan,nan,0.0906331,0.0819527,0.101459,nan
l0.5_52k/mujoco_legs_blind,"λ = 0.5, 52.8k steps, legs blind (MuJoCo, RoboCasa joints)",0.9,288,0,0,0.0131633,0,0,0,0,0,0,0,0,0.0131633,0,0.0131633,0,0.0131633,0,0.0131633,0,0.0243056,0.514633,0.402503,0.628213,0.747477,0.495006,1.02002,0.485565,0.376687,0.593688,0.6441,0.50871,0.77192,1.00653,0.725764,1.40404,0.912054,0.880599,0.9285,0.0442967,0.0281412,0.0748701,0.956622,0.95364,0.958882,6.44897,6.56741,5.65604,7.42599,0.1303,0.114253,0.150415,-0.16492,-0.188059,-0.143583,0.0972208,0.082682,0.112285,-0.187562,-0.224276,-0.164242,0.0933066,0.0712907,0.107385,0.661382,0.745868,0.406926,1.02139,6,6.51389,3,9,25.8181,18.5569,35.0459,24.4021,18.0546,34.3727,0.176901,0.144917,0.210262,0.608322,0.517871,0.701858,0.696315,0.633769,0.75611,-4.09172,-5.18812,-2.60506,nan,nan,nan,0.0913496,0.0818202,0.102436,nan
l0.5_52k/mujoco_legs_blind,"λ = 0.5, 52.8k steps, legs blind (MuJoCo, RoboCasa joints)",1,288,0,0,0.0131633,0,0,0,0,0,0,0,0,0.0131633,0,0.0131633,0,0.0131633,0,0.0131633,0,0.0104167,0.579995,0.479323,0.712637,0.829167,0.615971,1.16655,0.553509,0.45646,0.682958,0.728231,0.594232,0.872434,1.12069,0.84548,1.5409,0.914365,0.888675,0.929329,0.0433261,0.0270171,0.0662727,0.956936,0.954642,0.959149,6.48039,6.53794,5.71752,7.26668,0.128527,0.113797,0.150546,-0.167266,-0.190243,-0.142459,0.098964,0.084521,0.109742,-0.196204,-0.226549,-0.163209,0.0946132,0.0758509,0.106498,0.609058,0.693615,0.375281,0.925323,5,6.25694,3,9,25.7143,20.1661,35.5097,24.8405,18.7506,33.8622,0.18121,0.155197,0.210019,0.580506,0.499161,0.685071,0.694692,0.629749,0.745935,-4.34419,-5.22509,-3.19008,nan,nan,nan,0.0916819,0.081411,0.102016,nan
l0.5_52k/mujoco_trueodom,"λ = 0.5, 52.8k steps, true odometry (MuJoCo, RoboCasa joints)",0,288,0.0381944,0.0214585,0.0670881,0.00347222,0.0104167,0.0833333,0.15625,0.243056,0.118056,0,0.00061318,0.0194032,0.00354875,0.0301737,0.0566371,0.120999,0.118872,0.202678,0.104167,0.208333,0.0973578,0.058076,0.147843,0.353683,0.200105,0.594952,0.0803017,0.043153,0.121695,0.161154,0.0957122,0.229964,0.584917,0.378802,0.940001,0.854887,0.836806,0.87342,0.100274,0.0818784,0.120499,0.956397,0.953516,0.958561,6.27924,6.40456,5.49685,7.30195,0.111483,0.099938,0.128585,-0.149299,-0.171773,-0.122696,0.119761,0.110535,0.125418,-0.166518,-0.201628,-0.126139,0.114664,0.107077,0.122335,0.510236,0.660657,0.425967,0.767082,2,2.20833,1,3,16.67,10.7534,24.0679,18.5733,12.067,28.8849,0.128182,0.0942122,0.171041,0.55716,0.489392,0.65516,0.798026,0.697621,0.853104,-3.65646,-4.63884,-2.34684,3.2,2.65,3.7,5.03437e-14,1.99215e-14,8.02238e-14,0.0257492
l0.5_52k/mujoco_trueodom,"λ = 0.5, 52.8k steps, true odometry (MuJoCo, RoboCasa joints)",0.1,288,0.0416667,0.0239929,0.0714068,0.00347222,0.00694444,0.138889,0.229167,0.256944,0.128472,0,0.00061318,0.0194032,0.00190645,0.0249629,0.103681,0.183604,0.184379,0.281085,0.118056,0.302083,0.0831238,0.0496605,0.12703,0.322004,0.176092,0.487059,0.0680776,0.0365176,0.108565,0.131628,0.0804264,0.197912,0.512227,0.310975,0.817982,0.845753,0.825802,0.863478,0.110573,0.0928915,0.130419,0.956807,0.954001,0.959213,6.2903,6.36717,5.39918,7.19277,0.106702,0.0986237,0.123542,-0.141516,-0.164457,-0.0976287,0.120075,0.111041,0.126504,-0.161508,-0.193258,-0.0948813,0.116839,0.106277,0.123227,0.51914,0.673724,0.443298,0.875285,1.5,1.96181,1,3,15.4705,10.8914,22.6671,16.1134,11.0451,24.6541,0.113123,0.0921983,0.151162,0.535122,0.476196,0.632962,0.800085,0.696289,0.852823,-3.42218,-4.62342,-2.14989,3.35,3.13,3.76,3.42544e-14,1.88699e-14,6.33621e-14,0.0253838
l0.5_52k/mujoco_trueodom,"λ = 0.5, 52.8k steps, true odometry (MuJoCo, RoboCasa joints)",0.2,288,0.0590278,0.0371769,0.092488,0,0.0173611,0.1875,0.267361,0.260417,0.142361,0,0,0.0131633,0.00743774,0.0399907,0.146644,0.236583,0.219553,0.321294,0.118056,0.329861,0.0803157,0.0453427,0.122236,0.29784,0.164303,0.477037,0.0627856,0.036317,0.106731,0.126025,0.0735135,0.183486,0.507842,0.286269,0.768546,0.837244,0.814906,0.85586,0.118707,0.0985767,0.141679,0.956287,0.95362,0.958403,6.00103,6.14331,5.21297,7.10252,0.103714,0.0949901,0.118963,-0.145275,-0.17509,-0.0917835,0.122507,0.1128,0.127416,-0.157318,-0.198231,-0.0973969,0.119103,0.111008,0.124493,0.491211,0.645481,0.439242,0.684056,1,1.80556,0,3,12.4137,8.97488,19.44,13.9515,9.88022,21.233,0.101193,0.0811368,0.123077,0.539645,0.472959,0.642854,0.782498,0.678054,0.848965,-3.36377,-4.32201,-2.16088,3.08,2.88,3.56,3.52685e-14,1.74446e-14,6.0821e-14,0.0268502
l0.5_52k/mujoco_trueodom,"λ = 0.5, 52.8k steps, true odometry (MuJoCo, RoboCasa joints)",0.3,288,0.0659722,0.0426379,0.100733,0,0.0104167,0.131944,0.1875,0.232639,0.159722,0,0,0.0131633,0.00354875,0.0301737,0.0976596,0.175919,0.146644,0.236583,0.100694,0.315972,0.0899481,0.0599815,0.135701,0.292154,0.185486,0.482145,0.0778978,0.0470546,0.122647,0.144458,0.0904715,0.196787,0.503629,0.305787,0.801405,0.826431,0.8033,0.842264,0.129708,0.112959,0.152726,0.956181,0.954047,0.958254,6.0024,6.08746,5.02368,6.96249,0.101694,0.0898317,0.117495,-0.139908,-0.171399,-0.0998184,0.122607,0.114857,0.128256,-0.149445,-0.196027,-0.0955781,0.120847,0.113304,0.126108,0.489926,0.650339,0.421475,0.729068,1,1.77778,0,3,12.0746,8.43632,16.9832,11.212,8.53508,18.634,0.0922198,0.0772924,0.115535,0.529781,0.470717,0.641673,0.759451,0.657241,0.848088,-3.18517,-4.09878,-2.23717,3.3,2.95,3.72,3.23109e-14,1.72618e-14,5.61739e-14,0.0258993
l0.5_52k/mujoco_trueodom,"λ = 0.5, 52.8k steps, true odometry (MuJoCo, RoboCasa joints)",0.4,288,0.03125,0.016526,0.0583146,0,0.00347222,0.114583,0.170139,0.204861,0.142361,0,0,0.0131633,0.00061318,0.0194032,0.0827621,0.156551,0.131152,0.21781,0.0868056,0.236111,0.120834,0.0672524,0.178662,0.326288,0.217599,0.492518,0.104508,0.0567298,0.161598,0.18551,0.110835,0.25084,0.560444,0.360831,0.798677,0.814434,0.79771,0.831168,0.141523,0.124211,0.158515,0.956537,0.953566,0.95875,5.85153,5.92322,4.81477,6.91692,0.101241,0.0889701,0.115318,-0.146176,-0.171002,-0.0959348,0.120092,0.114365,0.127955,-0.154288,-0.194599,-0.0922192,0.119266,0.113096,0.125397,0.485498,0.652548,0.404969,0.761299,1,1.74306,0,2,12.2056,8.32181,17.6568,11.7162,8.66739,17.8336,0.0918353,0.076246,0.112551,0.527689,0.463835,0.614499,0.763458,0.668254,0.848845,-2.87482,-3.89025,-1.97167,3.42,3.06,3.7,3.39861e-14,1.61436e-14,5.95399e-14,0.0268497
l0.5_52k/mujoco_trueodom,"λ = 0.5, 52.8k steps, true odometry (MuJoCo, RoboCasa joints)",0.5,288,0.0243056,0.0118223,0.0493122,0,0,0.0486111,0.09375,0.170139,0.114583,0,0,0.0131633,0,0.0131633,0.0291741,0.0799317,0.0652307,0.132964,0.0486111,0.197917,0.152533,0.0931833,0.213639,0.373856,0.224009,0.5327,0.139736,0.0833909,0.204975,0.23465,0.156179,0.309182,0.571918,0.392598,0.864919,0.803551,0.788544,0.821366,0.152615,0.134327,0.16625,0.956223,0.953818,0.958793,5.68425,5.77598,4.60066,6.67611,0.0980759,0.0877972,0.11023,-0.146847,-0.171548,-0.0996444,0.123273,0.114285,0.128833,-0.15608,-0.192644,-0.0966636,0.121231,0.112824,0.127375,0.487543,0.575886,0.416353,0.656154,1,1.51736,0,2,11.1876,8.0877,17.0276,10.8529,8.02849,15.6685,0.0898925,0.0760953,0.110504,0.512106,0.462903,0.613882,0.737654,0.643964,0.839219,-2.72739,-3.72797,-1.82282,3.44,3.21,3.84,3.17168e-14,1.55565e-14,5.19319e-14,0.0267898
l0.5_52k/mujoco_trueodom,"λ = 0.5, 52.8k steps, true odometry (MuJoCo, RoboCasa joints)",0.6,288,0.0104167,0.00354875,0.0301737,0,0,0.03125,0.0520833,0.125,0.0833333,0,0,0.0131633,0,0.0131633,0.016526,0.0583146,0.0318137,0.0841451,0.0381944,0.163194,0.198776,0.120081,0.271428,0.418711,0.256115,0.591281,0.185534,0.107928,0.260813,0.296795,0.197057,0.377348,0.638901,0.428874,0.938899,0.793171,0.78045,0.809848,0.161005,0.145059,0.176096,0.956323,0.953929,0.958489,5.40296,5.60928,4.56413,6.6364,0.0948225,0.0853949,0.106145,-0.138115,-0.167447,-0.067861,0.123753,0.115746,0.129809,-0.155853,-0.186393,-0.0655401,0.123135,0.113702,0.12783,0.482521,0.602794,0.414484,0.620308,1,1.43403,0,2,11.7259,8.06595,16.7042,10.4563,8.1617,14.902,0.089872,0.0744757,0.11205,0.513817,0.464221,0.58905,0.731085,0.643013,0.839723,-2.48255,-3.57036,-1.69127,3.08,2.9,3.2,3.3116e-14,1.82821e-14,5.09815e-14,0.0231762
l0.5_52k/mujoco_trueodom,"λ = 0.5, 52.8k steps, true odometry (MuJoCo, RoboCasa joints)",0.7,288,0.0173611,0.00743774,0.0399907,0,0.00694444,0.0243056,0.0277778,0.0972222,0.0625,0,0,0.0131633,0.00190645,0.0249629,0.0118223,0.0493122,0.0141411,0.0538465,0.0208333,0.118056,0.242999,0.159239,0.339792,0.484399,0.28738,0.690173,0.229609,0.146769,0.327584,0.364981,0.252207,0.445417,0.704341,0.45884,0.993784,0.786977,0.774129,0.802382,0.169821,0.153591,0.182216,0.95647,0.954345,0.958653,5.39037,5.51538,4.38018,6.47172,0.0923353,0.0849478,0.104123,-0.134118,-0.163868,0.0945559,0.123368,0.11638,0.129655,-0.145404,-0.187046,0.078171,0.123054,0.115502,0.128615,0.482106,0.597901,0.420146,0.620599,1,1.3125,0,2,11.2763,8.04379,17.0151,10.0957,7.41467,14.3699,0.0871659,0.0752182,0.108181,0.497553,0.464434,0.557046,0.689467,0.621688,0.821985,-2.28417,-3.13815,-1.5295,3,2.96,3.16,2.74003e-14,1.57019e-14,4.98586e-14,0.0244227
l0.5_52k/mujoco_trueodom,"λ = 0.5, 52.8k steps, true odometry (MuJoCo, RoboCasa joints)",0.8,288,0.00347222,0.00061318,0.0194032,0,0,0.0138889,0.0173611,0.0486111,0.0486111,0.00347222,0,0.0131633,0,0.0131633,0.00541393,0.0351615,0.00743774,0.0399907,0.00694444,0.0659722,0.305316,0.207959,0.417269,0.511777,0.349187,0.765203,0.284147,0.196603,0.408239,0.433652,0.322903,0.528304,0.757362,0.537767,1.05322,0.781036,0.768444,0.79191,0.175228,0.164207,0.186672,0.956313,0.954128,0.958777,5.24096,5.49043,4.35694,6.31121,0.0939387,0.0859199,0.104509,-0.136924,-0.170899,0.0874734,0.125195,0.116158,0.129722,-0.149766,-0.184886,0.0724397,0.123697,0.116594,0.12837,0.479974,0.588569,0.397951,0.64796,1,1.40767,0,2,12.4222,8.82281,18.7694,10.2251,7.59391,15.3287,0.092802,0.0789564,0.114658,0.500972,0.4632,0.569307,0.708538,0.627625,0.823284,-2.09589,-2.98346,-1.35671,3.88,3.88,3.88,3.36514e-14,1.75484e-14,5.39345e-14,0.0343574
l0.5_52k/mujoco_trueodom,"λ = 0.5, 52.8k steps, true odometry (MuJoCo, RoboCasa joints)",0.9,288,0,0,0.0131633,0,0,0.00694444,0.00694444,0.0277778,0.0277778,0,0,0.0131633,0,0.0131633,0.00190645,0.0249629,0.00190645,0.0249629,0.00347222,0.0590278,0.376387,0.248476,0.489471,0.58247,0.417802,0.835352,0.364422,0.241794,0.472367,0.510259,0.385509,0.616085,0.833265,0.610069,1.11915,0.774811,0.76547,0.784679,0.181411,0.170176,0.191639,0.956622,0.95364,0.958882,5.08568,5.43241,4.1632,6.09795,0.0935291,0.0842872,0.10281,-0.127492,-0.157262,0.0940496,0.126055,0.117229,0.129811,-0.136306,-0.179932,0.0821789,0.125306,0.117032,0.128955,0.486099,0.577794,0.401022,0.594301,1,1.37847,0,2,13.0998,9.05305,20.1428,10.0664,7.76963,16.2164,0.0917999,0.0800436,0.118924,0.493384,0.455186,0.568205,0.693297,0.617979,0.807993,-1.88627,-2.61886,-1.02761,nan,nan,nan,3.29466e-14,1.53699e-14,5.52178e-14,nan
l0.5_52k/mujoco_trueodom,"λ = 0.5, 52.8k steps, true odometry (MuJoCo, RoboCasa joints)",1,288,0,0,0.0131633,0,0,0.00347222,0.00347222,0.0104167,0,0,0,0.0131633,0,0.0131633,0.00061318,0.0194032,0.00061318,0.0194032,0,0.0138889,0.4569,0.316403,0.573108,0.690596,0.452134,0.884262,0.441499,0.308215,0.563644,0.591605,0.467019,0.714041,0.903887,0.649959,1.22427,0.770946,0.761423,0.779511,0.185252,0.175889,0.195631,0.956936,0.954642,0.959149,5.07336,5.31962,4.26676,6.04433,0.0925089,0.0833742,0.103917,-0.124124,-0.161756,0.0956799,0.126528,0.11809,0.130455,-0.134402,-0.183317,0.0850624,0.125183,0.118462,0.129043,0.483614,0.599559,0.403593,0.656681,1,1.30903,0,2,13.8047,9.41117,21.6925,10.9937,7.99399,16.8928,0.0987014,0.0843042,0.122675,0.491101,0.455069,0.558665,0.690238,0.615911,0.817819,-1.61101,-2.36825,-0.985271,nan,nan,nan,3.58202e-14,1.56103e-14,6.01637e-14,nan
