condition,name,bin_lo,bin_mid,n,success,success_lo,success_hi,success_2cm,success_3cm,success_8cm,success_10cm,success_l,success_r,fall_rate,success_2cm_lo,success_2cm_hi,success_3cm_lo,success_3cm_hi,success_8cm_lo,success_8cm_hi,success_10cm_lo,success_10cm_hi,pos_ok,rot_ok,err_last1s_med,err_last1s_q25,err_last1s_q75,rot_last1s_med,rot_last1s_q25,rot_last1s_q75,closest_med,closest_q25,closest_q75,hold_err_pos_med,hold_err_pos_q25,hold_err_pos_q75,hold_err_rot_med,hold_err_rot_q25,hold_err_rot_q75,pelvis_h_last1s_med,pelvis_h_last1s_q25,pelvis_h_last1s_q75,pelvis_drop_last1s_med,pelvis_drop_last1s_q25,pelvis_drop_last1s_q75,pelvis_h_start_med,pelvis_h_start_q25,pelvis_h_start_q75,tilt_max_deg_med,tilt_max_deg_mean,tilt_max_deg_q25,tilt_max_deg_q75,angvel_rms_med,angvel_rms_q25,angvel_rms_q75,com_margin_min_med,com_margin_min_q25,com_margin_min_q75,com_margin_last1s_med,com_margin_last1s_q25,com_margin_last1s_q75,dcm_margin_min_med,dcm_margin_min_q25,dcm_margin_min_q75,dcm_margin_last1s_med,dcm_margin_last1s_q25,dcm_margin_last1s_q75,foot_slip_max_med,foot_slip_max_mean,foot_slip_max_q25,foot_slip_max_q75,steps_med,steps_mean,steps_q25,steps_q75,ee_jitter_l_med,ee_jitter_l_q25,ee_jitter_l_q75,ee_jitter_r_med,ee_jitter_r_q25,ee_jitter_r_q75,ee_speed_rms_med,ee_speed_rms_q25,ee_speed_rms_q75,torque_knee_max_med,torque_knee_max_q25,torque_knee_max_q75,torque_ankle_max_med,torque_ankle_max_q25,torque_ankle_max_q75,pitch_last1s_deg_med,pitch_last1s_deg_q25,pitch_last1s_deg_q75,t_success_med,t_success_q25,t_success_q75,cmd_drift_end_med,cmd_drift_end_q25,cmd_drift_end_q75,err_last1s_success_med
golem_ik/kinematic,"GOLEM arm IK, standing",-0.1,-0.05,24,0,0,0.137981,0,0,0,0,0,0,0,0,0.137981,0,0.137981,0,0.137981,0,0.137981,0,1,0.781006,0.641629,0.835161,0.0565774,0.0292377,0.0754707,0.781006,0.641629,0.835161,0.951056,0.930733,0.96888,0.0870858,0.0419663,0.133676,1.0024,1.0024,1.0024,0,0,0,1.0024,1.0024,1.0024,nan,nan,nan,nan,nan,nan,nan,nan,nan,nan,nan,nan,nan,nan,nan,nan,nan,nan,nan,nan,nan,nan,nan,nan,nan,nan,nan,nan,nan,nan,nan,nan,nan,nan,nan,nan,nan,nan,nan,nan,nan,nan,0,0,0,nan,nan,nan,nan,nan,nan,nan
golem_ik/kinematic,"GOLEM arm IK, standing",0,0.05,75,0,0,0.0487255,0,0,0,0,0,0,0,0,0.0487255,0,0.0487255,0,0.0487255,0,0.0487255,0,0.973333,0.760009,0.657625,0.820592,0.0583497,0.0250399,0.0925674,0.760009,0.657625,0.820592,0.892129,0.860195,0.924055,0.0958464,0.0384744,0.170298,1.0024,1.0024,1.0024,0,0,0,1.0024,1.0024,1.0024,nan,nan,nan,nan,nan,nan,nan,nan,nan,nan,nan,nan,nan,nan,nan,nan,nan,nan,nan,nan,nan,nan,nan,nan,nan,nan,nan,nan,nan,nan,nan,nan,nan,nan,nan,nan,nan,nan,nan,nan,nan,nan,0,0,0,nan,nan,nan,nan,nan,nan,nan
golem_ik/kinematic,"GOLEM arm IK, standing",0.1,0.15,120,0,0,0.0310203,0,0,0,0,0,0,0,0,0.0310203,0,0.0310203,0,0.0310203,0,0.0310203,0,0.958333,0.672187,0.585224,0.734262,0.0691696,0.0225247,0.142243,0.672187,0.585224,0.734262,0.808099,0.778574,0.83866,0.131289,0.0390152,0.217808,1.0024,1.0024,1.0024,0,0,0,1.0024,1.0024,1.0024,nan,nan,nan,nan,nan,nan,nan,nan,nan,nan,nan,nan,nan,nan,nan,nan,nan,nan,nan,nan,nan,nan,nan,nan,nan,nan,nan,nan,nan,nan,nan,nan,nan,nan,nan,nan,nan,nan,nan,nan,nan,nan,0,0,0,nan,nan,nan,nan,nan,nan,nan
golem_ik/kinematic,"GOLEM arm IK, standing",0.2,0.25,165,0,0,0.0227527,0,0,0,0,0,0.0181818,0,0,0.0227527,0,0.0227527,0,0.0227527,0,0.0227527,0,0.981818,0.594883,0.518663,0.65148,0.0718494,0.0262737,0.125761,0.594883,0.518663,0.65148,0.72566,0.693794,0.759306,0.121985,0.0467898,0.19684,1.0024,1.0024,1.0024,0,0,0,1.0024,1.0024,1.0024,nan,nan,nan,nan,nan,nan,nan,nan,nan,nan,nan,nan,nan,nan,nan,nan,nan,nan,nan,nan,nan,nan,nan,nan,nan,nan,nan,nan,nan,nan,nan,nan,nan,nan,nan,nan,nan,nan,nan,nan,nan,nan,0,0,0,nan,nan,nan,nan,nan,nan,nan
golem_ik/kinematic,"GOLEM arm IK, standing",0.3,0.35,201,0,0,0.018754,0,0,0,0,0.00497512,0.0447761,0,0,0.018754,0,0.018754,0,0.018754,0,0.018754,0,0.9801,0.509336,0.437508,0.570689,0.0796379,0.0255656,0.130661,0.509336,0.437508,0.570689,0.638872,0.603149,0.674794,0.127652,0.044407,0.190404,1.0024,1.0024,1.0024,0,0,0,1.0024,1.0024,1.0024,nan,nan,nan,nan,nan,nan,nan,nan,nan,nan,nan,nan,nan,nan,nan,nan,nan,nan,nan,nan,nan,nan,nan,nan,nan,nan,nan,nan,nan,nan,nan,nan,nan,nan,nan,nan,nan,nan,nan,nan,nan,nan,0,0,0,nan,nan,nan,nan,nan,nan,nan
golem_ik/kinematic,"GOLEM arm IK, standing",0.4,0.45,237,0,0,0.0159507,0,0,0,0,0.0126582,0.0675105,0,0,0.0159507,0,0.0159507,0,0.0159507,0,0.0159507,0,0.987342,0.439248,0.368343,0.499562,0.0686269,0.0194072,0.120382,0.439248,0.368343,0.499562,0.5526,0.515624,0.597176,0.116809,0.036546,0.183291,1.0024,1.0024,1.0024,0,0,0,1.0024,1.0024,1.0024,nan,nan,nan,nan,nan,nan,nan,nan,nan,nan,nan,nan,nan,nan,nan,nan,nan,nan,nan,nan,nan,nan,nan,nan,nan,nan,nan,nan,nan,nan,nan,nan,nan,nan,nan,nan,nan,nan,nan,nan,nan,nan,0,0,0,nan,nan,nan,nan,nan,nan,nan
golem_ik/kinematic,"GOLEM arm IK, standing",0.5,0.55,255,0,0,0.0148415,0,0,0,0,0.0392157,0.0823529,0,0,0.0148415,0,0.0148415,0,0.0148415,0,0.0148415,0,0.996078,0.361093,0.292967,0.426575,0.0586333,0.0150278,0.108905,0.361093,0.292967,0.426575,0.466765,0.425694,0.513822,0.0993792,0.0226599,0.162155,1.0024,1.0024,1.0024,0,0,0,1.0024,1.0024,1.0024,nan,nan,nan,nan,nan,nan,nan,nan,nan,nan,nan,nan,nan,nan,nan,nan,nan,nan,nan,nan,nan,nan,nan,nan,nan,nan,nan,nan,nan,nan,nan,nan,nan,nan,nan,nan,nan,nan,nan,nan,nan,nan,0,0,0,nan,nan,nan,nan,nan,nan,nan
golem_ik/kinematic,"GOLEM arm IK, standing",0.6,0.65,267,0,0,0.0141839,0,0,0,0,0.071161,0.11236,0,0,0.0141839,0,0.0141839,0,0.0141839,0,0.0141839,0,1,0.287376,0.225297,0.3593,0.0452575,0.0105407,0.0924945,0.287376,0.225297,0.3593,0.381392,0.337921,0.433944,0.0786519,0.0150849,0.136872,1.0024,1.0024,1.0024,0,0,0,1.0024,1.0024,1.0024,nan,nan,nan,nan,nan,nan,nan,nan,nan,nan,nan,nan,nan,nan,nan,nan,nan,nan,nan,nan,nan,nan,nan,nan,nan,nan,nan,nan,nan,nan,nan,nan,nan,nan,nan,nan,nan,nan,nan,nan,nan,nan,0,0,0,nan,nan,nan,nan,nan,nan,nan
golem_ik/kinematic,"GOLEM arm IK, standing",0.7,0.75,282,0,0,0.0134396,0,0,0,0,0.106383,0.152482,0,0,0.0134396,0,0.0134396,0,0.0134396,0,0.0134396,0,1,0.222267,0.163977,0.297394,0.0336709,0.00486152,0.0747887,0.222267,0.163977,0.297394,0.309844,0.25506,0.367109,0.0597989,0.00819766,0.117551,1.0024,1.0024,1.0024,0,0,0,1.0024,1.0024,1.0024,nan,nan,nan,nan,nan,nan,nan,nan,nan,nan,nan,nan,nan,nan,nan,nan,nan,nan,nan,nan,nan,nan,nan,nan,nan,nan,nan,nan,nan,nan,nan,nan,nan,nan,nan,nan,nan,nan,nan,nan,nan,nan,0,0,0,nan,nan,nan,nan,nan,nan,nan
golem_ik/kinematic,"GOLEM arm IK, standing",0.8,0.85,288,0,0,0.0131633,0,0,0.0243056,0.0451389,0.159722,0.211806,0,0,0.0131633,0,0.0131633,0.0118223,0.0493122,0.0265661,0.0756866,0,0.996528,0.165596,0.107736,0.232258,0.0220014,0.00337106,0.0561432,0.165596,0.107736,0.232258,0.233705,0.180876,0.293165,0.0393311,0.00540363,0.0909197,1.0024,1.0024,1.0024,0,0,0,1.0024,1.0024,1.0024,nan,nan,nan,nan,nan,nan,nan,nan,nan,nan,nan,nan,nan,nan,nan,nan,nan,nan,nan,nan,nan,nan,nan,nan,nan,nan,nan,nan,nan,nan,nan,nan,nan,nan,nan,nan,nan,nan,nan,nan,nan,nan,0,0,0,nan,nan,nan,nan,nan,nan,nan
golem_ik/kinematic,"GOLEM arm IK, standing",0.9,0.95,288,0.09375,0.0652307,0.132964,0.0486111,0.0555556,0.197917,0.232639,0.295139,0.295139,0,0.0291741,0.0799317,0.0344821,0.0883298,0.156008,0.247778,0.187555,0.284761,0.09375,0.996528,0.109769,0.0593737,0.170648,0.0103277,0.00149024,0.0355271,0.109769,0.0593737,0.170648,0.167124,0.102004,0.23043,0.0171683,0.00222888,0.0595252,1.0024,1.0024,1.0024,0,0,0,1.0024,1.0024,1.0024,nan,nan,nan,nan,nan,nan,nan,nan,nan,nan,nan,nan,nan,nan,nan,nan,nan,nan,nan,nan,nan,nan,nan,nan,nan,nan,nan,nan,nan,nan,nan,nan,nan,nan,nan,nan,nan,nan,nan,nan,nan,nan,0,0,0,nan,nan,nan,nan,nan,nan,0.0101569
golem_ik/kinematic,"GOLEM arm IK, standing",1,1.05,264,0.242424,0.194662,0.297575,0.147727,0.181818,0.382576,0.44697,0.42803,0.431818,0,0.109986,0.195574,0.139966,0.232798,0.32603,0.44249,0.388182,0.507278,0.242424,1,0.0742242,0.0311505,0.132954,0.00438939,0.000594905,0.0222946,0.0742242,0.0311505,0.132954,0.116986,0.0521226,0.181366,0.00778599,0.00097905,0.036736,1.0024,1.0024,1.0024,0,0,0,1.0024,1.0024,1.0024,nan,nan,nan,nan,nan,nan,nan,nan,nan,nan,nan,nan,nan,nan,nan,nan,nan,nan,nan,nan,nan,nan,nan,nan,nan,nan,nan,nan,nan,nan,nan,nan,nan,nan,nan,nan,nan,nan,nan,nan,nan,nan,0,0,0,nan,nan,nan,nan,nan,nan,0.00433649
golem_ik/kinematic,"GOLEM arm IK, standing",1.1,1.15,213,0.375587,0.313295,0.442287,0.230047,0.28169,0.497653,0.568075,0.577465,0.507042,0,0.178608,0.291051,0.225561,0.345555,0.431144,0.564244,0.500927,0.632811,0.375587,1,0.051742,0.0144008,0.103768,0.00186528,0.000381688,0.0172428,0.051742,0.0144008,0.103768,0.0809173,0.0232302,0.153682,0.00322201,0.000734055,0.0300938,1.0024,1.0024,1.0024,0,0,0,1.0024,1.0024,1.0024,nan,nan,nan,nan,nan,nan,nan,nan,nan,nan,nan,nan,nan,nan,nan,nan,nan,nan,nan,nan,nan,nan,nan,nan,nan,nan,nan,nan,nan,nan,nan,nan,nan,nan,nan,nan,nan,nan,nan,nan,nan,nan,0,0,0,nan,nan,nan,nan,nan,nan,0.00538173
golem_ik/kinematic,"GOLEM arm IK, standing",1.2,1.25,168,0.422619,0.350471,0.498227,0.315476,0.35119,0.541667,0.678571,0.613095,0.553571,0,0.249997,0.389205,0.283069,0.425966,0.466231,0.61524,0.604637,0.744522,0.422619,1,0.0413796,0.00414225,0.0918348,0.00154496,0.000275094,0.0125352,0.0413796,0.00414225,0.0918348,0.0665753,0.00772094,0.126728,0.00286045,0.000509382,0.0218143,1.0024,1.0024,1.0024,0,0,0,1.0024,1.0024,1.0024,nan,nan,nan,nan,nan,nan,nan,nan,nan,nan,nan,nan,nan,nan,nan,nan,nan,nan,nan,nan,nan,nan,nan,nan,nan,nan,nan,nan,nan,nan,nan,nan,nan,nan,nan,nan,nan,nan,nan,nan,nan,nan,0,0,0,nan,nan,nan,nan,nan,nan,0.000453607
golem_ik/kinematic,"GOLEM arm IK, standing",1.3,1.35,123,0.479675,0.393345,0.567236,0.365854,0.406504,0.642276,0.739837,0.658537,0.617886,0,0.285993,0.45384,0.323808,0.494863,0.554438,0.721497,0.655878,0.809269,0.479675,1,0.0294035,0.000301685,0.0786385,0.00111763,0.000202987,0.0107857,0.0294035,0.000301685,0.0786385,0.0566889,0.000479594,0.100818,0.00223526,0.000379738,0.0180877,1.0024,1.0024,1.0024,0,0,0,1.0024,1.0024,1.0024,nan,nan,nan,nan,nan,nan,nan,nan,nan,nan,nan,nan,nan,nan,nan,nan,nan,nan,nan,nan,nan,nan,nan,nan,nan,nan,nan,nan,nan,nan,nan,nan,nan,nan,nan,nan,nan,nan,nan,nan,nan,nan,0,0,0,nan,nan,nan,nan,nan,nan,0.000204673
golem_ik/kinematic,"GOLEM arm IK, standing",1.4,1.45,87,0.494253,0.391681,0.597311,0.367816,0.390805,0.643678,0.758621,0.655172,0.632184,0,0.274085,0.472727,0.294977,0.495868,0.53893,0.736274,0.659008,0.83636,0.494253,1,0.0277734,0.000295067,0.077036,0.00137203,0.000270428,0.0103808,0.0277734,0.000295067,0.077036,0.0512278,0.000539444,0.0910808,0.00230796,0.000433073,0.0168208,1.0024,1.0024,1.0024,0,0,0,1.0024,1.0024,1.0024,nan,nan,nan,nan,nan,nan,nan,nan,nan,nan,nan,nan,nan,nan,nan,nan,nan,nan,nan,nan,nan,nan,nan,nan,nan,nan,nan,nan,nan,nan,nan,nan,nan,nan,nan,nan,nan,nan,nan,nan,nan,nan,0,0,0,nan,nan,nan,nan,nan,nan,0.000283928
golem_ik/kinematic,"GOLEM arm IK, standing",1.5,1.55,51,0.490196,0.358573,0.623193,0.372549,0.392157,0.666667,0.745098,0.607843,0.607843,0,0.253203,0.50975,0.270271,0.529151,0.529681,0.780302,0.611315,0.844544,0.490196,1,0.0268881,0.000198422,0.0821705,0.00113586,0.000176659,0.00670733,0.0268881,0.000198422,0.0821705,0.0510012,0.00029426,0.116795,0.00173332,0.000320066,0.0116686,1.0024,1.0024,1.0024,0,0,0,1.0024,1.0024,1.0024,nan,nan,nan,nan,nan,nan,nan,nan,nan,nan,nan,nan,nan,nan,nan,nan,nan,nan,nan,nan,nan,nan,nan,nan,nan,nan,nan,nan,nan,nan,nan,nan,nan,nan,nan,nan,nan,nan,nan,nan,nan,nan,0,0,0,nan,nan,nan,nan,nan,nan,0.000190343
golem_ik/kinematic,"GOLEM arm IK, standing",1.6,1.65,33,0.484848,0.325038,0.647819,0.393939,0.424242,0.636364,0.757576,0.545455,0.636364,0,0.246829,0.563169,0.272354,0.59193,0.466159,0.77813,0.589751,0.871684,0.484848,1,0.0355502,0.000203566,0.0800391,0.000810081,0.000247443,0.00427045,0.0355502,0.000203566,0.0800391,0.0571377,0.000260778,0.0871786,0.00162016,0.000337247,0.00762725,1.0024,1.0024,1.0024,0,0,0,1.0024,1.0024,1.0024,nan,nan,nan,nan,nan,nan,nan,nan,nan,nan,nan,nan,nan,nan,nan,nan,nan,nan,nan,nan,nan,nan,nan,nan,nan,nan,nan,nan,nan,nan,nan,nan,nan,nan,nan,nan,nan,nan,nan,nan,nan,nan,0,0,0,nan,nan,nan,nan,nan,nan,0.000161806
golem_ik/kinematic,"GOLEM arm IK, standing",1.7,1.75,21,0.47619,0.283437,0.676308,0.333333,0.47619,0.52381,0.666667,0.47619,0.619048,0,0.171945,0.546269,0.283437,0.676308,0.323692,0.716563,0.453731,0.828055,0.47619,1,0.046175,0.000420336,0.087471,0.000948704,0.000198118,0.00235433,0.046175,0.000420336,0.087471,0.0647336,0.000840673,0.104781,0.00162511,0.000326026,0.00330225,1.0024,1.0024,1.0024,0,0,0,1.0024,1.0024,1.0024,nan,nan,nan,nan,nan,nan,nan,nan,nan,nan,nan,nan,nan,nan,nan,nan,nan,nan,nan,nan,nan,nan,nan,nan,nan,nan,nan,nan,nan,nan,nan,nan,nan,nan,nan,nan,nan,nan,nan,nan,nan,nan,0,0,0,nan,nan,nan,nan,nan,nan,0.000337462
golem_ik/kinematic,"GOLEM arm IK, standing",1.8,1.85,6,0.333333,0.0967693,0.700012,0.333333,0.333333,0.666667,0.666667,0.333333,0.333333,0,0.0967693,0.700012,0.0967693,0.700012,0.299988,0.903231,0.299988,0.903231,0.333333,1,0.0648528,0.0161899,0.122429,0.00153892,0.00093784,0.00235458,0.0648528,0.0161899,0.122429,0.0706974,0.0171594,0.130499,0.0022444,0.00146506,0.00369784,1.0024,1.0024,1.0024,0,0,0,1.0024,1.0024,1.0024,nan,nan,nan,nan,nan,nan,nan,nan,nan,nan,nan,nan,nan,nan,nan,nan,nan,nan,nan,nan,nan,nan,nan,nan,nan,nan,nan,nan,nan,nan,nan,nan,nan,nan,nan,nan,nan,nan,nan,nan,nan,nan,0,0,0,nan,nan,nan,nan,nan,nan,0.000212759
l0/isaac,λ = 0,-0.1,-0.05,24,0,0,0.137981,0,0,0,0,0,0,0,0,0.137981,0,0.137981,0,0.137981,0,0.137981,0,0,0.484508,0.431727,0.541087,0.421378,0.378901,0.491316,0.457696,0.390927,0.51919,0.662486,0.645933,0.679989,0.603206,0.521373,0.808105,0.700054,0.694535,0.718438,0.220481,0.206231,0.2317,0.920301,0.915373,0.932504,14.0824,14.5134,13.3727,15.6478,0.154189,0.148287,0.162846,-0.119562,-0.146503,-0.0810323,0.125992,0.122494,0.12841,-0.141481,-0.182312,-0.0765932,0.125218,0.123219,0.129077,0.604263,0.632972,0.322106,0.815498,1,0.625,0,1,37.8156,28.6262,44.1234,35.5591,30.1151,44.9307,0.3993,0.370036,0.448095,0.529649,0.490493,0.586627,0.690146,0.630821,0.755072,12.8885,11.7535,13.7933,nan,nan,nan,0.0385797,0.0322409,0.0501096,nan
l0/isaac,λ = 0,0,0.05,75,0,0,0.0487255,0,0,0,0,0,0,0,0,0.0487255,0,0.0487255,0,0.0487255,0,0.0487255,0,0,0.470454,0.388748,0.534593,0.446753,0.340662,0.615884,0.449383,0.360352,0.509078,0.603552,0.572761,0.652403,0.69962,0.531144,0.893165,0.707529,0.69696,0.727024,0.213921,0.201284,0.234962,0.928076,0.917489,0.936087,14.3412,14.2907,13.6207,15.1893,0.153271,0.1414,0.16505,-0.119679,-0.14071,-0.0911403,0.125979,0.12086,0.129495,-0.13974,-0.168168,-0.0878161,0.124794,0.120597,0.128146,0.560402,0.664832,0.370729,0.847337,0,0.786667,0,1,29.2801,25.3987,37.3693,29.0767,21.3437,37.2617,0.367186,0.309198,0.437391,0.534663,0.482602,0.600679,0.706582,0.639154,0.789864,12.7869,11.6823,13.5507,nan,nan,nan,0.0419864,0.033368,0.0500686,nan
l0/isaac,λ = 0,0.1,0.15,120,0,0,0.0310203,0,0,0,0,0,0.0583333,0,0,0.0310203,0,0.0310203,0,0.0310203,0,0.0310203,0,0.0416667,0.38734,0.320609,0.445507,0.454522,0.328826,0.64718,0.362962,0.295669,0.425132,0.528174,0.485069,0.568739,0.660633,0.50656,0.99099,0.709049,0.697581,0.72799,0.209895,0.188672,0.231115,0.922177,0.914683,0.931078,13.727,13.7353,12.6244,14.7884,0.149357,0.142737,0.159331,-0.119529,-0.14383,0.0854602,0.125007,0.119148,0.1303,-0.130124,-0.173199,0.0671882,0.123821,0.118672,0.128124,0.638062,0.692593,0.434184,0.813293,1,0.75,0,1,28.4854,22.834,34.6234,26.7357,20.2229,35.5572,0.335811,0.289801,0.389471,0.512941,0.46339,0.603601,0.700353,0.635191,0.798047,12.3998,11.2846,13.2954,nan,nan,nan,0.0372509,0.0295861,0.0454329,nan
l0/isaac,λ = 0,0.2,0.25,165,0,0,0.0227527,0,0,0,0,0.0121212,0.0666667,0,0,0.0227527,0,0.0227527,0,0.0227527,0,0.0227527,0,0.0848485,0.313718,0.255637,0.366177,0.392928,0.295324,0.596242,0.286667,0.233696,0.34456,0.450571,0.403496,0.495169,0.617756,0.454685,0.92694,0.710253,0.694594,0.733352,0.206937,0.186875,0.231643,0.922754,0.915387,0.931557,12.9513,12.9734,12.0936,13.8852,0.145764,0.136563,0.154982,-0.111309,-0.132215,0.0961538,0.124885,0.120187,0.129238,-0.122737,-0.159115,0.082252,0.123603,0.118134,0.127846,0.6681,0.710134,0.425844,0.883829,0,0.648485,0,1,25.9491,20.7328,32.9956,25.4811,20.477,32.9881,0.319937,0.278224,0.37346,0.519563,0.464092,0.58719,0.721703,0.628201,0.834348,11.6322,10.7828,12.638,nan,nan,nan,0.0374684,0.0298228,0.0463346,nan
l0/isaac,λ = 0,0.3,0.35,201,0,0,0.018754,0,0,0,0,0.0597015,0.0845771,0,0,0.018754,0,0.018754,0,0.018754,0,0.018754,0,0.144279,0.241143,0.196946,0.299094,0.399911,0.269991,0.558649,0.219487,0.174423,0.275017,0.355744,0.303754,0.411062,0.556233,0.413175,0.863345,0.70654,0.689039,0.730588,0.216316,0.186248,0.235807,0.923661,0.915785,0.929939,12.6667,12.5493,11.5645,13.5925,0.139983,0.132493,0.149948,-0.111547,-0.134496,0.0971913,0.12494,0.118023,0.128479,-0.120952,-0.15023,0.0836344,0.123615,0.11795,0.12749,0.617283,0.661538,0.39098,0.802414,0,0.646766,0,1,24.9402,18.79,30.2766,24.5658,18.5092,31.079,0.306127,0.265873,0.358611,0.516942,0.458968,0.585816,0.713015,0.619051,0.806399,11.2262,10.2363,12.1854,nan,nan,nan,0.0332124,0.0257865,0.0418925,nan
l0/isaac,λ = 0,0.4,0.45,237,0,0,0.0159507,0,0,0,0,0.07173,0.105485,0,0,0.0159507,0,0.0159507,0,0.0159507,0,0.0159507,0,0.219409,0.194659,0.153341,0.239492,0.336724,0.236236,0.56308,0.171631,0.1326,0.217754,0.288287,0.227114,0.338571,0.522615,0.381984,0.846998,0.706998,0.687717,0.730142,0.212305,0.190781,0.23653,0.922769,0.915761,0.929439,12.2416,12.3351,11.2077,13.4216,0.138781,0.130416,0.150038,-0.104445,-0.138604,0.0975034,0.124316,0.118229,0.128381,-0.110881,-0.159138,0.086562,0.123441,0.118517,0.127006,0.635162,0.707389,0.461501,0.83615,0,0.658228,0,1,22.6685,17.5279,28.6983,22.4738,17.6796,29.1884,0.294878,0.250634,0.345735,0.515731,0.463923,0.594719,0.715838,0.629018,0.834623,10.8793,9.62096,12.0276,nan,nan,nan,0.0325228,0.0250548,0.0438777,nan
l0/isaac,λ = 0,0.5,0.55,255,0,0,0.0148415,0,0,0.0235294,0.0431373,0.113725,0.156863,0,0,0.0148415,0,0.0148415,0.0108272,0.0503747,0.024255,0.0755806,0,0.298039,0.145058,0.101416,0.1819,0.32363,0.20791,0.507022,0.123522,0.0849949,0.158624,0.210096,0.15759,0.25893,0.493516,0.320205,0.800555,0.705325,0.686582,0.729407,0.217518,0.194329,0.237237,0.924436,0.91509,0.932767,12.1952,12.1608,11.0787,13.2543,0.139228,0.129476,0.149588,-0.110125,-0.133751,0.0900168,0.123774,0.117416,0.128739,-0.126197,-0.161002,0.0784374,0.122574,0.116377,0.127435,0.583981,0.677404,0.436121,0.826002,0,0.756863,0,1,20.5988,15.7201,25.7111,20.2401,16.1929,27.6194,0.26308,0.216612,0.308026,0.51339,0.460766,0.612571,0.738322,0.638199,0.814941,10.6571,9.55503,11.8835,nan,nan,nan,0.0330594,0.0253289,0.0428462,nan
l0/isaac,λ = 0,0.6,0.65,267,0.0411985,0.0231576,0.0722547,0,0,0.138577,0.224719,0.191011,0.183521,0,0,0.0141839,0,0.0141839,0.102237,0.18517,0.17876,0.278487,0.0636704,0.382022,0.0991845,0.0674563,0.142873,0.281727,0.175138,0.464871,0.0751943,0.0444623,0.119105,0.139417,0.0978055,0.202898,0.449304,0.264986,0.71549,0.707783,0.68806,0.730622,0.214341,0.193292,0.239098,0.923929,0.916157,0.932776,11.737,11.8358,10.7025,12.9881,0.133567,0.125346,0.143513,-0.106309,-0.138203,0.0962098,0.12363,0.11607,0.129071,-0.122849,-0.161149,0.0862238,0.123456,0.115879,0.127581,0.603291,0.66578,0.398643,0.833435,0,0.625468,0,1,18.2707,14.6168,23.4506,19.4326,14.6416,25.5215,0.24188,0.204158,0.299591,0.511484,0.458511,0.585972,0.725196,0.623792,0.827066,10.4116,9.33801,11.5259,2.2,2.16,3.11,0.0345322,0.0267254,0.0457243,0.0290119
l0/isaac,λ = 0,0.7,0.75,282,0.0851064,0.0578564,0.123508,0,0.0106383,0.294326,0.404255,0.244681,0.283688,0,0,0.0134396,0.00362439,0.0308059,0.244185,0.349996,0.348636,0.462449,0.12766,0.443262,0.0712856,0.0455617,0.119896,0.247451,0.158505,0.404628,0.05156,0.0243205,0.0928368,0.100545,0.0655896,0.170173,0.380729,0.248105,0.624281,0.707139,0.688134,0.725027,0.218978,0.196802,0.237924,0.924608,0.917132,0.933397,11.6596,11.7512,10.6907,12.7997,0.133904,0.123453,0.141594,-0.0961167,-0.130869,0.0976747,0.123748,0.116599,0.128442,-0.110032,-0.147615,0.0855812,0.123098,0.116758,0.12732,0.609822,0.655187,0.413492,0.784928,0,0.585106,0,1,16.6932,13.1824,22.3269,17.3121,13.5004,22.7114,0.221391,0.192776,0.270685,0.510368,0.463317,0.584654,0.734629,0.632641,0.832411,10.2146,9.17581,11.3835,2.29,1.92,2.9,0.0331564,0.0253592,0.0442605,0.0284427
l0/isaac,λ = 0,0.8,0.85,288,0.138889,0.103681,0.183604,0,0.0104167,0.402778,0.503472,0.350694,0.309028,0,0,0.0131633,0.00354875,0.0301737,0.347772,0.460343,0.446062,0.560791,0.184028,0.538194,0.0589692,0.0418668,0.100601,0.213806,0.138313,0.373154,0.0359455,0.0213428,0.0696977,0.0810971,0.0570776,0.145194,0.33111,0.208523,0.572693,0.709731,0.691271,0.727545,0.212884,0.193857,0.233713,0.922724,0.914698,0.931344,11.6983,11.6954,10.5823,12.8604,0.135691,0.123838,0.14757,-0.098236,-0.135003,0.0951799,0.123133,0.115142,0.127958,-0.106833,-0.159467,0.0818482,0.122917,0.115521,0.12705,0.609582,0.672613,0.456973,0.814765,0,0.739583,0,1,15.3477,12.4333,21.1199,16.413,12.9525,22.3394,0.225483,0.193611,0.272032,0.534571,0.47696,0.635622,0.741726,0.646849,0.845259,10.1355,9.01224,11.3793,2.11,1.795,2.745,0.0366439,0.0276457,0.0495273,0.0311648
l0/isaac,λ = 0,0.9,0.95,288,0.152778,0.115819,0.198878,0,0.0104167,0.413194,0.527778,0.3125,0.392361,0,0,0.0131633,0.00354875,0.0301737,0.357831,0.470843,0.470134,0.58469,0.229167,0.541667,0.0570426,0.0417882,0.10295,0.203784,0.129004,0.350652,0.0318727,0.0187006,0.0678077,0.0755921,0.0512606,0.147464,0.316206,0.199656,0.535396,0.710576,0.690853,0.729965,0.212739,0.189572,0.234212,0.923826,0.915086,0.932242,11.5535,11.7121,10.45,12.8326,0.133319,0.124743,0.143154,-0.0924258,-0.131538,0.0990492,0.122624,0.11494,0.128284,-0.100001,-0.153145,0.0867609,0.122498,0.113876,0.12695,0.572903,0.641094,0.428937,0.769171,0,0.59375,0,1,15.8937,11.9632,21.3643,16.4288,12.8533,22.7569,0.224098,0.192844,0.279016,0.516355,0.469522,0.587292,0.756406,0.649871,0.838228,10.0715,8.95139,11.3922,2.1,1.735,2.79,0.0386333,0.0273546,0.0505726,0.0322991
l0/isaac,λ = 0,1,1.05,264,0.128788,0.0936444,0.17458,0,0,0.375,0.507576,0.291667,0.363636,0,0,0.0143428,0,0.0143428,0.318786,0.4348,0.447593,0.567341,0.166667,0.560606,0.0645978,0.0466319,0.0993279,0.204665,0.135433,0.351401,0.0353661,0.0203859,0.0749727,0.0831657,0.0572902,0.150182,0.301228,0.210471,0.514143,0.71312,0.694735,0.732523,0.210951,0.190735,0.231604,0.923636,0.915479,0.933086,11.7665,11.7827,10.5383,12.8246,0.133429,0.124984,0.144599,-0.0993015,-0.135469,0.0976173,0.121807,0.114365,0.127908,-0.112736,-0.155219,0.0887008,0.121815,0.114591,0.126695,0.59145,0.653193,0.422797,0.798528,0,0.666667,0,1,16.0464,12.2704,22.6116,16.2486,12.9172,22.3471,0.222671,0.191256,0.279714,0.503143,0.465118,0.594798,0.751741,0.641799,0.845881,10.1107,8.97738,11.325,2.08,1.68,2.585,0.0388199,0.0304061,0.0495645,0.036534
l0/isaac,λ = 0,1.1,1.15,213,0.084507,0.0541214,0.129615,0,0,0.300469,0.42723,0.215962,0.328638,0,0,0.0177162,0,0.0177162,0.24288,0.365129,0.362664,0.494374,0.117371,0.544601,0.0738227,0.0518899,0.103675,0.203143,0.133147,0.39262,0.0417186,0.0222454,0.0779314,0.0978941,0.0651068,0.159545,0.327198,0.210071,0.591293,0.714385,0.6965,0.739311,0.207276,0.182055,0.231387,0.923433,0.915925,0.931032,12.0325,12.1236,10.6965,13.3083,0.140882,0.131229,0.157639,-0.109034,-0.138419,0.0927158,0.120226,0.113855,0.127227,-0.122735,-0.169162,0.0803452,0.1199,0.114056,0.12615,0.56684,0.686609,0.392178,0.815526,0,0.774648,0,1,17.6765,13.1356,25.1287,17.5676,13.2337,25.6729,0.241985,0.196416,0.307829,0.516558,0.466727,0.625448,0.785857,0.684001,0.852653,10.3233,9.04682,11.4404,1.84,1.67,2.08,0.0425223,0.0333658,0.0573166,0.034234
l0/isaac,λ = 0,1.2,1.25,168,0.0416667,0.0203273,0.0834986,0,0.00595238,0.25,0.345238,0.154762,0.321429,0,0,0.0223555,0.00105149,0.0329426,0.190605,0.320573,0.277526,0.419869,0.047619,0.505952,0.0898482,0.0557456,0.13002,0.252732,0.153873,0.444939,0.0512398,0.0260517,0.0922917,0.117378,0.0724503,0.189907,0.348001,0.232543,0.706028,0.719591,0.699178,0.73958,0.202516,0.181693,0.230907,0.924074,0.915997,0.932678,12.3676,12.4832,11.3075,13.4465,0.141669,0.129152,0.154719,-0.104426,-0.132189,0.0920829,0.120536,0.112253,0.127256,-0.118961,-0.155119,0.0778564,0.119878,0.112694,0.125511,0.542609,0.670092,0.392798,0.775639,0,0.696429,0,1,18.926,13.7384,26.149,18.2559,14.4029,24.7528,0.23505,0.193587,0.313286,0.519397,0.465052,0.590873,0.789009,0.688477,0.856074,10.6874,9.11649,11.9077,1.6,1.44,2.46,0.0459656,0.0368401,0.0603358,0.0316185
l0/isaac,λ = 0,1.3,1.35,123,0.0325203,0.0127176,0.0806398,0,0,0.284553,0.333333,0.138211,0.325203,0,0,0.0302866,0,0.0302866,0.212285,0.369871,0.256187,0.420575,0.0569106,0.455285,0.0961297,0.0581317,0.129152,0.259642,0.157604,0.443912,0.047855,0.0240064,0.0986452,0.131838,0.0742855,0.180536,0.376521,0.213594,0.614761,0.721349,0.701933,0.741634,0.200939,0.175569,0.229934,0.925137,0.916423,0.930706,12.5866,12.6636,11.4871,13.8043,0.143522,0.131713,0.160584,-0.101959,-0.13468,0.0937195,0.119312,0.111725,0.127095,-0.113896,-0.157649,0.0813409,0.119793,0.111167,0.125771,0.599167,0.674052,0.469913,0.780814,0,0.682927,0,1,18.7894,13.2304,26.7831,17.9527,13.9826,27.7465,0.238984,0.191168,0.302159,0.529799,0.47915,0.630639,0.771242,0.688762,0.85421,10.8601,9.71003,12.0438,1.81,1.63,2.04,0.047431,0.0361107,0.0568026,0.0376193
l0/isaac,λ = 0,1.4,1.45,87,0.0344828,0.0117956,0.0965424,0,0,0.195402,0.287356,0.126437,0.229885,0,0,0.042289,0,0.042289,0.125733,0.290834,0.202856,0.389842,0.0344828,0.436782,0.10357,0.0617117,0.136727,0.280305,0.153178,0.462674,0.0656477,0.0272444,0.10654,0.141802,0.083455,0.201037,0.391464,0.226382,0.700559,0.727331,0.707333,0.741506,0.198838,0.178098,0.216398,0.923491,0.917052,0.930791,12.9598,13.0474,11.9323,14.0282,0.152293,0.137439,0.164733,-0.0972428,-0.140371,0.0935489,0.121741,0.11473,0.127902,-0.11326,-0.164759,0.0727161,0.121009,0.114735,0.124858,0.542249,0.652101,0.411892,0.776117,0,0.666667,0,1,20.6426,15.3361,31.1846,20.8378,16.1368,27.8225,0.262835,0.21322,0.344764,0.521315,0.458421,0.590846,0.791972,0.687212,0.856123,11.0978,10.0511,11.9486,1.94,1.85,2.18,0.0452272,0.0360527,0.0567612,0.0320114
l0/isaac,λ = 0,1.5,1.55,51,0.0196078,0.0034696,0.103048,0,0,0.156863,0.294118,0.0784314,0.117647,0,0,0.070049,0,0.070049,0.0816913,0.280107,0.187086,0.429993,0.0196078,0.431373,0.106174,0.0805197,0.198112,0.313135,0.139302,0.595855,0.0896001,0.0419439,0.148201,0.178361,0.0956088,0.252646,0.413981,0.217746,0.757991,0.7246,0.708736,0.747963,0.192977,0.169909,0.219872,0.923767,0.918188,0.931237,13.2542,13.3487,12.1844,14.2567,0.153008,0.136517,0.168244,-0.0575247,-0.122929,0.100991,0.120402,0.114559,0.127443,-0.0801348,-0.146635,0.0903784,0.119517,0.113842,0.126078,0.530419,0.582435,0.397598,0.662895,0,0.686275,0,1,25.2922,16.4881,33.361,21.8992,16.2526,27.2707,0.269538,0.213365,0.4141,0.510055,0.475148,0.574452,0.774558,0.660572,0.83863,11.2225,10.1951,12.5036,1.88,1.88,1.88,0.048888,0.0361737,0.0600408,0.0259038
l0/isaac,λ = 0,1.6,1.65,33,0.030303,0.00536927,0.153191,0,0,0.0909091,0.121212,0.030303,0.0909091,0,0,0.104273,0,0.104273,0.0314034,0.235729,0.0481608,0.273258,0.030303,0.515152,0.135525,0.116493,0.211378,0.221767,0.167524,0.428115,0.110602,0.0783111,0.158773,0.15934,0.134586,0.227354,0.327908,0.217956,0.562973,0.738058,0.710082,0.76267,0.182748,0.160885,0.204327,0.924553,0.91836,0.929187,13.6448,13.4962,12.6391,14.7068,0.151866,0.142893,0.159661,0.0895544,-0.129131,0.101373,0.119465,0.11567,0.125458,0.0656098,-0.143796,0.0930284,0.120854,0.114732,0.125412,0.487068,0.588343,0.390553,0.808134,0,0.424242,0,1,25.755,17.8186,34.3492,22.5382,17.3032,34.3342,0.284094,0.216414,0.363897,0.533331,0.48244,0.583163,0.753654,0.648754,0.815758,11.7657,10.178,13.0529,2.1,2.1,2.1,0.0477663,0.0377984,0.0584828,0.0474608
l0/isaac,λ = 0,1.7,1.75,21,0,0,0.154644,0,0,0,0,0,0,0,0,0.154644,0,0.154644,0,0.154644,0,0.154644,0,0.47619,0.192104,0.15436,0.228913,0.196716,0.145095,0.290474,0.159891,0.110746,0.197852,0.219869,0.179864,0.280616,0.358569,0.234094,0.418778,0.738129,0.710236,0.759115,0.192363,0.156659,0.209245,0.916139,0.911123,0.929596,13.5339,13.3045,12.8462,14.5454,0.16756,0.145356,0.180475,-0.0706251,-0.133247,0.100909,0.121291,0.117413,0.125887,-0.0595545,-0.161328,0.0862598,0.120446,0.117265,0.12422,0.597321,0.663592,0.394888,0.853505,1,0.952381,0,2,25.882,23.9847,30.9244,24.5191,18.166,27.5392,0.309168,0.278278,0.368437,0.544745,0.490199,0.633772,0.805595,0.702434,0.848538,11.4802,10.7592,12.6074,nan,nan,nan,0.0534427,0.0420793,0.0577398,nan
l0/isaac,λ = 0,1.8,1.85,6,0,0,0.390343,0,0,0,0,0,0,0,0,0.390343,0,0.390343,0,0.390343,0,0.390343,0,0.666667,0.22794,0.212168,0.244371,0.19431,0.18155,0.204668,0.195834,0.195199,0.204104,0.247455,0.226941,0.262099,0.322473,0.267417,0.356904,0.728919,0.720638,0.75246,0.205269,0.178949,0.210146,0.930066,0.925712,0.932531,11.9832,12.338,11.5431,12.8439,0.192902,0.182254,0.199411,-0.148531,-0.16116,0.0334194,0.126173,0.121465,0.128535,-0.131134,-0.182632,0.0248571,0.12495,0.122935,0.126222,0.998773,1.01743,0.701603,1.35137,1,1.33333,0.25,1,29.1221,21.4907,33.2157,23.6788,22.6769,25.8173,0.306515,0.289821,0.315423,0.552796,0.491197,0.776536,0.827933,0.670616,0.853483,9.90943,9.13597,10.575,nan,nan,nan,0.0438981,0.0334245,0.053909,nan
l0/mujoco,"λ = 0 (MuJoCo, RoboCasa joints)",-0.1,-0.05,24,0,0,0.137981,0,0,0,0,0,0,0,0,0.137981,0,0.137981,0,0.137981,0,0.137981,0,0,0.528254,0.480015,0.59365,0.457712,0.33119,0.592236,0.50822,0.448832,0.584459,0.689277,0.670298,0.706101,0.662368,0.51551,0.884489,0.723057,0.711231,0.736448,0.203319,0.184283,0.210855,0.924343,0.911891,0.936476,12.5112,13.1123,11.4421,13.7162,0.116824,0.103814,0.129262,-0.147707,-0.181106,-0.13443,0.124754,0.123711,0.128753,-0.177181,-0.21716,-0.147035,0.123875,0.120096,0.126621,0.758641,0.850728,0.5078,0.934024,1,1.375,0,2,11.6596,10.2552,14.0395,11.9843,10.2891,13.8104,0.117393,0.104834,0.132536,0.534929,0.478738,0.641324,0.591117,0.547664,0.711106,11.1825,10.371,11.9382,nan,nan,nan,0.0938991,0.0866736,0.100508,nan
l0/mujoco,"λ = 0 (MuJoCo, RoboCasa joints)",0,0.05,75,0,0,0.0487255,0,0,0,0,0,0,0.0133333,0,0.0487255,0,0.0487255,0,0.0487255,0,0.0487255,0,0.12,0.511009,0.435729,0.573905,0.459965,0.307402,0.618457,0.503831,0.415772,0.552315,0.636451,0.602732,0.677295,0.708837,0.479682,1.00878,0.73122,0.723126,0.748015,0.191678,0.168119,0.202523,0.922761,0.916432,0.933,12.3482,12.6629,11.0652,13.3982,0.117166,0.103772,0.134147,-0.14218,-0.175722,-0.119681,0.122961,0.118362,0.127925,-0.162046,-0.208117,-0.138297,0.122171,0.117505,0.126395,0.620386,0.714522,0.374476,0.875038,1,1.63514,1,2,11.13,8.37082,15.3355,11.5777,9.07521,15.1067,0.116358,0.0986471,0.141774,0.548804,0.472711,0.614932,0.647623,0.546737,0.772017,10.6707,9.97743,11.8578,nan,nan,nan,0.0918173,0.0827179,0.0977376,nan
l0/mujoco,"λ = 0 (MuJoCo, RoboCasa joints)",0.1,0.15,120,0,0,0.0310203,0,0,0,0,0,0.00833333,0.00833333,0,0.0310203,0,0.0310203,0,0.0310203,0,0.0310203,0,0.125,0.426664,0.369243,0.490115,0.512864,0.327405,0.73663,0.411193,0.352944,0.473131,0.557354,0.509486,0.614928,0.745129,0.519969,1.14875,0.73097,0.720808,0.751562,0.185669,0.16178,0.203241,0.921663,0.913107,0.931059,11.8341,12.0481,10.8034,12.9767,0.110668,0.101564,0.129769,-0.147156,-0.183885,-0.110855,0.123161,0.117916,0.127802,-0.165609,-0.202236,-0.120766,0.121487,0.117006,0.125606,0.615153,0.732324,0.339352,0.907063,1,1.73109,0,2,11.5126,8.65159,17.0239,13.479,9.86228,17.7882,0.116508,0.0985129,0.148623,0.540106,0.471344,0.623088,0.607993,0.539762,0.725469,10.3374,9.1613,11.1889,nan,nan,nan,0.0912964,0.0858885,0.0986675,nan
l0/mujoco,"λ = 0 (MuJoCo, RoboCasa joints)",0.2,0.25,165,0,0,0.0227527,0,0,0,0,0,0.0181818,0.0424242,0,0.0227527,0,0.0227527,0,0.0227527,0,0.0227527,0,0.139394,0.367555,0.304754,0.416072,0.465426,0.302378,0.677737,0.352254,0.289558,0.400975,0.49559,0.438076,0.541575,0.768681,0.502818,1.02278,0.732673,0.716093,0.75725,0.186586,0.160616,0.207222,0.922341,0.912952,0.929804,11.37,11.4341,10.1763,12.5023,0.110241,0.0985161,0.124143,-0.143302,-0.167495,-0.112507,0.123472,0.117896,0.127793,-0.163575,-0.201441,-0.126996,0.121528,0.117212,0.125898,0.510803,0.659252,0.256099,0.915886,1,1.39873,0,2,11.5534,8.36759,17.4273,11.6877,9.16168,16.2274,0.107342,0.0923721,0.132583,0.519999,0.458909,0.644901,0.613432,0.539559,0.728256,9.4977,8.64715,10.6294,nan,nan,nan,0.0919368,0.0855442,0.0996423,nan
l0/mujoco,"λ = 0 (MuJoCo, RoboCasa joints)",0.3,0.35,201,0,0,0.018754,0,0,0,0,0,0,0.00995025,0,0.018754,0,0.018754,0,0.018754,0,0.018754,0,0.169154,0.298869,0.254234,0.347684,0.475093,0.293571,0.709055,0.286659,0.242875,0.335354,0.421855,0.362615,0.476403,0.798089,0.50571,1.08424,0.730257,0.713152,0.754358,0.189436,0.161515,0.211375,0.921212,0.913699,0.929105,10.879,11.1434,9.82414,12.1272,0.107203,0.0958951,0.125607,-0.145832,-0.179012,-0.118676,0.123666,0.117478,0.127437,-0.171989,-0.213546,-0.125028,0.1224,0.116791,0.125924,0.510406,0.651056,0.28987,0.86834,1,1.39196,0,2,10.9975,8.40836,15.8066,13.3262,9.13373,18.9913,0.105267,0.0885418,0.129142,0.540309,0.476322,0.617268,0.64284,0.559411,0.764218,9.16216,8.06612,10.3713,nan,nan,nan,0.0912387,0.0832062,0.101064,nan
l0/mujoco,"λ = 0 (MuJoCo, RoboCasa joints)",0.4,0.45,237,0,0,0.0159507,0,0,0,0,0,0.00421941,0.0168776,0,0.0159507,0,0.0159507,0,0.0159507,0,0.0159507,0,0.130802,0.235833,0.199607,0.289239,0.435172,0.29533,0.698517,0.22076,0.18554,0.272852,0.344101,0.282272,0.389061,0.761809,0.467007,1.10001,0.727163,0.712128,0.749234,0.194499,0.169059,0.21448,0.922125,0.915628,0.932196,10.3472,10.7017,9.4147,11.54,0.105366,0.0936417,0.119549,-0.139986,-0.169655,-0.109272,0.123173,0.11706,0.128143,-0.161844,-0.197868,-0.117377,0.122658,0.116119,0.126812,0.589793,0.682054,0.309172,0.877981,1,1.44206,0,2,11.4986,9.14802,16.1498,12.6814,9.42092,17.428,0.101337,0.0873127,0.125437,0.539057,0.460812,0.633795,0.60557,0.541262,0.722058,9.03975,7.78888,9.81362,nan,nan,nan,0.0904424,0.0825137,0.0966897,nan
l0/mujoco,"λ = 0 (MuJoCo, RoboCasa joints)",0.5,0.55,255,0,0,0.0148415,0,0,0,0.00392157,0.00392157,0.0156863,0.0117647,0,0.0148415,0,0.0148415,0,0.0148415,0.000692571,0.0218757,0,0.188235,0.193548,0.149038,0.242153,0.397589,0.238662,0.668383,0.177638,0.135403,0.223815,0.265887,0.205172,0.33481,0.66872,0.418192,1.04533,0.726525,0.71316,0.751917,0.193492,0.171572,0.212877,0.923561,0.917096,0.933755,10.205,10.6015,8.97051,11.7748,0.106134,0.0957884,0.123045,-0.143099,-0.173826,-0.115255,0.122332,0.116601,0.127835,-0.16866,-0.208332,-0.118644,0.121483,0.116459,0.126463,0.528519,0.64753,0.285028,0.859781,1,1.39683,0,2,11.4383,8.85773,17.0488,12.2627,9.68712,16.4902,0.0977865,0.0839745,0.119513,0.553432,0.475489,0.643492,0.625441,0.563221,0.735169,8.77048,7.54079,9.86116,nan,nan,nan,0.0918404,0.083717,0.0994847,nan
l0/mujoco,"λ = 0 (MuJoCo, RoboCasa joints)",0.6,0.65,267,0,0,0.0141839,0,0,0.0149813,0.0449438,0.011236,0.0149813,0.0149813,0,0.0141839,0,0.0141839,0.00584085,0.0378806,0.0258936,0.076903,0,0.187266,0.150354,0.107642,0.204669,0.394486,0.241671,0.607978,0.136194,0.0944023,0.185816,0.201709,0.136683,0.277938,0.625715,0.38812,0.984326,0.728712,0.711307,0.750804,0.190141,0.164731,0.211911,0.922264,0.912734,0.928138,10.1318,10.5032,9.20484,11.3455,0.103063,0.0926486,0.117686,-0.14261,-0.171971,-0.0871851,0.12352,0.118374,0.128236,-0.154335,-0.203183,-0.0954547,0.122983,0.117861,0.126418,0.471935,0.608429,0.255524,0.841648,1,1.29658,0,2,11.5599,9.15689,15.6767,13.0518,9.68388,17.9682,0.0972639,0.0827478,0.121583,0.521035,0.46218,0.607979,0.625034,0.536339,0.760699,8.63185,7.66388,9.69401,nan,nan,nan,0.0910159,0.0847929,0.0981182,nan
l0/mujoco,"λ = 0 (MuJoCo, RoboCasa joints)",0.7,0.75,282,0,0,0.0134396,0,0,0.0390071,0.109929,0.0283688,0.0141844,0.0141844,0,0.0134396,0,0.0134396,0.021918,0.0684873,0.0785316,0.151811,0,0.251773,0.122167,0.094894,0.167477,0.366214,0.206327,0.59283,0.101096,0.073502,0.146788,0.152015,0.109046,0.217002,0.654809,0.34516,0.931772,0.732306,0.712628,0.749601,0.192233,0.168411,0.212013,0.922733,0.915327,0.933005,9.71019,10.0957,8.80702,11.0394,0.100517,0.0909978,0.115499,-0.138736,-0.169264,-0.104258,0.123955,0.116535,0.127953,-0.158616,-0.199539,-0.109512,0.122559,0.115963,0.126452,0.505009,0.645104,0.263985,0.864684,1,1.33094,0,2,11.8036,8.85274,16.3681,13.0227,10.4743,16.6454,0.0981021,0.0862365,0.11577,0.539523,0.466679,0.624209,0.61549,0.550356,0.726959,8.3095,7.38298,9.56018,nan,nan,nan,0.0932574,0.085509,0.100138,nan
l0/mujoco,"λ = 0 (MuJoCo, RoboCasa joints)",0.8,0.85,288,0,0,0.0131633,0,0,0.0451389,0.128472,0.0590278,0.00694444,0.0104167,0,0.0131633,0,0.0131633,0.0265661,0.0756866,0.0946617,0.172064,0.0104167,0.243056,0.108592,0.08902,0.144479,0.370478,0.201526,0.586525,0.0830122,0.0590631,0.119458,0.133341,0.0944626,0.18458,0.608617,0.354318,0.952741,0.73441,0.713093,0.75389,0.185752,0.162602,0.206122,0.921015,0.913533,0.929369,9.88623,10.1584,8.85275,11.1672,0.102521,0.0920239,0.117762,-0.142404,-0.176613,-0.107223,0.123786,0.118357,0.12824,-0.162432,-0.204629,-0.115376,0.122631,0.117389,0.125839,0.525484,0.624631,0.247934,0.894041,1,1.29825,0,2,12.0149,9.34808,15.8412,12.6113,10.1039,17.6399,0.0994311,0.084673,0.118763,0.543631,0.486866,0.636436,0.639624,0.554709,0.738212,8.29574,7.36117,9.49169,nan,nan,nan,0.093274,0.0870402,0.100353,nan
l0/mujoco,"λ = 0 (MuJoCo, RoboCasa joints)",0.9,0.95,288,0.00347222,0.00061318,0.0194032,0,0,0.0520833,0.15625,0.0694444,0.0104167,0.00694444,0,0.0131633,0,0.0131633,0.0318137,0.0841451,0.118872,0.202678,0.0104167,0.225694,0.10672,0.0865231,0.14472,0.364776,0.209507,0.608132,0.0811775,0.0528337,0.117799,0.130182,0.0907586,0.183678,0.658494,0.377328,0.995155,0.738198,0.717562,0.755577,0.182617,0.162018,0.205132,0.922621,0.914986,0.932922,9.76869,10.1745,8.7919,11.0365,0.100857,0.0913211,0.114892,-0.135372,-0.168824,-0.0954301,0.123473,0.116981,0.127936,-0.152913,-0.197686,-0.0960469,0.122171,0.116203,0.126208,0.424951,0.57576,0.224601,0.828315,1,1.25874,0,2,12.691,9.88365,16.839,13.5746,11.0065,18.6142,0.10249,0.0871891,0.120965,0.530834,0.470994,0.613662,0.645042,0.555777,0.768521,8.34192,7.38762,9.59395,3.34,3.34,3.34,0.0956193,0.0869995,0.102514,0.0459735
l0/mujoco,"λ = 0 (MuJoCo, RoboCasa joints)",1,1.05,264,0,0,0.0143428,0,0,0.0492424,0.136364,0.0492424,0.00757576,0.00757576,0,0.0143428,0,0.0143428,0.029,0.0824151,0.100151,0.183008,0,0.253788,0.11182,0.0902625,0.139877,0.400622,0.194334,0.640692,0.08644,0.0577295,0.118722,0.133341,0.0996236,0.181525,0.68422,0.33255,1.05758,0.743464,0.720753,0.76252,0.178518,0.153352,0.201559,0.920797,0.912767,0.92841,9.94532,10.3068,8.83859,11.4149,0.103488,0.0916398,0.121174,-0.147477,-0.179215,-0.114679,0.123708,0.117482,0.127814,-0.169395,-0.207887,-0.123483,0.122066,0.116879,0.125939,0.496119,0.662709,0.289839,0.888568,1,1.46947,0,2,14.0537,10.829,18.3604,13.9098,11.2511,18.1573,0.107615,0.090918,0.131218,0.555747,0.489035,0.659701,0.643266,0.556954,0.740394,8.48867,7.4277,9.62242,nan,nan,nan,0.0961583,0.0899481,0.103478,nan
l0/mujoco,"λ = 0 (MuJoCo, RoboCasa joints)",1.1,1.15,213,0,0,0.0177162,0,0,0.028169,0.122066,0.0657277,0.0328638,0.0140845,0,0.0177162,0,0.0177162,0.0129725,0.0600836,0.0846773,0.172845,0,0.262911,0.110941,0.0874053,0.144744,0.367714,0.194258,0.620853,0.0821672,0.0607839,0.121064,0.138071,0.0992489,0.191254,0.646837,0.337146,1.09855,0.747887,0.724569,0.767121,0.174355,0.157645,0.203141,0.925035,0.917231,0.935722,10.0866,10.0661,8.92033,10.9305,0.101006,0.0919406,0.112021,-0.129256,-0.163964,-0.0787238,0.123495,0.117661,0.127854,-0.142342,-0.189789,-0.0742325,0.121887,0.116551,0.124895,0.404146,0.546995,0.20314,0.723153,1,1.2,0,2,15.5617,11.5083,20.1965,15.9545,12.1252,20.9198,0.12011,0.0949154,0.143038,0.539772,0.476121,0.608024,0.651941,0.565392,0.742534,8.55523,7.25288,9.41713,nan,nan,nan,0.100169,0.0885074,0.108091,nan
l0/mujoco,"λ = 0 (MuJoCo, RoboCasa joints)",1.2,1.25,168,0,0,0.0223555,0,0,0.0238095,0.0952381,0.0297619,0.0297619,0,0,0.0223555,0,0.0223555,0.00929697,0.059613,0.0594738,0.1491,0,0.279762,0.118182,0.0922808,0.152374,0.386562,0.191707,0.627382,0.0935577,0.0659259,0.128503,0.148463,0.110906,0.199434,0.633525,0.314499,1.01896,0.750215,0.726008,0.767392,0.173878,0.15319,0.196309,0.923563,0.917635,0.934416,10.096,10.399,9.09663,11.3597,0.101655,0.092091,0.11987,-0.133077,-0.16382,-0.0981656,0.123569,0.1178,0.127878,-0.157617,-0.191181,-0.0985583,0.122063,0.117305,0.125459,0.427113,0.563828,0.231451,0.804099,1,1.07143,0,1,15.8841,12.0747,22.0929,16.3867,13.335,20.8398,0.126334,0.103778,0.154039,0.52787,0.47465,0.611129,0.691728,0.577053,0.792717,8.55662,7.71436,9.69277,nan,nan,nan,0.0975355,0.0880214,0.106609,nan
l0/mujoco,"λ = 0 (MuJoCo, RoboCasa joints)",1.3,1.35,123,0,0,0.0302866,0,0,0.0162602,0.113821,0.0162602,0.0162602,0.00813008,0,0.0302866,0,0.0302866,0.00447041,0.0573516,0.0690222,0.182012,0,0.219512,0.11784,0.0985169,0.158753,0.39184,0.242338,0.646702,0.0926975,0.0673238,0.138233,0.158758,0.112266,0.226875,0.666081,0.401514,1.05824,0.751671,0.732898,0.771257,0.17059,0.149844,0.192727,0.922228,0.91503,0.932065,10.2921,10.6372,9.30797,11.4105,0.102752,0.0936607,0.117503,-0.135417,-0.16839,-0.101191,0.125171,0.120521,0.128547,-0.157519,-0.200323,-0.0964418,0.122884,0.11753,0.125913,0.492327,0.560608,0.212397,0.806249,1,1.04918,0,2,17.4501,12.3728,24.3575,18.0671,15.203,24.7216,0.138742,0.113586,0.168123,0.522055,0.463657,0.60122,0.634022,0.558841,0.731079,8.89825,7.9584,9.92086,nan,nan,nan,0.0984822,0.091331,0.109061,nan
l0/mujoco,"λ = 0 (MuJoCo, RoboCasa joints)",1.4,1.45,87,0,0,0.042289,0,0,0.0344828,0.091954,0,0.0114943,0.0114943,0,0.042289,0,0.042289,0.0117956,0.0965424,0.0473323,0.171087,0,0.321839,0.123935,0.0969969,0.159026,0.39598,0.180604,0.594103,0.102448,0.0636224,0.135733,0.155443,0.11179,0.213051,0.597214,0.310345,1.05004,0.757807,0.739543,0.776128,0.165828,0.148815,0.181803,0.923584,0.9142,0.932932,10.4814,10.7744,9.7462,11.6337,0.100102,0.0930651,0.110204,-0.126109,-0.161665,-0.0827449,0.123775,0.118128,0.127755,-0.135951,-0.194298,-0.0646843,0.121565,0.117538,0.12503,0.374354,0.539153,0.195511,0.730833,1,0.94186,0,2,18.7784,14.0037,27.1044,16.4318,12.9194,23.2857,0.141593,0.118963,0.17137,0.503135,0.460506,0.580262,0.649591,0.571492,0.730021,9.13772,8.29989,10.2192,nan,nan,nan,0.102842,0.0936967,0.112972,nan
l0/mujoco,"λ = 0 (MuJoCo, RoboCasa joints)",1.5,1.55,51,0,0,0.070049,0,0,0.0392157,0.156863,0,0.0392157,0,0,0.070049,0,0.070049,0.0108209,0.132165,0.0816913,0.280107,0,0.333333,0.137362,0.0884554,0.18083,0.323626,0.179934,0.609246,0.122464,0.0696466,0.170204,0.17627,0.111339,0.228895,0.501936,0.262296,1.00365,0.755158,0.738849,0.790938,0.163286,0.133601,0.179873,0.922488,0.916073,0.93074,10.9348,10.8493,9.80427,11.7141,0.103278,0.0942331,0.121686,-0.139121,-0.162208,-0.089147,0.121253,0.115853,0.127961,-0.151104,-0.194298,-0.0940514,0.119318,0.114748,0.123897,0.401171,0.542548,0.228421,0.74792,1,1.31373,0,2,19.5097,14.6188,31.1972,15.3513,12.0402,20.6804,0.139836,0.12212,0.181302,0.528356,0.472208,0.601766,0.681072,0.577576,0.7588,9.15437,8.31316,10.1349,nan,nan,nan,0.102135,0.097175,0.117304,nan
l0/mujoco,"λ = 0 (MuJoCo, RoboCasa joints)",1.6,1.65,33,0,0,0.104273,0,0,0.030303,0.030303,0,0.030303,0,0,0.104273,0,0.104273,0.00536927,0.153191,0.00536927,0.153191,0,0.333333,0.129831,0.103198,0.226431,0.312776,0.168751,0.415393,0.11049,0.0787684,0.189189,0.182455,0.141187,0.247618,0.460327,0.294666,0.705538,0.774773,0.744882,0.796765,0.151026,0.131704,0.181331,0.922694,0.914212,0.936305,10.482,10.7825,9.84377,11.3837,0.100416,0.0926548,0.109642,-0.103054,-0.155463,0.0892427,0.120992,0.115642,0.126107,-0.136556,-0.180843,0.0806736,0.120824,0.117198,0.123124,0.292146,0.604021,0.169225,0.808851,1,1.09091,0,2,18.345,13.2769,34.4394,16.2909,14.0898,21.9077,0.145783,0.117551,0.169593,0.486487,0.442019,0.587143,0.598338,0.545323,0.714391,8.86706,8.28393,9.73812,nan,nan,nan,0.107712,0.0992789,0.118876,nan
l0/mujoco,"λ = 0 (MuJoCo, RoboCasa joints)",1.7,1.75,21,0,0,0.154644,0,0,0.047619,0.047619,0,0,0,0,0.154644,0,0.154644,0.00845577,0.226698,0.00845577,0.226698,0,0.047619,0.190911,0.159036,0.265903,0.352308,0.243805,0.464981,0.164797,0.138793,0.243983,0.251427,0.210828,0.307272,0.609105,0.479372,0.683689,0.763056,0.744341,0.80032,0.158825,0.120901,0.171817,0.919833,0.911678,0.923281,10.6423,10.5574,9.59741,11.3191,0.103247,0.0963975,0.111908,-0.126691,-0.160172,0.0927866,0.119749,0.114108,0.126912,-0.151139,-0.196647,0.0855937,0.118457,0.113348,0.124438,0.264026,0.425706,0.152478,0.614375,1,1.14286,0,1,22.0054,14.3108,44.4922,20.9295,15.9923,29.5257,0.143709,0.115576,0.227359,0.544099,0.473634,0.601714,0.613241,0.585211,0.760451,8.33103,7.82165,9.74576,nan,nan,nan,0.108056,0.0972666,0.115471,nan
l0/mujoco,"λ = 0 (MuJoCo, RoboCasa joints)",1.8,1.85,6,0,0,0.390343,0,0,0,0,0,0,0,0,0.390343,0,0.390343,0,0.390343,0,0.390343,0,0.166667,0.238441,0.181959,0.311713,0.336342,0.268632,0.395677,0.229383,0.173342,0.296565,0.259971,0.203494,0.33607,0.575289,0.547524,0.614009,0.776253,0.740947,0.797028,0.136689,0.117543,0.165733,0.918535,0.906679,0.924729,9.69087,9.19617,8.38659,10.1419,0.0918597,0.0862674,0.0991986,0.0878184,-0.0444884,0.0989602,0.11509,0.103482,0.124092,0.0752258,-0.0519266,0.0904755,0.115394,0.103208,0.123321,0.201104,0.440708,0.156145,0.315409,0,0.166667,0,0,8.76507,8.53494,12.2425,14.9794,12.2015,16.3252,0.122257,0.106658,0.128362,0.506941,0.457,0.54433,0.63478,0.553862,0.695135,7.1938,6.00883,8.64569,nan,nan,nan,0.0982255,0.0934288,0.102203,nan
l0/mujoco_isaacphys,"λ = 0 (MuJoCo, training joints)",-0.1,-0.05,24,0,0,0.137981,0,0,0,0,0,0,0,0,0.137981,0,0.137981,0,0.137981,0,0.137981,0,0,0.518626,0.423438,0.565161,0.386492,0.335342,0.483455,0.494768,0.396747,0.5374,0.703798,0.675961,0.731005,0.613933,0.509557,0.803795,0.730471,0.718173,0.7378,0.197584,0.187448,0.210614,0.929344,0.919622,0.936903,13.5552,13.2146,12.4508,14.0509,0.1608,0.154338,0.169668,-0.149682,-0.17585,-0.126738,0.125862,0.123849,0.127864,-0.173735,-0.191007,-0.129558,0.123432,0.120398,0.125099,0.727156,0.88459,0.547045,0.954282,1,1.5,0,2,41.807,28.8319,54.4483,39.2632,30.4706,45.4378,0.437233,0.401688,0.554894,0.567659,0.507721,0.634772,0.638964,0.574281,0.688806,11.2734,10.4371,11.9687,nan,nan,nan,0.100579,0.0906969,0.106776,nan
l0/mujoco_isaacphys,"λ = 0 (MuJoCo, training joints)",0,0.05,75,0,0,0.0487255,0,0,0,0,0,0,0,0,0.0487255,0,0.0487255,0,0.0487255,0,0.0487255,0,0.0266667,0.516711,0.421303,0.572494,0.405553,0.352174,0.580486,0.485922,0.394294,0.545224,0.649557,0.612989,0.683464,0.672159,0.553441,0.869215,0.733561,0.727232,0.742929,0.199303,0.178909,0.218446,0.933158,0.922934,0.948969,13.0286,12.9312,12.1987,13.8318,0.161297,0.149998,0.17369,-0.14998,-0.177562,-0.127115,0.125869,0.121124,0.129632,-0.163158,-0.199992,-0.13446,0.123876,0.118464,0.126772,0.617488,0.777212,0.442153,1.01943,1,1.98667,1,3,34.6722,28.9006,48.5446,34.642,27.1248,48.6606,0.407935,0.348733,0.473896,0.620702,0.52612,0.748984,0.651054,0.609193,0.75047,11.065,10.3148,11.8834,nan,nan,nan,0.0955413,0.0852694,0.110174,nan
l0/mujoco_isaacphys,"λ = 0 (MuJoCo, training joints)",0.1,0.15,120,0,0,0.0310203,0,0,0,0,0,0,0.00833333,0,0.0310203,0,0.0310203,0,0.0310203,0,0.0310203,0,0.0333333,0.414912,0.354866,0.487225,0.400027,0.322998,0.58302,0.387674,0.313242,0.456469,0.55724,0.5114,0.601462,0.627443,0.50698,0.836308,0.732356,0.721116,0.746022,0.19387,0.173095,0.216253,0.927095,0.914794,0.940793,12.3277,12.3747,11.4068,13.338,0.158609,0.146775,0.176593,-0.152274,-0.177791,-0.119661,0.125278,0.120563,0.128974,-0.170204,-0.21737,-0.127347,0.123036,0.118804,0.126842,0.834669,0.958111,0.518034,1.15824,2,2.31933,1,3,33.4657,25.9856,40.3879,33.1513,23.8803,44.989,0.380598,0.336955,0.45801,0.613774,0.514068,0.758359,0.645985,0.582172,0.715689,10.4294,9.59136,11.3052,nan,nan,nan,0.0946922,0.0867074,0.108823,nan
l0/mujoco_isaacphys,"λ = 0 (MuJoCo, training joints)",0.2,0.25,165,0,0,0.0227527,0,0,0,0,0,0.00606061,0,0,0.0227527,0,0.0227527,0,0.0227527,0,0.0227527,0,0.109091,0.345556,0.296908,0.405991,0.362494,0.267431,0.512357,0.326469,0.263255,0.372884,0.485269,0.441867,0.523894,0.560983,0.4305,0.785961,0.731685,0.719454,0.754108,0.196004,0.17109,0.215775,0.928976,0.918551,0.94007,11.65,11.6853,10.6531,12.7027,0.155659,0.14505,0.164193,-0.148899,-0.167276,-0.121718,0.125669,0.119361,0.128487,-0.163325,-0.197491,-0.133135,0.123357,0.118586,0.12615,0.678889,0.817815,0.460065,0.970936,1,1.82424,1,2,30.5087,24.0801,36.5074,30.2882,22.9996,39.116,0.367964,0.303681,0.433613,0.595199,0.514848,0.712413,0.637302,0.570529,0.71846,9.77125,8.86425,10.895,nan,nan,nan,0.0979134,0.0897527,0.10513,nan
l0/mujoco_isaacphys,"λ = 0 (MuJoCo, training joints)",0.3,0.35,201,0,0,0.018754,0,0,0,0,0,0.00497512,0,0,0.018754,0,0.018754,0,0.018754,0,0.018754,0,0.199005,0.283956,0.236365,0.340557,0.341282,0.240559,0.498664,0.253879,0.202072,0.310215,0.392229,0.346123,0.450521,0.525222,0.392332,0.787231,0.729672,0.713786,0.752513,0.195618,0.170852,0.217687,0.926084,0.916838,0.937976,11.3074,11.3302,10.3995,12.2424,0.152267,0.141577,0.165533,-0.143885,-0.174437,-0.119088,0.124534,0.119061,0.127957,-0.168543,-0.203471,-0.137571,0.122658,0.117562,0.126044,0.624326,0.791077,0.446356,1.02493,1,1.72637,0,3,25.654,20.307,35.0148,27.832,20.6431,36.5903,0.33528,0.281793,0.397909,0.587045,0.526039,0.704071,0.648331,0.563866,0.741743,9.37588,8.46578,10.3787,nan,nan,nan,0.0941733,0.0859901,0.104403,nan
l0/mujoco_isaacphys,"λ = 0 (MuJoCo, training joints)",0.4,0.45,237,0,0,0.0159507,0,0,0,0,0.00421941,0.0168776,0,0,0.0159507,0,0.0159507,0,0.0159507,0,0.0159507,0,0.265823,0.228826,0.190165,0.276508,0.313243,0.216346,0.488618,0.197584,0.152472,0.247932,0.316423,0.261431,0.369279,0.512946,0.348478,0.774105,0.730095,0.708369,0.749229,0.201009,0.179143,0.222229,0.929218,0.918971,0.942564,10.9736,10.999,9.89807,12.0209,0.148536,0.136917,0.162587,-0.142772,-0.167659,-0.106011,0.123091,0.117954,0.127735,-0.164121,-0.200741,-0.117994,0.122368,0.116797,0.125887,0.651268,0.760921,0.436876,1.02908,1,1.65823,0,2,26.7114,20.2654,33.2649,24.9251,20.3342,33.2226,0.315924,0.27138,0.378917,0.596861,0.51524,0.715048,0.641486,0.566831,0.751117,9.20351,8.07679,10.0106,nan,nan,nan,0.0936566,0.0860303,0.1039,nan
l0/mujoco_isaacphys,"λ = 0 (MuJoCo, training joints)",0.5,0.55,255,0,0,0.0148415,0,0,0,0.00784314,0.0196078,0.0156863,0,0,0.0148415,0,0.0148415,0,0.0148415,0.00215347,0.0281415,0,0.364706,0.181563,0.141508,0.22765,0.281851,0.175125,0.438378,0.150933,0.10753,0.190075,0.241148,0.187343,0.29752,0.450931,0.283463,0.686769,0.727356,0.712425,0.750471,0.200898,0.178524,0.220909,0.930694,0.918434,0.941692,10.906,10.9609,9.7669,12.1284,0.149088,0.137476,0.160769,-0.147306,-0.169482,-0.111821,0.124082,0.117529,0.128057,-0.164638,-0.203213,-0.119394,0.122718,0.116724,0.126223,0.657016,0.779585,0.424801,0.98371,1,1.58824,0,2,22.7751,17.7169,30.5947,22.6733,17.6074,29.8398,0.284039,0.240971,0.356299,0.596659,0.531693,0.728587,0.661512,0.590799,0.744296,8.98015,7.76185,10.0095,nan,nan,nan,0.095234,0.0877209,0.106596,nan
l0/mujoco_isaacphys,"λ = 0 (MuJoCo, training joints)",0.6,0.65,267,0,0,0.0141839,0,0,0.0374532,0.0898876,0.0187266,0.0224719,0,0,0.0141839,0,0.0141839,0.0204686,0.0675592,0.0611475,0.130262,0,0.434457,0.149693,0.107356,0.184579,0.233088,0.153697,0.37659,0.104705,0.0653859,0.155676,0.182497,0.12696,0.245346,0.378864,0.249775,0.60098,0.728239,0.711251,0.752739,0.201062,0.172751,0.219793,0.929386,0.918833,0.941753,10.7476,10.7395,9.66396,11.7892,0.148291,0.136236,0.162498,-0.142472,-0.176788,-0.110244,0.124522,0.118415,0.128597,-0.167362,-0.203589,-0.116458,0.123045,0.117864,0.126424,0.640055,0.786719,0.430661,0.946136,1,1.78277,0,3,19.8583,15.8113,26.6164,21.8283,16.9002,28.2345,0.271655,0.2265,0.326019,0.601184,0.503447,0.749346,0.664707,0.585382,0.761486,8.60008,7.74309,9.73888,nan,nan,nan,0.0960953,0.0874159,0.108927,nan
l0/mujoco_isaacphys,"λ = 0 (MuJoCo, training joints)",0.7,0.75,282,0,0,0.0134396,0,0,0.102837,0.219858,0.035461,0.0177305,0,0,0.0134396,0,0.0134396,0.0725593,0.14379,0.175464,0.271783,0,0.492908,0.122028,0.0957406,0.16766,0.220328,0.138423,0.363318,0.0736467,0.0417804,0.122319,0.137842,0.0950141,0.200884,0.356081,0.230629,0.598829,0.730647,0.71539,0.747836,0.197518,0.175086,0.221243,0.92884,0.917623,0.942928,10.52,10.534,9.53222,11.3965,0.145112,0.133598,0.160248,-0.143043,-0.176313,-0.114153,0.123797,0.11758,0.128398,-0.162527,-0.205347,-0.121773,0.122991,0.116949,0.12569,0.635696,0.769239,0.428525,1.01092,1,1.75532,0,3,19.7302,14.9184,25.2865,21.0493,16.4551,27.3432,0.26536,0.226034,0.32374,0.613456,0.521176,0.728078,0.651428,0.593351,0.758459,8.58613,7.42378,9.53398,nan,nan,nan,0.0981161,0.0905739,0.110531,nan
l0/mujoco_isaacphys,"λ = 0 (MuJoCo, training joints)",0.8,0.85,288,0.00694444,0.00190645,0.0249629,0,0,0.163194,0.3125,0.0729167,0.0451389,0,0,0.0131633,0,0.0131633,0.124999,0.210257,0.261731,0.368205,0.0208333,0.53125,0.108303,0.087724,0.140263,0.211088,0.13814,0.343099,0.0539447,0.0317589,0.0937894,0.117338,0.0831586,0.164524,0.342805,0.217086,0.519949,0.735346,0.719355,0.751723,0.194138,0.176507,0.21251,0.925971,0.918912,0.939432,10.3562,10.49,9.31944,11.5432,0.143524,0.133916,0.15767,-0.139451,-0.166708,-0.106632,0.124729,0.118404,0.128235,-0.156634,-0.192459,-0.11525,0.122696,0.117958,0.125985,0.605517,0.735977,0.429721,0.904232,1,1.64236,0,2,19.0733,14.6818,24.4917,19.8603,15.4212,27.2163,0.257692,0.216122,0.306074,0.566842,0.501136,0.69199,0.666135,0.592928,0.761947,8.29177,7.26474,9.42308,1.41,1.365,1.455,0.0964701,0.0882672,0.106859,0.0793638
l0/mujoco_isaacphys,"λ = 0 (MuJoCo, training joints)",0.9,0.95,288,0.00694444,0.00190645,0.0249629,0,0,0.222222,0.395833,0.107639,0.0451389,0,0,0.0131633,0,0.0131633,0.17804,0.273717,0.341081,0.453328,0.0173611,0.572917,0.105687,0.0880893,0.12858,0.205919,0.141862,0.338618,0.0436044,0.0278874,0.0735601,0.106993,0.0763133,0.144217,0.315554,0.221612,0.509278,0.738697,0.723935,0.756344,0.191302,0.169784,0.208888,0.927152,0.917437,0.940186,10.4451,10.5772,9.5157,11.563,0.149713,0.136943,0.16214,-0.144016,-0.173856,-0.104709,0.124702,0.119001,0.128514,-0.16028,-0.206176,-0.120558,0.122451,0.118438,0.125627,0.65135,0.77821,0.435879,1.02782,1,1.76736,1,3,19.7443,15.293,26.6424,20.0764,16.2855,26.7884,0.270576,0.223758,0.330416,0.602483,0.516524,0.732374,0.685234,0.602649,0.807742,8.15483,7.21615,9.30497,1.58,1.54,1.62,0.0980631,0.0877128,0.108561,0.0671748
l0/mujoco_isaacphys,"λ = 0 (MuJoCo, training joints)",1,1.05,264,0.0113636,0.00387198,0.0328721,0,0,0.185606,0.363636,0.0984848,0.0568182,0,0,0.0143428,0,0.0143428,0.143336,0.236895,0.307948,0.423236,0.0227273,0.511364,0.105193,0.0868875,0.134469,0.233859,0.143258,0.387485,0.044777,0.0265463,0.075916,0.106844,0.0798395,0.162792,0.340774,0.241094,0.570501,0.743659,0.726241,0.759164,0.186053,0.163148,0.209052,0.928887,0.919259,0.939972,10.5979,10.6555,9.57448,11.6108,0.150557,0.138175,0.165274,-0.137018,-0.168108,-0.103528,0.124217,0.118178,0.127856,-0.148467,-0.185603,-0.109294,0.121438,0.117055,0.125146,0.590431,0.720659,0.418949,0.91134,1,1.54924,0,2,22.0956,16.6932,30.4608,22.1127,17.4924,30.0971,0.286137,0.234856,0.364346,0.569011,0.493843,0.684379,0.693177,0.592112,0.78483,8.33095,7.31635,9.45201,1.3,1.24,1.49,0.0972745,0.0888542,0.110259,0.0641891
l0/mujoco_isaacphys,"λ = 0 (MuJoCo, training joints)",1.1,1.15,213,0.00469484,0.000829214,0.0261103,0,0,0.13615,0.286385,0.0751174,0.0375587,0.00469484,0,0.0177162,0,0.0177162,0.0964963,0.188696,0.229879,0.35046,0.00469484,0.507042,0.108175,0.0911582,0.133462,0.233955,0.149494,0.417596,0.0506064,0.0307009,0.0799479,0.120531,0.0866394,0.16592,0.347266,0.222176,0.619348,0.745313,0.728781,0.76887,0.183051,0.158081,0.204887,0.928026,0.918545,0.943867,10.6055,10.7722,9.82281,11.7737,0.151999,0.142296,0.168738,-0.13723,-0.163382,-0.106022,0.125472,0.120518,0.128445,-0.156962,-0.188669,-0.119288,0.122848,0.118253,0.125474,0.584004,0.716295,0.384988,0.90888,1,1.53774,0,2,21.3754,16.6718,31.0956,22.9574,18.7628,30.5048,0.286397,0.23796,0.363551,0.589733,0.511081,0.67371,0.70457,0.616818,0.79206,8.55141,7.40873,9.36597,1.88,1.88,1.88,0.0995136,0.0891309,0.108413,0.0505866
l0/mujoco_isaacphys,"λ = 0 (MuJoCo, training joints)",1.2,1.25,168,0.00595238,0.00105149,0.0329426,0,0,0.119048,0.238095,0.077381,0.0178571,0,0,0.0223555,0,0.0223555,0.0784003,0.176728,0.18,0.307901,0.00595238,0.404762,0.11788,0.0930644,0.152622,0.273549,0.174514,0.493738,0.0621112,0.0367691,0.105347,0.133429,0.0936899,0.195615,0.396973,0.256821,0.702375,0.750868,0.728422,0.765969,0.180699,0.156866,0.203127,0.931889,0.919952,0.941175,11.1305,11.0439,9.96989,12.0714,0.16138,0.147944,0.173162,-0.145742,-0.169363,-0.113405,0.124244,0.118284,0.128252,-0.164052,-0.203697,-0.120785,0.121894,0.117168,0.124657,0.582107,0.778676,0.389114,0.914505,1,1.63095,0,2,22.7831,16.7321,30.9531,22.415,18.4481,31.4714,0.293032,0.242237,0.351514,0.569725,0.498363,0.682887,0.719111,0.636705,0.802964,8.70203,7.70885,9.65764,1.92,1.92,1.92,0.101151,0.0894585,0.111982,0.0500486
l0/mujoco_isaacphys,"λ = 0 (MuJoCo, training joints)",1.3,1.35,123,0,0,0.0302866,0,0,0.0813008,0.203252,0.0569106,0.0162602,0,0,0.0302866,0,0.0302866,0.0447584,0.143205,0.141632,0.282847,0,0.398374,0.117473,0.101053,0.149793,0.313973,0.172359,0.526594,0.0623282,0.0358303,0.0929091,0.129109,0.10247,0.189321,0.436456,0.259149,0.798636,0.753937,0.735389,0.770861,0.180149,0.155929,0.198445,0.931224,0.920924,0.942961,11.458,11.626,10.5252,12.4084,0.168712,0.151214,0.182135,-0.137088,-0.158442,-0.100221,0.124049,0.118152,0.128213,-0.147584,-0.189303,-0.114483,0.121212,0.116425,0.124739,0.77877,0.86797,0.45484,1.07763,1,1.5935,0,2,26.8401,18.453,38.907,24.3908,18.3407,32.7013,0.304556,0.25659,0.387036,0.581795,0.509219,0.739308,0.733713,0.644228,0.812439,8.96778,7.93379,9.78806,nan,nan,nan,0.102266,0.0894995,0.115631,nan
l0/mujoco_isaacphys,"λ = 0 (MuJoCo, training joints)",1.4,1.45,87,0,0,0.042289,0,0,0.091954,0.229885,0.045977,0.0229885,0,0,0.042289,0,0.042289,0.0473323,0.171087,0.154031,0.328585,0,0.367816,0.120646,0.0884918,0.162476,0.31906,0.179395,0.533289,0.0684737,0.0389613,0.112125,0.136338,0.0949733,0.194985,0.434917,0.271968,0.706622,0.762517,0.738325,0.778237,0.168873,0.150989,0.19053,0.927584,0.9195,0.942846,11.5506,11.5808,10.576,12.3631,0.166743,0.154844,0.182163,-0.13553,-0.154749,-0.102462,0.12275,0.115043,0.12807,-0.150252,-0.190702,-0.0992851,0.120263,0.113561,0.123811,0.641635,0.757061,0.364571,0.954387,1,1.50575,0,2,29.4691,22.8372,39.7906,26.8438,20.0842,33.8033,0.360479,0.270541,0.432468,0.583848,0.516978,0.707208,0.706759,0.624743,0.780048,8.86806,7.82809,10.1235,nan,nan,nan,0.108119,0.0914514,0.116085,nan
l0/mujoco_isaacphys,"λ = 0 (MuJoCo, training joints)",1.5,1.55,51,0,0,0.070049,0,0,0.156863,0.254902,0.0196078,0.0196078,0,0,0.070049,0,0.070049,0.0816913,0.280107,0.155456,0.388685,0,0.352941,0.117182,0.0816738,0.17538,0.30549,0.158573,0.408952,0.0657561,0.0346024,0.127729,0.137005,0.0890689,0.232008,0.430407,0.236127,0.609012,0.7549,0.734295,0.785627,0.173199,0.146556,0.200211,0.934323,0.920498,0.943409,11.7947,11.7953,10.8244,12.6665,0.17671,0.165508,0.198578,-0.135225,-0.157423,-0.0967427,0.123498,0.113512,0.1264,-0.15271,-0.191146,-0.0992998,0.119187,0.112972,0.123881,0.697635,0.816139,0.379949,1.00798,1,1.7451,0,3,27.5695,22.0814,40.4473,26.6932,22.5639,36.2021,0.324874,0.277533,0.43084,0.567937,0.497443,0.629849,0.743504,0.631107,0.814733,8.86374,7.65484,9.85386,nan,nan,nan,0.0964884,0.0867984,0.120212,nan
l0/mujoco_isaacphys,"λ = 0 (MuJoCo, training joints)",1.6,1.65,33,0.030303,0.00536927,0.153191,0,0,0.151515,0.212121,0.0606061,0.030303,0,0,0.104273,0,0.104273,0.0665036,0.309202,0.106759,0.37752,0.030303,0.484848,0.138213,0.0816005,0.19306,0.248749,0.175653,0.394569,0.105935,0.0507192,0.154527,0.167693,0.107139,0.213586,0.352703,0.279987,0.525811,0.788297,0.732402,0.798385,0.159548,0.129338,0.187665,0.931458,0.919857,0.947035,12.0165,11.7077,10.9409,12.712,0.181447,0.166639,0.20066,-0.14534,-0.171446,-0.108776,0.124836,0.114806,0.127021,-0.152429,-0.208956,-0.0942995,0.119443,0.111793,0.122429,0.591947,0.851171,0.436747,1.15862,1,2.66667,0,3,28.2898,20.748,38.2661,29.5301,23.3475,33.7413,0.341009,0.290551,0.384427,0.5333,0.483324,0.722689,0.694713,0.626936,0.79169,9.29531,8.36343,10.4888,2,2,2,0.0943099,0.088347,0.114819,0.053559
l0/mujoco_isaacphys,"λ = 0 (MuJoCo, training joints)",1.7,1.75,21,0,0,0.154644,0,0,0,0.0952381,0,0,0,0,0.154644,0,0.154644,0,0.154644,0.0265182,0.289146,0,0.428571,0.165132,0.139159,0.217501,0.250732,0.203155,0.428686,0.143149,0.0982933,0.190805,0.193095,0.152847,0.245373,0.451821,0.295292,0.582828,0.779356,0.747511,0.802338,0.147127,0.126425,0.169111,0.925632,0.915098,0.934682,11.7234,11.887,10.9976,12.7435,0.195784,0.178407,0.208831,-0.111363,-0.150964,-0.0785976,0.125027,0.119891,0.126612,-0.125821,-0.164676,-0.0641886,0.119707,0.116217,0.12284,0.588329,0.912119,0.420632,1.31054,1,1.7619,1,2,33.6112,30.4341,38.7219,37.3892,25.9576,43.7625,0.375089,0.327024,0.459031,0.595485,0.494182,0.675933,0.753208,0.681751,0.834394,8.982,8.26514,9.8418,nan,nan,nan,0.0912508,0.0866362,0.0987493,nan
l0/mujoco_isaacphys,"λ = 0 (MuJoCo, training joints)",1.8,1.85,6,0,0,0.390343,0,0,0,0,0,0,0,0,0.390343,0,0.390343,0,0.390343,0,0.390343,0,0.166667,0.198977,0.187885,0.253532,0.246269,0.214326,0.291549,0.176961,0.162683,0.222425,0.224352,0.203138,0.291333,0.432231,0.3808,0.545968,0.774,0.753564,0.797292,0.174483,0.160898,0.182092,0.940606,0.934893,0.953871,10.0389,10.0375,9.77664,10.547,0.197004,0.195676,0.198366,-0.116384,-0.135538,-0.0940688,0.117063,0.107738,0.119697,-0.121478,-0.128785,-0.0912557,0.117154,0.107347,0.117829,0.30271,0.740264,0.229702,1.33442,1,1.5,1,1,32.4108,24.96,35.4715,31.359,23.6384,39.2401,0.319681,0.284684,0.352615,0.531336,0.505762,0.586272,0.688195,0.592837,0.774065,7.6053,6.37552,8.49494,nan,nan,nan,0.0878265,0.0860179,0.0946586,nan
l0.5/isaac,λ = 0.5,-0.1,-0.05,24,0,0,0.137981,0,0,0,0,0,0,0,0,0.137981,0,0.137981,0,0.137981,0,0.137981,0,0,0.514708,0.445667,0.58529,0.478591,0.37887,0.616727,0.495966,0.417312,0.572323,0.670102,0.639392,0.700292,0.715594,0.616905,0.866772,0.705488,0.694083,0.725703,0.219525,0.204361,0.253129,0.934312,0.922907,0.942173,8.42783,8.62475,7.56665,9.4459,0.148336,0.143101,0.156215,-0.114032,-0.163566,-0.0649823,0.122474,0.117978,0.126179,-0.121978,-0.184702,-0.0637517,0.121136,0.117841,0.124995,1.00111,1.02993,0.849324,1.1911,0,0.416667,0,1,35.8704,24.6645,48.1412,28.3704,22.7871,43.7627,0.365295,0.295039,0.408753,0.600784,0.563716,0.643734,0.672814,0.566464,0.808731,4.2936,3.55717,4.99884,nan,nan,nan,0.0606145,0.0501666,0.0775265,nan
l0.5/isaac,λ = 0.5,0,0.05,75,0,0,0.0487255,0,0,0,0,0,0.0133333,0,0,0.0487255,0,0.0487255,0,0.0487255,0,0.0487255,0,0.0533333,0.500623,0.428848,0.559497,0.408539,0.342048,0.540247,0.479962,0.404301,0.540434,0.627814,0.585541,0.665117,0.606683,0.50212,0.758838,0.713368,0.695899,0.731546,0.21861,0.194752,0.23173,0.929672,0.918455,0.939055,8.10957,8.22133,7.38487,9.00024,0.147776,0.141858,0.154876,-0.143351,-0.174923,-0.100956,0.123638,0.116587,0.127589,-0.148786,-0.180602,-0.117296,0.121426,0.11696,0.125389,0.984076,1.04983,0.839597,1.18347,1,0.866667,0,1,31.4566,25.6936,41.5737,26.8693,22.4296,34.6148,0.333591,0.294528,0.407255,0.605405,0.560029,0.673279,0.632267,0.539252,0.724963,3.99189,3.01526,5.1638,nan,nan,nan,0.0577904,0.0482248,0.0676201,nan
l0.5/isaac,λ = 0.5,0.1,0.15,120,0,0,0.0310203,0,0,0,0,0,0.0416667,0,0,0.0310203,0,0.0310203,0,0.0310203,0,0.0310203,0,0.133333,0.413197,0.351527,0.472692,0.424721,0.308508,0.577431,0.396679,0.334777,0.454488,0.549197,0.512017,0.595025,0.583488,0.456101,0.773618,0.718162,0.704103,0.734535,0.210219,0.191914,0.230429,0.931343,0.918752,0.941966,8.05251,7.94728,7.0824,8.81876,0.148153,0.141098,0.155291,-0.126692,-0.169347,-0.0825312,0.123511,0.116102,0.127354,-0.140421,-0.186055,-0.078908,0.121118,0.115077,0.125619,0.983049,1.05249,0.812811,1.16595,1,0.791667,0,1,27.2348,21.7153,36.0743,24.0162,19.4833,31.1112,0.311019,0.269211,0.367141,0.614842,0.571864,0.720753,0.679601,0.585801,0.79164,3.78132,2.6845,4.74708,nan,nan,nan,0.0561006,0.0473064,0.0687966,nan
l0.5/isaac,λ = 0.5,0.2,0.25,165,0,0,0.0227527,0,0,0,0,0.0121212,0.0666667,0,0,0.0227527,0,0.0227527,0,0.0227527,0,0.0227527,0,0.157576,0.338165,0.283394,0.404861,0.416274,0.275059,0.597417,0.323201,0.268254,0.387071,0.473733,0.435282,0.520804,0.596745,0.405946,0.891837,0.724769,0.708074,0.739994,0.208215,0.185155,0.226894,0.929495,0.91466,0.941061,7.39776,7.44555,6.60954,8.17297,0.148558,0.137517,0.157601,-0.12129,-0.163349,0.0915256,0.123681,0.116332,0.128165,-0.126243,-0.185282,0.064193,0.122585,0.116301,0.126265,0.980752,1.0338,0.817438,1.20417,1,0.745455,0,1,26.9038,21.2258,33.6658,23.2456,19.3625,28.7641,0.300542,0.267092,0.354122,0.609076,0.560013,0.684025,0.653578,0.559341,0.826481,3.14448,2.09505,3.93766,nan,nan,nan,0.0557553,0.0442392,0.0659154,nan
l0.5/isaac,λ = 0.5,0.3,0.35,201,0,0,0.018754,0,0,0,0,0.0298507,0.0746269,0,0,0.018754,0,0.018754,0,0.018754,0,0.018754,0,0.208955,0.274199,0.230152,0.33639,0.417647,0.263345,0.574801,0.256496,0.204358,0.326434,0.39164,0.351579,0.450509,0.609415,0.382626,0.840894,0.725741,0.710666,0.74145,0.203274,0.182436,0.221545,0.928112,0.919379,0.939082,7.24023,7.20538,6.41672,8.08716,0.14613,0.137807,0.157138,-0.137956,-0.181347,-0.0651281,0.123288,0.116383,0.127648,-0.148961,-0.198571,-0.0553694,0.12198,0.115392,0.125325,1.01816,1.0547,0.818919,1.21277,1,0.850746,0,1,24.7276,19.1665,32.8399,23.4068,19.1107,29.4889,0.303031,0.257751,0.356984,0.605938,0.550649,0.669507,0.701585,0.57753,0.846647,2.58174,1.53445,3.58918,nan,nan,nan,0.0602183,0.0488284,0.0735929,nan
l0.5/isaac,λ = 0.5,0.4,0.45,237,0,0,0.0159507,0,0,0,0,0.0632911,0.0548523,0,0,0.0159507,0,0.0159507,0,0.0159507,0,0.0159507,0,0.2827,0.223491,0.185288,0.287523,0.366111,0.211251,0.539885,0.202266,0.163525,0.26442,0.32859,0.270135,0.384012,0.532681,0.335301,0.818086,0.729878,0.715195,0.747222,0.199777,0.182104,0.218845,0.930859,0.920454,0.940556,7.02144,7.11833,6.30196,7.87363,0.147164,0.138449,0.158612,-0.126258,-0.167093,-0.0627744,0.121185,0.115564,0.126761,-0.139018,-0.183448,-0.0602745,0.1206,0.114895,0.124154,0.959076,1.0336,0.804504,1.21665,1,0.877637,0,1,22.4869,16.7814,29.43,21.8482,17.0305,28.2086,0.278524,0.235683,0.333763,0.601155,0.549901,0.658053,0.751498,0.596829,0.854975,2.26024,1.11813,3.30397,nan,nan,nan,0.0576149,0.0455051,0.0720882,nan
l0.5/isaac,λ = 0.5,0.5,0.55,255,0,0,0.0148415,0,0,0,0.00784314,0.0823529,0.0823529,0,0,0.0148415,0,0.0148415,0,0.0148415,0.00215347,0.0281415,0,0.337255,0.180483,0.138921,0.233392,0.316246,0.194993,0.506978,0.154196,0.118077,0.206496,0.253485,0.19762,0.306018,0.482749,0.297451,0.736175,0.736039,0.719739,0.750923,0.194115,0.173828,0.209893,0.929773,0.919412,0.939634,6.84188,6.89593,5.95814,7.69679,0.148571,0.139875,0.157003,-0.127056,-0.167841,-0.0369551,0.121684,0.114857,0.126916,-0.140026,-0.193163,-0.02228,0.120605,0.115145,0.125377,0.997842,1.0502,0.859842,1.17501,1,0.909804,0,2,20.926,16.1127,28.5185,19.409,15.8331,26.4258,0.263909,0.231749,0.308944,0.609532,0.552708,0.678393,0.763075,0.601428,0.85797,1.62411,0.485268,2.73664,nan,nan,nan,0.0590618,0.0443168,0.0755225,nan
l0.5/isaac,λ = 0.5,0.6,0.65,267,0.00374532,0.00066143,0.0209069,0,0,0.0411985,0.093633,0.131086,0.082397,0.00374532,0,0.0141839,0,0.0141839,0.0231576,0.0722547,0.0642265,0.134567,0.00374532,0.41573,0.136657,0.0971146,0.17561,0.287366,0.160309,0.460783,0.109903,0.0719274,0.152929,0.187356,0.135528,0.248481,0.43101,0.246478,0.702329,0.7433,0.727408,0.75597,0.184397,0.165629,0.200286,0.927259,0.915766,0.940596,6.74245,6.82571,5.91202,7.67155,0.148197,0.138622,0.16207,-0.129827,-0.181565,-0.0673423,0.121066,0.114055,0.128137,-0.140542,-0.197685,-0.0515797,0.119889,0.112911,0.126169,0.989129,1.06177,0.840786,1.21379,1,1.06015,0,2,18.5897,14.2519,24.7653,19.3909,14.8574,23.4551,0.238769,0.202118,0.28684,0.615247,0.553635,0.721528,0.81557,0.653362,0.859139,1.27946,0.139665,2.29408,1.92,1.92,1.92,0.0590512,0.0477081,0.0726244,0.0399492
l0.5/isaac,λ = 0.5,0.7,0.75,282,0.0248227,0.0120749,0.0503429,0,0,0.159574,0.265957,0.205674,0.120567,0,0,0.0134396,0,0.0134396,0.121449,0.20685,0.217784,0.320422,0.0425532,0.48227,0.102924,0.0717356,0.144871,0.242646,0.142881,0.413462,0.0731904,0.041344,0.118482,0.138639,0.0884928,0.200961,0.364011,0.21907,0.641653,0.748845,0.734461,0.765652,0.177874,0.156466,0.195766,0.927567,0.916314,0.94051,6.72433,6.73156,5.84218,7.51181,0.149223,0.140097,0.161252,-0.144566,-0.178983,-0.086794,0.122975,0.115277,0.127213,-0.149346,-0.202443,-0.0786661,0.121761,0.114494,0.125688,1.01756,1.05493,0.848906,1.22262,1,1.03191,0,2,16.8855,13.1082,22.4718,17.8989,14.028,21.8993,0.223874,0.190894,0.271629,0.620179,0.554333,0.698752,0.834129,0.694981,0.861101,0.633393,-0.518396,1.73461,2.18,1.94,2.34,0.0587856,0.0437775,0.0700156,0.0354763
l0.5/isaac,λ = 0.5,0.8,0.85,288,0.0798611,0.0538025,0.116981,0,0,0.288194,0.423611,0.274306,0.215278,0.00347222,0,0.0131633,0,0.0131633,0.238943,0.343022,0.367915,0.481318,0.0833333,0.569444,0.0820328,0.057444,0.117356,0.19162,0.126082,0.323665,0.0484595,0.0247426,0.0882969,0.100916,0.0660719,0.159643,0.296719,0.200921,0.508572,0.758859,0.746582,0.773837,0.168422,0.151777,0.18851,0.930235,0.919909,0.94226,6.60236,6.69459,5.90897,7.459,0.151513,0.140643,0.163548,-0.131378,-0.17393,-0.0873596,0.120583,0.111982,0.126547,-0.144065,-0.19504,-0.0857408,0.11957,0.111011,0.124819,1.0115,1.0876,0.844109,1.22203,1,1.11498,0,2,15.8606,12.6431,21.0005,16.7392,12.8138,21.4468,0.214951,0.182569,0.257115,0.609551,0.544747,0.699807,0.846978,0.699877,0.864259,0.0119749,-1.21484,1.32011,1.72,1.58,2.58,0.0565735,0.0444425,0.0697189,0.0478748
l0.5/isaac,λ = 0.5,0.9,0.95,288,0.0833333,0.0566371,0.120999,0,0,0.368056,0.527778,0.274306,0.236111,0,0,0.0131633,0,0.0131633,0.314433,0.425152,0.470134,0.58469,0.104167,0.642361,0.0752628,0.0552573,0.102472,0.169736,0.114322,0.280899,0.0386422,0.0217872,0.0680964,0.0886973,0.0606399,0.138424,0.268255,0.174632,0.437255,0.768688,0.758432,0.786191,0.157293,0.136177,0.177208,0.929692,0.917879,0.940174,6.66942,6.72036,5.85963,7.53583,0.155759,0.14267,0.170151,-0.143938,-0.175092,-0.0999199,0.121969,0.112009,0.127097,-0.153457,-0.201688,-0.101023,0.120543,0.111452,0.12552,1.0068,1.07035,0.837996,1.24911,1,1.25347,0,2,15.8329,11.9919,20.6225,16.7366,13.3895,21.986,0.208841,0.175747,0.248059,0.610311,0.551009,0.712283,0.851175,0.743107,0.863823,-0.660763,-1.93186,0.569213,1.79,1.655,2.09,0.0583408,0.0443899,0.0697914,0.0441322
l0.5/isaac,λ = 0.5,1,1.05,264,0.0909091,0.0618512,0.131702,0,0,0.412879,0.530303,0.268939,0.272727,0.00757576,0,0.0143428,0,0.0143428,0.35515,0.473106,0.470096,0.589641,0.125,0.651515,0.072678,0.0551126,0.101322,0.170301,0.106009,0.285608,0.035411,0.0214659,0.0655635,0.0823243,0.0590028,0.137248,0.260396,0.170718,0.438227,0.779135,0.768032,0.794982,0.148449,0.130893,0.16296,0.927984,0.918854,0.939084,6.80027,6.8069,6.04688,7.58637,0.159588,0.147712,0.175651,-0.145309,-0.18112,-0.0947184,0.119837,0.11118,0.126821,-0.149116,-0.207871,-0.095348,0.119114,0.110161,0.124672,1.00185,1.11444,0.844805,1.26911,1,1.57252,0,2,16.2426,12.1622,20.7904,15.5649,12.2421,21.5864,0.207456,0.170503,0.252323,0.62682,0.557986,0.759817,0.849427,0.725326,0.864685,-1.25474,-2.72021,-0.00159705,2.07,1.69,2.78,0.0567315,0.0456734,0.0663684,0.0432531
l0.5/isaac,λ = 0.5,1.1,1.15,213,0.112676,0.0768958,0.16218,0,0,0.375587,0.521127,0.244131,0.276995,0,0,0.0177162,0,0.0177162,0.313295,0.442287,0.45426,0.587245,0.122066,0.690141,0.0753791,0.0578766,0.0973573,0.156918,0.105517,0.255408,0.0364082,0.0204248,0.0600639,0.0882871,0.0641234,0.121085,0.242771,0.165002,0.422488,0.789771,0.777019,0.806258,0.138887,0.121722,0.161085,0.93019,0.919353,0.939936,6.85417,6.94218,5.99743,7.85199,0.164617,0.153955,0.179791,-0.144163,-0.177763,-0.0966165,0.120544,0.108829,0.126972,-0.157663,-0.207164,-0.0939144,0.118443,0.108456,0.124597,1.0585,1.16767,0.872323,1.38593,1,1.6385,0,2,16.3402,13.1052,20.6068,17.4174,13.6544,22.5646,0.213399,0.183998,0.255779,0.624527,0.557895,0.708824,0.855604,0.794219,0.87091,-1.85018,-3.14414,-0.705349,1.78,1.705,2.045,0.0564721,0.0470749,0.0701185,0.041183
l0.5/isaac,λ = 0.5,1.2,1.25,168,0.0833333,0.0502869,0.135009,0,0.00595238,0.392857,0.505952,0.22619,0.244048,0,0,0.0223555,0.00105149,0.0329426,0.322191,0.468314,0.431066,0.580573,0.0892857,0.666667,0.0780308,0.0568818,0.106553,0.170838,0.116018,0.285576,0.0372943,0.0205327,0.0666101,0.0877336,0.0636456,0.127777,0.261088,0.175541,0.401979,0.798509,0.783875,0.815195,0.130628,0.116527,0.149104,0.931373,0.92083,0.9429,7.1741,7.22394,6.14377,8.11112,0.173019,0.159283,0.191796,-0.14468,-0.179118,-0.0901675,0.120559,0.112564,0.12641,-0.161324,-0.203527,-0.0970238,0.118755,0.110704,0.123469,0.989593,1.15703,0.82235,1.36708,1,1.82738,0,3,17.6385,13.2032,22.0776,17.1037,13.6096,22.1379,0.217235,0.191025,0.256753,0.62786,0.56934,0.733099,0.85658,0.795055,0.876894,-2.39918,-3.71145,-1.15451,1.82,1.51,1.91,0.0583069,0.0438278,0.0700705,0.0408746
l0.5/isaac,λ = 0.5,1.3,1.35,123,0.097561,0.0566922,0.162807,0,0.00813008,0.382114,0.487805,0.211382,0.276423,0,0,0.0302866,0.00143657,0.0446177,0.301047,0.470322,0.401184,0.575164,0.097561,0.658537,0.0782077,0.0575764,0.102238,0.156379,0.107947,0.328892,0.0349507,0.0217212,0.0662002,0.0857382,0.064022,0.130624,0.245623,0.175061,0.495894,0.805966,0.790029,0.826709,0.124682,0.0997097,0.144684,0.931193,0.92278,0.942076,7.28487,7.42793,6.44142,8.3081,0.17523,0.165579,0.189273,-0.133079,-0.171406,-0.0843721,0.119785,0.114428,0.125971,-0.142183,-0.190328,-0.0869352,0.116419,0.110837,0.123068,1.03647,1.19053,0.840009,1.4267,1,1.74797,0,3,18.994,14.954,24.3301,17.6737,13.4962,24.2083,0.227846,0.189416,0.291886,0.604785,0.564733,0.729289,0.857776,0.820497,0.872538,-2.69211,-3.71529,-1.55088,1.75,1.635,2.145,0.0562716,0.0433425,0.0646707,0.0349267
l0.5/isaac,λ = 0.5,1.4,1.45,87,0.0574713,0.0247953,0.127575,0,0,0.298851,0.551724,0.137931,0.206897,0,0,0.042289,0,0.042289,0.21284,0.401874,0.447244,0.65183,0.0574713,0.62069,0.0711434,0.0583006,0.103525,0.174617,0.111787,0.285044,0.0352947,0.022453,0.0520764,0.084579,0.0658488,0.130587,0.28256,0.179168,0.445626,0.812492,0.799199,0.831592,0.115238,0.0942231,0.131306,0.927238,0.917169,0.940989,7.54473,7.58431,6.76938,8.34105,0.181967,0.168923,0.197233,-0.144468,-0.175038,-0.0924657,0.12092,0.114228,0.12563,-0.162409,-0.202155,-0.102017,0.116129,0.109591,0.123484,1.04219,1.20815,0.8882,1.36719,1,2.08046,0,2.5,21.6917,16.2279,27.4883,18.4904,14.9679,27.5675,0.230546,0.20312,0.301311,0.632872,0.551336,0.728386,0.860659,0.850591,0.881067,-2.9976,-4.06987,-2.12172,1.66,1.66,1.8,0.0535457,0.0435355,0.0670246,0.0352958
l0.5/isaac,λ = 0.5,1.5,1.55,51,0.0588235,0.0202063,0.159249,0,0,0.27451,0.372549,0.117647,0.156863,0,0,0.070049,0,0.070049,0.171141,0.409469,0.253203,0.50975,0.0588235,0.568627,0.0827529,0.0657486,0.140798,0.187501,0.125705,0.32905,0.0451582,0.0271631,0.0948456,0.122038,0.07243,0.165419,0.311849,0.195987,0.459813,0.812821,0.803259,0.837107,0.110966,0.0874208,0.12914,0.928541,0.91711,0.941506,7.74881,7.79246,6.84619,8.93501,0.19086,0.176045,0.212888,-0.157433,-0.195978,-0.120006,0.118527,0.106608,0.123125,-0.17154,-0.231857,-0.120293,0.111154,0.102409,0.119378,1.09002,1.28005,0.904329,1.44661,2,3.11765,1,3,23.4747,18.1946,32.233,22.0316,16.8349,27.6621,0.247517,0.207841,0.325821,0.65249,0.586665,0.784171,0.860909,0.836788,0.887779,-3.30906,-4.50145,-2.28743,2.1,1.9,2.3,0.0623533,0.0498062,0.0726886,0.0337322
l0.5/isaac,λ = 0.5,1.6,1.65,33,0,0,0.104273,0,0,0.0909091,0.242424,0,0.0909091,0,0,0.104273,0,0.104273,0.0314034,0.235729,0.128316,0.410249,0,0.727273,0.110053,0.0795878,0.146706,0.19221,0.123492,0.241131,0.0720179,0.035659,0.111607,0.134191,0.101001,0.192422,0.29394,0.214228,0.415517,0.816707,0.806543,0.838362,0.101846,0.0841871,0.128821,0.929281,0.916544,0.943105,7.68189,7.74448,6.53449,8.48737,0.198956,0.182474,0.217031,-0.127591,-0.191005,-0.0940239,0.115732,0.104264,0.123571,-0.119685,-0.237386,-0.0975707,0.108527,0.09914,0.117837,1.18452,1.25266,0.943888,1.36442,2,2.51515,1,3,26.4714,22.3251,33.2013,23.7255,21.0337,30.3426,0.268829,0.251934,0.326498,0.673906,0.573332,0.75925,0.863417,0.849153,0.890381,-3.32443,-4.48518,-2.58099,nan,nan,nan,0.0706817,0.0528975,0.0835989,nan
l0.5/isaac,λ = 0.5,1.7,1.75,21,0,0,0.154644,0,0,0,0.047619,0,0,0.047619,0,0.154644,0,0.154644,0,0.154644,0.00845577,0.226698,0,0.714286,0.1288,0.108243,0.171152,0.164141,0.144906,0.239702,0.103062,0.0740519,0.146884,0.14794,0.129507,0.206152,0.283973,0.224964,0.365819,0.828464,0.816413,0.847972,0.0956902,0.0806755,0.105696,0.926824,0.920722,0.936553,7.28457,7.35959,6.7005,8.17017,0.205586,0.196643,0.213774,-0.147039,-0.159717,-0.0979826,0.113348,0.107638,0.121202,-0.158903,-0.192409,-0.112022,0.108559,0.093623,0.116695,1.08058,1.26469,0.889061,1.24438,2,2.4,1,3,31.0312,24.9605,37.018,26.2769,19.7558,31.0941,0.291532,0.229091,0.37842,0.662857,0.551058,0.721973,0.871612,0.861119,0.896916,-3.50795,-4.45118,-2.26643,nan,nan,nan,0.0609742,0.0535333,0.0695461,nan
l0.5/isaac,λ = 0.5,1.8,1.85,6,0,0,0.390343,0,0,0,0,0,0,0.166667,0,0.390343,0,0.390343,0,0.390343,0,0.390343,0,0.833333,0.178786,0.167434,0.209748,0.165993,0.149487,0.185951,0.143929,0.126945,0.156805,0.208253,0.18828,0.228351,0.263248,0.260076,0.288314,0.836607,0.807525,0.841041,0.0929396,0.0877394,0.102116,0.92878,0.919013,0.929132,7.64488,7.96357,7.59629,8.10394,0.239133,0.228454,0.242746,-0.151285,-0.16978,-0.131667,0.106029,0.105631,0.110256,-0.158215,-0.169171,-0.134536,0.101232,0.0916782,0.103196,0.988232,1.23564,0.819837,1.29829,4,3.8,1,5,37.4413,36.6976,38.074,34.646,30.6758,41.1814,0.297403,0.255858,0.39615,0.77291,0.711698,0.808489,0.916328,0.911555,0.923486,-3.36893,-3.92743,-2.2794,nan,nan,nan,0.0589929,0.0582092,0.0713857,nan
l0.5/isaac_legs_blind,"λ = 0.5, legs blind",-0.1,-0.05,24,0,0,0.137981,0,0,0,0,0,0,0.208333,0,0.137981,0,0.137981,0,0.137981,0,0.137981,0,0,0.703073,0.559272,0.782419,0.731278,0.668542,0.860444,0.655385,0.518072,0.714865,0.896669,0.870457,0.915246,1.09359,0.891348,1.26675,0.909946,0.9038,0.912947,0.0143626,0.00564488,0.0333691,0.92576,0.919842,0.933558,5.30516,5.36718,4.44877,6.32724,0.195337,0.183675,0.209292,-0.151368,-0.163766,-0.143572,0.105243,0.0717772,0.114944,-0.21463,-0.234874,-0.196298,0.0973612,0.0538185,0.114341,0.822913,1.05385,0.657873,1.11811,9,9.21053,7,10.5,40.8955,37.5122,52.2164,45.0965,37.2438,59.9913,0.471484,0.427799,0.560258,0.725645,0.688925,0.798404,0.746414,0.690676,0.792914,-1.10444,-2.00117,-0.837642,nan,nan,nan,0.0637642,0.0467874,0.0727615,nan
l0.5/isaac_legs_blind,"λ = 0.5, legs blind",0,0.05,75,0,0,0.0487255,0,0,0,0,0,0,0.306667,0,0.0487255,0,0.0487255,0,0.0487255,0,0.0487255,0,0,0.72648,0.559493,0.784059,0.745096,0.62006,0.944377,0.630007,0.510391,0.713566,0.83253,0.791481,0.866795,0.958156,0.814725,1.16417,0.909849,0.893648,0.915152,0.0236992,0.00757368,0.0351647,0.928762,0.918411,0.936851,5.23781,5.50879,4.69426,5.96816,0.203392,0.189476,0.214449,-0.168345,-0.192802,-0.148546,0.0888951,0.0705332,0.103586,-0.210459,-0.250679,-0.186425,0.0800602,0.059548,0.0995784,1.02929,1.14839,0.782649,1.31402,10,10.6731,8,13,45.8921,37.7181,62.5634,46.2994,36.7747,62.0387,0.44926,0.420222,0.533999,0.747331,0.657322,0.806052,0.749183,0.681817,0.774963,-1.52012,-2.72163,-0.853649,nan,nan,nan,0.0694551,0.0575667,0.0821368,nan
l0.5/isaac_legs_blind,"λ = 0.5, legs blind",0.1,0.15,120,0,0,0.0310203,0,0,0,0,0,0,0.35,0,0.0310203,0,0.0310203,0,0.0310203,0,0.0310203,0,0.00833333,0.618297,0.522518,0.698272,0.686188,0.561933,0.980759,0.561305,0.457813,0.628035,0.74036,0.710949,0.773036,0.918461,0.736154,1.29721,0.906813,0.899312,0.91836,0.0249238,0.00544674,0.037367,0.932443,0.918072,0.944555,5.22659,5.45442,4.79311,6.07059,0.203513,0.187794,0.218312,-0.154895,-0.172801,-0.140988,0.0884436,0.0702479,0.103813,-0.208491,-0.235269,-0.183657,0.079175,0.058455,0.100451,0.967087,1.08647,0.698779,1.35104,10,10.2051,7,13,47.2724,39.3454,56.9937,44.0725,35.5886,55.9188,0.456501,0.398374,0.51522,0.732911,0.66009,0.811519,0.737638,0.698191,0.779991,-1.90678,-2.55341,-1.01516,nan,nan,nan,0.0722119,0.0569815,0.0846417,nan
l0.5/isaac_legs_blind,"λ = 0.5, legs blind",0.2,0.25,165,0,0,0.0227527,0,0,0,0,0,0.0121212,0.345455,0,0.0227527,0,0.0227527,0,0.0227527,0,0.0227527,0,0.0121212,0.562746,0.469875,0.627209,0.71483,0.53769,0.983357,0.490642,0.399542,0.548849,0.667,0.628194,0.714447,0.849479,0.67416,1.20938,0.908427,0.898594,0.918345,0.0185792,0.00354914,0.0355844,0.926731,0.915853,0.940688,5.36454,5.8399,4.79461,6.02554,0.198818,0.18693,0.223917,-0.162677,-0.183983,-0.140071,0.0965237,0.0790666,0.110622,-0.209774,-0.247906,-0.179113,0.0913131,0.0689177,0.103753,1.0516,1.17067,0.759781,1.44289,9,9.55556,6,12,46.9244,39.6755,55.6089,43.5585,30.4324,57.8008,0.44906,0.403629,0.520857,0.713423,0.650931,0.805176,0.755217,0.70595,0.798233,-1.4827,-2.3493,-0.726846,nan,nan,nan,0.0701094,0.0595239,0.0864668,nan
l0.5/isaac_legs_blind,"λ = 0.5, legs blind",0.3,0.35,201,0,0,0.018754,0,0,0,0,0,0.0248756,0.328358,0,0.018754,0,0.018754,0,0.018754,0,0.018754,0,0.00497512,0.4864,0.40174,0.54932,0.665015,0.512664,0.951217,0.406592,0.312221,0.461367,0.575294,0.532407,0.634493,0.80829,0.644537,1.31337,0.909891,0.897002,0.91665,0.0200803,0.00716603,0.0366955,0.928422,0.919922,0.940746,5.28941,5.90526,4.78329,6.06503,0.195705,0.182556,0.213392,-0.162055,-0.182895,-0.146535,0.0964728,0.0813448,0.109953,-0.207509,-0.242782,-0.176488,0.0895352,0.0710271,0.103519,1.01625,1.20487,0.735,1.54164,8,8.97037,6,11,46.231,36.4348,55.1428,41.2374,32.0358,52.4962,0.434161,0.381828,0.487876,0.71051,0.624532,0.813513,0.746334,0.715528,0.799444,-1.65387,-2.74298,-0.645117,nan,nan,nan,0.0722119,0.0561342,0.088315,nan
l0.5/isaac_legs_blind,"λ = 0.5, legs blind",0.4,0.45,237,0,0,0.0159507,0,0,0,0,0,0.0253165,0.248945,0,0.0159507,0,0.0159507,0,0.0159507,0,0.0159507,0,0.0506329,0.419023,0.350904,0.481936,0.682192,0.46659,0.913144,0.339336,0.27151,0.406054,0.493602,0.450735,0.54811,0.83301,0.581907,1.15692,0.908231,0.898016,0.917354,0.0207442,0.00803623,0.0390289,0.929213,0.91865,0.939685,5.51916,5.68201,4.9149,6.09044,0.198155,0.182541,0.215489,-0.159857,-0.18142,-0.144285,0.097831,0.085232,0.110147,-0.215685,-0.244444,-0.187225,0.0910361,0.0734989,0.105415,1.00833,1.14945,0.756498,1.32509,10,9.80899,7,12.75,43.9058,36.2541,55.7115,39.0135,30.1624,47.8613,0.410839,0.369126,0.484497,0.722703,0.645773,0.794979,0.755335,0.719817,0.803003,-1.69505,-2.6423,-0.72357,nan,nan,nan,0.0681048,0.0545043,0.0839688,nan
l0.5/isaac_legs_blind,"λ = 0.5, legs blind",0.5,0.55,255,0,0,0.0148415,0,0,0,0,0.0156863,0.0156863,0.227451,0,0.0148415,0,0.0148415,0,0.0148415,0,0.0148415,0,0.0745098,0.340252,0.273896,0.391029,0.601379,0.403479,0.84013,0.269257,0.208317,0.32403,0.400239,0.360285,0.462581,0.78033,0.523564,1.04444,0.907904,0.897145,0.916778,0.0223371,0.00719501,0.0369947,0.928112,0.918592,0.939556,5.50552,5.73408,4.87701,6.04575,0.193594,0.181384,0.209244,-0.158288,-0.178471,-0.140041,0.10145,0.0854774,0.111886,-0.204131,-0.237593,-0.172881,0.0950554,0.0760446,0.108128,0.991175,1.06622,0.75738,1.31471,8,9,6,12,42.1012,34.0224,52.3628,34.7398,27.3612,45.4457,0.387363,0.343109,0.438577,0.706229,0.630885,0.799018,0.762222,0.716155,0.799068,-1.81182,-2.78194,-1.06441,nan,nan,nan,0.0707057,0.0564492,0.090403,nan
l0.5/isaac_legs_blind,"λ = 0.5, legs blind",0.6,0.65,267,0,0,0.0141839,0,0,0,0,0.00749064,0.0262172,0.23221,0,0.0141839,0,0.0141839,0,0.0141839,0,0.0141839,0,0.093633,0.271386,0.213685,0.334336,0.533059,0.344128,0.76687,0.203865,0.155484,0.258983,0.333224,0.277693,0.389698,0.710753,0.462918,1.00842,0.902976,0.892013,0.912988,0.0267944,0.00984435,0.04244,0.928921,0.917211,0.939533,5.55556,5.57062,4.87736,6.18287,0.195528,0.180657,0.20691,-0.156927,-0.180551,-0.140819,0.0989907,0.086479,0.110938,-0.20601,-0.244994,-0.178163,0.0937178,0.0769164,0.105688,1.05469,1.14888,0.781804,1.41374,9,9.42439,6,12,37.8489,29.255,46.9769,34.4417,27.0194,44.3419,0.371577,0.318811,0.42753,0.709109,0.622802,0.807962,0.763309,0.719782,0.811845,-1.93409,-2.94168,-0.750816,nan,nan,nan,0.0720106,0.0572847,0.0840386,nan
l0.5/isaac_legs_blind,"λ = 0.5, legs blind",0.7,0.75,282,0,0,0.0134396,0,0,0,0.0070922,0.0390071,0.0283688,0.234043,0,0.0134396,0,0.0134396,0,0.0134396,0.00194706,0.0254863,0,0.14539,0.225448,0.162287,0.283668,0.501332,0.288174,0.717209,0.149197,0.101637,0.202257,0.258966,0.199925,0.326114,0.642389,0.397512,0.90428,0.901016,0.885301,0.910809,0.0291232,0.0134147,0.0467639,0.928111,0.917893,0.939693,5.49474,5.83159,4.91141,6.20446,0.19149,0.178262,0.207356,-0.164113,-0.179208,-0.145239,0.0993766,0.0855791,0.115289,-0.214652,-0.246624,-0.181194,0.0932418,0.0763973,0.108141,1.12561,1.25602,0.81258,1.53631,9,9.22685,6,11.25,36.2507,27.6011,46.6379,32.6166,24.569,42.049,0.352077,0.302712,0.404796,0.705931,0.625696,0.810481,0.777209,0.73636,0.818732,-1.67361,-2.65595,-0.886564,nan,nan,nan,0.0719005,0.0604478,0.0864258,nan
l0.5/isaac_legs_blind,"λ = 0.5, legs blind",0.8,0.85,288,0,0,0.0131633,0,0,0.0243056,0.0625,0.0555556,0.0347222,0.208333,0,0.0131633,0,0.0131633,0.0118223,0.0493122,0.0398961,0.0966218,0.00347222,0.194444,0.170432,0.121202,0.225799,0.441239,0.252647,0.601916,0.104206,0.0608097,0.159663,0.199016,0.137048,0.268823,0.546594,0.350629,0.804431,0.897373,0.879161,0.90891,0.0350749,0.0170086,0.0556675,0.931542,0.919746,0.944063,5.42665,5.59943,4.98835,6.18854,0.190283,0.174786,0.208549,-0.15605,-0.173057,-0.136605,0.106064,0.0904951,0.115779,-0.205371,-0.237926,-0.167872,0.100333,0.0805919,0.110218,1.11534,1.20544,0.81293,1.48816,9,8.95175,6,11,30.9528,24.2582,39.4854,29.6513,22.5345,37.3273,0.312457,0.269958,0.367447,0.718621,0.633932,0.798594,0.780052,0.738781,0.826306,-1.85607,-2.75925,-0.6212,nan,nan,nan,0.0721004,0.0568859,0.0887219,nan
l0.5/isaac_legs_blind,"λ = 0.5, legs blind",0.9,0.95,288,0.00694444,0.00190645,0.0249629,0,0,0.0868056,0.145833,0.09375,0.0520833,0.208333,0,0.0131633,0,0.0131633,0.0594872,0.125002,0.109735,0.191256,0.0104167,0.277778,0.130333,0.0896936,0.180102,0.359996,0.203813,0.546126,0.0642633,0.0368709,0.121695,0.14258,0.0985807,0.220353,0.462412,0.286282,0.769931,0.893506,0.871015,0.906893,0.037565,0.0158396,0.062294,0.92871,0.917109,0.93847,5.62055,5.65621,4.98654,6.1775,0.191346,0.178991,0.207176,-0.15062,-0.178094,-0.131377,0.104859,0.0854246,0.116531,-0.200224,-0.238521,-0.172137,0.094684,0.0724251,0.112504,1.12752,1.22358,0.868848,1.49568,9,9.14035,6,11.25,30.4135,23.3307,40.812,27.3411,21.1698,34.4693,0.314879,0.254406,0.365611,0.693458,0.628552,0.781976,0.799809,0.754183,0.836281,-1.37588,-2.6796,-0.391553,1.55,1.495,1.605,0.0705071,0.0576507,0.0843512,0.0605368
l0.5/isaac_legs_blind,"λ = 0.5, legs blind",1,1.05,264,0.0151515,0.0059074,0.0383038,0,0,0.128788,0.246212,0.117424,0.0871212,0.189394,0,0.0143428,0,0.0143428,0.0936444,0.17458,0.19813,0.301574,0.0227273,0.344697,0.116922,0.0821071,0.161298,0.294777,0.163631,0.500657,0.0604051,0.0342042,0.0955741,0.133063,0.0869138,0.195774,0.3994,0.241481,0.660063,0.889589,0.863727,0.905971,0.0437319,0.022411,0.0660377,0.929202,0.918416,0.940804,5.75971,6.03562,5.25345,6.28153,0.192049,0.178104,0.21095,-0.146642,-0.169446,-0.132289,0.105855,0.0866246,0.117058,-0.196385,-0.238199,-0.167398,0.0962029,0.0744663,0.112448,1.18178,1.27114,0.882649,1.57926,9,9.08411,6,12,29.5874,21.4128,38.8463,27.7928,21.8331,35.9212,0.293014,0.248696,0.346187,0.698337,0.627008,0.791821,0.806428,0.757429,0.853388,-1.31457,-2.54679,-0.284365,1.9,1.66,2.22,0.068636,0.0574543,0.0852175,0.0749215
l0.5/isaac_legs_blind,"λ = 0.5, legs blind",1.1,1.15,213,0.00469484,0.000829214,0.0261103,0,0,0.122066,0.230047,0.0657277,0.0798122,0.173709,0,0.0177162,0,0.0177162,0.0846773,0.172845,0.178608,0.291051,0.028169,0.375587,0.109518,0.0796344,0.152745,0.293648,0.17611,0.479861,0.0497157,0.0298686,0.0916375,0.117759,0.084028,0.185094,0.365202,0.248637,0.637088,0.889769,0.859143,0.906505,0.0418746,0.01973,0.0722743,0.929882,0.92036,0.939792,5.92749,6.04142,5.1748,6.6267,0.194735,0.179818,0.213534,-0.151116,-0.174654,-0.132219,0.104962,0.083057,0.116228,-0.20063,-0.238431,-0.168377,0.0978354,0.0705899,0.110972,1.24438,1.31688,0.903547,1.66108,9,9.05682,6,12,27.3326,20.4339,39.328,25.2493,19.7125,32.6427,0.288617,0.241901,0.346417,0.712952,0.641293,0.807748,0.817199,0.769994,0.857066,-1.37159,-2.33799,-0.0177978,2.06,2.06,2.06,0.0709923,0.0537137,0.0844676,0.0519149
l0.5/isaac_legs_blind,"λ = 0.5, legs blind",1.2,1.25,168,0.0178571,0.00609121,0.0511801,0,0,0.130952,0.232143,0.0654762,0.0952381,0.202381,0,0.0223555,0,0.0223555,0.0880929,0.190312,0.174721,0.301541,0.0357143,0.39881,0.114119,0.0839403,0.175534,0.288553,0.16702,0.520382,0.0553102,0.0336607,0.0941999,0.131126,0.0871536,0.204872,0.351493,0.234997,0.632184,0.887242,0.853804,0.904482,0.0462251,0.0233802,0.0756411,0.931917,0.921854,0.945244,6.02066,6.45672,5.23822,6.76385,0.197484,0.18292,0.214896,-0.152888,-0.181283,-0.13232,0.10548,0.0847437,0.117762,-0.204319,-0.252067,-0.159876,0.0971202,0.0713462,0.112287,1.24823,1.32299,0.896485,1.66478,9,9.26866,6,12,25.297,19.4702,37.5773,24.4815,18.4551,34.4838,0.280914,0.236588,0.337821,0.711753,0.629775,0.782558,0.821054,0.777705,0.865902,-1.1141,-2.21815,0.0236559,1.42,1.39,1.45,0.0678493,0.0540457,0.0892448,0.0442647
l0.5/isaac_legs_blind,"λ = 0.5, legs blind",1.3,1.35,123,0.0487805,0.0225455,0.102347,0,0,0.097561,0.203252,0.097561,0.0813008,0.146341,0,0.0302866,0,0.0302866,0.0566922,0.162807,0.141632,0.282847,0.0487805,0.382114,0.110759,0.0808196,0.151156,0.322397,0.168378,0.546362,0.0534876,0.0321114,0.0839701,0.12361,0.0911611,0.181745,0.391264,0.230598,0.639861,0.888295,0.858547,0.904092,0.0475708,0.0217843,0.0815219,0.931835,0.92141,0.939173,6.21911,6.55566,5.53545,7.08408,0.198027,0.18409,0.219702,-0.149365,-0.176029,-0.12999,0.101837,0.0757496,0.117235,-0.196278,-0.249772,-0.156192,0.0953574,0.0589758,0.109665,1.20529,1.31594,0.926768,1.54618,9,9.95238,7,13,27.4101,20.1394,40.1629,26.2906,19.774,37.3909,0.296854,0.254098,0.362903,0.730247,0.652466,0.81387,0.822102,0.774328,0.865176,-1.45783,-2.6413,-0.339895,1.66,1.405,2.17,0.0717107,0.0597373,0.0878851,0.0439186
l0.5/isaac_legs_blind,"λ = 0.5, legs blind",1.4,1.45,87,0.0344828,0.0117956,0.0965424,0,0,0.091954,0.241379,0.0574713,0.0689655,0.206897,0,0.042289,0,0.042289,0.0473323,0.171087,0.16364,0.340992,0.0344828,0.264368,0.111791,0.082736,0.179912,0.3273,0.183406,0.539735,0.0554099,0.0308293,0.104909,0.127943,0.0888743,0.191874,0.450634,0.271109,0.813686,0.878601,0.840426,0.903175,0.0472725,0.0214558,0.0973035,0.930936,0.919231,0.938963,6.08551,6.22933,5.57781,6.923,0.201399,0.186871,0.222194,-0.149059,-0.17376,-0.131841,0.103079,0.0845205,0.119313,-0.19233,-0.231142,-0.170334,0.094586,0.0667445,0.109246,1.21338,1.38129,0.9401,1.72078,10,10.1739,6,13,30.9639,22.1441,41.1458,29.2022,22.6593,41.0492,0.318778,0.263613,0.379249,0.751943,0.684665,0.814116,0.846804,0.806523,0.870537,-1.56376,-2.37995,-0.529227,1.62,1.52,1.67,0.0741489,0.061369,0.0921835,0.0515862
l0.5/isaac_legs_blind,"λ = 0.5, legs blind",1.5,1.55,51,0,0,0.070049,0,0,0.0784314,0.196078,0.0196078,0.0392157,0.254902,0,0.070049,0,0.070049,0.0309217,0.185002,0.110152,0.324583,0.0196078,0.313725,0.15801,0.0929132,0.20436,0.302968,0.187447,0.401497,0.09505,0.038574,0.136245,0.183123,0.101122,0.246988,0.427596,0.296104,0.652071,0.869625,0.827759,0.898066,0.0602979,0.031654,0.101796,0.928699,0.92047,0.945917,6.17117,6.12991,5.28727,7.08114,0.200696,0.180205,0.217479,-0.14153,-0.16624,-0.122153,0.113045,0.0972447,0.119327,-0.183401,-0.22226,-0.148514,0.10493,0.0928906,0.115446,1.13821,1.18065,0.781003,1.4741,8,8.73684,5,12,28.6788,22.699,47.8135,26.5149,20.6899,37.069,0.294876,0.246166,0.393183,0.739573,0.637476,0.804771,0.819589,0.791524,0.853851,-1.48603,-2.71468,-0.316875,nan,nan,nan,0.0722132,0.060309,0.104927,nan
l0.5/isaac_legs_blind,"λ = 0.5, legs blind",1.6,1.65,33,0,0,0.104273,0,0,0.0606061,0.0909091,0,0,0.454545,0,0.104273,0,0.104273,0.0167805,0.196066,0.0314034,0.235729,0,0.242424,0.174224,0.123258,0.216363,0.228678,0.162926,0.377386,0.103116,0.0682536,0.157724,0.207143,0.174094,0.258472,0.357708,0.236305,0.506686,0.841333,0.821365,0.88743,0.0919463,0.0495146,0.108884,0.930177,0.922042,0.942644,6.47691,6.53695,5.74769,7.07925,0.201916,0.192903,0.215909,-0.138589,-0.158449,-0.124227,0.106052,0.0912314,0.115042,-0.187282,-0.207207,-0.147758,0.0990099,0.0835592,0.111679,1.16365,1.22506,0.89249,1.42504,9,8.38889,5.25,10.75,25.8449,21.2979,38.7448,23.6756,17.2545,34.2988,0.289015,0.241748,0.337314,0.760371,0.658458,0.802735,0.854823,0.79678,0.86335,-1.31621,-2.13345,-0.482083,nan,nan,nan,0.0767297,0.062555,0.0977639,nan
l0.5/isaac_legs_blind,"λ = 0.5, legs blind",1.7,1.75,21,0,0,0.154644,0,0,0,0,0,0,0.047619,0,0.154644,0,0.154644,0,0.154644,0,0.154644,0,0.428571,0.202774,0.139533,0.234822,0.237384,0.146241,0.291422,0.151297,0.0943807,0.170692,0.221837,0.161377,0.293678,0.40261,0.263689,0.498974,0.857193,0.839539,0.867581,0.0710161,0.058369,0.0952599,0.92925,0.925446,0.935262,6.21654,6.24917,5.68088,6.81262,0.209442,0.198426,0.217929,-0.151741,-0.167713,-0.116783,0.103529,0.0929791,0.114248,-0.174624,-0.202586,-0.15452,0.0882784,0.0786924,0.108571,1.39616,1.42305,1.02802,1.53833,8.5,8.1,6,10.25,29.1505,23.7889,42.0166,29.3138,19.5822,38.4949,0.301269,0.259393,0.369387,0.770276,0.73506,0.802607,0.844669,0.810256,0.873027,-1.40183,-2.4553,-0.864801,nan,nan,nan,0.0846889,0.0735973,0.0974858,nan
l0.5/isaac_legs_blind,"λ = 0.5, legs blind",1.8,1.85,6,0,0,0.390343,0,0,0,0,0,0,0.333333,0,0.390343,0,0.390343,0,0.390343,0,0.390343,0,0.166667,0.265421,0.20971,0.306266,0.283886,0.268249,0.308338,0.193584,0.151162,0.230406,0.28333,0.234215,0.315705,0.416374,0.390759,0.437483,0.855649,0.849834,0.86249,0.0818055,0.0663532,0.0893438,0.937454,0.927646,0.940375,6.23855,6.35244,6.00722,6.58377,0.238052,0.231066,0.245291,-0.148886,-0.156529,-0.142948,0.0978557,0.0943271,0.101751,-0.205219,-0.23463,-0.181211,0.0870559,0.0803336,0.0926017,1.28261,1.26119,1.08771,1.45608,10.5,9.5,9,11,28.7688,27.7916,30.6377,38.675,33.5645,40.5044,0.334732,0.317095,0.360897,0.718644,0.70057,0.729678,0.834401,0.822985,0.845083,-1.17662,-1.58081,-0.72465,nan,nan,nan,0.0888364,0.0728678,0.102341,nan
l0.5/mujoco,"λ = 0.5 (MuJoCo, RoboCasa joints)",-0.1,-0.05,24,0,0,0.137981,0,0,0,0,0,0,0,0,0.137981,0,0.137981,0,0.137981,0,0.137981,0,0.0833333,0.540145,0.461155,0.622152,0.615052,0.358517,0.776114,0.519515,0.44884,0.585579,0.73839,0.675096,0.774587,0.772053,0.53671,1.11203,0.712665,0.702878,0.72556,0.223616,0.207224,0.237243,0.937169,0.929263,0.947686,7.80593,8.15091,7.09328,8.54518,0.0979568,0.0872093,0.112159,-0.149492,-0.185391,-0.113943,0.118425,0.110997,0.12582,-0.18742,-0.219608,-0.136959,0.116652,0.110954,0.123532,0.536085,0.723632,0.434302,0.728611,2,3.08333,1,4,14.2475,10.4522,23.2849,11.7995,9.21629,14.2447,0.108358,0.0967149,0.116539,0.588109,0.491594,0.65632,0.615617,0.49436,0.737551,3.6944,2.79693,4.44807,nan,nan,nan,0.0736616,0.0687205,0.0829731,nan
l0.5/mujoco,"λ = 0.5 (MuJoCo, RoboCasa joints)",0,0.05,75,0,0,0.0487255,0,0,0,0,0,0.0133333,0,0,0.0487255,0,0.0487255,0,0.0487255,0,0.0487255,0,0.08,0.519293,0.432045,0.57217,0.411356,0.295751,0.607569,0.507786,0.422096,0.568393,0.648089,0.62021,0.684621,0.616356,0.469024,0.906747,0.724193,0.703925,0.740857,0.213095,0.19207,0.231581,0.936746,0.922168,0.943549,7.81787,7.99279,7.16486,8.64227,0.0985133,0.0896095,0.115117,-0.148077,-0.178019,-0.118926,0.120743,0.116127,0.125642,-0.167419,-0.22184,-0.126746,0.118916,0.114608,0.123443,0.524581,0.630683,0.400777,0.691623,1,1.62667,0,2,13.5545,9.75625,19.206,10.939,8.18821,14.4317,0.102371,0.0935703,0.114982,0.584722,0.539762,0.677308,0.632804,0.511304,0.732076,3.42271,2.81839,4.17311,nan,nan,nan,0.070447,0.0640218,0.0766014,nan
l0.5/mujoco,"λ = 0.5 (MuJoCo, RoboCasa joints)",0.1,0.15,120,0,0,0.0310203,0,0,0,0,0,0.025,0.00833333,0,0.0310203,0,0.0310203,0,0.0310203,0,0.0310203,0,0.133333,0.447931,0.376229,0.505426,0.430582,0.275737,0.716158,0.433434,0.364412,0.495208,0.564375,0.534153,0.606007,0.672724,0.455465,0.979847,0.731346,0.7068,0.747435,0.206454,0.186993,0.233079,0.939105,0.925046,0.946752,7.51133,7.71183,6.75855,8.30165,0.101657,0.0900848,0.11668,-0.134861,-0.171106,-0.104522,0.120477,0.114814,0.124125,-0.165104,-0.202992,-0.11793,0.117789,0.114672,0.122384,0.487474,0.730561,0.397394,0.763833,1,1.84874,0,2,12.5848,9.56842,16.3981,10.2776,8.62372,14.5246,0.0985326,0.0870708,0.115868,0.599391,0.547797,0.667187,0.618165,0.502239,0.744268,2.90804,2.1789,3.60439,nan,nan,nan,0.0683937,0.0616063,0.075221,nan
l0.5/mujoco,"λ = 0.5 (MuJoCo, RoboCasa joints)",0.2,0.25,165,0,0,0.0227527,0,0,0,0,0,0.0181818,0.0121212,0,0.0227527,0,0.0227527,0,0.0227527,0,0.0227527,0,0.206061,0.366577,0.315094,0.427683,0.430155,0.256087,0.685393,0.356449,0.303921,0.415756,0.502355,0.461453,0.540158,0.716374,0.404522,0.991838,0.735779,0.713769,0.751312,0.20033,0.182742,0.225559,0.937582,0.925745,0.945746,7.11479,7.29849,6.29039,8.16368,0.100706,0.0908104,0.115829,-0.148175,-0.180708,-0.11886,0.121203,0.115158,0.124583,-0.179242,-0.207609,-0.142701,0.118707,0.114168,0.122575,0.521813,0.714262,0.40998,0.824869,1,1.94479,0,3,12.4628,9.18681,17.4585,10.871,8.39244,15.1705,0.100172,0.086875,0.118336,0.605355,0.536339,0.70551,0.637795,0.511982,0.795952,2.19428,1.47955,2.83239,nan,nan,nan,0.063611,0.0583363,0.0705019,nan
l0.5/mujoco,"λ = 0.5 (MuJoCo, RoboCasa joints)",0.3,0.35,201,0,0,0.018754,0,0,0,0,0.00995025,0.0348259,0.00995025,0,0.018754,0,0.018754,0,0.018754,0,0.018754,0,0.19403,0.310248,0.258953,0.378823,0.432264,0.236789,0.66128,0.296497,0.246723,0.364536,0.424445,0.381532,0.485777,0.693457,0.435419,0.95656,0.735917,0.718918,0.756919,0.195806,0.177887,0.215571,0.934539,0.92497,0.944405,6.87201,6.94581,5.99322,7.80016,0.101901,0.092103,0.113472,-0.154007,-0.187906,-0.117022,0.120529,0.114733,0.124369,-0.177685,-0.217362,-0.134557,0.118146,0.112881,0.122476,0.536097,0.696067,0.395784,0.861187,1,1.94975,1,3,11.6134,9.32565,16.6105,11.4998,8.69629,15.5,0.097943,0.0874142,0.113312,0.608694,0.543151,0.722552,0.622399,0.527522,0.739133,1.55993,0.832837,2.53504,nan,nan,nan,0.0628444,0.0562956,0.0684007,nan
l0.5/mujoco,"λ = 0.5 (MuJoCo, RoboCasa joints)",0.4,0.45,237,0,0,0.0159507,0,0,0,0,0.0126582,0.0421941,0,0,0.0159507,0,0.0159507,0,0.0159507,0,0.0159507,0,0.206751,0.270024,0.208573,0.318079,0.415732,0.233046,0.648061,0.25197,0.198343,0.307999,0.360383,0.310866,0.412055,0.644103,0.410887,0.988195,0.741369,0.722661,0.762328,0.194241,0.174981,0.213161,0.936534,0.926592,0.944527,6.78715,6.82635,5.87285,7.70794,0.103403,0.0924153,0.119111,-0.154571,-0.182976,-0.11731,0.119973,0.114071,0.123743,-0.17439,-0.220377,-0.131399,0.117628,0.112756,0.121305,0.576623,0.75371,0.415354,0.904255,2,1.98734,1,3,12.1655,8.98746,15.8986,11.3925,9.24805,15.3421,0.096415,0.084927,0.114653,0.620766,0.562105,0.716265,0.64274,0.540471,0.799534,1.06145,0.241515,2.14542,nan,nan,nan,0.0620255,0.0569115,0.0686089,nan
l0.5/mujoco,"λ = 0.5 (MuJoCo, RoboCasa joints)",0.5,0.55,255,0,0,0.0148415,0,0,0,0,0.0117647,0.0431373,0.00392157,0,0.0148415,0,0.0148415,0,0.0148415,0,0.0148415,0,0.239216,0.213427,0.16649,0.263711,0.382291,0.209352,0.603732,0.196676,0.15292,0.248239,0.29425,0.242216,0.356312,0.64637,0.366785,0.935738,0.749966,0.73272,0.770416,0.18719,0.16551,0.203564,0.938144,0.927823,0.945292,6.37119,6.66508,5.55164,7.44876,0.10488,0.0957548,0.123539,-0.157174,-0.193178,-0.128026,0.119398,0.112845,0.12358,-0.183035,-0.22399,-0.142729,0.116068,0.110967,0.120979,0.592423,0.796654,0.428696,0.956409,2,2.52756,1,3.75,12.621,9.42996,16.0096,11.8549,8.83581,16.2137,0.0980541,0.0874258,0.11329,0.627614,0.559155,0.732453,0.676002,0.571662,0.823693,0.5324,-0.323736,1.37709,nan,nan,nan,0.0600519,0.0527015,0.0674431,nan
l0.5/mujoco,"λ = 0.5 (MuJoCo, RoboCasa joints)",0.6,0.65,267,0,0,0.0141839,0,0,0.00749064,0.0262172,0.0224719,0.0411985,0.00374532,0,0.0141839,0,0.0141839,0.00205657,0.0268961,0.0127563,0.0531184,0,0.280899,0.163106,0.124077,0.222842,0.338857,0.196877,0.551367,0.15021,0.108108,0.207217,0.230591,0.17197,0.299129,0.573323,0.322229,0.887067,0.756764,0.739658,0.777028,0.178378,0.153507,0.195566,0.936821,0.924468,0.945473,6.42926,6.52025,5.53887,7.20789,0.107756,0.0985936,0.122589,-0.154641,-0.194927,-0.119348,0.118563,0.11283,0.123039,-0.180626,-0.215535,-0.132921,0.116207,0.110392,0.120402,0.582517,0.798608,0.430476,1.039,2,2.43985,1,3,11.8013,9.30731,16.1475,12.1743,9.83376,16.4083,0.0985285,0.0855678,0.115593,0.628336,0.5629,0.744492,0.695617,0.580444,0.824666,-0.0520068,-1.03549,0.891966,nan,nan,nan,0.0594633,0.0524121,0.0676946,nan
l0.5/mujoco,"λ = 0.5 (MuJoCo, RoboCasa joints)",0.7,0.75,282,0,0,0.0134396,0,0,0.0248227,0.0957447,0.0319149,0.0319149,0.0070922,0,0.0134396,0,0.0134396,0.0120749,0.0503429,0.0666366,0.135719,0,0.301418,0.136427,0.0911363,0.18017,0.32774,0.175128,0.506978,0.117563,0.0770287,0.166765,0.185399,0.122835,0.248126,0.570291,0.313517,0.78628,0.76585,0.75054,0.783227,0.168634,0.149538,0.184541,0.937349,0.92691,0.944617,6.38603,6.4166,5.4658,7.27362,0.111057,0.100781,0.128148,-0.162182,-0.195344,-0.12723,0.118724,0.112518,0.123352,-0.183889,-0.230276,-0.144222,0.115788,0.110167,0.120617,0.625686,0.818919,0.446413,1.00635,2,2.88214,1,4,12.3149,9.57424,16.6749,12.4408,9.68456,17.0405,0.0995382,0.0880018,0.117553,0.641534,0.565923,0.75487,0.700303,0.586436,0.837066,-0.523391,-1.58342,0.442575,nan,nan,nan,0.0579964,0.051265,0.0664852,nan
l0.5/mujoco,"λ = 0.5 (MuJoCo, RoboCasa joints)",0.8,0.85,288,0.00347222,0.00061318,0.0194032,0,0,0.0763889,0.177083,0.0451389,0.0659722,0.0104167,0,0.0131633,0,0.0131633,0.0509842,0.112946,0.137331,0.225337,0.0173611,0.322917,0.11139,0.0765336,0.146947,0.296904,0.155528,0.466345,0.0901863,0.0571234,0.132457,0.151295,0.0977929,0.210924,0.500759,0.29132,0.762611,0.778727,0.762763,0.795979,0.153521,0.135317,0.174013,0.935475,0.925425,0.943609,6.31436,6.40449,5.31035,7.14101,0.113645,0.103226,0.132247,-0.167143,-0.199352,-0.134722,0.118066,0.109686,0.122608,-0.188894,-0.239118,-0.142849,0.113753,0.106952,0.11975,0.587329,0.807692,0.431916,0.964309,2,3.26316,1,4,13.2926,10.1779,19.1,13.5014,10.3979,19.3623,0.105202,0.0904069,0.131134,0.642833,0.549731,0.740399,0.736339,0.620182,0.850121,-1.20469,-2.1999,-0.236819,2.28,2.28,2.28,0.0592213,0.0521126,0.067088,0.0484277
l0.5/mujoco,"λ = 0.5 (MuJoCo, RoboCasa joints)",0.9,0.95,288,0.00694444,0.00190645,0.0249629,0,0,0.111111,0.194444,0.107639,0.0729167,0.0138889,0,0.0131633,0,0.0131633,0.079812,0.152648,0.152881,0.244052,0.0104167,0.329861,0.0949332,0.0726375,0.136633,0.280452,0.168039,0.444556,0.0775332,0.0502528,0.114656,0.128559,0.0872922,0.191937,0.476915,0.298166,0.81427,0.790135,0.77383,0.806449,0.144696,0.125636,0.163832,0.936373,0.925637,0.945688,6.27803,6.42104,5.50187,7.21493,0.1189,0.106788,0.133381,-0.163193,-0.1971,-0.131436,0.117637,0.11043,0.123027,-0.18893,-0.238811,-0.142514,0.11311,0.105911,0.119225,0.657353,0.825632,0.469975,0.966362,2,3.36972,1,4,14.0047,10.7149,18.2629,14.6779,11.1441,20.3301,0.111021,0.0928086,0.134063,0.665553,0.569908,0.780912,0.765811,0.649517,0.851461,-1.76126,-2.73814,-0.781081,2.76,2.64,2.88,0.0587773,0.0526739,0.0679714,0.0394569
l0.5/mujoco,"λ = 0.5 (MuJoCo, RoboCasa joints)",1,1.05,264,0.00757576,0.00207997,0.027197,0,0,0.117424,0.219697,0.121212,0.0833333,0.0113636,0,0.0143428,0,0.0143428,0.0839687,0.161854,0.173968,0.273466,0.030303,0.340909,0.0873321,0.0684331,0.13215,0.287257,0.157859,0.460695,0.0689846,0.0452889,0.113037,0.117315,0.0842132,0.188644,0.505041,0.308409,0.84312,0.800955,0.785484,0.818718,0.130059,0.112441,0.150119,0.934431,0.924934,0.942605,6.36265,6.48263,5.53057,7.31618,0.120965,0.109624,0.134347,-0.170038,-0.206779,-0.132384,0.115166,0.107478,0.121629,-0.200223,-0.242241,-0.150506,0.111894,0.105022,0.117675,0.622093,0.769243,0.448509,1.00914,3,3.38314,1,5,14.614,11.404,19.3303,14.5868,11.064,21.7171,0.113175,0.093638,0.137594,0.656563,0.572369,0.787471,0.768418,0.653691,0.849581,-2.2633,-3.56468,-1.34462,2.69,2.495,2.885,0.0601949,0.05292,0.0689635,0.0453183
l0.5/mujoco,"λ = 0.5 (MuJoCo, RoboCasa joints)",1.1,1.15,213,0.00938967,0.00257872,0.0335841,0,0,0.0798122,0.169014,0.0938967,0.0751174,0.0187793,0,0.0177162,0,0.0177162,0.0504252,0.124087,0.124653,0.225103,0.0234742,0.323944,0.096796,0.0730473,0.13087,0.269961,0.144625,0.494341,0.0741359,0.0501217,0.10802,0.13733,0.09031,0.192807,0.534243,0.269817,0.862707,0.815478,0.797283,0.829953,0.117815,0.101558,0.135637,0.935534,0.921936,0.942888,6.63191,6.80001,5.84116,7.5157,0.12567,0.116604,0.143367,-0.169339,-0.204139,-0.137697,0.116148,0.10591,0.121379,-0.194803,-0.243843,-0.153655,0.110829,0.100009,0.118292,0.692314,0.845828,0.465431,1.03849,3,3.92344,1,5,17.7945,13.6844,25.079,17.7269,14.5437,25.9395,0.127664,0.106901,0.158536,0.674582,0.574004,0.810983,0.818684,0.707554,0.856742,-3.05096,-3.85021,-1.65565,2.98,2.87,3.09,0.0622141,0.0544473,0.0741247,0.0458615
l0.5/mujoco,"λ = 0.5 (MuJoCo, RoboCasa joints)",1.2,1.25,168,0.00595238,0.00105149,0.0329426,0,0,0.10119,0.208333,0.0595238,0.0952381,0.0297619,0,0.0223555,0,0.0223555,0.0641415,0.156071,0.153783,0.275924,0.0297619,0.35119,0.0970124,0.0683405,0.137346,0.264303,0.152092,0.427595,0.069606,0.0463163,0.113886,0.130564,0.0861485,0.19959,0.483378,0.275006,0.826147,0.821524,0.807174,0.842256,0.108351,0.089714,0.127094,0.93548,0.923752,0.943454,6.82345,6.91865,6.06054,7.88034,0.128817,0.11727,0.141301,-0.172282,-0.202017,-0.13873,0.115922,0.107152,0.121997,-0.198722,-0.231284,-0.161689,0.11094,0.102172,0.117533,0.618861,0.833358,0.442846,1.02454,3,3.71779,1,5,17.7746,12.9487,25.7141,18.2883,13.6974,26.9059,0.128472,0.106694,0.161152,0.674263,0.561089,0.783609,0.830583,0.713664,0.85621,-3.13789,-4.2546,-1.91213,1.96,1.96,1.96,0.0629121,0.0528712,0.073749,0.0476497
l0.5/mujoco,"λ = 0.5 (MuJoCo, RoboCasa joints)",1.3,1.35,123,0,0,0.0302866,0,0,0.113821,0.235772,0.0731707,0.0650407,0.0243902,0,0.0302866,0,0.0302866,0.0690222,0.182012,0.16947,0.31808,0,0.284553,0.0870128,0.0694942,0.136468,0.316955,0.187472,0.50707,0.0643363,0.041687,0.110266,0.120622,0.0837332,0.202559,0.592938,0.2997,0.935449,0.834531,0.814244,0.850541,0.100391,0.0852198,0.119682,0.936531,0.927454,0.944754,6.91555,7.07725,6.16612,7.86328,0.129386,0.119529,0.14269,-0.157692,-0.196638,-0.128097,0.115559,0.106505,0.121695,-0.193215,-0.24038,-0.148883,0.109023,0.0988891,0.117423,0.578631,0.773569,0.435268,0.966139,2,3.75833,1,4,19.6713,13.2979,29.0234,19.6405,15.6673,30.8157,0.138922,0.110988,0.173413,0.649045,0.547552,0.783127,0.835051,0.745008,0.863535,-3.34224,-4.44881,-2.26504,nan,nan,nan,0.0616947,0.0531796,0.077016,nan
l0.5/mujoco,"λ = 0.5 (MuJoCo, RoboCasa joints)",1.4,1.45,87,0.0229885,0.00632695,0.0799947,0,0,0.091954,0.241379,0.0574713,0.091954,0.0114943,0,0.042289,0,0.042289,0.0473323,0.171087,0.16364,0.340992,0.0344828,0.275862,0.0990717,0.071662,0.1496,0.325016,0.181845,0.503694,0.0720511,0.0490311,0.124458,0.138337,0.0889973,0.189532,0.580348,0.324217,0.889006,0.842584,0.823411,0.853445,0.0914559,0.0757786,0.112612,0.933875,0.924582,0.943048,7.14448,7.22559,6.22089,8.15571,0.128501,0.119317,0.142861,-0.159917,-0.193282,-0.12865,0.115994,0.106262,0.122089,-0.180254,-0.231702,-0.150599,0.110371,0.100558,0.117762,0.544273,0.780471,0.417758,1.02819,3,4.37209,1,5.75,20.6324,14.5207,32.2925,22.3258,15.6723,31.1908,0.14639,0.116896,0.188131,0.634489,0.533962,0.759729,0.840417,0.771717,0.858194,-3.73956,-4.91818,-2.40641,3.11,2.945,3.275,0.0606703,0.0495608,0.0784762,0.0483753
l0.5/mujoco,"λ = 0.5 (MuJoCo, RoboCasa joints)",1.5,1.55,51,0,0,0.070049,0,0,0.0588235,0.215686,0.0588235,0.0392157,0.0392157,0,0.070049,0,0.070049,0.0202063,0.159249,0.124938,0.346266,0,0.352941,0.110525,0.0701832,0.145603,0.253387,0.143891,0.454024,0.0834315,0.0528663,0.117477,0.15293,0.094978,0.206779,0.495215,0.295515,0.681537,0.839516,0.828145,0.864774,0.0924412,0.0717907,0.111667,0.93786,0.926213,0.945915,7.02313,7.1528,6.14247,8.11723,0.12937,0.115438,0.140034,-0.153095,-0.191199,-0.112724,0.118963,0.10625,0.123789,-0.165051,-0.215861,-0.121606,0.112408,0.099908,0.119886,0.528892,0.813609,0.410175,0.887809,2,4.08163,1,5,20.6049,17.1169,31.8445,22.6599,15.7865,33.6486,0.150406,0.125902,0.181609,0.581585,0.505277,0.731014,0.837706,0.740278,0.860513,-3.87058,-5.39458,-2.68852,nan,nan,nan,0.0644387,0.0523187,0.0814399,nan
l0.5/mujoco,"λ = 0.5 (MuJoCo, RoboCasa joints)",1.6,1.65,33,0,0,0.104273,0,0,0.030303,0.0909091,0.030303,0,0.030303,0,0.104273,0,0.104273,0.00536927,0.153191,0.0314034,0.235729,0,0.363636,0.138397,0.0936543,0.170388,0.209245,0.140296,0.367312,0.121301,0.063878,0.148461,0.184178,0.1448,0.217319,0.416115,0.2933,0.58047,0.841901,0.832262,0.866642,0.087887,0.0774207,0.10439,0.938047,0.9295,0.94477,6.86902,6.97424,6.20557,7.88697,0.131756,0.12107,0.141246,-0.164143,-0.203581,-0.134403,0.11265,0.104918,0.12211,-0.183039,-0.232954,-0.141973,0.10362,0.0950461,0.118137,0.620144,0.706905,0.456127,0.872435,3,3.1875,2,4.25,22.5793,16.042,32.1987,30.7553,21.7893,36.8617,0.18411,0.141997,0.220161,0.689953,0.555804,0.817795,0.83632,0.756969,0.862212,-3.71955,-4.37137,-2.97868,nan,nan,nan,0.0735442,0.0443195,0.0935312,nan
l0.5/mujoco,"λ = 0.5 (MuJoCo, RoboCasa joints)",1.7,1.75,21,0,0,0.154644,0,0,0,0,0,0,0,0,0.154644,0,0.154644,0,0.154644,0,0.154644,0,0.380952,0.172959,0.125485,0.198337,0.229293,0.156021,0.450427,0.140112,0.100563,0.178158,0.224337,0.18722,0.260612,0.420595,0.336175,0.605628,0.841292,0.834254,0.863819,0.0957274,0.0708872,0.105346,0.939836,0.932603,0.947093,6.68105,6.82512,6.23351,7.39613,0.124019,0.119995,0.140535,-0.15529,-0.195369,-0.135899,0.111607,0.104831,0.119035,-0.192792,-0.228414,-0.141391,0.101036,0.0968397,0.114532,0.518955,0.564928,0.443401,0.702132,2,2.7619,1,4,28.6753,20.035,37.126,24.838,21.6047,36.4981,0.185887,0.163176,0.222489,0.608979,0.539546,0.734253,0.849107,0.835906,0.860588,-3.44582,-4.10475,-2.86747,nan,nan,nan,0.0629236,0.0512696,0.0892245,nan
l0.5/mujoco,"λ = 0.5 (MuJoCo, RoboCasa joints)",1.8,1.85,6,0,0,0.390343,0,0,0,0,0,0,0,0,0.390343,0,0.390343,0,0.390343,0,0.390343,0,1,0.195404,0.167056,0.215824,0.147628,0.138652,0.15207,0.167631,0.137356,0.186341,0.224532,0.222426,0.267913,0.233115,0.205636,0.263751,0.834885,0.83089,0.843236,0.0817419,0.0695176,0.0866308,0.916219,0.912754,0.916887,6.86471,6.53355,5.45394,7.548,0.123861,0.12176,0.125128,-0.200629,-0.205125,-0.196363,0.114887,0.109232,0.119107,-0.209049,-0.224668,-0.192486,0.101558,0.0906669,0.106794,0.817459,0.86158,0.62841,0.981794,2.5,2.83333,1.25,3,28.8331,25.8038,32.3554,25.8864,24.5471,30.3857,0.185462,0.172592,0.190293,0.522585,0.479818,0.648089,0.860336,0.858553,0.864274,-3.44308,-3.89068,-3.26386,nan,nan,nan,0.0753967,0.065045,0.0843026,nan
l0.5/mujoco_isaacphys,"λ = 0.5 (MuJoCo, training joints)",-0.1,-0.05,24,0,0,0.137981,0,0,0,0,0,0,0,0,0.137981,0,0.137981,0,0.137981,0,0.137981,0,0.0416667,0.543571,0.434792,0.596011,0.411177,0.338956,0.490476,0.517549,0.410931,0.571393,0.677072,0.650979,0.717943,0.668314,0.542729,0.767575,0.712864,0.698489,0.733556,0.22949,0.211758,0.240534,0.943349,0.930845,0.954042,8.49224,8.27583,7.70969,8.92811,0.148162,0.141739,0.155114,-0.142813,-0.190165,-0.111423,0.121988,0.11637,0.124648,-0.148644,-0.198116,-0.109778,0.117806,0.114301,0.12166,0.840747,0.867282,0.699188,1.01286,1,1.625,0.75,3,38.6478,29.3167,53.8555,31.8993,23.5005,42.6572,0.376127,0.334612,0.510578,0.619284,0.558187,0.711763,0.626032,0.578997,0.796631,3.99599,2.75094,4.54447,nan,nan,nan,0.0765407,0.0644126,0.0879528,nan
l0.5/mujoco_isaacphys,"λ = 0.5 (MuJoCo, training joints)",0,0.05,75,0,0,0.0487255,0,0,0,0,0,0,0,0,0.0487255,0,0.0487255,0,0.0487255,0,0.0487255,0,0.08,0.507385,0.426579,0.57204,0.366132,0.272933,0.486286,0.479111,0.39954,0.5434,0.634897,0.593565,0.668671,0.55186,0.43136,0.712136,0.719219,0.70402,0.741302,0.223328,0.194859,0.23632,0.943451,0.931782,0.94962,8.31923,8.36237,7.75033,8.81845,0.151472,0.142001,0.160847,-0.138904,-0.183173,-0.110565,0.120836,0.11589,0.124097,-0.16265,-0.198903,-0.120112,0.117948,0.113954,0.12125,0.888247,0.936087,0.64439,1.17342,1,1.61333,1,2,33.2018,27.3663,44.8578,28.5654,23.5485,38.2059,0.373844,0.310692,0.418109,0.625045,0.57817,0.708794,0.705492,0.64294,0.816539,3.84019,2.96022,4.63861,nan,nan,nan,0.0744525,0.0658892,0.0802238,nan
l0.5/mujoco_isaacphys,"λ = 0.5 (MuJoCo, training joints)",0.1,0.15,120,0,0,0.0310203,0,0,0,0,0,0.025,0,0,0.0310203,0,0.0310203,0,0.0310203,0,0.0310203,0,0.15,0.426473,0.355384,0.486251,0.349913,0.261591,0.503312,0.40128,0.330609,0.46336,0.559081,0.523461,0.607594,0.554339,0.424548,0.760875,0.727522,0.705244,0.747843,0.214833,0.193759,0.232957,0.944291,0.932349,0.952059,7.78122,7.83589,7.09899,8.49483,0.148535,0.140588,0.160085,-0.148666,-0.184322,-0.113735,0.120968,0.115473,0.123675,-0.163994,-0.197234,-0.12378,0.118171,0.112883,0.121397,0.970484,1.05082,0.718058,1.30191,2,1.91667,0.75,3,30.5619,25.3019,41.9619,26.5026,20.5548,33.9048,0.330938,0.294217,0.386873,0.64614,0.575221,0.727178,0.704852,0.578484,0.820488,3.30751,2.41995,4.02239,nan,nan,nan,0.0752272,0.0688604,0.0805074,nan
l0.5/mujoco_isaacphys,"λ = 0.5 (MuJoCo, training joints)",0.2,0.25,165,0,0,0.0227527,0,0,0,0,0,0.0424242,0.00606061,0,0.0227527,0,0.0227527,0,0.0227527,0,0.0227527,0,0.206061,0.35405,0.299706,0.4161,0.375592,0.223781,0.518563,0.331184,0.27033,0.386288,0.489719,0.453201,0.530665,0.557983,0.369835,0.780581,0.730712,0.712798,0.753314,0.207688,0.189029,0.23044,0.943972,0.931532,0.951382,7.43384,7.50288,6.51537,8.29902,0.150493,0.141792,0.162497,-0.155678,-0.18469,-0.122863,0.119707,0.113447,0.123958,-0.166245,-0.205365,-0.128584,0.117538,0.1106,0.120907,0.933935,1.03675,0.714425,1.30846,2,1.85366,1,3,31.42,22.5505,40.7628,24.8728,19.4537,31.5145,0.328584,0.278021,0.387495,0.639894,0.573254,0.776235,0.740795,0.607108,0.853485,2.61216,1.75018,3.35197,nan,nan,nan,0.0722225,0.0654623,0.0808094,nan
l0.5/mujoco_isaacphys,"λ = 0.5 (MuJoCo, training joints)",0.3,0.35,201,0,0,0.018754,0,0,0,0,0,0.0547264,0.00497512,0,0.018754,0,0.018754,0,0.018754,0,0.018754,0,0.243781,0.296675,0.251124,0.355593,0.32235,0.224825,0.504178,0.263077,0.219151,0.32729,0.414679,0.369189,0.46943,0.537935,0.352554,0.733828,0.736978,0.719334,0.759273,0.203343,0.179982,0.220568,0.941405,0.931323,0.950537,6.97833,7.08027,6.28756,7.79023,0.148351,0.139683,0.159964,-0.152998,-0.181292,-0.116046,0.119253,0.112959,0.123266,-0.165974,-0.196148,-0.12159,0.116777,0.111107,0.120978,0.897749,0.942458,0.647532,1.14154,2,1.725,0,2,26.9864,21.1745,36.2093,25.1461,20.1213,31.7442,0.320176,0.274101,0.374219,0.613269,0.548667,0.732866,0.785762,0.637825,0.85649,1.83039,0.839185,2.7626,nan,nan,nan,0.0713398,0.0641369,0.0782266,nan
l0.5/mujoco_isaacphys,"λ = 0.5 (MuJoCo, training joints)",0.4,0.45,237,0,0,0.0159507,0,0,0,0,0.00421941,0.0632911,0.00421941,0,0.0159507,0,0.0159507,0,0.0159507,0,0.0159507,0,0.316456,0.241891,0.201063,0.301198,0.291061,0.196562,0.4639,0.210622,0.169652,0.267085,0.343879,0.29181,0.396454,0.479248,0.308345,0.723312,0.742764,0.723488,0.762284,0.195381,0.176786,0.215719,0.940766,0.929247,0.94815,6.80929,6.84365,5.97069,7.70875,0.148806,0.138339,0.160888,-0.149583,-0.186727,-0.115498,0.118557,0.11265,0.122932,-0.165195,-0.202846,-0.123892,0.115959,0.110534,0.119965,0.901505,1.00738,0.693602,1.21147,2,1.92797,1,3,25.0725,19.3528,33.4517,22.5611,17.6645,29.0979,0.305339,0.255487,0.357912,0.628966,0.568222,0.738576,0.792345,0.630684,0.856317,1.37395,0.584151,2.29812,nan,nan,nan,0.0701586,0.063505,0.0778617,nan
l0.5/mujoco_isaacphys,"λ = 0.5 (MuJoCo, training joints)",0.5,0.55,255,0,0,0.0148415,0,0,0,0,0.0156863,0.0470588,0.00392157,0,0.0148415,0,0.0148415,0,0.0148415,0,0.0148415,0,0.384314,0.201541,0.156832,0.254212,0.257666,0.166383,0.435412,0.163419,0.121364,0.21648,0.270269,0.221481,0.33746,0.412868,0.277626,0.663597,0.750569,0.734589,0.769108,0.188923,0.167223,0.208738,0.942328,0.9306,0.950897,6.54996,6.64577,5.73637,7.36351,0.151219,0.141184,0.162818,-0.155407,-0.189026,-0.113833,0.118459,0.112191,0.122982,-0.162416,-0.21068,-0.126421,0.115312,0.109636,0.120143,0.909617,1.0134,0.66145,1.1977,2,2.08661,1,3,22.7268,17.2442,29.5075,22.4924,17.989,28.6577,0.277932,0.233901,0.333207,0.653725,0.583055,0.784044,0.805003,0.663361,0.857704,0.699632,-0.185277,1.70047,nan,nan,nan,0.0705811,0.062828,0.0794936,nan
l0.5/mujoco_isaacphys,"λ = 0.5 (MuJoCo, training joints)",0.6,0.65,267,0,0,0.0141839,0,0,0.00749064,0.0486891,0.0299625,0.082397,0.00749064,0,0.0141839,0,0.0141839,0.00205657,0.0268961,0.0286716,0.0815094,0,0.486891,0.156893,0.11927,0.199799,0.22777,0.135304,0.384924,0.116458,0.0798758,0.158871,0.21665,0.154272,0.265573,0.358278,0.234459,0.598838,0.757112,0.741787,0.778516,0.182642,0.157918,0.198689,0.94145,0.931305,0.95087,6.40339,6.47136,5.71046,7.15685,0.153047,0.14306,0.167777,-0.160796,-0.188183,-0.11708,0.11801,0.111243,0.122489,-0.170787,-0.213942,-0.126888,0.11527,0.109004,0.119981,0.960891,1.04078,0.667481,1.24846,2,2.3283,1,3,20.2867,15.7812,26.7372,19.9406,15.7942,26.5362,0.252216,0.214727,0.307721,0.646157,0.57407,0.777561,0.83703,0.675486,0.864877,0.166826,-0.784434,1.15895,nan,nan,nan,0.0702694,0.0621684,0.07756,nan
l0.5/mujoco_isaacphys,"λ = 0.5 (MuJoCo, training joints)",0.7,0.75,282,0,0,0.0134396,0,0,0.0886525,0.184397,0.035461,0.0602837,0.0141844,0,0.0134396,0,0.0134396,0.0607684,0.127593,0.143481,0.233797,0,0.542553,0.124275,0.0950913,0.167779,0.186439,0.124077,0.34058,0.0807577,0.0521693,0.127909,0.162905,0.110739,0.223256,0.317468,0.203416,0.568864,0.76842,0.753568,0.786204,0.172117,0.150533,0.187946,0.940541,0.931015,0.949144,6.33097,6.34838,5.5214,6.99253,0.156081,0.142415,0.168938,-0.157477,-0.195334,-0.127182,0.117524,0.111049,0.122762,-0.175143,-0.215996,-0.133419,0.114534,0.108851,0.119251,0.989932,1.12912,0.76234,1.28756,2,2.4964,1,3,19.176,14.9679,24.9382,18.6489,14.4862,23.6089,0.238973,0.200339,0.291324,0.665272,0.57343,0.7891,0.832561,0.723989,0.865927,-0.383514,-1.40884,0.514532,nan,nan,nan,0.0699294,0.061324,0.0795048,nan
l0.5/mujoco_isaacphys,"λ = 0.5 (MuJoCo, training joints)",0.8,0.85,288,0.0138889,0.00541393,0.0351615,0,0,0.159722,0.322917,0.0659722,0.121528,0,0,0.0131633,0,0.0131633,0.121932,0.206471,0.27155,0.378946,0.0173611,0.59375,0.103444,0.0786898,0.140041,0.177092,0.115545,0.290729,0.0552922,0.0349953,0.0964305,0.121841,0.0871372,0.1767,0.300657,0.187341,0.462116,0.781777,0.765691,0.79903,0.156382,0.137464,0.172218,0.94052,0.930695,0.949877,6.24863,6.24693,5.43453,6.98351,0.160106,0.145068,0.177544,-0.164202,-0.204653,-0.131654,0.116968,0.110425,0.12198,-0.181215,-0.230564,-0.143549,0.1139,0.105719,0.118551,0.994633,1.17625,0.784512,1.3948,3,3.25347,1,4.25,17.5958,13.4388,23.2971,18.8736,14.5319,24.6571,0.236619,0.19698,0.280867,0.675701,0.581553,0.800286,0.847811,0.722459,0.868666,-1.1947,-2.16312,-0.234832,1.83,1.785,1.915,0.072057,0.0620105,0.0849535,0.0521523
l0.5/mujoco_isaacphys,"λ = 0.5 (MuJoCo, training joints)",0.9,0.95,288,0.00694444,0.00190645,0.0249629,0,0,0.229167,0.423611,0.0902778,0.0868056,0.00694444,0,0.0131633,0,0.0131633,0.184379,0.281085,0.367915,0.481318,0.0173611,0.638889,0.0967803,0.0739951,0.123472,0.172381,0.111893,0.257419,0.0474391,0.0301086,0.078258,0.104284,0.077436,0.151145,0.288083,0.182465,0.438006,0.794158,0.781316,0.811945,0.144396,0.124061,0.163904,0.941717,0.930836,0.950792,6.322,6.31545,5.49081,7.01341,0.167345,0.152242,0.186044,-0.168497,-0.205086,-0.134965,0.117271,0.110192,0.122255,-0.186327,-0.23581,-0.147393,0.112694,0.105692,0.118611,0.977703,1.14822,0.751412,1.35201,3,3.4965,1,5,18.8169,15.0963,24.4815,20.8836,14.7554,25.12,0.24294,0.207569,0.290642,0.691949,0.58061,0.811047,0.849599,0.780226,0.871067,-1.87116,-2.81361,-0.837433,1.51,1.415,1.605,0.0749112,0.0638508,0.0888568,0.0564471
l0.5/mujoco_isaacphys,"λ = 0.5 (MuJoCo, training joints)",1,1.05,264,0.0189394,0.00811612,0.0435622,0,0,0.242424,0.477273,0.113636,0.125,0.0113636,0,0.0143428,0,0.0143428,0.194662,0.297575,0.417779,0.537418,0.030303,0.636364,0.0909538,0.0748949,0.113564,0.16265,0.107219,0.268844,0.0405246,0.0266179,0.0657504,0.0945948,0.076654,0.137918,0.258542,0.176616,0.432218,0.807264,0.794276,0.820601,0.131149,0.115099,0.146692,0.939091,0.929069,0.947634,6.44079,6.51582,5.63801,7.19621,0.171064,0.157709,0.185225,-0.170729,-0.206194,-0.133659,0.116503,0.108611,0.121982,-0.190526,-0.239086,-0.146045,0.11195,0.105451,0.118204,1.02986,1.15547,0.749523,1.36602,3,3.61686,1,5,19.298,15.59,25.2268,19.0134,14.9376,24.4941,0.246523,0.205865,0.300077,0.687374,0.576377,0.798218,0.852846,0.783713,0.872935,-2.41746,-3.60219,-1.28858,1.72,1.54,2.26,0.0758889,0.0656617,0.089722,0.0525456
l0.5/mujoco_isaacphys,"λ = 0.5 (MuJoCo, training joints)",1.1,1.15,213,0.0140845,0.00480127,0.0405849,0,0,0.28169,0.460094,0.103286,0.107981,0.0140845,0,0.0177162,0,0.0177162,0.225561,0.345555,0.394458,0.527143,0.028169,0.652582,0.0905856,0.0718179,0.115667,0.166685,0.11488,0.298158,0.0371117,0.0229916,0.0663353,0.0980895,0.0725376,0.139949,0.264965,0.185304,0.482852,0.817746,0.80077,0.835103,0.120094,0.100359,0.142388,0.939737,0.927832,0.949322,6.6355,6.76034,5.8564,7.47582,0.174617,0.162153,0.194887,-0.172845,-0.209365,-0.13623,0.117094,0.109585,0.121465,-0.191219,-0.243281,-0.144232,0.111527,0.104717,0.117519,1.01046,1.19847,0.770445,1.41536,3,3.98571,1,5,21.7033,15.7998,27.9057,19.6589,15.3799,26.8581,0.248464,0.220132,0.310943,0.680986,0.580203,0.837285,0.854521,0.775696,0.889163,-3.02614,-3.9832,-1.9925,1.82,1.78,1.83,0.0776865,0.0635676,0.0958205,0.0577448
l0.5/mujoco_isaacphys,"λ = 0.5 (MuJoCo, training joints)",1.2,1.25,168,0.0238095,0.00929697,0.059613,0,0,0.327381,0.464286,0.0892857,0.136905,0.00595238,0,0.0223555,0,0.0223555,0.260972,0.401508,0.390512,0.539656,0.0238095,0.678571,0.0920843,0.0732717,0.11801,0.169392,0.113256,0.269303,0.0387982,0.0261897,0.0710049,0.0944295,0.0717782,0.142065,0.254478,0.177758,0.379895,0.827476,0.806149,0.842667,0.11362,0.0952516,0.13265,0.940595,0.931983,0.94932,6.8736,6.79622,5.9778,7.54474,0.182102,0.16475,0.19504,-0.165776,-0.195334,-0.137756,0.117299,0.11005,0.123409,-0.189796,-0.224327,-0.155002,0.111448,0.104908,0.118074,0.968615,1.20418,0.769641,1.42641,3,4.01796,2,6,21.3433,16.1073,27.8124,20.4924,15.7704,25.8307,0.25524,0.218776,0.301883,0.686946,0.587969,0.789481,0.85967,0.805276,0.887394,-3.22687,-4.27584,-2.13998,1.48,1.465,1.515,0.0788389,0.0688087,0.0924626,0.0547705
l0.5/mujoco_isaacphys,"λ = 0.5 (MuJoCo, training joints)",1.3,1.35,123,0.0487805,0.0225455,0.102347,0,0,0.260163,0.406504,0.113821,0.138211,0.0162602,0,0.0302866,0,0.0302866,0.190731,0.344122,0.323808,0.494863,0.0569106,0.528455,0.0912489,0.0748557,0.130307,0.23031,0.135759,0.382008,0.0416119,0.0257363,0.0758001,0.103907,0.0732083,0.156363,0.328501,0.215094,0.544186,0.833553,0.81765,0.85054,0.108525,0.0861933,0.124647,0.943178,0.932283,0.949116,7.0193,7.00607,6.08668,7.66851,0.185547,0.171607,0.20068,-0.154696,-0.19565,-0.12579,0.11826,0.110738,0.123782,-0.170564,-0.223638,-0.128703,0.112039,0.105421,0.118788,0.980838,1.24271,0.782704,1.31518,3,4.04959,2,5,23.6298,18.5431,31.305,21.3629,17.5062,28.3469,0.263418,0.22272,0.313862,0.683476,0.587934,0.794501,0.857028,0.809635,0.886927,-3.41812,-4.41509,-2.26427,2.19,1.755,2.4,0.0761739,0.0624369,0.0953353,0.057581
l0.5/mujoco_isaacphys,"λ = 0.5 (MuJoCo, training joints)",1.4,1.45,87,0.0114943,0.00203186,0.0622735,0,0,0.229885,0.390805,0.045977,0.114943,0,0,0.042289,0,0.042289,0.154031,0.328585,0.294977,0.495868,0.0114943,0.505747,0.0933775,0.0739207,0.117564,0.22343,0.150787,0.409488,0.0403259,0.0259581,0.0748013,0.105454,0.0763117,0.149779,0.349536,0.241576,0.612031,0.842235,0.828024,0.854802,0.0981066,0.0803639,0.115904,0.94043,0.933014,0.951434,6.93311,7.03033,5.96134,7.87929,0.188264,0.177274,0.204058,-0.163054,-0.196093,-0.13285,0.117922,0.109751,0.123049,-0.188786,-0.226588,-0.150348,0.111358,0.102939,0.118232,1.04358,1.27533,0.705877,1.48199,4,4.6092,1.5,6,26.259,21.9417,34.7212,23.2796,19.4081,29.9881,0.279578,0.238269,0.36232,0.632324,0.573427,0.78689,0.858428,0.832416,0.878898,-3.42368,-4.62804,-2.50533,1.66,1.66,1.66,0.0726387,0.0561212,0.0927822,0.044727
l0.5/mujoco_isaacphys,"λ = 0.5 (MuJoCo, training joints)",1.5,1.55,51,0,0,0.070049,0,0,0.196078,0.254902,0,0.0980392,0.0196078,0,0.070049,0,0.070049,0.110152,0.324583,0.155456,0.388685,0,0.470588,0.105573,0.0679325,0.134537,0.235552,0.144061,0.377932,0.0577103,0.0366018,0.104592,0.134306,0.0871958,0.190215,0.35567,0.228492,0.568246,0.842231,0.831353,0.865203,0.0864088,0.0701309,0.112013,0.938025,0.923324,0.951282,6.87946,7.00294,5.7237,8.26024,0.194559,0.177561,0.212522,-0.153744,-0.199992,-0.131616,0.114595,0.104073,0.122679,-0.171298,-0.226104,-0.133642,0.107556,0.0979277,0.118816,1.09263,1.29404,0.821076,1.50015,3,3.92,2,5,27.7487,22.8168,38.8078,28.4523,20.0804,36.7133,0.312239,0.24353,0.404252,0.635752,0.58174,0.778883,0.862933,0.84369,0.893204,-3.48738,-4.34634,-2.74382,nan,nan,nan,0.0867828,0.0674045,0.100939,nan
l0.5/mujoco_isaacphys,"λ = 0.5 (MuJoCo, training joints)",1.6,1.65,33,0.030303,0.00536927,0.153191,0,0,0.0909091,0.242424,0.030303,0.121212,0.0606061,0,0.104273,0,0.104273,0.0314034,0.235729,0.128316,0.410249,0.030303,0.545455,0.0985508,0.0647362,0.125475,0.18666,0.150482,0.298528,0.0526798,0.0392326,0.0940372,0.131069,0.0973569,0.166326,0.300241,0.244092,0.464202,0.846443,0.838972,0.86129,0.0961359,0.0638942,0.108247,0.941944,0.93471,0.94968,6.98856,7.22102,6.43557,7.63341,0.203568,0.190239,0.222942,-0.157534,-0.189287,-0.108108,0.11373,0.106538,0.117443,-0.161254,-0.209565,-0.108232,0.104921,0.0991651,0.110923,1.26324,1.55009,0.934565,1.70248,5,4.96774,2,8,30.3071,23.4355,41.596,30.1631,26.608,37.5553,0.334223,0.272054,0.371889,0.671269,0.556152,0.752209,0.863953,0.839642,0.891293,-3.77474,-4.55064,-2.96258,2.08,2.08,2.08,0.0820068,0.0540549,0.110164,0.0411433
l0.5/mujoco_isaacphys,"λ = 0.5 (MuJoCo, training joints)",1.7,1.75,21,0,0,0.154644,0,0,0.047619,0.0952381,0.047619,0,0,0,0.154644,0,0.154644,0.00845577,0.226698,0.0265182,0.289146,0,0.571429,0.131747,0.106913,0.162777,0.228173,0.175241,0.469808,0.0839594,0.0550567,0.119984,0.169784,0.140574,0.218567,0.343295,0.267985,0.604879,0.847617,0.839947,0.859381,0.0892758,0.0774264,0.0982697,0.941212,0.930338,0.949194,6.43276,6.74634,5.95321,7.3858,0.208811,0.201812,0.224108,-0.175194,-0.19248,-0.142274,0.110607,0.091432,0.11643,-0.19934,-0.234211,-0.168822,0.102293,0.0830528,0.112077,1.15256,1.36302,1.00219,1.3574,4,5.71429,4,6,37.5492,27.086,49.0263,30.7946,28.1753,37.3196,0.357177,0.285934,0.467371,0.697524,0.571229,0.804895,0.872343,0.829586,0.907314,-3.58564,-4.38891,-3.23078,nan,nan,nan,0.0776086,0.0648657,0.101768,nan
l0.5/mujoco_isaacphys,"λ = 0.5 (MuJoCo, training joints)",1.8,1.85,6,0,0,0.390343,0,0,0,0,0,0,0,0,0.390343,0,0.390343,0,0.390343,0,0.390343,0,0.833333,0.187141,0.150047,0.218092,0.209454,0.190565,0.234129,0.149749,0.127319,0.179693,0.248111,0.18032,0.313119,0.32835,0.280952,0.339714,0.845741,0.844342,0.849212,0.0904013,0.0754712,0.100596,0.936902,0.923333,0.953781,7.07706,6.99862,6.42371,7.27253,0.224704,0.214466,0.245057,-0.188757,-0.218661,-0.176183,0.117443,0.111506,0.118989,-0.221507,-0.246471,-0.184161,0.109019,0.103589,0.111188,1.09539,1.30681,1.00351,1.17437,6,5.83333,5,7.75,49.6035,41.3679,64.465,31.7098,29.3878,33.2456,0.399273,0.367544,0.49258,0.664361,0.597864,0.809612,0.890467,0.85785,0.913923,-3.6618,-4.26924,-3.3438,nan,nan,nan,0.0854347,0.0768457,0.0937757,nan
l0.5/mujoco_legs_blind,"λ = 0.5, legs blind (MuJoCo, RoboCasa joints)",-0.1,-0.05,24,0,0,0.137981,0,0,0,0,0,0,0.25,0,0.137981,0,0.137981,0,0.137981,0,0.137981,0,0,0.680686,0.604668,0.776861,0.612588,0.481395,0.737627,0.656991,0.558513,0.738428,0.937217,0.919966,0.968665,0.880549,0.660114,1.30091,0.907728,0.900324,0.918012,0.0305531,0.0225446,0.0462477,0.937169,0.932511,0.947155,5.53393,5.52,4.98012,5.83119,0.156554,0.131722,0.171961,-0.1793,-0.197904,-0.139934,0.0776434,0.0550974,0.0874631,-0.225234,-0.287362,-0.170653,0.0628664,0.0228552,0.0738181,1.19279,1.16401,0.820993,1.71161,12.5,11,8,16,44.8004,33.4959,64.5731,39.8163,25.9579,58.2405,0.267232,0.220701,0.340494,0.77851,0.686533,0.831993,0.714333,0.631869,0.797161,-1.9039,-3.02096,-0.732598,nan,nan,nan,0.0689348,0.0567479,0.0740581,nan
l0.5/mujoco_legs_blind,"λ = 0.5, legs blind (MuJoCo, RoboCasa joints)",0,0.05,75,0,0,0.0487255,0,0,0,0,0,0,0.266667,0,0.0487255,0,0.0487255,0,0.0487255,0,0.0487255,0,0.0133333,0.703533,0.588739,0.765494,0.595529,0.408261,0.774902,0.66804,0.539579,0.737602,0.852749,0.821738,0.890224,0.731408,0.520486,1.11312,0.907084,0.894416,0.915604,0.0300807,0.0104081,0.0475227,0.936749,0.924042,0.943549,5.21303,6.42873,4.90681,5.81355,0.13885,0.120145,0.161758,-0.170077,-0.192873,-0.148249,0.0682825,0.0523203,0.0907425,-0.220862,-0.256606,-0.182347,0.0596606,0.0340556,0.0826007,0.779143,0.915561,0.544291,1.20517,10,9.74545,6.5,12.5,39.8365,32.1191,54.272,33.023,25.0353,46.8237,0.226793,0.206713,0.296946,0.70799,0.626227,0.8105,0.737061,0.687752,0.814177,-1.90626,-3.25616,-0.646429,nan,nan,nan,0.0727032,0.0651171,0.0886915,nan
l0.5/mujoco_legs_blind,"λ = 0.5, legs blind (MuJoCo, RoboCasa joints)",0.1,0.15,120,0,0,0.0310203,0,0,0,0,0,0,0.366667,0,0.0310203,0,0.0310203,0,0.0310203,0,0.0310203,0,0.0166667,0.631214,0.533382,0.706142,0.570751,0.401794,0.762563,0.600894,0.491239,0.669668,0.764425,0.731562,0.796031,0.743631,0.583595,1.18634,0.910398,0.897746,0.920886,0.0293464,0.0121816,0.0460482,0.93857,0.92377,0.946411,5.53435,6.81148,4.97846,6.02909,0.142894,0.124421,0.165548,-0.1716,-0.205225,-0.145269,0.0743265,0.0533069,0.094232,-0.220969,-0.259097,-0.182184,0.0637809,0.0404111,0.0877521,0.683221,0.892638,0.438417,1.19359,10,10.5526,7,14,36.7298,27.9639,50.8526,27.834,22.9705,36.6737,0.225158,0.185545,0.261276,0.702247,0.604486,0.811109,0.73911,0.620187,0.804068,-2.02413,-3.02088,-0.820129,nan,nan,nan,0.0713891,0.0587834,0.0872465,nan
l0.5/mujoco_legs_blind,"λ = 0.5, legs blind (MuJoCo, RoboCasa joints)",0.2,0.25,165,0,0,0.0227527,0,0,0,0,0,0.0121212,0.375758,0,0.0227527,0,0.0227527,0,0.0227527,0,0.0227527,0,0.0363636,0.568608,0.485927,0.611839,0.630195,0.436654,0.801036,0.536901,0.438435,0.579843,0.6805,0.644328,0.716994,0.803789,0.635232,1.24986,0.908856,0.899788,0.920814,0.0232823,0.0126933,0.041396,0.938139,0.927671,0.946538,5.47001,6.25173,4.72143,6.18573,0.144686,0.125173,0.159811,-0.168091,-0.203489,-0.150254,0.0733053,0.0507032,0.0959222,-0.215352,-0.267612,-0.185652,0.0600047,0.0375357,0.0915151,0.809212,0.990141,0.501811,1.24331,9,9.87379,7,13,37.9025,26.0918,49.7862,31.503,25.9278,43.4119,0.21875,0.19246,0.274472,0.70864,0.614722,0.815149,0.756306,0.696649,0.803805,-1.96207,-3.39637,-0.845776,nan,nan,nan,0.073944,0.0645674,0.0852086,nan
l0.5/mujoco_legs_blind,"λ = 0.5, legs blind (MuJoCo, RoboCasa joints)",0.3,0.35,201,0,0,0.018754,0,0,0,0,0,0.00995025,0.353234,0,0.018754,0,0.018754,0,0.018754,0,0.018754,0,0.0597015,0.493417,0.408246,0.550868,0.622679,0.36127,0.897622,0.450282,0.366315,0.511783,0.586222,0.54734,0.635695,0.888135,0.553523,1.2362,0.908815,0.894284,0.920764,0.027314,0.0104581,0.0424051,0.934531,0.926012,0.944559,5.4816,6.22564,4.97487,6.19489,0.147933,0.129223,0.171515,-0.177768,-0.213567,-0.145066,0.0738954,0.0500665,0.0918402,-0.236073,-0.273629,-0.199952,0.0596028,0.0305464,0.0839912,0.813298,0.993585,0.525369,1.30229,10,9.73077,6,13,37.3698,28.7807,51.1364,33.4407,25.0788,44.0795,0.223344,0.18987,0.267097,0.729692,0.636135,0.823726,0.759513,0.68234,0.808467,-2.30023,-3.06918,-1.14192,nan,nan,nan,0.0765451,0.0630601,0.0904183,nan
l0.5/mujoco_legs_blind,"λ = 0.5, legs blind (MuJoCo, RoboCasa joints)",0.4,0.45,237,0,0,0.0159507,0,0,0,0,0,0.00421941,0.291139,0,0.0159507,0,0.0159507,0,0.0159507,0,0.0159507,0,0.0801688,0.431265,0.355562,0.514672,0.636909,0.369896,0.880802,0.390755,0.314954,0.456536,0.511086,0.476758,0.578057,0.866433,0.54629,1.20969,0.906586,0.892187,0.920612,0.0258652,0.00752572,0.0445914,0.934827,0.925792,0.943904,5.56429,6.63893,5.03477,6.42558,0.147033,0.127311,0.169872,-0.176414,-0.207494,-0.150174,0.0713226,0.0488486,0.093101,-0.234437,-0.277159,-0.194863,0.0592394,0.0279438,0.0862438,0.867925,0.992913,0.560596,1.34484,11,10.8631,7,14,37.5767,26.8876,51.5601,34.8339,25.3288,46.367,0.223341,0.184909,0.269844,0.719046,0.614552,0.818252,0.78189,0.719712,0.823731,-2.44527,-3.39416,-1.26617,nan,nan,nan,0.0759859,0.0643368,0.0880429,nan
l0.5/mujoco_legs_blind,"λ = 0.5, legs blind (MuJoCo, RoboCasa joints)",0.5,0.55,255,0,0,0.0148415,0,0,0,0,0,0.00784314,0.317647,0,0.0148415,0,0.0148415,0,0.0148415,0,0.0148415,0,0.0705882,0.377833,0.297615,0.444308,0.630336,0.353977,0.867112,0.328932,0.258785,0.393339,0.448947,0.389727,0.510576,0.820536,0.523903,1.249,0.905183,0.894054,0.91781,0.0307213,0.0130785,0.0463658,0.939105,0.928912,0.945595,5.54203,6.12948,4.83646,6.19082,0.143981,0.126011,0.166319,-0.178277,-0.202958,-0.153634,0.0730462,0.057295,0.0945012,-0.229961,-0.277018,-0.185954,0.0601897,0.040495,0.0888116,0.935342,1.10431,0.539826,1.44954,11,10.7931,7,14,33.5725,25.4121,45.9958,32.0256,22.5057,46.6455,0.206354,0.177662,0.248183,0.705646,0.611648,0.821656,0.767998,0.70784,0.819329,-2.24182,-3.24715,-1.29551,nan,nan,nan,0.0775698,0.0628649,0.089367,nan
l0.5/mujoco_legs_blind,"λ = 0.5, legs blind (MuJoCo, RoboCasa joints)",0.6,0.65,267,0,0,0.0141839,0,0,0,0,0,0.00374532,0.329588,0,0.0141839,0,0.0141839,0,0.0141839,0,0.0141839,0,0.093633,0.312108,0.235747,0.375584,0.525199,0.326407,0.793401,0.258042,0.193229,0.322541,0.372112,0.317094,0.436694,0.722679,0.508601,1.1261,0.90665,0.891226,0.919572,0.0287657,0.0119662,0.0442553,0.937812,0.924185,0.945863,5.73484,6.5045,5.09735,6.59966,0.15054,0.132311,0.17292,-0.179065,-0.203657,-0.156194,0.0737288,0.0514387,0.0972126,-0.238233,-0.288787,-0.202575,0.0589127,0.0307227,0.0928005,0.943046,1.19178,0.68454,1.4934,12,11.4693,9,14.5,35.6399,25.2596,49.7178,31.6161,23.2016,42.4257,0.21071,0.17271,0.254879,0.742185,0.629528,0.824752,0.778577,0.713268,0.837047,-2.33179,-3.24013,-1.55036,nan,nan,nan,0.0773924,0.0616085,0.0911389,nan
l0.5/mujoco_legs_blind,"λ = 0.5, legs blind (MuJoCo, RoboCasa joints)",0.7,0.75,282,0,0,0.0134396,0,0,0,0.0035461,0.0035461,0.0248227,0.329787,0,0.0134396,0,0.0134396,0,0.0134396,0.000626232,0.0198103,0,0.109929,0.244642,0.187154,0.305545,0.479303,0.296421,0.6862,0.18999,0.140407,0.25722,0.300095,0.239635,0.366674,0.67808,0.469489,1.02107,0.905221,0.888625,0.918,0.0322771,0.0147569,0.0525399,0.938714,0.927496,0.945564,5.71469,6.95388,4.97477,6.51105,0.153649,0.131692,0.174634,-0.186353,-0.209412,-0.152826,0.0682825,0.0452197,0.09569,-0.241342,-0.279384,-0.197198,0.0534985,0.0272446,0.0852579,0.976958,1.12126,0.626373,1.42543,12,11.7143,8,15,36.9268,27.3285,52.6411,33.8223,25.7288,45.3898,0.219931,0.181297,0.263517,0.757617,0.640091,0.826892,0.782235,0.717352,0.843413,-2.07922,-3.06747,-1.15732,nan,nan,nan,0.0773643,0.0629532,0.0910489,nan
l0.5/mujoco_legs_blind,"λ = 0.5, legs blind (MuJoCo, RoboCasa joints)",0.8,0.85,288,0,0,0.0131633,0,0,0.00347222,0.0208333,0.0173611,0.0138889,0.350694,0,0.0131633,0,0.0131633,0.00061318,0.0194032,0.00958211,0.0446994,0,0.104167,0.188876,0.146629,0.255936,0.449032,0.265588,0.657276,0.145396,0.101622,0.204075,0.235519,0.17581,0.300935,0.650409,0.437155,0.987384,0.902301,0.88331,0.918983,0.0343449,0.0139092,0.052913,0.937332,0.925307,0.945057,5.85773,6.98357,5.13773,6.63533,0.152598,0.132784,0.173457,-0.178377,-0.209445,-0.150747,0.0752126,0.0529542,0.0972179,-0.236335,-0.282162,-0.1969,0.0630231,0.0333695,0.0896537,1.03235,1.1694,0.685086,1.49428,12,11.8556,8.5,15,34.5979,25.8588,44.9496,30.265,23.7015,40.849,0.209814,0.176497,0.255547,0.731642,0.656538,0.816203,0.791591,0.721433,0.844088,-2.15961,-3.23297,-0.779189,nan,nan,nan,0.0767721,0.059898,0.0895371,nan
l0.5/mujoco_legs_blind,"λ = 0.5, legs blind (MuJoCo, RoboCasa joints)",0.9,0.95,288,0,0,0.0131633,0,0,0.0243056,0.0416667,0.0277778,0.0173611,0.340278,0,0.0131633,0,0.0131633,0.0118223,0.0493122,0.0239929,0.0714068,0.00347222,0.125,0.169731,0.10769,0.221181,0.389358,0.269266,0.58325,0.11576,0.0689033,0.161737,0.191391,0.127995,0.262111,0.596522,0.418854,0.898544,0.903813,0.884256,0.92025,0.0323491,0.0138965,0.0536304,0.936778,0.926297,0.945825,5.70587,6.38007,5.12869,6.68789,0.148838,0.134544,0.171633,-0.17128,-0.19727,-0.146336,0.0798427,0.0524405,0.101798,-0.230931,-0.273159,-0.194721,0.0653661,0.0345835,0.0925826,1.02523,1.14396,0.619497,1.53394,12,12.3105,9,16,33.8906,23.5239,44.7861,33.2403,25.222,42.3118,0.214927,0.172345,0.254283,0.713985,0.632095,0.821862,0.788959,0.728889,0.850265,-1.86158,-2.93099,-0.735306,nan,nan,nan,0.073754,0.0554909,0.0895135,nan
l0.5/mujoco_legs_blind,"λ = 0.5, legs blind (MuJoCo, RoboCasa joints)",1,1.05,264,0,0,0.0143428,0,0,0.0189394,0.0568182,0.0530303,0.0151515,0.378788,0,0.0143428,0,0.0143428,0.00811612,0.0435622,0.0347311,0.0916182,0.0113636,0.128788,0.143436,0.1033,0.205161,0.358655,0.255457,0.532458,0.0889231,0.0504742,0.143578,0.175349,0.113464,0.246568,0.555908,0.400817,0.82341,0.898122,0.875204,0.914809,0.0388841,0.0159423,0.057437,0.934578,0.92542,0.943247,5.95759,6.28088,5.30539,6.82167,0.153282,0.133352,0.177214,-0.175072,-0.210146,-0.148992,0.0741084,0.0523654,0.0953782,-0.239142,-0.293181,-0.196964,0.0585803,0.0327941,0.0854012,1.0875,1.25205,0.710573,1.65659,13,12.5244,9.75,16,37.6321,24.8554,50.9127,33.2074,25.3593,44.3975,0.225512,0.183904,0.271998,0.747482,0.634645,0.837128,0.812075,0.746378,0.856802,-1.83564,-3.02267,-0.76424,nan,nan,nan,0.0733569,0.0593549,0.0875029,nan
l0.5/mujoco_legs_blind,"λ = 0.5, legs blind (MuJoCo, RoboCasa joints)",1.1,1.15,213,0,0,0.0177162,0,0,0.0187793,0.0751174,0.0422535,0.0234742,0.352113,0,0.0177162,0,0.0177162,0.00732643,0.047283,0.0467631,0.118526,0.00938967,0.192488,0.132359,0.0957006,0.195336,0.415717,0.225317,0.621806,0.0880564,0.0468343,0.141676,0.155172,0.110785,0.231781,0.562909,0.336796,0.951167,0.895096,0.870972,0.912705,0.0380612,0.0188282,0.0628846,0.934973,0.921556,0.943076,5.93262,6.18915,5.24666,6.70993,0.150056,0.130063,0.173999,-0.172024,-0.198387,-0.141288,0.0731756,0.0513432,0.0988545,-0.231276,-0.275695,-0.189141,0.0602124,0.0285584,0.0852321,1.05977,1.2286,0.690139,1.5333,13,12.3043,9,16,35.1313,26.8855,47.8751,32.305,23.6823,46.0312,0.221184,0.186217,0.277365,0.726684,0.612382,0.825733,0.820476,0.753067,0.863918,-1.43042,-2.84119,-0.0615625,nan,nan,nan,0.0669243,0.0538536,0.0858111,nan
l0.5/mujoco_legs_blind,"λ = 0.5, legs blind (MuJoCo, RoboCasa joints)",1.2,1.25,168,0,0,0.0223555,0,0,0.0178571,0.0357143,0.0535714,0.0416667,0.357143,0,0.0223555,0,0.0223555,0.00609121,0.0511801,0.0164689,0.0757184,0.00595238,0.154762,0.138367,0.093457,0.18881,0.42651,0.255734,0.654851,0.0832384,0.0495053,0.145993,0.18353,0.119089,0.242471,0.610324,0.382957,1.00753,0.892321,0.865159,0.911968,0.044,0.0189419,0.0700855,0.936025,0.924873,0.943393,6.36498,7.08089,5.49039,7.09513,0.154039,0.139273,0.176831,-0.175084,-0.210487,-0.151092,0.0764836,0.0544027,0.0984831,-0.240845,-0.28192,-0.192841,0.0674138,0.0309732,0.093565,1.22792,1.26334,0.829176,1.65221,13,12.8333,10,16,37.3511,28.488,48.9123,36.1455,26.2248,49.0969,0.240664,0.193433,0.28564,0.754833,0.641622,0.832115,0.833336,0.764039,0.865119,-1.27292,-2.87797,-0.296797,nan,nan,nan,0.0684604,0.0553869,0.0783401,nan
l0.5/mujoco_legs_blind,"λ = 0.5, legs blind (MuJoCo, RoboCasa joints)",1.3,1.35,123,0.00813008,0.00143657,0.0446177,0,0,0.0243902,0.0650407,0.0406504,0.0243902,0.341463,0,0.0302866,0,0.0302866,0.00832891,0.0692608,0.0333222,0.123106,0.00813008,0.121951,0.131154,0.0930828,0.181017,0.445055,0.268176,0.662104,0.084793,0.0516563,0.119983,0.159031,0.113208,0.229579,0.6193,0.425062,0.987144,0.891809,0.864717,0.909227,0.0467749,0.0247803,0.0810809,0.937116,0.927957,0.946729,6.16749,6.21296,5.19935,6.94302,0.152315,0.133475,0.171937,-0.163131,-0.194616,-0.142749,0.0735648,0.0426379,0.0950278,-0.235114,-0.269524,-0.199347,0.0550332,0.0259789,0.0846121,1.00201,1.2067,0.675582,1.60035,11,11.963,8,16,39.4003,28.2557,56.7109,37.8264,29.1361,52.2491,0.246792,0.196867,0.29245,0.735128,0.641277,0.830783,0.832654,0.772047,0.868386,-1.89061,-3.08868,-0.863706,3.36,3.36,3.36,0.0628844,0.0486834,0.0712728,0.0371313
l0.5/mujoco_legs_blind,"λ = 0.5, legs blind (MuJoCo, RoboCasa joints)",1.4,1.45,87,0,0,0.042289,0,0,0,0.0114943,0,0.0229885,0.413793,0,0.042289,0,0.042289,0,0.042289,0.00203186,0.0622735,0,0.045977,0.175689,0.120721,0.219105,0.437101,0.290059,0.597781,0.0945454,0.0646827,0.148392,0.187338,0.131572,0.251881,0.719881,0.467569,0.891324,0.870195,0.846531,0.903319,0.0644833,0.0382461,0.0866374,0.934744,0.925007,0.942675,6.55484,7.53626,5.52183,7.47229,0.160281,0.138819,0.179348,-0.183662,-0.209373,-0.151236,0.0841455,0.0389408,0.0982218,-0.256803,-0.302708,-0.200989,0.0743973,0.0237065,0.0836058,1.12694,1.32745,0.797515,1.58789,13,13.3529,10,17,40.7229,33.3929,56.1503,39.7941,30.3713,56.4114,0.251776,0.202317,0.306889,0.791877,0.696286,0.835927,0.855382,0.805034,0.874772,-2.01688,-2.99962,-0.540093,nan,nan,nan,0.0614704,0.0511729,0.0764398,nan
l0.5/mujoco_legs_blind,"λ = 0.5, legs blind (MuJoCo, RoboCasa joints)",1.5,1.55,51,0,0,0.070049,0,0,0,0.0196078,0,0,0.431373,0,0.070049,0,0.070049,0,0.070049,0.0034696,0.103048,0,0.0980392,0.199186,0.139879,0.242203,0.51193,0.259004,0.553202,0.118732,0.0887547,0.164888,0.207592,0.162606,0.276954,0.725611,0.38708,1.11674,0.869576,0.85585,0.889835,0.0594924,0.0436532,0.079837,0.937046,0.923277,0.94256,5.97569,6.99868,5.50365,6.79933,0.151524,0.12773,0.177538,-0.168716,-0.22781,-0.156424,0.0734373,0.033023,0.0972879,-0.248801,-0.307147,-0.188512,0.0565067,0.00553814,0.0911875,0.835725,1.11529,0.574268,1.56299,12,12.1724,8,16,42.2936,30.5252,66.4024,39.6342,27.9959,48.5627,0.253911,0.204119,0.327398,0.778329,0.651141,0.83091,0.843464,0.804475,0.872675,-2.06486,-3.21031,-1.0361,nan,nan,nan,0.0631915,0.0442067,0.0724751,nan
l0.5/mujoco_legs_blind,"λ = 0.5, legs blind (MuJoCo, RoboCasa joints)",1.6,1.65,33,0,0,0.104273,0,0,0,0.030303,0,0.030303,0.393939,0,0.104273,0,0.104273,0,0.104273,0.00536927,0.153191,0,0.0606061,0.191427,0.122594,0.282233,0.320072,0.224384,0.568134,0.149955,0.0846107,0.224688,0.246283,0.154485,0.331632,0.613479,0.427752,0.887549,0.879899,0.853712,0.893989,0.0581797,0.0384677,0.0875575,0.9414,0.934703,0.94477,6.79225,8.42782,5.84113,7.19789,0.161608,0.148768,0.189831,-0.185671,-0.202313,-0.163049,0.0580461,0.0369154,0.0802334,-0.249641,-0.288677,-0.224144,0.0288877,0.0168981,0.0722756,1.35127,1.43982,0.844058,1.91431,14,14.45,12.75,17,38.9387,32.0197,69.9119,40.2952,32.2142,58.4834,0.278324,0.214647,0.369111,0.828777,0.730802,0.847723,0.843872,0.800984,0.884916,-1.80936,-2.80613,-1.22007,nan,nan,nan,0.0600125,0.0548394,0.0698578,nan
l0.5/mujoco_legs_blind,"λ = 0.5, legs blind (MuJoCo, RoboCasa joints)",1.7,1.75,21,0,0,0.154644,0,0,0,0,0,0,0.380952,0,0.154644,0,0.154644,0,0.154644,0,0.154644,0,0.0952381,0.189853,0.154655,0.2998,0.379964,0.261029,0.537171,0.164562,0.0901916,0.252407,0.252303,0.197352,0.376943,0.580366,0.43558,1.12103,0.875817,0.868407,0.890541,0.0611316,0.0439209,0.0720649,0.936083,0.930837,0.94195,6.09329,7.50269,5.88033,6.61585,0.162849,0.144966,0.184023,-0.214427,-0.237247,-0.180592,0.0728832,0.0561427,0.0894273,-0.285998,-0.30382,-0.278285,0.0626393,0.0302161,0.0798049,1.23537,1.40778,1.01294,1.58712,16,15.1538,11,19,38.0796,32.4832,49.3063,51.25,33.4296,57.2138,0.283483,0.254083,0.315708,0.81988,0.741042,0.844356,0.860132,0.806926,0.897594,-2.19615,-2.51162,-1.58797,nan,nan,nan,0.059753,0.0500244,0.0692063,nan
l0.5/mujoco_legs_blind,"λ = 0.5, legs blind (MuJoCo, RoboCasa joints)",1.8,1.85,6,0,0,0.390343,0,0,0,0,0,0,0.833333,0,0.390343,0,0.390343,0,0.390343,0,0.390343,0,0,0.256524,0.256524,0.256524,0.252048,0.252048,0.252048,0.213473,0.213473,0.213473,0.25475,0.25475,0.25475,0.466863,0.466863,0.466863,0.886569,0.886569,0.886569,0.0297058,0.0297058,0.0297058,0.916275,0.916275,0.916275,7.75262,7.75262,7.75262,7.75262,0.184501,0.184501,0.184501,-0.139327,-0.139327,-0.139327,0.0356251,0.0356251,0.0356251,-0.208695,-0.208695,-0.208695,0.0216079,0.0216079,0.0216079,2.61769,2.61769,2.61769,2.61769,22,22,22,22,33.38,33.38,33.38,22.4972,22.4972,22.4972,0.261459,0.261459,0.261459,0.780673,0.780673,0.780673,0.867848,0.867848,0.867848,-0.838705,-0.838705,-0.838705,nan,nan,nan,0.0581833,0.0581833,0.0581833,nan
l0.5_52k/isaac,"λ = 0.5, 52.8k steps",-0.1,-0.05,24,0,0,0.137981,0,0,0,0,0,0,0,0,0.137981,0,0.137981,0,0.137981,0,0.137981,0,0.0416667,0.606909,0.514987,0.683736,0.753443,0.562672,0.919755,0.577897,0.473,0.6444,0.761426,0.736785,0.79238,1.04949,0.783454,1.30127,0.770017,0.763685,0.776088,0.174935,0.16599,0.184139,0.947071,0.942165,0.951679,6.05495,6.13155,5.40145,6.72837,0.160876,0.151708,0.169177,0.0864951,-0.11505,0.1078,0.128381,0.122232,0.132264,0.0575026,-0.116819,0.0875175,0.12499,0.121866,0.128657,1.0698,1.09145,0.913043,1.21615,0,0.375,0,0.25,32.6695,26.046,46.5387,31.3527,24.2387,39.4091,0.326968,0.291987,0.440135,0.556749,0.520262,0.587973,0.854113,0.764369,0.874058,-1.50814,-2.66576,-0.317463,nan,nan,nan,0.0566231,0.0511487,0.069753,nan
l0.5_52k/isaac,"λ = 0.5, 52.8k steps",0,0.05,75,0,0,0.0487255,0,0,0,0,0,0,0,0,0.0487255,0,0.0487255,0,0.0487255,0,0.0487255,0,0.0266667,0.585575,0.506296,0.659726,0.599493,0.442323,0.881485,0.562568,0.480088,0.62908,0.719058,0.674346,0.753719,0.854999,0.626309,1.1027,0.774217,0.764074,0.78116,0.173111,0.158394,0.184534,0.948163,0.942231,0.953004,5.70116,5.79549,4.88997,6.61228,0.160712,0.152226,0.173092,0.0944646,-0.116676,0.10616,0.127521,0.123266,0.131079,0.0716998,-0.130622,0.0881021,0.12491,0.120842,0.127622,1.104,1.16397,0.929917,1.31944,0,0.466667,0,1,33.2954,24.8051,41.5917,31.5196,23.2538,40.5415,0.35547,0.314225,0.408679,0.537076,0.511907,0.58844,0.820521,0.673828,0.860351,-1.19486,-2.1304,-0.635864,nan,nan,nan,0.0578493,0.0529113,0.0689852,nan
l0.5_52k/isaac,"λ = 0.5, 52.8k steps",0.1,0.15,120,0,0,0.0310203,0,0,0,0,0,0.00833333,0,0,0.0310203,0,0.0310203,0,0.0310203,0,0.0310203,0,0.025,0.489679,0.421369,0.554661,0.595446,0.420927,0.803681,0.464879,0.398421,0.524864,0.617888,0.578267,0.658782,0.775475,0.612456,1.10555,0.771255,0.760679,0.781455,0.175548,0.162728,0.187522,0.948608,0.942789,0.953001,5.53946,5.72489,4.47816,6.82539,0.161905,0.152239,0.171945,-0.0873802,-0.147347,0.102876,0.126844,0.121669,0.129997,-0.0843064,-0.166767,0.0840488,0.124705,0.120342,0.127602,1.01511,1.04574,0.838453,1.178,0,0.683333,0,1,29.5413,22.9218,38.3663,27.971,22.8959,35.8477,0.341784,0.293828,0.388442,0.559365,0.510823,0.625161,0.827853,0.673342,0.864308,-1.47199,-2.29113,-0.743874,nan,nan,nan,0.0574851,0.0458814,0.0673837,nan
l0.5_52k/isaac,"λ = 0.5, 52.8k steps",0.2,0.25,165,0,0,0.0227527,0,0,0,0,0,0.0424242,0,0,0.0227527,0,0.0227527,0,0.0227527,0,0.0227527,0,0.030303,0.413467,0.350788,0.475868,0.556624,0.384853,0.777262,0.385738,0.323472,0.442226,0.54009,0.501324,0.589108,0.805106,0.553881,1.11892,0.774539,0.763023,0.782987,0.171528,0.159746,0.183055,0.946684,0.938667,0.951995,5.60364,5.82971,4.67603,6.76211,0.157973,0.150084,0.172692,0.0548923,-0.167123,0.0974239,0.127044,0.121191,0.13089,0.00429385,-0.186712,0.0794242,0.124383,0.119912,0.128321,0.971432,1.03763,0.821807,1.16376,0,0.630303,0,1,26.6568,20.7042,34.5873,26.963,21.6703,35.0735,0.318439,0.268975,0.363874,0.542391,0.508278,0.598012,0.820983,0.688636,0.863322,-1.80954,-2.72966,-1.06883,nan,nan,nan,0.0583523,0.0445094,0.0709688,nan
l0.5_52k/isaac,"λ = 0.5, 52.8k steps",0.3,0.35,201,0,0,0.018754,0,0,0,0,0.0149254,0.0597015,0,0,0.018754,0,0.018754,0,0.018754,0,0.018754,0,0.0945274,0.339975,0.27512,0.402354,0.480869,0.339358,0.679475,0.307894,0.250064,0.374085,0.45904,0.406597,0.505532,0.690336,0.497983,0.966155,0.774666,0.763706,0.783926,0.172591,0.158267,0.183206,0.948735,0.938758,0.95263,5.82103,6.00375,4.82648,7.11656,0.157941,0.146649,0.172703,0.0661609,-0.148581,0.102053,0.12542,0.118996,0.130689,0.0346139,-0.15539,0.0846578,0.123496,0.118363,0.128049,1.01799,1.05319,0.854948,1.21618,0,0.557214,0,1,24.2324,19.7705,34.0493,24.6352,19.7763,31.9544,0.296621,0.246873,0.353367,0.548822,0.504447,0.598988,0.844586,0.735205,0.86473,-1.98012,-2.90597,-1.25418,nan,nan,nan,0.0578259,0.0471955,0.0714189,nan
l0.5_52k/isaac,"λ = 0.5, 52.8k steps",0.4,0.45,237,0,0,0.0159507,0,0,0,0,0.0295359,0.0590717,0,0,0.0159507,0,0.0159507,0,0.0159507,0,0.0159507,0,0.130802,0.272733,0.223082,0.338329,0.431152,0.28366,0.631159,0.241992,0.198338,0.308917,0.373616,0.328117,0.433087,0.640671,0.421464,0.917403,0.774352,0.767561,0.785027,0.169924,0.155704,0.18109,0.94777,0.938292,0.952918,5.89499,6.01522,4.87188,7.08266,0.155339,0.143975,0.171152,-0.0789234,-0.161563,0.103444,0.125073,0.119089,0.129314,-0.0628736,-0.174173,0.0871312,0.123173,0.118028,0.127779,1.01703,1.0856,0.857643,1.19768,0,0.637131,0,1,23.8058,19.0149,31.3572,23.6199,18.0341,30.5354,0.280845,0.240761,0.334338,0.552416,0.501629,0.616533,0.826433,0.719609,0.866753,-1.99288,-2.97713,-1.351,nan,nan,nan,0.0582918,0.0466951,0.0695472,nan
l0.5_52k/isaac,"λ = 0.5, 52.8k steps",0.5,0.55,255,0,0,0.0148415,0,0,0,0,0.0588235,0.0705882,0,0,0.0148415,0,0.0148415,0,0.0148415,0,0.0148415,0,0.203922,0.21874,0.16867,0.266993,0.382296,0.245625,0.578613,0.188691,0.146815,0.245796,0.292653,0.246241,0.355525,0.57202,0.378232,0.862942,0.779398,0.769474,0.790647,0.165584,0.152311,0.17763,0.947436,0.93833,0.951931,5.78456,5.97435,4.92966,6.94372,0.151809,0.141936,0.164071,0.069339,-0.136263,0.105771,0.124766,0.118669,0.129876,0.036775,-0.161484,0.0906627,0.123631,0.118644,0.127371,1.00058,1.06588,0.840083,1.18852,0,0.607843,0,1,21.2413,16.354,28.3261,21.9352,17.0636,27.7462,0.255827,0.221072,0.302571,0.538842,0.492575,0.590191,0.841997,0.727384,0.865302,-2.15436,-3.15182,-1.33988,nan,nan,nan,0.0580898,0.0457586,0.068261,nan
l0.5_52k/isaac,"λ = 0.5, 52.8k steps",0.6,0.65,267,0,0,0.0141839,0,0,0,0.011236,0.101124,0.0674157,0,0,0.0141839,0,0.0141839,0,0.0141839,0.00382839,0.0325087,0,0.307116,0.166616,0.126943,0.214418,0.332783,0.20387,0.504559,0.135968,0.0960327,0.180774,0.23563,0.182772,0.292793,0.511945,0.312747,0.756303,0.783509,0.771332,0.795899,0.160957,0.150416,0.175517,0.947659,0.939607,0.953303,5.89388,6.00433,4.95363,7.06395,0.150874,0.141442,0.168583,0.0693266,-0.142293,0.103502,0.123344,0.116539,0.12891,0.0377698,-0.151964,0.0873696,0.122431,0.116268,0.127179,1.00612,1.04961,0.836421,1.1963,0,0.651685,0,1,20.3487,15.1047,26.4111,21.2455,16.1548,27.4053,0.240572,0.204039,0.300205,0.536044,0.489488,0.600289,0.85494,0.765187,0.872489,-2.16285,-2.97334,-1.34287,nan,nan,nan,0.0534991,0.0415704,0.0660475,nan
l0.5_52k/isaac,"λ = 0.5, 52.8k steps",0.7,0.75,282,0.0070922,0.00194706,0.0254863,0,0,0.0567376,0.102837,0.163121,0.113475,0,0,0.0134396,0,0.0134396,0.035222,0.0901677,0.0725593,0.14379,0.0177305,0.386525,0.123092,0.0903525,0.162036,0.294025,0.177898,0.477497,0.0941788,0.058392,0.135026,0.16858,0.119547,0.235607,0.429248,0.266224,0.750119,0.787442,0.778586,0.799063,0.156558,0.141637,0.168254,0.946697,0.938339,0.951505,6.05996,6.19333,5.08273,7.20574,0.149411,0.139981,0.163599,-0.0793586,-0.147455,0.102337,0.122751,0.115234,0.129441,-0.0656797,-0.158745,0.0848301,0.12158,0.11385,0.126893,1.00271,1.07678,0.858285,1.21453,0,0.723404,0,1,17.4237,13.3796,23.9304,19.6063,15.4394,25.9411,0.222813,0.186257,0.283581,0.545814,0.499225,0.604782,0.85865,0.804374,0.876069,-2.37409,-3.24882,-1.45718,1.63,1.595,1.665,0.0527133,0.0404989,0.0664274,0.0498965
l0.5_52k/isaac,"λ = 0.5, 52.8k steps",0.8,0.85,288,0.0277778,0.0141411,0.0538465,0,0,0.163194,0.260417,0.246528,0.114583,0,0,0.0131633,0,0.0131633,0.124999,0.210257,0.21312,0.31402,0.0451389,0.451389,0.096663,0.0661555,0.13531,0.253669,0.147259,0.399742,0.0643026,0.0336445,0.103128,0.134335,0.0839184,0.184916,0.388703,0.231428,0.659068,0.797896,0.785389,0.811139,0.146216,0.13416,0.160787,0.947371,0.938933,0.952357,6.22269,6.31981,5.2693,7.24077,0.147465,0.13758,0.166,-0.0613333,-0.142822,0.10192,0.121256,0.113724,0.127341,-0.0346864,-0.15096,0.0876996,0.118553,0.111826,0.124706,0.991624,1.07042,0.854876,1.15996,0,0.684028,0,1,17.2549,13.7324,24.154,20.0145,15.505,26.8827,0.221624,0.19036,0.274402,0.531362,0.485046,0.588446,0.858756,0.827705,0.875903,-2.37692,-3.40826,-1.27304,2,1.715,2.34,0.0523674,0.0403426,0.065133,0.0349392
l0.5_52k/isaac,"λ = 0.5, 52.8k steps",0.9,0.95,288,0.0729167,0.0481832,0.108894,0,0.00694444,0.284722,0.395833,0.329861,0.204861,0,0,0.0131633,0.00190645,0.0249629,0.235702,0.33941,0.341081,0.453328,0.111111,0.520833,0.0768394,0.0522521,0.11212,0.209771,0.131635,0.378804,0.0426744,0.0241024,0.0798842,0.101124,0.0650146,0.156813,0.330383,0.207481,0.560035,0.806163,0.793534,0.820002,0.137936,0.123328,0.15348,0.947366,0.938023,0.952586,6.1882,6.23856,5.29796,7.19824,0.151006,0.141176,0.169307,-0.0720382,-0.145315,0.0994825,0.120538,0.112363,0.126834,-0.0646668,-0.161779,0.0839901,0.118064,0.109465,0.124532,0.981561,1.08792,0.835857,1.18993,0,0.826389,0,1,16.413,12.7386,22.8878,18.9453,13.8544,25.0287,0.210996,0.180502,0.266151,0.528917,0.483369,0.602841,0.859923,0.84142,0.875093,-2.55762,-3.62776,-1.49864,1.94,1.8,2.28,0.0477014,0.03629,0.0600692,0.033273
l0.5_52k/isaac,"λ = 0.5, 52.8k steps",1,1.05,264,0.106061,0.0744041,0.149018,0,0.00378788,0.348485,0.481061,0.367424,0.246212,0,0,0.0143428,0.00066895,0.021141,0.293551,0.407765,0.421494,0.541171,0.140152,0.55303,0.0673656,0.0497206,0.103518,0.215763,0.128598,0.357046,0.0367038,0.0208824,0.0704305,0.0913877,0.0605962,0.146229,0.312335,0.204139,0.52366,0.814809,0.801635,0.8289,0.128055,0.111507,0.143502,0.946411,0.937321,0.95256,6.65729,6.64448,5.43065,7.60293,0.158899,0.144745,0.174444,-0.102825,-0.149542,0.0931797,0.119697,0.111082,0.126343,-0.100655,-0.16251,0.0769572,0.11655,0.108314,0.123498,1.04825,1.15918,0.858013,1.30683,1,1.08333,0,2,17.6155,12.9808,25.6822,19.8063,14.5473,27.1811,0.221462,0.18217,0.289922,0.539738,0.493956,0.59584,0.861976,0.842382,0.885257,-2.89816,-4.3125,-1.70378,1.82,1.715,2.305,0.0433988,0.0342179,0.0574144,0.0339139
l0.5_52k/isaac,"λ = 0.5, 52.8k steps",1.1,1.15,213,0.14554,0.104464,0.199175,0,0.0187793,0.361502,0.488263,0.384977,0.253521,0,0,0.0177162,0.00732643,0.047283,0.299962,0.42795,0.421938,0.555004,0.178404,0.558685,0.0637876,0.0466048,0.0935969,0.185241,0.125358,0.345353,0.0333753,0.0195905,0.0620569,0.0883178,0.0594303,0.14118,0.309836,0.195361,0.532012,0.825519,0.813978,0.837373,0.120089,0.107387,0.135449,0.948362,0.941787,0.952599,6.84438,6.92144,5.97538,7.94118,0.162173,0.148492,0.18723,-0.122543,-0.166826,0.0928724,0.119825,0.1106,0.125716,-0.12661,-0.184573,0.0732227,0.115579,0.105973,0.123289,1.04816,1.19722,0.882328,1.32369,1,1.46009,0,2,17.5752,13.4383,25.9806,21.73,15.1137,28.9229,0.226048,0.190828,0.313109,0.550921,0.500324,0.633111,0.864956,0.845425,0.893516,-3.15168,-4.35997,-2.10385,1.9,1.69,2.37,0.0414573,0.0332453,0.0525952,0.0356251
l0.5_52k/isaac,"λ = 0.5, 52.8k steps",1.2,1.25,168,0.125,0.0832294,0.183537,0,0.0119048,0.392857,0.52381,0.375,0.27381,0,0,0.0223555,0.00327074,0.042362,0.322191,0.468314,0.448601,0.597953,0.14881,0.565476,0.0702553,0.04529,0.0990618,0.210067,0.127503,0.331023,0.0367784,0.0206576,0.067246,0.0877529,0.0585616,0.142965,0.310411,0.20004,0.48949,0.83454,0.818288,0.847842,0.111238,0.0945052,0.1251,0.947604,0.93793,0.952123,6.70411,6.92366,5.96073,7.85724,0.168943,0.15383,0.185126,-0.12164,-0.156261,0.0964098,0.120761,0.11341,0.127134,-0.114286,-0.169219,0.0749277,0.117517,0.108664,0.124103,1.01599,1.26536,0.862901,1.48097,1,1.375,0,2,18.0069,12.5873,27.6551,20.3713,14.4159,28.4278,0.223477,0.178248,0.28386,0.547956,0.505567,0.612162,0.86964,0.853841,0.89193,-3.20327,-4.21452,-2.32381,1.66,1.56,1.78,0.0385885,0.0291525,0.0510895,0.0315995
l0.5_52k/isaac,"λ = 0.5, 52.8k steps",1.3,1.35,123,0.121951,0.0753135,0.191489,0,0.0162602,0.349593,0.447154,0.341463,0.260163,0,0,0.0302866,0.00447041,0.0573516,0.271039,0.437259,0.362212,0.535298,0.162602,0.512195,0.067093,0.0494073,0.108708,0.218647,0.146735,0.402413,0.0413393,0.0213366,0.0766316,0.0942779,0.055116,0.144182,0.341238,0.213642,0.611876,0.839589,0.823426,0.852397,0.105636,0.0904232,0.125138,0.947831,0.940789,0.951855,7.30637,7.29109,6.28498,8.24179,0.167928,0.158216,0.19311,-0.117212,-0.163247,0.0883488,0.118886,0.110686,0.125837,-0.114115,-0.190201,0.0717206,0.115049,0.106591,0.122097,1.04155,1.22328,0.907042,1.45044,1,1.34959,0,2,18.2352,14.257,29.0408,20.8669,15.7742,26.9451,0.227462,0.192669,0.289031,0.567713,0.509231,0.632622,0.868617,0.856181,0.894454,-3.58589,-4.36034,-2.64521,2,1.68,2.39,0.0413623,0.0313159,0.0503352,0.0349736
l0.5_52k/isaac,"λ = 0.5, 52.8k steps",1.4,1.45,87,0.0689655,0.0319884,0.142399,0,0,0.310345,0.436782,0.287356,0.275862,0,0,0.042289,0,0.042289,0.22289,0.41384,0.337424,0.541486,0.103448,0.482759,0.0713034,0.0479627,0.100578,0.223056,0.145083,0.336979,0.03846,0.0206739,0.0719142,0.0932,0.0615072,0.151398,0.361445,0.229402,0.576504,0.842097,0.828909,0.856726,0.103825,0.086397,0.117559,0.948086,0.940935,0.952238,7.56098,7.53581,6.59697,8.40483,0.168994,0.158245,0.188146,-0.110425,-0.162127,0.078317,0.119778,0.11348,0.126123,-0.11321,-0.184479,0.0554487,0.117457,0.10878,0.122236,1.10584,1.2634,0.937034,1.48114,1,1.31034,0,2,20.6319,15.9614,27.8114,21.0963,14.4328,27.7443,0.235899,0.187491,0.282442,0.548468,0.515094,0.603247,0.870417,0.85664,0.892085,-3.85603,-4.84274,-2.81649,2,1.73,2.33,0.041966,0.0287178,0.049404,0.0321326
l0.5_52k/isaac,"λ = 0.5, 52.8k steps",1.5,1.55,51,0.0588235,0.0202063,0.159249,0,0,0.352941,0.411765,0.137255,0.215686,0,0,0.070049,0,0.070049,0.236343,0.490142,0.287542,0.548349,0.0588235,0.529412,0.0805652,0.055732,0.131449,0.180722,0.140856,0.327022,0.0550117,0.0258779,0.0894438,0.1081,0.0685275,0.168899,0.304696,0.21588,0.500425,0.852113,0.840064,0.863231,0.095883,0.0819675,0.106819,0.946885,0.940387,0.951553,7.35624,7.56859,6.62349,8.34882,0.172042,0.155305,0.196647,-0.14591,-0.18329,-0.0685796,0.120543,0.111565,0.124723,-0.151926,-0.214714,-0.0519402,0.113517,0.104015,0.123231,1.00506,1.18096,0.847892,1.5283,1,2.03922,0,3,19.1441,15.256,24.1991,21.915,16.2232,27.7085,0.221318,0.189095,0.280683,0.555125,0.527447,0.666293,0.871631,0.852401,0.891836,-3.99564,-5.02284,-3.37756,2.16,2.05,2.42,0.0393419,0.0278491,0.0511267,0.026348
l0.5_52k/isaac,"λ = 0.5, 52.8k steps",1.6,1.65,33,0.030303,0.00536927,0.153191,0,0,0.181818,0.30303,0.0606061,0.242424,0,0,0.104273,0,0.104273,0.0861065,0.343886,0.173753,0.473385,0.030303,0.636364,0.105037,0.0668639,0.13877,0.16998,0.124736,0.302607,0.0632132,0.0477666,0.118358,0.1382,0.0965102,0.180961,0.256303,0.195171,0.453211,0.859255,0.847424,0.868145,0.0884837,0.0713205,0.0987775,0.945376,0.939486,0.951809,7.74557,7.64456,6.676,8.44545,0.179379,0.160383,0.197614,-0.139873,-0.172909,-0.096169,0.118988,0.112938,0.125689,-0.138853,-0.209003,-0.0699919,0.111308,0.103162,0.121157,1.00589,1.27522,0.863037,1.54412,1,1.45455,0,2,22.6877,20.0079,30.2171,23.6337,17.762,27.8612,0.246435,0.195927,0.312368,0.601903,0.541084,0.657034,0.875915,0.852628,0.893777,-4.58732,-5.28039,-3.79286,3.24,3.24,3.24,0.0447526,0.0322625,0.0546672,0.0282912
l0.5_52k/isaac,"λ = 0.5, 52.8k steps",1.7,1.75,21,0,0,0.154644,0,0,0.047619,0.142857,0,0,0,0,0.154644,0,0.154644,0.00845577,0.226698,0.0498092,0.346365,0,0.714286,0.138182,0.0936551,0.159459,0.157957,0.112707,0.235564,0.101034,0.0694195,0.131956,0.167705,0.104953,0.20098,0.254426,0.202334,0.369295,0.871011,0.858946,0.88557,0.0764011,0.0642137,0.093235,0.948795,0.945174,0.951861,8.32604,8.0283,6.82652,9.09879,0.189082,0.164776,0.206858,-0.134019,-0.178047,0.0870146,0.121925,0.11387,0.126049,-0.133115,-0.182337,0.0700633,0.115299,0.102746,0.121028,0.997049,1.07845,0.73628,1.14758,1,1.71429,0,2,24.7177,17.87,34.0183,26.5125,17.8954,31.4304,0.267691,0.202451,0.35543,0.582854,0.511816,0.607518,0.857361,0.832121,0.893753,-4.90061,-6.21586,-4.16662,nan,nan,nan,0.0454221,0.0421849,0.0578973,nan
l0.5_52k/isaac,"λ = 0.5, 52.8k steps",1.8,1.85,6,0,0,0.390343,0,0,0,0,0,0,0,0,0.390343,0,0.390343,0,0.390343,0,0.390343,0,0.666667,0.195014,0.175077,0.209952,0.170009,0.158789,0.192868,0.155052,0.139278,0.175545,0.201799,0.190548,0.220676,0.296245,0.242789,0.35443,0.872039,0.857814,0.883378,0.0752196,0.063442,0.0883836,0.946965,0.946615,0.947393,8.33527,8.38388,7.75041,9.10808,0.199183,0.171184,0.223,-0.183063,-0.191453,-0.141017,0.123488,0.119467,0.126487,-0.217085,-0.233945,-0.166278,0.117715,0.115405,0.118291,0.924968,0.920376,0.869401,0.980076,2,2.33333,1,3,22.9826,20.061,37.4221,36.2837,25.2819,40.0566,0.346593,0.272079,0.382257,0.698441,0.540691,0.760025,0.853625,0.837895,0.877073,-5.60989,-5.64686,-5.37853,nan,nan,nan,0.0519517,0.039441,0.0569399,nan
l0.5_52k/mujoco,"λ = 0.5, 52.8k steps (MuJoCo, RoboCasa joints)",-0.1,-0.05,24,0,0,0.137981,0,0,0,0,0,0,0,0,0.137981,0,0.137981,0,0.137981,0,0.137981,0,0,0.613597,0.56719,0.683182,0.768285,0.597926,0.971339,0.607039,0.561051,0.672158,0.785941,0.743525,0.818538,0.937546,0.762972,1.23406,0.769407,0.760152,0.778051,0.188441,0.179416,0.195234,0.957281,0.954981,0.960095,4.82756,5.01971,4.30504,5.67705,0.094328,0.083915,0.109779,-0.115316,-0.165655,0.0944566,0.130509,0.126558,0.132856,-0.140202,-0.18053,0.0845426,0.128807,0.125042,0.13033,0.481801,0.580679,0.356782,0.627515,0.5,1.66667,0,3,14.1059,11.4061,19.1365,9.74743,7.88446,13.0718,0.0993683,0.0885312,0.105699,0.485797,0.436986,0.631873,0.683975,0.599958,0.77961,-1.30305,-1.64467,-0.696252,nan,nan,nan,0.102699,0.0941168,0.106125,nan
l0.5_52k/mujoco,"λ = 0.5, 52.8k steps (MuJoCo, RoboCasa joints)",0,0.05,75,0,0,0.0487255,0,0,0,0,0,0,0,0,0.0487255,0,0.0487255,0,0.0487255,0,0.0487255,0,0,0.605445,0.514188,0.676705,0.666431,0.425416,0.830401,0.60149,0.504502,0.666272,0.719653,0.686343,0.759356,0.940434,0.669038,1.14566,0.768889,0.761427,0.776591,0.18593,0.179295,0.195148,0.956223,0.954537,0.957955,4.89281,5.10452,4.29933,5.88213,0.097399,0.0884726,0.104242,-0.118899,-0.153639,0.0971866,0.12703,0.121462,0.130377,-0.12676,-0.18236,0.0871294,0.125666,0.120396,0.12877,0.51191,0.636111,0.411576,0.78481,1,1.28,0,2,13.0751,10.4462,20.7297,11.5748,9.00044,15.9002,0.100552,0.088273,0.123783,0.487419,0.458643,0.552555,0.697046,0.608942,0.850652,-1.213,-1.87007,-0.855657,nan,nan,nan,0.0996531,0.096299,0.104387,nan
l0.5_52k/mujoco,"λ = 0.5, 52.8k steps (MuJoCo, RoboCasa joints)",0.1,0.15,120,0,0,0.0310203,0,0,0,0,0,0,0,0,0.0310203,0,0.0310203,0,0.0310203,0,0.0310203,0,0.00833333,0.508566,0.444503,0.565746,0.630862,0.448763,0.822404,0.498907,0.429652,0.555302,0.631476,0.587956,0.672137,0.87881,0.631372,1.14683,0.768907,0.761278,0.78074,0.186873,0.176064,0.195659,0.95691,0.954695,0.958782,4.82208,5.04839,3.93827,5.89455,0.0919602,0.0829837,0.103523,-0.132122,-0.164141,0.0739511,0.126372,0.119875,0.129898,-0.140013,-0.187429,0.0600501,0.125315,0.119971,0.129607,0.471898,0.542139,0.379315,0.598856,1,1.1,0,2,13.9958,9.77494,20.4889,10.3499,8.48635,14.3014,0.0989564,0.0854057,0.121966,0.489134,0.457296,0.539182,0.693874,0.619203,0.813257,-1.71236,-2.50004,-0.999431,nan,nan,nan,0.098902,0.094108,0.10423,nan
l0.5_52k/mujoco,"λ = 0.5, 52.8k steps (MuJoCo, RoboCasa joints)",0.2,0.25,165,0,0,0.0227527,0,0,0,0,0,0,0,0,0.0227527,0,0.0227527,0,0.0227527,0,0.0227527,0,0.0363636,0.439065,0.374716,0.502359,0.550913,0.369224,0.773454,0.42549,0.36001,0.489683,0.55702,0.513405,0.600268,0.810217,0.604795,1.09607,0.77365,0.764883,0.784575,0.183103,0.170767,0.192815,0.956568,0.953872,0.958872,4.88783,5.26329,4.13071,5.85612,0.0922379,0.0844769,0.0998729,-0.127405,-0.161627,0.092751,0.12443,0.117606,0.129747,-0.139486,-0.178353,0.0782814,0.123721,0.11877,0.128702,0.473973,0.588438,0.39107,0.606475,1,1.26061,0,2,12.6733,9.38672,21.4675,10.5188,8.32424,16.0221,0.0924914,0.0793899,0.123161,0.494221,0.457438,0.552572,0.688964,0.614765,0.779502,-2.0035,-2.84445,-1.24745,nan,nan,nan,0.0977815,0.0932967,0.104537,nan
l0.5_52k/mujoco,"λ = 0.5, 52.8k steps (MuJoCo, RoboCasa joints)",0.3,0.35,201,0,0,0.018754,0,0,0,0,0,0,0,0,0.018754,0,0.018754,0,0.018754,0,0.018754,0,0.0895522,0.368892,0.302364,0.435059,0.504781,0.34649,0.709624,0.351797,0.288781,0.422104,0.483522,0.433479,0.533015,0.75384,0.567509,0.985269,0.775352,0.766595,0.788923,0.179081,0.166498,0.191014,0.956942,0.954053,0.959253,5.06334,5.26462,4.00012,6.40255,0.0902699,0.0818623,0.101722,-0.124016,-0.153679,0.100076,0.1253,0.116883,0.130435,-0.124238,-0.171661,0.0892993,0.124507,0.116735,0.129013,0.475338,0.557975,0.38179,0.564022,1,1.10945,0,2,12.8309,9.08826,18.2565,10.0616,8.09371,13.409,0.0905046,0.0763501,0.110789,0.488344,0.456661,0.54462,0.695706,0.601711,0.809935,-2.16275,-3.06419,-1.36507,nan,nan,nan,0.099625,0.0937351,0.104438,nan
l0.5_52k/mujoco,"λ = 0.5, 52.8k steps (MuJoCo, RoboCasa joints)",0.4,0.45,237,0,0,0.0159507,0,0,0,0,0,0.0126582,0,0,0.0159507,0,0.0159507,0,0.0159507,0,0.0159507,0,0.105485,0.308535,0.255337,0.36961,0.50594,0.307001,0.731239,0.29492,0.241867,0.361272,0.40982,0.359022,0.473828,0.710475,0.52144,0.994527,0.78233,0.772152,0.792913,0.174882,0.163183,0.185362,0.956649,0.95431,0.959209,5.24325,5.42864,4.33259,6.26439,0.091825,0.0827557,0.102712,-0.132971,-0.166089,0.0959781,0.123351,0.114795,0.12877,-0.142734,-0.179868,0.0818857,0.122343,0.114598,0.127609,0.483833,0.571835,0.405223,0.583736,1,1.01688,0,2,12.0895,9.22884,18.2311,10.9904,8.20693,15.4415,0.0907265,0.0795861,0.113703,0.500247,0.460799,0.561411,0.680904,0.6018,0.790084,-2.22955,-3.11601,-1.53028,nan,nan,nan,0.099387,0.0941685,0.105976,nan
l0.5_52k/mujoco,"λ = 0.5, 52.8k steps (MuJoCo, RoboCasa joints)",0.5,0.55,255,0,0,0.0148415,0,0,0,0,0,0.00392157,0,0,0.0148415,0,0.0148415,0,0.0148415,0,0.0148415,0,0.172549,0.254379,0.209857,0.30999,0.420768,0.256021,0.671434,0.241762,0.195805,0.298696,0.343142,0.284021,0.405904,0.650325,0.44659,0.962224,0.78869,0.778628,0.800832,0.16698,0.154497,0.17826,0.956452,0.954047,0.958439,5.42086,5.51857,4.49656,6.43041,0.0945654,0.0843152,0.105514,-0.134609,-0.166869,-0.0669137,0.123967,0.114472,0.130188,-0.145711,-0.187606,-0.0787878,0.123427,0.113895,0.128478,0.501045,0.593572,0.423223,0.64602,1,1.35294,0,2,12.1479,9.06808,18.0954,11.2058,8.38872,14.4532,0.0886012,0.0767261,0.10641,0.505873,0.466602,0.586613,0.690488,0.620696,0.800002,-2.54406,-3.42565,-1.69518,nan,nan,nan,0.100128,0.094039,0.105579,nan
l0.5_52k/mujoco,"λ = 0.5, 52.8k steps (MuJoCo, RoboCasa joints)",0.6,0.65,267,0,0,0.0141839,0,0,0,0,0,0,0,0,0.0141839,0,0.0141839,0,0.0141839,0,0.0141839,0,0.205993,0.210886,0.164283,0.264819,0.369092,0.230833,0.574723,0.195959,0.150179,0.246493,0.277237,0.216759,0.342434,0.600199,0.393839,0.875557,0.797714,0.785315,0.811024,0.158611,0.144058,0.171164,0.956365,0.953906,0.95874,5.4954,5.64628,4.57369,6.59889,0.0926416,0.0853559,0.104942,-0.137075,-0.1638,0.0869397,0.12399,0.117118,0.129021,-0.1395,-0.183838,0.068613,0.122396,0.114777,0.127295,0.474162,0.592164,0.406369,0.611833,1,1.35581,0,2,11.5467,9.20022,16.8451,11.617,9.11124,15.606,0.0890164,0.0773751,0.108443,0.514986,0.471955,0.582264,0.714207,0.635197,0.822781,-2.75745,-3.57496,-1.80492,nan,nan,nan,0.0991211,0.0937335,0.106136,nan
l0.5_52k/mujoco,"λ = 0.5, 52.8k steps (MuJoCo, RoboCasa joints)",0.7,0.75,282,0,0,0.0134396,0,0,0.0035461,0.0177305,0,0.0035461,0,0,0.0134396,0,0.0134396,0.000626232,0.0198103,0.00759648,0.0408275,0,0.230496,0.169835,0.133192,0.223759,0.330406,0.213993,0.512241,0.153565,0.113188,0.206311,0.220409,0.164134,0.292152,0.543312,0.366677,0.835836,0.8056,0.793824,0.820664,0.150026,0.135774,0.161865,0.956103,0.953936,0.958371,5.77166,5.85948,4.93166,6.73154,0.097423,0.08804,0.109824,-0.138242,-0.166721,-0.0370489,0.122026,0.114362,0.127838,-0.150567,-0.190569,0.0103521,0.120654,0.11309,0.126344,0.486575,0.600061,0.40832,0.655931,1,1.3227,0,2,12.4507,9.00072,16.3694,12.0683,9.41799,16.3011,0.0876989,0.0773922,0.10529,0.514913,0.471719,0.581394,0.707904,0.631939,0.820234,-2.8178,-3.79922,-1.87377,nan,nan,nan,0.0990272,0.094467,0.10439,nan
l0.5_52k/mujoco,"λ = 0.5, 52.8k steps (MuJoCo, RoboCasa joints)",0.8,0.85,288,0,0,0.0131633,0,0,0.0104167,0.0590278,0.00694444,0.00694444,0.00347222,0,0.0131633,0,0.0131633,0.00354875,0.0301737,0.0371769,0.092488,0,0.260417,0.140114,0.112992,0.189817,0.324104,0.189194,0.483401,0.121752,0.0925825,0.167791,0.186199,0.132484,0.248924,0.532723,0.33951,0.833468,0.8184,0.804447,0.832882,0.137777,0.122585,0.151289,0.956233,0.953898,0.958628,5.83676,5.97555,4.88611,6.90117,0.100844,0.0901823,0.112634,-0.144433,-0.171738,-0.0770484,0.12318,0.115028,0.128316,-0.159985,-0.18844,-0.0792237,0.121041,0.112199,0.126557,0.485946,0.620818,0.428153,0.649193,1,1.6899,0,2,11.8898,9.34482,15.7916,13.0844,10.1358,18.2987,0.0932747,0.0771699,0.114875,0.520544,0.459205,0.608192,0.754026,0.654055,0.838965,-3.14966,-4.09078,-2.04326,nan,nan,nan,0.100015,0.0945234,0.105835,nan
l0.5_52k/mujoco,"λ = 0.5, 52.8k steps (MuJoCo, RoboCasa joints)",0.9,0.95,288,0,0,0.0131633,0,0,0.0138889,0.0798611,0.0243056,0.00694444,0,0,0.0131633,0,0.0131633,0.00541393,0.0351615,0.0538025,0.116981,0,0.288194,0.130409,0.103562,0.166409,0.300608,0.19397,0.465192,0.104626,0.0754232,0.147433,0.167696,0.112413,0.23654,0.519872,0.32752,0.847584,0.829881,0.815246,0.842819,0.126867,0.111132,0.14101,0.956144,0.953652,0.958471,6.01249,6.06931,5.06696,6.86671,0.103461,0.0914144,0.116655,-0.145513,-0.167455,-0.105152,0.122405,0.114638,0.12801,-0.16433,-0.195489,-0.109592,0.120385,0.112685,0.125277,0.478027,0.601433,0.401559,0.649736,1,1.73264,0,3,12.7639,10.2609,17.3649,13.8455,10.7838,19.488,0.097513,0.0805987,0.117537,0.531713,0.466063,0.629015,0.721496,0.646133,0.845684,-3.30498,-4.43466,-2.14197,nan,nan,nan,0.100873,0.0952936,0.10597,nan
l0.5_52k/mujoco,"λ = 0.5, 52.8k steps (MuJoCo, RoboCasa joints)",1,1.05,264,0,0,0.0143428,0,0,0.030303,0.0757576,0.0227273,0.0340909,0,0,0.0143428,0,0.0143428,0.0154332,0.0586464,0.0495735,0.114111,0.00757576,0.284091,0.124704,0.0994404,0.161681,0.318411,0.174706,0.508726,0.0978051,0.066307,0.134366,0.15517,0.112569,0.21703,0.550177,0.303696,0.884314,0.841412,0.824814,0.854169,0.115622,0.102218,0.13157,0.956783,0.95457,0.958878,6.0541,6.13326,5.15057,7.08484,0.10414,0.0944633,0.11919,-0.147499,-0.177562,-0.104448,0.119826,0.110813,0.125253,-0.160033,-0.202194,-0.107602,0.116576,0.108742,0.122333,0.483563,0.631308,0.421646,0.64454,1,1.94697,0,3,14.6497,10.3961,21.7622,15.7063,11.2508,23.0457,0.105238,0.0871353,0.137408,0.52832,0.467645,0.623871,0.779216,0.672977,0.848488,-3.3731,-4.4477,-2.20938,nan,nan,nan,0.0990511,0.094171,0.104945,nan
l0.5_52k/mujoco,"λ = 0.5, 52.8k steps (MuJoCo, RoboCasa joints)",1.1,1.15,213,0,0,0.0177162,0,0,0.0328638,0.0892019,0.0140845,0.0140845,0,0,0.0177162,0,0.0177162,0.0160085,0.0662709,0.0578492,0.13511,0.00469484,0.286385,0.122579,0.102312,0.157645,0.335187,0.186061,0.563201,0.0945481,0.0698683,0.13747,0.153883,0.113627,0.210063,0.563229,0.317187,0.992229,0.847242,0.833536,0.860496,0.107749,0.0943715,0.123154,0.956475,0.953611,0.958184,6.29593,6.31849,5.38649,7.15346,0.107553,0.0975931,0.125012,-0.14818,-0.173778,-0.110735,0.120929,0.112376,0.127525,-0.166128,-0.200778,-0.118809,0.11766,0.110089,0.124347,0.505538,0.697981,0.427249,0.743349,2,2.31925,1,3,16.145,11.6628,22.6947,17.8163,12.2664,24.3946,0.112781,0.0908737,0.144734,0.555968,0.490873,0.655147,0.789424,0.691946,0.850689,-3.47806,-4.55388,-2.34241,nan,nan,nan,0.0995093,0.0938683,0.104663,nan
l0.5_52k/mujoco,"λ = 0.5, 52.8k steps (MuJoCo, RoboCasa joints)",1.2,1.25,168,0,0,0.0223555,0,0,0.0238095,0.0595238,0.0178571,0.0178571,0,0,0.0223555,0,0.0223555,0.00929697,0.059613,0.0326498,0.106092,0,0.22619,0.127343,0.100553,0.168778,0.32741,0.209638,0.529489,0.0969165,0.0700451,0.135846,0.16348,0.112186,0.247369,0.577408,0.370891,0.901102,0.855574,0.840111,0.868013,0.100793,0.0869122,0.115046,0.956462,0.953929,0.959237,6.31359,6.42053,5.38095,7.44356,0.114336,0.0993671,0.132532,-0.151027,-0.180619,-0.127228,0.119155,0.10789,0.126705,-0.171394,-0.20418,-0.135077,0.116003,0.105237,0.122195,0.576144,0.730619,0.454578,0.868065,2,2.56548,1,3,17.3467,12.1776,25.2193,18.16,13.472,26.0506,0.11778,0.0933256,0.157412,0.573987,0.490378,0.701334,0.817997,0.738443,0.85665,-3.38288,-4.18877,-2.19841,nan,nan,nan,0.0981113,0.0910922,0.105412,nan
l0.5_52k/mujoco,"λ = 0.5, 52.8k steps (MuJoCo, RoboCasa joints)",1.3,1.35,123,0,0,0.0302866,0,0,0.0325203,0.0813008,0.0243902,0,0,0,0.0302866,0,0.0302866,0.0127176,0.0806398,0.0447584,0.143205,0.00813008,0.170732,0.130253,0.098381,0.170615,0.448687,0.279149,0.624149,0.09819,0.0691805,0.134184,0.171259,0.119754,0.237372,0.680944,0.463356,1.0292,0.861812,0.847915,0.873284,0.0944622,0.0837117,0.10879,0.956126,0.953948,0.958127,6.55825,6.56783,5.41475,7.66159,0.115113,0.104915,0.129152,-0.150951,-0.172815,-0.12179,0.121302,0.111778,0.125878,-0.171109,-0.201282,-0.133134,0.116277,0.107429,0.121753,0.580996,0.718927,0.459078,0.858114,2,2.43902,1,3,20.0981,13.7251,30.0183,20.0716,13.955,27.3539,0.134151,0.106651,0.182027,0.576802,0.494972,0.676385,0.823534,0.732492,0.856396,-3.47266,-4.32207,-2.49284,nan,nan,nan,0.0988044,0.0923624,0.107477,nan
l0.5_52k/mujoco,"λ = 0.5, 52.8k steps (MuJoCo, RoboCasa joints)",1.4,1.45,87,0,0,0.042289,0,0,0.0114943,0.0344828,0.0114943,0,0,0,0.042289,0,0.042289,0.00203186,0.0622735,0.0117956,0.0965424,0,0.137931,0.130793,0.107144,0.16915,0.450296,0.290404,0.630014,0.107941,0.077832,0.139125,0.169644,0.125807,0.215399,0.705636,0.496615,1.01138,0.867612,0.853868,0.878763,0.0878302,0.0770837,0.101251,0.95629,0.953549,0.959638,6.64577,6.756,5.88822,7.5212,0.115005,0.10132,0.129825,-0.15011,-0.17353,-0.121111,0.122236,0.112553,0.127354,-0.171454,-0.199588,-0.126713,0.117988,0.108295,0.122757,0.565094,0.685631,0.429227,0.894868,2,2.33333,1,3,21.0701,13.6107,27.7633,21.0427,14.1983,26.3163,0.130829,0.106307,0.170673,0.54264,0.484494,0.654864,0.835887,0.771554,0.855817,-3.88164,-4.84757,-2.79476,nan,nan,nan,0.0997739,0.0952438,0.104202,nan
l0.5_52k/mujoco,"λ = 0.5, 52.8k steps (MuJoCo, RoboCasa joints)",1.5,1.55,51,0,0,0.070049,0,0,0.0196078,0.0196078,0,0,0,0,0.070049,0,0.070049,0.0034696,0.103048,0.0034696,0.103048,0,0.196078,0.140511,0.109776,0.173623,0.401405,0.231354,0.539822,0.113815,0.0820478,0.14818,0.185219,0.144925,0.225513,0.791921,0.469707,0.91643,0.874602,0.863932,0.884475,0.0797955,0.0695616,0.0930711,0.955424,0.951322,0.957539,6.5022,6.76705,5.95052,7.74278,0.118278,0.103249,0.138521,-0.153951,-0.178849,-0.0860825,0.122072,0.114543,0.126586,-0.178001,-0.214294,-0.108467,0.116136,0.111875,0.122327,0.596967,0.748275,0.475093,0.917496,3,3.05882,0.5,4.5,21.104,13.6094,27.6698,25.1053,16.8779,36.1678,0.152251,0.122613,0.186862,0.567622,0.4833,0.709661,0.811217,0.730586,0.85572,-4.43764,-5.22172,-3.21017,nan,nan,nan,0.0966441,0.0925617,0.104686,nan
l0.5_52k/mujoco,"λ = 0.5, 52.8k steps (MuJoCo, RoboCasa joints)",1.6,1.65,33,0,0,0.104273,0,0,0,0,0,0,0,0,0.104273,0,0.104273,0,0.104273,0,0.104273,0,0.212121,0.16692,0.132452,0.188513,0.405485,0.2222,0.628522,0.12349,0.0958303,0.160585,0.204966,0.166813,0.252606,0.674678,0.419288,0.958613,0.880751,0.87097,0.887557,0.0780855,0.0679875,0.0860876,0.957369,0.955326,0.959712,7.07637,6.92006,6.04104,7.69721,0.123775,0.111289,0.14685,-0.16698,-0.187299,-0.0532938,0.116828,0.105179,0.121531,-0.185952,-0.229695,-0.0465367,0.11151,0.100808,0.115484,0.480448,0.618692,0.450711,0.805012,2,3.0303,0,4,28.2301,16.4235,40.9361,32.1901,19.4635,39.9561,0.177088,0.138981,0.20854,0.559163,0.463822,0.68476,0.821102,0.765059,0.857376,-4.52503,-5.74995,-3.38146,nan,nan,nan,0.0958938,0.0887571,0.100984,nan
l0.5_52k/mujoco,"λ = 0.5, 52.8k steps (MuJoCo, RoboCasa joints)",1.7,1.75,21,0,0,0.154644,0,0,0,0,0,0.047619,0.047619,0,0.154644,0,0.154644,0,0.154644,0,0.154644,0,0.333333,0.157913,0.129125,0.209688,0.263726,0.177239,0.605861,0.128494,0.094594,0.168769,0.234654,0.182489,0.267568,0.42975,0.293717,0.826036,0.882505,0.869609,0.895276,0.0779057,0.0617649,0.0898718,0.958644,0.956145,0.960184,7.55286,7.47483,7.04795,7.75764,0.124705,0.111763,0.147439,-0.162797,-0.184874,-0.129962,0.116809,0.102393,0.123706,-0.177489,-0.235149,-0.140971,0.109776,0.101871,0.117123,0.498563,0.595189,0.411414,0.557643,2,3.6,1,5,25.7217,19.6463,39.9317,25.977,19.2638,32.6323,0.15918,0.150149,0.219225,0.55204,0.516242,0.749012,0.830064,0.800708,0.855909,-4.59797,-5.53054,-3.46652,nan,nan,nan,0.0969667,0.0872412,0.103698,nan
l0.5_52k/mujoco,"λ = 0.5, 52.8k steps (MuJoCo, RoboCasa joints)",1.8,1.85,6,0,0,0.390343,0,0,0,0,0,0,0,0,0.390343,0,0.390343,0,0.390343,0,0.390343,0,0.5,0.225465,0.194265,0.252447,0.232119,0.200607,0.277483,0.192982,0.172289,0.215448,0.269764,0.234433,0.296018,0.371397,0.329736,0.432768,0.881803,0.868695,0.893844,0.074341,0.0622245,0.0846303,0.954619,0.95039,0.956792,7.52307,7.51085,6.89776,8.1651,0.135354,0.121918,0.15408,-0.179648,-0.192103,-0.140056,0.121467,0.115807,0.124437,-0.213033,-0.23425,-0.196005,0.109696,0.105531,0.113581,0.513663,0.52077,0.496769,0.52855,4,4.33333,3.25,5.5,21.8522,19.1445,29.3608,21.6801,16.6084,28.6983,0.162062,0.155776,0.184774,0.701008,0.567164,0.817006,0.820313,0.768319,0.835664,-4.60019,-4.95589,-4.43797,nan,nan,nan,0.0966855,0.0906179,0.113845,nan
l0.5_52k/mujoco_isaacphys,"λ = 0.5, 52.8k steps (MuJoCo, training joints)",-0.1,-0.05,24,0,0,0.137981,0,0,0,0,0,0,0,0,0.137981,0,0.137981,0,0.137981,0,0.137981,0,0,0.63043,0.502969,0.668043,0.72495,0.491674,0.865494,0.590727,0.473443,0.634076,0.770701,0.74622,0.790925,0.909446,0.798941,1.16709,0.764719,0.75649,0.774778,0.190906,0.17959,0.196799,0.956527,0.951915,0.957566,5.47442,5.65763,5.14163,6.0652,0.152638,0.14644,0.168064,-0.140176,-0.188145,-0.00712832,0.130233,0.122291,0.131706,-0.155152,-0.193151,-0.0111602,0.127355,0.122365,0.129309,0.946664,0.952195,0.756305,1.08457,1.5,1.58333,0,2,35.9883,26.4914,43.7975,31.1778,27.1107,36.2215,0.345507,0.280973,0.425791,0.567877,0.555154,0.665813,0.787071,0.709318,0.858845,-1.43861,-2.33352,-0.894423,nan,nan,nan,0.100307,0.0958409,0.114488,nan
l0.5_52k/mujoco_isaacphys,"λ = 0.5, 52.8k steps (MuJoCo, training joints)",0,0.05,75,0,0,0.0487255,0,0,0,0,0,0,0,0,0.0487255,0,0.0487255,0,0.0487255,0,0.0487255,0,0,0.594764,0.507688,0.661227,0.535397,0.383334,0.782595,0.576172,0.478148,0.628238,0.714801,0.684041,0.763678,0.853696,0.535859,1.11115,0.77119,0.762393,0.777772,0.182363,0.175355,0.19287,0.954735,0.951273,0.958261,5.40489,5.54118,4.77787,6.20015,0.149041,0.141472,0.163368,-0.114585,-0.140659,-0.0337155,0.126416,0.120368,0.129736,-0.122671,-0.164336,-0.03807,0.123944,0.118157,0.127062,0.912883,0.95047,0.695804,1.1155,1,0.986667,0,2,34.7124,27.1558,49.368,32.5124,26.4482,49.5802,0.382647,0.316553,0.456218,0.528758,0.485577,0.568047,0.810529,0.711395,0.852782,-1.24162,-1.98709,-0.713515,nan,nan,nan,0.101062,0.0957188,0.107147,nan
l0.5_52k/mujoco_isaacphys,"λ = 0.5, 52.8k steps (MuJoCo, training joints)",0.1,0.15,120,0,0,0.0310203,0,0,0,0,0,0.00833333,0,0,0.0310203,0,0.0310203,0,0.0310203,0,0.0310203,0,0.00833333,0.502374,0.427856,0.546333,0.526494,0.359959,0.736395,0.47171,0.401036,0.520609,0.628045,0.583909,0.672676,0.744213,0.524532,1.03437,0.772984,0.761881,0.785629,0.180783,0.167658,0.194615,0.954738,0.951163,0.958442,5.2253,5.61972,4.58039,6.47302,0.14959,0.142165,0.161395,-0.115563,-0.159268,0.0853419,0.126185,0.1219,0.129042,-0.118664,-0.177545,0.0657182,0.12402,0.120017,0.127,0.987594,1.10302,0.677613,1.23734,1,1.5,0,2,33.1328,25.0408,42.1853,30.9417,23.9125,37.8137,0.34597,0.29841,0.418135,0.536431,0.501807,0.596557,0.780361,0.702889,0.849379,-1.81107,-2.47117,-0.988549,nan,nan,nan,0.10215,0.0952211,0.111292,nan
l0.5_52k/mujoco_isaacphys,"λ = 0.5, 52.8k steps (MuJoCo, training joints)",0.2,0.25,165,0,0,0.0227527,0,0,0,0,0,0.0181818,0,0,0.0227527,0,0.0227527,0,0.0227527,0,0.0227527,0,0.0363636,0.428493,0.358412,0.483637,0.436551,0.320534,0.651493,0.39263,0.329032,0.449868,0.54911,0.504336,0.587581,0.639696,0.513191,0.938432,0.778105,0.765584,0.789061,0.175734,0.162394,0.187145,0.954926,0.950411,0.957769,5.18115,5.56234,4.43472,6.4179,0.146756,0.139474,0.161139,-0.109164,-0.167475,0.0989031,0.124452,0.119148,0.129459,-0.107566,-0.171267,0.0835236,0.12335,0.117951,0.127472,0.942704,1.01423,0.739346,1.18689,1,1.12727,0,2,28.3112,21.5508,36.8047,28.0822,21.8364,33.4476,0.318542,0.274588,0.375757,0.526313,0.484982,0.576778,0.793222,0.688974,0.857971,-1.91427,-2.7203,-1.17385,nan,nan,nan,0.102269,0.0946306,0.108938,nan
l0.5_52k/mujoco_isaacphys,"λ = 0.5, 52.8k steps (MuJoCo, training joints)",0.3,0.35,201,0,0,0.018754,0,0,0,0,0,0.0298507,0,0,0.018754,0,0.018754,0,0.018754,0,0.018754,0,0.109453,0.353037,0.301784,0.4121,0.402957,0.289966,0.550567,0.324372,0.265323,0.379094,0.468565,0.423573,0.513589,0.614517,0.423427,0.8968,0.780017,0.767921,0.794157,0.172693,0.157213,0.185805,0.954776,0.950643,0.957989,5.59734,5.82418,4.75451,6.80514,0.146009,0.135606,0.161671,-0.100476,-0.15361,0.103917,0.125086,0.119168,0.129365,-0.105736,-0.163177,0.0886951,0.123303,0.116988,0.127369,0.910844,0.957355,0.71303,1.14925,1,1.06965,0,1,25.5101,20.1933,32.2463,25.6282,20.4505,33.3234,0.304466,0.256937,0.355977,0.52847,0.489863,0.566698,0.797392,0.702395,0.855934,-2.24716,-2.98915,-1.52344,nan,nan,nan,0.10232,0.0946133,0.108847,nan
l0.5_52k/mujoco_isaacphys,"λ = 0.5, 52.8k steps (MuJoCo, training joints)",0.4,0.45,237,0,0,0.0159507,0,0,0,0,0.00843882,0.0168776,0,0,0.0159507,0,0.0159507,0,0.0159507,0,0.0159507,0,0.172996,0.298364,0.250223,0.355457,0.378282,0.246094,0.55395,0.261904,0.209669,0.314024,0.395977,0.348642,0.440581,0.571345,0.384361,0.850322,0.78494,0.771777,0.796843,0.167806,0.153394,0.181377,0.953854,0.950331,0.95735,5.68344,5.86037,4.84361,6.61552,0.146066,0.135996,0.15841,-0.117616,-0.162917,0.0915146,0.122975,0.11709,0.128343,-0.114543,-0.169988,0.0764513,0.12174,0.116491,0.126282,0.974847,1.01902,0.745788,1.14825,1,1.24051,0,2,23.8284,18.1971,31.8737,26.0547,18.8606,32.3103,0.29365,0.241714,0.34805,0.532075,0.493153,0.596909,0.808487,0.712067,0.859057,-2.33362,-2.97464,-1.58688,nan,nan,nan,0.102018,0.0951459,0.109741,nan
l0.5_52k/mujoco_isaacphys,"λ = 0.5, 52.8k steps (MuJoCo, training joints)",0.5,0.55,255,0,0,0.0148415,0,0,0,0,0.00784314,0.0235294,0,0,0.0148415,0,0.0148415,0,0.0148415,0,0.0148415,0,0.258824,0.241099,0.200564,0.288482,0.309803,0.21189,0.491659,0.199054,0.160229,0.254756,0.318574,0.275521,0.369837,0.496612,0.347386,0.760927,0.792296,0.777007,0.804091,0.163403,0.151514,0.176618,0.954432,0.951389,0.957825,5.67242,5.89067,4.79096,6.86517,0.144177,0.135053,0.15818,-0.115409,-0.160413,0.00777805,0.123493,0.11615,0.128628,-0.117776,-0.174146,0.00910492,0.121783,0.114197,0.126976,0.918757,0.978731,0.660246,1.15926,1,1.40784,0,2,21.9172,16.9988,27.6236,24.6046,19.2074,32.6578,0.266889,0.230057,0.347176,0.543464,0.489718,0.613118,0.812424,0.706587,0.858329,-2.48704,-3.32058,-1.72049,nan,nan,nan,0.102614,0.0946296,0.110974,nan
l0.5_52k/mujoco_isaacphys,"λ = 0.5, 52.8k steps (MuJoCo, training joints)",0.6,0.65,267,0,0,0.0141839,0,0,0,0.00374532,0.0299625,0.0224719,0,0,0.0141839,0,0.0141839,0,0.0141839,0.00066143,0.0209069,0,0.393258,0.193311,0.159234,0.242244,0.274107,0.169297,0.424215,0.154955,0.114167,0.200181,0.253721,0.202226,0.309828,0.428134,0.285015,0.674985,0.797932,0.78567,0.81157,0.157344,0.140653,0.168667,0.95426,0.950813,0.957315,5.91742,5.99435,4.94792,6.91992,0.146279,0.135368,0.158135,-0.13052,-0.171988,0.0882745,0.123545,0.116444,0.128255,-0.130791,-0.177727,0.0669696,0.120709,0.115512,0.125777,0.999534,1.04818,0.770164,1.21739,1,1.45693,0,2,19.9466,15.8254,25.8915,22.5783,17.9379,28.2554,0.258715,0.208958,0.309916,0.535502,0.490607,0.606092,0.810622,0.704736,0.859482,-2.73044,-3.64081,-1.88473,nan,nan,nan,0.102441,0.0960938,0.110277,nan
l0.5_52k/mujoco_isaacphys,"λ = 0.5, 52.8k steps (MuJoCo, training joints)",0.7,0.75,282,0,0,0.0134396,0,0,0.0177305,0.0567376,0.0390071,0.0319149,0,0,0.0134396,0,0.0134396,0.00759648,0.0408275,0.035222,0.0901677,0,0.460993,0.158016,0.123741,0.201044,0.244698,0.142388,0.405764,0.106812,0.0739559,0.159687,0.192878,0.144031,0.264283,0.382724,0.232869,0.640064,0.806378,0.794175,0.823,0.145876,0.130912,0.160127,0.954836,0.950472,0.957737,6.15915,6.22888,5.26191,7.08344,0.146127,0.134312,0.163249,-0.130312,-0.172976,0.0853243,0.122017,0.116139,0.127714,-0.133746,-0.186798,0.0598917,0.120297,0.114199,0.125348,0.999742,1.08863,0.791103,1.23442,1,1.62057,0,2,18.6283,14.4218,24.5303,20.346,15.9807,28.1171,0.2341,0.191227,0.296849,0.538702,0.484361,0.609981,0.798847,0.70374,0.861075,-2.98562,-3.85494,-2.08572,nan,nan,nan,0.102115,0.094627,0.111851,nan
l0.5_52k/mujoco_isaacphys,"λ = 0.5, 52.8k steps (MuJoCo, training joints)",0.8,0.85,288,0,0,0.0131633,0,0,0.0486111,0.152778,0.0486111,0.0347222,0,0,0.0131633,0,0.0131633,0.0291741,0.0799317,0.115819,0.198878,0,0.506944,0.133681,0.109155,0.166349,0.211261,0.128573,0.359534,0.0732944,0.050096,0.113792,0.149504,0.109694,0.213365,0.343689,0.206245,0.588253,0.816793,0.804652,0.833392,0.135266,0.120147,0.150082,0.95453,0.950951,0.95736,6.25,6.31931,5.24748,7.22745,0.146923,0.135391,0.162052,-0.139044,-0.174509,-0.0760172,0.12377,0.11636,0.128481,-0.145342,-0.189991,-0.073237,0.120813,0.113786,0.125904,0.993816,1.06418,0.757056,1.22789,1,1.77431,0,3,18.1811,13.8998,23.6763,19.6963,15.5762,26.1969,0.23055,0.192259,0.279049,0.54994,0.498766,0.626503,0.809561,0.717913,0.863386,-3.16944,-4.14266,-2.06425,nan,nan,nan,0.101515,0.0944665,0.111263,nan
l0.5_52k/mujoco_isaacphys,"λ = 0.5, 52.8k steps (MuJoCo, training joints)",0.9,0.95,288,0,0,0.0131633,0,0,0.100694,0.236111,0.0486111,0.0381944,0,0,0.0131633,0,0.0131633,0.0710274,0.140874,0.190736,0.288434,0,0.527778,0.122051,0.102256,0.148449,0.211796,0.131597,0.340381,0.0594249,0.0352546,0.0902953,0.129021,0.0947494,0.181746,0.335281,0.212968,0.517122,0.830028,0.815764,0.846636,0.123893,0.109346,0.138303,0.955096,0.95141,0.957628,6.4535,6.4879,5.42236,7.21938,0.153902,0.140965,0.171174,-0.130654,-0.17563,-0.0607291,0.121944,0.114252,0.127409,-0.132032,-0.184567,-0.0576979,0.119107,0.112192,0.124246,1.06523,1.17274,0.781439,1.27944,1,1.97917,0,3,18.4357,14.3802,26.5428,19.9881,15.1558,26.8159,0.234776,0.186372,0.296326,0.536955,0.488889,0.637687,0.836727,0.745177,0.866326,-3.32708,-4.47825,-2.24673,nan,nan,nan,0.102305,0.0946254,0.112959,nan
l0.5_52k/mujoco_isaacphys,"λ = 0.5, 52.8k steps (MuJoCo, training joints)",1,1.05,264,0.00757576,0.00207997,0.027197,0,0,0.0909091,0.284091,0.0871212,0.0719697,0,0,0.0143428,0,0.0143428,0.0618512,0.131702,0.233089,0.341286,0.0113636,0.545455,0.114142,0.0963534,0.140803,0.199255,0.128021,0.358196,0.051559,0.0319571,0.0834558,0.116612,0.0901377,0.178341,0.309071,0.198936,0.533595,0.839539,0.823724,0.853321,0.114709,0.0999249,0.131632,0.954816,0.952429,0.957658,6.57956,6.55156,5.5752,7.4898,0.153516,0.140831,0.17349,-0.138124,-0.1768,-0.0753288,0.122556,0.114571,0.127462,-0.145156,-0.192693,-0.073263,0.119261,0.111013,0.124324,1.04386,1.15984,0.838017,1.25168,1,2.10985,0,3,18.9561,14.9147,26.2021,20.9413,15.7611,29.5858,0.237191,0.197009,0.310099,0.547144,0.497498,0.638614,0.830343,0.715528,0.864989,-3.53058,-4.54305,-2.59131,1.49,1.445,1.535,0.10148,0.0927601,0.11146,0.0756804
l0.5_52k/mujoco_isaacphys,"λ = 0.5, 52.8k steps (MuJoCo, training joints)",1.1,1.15,213,0.00469484,0.000829214,0.0261103,0,0,0.140845,0.29108,0.0892019,0.0892019,0,0,0.0177162,0,0.0177162,0.100472,0.193944,0.234205,0.355357,0.0234742,0.539906,0.113684,0.0956321,0.135925,0.209028,0.123532,0.338203,0.0474979,0.0307184,0.0743697,0.118727,0.0865607,0.16159,0.308333,0.200847,0.50044,0.847929,0.832423,0.863244,0.104794,0.0892495,0.121438,0.9549,0.950005,0.957885,6.77509,6.75453,5.81518,7.71936,0.161708,0.146921,0.181723,-0.149248,-0.176872,-0.0970755,0.120654,0.113834,0.126113,-0.151741,-0.196431,-0.0989658,0.117288,0.109273,0.123456,1.05234,1.25049,0.860086,1.29721,2,2.68075,1,4,20.0698,14.7663,27.0001,22.1922,16.7817,30.5011,0.238193,0.206721,0.297287,0.563909,0.49324,0.659483,0.851401,0.754904,0.874742,-3.83275,-4.75595,-2.73076,1.54,1.54,1.54,0.102531,0.0955533,0.113487,0.0771819
l0.5_52k/mujoco_isaacphys,"λ = 0.5, 52.8k steps (MuJoCo, training joints)",1.2,1.25,168,0.0178571,0.00609121,0.0511801,0,0,0.178571,0.244048,0.130952,0.0654762,0,0,0.0223555,0,0.0223555,0.128044,0.24347,0.185294,0.314245,0.0357143,0.583333,0.116373,0.0951584,0.136529,0.209012,0.147035,0.326312,0.0529818,0.0323698,0.0844421,0.115158,0.0929,0.16279,0.305526,0.218837,0.449257,0.854388,0.840419,0.871331,0.102008,0.0823768,0.11505,0.955553,0.952256,0.958773,6.76717,6.80896,5.98161,7.53728,0.16367,0.14877,0.181437,-0.15387,-0.178127,-0.10861,0.121782,0.113906,0.126946,-0.162417,-0.196823,-0.109496,0.117178,0.109134,0.122825,1.01092,1.15049,0.76783,1.30715,2,2.53571,1,3,20.532,14.5645,24.632,21.7889,17.1767,30.5848,0.233949,0.198619,0.292227,0.558913,0.493729,0.654722,0.852938,0.76549,0.875729,-3.65679,-4.6253,-2.66656,1.48,1.47,1.54,0.102383,0.0943322,0.115892,0.0835219
l0.5_52k/mujoco_isaacphys,"λ = 0.5, 52.8k steps (MuJoCo, training joints)",1.3,1.35,123,0.00813008,0.00143657,0.0446177,0,0,0.130081,0.276423,0.0650407,0.0406504,0,0,0.0302866,0,0.0302866,0.0816799,0.20089,0.205069,0.36132,0.0162602,0.430894,0.117501,0.0950308,0.145812,0.286271,0.17704,0.433736,0.0516399,0.0320626,0.0844227,0.122335,0.0902193,0.173226,0.401339,0.276319,0.658134,0.859832,0.845911,0.871748,0.0963395,0.0819324,0.109346,0.954585,0.951048,0.957747,7.06664,7.00474,5.91489,7.98102,0.171097,0.153999,0.188496,-0.141791,-0.176212,-0.0950005,0.120032,0.114091,0.124806,-0.148745,-0.202784,-0.0986799,0.116172,0.108701,0.122691,1.05285,1.16392,0.799342,1.29812,2,2.47154,1,3,21.5984,17.8143,28.4417,23.3096,17.3886,31.1368,0.251041,0.211198,0.305127,0.56493,0.504626,0.637198,0.850409,0.776277,0.877356,-3.81027,-4.93457,-3.07544,1.8,1.8,1.8,0.103458,0.0965645,0.113811,0.0740981
l0.5_52k/mujoco_isaacphys,"λ = 0.5, 52.8k steps (MuJoCo, training joints)",1.4,1.45,87,0.0229885,0.00632695,0.0799947,0,0,0.103448,0.241379,0.0574713,0.045977,0,0,0.042289,0,0.042289,0.0553845,0.185052,0.16364,0.340992,0.0229885,0.356322,0.114211,0.0979592,0.144248,0.264355,0.179833,0.412941,0.0517499,0.034405,0.0813787,0.122689,0.0974184,0.171094,0.402505,0.295305,0.564883,0.865038,0.849408,0.872781,0.0892066,0.0787517,0.10471,0.954885,0.950486,0.958248,7.19343,7.19153,6.20531,8.04621,0.171922,0.153595,0.192404,-0.151333,-0.178857,-0.105537,0.122149,0.117646,0.127172,-0.15577,-0.203461,-0.107276,0.118293,0.111202,0.122102,1.02786,1.1305,0.78399,1.24054,2,2.74713,1,4,22.0404,16.8111,28.26,23.2609,17.8306,29.7172,0.237111,0.203681,0.302142,0.561638,0.494185,0.667282,0.836722,0.780803,0.862752,-4.32587,-4.93257,-3.17362,2.24,2.03,2.45,0.104792,0.094704,0.113585,0.0654404
l0.5_52k/mujoco_isaacphys,"λ = 0.5, 52.8k steps (MuJoCo, training joints)",1.5,1.55,51,0.0588235,0.0202063,0.159249,0,0,0.117647,0.254902,0.0588235,0.0588235,0,0,0.070049,0,0.070049,0.05505,0.233811,0.155456,0.388685,0.0588235,0.352941,0.12701,0.0969158,0.151516,0.264876,0.17637,0.35288,0.0688554,0.039708,0.104793,0.137753,0.0964876,0.181371,0.386736,0.285744,0.533334,0.863422,0.856599,0.882753,0.0854112,0.0674454,0.0975782,0.953991,0.951688,0.957336,7.55751,7.46183,6.56391,8.2301,0.175913,0.15975,0.198983,-0.156167,-0.199571,-0.0834508,0.119839,0.112673,0.12606,-0.166546,-0.225803,-0.0825837,0.114334,0.106622,0.119092,1.09574,1.25169,0.845993,1.30658,1,2.90196,1,4,23.8521,20.4235,31.2,25.6907,20.597,35.3851,0.265476,0.227217,0.317271,0.563699,0.512949,0.633741,0.855212,0.804096,0.884586,-4.57611,-5.46744,-3.7114,1.74,1.72,2.16,0.110001,0.0969748,0.116685,0.064502
l0.5_52k/mujoco_isaacphys,"λ = 0.5, 52.8k steps (MuJoCo, training joints)",1.6,1.65,33,0.030303,0.00536927,0.153191,0,0,0.0606061,0.212121,0.0606061,0.030303,0,0,0.104273,0,0.104273,0.0167805,0.196066,0.106759,0.37752,0.030303,0.424242,0.140297,0.104016,0.168968,0.264468,0.166584,0.418778,0.0837788,0.0524776,0.109489,0.16151,0.104128,0.196334,0.402648,0.240327,0.539592,0.873144,0.864821,0.883574,0.0826746,0.0721866,0.0898574,0.95636,0.9549,0.958738,7.17312,7.33601,6.48149,7.99559,0.177945,0.167053,0.20737,-0.153136,-0.177403,-0.121477,0.117093,0.113846,0.123821,-0.174882,-0.20304,-0.131868,0.11227,0.104844,0.117271,1.02861,1.24428,0.808003,1.31051,2,2.69697,1,4,25.1439,20.8899,32.268,29.3958,23.6699,38.8941,0.279945,0.230704,0.359841,0.624598,0.559113,0.684352,0.832733,0.744388,0.877247,-4.85062,-5.77113,-4.0377,2.08,2.08,2.08,0.102354,0.0947167,0.113306,0.0484592
l0.5_52k/mujoco_isaacphys,"λ = 0.5, 52.8k steps (MuJoCo, training joints)",1.7,1.75,21,0,0,0.154644,0,0,0,0.047619,0,0,0,0,0.154644,0,0.154644,0,0.154644,0.00845577,0.226698,0,0.666667,0.145699,0.115582,0.178174,0.194244,0.162938,0.444947,0.102177,0.0783506,0.13085,0.171122,0.145482,0.222441,0.29385,0.252645,0.547017,0.888711,0.866109,0.892807,0.068301,0.0631891,0.0867144,0.956117,0.953491,0.95722,7.20098,7.45823,6.76188,8.28991,0.203353,0.184679,0.220225,-0.16164,-0.184636,-0.132077,0.117625,0.103451,0.122403,-0.181522,-0.207383,-0.159008,0.107761,0.0963625,0.116028,1.09567,1.25394,0.778736,1.31092,2,2.61905,1,4,33.0138,28.0699,35.1157,32.3176,23.1678,35.8346,0.320635,0.242353,0.3659,0.593708,0.511634,0.66655,0.828691,0.760987,0.860021,-4.73,-5.70971,-3.85194,nan,nan,nan,0.101755,0.0952642,0.119503,nan
l0.5_52k/mujoco_isaacphys,"λ = 0.5, 52.8k steps (MuJoCo, training joints)",1.8,1.85,6,0,0,0.390343,0,0,0,0,0,0,0,0,0.390343,0,0.390343,0,0.390343,0,0.390343,0,0.666667,0.199458,0.183758,0.203363,0.225768,0.212783,0.258682,0.146445,0.123343,0.164275,0.205762,0.190215,0.219499,0.332341,0.282285,0.433818,0.87238,0.862509,0.886814,0.0840511,0.0690207,0.094774,0.956431,0.955265,0.957463,7.73714,7.71391,7.37618,8.14203,0.222093,0.214772,0.232841,-0.174494,-0.18887,-0.153515,0.104967,0.0893724,0.111479,-0.194976,-0.2249,-0.142455,0.0913627,0.076192,0.110306,0.942651,0.94286,0.903731,1.11163,4,3.5,3.25,4,40.6233,35.7275,44.5031,38.0027,31.4255,44.3203,0.398124,0.368691,0.426862,0.758245,0.609502,0.823197,0.818531,0.772392,0.84646,-5.384,-5.4479,-5.08164,nan,nan,nan,0.106659,0.0962444,0.112159,nan
l0.5_52k/mujoco_isaacphys_trueodom,"λ = 0.5, 52.8k steps, true odometry (MuJoCo, training joints)",-0.1,-0.05,24,0,0,0.137981,0,0,0,0,0,0,0,0,0.137981,0,0.137981,0,0.137981,0,0.137981,0,0,0.618131,0.499472,0.660707,0.707043,0.56869,0.877346,0.58924,0.4625,0.63422,0.773983,0.750722,0.795076,1.03311,0.808146,1.1716,0.764055,0.756325,0.771142,0.190555,0.184056,0.195635,0.956527,0.951915,0.957566,5.47747,5.64493,5.09375,6.13285,0.155766,0.148798,0.167423,-0.150707,-0.20305,-0.115905,0.12832,0.124407,0.13084,-0.162031,-0.216349,-0.121047,0.125068,0.121465,0.126965,0.898707,0.924115,0.80201,1.12755,2,1.79167,1,3,30.5909,24.6065,40.675,33.0917,26.4697,42.4044,0.32663,0.28074,0.398163,0.584893,0.524231,0.683588,0.749357,0.694547,0.861871,-1.49959,-2.03036,-0.608146,nan,nan,nan,3.75254e-14,2.62886e-14,5.48684e-14,nan
l0.5_52k/mujoco_isaacphys_trueodom,"λ = 0.5, 52.8k steps, true odometry (MuJoCo, training joints)",0,0.05,75,0,0,0.0487255,0,0,0,0,0,0.0133333,0,0,0.0487255,0,0.0487255,0,0.0487255,0,0.0487255,0,0,0.58796,0.498207,0.670739,0.617771,0.42284,0.816178,0.568187,0.471483,0.631088,0.720675,0.680125,0.763441,0.862531,0.598361,1.12101,0.77027,0.761303,0.776816,0.183428,0.176778,0.193785,0.954735,0.951273,0.958261,5.41997,5.51403,4.75095,6.28684,0.153159,0.143021,0.164139,-0.115273,-0.144346,0.0283811,0.125906,0.120889,0.129492,-0.1237,-0.157782,0.0234806,0.122861,0.119687,0.126567,0.916552,0.927647,0.692541,1.1155,1,0.973333,0,2,35.4725,27.8637,47.6519,33.3194,26.5007,44.8556,0.357222,0.310127,0.473232,0.535267,0.491263,0.559798,0.82195,0.722414,0.855708,-0.918367,-1.6701,-0.374587,nan,nan,nan,4.46158e-14,2.28086e-14,6.53344e-14,nan
l0.5_52k/mujoco_isaacphys_trueodom,"λ = 0.5, 52.8k steps, true odometry (MuJoCo, training joints)",0.1,0.15,120,0,0,0.0310203,0,0,0,0,0,0.0333333,0,0,0.0310203,0,0.0310203,0,0.0310203,0,0.0310203,0,0.00833333,0.495623,0.419953,0.560505,0.597559,0.426457,0.757725,0.473373,0.400823,0.527658,0.625793,0.581616,0.672532,0.769653,0.57576,1.01525,0.771606,0.761342,0.784813,0.18327,0.168,0.196001,0.954738,0.951163,0.958442,5.29801,5.63961,4.76349,6.35458,0.151371,0.14225,0.164146,-0.117303,-0.159041,0.0824398,0.125593,0.121064,0.129682,-0.117154,-0.177616,0.0651789,0.123536,0.118701,0.127554,0.951202,1.03168,0.674754,1.23039,1,1.425,0,2,34.5451,27.3004,43.6565,33.2001,24.5569,43.0215,0.370151,0.305731,0.447203,0.540997,0.503432,0.614277,0.788109,0.704738,0.852979,-1.63806,-2.22579,-0.885077,nan,nan,nan,3.78323e-14,1.96544e-14,5.72985e-14,nan
l0.5_52k/mujoco_isaacphys_trueodom,"λ = 0.5, 52.8k steps, true odometry (MuJoCo, training joints)",0.2,0.25,165,0,0,0.0227527,0,0,0,0,0,0.0606061,0,0,0.0227527,0,0.0227527,0,0.0227527,0,0.0227527,0,0.0121212,0.418724,0.345767,0.476402,0.490836,0.364676,0.736464,0.392326,0.328755,0.446085,0.544644,0.505364,0.585417,0.685219,0.552416,1.01914,0.775433,0.763034,0.786462,0.178713,0.164973,0.189207,0.954926,0.950411,0.957769,5.29092,5.59983,4.59284,6.47239,0.149069,0.140346,0.16023,-0.106802,-0.165517,0.0999895,0.125573,0.118658,0.129693,-0.102934,-0.172606,0.0841957,0.12351,0.117779,0.127167,0.941577,0.99086,0.73863,1.18689,0,1.07273,0,2,28.6477,23.5308,38.1424,28.9883,22.857,35.3593,0.331072,0.282191,0.399675,0.527835,0.496218,0.581079,0.789579,0.694875,0.85483,-1.82322,-2.57955,-1.02549,nan,nan,nan,3.08323e-14,1.28416e-14,5.46961e-14,nan
l0.5_52k/mujoco_isaacphys_trueodom,"λ = 0.5, 52.8k steps, true odometry (MuJoCo, training joints)",0.3,0.35,201,0,0,0.018754,0,0,0,0,0.00995025,0.0746269,0,0,0.018754,0,0.018754,0,0.018754,0,0.018754,0,0.0646766,0.340856,0.279921,0.403691,0.446666,0.327034,0.636986,0.317417,0.256819,0.375714,0.462092,0.416984,0.508759,0.661676,0.490472,0.965555,0.776555,0.765196,0.789791,0.176699,0.163988,0.188538,0.954776,0.950643,0.957989,5.54437,5.82617,4.72784,6.85904,0.147543,0.13701,0.160919,-0.0925923,-0.14956,0.105991,0.125144,0.118372,0.12967,-0.0970689,-0.161091,0.0898429,0.123679,0.117053,0.127747,0.922968,0.986106,0.704332,1.16719,0,1.06468,0,1,26.0719,21.0288,36.3362,27.101,21.023,35.7683,0.309223,0.267745,0.378845,0.524046,0.487392,0.571781,0.790578,0.69366,0.853857,-2.05642,-2.79744,-1.37468,nan,nan,nan,3.5074e-14,1.8343e-14,5.95488e-14,nan
l0.5_52k/mujoco_isaacphys_trueodom,"λ = 0.5, 52.8k steps, true odometry (MuJoCo, training joints)",0.4,0.45,237,0,0,0.0159507,0,0,0,0,0.0337553,0.0801688,0,0,0.0159507,0,0.0159507,0,0.0159507,0,0.0159507,0,0.135021,0.283313,0.222403,0.341195,0.415841,0.282527,0.606776,0.251889,0.199484,0.311146,0.383873,0.34189,0.430534,0.638851,0.42901,0.896535,0.779915,0.76833,0.792596,0.171502,0.158759,0.186855,0.953854,0.950331,0.95735,5.70864,5.88555,4.84975,6.67648,0.146837,0.13708,0.15735,-0.120658,-0.16462,0.0892141,0.122887,0.116418,0.128529,-0.117064,-0.17315,0.0648721,0.121496,0.116384,0.126675,0.955878,1.01663,0.722509,1.14128,1,1.40506,0,2,25.4348,18.868,33.5515,25.3828,19.7481,33.1301,0.300687,0.248316,0.367815,0.533656,0.492102,0.598857,0.803736,0.715622,0.858645,-2.15171,-2.77008,-1.37406,nan,nan,nan,2.77237e-14,1.55484e-14,4.80772e-14,nan
l0.5_52k/mujoco_isaacphys_trueodom,"λ = 0.5, 52.8k steps, true odometry (MuJoCo, training joints)",0.5,0.55,255,0,0,0.0148415,0,0,0,0.00392157,0.0705882,0.0823529,0,0,0.0148415,0,0.0148415,0,0.0148415,0.000692571,0.0218757,0,0.188235,0.221564,0.171401,0.27408,0.370255,0.240685,0.551481,0.192179,0.147421,0.246705,0.311144,0.266839,0.361846,0.561232,0.388113,0.793561,0.787741,0.772305,0.797678,0.167677,0.156318,0.182304,0.954432,0.951389,0.957825,5.69199,5.87225,4.77687,6.77949,0.146769,0.136238,0.158471,-0.109891,-0.158254,0.080954,0.123958,0.116923,0.129289,-0.110332,-0.171953,0.0588421,0.122196,0.115631,0.127202,0.915031,0.982878,0.658468,1.17173,1,1.41569,0,2,22.8767,17.7407,29.9793,24.656,18.9969,31.7691,0.290095,0.241242,0.330336,0.541129,0.497959,0.608911,0.80688,0.709967,0.857606,-2.31633,-3.14002,-1.61212,nan,nan,nan,2.92753e-14,1.18253e-14,4.71609e-14,nan
l0.5_52k/mujoco_isaacphys_trueodom,"λ = 0.5, 52.8k steps, true odometry (MuJoCo, training joints)",0.6,0.65,267,0,0,0.0141839,0,0,0,0.00749064,0.108614,0.101124,0,0,0.0141839,0,0.0141839,0,0.0141839,0.00205657,0.0268961,0,0.303371,0.172031,0.125621,0.217185,0.325247,0.199769,0.486827,0.146554,0.102414,0.188225,0.247846,0.192208,0.3045,0.478318,0.315312,0.759829,0.791262,0.779191,0.805524,0.162185,0.147104,0.173771,0.95426,0.950813,0.957315,5.88843,5.9293,4.86342,6.85499,0.146151,0.13545,0.158588,-0.126528,-0.166971,0.0894676,0.122439,0.115867,0.128284,-0.124554,-0.171123,0.0686057,0.120535,0.114904,0.126758,0.968589,1.06351,0.780158,1.21747,1,1.34831,0,2,21.3162,16.1069,26.532,22.8236,17.1785,29.5761,0.266805,0.229073,0.318337,0.534952,0.489136,0.601472,0.820725,0.715657,0.860912,-2.56555,-3.41856,-1.67766,nan,nan,nan,2.81239e-14,1.34787e-14,5.24877e-14,nan
l0.5_52k/mujoco_isaacphys_trueodom,"λ = 0.5, 52.8k steps, true odometry (MuJoCo, training joints)",0.7,0.75,282,0.0035461,0.000626232,0.0198103,0,0,0.0390071,0.0921986,0.163121,0.131206,0,0,0.0134396,0,0.0134396,0.021918,0.0684873,0.0636954,0.131663,0.0035461,0.400709,0.125245,0.0876912,0.169779,0.282926,0.175849,0.453956,0.101567,0.0646914,0.149869,0.17993,0.131271,0.251833,0.434647,0.267599,0.693553,0.799375,0.786152,0.814891,0.154002,0.137941,0.168765,0.954836,0.950472,0.957737,6.13328,6.17286,5.18056,7.09594,0.145159,0.13425,0.159749,-0.129788,-0.170237,0.0686607,0.121942,0.116248,0.126954,-0.133883,-0.182572,0.0423156,0.120369,0.114233,0.125166,0.979621,1.08091,0.773465,1.22841,1,1.52482,0,2,18.6214,14.688,24.7947,20.304,15.3571,27.3805,0.238507,0.198615,0.287445,0.537509,0.490403,0.606484,0.792487,0.70215,0.862777,-2.81722,-3.60463,-1.8718,3.16,3.16,3.16,2.85342e-14,1.32546e-14,5.05904e-14,0.0290584
l0.5_52k/mujoco_isaacphys_trueodom,"λ = 0.5, 52.8k steps, true odometry (MuJoCo, training joints)",0.8,0.85,288,0.0243056,0.0118223,0.0493122,0,0,0.190972,0.267361,0.284722,0.145833,0,0,0.0131633,0,0.0131633,0.14976,0.24032,0.219553,0.321294,0.0659722,0.465278,0.0868109,0.0573529,0.12796,0.246354,0.15276,0.385622,0.0644658,0.0347341,0.106775,0.13768,0.0807091,0.198065,0.38618,0.24462,0.625545,0.807977,0.795115,0.825206,0.145862,0.128081,0.158797,0.95453,0.950951,0.95736,6.1234,6.25686,5.28252,7.10015,0.146682,0.134194,0.160249,-0.134737,-0.175391,-0.0733997,0.123349,0.116227,0.128362,-0.142083,-0.191852,-0.0688947,0.120686,0.113944,0.125817,0.965004,1.04406,0.727809,1.18862,1,1.6875,0,3,16.953,13.4307,22.4777,19.0443,14.2456,24.9255,0.230391,0.190699,0.269319,0.545241,0.489864,0.631876,0.814275,0.714678,0.860982,-2.95248,-3.90411,-2.06759,2.28,1.77,2.71,3.02416e-14,1.40493e-14,5.0698e-14,0.032113
l0.5_52k/mujoco_isaacphys_trueodom,"λ = 0.5, 52.8k steps, true odometry (MuJoCo, training joints)",0.9,0.95,288,0.0833333,0.0566371,0.120999,0,0,0.256944,0.375,0.378472,0.21875,0,0,0.0131633,0,0.0131633,0.20991,0.310378,0.321077,0.432214,0.114583,0.517361,0.0704178,0.0421622,0.103392,0.212869,0.13214,0.359303,0.0435277,0.0243979,0.0799982,0.104865,0.0642834,0.164794,0.337162,0.201296,0.566986,0.82071,0.807731,0.837087,0.133719,0.117832,0.146925,0.955096,0.95141,0.957628,6.21518,6.39025,5.35643,7.25325,0.15062,0.138393,0.166947,-0.128972,-0.17594,-0.0607496,0.12197,0.115452,0.12809,-0.131626,-0.184072,-0.0658533,0.119639,0.112878,0.125588,1.03754,1.15165,0.77457,1.23301,1,1.86111,0,3,17.0214,12.7484,22.2236,18.3199,13.5105,24.0183,0.219516,0.182277,0.272581,0.52818,0.483997,0.613397,0.838485,0.735545,0.865983,-3.10667,-4.17084,-2.04304,2.43,1.885,3.13,3.52814e-14,1.66059e-14,5.79261e-14,0.0245086
l0.5_52k/mujoco_isaacphys_trueodom,"λ = 0.5, 52.8k steps, true odometry (MuJoCo, training joints)",1,1.05,264,0.117424,0.0839687,0.161854,0,0.0113636,0.352273,0.454545,0.435606,0.268939,0,0,0.0143428,0.00387198,0.0328721,0.297145,0.411638,0.395561,0.514834,0.193182,0.534091,0.0595102,0.034042,0.101875,0.201462,0.122039,0.347401,0.0352152,0.018174,0.0735394,0.0896319,0.0551381,0.161911,0.324121,0.196252,0.529175,0.830445,0.815997,0.846028,0.123132,0.109975,0.140064,0.954816,0.952429,0.957658,6.48845,6.45961,5.46749,7.33671,0.151359,0.138515,0.168108,-0.1291,-0.171249,0.0811249,0.12202,0.114446,0.128213,-0.135838,-0.188806,0.0525354,0.118599,0.112008,0.124697,0.983143,1.09507,0.794995,1.22109,1,1.89773,0,3,17.1519,12.4708,23.8989,18.1659,13.228,25.894,0.227617,0.187422,0.279714,0.544434,0.489302,0.62779,0.833203,0.721272,0.864569,-3.29614,-4.35949,-2.17698,2.2,1.77,2.53,3.36015e-14,1.69824e-14,6.01773e-14,0.0265826
l0.5_52k/mujoco_isaacphys_trueodom,"λ = 0.5, 52.8k steps, true odometry (MuJoCo, training joints)",1.1,1.15,213,0.187793,0.141048,0.245601,0,0.00938967,0.384977,0.511737,0.469484,0.319249,0,0,0.0177162,0.00257872,0.0335841,0.322216,0.451812,0.444996,0.578062,0.253521,0.58216,0.052312,0.0305721,0.090182,0.180349,0.112568,0.302411,0.0328864,0.0158669,0.0664003,0.0891661,0.0497905,0.142725,0.293161,0.18735,0.468921,0.838617,0.82453,0.853834,0.114257,0.0984268,0.127278,0.9549,0.950005,0.957885,6.56318,6.61153,5.67827,7.45394,0.158037,0.144549,0.17907,-0.145938,-0.175782,-0.0816782,0.121827,0.113229,0.127366,-0.144328,-0.195117,-0.081159,0.117405,0.111264,0.123685,1.04293,1.18731,0.825615,1.29501,2,2.37559,0,4,16.7783,12.268,24.2459,19.9898,14.2757,26.4913,0.225444,0.186375,0.279706,0.553043,0.492026,0.651021,0.845118,0.751653,0.872786,-3.50913,-4.54555,-2.45391,2.67,1.915,3.27,3.32794e-14,1.50283e-14,6.57588e-14,0.0244876
l0.5_52k/mujoco_isaacphys_trueodom,"λ = 0.5, 52.8k steps, true odometry (MuJoCo, training joints)",1.2,1.25,168,0.172619,0.122961,0.236915,0,0.0238095,0.369048,0.488095,0.446429,0.321429,0,0,0.0223555,0.00929697,0.059613,0.299767,0.444184,0.413623,0.563099,0.208333,0.613095,0.057812,0.0320534,0.0936707,0.187329,0.131297,0.312506,0.0344441,0.0158486,0.0702696,0.0868243,0.0535822,0.153462,0.292935,0.205612,0.453585,0.848194,0.834208,0.862173,0.107528,0.0926878,0.122646,0.955553,0.952256,0.958773,6.60338,6.69349,5.77781,7.52433,0.161108,0.14746,0.179148,-0.153724,-0.179466,-0.10183,0.120717,0.114136,0.125344,-0.164893,-0.197862,-0.0975175,0.116919,0.109345,0.12217,0.981093,1.0934,0.766729,1.20876,2,2.43452,1,3,17.4785,13.0579,23.6374,18.5404,13.7039,25.9281,0.223791,0.182332,0.283031,0.560848,0.492318,0.675107,0.854623,0.784394,0.875222,-3.39039,-4.19084,-2.43867,2.06,1.76,2.6,3.61312e-14,2.0099e-14,6.64468e-14,0.0239767
l0.5_52k/mujoco_isaacphys_trueodom,"λ = 0.5, 52.8k steps, true odometry (MuJoCo, training joints)",1.3,1.35,123,0.178862,0.121188,0.255988,0,0.0162602,0.333333,0.430894,0.398374,0.317073,0,0,0.0302866,0.00447041,0.0573516,0.256187,0.420575,0.346782,0.519193,0.252033,0.504065,0.061141,0.0305678,0.0963704,0.249523,0.153012,0.390811,0.0359737,0.01441,0.0706953,0.091509,0.0489668,0.156228,0.336542,0.249037,0.602908,0.854234,0.840324,0.867139,0.10034,0.0829411,0.114271,0.954585,0.951048,0.957747,6.93595,6.8558,5.75607,7.73074,0.165243,0.150902,0.183978,-0.139601,-0.174598,-0.0939432,0.120011,0.114358,0.125286,-0.141675,-0.190171,-0.0926089,0.117213,0.110893,0.122428,1.0171,1.17378,0.807102,1.29539,2,2.25203,1,3,18.3589,14.0442,26.6295,19.0289,14.4776,23.9307,0.23425,0.195632,0.291027,0.550387,0.490959,0.630355,0.853473,0.789243,0.875179,-3.66915,-4.56184,-2.75275,2.49,1.97,2.92,3.64975e-14,1.92402e-14,5.84209e-14,0.0237205
l0.5_52k/mujoco_isaacphys_trueodom,"λ = 0.5, 52.8k steps, true odometry (MuJoCo, training joints)",1.4,1.45,87,0.137931,0.080697,0.225788,0,0.0114943,0.310345,0.436782,0.37931,0.287356,0,0,0.042289,0.00203186,0.0622735,0.22289,0.41384,0.337424,0.541486,0.206897,0.45977,0.0607233,0.0398655,0.101684,0.236895,0.157424,0.357798,0.0385547,0.0172412,0.0714187,0.0963078,0.0659737,0.154872,0.36559,0.234783,0.606384,0.859525,0.846944,0.871893,0.0949723,0.0800036,0.107232,0.954885,0.950486,0.958248,6.9747,7.19683,6.2427,8.13379,0.165205,0.149286,0.186803,-0.146023,-0.178882,-0.103076,0.123386,0.118273,0.127341,-0.149868,-0.199497,-0.104079,0.11756,0.111636,0.123093,1.02655,1.12153,0.765021,1.21604,2,2.56322,1,4,20.3077,15.3885,25.4879,19.025,15.212,26.2027,0.233733,0.189487,0.300403,0.553678,0.479832,0.642247,0.839989,0.783667,0.863725,-4.04751,-4.82834,-3.27561,2.53,2.2,2.77,3.89626e-14,1.79798e-14,6.3026e-14,0.0259263
l0.5_52k/mujoco_isaacphys_trueodom,"λ = 0.5, 52.8k steps, true odometry (MuJoCo, training joints)",1.5,1.55,51,0.117647,0.05505,0.233811,0,0,0.254902,0.392157,0.294118,0.254902,0,0,0.070049,0,0.070049,0.155456,0.388685,0.270271,0.529151,0.117647,0.509804,0.0831864,0.0458735,0.113386,0.224458,0.160658,0.310896,0.0602996,0.026788,0.0927222,0.101022,0.0736547,0.160558,0.342861,0.253941,0.491972,0.860147,0.851864,0.876869,0.0920411,0.0751933,0.101827,0.953991,0.951688,0.957336,7.48721,7.34615,6.4374,8.14588,0.165893,0.157369,0.188923,-0.156155,-0.184588,-0.0718894,0.123543,0.113859,0.127173,-0.162656,-0.212643,-0.0781938,0.118219,0.110151,0.125036,1.09576,1.26444,0.884551,1.39811,2,2.35294,1,3.5,18.8648,15.0252,25.2859,22.9578,15.7278,27.5466,0.234103,0.200915,0.286628,0.549932,0.508204,0.609626,0.850502,0.800481,0.877139,-4.57143,-5.28529,-3.50436,2.75,2.155,3.615,3.88627e-14,2.06727e-14,7.6166e-14,0.0256551
l0.5_52k/mujoco_isaacphys_trueodom,"λ = 0.5, 52.8k steps, true odometry (MuJoCo, training joints)",1.6,1.65,33,0.030303,0.00536927,0.153191,0,0,0.30303,0.30303,0.151515,0.212121,0,0,0.104273,0,0.104273,0.173753,0.473385,0.173753,0.473385,0.030303,0.515152,0.10896,0.0569541,0.151874,0.210791,0.145082,0.33519,0.0739204,0.0304268,0.110526,0.131579,0.0712972,0.196665,0.32527,0.215176,0.496708,0.869799,0.863035,0.882563,0.0859904,0.0744409,0.0924836,0.95636,0.9549,0.958738,7.04253,7.09179,6.45158,8.25508,0.176609,0.16554,0.204065,-0.140398,-0.178128,-0.103585,0.121632,0.111787,0.125439,-0.152178,-0.206463,-0.102814,0.115938,0.105844,0.118153,0.980172,1.12475,0.842447,1.28351,3,2.78788,1,4,22.4217,16.2968,33.1691,26.7223,22.0793,33.7066,0.257246,0.223843,0.336347,0.615823,0.53557,0.689302,0.850095,0.74608,0.890086,-4.45542,-5.50673,-3.88664,3.9,3.9,3.9,5.37231e-14,2.17805e-14,8.52447e-14,0.0303399
l0.5_52k/mujoco_isaacphys_trueodom,"λ = 0.5, 52.8k steps, true odometry (MuJoCo, training joints)",1.7,1.75,21,0,0,0.154644,0,0,0.047619,0.142857,0,0.0952381,0,0,0.154644,0,0.154644,0.00845577,0.226698,0.0498092,0.346365,0,0.761905,0.116329,0.0801867,0.168927,0.158996,0.133702,0.370325,0.0958616,0.0681817,0.13697,0.168451,0.112992,0.199504,0.29077,0.234048,0.346416,0.879025,0.866376,0.89035,0.0766188,0.0649735,0.084152,0.956117,0.953491,0.95722,7.04361,7.2966,6.5547,8.05359,0.185054,0.172622,0.205873,-0.142083,-0.173836,-0.109972,0.1147,0.111518,0.121738,-0.153184,-0.190869,-0.113961,0.110302,0.102668,0.11721,1.00348,0.972135,0.652267,1.09541,2,2.19048,1,4,29.4334,24.4322,31.9368,23.2866,21.2725,33.649,0.293718,0.249913,0.360592,0.533808,0.49507,0.646756,0.83158,0.769601,0.860708,-4.67265,-5.91957,-3.61602,nan,nan,nan,8.06076e-14,2.70306e-14,1.09211e-13,nan
l0.5_52k/mujoco_isaacphys_trueodom,"λ = 0.5, 52.8k steps, true odometry (MuJoCo, training joints)",1.8,1.85,6,0,0,0.390343,0,0,0,0,0,0,0,0,0.390343,0,0.390343,0,0.390343,0,0.390343,0,0.666667,0.179052,0.15936,0.201041,0.193473,0.174216,0.227525,0.143684,0.112708,0.167979,0.20008,0.173728,0.216308,0.311723,0.281122,0.391062,0.877916,0.868918,0.888498,0.0779985,0.0647728,0.086864,0.956431,0.955265,0.957463,7.6547,7.49361,6.95119,8.25117,0.208572,0.199469,0.225005,-0.179048,-0.197335,-0.126687,0.124001,0.121229,0.126484,-0.203261,-0.235548,-0.132125,0.117589,0.113485,0.120775,0.9111,0.880307,0.619881,1.10307,3,3,1.5,3.75,32.1063,23.2069,37.9676,34.5197,33.5232,36.6422,0.386096,0.366608,0.420063,0.648257,0.571209,0.778928,0.85553,0.766176,0.890402,-5.52046,-6.20851,-4.8255,nan,nan,nan,5.90551e-14,3.93524e-14,8.13783e-14,nan
l0.5_52k/mujoco_legs_blind,"λ = 0.5, 52.8k steps, legs blind (MuJoCo, RoboCasa joints)",-0.1,-0.05,24,0,0,0.137981,0,0,0,0,0,0,0,0,0.137981,0,0.137981,0,0.137981,0,0.137981,0,0,0.757313,0.704983,0.827993,1.02877,0.701475,1.33023,0.726085,0.675312,0.814273,0.945012,0.907836,0.978011,1.37133,0.891499,1.58998,0.924425,0.91079,0.941103,0.0314606,0.0170846,0.0454167,0.957281,0.954981,0.960095,5.93975,6.15278,4.72286,7.82029,0.120236,0.111566,0.129117,-0.155982,-0.185028,-0.140623,0.10016,0.0927415,0.110786,-0.195605,-0.220741,-0.145698,0.0963371,0.0863807,0.106197,0.445801,0.591856,0.252736,0.738665,3.5,4.20833,2,5.25,24.9245,20.1508,34.5464,23.4564,18.2167,27.8181,0.175868,0.153796,0.187462,0.515539,0.440177,0.60263,0.672052,0.571072,0.735008,-4.24231,-5.25159,-2.85635,nan,nan,nan,0.0825757,0.0787956,0.0987664,nan
l0.5_52k/mujoco_legs_blind,"λ = 0.5, 52.8k steps, legs blind (MuJoCo, RoboCasa joints)",0,0.05,75,0,0,0.0487255,0,0,0,0,0,0,0,0,0.0487255,0,0.0487255,0,0.0487255,0,0.0487255,0,0,0.753627,0.642117,0.825462,0.908248,0.618815,1.17836,0.732773,0.621281,0.804585,0.885992,0.844532,0.926805,1.15988,0.727607,1.47339,0.921001,0.905947,0.931038,0.0348422,0.0242593,0.0467542,0.956223,0.954537,0.957955,6.48459,6.55311,5.75066,7.38546,0.125909,0.110303,0.138161,-0.164755,-0.184312,-0.142494,0.0985129,0.0861745,0.108264,-0.191967,-0.216517,-0.170677,0.096506,0.0800736,0.104468,0.514647,0.654263,0.367071,0.881225,5,5.52,3,8,27.6156,20.0588,38.1942,22.4163,17.2249,31.1639,0.177035,0.15518,0.208463,0.550647,0.477403,0.640393,0.685947,0.611733,0.733051,-4.4731,-5.33802,-3.43142,nan,nan,nan,0.089007,0.0802135,0.102662,nan
l0.5_52k/mujoco_legs_blind,"λ = 0.5, 52.8k steps, legs blind (MuJoCo, RoboCasa joints)",0.1,0.15,120,0,0,0.0310203,0,0,0,0,0,0,0,0,0.0310203,0,0.0310203,0,0.0310203,0,0.0310203,0,0.00833333,0.660397,0.562582,0.724616,0.84138,0.535654,1.13973,0.633454,0.53299,0.695067,0.7888,0.751961,0.830374,1.11708,0.770085,1.49432,0.914767,0.894644,0.929259,0.0417238,0.0269802,0.0627221,0.95691,0.954695,0.958782,6.48637,6.55092,5.74476,7.41161,0.126679,0.114253,0.145398,-0.16446,-0.182407,-0.141937,0.0970247,0.08391,0.107337,-0.184404,-0.217067,-0.16321,0.0910257,0.0746459,0.102832,0.551685,0.664585,0.384017,0.840847,5,6.03333,3,8,26.2448,20.2996,35.1579,22.8218,17.0434,29.2357,0.178603,0.159247,0.202221,0.585453,0.503882,0.703983,0.689693,0.596149,0.7409,-4.41986,-5.06531,-3.3297,nan,nan,nan,0.0894419,0.0780038,0.100913,nan
l0.5_52k/mujoco_legs_blind,"λ = 0.5, 52.8k steps, legs blind (MuJoCo, RoboCasa joints)",0.2,0.25,165,0,0,0.0227527,0,0,0,0,0,0,0,0,0.0227527,0,0.0227527,0,0.0227527,0,0.0227527,0,0.030303,0.567393,0.501811,0.640639,0.753388,0.479695,1.13384,0.545493,0.48114,0.618189,0.701124,0.665034,0.751164,1.03771,0.723927,1.47454,0.909938,0.881489,0.926458,0.0440979,0.0298152,0.0741662,0.956568,0.953872,0.958872,6.281,6.39792,5.52008,7.27114,0.131622,0.115292,0.150039,-0.169723,-0.18697,-0.148829,0.0949351,0.0787055,0.10901,-0.197802,-0.222283,-0.167698,0.0908859,0.069166,0.104475,0.646993,0.662223,0.364464,0.885328,6,6.40606,3,9,26.3571,20.5441,37.6034,25.3238,18.6316,32.1925,0.185679,0.157661,0.207418,0.617506,0.520361,0.707482,0.696385,0.62921,0.748403,-3.97785,-5.18399,-2.99746,nan,nan,nan,0.0893351,0.080273,0.101349,nan
l0.5_52k/mujoco_legs_blind,"λ = 0.5, 52.8k steps, legs blind (MuJoCo, RoboCasa joints)",0.3,0.35,201,0,0,0.018754,0,0,0,0,0,0,0,0,0.018754,0,0.018754,0,0.018754,0,0.018754,0,0.039801,0.500036,0.421361,0.575991,0.700109,0.430266,0.956067,0.47161,0.388166,0.537224,0.618803,0.573196,0.677139,0.959083,0.679437,1.25705,0.907572,0.878421,0.928162,0.0497914,0.0295131,0.0778296,0.956942,0.954053,0.959253,6.45481,6.52392,5.58151,7.3153,0.132356,0.11467,0.153871,-0.169842,-0.186674,-0.147534,0.0967633,0.0830824,0.109565,-0.195587,-0.228141,-0.169521,0.0940696,0.0735191,0.106418,0.63532,0.739247,0.362787,1.03614,6,6.76119,3,10,26.3423,19.751,35.5875,23.9438,17.8055,30.564,0.170005,0.145412,0.209103,0.604502,0.530611,0.701451,0.689145,0.629951,0.752627,-4.13062,-5.23865,-3.03578,nan,nan,nan,0.0924436,0.0818635,0.101352,nan
l0.5_52k/mujoco_legs_blind,"λ = 0.5, 52.8k steps, legs blind (MuJoCo, RoboCasa joints)",0.4,0.45,237,0,0,0.0159507,0,0,0,0,0,0.00843882,0,0,0.0159507,0,0.0159507,0,0.0159507,0,0.0159507,0,0.0675105,0.435953,0.372458,0.509621,0.603132,0.365685,0.946247,0.404768,0.342072,0.475976,0.543927,0.494488,0.594311,0.921765,0.603773,1.24571,0.906997,0.876349,0.92416,0.0481917,0.0336773,0.0802996,0.956649,0.95431,0.959209,6.41116,6.40624,5.58486,7.24001,0.131941,0.11829,0.155228,-0.171032,-0.191376,-0.144957,0.0981918,0.0812369,0.111913,-0.200849,-0.235287,-0.163324,0.0926759,0.0683514,0.107901,0.733277,0.818651,0.475813,1.03754,7,7.08439,4,10,25.2883,18.5813,35.062,25.1669,18.0715,35.7075,0.175576,0.144066,0.215281,0.60574,0.529691,0.688477,0.707753,0.649554,0.764026,-3.94049,-5.13882,-2.44223,nan,nan,nan,0.0923194,0.0833985,0.102935,nan
l0.5_52k/mujoco_legs_blind,"λ = 0.5, 52.8k steps, legs blind (MuJoCo, RoboCasa joints)",0.5,0.55,255,0,0,0.0148415,0,0,0,0,0,0,0,0,0.0148415,0,0.0148415,0,0.0148415,0,0.0148415,0,0.105882,0.376797,0.30135,0.441129,0.568806,0.316763,0.831084,0.337425,0.273062,0.411167,0.460092,0.405829,0.513515,0.841705,0.51823,1.13063,0.898962,0.871436,0.922282,0.0550174,0.0345801,0.0856916,0.956452,0.954047,0.958439,6.31119,6.3964,5.50504,7.33248,0.134976,0.116819,0.149483,-0.172507,-0.197003,-0.152282,0.0978831,0.0814959,0.110872,-0.206829,-0.238248,-0.17391,0.0903609,0.0689222,0.107283,0.712252,0.801547,0.470227,1.03309,7,7.3098,4,10,26.1269,19.7266,34.4158,25.4252,18.3609,34.7168,0.177111,0.144116,0.218134,0.628237,0.543448,0.702547,0.708229,0.652294,0.781265,-3.72972,-4.89412,-2.1446,nan,nan,nan,0.0918227,0.0833757,0.101355,nan
l0.5_52k/mujoco_legs_blind,"λ = 0.5, 52.8k steps, legs blind (MuJoCo, RoboCasa joints)",0.6,0.65,267,0,0,0.0141839,0,0,0,0,0,0,0,0,0.0141839,0,0.0141839,0,0.0141839,0,0.0141839,0,0.138577,0.307382,0.238903,0.3834,0.462479,0.270085,0.729827,0.270368,0.209731,0.341457,0.380337,0.317388,0.45244,0.726338,0.486032,0.964844,0.891609,0.866633,0.916408,0.0637721,0.0386522,0.0889166,0.956365,0.953906,0.95874,6.25562,6.29595,5.33595,7.14769,0.133467,0.118578,0.151378,-0.170336,-0.187226,-0.150441,0.101939,0.0821889,0.114334,-0.201203,-0.231968,-0.174647,0.0948889,0.0693248,0.109952,0.690564,0.792499,0.45884,1.04238,7,7.19476,4,10,25.0715,18.4501,33.5002,25.9704,19.0902,35.6352,0.184165,0.143709,0.221771,0.621535,0.560255,0.699515,0.745554,0.668027,0.786459,-3.30844,-4.94099,-1.89067,nan,nan,nan,0.0929446,0.084262,0.103024,nan
l0.5_52k/mujoco_legs_blind,"λ = 0.5, 52.8k steps, legs blind (MuJoCo, RoboCasa joints)",0.7,0.75,282,0,0,0.0134396,0,0,0,0,0.0035461,0.0035461,0,0,0.0134396,0,0.0134396,0,0.0134396,0,0.0134396,0,0.166667,0.250718,0.185372,0.322874,0.398988,0.239482,0.670777,0.21606,0.151837,0.280239,0.31653,0.247242,0.387343,0.642004,0.421561,0.939553,0.885808,0.860111,0.915992,0.070442,0.0404272,0.0959479,0.956103,0.953936,0.958371,6.12575,6.23547,5.18527,7.12828,0.135028,0.117276,0.154371,-0.17205,-0.193466,-0.144716,0.104109,0.0850335,0.116018,-0.19954,-0.238696,-0.166198,0.0946034,0.0721343,0.111323,0.845019,0.901188,0.485957,1.20167,8,7.66312,4,10,26.3255,19.5055,33.916,26.1238,19.7433,36.2433,0.174186,0.144542,0.219396,0.631406,0.537705,0.712641,0.747561,0.68854,0.803357,-3.00183,-4.67058,-1.78174,nan,nan,nan,0.0924869,0.0855665,0.100285,nan
l0.5_52k/mujoco_legs_blind,"λ = 0.5, 52.8k steps, legs blind (MuJoCo, RoboCasa joints)",0.8,0.85,288,0,0,0.0131633,0,0,0,0.00694444,0,0.00694444,0,0,0.0131633,0,0.0131633,0,0.0131633,0.00190645,0.0249629,0,0.166667,0.214189,0.150593,0.276933,0.373787,0.229556,0.606514,0.168245,0.114055,0.239582,0.261197,0.195579,0.347585,0.591008,0.399227,0.882932,0.8779,0.855033,0.912094,0.0749811,0.0431146,0.100976,0.956233,0.953872,0.95862,5.95892,6.11777,5.15081,6.91839,0.13935,0.122734,0.158925,-0.178744,-0.199577,-0.152709,0.102823,0.086315,0.117701,-0.209554,-0.245059,-0.178803,0.0966105,0.0745279,0.113161,0.869717,0.952302,0.556975,1.18382,7,7.8125,5,11,24.2543,18.3869,32.7208,26.5157,18.9932,36.4762,0.17859,0.14579,0.219212,0.641367,0.558575,0.726502,0.758212,0.706361,0.807105,-3.05425,-4.54052,-1.75799,nan,nan,nan,0.0928025,0.0858794,0.101714,nan
l0.5_52k/mujoco_legs_blind,"λ = 0.5, 52.8k steps, legs blind (MuJoCo, RoboCasa joints)",0.9,0.95,288,0,0,0.0131633,0,0,0.0173611,0.0486111,0.00347222,0.00347222,0,0,0.0131633,0,0.0131633,0.00743774,0.0399907,0.0291741,0.0799317,0.00347222,0.222222,0.173538,0.122987,0.233709,0.341617,0.213726,0.539139,0.122454,0.082004,0.19909,0.212415,0.143368,0.289428,0.578433,0.371828,0.842197,0.877338,0.853886,0.914445,0.0786061,0.0407331,0.103936,0.956144,0.953652,0.958471,5.93066,6.13635,5.26271,6.88443,0.136043,0.121563,0.157482,-0.168809,-0.188531,-0.145449,0.102919,0.0884793,0.119625,-0.199896,-0.22583,-0.16723,0.0968103,0.0773999,0.113972,0.838769,0.951275,0.513003,1.24877,7,7.66667,4,11,24.2721,18.2289,32.6148,26.2205,19.9214,36.5942,0.176928,0.142191,0.225145,0.639514,0.552554,0.726948,0.767159,0.700721,0.813738,-2.78739,-4.44179,-1.7394,nan,nan,nan,0.0939078,0.0859316,0.101121,nan
l0.5_52k/mujoco_legs_blind,"λ = 0.5, 52.8k steps, legs blind (MuJoCo, RoboCasa joints)",1,1.05,264,0,0,0.0143428,0,0,0.0189394,0.0492424,0.0151515,0.00378788,0,0,0.0143428,0,0.0143428,0.00811612,0.0435622,0.029,0.0824151,0.00378788,0.185606,0.155011,0.113955,0.222811,0.351691,0.222398,0.557777,0.112786,0.072589,0.168704,0.188105,0.128399,0.264547,0.608575,0.389989,0.846461,0.871138,0.846568,0.911592,0.0848505,0.0434744,0.108696,0.956783,0.95457,0.958878,5.98706,6.01753,5.26845,6.85055,0.133099,0.118623,0.15597,-0.170571,-0.196168,-0.146847,0.109532,0.0839625,0.12024,-0.20555,-0.240906,-0.171992,0.101722,0.0753605,0.115986,0.862947,0.936213,0.526005,1.19691,7,7.49621,4,11,23.6354,17.4794,34.5814,25.9039,19.7357,36.2524,0.176276,0.135368,0.227558,0.6367,0.558021,0.729218,0.77049,0.71507,0.819833,-2.69468,-4.13209,-1.78374,nan,nan,nan,0.0943606,0.0873694,0.100795,nan
l0.5_52k/mujoco_legs_blind,"λ = 0.5, 52.8k steps, legs blind (MuJoCo, RoboCasa joints)",1.1,1.15,213,0.00469484,0.000829214,0.0261103,0,0,0.0187793,0.028169,0.028169,0.00938967,0,0,0.0177162,0,0.0177162,0.00732643,0.047283,0.0129725,0.0600836,0.00938967,0.211268,0.15342,0.112025,0.225406,0.362067,0.211587,0.52931,0.104018,0.0695145,0.170731,0.185465,0.132712,0.26741,0.634121,0.36908,0.903602,0.86668,0.840499,0.910745,0.0897769,0.0457884,0.114887,0.956475,0.953611,0.958184,5.96298,6.06353,5.35645,6.72203,0.135336,0.117732,0.155651,-0.169496,-0.192497,-0.144708,0.107601,0.0877847,0.120063,-0.205227,-0.235356,-0.171947,0.101135,0.0766713,0.113992,0.775651,0.869206,0.542562,1.19412,7,7.22535,4,11,24.9107,17.9595,35.198,26.6898,20.2346,37.346,0.182078,0.141263,0.218453,0.650256,0.557985,0.738226,0.774237,0.716935,0.823013,-2.61668,-3.86443,-1.54673,1.86,1.86,1.86,0.0961476,0.0887226,0.103572,0.0584177
l0.5_52k/mujoco_legs_blind,"λ = 0.5, 52.8k steps, legs blind (MuJoCo, RoboCasa joints)",1.2,1.25,168,0.00595238,0.00105149,0.0329426,0,0,0.0178571,0.0357143,0.0297619,0.0119048,0,0,0.0223555,0,0.0223555,0.00609121,0.0511801,0.0164689,0.0757184,0.0119048,0.196429,0.169924,0.121952,0.21733,0.368181,0.240212,0.562283,0.110993,0.0760226,0.167112,0.200678,0.14202,0.2652,0.63766,0.415691,0.909617,0.860464,0.838556,0.901335,0.0930248,0.0552099,0.116044,0.956462,0.953929,0.959237,5.9186,6.06351,5.28017,6.76047,0.131182,0.116427,0.150537,-0.165148,-0.195605,-0.147695,0.110261,0.0901761,0.121581,-0.205325,-0.238881,-0.166934,0.105313,0.0817009,0.117,0.813816,0.955698,0.618361,1.22467,7,7.52381,4,10,25.9683,18.8897,38.5794,28.4049,21.9877,41.3749,0.182938,0.150527,0.233385,0.632852,0.569478,0.754889,0.780223,0.724731,0.829733,-2.71887,-3.55077,-1.89182,1.98,1.98,1.98,0.0951064,0.0874994,0.102696,0.0621414
l0.5_52k/mujoco_legs_blind,"λ = 0.5, 52.8k steps, legs blind (MuJoCo, RoboCasa joints)",1.3,1.35,123,0.00813008,0.00143657,0.0446177,0,0,0.0162602,0.0243902,0.0162602,0.00813008,0,0,0.0302866,0,0.0302866,0.00447041,0.0573516,0.00832891,0.0692608,0.0162602,0.154472,0.173834,0.130001,0.233285,0.458008,0.27916,0.66478,0.111144,0.0758978,0.161931,0.206161,0.139678,0.270585,0.699724,0.484293,1.04349,0.859476,0.841012,0.896142,0.0966097,0.0581006,0.114789,0.956126,0.953948,0.958127,6.12133,6.2037,5.32538,6.89621,0.133705,0.121546,0.152558,-0.165674,-0.184735,-0.142189,0.104934,0.0886992,0.11865,-0.19534,-0.228707,-0.168922,0.0994586,0.0745401,0.115151,0.935972,0.943157,0.582809,1.1967,8,7.89431,5,10,31.8231,20.1512,42.6913,29.9659,22.3682,44.9209,0.196282,0.155408,0.241663,0.648007,0.582474,0.735788,0.786892,0.726074,0.826229,-2.567,-3.66769,-1.62041,1.54,1.54,1.54,0.0969066,0.0910719,0.104229,0.0899428
l0.5_52k/mujoco_legs_blind,"λ = 0.5, 52.8k steps, legs blind (MuJoCo, RoboCasa joints)",1.4,1.45,87,0,0,0.042289,0,0,0.0114943,0.0229885,0,0,0,0,0.042289,0,0.042289,0.00203186,0.0622735,0.00632695,0.0799947,0,0.103448,0.184622,0.125443,0.241492,0.431609,0.296175,0.595065,0.136285,0.0894911,0.18901,0.226616,0.15017,0.285762,0.742729,0.49724,0.901449,0.84635,0.83577,0.860443,0.11018,0.0920713,0.118865,0.95629,0.953549,0.959638,6.32563,6.40663,5.77929,7.06033,0.132862,0.119175,0.150692,-0.165132,-0.188588,-0.142975,0.105145,0.094197,0.117458,-0.20153,-0.23082,-0.172629,0.102047,0.0866839,0.113706,0.707134,0.855698,0.520361,1.1501,7,7.55172,4,11,24.5416,18.9296,36.1789,31.6514,22.5466,45.7393,0.191602,0.147791,0.227406,0.649443,0.598378,0.759238,0.778601,0.730591,0.828659,-3.03551,-3.74317,-2.37991,nan,nan,nan,0.0976133,0.0920634,0.104206,nan
l0.5_52k/mujoco_legs_blind,"λ = 0.5, 52.8k steps, legs blind (MuJoCo, RoboCasa joints)",1.5,1.55,51,0,0,0.070049,0,0,0,0,0,0,0,0,0.070049,0,0.070049,0,0.070049,0,0.070049,0,0.0588235,0.224736,0.170474,0.321781,0.437903,0.28459,0.602723,0.166449,0.113283,0.226995,0.260665,0.197495,0.327306,0.75056,0.435949,1.00975,0.841279,0.832335,0.853914,0.113821,0.0971766,0.121659,0.955424,0.951322,0.957539,6.74707,6.80832,6.31718,7.21626,0.13746,0.118822,0.163767,-0.165293,-0.189051,-0.149143,0.102703,0.0871735,0.110625,-0.206971,-0.233633,-0.182733,0.096126,0.0793003,0.10922,0.888821,0.977628,0.588394,1.17433,8,8.19608,5,11,31.4061,21.5892,43.7734,31.7166,26.1639,47.852,0.194275,0.173185,0.248654,0.693006,0.608374,0.76561,0.784463,0.741126,0.842874,-3.09699,-3.87031,-2.37777,nan,nan,nan,0.0991198,0.0913699,0.105141,nan
l0.5_52k/mujoco_legs_blind,"λ = 0.5, 52.8k steps, legs blind (MuJoCo, RoboCasa joints)",1.6,1.65,33,0,0,0.104273,0,0,0,0,0,0,0,0,0.104273,0,0.104273,0,0.104273,0,0.104273,0,0.121212,0.232108,0.153026,0.394791,0.439125,0.296982,0.585862,0.187775,0.119039,0.238667,0.28474,0.198772,0.36673,0.734404,0.491606,1.0097,0.845374,0.836513,0.855257,0.113599,0.1008,0.122807,0.957369,0.955326,0.959712,7.05894,7.02741,6.59033,7.66664,0.139305,0.122862,0.153059,-0.17956,-0.196039,-0.160498,0.0905473,0.0747942,0.103068,-0.213006,-0.243547,-0.190539,0.0888139,0.0544611,0.0977254,0.87711,1.05946,0.477218,1.16264,9,9.21212,6,13,33.7859,24.5109,45.6341,33.6005,26.8116,48.5754,0.218618,0.189771,0.268145,0.693544,0.65234,0.81484,0.819851,0.775155,0.849197,-3.6424,-4.01011,-3.03924,nan,nan,nan,0.0935848,0.0890849,0.100669,nan
l0.5_52k/mujoco_legs_blind,"λ = 0.5, 52.8k steps, legs blind (MuJoCo, RoboCasa joints)",1.7,1.75,21,0,0,0.154644,0,0,0,0,0,0,0,0,0.154644,0,0.154644,0,0.154644,0,0.154644,0,0.238095,0.30262,0.208489,0.400818,0.473352,0.187509,0.548726,0.224445,0.154214,0.252054,0.329138,0.245973,0.386481,0.69351,0.353744,0.807236,0.850827,0.837237,0.862427,0.10486,0.0966791,0.121515,0.958561,0.955688,0.960168,7.24787,7.25134,6.66011,7.5569,0.147389,0.138535,0.168298,-0.181148,-0.186492,-0.149865,0.0881045,0.0541101,0.0960427,-0.208152,-0.245095,-0.194034,0.0737451,0.0460958,0.0944379,0.937574,0.937042,0.636257,1.16229,10,9.95238,8,12,38.6784,24.5761,46.0655,36.1672,20.5509,50.1293,0.219074,0.188627,0.287981,0.749436,0.658005,0.833154,0.814892,0.676735,0.84772,-3.97635,-4.6962,-2.96183,nan,nan,nan,0.0961924,0.0910631,0.10366,nan
l0.5_52k/mujoco_legs_blind,"λ = 0.5, 52.8k steps, legs blind (MuJoCo, RoboCasa joints)",1.8,1.85,6,0,0,0.390343,0,0,0,0,0,0,0,0,0.390343,0,0.390343,0,0.390343,0,0.390343,0,0,0.375398,0.353172,0.439624,0.278915,0.2596,0.392115,0.255339,0.245519,0.318163,0.347876,0.325786,0.407825,0.480577,0.435875,0.58886,0.843482,0.839849,0.845906,0.11009,0.1093,0.11245,0.954619,0.95039,0.956792,7.19588,7.25971,6.69222,7.89902,0.153087,0.143388,0.16531,-0.182808,-0.21834,-0.154769,0.0682718,0.0464206,0.0785846,-0.224147,-0.267437,-0.184633,0.0363575,0.0245363,0.0627098,1.04281,1.0948,0.953256,1.2786,11.5,12.1667,11,13.5,33.5281,29.1112,42.9936,27.542,22.1328,29.7834,0.24155,0.211622,0.283025,0.786728,0.737608,0.821477,0.810129,0.786287,0.839883,-4.28592,-4.59127,-3.86307,nan,nan,nan,0.092031,0.088334,0.102668,nan
l0.5_52k/mujoco_trueodom,"λ = 0.5, 52.8k steps, true odometry (MuJoCo, RoboCasa joints)",-0.1,-0.05,24,0,0,0.137981,0,0,0,0,0,0,0,0,0.137981,0,0.137981,0,0.137981,0,0.137981,0,0,0.609725,0.555254,0.684819,0.783543,0.658001,0.998561,0.603832,0.547809,0.672033,0.790874,0.744612,0.821754,0.962162,0.777721,1.23529,0.768948,0.760494,0.778765,0.188272,0.176056,0.196339,0.957281,0.954981,0.960095,4.92032,5.05721,4.31984,5.59949,0.0945508,0.0841688,0.109785,-0.120639,-0.165265,-0.0452684,0.13047,0.126258,0.132638,-0.139186,-0.180508,-0.0503111,0.128561,0.125526,0.129533,0.485491,0.598202,0.383196,0.682557,1,1.625,0,2.25,15.9108,10.8919,22.5141,10.3137,7.8522,11.8504,0.0987297,0.0920563,0.11524,0.484479,0.440268,0.62363,0.686717,0.597952,0.738699,-1.15559,-1.44695,-0.590078,nan,nan,nan,3.18951e-14,1.32815e-14,8.98834e-14,nan
l0.5_52k/mujoco_trueodom,"λ = 0.5, 52.8k steps, true odometry (MuJoCo, RoboCasa joints)",0,0.05,75,0,0,0.0487255,0,0,0,0,0,0.0133333,0,0,0.0487255,0,0.0487255,0,0.0487255,0,0.0487255,0,0,0.606488,0.505941,0.678397,0.74042,0.45412,0.894616,0.593372,0.493802,0.664389,0.720867,0.686188,0.757209,0.967972,0.701418,1.21982,0.768711,0.75888,0.775597,0.187214,0.179345,0.195569,0.956223,0.954537,0.957955,4.88369,5.31526,4.364,5.68158,0.0976229,0.0884829,0.104177,-0.120655,-0.156071,0.0967859,0.127933,0.121341,0.1302,-0.14532,-0.187729,0.0812979,0.126035,0.120629,0.128936,0.511725,0.667621,0.400722,0.769934,1,1.70667,0,2,15.1826,11.0566,23.4726,11.6566,8.8877,16.9459,0.103674,0.0896279,0.131902,0.491094,0.457687,0.555486,0.697596,0.616151,0.851044,-1.03226,-1.65843,-0.637817,nan,nan,nan,3.6526e-14,1.58167e-14,6.02737e-14,nan
l0.5_52k/mujoco_trueodom,"λ = 0.5, 52.8k steps, true odometry (MuJoCo, RoboCasa joints)",0.1,0.15,120,0,0,0.0310203,0,0,0,0,0,0.0416667,0,0,0.0310203,0,0.0310203,0,0.0310203,0,0.0310203,0,0.00833333,0.499496,0.43731,0.573461,0.693852,0.460016,0.902412,0.488975,0.428052,0.551849,0.635571,0.588489,0.670048,0.927982,0.633535,1.25592,0.767685,0.75973,0.778996,0.187788,0.176373,0.197623,0.95691,0.954695,0.958782,4.84388,5.05554,4.0067,5.71699,0.0919719,0.0831197,0.102726,-0.132123,-0.166072,-0.0741818,0.125957,0.119827,0.13008,-0.141273,-0.189515,-0.0739833,0.125979,0.119739,0.129104,0.474692,0.552089,0.379267,0.567704,1,1.2,0,2,14.8636,10.0612,24.5832,10.8739,8.15525,15.4085,0.105445,0.0868874,0.128801,0.49064,0.454092,0.544178,0.697768,0.617591,0.802852,-1.46991,-2.30575,-0.746929,nan,nan,nan,4.04091e-14,1.51803e-14,6.49631e-14,nan
l0.5_52k/mujoco_trueodom,"λ = 0.5, 52.8k steps, true odometry (MuJoCo, RoboCasa joints)",0.2,0.25,165,0,0,0.0227527,0,0,0,0,0,0.0424242,0,0,0.0227527,0,0.0227527,0,0.0227527,0,0.0227527,0,0.0121212,0.439732,0.361065,0.496152,0.60218,0.41123,0.85453,0.42069,0.352083,0.475017,0.554539,0.507826,0.5963,0.861136,0.616554,1.14087,0.770535,0.762151,0.782028,0.184595,0.174688,0.194573,0.956568,0.953872,0.958872,4.84718,5.35391,4.23262,5.72548,0.0924641,0.0844726,0.100788,-0.12759,-0.160159,0.0914793,0.12548,0.11739,0.130304,-0.139836,-0.178981,0.077676,0.124933,0.117355,0.129127,0.471205,0.611532,0.387092,0.629354,1,1.34545,0,2,14.7071,9.46295,24.9337,9.58649,7.377,15.0619,0.0950326,0.0807991,0.119162,0.493677,0.456797,0.546726,0.682546,0.613574,0.796685,-1.80761,-2.71463,-1.11458,nan,nan,nan,3.62253e-14,1.63943e-14,5.81246e-14,nan
l0.5_52k/mujoco_trueodom,"λ = 0.5, 52.8k steps, true odometry (MuJoCo, RoboCasa joints)",0.3,0.35,201,0,0,0.018754,0,0,0,0,0.00995025,0.0298507,0.00497512,0,0.018754,0,0.018754,0,0.018754,0,0.018754,0,0.0696517,0.361534,0.282126,0.427326,0.573544,0.369575,0.746605,0.34514,0.271722,0.414315,0.475398,0.426427,0.52776,0.767705,0.589396,1.03784,0.772869,0.762726,0.785071,0.183207,0.170373,0.193525,0.956966,0.954023,0.959273,5.09685,5.23492,4.05091,6.26468,0.0901269,0.0820427,0.100226,-0.124949,-0.153721,0.100094,0.125993,0.11681,0.130576,-0.127828,-0.173215,0.0876557,0.125279,0.11734,0.129558,0.474314,0.539988,0.383724,0.563098,1,1.06,0,2,12.9676,9.84791,18.4963,9.66936,7.23181,13.2218,0.0892976,0.078365,0.111904,0.488742,0.457564,0.544359,0.697013,0.607698,0.819585,-1.98494,-2.8614,-1.2361,nan,nan,nan,3.80811e-14,1.79034e-14,6.21883e-14,nan
l0.5_52k/mujoco_trueodom,"λ = 0.5, 52.8k steps, true odometry (MuJoCo, RoboCasa joints)",0.4,0.45,237,0,0,0.0159507,0,0,0,0,0.0295359,0.0548523,0,0,0.0159507,0,0.0159507,0,0.0159507,0,0.0159507,0,0.092827,0.298168,0.235502,0.361247,0.526988,0.326889,0.773844,0.287557,0.223935,0.353778,0.40601,0.353001,0.467028,0.753717,0.535187,1.02791,0.778482,0.767622,0.78756,0.178931,0.167852,0.190033,0.956649,0.95431,0.959209,5.18651,5.40863,4.38263,6.21185,0.0916405,0.0827503,0.101092,-0.130529,-0.163683,0.0953428,0.124195,0.116087,0.129775,-0.142574,-0.18049,0.0814184,0.123156,0.115165,0.128351,0.483259,0.570085,0.404784,0.591167,1,1.03797,0,2,12.7821,8.81294,17.7206,10.4534,7.55732,14.571,0.0911235,0.0795374,0.115515,0.49943,0.455535,0.559646,0.677174,0.613183,0.792653,-2.06871,-3.00066,-1.36109,nan,nan,nan,3.17731e-14,1.66789e-14,5.15767e-14,nan
l0.5_52k/mujoco_trueodom,"λ = 0.5, 52.8k steps, true odometry (MuJoCo, RoboCasa joints)",0.5,0.55,255,0,0,0.0148415,0,0,0,0,0.0470588,0.0588235,0,0,0.0148415,0,0.0148415,0,0.0148415,0,0.0148415,0,0.129412,0.23814,0.183809,0.299516,0.464577,0.299321,0.692408,0.227175,0.174588,0.287892,0.336493,0.275996,0.397703,0.708301,0.486992,0.986717,0.782823,0.773678,0.794416,0.173367,0.161115,0.182604,0.956452,0.954047,0.958439,5.38162,5.46707,4.39191,6.36037,0.0935725,0.0841059,0.105442,-0.136259,-0.166353,-0.0694491,0.123851,0.114643,0.129317,-0.149444,-0.18947,-0.0790634,0.122939,0.114487,0.128432,0.497675,0.597924,0.418513,0.645381,1,1.43922,0,2,11.8963,8.13851,17.0436,10.1254,7.58835,14.2027,0.0900025,0.0760861,0.111513,0.507258,0.465924,0.586363,0.693779,0.627489,0.807139,-2.36169,-3.25807,-1.51199,nan,nan,nan,3.07241e-14,1.55855e-14,4.63211e-14,nan
l0.5_52k/mujoco_trueodom,"λ = 0.5, 52.8k steps, true odometry (MuJoCo, RoboCasa joints)",0.6,0.65,267,0,0,0.0141839,0,0,0,0,0.0749064,0.0636704,0,0,0.0141839,0,0.0141839,0,0.0141839,0,0.0141839,0,0.172285,0.188639,0.134956,0.243113,0.408764,0.260777,0.638454,0.177468,0.125294,0.230092,0.268533,0.208195,0.332012,0.647345,0.433344,0.929256,0.791066,0.779083,0.803663,0.164825,0.150096,0.176552,0.956365,0.953906,0.95874,5.49217,5.5927,4.51232,6.50066,0.0923195,0.0853508,0.103354,-0.136084,-0.163232,0.0930559,0.124281,0.116004,0.129381,-0.140736,-0.18359,0.074608,0.123243,0.115948,0.127912,0.474822,0.604178,0.4111,0.636575,1,1.37828,0,2,11.3606,8.06912,17.5099,10.1828,7.61733,15.9269,0.0896788,0.0754131,0.108657,0.514209,0.467314,0.585392,0.711858,0.637016,0.819389,-2.54442,-3.38722,-1.69233,nan,nan,nan,2.84819e-14,1.50935e-14,5.0707e-14,nan
l0.5_52k/mujoco_trueodom,"λ = 0.5, 52.8k steps, true odometry (MuJoCo, RoboCasa joints)",0.7,0.75,282,0.0035461,0.000626232,0.0198103,0,0,0.0319149,0.0567376,0.124113,0.0638298,0,0,0.0134396,0,0.0134396,0.0168795,0.059532,0.035222,0.0901677,0.0070922,0.191489,0.143452,0.0979872,0.200042,0.37977,0.226423,0.559723,0.132362,0.0886331,0.187478,0.209034,0.155276,0.278665,0.583883,0.389222,0.879303,0.798669,0.785251,0.811774,0.156163,0.142545,0.169901,0.956103,0.953936,0.958371,5.71728,5.80526,4.94973,6.69833,0.0966412,0.0877584,0.109996,-0.138182,-0.165819,-0.0427558,0.12269,0.11533,0.127888,-0.149502,-0.190439,-0.0327602,0.121849,0.114147,0.126853,0.487795,0.589826,0.408717,0.657668,1,1.31915,0,2,11.1326,7.62956,15.714,10.9628,8.30896,15.3101,0.0862136,0.0741684,0.106557,0.514269,0.469567,0.58979,0.707211,0.642379,0.821535,-2.69478,-3.64107,-1.69897,3.38,3.38,3.38,3.05075e-14,1.55355e-14,5.16394e-14,0.0317073
l0.5_52k/mujoco_trueodom,"λ = 0.5, 52.8k steps, true odometry (MuJoCo, RoboCasa joints)",0.8,0.85,288,0.0173611,0.00743774,0.0399907,0,0.00347222,0.0798611,0.131944,0.21875,0.09375,0,0,0.0131633,0.00061318,0.0194032,0.0538025,0.116981,0.0976596,0.175919,0.0520833,0.229167,0.108606,0.0713321,0.162819,0.342627,0.211644,0.529378,0.0940924,0.0580335,0.146057,0.168621,0.115691,0.231681,0.541145,0.357698,0.850442,0.809313,0.796665,0.823959,0.146028,0.13221,0.159554,0.956233,0.953872,0.95862,5.79957,5.91441,4.84906,6.79889,0.0992706,0.0896617,0.111211,-0.143266,-0.172233,-0.0737176,0.122881,0.114297,0.12885,-0.157537,-0.18762,-0.07932,0.121589,0.112151,0.126928,0.486377,0.625303,0.414326,0.661704,1,1.73958,0,2,10.823,7.95364,15.2135,11.0537,8.32782,17.5734,0.0898392,0.0761665,0.105745,0.513513,0.462536,0.608997,0.743513,0.657039,0.837739,-2.83184,-3.80457,-1.85073,3.3,3.16,3.92,3.01077e-14,1.74378e-14,5.28859e-14,0.0276545
l0.5_52k/mujoco_trueodom,"λ = 0.5, 52.8k steps, true odometry (MuJoCo, RoboCasa joints)",0.9,0.95,288,0.0486111,0.0291741,0.0799317,0.00347222,0.00694444,0.152778,0.25,0.291667,0.138889,0,0.00061318,0.0194032,0.00190645,0.0249629,0.115819,0.198878,0.203502,0.30308,0.107639,0.277778,0.0834883,0.049684,0.136437,0.30429,0.189856,0.476491,0.0713417,0.04018,0.120169,0.137572,0.076631,0.211397,0.513518,0.328314,0.788498,0.819908,0.805629,0.836224,0.13636,0.118874,0.148693,0.956144,0.953652,0.958471,5.95411,6.01467,5.02181,6.82277,0.102394,0.0905892,0.115051,-0.145524,-0.165809,-0.102659,0.122982,0.114006,0.129119,-0.162986,-0.195867,-0.102006,0.120773,0.113172,0.126703,0.488565,0.593594,0.41166,0.644443,1,1.6875,0,3,11.2653,7.96432,15.7787,11.5869,8.92019,19.1999,0.0935899,0.0773211,0.111903,0.529999,0.4645,0.632664,0.729756,0.654485,0.843726,-3.06031,-4.16477,-1.98896,3.33,2.945,3.62,3.08907e-14,1.49466e-14,5.44521e-14,0.0266892
l0.5_52k/mujoco_trueodom,"λ = 0.5, 52.8k steps, true odometry (MuJoCo, RoboCasa joints)",1,1.05,264,0.0719697,0.046555,0.109663,0,0.0189394,0.170455,0.246212,0.318182,0.166667,0,0,0.0143428,0.00811612,0.0435622,0.1299,0.220463,0.19813,0.301574,0.155303,0.287879,0.0783546,0.042974,0.123827,0.286767,0.185228,0.463008,0.0661178,0.0313018,0.104983,0.128556,0.0700612,0.1903,0.499177,0.320772,0.828116,0.832099,0.817693,0.84737,0.124781,0.11008,0.138921,0.956783,0.95457,0.958878,5.94835,6.04265,5.01577,6.9304,0.103441,0.0935998,0.115737,-0.14064,-0.171501,-0.0983564,0.119966,0.112788,0.126288,-0.150699,-0.200341,-0.100136,0.117027,0.110567,0.12346,0.477183,0.62874,0.419406,0.646223,1,1.67803,0,2,12.3035,8.47271,18.1471,12.837,9.10932,19.4141,0.0985172,0.0807882,0.119727,0.527696,0.46201,0.619464,0.77388,0.682361,0.845483,-3.15572,-4.22983,-2.1506,3.34,2.77,3.63,3.80266e-14,1.6421e-14,5.97216e-14,0.0252755
l0.5_52k/mujoco_trueodom,"λ = 0.5, 52.8k steps, true odometry (MuJoCo, RoboCasa joints)",1.1,1.15,213,0.103286,0.0692021,0.151427,0,0.0140845,0.201878,0.262911,0.338028,0.183099,0,0,0.0177162,0.00480127,0.0405849,0.153472,0.260847,0.208367,0.325855,0.173709,0.333333,0.0720787,0.0395888,0.121534,0.301594,0.154936,0.500437,0.0584201,0.0287811,0.105618,0.115393,0.065981,0.181664,0.520341,0.265492,0.881125,0.840555,0.825655,0.852549,0.1151,0.101885,0.129858,0.956475,0.953611,0.958184,6.29899,6.25878,5.28043,7.11112,0.106576,0.0970363,0.124586,-0.147612,-0.17038,-0.10702,0.120973,0.111263,0.12643,-0.161225,-0.196092,-0.108992,0.118603,0.109408,0.124289,0.496856,0.667245,0.424023,0.743728,2,2.07512,1,3,13.4783,9.68826,20.4886,15.0233,10.3863,22.2659,0.106159,0.0833479,0.136561,0.551976,0.489299,0.646777,0.793406,0.696721,0.853011,-3.26655,-4.48018,-2.21886,3.19,2.885,3.73,3.45336e-14,1.73628e-14,6.09327e-14,0.0263748
l0.5_52k/mujoco_trueodom,"λ = 0.5, 52.8k steps, true odometry (MuJoCo, RoboCasa joints)",1.2,1.25,168,0.0595238,0.0326498,0.106092,0,0.0178571,0.178571,0.279762,0.279762,0.172619,0,0,0.0223555,0.00609121,0.0511801,0.128044,0.24347,0.217389,0.351982,0.130952,0.255952,0.0767358,0.0465211,0.117949,0.295064,0.195794,0.483745,0.0596424,0.0332608,0.103369,0.121333,0.0721789,0.206281,0.52187,0.337309,0.82741,0.851136,0.835055,0.860498,0.106123,0.0932978,0.12097,0.956462,0.953929,0.959237,6.27826,6.36016,5.34929,7.29992,0.112646,0.0994862,0.130043,-0.153004,-0.180493,-0.128182,0.119904,0.109891,0.126205,-0.172235,-0.204177,-0.133813,0.116127,0.108152,0.124079,0.536141,0.738049,0.446617,0.918229,2,2.3631,1,3,14.8005,10.4226,23.8042,15.6648,10.7611,24.3165,0.109866,0.0843564,0.147896,0.567492,0.483761,0.675878,0.82063,0.732947,0.856516,-3.13183,-4.07333,-2.10961,3.08,2.78,3.48,3.83276e-14,1.76005e-14,6.72998e-14,0.0223937
l0.5_52k/mujoco_trueodom,"λ = 0.5, 52.8k steps, true odometry (MuJoCo, RoboCasa joints)",1.3,1.35,123,0.0406504,0.0174861,0.091639,0.00813008,0.0162602,0.138211,0.219512,0.260163,0.146341,0,0.00143657,0.0446177,0.00447041,0.0573516,0.0881157,0.210222,0.155474,0.30054,0.146341,0.219512,0.0798681,0.0470269,0.128363,0.385333,0.244266,0.61936,0.0640058,0.0354469,0.100827,0.132978,0.0706344,0.210504,0.644871,0.422472,1.05665,0.85734,0.844715,0.868443,0.098268,0.0872547,0.113237,0.956126,0.953948,0.958127,6.50271,6.52111,5.46749,7.43586,0.113936,0.102819,0.12856,-0.151493,-0.167536,-0.118619,0.119968,0.11157,0.126367,-0.170475,-0.197954,-0.130141,0.116614,0.109627,0.122531,0.593136,0.738345,0.459217,0.946581,2,2.22764,1,3,17.733,12.7868,24.9998,17.3586,13.4381,25.721,0.120581,0.0962685,0.160993,0.561289,0.488644,0.676028,0.819981,0.745806,0.856547,-3.24048,-4.38163,-2.31081,3.06,2.68,3.56,4.98301e-14,2.44004e-14,8.08956e-14,0.0192133
l0.5_52k/mujoco_trueodom,"λ = 0.5, 52.8k steps, true odometry (MuJoCo, RoboCasa joints)",1.4,1.45,87,0.045977,0.0180224,0.112332,0,0,0.103448,0.172414,0.183908,0.114943,0,0,0.042289,0,0.042289,0.0553845,0.185052,0.107362,0.265172,0.16092,0.183908,0.088485,0.0542027,0.125063,0.381174,0.234567,0.585122,0.0684413,0.0373832,0.102345,0.135016,0.0897487,0.192279,0.637884,0.453014,0.981621,0.864502,0.850011,0.874518,0.0895127,0.0829933,0.106957,0.95629,0.953549,0.959638,6.66204,6.69877,5.73911,7.40638,0.11236,0.101336,0.127794,-0.152546,-0.170992,-0.121502,0.121018,0.113132,0.127253,-0.16974,-0.196041,-0.125906,0.117934,0.107184,0.123693,0.579939,0.697414,0.42726,0.906735,2,2.12644,1,3,18.6324,12.0105,25.057,18.9516,12.9442,25.7643,0.124273,0.0964576,0.163223,0.547431,0.480744,0.635849,0.842522,0.782409,0.856591,-3.56432,-4.44365,-2.63516,3.5,3.17,3.81,4.81895e-14,2.23272e-14,7.83638e-14,0.0289937
l0.5_52k/mujoco_trueodom,"λ = 0.5, 52.8k steps, true odometry (MuJoCo, RoboCasa joints)",1.5,1.55,51,0.0784314,0.0309217,0.185002,0,0,0.0980392,0.137255,0.137255,0.117647,0,0,0.070049,0,0.070049,0.0426074,0.209785,0.0681102,0.25722,0.0980392,0.196078,0.10198,0.0709047,0.132877,0.349506,0.225959,0.52189,0.0785644,0.0521044,0.110662,0.152661,0.102991,0.198804,0.646557,0.434179,0.864684,0.868883,0.855369,0.882624,0.0864275,0.0727635,0.097146,0.955424,0.951322,0.957539,6.47262,6.6554,5.88566,7.27868,0.114495,0.103351,0.133378,-0.147377,-0.176378,-0.101051,0.120956,0.111086,0.127671,-0.169854,-0.213031,-0.101696,0.117871,0.107169,0.122531,0.597631,0.74851,0.479771,0.897572,2,2.96078,0.5,4.5,19.8675,12.3478,28.5209,22.6393,15.117,30.8182,0.141831,0.108872,0.181782,0.558722,0.468944,0.723121,0.810992,0.754448,0.857366,-4.19804,-4.70969,-3.12008,3.77,3.5,3.955,4.75954e-14,2.69996e-14,7.77502e-14,0.029712
l0.5_52k/mujoco_trueodom,"λ = 0.5, 52.8k steps, true odometry (MuJoCo, RoboCasa joints)",1.6,1.65,33,0,0,0.104273,0,0,0.030303,0.0909091,0.0606061,0,0,0,0.104273,0,0.104273,0.00536927,0.153191,0.0314034,0.235729,0.030303,0.181818,0.136994,0.0899171,0.170044,0.383553,0.211346,0.628393,0.110986,0.0736992,0.143057,0.198156,0.149844,0.234638,0.603335,0.47384,0.94238,0.877681,0.871357,0.886124,0.0801783,0.0690687,0.0869763,0.957369,0.955326,0.959712,6.90802,6.8634,6.05745,7.91892,0.123767,0.104283,0.136427,-0.148512,-0.184171,0.101084,0.117647,0.113518,0.121317,-0.181263,-0.211469,0.0812255,0.113857,0.100833,0.116527,0.482185,0.622134,0.452936,0.602871,2,2.33333,0,4,21.9588,14.1832,34.6903,28.3236,14.2942,33.8617,0.180288,0.123759,0.20521,0.543112,0.457141,0.670247,0.815314,0.715413,0.857293,-4.21492,-5.39065,-3.18671,nan,nan,nan,3.92518e-14,2.10826e-14,1.10297e-13,nan
l0.5_52k/mujoco_trueodom,"λ = 0.5, 52.8k steps, true odometry (MuJoCo, RoboCasa joints)",1.7,1.75,21,0,0,0.154644,0,0,0,0.142857,0,0.047619,0,0,0.154644,0,0.154644,0,0.154644,0.0498092,0.346365,0,0.428571,0.130677,0.111635,0.176234,0.257733,0.162182,0.547085,0.119994,0.0727443,0.15445,0.210244,0.14207,0.246971,0.446401,0.27344,0.771178,0.881453,0.868925,0.892774,0.0759622,0.0642245,0.0898023,0.958561,0.955688,0.960168,7.40152,7.39479,6.86452,7.98829,0.124023,0.109753,0.147452,-0.166933,-0.196145,-0.128968,0.115623,0.106715,0.124927,-0.173476,-0.266955,-0.145148,0.10804,0.0984759,0.121078,0.537268,0.609514,0.457732,0.637012,2,3.04762,1,4,22.6059,16.3996,39.0702,21.3457,16.0198,33.1848,0.158759,0.128388,0.192822,0.611242,0.476977,0.71119,0.833096,0.78963,0.858782,-4.71755,-5.43892,-3.13488,nan,nan,nan,6.27966e-14,2.4951e-14,8.58021e-14,nan
l0.5_52k/mujoco_trueodom,"λ = 0.5, 52.8k steps, true odometry (MuJoCo, RoboCasa joints)",1.8,1.85,6,0,0,0.390343,0,0,0,0,0,0,0,0,0.390343,0,0.390343,0,0.390343,0,0.390343,0,0.5,0.202274,0.174741,0.243124,0.217229,0.200939,0.286826,0.176425,0.152892,0.213345,0.25734,0.210739,0.286291,0.35439,0.338758,0.438091,0.879266,0.867165,0.892042,0.0752952,0.0646336,0.0854154,0.954619,0.95039,0.956792,7.44796,7.40489,6.35863,8.29721,0.135657,0.119221,0.154446,-0.170806,-0.209351,-0.138057,0.120035,0.110381,0.122672,-0.205244,-0.226087,-0.195059,0.110334,0.10115,0.112357,0.512388,0.689399,0.465848,0.577299,4,3.83333,3.25,4.75,27.1016,26.1039,29.133,24.4939,22.5452,28.2663,0.168282,0.160776,0.182871,0.630943,0.550025,0.727678,0.823681,0.818275,0.833274,-4.5321,-4.84708,-4.3894,nan,nan,nan,3.46068e-14,1.95337e-14,6.01504e-14,nan
l1/isaac,λ = 1,-0.1,-0.05,24,0,0,0.137981,0,0,0,0,0,0.0416667,0,0,0.137981,0,0.137981,0,0.137981,0,0.137981,0,0.0833333,0.48506,0.413822,0.565241,0.455259,0.388463,0.524311,0.471672,0.387075,0.531501,0.676219,0.648687,0.703417,0.630663,0.554555,0.749961,0.699005,0.688405,0.708493,0.169538,0.161524,0.179653,0.868747,0.864264,0.871802,10.4215,10.3468,9.05566,11.1727,0.17699,0.164982,0.188673,-0.135505,-0.165769,-0.121763,0.120325,0.106413,0.125298,-0.152164,-0.183229,-0.122546,0.119837,0.106404,0.125255,0.993969,1.07262,0.835849,1.34234,1,1.45833,0,2,33.1135,26.9906,42.7221,25.2279,16.6291,36.2451,0.335175,0.281134,0.376522,0.701194,0.609007,0.797088,0.544652,0.476396,0.565171,7.49945,6.99507,9.30559,nan,nan,nan,0.0597515,0.0438321,0.0725565,nan
l1/isaac,λ = 1,0,0.05,75,0,0,0.0487255,0,0,0,0,0,0.0266667,0,0,0.0487255,0,0.0487255,0,0.0487255,0,0.0487255,0,0.0933333,0.468897,0.384416,0.526549,0.409761,0.340019,0.510547,0.450656,0.367082,0.50933,0.614015,0.576696,0.65416,0.584818,0.478988,0.696719,0.702587,0.693547,0.713565,0.164408,0.154596,0.175704,0.867777,0.864147,0.874497,10.9504,10.4863,9.4871,11.7189,0.176545,0.166437,0.186732,-0.131145,-0.17849,-0.110988,0.119253,0.112181,0.127298,-0.147161,-0.196837,-0.106408,0.119082,0.114113,0.123675,1.05301,1.07963,0.824626,1.25081,1,1.30667,0,2,33.5466,25.6968,41.8162,24.6691,19.6568,32.2336,0.336249,0.280682,0.393316,0.667203,0.604455,0.750255,0.507566,0.452375,0.586337,7.94631,6.54256,9.58948,nan,nan,nan,0.0632644,0.0526071,0.0789562,nan
l1/isaac,λ = 1,0.1,0.15,120,0,0,0.0310203,0,0,0,0,0,0.0333333,0.00833333,0,0.0310203,0,0.0310203,0,0.0310203,0,0.0310203,0,0.1,0.390083,0.327825,0.446813,0.386319,0.297129,0.585381,0.373941,0.300963,0.431982,0.53697,0.506063,0.576531,0.56324,0.45306,0.821181,0.708812,0.699218,0.719554,0.157585,0.147753,0.172409,0.869355,0.861857,0.874656,10.1962,9.8444,8.74629,11.0076,0.171303,0.163739,0.180172,-0.147083,-0.183096,-0.107703,0.12105,0.114387,0.129138,-0.159158,-0.196054,-0.124756,0.120724,0.114014,0.126862,0.970345,1.05353,0.83143,1.24212,1,1.06723,0,1,28.8894,23.7606,34.7147,23.5441,16.9815,29.4326,0.310631,0.272317,0.365373,0.643954,0.579381,0.726421,0.524871,0.456569,0.585828,7.16863,5.53995,8.42262,nan,nan,nan,0.0627064,0.0507644,0.0759887,nan
l1/isaac,λ = 1,0.2,0.25,165,0,0,0.0227527,0,0,0,0,0.00606061,0.0727273,0,0,0.0227527,0,0.0227527,0,0.0227527,0,0.0227527,0,0.127273,0.315939,0.270494,0.363673,0.386561,0.287446,0.569212,0.299372,0.250048,0.353321,0.458222,0.422382,0.498675,0.602137,0.417426,0.863493,0.714975,0.70331,0.727424,0.155342,0.141044,0.167627,0.870107,0.863203,0.875862,9.47868,9.23022,8.15629,10.5394,0.164503,0.156188,0.175297,-0.139825,-0.180271,-0.106527,0.122564,0.110076,0.128013,-0.152401,-0.201428,-0.112643,0.121893,0.109072,0.12605,1.0704,1.1397,0.856561,1.35066,1,1.27273,0,2,27.5816,21.9205,33.5058,23.2889,17.0807,31.5718,0.308105,0.257028,0.37292,0.651906,0.595472,0.76378,0.536113,0.468676,0.611898,6.42107,4.93113,7.78838,nan,nan,nan,0.0612049,0.049659,0.0743585,nan
l1/isaac,λ = 1,0.3,0.35,201,0,0,0.018754,0,0,0,0,0.0348259,0.0845771,0,0,0.018754,0,0.018754,0,0.018754,0,0.018754,0,0.164179,0.251119,0.212547,0.300944,0.401033,0.252699,0.577485,0.231756,0.192896,0.284195,0.376492,0.34111,0.41598,0.589897,0.419476,0.847192,0.720718,0.707559,0.731422,0.149091,0.136962,0.164339,0.869783,0.863723,0.874403,8.77905,8.54362,7.40614,9.8862,0.161916,0.154902,0.171936,-0.133509,-0.18233,-0.100253,0.121915,0.111671,0.128159,-0.147047,-0.199482,-0.107442,0.120113,0.111627,0.12623,1.03771,1.13828,0.837265,1.35118,1,1.05473,0,1,26.8707,19.571,34.5778,22.5255,16.793,31.0963,0.304622,0.249634,0.365018,0.637574,0.587445,0.744196,0.520041,0.465992,0.610267,5.6561,3.80265,7.31011,nan,nan,nan,0.0582824,0.04658,0.0718808,nan
l1/isaac,λ = 1,0.4,0.45,237,0,0,0.0159507,0,0,0,0,0.0548523,0.0970464,0.00421941,0,0.0159507,0,0.0159507,0,0.0159507,0,0.0159507,0,0.265823,0.20168,0.171155,0.242124,0.356374,0.225556,0.564102,0.178526,0.14801,0.222851,0.29997,0.255426,0.34522,0.547963,0.342047,0.790858,0.725191,0.710967,0.737858,0.144392,0.131348,0.160277,0.870556,0.864008,0.876337,8.06129,7.96604,6.94734,9.10342,0.158778,0.150553,0.170003,-0.137152,-0.176066,-0.102624,0.12278,0.112797,0.129108,-0.157314,-0.193226,-0.108397,0.122016,0.112736,0.126487,1.03425,1.11658,0.82215,1.37549,1,1.10593,0,1,24.2173,18.7097,33.2573,20.0074,15.928,28.688,0.280308,0.229624,0.33872,0.64328,0.577849,0.723372,0.562679,0.477757,0.642876,4.88213,3.3111,6.26365,nan,nan,nan,0.0559274,0.044939,0.0698443,nan
l1/isaac,λ = 1,0.5,0.55,255,0,0,0.0148415,0,0,0,0.0117647,0.0862745,0.113725,0,0,0.0148415,0,0.0148415,0,0.0148415,0.00400891,0.0340128,0,0.356863,0.157817,0.123109,0.194189,0.346986,0.1883,0.506001,0.131272,0.102017,0.168252,0.225057,0.184799,0.278566,0.499581,0.283208,0.778374,0.734077,0.720458,0.744564,0.135567,0.122237,0.151415,0.869573,0.864221,0.874883,7.63543,7.67709,6.57857,8.7703,0.157701,0.146857,0.171749,-0.137687,-0.177244,-0.105942,0.122134,0.111888,0.128142,-0.145479,-0.196804,-0.106657,0.12119,0.112375,0.126319,1.01822,1.08946,0.813595,1.32508,1,1.07843,0,2,21.2454,17.087,27.8298,19.3434,14.8558,25.7986,0.257546,0.222103,0.309327,0.634998,0.57594,0.729877,0.598537,0.516126,0.703118,4.1987,2.55885,5.71148,nan,nan,nan,0.0561723,0.0448106,0.0679306,nan
l1/isaac,λ = 1,0.6,0.65,267,0.00374532,0.00066143,0.0209069,0,0,0.0411985,0.0861423,0.123596,0.161049,0.00374532,0,0.0141839,0,0.0141839,0.0231576,0.0722547,0.0580854,0.125939,0.00749064,0.430712,0.116437,0.0870999,0.152717,0.275707,0.165549,0.44855,0.0911921,0.0630969,0.125147,0.164681,0.120104,0.21529,0.405662,0.253791,0.733381,0.738307,0.726413,0.752019,0.130236,0.115159,0.142507,0.869298,0.861722,0.8753,7.27558,7.32367,6.19418,8.2558,0.154948,0.143758,0.169376,-0.136067,-0.185256,-0.0973487,0.121232,0.113532,0.128957,-0.151648,-0.201059,-0.0953191,0.120428,0.113189,0.126594,1.09745,1.14044,0.863621,1.37807,1,1.14286,0,2,20.2399,16.0605,28.6489,18.4928,13.9642,24.7933,0.247143,0.208819,0.30767,0.646954,0.566642,0.76047,0.617196,0.509864,0.755053,3.4698,1.88065,5.04751,2.96,2.96,2.96,0.0558792,0.0431568,0.0688749,0.0418486
l1/isaac,λ = 1,0.7,0.75,282,0.0390071,0.021918,0.0684873,0,0,0.198582,0.287234,0.20922,0.20922,0,0,0.0134396,0,0.0134396,0.156207,0.249058,0.237561,0.342626,0.0673759,0.5,0.0869421,0.0606558,0.122145,0.238772,0.15071,0.408162,0.0569337,0.0339037,0.0895885,0.112229,0.0772185,0.167295,0.349752,0.213532,0.637642,0.74875,0.735325,0.761203,0.121217,0.107638,0.134152,0.869801,0.863922,0.874853,6.81077,6.87972,5.82076,7.76622,0.154907,0.143435,0.166889,-0.139744,-0.183998,-0.0999203,0.120342,0.113233,0.128412,-0.154128,-0.204459,-0.102327,0.119119,0.11209,0.126378,1.06773,1.14828,0.846242,1.40003,1,1.04255,0,1,19.7524,14.5753,28.1006,17.2555,13.9628,24.454,0.232093,0.200605,0.306487,0.658327,0.586878,0.734325,0.682732,0.579828,0.835349,2.48396,1.00583,4.13882,2.08,1.96,2.5,0.0511097,0.041821,0.0637505,0.0356383
l1/isaac,λ = 1,0.8,0.85,288,0.118056,0.0857225,0.160444,0,0,0.395833,0.53125,0.326389,0.295139,0,0,0.0131633,0,0.0131633,0.341081,0.453328,0.473584,0.588094,0.163194,0.604167,0.0636113,0.0467197,0.0938844,0.202302,0.13664,0.32451,0.0335657,0.0202125,0.060575,0.0800445,0.0578854,0.129003,0.281253,0.197953,0.485451,0.760111,0.745013,0.774057,0.108805,0.0910837,0.125916,0.869388,0.863667,0.875286,6.41348,6.48457,5.49621,7.39255,0.156332,0.143551,0.171899,-0.147685,-0.18666,-0.09965,0.120335,0.110104,0.12738,-0.163911,-0.210287,-0.0978074,0.118569,0.109691,0.124884,1.10694,1.16299,0.897261,1.36726,1,1.45139,0,2,20.9121,14.9174,26.2951,18.397,13.914,25.4132,0.246007,0.19945,0.301142,0.67006,0.579772,0.784199,0.767519,0.663205,0.85495,1.59407,0.202345,3.21045,2.06,1.79,2.575,0.0489886,0.0366284,0.0608107,0.0363927
l1/isaac,λ = 1,0.9,0.95,288,0.131944,0.0976596,0.175919,0,0.0104167,0.465278,0.614583,0.357639,0.302083,0,0,0.0131633,0.00354875,0.0301737,0.408506,0.522964,0.557216,0.668934,0.197917,0.611111,0.0610004,0.0443679,0.0858932,0.18287,0.127283,0.320056,0.027597,0.017083,0.0513439,0.0743958,0.0541591,0.11398,0.284567,0.192028,0.487032,0.772634,0.75705,0.789972,0.0965464,0.0786209,0.113455,0.870005,0.864453,0.875665,6.35608,6.51692,5.47231,7.25811,0.161235,0.147829,0.176851,-0.150859,-0.191105,-0.102483,0.121157,0.110033,0.127627,-0.165996,-0.216992,-0.111428,0.118394,0.107531,0.124242,1.07875,1.17094,0.870074,1.39197,1,1.82292,0,2,20.4126,14.9463,30.0348,18.3252,13.5319,27.4214,0.254974,0.202529,0.333418,0.670669,0.582195,0.800528,0.828309,0.739476,0.861162,0.698518,-0.663291,2.14732,1.77,1.685,2.16,0.0461684,0.0356056,0.0597189,0.0359783
l1/isaac,λ = 1,1,1.05,264,0.143939,0.106698,0.191395,0,0.00378788,0.492424,0.621212,0.329545,0.337121,0,0,0.0143428,0.00066895,0.021141,0.432659,0.552407,0.561353,0.677594,0.200758,0.632576,0.0595674,0.0453646,0.0856722,0.173959,0.123654,0.294248,0.0255872,0.0168247,0.0435611,0.0714031,0.0539209,0.113136,0.280382,0.193274,0.448195,0.781068,0.767237,0.798422,0.0869813,0.0683247,0.103919,0.868821,0.863984,0.875483,6.35356,6.38304,5.42714,7.26358,0.169064,0.15278,0.191116,-0.151999,-0.186986,-0.109616,0.120028,0.110075,0.126709,-0.172306,-0.212176,-0.111875,0.116258,0.106224,0.123452,1.07559,1.19104,0.846971,1.40518,1,1.90909,0,3,19.7803,14.937,28.5423,18.4967,14.0973,27.4368,0.255576,0.209001,0.348321,0.666804,0.597448,0.763578,0.850356,0.75386,0.873211,0.313552,-0.967144,1.62421,1.72,1.555,2.155,0.0492607,0.0355403,0.0636806,0.0365537
l1/isaac,λ = 1,1.1,1.15,213,0.117371,0.0807762,0.167523,0,0.00469484,0.460094,0.591549,0.305164,0.361502,0,0,0.0177162,0.000829214,0.0261103,0.394458,0.527143,0.524481,0.655373,0.197183,0.596244,0.0594374,0.0477867,0.0863484,0.202153,0.127015,0.301989,0.0260561,0.0173889,0.0456066,0.0761298,0.0551784,0.112933,0.300812,0.198712,0.493093,0.788615,0.773206,0.808477,0.0800694,0.0625809,0.0975181,0.871053,0.865222,0.87591,6.32275,6.45686,5.51246,7.33148,0.173613,0.158235,0.194832,-0.157445,-0.187287,-0.111692,0.11926,0.110257,0.125108,-0.180091,-0.216054,-0.114692,0.116103,0.106322,0.122453,1.08631,1.23363,0.88579,1.43247,1,2.17371,0,3,21.7385,15.6298,32.765,19.3738,14.3823,28.1945,0.258254,0.215978,0.34527,0.695687,0.610156,0.799989,0.854197,0.789699,0.877262,-0.349171,-1.53055,1.12498,1.94,1.68,2.66,0.0489916,0.0373916,0.0631434,0.0402967
l1/isaac,λ = 1,1.2,1.25,168,0.0892857,0.0548542,0.142081,0,0,0.357143,0.535714,0.291667,0.339286,0,0,0.0223555,0,0.0223555,0.288623,0.43205,0.460344,0.609488,0.130952,0.595238,0.0659679,0.0495082,0.0927294,0.210551,0.129811,0.334658,0.029116,0.0187153,0.0547266,0.0827753,0.0604445,0.124736,0.305974,0.206183,0.482222,0.79372,0.781023,0.813657,0.0737663,0.0552827,0.0918323,0.869575,0.864192,0.875099,6.35602,6.41329,5.56346,7.19952,0.180006,0.163139,0.199236,-0.171509,-0.198806,-0.120003,0.118782,0.10894,0.124644,-0.193723,-0.231739,-0.117168,0.115307,0.105642,0.121089,1.09065,1.2713,0.899171,1.4358,2,2.93452,1,5,22.3987,16.5141,32.2454,20.8819,15.6346,29.3896,0.261312,0.229704,0.346817,0.703188,0.614063,0.822147,0.858003,0.810245,0.883446,-0.395135,-1.81899,0.745081,1.84,1.62,2.17,0.0483501,0.039711,0.0622501,0.0403189
l1/isaac,λ = 1,1.3,1.35,123,0.0731707,0.0389699,0.133226,0,0,0.341463,0.455285,0.195122,0.292683,0,0,0.0302866,0,0.0302866,0.2636,0.42893,0.369962,0.543316,0.113821,0.512195,0.0747039,0.0542687,0.107009,0.214309,0.140217,0.430698,0.0294416,0.0192478,0.0628064,0.086787,0.0619488,0.135141,0.326839,0.211788,0.615771,0.798709,0.783314,0.812856,0.0714216,0.0536842,0.086361,0.870153,0.864,0.876005,6.31308,6.38534,5.6077,6.98562,0.182349,0.168186,0.205349,-0.170468,-0.195598,-0.120929,0.118407,0.107713,0.124553,-0.187578,-0.23127,-0.129803,0.114009,0.103774,0.12094,1.03166,1.20383,0.845995,1.41333,2,3.08943,1,4,25.218,18.2236,35.6151,23.7988,16.5644,33.0297,0.2744,0.231978,0.393263,0.691563,0.609779,0.798834,0.864429,0.832642,0.889757,-0.890666,-2.26868,0.320376,1.84,1.82,2.54,0.0524561,0.0393947,0.0677239,0.0382603
l1/isaac,λ = 1,1.4,1.45,87,0.0689655,0.0319884,0.142399,0,0,0.287356,0.448276,0.206897,0.229885,0.0229885,0,0.042289,0,0.042289,0.202856,0.389842,0.34817,0.552756,0.091954,0.551724,0.0747125,0.0628757,0.102622,0.199071,0.11873,0.346608,0.0341665,0.0212054,0.0525071,0.0884564,0.0679549,0.138312,0.313348,0.182375,0.51749,0.799358,0.788112,0.815912,0.0680539,0.0509721,0.0848985,0.86948,0.863672,0.876188,6.20592,6.39898,5.44568,7.41873,0.181182,0.170452,0.203935,-0.173309,-0.202174,-0.139427,0.116159,0.104594,0.123591,-0.195507,-0.230304,-0.150514,0.109429,0.0975247,0.118769,1.08612,1.22475,0.884649,1.52293,2,2.91765,1,4,24.1434,19.3634,32.5383,24.3169,17.8401,35.4835,0.278291,0.222441,0.372776,0.69883,0.63171,0.798588,0.861802,0.847897,0.897094,-0.798766,-2.44885,0.422126,1.83,1.755,1.92,0.0564207,0.0409148,0.0714846,0.0352637
l1/isaac,λ = 1,1.5,1.55,51,0.0392157,0.0108209,0.132165,0,0,0.254902,0.333333,0.0980392,0.137255,0,0,0.070049,0,0.070049,0.155456,0.388685,0.219698,0.470319,0.0392157,0.627451,0.0931811,0.070621,0.132675,0.174428,0.104965,0.428889,0.0522066,0.0239325,0.0866715,0.108814,0.0695515,0.164174,0.261386,0.179617,0.485585,0.806651,0.796193,0.822745,0.0609494,0.0418698,0.0723087,0.869095,0.862108,0.873899,5.78448,6.10587,5.43413,6.70406,0.183318,0.171714,0.203614,-0.177131,-0.194603,-0.140856,0.112927,0.101977,0.121338,-0.204746,-0.230533,-0.144952,0.106526,0.0874467,0.11743,1.10951,1.34353,0.856558,1.59052,3,3.70588,1.5,5,29.8364,23.008,41.8726,31.8606,20.1781,43.8207,0.319803,0.246466,0.413349,0.759191,0.668728,0.830159,0.869286,0.841464,0.893887,-0.481999,-2.01238,0.7959,2.18,2.17,2.19,0.058022,0.0471069,0.0725501,0.0387664
l1/isaac,λ = 1,1.6,1.65,33,0,0,0.104273,0,0,0.0909091,0.242424,0,0.030303,0,0,0.104273,0,0.104273,0.0314034,0.235729,0.128316,0.410249,0,0.69697,0.124419,0.0841632,0.162088,0.159059,0.1264,0.280457,0.0671764,0.0433743,0.112483,0.125278,0.100807,0.197346,0.219496,0.191522,0.41703,0.81493,0.7991,0.826086,0.051782,0.0365574,0.0721834,0.867759,0.864693,0.875237,6.11081,6.23597,4.90485,6.52562,0.189327,0.177403,0.210451,-0.169695,-0.195125,-0.130563,0.111952,0.0982404,0.121801,-0.18141,-0.240357,-0.124227,0.104843,0.0924425,0.117719,0.986536,1.30711,0.83479,1.5798,2,3.12121,1,5,31.9462,23.9392,38.4268,29.0489,21.0671,37.478,0.277309,0.250201,0.367578,0.735403,0.632402,0.833754,0.875509,0.855166,0.913209,0.25043,-1.70403,1.9369,nan,nan,nan,0.0695304,0.0604169,0.077622,nan
l1/isaac,λ = 1,1.7,1.75,21,0,0,0.154644,0,0,0,0.0952381,0,0,0,0,0.154644,0,0.154644,0,0.154644,0.0265182,0.289146,0,0.761905,0.165068,0.119426,0.192598,0.13825,0.110265,0.223519,0.0897074,0.0673168,0.127123,0.173542,0.136539,0.227599,0.23418,0.164007,0.272973,0.815571,0.799586,0.830438,0.0608529,0.0486195,0.0720838,0.871574,0.867224,0.875404,6.74334,6.48022,5.651,7.13248,0.205631,0.192567,0.241278,-0.180194,-0.208328,-0.1522,0.0971025,0.0777521,0.117277,-0.206556,-0.239278,-0.183159,0.0873745,0.056617,0.10206,1.30015,1.48605,0.9489,1.94344,5,6.28571,3,10,31.4186,25.1741,46.5644,25.6137,21.4319,34.2011,0.299572,0.264725,0.353641,0.832962,0.712871,0.852707,0.882101,0.863522,0.90803,-0.303923,-1.13705,0.444064,nan,nan,nan,0.0651733,0.0528814,0.0795202,nan
l1/isaac,λ = 1,1.8,1.85,6,0,0,0.390343,0,0,0,0,0,0,0,0,0.390343,0,0.390343,0,0.390343,0,0.390343,0,0.833333,0.1994,0.169328,0.20766,0.12905,0.117974,0.173641,0.12465,0.104351,0.18146,0.20104,0.170563,0.235328,0.200065,0.165947,0.232611,0.835263,0.820263,0.848877,0.0354219,0.0260897,0.0471008,0.874427,0.869354,0.879557,6.95495,6.55098,6.303,7.33503,0.228954,0.221244,0.245767,-0.149589,-0.178182,-0.143731,0.114747,0.105928,0.123451,-0.182116,-0.194236,-0.156604,0.11619,0.100642,0.118353,1.11584,1.15832,1.01666,1.31797,6,5,4.5,6,29.9813,20.7442,35.1183,22.9881,18.9049,30.1739,0.29238,0.267519,0.333331,0.702482,0.681982,0.801713,0.885642,0.87207,0.899041,0.130899,-0.622151,1.26962,nan,nan,nan,0.0749558,0.0607833,0.0832747,nan
l1/mujoco,"λ = 1 (MuJoCo, RoboCasa joints)",-0.1,-0.05,24,0,0,0.137981,0,0,0,0,0,0,0.0416667,0,0.137981,0,0.137981,0,0.137981,0,0.137981,0,0.0416667,0.492276,0.407987,0.575155,0.47621,0.391961,0.558689,0.489189,0.390825,0.568936,0.675494,0.64784,0.696325,0.711679,0.589724,0.942453,0.69663,0.692889,0.700669,0.191936,0.184557,0.197536,0.886368,0.882405,0.890972,9.31678,9.54634,8.30068,10.6603,0.119775,0.113068,0.135605,-0.166779,-0.192132,-0.155402,0.119393,0.113855,0.124679,-0.188855,-0.203738,-0.160809,0.120105,0.115024,0.125334,0.789116,0.996295,0.553565,1.28193,3,2.26087,1,3,14.6807,10.2125,22.4853,9.31542,7.80781,10.9165,0.0942952,0.0861414,0.110011,0.712519,0.628547,0.824593,0.33341,0.316024,0.404058,6.94186,5.03082,8.15849,nan,nan,nan,0.0989743,0.0866654,0.11282,nan
l1/mujoco,"λ = 1 (MuJoCo, RoboCasa joints)",0,0.05,75,0,0,0.0487255,0,0,0,0,0,0.0133333,0,0,0.0487255,0,0.0487255,0,0.0487255,0,0.0487255,0,0.186667,0.489596,0.396906,0.529018,0.411258,0.264331,0.561227,0.479547,0.384076,0.525373,0.60622,0.573341,0.642531,0.615891,0.427181,0.961709,0.703487,0.690671,0.711358,0.18661,0.176478,0.195182,0.888282,0.883844,0.891355,9.99701,9.78661,8.6891,11.212,0.116333,0.10615,0.128264,-0.153544,-0.184273,-0.116795,0.126763,0.119215,0.130525,-0.184658,-0.215929,-0.1532,0.126268,0.11807,0.128729,0.649006,0.790736,0.427882,1.01652,2,1.92,1,3,11.9572,8.57094,19.002,9.67232,7.00752,12.8529,0.0896212,0.0751303,0.113989,0.672165,0.575243,0.775312,0.385462,0.32448,0.555348,6.70693,5.00607,8.00219,nan,nan,nan,0.101775,0.0881708,0.117116,nan
l1/mujoco,"λ = 1 (MuJoCo, RoboCasa joints)",0.1,0.15,120,0,0,0.0310203,0,0,0,0,0,0.0333333,0.00833333,0,0.0310203,0,0.0310203,0,0.0310203,0,0.0310203,0,0.15,0.405164,0.336758,0.461006,0.439361,0.254397,0.611754,0.394808,0.321565,0.454604,0.530544,0.490331,0.575811,0.691697,0.441099,0.942906,0.707254,0.69384,0.718036,0.179715,0.166308,0.195416,0.887284,0.883831,0.89214,9.25143,9.14248,8.16897,10.2957,0.107576,0.0964356,0.124197,-0.138458,-0.18264,-0.106257,0.126138,0.116936,0.13029,-0.168195,-0.197362,-0.129983,0.124718,0.116836,0.129043,0.676618,0.780705,0.474154,0.976607,1,1.78992,1,2,10.4205,7.67481,17.1348,8.59905,6.51945,11.7507,0.0872475,0.0743591,0.103814,0.631322,0.567595,0.756978,0.447648,0.343308,0.542318,6.25318,4.50404,7.41052,nan,nan,nan,0.0987252,0.0835187,0.114509,nan
l1/mujoco,"λ = 1 (MuJoCo, RoboCasa joints)",0.2,0.25,165,0,0,0.0227527,0,0,0,0,0,0.0242424,0.00606061,0,0.0227527,0,0.0227527,0,0.0227527,0,0.0227527,0,0.2,0.329064,0.284463,0.371868,0.43617,0.265271,0.618464,0.320295,0.270325,0.363963,0.452231,0.41972,0.491365,0.714321,0.421327,0.970927,0.711806,0.700176,0.724418,0.175691,0.162114,0.18795,0.887827,0.884672,0.892853,8.61897,8.57863,7.19096,9.75112,0.105521,0.0933021,0.120587,-0.143097,-0.182543,-0.10308,0.124602,0.116073,0.130491,-0.167085,-0.20377,-0.123811,0.124368,0.116171,0.129053,0.617379,0.787827,0.420565,1.06335,1,1.89024,1,2,9.89344,7.58735,16.5523,9.12606,7.13599,13.3244,0.0845129,0.0744609,0.101259,0.668473,0.585255,0.802358,0.453538,0.347778,0.600775,5.58793,4.2607,6.49071,nan,nan,nan,0.0975953,0.0865939,0.111745,nan
l1/mujoco,"λ = 1 (MuJoCo, RoboCasa joints)",0.3,0.35,201,0,0,0.018754,0,0,0,0,0.00995025,0.0248756,0.00497512,0,0.018754,0,0.018754,0,0.018754,0,0.018754,0,0.208955,0.271401,0.237616,0.316583,0.426368,0.248108,0.676136,0.263684,0.223503,0.30804,0.38652,0.344611,0.433895,0.711283,0.441671,1.05755,0.719964,0.707339,0.73286,0.167093,0.152079,0.182159,0.888144,0.883487,0.892346,7.9334,8.01436,6.73384,9.01983,0.100755,0.0897096,0.120757,-0.149942,-0.185816,-0.113208,0.12356,0.113722,0.130692,-0.170768,-0.203856,-0.135326,0.123345,0.114401,0.128912,0.641625,0.742497,0.464734,0.916017,1,1.725,1,2,10.0681,8.00581,15.8575,9.80251,6.95681,13.8379,0.0878453,0.0766109,0.103097,0.646445,0.567861,0.746068,0.516648,0.382723,0.635248,4.74043,3.16784,6.16151,nan,nan,nan,0.0962758,0.0824282,0.109237,nan
l1/mujoco,"λ = 1 (MuJoCo, RoboCasa joints)",0.4,0.45,237,0,0,0.0159507,0,0,0,0,0.021097,0.0126582,0.00421941,0,0.0159507,0,0.0159507,0,0.0159507,0,0.0159507,0,0.21097,0.222629,0.18495,0.266007,0.460508,0.248841,0.727782,0.211687,0.175201,0.255557,0.311062,0.270507,0.363591,0.714759,0.403431,1.07825,0.72761,0.711776,0.740598,0.160079,0.146256,0.175831,0.887599,0.883379,0.89242,7.50263,7.43922,6.52108,8.36594,0.10317,0.0895201,0.116294,-0.147813,-0.175977,-0.109259,0.121722,0.11293,0.129317,-0.17047,-0.204926,-0.134445,0.121606,0.112895,0.128414,0.61345,0.736294,0.416251,0.920412,1,1.76695,1,2,10.7592,8.07588,15.304,10.1317,7.64855,14.9171,0.0874097,0.0751464,0.103896,0.670036,0.584615,0.797581,0.517481,0.414354,0.635458,4.24708,2.91093,5.57505,nan,nan,nan,0.0931798,0.080628,0.106242,nan
l1/mujoco,"λ = 1 (MuJoCo, RoboCasa joints)",0.5,0.55,255,0,0,0.0148415,0,0,0,0,0.0352941,0.0196078,0,0,0.0148415,0,0.0148415,0,0.0148415,0,0.0148415,0,0.247059,0.177385,0.146836,0.218259,0.440286,0.201049,0.676818,0.164036,0.133997,0.208755,0.249273,0.200097,0.306473,0.695026,0.373256,1.07179,0.736731,0.721567,0.751474,0.1526,0.133718,0.165112,0.888058,0.883872,0.89234,6.88221,6.94352,5.99374,7.71111,0.100252,0.0905384,0.115777,-0.154301,-0.184529,-0.116934,0.121199,0.112695,0.129054,-0.174024,-0.206966,-0.141539,0.119895,0.112695,0.127674,0.708876,0.804251,0.50659,1.00405,1,1.7451,1,2,10.0577,7.885,14.0723,10.2777,7.93947,13.6759,0.0884735,0.0753836,0.102073,0.67093,0.576348,0.79358,0.562968,0.458005,0.709804,3.58942,2.09929,4.82615,nan,nan,nan,0.0903829,0.0778087,0.104247,nan
l1/mujoco,"λ = 1 (MuJoCo, RoboCasa joints)",0.6,0.65,267,0,0,0.0141839,0,0,0.0149813,0.0524345,0.0374532,0.0262172,0.00374532,0,0.0141839,0,0.0141839,0.00584085,0.0378806,0.0314875,0.0860779,0,0.258427,0.142847,0.107383,0.176498,0.40756,0.19899,0.596876,0.126898,0.0954598,0.166102,0.184533,0.139647,0.247556,0.64308,0.346797,1.02596,0.746327,0.733045,0.761716,0.141028,0.124234,0.158751,0.887922,0.883685,0.892779,6.57144,6.62767,5.77041,7.28098,0.100396,0.0889276,0.113863,-0.161755,-0.191688,-0.117139,0.12179,0.112953,0.12846,-0.175511,-0.211097,-0.148154,0.121152,0.111655,0.126609,0.661528,0.736109,0.482002,0.871568,1,1.80827,1,2,11.2697,8.63517,15.3978,11.607,9.13839,15.5702,0.0915417,0.0808339,0.11086,0.683411,0.602161,0.798208,0.614769,0.496462,0.71147,2.74662,1.37647,4.21252,nan,nan,nan,0.089576,0.0788177,0.101577,nan
l1/mujoco,"λ = 1 (MuJoCo, RoboCasa joints)",0.7,0.75,282,0,0,0.0134396,0,0,0.0319149,0.124113,0.0567376,0.0212766,0,0,0.0134396,0,0.0134396,0.0168795,0.059532,0.0906097,0.167721,0.0035461,0.262411,0.11506,0.0927279,0.150781,0.372277,0.193995,0.549553,0.0959357,0.0682989,0.133093,0.147898,0.103299,0.195416,0.618652,0.326814,0.966023,0.76021,0.745408,0.77683,0.126266,0.108801,0.143515,0.888127,0.883932,0.892587,6.19678,6.32088,5.36943,7.04253,0.102616,0.089507,0.117381,-0.158081,-0.187941,-0.123523,0.12002,0.109221,0.12796,-0.180273,-0.211744,-0.139924,0.118528,0.107728,0.125582,0.592971,0.756468,0.429109,0.88995,2,2.31915,1,3,11.8163,9.48982,17.3688,12.1158,9.59652,17.1534,0.0946261,0.083713,0.117341,0.67997,0.590282,0.785779,0.656124,0.563359,0.771173,1.88382,0.563317,3.32365,nan,nan,nan,0.0873974,0.0772075,0.100251,nan
l1/mujoco,"λ = 1 (MuJoCo, RoboCasa joints)",0.8,0.85,288,0,0,0.0131633,0,0,0.0694444,0.180556,0.0763889,0.0173611,0,0,0.0131633,0,0.0131633,0.0454007,0.104823,0.140429,0.229092,0.0104167,0.246528,0.105178,0.084406,0.134844,0.32362,0.20965,0.51148,0.0794028,0.0539887,0.115593,0.131497,0.0928477,0.184364,0.55713,0.355602,0.8927,0.776031,0.759322,0.796338,0.111071,0.0893765,0.128971,0.888124,0.883838,0.892102,6.03483,6.09262,5.24668,6.90119,0.106242,0.0940241,0.120783,-0.164342,-0.191593,-0.125385,0.120405,0.109107,0.126968,-0.180083,-0.217303,-0.149224,0.1178,0.106583,0.12384,0.654118,0.715416,0.469078,0.860165,2,2.45139,1,4,13.545,10.5842,18.9626,13.7915,10.9983,18.9054,0.101348,0.0868998,0.129354,0.691039,0.611633,0.802812,0.689466,0.595913,0.78967,1.14158,-0.101771,2.62631,nan,nan,nan,0.0886094,0.0786172,0.102399,nan
l1/mujoco,"λ = 1 (MuJoCo, RoboCasa joints)",0.9,0.95,288,0.00347222,0.00061318,0.0194032,0,0,0.0659722,0.173611,0.100694,0.0347222,0,0,0.0131633,0,0.0131633,0.0426379,0.100733,0.134238,0.221577,0.0173611,0.277778,0.101341,0.0827738,0.127018,0.318033,0.200111,0.541208,0.0752695,0.0505047,0.102945,0.124133,0.089884,0.17643,0.569752,0.325272,0.9497,0.791592,0.773939,0.817754,0.0950884,0.0706241,0.116475,0.887852,0.883586,0.892021,6.05355,6.07787,5.26164,6.7876,0.108417,0.0979126,0.12598,-0.160776,-0.186438,-0.128881,0.118603,0.108655,0.125891,-0.180345,-0.213655,-0.148695,0.115546,0.104745,0.123108,0.640767,0.723202,0.431192,0.900396,2,2.98611,1,4,15.2871,11.2871,20.6249,15.0803,11.1011,21.1961,0.107197,0.0908987,0.139168,0.709321,0.621366,0.803873,0.714838,0.619448,0.822261,0.610183,-0.783616,1.7734,2.1,2.1,2.1,0.0895181,0.0800576,0.104218,0.0682041
l1/mujoco,"λ = 1 (MuJoCo, RoboCasa joints)",1,1.05,264,0.00757576,0.00207997,0.027197,0,0,0.094697,0.166667,0.094697,0.0265152,0,0,0.0143428,0,0.0143428,0.0649659,0.136054,0.12656,0.216335,0.030303,0.272727,0.105077,0.0825723,0.13638,0.341182,0.196838,0.555688,0.0777055,0.0466502,0.108399,0.129118,0.0916728,0.184142,0.609184,0.339118,0.973158,0.804686,0.781165,0.82394,0.0855556,0.0638469,0.104323,0.888169,0.883923,0.892237,6.12354,6.22262,5.46496,6.93131,0.113961,0.100463,0.131667,-0.169453,-0.195612,-0.140826,0.117758,0.107146,0.126282,-0.188494,-0.226729,-0.158029,0.114455,0.103156,0.121241,0.679754,0.75771,0.465805,0.93393,3,3.56061,1,5,16.8933,12.6004,22.4078,16.3368,12.301,23.1286,0.120544,0.100368,0.148546,0.728012,0.631733,0.823269,0.730014,0.646602,0.820671,0.304631,-1.07336,1.39357,2.4,2.02,2.78,0.0908025,0.0800779,0.104596,0.057041
l1/mujoco,"λ = 1 (MuJoCo, RoboCasa joints)",1.1,1.15,213,0.00938967,0.00257872,0.0335841,0,0,0.0657277,0.140845,0.0657277,0.028169,0,0,0.0177162,0,0.0177162,0.0395525,0.10729,0.100472,0.193944,0.0234742,0.276995,0.115216,0.0860787,0.14561,0.37363,0.180563,0.627955,0.0803687,0.0538958,0.117334,0.13997,0.10354,0.184445,0.6601,0.327912,1.16349,0.814053,0.793637,0.83074,0.07273,0.0562653,0.0935795,0.888067,0.882973,0.892419,5.95926,6.01624,5.28621,6.72612,0.117106,0.104008,0.131997,-0.174029,-0.199708,-0.143597,0.119884,0.107376,0.12679,-0.197756,-0.228365,-0.166905,0.114672,0.103319,0.123541,0.710858,0.785277,0.484774,0.961332,3,3.62441,2,5,18.1855,13.4206,28.3812,18.7705,12.993,25.7898,0.126683,0.102954,0.165583,0.732064,0.645671,0.827745,0.743842,0.662449,0.8425,-0.182153,-1.29919,1.49647,2.17,1.915,2.425,0.0930003,0.0816262,0.106322,0.0685274
l1/mujoco,"λ = 1 (MuJoCo, RoboCasa joints)",1.2,1.25,168,0.00595238,0.00105149,0.0329426,0,0,0.077381,0.160714,0.0654762,0.0357143,0,0,0.0223555,0,0.0223555,0.0457765,0.127881,0.112865,0.223733,0.0178571,0.255952,0.118874,0.0882274,0.148518,0.334722,0.172455,0.615492,0.0903034,0.0594055,0.120524,0.153737,0.105159,0.203402,0.592838,0.307528,1.1252,0.81571,0.799701,0.835616,0.0709279,0.0542112,0.0876351,0.888218,0.885042,0.892421,5.93968,5.96079,5.16799,6.65785,0.116285,0.104995,0.130591,-0.173633,-0.193815,-0.152391,0.117892,0.102378,0.124888,-0.197081,-0.235478,-0.170322,0.114328,0.0989828,0.121413,0.719365,0.789941,0.497902,1.0211,3,3.57738,2,5,19.9582,14.1481,29.3593,18.908,14.3486,27.0145,0.13935,0.113567,0.168714,0.745354,0.652403,0.829496,0.783637,0.682765,0.84866,-0.0942667,-1.74334,1.29302,1.82,1.82,1.82,0.0962764,0.083699,0.107586,0.0627808
l1/mujoco,"λ = 1 (MuJoCo, RoboCasa joints)",1.3,1.35,123,0,0,0.0302866,0,0,0.0487805,0.105691,0.0487805,0,0,0,0.0302866,0,0.0302866,0.0225455,0.102347,0.0628125,0.172454,0,0.308943,0.114187,0.094255,0.150762,0.340418,0.170727,0.645288,0.0816378,0.0510026,0.118341,0.146097,0.106466,0.200285,0.609534,0.290465,1.11062,0.820789,0.803478,0.834485,0.0672046,0.0550432,0.0832274,0.888315,0.885172,0.892429,5.94005,5.98359,5.28105,6.60074,0.119585,0.107504,0.138023,-0.172957,-0.199771,-0.15465,0.116509,0.102502,0.124079,-0.194033,-0.235835,-0.162472,0.111339,0.0967416,0.118724,0.733966,0.808725,0.485942,0.997895,3,4.0813,2,5,23.1777,16.7851,30.7192,21.3918,15.7783,29.9004,0.1471,0.125425,0.187858,0.701019,0.633683,0.823338,0.770145,0.678014,0.847832,-0.464245,-1.88902,1.07141,nan,nan,nan,0.0926515,0.0842101,0.108328,nan
l1/mujoco,"λ = 1 (MuJoCo, RoboCasa joints)",1.4,1.45,87,0,0,0.042289,0,0,0.0114943,0.0804598,0,0,0,0,0.042289,0,0.042289,0.00203186,0.0622735,0.0395198,0.156884,0,0.321839,0.122023,0.102251,0.153766,0.338863,0.179412,0.516311,0.0880809,0.0607499,0.12123,0.160135,0.112871,0.207973,0.572078,0.289247,0.90911,0.824625,0.80391,0.838975,0.062395,0.0473507,0.0833992,0.888926,0.88359,0.892521,6.04204,5.93361,5.36167,6.46662,0.11609,0.104488,0.1266,-0.171179,-0.193705,-0.147544,0.118685,0.109323,0.126392,-0.195942,-0.234924,-0.169241,0.112768,0.103901,0.12143,0.700741,0.72916,0.508678,0.918456,3,4.24138,1.5,6,23.4452,18.1777,33.1454,22.2605,16.9862,29.8588,0.155464,0.128821,0.185802,0.706205,0.61129,0.832278,0.794959,0.708001,0.845878,-0.357355,-1.48305,0.865291,nan,nan,nan,0.097646,0.0861,0.111586,nan
l1/mujoco,"λ = 1 (MuJoCo, RoboCasa joints)",1.5,1.55,51,0,0,0.070049,0,0,0,0.0392157,0,0,0,0,0.070049,0,0.070049,0,0.070049,0.0108209,0.132165,0,0.333333,0.145059,0.110086,0.176924,0.300316,0.155591,0.503251,0.105329,0.0777188,0.146898,0.178599,0.143884,0.227398,0.465908,0.231606,0.860197,0.836316,0.812888,0.852268,0.0532129,0.0378284,0.0769364,0.888351,0.882607,0.892756,5.77753,6.15302,5.24031,6.95829,0.122254,0.109648,0.135253,-0.177986,-0.198468,-0.154044,0.1156,0.100624,0.124457,-0.200454,-0.24138,-0.165279,0.107857,0.0895072,0.117632,0.635035,0.724985,0.518763,0.844891,4,4.60784,2,6,26.2323,20.5756,37.3309,25.7498,15.7298,32.0315,0.167707,0.129983,0.207597,0.759023,0.664945,0.832519,0.808986,0.746125,0.85221,-0.177527,-1.17349,0.877793,nan,nan,nan,0.104006,0.0919606,0.117496,nan
l1/mujoco,"λ = 1 (MuJoCo, RoboCasa joints)",1.6,1.65,33,0,0,0.104273,0,0,0,0.030303,0,0,0,0,0.104273,0,0.104273,0,0.104273,0.00536927,0.153191,0,0.363636,0.179738,0.136052,0.193749,0.224461,0.155894,0.468588,0.137942,0.0947673,0.173403,0.214327,0.168661,0.245473,0.431138,0.274221,0.781842,0.84335,0.82387,0.862456,0.0426688,0.0220969,0.0682013,0.888976,0.884381,0.892399,5.76876,5.78087,5.15633,6.34239,0.115474,0.107583,0.125076,-0.159872,-0.180881,-0.128717,0.121144,0.103069,0.124902,-0.174329,-0.206216,-0.138631,0.114692,0.094491,0.121022,0.582108,0.691134,0.408318,0.867464,2,3.54545,1,5,25.4295,19.6365,34.4582,20.7136,14.6093,28.5336,0.158307,0.125112,0.20015,0.690047,0.576253,0.838396,0.735617,0.656294,0.838914,0.0112585,-1.46102,0.900954,nan,nan,nan,0.110579,0.0928024,0.137316,nan
l1/mujoco,"λ = 1 (MuJoCo, RoboCasa joints)",1.7,1.75,21,0,0,0.154644,0,0,0,0,0,0,0,0,0.154644,0,0.154644,0,0.154644,0,0.154644,0,0.52381,0.189256,0.1595,0.226358,0.186267,0.137204,0.40384,0.152901,0.12117,0.200033,0.237598,0.180794,0.284507,0.326191,0.270031,0.77565,0.840049,0.824584,0.877129,0.0463546,0.0115338,0.0635144,0.88852,0.883343,0.891686,5.69442,5.97182,5.31357,6.34115,0.119757,0.112366,0.13132,-0.165053,-0.177887,-0.15264,0.113085,0.086767,0.124401,-0.178255,-0.210696,-0.167986,0.105517,0.0861353,0.114915,0.727261,0.754658,0.381801,0.979855,3,4.28571,2,5,27.3389,20.6416,30.1595,24.4036,21.8211,30.9213,0.179923,0.146172,0.195412,0.74754,0.66358,0.776531,0.7723,0.651242,0.848872,-0.718367,-1.84559,0.497458,nan,nan,nan,0.103938,0.0975176,0.13924,nan
l1/mujoco,"λ = 1 (MuJoCo, RoboCasa joints)",1.8,1.85,6,0,0,0.390343,0,0,0,0,0,0,0,0,0.390343,0,0.390343,0,0.390343,0,0.390343,0,0.166667,0.212672,0.187223,0.250309,0.233304,0.174036,0.304159,0.189978,0.17079,0.220691,0.237777,0.20631,0.274172,0.576354,0.477229,0.634879,0.858196,0.838544,0.87778,0.0273619,0.010402,0.0503048,0.888819,0.887545,0.890161,5.47316,5.75623,5.25018,6.14908,0.111807,0.106307,0.136881,-0.143748,-0.152272,-0.141067,0.0954535,0.090977,0.0962496,-0.158169,-0.161318,-0.155327,0.088233,0.0843428,0.091042,0.529071,0.569597,0.415102,0.707695,2,3,1,3.75,28.0711,21.6692,44.4694,25.3619,23.0018,31.2965,0.172057,0.132927,0.204051,0.600647,0.550451,0.743344,0.755851,0.646807,0.846912,-2.06052,-2.40245,0.217985,nan,nan,nan,0.122371,0.104783,0.146883,nan
l1/mujoco_isaacphys,"λ = 1 (MuJoCo, training joints)",-0.1,-0.05,12,0,0,0.242501,0,0,0,0,0,0,0,0,0.242501,0,0.242501,0,0.242501,0,0.242501,0,0,0.474716,0.387836,0.541231,0.427193,0.382934,0.463845,0.444048,0.357221,0.521766,0.679192,0.657312,0.698977,0.66554,0.595765,0.7794,0.700389,0.693842,0.709827,0.181069,0.174914,0.190143,0.88496,0.879036,0.888713,10.0181,9.49229,7.52522,10.6872,0.167368,0.162075,0.174792,-0.188016,-0.211665,-0.154018,0.119364,0.113581,0.130592,-0.191634,-0.226812,-0.187372,0.118595,0.115857,0.129036,0.592313,0.658505,0.5334,0.747281,2,2.25,1.75,3.25,39.4505,32.0616,43.9133,20.5348,17.7581,34.8993,0.339528,0.315649,0.399995,0.686747,0.661228,0.856576,0.559371,0.462327,0.645992,6.3369,4.98287,8.38136,nan,nan,nan,0.108927,0.0886596,0.121624,nan
l1/mujoco_isaacphys,"λ = 1 (MuJoCo, training joints)",0,0.05,30,0,0,0.113517,0,0,0,0,0,0,0,0,0.113517,0,0.113517,0,0.113517,0,0.113517,0,0.0333333,0.48332,0.410992,0.531861,0.394382,0.332751,0.49355,0.464676,0.397294,0.497914,0.603299,0.569506,0.639618,0.573136,0.48883,0.751583,0.703273,0.690714,0.716363,0.182792,0.166546,0.194279,0.882626,0.880661,0.888288,10.0115,9.92341,9.17756,10.846,0.16111,0.150631,0.169241,-0.173809,-0.218077,-0.112923,0.123525,0.115651,0.128661,-0.183329,-0.230028,-0.130424,0.123662,0.11573,0.126523,0.946193,1.06177,0.783423,1.35831,2,1.93333,0,3,35.3601,33.0179,41.8623,33.3627,22.1715,46.6807,0.347896,0.320797,0.414748,0.728029,0.630108,0.866026,0.496169,0.442589,0.550669,7.77111,5.7793,8.49892,nan,nan,nan,0.108156,0.100161,0.117811,nan
l1/mujoco_isaacphys,"λ = 1 (MuJoCo, training joints)",0.1,0.15,36,0,0,0.0964218,0,0,0,0,0,0.0555556,0,0,0.0964218,0,0.0964218,0,0.0964218,0,0.0964218,0,0,0.377973,0.330892,0.430425,0.340575,0.288263,0.449213,0.362239,0.303715,0.404954,0.52208,0.485662,0.551839,0.540262,0.451903,0.730859,0.707577,0.695519,0.718629,0.173617,0.16644,0.190442,0.884934,0.880764,0.88866,9.5597,9.23263,8.40837,10.622,0.157185,0.149782,0.178551,-0.158221,-0.200039,-0.0954856,0.12403,0.114383,0.128639,-0.160293,-0.210369,-0.111451,0.123482,0.113856,0.127057,0.786278,0.927708,0.606757,1.24927,2,2.22222,1,3,34.7747,25.1281,43.7021,27.0921,22.1276,41.3688,0.382715,0.292592,0.453605,0.738097,0.599383,0.849271,0.520282,0.477362,0.605796,6.72599,4.6082,7.95151,nan,nan,nan,0.107102,0.0925644,0.121708,nan
l1/mujoco_isaacphys,"λ = 1 (MuJoCo, training joints)",0.2,0.25,51,0,0,0.070049,0,0,0,0,0,0.0196078,0,0,0.070049,0,0.070049,0,0.070049,0,0.070049,0,0.0980392,0.333777,0.282015,0.380894,0.334418,0.249893,0.448643,0.304783,0.259775,0.362028,0.448039,0.418829,0.497984,0.531631,0.4046,0.714163,0.715347,0.700574,0.734501,0.172924,0.154257,0.181335,0.887269,0.880485,0.891078,9.04518,8.97173,7.87504,10.3153,0.159552,0.153624,0.171768,-0.174602,-0.211807,-0.0950674,0.123506,0.112114,0.128272,-0.175828,-0.226391,-0.108199,0.122606,0.112017,0.126868,0.844495,0.946367,0.600311,1.20564,2,2.01961,1,3,31.2407,23.9616,39.3337,26.7299,21.6069,44.0101,0.342091,0.2862,0.456417,0.737638,0.648926,0.858989,0.542726,0.491551,0.62956,5.69072,4.15358,7.33404,nan,nan,nan,0.109521,0.0991616,0.122948,nan
l1/mujoco_isaacphys,"λ = 1 (MuJoCo, training joints)",0.3,0.35,60,0,0,0.0601739,0,0,0,0,0,0.0333333,0,0,0.0601739,0,0.0601739,0,0.0601739,0,0.0601739,0,0.166667,0.260147,0.236669,0.307619,0.333825,0.238767,0.484471,0.237063,0.214853,0.289539,0.381636,0.336188,0.421042,0.56054,0.37043,0.811775,0.725929,0.711522,0.732181,0.161357,0.150012,0.176012,0.883784,0.879417,0.890025,8.39173,8.37349,7.02812,9.73013,0.154805,0.145897,0.173115,-0.148695,-0.202152,-0.102536,0.119738,0.109199,0.129727,-0.153036,-0.219941,-0.117335,0.119813,0.109594,0.125951,1.00721,1.22642,0.782639,1.55023,2,2.43333,1,3,29.2324,21.561,39.413,24.3287,19.5872,34.0529,0.318021,0.264773,0.383581,0.716294,0.643919,0.8563,0.575973,0.517026,0.668339,4.93802,3.01157,6.3894,nan,nan,nan,0.104744,0.0918772,0.119706,nan
l1/mujoco_isaacphys,"λ = 1 (MuJoCo, training joints)",0.4,0.45,66,0,0,0.0550045,0,0,0,0,0.0151515,0.0757576,0,0,0.0550045,0,0.0550045,0,0.0550045,0,0.0550045,0,0.257576,0.224566,0.196478,0.259836,0.349801,0.213205,0.450365,0.187003,0.164369,0.232426,0.314692,0.264346,0.362843,0.538207,0.348835,0.777655,0.733518,0.721007,0.743096,0.150218,0.139532,0.165828,0.883388,0.87992,0.887187,8.0092,8.14608,6.79938,9.13967,0.156739,0.140319,0.171494,-0.183731,-0.216417,-0.107967,0.12194,0.10965,0.128761,-0.199043,-0.236047,-0.127284,0.120894,0.109504,0.126706,1.09378,1.18575,0.732138,1.48948,2,2.15152,1,3,26.6827,17.87,34.7495,22.9641,17.0337,29.8736,0.284775,0.240101,0.35187,0.778798,0.622345,0.860669,0.587542,0.518319,0.676892,3.75967,2.32919,5.45506,nan,nan,nan,0.108053,0.0937716,0.118371,nan
l1/mujoco_isaacphys,"λ = 1 (MuJoCo, training joints)",0.5,0.55,66,0,0,0.0550045,0,0,0,0,0.0454545,0.0454545,0,0,0.0550045,0,0.0550045,0,0.0550045,0,0.0550045,0,0.409091,0.185806,0.145371,0.215529,0.278022,0.19313,0.426409,0.151688,0.113272,0.190882,0.237603,0.179554,0.294767,0.468355,0.294447,0.642235,0.74458,0.725863,0.755575,0.142271,0.126956,0.160503,0.885672,0.88049,0.890768,7.69437,7.39697,6.10746,8.61454,0.152463,0.14028,0.169567,-0.191736,-0.228237,-0.139053,0.120485,0.113729,0.125978,-0.204929,-0.248736,-0.151887,0.119613,0.112799,0.12422,0.939758,1.06158,0.7074,1.35374,1,1.86364,1,3,21.0607,15.1518,28.4659,21.3203,15.2469,30.6405,0.259955,0.206065,0.319082,0.720647,0.611578,0.85905,0.638089,0.56718,0.718068,3.00767,1.37376,4.34269,nan,nan,nan,0.111481,0.0944729,0.125159,nan
l1/mujoco_isaacphys,"λ = 1 (MuJoCo, training joints)",0.6,0.65,69,0,0,0.0527391,0,0,0.0289855,0.0724638,0.0434783,0.0724638,0,0,0.0527391,0,0.0527391,0.00798504,0.0996677,0.0313473,0.158676,0,0.449275,0.143893,0.115341,0.174711,0.250638,0.17678,0.361253,0.104638,0.0774249,0.138199,0.185445,0.141117,0.229044,0.391434,0.252595,0.571115,0.750152,0.736809,0.76805,0.135569,0.122769,0.149092,0.885633,0.878666,0.890359,7.16328,7.28248,6.51448,8.07223,0.150984,0.143802,0.169225,-0.174824,-0.213303,-0.109543,0.121238,0.108852,0.126681,-0.193385,-0.238151,-0.11239,0.11864,0.107718,0.123171,1.08518,1.09867,0.730402,1.30493,1,2.05797,1,3,20.5268,15.8079,29.0748,20.0696,15.7562,25.7364,0.242483,0.205316,0.300359,0.73375,0.639449,0.833499,0.644121,0.555848,0.731328,1.93861,0.66428,3.74629,nan,nan,nan,0.106615,0.0925466,0.118124,nan
l1/mujoco_isaacphys,"λ = 1 (MuJoCo, training joints)",0.7,0.75,72,0,0,0.0506529,0,0,0.0416667,0.166667,0.0277778,0.0138889,0,0,0.0506529,0,0.0506529,0.0142705,0.115495,0.0979928,0.269109,0,0.5,0.126949,0.102424,0.160788,0.238211,0.174701,0.340107,0.0785606,0.0445182,0.107899,0.150496,0.105527,0.192459,0.344194,0.247212,0.523389,0.762091,0.747105,0.782145,0.118998,0.105723,0.13689,0.884167,0.879145,0.889065,6.96893,6.94586,5.74933,7.92605,0.153615,0.139804,0.168037,-0.171723,-0.209779,-0.105961,0.121224,0.109847,0.12597,-0.185642,-0.235552,-0.127516,0.119165,0.108092,0.124002,0.875868,0.952225,0.683802,1.21694,2,2.63889,1,3.25,20.7578,14.8697,28.616,21.0111,15.3765,26.3667,0.253868,0.205011,0.32175,0.734321,0.608374,0.850951,0.717859,0.648801,0.819519,1.14333,-0.51913,2.53679,nan,nan,nan,0.105524,0.093433,0.121516,nan
l1/mujoco_isaacphys,"λ = 1 (MuJoCo, training joints)",0.8,0.85,72,0,0,0.0506529,0,0,0.111111,0.263889,0.0277778,0.0277778,0,0,0.0506529,0,0.0506529,0.0573875,0.204231,0.175936,0.375761,0,0.555556,0.116257,0.0975269,0.13707,0.218023,0.167602,0.291169,0.0577949,0.0380941,0.079789,0.120315,0.0962988,0.156686,0.322331,0.248925,0.450277,0.778554,0.760825,0.801752,0.102752,0.0833736,0.121525,0.883056,0.879466,0.887361,6.86951,7.02111,5.95946,7.74142,0.167974,0.146854,0.184057,-0.176025,-0.210597,-0.122944,0.121667,0.108462,0.126443,-0.199578,-0.236005,-0.141386,0.118481,0.107775,0.124899,0.993166,1.10658,0.661234,1.40611,2,3.23611,1,5,23.1949,16.2447,31.7434,21.3571,15.666,28.9761,0.274448,0.21624,0.351324,0.774601,0.634069,0.861202,0.768478,0.712626,0.857657,0.471648,-1.06258,1.74956,nan,nan,nan,0.108944,0.0950386,0.125084,nan
l1/mujoco_isaacphys,"λ = 1 (MuJoCo, training joints)",0.9,0.95,72,0,0,0.0506529,0,0,0.0694444,0.291667,0.0555556,0.0416667,0,0,0.0506529,0,0.0506529,0.0300249,0.152482,0.199379,0.40506,0,0.611111,0.112485,0.0990718,0.141538,0.190993,0.1643,0.323674,0.0474644,0.0344525,0.0758442,0.110884,0.0921047,0.159414,0.312273,0.233641,0.506605,0.792582,0.773265,0.811915,0.0925805,0.0730471,0.112731,0.883225,0.878166,0.888323,6.77438,6.81223,6.17614,7.62989,0.172729,0.157051,0.187026,-0.164428,-0.211162,-0.12343,0.120054,0.111882,0.124701,-0.186036,-0.22733,-0.142535,0.116441,0.107254,0.121523,0.895764,0.947703,0.662583,1.20301,2.5,3.04167,1,4,25.7842,18.955,34.8168,22.3742,17.0297,35.1884,0.287712,0.239711,0.38068,0.748832,0.640126,0.840934,0.818178,0.723415,0.860641,0.197717,-1.24291,1.12121,nan,nan,nan,0.11045,0.0955182,0.126519,nan
l1/mujoco_isaacphys,"λ = 1 (MuJoCo, training joints)",1,1.05,60,0.0166667,0.00294808,0.0885534,0,0,0.133333,0.283333,0.0833333,0.0666667,0,0,0.0601739,0,0.0601739,0.0691403,0.241654,0.185067,0.407675,0.0166667,0.55,0.111381,0.0974226,0.148763,0.202144,0.149576,0.286636,0.0418517,0.0273224,0.0586403,0.110133,0.0844485,0.144528,0.328224,0.222471,0.424295,0.793822,0.784045,0.823878,0.0885018,0.0592053,0.102291,0.883744,0.879191,0.888456,6.91376,6.93355,6.28491,7.32749,0.168377,0.157311,0.195834,-0.164868,-0.21072,-0.108995,0.122487,0.113353,0.126203,-0.193493,-0.225805,-0.126444,0.117404,0.109687,0.123476,1.06288,1.13257,0.764969,1.30753,2,3.4,1,6,23.3716,18.1435,36.4025,21.8276,17.121,31.9325,0.304533,0.227549,0.387533,0.758752,0.661464,0.845008,0.801906,0.681975,0.862065,-0.599733,-1.42776,0.44218,1.48,1.48,1.48,0.11383,0.102248,0.131013,0.0698915
l1/mujoco_isaacphys,"λ = 1 (MuJoCo, training joints)",1.1,1.15,42,0,0,0.0838016,0,0,0.0238095,0.261905,0.047619,0,0,0,0.0838016,0,0.0838016,0.0042153,0.123215,0.153025,0.41069,0,0.428571,0.115369,0.0979465,0.149253,0.22667,0.168803,0.372002,0.041626,0.0336499,0.0651218,0.108193,0.091251,0.149048,0.378088,0.284891,0.445564,0.817705,0.790307,0.845134,0.0654131,0.0408767,0.0942099,0.882786,0.879843,0.886623,6.37853,6.70056,5.84946,7.24511,0.193269,0.167565,0.21231,-0.181426,-0.221475,-0.137023,0.114381,0.0966291,0.124219,-0.211234,-0.264387,-0.132835,0.107957,0.0902616,0.119952,0.896245,1.1136,0.771951,1.36878,3,3.78571,1.25,5,25.3293,21.4087,32.2122,29.0774,21.7856,34.711,0.333191,0.272798,0.398318,0.772247,0.640196,0.83388,0.807854,0.742768,0.87973,-0.635422,-1.88466,0.265411,nan,nan,nan,0.119168,0.100569,0.130703,nan
l1/mujoco_isaacphys,"λ = 1 (MuJoCo, training joints)",1.2,1.25,38,0,0,0.0918129,0,0,0.0263158,0.131579,0,0,0,0,0.0918129,0,0.0918129,0.00466047,0.134952,0.0575378,0.273272,0,0.263158,0.135902,0.112405,0.157821,0.282455,0.221668,0.389582,0.0566876,0.0452846,0.086248,0.137244,0.114189,0.170211,0.465203,0.342476,0.576227,0.812299,0.790544,0.843737,0.071953,0.0337377,0.0954987,0.884913,0.881103,0.888628,6.72734,6.57988,5.78245,7.2053,0.197995,0.18003,0.221309,-0.188813,-0.230905,-0.150782,0.121084,0.111908,0.125768,-0.209895,-0.249368,-0.177513,0.113713,0.106358,0.121091,1.05739,1.23468,0.857167,1.27239,3,4.36842,2,5,26.7636,22.1086,40.5625,30.4672,23.8323,34.0296,0.332751,0.269634,0.406412,0.77428,0.705264,0.826919,0.836261,0.756318,0.863775,-0.758313,-1.99183,0.0283053,nan,nan,nan,0.120621,0.102813,0.134423,nan
l1/mujoco_isaacphys,"λ = 1 (MuJoCo, training joints)",1.3,1.35,24,0,0,0.137981,0,0,0.0833333,0.208333,0,0,0,0,0.137981,0,0.137981,0.0231583,0.258492,0.0924469,0.404708,0,0.375,0.12975,0.107464,0.177486,0.268502,0.20222,0.382788,0.0463841,0.0321116,0.10707,0.126888,0.110159,0.194627,0.461193,0.325391,0.608028,0.819626,0.796261,0.837923,0.0657736,0.0476788,0.0914803,0.885355,0.882897,0.888278,6.40736,6.4652,5.60551,7.10932,0.202411,0.173107,0.219484,-0.19237,-0.235234,-0.157308,0.115679,0.106761,0.124119,-0.215203,-0.244122,-0.181962,0.110045,0.100554,0.121952,1.17189,1.49272,0.814196,1.60077,4.5,5.45833,3,6.5,30.9691,25.457,39.7878,25.7503,22.3095,36.0285,0.347861,0.274317,0.379159,0.795123,0.652144,0.839496,0.854735,0.777979,0.870228,-1.1522,-1.88318,-0.512373,nan,nan,nan,0.108602,0.0974257,0.11569,nan
l1/mujoco_isaacphys,"λ = 1 (MuJoCo, training joints)",1.4,1.45,15,0,0,0.203889,0,0,0.0666667,0.133333,0,0,0,0,0.203889,0,0.203889,0.0118666,0.298171,0.0373605,0.378825,0,0.466667,0.144394,0.112207,0.151696,0.245932,0.198055,0.342926,0.0471016,0.0368347,0.080837,0.124204,0.105954,0.165413,0.395095,0.308173,0.480287,0.808229,0.794544,0.81569,0.0795954,0.0663088,0.0890965,0.882898,0.87909,0.8881,6.02301,6.37687,5.69964,7.01724,0.191691,0.164098,0.235043,-0.191208,-0.215533,-0.161851,0.117063,0.0851107,0.127167,-0.21548,-0.241751,-0.199597,0.107841,0.0781823,0.120432,0.871944,1.00724,0.787242,1.10824,3,5.73333,2,7.5,27.3066,24.7546,36.1214,29.5448,22.6613,32.8712,0.314122,0.269827,0.36619,0.796233,0.733661,0.849315,0.854239,0.76345,0.876248,-0.847952,-1.28921,0.028131,nan,nan,nan,0.109553,0.105394,0.126194,nan
l1/mujoco_isaacphys,"λ = 1 (MuJoCo, training joints)",1.5,1.55,6,0,0,0.390343,0,0,0.166667,0.166667,0,0,0,0,0.390343,0,0.390343,0.0300526,0.563509,0.0300526,0.563509,0,0.833333,0.126716,0.103132,0.144822,0.191957,0.15721,0.197501,0.0513571,0.0444281,0.0808162,0.140599,0.116282,0.150112,0.312808,0.268799,0.345699,0.814314,0.803626,0.829237,0.0664616,0.0479745,0.0836533,0.886648,0.879506,0.888085,5.84421,5.63121,4.95528,6.09947,0.189015,0.170477,0.202876,-0.182189,-0.196846,-0.173763,0.108721,0.103249,0.123402,-0.184952,-0.208786,-0.179263,0.10553,0.0978213,0.114916,0.980953,1.06003,0.514146,1.25089,2.5,3.83333,1.25,5.25,26.1371,22.5384,32.1194,34.4896,25.4033,37.6879,0.339866,0.273421,0.368678,0.643596,0.607218,0.736439,0.862385,0.797197,0.884235,-1.33813,-2.20081,-0.957418,nan,nan,nan,0.105517,0.103792,0.107646,nan
l1/mujoco_isaacphys,"λ = 1 (MuJoCo, training joints)",1.6,1.65,6,0,0,0.390343,0,0,0,0.166667,0,0,0,0,0.390343,0,0.390343,0,0.390343,0.0300526,0.563509,0,0.333333,0.188584,0.16345,0.195643,0.27084,0.214483,0.32785,0.111369,0.0710073,0.133207,0.174767,0.152222,0.211236,0.365016,0.339889,0.395726,0.824282,0.819562,0.829596,0.0608517,0.0499272,0.0699366,0.883142,0.879705,0.887852,6.4769,6.30281,5.77353,6.91891,0.243981,0.21643,0.249683,-0.193634,-0.213859,-0.172282,0.101432,0.0794551,0.108636,-0.235067,-0.25606,-0.205219,0.0939376,0.0732744,0.100663,0.867428,1.49572,0.651433,1.62636,7.5,8.16667,5.25,9.75,46.4944,36.5074,53.8561,38.0511,33.9972,41.6637,0.412059,0.403256,0.44374,0.84891,0.832303,0.861743,0.862146,0.856861,0.899356,-0.591787,-1.379,-0.0779604,nan,nan,nan,0.119663,0.113717,0.129171,nan
l1/mujoco_isaacphys,"λ = 1 (MuJoCo, training joints)",1.7,1.75,3,0,0,0.561506,0,0,0,0,0,0,0,0,0.561506,0,0.561506,0,0.561506,0,0.561506,0,1,0.215486,0.189748,0.259773,0.179797,0.153177,0.208281,0.17387,0.149442,0.207245,0.24953,0.213816,0.277788,0.309939,0.267124,0.328369,0.825825,0.822564,0.837179,0.057117,0.0483982,0.0647237,0.888213,0.885578,0.889924,6.37219,6.10053,5.90906,6.42783,0.204813,0.201289,0.219222,-0.239774,-0.242454,-0.229872,0.109676,0.0765185,0.113865,-0.251802,-0.279674,-0.246391,0.100945,0.0714465,0.110047,0.571209,0.640897,0.463333,0.783616,3,3.33333,1.5,5,37.8735,30.5934,47.7704,40.7377,30.2178,42.7148,0.368485,0.318248,0.407721,0.864034,0.737765,0.871191,0.75984,0.735826,0.807301,-0.912979,-1.10576,-0.904233,nan,nan,nan,0.119623,0.118197,0.12124,nan
