condition,r_lo,z_lo,n,success
golem_ik/kinematic,0.1,-0.1,2,0
golem_ik/kinematic,0.1,0,4,0
golem_ik/kinematic,0.1,0.1,6,0
golem_ik/kinematic,0.1,0.2,7,0
golem_ik/kinematic,0.1,0.3,7,0
golem_ik/kinematic,0.1,0.4,7,0
golem_ik/kinematic,0.1,0.5,7,0
golem_ik/kinematic,0.1,0.6,8,0
golem_ik/kinematic,0.1,0.7,10,0
golem_ik/kinematic,0.1,0.8,11,0
golem_ik/kinematic,0.1,0.9,13,0.538462
golem_ik/kinematic,0.1,1,11,0.545455
golem_ik/kinematic,0.1,1.1,9,0.666667
golem_ik/kinematic,0.1,1.2,7,0.714286
golem_ik/kinematic,0.1,1.3,6,0.333333
golem_ik/kinematic,0.1,1.4,6,0.5
golem_ik/kinematic,0.1,1.5,6,0.333333
golem_ik/kinematic,0.1,1.6,6,0.5
golem_ik/kinematic,0.1,1.7,5,1
golem_ik/kinematic,0.1,1.8,3,1
golem_ik/kinematic,0.1,1.9,2,1
golem_ik/kinematic,0.2,-0.1,3,0
golem_ik/kinematic,0.2,0,9,0
golem_ik/kinematic,0.2,0.1,12,0
golem_ik/kinematic,0.2,0.2,16,0
golem_ik/kinematic,0.2,0.3,21,0
golem_ik/kinematic,0.2,0.4,22,0
golem_ik/kinematic,0.2,0.5,23,0
golem_ik/kinematic,0.2,0.6,26,0
golem_ik/kinematic,0.2,0.7,29,0
golem_ik/kinematic,0.2,0.8,33,0
golem_ik/kinematic,0.2,0.9,39,0.282051
golem_ik/kinematic,0.2,1,36,0.555556
golem_ik/kinematic,0.2,1.1,30,0.8
golem_ik/kinematic,0.2,1.2,27,0.925926
golem_ik/kinematic,0.2,1.3,23,0.826087
golem_ik/kinematic,0.2,1.4,18,0.833333
golem_ik/kinematic,0.2,1.5,17,0.941176
golem_ik/kinematic,0.2,1.6,16,0.9375
golem_ik/kinematic,0.2,1.7,13,0.923077
golem_ik/kinematic,0.2,1.8,10,1
golem_ik/kinematic,0.2,1.9,6,1
golem_ik/kinematic,0.3,-0.1,8,0
golem_ik/kinematic,0.3,0,17,0
golem_ik/kinematic,0.3,0.1,28,0
golem_ik/kinematic,0.3,0.2,36,0
golem_ik/kinematic,0.3,0.3,45,0
golem_ik/kinematic,0.3,0.4,53,0
golem_ik/kinematic,0.3,0.5,59,0
golem_ik/kinematic,0.3,0.6,67,0
golem_ik/kinematic,0.3,0.7,74,0
golem_ik/kinematic,0.3,0.8,82,0
golem_ik/kinematic,0.3,0.9,88,0.204545
golem_ik/kinematic,0.3,1,80,0.6
golem_ik/kinematic,0.3,1.1,71,0.873239
golem_ik/kinematic,0.3,1.2,60,0.9
golem_ik/kinematic,0.3,1.3,52,0.903846
golem_ik/kinematic,0.3,1.4,43,0.883721
golem_ik/kinematic,0.3,1.5,35,0.914286
golem_ik/kinematic,0.3,1.6,29,0.931034
golem_ik/kinematic,0.3,1.7,21,0.904762
golem_ik/kinematic,0.3,1.8,14,0.857143
golem_ik/kinematic,0.3,1.9,6,0.5
golem_ik/kinematic,0.4,-0.1,6,0
golem_ik/kinematic,0.4,0,21,0
golem_ik/kinematic,0.4,0.1,36,0
golem_ik/kinematic,0.4,0.2,45,0
golem_ik/kinematic,0.4,0.3,60,0
golem_ik/kinematic,0.4,0.4,74,0
golem_ik/kinematic,0.4,0.5,85,0
golem_ik/kinematic,0.4,0.6,98,0
golem_ik/kinematic,0.4,0.7,112,0
golem_ik/kinematic,0.4,0.8,125,0
golem_ik/kinematic,0.4,0.9,129,0.0232558
golem_ik/kinematic,0.4,1,123,0.398374
golem_ik/kinematic,0.4,1.1,108,0.731481
golem_ik/kinematic,0.4,1.2,93,0.870968
golem_ik/kinematic,0.4,1.3,84,0.928571
golem_ik/kinematic,0.4,1.4,69,0.927536
golem_ik/kinematic,0.4,1.5,55,0.963636
golem_ik/kinematic,0.4,1.6,44,0.977273
golem_ik/kinematic,0.4,1.7,31,0.967742
golem_ik/kinematic,0.4,1.8,17,0.764706
golem_ik/kinematic,0.4,1.9,4,0
golem_ik/kinematic,0.5,-0.1,5,0
golem_ik/kinematic,0.5,0,16,0
golem_ik/kinematic,0.5,0.1,33,0
golem_ik/kinematic,0.5,0.2,50,0
golem_ik/kinematic,0.5,0.3,65,0
golem_ik/kinematic,0.5,0.4,84,0
golem_ik/kinematic,0.5,0.5,102,0
golem_ik/kinematic,0.5,0.6,125,0
golem_ik/kinematic,0.5,0.7,140,0
golem_ik/kinematic,0.5,0.8,150,0
golem_ik/kinematic,0.5,0.9,150,0
golem_ik/kinematic,0.5,1,145,0.0137931
golem_ik/kinematic,0.5,1.1,134,0.395522
golem_ik/kinematic,0.5,1.2,117,0.709402
golem_ik/kinematic,0.5,1.3,100,0.81
golem_ik/kinematic,0.5,1.4,85,0.905882
golem_ik/kinematic,0.5,1.5,66,0.893939
golem_ik/kinematic,0.5,1.6,48,0.854167
golem_ik/kinematic,0.5,1.7,25,0.44
golem_ik/kinematic,0.5,1.8,10,0.1
golem_ik/kinematic,0.6,0,8,0
golem_ik/kinematic,0.6,0.1,17,0
golem_ik/kinematic,0.6,0.2,30,0
golem_ik/kinematic,0.6,0.3,42,0
golem_ik/kinematic,0.6,0.4,56,0
golem_ik/kinematic,0.6,0.5,69,0
golem_ik/kinematic,0.6,0.6,87,0
golem_ik/kinematic,0.6,0.7,98,0
golem_ik/kinematic,0.6,0.8,104,0
golem_ik/kinematic,0.6,0.9,104,0
golem_ik/kinematic,0.6,1,104,0
golem_ik/kinematic,0.6,1.1,96,0
golem_ik/kinematic,0.6,1.2,87,0.0689655
golem_ik/kinematic,0.6,1.3,74,0.148649
golem_ik/kinematic,0.6,1.4,62,0.209677
golem_ik/kinematic,0.6,1.5,48,0.0833333
golem_ik/kinematic,0.6,1.6,35,0.0285714
golem_ik/kinematic,0.6,1.7,17,0
golem_ik/kinematic,0.6,1.8,6,0
golem_ik/kinematic,0.7,0.1,3,0
golem_ik/kinematic,0.7,0.2,14,0
golem_ik/kinematic,0.7,0.3,20,0
golem_ik/kinematic,0.7,0.4,28,0
golem_ik/kinematic,0.7,0.5,36,0
golem_ik/kinematic,0.7,0.6,48,0
golem_ik/kinematic,0.7,0.7,50,0
golem_ik/kinematic,0.7,0.8,50,0
golem_ik/kinematic,0.7,0.9,50,0
golem_ik/kinematic,0.7,1,50,0
golem_ik/kinematic,0.7,1.1,50,0
golem_ik/kinematic,0.7,1.2,47,0
golem_ik/kinematic,0.7,1.3,36,0
golem_ik/kinematic,0.7,1.4,30,0
golem_ik/kinematic,0.7,1.5,22,0
golem_ik/kinematic,0.7,1.6,14,0
golem_ik/kinematic,0.7,1.7,2,0
golem_ik/kinematic,0.8,0.3,1,0
golem_ik/kinematic,0.8,0.4,3,0
golem_ik/kinematic,0.8,0.5,3,0
golem_ik/kinematic,0.8,0.6,3,0
golem_ik/kinematic,0.8,0.7,3,0
golem_ik/kinematic,0.8,0.8,3,0
golem_ik/kinematic,0.8,0.9,3,0
golem_ik/kinematic,0.8,1,3,0
golem_ik/kinematic,0.8,1.1,3,0
golem_ik/kinematic,0.8,1.2,3,0
golem_ik/kinematic,0.8,1.3,3,0
golem_ik/kinematic,0.8,1.4,2,0
l0/isaac,0.1,-0.1,2,0
l0/isaac,0.1,0,4,0
l0/isaac,0.1,0.1,6,0
l0/isaac,0.1,0.2,7,0
l0/isaac,0.1,0.3,7,0
l0/isaac,0.1,0.4,7,0
l0/isaac,0.1,0.5,7,0
l0/isaac,0.1,0.6,8,0.375
l0/isaac,0.1,0.7,10,0.5
l0/isaac,0.1,0.8,11,0.454545
l0/isaac,0.1,0.9,13,0.461538
l0/isaac,0.1,1,11,0.181818
l0/isaac,0.1,1.1,9,0.222222
l0/isaac,0.1,1.2,7,0.285714
l0/isaac,0.1,1.3,6,0
l0/isaac,0.1,1.4,6,0.333333
l0/isaac,0.1,1.5,6,0.333333
l0/isaac,0.1,1.6,6,0.333333
l0/isaac,0.1,1.7,5,0
l0/isaac,0.1,1.8,3,0
l0/isaac,0.1,1.9,2,0
l0/isaac,0.2,-0.1,3,0
l0/isaac,0.2,0,9,0
l0/isaac,0.2,0.1,12,0
l0/isaac,0.2,0.2,16,0
l0/isaac,0.2,0.3,21,0
l0/isaac,0.2,0.4,22,0
l0/isaac,0.2,0.5,23,0
l0/isaac,0.2,0.6,26,0.192308
l0/isaac,0.2,0.7,29,0.344828
l0/isaac,0.2,0.8,33,0.393939
l0/isaac,0.2,0.9,39,0.615385
l0/isaac,0.2,1,36,0.583333
l0/isaac,0.2,1.1,30,0.433333
l0/isaac,0.2,1.2,27,0.555556
l0/isaac,0.2,1.3,23,0.391304
l0/isaac,0.2,1.4,18,0.333333
l0/isaac,0.2,1.5,17,0.411765
l0/isaac,0.2,1.6,16,0.3125
l0/isaac,0.2,1.7,13,0.230769
l0/isaac,0.2,1.8,10,0
l0/isaac,0.2,1.9,6,0
l0/isaac,0.3,-0.1,8,0
l0/isaac,0.3,0,17,0
l0/isaac,0.3,0.1,28,0
l0/isaac,0.3,0.2,36,0
l0/isaac,0.3,0.3,45,0
l0/isaac,0.3,0.4,53,0
l0/isaac,0.3,0.5,59,0
l0/isaac,0.3,0.6,67,0.223881
l0/isaac,0.3,0.7,74,0.310811
l0/isaac,0.3,0.8,82,0.5
l0/isaac,0.3,0.9,88,0.568182
l0/isaac,0.3,1,80,0.575
l0/isaac,0.3,1.1,71,0.577465
l0/isaac,0.3,1.2,60,0.533333
l0/isaac,0.3,1.3,52,0.442308
l0/isaac,0.3,1.4,43,0.465116
l0/isaac,0.3,1.5,35,0.485714
l0/isaac,0.3,1.6,29,0.241379
l0/isaac,0.3,1.7,21,0.047619
l0/isaac,0.3,1.8,14,0
l0/isaac,0.3,1.9,6,0
l0/isaac,0.4,-0.1,6,0
l0/isaac,0.4,0,21,0
l0/isaac,0.4,0.1,36,0
l0/isaac,0.4,0.2,45,0
l0/isaac,0.4,0.3,60,0
l0/isaac,0.4,0.4,74,0
l0/isaac,0.4,0.5,85,0
l0/isaac,0.4,0.6,98,0.0510204
l0/isaac,0.4,0.7,112,0.232143
l0/isaac,0.4,0.8,125,0.416
l0/isaac,0.4,0.9,129,0.426357
l0/isaac,0.4,1,123,0.520325
l0/isaac,0.4,1.1,108,0.453704
l0/isaac,0.4,1.2,93,0.408602
l0/isaac,0.4,1.3,84,0.428571
l0/isaac,0.4,1.4,69,0.362319
l0/isaac,0.4,1.5,55,0.345455
l0/isaac,0.4,1.6,44,0.204545
l0/isaac,0.4,1.7,31,0
l0/isaac,0.4,1.8,17,0
l0/isaac,0.4,1.9,4,0
l0/isaac,0.5,-0.1,5,0
l0/isaac,0.5,0,16,0
l0/isaac,0.5,0.1,33,0
l0/isaac,0.5,0.2,50,0
l0/isaac,0.5,0.3,65,0
l0/isaac,0.5,0.4,84,0
l0/isaac,0.5,0.5,102,0
l0/isaac,0.5,0.6,125,0.016
l0/isaac,0.5,0.7,140,0.107143
l0/isaac,0.5,0.8,150,0.286667
l0/isaac,0.5,0.9,150,0.326667
l0/isaac,0.5,1,145,0.42069
l0/isaac,0.5,1.1,134,0.38806
l0/isaac,0.5,1.2,117,0.333333
l0/isaac,0.5,1.3,100,0.31
l0/isaac,0.5,1.4,85,0.235294
l0/isaac,0.5,1.5,66,0.106061
l0/isaac,0.5,1.6,48,0
l0/isaac,0.5,1.7,25,0
l0/isaac,0.5,1.8,10,0
l0/isaac,0.6,0,8,0
l0/isaac,0.6,0.1,17,0
l0/isaac,0.6,0.2,30,0
l0/isaac,0.6,0.3,42,0
l0/isaac,0.6,0.4,56,0
l0/isaac,0.6,0.5,69,0
l0/isaac,0.6,0.6,87,0
l0/isaac,0.6,0.7,98,0.0204082
l0/isaac,0.6,0.8,104,0.0384615
l0/isaac,0.6,0.9,104,0.153846
l0/isaac,0.6,1,104,0.240385
l0/isaac,0.6,1.1,96,0.25
l0/isaac,0.6,1.2,87,0.149425
l0/isaac,0.6,1.3,74,0.121622
l0/isaac,0.6,1.4,62,0.0322581
l0/isaac,0.6,1.5,48,0.0208333
l0/isaac,0.6,1.6,35,0
l0/isaac,0.6,1.7,17,0
l0/isaac,0.6,1.8,6,0
l0/isaac,0.7,0.1,3,0
l0/isaac,0.7,0.2,14,0
l0/isaac,0.7,0.3,20,0
l0/isaac,0.7,0.4,28,0
l0/isaac,0.7,0.5,36,0
l0/isaac,0.7,0.6,48,0
l0/isaac,0.7,0.7,50,0
l0/isaac,0.7,0.8,50,0
l0/isaac,0.7,0.9,50,0
l0/isaac,0.7,1,50,0.02
l0/isaac,0.7,1.1,50,0.02
l0/isaac,0.7,1.2,47,0
l0/isaac,0.7,1.3,36,0
l0/isaac,0.7,1.4,30,0
l0/isaac,0.7,1.5,22,0
l0/isaac,0.7,1.6,14,0
l0/isaac,0.7,1.7,2,0
l0/isaac,0.8,0.3,1,0
l0/isaac,0.8,0.4,3,0
l0/isaac,0.8,0.5,3,0
l0/isaac,0.8,0.6,3,0
l0/isaac,0.8,0.7,3,0
l0/isaac,0.8,0.8,3,0
l0/isaac,0.8,0.9,3,0
l0/isaac,0.8,1,3,0
l0/isaac,0.8,1.1,3,0
l0/isaac,0.8,1.2,3,0
l0/isaac,0.8,1.3,3,0
l0/isaac,0.8,1.4,2,0
l0/isaac_legs_blind,0.1,-0.1,2,0
l0/isaac_legs_blind,0.1,0,4,0
l0/isaac_legs_blind,0.1,0.1,6,0
l0/isaac_legs_blind,0.1,0.2,7,0
l0/isaac_legs_blind,0.1,0.3,7,0
l0/isaac_legs_blind,0.1,0.4,7,0
l0/isaac_legs_blind,0.1,0.5,7,0
l0/isaac_legs_blind,0.1,0.6,8,0
l0/isaac_legs_blind,0.1,0.7,10,0
l0/isaac_legs_blind,0.1,0.8,11,0
l0/isaac_legs_blind,0.1,0.9,13,0
l0/isaac_legs_blind,0.1,1,11,0.0909091
l0/isaac_legs_blind,0.1,1.1,9,0.333333
l0/isaac_legs_blind,0.1,1.2,7,0.142857
l0/isaac_legs_blind,0.1,1.3,6,0
l0/isaac_legs_blind,0.1,1.4,6,0
l0/isaac_legs_blind,0.1,1.5,6,0.166667
l0/isaac_legs_blind,0.1,1.6,6,0.333333
l0/isaac_legs_blind,0.1,1.7,5,0.2
l0/isaac_legs_blind,0.1,1.8,3,0.333333
l0/isaac_legs_blind,0.1,1.9,2,0
l0/isaac_legs_blind,0.2,-0.1,3,0
l0/isaac_legs_blind,0.2,0,9,0
l0/isaac_legs_blind,0.2,0.1,12,0
l0/isaac_legs_blind,0.2,0.2,16,0
l0/isaac_legs_blind,0.2,0.3,21,0
l0/isaac_legs_blind,0.2,0.4,22,0
l0/isaac_legs_blind,0.2,0.5,23,0
l0/isaac_legs_blind,0.2,0.6,26,0
l0/isaac_legs_blind,0.2,0.7,29,0
l0/isaac_legs_blind,0.2,0.8,33,0
l0/isaac_legs_blind,0.2,0.9,39,0.0512821
l0/isaac_legs_blind,0.2,1,36,0.222222
l0/isaac_legs_blind,0.2,1.1,30,0.366667
l0/isaac_legs_blind,0.2,1.2,27,0.407407
l0/isaac_legs_blind,0.2,1.3,23,0.347826
l0/isaac_legs_blind,0.2,1.4,18,0.277778
l0/isaac_legs_blind,0.2,1.5,17,0.235294
l0/isaac_legs_blind,0.2,1.6,16,0.1875
l0/isaac_legs_blind,0.2,1.7,13,0.153846
l0/isaac_legs_blind,0.2,1.8,10,0.1
l0/isaac_legs_blind,0.2,1.9,6,0
l0/isaac_legs_blind,0.3,-0.1,8,0
l0/isaac_legs_blind,0.3,0,17,0
l0/isaac_legs_blind,0.3,0.1,28,0
l0/isaac_legs_blind,0.3,0.2,36,0
l0/isaac_legs_blind,0.3,0.3,45,0
l0/isaac_legs_blind,0.3,0.4,53,0
l0/isaac_legs_blind,0.3,0.5,59,0
l0/isaac_legs_blind,0.3,0.6,67,0
l0/isaac_legs_blind,0.3,0.7,74,0
l0/isaac_legs_blind,0.3,0.8,82,0
l0/isaac_legs_blind,0.3,0.9,88,0.0113636
l0/isaac_legs_blind,0.3,1,80,0.1125
l0/isaac_legs_blind,0.3,1.1,71,0.169014
l0/isaac_legs_blind,0.3,1.2,60,0.2
l0/isaac_legs_blind,0.3,1.3,52,0.25
l0/isaac_legs_blind,0.3,1.4,43,0.232558
l0/isaac_legs_blind,0.3,1.5,35,0.257143
l0/isaac_legs_blind,0.3,1.6,29,0.137931
l0/isaac_legs_blind,0.3,1.7,21,0.0952381
l0/isaac_legs_blind,0.3,1.8,14,0
l0/isaac_legs_blind,0.3,1.9,6,0
l0/isaac_legs_blind,0.4,-0.1,6,0
l0/isaac_legs_blind,0.4,0,21,0
l0/isaac_legs_blind,0.4,0.1,36,0
l0/isaac_legs_blind,0.4,0.2,45,0
l0/isaac_legs_blind,0.4,0.3,60,0
l0/isaac_legs_blind,0.4,0.4,74,0
l0/isaac_legs_blind,0.4,0.5,85,0
l0/isaac_legs_blind,0.4,0.6,98,0
l0/isaac_legs_blind,0.4,0.7,112,0
l0/isaac_legs_blind,0.4,0.8,125,0
l0/isaac_legs_blind,0.4,0.9,129,0.00775194
l0/isaac_legs_blind,0.4,1,123,0.0894309
l0/isaac_legs_blind,0.4,1.1,108,0.101852
l0/isaac_legs_blind,0.4,1.2,93,0.182796
l0/isaac_legs_blind,0.4,1.3,84,0.166667
l0/isaac_legs_blind,0.4,1.4,69,0.115942
l0/isaac_legs_blind,0.4,1.5,55,0.0363636
l0/isaac_legs_blind,0.4,1.6,44,0.0681818
l0/isaac_legs_blind,0.4,1.7,31,0.0645161
l0/isaac_legs_blind,0.4,1.8,17,0
l0/isaac_legs_blind,0.4,1.9,4,0
l0/isaac_legs_blind,0.5,-0.1,5,0
l0/isaac_legs_blind,0.5,0,16,0
l0/isaac_legs_blind,0.5,0.1,33,0
l0/isaac_legs_blind,0.5,0.2,50,0
l0/isaac_legs_blind,0.5,0.3,65,0
l0/isaac_legs_blind,0.5,0.4,84,0
l0/isaac_legs_blind,0.5,0.5,102,0
l0/isaac_legs_blind,0.5,0.6,125,0
l0/isaac_legs_blind,0.5,0.7,140,0
l0/isaac_legs_blind,0.5,0.8,150,0
l0/isaac_legs_blind,0.5,0.9,150,0
l0/isaac_legs_blind,0.5,1,145,0.00689655
l0/isaac_legs_blind,0.5,1.1,134,0.0149254
l0/isaac_legs_blind,0.5,1.2,117,0.025641
l0/isaac_legs_blind,0.5,1.3,100,0.03
l0/isaac_legs_blind,0.5,1.4,85,0.0235294
l0/isaac_legs_blind,0.5,1.5,66,0.0909091
l0/isaac_legs_blind,0.5,1.6,48,0.0416667
l0/isaac_legs_blind,0.5,1.7,25,0
l0/isaac_legs_blind,0.5,1.8,10,0
l0/isaac_legs_blind,0.6,0,8,0
l0/isaac_legs_blind,0.6,0.1,17,0
l0/isaac_legs_blind,0.6,0.2,30,0
l0/isaac_legs_blind,0.6,0.3,42,0
l0/isaac_legs_blind,0.6,0.4,56,0
l0/isaac_legs_blind,0.6,0.5,69,0
l0/isaac_legs_blind,0.6,0.6,87,0
l0/isaac_legs_blind,0.6,0.7,98,0
l0/isaac_legs_blind,0.6,0.8,104,0
l0/isaac_legs_blind,0.6,0.9,104,0
l0/isaac_legs_blind,0.6,1,104,0
l0/isaac_legs_blind,0.6,1.1,96,0
l0/isaac_legs_blind,0.6,1.2,87,0
l0/isaac_legs_blind,0.6,1.3,74,0.0135135
l0/isaac_legs_blind,0.6,1.4,62,0.016129
l0/isaac_legs_blind,0.6,1.5,48,0
l0/isaac_legs_blind,0.6,1.6,35,0.0285714
l0/isaac_legs_blind,0.6,1.7,17,0
l0/isaac_legs_blind,0.6,1.8,6,0
l0/isaac_legs_blind,0.7,0.1,3,0
l0/isaac_legs_blind,0.7,0.2,14,0
l0/isaac_legs_blind,0.7,0.3,20,0
l0/isaac_legs_blind,0.7,0.4,28,0
l0/isaac_legs_blind,0.7,0.5,36,0
l0/isaac_legs_blind,0.7,0.6,48,0
l0/isaac_legs_blind,0.7,0.7,50,0
l0/isaac_legs_blind,0.7,0.8,50,0
l0/isaac_legs_blind,0.7,0.9,50,0
l0/isaac_legs_blind,0.7,1,50,0
l0/isaac_legs_blind,0.7,1.1,50,0
l0/isaac_legs_blind,0.7,1.2,47,0
l0/isaac_legs_blind,0.7,1.3,36,0
l0/isaac_legs_blind,0.7,1.4,30,0
l0/isaac_legs_blind,0.7,1.5,22,0
l0/isaac_legs_blind,0.7,1.6,14,0
l0/isaac_legs_blind,0.7,1.7,2,0
l0/isaac_legs_blind,0.8,0.3,1,0
l0/isaac_legs_blind,0.8,0.4,3,0
l0/isaac_legs_blind,0.8,0.5,3,0
l0/isaac_legs_blind,0.8,0.6,3,0
l0/isaac_legs_blind,0.8,0.7,3,0
l0/isaac_legs_blind,0.8,0.8,3,0
l0/isaac_legs_blind,0.8,0.9,3,0
l0/isaac_legs_blind,0.8,1,3,0
l0/isaac_legs_blind,0.8,1.1,3,0
l0/isaac_legs_blind,0.8,1.2,3,0
l0/isaac_legs_blind,0.8,1.3,3,0
l0/isaac_legs_blind,0.8,1.4,2,0
l0/mujoco,0.1,-0.1,2,0
l0/mujoco,0.1,0,4,0
l0/mujoco,0.1,0.1,6,0
l0/mujoco,0.1,0.2,7,0
l0/mujoco,0.1,0.3,7,0
l0/mujoco,0.1,0.4,7,0
l0/mujoco,0.1,0.5,7,0
l0/mujoco,0.1,0.6,8,0
l0/mujoco,0.1,0.7,10,0.1
l0/mujoco,0.1,0.8,11,0.181818
l0/mujoco,0.1,0.9,13,0.0769231
l0/mujoco,0.1,1,11,0
l0/mujoco,0.1,1.1,9,0
l0/mujoco,0.1,1.2,7,0
l0/mujoco,0.1,1.3,6,0
l0/mujoco,0.1,1.4,6,0
l0/mujoco,0.1,1.5,6,0
l0/mujoco,0.1,1.6,6,0
l0/mujoco,0.1,1.7,5,0
l0/mujoco,0.1,1.8,3,0
l0/mujoco,0.1,1.9,2,0
l0/mujoco,0.2,-0.1,3,0
l0/mujoco,0.2,0,9,0
l0/mujoco,0.2,0.1,12,0
l0/mujoco,0.2,0.2,16,0
l0/mujoco,0.2,0.3,21,0
l0/mujoco,0.2,0.4,22,0
l0/mujoco,0.2,0.5,23,0
l0/mujoco,0.2,0.6,26,0
l0/mujoco,0.2,0.7,29,0
l0/mujoco,0.2,0.8,33,0.0606061
l0/mujoco,0.2,0.9,39,0.102564
l0/mujoco,0.2,1,36,0.0555556
l0/mujoco,0.2,1.1,30,0.1
l0/mujoco,0.2,1.2,27,0
l0/mujoco,0.2,1.3,23,0.0434783
l0/mujoco,0.2,1.4,18,0.0555556
l0/mujoco,0.2,1.5,17,0
l0/mujoco,0.2,1.6,16,0
l0/mujoco,0.2,1.7,13,0.0769231
l0/mujoco,0.2,1.8,10,0
l0/mujoco,0.2,1.9,6,0
l0/mujoco,0.3,-0.1,8,0
l0/mujoco,0.3,0,17,0
l0/mujoco,0.3,0.1,28,0
l0/mujoco,0.3,0.2,36,0
l0/mujoco,0.3,0.3,45,0
l0/mujoco,0.3,0.4,53,0
l0/mujoco,0.3,0.5,59,0
l0/mujoco,0.3,0.6,67,0
l0/mujoco,0.3,0.7,74,0
l0/mujoco,0.3,0.8,82,0.0365854
l0/mujoco,0.3,0.9,88,0.0795455
l0/mujoco,0.3,1,80,0.1125
l0/mujoco,0.3,1.1,71,0.0422535
l0/mujoco,0.3,1.2,60,0.0666667
l0/mujoco,0.3,1.3,52,0.115385
l0/mujoco,0.3,1.4,43,0.0465116
l0/mujoco,0.3,1.5,35,0
l0/mujoco,0.3,1.6,29,0.0689655
l0/mujoco,0.3,1.7,21,0
l0/mujoco,0.3,1.8,14,0
l0/mujoco,0.3,1.9,6,0
l0/mujoco,0.4,-0.1,6,0
l0/mujoco,0.4,0,21,0
l0/mujoco,0.4,0.1,36,0
l0/mujoco,0.4,0.2,45,0
l0/mujoco,0.4,0.3,60,0
l0/mujoco,0.4,0.4,74,0
l0/mujoco,0.4,0.5,85,0
l0/mujoco,0.4,0.6,98,0
l0/mujoco,0.4,0.7,112,0.00892857
l0/mujoco,0.4,0.8,125,0.04
l0/mujoco,0.4,0.9,129,0.0465116
l0/mujoco,0.4,1,123,0.0487805
l0/mujoco,0.4,1.1,108,0.0925926
l0/mujoco,0.4,1.2,93,0.0645161
l0/mujoco,0.4,1.3,84,0.0357143
l0/mujoco,0.4,1.4,69,0.057971
l0/mujoco,0.4,1.5,55,0.0545455
l0/mujoco,0.4,1.6,44,0
l0/mujoco,0.4,1.7,31,0
l0/mujoco,0.4,1.8,17,0
l0/mujoco,0.4,1.9,4,0
l0/mujoco,0.5,-0.1,5,0
l0/mujoco,0.5,0,16,0
l0/mujoco,0.5,0.1,33,0
l0/mujoco,0.5,0.2,50,0
l0/mujoco,0.5,0.3,65,0
l0/mujoco,0.5,0.4,84,0
l0/mujoco,0.5,0.5,102,0
l0/mujoco,0.5,0.6,125,0
l0/mujoco,0.5,0.7,140,0
l0/mujoco,0.5,0.8,150,0.00666667
l0/mujoco,0.5,0.9,150,0.02
l0/mujoco,0.5,1,145,0.0275862
l0/mujoco,0.5,1.1,134,0.0671642
l0/mujoco,0.5,1.2,117,0.025641
l0/mujoco,0.5,1.3,100,0.01
l0/mujoco,0.5,1.4,85,0.0117647
l0/mujoco,0.5,1.5,66,0
l0/mujoco,0.5,1.6,48,0
l0/mujoco,0.5,1.7,25,0
l0/mujoco,0.5,1.8,10,0
l0/mujoco,0.6,0,8,0
l0/mujoco,0.6,0.1,17,0
l0/mujoco,0.6,0.2,30,0
l0/mujoco,0.6,0.3,42,0
l0/mujoco,0.6,0.4,56,0
l0/mujoco,0.6,0.5,69,0
l0/mujoco,0.6,0.6,87,0
l0/mujoco,0.6,0.7,98,0
l0/mujoco,0.6,0.8,104,0
l0/mujoco,0.6,0.9,104,0
l0/mujoco,0.6,1,104,0.00961538
l0/mujoco,0.6,1.1,96,0.0208333
l0/mujoco,0.6,1.2,87,0.0114943
l0/mujoco,0.6,1.3,74,0.0135135
l0/mujoco,0.6,1.4,62,0
l0/mujoco,0.6,1.5,48,0
l0/mujoco,0.6,1.6,35,0
l0/mujoco,0.6,1.7,17,0
l0/mujoco,0.6,1.8,6,0
l0/mujoco,0.7,0.1,3,0
l0/mujoco,0.7,0.2,14,0
l0/mujoco,0.7,0.3,20,0
l0/mujoco,0.7,0.4,28,0
l0/mujoco,0.7,0.5,36,0
l0/mujoco,0.7,0.6,48,0
l0/mujoco,0.7,0.7,50,0
l0/mujoco,0.7,0.8,50,0
l0/mujoco,0.7,0.9,50,0
l0/mujoco,0.7,1,50,0
l0/mujoco,0.7,1.1,50,0
l0/mujoco,0.7,1.2,47,0
l0/mujoco,0.7,1.3,36,0
l0/mujoco,0.7,1.4,30,0
l0/mujoco,0.7,1.5,22,0
l0/mujoco,0.7,1.6,14,0
l0/mujoco,0.7,1.7,2,0
l0/mujoco,0.8,0.3,1,0
l0/mujoco,0.8,0.4,3,0
l0/mujoco,0.8,0.5,3,0
l0/mujoco,0.8,0.6,3,0
l0/mujoco,0.8,0.7,3,0
l0/mujoco,0.8,0.8,3,0
l0/mujoco,0.8,0.9,3,0
l0/mujoco,0.8,1,3,0
l0/mujoco,0.8,1.1,3,0
l0/mujoco,0.8,1.2,3,0
l0/mujoco,0.8,1.3,3,0
l0/mujoco,0.8,1.4,2,0
l0/mujoco_isaacphys,0.1,-0.1,2,0
l0/mujoco_isaacphys,0.1,0,4,0
l0/mujoco_isaacphys,0.1,0.1,6,0
l0/mujoco_isaacphys,0.1,0.2,7,0
l0/mujoco_isaacphys,0.1,0.3,7,0
l0/mujoco_isaacphys,0.1,0.4,7,0
l0/mujoco_isaacphys,0.1,0.5,7,0
l0/mujoco_isaacphys,0.1,0.6,8,0
l0/mujoco_isaacphys,0.1,0.7,10,0.1
l0/mujoco_isaacphys,0.1,0.8,11,0.181818
l0/mujoco_isaacphys,0.1,0.9,13,0.307692
l0/mujoco_isaacphys,0.1,1,11,0.0909091
l0/mujoco_isaacphys,0.1,1.1,9,0
l0/mujoco_isaacphys,0.1,1.2,7,0
l0/mujoco_isaacphys,0.1,1.3,6,0
l0/mujoco_isaacphys,0.1,1.4,6,0
l0/mujoco_isaacphys,0.1,1.5,6,0
l0/mujoco_isaacphys,0.1,1.6,6,0
l0/mujoco_isaacphys,0.1,1.7,5,0.2
l0/mujoco_isaacphys,0.1,1.8,3,0
l0/mujoco_isaacphys,0.1,1.9,2,0
l0/mujoco_isaacphys,0.2,-0.1,3,0
l0/mujoco_isaacphys,0.2,0,9,0
l0/mujoco_isaacphys,0.2,0.1,12,0
l0/mujoco_isaacphys,0.2,0.2,16,0
l0/mujoco_isaacphys,0.2,0.3,21,0
l0/mujoco_isaacphys,0.2,0.4,22,0
l0/mujoco_isaacphys,0.2,0.5,23,0
l0/mujoco_isaacphys,0.2,0.6,26,0
l0/mujoco_isaacphys,0.2,0.7,29,0
l0/mujoco_isaacphys,0.2,0.8,33,0.181818
l0/mujoco_isaacphys,0.2,0.9,39,0.153846
l0/mujoco_isaacphys,0.2,1,36,0.277778
l0/mujoco_isaacphys,0.2,1.1,30,0.2
l0/mujoco_isaacphys,0.2,1.2,27,0.222222
l0/mujoco_isaacphys,0.2,1.3,23,0.0869565
l0/mujoco_isaacphys,0.2,1.4,18,0.0555556
l0/mujoco_isaacphys,0.2,1.5,17,0
l0/mujoco_isaacphys,0.2,1.6,16,0.125
l0/mujoco_isaacphys,0.2,1.7,13,0.307692
l0/mujoco_isaacphys,0.2,1.8,10,0
l0/mujoco_isaacphys,0.2,1.9,6,0
l0/mujoco_isaacphys,0.3,-0.1,8,0
l0/mujoco_isaacphys,0.3,0,17,0
l0/mujoco_isaacphys,0.3,0.1,28,0
l0/mujoco_isaacphys,0.3,0.2,36,0
l0/mujoco_isaacphys,0.3,0.3,45,0
l0/mujoco_isaacphys,0.3,0.4,53,0
l0/mujoco_isaacphys,0.3,0.5,59,0
l0/mujoco_isaacphys,0.3,0.6,67,0
l0/mujoco_isaacphys,0.3,0.7,74,0
l0/mujoco_isaacphys,0.3,0.8,82,0
l0/mujoco_isaacphys,0.3,0.9,88,0.136364
l0/mujoco_isaacphys,0.3,1,80,0.1375
l0/mujoco_isaacphys,0.3,1.1,71,0.169014
l0/mujoco_isaacphys,0.3,1.2,60,0.166667
l0/mujoco_isaacphys,0.3,1.3,52,0.134615
l0/mujoco_isaacphys,0.3,1.4,43,0.0930233
l0/mujoco_isaacphys,0.3,1.5,35,0.0285714
l0/mujoco_isaacphys,0.3,1.6,29,0.137931
l0/mujoco_isaacphys,0.3,1.7,21,0
l0/mujoco_isaacphys,0.3,1.8,14,0
l0/mujoco_isaacphys,0.3,1.9,6,0
l0/mujoco_isaacphys,0.4,-0.1,6,0
l0/mujoco_isaacphys,0.4,0,21,0
l0/mujoco_isaacphys,0.4,0.1,36,0
l0/mujoco_isaacphys,0.4,0.2,45,0
l0/mujoco_isaacphys,0.4,0.3,60,0
l0/mujoco_isaacphys,0.4,0.4,74,0
l0/mujoco_isaacphys,0.4,0.5,85,0
l0/mujoco_isaacphys,0.4,0.6,98,0
l0/mujoco_isaacphys,0.4,0.7,112,0.00892857
l0/mujoco_isaacphys,0.4,0.8,125,0.008
l0/mujoco_isaacphys,0.4,0.9,129,0.100775
l0/mujoco_isaacphys,0.4,1,123,0.121951
l0/mujoco_isaacphys,0.4,1.1,108,0.12963
l0/mujoco_isaacphys,0.4,1.2,93,0.0645161
l0/mujoco_isaacphys,0.4,1.3,84,0.0952381
l0/mujoco_isaacphys,0.4,1.4,69,0.0724638
l0/mujoco_isaacphys,0.4,1.5,55,0.0181818
l0/mujoco_isaacphys,0.4,1.6,44,0.0227273
l0/mujoco_isaacphys,0.4,1.7,31,0
l0/mujoco_isaacphys,0.4,1.8,17,0
l0/mujoco_isaacphys,0.4,1.9,4,0
l0/mujoco_isaacphys,0.5,-0.1,5,0
l0/mujoco_isaacphys,0.5,0,16,0
l0/mujoco_isaacphys,0.5,0.1,33,0
l0/mujoco_isaacphys,0.5,0.2,50,0
l0/mujoco_isaacphys,0.5,0.3,65,0
l0/mujoco_isaacphys,0.5,0.4,84,0
l0/mujoco_isaacphys,0.5,0.5,102,0
l0/mujoco_isaacphys,0.5,0.6,125,0
l0/mujoco_isaacphys,0.5,0.7,140,0
l0/mujoco_isaacphys,0.5,0.8,150,0.0133333
l0/mujoco_isaacphys,0.5,0.9,150,0.0466667
l0/mujoco_isaacphys,0.5,1,145,0.0413793
l0/mujoco_isaacphys,0.5,1.1,134,0.0373134
l0/mujoco_isaacphys,0.5,1.2,117,0.111111
l0/mujoco_isaacphys,0.5,1.3,100,0.04
l0/mujoco_isaacphys,0.5,1.4,85,0.0352941
l0/mujoco_isaacphys,0.5,1.5,66,0.0454545
l0/mujoco_isaacphys,0.5,1.6,48,0
l0/mujoco_isaacphys,0.5,1.7,25,0
l0/mujoco_isaacphys,0.5,1.8,10,0
l0/mujoco_isaacphys,0.6,0,8,0
l0/mujoco_isaacphys,0.6,0.1,17,0
l0/mujoco_isaacphys,0.6,0.2,30,0
l0/mujoco_isaacphys,0.6,0.3,42,0
l0/mujoco_isaacphys,0.6,0.4,56,0
l0/mujoco_isaacphys,0.6,0.5,69,0
l0/mujoco_isaacphys,0.6,0.6,87,0
l0/mujoco_isaacphys,0.6,0.7,98,0
l0/mujoco_isaacphys,0.6,0.8,104,0
l0/mujoco_isaacphys,0.6,0.9,104,0
l0/mujoco_isaacphys,0.6,1,104,0
l0/mujoco_isaacphys,0.6,1.1,96,0
l0/mujoco_isaacphys,0.6,1.2,87,0
l0/mujoco_isaacphys,0.6,1.3,74,0
l0/mujoco_isaacphys,0.6,1.4,62,0
l0/mujoco_isaacphys,0.6,1.5,48,0
l0/mujoco_isaacphys,0.6,1.6,35,0
l0/mujoco_isaacphys,0.6,1.7,17,0
l0/mujoco_isaacphys,0.6,1.8,6,0
l0/mujoco_isaacphys,0.7,0.1,3,0
l0/mujoco_isaacphys,0.7,0.2,14,0
l0/mujoco_isaacphys,0.7,0.3,20,0
l0/mujoco_isaacphys,0.7,0.4,28,0
l0/mujoco_isaacphys,0.7,0.5,36,0
l0/mujoco_isaacphys,0.7,0.6,48,0
l0/mujoco_isaacphys,0.7,0.7,50,0
l0/mujoco_isaacphys,0.7,0.8,50,0
l0/mujoco_isaacphys,0.7,0.9,50,0
l0/mujoco_isaacphys,0.7,1,50,0
l0/mujoco_isaacphys,0.7,1.1,50,0
l0/mujoco_isaacphys,0.7,1.2,47,0
l0/mujoco_isaacphys,0.7,1.3,36,0
l0/mujoco_isaacphys,0.7,1.4,30,0
l0/mujoco_isaacphys,0.7,1.5,22,0
l0/mujoco_isaacphys,0.7,1.6,14,0
l0/mujoco_isaacphys,0.7,1.7,2,0
l0/mujoco_isaacphys,0.8,0.3,1,0
l0/mujoco_isaacphys,0.8,0.4,3,0
l0/mujoco_isaacphys,0.8,0.5,3,0
l0/mujoco_isaacphys,0.8,0.6,3,0
l0/mujoco_isaacphys,0.8,0.7,3,0
l0/mujoco_isaacphys,0.8,0.8,3,0
l0/mujoco_isaacphys,0.8,0.9,3,0
l0/mujoco_isaacphys,0.8,1,3,0
l0/mujoco_isaacphys,0.8,1.1,3,0
l0/mujoco_isaacphys,0.8,1.2,3,0
l0/mujoco_isaacphys,0.8,1.3,3,0
l0/mujoco_isaacphys,0.8,1.4,2,0
l0.5/isaac,0.1,-0.1,2,0
l0.5/isaac,0.1,0,4,0
l0.5/isaac,0.1,0.1,6,0
l0.5/isaac,0.1,0.2,7,0
l0.5/isaac,0.1,0.3,7,0
l0.5/isaac,0.1,0.4,7,0
l0.5/isaac,0.1,0.5,7,0
l0.5/isaac,0.1,0.6,8,0
l0.5/isaac,0.1,0.7,10,0.1
l0.5/isaac,0.1,0.8,11,0.181818
l0.5/isaac,0.1,0.9,13,0.153846
l0.5/isaac,0.1,1,11,0.272727
l0.5/isaac,0.1,1.1,9,0.666667
l0.5/isaac,0.1,1.2,7,0.857143
l0.5/isaac,0.1,1.3,6,0.666667
l0.5/isaac,0.1,1.4,6,0.666667
l0.5/isaac,0.1,1.5,6,0.5
l0.5/isaac,0.1,1.6,6,0.5
l0.5/isaac,0.1,1.7,5,0.4
l0.5/isaac,0.1,1.8,3,0
l0.5/isaac,0.1,1.9,2,0
l0.5/isaac,0.2,-0.1,3,0
l0.5/isaac,0.2,0,9,0
l0.5/isaac,0.2,0.1,12,0
l0.5/isaac,0.2,0.2,16,0
l0.5/isaac,0.2,0.3,21,0
l0.5/isaac,0.2,0.4,22,0
l0.5/isaac,0.2,0.5,23,0
l0.5/isaac,0.2,0.6,26,0.0384615
l0.5/isaac,0.2,0.7,29,0
l0.5/isaac,0.2,0.8,33,0.30303
l0.5/isaac,0.2,0.9,39,0.358974
l0.5/isaac,0.2,1,36,0.5
l0.5/isaac,0.2,1.1,30,0.566667
l0.5/isaac,0.2,1.2,27,0.62963
l0.5/isaac,0.2,1.3,23,0.652174
l0.5/isaac,0.2,1.4,18,0.555556
l0.5/isaac,0.2,1.5,17,0.352941
l0.5/isaac,0.2,1.6,16,0.375
l0.5/isaac,0.2,1.7,13,0.307692
l0.5/isaac,0.2,1.8,10,0
l0.5/isaac,0.2,1.9,6,0
l0.5/isaac,0.3,-0.1,8,0
l0.5/isaac,0.3,0,17,0
l0.5/isaac,0.3,0.1,28,0
l0.5/isaac,0.3,0.2,36,0
l0.5/isaac,0.3,0.3,45,0
l0.5/isaac,0.3,0.4,53,0
l0.5/isaac,0.3,0.5,59,0
l0.5/isaac,0.3,0.6,67,0.0597015
l0.5/isaac,0.3,0.7,74,0.216216
l0.5/isaac,0.3,0.8,82,0.378049
l0.5/isaac,0.3,0.9,88,0.420455
l0.5/isaac,0.3,1,80,0.4875
l0.5/isaac,0.3,1.1,71,0.577465
l0.5/isaac,0.3,1.2,60,0.516667
l0.5/isaac,0.3,1.3,52,0.461538
l0.5/isaac,0.3,1.4,43,0.511628
l0.5/isaac,0.3,1.5,35,0.428571
l0.5/isaac,0.3,1.6,29,0.310345
l0.5/isaac,0.3,1.7,21,0
l0.5/isaac,0.3,1.8,14,0.0714286
l0.5/isaac,0.3,1.9,6,0
l0.5/isaac,0.4,-0.1,6,0
l0.5/isaac,0.4,0,21,0
l0.5/isaac,0.4,0.1,36,0
l0.5/isaac,0.4,0.2,45,0
l0.5/isaac,0.4,0.3,60,0
l0.5/isaac,0.4,0.4,74,0
l0.5/isaac,0.4,0.5,85,0
l0.5/isaac,0.4,0.6,98,0.0102041
l0.5/isaac,0.4,0.7,112,0.116071
l0.5/isaac,0.4,0.8,125,0.248
l0.5/isaac,0.4,0.9,129,0.372093
l0.5/isaac,0.4,1,123,0.422764
l0.5/isaac,0.4,1.1,108,0.435185
l0.5/isaac,0.4,1.2,93,0.483871
l0.5/isaac,0.4,1.3,84,0.416667
l0.5/isaac,0.4,1.4,69,0.318841
l0.5/isaac,0.4,1.5,55,0.327273
l0.5/isaac,0.4,1.6,44,0.0681818
l0.5/isaac,0.4,1.7,31,0
l0.5/isaac,0.4,1.8,17,0
l0.5/isaac,0.4,1.9,4,0
l0.5/isaac,0.5,-0.1,5,0
l0.5/isaac,0.5,0,16,0
l0.5/isaac,0.5,0.1,33,0
l0.5/isaac,0.5,0.2,50,0
l0.5/isaac,0.5,0.3,65,0
l0.5/isaac,0.5,0.4,84,0
l0.5/isaac,0.5,0.5,102,0
l0.5/isaac,0.5,0.6,125,0
l0.5/isaac,0.5,0.7,140,0.0214286
l0.5/isaac,0.5,0.8,150,0.126667
l0.5/isaac,0.5,0.9,150,0.193333
l0.5/isaac,0.5,1,145,0.262069
l0.5/isaac,0.5,1.1,134,0.298507
l0.5/isaac,0.5,1.2,117,0.324786
l0.5/isaac,0.5,1.3,100,0.25
l0.5/isaac,0.5,1.4,85,0.129412
l0.5/isaac,0.5,1.5,66,0.106061
l0.5/isaac,0.5,1.6,48,0
l0.5/isaac,0.5,1.7,25,0
l0.5/isaac,0.5,1.8,10,0
l0.5/isaac,0.6,0,8,0
l0.5/isaac,0.6,0.1,17,0
l0.5/isaac,0.6,0.2,30,0
l0.5/isaac,0.6,0.3,42,0
l0.5/isaac,0.6,0.4,56,0
l0.5/isaac,0.6,0.5,69,0
l0.5/isaac,0.6,0.6,87,0
l0.5/isaac,0.6,0.7,98,0
l0.5/isaac,0.6,0.8,104,0
l0.5/isaac,0.6,0.9,104,0.0384615
l0.5/isaac,0.6,1,104,0.0480769
l0.5/isaac,0.6,1.1,96,0.0625
l0.5/isaac,0.6,1.2,87,0.0804598
l0.5/isaac,0.6,1.3,74,0.0810811
l0.5/isaac,0.6,1.4,62,0.0483871
l0.5/isaac,0.6,1.5,48,0
l0.5/isaac,0.6,1.6,35,0
l0.5/isaac,0.6,1.7,17,0
l0.5/isaac,0.6,1.8,6,0
l0.5/isaac,0.7,0.1,3,0
l0.5/isaac,0.7,0.2,14,0
l0.5/isaac,0.7,0.3,20,0
l0.5/isaac,0.7,0.4,28,0
l0.5/isaac,0.7,0.5,36,0
l0.5/isaac,0.7,0.6,48,0
l0.5/isaac,0.7,0.7,50,0
l0.5/isaac,0.7,0.8,50,0
l0.5/isaac,0.7,0.9,50,0.02
l0.5/isaac,0.7,1,50,0.02
l0.5/isaac,0.7,1.1,50,0.04
l0.5/isaac,0.7,1.2,47,0.0638298
l0.5/isaac,0.7,1.3,36,0
l0.5/isaac,0.7,1.4,30,0
l0.5/isaac,0.7,1.5,22,0
l0.5/isaac,0.7,1.6,14,0
l0.5/isaac,0.7,1.7,2,0
l0.5/isaac,0.8,0.3,1,0
l0.5/isaac,0.8,0.4,3,0
l0.5/isaac,0.8,0.5,3,0
l0.5/isaac,0.8,0.6,3,0
l0.5/isaac,0.8,0.7,3,0
l0.5/isaac,0.8,0.8,3,0
l0.5/isaac,0.8,0.9,3,0
l0.5/isaac,0.8,1,3,0
l0.5/isaac,0.8,1.1,3,0
l0.5/isaac,0.8,1.2,3,0
l0.5/isaac,0.8,1.3,3,0
l0.5/isaac,0.8,1.4,2,0
l0.5/isaac_legs_blind,0.1,-0.1,2,0
l0.5/isaac_legs_blind,0.1,0,4,0
l0.5/isaac_legs_blind,0.1,0.1,6,0
l0.5/isaac_legs_blind,0.1,0.2,7,0
l0.5/isaac_legs_blind,0.1,0.3,7,0
l0.5/isaac_legs_blind,0.1,0.4,7,0
l0.5/isaac_legs_blind,0.1,0.5,7,0
l0.5/isaac_legs_blind,0.1,0.6,8,0
l0.5/isaac_legs_blind,0.1,0.7,10,0
l0.5/isaac_legs_blind,0.1,0.8,11,0
l0.5/isaac_legs_blind,0.1,0.9,13,0.153846
l0.5/isaac_legs_blind,0.1,1,11,0.0909091
l0.5/isaac_legs_blind,0.1,1.1,9,0.111111
l0.5/isaac_legs_blind,0.1,1.2,7,0
l0.5/isaac_legs_blind,0.1,1.3,6,0.166667
l0.5/isaac_legs_blind,0.1,1.4,6,0
l0.5/isaac_legs_blind,0.1,1.5,6,0
l0.5/isaac_legs_blind,0.1,1.6,6,0.5
l0.5/isaac_legs_blind,0.1,1.7,5,0.2
l0.5/isaac_legs_blind,0.1,1.8,3,0
l0.5/isaac_legs_blind,0.1,1.9,2,0
l0.5/isaac_legs_blind,0.2,-0.1,3,0
l0.5/isaac_legs_blind,0.2,0,9,0
l0.5/isaac_legs_blind,0.2,0.1,12,0
l0.5/isaac_legs_blind,0.2,0.2,16,0
l0.5/isaac_legs_blind,0.2,0.3,21,0
l0.5/isaac_legs_blind,0.2,0.4,22,0
l0.5/isaac_legs_blind,0.2,0.5,23,0
l0.5/isaac_legs_blind,0.2,0.6,26,0
l0.5/isaac_legs_blind,0.2,0.7,29,0
l0.5/isaac_legs_blind,0.2,0.8,33,0.030303
l0.5/isaac_legs_blind,0.2,0.9,39,0.0512821
l0.5/isaac_legs_blind,0.2,1,36,0.138889
l0.5/isaac_legs_blind,0.2,1.1,30,0.3
l0.5/isaac_legs_blind,0.2,1.2,27,0.296296
l0.5/isaac_legs_blind,0.2,1.3,23,0.304348
l0.5/isaac_legs_blind,0.2,1.4,18,0.222222
l0.5/isaac_legs_blind,0.2,1.5,17,0.117647
l0.5/isaac_legs_blind,0.2,1.6,16,0.125
l0.5/isaac_legs_blind,0.2,1.7,13,0
l0.5/isaac_legs_blind,0.2,1.8,10,0.1
l0.5/isaac_legs_blind,0.2,1.9,6,0
l0.5/isaac_legs_blind,0.3,-0.1,8,0
l0.5/isaac_legs_blind,0.3,0,17,0
l0.5/isaac_legs_blind,0.3,0.1,28,0
l0.5/isaac_legs_blind,0.3,0.2,36,0
l0.5/isaac_legs_blind,0.3,0.3,45,0
l0.5/isaac_legs_blind,0.3,0.4,53,0
l0.5/isaac_legs_blind,0.3,0.5,59,0
l0.5/isaac_legs_blind,0.3,0.6,67,0
l0.5/isaac_legs_blind,0.3,0.7,74,0
l0.5/isaac_legs_blind,0.3,0.8,82,0.0487805
l0.5/isaac_legs_blind,0.3,0.9,88,0.0681818
l0.5/isaac_legs_blind,0.3,1,80,0.2
l0.5/isaac_legs_blind,0.3,1.1,71,0.295775
l0.5/isaac_legs_blind,0.3,1.2,60,0.333333
l0.5/isaac_legs_blind,0.3,1.3,52,0.211538
l0.5/isaac_legs_blind,0.3,1.4,43,0.255814
l0.5/isaac_legs_blind,0.3,1.5,35,0.0571429
l0.5/isaac_legs_blind,0.3,1.6,29,0.0344828
l0.5/isaac_legs_blind,0.3,1.7,21,0.047619
l0.5/isaac_legs_blind,0.3,1.8,14,0
l0.5/isaac_legs_blind,0.3,1.9,6,0
l0.5/isaac_legs_blind,0.4,-0.1,6,0
l0.5/isaac_legs_blind,0.4,0,21,0
l0.5/isaac_legs_blind,0.4,0.1,36,0
l0.5/isaac_legs_blind,0.4,0.2,45,0
l0.5/isaac_legs_blind,0.4,0.3,60,0
l0.5/isaac_legs_blind,0.4,0.4,74,0
l0.5/isaac_legs_blind,0.4,0.5,85,0
l0.5/isaac_legs_blind,0.4,0.6,98,0
l0.5/isaac_legs_blind,0.4,0.7,112,0
l0.5/isaac_legs_blind,0.4,0.8,125,0.024
l0.5/isaac_legs_blind,0.4,0.9,129,0.0697674
l0.5/isaac_legs_blind,0.4,1,123,0.154472
l0.5/isaac_legs_blind,0.4,1.1,108,0.12037
l0.5/isaac_legs_blind,0.4,1.2,93,0.182796
l0.5/isaac_legs_blind,0.4,1.3,84,0.166667
l0.5/isaac_legs_blind,0.4,1.4,69,0.130435
l0.5/isaac_legs_blind,0.4,1.5,55,0.109091
l0.5/isaac_legs_blind,0.4,1.6,44,0.0227273
l0.5/isaac_legs_blind,0.4,1.7,31,0
l0.5/isaac_legs_blind,0.4,1.8,17,0
l0.5/isaac_legs_blind,0.4,1.9,4,0
l0.5/isaac_legs_blind,0.5,-0.1,5,0
l0.5/isaac_legs_blind,0.5,0,16,0
l0.5/isaac_legs_blind,0.5,0.1,33,0
l0.5/isaac_legs_blind,0.5,0.2,50,0
l0.5/isaac_legs_blind,0.5,0.3,65,0
l0.5/isaac_legs_blind,0.5,0.4,84,0
l0.5/isaac_legs_blind,0.5,0.5,102,0
l0.5/isaac_legs_blind,0.5,0.6,125,0
l0.5/isaac_legs_blind,0.5,0.7,140,0
l0.5/isaac_legs_blind,0.5,0.8,150,0.0133333
l0.5/isaac_legs_blind,0.5,0.9,150,0.04
l0.5/isaac_legs_blind,0.5,1,145,0.0275862
l0.5/isaac_legs_blind,0.5,1.1,134,0.0746269
l0.5/isaac_legs_blind,0.5,1.2,117,0.0683761
l0.5/isaac_legs_blind,0.5,1.3,100,0.1
l0.5/isaac_legs_blind,0.5,1.4,85,0.0352941
l0.5/isaac_legs_blind,0.5,1.5,66,0.0151515
l0.5/isaac_legs_blind,0.5,1.6,48,0
l0.5/isaac_legs_blind,0.5,1.7,25,0
l0.5/isaac_legs_blind,0.5,1.8,10,0
l0.5/isaac_legs_blind,0.6,0,8,0
l0.5/isaac_legs_blind,0.6,0.1,17,0
l0.5/isaac_legs_blind,0.6,0.2,30,0
l0.5/isaac_legs_blind,0.6,0.3,42,0
l0.5/isaac_legs_blind,0.6,0.4,56,0
l0.5/isaac_legs_blind,0.6,0.5,69,0
l0.5/isaac_legs_blind,0.6,0.6,87,0
l0.5/isaac_legs_blind,0.6,0.7,98,0
l0.5/isaac_legs_blind,0.6,0.8,104,0
l0.5/isaac_legs_blind,0.6,0.9,104,0
l0.5/isaac_legs_blind,0.6,1,104,0.00961538
l0.5/isaac_legs_blind,0.6,1.1,96,0
l0.5/isaac_legs_blind,0.6,1.2,87,0.045977
l0.5/isaac_legs_blind,0.6,1.3,74,0.0135135
l0.5/isaac_legs_blind,0.6,1.4,62,0
l0.5/isaac_legs_blind,0.6,1.5,48,0
l0.5/isaac_legs_blind,0.6,1.6,35,0
l0.5/isaac_legs_blind,0.6,1.7,17,0
l0.5/isaac_legs_blind,0.6,1.8,6,0
l0.5/isaac_legs_blind,0.7,0.1,3,0
l0.5/isaac_legs_blind,0.7,0.2,14,0
l0.5/isaac_legs_blind,0.7,0.3,20,0
l0.5/isaac_legs_blind,0.7,0.4,28,0
l0.5/isaac_legs_blind,0.7,0.5,36,0
l0.5/isaac_legs_blind,0.7,0.6,48,0
l0.5/isaac_legs_blind,0.7,0.7,50,0
l0.5/isaac_legs_blind,0.7,0.8,50,0
l0.5/isaac_legs_blind,0.7,0.9,50,0
l0.5/isaac_legs_blind,0.7,1,50,0
l0.5/isaac_legs_blind,0.7,1.1,50,0
l0.5/isaac_legs_blind,0.7,1.2,47,0
l0.5/isaac_legs_blind,0.7,1.3,36,0
l0.5/isaac_legs_blind,0.7,1.4,30,0
l0.5/isaac_legs_blind,0.7,1.5,22,0
l0.5/isaac_legs_blind,0.7,1.6,14,0
l0.5/isaac_legs_blind,0.7,1.7,2,0
l0.5/isaac_legs_blind,0.8,0.3,1,0
l0.5/isaac_legs_blind,0.8,0.4,3,0
l0.5/isaac_legs_blind,0.8,0.5,3,0
l0.5/isaac_legs_blind,0.8,0.6,3,0
l0.5/isaac_legs_blind,0.8,0.7,3,0
l0.5/isaac_legs_blind,0.8,0.8,3,0
l0.5/isaac_legs_blind,0.8,0.9,3,0
l0.5/isaac_legs_blind,0.8,1,3,0
l0.5/isaac_legs_blind,0.8,1.1,3,0
l0.5/isaac_legs_blind,0.8,1.2,3,0
l0.5/isaac_legs_blind,0.8,1.3,3,0
l0.5/isaac_legs_blind,0.8,1.4,2,0
l0.5/mujoco,0.1,-0.1,2,0
l0.5/mujoco,0.1,0,4,0
l0.5/mujoco,0.1,0.1,6,0
l0.5/mujoco,0.1,0.2,7,0
l0.5/mujoco,0.1,0.3,7,0
l0.5/mujoco,0.1,0.4,7,0
l0.5/mujoco,0.1,0.5,7,0
l0.5/mujoco,0.1,0.6,8,0
l0.5/mujoco,0.1,0.7,10,0.1
l0.5/mujoco,0.1,0.8,11,0.0909091
l0.5/mujoco,0.1,0.9,13,0.230769
l0.5/mujoco,0.1,1,11,0.181818
l0.5/mujoco,0.1,1.1,9,0.222222
l0.5/mujoco,0.1,1.2,7,0
l0.5/mujoco,0.1,1.3,6,0.166667
l0.5/mujoco,0.1,1.4,6,0
l0.5/mujoco,0.1,1.5,6,0
l0.5/mujoco,0.1,1.6,6,0
l0.5/mujoco,0.1,1.7,5,0
l0.5/mujoco,0.1,1.8,3,0
l0.5/mujoco,0.1,1.9,2,0
l0.5/mujoco,0.2,-0.1,3,0
l0.5/mujoco,0.2,0,9,0
l0.5/mujoco,0.2,0.1,12,0
l0.5/mujoco,0.2,0.2,16,0
l0.5/mujoco,0.2,0.3,21,0
l0.5/mujoco,0.2,0.4,22,0
l0.5/mujoco,0.2,0.5,23,0
l0.5/mujoco,0.2,0.6,26,0
l0.5/mujoco,0.2,0.7,29,0.0344828
l0.5/mujoco,0.2,0.8,33,0.0909091
l0.5/mujoco,0.2,0.9,39,0.153846
l0.5/mujoco,0.2,1,36,0.25
l0.5/mujoco,0.2,1.1,30,0.2
l0.5/mujoco,0.2,1.2,27,0.222222
l0.5/mujoco,0.2,1.3,23,0.130435
l0.5/mujoco,0.2,1.4,18,0.166667
l0.5/mujoco,0.2,1.5,17,0.0588235
l0.5/mujoco,0.2,1.6,16,0
l0.5/mujoco,0.2,1.7,13,0.0769231
l0.5/mujoco,0.2,1.8,10,0
l0.5/mujoco,0.2,1.9,6,0
l0.5/mujoco,0.3,-0.1,8,0
l0.5/mujoco,0.3,0,17,0
l0.5/mujoco,0.3,0.1,28,0
l0.5/mujoco,0.3,0.2,36,0
l0.5/mujoco,0.3,0.3,45,0
l0.5/mujoco,0.3,0.4,53,0
l0.5/mujoco,0.3,0.5,59,0
l0.5/mujoco,0.3,0.6,67,0
l0.5/mujoco,0.3,0.7,74,0.027027
l0.5/mujoco,0.3,0.8,82,0.097561
l0.5/mujoco,0.3,0.9,88,0.170455
l0.5/mujoco,0.3,1,80,0.175
l0.5/mujoco,0.3,1.1,71,0.211268
l0.5/mujoco,0.3,1.2,60,0.15
l0.5/mujoco,0.3,1.3,52,0.230769
l0.5/mujoco,0.3,1.4,43,0.255814
l0.5/mujoco,0.3,1.5,35,0.142857
l0.5/mujoco,0.3,1.6,29,0.0689655
l0.5/mujoco,0.3,1.7,21,0
l0.5/mujoco,0.3,1.8,14,0
l0.5/mujoco,0.3,1.9,6,0
l0.5/mujoco,0.4,-0.1,6,0
l0.5/mujoco,0.4,0,21,0
l0.5/mujoco,0.4,0.1,36,0
l0.5/mujoco,0.4,0.2,45,0
l0.5/mujoco,0.4,0.3,60,0
l0.5/mujoco,0.4,0.4,74,0
l0.5/mujoco,0.4,0.5,85,0
l0.5/mujoco,0.4,0.6,98,0
l0.5/mujoco,0.4,0.7,112,0.00892857
l0.5/mujoco,0.4,0.8,125,0.016
l0.5/mujoco,0.4,0.9,129,0.116279
l0.5/mujoco,0.4,1,123,0.154472
l0.5/mujoco,0.4,1.1,108,0.148148
l0.5/mujoco,0.4,1.2,93,0.193548
l0.5/mujoco,0.4,1.3,84,0.178571
l0.5/mujoco,0.4,1.4,69,0.188406
l0.5/mujoco,0.4,1.5,55,0.181818
l0.5/mujoco,0.4,1.6,44,0.0227273
l0.5/mujoco,0.4,1.7,31,0
l0.5/mujoco,0.4,1.8,17,0
l0.5/mujoco,0.4,1.9,4,0
l0.5/mujoco,0.5,-0.1,5,0
l0.5/mujoco,0.5,0,16,0
l0.5/mujoco,0.5,0.1,33,0
l0.5/mujoco,0.5,0.2,50,0
l0.5/mujoco,0.5,0.3,65,0
l0.5/mujoco,0.5,0.4,84,0
l0.5/mujoco,0.5,0.5,102,0
l0.5/mujoco,0.5,0.6,125,0
l0.5/mujoco,0.5,0.7,140,0
l0.5/mujoco,0.5,0.8,150,0.00666667
l0.5/mujoco,0.5,0.9,150,0.0466667
l0.5/mujoco,0.5,1,145,0.0758621
l0.5/mujoco,0.5,1.1,134,0.11194
l0.5/mujoco,0.5,1.2,117,0.102564
l0.5/mujoco,0.5,1.3,100,0.08
l0.5/mujoco,0.5,1.4,85,0.0117647
l0.5/mujoco,0.5,1.5,66,0.0454545
l0.5/mujoco,0.5,1.6,48,0
l0.5/mujoco,0.5,1.7,25,0
l0.5/mujoco,0.5,1.8,10,0
l0.5/mujoco,0.6,0,8,0
l0.5/mujoco,0.6,0.1,17,0
l0.5/mujoco,0.6,0.2,30,0
l0.5/mujoco,0.6,0.3,42,0
l0.5/mujoco,0.6,0.4,56,0
l0.5/mujoco,0.6,0.5,69,0
l0.5/mujoco,0.6,0.6,87,0
l0.5/mujoco,0.6,0.7,98,0
l0.5/mujoco,0.6,0.8,104,0
l0.5/mujoco,0.6,0.9,104,0.00961538
l0.5/mujoco,0.6,1,104,0.0192308
l0.5/mujoco,0.6,1.1,96,0.0104167
l0.5/mujoco,0.6,1.2,87,0
l0.5/mujoco,0.6,1.3,74,0
l0.5/mujoco,0.6,1.4,62,0
l0.5/mujoco,0.6,1.5,48,0
l0.5/mujoco,0.6,1.6,35,0
l0.5/mujoco,0.6,1.7,17,0
l0.5/mujoco,0.6,1.8,6,0
l0.5/mujoco,0.7,0.1,3,0
l0.5/mujoco,0.7,0.2,14,0
l0.5/mujoco,0.7,0.3,20,0
l0.5/mujoco,0.7,0.4,28,0
l0.5/mujoco,0.7,0.5,36,0
l0.5/mujoco,0.7,0.6,48,0
l0.5/mujoco,0.7,0.7,50,0
l0.5/mujoco,0.7,0.8,50,0
l0.5/mujoco,0.7,0.9,50,0
l0.5/mujoco,0.7,1,50,0
l0.5/mujoco,0.7,1.1,50,0
l0.5/mujoco,0.7,1.2,47,0
l0.5/mujoco,0.7,1.3,36,0
l0.5/mujoco,0.7,1.4,30,0
l0.5/mujoco,0.7,1.5,22,0
l0.5/mujoco,0.7,1.6,14,0
l0.5/mujoco,0.7,1.7,2,0
l0.5/mujoco,0.8,0.3,1,0
l0.5/mujoco,0.8,0.4,3,0
l0.5/mujoco,0.8,0.5,3,0
l0.5/mujoco,0.8,0.6,3,0
l0.5/mujoco,0.8,0.7,3,0
l0.5/mujoco,0.8,0.8,3,0
l0.5/mujoco,0.8,0.9,3,0
l0.5/mujoco,0.8,1,3,0
l0.5/mujoco,0.8,1.1,3,0
l0.5/mujoco,0.8,1.2,3,0
l0.5/mujoco,0.8,1.3,3,0
l0.5/mujoco,0.8,1.4,2,0
l0.5/mujoco_isaacphys,0.1,-0.1,2,0
l0.5/mujoco_isaacphys,0.1,0,4,0
l0.5/mujoco_isaacphys,0.1,0.1,6,0
l0.5/mujoco_isaacphys,0.1,0.2,7,0
l0.5/mujoco_isaacphys,0.1,0.3,7,0
l0.5/mujoco_isaacphys,0.1,0.4,7,0
l0.5/mujoco_isaacphys,0.1,0.5,7,0
l0.5/mujoco_isaacphys,0.1,0.6,8,0
l0.5/mujoco_isaacphys,0.1,0.7,10,0.1
l0.5/mujoco_isaacphys,0.1,0.8,11,0
l0.5/mujoco_isaacphys,0.1,0.9,13,0.0769231
l0.5/mujoco_isaacphys,0.1,1,11,0
l0.5/mujoco_isaacphys,0.1,1.1,9,0
l0.5/mujoco_isaacphys,0.1,1.2,7,0.142857
l0.5/mujoco_isaacphys,0.1,1.3,6,0.333333
l0.5/mujoco_isaacphys,0.1,1.4,6,0.166667
l0.5/mujoco_isaacphys,0.1,1.5,6,0.166667
l0.5/mujoco_isaacphys,0.1,1.6,6,0.333333
l0.5/mujoco_isaacphys,0.1,1.7,5,0
l0.5/mujoco_isaacphys,0.1,1.8,3,0
l0.5/mujoco_isaacphys,0.1,1.9,2,0
l0.5/mujoco_isaacphys,0.2,-0.1,3,0
l0.5/mujoco_isaacphys,0.2,0,9,0
l0.5/mujoco_isaacphys,0.2,0.1,12,0
l0.5/mujoco_isaacphys,0.2,0.2,16,0
l0.5/mujoco_isaacphys,0.2,0.3,21,0
l0.5/mujoco_isaacphys,0.2,0.4,22,0
l0.5/mujoco_isaacphys,0.2,0.5,23,0
l0.5/mujoco_isaacphys,0.2,0.6,26,0
l0.5/mujoco_isaacphys,0.2,0.7,29,0
l0.5/mujoco_isaacphys,0.2,0.8,33,0.0606061
l0.5/mujoco_isaacphys,0.2,0.9,39,0.102564
l0.5/mujoco_isaacphys,0.2,1,36,0.25
l0.5/mujoco_isaacphys,0.2,1.1,30,0.2
l0.5/mujoco_isaacphys,0.2,1.2,27,0.296296
l0.5/mujoco_isaacphys,0.2,1.3,23,0.26087
l0.5/mujoco_isaacphys,0.2,1.4,18,0.277778
l0.5/mujoco_isaacphys,0.2,1.5,17,0.176471
l0.5/mujoco_isaacphys,0.2,1.6,16,0.125
l0.5/mujoco_isaacphys,0.2,1.7,13,0.307692
l0.5/mujoco_isaacphys,0.2,1.8,10,0
l0.5/mujoco_isaacphys,0.2,1.9,6,0
l0.5/mujoco_isaacphys,0.3,-0.1,8,0
l0.5/mujoco_isaacphys,0.3,0,17,0
l0.5/mujoco_isaacphys,0.3,0.1,28,0
l0.5/mujoco_isaacphys,0.3,0.2,36,0
l0.5/mujoco_isaacphys,0.3,0.3,45,0
l0.5/mujoco_isaacphys,0.3,0.4,53,0
l0.5/mujoco_isaacphys,0.3,0.5,59,0
l0.5/mujoco_isaacphys,0.3,0.6,67,0
l0.5/mujoco_isaacphys,0.3,0.7,74,0
l0.5/mujoco_isaacphys,0.3,0.8,82,0.0609756
l0.5/mujoco_isaacphys,0.3,0.9,88,0.125
l0.5/mujoco_isaacphys,0.3,1,80,0.2625
l0.5/mujoco_isaacphys,0.3,1.1,71,0.338028
l0.5/mujoco_isaacphys,0.3,1.2,60,0.4
l0.5/mujoco_isaacphys,0.3,1.3,52,0.384615
l0.5/mujoco_isaacphys,0.3,1.4,43,0.348837
l0.5/mujoco_isaacphys,0.3,1.5,35,0.371429
l0.5/mujoco_isaacphys,0.3,1.6,29,0.344828
l0.5/mujoco_isaacphys,0.3,1.7,21,0.0952381
l0.5/mujoco_isaacphys,0.3,1.8,14,0
l0.5/mujoco_isaacphys,0.3,1.9,6,0
l0.5/mujoco_isaacphys,0.4,-0.1,6,0
l0.5/mujoco_isaacphys,0.4,0,21,0
l0.5/mujoco_isaacphys,0.4,0.1,36,0
l0.5/mujoco_isaacphys,0.4,0.2,45,0
l0.5/mujoco_isaacphys,0.4,0.3,60,0
l0.5/mujoco_isaacphys,0.4,0.4,74,0
l0.5/mujoco_isaacphys,0.4,0.5,85,0
l0.5/mujoco_isaacphys,0.4,0.6,98,0
l0.5/mujoco_isaacphys,0.4,0.7,112,0
l0.5/mujoco_isaacphys,0.4,0.8,125,0.064
l0.5/mujoco_isaacphys,0.4,0.9,129,0.0930233
l0.5/mujoco_isaacphys,0.4,1,123,0.105691
l0.5/mujoco_isaacphys,0.4,1.1,108,0.194444
l0.5/mujoco_isaacphys,0.4,1.2,93,0.215054
l0.5/mujoco_isaacphys,0.4,1.3,84,0.309524
l0.5/mujoco_isaacphys,0.4,1.4,69,0.202899
l0.5/mujoco_isaacphys,0.4,1.5,55,0.236364
l0.5/mujoco_isaacphys,0.4,1.6,44,0.159091
l0.5/mujoco_isaacphys,0.4,1.7,31,0.0322581
l0.5/mujoco_isaacphys,0.4,1.8,17,0
l0.5/mujoco_isaacphys,0.4,1.9,4,0
l0.5/mujoco_isaacphys,0.5,-0.1,5,0
l0.5/mujoco_isaacphys,0.5,0,16,0
l0.5/mujoco_isaacphys,0.5,0.1,33,0
l0.5/mujoco_isaacphys,0.5,0.2,50,0
l0.5/mujoco_isaacphys,0.5,0.3,65,0
l0.5/mujoco_isaacphys,0.5,0.4,84,0
l0.5/mujoco_isaacphys,0.5,0.5,102,0
l0.5/mujoco_isaacphys,0.5,0.6,125,0
l0.5/mujoco_isaacphys,0.5,0.7,140,0
l0.5/mujoco_isaacphys,0.5,0.8,150,0
l0.5/mujoco_isaacphys,0.5,0.9,150,0.02
l0.5/mujoco_isaacphys,0.5,1,145,0.062069
l0.5/mujoco_isaacphys,0.5,1.1,134,0.0970149
l0.5/mujoco_isaacphys,0.5,1.2,117,0.111111
l0.5/mujoco_isaacphys,0.5,1.3,100,0.14
l0.5/mujoco_isaacphys,0.5,1.4,85,0.117647
l0.5/mujoco_isaacphys,0.5,1.5,66,0.0909091
l0.5/mujoco_isaacphys,0.5,1.6,48,0.0833333
l0.5/mujoco_isaacphys,0.5,1.7,25,0.04
l0.5/mujoco_isaacphys,0.5,1.8,10,0
l0.5/mujoco_isaacphys,0.6,0,8,0
l0.5/mujoco_isaacphys,0.6,0.1,17,0
l0.5/mujoco_isaacphys,0.6,0.2,30,0
l0.5/mujoco_isaacphys,0.6,0.3,42,0
l0.5/mujoco_isaacphys,0.6,0.4,56,0
l0.5/mujoco_isaacphys,0.6,0.5,69,0
l0.5/mujoco_isaacphys,0.6,0.6,87,0
l0.5/mujoco_isaacphys,0.6,0.7,98,0
l0.5/mujoco_isaacphys,0.6,0.8,104,0
l0.5/mujoco_isaacphys,0.6,0.9,104,0
l0.5/mujoco_isaacphys,0.6,1,104,0
l0.5/mujoco_isaacphys,0.6,1.1,96,0.0208333
l0.5/mujoco_isaacphys,0.6,1.2,87,0.0114943
l0.5/mujoco_isaacphys,0.6,1.3,74,0.0135135
l0.5/mujoco_isaacphys,0.6,1.4,62,0
l0.5/mujoco_isaacphys,0.6,1.5,48,0
l0.5/mujoco_isaacphys,0.6,1.6,35,0
l0.5/mujoco_isaacphys,0.6,1.7,17,0
l0.5/mujoco_isaacphys,0.6,1.8,6,0
l0.5/mujoco_isaacphys,0.7,0.1,3,0
l0.5/mujoco_isaacphys,0.7,0.2,14,0
l0.5/mujoco_isaacphys,0.7,0.3,20,0
l0.5/mujoco_isaacphys,0.7,0.4,28,0
l0.5/mujoco_isaacphys,0.7,0.5,36,0
l0.5/mujoco_isaacphys,0.7,0.6,48,0
l0.5/mujoco_isaacphys,0.7,0.7,50,0
l0.5/mujoco_isaacphys,0.7,0.8,50,0
l0.5/mujoco_isaacphys,0.7,0.9,50,0
l0.5/mujoco_isaacphys,0.7,1,50,0
l0.5/mujoco_isaacphys,0.7,1.1,50,0.02
l0.5/mujoco_isaacphys,0.7,1.2,47,0
l0.5/mujoco_isaacphys,0.7,1.3,36,0.0277778
l0.5/mujoco_isaacphys,0.7,1.4,30,0
l0.5/mujoco_isaacphys,0.7,1.5,22,0
l0.5/mujoco_isaacphys,0.7,1.6,14,0
l0.5/mujoco_isaacphys,0.7,1.7,2,0
l0.5/mujoco_isaacphys,0.8,0.3,1,0
l0.5/mujoco_isaacphys,0.8,0.4,3,0
l0.5/mujoco_isaacphys,0.8,0.5,3,0
l0.5/mujoco_isaacphys,0.8,0.6,3,0
l0.5/mujoco_isaacphys,0.8,0.7,3,0
l0.5/mujoco_isaacphys,0.8,0.8,3,0
l0.5/mujoco_isaacphys,0.8,0.9,3,0
l0.5/mujoco_isaacphys,0.8,1,3,0
l0.5/mujoco_isaacphys,0.8,1.1,3,0
l0.5/mujoco_isaacphys,0.8,1.2,3,0
l0.5/mujoco_isaacphys,0.8,1.3,3,0
l0.5/mujoco_isaacphys,0.8,1.4,2,0
l0.5/mujoco_legs_blind,0.1,-0.1,2,0
l0.5/mujoco_legs_blind,0.1,0,4,0
l0.5/mujoco_legs_blind,0.1,0.1,6,0
l0.5/mujoco_legs_blind,0.1,0.2,7,0
l0.5/mujoco_legs_blind,0.1,0.3,7,0
l0.5/mujoco_legs_blind,0.1,0.4,7,0
l0.5/mujoco_legs_blind,0.1,0.5,7,0
l0.5/mujoco_legs_blind,0.1,0.6,8,0
l0.5/mujoco_legs_blind,0.1,0.7,10,0
l0.5/mujoco_legs_blind,0.1,0.8,11,0
l0.5/mujoco_legs_blind,0.1,0.9,13,0.0769231
l0.5/mujoco_legs_blind,0.1,1,11,0.0909091
l0.5/mujoco_legs_blind,0.1,1.1,9,0.111111
l0.5/mujoco_legs_blind,0.1,1.2,7,0
l0.5/mujoco_legs_blind,0.1,1.3,6,0
l0.5/mujoco_legs_blind,0.1,1.4,6,0
l0.5/mujoco_legs_blind,0.1,1.5,6,0
l0.5/mujoco_legs_blind,0.1,1.6,6,0
l0.5/mujoco_legs_blind,0.1,1.7,5,0
l0.5/mujoco_legs_blind,0.1,1.8,3,0
l0.5/mujoco_legs_blind,0.1,1.9,2,0
l0.5/mujoco_legs_blind,0.2,-0.1,3,0
l0.5/mujoco_legs_blind,0.2,0,9,0
l0.5/mujoco_legs_blind,0.2,0.1,12,0
l0.5/mujoco_legs_blind,0.2,0.2,16,0
l0.5/mujoco_legs_blind,0.2,0.3,21,0
l0.5/mujoco_legs_blind,0.2,0.4,22,0
l0.5/mujoco_legs_blind,0.2,0.5,23,0
l0.5/mujoco_legs_blind,0.2,0.6,26,0
l0.5/mujoco_legs_blind,0.2,0.7,29,0
l0.5/mujoco_legs_blind,0.2,0.8,33,0
l0.5/mujoco_legs_blind,0.2,0.9,39,0.025641
l0.5/mujoco_legs_blind,0.2,1,36,0
l0.5/mujoco_legs_blind,0.2,1.1,30,0.133333
l0.5/mujoco_legs_blind,0.2,1.2,27,0.148148
l0.5/mujoco_legs_blind,0.2,1.3,23,0.0869565
l0.5/mujoco_legs_blind,0.2,1.4,18,0.111111
l0.5/mujoco_legs_blind,0.2,1.5,17,0
l0.5/mujoco_legs_blind,0.2,1.6,16,0
l0.5/mujoco_legs_blind,0.2,1.7,13,0
l0.5/mujoco_legs_blind,0.2,1.8,10,0
l0.5/mujoco_legs_blind,0.2,1.9,6,0
l0.5/mujoco_legs_blind,0.3,-0.1,8,0
l0.5/mujoco_legs_blind,0.3,0,17,0
l0.5/mujoco_legs_blind,0.3,0.1,28,0
l0.5/mujoco_legs_blind,0.3,0.2,36,0
l0.5/mujoco_legs_blind,0.3,0.3,45,0
l0.5/mujoco_legs_blind,0.3,0.4,53,0
l0.5/mujoco_legs_blind,0.3,0.5,59,0
l0.5/mujoco_legs_blind,0.3,0.6,67,0
l0.5/mujoco_legs_blind,0.3,0.7,74,0
l0.5/mujoco_legs_blind,0.3,0.8,82,0
l0.5/mujoco_legs_blind,0.3,0.9,88,0.0227273
l0.5/mujoco_legs_blind,0.3,1,80,0.0625
l0.5/mujoco_legs_blind,0.3,1.1,71,0.0985915
l0.5/mujoco_legs_blind,0.3,1.2,60,0.133333
l0.5/mujoco_legs_blind,0.3,1.3,52,0.0769231
l0.5/mujoco_legs_blind,0.3,1.4,43,0.0232558
l0.5/mujoco_legs_blind,0.3,1.5,35,0.0285714
l0.5/mujoco_legs_blind,0.3,1.6,29,0.0689655
l0.5/mujoco_legs_blind,0.3,1.7,21,0.047619
l0.5/mujoco_legs_blind,0.3,1.8,14,0
l0.5/mujoco_legs_blind,0.3,1.9,6,0
l0.5/mujoco_legs_blind,0.4,-0.1,6,0
l0.5/mujoco_legs_blind,0.4,0,21,0
l0.5/mujoco_legs_blind,0.4,0.1,36,0
l0.5/mujoco_legs_blind,0.4,0.2,45,0
l0.5/mujoco_legs_blind,0.4,0.3,60,0
l0.5/mujoco_legs_blind,0.4,0.4,74,0
l0.5/mujoco_legs_blind,0.4,0.5,85,0
l0.5/mujoco_legs_blind,0.4,0.6,98,0
l0.5/mujoco_legs_blind,0.4,0.7,112,0
l0.5/mujoco_legs_blind,0.4,0.8,125,0
l0.5/mujoco_legs_blind,0.4,0.9,129,0.00775194
l0.5/mujoco_legs_blind,0.4,1,123,0.0406504
l0.5/mujoco_legs_blind,0.4,1.1,108,0.0740741
l0.5/mujoco_legs_blind,0.4,1.2,93,0.129032
l0.5/mujoco_legs_blind,0.4,1.3,84,0.0714286
l0.5/mujoco_legs_blind,0.4,1.4,69,0.0434783
l0.5/mujoco_legs_blind,0.4,1.5,55,0.0181818
l0.5/mujoco_legs_blind,0.4,1.6,44,0.0454545
l0.5/mujoco_legs_blind,0.4,1.7,31,0
l0.5/mujoco_legs_blind,0.4,1.8,17,0
l0.5/mujoco_legs_blind,0.4,1.9,4,0
l0.5/mujoco_legs_blind,0.5,-0.1,5,0
l0.5/mujoco_legs_blind,0.5,0,16,0
l0.5/mujoco_legs_blind,0.5,0.1,33,0
l0.5/mujoco_legs_blind,0.5,0.2,50,0
l0.5/mujoco_legs_blind,0.5,0.3,65,0
l0.5/mujoco_legs_blind,0.5,0.4,84,0
l0.5/mujoco_legs_blind,0.5,0.5,102,0
l0.5/mujoco_legs_blind,0.5,0.6,125,0
l0.5/mujoco_legs_blind,0.5,0.7,140,0
l0.5/mujoco_legs_blind,0.5,0.8,150,0
l0.5/mujoco_legs_blind,0.5,0.9,150,0
l0.5/mujoco_legs_blind,0.5,1,145,0
l0.5/mujoco_legs_blind,0.5,1.1,134,0.00746269
l0.5/mujoco_legs_blind,0.5,1.2,117,0.00854701
l0.5/mujoco_legs_blind,0.5,1.3,100,0.04
l0.5/mujoco_legs_blind,0.5,1.4,85,0.0235294
l0.5/mujoco_legs_blind,0.5,1.5,66,0.0151515
l0.5/mujoco_legs_blind,0.5,1.6,48,0
l0.5/mujoco_legs_blind,0.5,1.7,25,0
l0.5/mujoco_legs_blind,0.5,1.8,10,0
l0.5/mujoco_legs_blind,0.6,0,8,0
l0.5/mujoco_legs_blind,0.6,0.1,17,0
l0.5/mujoco_legs_blind,0.6,0.2,30,0
l0.5/mujoco_legs_blind,0.6,0.3,42,0
l0.5/mujoco_legs_blind,0.6,0.4,56,0
l0.5/mujoco_legs_blind,0.6,0.5,69,0
l0.5/mujoco_legs_blind,0.6,0.6,87,0
l0.5/mujoco_legs_blind,0.6,0.7,98,0
l0.5/mujoco_legs_blind,0.6,0.8,104,0
l0.5/mujoco_legs_blind,0.6,0.9,104,0
l0.5/mujoco_legs_blind,0.6,1,104,0
l0.5/mujoco_legs_blind,0.6,1.1,96,0
l0.5/mujoco_legs_blind,0.6,1.2,87,0.0229885
l0.5/mujoco_legs_blind,0.6,1.3,74,0.0135135
l0.5/mujoco_legs_blind,0.6,1.4,62,0
l0.5/mujoco_legs_blind,0.6,1.5,48,0
l0.5/mujoco_legs_blind,0.6,1.6,35,0
l0.5/mujoco_legs_blind,0.6,1.7,17,0
l0.5/mujoco_legs_blind,0.6,1.8,6,0
l0.5/mujoco_legs_blind,0.7,0.1,3,0
l0.5/mujoco_legs_blind,0.7,0.2,14,0
l0.5/mujoco_legs_blind,0.7,0.3,20,0
l0.5/mujoco_legs_blind,0.7,0.4,28,0
l0.5/mujoco_legs_blind,0.7,0.5,36,0
l0.5/mujoco_legs_blind,0.7,0.6,48,0
l0.5/mujoco_legs_blind,0.7,0.7,50,0
l0.5/mujoco_legs_blind,0.7,0.8,50,0
l0.5/mujoco_legs_blind,0.7,0.9,50,0
l0.5/mujoco_legs_blind,0.7,1,50,0
l0.5/mujoco_legs_blind,0.7,1.1,50,0
l0.5/mujoco_legs_blind,0.7,1.2,47,0
l0.5/mujoco_legs_blind,0.7,1.3,36,0
l0.5/mujoco_legs_blind,0.7,1.4,30,0
l0.5/mujoco_legs_blind,0.7,1.5,22,0
l0.5/mujoco_legs_blind,0.7,1.6,14,0
l0.5/mujoco_legs_blind,0.7,1.7,2,0
l0.5/mujoco_legs_blind,0.8,0.3,1,0
l0.5/mujoco_legs_blind,0.8,0.4,3,0
l0.5/mujoco_legs_blind,0.8,0.5,3,0
l0.5/mujoco_legs_blind,0.8,0.6,3,0
l0.5/mujoco_legs_blind,0.8,0.7,3,0
l0.5/mujoco_legs_blind,0.8,0.8,3,0
l0.5/mujoco_legs_blind,0.8,0.9,3,0
l0.5/mujoco_legs_blind,0.8,1,3,0
l0.5/mujoco_legs_blind,0.8,1.1,3,0
l0.5/mujoco_legs_blind,0.8,1.2,3,0
l0.5/mujoco_legs_blind,0.8,1.3,3,0
l0.5/mujoco_legs_blind,0.8,1.4,2,0
l0.5_52k/isaac,0.1,-0.1,2,0
l0.5_52k/isaac,0.1,0,4,0
l0.5_52k/isaac,0.1,0.1,6,0
l0.5_52k/isaac,0.1,0.2,7,0
l0.5_52k/isaac,0.1,0.3,7,0
l0.5_52k/isaac,0.1,0.4,7,0
l0.5_52k/isaac,0.1,0.5,7,0
l0.5_52k/isaac,0.1,0.6,8,0
l0.5_52k/isaac,0.1,0.7,10,0.1
l0.5_52k/isaac,0.1,0.8,11,0.181818
l0.5_52k/isaac,0.1,0.9,13,0.538462
l0.5_52k/isaac,0.1,1,11,0.454545
l0.5_52k/isaac,0.1,1.1,9,0.555556
l0.5_52k/isaac,0.1,1.2,7,0.285714
l0.5_52k/isaac,0.1,1.3,6,0.833333
l0.5_52k/isaac,0.1,1.4,6,0.5
l0.5_52k/isaac,0.1,1.5,6,0.666667
l0.5_52k/isaac,0.1,1.6,6,0.5
l0.5_52k/isaac,0.1,1.7,5,0.8
l0.5_52k/isaac,0.1,1.8,3,0.333333
l0.5_52k/isaac,0.1,1.9,2,0
l0.5_52k/isaac,0.2,-0.1,3,0
l0.5_52k/isaac,0.2,0,9,0
l0.5_52k/isaac,0.2,0.1,12,0
l0.5_52k/isaac,0.2,0.2,16,0
l0.5_52k/isaac,0.2,0.3,21,0
l0.5_52k/isaac,0.2,0.4,22,0
l0.5_52k/isaac,0.2,0.5,23,0
l0.5_52k/isaac,0.2,0.6,26,0
l0.5_52k/isaac,0.2,0.7,29,0.0344828
l0.5_52k/isaac,0.2,0.8,33,0.0909091
l0.5_52k/isaac,0.2,0.9,39,0.282051
l0.5_52k/isaac,0.2,1,36,0.416667
l0.5_52k/isaac,0.2,1.1,30,0.533333
l0.5_52k/isaac,0.2,1.2,27,0.592593
l0.5_52k/isaac,0.2,1.3,23,0.478261
l0.5_52k/isaac,0.2,1.4,18,0.5
l0.5_52k/isaac,0.2,1.5,17,0.588235
l0.5_52k/isaac,0.2,1.6,16,0.625
l0.5_52k/isaac,0.2,1.7,13,0.461538
l0.5_52k/isaac,0.2,1.8,10,0.3
l0.5_52k/isaac,0.2,1.9,6,0
l0.5_52k/isaac,0.3,-0.1,8,0
l0.5_52k/isaac,0.3,0,17,0
l0.5_52k/isaac,0.3,0.1,28,0
l0.5_52k/isaac,0.3,0.2,36,0
l0.5_52k/isaac,0.3,0.3,45,0
l0.5_52k/isaac,0.3,0.4,53,0
l0.5_52k/isaac,0.3,0.5,59,0
l0.5_52k/isaac,0.3,0.6,67,0
l0.5_52k/isaac,0.3,0.7,74,0.0405405
l0.5_52k/isaac,0.3,0.8,82,0.146341
l0.5_52k/isaac,0.3,0.9,88,0.318182
l0.5_52k/isaac,0.3,1,80,0.45
l0.5_52k/isaac,0.3,1.1,71,0.549296
l0.5_52k/isaac,0.3,1.2,60,0.633333
l0.5_52k/isaac,0.3,1.3,52,0.442308
l0.5_52k/isaac,0.3,1.4,43,0.465116
l0.5_52k/isaac,0.3,1.5,35,0.457143
l0.5_52k/isaac,0.3,1.6,29,0.551724
l0.5_52k/isaac,0.3,1.7,21,0.238095
l0.5_52k/isaac,0.3,1.8,14,0
l0.5_52k/isaac,0.3,1.9,6,0
l0.5_52k/isaac,0.4,-0.1,6,0
l0.5_52k/isaac,0.4,0,21,0
l0.5_52k/isaac,0.4,0.1,36,0
l0.5_52k/isaac,0.4,0.2,45,0
l0.5_52k/isaac,0.4,0.3,60,0
l0.5_52k/isaac,0.4,0.4,74,0
l0.5_52k/isaac,0.4,0.5,85,0
l0.5_52k/isaac,0.4,0.6,98,0
l0.5_52k/isaac,0.4,0.7,112,0.0357143
l0.5_52k/isaac,0.4,0.8,125,0.136
l0.5_52k/isaac,0.4,0.9,129,0.325581
l0.5_52k/isaac,0.4,1,123,0.382114
l0.5_52k/isaac,0.4,1.1,108,0.435185
l0.5_52k/isaac,0.4,1.2,93,0.44086
l0.5_52k/isaac,0.4,1.3,84,0.5
l0.5_52k/isaac,0.4,1.4,69,0.492754
l0.5_52k/isaac,0.4,1.5,55,0.418182
l0.5_52k/isaac,0.4,1.6,44,0.340909
l0.5_52k/isaac,0.4,1.7,31,0.0645161
l0.5_52k/isaac,0.4,1.8,17,0
l0.5_52k/isaac,0.4,1.9,4,0
l0.5_52k/isaac,0.5,-0.1,5,0
l0.5_52k/isaac,0.5,0,16,0
l0.5_52k/isaac,0.5,0.1,33,0
l0.5_52k/isaac,0.5,0.2,50,0
l0.5_52k/isaac,0.5,0.3,65,0
l0.5_52k/isaac,0.5,0.4,84,0
l0.5_52k/isaac,0.5,0.5,102,0
l0.5_52k/isaac,0.5,0.6,125,0
l0.5_52k/isaac,0.5,0.7,140,0
l0.5_52k/isaac,0.5,0.8,150,0.04
l0.5_52k/isaac,0.5,0.9,150,0.106667
l0.5_52k/isaac,0.5,1,145,0.248276
l0.5_52k/isaac,0.5,1.1,134,0.343284
l0.5_52k/isaac,0.5,1.2,117,0.384615
l0.5_52k/isaac,0.5,1.3,100,0.36
l0.5_52k/isaac,0.5,1.4,85,0.352941
l0.5_52k/isaac,0.5,1.5,66,0.227273
l0.5_52k/isaac,0.5,1.6,48,0.104167
l0.5_52k/isaac,0.5,1.7,25,0
l0.5_52k/isaac,0.5,1.8,10,0
l0.5_52k/isaac,0.6,0,8,0
l0.5_52k/isaac,0.6,0.1,17,0
l0.5_52k/isaac,0.6,0.2,30,0
l0.5_52k/isaac,0.6,0.3,42,0
l0.5_52k/isaac,0.6,0.4,56,0
l0.5_52k/isaac,0.6,0.5,69,0
l0.5_52k/isaac,0.6,0.6,87,0
l0.5_52k/isaac,0.6,0.7,98,0
l0.5_52k/isaac,0.6,0.8,104,0.00961538
l0.5_52k/isaac,0.6,0.9,104,0.00961538
l0.5_52k/isaac,0.6,1,104,0.0865385
l0.5_52k/isaac,0.6,1.1,96,0.125
l0.5_52k/isaac,0.6,1.2,87,0.137931
l0.5_52k/isaac,0.6,1.3,74,0.121622
l0.5_52k/isaac,0.6,1.4,62,0.145161
l0.5_52k/isaac,0.6,1.5,48,0.0625
l0.5_52k/isaac,0.6,1.6,35,0.0285714
l0.5_52k/isaac,0.6,1.7,17,0.0588235
l0.5_52k/isaac,0.6,1.8,6,0
l0.5_52k/isaac,0.7,0.1,3,0
l0.5_52k/isaac,0.7,0.2,14,0
l0.5_52k/isaac,0.7,0.3,20,0
l0.5_52k/isaac,0.7,0.4,28,0
l0.5_52k/isaac,0.7,0.5,36,0
l0.5_52k/isaac,0.7,0.6,48,0
l0.5_52k/isaac,0.7,0.7,50,0
l0.5_52k/isaac,0.7,0.8,50,0.02
l0.5_52k/isaac,0.7,0.9,50,0.02
l0.5_52k/isaac,0.7,1,50,0.04
l0.5_52k/isaac,0.7,1.1,50,0.12
l0.5_52k/isaac,0.7,1.2,47,0.0851064
l0.5_52k/isaac,0.7,1.3,36,0.0833333
l0.5_52k/isaac,0.7,1.4,30,0.0666667
l0.5_52k/isaac,0.7,1.5,22,0
l0.5_52k/isaac,0.7,1.6,14,0.0714286
l0.5_52k/isaac,0.7,1.7,2,0
l0.5_52k/isaac,0.8,0.3,1,0
l0.5_52k/isaac,0.8,0.4,3,0
l0.5_52k/isaac,0.8,0.5,3,0
l0.5_52k/isaac,0.8,0.6,3,0
l0.5_52k/isaac,0.8,0.7,3,0
l0.5_52k/isaac,0.8,0.8,3,0
l0.5_52k/isaac,0.8,0.9,3,0
l0.5_52k/isaac,0.8,1,3,0
l0.5_52k/isaac,0.8,1.1,3,0
l0.5_52k/isaac,0.8,1.2,3,0
l0.5_52k/isaac,0.8,1.3,3,0
l0.5_52k/isaac,0.8,1.4,2,0
l0.5_52k/mujoco,0.1,-0.1,2,0
l0.5_52k/mujoco,0.1,0,4,0
l0.5_52k/mujoco,0.1,0.1,6,0
l0.5_52k/mujoco,0.1,0.2,7,0
l0.5_52k/mujoco,0.1,0.3,7,0
l0.5_52k/mujoco,0.1,0.4,7,0
l0.5_52k/mujoco,0.1,0.5,7,0
l0.5_52k/mujoco,0.1,0.6,8,0
l0.5_52k/mujoco,0.1,0.7,10,0
l0.5_52k/mujoco,0.1,0.8,11,0.0909091
l0.5_52k/mujoco,0.1,0.9,13,0
l0.5_52k/mujoco,0.1,1,11,0
l0.5_52k/mujoco,0.1,1.1,9,0
l0.5_52k/mujoco,0.1,1.2,7,0
l0.5_52k/mujoco,0.1,1.3,6,0
l0.5_52k/mujoco,0.1,1.4,6,0
l0.5_52k/mujoco,0.1,1.5,6,0
l0.5_52k/mujoco,0.1,1.6,6,0
l0.5_52k/mujoco,0.1,1.7,5,0
l0.5_52k/mujoco,0.1,1.8,3,0
l0.5_52k/mujoco,0.1,1.9,2,0
l0.5_52k/mujoco,0.2,-0.1,3,0
l0.5_52k/mujoco,0.2,0,9,0
l0.5_52k/mujoco,0.2,0.1,12,0
l0.5_52k/mujoco,0.2,0.2,16,0
l0.5_52k/mujoco,0.2,0.3,21,0
l0.5_52k/mujoco,0.2,0.4,22,0
l0.5_52k/mujoco,0.2,0.5,23,0
l0.5_52k/mujoco,0.2,0.6,26,0
l0.5_52k/mujoco,0.2,0.7,29,0
l0.5_52k/mujoco,0.2,0.8,33,0
l0.5_52k/mujoco,0.2,0.9,39,0.025641
l0.5_52k/mujoco,0.2,1,36,0.0277778
l0.5_52k/mujoco,0.2,1.1,30,0.133333
l0.5_52k/mujoco,0.2,1.2,27,0.185185
l0.5_52k/mujoco,0.2,1.3,23,0.0869565
l0.5_52k/mujoco,0.2,1.4,18,0.0555556
l0.5_52k/mujoco,0.2,1.5,17,0.0588235
l0.5_52k/mujoco,0.2,1.6,16,0
l0.5_52k/mujoco,0.2,1.7,13,0.0769231
l0.5_52k/mujoco,0.2,1.8,10,0
l0.5_52k/mujoco,0.2,1.9,6,0
l0.5_52k/mujoco,0.3,-0.1,8,0
l0.5_52k/mujoco,0.3,0,17,0
l0.5_52k/mujoco,0.3,0.1,28,0
l0.5_52k/mujoco,0.3,0.2,36,0
l0.5_52k/mujoco,0.3,0.3,45,0
l0.5_52k/mujoco,0.3,0.4,53,0
l0.5_52k/mujoco,0.3,0.5,59,0
l0.5_52k/mujoco,0.3,0.6,67,0
l0.5_52k/mujoco,0.3,0.7,74,0
l0.5_52k/mujoco,0.3,0.8,82,0
l0.5_52k/mujoco,0.3,0.9,88,0
l0.5_52k/mujoco,0.3,1,80,0.0125
l0.5_52k/mujoco,0.3,1.1,71,0.0422535
l0.5_52k/mujoco,0.3,1.2,60,0.0666667
l0.5_52k/mujoco,0.3,1.3,52,0.0384615
l0.5_52k/mujoco,0.3,1.4,43,0.0697674
l0.5_52k/mujoco,0.3,1.5,35,0
l0.5_52k/mujoco,0.3,1.6,29,0
l0.5_52k/mujoco,0.3,1.7,21,0.047619
l0.5_52k/mujoco,0.3,1.8,14,0
l0.5_52k/mujoco,0.3,1.9,6,0
l0.5_52k/mujoco,0.4,-0.1,6,0
l0.5_52k/mujoco,0.4,0,21,0
l0.5_52k/mujoco,0.4,0.1,36,0
l0.5_52k/mujoco,0.4,0.2,45,0
l0.5_52k/mujoco,0.4,0.3,60,0
l0.5_52k/mujoco,0.4,0.4,74,0
l0.5_52k/mujoco,0.4,0.5,85,0
l0.5_52k/mujoco,0.4,0.6,98,0
l0.5_52k/mujoco,0.4,0.7,112,0
l0.5_52k/mujoco,0.4,0.8,125,0
l0.5_52k/mujoco,0.4,0.9,129,0.00775194
l0.5_52k/mujoco,0.4,1,123,0.0162602
l0.5_52k/mujoco,0.4,1.1,108,0.0185185
l0.5_52k/mujoco,0.4,1.2,93,0.0215054
l0.5_52k/mujoco,0.4,1.3,84,0.0238095
l0.5_52k/mujoco,0.4,1.4,69,0.0144928
l0.5_52k/mujoco,0.4,1.5,55,0
l0.5_52k/mujoco,0.4,1.6,44,0
l0.5_52k/mujoco,0.4,1.7,31,0
l0.5_52k/mujoco,0.4,1.8,17,0
l0.5_52k/mujoco,0.4,1.9,4,0
l0.5_52k/mujoco,0.5,-0.1,5,0
l0.5_52k/mujoco,0.5,0,16,0
l0.5_52k/mujoco,0.5,0.1,33,0
l0.5_52k/mujoco,0.5,0.2,50,0
l0.5_52k/mujoco,0.5,0.3,65,0
l0.5_52k/mujoco,0.5,0.4,84,0
l0.5_52k/mujoco,0.5,0.5,102,0
l0.5_52k/mujoco,0.5,0.6,125,0
l0.5_52k/mujoco,0.5,0.7,140,0
l0.5_52k/mujoco,0.5,0.8,150,0
l0.5_52k/mujoco,0.5,0.9,150,0.00666667
l0.5_52k/mujoco,0.5,1,145,0.0137931
l0.5_52k/mujoco,0.5,1.1,134,0.0223881
l0.5_52k/mujoco,0.5,1.2,117,0.00854701
l0.5_52k/mujoco,0.5,1.3,100,0.02
l0.5_52k/mujoco,0.5,1.4,85,0
l0.5_52k/mujoco,0.5,1.5,66,0
l0.5_52k/mujoco,0.5,1.6,48,0
l0.5_52k/mujoco,0.5,1.7,25,0
l0.5_52k/mujoco,0.5,1.8,10,0
l0.5_52k/mujoco,0.6,0,8,0
l0.5_52k/mujoco,0.6,0.1,17,0
l0.5_52k/mujoco,0.6,0.2,30,0
l0.5_52k/mujoco,0.6,0.3,42,0
l0.5_52k/mujoco,0.6,0.4,56,0
l0.5_52k/mujoco,0.6,0.5,69,0
l0.5_52k/mujoco,0.6,0.6,87,0
l0.5_52k/mujoco,0.6,0.7,98,0
l0.5_52k/mujoco,0.6,0.8,104,0
l0.5_52k/mujoco,0.6,0.9,104,0
l0.5_52k/mujoco,0.6,1,104,0
l0.5_52k/mujoco,0.6,1.1,96,0
l0.5_52k/mujoco,0.6,1.2,87,0
l0.5_52k/mujoco,0.6,1.3,74,0
l0.5_52k/mujoco,0.6,1.4,62,0
l0.5_52k/mujoco,0.6,1.5,48,0
l0.5_52k/mujoco,0.6,1.6,35,0
l0.5_52k/mujoco,0.6,1.7,17,0
l0.5_52k/mujoco,0.6,1.8,6,0
l0.5_52k/mujoco,0.7,0.1,3,0
l0.5_52k/mujoco,0.7,0.2,14,0
l0.5_52k/mujoco,0.7,0.3,20,0
l0.5_52k/mujoco,0.7,0.4,28,0
l0.5_52k/mujoco,0.7,0.5,36,0
l0.5_52k/mujoco,0.7,0.6,48,0
l0.5_52k/mujoco,0.7,0.7,50,0
l0.5_52k/mujoco,0.7,0.8,50,0
l0.5_52k/mujoco,0.7,0.9,50,0
l0.5_52k/mujoco,0.7,1,50,0
l0.5_52k/mujoco,0.7,1.1,50,0
l0.5_52k/mujoco,0.7,1.2,47,0
l0.5_52k/mujoco,0.7,1.3,36,0
l0.5_52k/mujoco,0.7,1.4,30,0
l0.5_52k/mujoco,0.7,1.5,22,0
l0.5_52k/mujoco,0.7,1.6,14,0
l0.5_52k/mujoco,0.7,1.7,2,0
l0.5_52k/mujoco,0.8,0.3,1,0
l0.5_52k/mujoco,0.8,0.4,3,0
l0.5_52k/mujoco,0.8,0.5,3,0
l0.5_52k/mujoco,0.8,0.6,3,0
l0.5_52k/mujoco,0.8,0.7,3,0
l0.5_52k/mujoco,0.8,0.8,3,0
l0.5_52k/mujoco,0.8,0.9,3,0
l0.5_52k/mujoco,0.8,1,3,0
l0.5_52k/mujoco,0.8,1.1,3,0
l0.5_52k/mujoco,0.8,1.2,3,0
l0.5_52k/mujoco,0.8,1.3,3,0
l0.5_52k/mujoco,0.8,1.4,2,0
l0.5_52k/mujoco_isaacphys,0.1,-0.1,2,0
l0.5_52k/mujoco_isaacphys,0.1,0,4,0
l0.5_52k/mujoco_isaacphys,0.1,0.1,6,0
l0.5_52k/mujoco_isaacphys,0.1,0.2,7,0
l0.5_52k/mujoco_isaacphys,0.1,0.3,7,0
l0.5_52k/mujoco_isaacphys,0.1,0.4,7,0
l0.5_52k/mujoco_isaacphys,0.1,0.5,7,0
l0.5_52k/mujoco_isaacphys,0.1,0.6,8,0
l0.5_52k/mujoco_isaacphys,0.1,0.7,10,0
l0.5_52k/mujoco_isaacphys,0.1,0.8,11,0
l0.5_52k/mujoco_isaacphys,0.1,0.9,13,0.0769231
l0.5_52k/mujoco_isaacphys,0.1,1,11,0.181818
l0.5_52k/mujoco_isaacphys,0.1,1.1,9,0.333333
l0.5_52k/mujoco_isaacphys,0.1,1.2,7,0.142857
l0.5_52k/mujoco_isaacphys,0.1,1.3,6,0.166667
l0.5_52k/mujoco_isaacphys,0.1,1.4,6,0
l0.5_52k/mujoco_isaacphys,0.1,1.5,6,0
l0.5_52k/mujoco_isaacphys,0.1,1.6,6,0
l0.5_52k/mujoco_isaacphys,0.1,1.7,5,0.2
l0.5_52k/mujoco_isaacphys,0.1,1.8,3,0
l0.5_52k/mujoco_isaacphys,0.1,1.9,2,0
l0.5_52k/mujoco_isaacphys,0.2,-0.1,3,0
l0.5_52k/mujoco_isaacphys,0.2,0,9,0
l0.5_52k/mujoco_isaacphys,0.2,0.1,12,0
l0.5_52k/mujoco_isaacphys,0.2,0.2,16,0
l0.5_52k/mujoco_isaacphys,0.2,0.3,21,0
l0.5_52k/mujoco_isaacphys,0.2,0.4,22,0
l0.5_52k/mujoco_isaacphys,0.2,0.5,23,0
l0.5_52k/mujoco_isaacphys,0.2,0.6,26,0
l0.5_52k/mujoco_isaacphys,0.2,0.7,29,0
l0.5_52k/mujoco_isaacphys,0.2,0.8,33,0
l0.5_52k/mujoco_isaacphys,0.2,0.9,39,0.0512821
l0.5_52k/mujoco_isaacphys,0.2,1,36,0.166667
l0.5_52k/mujoco_isaacphys,0.2,1.1,30,0.333333
l0.5_52k/mujoco_isaacphys,0.2,1.2,27,0.481481
l0.5_52k/mujoco_isaacphys,0.2,1.3,23,0.26087
l0.5_52k/mujoco_isaacphys,0.2,1.4,18,0.277778
l0.5_52k/mujoco_isaacphys,0.2,1.5,17,0.235294
l0.5_52k/mujoco_isaacphys,0.2,1.6,16,0.375
l0.5_52k/mujoco_isaacphys,0.2,1.7,13,0.230769
l0.5_52k/mujoco_isaacphys,0.2,1.8,10,0.1
l0.5_52k/mujoco_isaacphys,0.2,1.9,6,0
l0.5_52k/mujoco_isaacphys,0.3,-0.1,8,0
l0.5_52k/mujoco_isaacphys,0.3,0,17,0
l0.5_52k/mujoco_isaacphys,0.3,0.1,28,0
l0.5_52k/mujoco_isaacphys,0.3,0.2,36,0
l0.5_52k/mujoco_isaacphys,0.3,0.3,45,0
l0.5_52k/mujoco_isaacphys,0.3,0.4,53,0
l0.5_52k/mujoco_isaacphys,0.3,0.5,59,0
l0.5_52k/mujoco_isaacphys,0.3,0.6,67,0
l0.5_52k/mujoco_isaacphys,0.3,0.7,74,0
l0.5_52k/mujoco_isaacphys,0.3,0.8,82,0
l0.5_52k/mujoco_isaacphys,0.3,0.9,88,0.0340909
l0.5_52k/mujoco_isaacphys,0.3,1,80,0.125
l0.5_52k/mujoco_isaacphys,0.3,1.1,71,0.211268
l0.5_52k/mujoco_isaacphys,0.3,1.2,60,0.316667
l0.5_52k/mujoco_isaacphys,0.3,1.3,52,0.230769
l0.5_52k/mujoco_isaacphys,0.3,1.4,43,0.209302
l0.5_52k/mujoco_isaacphys,0.3,1.5,35,0.314286
l0.5_52k/mujoco_isaacphys,0.3,1.6,29,0.172414
l0.5_52k/mujoco_isaacphys,0.3,1.7,21,0.190476
l0.5_52k/mujoco_isaacphys,0.3,1.8,14,0
l0.5_52k/mujoco_isaacphys,0.3,1.9,6,0
l0.5_52k/mujoco_isaacphys,0.4,-0.1,6,0
l0.5_52k/mujoco_isaacphys,0.4,0,21,0
l0.5_52k/mujoco_isaacphys,0.4,0.1,36,0
l0.5_52k/mujoco_isaacphys,0.4,0.2,45,0
l0.5_52k/mujoco_isaacphys,0.4,0.3,60,0
l0.5_52k/mujoco_isaacphys,0.4,0.4,74,0
l0.5_52k/mujoco_isaacphys,0.4,0.5,85,0
l0.5_52k/mujoco_isaacphys,0.4,0.6,98,0
l0.5_52k/mujoco_isaacphys,0.4,0.7,112,0
l0.5_52k/mujoco_isaacphys,0.4,0.8,125,0
l0.5_52k/mujoco_isaacphys,0.4,0.9,129,0.0232558
l0.5_52k/mujoco_isaacphys,0.4,1,123,0.0731707
l0.5_52k/mujoco_isaacphys,0.4,1.1,108,0.111111
l0.5_52k/mujoco_isaacphys,0.4,1.2,93,0.139785
l0.5_52k/mujoco_isaacphys,0.4,1.3,84,0.154762
l0.5_52k/mujoco_isaacphys,0.4,1.4,69,0.144928
l0.5_52k/mujoco_isaacphys,0.4,1.5,55,0.181818
l0.5_52k/mujoco_isaacphys,0.4,1.6,44,0.0227273
l0.5_52k/mujoco_isaacphys,0.4,1.7,31,0
l0.5_52k/mujoco_isaacphys,0.4,1.8,17,0
l0.5_52k/mujoco_isaacphys,0.4,1.9,4,0
l0.5_52k/mujoco_isaacphys,0.5,-0.1,5,0
l0.5_52k/mujoco_isaacphys,0.5,0,16,0
l0.5_52k/mujoco_isaacphys,0.5,0.1,33,0
l0.5_52k/mujoco_isaacphys,0.5,0.2,50,0
l0.5_52k/mujoco_isaacphys,0.5,0.3,65,0
l0.5_52k/mujoco_isaacphys,0.5,0.4,84,0
l0.5_52k/mujoco_isaacphys,0.5,0.5,102,0
l0.5_52k/mujoco_isaacphys,0.5,0.6,125,0
l0.5_52k/mujoco_isaacphys,0.5,0.7,140,0
l0.5_52k/mujoco_isaacphys,0.5,0.8,150,0
l0.5_52k/mujoco_isaacphys,0.5,0.9,150,0.00666667
l0.5_52k/mujoco_isaacphys,0.5,1,145,0.0551724
l0.5_52k/mujoco_isaacphys,0.5,1.1,134,0.0298507
l0.5_52k/mujoco_isaacphys,0.5,1.2,117,0.0512821
l0.5_52k/mujoco_isaacphys,0.5,1.3,100,0.04
l0.5_52k/mujoco_isaacphys,0.5,1.4,85,0
l0.5_52k/mujoco_isaacphys,0.5,1.5,66,0
l0.5_52k/mujoco_isaacphys,0.5,1.6,48,0.0208333
l0.5_52k/mujoco_isaacphys,0.5,1.7,25,0
l0.5_52k/mujoco_isaacphys,0.5,1.8,10,0
l0.5_52k/mujoco_isaacphys,0.6,0,8,0
l0.5_52k/mujoco_isaacphys,0.6,0.1,17,0
l0.5_52k/mujoco_isaacphys,0.6,0.2,30,0
l0.5_52k/mujoco_isaacphys,0.6,0.3,42,0
l0.5_52k/mujoco_isaacphys,0.6,0.4,56,0
l0.5_52k/mujoco_isaacphys,0.6,0.5,69,0
l0.5_52k/mujoco_isaacphys,0.6,0.6,87,0
l0.5_52k/mujoco_isaacphys,0.6,0.7,98,0
l0.5_52k/mujoco_isaacphys,0.6,0.8,104,0
l0.5_52k/mujoco_isaacphys,0.6,0.9,104,0
l0.5_52k/mujoco_isaacphys,0.6,1,104,0
l0.5_52k/mujoco_isaacphys,0.6,1.1,96,0.0208333
l0.5_52k/mujoco_isaacphys,0.6,1.2,87,0
l0.5_52k/mujoco_isaacphys,0.6,1.3,74,0.0135135
l0.5_52k/mujoco_isaacphys,0.6,1.4,62,0
l0.5_52k/mujoco_isaacphys,0.6,1.5,48,0
l0.5_52k/mujoco_isaacphys,0.6,1.6,35,0
l0.5_52k/mujoco_isaacphys,0.6,1.7,17,0
l0.5_52k/mujoco_isaacphys,0.6,1.8,6,0
l0.5_52k/mujoco_isaacphys,0.7,0.1,3,0
l0.5_52k/mujoco_isaacphys,0.7,0.2,14,0
l0.5_52k/mujoco_isaacphys,0.7,0.3,20,0
l0.5_52k/mujoco_isaacphys,0.7,0.4,28,0
l0.5_52k/mujoco_isaacphys,0.7,0.5,36,0
l0.5_52k/mujoco_isaacphys,0.7,0.6,48,0
l0.5_52k/mujoco_isaacphys,0.7,0.7,50,0
l0.5_52k/mujoco_isaacphys,0.7,0.8,50,0
l0.5_52k/mujoco_isaacphys,0.7,0.9,50,0
l0.5_52k/mujoco_isaacphys,0.7,1,50,0
l0.5_52k/mujoco_isaacphys,0.7,1.1,50,0
l0.5_52k/mujoco_isaacphys,0.7,1.2,47,0
l0.5_52k/mujoco_isaacphys,0.7,1.3,36,0
l0.5_52k/mujoco_isaacphys,0.7,1.4,30,0
l0.5_52k/mujoco_isaacphys,0.7,1.5,22,0
l0.5_52k/mujoco_isaacphys,0.7,1.6,14,0
l0.5_52k/mujoco_isaacphys,0.7,1.7,2,0
l0.5_52k/mujoco_isaacphys,0.8,0.3,1,0
l0.5_52k/mujoco_isaacphys,0.8,0.4,3,0
l0.5_52k/mujoco_isaacphys,0.8,0.5,3,0
l0.5_52k/mujoco_isaacphys,0.8,0.6,3,0
l0.5_52k/mujoco_isaacphys,0.8,0.7,3,0
l0.5_52k/mujoco_isaacphys,0.8,0.8,3,0
l0.5_52k/mujoco_isaacphys,0.8,0.9,3,0
l0.5_52k/mujoco_isaacphys,0.8,1,3,0
l0.5_52k/mujoco_isaacphys,0.8,1.1,3,0
l0.5_52k/mujoco_isaacphys,0.8,1.2,3,0
l0.5_52k/mujoco_isaacphys,0.8,1.3,3,0
l0.5_52k/mujoco_isaacphys,0.8,1.4,2,0
l0.5_52k/mujoco_isaacphys_trueodom,0.1,-0.1,2,0
l0.5_52k/mujoco_isaacphys_trueodom,0.1,0,4,0
l0.5_52k/mujoco_isaacphys_trueodom,0.1,0.1,6,0
l0.5_52k/mujoco_isaacphys_trueodom,0.1,0.2,7,0
l0.5_52k/mujoco_isaacphys_trueodom,0.1,0.3,7,0
l0.5_52k/mujoco_isaacphys_trueodom,0.1,0.4,7,0
l0.5_52k/mujoco_isaacphys_trueodom,0.1,0.5,7,0
l0.5_52k/mujoco_isaacphys_trueodom,0.1,0.6,8,0
l0.5_52k/mujoco_isaacphys_trueodom,0.1,0.7,10,0
l0.5_52k/mujoco_isaacphys_trueodom,0.1,0.8,11,0.363636
l0.5_52k/mujoco_isaacphys_trueodom,0.1,0.9,13,0.538462
l0.5_52k/mujoco_isaacphys_trueodom,0.1,1,11,0.545455
l0.5_52k/mujoco_isaacphys_trueodom,0.1,1.1,9,0.555556
l0.5_52k/mujoco_isaacphys_trueodom,0.1,1.2,7,0.571429
l0.5_52k/mujoco_isaacphys_trueodom,0.1,1.3,6,0.833333
l0.5_52k/mujoco_isaacphys_trueodom,0.1,1.4,6,0.333333
l0.5_52k/mujoco_isaacphys_trueodom,0.1,1.5,6,0.5
l0.5_52k/mujoco_isaacphys_trueodom,0.1,1.6,6,0.666667
l0.5_52k/mujoco_isaacphys_trueodom,0.1,1.7,5,0.4
l0.5_52k/mujoco_isaacphys_trueodom,0.1,1.8,3,0
l0.5_52k/mujoco_isaacphys_trueodom,0.1,1.9,2,0
l0.5_52k/mujoco_isaacphys_trueodom,0.2,-0.1,3,0
l0.5_52k/mujoco_isaacphys_trueodom,0.2,0,9,0
l0.5_52k/mujoco_isaacphys_trueodom,0.2,0.1,12,0
l0.5_52k/mujoco_isaacphys_trueodom,0.2,0.2,16,0
l0.5_52k/mujoco_isaacphys_trueodom,0.2,0.3,21,0
l0.5_52k/mujoco_isaacphys_trueodom,0.2,0.4,22,0
l0.5_52k/mujoco_isaacphys_trueodom,0.2,0.5,23,0
l0.5_52k/mujoco_isaacphys_trueodom,0.2,0.6,26,0
l0.5_52k/mujoco_isaacphys_trueodom,0.2,0.7,29,0.0344828
l0.5_52k/mujoco_isaacphys_trueodom,0.2,0.8,33,0.0909091
l0.5_52k/mujoco_isaacphys_trueodom,0.2,0.9,39,0.282051
l0.5_52k/mujoco_isaacphys_trueodom,0.2,1,36,0.472222
l0.5_52k/mujoco_isaacphys_trueodom,0.2,1.1,30,0.666667
l0.5_52k/mujoco_isaacphys_trueodom,0.2,1.2,27,0.592593
l0.5_52k/mujoco_isaacphys_trueodom,0.2,1.3,23,0.521739
l0.5_52k/mujoco_isaacphys_trueodom,0.2,1.4,18,0.5
l0.5_52k/mujoco_isaacphys_trueodom,0.2,1.5,17,0.470588
l0.5_52k/mujoco_isaacphys_trueodom,0.2,1.6,16,0.5625
l0.5_52k/mujoco_isaacphys_trueodom,0.2,1.7,13,0.615385
l0.5_52k/mujoco_isaacphys_trueodom,0.2,1.8,10,0.2
l0.5_52k/mujoco_isaacphys_trueodom,0.2,1.9,6,0
l0.5_52k/mujoco_isaacphys_trueodom,0.3,-0.1,8,0
l0.5_52k/mujoco_isaacphys_trueodom,0.3,0,17,0
l0.5_52k/mujoco_isaacphys_trueodom,0.3,0.1,28,0
l0.5_52k/mujoco_isaacphys_trueodom,0.3,0.2,36,0
l0.5_52k/mujoco_isaacphys_trueodom,0.3,0.3,45,0
l0.5_52k/mujoco_isaacphys_trueodom,0.3,0.4,53,0
l0.5_52k/mujoco_isaacphys_trueodom,0.3,0.5,59,0
l0.5_52k/mujoco_isaacphys_trueodom,0.3,0.6,67,0
l0.5_52k/mujoco_isaacphys_trueodom,0.3,0.7,74,0.0135135
l0.5_52k/mujoco_isaacphys_trueodom,0.3,0.8,82,0.195122
l0.5_52k/mujoco_isaacphys_trueodom,0.3,0.9,88,0.420455
l0.5_52k/mujoco_isaacphys_trueodom,0.3,1,80,0.4875
l0.5_52k/mujoco_isaacphys_trueodom,0.3,1.1,71,0.619718
l0.5_52k/mujoco_isaacphys_trueodom,0.3,1.2,60,0.65
l0.5_52k/mujoco_isaacphys_trueodom,0.3,1.3,52,0.615385
l0.5_52k/mujoco_isaacphys_trueodom,0.3,1.4,43,0.581395
l0.5_52k/mujoco_isaacphys_trueodom,0.3,1.5,35,0.6
l0.5_52k/mujoco_isaacphys_trueodom,0.3,1.6,29,0.689655
l0.5_52k/mujoco_isaacphys_trueodom,0.3,1.7,21,0.380952
l0.5_52k/mujoco_isaacphys_trueodom,0.3,1.8,14,0.0714286
l0.5_52k/mujoco_isaacphys_trueodom,0.3,1.9,6,0
l0.5_52k/mujoco_isaacphys_trueodom,0.4,-0.1,6,0
l0.5_52k/mujoco_isaacphys_trueodom,0.4,0,21,0
l0.5_52k/mujoco_isaacphys_trueodom,0.4,0.1,36,0
l0.5_52k/mujoco_isaacphys_trueodom,0.4,0.2,45,0
l0.5_52k/mujoco_isaacphys_trueodom,0.4,0.3,60,0
l0.5_52k/mujoco_isaacphys_trueodom,0.4,0.4,74,0
l0.5_52k/mujoco_isaacphys_trueodom,0.4,0.5,85,0
l0.5_52k/mujoco_isaacphys_trueodom,0.4,0.6,98,0
l0.5_52k/mujoco_isaacphys_trueodom,0.4,0.7,112,0.00892857
l0.5_52k/mujoco_isaacphys_trueodom,0.4,0.8,125,0.096
l0.5_52k/mujoco_isaacphys_trueodom,0.4,0.9,129,0.294574
l0.5_52k/mujoco_isaacphys_trueodom,0.4,1,123,0.471545
l0.5_52k/mujoco_isaacphys_trueodom,0.4,1.1,108,0.555556
l0.5_52k/mujoco_isaacphys_trueodom,0.4,1.2,93,0.612903
l0.5_52k/mujoco_isaacphys_trueodom,0.4,1.3,84,0.630952
l0.5_52k/mujoco_isaacphys_trueodom,0.4,1.4,69,0.594203
l0.5_52k/mujoco_isaacphys_trueodom,0.4,1.5,55,0.654545
l0.5_52k/mujoco_isaacphys_trueodom,0.4,1.6,44,0.409091
l0.5_52k/mujoco_isaacphys_trueodom,0.4,1.7,31,0.16129
l0.5_52k/mujoco_isaacphys_trueodom,0.4,1.8,17,0
l0.5_52k/mujoco_isaacphys_trueodom,0.4,1.9,4,0
l0.5_52k/mujoco_isaacphys_trueodom,0.5,-0.1,5,0
l0.5_52k/mujoco_isaacphys_trueodom,0.5,0,16,0
l0.5_52k/mujoco_isaacphys_trueodom,0.5,0.1,33,0
l0.5_52k/mujoco_isaacphys_trueodom,0.5,0.2,50,0
l0.5_52k/mujoco_isaacphys_trueodom,0.5,0.3,65,0
l0.5_52k/mujoco_isaacphys_trueodom,0.5,0.4,84,0
l0.5_52k/mujoco_isaacphys_trueodom,0.5,0.5,102,0
l0.5_52k/mujoco_isaacphys_trueodom,0.5,0.6,125,0
l0.5_52k/mujoco_isaacphys_trueodom,0.5,0.7,140,0
l0.5_52k/mujoco_isaacphys_trueodom,0.5,0.8,150,0.02
l0.5_52k/mujoco_isaacphys_trueodom,0.5,0.9,150,0.146667
l0.5_52k/mujoco_isaacphys_trueodom,0.5,1,145,0.275862
l0.5_52k/mujoco_isaacphys_trueodom,0.5,1.1,134,0.380597
l0.5_52k/mujoco_isaacphys_trueodom,0.5,1.2,117,0.512821
l0.5_52k/mujoco_isaacphys_trueodom,0.5,1.3,100,0.53
l0.5_52k/mujoco_isaacphys_trueodom,0.5,1.4,85,0.4
l0.5_52k/mujoco_isaacphys_trueodom,0.5,1.5,66,0.333333
l0.5_52k/mujoco_isaacphys_trueodom,0.5,1.6,48,0.125
l0.5_52k/mujoco_isaacphys_trueodom,0.5,1.7,25,0.04
l0.5_52k/mujoco_isaacphys_trueodom,0.5,1.8,10,0
l0.5_52k/mujoco_isaacphys_trueodom,0.6,0,8,0
l0.5_52k/mujoco_isaacphys_trueodom,0.6,0.1,17,0
l0.5_52k/mujoco_isaacphys_trueodom,0.6,0.2,30,0
l0.5_52k/mujoco_isaacphys_trueodom,0.6,0.3,42,0
l0.5_52k/mujoco_isaacphys_trueodom,0.6,0.4,56,0
l0.5_52k/mujoco_isaacphys_trueodom,0.6,0.5,69,0
l0.5_52k/mujoco_isaacphys_trueodom,0.6,0.6,87,0
l0.5_52k/mujoco_isaacphys_trueodom,0.6,0.7,98,0
l0.5_52k/mujoco_isaacphys_trueodom,0.6,0.8,104,0.00961538
l0.5_52k/mujoco_isaacphys_trueodom,0.6,0.9,104,0.0480769
l0.5_52k/mujoco_isaacphys_trueodom,0.6,1,104,0.0961538
l0.5_52k/mujoco_isaacphys_trueodom,0.6,1.1,96,0.177083
l0.5_52k/mujoco_isaacphys_trueodom,0.6,1.2,87,0.195402
l0.5_52k/mujoco_isaacphys_trueodom,0.6,1.3,74,0.162162
l0.5_52k/mujoco_isaacphys_trueodom,0.6,1.4,62,0.129032
l0.5_52k/mujoco_isaacphys_trueodom,0.6,1.5,48,0.0625
l0.5_52k/mujoco_isaacphys_trueodom,0.6,1.6,35,0.0857143
l0.5_52k/mujoco_isaacphys_trueodom,0.6,1.7,17,0
l0.5_52k/mujoco_isaacphys_trueodom,0.6,1.8,6,0
l0.5_52k/mujoco_isaacphys_trueodom,0.7,0.1,3,0
l0.5_52k/mujoco_isaacphys_trueodom,0.7,0.2,14,0
l0.5_52k/mujoco_isaacphys_trueodom,0.7,0.3,20,0
l0.5_52k/mujoco_isaacphys_trueodom,0.7,0.4,28,0
l0.5_52k/mujoco_isaacphys_trueodom,0.7,0.5,36,0
l0.5_52k/mujoco_isaacphys_trueodom,0.7,0.6,48,0
l0.5_52k/mujoco_isaacphys_trueodom,0.7,0.7,50,0
l0.5_52k/mujoco_isaacphys_trueodom,0.7,0.8,50,0
l0.5_52k/mujoco_isaacphys_trueodom,0.7,0.9,50,0
l0.5_52k/mujoco_isaacphys_trueodom,0.7,1,50,0.06
l0.5_52k/mujoco_isaacphys_trueodom,0.7,1.1,50,0.08
l0.5_52k/mujoco_isaacphys_trueodom,0.7,1.2,47,0.106383
l0.5_52k/mujoco_isaacphys_trueodom,0.7,1.3,36,0.0555556
l0.5_52k/mujoco_isaacphys_trueodom,0.7,1.4,30,0.0333333
l0.5_52k/mujoco_isaacphys_trueodom,0.7,1.5,22,0.0454545
l0.5_52k/mujoco_isaacphys_trueodom,0.7,1.6,14,0
l0.5_52k/mujoco_isaacphys_trueodom,0.7,1.7,2,0
l0.5_52k/mujoco_isaacphys_trueodom,0.8,0.3,1,0
l0.5_52k/mujoco_isaacphys_trueodom,0.8,0.4,3,0
l0.5_52k/mujoco_isaacphys_trueodom,0.8,0.5,3,0
l0.5_52k/mujoco_isaacphys_trueodom,0.8,0.6,3,0
l0.5_52k/mujoco_isaacphys_trueodom,0.8,0.7,3,0
l0.5_52k/mujoco_isaacphys_trueodom,0.8,0.8,3,0
l0.5_52k/mujoco_isaacphys_trueodom,0.8,0.9,3,0
l0.5_52k/mujoco_isaacphys_trueodom,0.8,1,3,0
l0.5_52k/mujoco_isaacphys_trueodom,0.8,1.1,3,0
l0.5_52k/mujoco_isaacphys_trueodom,0.8,1.2,3,0
l0.5_52k/mujoco_isaacphys_trueodom,0.8,1.3,3,0
l0.5_52k/mujoco_isaacphys_trueodom,0.8,1.4,2,0
l0.5_52k/mujoco_legs_blind,0.1,-0.1,2,0
l0.5_52k/mujoco_legs_blind,0.1,0,4,0
l0.5_52k/mujoco_legs_blind,0.1,0.1,6,0
l0.5_52k/mujoco_legs_blind,0.1,0.2,7,0
l0.5_52k/mujoco_legs_blind,0.1,0.3,7,0
l0.5_52k/mujoco_legs_blind,0.1,0.4,7,0
l0.5_52k/mujoco_legs_blind,0.1,0.5,7,0
l0.5_52k/mujoco_legs_blind,0.1,0.6,8,0
l0.5_52k/mujoco_legs_blind,0.1,0.7,10,0
l0.5_52k/mujoco_legs_blind,0.1,0.8,11,0
l0.5_52k/mujoco_legs_blind,0.1,0.9,13,0
l0.5_52k/mujoco_legs_blind,0.1,1,11,0.0909091
l0.5_52k/mujoco_legs_blind,0.1,1.1,9,0.111111
l0.5_52k/mujoco_legs_blind,0.1,1.2,7,0
l0.5_52k/mujoco_legs_blind,0.1,1.3,6,0
l0.5_52k/mujoco_legs_blind,0.1,1.4,6,0
l0.5_52k/mujoco_legs_blind,0.1,1.5,6,0
l0.5_52k/mujoco_legs_blind,0.1,1.6,6,0
l0.5_52k/mujoco_legs_blind,0.1,1.7,5,0
l0.5_52k/mujoco_legs_blind,0.1,1.8,3,0
l0.5_52k/mujoco_legs_blind,0.1,1.9,2,0
l0.5_52k/mujoco_legs_blind,0.2,-0.1,3,0
l0.5_52k/mujoco_legs_blind,0.2,0,9,0
l0.5_52k/mujoco_legs_blind,0.2,0.1,12,0
l0.5_52k/mujoco_legs_blind,0.2,0.2,16,0
l0.5_52k/mujoco_legs_blind,0.2,0.3,21,0
l0.5_52k/mujoco_legs_blind,0.2,0.4,22,0
l0.5_52k/mujoco_legs_blind,0.2,0.5,23,0
l0.5_52k/mujoco_legs_blind,0.2,0.6,26,0
l0.5_52k/mujoco_legs_blind,0.2,0.7,29,0
l0.5_52k/mujoco_legs_blind,0.2,0.8,33,0
l0.5_52k/mujoco_legs_blind,0.2,0.9,39,0
l0.5_52k/mujoco_legs_blind,0.2,1,36,0
l0.5_52k/mujoco_legs_blind,0.2,1.1,30,0.133333
l0.5_52k/mujoco_legs_blind,0.2,1.2,27,0.185185
l0.5_52k/mujoco_legs_blind,0.2,1.3,23,0.0869565
l0.5_52k/mujoco_legs_blind,0.2,1.4,18,0
l0.5_52k/mujoco_legs_blind,0.2,1.5,17,0
l0.5_52k/mujoco_legs_blind,0.2,1.6,16,0
l0.5_52k/mujoco_legs_blind,0.2,1.7,13,0
l0.5_52k/mujoco_legs_blind,0.2,1.8,10,0
l0.5_52k/mujoco_legs_blind,0.2,1.9,6,0
l0.5_52k/mujoco_legs_blind,0.3,-0.1,8,0
l0.5_52k/mujoco_legs_blind,0.3,0,17,0
l0.5_52k/mujoco_legs_blind,0.3,0.1,28,0
l0.5_52k/mujoco_legs_blind,0.3,0.2,36,0
l0.5_52k/mujoco_legs_blind,0.3,0.3,45,0
l0.5_52k/mujoco_legs_blind,0.3,0.4,53,0
l0.5_52k/mujoco_legs_blind,0.3,0.5,59,0
l0.5_52k/mujoco_legs_blind,0.3,0.6,67,0
l0.5_52k/mujoco_legs_blind,0.3,0.7,74,0
l0.5_52k/mujoco_legs_blind,0.3,0.8,82,0
l0.5_52k/mujoco_legs_blind,0.3,0.9,88,0
l0.5_52k/mujoco_legs_blind,0.3,1,80,0.025
l0.5_52k/mujoco_legs_blind,0.3,1.1,71,0.056338
l0.5_52k/mujoco_legs_blind,0.3,1.2,60,0.05
l0.5_52k/mujoco_legs_blind,0.3,1.3,52,0
l0.5_52k/mujoco_legs_blind,0.3,1.4,43,0
l0.5_52k/mujoco_legs_blind,0.3,1.5,35,0
l0.5_52k/mujoco_legs_blind,0.3,1.6,29,0
l0.5_52k/mujoco_legs_blind,0.3,1.7,21,0
l0.5_52k/mujoco_legs_blind,0.3,1.8,14,0
l0.5_52k/mujoco_legs_blind,0.3,1.9,6,0
l0.5_52k/mujoco_legs_blind,0.4,-0.1,6,0
l0.5_52k/mujoco_legs_blind,0.4,0,21,0
l0.5_52k/mujoco_legs_blind,0.4,0.1,36,0
l0.5_52k/mujoco_legs_blind,0.4,0.2,45,0
l0.5_52k/mujoco_legs_blind,0.4,0.3,60,0
l0.5_52k/mujoco_legs_blind,0.4,0.4,74,0
l0.5_52k/mujoco_legs_blind,0.4,0.5,85,0
l0.5_52k/mujoco_legs_blind,0.4,0.6,98,0
l0.5_52k/mujoco_legs_blind,0.4,0.7,112,0
l0.5_52k/mujoco_legs_blind,0.4,0.8,125,0
l0.5_52k/mujoco_legs_blind,0.4,0.9,129,0
l0.5_52k/mujoco_legs_blind,0.4,1,123,0
l0.5_52k/mujoco_legs_blind,0.4,1.1,108,0.00925926
l0.5_52k/mujoco_legs_blind,0.4,1.2,93,0.0322581
l0.5_52k/mujoco_legs_blind,0.4,1.3,84,0.0238095
l0.5_52k/mujoco_legs_blind,0.4,1.4,69,0.0144928
l0.5_52k/mujoco_legs_blind,0.4,1.5,55,0.0181818
l0.5_52k/mujoco_legs_blind,0.4,1.6,44,0
l0.5_52k/mujoco_legs_blind,0.4,1.7,31,0
l0.5_52k/mujoco_legs_blind,0.4,1.8,17,0
l0.5_52k/mujoco_legs_blind,0.4,1.9,4,0
l0.5_52k/mujoco_legs_blind,0.5,-0.1,5,0
l0.5_52k/mujoco_legs_blind,0.5,0,16,0
l0.5_52k/mujoco_legs_blind,0.5,0.1,33,0
l0.5_52k/mujoco_legs_blind,0.5,0.2,50,0
l0.5_52k/mujoco_legs_blind,0.5,0.3,65,0
l0.5_52k/mujoco_legs_blind,0.5,0.4,84,0
l0.5_52k/mujoco_legs_blind,0.5,0.5,102,0
l0.5_52k/mujoco_legs_blind,0.5,0.6,125,0
l0.5_52k/mujoco_legs_blind,0.5,0.7,140,0
l0.5_52k/mujoco_legs_blind,0.5,0.8,150,0
l0.5_52k/mujoco_legs_blind,0.5,0.9,150,0
l0.5_52k/mujoco_legs_blind,0.5,1,145,0
l0.5_52k/mujoco_legs_blind,0.5,1.1,134,0
l0.5_52k/mujoco_legs_blind,0.5,1.2,117,0
l0.5_52k/mujoco_legs_blind,0.5,1.3,100,0
l0.5_52k/mujoco_legs_blind,0.5,1.4,85,0
l0.5_52k/mujoco_legs_blind,0.5,1.5,66,0
l0.5_52k/mujoco_legs_blind,0.5,1.6,48,0
l0.5_52k/mujoco_legs_blind,0.5,1.7,25,0
l0.5_52k/mujoco_legs_blind,0.5,1.8,10,0
l0.5_52k/mujoco_legs_blind,0.6,0,8,0
l0.5_52k/mujoco_legs_blind,0.6,0.1,17,0
l0.5_52k/mujoco_legs_blind,0.6,0.2,30,0
l0.5_52k/mujoco_legs_blind,0.6,0.3,42,0
l0.5_52k/mujoco_legs_blind,0.6,0.4,56,0
l0.5_52k/mujoco_legs_blind,0.6,0.5,69,0
l0.5_52k/mujoco_legs_blind,0.6,0.6,87,0
l0.5_52k/mujoco_legs_blind,0.6,0.7,98,0
l0.5_52k/mujoco_legs_blind,0.6,0.8,104,0
l0.5_52k/mujoco_legs_blind,0.6,0.9,104,0
l0.5_52k/mujoco_legs_blind,0.6,1,104,0
l0.5_52k/mujoco_legs_blind,0.6,1.1,96,0
l0.5_52k/mujoco_legs_blind,0.6,1.2,87,0
l0.5_52k/mujoco_legs_blind,0.6,1.3,74,0.0135135
l0.5_52k/mujoco_legs_blind,0.6,1.4,62,0
l0.5_52k/mujoco_legs_blind,0.6,1.5,48,0
l0.5_52k/mujoco_legs_blind,0.6,1.6,35,0
l0.5_52k/mujoco_legs_blind,0.6,1.7,17,0
l0.5_52k/mujoco_legs_blind,0.6,1.8,6,0
l0.5_52k/mujoco_legs_blind,0.7,0.1,3,0
l0.5_52k/mujoco_legs_blind,0.7,0.2,14,0
l0.5_52k/mujoco_legs_blind,0.7,0.3,20,0
l0.5_52k/mujoco_legs_blind,0.7,0.4,28,0
l0.5_52k/mujoco_legs_blind,0.7,0.5,36,0
l0.5_52k/mujoco_legs_blind,0.7,0.6,48,0
l0.5_52k/mujoco_legs_blind,0.7,0.7,50,0
l0.5_52k/mujoco_legs_blind,0.7,0.8,50,0
l0.5_52k/mujoco_legs_blind,0.7,0.9,50,0
l0.5_52k/mujoco_legs_blind,0.7,1,50,0
l0.5_52k/mujoco_legs_blind,0.7,1.1,50,0
l0.5_52k/mujoco_legs_blind,0.7,1.2,47,0
l0.5_52k/mujoco_legs_blind,0.7,1.3,36,0
l0.5_52k/mujoco_legs_blind,0.7,1.4,30,0
l0.5_52k/mujoco_legs_blind,0.7,1.5,22,0
l0.5_52k/mujoco_legs_blind,0.7,1.6,14,0
l0.5_52k/mujoco_legs_blind,0.7,1.7,2,0
l0.5_52k/mujoco_legs_blind,0.8,0.3,1,0
l0.5_52k/mujoco_legs_blind,0.8,0.4,3,0
l0.5_52k/mujoco_legs_blind,0.8,0.5,3,0
l0.5_52k/mujoco_legs_blind,0.8,0.6,3,0
l0.5_52k/mujoco_legs_blind,0.8,0.7,3,0
l0.5_52k/mujoco_legs_blind,0.8,0.8,3,0
l0.5_52k/mujoco_legs_blind,0.8,0.9,3,0
l0.5_52k/mujoco_legs_blind,0.8,1,3,0
l0.5_52k/mujoco_legs_blind,0.8,1.1,3,0
l0.5_52k/mujoco_legs_blind,0.8,1.2,3,0
l0.5_52k/mujoco_legs_blind,0.8,1.3,3,0
l0.5_52k/mujoco_legs_blind,0.8,1.4,2,0
l0.5_52k/mujoco_trueodom,0.1,-0.1,2,0
l0.5_52k/mujoco_trueodom,0.1,0,4,0
l0.5_52k/mujoco_trueodom,0.1,0.1,6,0
l0.5_52k/mujoco_trueodom,0.1,0.2,7,0
l0.5_52k/mujoco_trueodom,0.1,0.3,7,0
l0.5_52k/mujoco_trueodom,0.1,0.4,7,0
l0.5_52k/mujoco_trueodom,0.1,0.5,7,0
l0.5_52k/mujoco_trueodom,0.1,0.6,8,0.125
l0.5_52k/mujoco_trueodom,0.1,0.7,10,0.1
l0.5_52k/mujoco_trueodom,0.1,0.8,11,0.272727
l0.5_52k/mujoco_trueodom,0.1,0.9,13,0.307692
l0.5_52k/mujoco_trueodom,0.1,1,11,0.181818
l0.5_52k/mujoco_trueodom,0.1,1.1,9,0.333333
l0.5_52k/mujoco_trueodom,0.1,1.2,7,0
l0.5_52k/mujoco_trueodom,0.1,1.3,6,0
l0.5_52k/mujoco_trueodom,0.1,1.4,6,0
l0.5_52k/mujoco_trueodom,0.1,1.5,6,0.166667
l0.5_52k/mujoco_trueodom,0.1,1.6,6,0.333333
l0.5_52k/mujoco_trueodom,0.1,1.7,5,0.4
l0.5_52k/mujoco_trueodom,0.1,1.8,3,0
l0.5_52k/mujoco_trueodom,0.1,1.9,2,0
l0.5_52k/mujoco_trueodom,0.2,-0.1,3,0
l0.5_52k/mujoco_trueodom,0.2,0,9,0
l0.5_52k/mujoco_trueodom,0.2,0.1,12,0
l0.5_52k/mujoco_trueodom,0.2,0.2,16,0
l0.5_52k/mujoco_trueodom,0.2,0.3,21,0
l0.5_52k/mujoco_trueodom,0.2,0.4,22,0
l0.5_52k/mujoco_trueodom,0.2,0.5,23,0
l0.5_52k/mujoco_trueodom,0.2,0.6,26,0
l0.5_52k/mujoco_trueodom,0.2,0.7,29,0.0344828
l0.5_52k/mujoco_trueodom,0.2,0.8,33,0.121212
l0.5_52k/mujoco_trueodom,0.2,0.9,39,0.307692
l0.5_52k/mujoco_trueodom,0.2,1,36,0.388889
l0.5_52k/mujoco_trueodom,0.2,1.1,30,0.5
l0.5_52k/mujoco_trueodom,0.2,1.2,27,0.518519
l0.5_52k/mujoco_trueodom,0.2,1.3,23,0.478261
l0.5_52k/mujoco_trueodom,0.2,1.4,18,0.388889
l0.5_52k/mujoco_trueodom,0.2,1.5,17,0.411765
l0.5_52k/mujoco_trueodom,0.2,1.6,16,0.375
l0.5_52k/mujoco_trueodom,0.2,1.7,13,0.461538
l0.5_52k/mujoco_trueodom,0.2,1.8,10,0.2
l0.5_52k/mujoco_trueodom,0.2,1.9,6,0
l0.5_52k/mujoco_trueodom,0.3,-0.1,8,0
l0.5_52k/mujoco_trueodom,0.3,0,17,0
l0.5_52k/mujoco_trueodom,0.3,0.1,28,0
l0.5_52k/mujoco_trueodom,0.3,0.2,36,0
l0.5_52k/mujoco_trueodom,0.3,0.3,45,0
l0.5_52k/mujoco_trueodom,0.3,0.4,53,0
l0.5_52k/mujoco_trueodom,0.3,0.5,59,0
l0.5_52k/mujoco_trueodom,0.3,0.6,67,0
l0.5_52k/mujoco_trueodom,0.3,0.7,74,0.0135135
l0.5_52k/mujoco_trueodom,0.3,0.8,82,0.170732
l0.5_52k/mujoco_trueodom,0.3,0.9,88,0.352273
l0.5_52k/mujoco_trueodom,0.3,1,80,0.4375
l0.5_52k/mujoco_trueodom,0.3,1.1,71,0.492958
l0.5_52k/mujoco_trueodom,0.3,1.2,60,0.516667
l0.5_52k/mujoco_trueodom,0.3,1.3,52,0.403846
l0.5_52k/mujoco_trueodom,0.3,1.4,43,0.488372
l0.5_52k/mujoco_trueodom,0.3,1.5,35,0.428571
l0.5_52k/mujoco_trueodom,0.3,1.6,29,0.310345
l0.5_52k/mujoco_trueodom,0.3,1.7,21,0.285714
l0.5_52k/mujoco_trueodom,0.3,1.8,14,0
l0.5_52k/mujoco_trueodom,0.3,1.9,6,0
l0.5_52k/mujoco_trueodom,0.4,-0.1,6,0
l0.5_52k/mujoco_trueodom,0.4,0,21,0
l0.5_52k/mujoco_trueodom,0.4,0.1,36,0
l0.5_52k/mujoco_trueodom,0.4,0.2,45,0
l0.5_52k/mujoco_trueodom,0.4,0.3,60,0
l0.5_52k/mujoco_trueodom,0.4,0.4,74,0
l0.5_52k/mujoco_trueodom,0.4,0.5,85,0
l0.5_52k/mujoco_trueodom,0.4,0.6,98,0
l0.5_52k/mujoco_trueodom,0.4,0.7,112,0
l0.5_52k/mujoco_trueodom,0.4,0.8,125,0.048
l0.5_52k/mujoco_trueodom,0.4,0.9,129,0.155039
l0.5_52k/mujoco_trueodom,0.4,1,123,0.317073
l0.5_52k/mujoco_trueodom,0.4,1.1,108,0.425926
l0.5_52k/mujoco_trueodom,0.4,1.2,93,0.408602
l0.5_52k/mujoco_trueodom,0.4,1.3,84,0.404762
l0.5_52k/mujoco_trueodom,0.4,1.4,69,0.434783
l0.5_52k/mujoco_trueodom,0.4,1.5,55,0.4
l0.5_52k/mujoco_trueodom,0.4,1.6,44,0.181818
l0.5_52k/mujoco_trueodom,0.4,1.7,31,0.0645161
l0.5_52k/mujoco_trueodom,0.4,1.8,17,0
l0.5_52k/mujoco_trueodom,0.4,1.9,4,0
l0.5_52k/mujoco_trueodom,0.5,-0.1,5,0
l0.5_52k/mujoco_trueodom,0.5,0,16,0
l0.5_52k/mujoco_trueodom,0.5,0.1,33,0
l0.5_52k/mujoco_trueodom,0.5,0.2,50,0
l0.5_52k/mujoco_trueodom,0.5,0.3,65,0
l0.5_52k/mujoco_trueodom,0.5,0.4,84,0
l0.5_52k/mujoco_trueodom,0.5,0.5,102,0
l0.5_52k/mujoco_trueodom,0.5,0.6,125,0
l0.5_52k/mujoco_trueodom,0.5,0.7,140,0
l0.5_52k/mujoco_trueodom,0.5,0.8,150,0
l0.5_52k/mujoco_trueodom,0.5,0.9,150,0.06
l0.5_52k/mujoco_trueodom,0.5,1,145,0.172414
l0.5_52k/mujoco_trueodom,0.5,1.1,134,0.313433
l0.5_52k/mujoco_trueodom,0.5,1.2,117,0.299145
l0.5_52k/mujoco_trueodom,0.5,1.3,100,0.25
l0.5_52k/mujoco_trueodom,0.5,1.4,85,0.211765
l0.5_52k/mujoco_trueodom,0.5,1.5,66,0.106061
l0.5_52k/mujoco_trueodom,0.5,1.6,48,0.0416667
l0.5_52k/mujoco_trueodom,0.5,1.7,25,0
l0.5_52k/mujoco_trueodom,0.5,1.8,10,0
l0.5_52k/mujoco_trueodom,0.6,0,8,0
l0.5_52k/mujoco_trueodom,0.6,0.1,17,0
l0.5_52k/mujoco_trueodom,0.6,0.2,30,0
l0.5_52k/mujoco_trueodom,0.6,0.3,42,0
l0.5_52k/mujoco_trueodom,0.6,0.4,56,0
l0.5_52k/mujoco_trueodom,0.6,0.5,69,0
l0.5_52k/mujoco_trueodom,0.6,0.6,87,0
l0.5_52k/mujoco_trueodom,0.6,0.7,98,0
l0.5_52k/mujoco_trueodom,0.6,0.8,104,0
l0.5_52k/mujoco_trueodom,0.6,0.9,104,0.0192308
l0.5_52k/mujoco_trueodom,0.6,1,104,0.0480769
l0.5_52k/mujoco_trueodom,0.6,1.1,96,0.0729167
l0.5_52k/mujoco_trueodom,0.6,1.2,87,0.126437
l0.5_52k/mujoco_trueodom,0.6,1.3,74,0.0540541
l0.5_52k/mujoco_trueodom,0.6,1.4,62,0
l0.5_52k/mujoco_trueodom,0.6,1.5,48,0
l0.5_52k/mujoco_trueodom,0.6,1.6,35,0
l0.5_52k/mujoco_trueodom,0.6,1.7,17,0
l0.5_52k/mujoco_trueodom,0.6,1.8,6,0
l0.5_52k/mujoco_trueodom,0.7,0.1,3,0
l0.5_52k/mujoco_trueodom,0.7,0.2,14,0
l0.5_52k/mujoco_trueodom,0.7,0.3,20,0
l0.5_52k/mujoco_trueodom,0.7,0.4,28,0
l0.5_52k/mujoco_trueodom,0.7,0.5,36,0
l0.5_52k/mujoco_trueodom,0.7,0.6,48,0
l0.5_52k/mujoco_trueodom,0.7,0.7,50,0
l0.5_52k/mujoco_trueodom,0.7,0.8,50,0
l0.5_52k/mujoco_trueodom,0.7,0.9,50,0
l0.5_52k/mujoco_trueodom,0.7,1,50,0.02
l0.5_52k/mujoco_trueodom,0.7,1.1,50,0.02
l0.5_52k/mujoco_trueodom,0.7,1.2,47,0.0425532
l0.5_52k/mujoco_trueodom,0.7,1.3,36,0.0277778
l0.5_52k/mujoco_trueodom,0.7,1.4,30,0
l0.5_52k/mujoco_trueodom,0.7,1.5,22,0
l0.5_52k/mujoco_trueodom,0.7,1.6,14,0
l0.5_52k/mujoco_trueodom,0.7,1.7,2,0
l0.5_52k/mujoco_trueodom,0.8,0.3,1,0
l0.5_52k/mujoco_trueodom,0.8,0.4,3,0
l0.5_52k/mujoco_trueodom,0.8,0.5,3,0
l0.5_52k/mujoco_trueodom,0.8,0.6,3,0
l0.5_52k/mujoco_trueodom,0.8,0.7,3,0
l0.5_52k/mujoco_trueodom,0.8,0.8,3,0
l0.5_52k/mujoco_trueodom,0.8,0.9,3,0
l0.5_52k/mujoco_trueodom,0.8,1,3,0
l0.5_52k/mujoco_trueodom,0.8,1.1,3,0
l0.5_52k/mujoco_trueodom,0.8,1.2,3,0
l0.5_52k/mujoco_trueodom,0.8,1.3,3,0
l0.5_52k/mujoco_trueodom,0.8,1.4,2,0
l1/isaac,0.1,-0.1,2,0
l1/isaac,0.1,0,4,0
l1/isaac,0.1,0.1,6,0
l1/isaac,0.1,0.2,7,0
l1/isaac,0.1,0.3,7,0
l1/isaac,0.1,0.4,7,0
l1/isaac,0.1,0.5,7,0
l1/isaac,0.1,0.6,8,0
l1/isaac,0.1,0.7,10,0.2
l1/isaac,0.1,0.8,11,0.545455
l1/isaac,0.1,0.9,13,0.615385
l1/isaac,0.1,1,11,0.454545
l1/isaac,0.1,1.1,9,0.555556
l1/isaac,0.1,1.2,7,0.714286
l1/isaac,0.1,1.3,6,0.833333
l1/isaac,0.1,1.4,6,0.833333
l1/isaac,0.1,1.5,6,0.666667
l1/isaac,0.1,1.6,6,0.5
l1/isaac,0.1,1.7,5,0.2
l1/isaac,0.1,1.8,3,0
l1/isaac,0.1,1.9,2,0
l1/isaac,0.2,-0.1,3,0
l1/isaac,0.2,0,9,0
l1/isaac,0.2,0.1,12,0
l1/isaac,0.2,0.2,16,0
l1/isaac,0.2,0.3,21,0
l1/isaac,0.2,0.4,22,0
l1/isaac,0.2,0.5,23,0.0434783
l1/isaac,0.2,0.6,26,0.0769231
l1/isaac,0.2,0.7,29,0.275862
l1/isaac,0.2,0.8,33,0.515152
l1/isaac,0.2,0.9,39,0.512821
l1/isaac,0.2,1,36,0.694444
l1/isaac,0.2,1.1,30,0.633333
l1/isaac,0.2,1.2,27,0.62963
l1/isaac,0.2,1.3,23,0.652174
l1/isaac,0.2,1.4,18,0.5
l1/isaac,0.2,1.5,17,0.352941
l1/isaac,0.2,1.6,16,0.4375
l1/isaac,0.2,1.7,13,0.153846
l1/isaac,0.2,1.8,10,0
l1/isaac,0.2,1.9,6,0
l1/isaac,0.3,-0.1,8,0
l1/isaac,0.3,0,17,0
l1/isaac,0.3,0.1,28,0
l1/isaac,0.3,0.2,36,0
l1/isaac,0.3,0.3,45,0
l1/isaac,0.3,0.4,53,0
l1/isaac,0.3,0.5,59,0
l1/isaac,0.3,0.6,67,0.0597015
l1/isaac,0.3,0.7,74,0.283784
l1/isaac,0.3,0.8,82,0.439024
l1/isaac,0.3,0.9,88,0.534091
l1/isaac,0.3,1,80,0.6
l1/isaac,0.3,1.1,71,0.619718
l1/isaac,0.3,1.2,60,0.65
l1/isaac,0.3,1.3,52,0.519231
l1/isaac,0.3,1.4,43,0.55814
l1/isaac,0.3,1.5,35,0.4
l1/isaac,0.3,1.6,29,0.37931
l1/isaac,0.3,1.7,21,0.047619
l1/isaac,0.3,1.8,14,0
l1/isaac,0.3,1.9,6,0
l1/isaac,0.4,-0.1,6,0
l1/isaac,0.4,0,21,0
l1/isaac,0.4,0.1,36,0
l1/isaac,0.4,0.2,45,0
l1/isaac,0.4,0.3,60,0
l1/isaac,0.4,0.4,74,0
l1/isaac,0.4,0.5,85,0
l1/isaac,0.4,0.6,98,0
l1/isaac,0.4,0.7,112,0.151786
l1/isaac,0.4,0.8,125,0.328
l1/isaac,0.4,0.9,129,0.457364
l1/isaac,0.4,1,123,0.463415
l1/isaac,0.4,1.1,108,0.592593
l1/isaac,0.4,1.2,93,0.505376
l1/isaac,0.4,1.3,84,0.488095
l1/isaac,0.4,1.4,69,0.463768
l1/isaac,0.4,1.5,55,0.381818
l1/isaac,0.4,1.6,44,0.136364
l1/isaac,0.4,1.7,31,0.0322581
l1/isaac,0.4,1.8,17,0
l1/isaac,0.4,1.9,4,0
l1/isaac,0.5,-0.1,5,0
l1/isaac,0.5,0,16,0
l1/isaac,0.5,0.1,33,0
l1/isaac,0.5,0.2,50,0
l1/isaac,0.5,0.3,65,0
l1/isaac,0.5,0.4,84,0
l1/isaac,0.5,0.5,102,0
l1/isaac,0.5,0.6,125,0
l1/isaac,0.5,0.7,140,0.0214286
l1/isaac,0.5,0.8,150,0.113333
l1/isaac,0.5,0.9,150,0.24
l1/isaac,0.5,1,145,0.303448
l1/isaac,0.5,1.1,134,0.373134
l1/isaac,0.5,1.2,117,0.350427
l1/isaac,0.5,1.3,100,0.35
l1/isaac,0.5,1.4,85,0.270588
l1/isaac,0.5,1.5,66,0.151515
l1/isaac,0.5,1.6,48,0.0208333
l1/isaac,0.5,1.7,25,0
l1/isaac,0.5,1.8,10,0
l1/isaac,0.6,0,8,0
l1/isaac,0.6,0.1,17,0
l1/isaac,0.6,0.2,30,0
l1/isaac,0.6,0.3,42,0
l1/isaac,0.6,0.4,56,0
l1/isaac,0.6,0.5,69,0
l1/isaac,0.6,0.6,87,0
l1/isaac,0.6,0.7,98,0
l1/isaac,0.6,0.8,104,0.00961538
l1/isaac,0.6,0.9,104,0.0480769
l1/isaac,0.6,1,104,0.0769231
l1/isaac,0.6,1.1,96,0.145833
l1/isaac,0.6,1.2,87,0.091954
l1/isaac,0.6,1.3,74,0.0810811
l1/isaac,0.6,1.4,62,0.0806452
l1/isaac,0.6,1.5,48,0.104167
l1/isaac,0.6,1.6,35,0.0285714
l1/isaac,0.6,1.7,17,0
l1/isaac,0.6,1.8,6,0
l1/isaac,0.7,0.1,3,0
l1/isaac,0.7,0.2,14,0
l1/isaac,0.7,0.3,20,0
l1/isaac,0.7,0.4,28,0
l1/isaac,0.7,0.5,36,0
l1/isaac,0.7,0.6,48,0
l1/isaac,0.7,0.7,50,0
l1/isaac,0.7,0.8,50,0
l1/isaac,0.7,0.9,50,0.06
l1/isaac,0.7,1,50,0.04
l1/isaac,0.7,1.1,50,0.12
l1/isaac,0.7,1.2,47,0.0638298
l1/isaac,0.7,1.3,36,0.0555556
l1/isaac,0.7,1.4,30,0.0333333
l1/isaac,0.7,1.5,22,0
l1/isaac,0.7,1.6,14,0
l1/isaac,0.7,1.7,2,0
l1/isaac,0.8,0.3,1,0
l1/isaac,0.8,0.4,3,0
l1/isaac,0.8,0.5,3,0
l1/isaac,0.8,0.6,3,0
l1/isaac,0.8,0.7,3,0
l1/isaac,0.8,0.8,3,0
l1/isaac,0.8,0.9,3,0
l1/isaac,0.8,1,3,0
l1/isaac,0.8,1.1,3,0
l1/isaac,0.8,1.2,3,0
l1/isaac,0.8,1.3,3,0
l1/isaac,0.8,1.4,2,0
l1/isaac_arms_ik,0.1,-0.1,2,0
l1/isaac_arms_ik,0.1,0,4,0
l1/isaac_arms_ik,0.1,0.1,6,0
l1/isaac_arms_ik,0.1,0.2,7,0
l1/isaac_arms_ik,0.1,0.3,7,0
l1/isaac_arms_ik,0.1,0.4,7,0
l1/isaac_arms_ik,0.1,0.5,7,0
l1/isaac_arms_ik,0.1,0.6,8,0.125
l1/isaac_arms_ik,0.1,0.7,10,0.3
l1/isaac_arms_ik,0.1,0.8,11,0.545455
l1/isaac_arms_ik,0.1,0.9,13,0.692308
l1/isaac_arms_ik,0.1,1,11,0.454545
l1/isaac_arms_ik,0.1,1.1,9,0.444444
l1/isaac_arms_ik,0.1,1.2,7,0.571429
l1/isaac_arms_ik,0.1,1.3,6,0.666667
l1/isaac_arms_ik,0.1,1.4,6,0.5
l1/isaac_arms_ik,0.1,1.5,6,0
l1/isaac_arms_ik,0.1,1.6,6,0
l1/isaac_arms_ik,0.1,1.7,5,0
l1/isaac_arms_ik,0.1,1.8,3,0
l1/isaac_arms_ik,0.1,1.9,2,0
l1/isaac_arms_ik,0.2,-0.1,1,0
l1/isaac_arms_ik,0.2,0,5,0
l1/isaac_arms_ik,0.2,0.1,6,0
l1/isaac_arms_ik,0.2,0.2,9,0
l1/isaac_arms_ik,0.2,0.3,14,0
l1/isaac_arms_ik,0.2,0.4,15,0
l1/isaac_arms_ik,0.2,0.5,16,0
l1/isaac_arms_ik,0.2,0.6,18,0.0555556
l1/isaac_arms_ik,0.2,0.7,19,0.105263
l1/isaac_arms_ik,0.2,0.8,22,0.409091
l1/isaac_arms_ik,0.2,0.9,26,0.384615
l1/isaac_arms_ik,0.2,1,25,0.44
l1/isaac_arms_ik,0.2,1.1,21,0.666667
l1/isaac_arms_ik,0.2,1.2,20,0.55
l1/isaac_arms_ik,0.2,1.3,17,0.294118
l1/isaac_arms_ik,0.2,1.4,12,0.333333
l1/isaac_arms_ik,0.2,1.5,11,0.0909091
l1/isaac_arms_ik,0.2,1.6,10,0
l1/isaac_arms_ik,0.2,1.7,8,0
l1/isaac_arms_ik,0.2,1.8,7,0
l1/isaac_arms_ik,0.2,1.9,4,0
l1/isaac_arms_ik,0.3,-0.1,5,0
l1/isaac_arms_ik,0.3,0,8,0
l1/isaac_arms_ik,0.3,0.1,16,0
l1/isaac_arms_ik,0.3,0.2,20,0
l1/isaac_arms_ik,0.3,0.3,24,0
l1/isaac_arms_ik,0.3,0.4,31,0
l1/isaac_arms_ik,0.3,0.5,36,0
l1/isaac_arms_ik,0.3,0.6,41,0.0243902
l1/isaac_arms_ik,0.3,0.7,45,0.0888889
l1/isaac_arms_ik,0.3,0.8,49,0.22449
l1/isaac_arms_ik,0.3,0.9,49,0.183673
l1/isaac_arms_ik,0.3,1,44,0.25
l1/isaac_arms_ik,0.3,1.1,41,0.195122
l1/isaac_arms_ik,0.3,1.2,33,0.212121
l1/isaac_arms_ik,0.3,1.3,29,0.206897
l1/isaac_arms_ik,0.3,1.4,25,0.04
l1/isaac_arms_ik,0.3,1.5,18,0.0555556
l1/isaac_arms_ik,0.3,1.6,13,0
l1/isaac_arms_ik,0.3,1.7,8,0
l1/isaac_arms_ik,0.3,1.8,4,0
l1/isaac_arms_ik,0.4,0,8,0
l1/isaac_arms_ik,0.4,0.1,14,0
l1/isaac_arms_ik,0.4,0.2,16,0
l1/isaac_arms_ik,0.4,0.3,22,0
l1/isaac_arms_ik,0.4,0.4,28,0
l1/isaac_arms_ik,0.4,0.5,33,0
l1/isaac_arms_ik,0.4,0.6,39,0
l1/isaac_arms_ik,0.4,0.7,48,0.0208333
l1/isaac_arms_ik,0.4,0.8,54,0
l1/isaac_arms_ik,0.4,0.9,54,0.0185185
l1/isaac_arms_ik,0.4,1,54,0
l1/isaac_arms_ik,0.4,1.1,46,0.0217391
l1/isaac_arms_ik,0.4,1.2,40,0
l1/isaac_arms_ik,0.4,1.3,38,0.0263158
l1/isaac_arms_ik,0.4,1.4,32,0.03125
l1/isaac_arms_ik,0.4,1.5,26,0.0384615
l1/isaac_arms_ik,0.4,1.6,21,0
l1/isaac_arms_ik,0.4,1.7,15,0
l1/isaac_arms_ik,0.4,1.8,6,0
l1/isaac_arms_ik,0.5,0.1,3,0
l1/isaac_arms_ik,0.5,0.2,14,0
l1/isaac_arms_ik,0.5,0.3,19,0
l1/isaac_arms_ik,0.5,0.4,25,0
l1/isaac_arms_ik,0.5,0.5,33,0
l1/isaac_arms_ik,0.5,0.6,45,0
l1/isaac_arms_ik,0.5,0.7,47,0
l1/isaac_arms_ik,0.5,0.8,47,0
l1/isaac_arms_ik,0.5,0.9,47,0
l1/isaac_arms_ik,0.5,1,47,0.0212766
l1/isaac_arms_ik,0.5,1.1,47,0
l1/isaac_arms_ik,0.5,1.2,44,0
l1/isaac_arms_ik,0.5,1.3,33,0.030303
l1/isaac_arms_ik,0.5,1.4,28,0.0714286
l1/isaac_arms_ik,0.5,1.5,22,0
l1/isaac_arms_ik,0.5,1.6,14,0
l1/isaac_arms_ik,0.5,1.7,2,0
l1/isaac_arms_ik,0.6,0.3,1,0
l1/isaac_arms_ik,0.6,0.4,3,0
l1/isaac_arms_ik,0.6,0.5,3,0
l1/isaac_arms_ik,0.6,0.6,3,0
l1/isaac_arms_ik,0.6,0.7,3,0
l1/isaac_arms_ik,0.6,0.8,3,0
l1/isaac_arms_ik,0.6,0.9,3,0
l1/isaac_arms_ik,0.6,1,3,0
l1/isaac_arms_ik,0.6,1.1,3,0
l1/isaac_arms_ik,0.6,1.2,3,0
l1/isaac_arms_ik,0.6,1.3,3,0
l1/isaac_arms_ik,0.6,1.4,2,0
l1/isaac_legs_blind,0.1,-0.1,2,0
l1/isaac_legs_blind,0.1,0,4,0
l1/isaac_legs_blind,0.1,0.1,6,0
l1/isaac_legs_blind,0.1,0.2,7,0
l1/isaac_legs_blind,0.1,0.3,7,0
l1/isaac_legs_blind,0.1,0.4,7,0
l1/isaac_legs_blind,0.1,0.5,7,0
l1/isaac_legs_blind,0.1,0.6,8,0
l1/isaac_legs_blind,0.1,0.7,10,0
l1/isaac_legs_blind,0.1,0.8,11,0.0909091
l1/isaac_legs_blind,0.1,0.9,13,0.384615
l1/isaac_legs_blind,0.1,1,11,0.363636
l1/isaac_legs_blind,0.1,1.1,9,0.444444
l1/isaac_legs_blind,0.1,1.2,7,0.142857
l1/isaac_legs_blind,0.1,1.3,6,0.333333
l1/isaac_legs_blind,0.1,1.4,6,0.5
l1/isaac_legs_blind,0.1,1.5,6,0
l1/isaac_legs_blind,0.1,1.6,6,0.333333
l1/isaac_legs_blind,0.1,1.7,5,0
l1/isaac_legs_blind,0.1,1.8,3,0
l1/isaac_legs_blind,0.1,1.9,2,0
l1/isaac_legs_blind,0.2,-0.1,3,0
l1/isaac_legs_blind,0.2,0,9,0
l1/isaac_legs_blind,0.2,0.1,12,0
l1/isaac_legs_blind,0.2,0.2,16,0
l1/isaac_legs_blind,0.2,0.3,21,0
l1/isaac_legs_blind,0.2,0.4,22,0
l1/isaac_legs_blind,0.2,0.5,23,0
l1/isaac_legs_blind,0.2,0.6,26,0.0384615
l1/isaac_legs_blind,0.2,0.7,29,0.0689655
l1/isaac_legs_blind,0.2,0.8,33,0.242424
l1/isaac_legs_blind,0.2,0.9,39,0.282051
l1/isaac_legs_blind,0.2,1,36,0.277778
l1/isaac_legs_blind,0.2,1.1,30,0.433333
l1/isaac_legs_blind,0.2,1.2,27,0.444444
l1/isaac_legs_blind,0.2,1.3,23,0.434783
l1/isaac_legs_blind,0.2,1.4,18,0.222222
l1/isaac_legs_blind,0.2,1.5,17,0.294118
l1/isaac_legs_blind,0.2,1.6,16,0.25
l1/isaac_legs_blind,0.2,1.7,13,0.230769
l1/isaac_legs_blind,0.2,1.8,10,0
l1/isaac_legs_blind,0.2,1.9,6,0
l1/isaac_legs_blind,0.3,-0.1,8,0
l1/isaac_legs_blind,0.3,0,17,0
l1/isaac_legs_blind,0.3,0.1,28,0
l1/isaac_legs_blind,0.3,0.2,36,0
l1/isaac_legs_blind,0.3,0.3,45,0
l1/isaac_legs_blind,0.3,0.4,53,0
l1/isaac_legs_blind,0.3,0.5,59,0
l1/isaac_legs_blind,0.3,0.6,67,0.0149254
l1/isaac_legs_blind,0.3,0.7,74,0.135135
l1/isaac_legs_blind,0.3,0.8,82,0.304878
l1/isaac_legs_blind,0.3,0.9,88,0.375
l1/isaac_legs_blind,0.3,1,80,0.4
l1/isaac_legs_blind,0.3,1.1,71,0.492958
l1/isaac_legs_blind,0.3,1.2,60,0.55
l1/isaac_legs_blind,0.3,1.3,52,0.5
l1/isaac_legs_blind,0.3,1.4,43,0.372093
l1/isaac_legs_blind,0.3,1.5,35,0.371429
l1/isaac_legs_blind,0.3,1.6,29,0.103448
l1/isaac_legs_blind,0.3,1.7,21,0
l1/isaac_legs_blind,0.3,1.8,14,0
l1/isaac_legs_blind,0.3,1.9,6,0
l1/isaac_legs_blind,0.4,-0.1,6,0
l1/isaac_legs_blind,0.4,0,21,0
l1/isaac_legs_blind,0.4,0.1,36,0
l1/isaac_legs_blind,0.4,0.2,45,0
l1/isaac_legs_blind,0.4,0.3,60,0
l1/isaac_legs_blind,0.4,0.4,74,0
l1/isaac_legs_blind,0.4,0.5,85,0
l1/isaac_legs_blind,0.4,0.6,98,0.0102041
l1/isaac_legs_blind,0.4,0.7,112,0.0446429
l1/isaac_legs_blind,0.4,0.8,125,0.192
l1/isaac_legs_blind,0.4,0.9,129,0.325581
l1/isaac_legs_blind,0.4,1,123,0.422764
l1/isaac_legs_blind,0.4,1.1,108,0.407407
l1/isaac_legs_blind,0.4,1.2,93,0.322581
l1/isaac_legs_blind,0.4,1.3,84,0.285714
l1/isaac_legs_blind,0.4,1.4,69,0.275362
l1/isaac_legs_blind,0.4,1.5,55,0.181818
l1/isaac_legs_blind,0.4,1.6,44,0.0681818
l1/isaac_legs_blind,0.4,1.7,31,0
l1/isaac_legs_blind,0.4,1.8,17,0
l1/isaac_legs_blind,0.4,1.9,4,0
l1/isaac_legs_blind,0.5,-0.1,5,0
l1/isaac_legs_blind,0.5,0,16,0
l1/isaac_legs_blind,0.5,0.1,33,0
l1/isaac_legs_blind,0.5,0.2,50,0
l1/isaac_legs_blind,0.5,0.3,65,0
l1/isaac_legs_blind,0.5,0.4,84,0
l1/isaac_legs_blind,0.5,0.5,102,0
l1/isaac_legs_blind,0.5,0.6,125,0
l1/isaac_legs_blind,0.5,0.7,140,0.00714286
l1/isaac_legs_blind,0.5,0.8,150,0.0533333
l1/isaac_legs_blind,0.5,0.9,150,0.153333
l1/isaac_legs_blind,0.5,1,145,0.22069
l1/isaac_legs_blind,0.5,1.1,134,0.19403
l1/isaac_legs_blind,0.5,1.2,117,0.264957
l1/isaac_legs_blind,0.5,1.3,100,0.12
l1/isaac_legs_blind,0.5,1.4,85,0.141176
l1/isaac_legs_blind,0.5,1.5,66,0.0606061
l1/isaac_legs_blind,0.5,1.6,48,0.0625
l1/isaac_legs_blind,0.5,1.7,25,0
l1/isaac_legs_blind,0.5,1.8,10,0
l1/isaac_legs_blind,0.6,0,8,0
l1/isaac_legs_blind,0.6,0.1,17,0
l1/isaac_legs_blind,0.6,0.2,30,0
l1/isaac_legs_blind,0.6,0.3,42,0
l1/isaac_legs_blind,0.6,0.4,56,0
l1/isaac_legs_blind,0.6,0.5,69,0
l1/isaac_legs_blind,0.6,0.6,87,0
l1/isaac_legs_blind,0.6,0.7,98,0
l1/isaac_legs_blind,0.6,0.8,104,0
l1/isaac_legs_blind,0.6,0.9,104,0.0192308
l1/isaac_legs_blind,0.6,1,104,0.0384615
l1/isaac_legs_blind,0.6,1.1,96,0.0833333
l1/isaac_legs_blind,0.6,1.2,87,0.091954
l1/isaac_legs_blind,0.6,1.3,74,0.027027
l1/isaac_legs_blind,0.6,1.4,62,0
l1/isaac_legs_blind,0.6,1.5,48,0.0208333
l1/isaac_legs_blind,0.6,1.6,35,0
l1/isaac_legs_blind,0.6,1.7,17,0
l1/isaac_legs_blind,0.6,1.8,6,0
l1/isaac_legs_blind,0.7,0.1,3,0
l1/isaac_legs_blind,0.7,0.2,14,0
l1/isaac_legs_blind,0.7,0.3,20,0
l1/isaac_legs_blind,0.7,0.4,28,0
l1/isaac_legs_blind,0.7,0.5,36,0
l1/isaac_legs_blind,0.7,0.6,48,0
l1/isaac_legs_blind,0.7,0.7,50,0
l1/isaac_legs_blind,0.7,0.8,50,0
l1/isaac_legs_blind,0.7,0.9,50,0
l1/isaac_legs_blind,0.7,1,50,0.02
l1/isaac_legs_blind,0.7,1.1,50,0
l1/isaac_legs_blind,0.7,1.2,47,0.0212766
l1/isaac_legs_blind,0.7,1.3,36,0
l1/isaac_legs_blind,0.7,1.4,30,0
l1/isaac_legs_blind,0.7,1.5,22,0
l1/isaac_legs_blind,0.7,1.6,14,0
l1/isaac_legs_blind,0.7,1.7,2,0
l1/isaac_legs_blind,0.8,0.3,1,0
l1/isaac_legs_blind,0.8,0.4,3,0
l1/isaac_legs_blind,0.8,0.5,3,0
l1/isaac_legs_blind,0.8,0.6,3,0
l1/isaac_legs_blind,0.8,0.7,3,0
l1/isaac_legs_blind,0.8,0.8,3,0
l1/isaac_legs_blind,0.8,0.9,3,0
l1/isaac_legs_blind,0.8,1,3,0
l1/isaac_legs_blind,0.8,1.1,3,0
l1/isaac_legs_blind,0.8,1.2,3,0
l1/isaac_legs_blind,0.8,1.3,3,0
l1/isaac_legs_blind,0.8,1.4,2,0
l1/mujoco,0.1,-0.1,2,0
l1/mujoco,0.1,0,4,0
l1/mujoco,0.1,0.1,6,0
l1/mujoco,0.1,0.2,7,0
l1/mujoco,0.1,0.3,7,0
l1/mujoco,0.1,0.4,7,0
l1/mujoco,0.1,0.5,7,0
l1/mujoco,0.1,0.6,8,0
l1/mujoco,0.1,0.7,10,0
l1/mujoco,0.1,0.8,11,0
l1/mujoco,0.1,0.9,13,0.0769231
l1/mujoco,0.1,1,11,0
l1/mujoco,0.1,1.1,9,0
l1/mujoco,0.1,1.2,7,0.142857
l1/mujoco,0.1,1.3,6,0
l1/mujoco,0.1,1.4,6,0.166667
l1/mujoco,0.1,1.5,6,0
l1/mujoco,0.1,1.6,6,0
l1/mujoco,0.1,1.7,5,0
l1/mujoco,0.1,1.8,3,0
l1/mujoco,0.1,1.9,2,0
l1/mujoco,0.2,-0.1,3,0
l1/mujoco,0.2,0,9,0
l1/mujoco,0.2,0.1,12,0
l1/mujoco,0.2,0.2,16,0
l1/mujoco,0.2,0.3,21,0
l1/mujoco,0.2,0.4,22,0
l1/mujoco,0.2,0.5,23,0
l1/mujoco,0.2,0.6,26,0
l1/mujoco,0.2,0.7,29,0.0344828
l1/mujoco,0.2,0.8,33,0.030303
l1/mujoco,0.2,0.9,39,0.102564
l1/mujoco,0.2,1,36,0.166667
l1/mujoco,0.2,1.1,30,0.3
l1/mujoco,0.2,1.2,27,0.222222
l1/mujoco,0.2,1.3,23,0.130435
l1/mujoco,0.2,1.4,18,0.111111
l1/mujoco,0.2,1.5,17,0
l1/mujoco,0.2,1.6,16,0
l1/mujoco,0.2,1.7,13,0
l1/mujoco,0.2,1.8,10,0
l1/mujoco,0.2,1.9,6,0
l1/mujoco,0.3,-0.1,8,0
l1/mujoco,0.3,0,17,0
l1/mujoco,0.3,0.1,28,0
l1/mujoco,0.3,0.2,36,0
l1/mujoco,0.3,0.3,45,0
l1/mujoco,0.3,0.4,53,0
l1/mujoco,0.3,0.5,59,0
l1/mujoco,0.3,0.6,67,0
l1/mujoco,0.3,0.7,74,0.0135135
l1/mujoco,0.3,0.8,82,0.0853659
l1/mujoco,0.3,0.9,88,0.113636
l1/mujoco,0.3,1,80,0.1
l1/mujoco,0.3,1.1,71,0.126761
l1/mujoco,0.3,1.2,60,0.116667
l1/mujoco,0.3,1.3,52,0.0384615
l1/mujoco,0.3,1.4,43,0.0465116
l1/mujoco,0.3,1.5,35,0
l1/mujoco,0.3,1.6,29,0.0344828
l1/mujoco,0.3,1.7,21,0
l1/mujoco,0.3,1.8,14,0
l1/mujoco,0.3,1.9,6,0
l1/mujoco,0.4,-0.1,6,0
l1/mujoco,0.4,0,21,0
l1/mujoco,0.4,0.1,36,0
l1/mujoco,0.4,0.2,45,0
l1/mujoco,0.4,0.3,60,0
l1/mujoco,0.4,0.4,74,0
l1/mujoco,0.4,0.5,85,0
l1/mujoco,0.4,0.6,98,0
l1/mujoco,0.4,0.7,112,0.0178571
l1/mujoco,0.4,0.8,125,0.064
l1/mujoco,0.4,0.9,129,0.100775
l1/mujoco,0.4,1,123,0.113821
l1/mujoco,0.4,1.1,108,0.101852
l1/mujoco,0.4,1.2,93,0.107527
l1/mujoco,0.4,1.3,84,0.0595238
l1/mujoco,0.4,1.4,69,0.0289855
l1/mujoco,0.4,1.5,55,0.0181818
l1/mujoco,0.4,1.6,44,0
l1/mujoco,0.4,1.7,31,0
l1/mujoco,0.4,1.8,17,0
l1/mujoco,0.4,1.9,4,0
l1/mujoco,0.5,-0.1,5,0
l1/mujoco,0.5,0,16,0
l1/mujoco,0.5,0.1,33,0
l1/mujoco,0.5,0.2,50,0
l1/mujoco,0.5,0.3,65,0
l1/mujoco,0.5,0.4,84,0
l1/mujoco,0.5,0.5,102,0
l1/mujoco,0.5,0.6,125,0
l1/mujoco,0.5,0.7,140,0
l1/mujoco,0.5,0.8,150,0.04
l1/mujoco,0.5,0.9,150,0.0733333
l1/mujoco,0.5,1,145,0.0896552
l1/mujoco,0.5,1.1,134,0.11194
l1/mujoco,0.5,1.2,117,0.0769231
l1/mujoco,0.5,1.3,100,0.04
l1/mujoco,0.5,1.4,85,0.0235294
l1/mujoco,0.5,1.5,66,0.0151515
l1/mujoco,0.5,1.6,48,0
l1/mujoco,0.5,1.7,25,0
l1/mujoco,0.5,1.8,10,0
l1/mujoco,0.6,0,8,0
l1/mujoco,0.6,0.1,17,0
l1/mujoco,0.6,0.2,30,0
l1/mujoco,0.6,0.3,42,0
l1/mujoco,0.6,0.4,56,0
l1/mujoco,0.6,0.5,69,0
l1/mujoco,0.6,0.6,87,0
l1/mujoco,0.6,0.7,98,0
l1/mujoco,0.6,0.8,104,0.00961538
l1/mujoco,0.6,0.9,104,0.0192308
l1/mujoco,0.6,1,104,0.0288462
l1/mujoco,0.6,1.1,96,0.0208333
l1/mujoco,0.6,1.2,87,0.0114943
l1/mujoco,0.6,1.3,74,0
l1/mujoco,0.6,1.4,62,0
l1/mujoco,0.6,1.5,48,0
l1/mujoco,0.6,1.6,35,0
l1/mujoco,0.6,1.7,17,0
l1/mujoco,0.6,1.8,6,0
l1/mujoco,0.7,0.1,3,0
l1/mujoco,0.7,0.2,14,0
l1/mujoco,0.7,0.3,20,0
l1/mujoco,0.7,0.4,28,0
l1/mujoco,0.7,0.5,36,0
l1/mujoco,0.7,0.6,48,0
l1/mujoco,0.7,0.7,50,0
l1/mujoco,0.7,0.8,50,0
l1/mujoco,0.7,0.9,50,0
l1/mujoco,0.7,1,50,0
l1/mujoco,0.7,1.1,50,0
l1/mujoco,0.7,1.2,47,0
l1/mujoco,0.7,1.3,36,0
l1/mujoco,0.7,1.4,30,0
l1/mujoco,0.7,1.5,22,0
l1/mujoco,0.7,1.6,14,0
l1/mujoco,0.7,1.7,2,0
l1/mujoco,0.8,0.3,1,0
l1/mujoco,0.8,0.4,3,0
l1/mujoco,0.8,0.5,3,0
l1/mujoco,0.8,0.6,3,0
l1/mujoco,0.8,0.7,3,0
l1/mujoco,0.8,0.8,3,0
l1/mujoco,0.8,0.9,3,0
l1/mujoco,0.8,1,3,0
l1/mujoco,0.8,1.1,3,0
l1/mujoco,0.8,1.2,3,0
l1/mujoco,0.8,1.3,3,0
l1/mujoco,0.8,1.4,2,0
l1/mujoco_isaacphys,0.1,-0.1,2,0
l1/mujoco_isaacphys,0.1,0,4,0
l1/mujoco_isaacphys,0.1,0.1,6,0
l1/mujoco_isaacphys,0.1,0.2,7,0
l1/mujoco_isaacphys,0.1,0.3,7,0
l1/mujoco_isaacphys,0.1,0.4,7,0
l1/mujoco_isaacphys,0.1,0.5,7,0
l1/mujoco_isaacphys,0.1,0.6,8,0
l1/mujoco_isaacphys,0.1,0.7,10,0
l1/mujoco_isaacphys,0.1,0.8,11,0
l1/mujoco_isaacphys,0.1,0.9,13,0.0769231
l1/mujoco_isaacphys,0.1,1,11,0.181818
l1/mujoco_isaacphys,0.1,1.1,9,0
l1/mujoco_isaacphys,0.1,1.2,7,0.142857
l1/mujoco_isaacphys,0.1,1.3,6,0
l1/mujoco_isaacphys,0.1,1.4,6,0
l1/mujoco_isaacphys,0.1,1.5,6,0.166667
l1/mujoco_isaacphys,0.1,1.6,6,0
l1/mujoco_isaacphys,0.1,1.7,5,0
l1/mujoco_isaacphys,0.1,1.8,3,0
l1/mujoco_isaacphys,0.1,1.9,2,0
l1/mujoco_isaacphys,0.2,-0.1,3,0
l1/mujoco_isaacphys,0.2,0,9,0
l1/mujoco_isaacphys,0.2,0.1,12,0
l1/mujoco_isaacphys,0.2,0.2,16,0
l1/mujoco_isaacphys,0.2,0.3,21,0
l1/mujoco_isaacphys,0.2,0.4,22,0
l1/mujoco_isaacphys,0.2,0.5,23,0
l1/mujoco_isaacphys,0.2,0.6,26,0.0384615
l1/mujoco_isaacphys,0.2,0.7,29,0.0344828
l1/mujoco_isaacphys,0.2,0.8,33,0.0606061
l1/mujoco_isaacphys,0.2,0.9,39,0.0769231
l1/mujoco_isaacphys,0.2,1,36,0.166667
l1/mujoco_isaacphys,0.2,1.1,30,0.266667
l1/mujoco_isaacphys,0.2,1.2,27,0.296296
l1/mujoco_isaacphys,0.2,1.3,23,0.130435
l1/mujoco_isaacphys,0.2,1.4,18,0.166667
l1/mujoco_isaacphys,0.2,1.5,17,0.176471
l1/mujoco_isaacphys,0.2,1.6,16,0.125
l1/mujoco_isaacphys,0.2,1.7,13,0
l1/mujoco_isaacphys,0.2,1.8,10,0
l1/mujoco_isaacphys,0.2,1.9,6,0
l1/mujoco_isaacphys,0.3,-0.1,8,0
l1/mujoco_isaacphys,0.3,0,17,0
l1/mujoco_isaacphys,0.3,0.1,28,0
l1/mujoco_isaacphys,0.3,0.2,36,0
l1/mujoco_isaacphys,0.3,0.3,45,0
l1/mujoco_isaacphys,0.3,0.4,53,0
l1/mujoco_isaacphys,0.3,0.5,59,0
l1/mujoco_isaacphys,0.3,0.6,67,0.0149254
l1/mujoco_isaacphys,0.3,0.7,74,0.027027
l1/mujoco_isaacphys,0.3,0.8,82,0.0609756
l1/mujoco_isaacphys,0.3,0.9,88,0.159091
l1/mujoco_isaacphys,0.3,1,80,0.1625
l1/mujoco_isaacphys,0.3,1.1,71,0.169014
l1/mujoco_isaacphys,0.3,1.2,60,0.15
l1/mujoco_isaacphys,0.3,1.3,52,0.115385
l1/mujoco_isaacphys,0.3,1.4,43,0.162791
l1/mujoco_isaacphys,0.3,1.5,35,0.0857143
l1/mujoco_isaacphys,0.3,1.6,29,0.0689655
l1/mujoco_isaacphys,0.3,1.7,21,0
l1/mujoco_isaacphys,0.3,1.8,14,0
l1/mujoco_isaacphys,0.3,1.9,6,0
l1/mujoco_isaacphys,0.4,-0.1,6,0
l1/mujoco_isaacphys,0.4,0,21,0
l1/mujoco_isaacphys,0.4,0.1,36,0
l1/mujoco_isaacphys,0.4,0.2,45,0
l1/mujoco_isaacphys,0.4,0.3,60,0
l1/mujoco_isaacphys,0.4,0.4,74,0
l1/mujoco_isaacphys,0.4,0.5,85,0
l1/mujoco_isaacphys,0.4,0.6,98,0
l1/mujoco_isaacphys,0.4,0.7,112,0
l1/mujoco_isaacphys,0.4,0.8,125,0.008
l1/mujoco_isaacphys,0.4,0.9,129,0.0620155
l1/mujoco_isaacphys,0.4,1,123,0.130081
l1/mujoco_isaacphys,0.4,1.1,108,0.111111
l1/mujoco_isaacphys,0.4,1.2,93,0.107527
l1/mujoco_isaacphys,0.4,1.3,84,0.0952381
l1/mujoco_isaacphys,0.4,1.4,69,0.101449
l1/mujoco_isaacphys,0.4,1.5,55,0.127273
l1/mujoco_isaacphys,0.4,1.6,44,0.0454545
l1/mujoco_isaacphys,0.4,1.7,31,0
l1/mujoco_isaacphys,0.4,1.8,17,0
l1/mujoco_isaacphys,0.4,1.9,4,0
l1/mujoco_isaacphys,0.5,-0.1,5,0
l1/mujoco_isaacphys,0.5,0,16,0
l1/mujoco_isaacphys,0.5,0.1,33,0
l1/mujoco_isaacphys,0.5,0.2,50,0
l1/mujoco_isaacphys,0.5,0.3,65,0
l1/mujoco_isaacphys,0.5,0.4,84,0
l1/mujoco_isaacphys,0.5,0.5,102,0
l1/mujoco_isaacphys,0.5,0.6,125,0
l1/mujoco_isaacphys,0.5,0.7,140,0
l1/mujoco_isaacphys,0.5,0.8,150,0.0133333
l1/mujoco_isaacphys,0.5,0.9,150,0.0133333
l1/mujoco_isaacphys,0.5,1,145,0.0689655
l1/mujoco_isaacphys,0.5,1.1,134,0.0522388
l1/mujoco_isaacphys,0.5,1.2,117,0.0683761
l1/mujoco_isaacphys,0.5,1.3,100,0.05
l1/mujoco_isaacphys,0.5,1.4,85,0.0941176
l1/mujoco_isaacphys,0.5,1.5,66,0.030303
l1/mujoco_isaacphys,0.5,1.6,48,0
l1/mujoco_isaacphys,0.5,1.7,25,0
l1/mujoco_isaacphys,0.5,1.8,10,0
l1/mujoco_isaacphys,0.6,0,8,0
l1/mujoco_isaacphys,0.6,0.1,17,0
l1/mujoco_isaacphys,0.6,0.2,30,0
l1/mujoco_isaacphys,0.6,0.3,42,0
l1/mujoco_isaacphys,0.6,0.4,56,0
l1/mujoco_isaacphys,0.6,0.5,69,0
l1/mujoco_isaacphys,0.6,0.6,87,0
l1/mujoco_isaacphys,0.6,0.7,98,0
l1/mujoco_isaacphys,0.6,0.8,104,0.00961538
l1/mujoco_isaacphys,0.6,0.9,104,0
l1/mujoco_isaacphys,0.6,1,104,0.00961538
l1/mujoco_isaacphys,0.6,1.1,96,0.0625
l1/mujoco_isaacphys,0.6,1.2,87,0.045977
l1/mujoco_isaacphys,0.6,1.3,74,0.0135135
l1/mujoco_isaacphys,0.6,1.4,62,0
l1/mujoco_isaacphys,0.6,1.5,48,0
l1/mujoco_isaacphys,0.6,1.6,35,0
l1/mujoco_isaacphys,0.6,1.7,17,0
l1/mujoco_isaacphys,0.6,1.8,6,0
l1/mujoco_isaacphys,0.7,0.1,3,0
l1/mujoco_isaacphys,0.7,0.2,14,0
l1/mujoco_isaacphys,0.7,0.3,20,0
l1/mujoco_isaacphys,0.7,0.4,28,0
l1/mujoco_isaacphys,0.7,0.5,36,0
l1/mujoco_isaacphys,0.7,0.6,48,0
l1/mujoco_isaacphys,0.7,0.7,50,0
l1/mujoco_isaacphys,0.7,0.8,50,0
l1/mujoco_isaacphys,0.7,0.9,50,0
l1/mujoco_isaacphys,0.7,1,50,0
l1/mujoco_isaacphys,0.7,1.1,50,0
l1/mujoco_isaacphys,0.7,1.2,47,0
l1/mujoco_isaacphys,0.7,1.3,36,0
l1/mujoco_isaacphys,0.7,1.4,30,0
l1/mujoco_isaacphys,0.7,1.5,22,0
l1/mujoco_isaacphys,0.7,1.6,14,0
l1/mujoco_isaacphys,0.7,1.7,2,0
l1/mujoco_isaacphys,0.8,0.3,1,0
l1/mujoco_isaacphys,0.8,0.4,3,0
l1/mujoco_isaacphys,0.8,0.5,3,0
l1/mujoco_isaacphys,0.8,0.6,3,0
l1/mujoco_isaacphys,0.8,0.7,3,0
l1/mujoco_isaacphys,0.8,0.8,3,0
l1/mujoco_isaacphys,0.8,0.9,3,0
l1/mujoco_isaacphys,0.8,1,3,0
l1/mujoco_isaacphys,0.8,1.1,3,0
l1/mujoco_isaacphys,0.8,1.2,3,0
l1/mujoco_isaacphys,0.8,1.3,3,0
l1/mujoco_isaacphys,0.8,1.4,2,0
whole/isaac,0.1,-0.1,2,0
whole/isaac,0.1,0,4,0
whole/isaac,0.1,0.1,6,0
whole/isaac,0.1,0.2,7,0
whole/isaac,0.1,0.3,7,0
whole/isaac,0.1,0.4,7,0
whole/isaac,0.1,0.5,7,0
whole/isaac,0.1,0.6,8,0
whole/isaac,0.1,0.7,10,0.4
whole/isaac,0.1,0.8,11,0.636364
whole/isaac,0.1,0.9,13,0.461538
whole/isaac,0.1,1,11,0.363636
whole/isaac,0.1,1.1,9,0.333333
whole/isaac,0.1,1.2,7,0.142857
whole/isaac,0.1,1.3,6,0.166667
whole/isaac,0.1,1.4,6,0.333333
whole/isaac,0.1,1.5,6,0.333333
whole/isaac,0.1,1.6,6,0
whole/isaac,0.1,1.7,5,0.2
whole/isaac,0.1,1.8,3,0
whole/isaac,0.1,1.9,2,0
whole/isaac,0.2,-0.1,3,0
whole/isaac,0.2,0,9,0
whole/isaac,0.2,0.1,12,0
whole/isaac,0.2,0.2,16,0
whole/isaac,0.2,0.3,21,0
whole/isaac,0.2,0.4,22,0
whole/isaac,0.2,0.5,23,0
whole/isaac,0.2,0.6,26,0.0384615
whole/isaac,0.2,0.7,29,0.137931
whole/isaac,0.2,0.8,33,0.212121
whole/isaac,0.2,0.9,39,0.282051
whole/isaac,0.2,1,36,0.333333
whole/isaac,0.2,1.1,30,0.466667
whole/isaac,0.2,1.2,27,0.518519
whole/isaac,0.2,1.3,23,0.434783
whole/isaac,0.2,1.4,18,0.277778
whole/isaac,0.2,1.5,17,0.294118
whole/isaac,0.2,1.6,16,0.375
whole/isaac,0.2,1.7,13,0.230769
whole/isaac,0.2,1.8,10,0
whole/isaac,0.2,1.9,6,0
whole/isaac,0.3,-0.1,8,0
whole/isaac,0.3,0,17,0
whole/isaac,0.3,0.1,28,0
whole/isaac,0.3,0.2,36,0
whole/isaac,0.3,0.3,45,0
whole/isaac,0.3,0.4,53,0
whole/isaac,0.3,0.5,59,0
whole/isaac,0.3,0.6,67,0
whole/isaac,0.3,0.7,74,0.148649
whole/isaac,0.3,0.8,82,0.243902
whole/isaac,0.3,0.9,88,0.352273
whole/isaac,0.3,1,80,0.4375
whole/isaac,0.3,1.1,71,0.507042
whole/isaac,0.3,1.2,60,0.533333
whole/isaac,0.3,1.3,52,0.346154
whole/isaac,0.3,1.4,43,0.348837
whole/isaac,0.3,1.5,35,0.342857
whole/isaac,0.3,1.6,29,0.172414
whole/isaac,0.3,1.7,21,0.190476
whole/isaac,0.3,1.8,14,0
whole/isaac,0.3,1.9,6,0
whole/isaac,0.4,-0.1,6,0
whole/isaac,0.4,0,21,0
whole/isaac,0.4,0.1,36,0
whole/isaac,0.4,0.2,45,0
whole/isaac,0.4,0.3,60,0
whole/isaac,0.4,0.4,74,0
whole/isaac,0.4,0.5,85,0
whole/isaac,0.4,0.6,98,0
whole/isaac,0.4,0.7,112,0.0446429
whole/isaac,0.4,0.8,125,0.192
whole/isaac,0.4,0.9,129,0.302326
whole/isaac,0.4,1,123,0.357724
whole/isaac,0.4,1.1,108,0.398148
whole/isaac,0.4,1.2,93,0.44086
whole/isaac,0.4,1.3,84,0.416667
whole/isaac,0.4,1.4,69,0.391304
whole/isaac,0.4,1.5,55,0.363636
whole/isaac,0.4,1.6,44,0.159091
whole/isaac,0.4,1.7,31,0.0645161
whole/isaac,0.4,1.8,17,0
whole/isaac,0.4,1.9,4,0
whole/isaac,0.5,-0.1,5,0
whole/isaac,0.5,0,16,0
whole/isaac,0.5,0.1,33,0
whole/isaac,0.5,0.2,50,0
whole/isaac,0.5,0.3,65,0
whole/isaac,0.5,0.4,84,0
whole/isaac,0.5,0.5,102,0
whole/isaac,0.5,0.6,125,0
whole/isaac,0.5,0.7,140,0
whole/isaac,0.5,0.8,150,0.0866667
whole/isaac,0.5,0.9,150,0.22
whole/isaac,0.5,1,145,0.310345
whole/isaac,0.5,1.1,134,0.298507
whole/isaac,0.5,1.2,117,0.358974
whole/isaac,0.5,1.3,100,0.33
whole/isaac,0.5,1.4,85,0.235294
whole/isaac,0.5,1.5,66,0.151515
whole/isaac,0.5,1.6,48,0.0833333
whole/isaac,0.5,1.7,25,0
whole/isaac,0.5,1.8,10,0
whole/isaac,0.6,0,8,0
whole/isaac,0.6,0.1,17,0
whole/isaac,0.6,0.2,30,0
whole/isaac,0.6,0.3,42,0
whole/isaac,0.6,0.4,56,0
whole/isaac,0.6,0.5,69,0
whole/isaac,0.6,0.6,87,0
whole/isaac,0.6,0.7,98,0.0102041
whole/isaac,0.6,0.8,104,0.0192308
whole/isaac,0.6,0.9,104,0.0192308
whole/isaac,0.6,1,104,0.0865385
whole/isaac,0.6,1.1,96,0.104167
whole/isaac,0.6,1.2,87,0.137931
whole/isaac,0.6,1.3,74,0.108108
whole/isaac,0.6,1.4,62,0.0967742
whole/isaac,0.6,1.5,48,0.0208333
whole/isaac,0.6,1.6,35,0.0285714
whole/isaac,0.6,1.7,17,0
whole/isaac,0.6,1.8,6,0
whole/isaac,0.7,0.1,3,0
whole/isaac,0.7,0.2,14,0
whole/isaac,0.7,0.3,20,0
whole/isaac,0.7,0.4,28,0
whole/isaac,0.7,0.5,36,0
whole/isaac,0.7,0.6,48,0
whole/isaac,0.7,0.7,50,0
whole/isaac,0.7,0.8,50,0
whole/isaac,0.7,0.9,50,0
whole/isaac,0.7,1,50,0.02
whole/isaac,0.7,1.1,50,0.02
whole/isaac,0.7,1.2,47,0.0638298
whole/isaac,0.7,1.3,36,0.0833333
whole/isaac,0.7,1.4,30,0.0333333
whole/isaac,0.7,1.5,22,0
whole/isaac,0.7,1.6,14,0
whole/isaac,0.7,1.7,2,0
whole/isaac,0.8,0.3,1,0
whole/isaac,0.8,0.4,3,0
whole/isaac,0.8,0.5,3,0
whole/isaac,0.8,0.6,3,0
whole/isaac,0.8,0.7,3,0
whole/isaac,0.8,0.8,3,0
whole/isaac,0.8,0.9,3,0
whole/isaac,0.8,1,3,0
whole/isaac,0.8,1.1,3,0
whole/isaac,0.8,1.2,3,0
whole/isaac,0.8,1.3,3,0
whole/isaac,0.8,1.4,2,0
whole/mujoco,0.1,-0.1,2,0
whole/mujoco,0.1,0,4,0
whole/mujoco,0.1,0.1,5,0
whole/mujoco,0.1,0.2,6,0
whole/mujoco,0.1,0.3,6,0
whole/mujoco,0.1,0.4,6,0
whole/mujoco,0.1,0.5,6,0
whole/mujoco,0.1,0.6,7,0
whole/mujoco,0.1,0.7,9,0
whole/mujoco,0.1,0.8,10,0
whole/mujoco,0.1,0.9,12,0.166667
whole/mujoco,0.1,1,10,0
whole/mujoco,0.1,1.1,8,0
whole/mujoco,0.1,1.2,7,0
whole/mujoco,0.1,1.3,6,0
whole/mujoco,0.1,1.4,6,0
whole/mujoco,0.1,1.5,6,0
whole/mujoco,0.1,1.6,6,0
whole/mujoco,0.1,1.7,5,0
whole/mujoco,0.1,1.8,3,0
whole/mujoco,0.1,1.9,2,0
whole/mujoco,0.2,-0.1,3,0
whole/mujoco,0.2,0,9,0
whole/mujoco,0.2,0.1,11,0
whole/mujoco,0.2,0.2,15,0
whole/mujoco,0.2,0.3,19,0
whole/mujoco,0.2,0.4,20,0
whole/mujoco,0.2,0.5,21,0
whole/mujoco,0.2,0.6,23,0
whole/mujoco,0.2,0.7,26,0
whole/mujoco,0.2,0.8,30,0
whole/mujoco,0.2,0.9,35,0
whole/mujoco,0.2,1,32,0
whole/mujoco,0.2,1.1,26,0.115385
whole/mujoco,0.2,1.2,24,0.0833333
whole/mujoco,0.2,1.3,20,0
whole/mujoco,0.2,1.4,16,0
whole/mujoco,0.2,1.5,15,0.0666667
whole/mujoco,0.2,1.6,14,0
whole/mujoco,0.2,1.7,12,0
whole/mujoco,0.2,1.8,9,0
whole/mujoco,0.2,1.9,5,0
whole/mujoco,0.3,-0.1,8,0
whole/mujoco,0.3,0,16,0
whole/mujoco,0.3,0.1,25,0
whole/mujoco,0.3,0.2,33,0
whole/mujoco,0.3,0.3,40,0
whole/mujoco,0.3,0.4,48,0
whole/mujoco,0.3,0.5,54,0
whole/mujoco,0.3,0.6,61,0
whole/mujoco,0.3,0.7,66,0
whole/mujoco,0.3,0.8,73,0
whole/mujoco,0.3,0.9,79,0.0253165
whole/mujoco,0.3,1,71,0.028169
whole/mujoco,0.3,1.1,63,0.015873
whole/mujoco,0.3,1.2,53,0.0188679
whole/mujoco,0.3,1.3,46,0.0217391
whole/mujoco,0.3,1.4,39,0.025641
whole/mujoco,0.3,1.5,31,0
whole/mujoco,0.3,1.6,25,0
whole/mujoco,0.3,1.7,18,0
whole/mujoco,0.3,1.8,13,0
whole/mujoco,0.3,1.9,5,0
whole/mujoco,0.4,-0.1,6,0
whole/mujoco,0.4,0,19,0
whole/mujoco,0.4,0.1,32,0
whole/mujoco,0.4,0.2,40,0
whole/mujoco,0.4,0.3,54,0
whole/mujoco,0.4,0.4,68,0
whole/mujoco,0.4,0.5,79,0
whole/mujoco,0.4,0.6,91,0
whole/mujoco,0.4,0.7,101,0
whole/mujoco,0.4,0.8,111,0
whole/mujoco,0.4,0.9,114,0
whole/mujoco,0.4,1,109,0.00917431
whole/mujoco,0.4,1.1,96,0.0104167
whole/mujoco,0.4,1.2,82,0
whole/mujoco,0.4,1.3,74,0.0135135
whole/mujoco,0.4,1.4,61,0.0163934
whole/mujoco,0.4,1.5,47,0
whole/mujoco,0.4,1.6,36,0
whole/mujoco,0.4,1.7,24,0
whole/mujoco,0.4,1.8,14,0
whole/mujoco,0.4,1.9,3,0
whole/mujoco,0.5,-0.1,5,0
whole/mujoco,0.5,0,14,0
whole/mujoco,0.5,0.1,29,0
whole/mujoco,0.5,0.2,44,0
whole/mujoco,0.5,0.3,58,0
whole/mujoco,0.5,0.4,76,0
whole/mujoco,0.5,0.5,92,0
whole/mujoco,0.5,0.6,114,0
whole/mujoco,0.5,0.7,125,0
whole/mujoco,0.5,0.8,132,0
whole/mujoco,0.5,0.9,132,0.00757576
whole/mujoco,0.5,1,128,0
whole/mujoco,0.5,1.1,119,0
whole/mujoco,0.5,1.2,103,0
whole/mujoco,0.5,1.3,88,0
whole/mujoco,0.5,1.4,75,0
whole/mujoco,0.5,1.5,57,0
whole/mujoco,0.5,1.6,41,0
whole/mujoco,0.5,1.7,19,0
whole/mujoco,0.5,1.8,8,0
whole/mujoco,0.6,0,7,0
whole/mujoco,0.6,0.1,15,0
whole/mujoco,0.6,0.2,27,0
whole/mujoco,0.6,0.3,38,0
whole/mujoco,0.6,0.4,50,0
whole/mujoco,0.6,0.5,61,0
whole/mujoco,0.6,0.6,78,0
whole/mujoco,0.6,0.7,87,0
whole/mujoco,0.6,0.8,91,0
whole/mujoco,0.6,0.9,91,0
whole/mujoco,0.6,1,91,0
whole/mujoco,0.6,1.1,84,0.0119048
whole/mujoco,0.6,1.2,76,0
whole/mujoco,0.6,1.3,64,0
whole/mujoco,0.6,1.4,53,0
whole/mujoco,0.6,1.5,41,0
whole/mujoco,0.6,1.6,30,0
whole/mujoco,0.6,1.7,13,0
whole/mujoco,0.6,1.8,4,0
whole/mujoco,0.7,0.1,3,0
whole/mujoco,0.7,0.2,13,0
whole/mujoco,0.7,0.3,18,0
whole/mujoco,0.7,0.4,24,0
whole/mujoco,0.7,0.5,30,0
whole/mujoco,0.7,0.6,41,0
whole/mujoco,0.7,0.7,43,0
whole/mujoco,0.7,0.8,43,0
whole/mujoco,0.7,0.9,43,0
whole/mujoco,0.7,1,43,0
whole/mujoco,0.7,1.1,43,0
whole/mujoco,0.7,1.2,40,0
whole/mujoco,0.7,1.3,30,0
whole/mujoco,0.7,1.4,25,0
whole/mujoco,0.7,1.5,19,0
whole/mujoco,0.7,1.6,13,0
whole/mujoco,0.7,1.7,2,0
whole/mujoco,0.8,0.3,1,0
whole/mujoco,0.8,0.4,2,0
whole/mujoco,0.8,0.5,2,0
whole/mujoco,0.8,0.6,2,0
whole/mujoco,0.8,0.7,2,0
whole/mujoco,0.8,0.8,2,0
whole/mujoco,0.8,0.9,2,0
whole/mujoco,0.8,1,2,0
whole/mujoco,0.8,1.1,2,0
whole/mujoco,0.8,1.2,2,0
whole/mujoco,0.8,1.3,2,0
whole/mujoco,0.8,1.4,1,0
