step,transitions,depth_level,reach_rate,crouch_reach_rate,goal_position_error_cm,goal_orientation_error_rad,best_error_cm,pelvis_drop_cm,target_drop_cm,walk_error_m_s,falls
24,98304,0,nan,nan,nan,nan,nan,nan,nan,nan,0
48,196608,0,nan,nan,nan,nan,nan,nan,nan,0.768547,0.000142415
72,294912,0,nan,nan,nan,nan,nan,nan,nan,0.761948,0.237752
96,393216,0,nan,nan,nan,nan,nan,nan,nan,0.686605,0.791229
120,491520,0,nan,nan,nan,nan,nan,nan,nan,0.693018,0.964905
144,589824,0,nan,nan,nan,nan,nan,nan,nan,0.73215,0.995087
168,688128,0,nan,nan,nan,nan,nan,nan,nan,0.69835,0.999257
192,786432,0,nan,nan,nan,nan,nan,nan,nan,0.703089,0.999776
216,884736,0,nan,nan,nan,nan,nan,nan,nan,0.728405,1
240,983040,0,nan,nan,nan,nan,nan,nan,nan,0.713726,1
264,1081344,0,nan,nan,nan,nan,nan,nan,nan,0.70989,1
288,1179648,0,nan,nan,nan,nan,nan,nan,nan,0.713872,1
312,1277952,0,nan,nan,nan,nan,nan,nan,nan,0.719451,1
336,1376256,0,nan,nan,nan,nan,nan,nan,nan,0.725148,1
360,1474560,0,nan,nan,nan,nan,nan,nan,nan,0.721222,1
384,1572864,0,nan,nan,nan,nan,nan,nan,nan,0.709046,1
408,1671168,0,nan,nan,nan,nan,nan,nan,nan,0.713788,1
432,1769472,0,nan,nan,nan,nan,nan,nan,nan,0.726312,1
456,1867776,0,nan,nan,nan,nan,nan,nan,nan,0.719106,1
480,1966080,0,nan,nan,nan,nan,nan,nan,nan,0.716431,1
504,2064384,0,nan,nan,nan,nan,nan,nan,nan,0.71261,1
528,2162688,0,nan,nan,nan,nan,nan,nan,nan,0.721583,1
552,2260992,0,nan,nan,nan,nan,nan,nan,nan,0.71966,1
576,2359296,0,nan,nan,nan,nan,nan,nan,nan,0.720654,1
600,2457600,0,nan,nan,nan,nan,nan,nan,nan,0.717325,1
624,2555904,0,nan,nan,nan,nan,nan,nan,nan,0.730604,1
648,2654208,0,nan,nan,nan,nan,nan,nan,nan,0.721447,1
672,2752512,0,nan,nan,nan,nan,nan,nan,nan,0.729312,1
696,2850816,0,nan,nan,nan,nan,nan,nan,nan,0.722425,1
720,2949120,0,nan,nan,nan,nan,nan,nan,nan,0.719503,1
744,3047424,0,nan,nan,nan,nan,nan,nan,nan,0.715327,1
768,3145728,0,nan,nan,nan,nan,nan,nan,nan,0.713608,1
792,3244032,0,nan,nan,nan,nan,nan,nan,nan,0.720237,1
816,3342336,0,nan,nan,nan,nan,nan,nan,nan,0.715295,1
840,3440640,0,nan,nan,nan,nan,nan,nan,nan,0.705498,1
864,3538944,0,nan,nan,nan,nan,nan,nan,nan,0.71141,1
888,3637248,0,nan,nan,nan,nan,nan,nan,nan,0.714699,1
912,3735552,0,nan,nan,nan,nan,nan,nan,nan,0.727366,1
936,3833856,0,nan,nan,nan,nan,nan,nan,nan,0.712326,1
960,3932160,0,nan,nan,nan,nan,nan,nan,nan,0.70642,1
984,4030464,0,nan,nan,nan,nan,nan,nan,nan,0.708808,1
1008,4128768,0,nan,nan,nan,nan,nan,nan,nan,0.697103,1
1032,4227072,0,nan,nan,nan,nan,nan,nan,nan,0.707572,1
1056,4325376,0,nan,nan,nan,nan,nan,nan,nan,0.709617,1
1080,4423680,0,nan,nan,nan,nan,nan,nan,nan,0.702779,1
1104,4521984,0,nan,nan,nan,nan,nan,nan,nan,0.700324,1
1128,4620288,0,nan,nan,nan,nan,nan,nan,nan,0.686603,1
1152,4718592,0,nan,nan,nan,nan,nan,nan,nan,0.706662,1
1176,4816896,0,nan,nan,nan,nan,nan,nan,nan,0.699261,1
1200,4915200,0,nan,nan,nan,nan,nan,nan,nan,0.698948,1
1224,5013504,0,nan,nan,nan,nan,nan,nan,nan,0.705198,1
1248,5111808,0,nan,nan,nan,nan,nan,nan,nan,0.700693,1
1272,5210112,0,nan,nan,nan,nan,nan,nan,nan,0.707818,1
1296,5308416,0,nan,nan,nan,nan,nan,nan,nan,0.702784,1
1320,5406720,0,nan,nan,nan,nan,nan,nan,nan,0.701741,1
1344,5505024,0,nan,nan,nan,nan,nan,nan,nan,0.702664,1
1368,5603328,0,nan,nan,nan,nan,nan,nan,nan,0.695937,1
1392,5701632,0,nan,nan,nan,nan,nan,nan,nan,0.695753,1
1416,5799936,0,nan,nan,nan,nan,nan,nan,nan,0.699127,1
1440,5898240,0,nan,nan,nan,nan,nan,nan,nan,0.710641,1
1464,5996544,0,nan,nan,nan,nan,nan,nan,nan,0.700792,1
1488,6094848,0,nan,nan,nan,nan,nan,nan,nan,0.711773,1
1512,6193152,0,nan,nan,nan,nan,nan,nan,nan,0.701665,1
1536,6291456,0,nan,nan,nan,nan,nan,nan,nan,0.692463,1
1560,6389760,0,nan,nan,nan,nan,nan,nan,nan,0.69708,1
1584,6488064,0,nan,nan,nan,nan,nan,nan,nan,0.682151,1
1608,6586368,0,nan,nan,nan,nan,nan,nan,nan,0.702098,1
1632,6684672,0,nan,nan,nan,nan,nan,nan,nan,0.705492,1
1656,6782976,0,nan,nan,nan,nan,nan,nan,nan,0.68804,1
1680,6881280,0,nan,nan,nan,nan,nan,nan,nan,0.692831,1
1704,6979584,0,nan,nan,nan,nan,nan,nan,nan,0.688397,1
1728,7077888,0,nan,nan,nan,nan,nan,nan,nan,0.692394,1
1752,7176192,0,nan,nan,nan,nan,nan,nan,nan,0.700893,1
1776,7274496,0,nan,nan,nan,nan,nan,nan,nan,0.691557,1
1800,7372800,0,nan,nan,nan,nan,nan,nan,nan,0.699498,1
1824,7471104,0,nan,nan,nan,nan,nan,nan,nan,0.695072,1
1848,7569408,0,nan,nan,nan,nan,nan,nan,nan,0.693963,1
1872,7667712,0,nan,nan,nan,nan,nan,nan,nan,0.688874,1
1896,7766016,0,nan,nan,nan,nan,nan,nan,nan,0.684882,1
1920,7864320,0,nan,nan,nan,nan,nan,nan,nan,0.699404,1
1944,7962624,0,nan,nan,nan,nan,nan,nan,nan,0.705706,1
1968,8060928,0,nan,nan,nan,nan,nan,nan,nan,0.699067,1
1992,8159232,0,nan,nan,nan,nan,nan,nan,nan,0.698996,1
2016,8257536,0,nan,nan,nan,nan,nan,nan,nan,0.697116,1
2040,8355840,0,nan,nan,nan,nan,nan,nan,nan,0.699472,1
2064,8454144,0,nan,nan,nan,nan,nan,nan,nan,0.705766,1
2088,8552448,0,nan,nan,nan,nan,nan,nan,nan,0.705931,1
2112,8650752,0,nan,nan,nan,nan,nan,nan,nan,0.704713,1
2136,8749056,0,nan,nan,nan,nan,nan,nan,nan,0.70038,1
2160,8847360,0,nan,nan,nan,nan,nan,nan,nan,0.711774,1
2184,8945664,0,nan,nan,nan,nan,nan,nan,nan,0.705049,1
2208,9043968,0,nan,nan,nan,nan,nan,nan,nan,0.696964,1
2232,9142272,0,nan,nan,nan,nan,nan,nan,nan,0.701616,1
2256,9240576,0,nan,nan,nan,nan,nan,nan,nan,0.697868,1
2280,9338880,0,nan,nan,nan,nan,nan,nan,nan,0.709536,1
2304,9437184,0,nan,nan,nan,nan,nan,nan,nan,0.701562,1
2328,9535488,0,nan,nan,nan,nan,nan,nan,nan,0.701471,1
2352,9633792,0,nan,nan,nan,nan,nan,nan,nan,0.698523,1
2376,9732096,0,nan,nan,nan,nan,nan,nan,nan,0.717348,1
2400,9830400,0,nan,nan,nan,nan,nan,nan,nan,0.693919,1
2424,9928704,0,nan,nan,nan,nan,nan,nan,nan,0.698396,1
2448,10027008,0,nan,nan,nan,nan,nan,nan,nan,0.708555,1
2472,10125312,0,nan,nan,nan,nan,nan,nan,nan,0.697806,1
2496,10223616,0,nan,nan,nan,nan,nan,nan,nan,0.712218,1
2520,10321920,0,nan,nan,nan,nan,nan,nan,nan,0.69837,1
2544,10420224,0,nan,nan,nan,nan,nan,nan,nan,0.712571,1
2568,10518528,0,nan,nan,nan,nan,nan,nan,nan,0.701954,1
2592,10616832,0,nan,nan,nan,nan,nan,nan,nan,0.702424,1
2616,10715136,0,nan,nan,nan,nan,nan,nan,nan,0.69487,1
2640,10813440,0,nan,nan,nan,nan,nan,nan,nan,0.690673,1
2664,10911744,0,nan,nan,nan,nan,nan,nan,nan,0.687025,1
2688,11010048,0,nan,nan,nan,nan,nan,nan,nan,0.682359,1
2712,11108352,0,nan,nan,nan,nan,nan,nan,nan,0.692649,1
2736,11206656,0,nan,nan,nan,nan,nan,nan,nan,0.681488,1
2760,11304960,0,nan,nan,nan,nan,nan,nan,nan,0.666314,1
2784,11403264,0,nan,nan,nan,nan,nan,nan,nan,0.669629,1
2808,11501568,0,nan,nan,nan,nan,nan,nan,nan,0.677055,1
2832,11599872,0,nan,nan,nan,nan,nan,nan,nan,0.669541,1
2856,11698176,0,nan,nan,nan,nan,nan,nan,nan,0.665811,1
2880,11796480,0,nan,nan,nan,nan,nan,nan,nan,0.690435,1
2904,11894784,0,nan,nan,nan,nan,nan,nan,nan,0.680182,1
2928,11993088,0,nan,nan,nan,nan,nan,nan,nan,0.676663,1
2952,12091392,0,nan,nan,nan,nan,nan,nan,nan,0.688403,1
2976,12189696,0,nan,nan,nan,nan,nan,nan,nan,0.680305,1
3000,12288000,0,nan,nan,nan,nan,nan,nan,nan,0.682452,1
3024,12386304,0,nan,nan,nan,nan,nan,nan,nan,0.641357,1
3048,12484608,0,nan,nan,nan,nan,nan,nan,nan,0.656812,1
3072,12582912,0,nan,nan,nan,nan,nan,nan,nan,0.657915,1
3096,12681216,0,nan,nan,nan,nan,nan,nan,nan,0.648125,1
3120,12779520,0,nan,nan,nan,nan,nan,nan,nan,0.652659,1
3144,12877824,0,nan,nan,nan,nan,nan,nan,nan,0.627328,1
3168,12976128,0,nan,nan,nan,nan,nan,nan,nan,0.634491,1
3192,13074432,0,nan,nan,nan,nan,nan,nan,nan,0.63386,1
3216,13172736,0,nan,nan,nan,nan,nan,nan,nan,0.626799,1
3240,13271040,0,nan,nan,nan,nan,nan,nan,nan,0.614278,1
3264,13369344,0,nan,nan,nan,nan,nan,nan,nan,0.626698,1
3288,13467648,0,nan,nan,nan,nan,nan,nan,nan,0.61148,1
3312,13565952,0,nan,nan,nan,nan,nan,nan,nan,0.615708,1
3336,13664256,0,nan,nan,nan,nan,nan,nan,nan,0.607977,1
3360,13762560,0,nan,nan,nan,nan,nan,nan,nan,0.619248,1
3384,13860864,0,nan,nan,nan,nan,nan,nan,nan,0.577912,1
3408,13959168,0,nan,nan,nan,nan,nan,nan,nan,0.571551,1
3432,14057472,0,nan,nan,nan,nan,nan,nan,nan,0.556378,1
3456,14155776,0,nan,nan,nan,nan,nan,nan,nan,0.56416,1
3480,14254080,0,nan,nan,nan,nan,nan,nan,nan,0.563778,1
3504,14352384,0,nan,nan,nan,nan,nan,nan,nan,0.55609,1
3528,14450688,0,nan,nan,nan,nan,nan,nan,nan,0.55646,1
3552,14548992,0,nan,nan,nan,nan,nan,nan,nan,0.547475,1
3576,14647296,0,nan,nan,nan,nan,nan,nan,nan,0.558486,1
3600,14745600,0,nan,nan,nan,nan,nan,nan,nan,0.564632,1
3624,14843904,0,nan,nan,nan,nan,nan,nan,nan,0.53498,1
3648,14942208,0,nan,nan,nan,nan,nan,nan,nan,0.54308,1
3672,15040512,0,nan,nan,nan,nan,nan,nan,nan,0.52777,1
3696,15138816,0,nan,nan,nan,nan,nan,nan,nan,0.529118,1
3720,15237120,0,nan,nan,nan,nan,nan,nan,nan,0.532968,0.999898
3744,15335424,0,nan,nan,nan,nan,nan,nan,nan,0.524034,0.999644
3768,15433728,0,nan,nan,nan,nan,nan,nan,nan,0.530446,0.9994
3792,15532032,0,nan,nan,nan,nan,nan,nan,nan,0.480742,0.998301
3816,15630336,0,nan,nan,nan,nan,nan,nan,nan,0.51401,0.997223
3840,15728640,0,nan,nan,nan,nan,nan,nan,nan,0.482613,0.996195
3864,15826944,0,nan,nan,nan,nan,nan,nan,nan,0.512939,0.994059
3888,15925248,0,nan,nan,nan,nan,nan,nan,nan,0.487999,0.991577
3912,16023552,0,nan,nan,nan,nan,nan,nan,nan,0.516552,0.9876
3936,16121856,0,nan,nan,nan,nan,nan,nan,nan,0.449175,0.984151
3960,16220160,0,nan,nan,nan,nan,nan,nan,nan,0.488384,0.980164
3984,16318464,0,nan,nan,nan,nan,nan,nan,nan,0.452861,0.97231
4008,16416768,0,nan,nan,nan,nan,nan,nan,nan,0.454934,0.962036
4032,16515072,0,nan,nan,nan,nan,nan,nan,nan,0.433094,0.950623
4056,16613376,0,nan,nan,nan,nan,nan,nan,nan,0.457475,0.935944
4080,16711680,0,nan,nan,nan,nan,nan,nan,nan,0.447253,0.920776
4104,16809984,0,nan,nan,nan,nan,nan,nan,nan,0.422865,0.906352
4128,16908288,0,nan,nan,nan,nan,nan,nan,nan,0.475719,0.889801
4152,17006592,0,nan,nan,nan,nan,nan,nan,nan,0.411912,0.873454
4176,17104896,0,nan,nan,nan,nan,nan,nan,nan,0.410313,0.855509
4200,17203200,0,nan,nan,nan,nan,nan,nan,nan,0.407493,0.835673
4224,17301504,0,nan,nan,nan,nan,nan,nan,nan,0.402864,0.814524
4248,17399808,0,nan,nan,nan,nan,nan,nan,nan,0.417223,0.796906
4272,17498112,0,nan,nan,nan,nan,nan,nan,nan,0.410004,0.780385
4296,17596416,0,nan,nan,nan,nan,nan,nan,nan,0.381049,0.762929
4320,17694720,0,nan,nan,nan,nan,nan,nan,nan,0.393887,0.742798
4344,17793024,0,nan,nan,nan,nan,nan,nan,nan,0.404171,0.724141
4368,17891328,0,nan,nan,nan,nan,nan,nan,nan,0.391584,0.705434
4392,17989632,0,nan,nan,nan,nan,nan,nan,nan,0.367493,0.681844
4416,18087936,0,nan,nan,nan,nan,nan,nan,nan,0.387485,0.658895
4440,18186240,0,nan,nan,nan,nan,nan,nan,nan,0.388003,0.633962
4464,18284544,0,nan,nan,nan,nan,nan,nan,nan,0.369993,0.606689
4488,18382848,0,nan,nan,nan,nan,nan,nan,nan,0.372957,0.584086
4512,18481152,0,nan,nan,nan,nan,nan,nan,nan,0.374265,0.555827
4536,18579456,0,nan,nan,nan,nan,nan,nan,nan,0.372866,0.526632
4560,18677760,0,nan,nan,nan,nan,nan,nan,nan,0.368178,0.499736
4584,18776064,0,nan,nan,nan,nan,nan,nan,nan,0.362784,0.47052
4608,18874368,0,nan,nan,nan,nan,nan,nan,nan,0.362094,0.443522
4632,18972672,0,nan,nan,nan,nan,nan,nan,nan,0.365316,0.420583
4656,19070976,0,nan,nan,nan,nan,nan,nan,nan,0.355278,0.402781
4680,19169280,0,nan,nan,nan,nan,nan,nan,nan,0.376026,0.386007
4704,19267584,0,nan,nan,nan,nan,nan,nan,nan,0.35204,0.373159
4728,19365888,0,nan,nan,nan,nan,nan,nan,nan,0.350015,0.361867
4752,19464192,0,nan,nan,nan,nan,nan,nan,nan,0.358782,0.350393
4776,19562496,0,nan,nan,nan,nan,nan,nan,nan,0.356613,0.336304
4800,19660800,0,nan,nan,nan,nan,nan,nan,nan,0.369379,0.322906
4824,19759104,0,nan,nan,nan,nan,nan,nan,nan,0.355536,0.312429
4848,19857408,0,nan,nan,nan,nan,nan,nan,nan,0.348349,0.301931
4872,19955712,0,nan,nan,nan,nan,nan,nan,nan,0.343102,0.292084
4896,20054016,0,nan,nan,nan,nan,nan,nan,nan,0.34399,0.283824
4920,20152320,0,nan,nan,nan,nan,nan,nan,nan,0.343319,0.275696
4944,20250624,0,nan,nan,nan,nan,nan,nan,nan,0.341001,0.27006
4968,20348928,0,nan,nan,nan,nan,nan,nan,nan,0.34998,0.260468
4992,20447232,0,nan,nan,nan,nan,nan,nan,nan,0.345583,0.24824
5016,20545536,0,nan,nan,nan,nan,nan,nan,nan,0.324004,0.238719
5040,20643840,0,nan,nan,nan,nan,nan,nan,nan,0.335827,0.232391
5064,20742144,0,nan,nan,nan,nan,nan,nan,nan,0.32421,0.224935
5088,20840448,0,nan,nan,nan,nan,nan,nan,nan,0.325584,0.216543
5112,20938752,0,nan,nan,nan,nan,nan,nan,nan,0.320349,0.20811
5136,21037056,0,nan,nan,nan,nan,nan,nan,nan,0.330054,0.1999
5160,21135360,0,nan,nan,nan,nan,nan,nan,nan,0.325192,0.192108
5184,21233664,0,nan,nan,nan,nan,nan,nan,nan,0.335946,0.184723
5208,21331968,0,nan,nan,nan,nan,nan,nan,nan,0.318071,0.178426
5232,21430272,0,nan,nan,nan,nan,nan,nan,nan,0.325498,0.169942
5256,21528576,0,nan,nan,nan,nan,nan,nan,nan,0.326694,0.164124
5280,21626880,0,nan,nan,nan,nan,nan,nan,nan,0.32596,0.159465
5304,21725184,0,nan,nan,nan,nan,nan,nan,nan,0.326256,0.155029
5328,21823488,0,nan,nan,nan,nan,nan,nan,nan,0.325062,0.151255
5352,21921792,0,nan,nan,nan,nan,nan,nan,nan,0.323838,0.146189
5376,22020096,0,nan,nan,nan,nan,nan,nan,nan,0.315486,0.140635
5400,22118400,0,nan,nan,nan,nan,nan,nan,nan,0.316992,0.137146
5424,22216704,0,nan,nan,nan,nan,nan,nan,nan,0.328789,0.132762
5448,22315008,0,nan,nan,nan,nan,nan,nan,nan,0.316487,0.128428
5472,22413312,0,nan,nan,nan,nan,nan,nan,nan,0.328912,0.123566
5496,22511616,0,nan,nan,nan,nan,nan,nan,nan,0.314759,0.119598
5520,22609920,0,nan,nan,nan,nan,nan,nan,nan,0.325512,0.116455
5544,22708224,0,nan,nan,nan,nan,nan,nan,nan,0.324938,0.113475
5568,22806528,0,nan,nan,nan,nan,nan,nan,nan,0.322268,0.111328
5592,22904832,0,nan,nan,nan,nan,nan,nan,nan,0.323659,0.108978
5616,23003136,0,nan,nan,nan,nan,nan,nan,nan,0.311812,0.10557
5640,23101440,0,nan,nan,nan,nan,nan,nan,nan,0.319245,0.102844
5664,23199744,0,nan,nan,nan,nan,nan,nan,nan,0.323559,0.100759
5688,23298048,0,nan,nan,nan,nan,nan,nan,nan,0.302677,0.0964355
5712,23396352,0,nan,nan,nan,nan,nan,nan,nan,0.332508,0.0923564
5736,23494656,0,nan,nan,nan,nan,nan,nan,nan,0.316067,0.0882365
5760,23592960,0,nan,nan,nan,nan,nan,nan,nan,0.330454,0.0861816
5784,23691264,0,nan,nan,nan,nan,nan,nan,nan,0.308816,0.0835775
5808,23789568,0,nan,nan,nan,nan,nan,nan,nan,0.328559,0.081248
5832,23887872,0,nan,nan,nan,nan,nan,nan,nan,0.310122,0.0779724
5856,23986176,0,nan,nan,nan,nan,nan,nan,nan,0.331226,0.0753276
5880,24084480,0,nan,nan,nan,nan,nan,nan,nan,0.32214,0.0731099
5904,24182784,0,nan,nan,nan,nan,nan,nan,nan,0.319498,0.0731913
5928,24281088,0,nan,nan,nan,nan,nan,nan,nan,0.334547,0.0725403
5952,24379392,0,nan,nan,nan,nan,nan,nan,nan,0.303728,0.0708008
5976,24477696,0,nan,nan,nan,nan,nan,nan,nan,0.308934,0.0701904
6000,24576000,0,nan,nan,nan,nan,nan,nan,nan,0.309695,0.0697123
6024,24674304,0,nan,nan,nan,nan,nan,nan,nan,0.31349,0.0696716
6048,24772608,0,nan,nan,nan,nan,nan,nan,nan,0.304674,0.0688578
6072,24870912,0,nan,nan,nan,nan,nan,nan,nan,0.305186,0.0683492
6096,24969216,0,nan,nan,nan,nan,nan,nan,nan,0.313996,0.0687561
6120,25067520,0,nan,nan,nan,nan,nan,nan,nan,0.305985,0.0682577
6144,25165824,0,nan,nan,nan,nan,nan,nan,nan,0.326236,0.0670064
6168,25264128,0,nan,nan,nan,nan,nan,nan,nan,0.317373,0.0664368
6192,25362432,0,nan,nan,nan,nan,nan,nan,nan,0.312632,0.0658468
6216,25460736,0,nan,nan,nan,nan,nan,nan,nan,0.311034,0.0654297
6240,25559040,0,nan,nan,nan,nan,nan,nan,nan,0.294449,0.0647278
6264,25657344,0,nan,nan,nan,nan,nan,nan,nan,0.302007,0.0635274
6288,25755648,0,nan,nan,nan,nan,nan,nan,nan,0.286956,0.0614827
6312,25853952,0,nan,nan,nan,nan,nan,nan,nan,0.329972,0.0611064
6336,25952256,0,nan,nan,nan,nan,nan,nan,nan,0.306714,0.0608317
6360,26050560,0,nan,nan,nan,nan,nan,nan,nan,0.308588,0.0599772
6384,26148864,0,nan,nan,nan,nan,nan,nan,nan,0.302481,0.0591125
6408,26247168,0,nan,nan,nan,nan,nan,nan,nan,0.295324,0.0578003
6432,26345472,0,nan,nan,nan,nan,nan,nan,nan,0.305229,0.0568441
6456,26443776,0,nan,nan,nan,nan,nan,nan,nan,0.315116,0.0564067
6480,26542080,0,nan,nan,nan,nan,nan,nan,nan,0.307169,0.0560811
6504,26640384,0,nan,nan,nan,nan,nan,nan,nan,0.307871,0.0563863
6528,26738688,0,nan,nan,nan,nan,nan,nan,nan,0.308392,0.056193
6552,26836992,0,nan,nan,nan,nan,nan,nan,nan,0.301793,0.0561422
6576,26935296,0,nan,nan,nan,nan,nan,nan,nan,0.306853,0.0562032
6600,27033600,0,nan,nan,nan,nan,nan,nan,nan,0.310665,0.0558268
6624,27131904,0,nan,nan,nan,nan,nan,nan,nan,0.306783,0.0556742
6648,27230208,0,nan,nan,nan,nan,nan,nan,nan,0.326415,0.0547384
6672,27328512,0,nan,nan,nan,nan,nan,nan,nan,0.314582,0.0550537
6696,27426816,0,nan,nan,nan,nan,nan,nan,nan,0.31801,0.0548503
6720,27525120,0,nan,nan,nan,nan,nan,nan,nan,0.298565,0.0551554
6744,27623424,0,nan,nan,nan,nan,nan,nan,nan,0.318437,0.0560099
6768,27721728,0,nan,nan,nan,nan,nan,nan,nan,0.310643,0.055186
6792,27820032,0,nan,nan,nan,nan,nan,nan,nan,0.301753,0.0544841
6816,27918336,0,nan,nan,nan,nan,nan,nan,nan,0.311896,0.0538839
6840,28016640,0,nan,nan,nan,nan,nan,nan,nan,0.302228,0.0542399
6864,28114944,0,nan,nan,nan,nan,nan,nan,nan,0.292123,0.0533244
6888,28213248,0,nan,nan,nan,nan,nan,nan,nan,0.289665,0.0525513
6912,28311552,0,nan,nan,nan,nan,nan,nan,nan,0.330368,0.0527039
6936,28409856,0,nan,nan,nan,nan,nan,nan,nan,0.289673,0.0524089
6960,28508160,0,nan,nan,nan,nan,nan,nan,nan,0.298595,0.0524902
6984,28606464,0,nan,nan,nan,nan,nan,nan,nan,0.309335,0.0531209
7008,28704768,0,nan,nan,nan,nan,nan,nan,nan,0.317242,0.0531413
7032,28803072,0,nan,nan,nan,nan,nan,nan,nan,0.314674,0.0526632
7056,28901376,0,nan,nan,nan,nan,nan,nan,nan,0.299979,0.0533651
7080,28999680,0,nan,nan,nan,nan,nan,nan,nan,0.290899,0.0531514
7104,29097984,0,nan,nan,nan,nan,nan,nan,nan,0.309669,0.0530802
7128,29196288,0,nan,nan,nan,nan,nan,nan,nan,0.291726,0.0532023
7152,29294592,0,nan,nan,nan,nan,nan,nan,nan,0.30058,0.0527547
7176,29392896,0,nan,nan,nan,nan,nan,nan,nan,0.315058,0.0524394
7200,29491200,0,nan,nan,nan,nan,nan,nan,nan,0.299177,0.0520732
7224,29589504,0,nan,nan,nan,nan,nan,nan,nan,0.3014,0.0518188
7248,29687808,0,nan,nan,nan,nan,nan,nan,nan,0.298734,0.0530497
7272,29786112,0,nan,nan,nan,nan,nan,nan,nan,0.303973,0.0538839
7296,29884416,0,nan,nan,nan,nan,nan,nan,nan,0.300573,0.0539754
7320,29982720,0,nan,nan,nan,nan,nan,nan,nan,0.302439,0.0534465
7344,30081024,0,nan,nan,nan,nan,nan,nan,nan,0.299861,0.0538432
7368,30179328,0,nan,nan,nan,nan,nan,nan,nan,0.289348,0.0541077
7392,30277632,0,nan,nan,nan,nan,nan,nan,nan,0.297368,0.0539856
7416,30375936,0,nan,nan,46.3842,1.37997,nan,3.7537,0,0.28301,0.0543009
7440,30474240,0,nan,nan,52.8585,1.43106,nan,18.4154,0,0.283751,0.0569763
7464,30572544,0,nan,nan,55.4162,1.42538,nan,18.6675,0,0.295181,0.0690409
7488,30670848,0,nan,nan,48.3463,1.18807,nan,16.5506,0,0.305095,0.0904134
7512,30769152,0,nan,nan,50.4581,1.15025,nan,14.4959,0,0.290243,0.123942
7536,30867456,0,nan,nan,47.8854,1.09488,nan,14.5082,0,0.289728,0.16334
7560,30965760,0,nan,nan,51.2339,1.16557,nan,14.8536,0,0.29808,0.200399
7584,31064064,0,nan,nan,48.2442,1.04552,nan,13.5961,0,0.277329,0.239655
7608,31162368,0,nan,nan,49.5515,1.10115,nan,13.7039,0,0.295118,0.284983
7632,31260672,0,nan,nan,50.347,1.08278,nan,14.7086,0,0.29172,0.326202
7656,31358976,0,nan,nan,50.581,1.1446,nan,13.5682,0,0.283738,0.367767
7680,31457280,0,0,nan,48.7225,1.09338,22.2665,13.2687,0,0.281143,0.400411
7704,31555584,0,nan,nan,48.3921,1.10861,nan,13.7014,0,0.278765,0.432414
7728,31653888,0,nan,nan,49.4983,1.091,nan,13.5367,0,0.299315,0.46523
7752,31752192,0,0,nan,50.4559,1.09121,25.4979,12.6852,0,0.293116,0.499908
7776,31850496,0,0,nan,48.0796,1.04797,21.0959,12.6941,0,0.310594,0.528402
7800,31948800,0,0,nan,48.5156,1.06869,30.2876,12.6418,0,0.297582,0.556864
7824,32047104,0,0,nan,48.6562,1.09466,21.6901,13.793,0,0.294164,0.582448
7848,32145408,0,0,nan,49.5557,1.10154,12.571,12.9039,0,0.269095,0.606344
7872,32243712,0,nan,nan,48.4185,1.05448,nan,12.9318,0,0.286332,0.627696
7896,32342016,0,0,nan,50.2585,1.0451,21.1164,12.7924,0,0.293796,0.647369
7920,32440320,0,0,nan,50.2765,1.05606,20.171,13.4089,0,0.290857,0.664235
7944,32538624,0,0,nan,51.0374,1.10393,17.4544,13.355,0,0.284032,0.679637
7968,32636928,0,0,nan,50.3567,1.06065,12.154,13.6846,0,0.272406,0.694051
7992,32735232,0,nan,nan,48.8458,1.08714,nan,13.2801,0,0.294013,0.710103
8016,32833536,0,0,nan,50.5484,1.06655,25.406,13.0251,0,0.295013,0.726593
8040,32931840,0,0,nan,48.846,1.07218,18.4787,13.2368,0,0.302264,0.740733
8064,33030144,0,0,nan,49.0869,1.061,25.2079,12.7561,0,0.287318,0.754039
8088,33128448,0,0,nan,49.2658,1.03889,21.4656,12.7774,0,0.283855,0.768758
8112,33226752,0,0,nan,48.4329,1.06431,24.7404,12.2913,0,0.297305,0.782674
8136,33325056,0,0,nan,48.1984,1.05307,28.422,12.2796,0,0.290032,0.7948
8160,33423360,0,0,nan,48.6083,1.0676,9.43061,12.7724,0,0.293414,0.804301
8184,33521664,0,0,nan,48.2733,1.04728,11.3082,12.473,0,0.298357,0.813588
8208,33619968,0,nan,nan,50.1433,1.1339,nan,13.9911,0,0.295809,0.822327
8232,33718272,0,nan,nan,48.7086,1.10008,nan,13.0667,0,0.298116,0.830892
8256,33816576,0,0,nan,50.7655,1.13841,19.5726,12.7779,0,0.306601,0.841949
8280,33914880,0,0,nan,48.2167,1.04293,20.2165,12.2639,0,0.28375,0.852509
8304,34013184,0,0,nan,49.1929,1.07002,23.8007,13.0517,0,0.307134,0.860423
8328,34111488,0,0,nan,51.1807,1.06518,18.791,12.5354,0,0.288334,0.868388
8352,34209792,0,0,nan,48.9467,1.10404,13.0174,12.7824,0,0.279413,0.87619
8376,34308096,0,0,nan,50.2586,1.11084,16.7872,13.1891,0,0.285377,0.883535
8400,34406400,0,0,nan,47.9649,1.03992,17.8457,12.3576,0,0.288687,0.889211
8424,34504704,0,0,nan,50.275,1.07634,21.1725,11.8322,0,0.302501,0.895579
8448,34603008,0,0,nan,49.9546,1.05414,7.16604,12.2364,0,0.290307,0.90153
8472,34701312,0,0,nan,48.7157,1.07247,27.3174,12.2658,0,0.297413,0.907399
8496,34799616,0,0,nan,49.8238,1.10167,17.6781,12.0102,0,0.301247,0.910034
8520,34897920,0,0,nan,48.9174,1.06103,23.3577,12.2426,0,0.296736,0.910065
8544,34996224,0,0,nan,49.3765,1.07006,25.5264,12.427,0,0.294525,0.910614
8568,35094528,0,0,nan,49.0712,1.05037,18.3158,11.9878,0,0.291874,0.911835
8592,35192832,0,0,nan,48.6069,1.04603,14.1962,12.2222,0,0.295659,0.914642
8616,35291136,0,0,nan,51.9389,1.09451,16.4062,11.7493,0,0.290907,0.91449
8640,35389440,0,0,nan,49.7117,1.05013,22.1221,11.6099,0,0.303001,0.913584
8664,35487744,0,0,nan,49.6586,1.1001,18.385,11.7067,0,0.302674,0.912252
8688,35586048,0,0,nan,49.5955,1.08259,14.4278,12.1554,0,0.306012,0.910451
8712,35684352,0,0,nan,50.6609,1.10201,13.5358,12.4919,0,0.28818,0.911835
8736,35782656,0,0,nan,50.69,1.07923,17.9924,11.5368,0,0.277144,0.909617
8760,35880960,0,0,nan,49.7862,1.09007,11.5945,12.2081,0,0.303856,0.909566
8784,35979264,0,0,nan,51.503,1.09432,18.6264,11.767,0,0.291921,0.908071
8808,36077568,0,0,nan,49.1642,1.13319,19.5317,11.4641,0,0.293476,0.906291
8832,36175872,0,0,nan,50.3939,1.08959,15.1314,12.193,0,0.308288,0.905996
8856,36274176,0,0,nan,50.7435,1.08989,16.5595,11.9456,0,0.28095,0.907705
8880,36372480,0,0,nan,49.0536,1.09056,17.101,12.1588,0,0.29297,0.906779
8904,36470784,0,0,nan,49.6565,1.02661,21.7176,11.3588,0,0.302779,0.908498
8928,36569088,0,0,nan,50.6469,1.16124,22.0362,12.4351,0,0.298123,0.908864
8952,36667392,0,0,nan,51.4661,1.14295,17.331,12.6309,0,0.304916,0.910258
8976,36765696,0,0,nan,47.703,1.05069,15.4053,11.5037,0,0.285181,0.91154
9000,36864000,0,0,nan,51.2369,1.11198,18.8244,12.4912,0,0.291413,0.912282
9024,36962304,0,0,nan,49.2085,1.05396,21.8466,11.3021,0,0.302304,0.914785
9048,37060608,0,0,nan,49.2712,1.07991,18.649,11.6599,0,0.305881,0.915141
9072,37158912,0,0,nan,51.7126,1.10693,18.6778,11.284,0,0.294183,0.914001
9096,37257216,0,0,nan,51.2884,1.06455,20.1902,12.3803,0,0.315515,0.912262
9120,37355520,0,0,nan,48.5113,1.12882,16.998,12.1008,0,0.308474,0.910522
9144,37453824,0,0,nan,49.3927,1.09183,19.8763,11.4252,0,0.298695,0.910431
9168,37552128,0,0,nan,51.1697,1.07473,19.144,11.5665,0,0.34875,0.91096
9192,37650432,0,0,nan,53.898,1.01364,13.2533,11.2506,0,0.312036,0.911438
9216,37748736,0,0,nan,49.5373,1.11429,19.5518,11.7416,0,0.289405,0.91213
9240,37847040,0,0,nan,52.1556,1.10824,26.4715,11.7541,0,0.310549,0.912455
9264,37945344,0,0,nan,49.8096,1.10072,13.8952,11.3798,0,0.313853,0.910777
9288,38043648,0,0,nan,51.7756,1.11219,23.6267,11.7941,0,0.299555,0.90686
9312,38141952,0,0,nan,51.3997,1.05528,17.1349,10.9162,0,0.295811,0.90627
9336,38240256,0,0,nan,53.3085,1.11523,15.9301,11.173,0,0.294982,0.90686
9360,38338560,0,0,nan,49.7724,1.07625,21.344,10.7951,0,0.298527,0.907328
9384,38436864,0,0,nan,49.8741,1.10562,16.9901,11.0907,0,0.30845,0.906657
9408,38535168,0,0,nan,50.7356,1.09231,19.2179,11.2331,0,0.284607,0.905334
9432,38633472,0,0,nan,49.7296,1.0916,18.249,10.9837,0,0.329404,0.905986
9456,38731776,0,0,nan,49.9317,1.07571,21.7681,10.6765,0,0.300515,0.903534
9480,38830080,0,0,nan,51.0655,1.05138,19.0816,11.1408,0,0.294316,0.902425
9504,38928384,0,0,nan,49.2206,1.06431,21.3592,10.1138,0,0.309257,0.900208
9528,39026688,0,0,nan,50.1134,1.08238,18.1786,10.5412,0,0.308747,0.899902
9552,39124992,0,0,nan,50.7365,1.05141,20.2196,10.419,0,0.311143,0.897644
9576,39223296,0,0,nan,49.6485,1.04426,23.0794,9.76021,0,0.301608,0.897237
9600,39321600,0,0,nan,51.1281,1.09121,24.3216,11.0355,0,0.302827,0.895416
9624,39419904,0,0,nan,46.6446,1.0679,20.8284,10.8347,0,0.307089,0.895518
9648,39518208,0,0,nan,51.499,1.07268,20.3239,9.88827,0,0.301556,0.896149
9672,39616512,0,0,nan,50.6052,1.07319,19.0452,9.99094,0,0.310532,0.895701
9696,39714816,0,0,nan,50.5342,1.04671,19.3336,9.68107,0,0.306183,0.89561
9720,39813120,0,0,nan,50.3351,1.0854,19.829,10.7268,0,0.331834,0.895355
9744,39911424,0,0,nan,52.5388,1.08855,22.0687,10.4178,0,0.301601,0.894002
9768,40009728,0,0,nan,50.9786,1.07868,17.7688,10.117,0,0.312827,0.892883
9792,40108032,0,0,nan,50.8116,1.04087,22.5325,9.66883,0,0.287126,0.892212
9816,40206336,0,0,nan,51.9874,1.0698,19.779,9.76814,0,0.307672,0.889526
9840,40304640,0,0,nan,50.0292,1.05223,22.0658,9.63733,0,0.305617,0.886434
9864,40402944,0,0,nan,52.7731,1.05126,18.1533,10.6121,0,0.300729,0.885752
9888,40501248,0,0,nan,50.3859,1.07543,20.5995,9.92666,0,0.33113,0.886312
9912,40599552,0,0,nan,49.5402,1.11092,19.337,9.93653,0,0.31091,0.884572
9936,40697856,0,0,nan,50.1533,1.07501,22.221,10.0039,0,0.308264,0.883392
9960,40796160,0,0,nan,51.2776,1.0705,21.6826,9.59082,0,0.310195,0.885345
9984,40894464,0,0,nan,52.3073,1.0812,21.5823,9.58205,0,0.32629,0.885305
10008,40992768,0,0,nan,50.7333,1.02813,20.7575,9.31488,0,0.316994,0.886332
10032,41091072,0,0,nan,51.1797,1.03903,19.8005,9.60841,0,0.30253,0.88383
10056,41189376,0,0,nan,52.9051,1.07157,21.2085,9.50677,0,0.309413,0.883097
10080,41287680,0,0,nan,52.4092,1.08255,21.8911,9.625,0,0.324262,0.882416
10104,41385984,0,0,nan,50.9862,1.05283,19.8891,9.05559,0,0.312991,0.883036
10128,41484288,0,0,nan,51.9737,1.13267,21.6486,9.34112,0,0.330565,0.883128
10152,41582592,0,0,nan,49.5158,1.04286,19.2202,8.79437,0,0.322792,0.881755
10176,41680896,0,0,nan,49.3893,1.09886,19.7837,9.16726,0,0.315618,0.880412
10200,41779200,0,0,nan,51.6626,1.08018,19.0699,9.39826,0,0.301361,0.877065
10224,41877504,0,0,nan,53.568,1.08387,21.0626,9.21487,0,0.311232,0.876943
10248,41975808,0,0,nan,52.1536,1.06631,20.9613,8.65287,0,0.295655,0.8762
10272,42074112,0,0,nan,51.8254,1.04319,21.7244,8.51768,0,0.319512,0.87619
10296,42172416,0,0,nan,51.3657,1.12484,22.6073,9.3291,0,0.33349,0.875397
10320,42270720,0,0,nan,51.0776,1.02058,21.3019,8.42948,0,0.342089,0.87501
10344,42369024,0,0,nan,51.4172,1.04563,18.9138,8.5186,0,0.306164,0.871846
10368,42467328,0,0,nan,49.3736,1.08567,23.3331,9.45758,0,0.300702,0.868703
10392,42565632,0,0,nan,51.3281,1.02744,20.3199,8.71985,0,0.36846,0.867147
10416,42663936,0,0,nan,51.878,1.10317,22.0448,8.99672,0,0.322177,0.864329
10440,42762240,0,0,nan,48.3063,1.02945,19.2441,8.41697,0,0.311064,0.860148
10464,42860544,0,0,nan,50.8621,1.07569,22.0732,8.60904,0,0.329234,0.859304
10488,42958848,0,0,nan,47.5958,1.05446,19.0288,8.16994,0,0.319754,0.855255
10512,43057152,0,0,nan,47.9273,1.08172,20.6924,8.85411,0,0.295884,0.855062
10536,43155456,0,0,nan,49.8124,1.05576,20.4929,8.38309,0,0.318546,0.853597
10560,43253760,0,0,nan,50.3472,1.04278,22.1314,8.50274,0,0.302416,0.849559
10584,43352064,0,0,nan,51.0028,1.07349,19.4881,8.54789,0,0.324675,0.848053
10608,43450368,0,0,nan,50.6882,1.07425,22.9709,8.1322,0,0.314161,0.845459
10632,43548672,0,0,nan,47.5822,1.05394,22.2105,8.21554,0,0.317307,0.843587
10656,43646976,0,0,nan,46.704,1.05449,18.6923,8.32975,0,0.321417,0.841583
10680,43745280,0,0,nan,49.1421,1.02071,20.0925,8.1952,0,0.318089,0.841268
10704,43843584,0,0,nan,48.0862,1.05825,23.0771,7.98302,0,0.316369,0.841543
10728,43941888,0,0,nan,48.0891,1.03674,19.1485,7.93261,0,0.306763,0.84021
10752,44040192,0,0,nan,46.14,1.01918,18.3032,8.49494,0,0.332306,0.840769
10776,44138496,0,0,nan,47.8148,1.00745,19.6544,7.76528,0,0.326426,0.838908
10800,44236800,0,0,nan,49.2561,1.08073,20.6435,8.25007,0,0.321552,0.836131
10824,44335104,0,0,nan,47.9197,1.01705,20.2838,7.86558,0,0.318986,0.831909
10848,44433408,0,0,nan,52.0009,1.0706,20.6155,7.32632,0,0.321206,0.82608
10872,44531712,0,0,nan,48.6835,1.00385,20.4775,7.41676,0,0.327593,0.818868
10896,44630016,0,0,nan,48.0693,1.04362,19.3461,8.12868,0,0.348063,0.816945
10920,44728320,0,0,nan,51.4166,1.07263,22.0662,7.34015,0,0.343382,0.813527
10944,44826624,0,0,nan,48.5017,1.05447,22.6356,7.6311,0,0.329048,0.810333
10968,44924928,0,0,nan,47.1996,1.06033,19.3164,6.64417,0,0.322708,0.805318
10992,45023232,0,0,nan,51.7371,1.09028,22.107,7.22206,0,0.317066,0.802043
11016,45121536,0,0,nan,48.5975,1.08182,19.6359,7.20482,0,0.326553,0.800201
11040,45219840,0,0,nan,53.9126,1.07685,20.9647,6.78525,0,0.334789,0.797221
11064,45318144,0,0,nan,51.7688,1.02647,20.4633,6.77422,0,0.356537,0.794678
11088,45416448,0,0,nan,48.7903,1.04067,21.1707,6.76896,0,0.30545,0.789459
11112,45514752,0,0,nan,47.1735,1.00088,19.642,6.94807,0,0.312411,0.784414
11136,45613056,0,0,nan,51.2355,1.06499,20.0623,7.09353,0,0.318549,0.779551
11160,45711360,0,0,nan,50.0176,1.02806,21.9532,6.74054,0,0.327632,0.773987
11184,45809664,0,0,nan,46.9048,1.00091,21.044,6.34231,0,0.413305,0.769877
11208,45907968,0,0,nan,53.1537,1.01932,21.8011,6.18991,0,0.332555,0.767761
11232,46006272,0,0,nan,49.9763,1.0764,23.9336,7.14711,0,0.319782,0.763133
11256,46104576,0,0,nan,51.446,1.04223,20.3372,6.8335,0,0.317817,0.75823
11280,46202880,0,0,nan,48.6349,1.05983,21.1642,8.06821,0,0.325895,0.75293
11304,46301184,0,0,nan,50.5519,1.04857,22.1418,6.80106,0,0.334625,0.745616
11328,46399488,0,0,nan,48.6475,0.995539,21.8028,5.84259,0,0.331195,0.738607
11352,46497792,0,0,nan,46.8989,1.05373,20.0238,6.60323,0,0.334529,0.730774
11376,46596096,0,0,nan,49.3931,1.03602,21.7512,6.31155,0,0.322152,0.726023
11400,46694400,0,0,nan,46.0972,1.00987,22.5937,6.525,0,0.309363,0.722839
11424,46792704,0,0,nan,43.2733,1.0058,20.8652,6.49454,0,0.346377,0.720978
11448,46891008,0,0,nan,51.5165,1.04853,20.556,6.11527,0,0.305353,0.71582
11472,46989312,0,0,nan,47.7003,1.10513,22.8042,6.45154,0,0.312125,0.71108
11496,47087616,0,0,nan,50.9887,1.05628,20.5949,5.78052,0,0.355542,0.703328
11520,47185920,0,0,nan,51.447,1.01612,22.3139,5.99886,0,0.30477,0.693156
11544,47284224,0,0,nan,45.4041,0.966005,21.0056,6.02973,0,0.311545,0.686401
11568,47382528,0,0,nan,45.1431,0.967586,21.0523,6.0661,0,0.30596,0.67809
11592,47480832,0,0,nan,45.7393,1.00855,19.7045,6.22789,0,0.306175,0.671071
11616,47579136,0,0,nan,44.8171,0.944886,21.0592,5.51254,0,0.340994,0.665354
11640,47677440,0,0,nan,45.7451,0.966263,20.732,6.05718,0,0.327624,0.657288
11664,47775744,0,0,nan,47.2219,0.991345,22.1183,5.47357,0,0.327606,0.649373
11688,47874048,0.000223796,0,nan,46.6945,0.953938,20.1119,5.92537,0,0.335,0.642731
11712,47972352,0.000244141,0,nan,45.6031,0.986845,21.5886,5.96526,0,0.312052,0.636709
11736,48070656,0.000244141,0,nan,46.085,0.988516,20.8489,5.88125,0,0.319412,0.627543
11760,48168960,0.000244141,0,nan,43.1865,0.964393,19.6868,5.35873,0,0.300019,0.61854
11784,48267264,0.000244141,0,nan,47.5934,1.00285,18.936,5.91674,0,0.317837,0.610524
11808,48365568,0.000244141,0,nan,44.8002,0.926061,19.377,5.00434,0,0.355966,0.602224
11832,48463872,0.000244141,0,nan,45.5722,0.979185,19.5724,6.09901,0,0.317281,0.597097
11856,48562176,0.000244141,0,nan,46.2518,0.990681,20.6514,5.63021,0,0.314412,0.592926
11880,48660480,0.000244141,0,nan,43.2265,0.953195,20.4303,5.2558,0,0.337077,0.588287
11904,48758784,0.000244141,0,nan,45.8266,0.949487,20.2114,5.59445,0,0.330632,0.580943
11928,48857088,0.000244141,0,nan,45.6042,0.946042,20.756,5.17394,0,0.345065,0.575521
11952,48955392,0.000244141,0,nan,45.7173,0.954446,20.6795,5.48127,0,0.328818,0.570455
11976,49053696,0.000244141,0,nan,45.4592,1.03356,21.0176,7.16354,0,0.306484,0.564199
12000,49152000,0.000244141,0,nan,45.5908,0.930526,20.5621,5.82937,0,0.332062,0.559275
12024,49250304,0.000244141,0,nan,46.4696,1.00266,21.6111,5.31427,0,0.315799,0.554484
12048,49348608,0.000244141,0,nan,46.1283,1.0239,21.4782,5.18762,0,0.304034,0.548116
12072,49446912,0.000244141,0,nan,45.048,0.935618,19.067,5.76474,0.0246539,0.314805,0.541066
12096,49545216,0.000244141,0,nan,45.8138,0.962725,21.2712,4.83788,0,0.389519,0.533539
12120,49643520,0.000396729,0,nan,47.666,0.960321,18.6394,5.3395,0,0.372615,0.52653
12144,49741824,0.000488281,0,nan,46.7711,0.983464,20.2791,5.28366,0,0.330552,0.523122
12168,49840128,0.000488281,0,nan,46.7325,0.91369,20.1843,5.07967,0,0.355074,0.518606
12192,49938432,0.000488281,0,nan,45.1414,0.97115,19.3766,5.19124,0,0.306812,0.511037
12216,50036736,0.000488281,0,nan,44.2962,0.943852,21.8716,5.00677,0,0.342225,0.503204
12240,50135040,0.000417074,0,nan,42.5292,0.935479,20.4543,4.66767,0.00133334,0.332677,0.493958
12264,50233344,0.000244141,0,nan,44.0932,0.959643,21.5356,5.04585,0,0.333395,0.485148
12288,50331648,0.000244141,0,nan,43.576,0.932966,19.6528,5.10071,0,0.315207,0.479055
12312,50429952,0.000244141,0,nan,41.0308,0.892791,19.792,5.02872,0,0.346794,0.474345
12336,50528256,0.000244141,0,nan,42.0395,0.916476,20.1373,5.13315,0,0.352231,0.468933
12360,50626560,0.000244141,0,nan,44.0974,0.926588,21.401,5.12163,0,0.322248,0.461802
12384,50724864,0.000244141,0,nan,39.2897,0.947248,18.8725,5.65051,0,0.330636,0.455617
12408,50823168,0.000427246,0.00285413,nan,42.8557,0.927719,20.975,5.11447,0,0.329153,0.447083
12432,50921472,0.000528971,0,nan,41.251,0.952869,20.7513,5.21678,0,0.329642,0.437724
12456,51019776,0.000732422,0,nan,38.6292,0.915566,18.9037,5.06941,0,0.314093,0.432159
12480,51118080,0.000732422,0,nan,44.2656,0.97429,20.9198,5.27813,0,0.309864,0.428457
12504,51216384,0.000732422,0,nan,40.8435,0.900354,18.9681,5.09881,0,0.319579,0.426849
12528,51314688,0.000732422,0,nan,41.2501,0.933351,21.1178,4.80341,0,0.320081,0.421193
12552,51412992,0.000732422,0,nan,43.1181,0.940102,21.5582,4.84346,0,0.332525,0.41449
12576,51511296,0.000732422,0,nan,43.3963,0.925339,20.2965,5.34349,0,0.31228,0.410461
12600,51609600,0.000732422,0,nan,40.8975,0.953547,19.2543,4.9279,0,0.332977,0.40333
12624,51707904,0.000823975,0,nan,41.0843,0.878934,20.1459,4.85614,0,0.337071,0.395772
12648,51806208,0.000976562,0,nan,40.657,0.910318,19.9562,4.90885,0,0.315068,0.389252
12672,51904512,0.000976562,0,nan,39.9838,0.91722,20.1888,5.38396,0,0.325607,0.381917
12696,52002816,0.000976562,0,nan,41.0031,0.942095,20.4678,5.10659,0,0.327573,0.378703
12720,52101120,0.00105794,0,nan,42.4337,0.935066,19.0766,4.91776,0,0.323156,0.373067
12744,52199424,0.0012207,0,nan,39.0853,0.963263,17.821,5.16001,0,0.357619,0.368652
12768,52297728,0.0012207,0,nan,40.7602,0.97816,19.1258,5.24214,0,0.330913,0.362569
12792,52396032,0.0012207,0,nan,43.1051,0.977183,19.9568,5.05257,0,0.33665,0.35729
12816,52494336,0.00130208,0,nan,38.1487,0.944299,18.3543,5.00878,0,0.332314,0.353485
12840,52592640,0.00167847,0,nan,38.1912,0.932885,18.6086,5.13514,0,0.315191,0.348653
12864,52690944,0.00170898,0,nan,37.9016,0.863847,18.5234,5.20084,0,0.354317,0.343608
12888,52789248,0.00170898,0,nan,37.1488,0.89006,19.3472,4.83339,0,0.345193,0.342478
12912,52887552,0.00170898,0,nan,40.259,0.852373,20.8328,4.83754,0,0.329083,0.339966
12936,52985856,0.00170898,0,nan,38.2164,0.921762,20.1294,4.87883,0,0.32798,0.33607
12960,53084160,0.0018514,0,nan,37.7205,0.888022,20.2214,4.53299,0,0.315061,0.331299
12984,53182464,0.00195312,0,nan,42.2923,0.943766,20.9274,5.29139,0,0.305365,0.325999
13008,53280768,0.0017395,0,nan,38.9908,0.920201,20.2377,4.74341,0.0392411,0.328926,0.321401
13032,53379072,0.00206502,0,nan,37.0117,0.892219,20.9049,4.74756,0.0530578,0.343656,0.315348
13056,53477376,0.00208537,0,nan,37.4242,0.92907,19.713,4.90423,0,0.319996,0.312378
13080,53575680,0.00243123,0,nan,33.4267,0.85056,17.1916,4.82544,0,0.415961,0.308919
13104,53673984,0.00274658,0,nan,38.262,0.878498,20.5575,4.97312,0,0.30619,0.30717
13128,53772288,0.003184,0,nan,38.2916,0.890139,20.2886,4.86882,0,0.311559,0.303925
13152,53870592,0.00341797,0,nan,37.084,0.897165,19.0566,4.76863,0.0231202,0.324783,0.29953
13176,53968896,0.00348918,0,nan,40.5195,0.954964,19.9887,5.10113,0,0.332181,0.296916
13200,54067200,0.00372314,0,nan,38.3816,0.948137,17.5312,5.03972,0,0.3157,0.294352
13224,54165504,0.00430298,0,nan,35.5315,0.916023,18.6159,5.02741,0,0.318886,0.29007
13248,54263808,0.00466919,0,nan,34.0815,0.877215,18.8314,4.96345,0,0.313229,0.285868
13272,54362112,0.00488281,0,nan,35.0586,0.899626,16.7514,5.0372,0,0.335991,0.283539
13296,54460416,0.00488281,0,nan,36.2836,0.90948,20.5683,4.71152,0,0.33406,0.280538
13320,54558720,0.00488281,0,nan,36.7181,0.936496,20.0578,4.90956,0,0.319184,0.276103
13344,54657024,0.00508626,0,nan,35.5449,0.890723,19.1106,5.76617,0.0351486,0.321939,0.27537
13368,54755328,0.00591024,0,nan,34.2136,0.892487,18.8531,4.96551,0,0.310745,0.274974
13392,54853632,0.00634766,0,nan,36.4594,0.920765,19.3109,4.64295,0,0.31896,0.272074
13416,54951936,0.00662231,0,nan,39.4437,0.956053,20.5845,4.92023,0.0484938,0.327491,0.268667
13440,55050240,0.00705973,0,nan,35.4696,0.915566,19.2108,5.05746,0,0.302565,0.263601
13464,55148544,0.00742594,0,nan,35.5698,0.898439,18.8425,4.87797,0.0203742,0.333785,0.260264
13488,55246848,0.00889079,0,nan,36.2744,0.897586,19.8231,4.76927,0,0.335788,0.256612
13512,55345152,0.00916545,0,nan,36.4417,0.896083,18.6594,4.85351,0.0269698,0.322129,0.253774
13536,55443456,0.00922648,0,nan,32.7704,0.872891,18.6277,4.7726,0,0.290716,0.25115
13560,55541760,0.00952148,0,nan,33.3209,0.921027,19.1238,4.68291,0,0.300931,0.247243
13584,55640064,0.00945028,0,nan,34.3284,0.977841,18.6879,4.62645,0.0206378,0.312688,0.243306
13608,55738368,0.00949097,0,nan,35.0687,0.878616,19.3271,4.75598,0,0.325398,0.242055
13632,55836672,0.0101624,0,nan,33.8488,0.913744,18.8314,4.64631,0.0382771,0.309345,0.240234
13656,55934976,0.0102844,0,nan,33.9572,0.863189,17.7663,4.55338,0.0384447,0.322469,0.236379
13680,56033280,0.0103963,0,nan,33.4012,0.860265,17.7068,4.69615,0.00153295,0.305817,0.234741
13704,56131584,0.0110474,0,nan,33.5182,0.907047,18.7354,4.76429,0.0147275,0.314914,0.230092
13728,56229888,0.0113729,0,nan,36.0259,0.887374,19.5944,4.54048,0.0426846,0.334522,0.226105
13752,56328192,0.0115967,0,nan,32.6447,0.895012,19.4035,4.74842,0.109858,0.328604,0.222788
13776,56426496,0.0122274,0,nan,32.6434,0.865117,17.8435,4.4555,0,0.282183,0.220835
13800,56524800,0.0131429,0,nan,33.936,0.906979,18.3181,4.95769,0,0.332032,0.218475
13824,56623104,0.0138041,0,nan,32.7788,0.905814,18.1168,4.74441,0.105154,0.319582,0.21461
13848,56721408,0.0145365,0,nan,31.0345,0.8217,18.0414,4.77395,0,0.31035,0.211294
13872,56819712,0.0148722,0,nan,35.4697,0.891876,17.796,4.67805,0.0446683,0.310687,0.209442
13896,56918016,0.0150452,0,nan,33.6098,0.897898,18.8276,4.98717,0,0.332205,0.207469
13920,57016320,0.0156453,0,nan,32.721,0.883304,17.9134,4.73387,0.0343961,0.331859,0.20577
13944,57114624,0.0162354,0,nan,33.0052,0.901822,18.399,4.80444,0,0.294139,0.201965
13968,57212928,0.0167948,0,nan,31.1495,0.897456,18.0808,4.70675,0.010419,0.316309,0.200846
13992,57311232,0.0169271,0,nan,31.7084,0.854203,17.8502,4.66392,0.081357,0.386202,0.199626
14016,57409536,0.0173035,0,nan,33.3659,0.917395,18.5209,4.72281,0.195377,0.299816,0.196533
14040,57507840,0.017863,0,nan,34.1811,0.889868,19.5621,4.67672,0,0.310422,0.192719
14064,57606144,0.0180664,0,nan,34.5532,0.921635,18.356,4.89492,0.132161,0.318944,0.191071
14088,57704448,0.0192057,0,nan,31.7827,0.877263,16.8178,4.95349,0.0686652,0.320821,0.188538
14112,57802752,0.0203857,0,nan,31.8013,0.887555,17.5335,4.65348,0,0.309141,0.184672
14136,57901056,0.0213318,0,nan,30.0027,0.832703,17.9046,4.693,0.00474868,0.310438,0.181112
14160,57999360,0.0219014,0,nan,32.2397,0.889051,19.5971,4.65046,0.0142726,0.323978,0.179352
14184,58097664,0.0224202,0,nan,32.1509,0.914455,17.1325,4.73586,0.105519,0.308571,0.17509
14208,58195968,0.0226237,0,nan,32.7015,0.87089,17.5587,5.43626,0.0868843,0.321854,0.172221
14232,58294272,0.0233459,0,nan,31.5325,0.89915,17.8073,4.82905,0.0310578,0.302934,0.168111
14256,58392576,0.0236918,0,nan,31.4085,0.860584,17.6894,4.71723,0.0171711,0.305487,0.166168
14280,58490880,0.0241496,0,nan,32.879,0.844216,19.7413,4.53527,0.0755866,0.305161,0.162282
14304,58589184,0.0246073,0,nan,32.0517,0.908992,18.9022,4.65884,0.00600493,0.310504,0.160441
14328,58687488,0.0255025,0,nan,34.9116,0.91115,18.5275,4.98062,0.0481236,0.310528,0.157196
14352,58785792,0.0264994,0,nan,34.966,0.913657,18.0898,4.86127,0.0361728,0.297843,0.153829
14376,58884096,0.0270793,0,nan,31.9065,0.912834,18.1485,4.82283,0.115806,0.299718,0.151194
14400,58982400,0.0281372,0,nan,34.4005,0.870033,19.5644,4.51353,0.00535471,0.310319,0.146637
14424,59080704,0.0289205,0,nan,30.1079,0.884702,17.057,4.51061,0.0498007,0.295044,0.142812
14448,59179008,0.03007,0,nan,31.7427,0.844811,18.3575,4.51182,0.0842733,0.314832,0.141815
14472,59277312,0.0305583,0,nan,33.3773,0.932441,17.778,5.10463,0.0368507,0.290377,0.139832
14496,59375616,0.0310974,0,0,32.4795,0.850824,18.5472,4.77922,0.172585,0.310811,0.137594
14520,59473920,0.032196,0,nan,31.7586,0.875178,18.4479,4.93573,0.0170092,0.291323,0.135406
14544,59572224,0.0332235,0,nan,33.2042,0.887072,19.2876,4.68927,0.0797927,0.330726,0.135234
14568,59670528,0.0345357,0,nan,36.3271,0.897076,19.2563,4.9519,0.0693457,0.316004,0.13559
14592,59768832,0.0366007,0.00373467,0,31.1687,0.921035,17.6941,4.9543,0.106206,0.306767,0.133209
14616,59867136,0.0381571,0,nan,30.9556,0.839448,16.996,4.64021,0.0911358,0.316915,0.132751
14640,59965440,0.0389099,0,nan,29.4573,0.836885,16.8511,4.69775,0.0918745,0.300806,0.131866
14664,60063744,0.0395203,0,nan,30.2256,0.897661,17.682,4.78105,0.0424951,0.323181,0.130666
14688,60162048,0.0404358,0,nan,30.5417,0.921663,16.6254,4.98832,0.000151255,0.321881,0.12913
14712,60260352,0.0412496,0,nan,30.5945,0.880534,18.0172,4.77007,0.0803087,0.318071,0.128286
14736,60358656,0.0421346,0,nan,32.0533,0.896715,17.7502,4.9425,0.118524,0.30749,0.127787
14760,60456960,0.0423584,0,0,30.0835,0.909642,16.399,4.90791,0.512075,0.339244,0.126984
14784,60555264,0.0429586,0,nan,29.5175,0.875583,16.6723,4.85254,0.163143,0.307814,0.125997
14808,60653568,0.0437622,0,nan,30.272,0.87568,17.3776,4.91158,0.204096,0.32449,0.125071
14832,60751872,0.0443522,0,nan,28.8721,0.873379,16.3006,5.02289,0.27707,0.334066,0.124685
14856,60850176,0.0458781,0,nan,29.993,0.818045,16.911,4.6608,0.165463,0.289251,0.12381
14880,60948480,0.0464478,0,0,30.4194,0.878721,17.0712,4.59336,0.31305,0.311152,0.122182
14904,61046784,0.0473531,0,nan,33.5246,0.87557,18.6717,4.61399,0.219325,0.305257,0.119995
14928,61145088,0.0485433,0,nan,29.2803,0.89075,16.4873,4.72727,0.0383152,0.353334,0.118073
14952,61243392,0.0494283,0,nan,28.639,0.882893,16.3721,4.89771,0.182116,0.311648,0.117737
14976,61341696,0.0506287,0,nan,28.0155,0.87491,15.7995,4.77431,0.195756,0.319419,0.118062
15000,61440000,0.0516052,0,nan,30.2474,0.848021,17.6971,4.70067,0.103039,0.317923,0.11555
15024,61538304,0.0531006,0,0,27.7809,0.8957,16.5116,4.85195,0.461365,0.319412,0.115346
15048,61636608,0.0544535,0,nan,32.3578,0.905634,18.2026,4.89297,0.0547005,0.314886,0.115662
15072,61734912,0.0560506,0,nan,29.6494,0.897359,17.701,4.82189,0.264812,0.311195,0.114848
15096,61833216,0.0574239,0,nan,27.6676,0.877231,15.4464,4.81036,0.0453905,0.306342,0.113444
15120,61931520,0.0596619,0,nan,29.8553,0.898353,17.46,5.01014,0.263637,0.299229,0.112172
15144,62029824,0.0611877,0,nan,27.4554,0.821984,15.8633,4.95132,0.13077,0.311239,0.110647
15168,62128128,0.0628967,0,nan,28.842,0.888957,17.634,4.86629,0.10394,0.30917,0.110036
15192,62226432,0.0645345,0,nan,30.9971,0.954994,17.9805,4.87326,0.282541,0.299092,0.109049
15216,62324736,0.0656942,0,nan,27.1474,0.826845,15.8725,5.06805,0.223309,0.303588,0.109751
15240,62423040,0.0677999,0,0,25.762,0.847193,14.9703,4.74102,0.199246,0.306269,0.108917
15264,62521344,0.070343,0,nan,26.2209,0.813096,14.3622,5.07231,0.0974115,0.300156,0.106344
15288,62619648,0.0723165,0,nan,28.2542,0.870211,16.4502,4.81388,0.164824,0.314605,0.105784
15312,62717952,0.0736389,0,nan,27.6853,0.840161,17.4994,4.96062,0.131988,0.315218,0.10437
15336,62816256,0.0748189,0,nan,27.3258,0.910147,15.965,4.91116,0.216544,0.317085,0.102498
15360,62914560,0.0758667,0,0,26.0401,0.869497,15.2961,4.95634,0.287633,0.315773,0.10021
15384,63012864,0.0780741,0,nan,28.0373,0.83342,16.4517,4.8335,0.13662,0.298375,0.0979106
15408,63111168,0.080068,0,nan,28.2369,0.891387,17.2016,4.87043,0.23689,0.308748,0.0968628
15432,63209472,0.0829061,0,0,26.3214,0.835336,16.3695,4.72699,0.382881,0.304378,0.0956828
15456,63307776,0.0841675,0,0,29.3183,0.933916,16.8134,4.92201,0.352757,0.326486,0.0950928
15480,63406080,0.0860392,0,0,26.6546,0.882638,15.3359,5.07024,0.442662,0.305735,0.0933024
15504,63504384,0.0866191,0,nan,25.9074,0.777969,15.5065,4.86018,0.0677286,0.293543,0.0922038
15528,63602688,0.0877889,0,nan,27.3618,0.873015,17.3065,4.89045,0.181142,0.311416,0.089325
15552,63700992,0.0890808,0,nan,27.3033,0.883003,15.9756,4.88331,0.235752,0.294912,0.0869649
15576,63799296,0.0897624,0,0,27.6605,0.907028,16.2149,5.26772,0.468637,0.314898,0.0863851
15600,63897600,0.0912476,0,nan,24.5694,0.803988,14.3187,5.13961,0.409121,0.307479,0.0851949
15624,63995904,0.0932312,0,nan,26.9067,0.878259,16.7069,4.84855,0.0663565,0.321979,0.0835876
15648,64094208,0.0957438,0,nan,27.1319,0.867309,15.638,4.9468,0.265661,0.318705,0.0823669
15672,64192512,0.0982666,0,nan,26.5328,0.851358,16.3042,4.97704,0.205109,0.306126,0.0804342
15696,64290816,0.0999756,0,nan,26.4755,0.860803,15.4608,4.95605,0.134762,0.326941,0.0794576
15720,64389120,0.102966,0,nan,26.1613,0.836214,16.0358,4.76876,0.490709,0.289864,0.0777384
15744,64487424,0.105265,0,nan,26.6052,0.838524,15.828,4.97609,0.544214,0.312983,0.0756124
15768,64585728,0.105967,0,0,25.9587,0.846009,15.3567,5.06958,0.707886,0.302666,0.073995
15792,64684032,0.107981,0,nan,27.3526,0.846987,16.8919,4.95061,0.247184,0.300998,0.0722758
15816,64782336,0.110046,0,nan,26.7365,0.866806,16.3136,4.89745,0.275124,0.304588,0.0698242
15840,64880640,0.112061,0,0,25.0329,0.831199,15.1642,5.03767,0.815635,0.281997,0.0678609
15864,64978944,0.114563,0,nan,26.5023,0.910191,15.2887,5.21228,0.555822,0.307389,0.0676778
15888,65077248,0.115774,0,0,28.5501,0.87248,16.5691,5.08409,0.810759,0.308846,0.0688477
15912,65175552,0.11911,0,nan,29.1927,0.918309,16.5102,5.00962,0.306459,0.316853,0.0688985
15936,65273856,0.121063,0,nan,28.3788,0.857785,18.2762,4.99255,0.380848,0.289577,0.0686646
15960,65372160,0.123169,0,nan,29.8602,0.935094,17.5642,5.00971,0.309205,0.309717,0.0669963
15984,65470464,0.124705,0,0,24.7748,0.886501,15.3085,4.97783,0.294934,0.311202,0.0667419
16008,65568768,0.127309,0,nan,27.1926,0.910506,15.8571,4.9477,0.422596,0.311317,0.0676676
16032,65667072,0.129384,0,nan,25.1413,0.877393,14.637,5.03747,0.674874,0.332701,0.0672201
16056,65765376,0.131276,0,nan,26.3975,0.874394,14.886,5.09255,0.469792,0.312996,0.0677083
16080,65863680,0.133474,0,nan,28.0121,0.90635,17.1761,5.00127,0.413129,0.330836,0.0678202
16104,65961984,0.136251,0,nan,27.0683,0.894313,15.9705,5.03301,0.40038,0.314874,0.0680033
16128,66060288,0.137939,0,0,27.0535,0.860282,15.7507,5.18775,0.547813,0.30439,0.0683289
16152,66158592,0.139994,0,nan,26.2798,0.861506,15.5609,5.0937,0.332376,0.335763,0.068868
16176,66256896,0.142273,0,nan,24.091,0.868629,14.8947,5.01349,0.884009,0.304336,0.0689799
16200,66355200,0.14386,0,0,29.6193,0.874099,18.7527,5.04071,0.424278,0.330481,0.0686747
16224,66453504,0.147003,0,0,26.7436,0.907973,15.507,4.99062,0.512462,0.29964,0.0687256
16248,66551808,0.149058,0,nan,27.3389,0.883228,15.7934,5.29527,0.708124,0.298361,0.0692647
16272,66650112,0.150716,0,nan,25.6605,0.875831,15.0199,5.01868,0.300193,0.294713,0.0691121
16296,66748416,0.152791,0,nan,24.9945,0.803554,14.1542,4.97525,0.464852,0.316623,0.0680644
16320,66846720,0.154195,0,nan,25.9841,0.857929,15.6354,5.04659,0.337662,0.313328,0.067627
16344,66945024,0.155986,0,nan,25.5573,0.893375,15.714,5.00161,0.561839,0.279187,0.0685628
16368,67043328,0.158285,0,nan,25.283,0.894202,15.3031,4.89573,0.594854,0.320602,0.0685018
16392,67141632,0.16099,0.00815233,nan,24.994,0.887105,14.7913,5.19472,0.425419,0.302222,0.0686544
16416,67239936,0.163706,0,nan,26.8406,0.871944,17.5093,5.0148,0.639378,0.302869,0.0681356
16440,67338240,0.166921,0.00470694,0,25.5444,0.821101,14.4357,5.08948,0.485686,0.299429,0.0688477
16464,67436544,0.168416,0,nan,23.2988,0.835513,14.5575,4.95968,0.595823,0.294061,0.0687459
16488,67534848,0.172394,0,nan,26.2122,0.802542,15.3357,5.10851,0.8491,0.30875,0.0682373
16512,67633152,0.174449,0,nan,25.474,0.842624,14.2867,5.08814,0.334282,0.315052,0.0687256
16536,67731456,0.177389,0,0,23.5629,0.852045,13.326,5.20614,0.959118,0.302225,0.0693868
16560,67829760,0.179759,0,nan,25.0851,0.88,15.0124,5.24913,0.41796,0.303374,0.0694377
16584,67928064,0.18336,0,0,25.5053,0.854442,14.8354,5.26249,0.972744,0.294405,0.0690104
16608,68026368,0.186228,0,0,26.9307,0.835328,16.7439,5.35029,0.611441,0.335966,0.0685221
16632,68124672,0.188395,0,nan,27.5739,0.875862,16.9448,5.10931,0.475825,0.290403,0.0677694
16656,68222976,0.189809,0,0,24.6604,0.808285,14.5524,5.22476,0.922202,0.304905,0.0680237
16680,68321280,0.191976,0,nan,23.5229,0.875583,14.1319,5.25476,0.757292,0.289882,0.0687052
16704,68419584,0.19459,0,nan,26.8889,0.834532,15.9478,5.29828,0.902811,0.302799,0.0681864
16728,68517888,0.196869,0,nan,25.8607,0.859241,15.4569,5.3477,0.355563,0.316482,0.0691935
16752,68616192,0.200775,0,nan,23.5481,0.850896,14.5205,5.41807,0.838223,0.304961,0.0680847
16776,68714496,0.203328,0,0,25.8194,0.86532,14.9655,5.25715,0.937556,0.319439,0.0677795
16800,68812800,0.206858,0,nan,25.5512,0.833738,15.0122,5.38216,0.455384,0.300779,0.067922
16824,68911104,0.210215,0,0,24.1628,0.817086,14.5213,5.33392,0.852618,0.315238,0.0680542
16848,69009408,0.213877,0,0,25.2779,0.89028,14.8977,5.38594,0.940597,0.310445,0.0674337
16872,69107712,0.217163,0,0,23.6313,0.809288,13.1636,5.51689,0.86467,0.292389,0.0667216
16896,69206016,0.22113,0,nan,23.3857,0.819068,14.345,5.22465,0.578548,0.297463,0.0658061
16920,69304320,0.224314,0,0,25.9087,0.812568,15.2955,5.34178,0.880834,0.277905,0.0645752
16944,69402624,0.22641,0,0,25.6987,0.792352,13.7426,5.37739,0.474243,0.28025,0.0644531
16968,69500928,0.229289,0,nan,25.4631,0.825977,14.1104,5.48942,0.783038,0.344946,0.0640462
16992,69599232,0.232259,0,0,24.2445,0.847433,15.146,5.42258,0.889527,0.299938,0.0635376
17016,69697536,0.235463,0,0,23.7472,0.815822,14.4377,5.41082,1.31813,0.274041,0.0624288
17040,69795840,0.238881,0,0,24.3803,0.826481,13.8683,5.5036,1.18444,0.302211,0.0619914
17064,69894144,0.24172,0,nan,23.6893,0.851747,13.983,5.59084,0.808765,0.311944,0.0611471
17088,69992448,0.244314,0,0,23.3782,0.856776,12.8333,5.72339,0.930244,0.303261,0.0605469
17112,70090752,0.246928,0,0,23.5849,0.843291,13.9006,5.64675,0.908469,0.298795,0.0621847
17136,70189056,0.250854,0,nan,24.4097,0.846599,14.8146,5.49515,0.713712,0.287861,0.0618286
17160,70287360,0.255157,0,0,23.4733,0.787901,15.0794,5.42361,0.953194,0.297412,0.0608622
17184,70385664,0.256429,0,0,23.8472,0.806261,13.3826,5.51281,1.0415,0.292537,0.0609843
17208,70483968,0.259979,0,0,23.9079,0.827689,13.8497,5.50409,0.706166,0.299451,0.0604553
17232,70582272,0.263418,0,0,24.4767,0.812408,14.3871,5.65362,1.11755,0.299785,0.0602417
17256,70680576,0.267497,0,nan,24.2972,0.824067,13.5365,5.66381,1.17292,0.304446,0.0596822
17280,70778880,0.271108,0,0,24.6665,0.846271,13.7798,5.84523,1.2242,0.345722,0.0605265
17304,70877184,0.274231,0,0,24.7669,0.854336,14.074,5.73508,0.931696,0.28027,0.0612386
17328,70975488,0.277242,0,nan,24.6817,0.817825,13.5679,5.61949,0.723226,0.291225,0.0618388
17352,71073792,0.279816,0,0,22.677,0.822956,13.1379,5.59063,1.45534,0.298079,0.0615743
17376,71172096,0.282786,0,0,25.0438,0.854857,13.8737,5.72882,1.87383,0.293308,0.0626933
17400,71270400,0.284892,0,0,24.005,0.874378,14.5987,5.71953,0.964193,0.318721,0.0647481
17424,71368704,0.288737,0,0,21.675,0.761584,12.4372,5.62212,1.26507,0.288226,0.0656637
17448,71467008,0.292582,0,0,24.0806,0.842843,13.7245,5.69121,1.26546,0.289876,0.0641378
17472,71565312,0.296987,0,nan,22.3231,0.869,13.0446,5.99161,1.21733,0.278126,0.0642293
17496,71663616,0.301473,0,nan,23.4533,0.84546,13.3546,5.78645,0.959182,0.30422,0.0651957
17520,71761920,0.304677,0,0,24.7604,0.808816,14.2889,5.66494,1.30427,0.314779,0.0655619
17544,71860224,0.306203,0,0,24.452,0.885859,14.4604,5.75137,1.44126,0.294072,0.0662231
17568,71958528,0.309163,0,0,25.4975,0.867352,14.2127,6.21062,1.22044,0.309918,0.0670369
17592,72056832,0.312632,0,0,25.5237,0.876404,14.7076,5.95046,1.7162,0.354286,0.0664164
17616,72155136,0.315165,0,0,24.019,0.847514,14.9591,5.69984,1.40825,0.302267,0.0669556
17640,72253440,0.31837,0,nan,26.1824,0.870354,14.4979,5.77758,0.876848,0.296207,0.0673726
17664,72351744,0.321971,0,0,22.8084,0.854609,13.0931,5.66796,1.58639,0.307547,0.0657349
17688,72450048,0.326457,0,nan,23.4827,0.82118,13.4338,5.85835,1.24218,0.287856,0.065328
17712,72548352,0.330617,0,0,23.9256,0.831272,13.513,5.75163,0.997902,0.314038,0.0655823
17736,72646656,0.334798,0,nan,23.524,0.888195,13.2512,5.94772,1.44557,0.290308,0.0659383
17760,72744960,0.339844,0,0,22.4646,0.846357,14.1123,5.90006,1.55584,0.292426,0.0664571
17784,72843264,0.344482,0,0,22.0856,0.778559,12.2508,5.78526,1.44538,0.294383,0.066569
17808,72941568,0.349091,0,0,22.1999,0.837728,13.1403,5.81051,1.10276,0.299243,0.0658875
17832,73039872,0.353617,0,0,22.0269,0.873461,12.942,5.7837,1.77505,0.324927,0.0647888
17856,73138176,0.357137,0,0,22.6324,0.827016,12.5792,5.94906,0.897014,0.293027,0.0638326
17880,73236480,0.361949,0,nan,22.676,0.826056,13.1398,5.88835,1.49738,0.30197,0.064036
17904,73334784,0.367564,0,nan,23.9244,0.793417,13.7634,5.61514,0.934324,0.281443,0.0631409
17928,73433088,0.371735,0,0,22.137,0.849279,13.6272,5.93598,1.27222,0.322688,0.0631104
17952,73531392,0.377329,0,nan,22.3119,0.865646,13.1689,5.77252,1.32237,0.286146,0.0625814
17976,73629696,0.381571,0,0,22.4641,0.843479,12.7825,5.73957,1.3376,0.290855,0.0623169
18000,73728000,0.384928,0,0,23.2835,0.838837,12.8208,5.83075,1.95542,0.308177,0.0619507
18024,73826304,0.390411,0,0,22.7011,0.800961,12.6687,5.88452,2.16977,0.293164,0.0622253
18048,73924608,0.396495,0,0,22.7262,0.83842,13.0597,6.0406,1.58963,0.313514,0.061615
18072,74022912,0.402008,0,nan,23.3734,0.873159,14.3404,6.02018,1.46885,0.288531,0.0623169
18096,74121216,0.405975,0,nan,21.4884,0.820941,12.5704,5.93962,2.09166,0.271758,0.0617167
18120,74219520,0.409617,0,0,22.1995,0.851236,13.0846,5.97944,1.84414,0.296249,0.0605774
18144,74317824,0.412364,0,nan,24.4172,0.927156,13.6173,6.58783,2.10293,0.320833,0.0603434
18168,74416128,0.417033,0,0,24.0318,0.848141,14.1853,6.12689,1.42418,0.317062,0.0605367
18192,74514432,0.421631,0,nan,21.3889,0.870581,13.2352,5.92581,1.37233,0.311845,0.0607096
18216,74612736,0.426158,0,0,21.3535,0.814698,12.6185,5.88832,1.96541,0.307132,0.0602926
18240,74711040,0.431122,0,0,24.2418,0.945804,13.989,5.96452,1.46817,0.292542,0.0595195
18264,74809344,0.437551,0,0,21.4955,0.828252,12.4004,5.85518,1.91924,0.302789,0.0584412
18288,74907648,0.442006,0,0,22.3091,0.848405,12.7677,6.05694,2.11621,0.300067,0.0566203
18312,75005952,0.445892,0,0,22.3631,0.860414,13.2754,6.05658,1.76287,0.276915,0.0549215
18336,75104256,0.450185,0,0,23.5691,0.903376,13.8308,6.03612,1.32695,0.328426,0.0540771
18360,75202560,0.45577,0,0,22.6411,0.888742,13.4626,5.97112,1.74321,0.2819,0.0545654
18384,75300864,0.460022,0,0,20.668,0.855911,12.5969,5.9467,1.82187,0.284557,0.0534973
18408,75399168,0.463827,0,0,21.8943,0.808425,12.7005,5.9304,1.58191,0.316603,0.0511373
18432,75497472,0.467997,0,0,21.5623,0.820145,12.7381,5.94033,2.28065,0.302335,0.0505473
18456,75595776,0.472015,0,0,22.0196,0.832565,12.9074,6.07919,2.03024,0.299205,0.0504354
18480,75694080,0.477509,0,0,21.4835,0.875949,13.3495,5.97514,1.80828,0.343348,0.0502828
18504,75792384,0.482117,0.0033313,0,21.8941,0.812029,12.4578,5.91108,2.49589,0.291963,0.0488485
18528,75890688,0.486369,0,nan,21.2122,0.853295,11.8314,5.93634,1.25544,0.298756,0.048055
18552,75988992,0.492238,0,0,22.2593,0.873536,12.9687,5.91024,1.70463,0.306158,0.046814
18576,76087296,0.497447,0,0,22.3309,0.875888,12.3083,6.03357,1.16897,0.306554,0.0460103
18600,76185600,0.504801,0,0,22.9763,0.894456,12.2666,6.0251,1.83458,0.292898,0.0460612
18624,76283904,0.510183,0,0,22.254,0.882823,14.0932,6.13936,1.3174,0.296611,0.0457255
18648,76382208,0.516022,0,0,21.4855,0.836885,12.4131,5.93883,1.90721,0.298432,0.045695
18672,76480512,0.520142,0,0,20.611,0.824958,11.9559,5.90074,2.67541,0.303656,0.0459595
18696,76578816,0.522532,0,0,22.4284,0.850331,12.7599,6.13776,1.82368,0.313677,0.044932
18720,76677120,0.525706,0,nan,21.8693,0.832738,12.4405,5.92637,1.98299,0.304404,0.0432434
18744,76775424,0.530426,0,0,20.9577,0.821829,11.9875,5.94564,2.76187,0.29477,0.0421956
18768,76873728,0.534943,0,0,21.8383,0.806737,12.95,6.04574,2.17311,0.300338,0.0424805
18792,76972032,0.539164,0,0,21.1563,0.818163,12.7128,5.929,1.7356,0.292084,0.0419413
18816,77070336,0.54539,0,0,22.0903,0.87041,13.2256,5.8998,2.12652,0.307859,0.0415955
18840,77168640,0.549784,0,0,21.7645,0.853088,12.8174,6.06685,2.55963,0.299566,0.0416565
18864,77266944,0.553569,0,0,21.85,0.872865,11.9336,5.99834,2.13267,0.29937,0.0416768
18888,77365248,0.558441,0,0,21.3413,0.815119,12.2987,6.02042,2.40555,0.299803,0.0413513
18912,77463552,0.563711,0,nan,22.5654,0.904008,12.6369,6.19456,2.25948,0.288242,0.0417887
18936,77561856,0.568573,0,0,20.249,0.803071,12.4564,5.9506,2.42661,0.2867,0.0417786
18960,77660160,0.572072,0,0,20.5225,0.851607,12.2556,6.00065,1.92799,0.293785,0.0416158
18984,77758464,0.576711,0,0,22.8792,0.907637,13.1957,6.11484,2.46143,0.294342,0.041097
19008,77856768,0.582153,0,0,21.2931,0.853582,12.4023,5.9582,2.2024,0.300607,0.0413818
19032,77955072,0.587941,0,0,21.2441,0.857446,12.5466,6.09188,2.87306,0.28179,0.0409749
19056,78053376,0.594167,0,0,21.7368,0.821871,12.798,5.95201,2.01619,0.302329,0.0392049
19080,78151680,0.599935,0,0,21.0981,0.901597,11.6281,6.10381,3.27925,0.326346,0.0383097
19104,78249984,0.604919,0,0,21.138,0.808957,12.1535,6.16848,2.38795,0.282261,0.038442
19128,78348288,0.611186,0,0,21.6205,0.811673,13.2175,6.18935,1.7435,0.310832,0.0385946
19152,78446592,0.617126,0,0,21.5351,0.891931,12.7074,6.10723,2.55609,0.289497,0.0380147
19176,78544896,0.623627,0,0,21.2424,0.848275,12.1148,6.17916,2.36749,0.317659,0.0373027
19200,78643200,0.629669,0,0,21.1299,0.779515,11.5328,6.38752,2.13607,0.293016,0.0371704
19224,78741504,0.63559,0,0,21.6136,0.873608,12.5815,6.1846,2.61608,0.3126,0.0361023
19248,78839808,0.641866,0,0,21.1029,0.83182,12.0858,6.15533,2.72463,0.299325,0.0358073
19272,78938112,0.647664,0,0,21.4633,0.854752,12.56,6.21925,3.1854,0.311176,0.0357056
19296,79036416,0.652547,0,0,20.3427,0.774452,12.2717,6.21255,2.02464,0.297488,0.0357869
19320,79134720,0.657949,0,0,19.2683,0.782303,10.7213,6.23335,2.40464,0.281217,0.0361633
19344,79233024,0.663106,0,0,22.8179,0.809396,10.9224,6.81332,2.37287,0.289466,0.0357157
19368,79331328,0.667389,0.00537249,0,19.9875,0.805576,10.6795,6.29165,3.01466,0.306956,0.0348714
19392,79429632,0.673289,0,0,19.1999,0.829575,10.9759,6.28514,3.31993,0.307718,0.0345256
19416,79527936,0.677785,0,0,20.0075,0.837292,11.2225,6.27807,3.6217,0.297983,0.0340474
19440,79626240,0.683034,0,0,20.4719,0.832958,11.5234,6.46974,2.86046,0.311037,0.0332235
19464,79724544,0.688517,0,0,19.9413,0.830985,11.5991,6.51335,3.12304,0.301428,0.0328064
19488,79822848,0.694112,0,0,20.4563,0.821862,11.3214,6.36975,3.47,0.30792,0.0325012
19512,79921152,0.699483,0,0,19.716,0.839426,11.5408,6.45366,2.51,0.315141,0.0324809
19536,80019456,0.704956,0,0,20.7551,0.841227,12.6307,6.40821,3.2438,0.305891,0.0321859
19560,80117760,0.709961,0,0,22.2379,0.877434,13.5231,6.46719,2.15747,0.307591,0.032196
19584,80216064,0.715586,0,0,19.2131,0.804471,11.2305,6.55972,2.9343,0.327098,0.0315857
19608,80314368,0.721059,0,0,20.4625,0.833167,12.6805,6.51911,2.82899,0.297268,0.0313924
19632,80412672,0.725189,0.00322269,0,21.0954,0.844879,12.6231,6.54831,2.55223,0.293222,0.0310872
19656,80510976,0.730286,0,0,20.3654,0.791171,11.8529,6.50348,3.37561,0.290975,0.0312398
19680,80609280,0.736216,0,0,19.7262,0.825197,11.4995,6.4989,3.3955,0.29715,0.0308838
19704,80707584,0.741618,0,0,21.4183,0.803859,12.211,6.56913,3.45043,0.294476,0.03125
19728,80805888,0.747172,0,0,19.8571,0.800068,11.5624,6.63298,2.96612,0.289117,0.0315653
19752,80904192,0.754425,0,0,20.0297,0.834927,11.509,6.59063,4.28072,0.312561,0.0314941
19776,81002496,0.758972,0,0,19.5484,0.812055,11.188,6.72933,3.6393,0.293862,0.0307007
19800,81100800,0.764028,0,0,20.2146,0.807839,10.9028,6.72291,2.79756,0.291173,0.0310974
19824,81199104,0.770559,0,0,19.9502,0.798155,11.2873,6.78858,3.74857,0.280504,0.0318197
19848,81297408,0.775462,0,0,19.9615,0.836335,11.1483,6.82473,3.27384,0.291686,0.0312703
19872,81395712,0.78181,0,0,21.4201,0.800973,11.4704,6.80672,3.5899,0.275083,0.0306091
19896,81494016,0.78775,0,0,20.0303,0.788769,11.1169,6.7728,2.99298,0.307283,0.0308634
19920,81592320,0.795298,0,0,20.0321,0.815278,11.7234,6.89522,3.14616,0.289479,0.0305481
19944,81690624,0.803436,0,0,20.3245,0.774841,11.9253,6.89497,2.9738,0.313005,0.0303345
19968,81788928,0.810791,0,0,19.5373,0.871141,10.8868,6.77583,3.70228,0.311866,0.0300191
19992,81887232,0.818186,0,0,20.131,0.854605,12.0145,6.94809,4.34606,0.303084,0.0296631
20016,81985536,0.824829,0,0,18.7882,0.786255,10.341,6.84046,4.00572,0.299957,0.0298258
20040,82083840,0.830393,0,0,19.7474,0.775106,11.2484,6.9763,3.60106,0.317906,0.0295207
20064,82182144,0.835938,0,0,19.9655,0.793978,10.3723,6.89574,3.2113,0.282035,0.0293681
20088,82280448,0.842621,0,0,19.2129,0.804668,10.4406,6.9499,3.08059,0.303546,0.0302531
20112,82378752,0.850138,0,0,19.6858,0.768754,11.3861,6.91864,3.87256,0.307593,0.0299276
20136,82477056,0.855642,0,0,20.5827,0.792945,12.2588,7.04786,3.34556,0.298913,0.029836
20160,82575360,0.862701,0,0,20.6167,0.835753,11.6561,6.97655,3.79978,0.307309,0.0304565
20184,82673664,0.868907,0,0,18.9326,0.801408,11.4976,7.09542,3.45549,0.279725,0.0307922
20208,82771968,0.876099,0,0,19.5171,0.793592,11.0238,7.05129,3.48678,0.306943,0.0315043
20232,82870272,0.883392,0,0,20.8589,0.818794,11.6517,7.06405,3.51277,0.311835,0.0331319
20256,82968576,0.887533,0,0,19.2951,0.777915,10.9876,6.98637,3.82748,0.322874,0.0333761
20280,83066880,0.893565,0,0,18.54,0.797333,10.5881,7.00829,4.31838,0.293617,0.0337728
20304,83165184,0.899892,0,0,19.6611,0.812082,11.0354,7.00353,3.43841,0.30684,0.0337931
20328,83263488,0.906464,0,0,19.4715,0.818166,11.2276,7.02689,3.7016,0.281048,0.0340678
20352,83361792,0.910563,0,0,19.9933,0.813255,11.4417,7.03209,4.07368,0.319362,0.0335185
20376,83460096,0.916799,0,0,19.9999,0.842723,11.1242,6.95509,4.61194,0.285859,0.0337626
20400,83558400,0.922262,0,0,19.2576,0.828727,10.9732,7.09048,4.05628,0.317698,0.0344747
20424,83656704,0.929423,0,0,18.609,0.811885,10.6309,7.02238,4.49145,0.311874,0.0352681
20448,83755008,0.937602,0,0,19.4898,0.787095,11.5376,6.95236,3.66861,0.312399,0.0355835
20472,83853312,0.945536,0,0,18.0491,0.785089,10.0132,7.10968,4.27929,0.301818,0.0355021
20496,83951616,0.95107,0.00408409,0,20.0098,0.80587,10.5139,7.16389,4.2473,0.285936,0.0354513
20520,84049920,0.957479,0,0,20.1622,0.806559,11.8259,7.22645,4.0333,0.320612,0.0361328
20544,84148224,0.963298,0,0,20.0764,0.846933,12.4081,7.11476,4.09577,0.271486,0.0357056
20568,84246528,0.968567,0,0,19.7465,0.784926,9.75941,7.13983,2.95037,0.312463,0.0353292
20592,84344832,0.975281,0,0,19.4896,0.798,10.822,7.18267,3.49289,0.29274,0.0356445
20616,84443136,0.981791,0,0,19.6677,0.823107,12.0555,7.15907,3.62716,0.299969,0.0359904
20640,84541440,0.988617,0,0,18.4182,0.763254,10.0953,7.20885,4.06751,0.303559,0.0362651
20664,84639744,0.993886,0.00281743,0,19.804,0.817616,12.6121,7.15546,5.31146,0.291031,0.0366618
20688,84738048,1.00049,0,0,18.3474,0.806332,10.313,7.25329,4.87233,0.29115,0.0371297
20712,84836352,1.00679,0,0,21.3689,0.838815,11.7051,7.25538,4.14752,0.298623,0.0376383
20736,84934656,1.01235,0,0,20.0674,0.852573,11.5615,7.26539,5.07286,0.283519,0.0385335
20760,85032960,1.01927,0,0,19.0361,0.803454,10.3914,7.26939,5.1327,0.296994,0.038269
20784,85131264,1.02496,0,0,18.1224,0.763692,10.0911,7.21157,4.6934,0.354473,0.0382996
20808,85229568,1.03182,0,0,18.3538,0.782218,10.1916,7.17635,4.54413,0.289685,0.0374247
20832,85327872,1.03786,0,0,18.1461,0.784227,10.4308,7.14706,4.65028,0.298556,0.0373332
20856,85426176,1.04553,0,0,18.9113,0.769451,10.2046,7.15284,3.63385,0.290322,0.0375163
20880,85524480,1.05058,0,0,19.9425,0.81928,10.7478,7.21307,4.9678,0.308331,0.0373637
20904,85622784,1.05728,0,0,19.5727,0.817804,12.0166,7.35592,3.42505,0.299087,0.0366211
20928,85721088,1.06222,0,0,19.4706,0.785114,11.6144,7.30698,4.27899,0.31498,0.0371602
20952,85819392,1.07008,0,0,20.1428,0.819246,11.5163,7.34239,4.97178,0.313712,0.0378927
20976,85917696,1.0751,0,0,19.2908,0.780433,10.7928,7.28768,4.17838,0.288976,0.0385437
21000,86016000,1.08066,0.00428108,0,18.3241,0.745114,10.1702,7.32879,4.81286,0.300685,0.0390422
21024,86114304,1.08449,0.00506548,0,18.405,0.819085,10.2071,7.39732,4.71868,0.311074,0.0398865
21048,86212608,1.08856,0,0,19.6935,0.827634,11.0247,7.3532,4.20572,0.308413,0.0405579
21072,86310912,1.09347,0,0,21.1239,0.857813,12.3999,7.37472,4.20472,0.307749,0.0414937
21096,86409216,1.09844,0,0,18.8752,0.772709,10.4279,7.48135,5.0389,0.343854,0.0415243
21120,86507520,1.1032,0,0,20.4,0.831859,11.6419,7.28978,4.76297,0.300522,0.0418396
21144,86605824,1.109,0,0,19.4746,0.798247,11.085,7.39925,4.49104,0.311443,0.0420532
21168,86704128,1.11653,0,0,19.1189,0.783772,10.8355,7.39217,5.41609,0.293249,0.0412089
21192,86802432,1.12227,0,0,19.142,0.769493,10.7433,7.31551,4.45485,0.318484,0.0405273
21216,86900736,1.12948,0,0,18.1442,0.786398,9.86211,7.3078,5.04136,0.297564,0.039327
21240,86999040,1.13542,0.00434067,0,19.032,0.776966,10.7194,7.31983,4.15215,0.307648,0.0383606
21264,87097344,1.1407,0,0,18.1472,0.778275,10.3866,7.31534,4.78972,0.290117,0.0380554
21288,87195648,1.14531,0,0,19.014,0.786341,10.9757,7.43321,4.50841,0.324307,0.0376282
21312,87293952,1.15174,0,0,18.4748,0.796445,10.4499,7.48048,5.4865,0.302197,0.0366618
21336,87392256,1.15632,0,0,19.1773,0.767494,11.3046,7.37368,5.77554,0.325197,0.0368652
21360,87490560,1.16053,0,0,19.2676,0.835169,10.8132,7.33411,5.49695,0.289609,0.0370992
21384,87588864,1.16715,0,0,19.7147,0.802081,11.0502,7.59889,6.1707,0.291332,0.0362345
21408,87687168,1.17378,0.00882214,0,18.5366,0.814898,9.58176,7.61306,4.67233,0.290326,0.035909
21432,87785472,1.1794,0,0,20.5142,0.861458,11.5539,7.65615,5.10922,0.305781,0.0359395
21456,87883776,1.18679,0,0,18.7978,0.717879,11.0771,7.59279,4.75185,0.297799,0.0358073
21480,87982080,1.19254,0,0,19.005,0.748585,10.3154,7.62311,5.67192,0.307252,0.0357056
21504,88080384,1.19688,0,0,19.8675,0.79236,11.4097,7.62859,6.59672,0.285527,0.0355733
21528,88178688,1.20223,0,0,20.1765,0.810806,11.8029,7.70809,5.6516,0.30716,0.0353495
21552,88276992,1.20774,0,0,19.2753,0.808302,11.2019,7.73524,4.36895,0.333775,0.0364787
21576,88375296,1.21281,0,0,19.4598,0.785061,11.1111,7.69136,3.31387,0.310069,0.0362549
21600,88473600,1.22029,0,0,20.8585,0.745835,10.1614,7.66839,6.04037,0.306247,0.0357157
21624,88571904,1.22759,0,0,20.5013,0.779488,11.4031,7.59034,4.32316,0.28612,0.0352783
21648,88670208,1.23426,0,0,18.6831,0.793894,9.90382,7.55313,5.2153,0.300679,0.034963
21672,88768512,1.23979,0,0,20.5248,0.820866,11.921,7.73551,6.37814,0.281346,0.0341695
21696,88866816,1.2458,0,0,18.6309,0.790308,11.0489,7.8303,6.17796,0.301245,0.0336507
21720,88965120,1.25128,0,0,18.783,0.792761,10.8771,7.70967,5.32013,0.292221,0.0325724
21744,89063424,1.25943,0,0,17.6713,0.75912,10.2381,7.72487,7.51259,0.300469,0.0321248
21768,89161728,1.26591,0,0,21.603,0.863413,11.3362,8.00974,5.54715,0.334148,0.0332947
21792,89260032,1.27166,0,0,20.0399,0.79347,11.21,7.8668,4.9525,0.289701,0.0336405
21816,89358336,1.27804,0,0,19.6138,0.784482,10.8896,7.89822,6.14235,0.299909,0.033783
21840,89456640,1.28424,0,0,18.5975,0.791044,11.0344,7.74226,5.81749,0.295162,0.0335388
21864,89554944,1.29152,0,0,17.7153,0.762853,10.2746,7.87832,5.52592,0.289893,0.03361
21888,89653248,1.29879,0,0,19.1344,0.832042,11.6504,7.99091,6.14378,0.310239,0.0337219
21912,89751552,1.30514,0,0,18.9279,0.798866,11.2659,8.08671,4.95969,0.297361,0.0340983
21936,89849856,1.31114,0.00453539,0,20.2511,0.838611,11.3437,8.17169,5.07573,0.287582,0.0331217
21960,89948160,1.31709,0,0,19.6256,0.834959,11.5159,8.16634,5.63195,0.294907,0.0333455
21984,90046464,1.32384,0,0,21.9965,0.837188,12.7249,8.20171,5.55365,0.344143,0.0335693
22008,90144768,1.33084,0,0,17.9847,0.80189,10.314,8.11188,6.32552,0.285607,0.0327861
22032,90243072,1.33654,0,0,18.4309,0.790807,10.5946,8.11829,6.22867,0.311353,0.0320638
22056,90341376,1.34298,0,0,18.2551,0.761187,10.7847,8.05543,6.02555,0.292643,0.0314534
22080,90439680,1.34875,0,0,18.4444,0.794774,10.2531,8.06115,6.18252,0.283527,0.0301208
22104,90537984,1.35419,0.00521739,0,18.5995,0.815118,10.3258,7.99413,4.846,0.300178,0.0288391
22128,90636288,1.35982,0,0,18.6236,0.759397,11.6905,8.02398,5.42653,0.295687,0.0281474
22152,90734592,1.366,0,0,17.7984,0.743539,10.1545,8.1281,5.92677,0.326238,0.0273438
22176,90832896,1.3728,0,0,17.2248,0.818582,9.95383,8.28207,6.63286,0.302803,0.0283813
22200,90931200,1.37929,0,0,19.0353,0.799053,10.8423,8.22131,5.80099,0.294289,0.0282898
22224,91029504,1.38471,0,0,20.1082,0.823666,11.7515,8.30077,6.23001,0.301479,0.0280558
22248,91127808,1.39264,0,0,18.2081,0.750286,10.6722,8.20308,6.46834,0.287305,0.0278015
22272,91226112,1.40032,0,0,19.1132,0.788849,10.7498,8.20128,6.95696,0.303268,0.0276896
22296,91324416,1.40697,0,0,19.0558,0.803614,11.5875,8.23708,6.53045,0.284722,0.0279032
22320,91422720,1.41257,0,0,18.1761,0.798034,10.5172,8.22501,5.95383,0.306877,0.0277405
22344,91521024,1.41947,0,0,17.8381,0.747353,10.4666,8.24001,6.48796,0.303112,0.0271403
22368,91619328,1.42673,0,0,18.8929,0.771553,11.5788,8.23449,6.7699,0.297727,0.026947
22392,91717632,1.43286,0,0,17.59,0.755843,11.0175,8.27298,6.78466,0.305997,0.0271708
22416,91815936,1.44024,0,0,18.588,0.807581,11.3499,8.36909,6.91004,0.300369,0.026825
22440,91914240,1.44688,0,0,18.7746,0.762114,10.3969,8.24373,6.36622,0.308014,0.0263163
22464,92012544,1.45462,0,0,16.5564,0.693157,8.63996,8.3091,7.11681,0.312527,0.0267537
22488,92110848,1.4654,0,0,18.5003,0.797759,11.2025,8.47995,5.59497,0.306078,0.0267131
22512,92209152,1.47093,0,0,17.272,0.760441,9.74312,8.40686,5.7815,0.300416,0.0269775
22536,92307456,1.48042,0,0,17.3934,0.830916,10.439,8.47457,7.14659,0.296563,0.0269979
22560,92405760,1.48973,0,0,18.3211,0.808585,10.4778,8.33101,5.29555,0.31186,0.0268656
22584,92504064,1.49738,0,0,18.0972,0.787407,10.2935,8.48854,6.4981,0.277116,0.0267843
22608,92602368,1.50554,0,0,17.6031,0.800603,9.70941,8.38412,6.18586,0.290093,0.0262248
22632,92700672,1.5138,0,0,17.3297,0.688177,10.0477,8.41629,6.44452,0.336675,0.0260111
22656,92798976,1.51998,0.011044,0,17.8779,0.765595,10.453,8.46129,7.23876,0.311641,0.0256653
22680,92897280,1.52735,0,0,16.9809,0.800614,9.86004,8.44755,7.31558,0.305606,0.0256551
22704,92995584,1.53373,0,0,18.4978,0.781801,10.565,8.42788,8.00276,0.315442,0.0253805
22728,93093888,1.53971,0,0,17.542,0.74743,10.0239,8.4586,7.17465,0.300676,0.0251872
22752,93192192,1.54588,0,0,17.4703,0.793773,10.0485,8.57,8.46292,0.306594,0.0253296
22776,93290496,1.55233,0,0,17.3146,0.817055,10.0496,8.45765,8.48105,0.307042,0.0237935
22800,93388800,1.56209,0,0,17.5343,0.788516,10.2436,8.43164,7.20195,0.296986,0.023468
22824,93487104,1.57017,0.00327529,0,17.1701,0.772146,9.88543,8.52286,7.77603,0.302548,0.0227458
22848,93585408,1.57768,0,0,17.9167,0.79722,10.4941,8.49664,7.39517,0.329189,0.0223694
22872,93683712,1.58297,0,0,16.9278,0.7909,9.76891,8.54843,7.76526,0.361607,0.0222982
22896,93782016,1.58955,0,0,19.4158,0.765357,10.7999,8.62448,6.16125,0.298544,0.0225932
22920,93880320,1.59835,0,0,16.9143,0.788735,9.12015,8.61391,6.13175,0.29918,0.0225627
22944,93978624,1.60784,0,0,17.4917,0.768775,9.87547,8.59888,5.4349,0.307406,0.0216878
22968,94076928,1.61783,0,0,19.2253,0.800821,10.3099,8.52932,7.36565,0.299056,0.0205383
22992,94175232,1.62531,0,0,18.1363,0.755661,10.0784,8.56425,7.24323,0.31478,0.0198263
23016,94273536,1.63194,0,0,17.9575,0.801648,10.3611,8.58517,8.80245,0.297587,0.0195821
23040,94371840,1.63935,0,0,17.3813,0.770967,10.2659,8.57315,6.8433,0.293034,0.0189209
23064,94470144,1.64721,0,0,17.3781,0.791865,9.66451,8.6885,7.68271,0.301704,0.0185445
23088,94568448,1.65465,0,0,18.79,0.738493,10.2947,8.4259,7.96659,0.295195,0.0185547
23112,94666752,1.66091,0,0,19.1663,0.812517,11.169,8.58229,7.15275,0.306168,0.0188904
23136,94765056,1.66702,0,0,16.1912,0.744608,9.04527,8.62543,7.00825,0.309147,0.0193685
23160,94863360,1.67445,0.00272225,0,17.4474,0.770432,10.2495,8.58743,7.80577,0.310006,0.0186564
23184,94961664,1.68207,0,0,17.5231,0.800149,9.66714,8.58431,7.98065,0.325951,0.017568
23208,95059968,1.69078,0,0,17.8882,0.737442,10.2086,8.39304,8.07703,0.296636,0.017334
23232,95158272,1.69903,0,0,17.0885,0.790095,9.71206,8.48207,6.68571,0.30889,0.0172323
23256,95256576,1.70617,0,0,17.5548,0.777272,9.7284,8.5913,8.01013,0.298792,0.0171305
23280,95354880,1.71414,0,0,16.3085,0.751053,9.33069,8.62532,8.60533,0.308719,0.0164083
23304,95453184,1.72148,0,0,16.901,0.736907,9.66546,8.53638,8.98557,0.295467,0.0160929
23328,95551488,1.72942,0,0,16.9822,0.750017,9.36883,8.60547,7.68618,0.303368,0.0158691
23352,95649792,1.73765,0,0,16.6244,0.770246,9.69899,8.50258,8.8397,0.29989,0.0157572
23376,95748096,1.7453,0,0,16.2689,0.733409,9.25954,8.44132,7.59804,0.287472,0.0155538
23400,95846400,1.75274,0,0,17.5109,0.798979,10.1906,8.57482,7.69617,0.310427,0.0149943
23424,95944704,1.76208,0,0,17.5254,0.830211,9.64481,8.66063,9.63078,0.295273,0.0152486
23448,96043008,1.76894,0,0,17.2694,0.739519,9.02455,8.5142,7.28891,0.283449,0.0151672
23472,96141312,1.77493,0,0,16.8204,0.738295,9.43535,8.54148,7.88159,0.288314,0.0146891
23496,96239616,1.78178,0,0,16.6269,0.699279,9.04921,8.65115,8.15061,0.303892,0.0140991
23520,96337920,1.78811,0,0,17.2792,0.69005,10.0759,8.65331,8.17091,0.279363,0.0137126
23544,96436224,1.79733,0.0119487,0,18.0029,0.785945,9.9524,8.66264,7.96452,0.297521,0.0141602
23568,96534528,1.80549,0,0,18.1854,0.819211,10.0909,8.68714,6.32597,0.276058,0.0137126
23592,96632832,1.80963,0,0,17.6369,0.748978,9.48263,8.73006,6.7544,0.284843,0.0140483
23616,96731136,1.81535,0,0,17.1554,0.729439,9.51338,8.69635,7.62608,0.280943,0.0143127
23640,96829440,1.82195,0.0117486,0,17.9825,0.772028,11.0672,8.85855,6.99005,0.294329,0.0140991
23664,96927744,1.82993,0.0050928,0,16.3285,0.796646,8.79782,8.7623,8.49989,0.295182,0.0140686
23688,97026048,1.83713,0,0,17.955,0.721871,9.52087,8.81104,8.55892,0.291706,0.0141602
23712,97124352,1.8444,0,0,17.8135,0.772876,10.2014,8.67762,7.76349,0.283052,0.0141195
23736,97222656,1.8503,0,0,18.0142,0.771746,10.198,8.71989,9.16722,0.293886,0.0138346
23760,97320960,1.85772,0,0,16.6716,0.776962,9.83469,8.55796,7.57662,0.289636,0.0136312
23784,97419264,1.8645,0,0,15.8152,0.734209,8.73848,8.68934,10.2785,0.27459,0.0136515
23808,97517568,1.87146,0,0,16.1056,0.748549,9.07142,8.65561,8.95544,0.298085,0.0133057
23832,97615872,1.88057,0,0,16.8112,0.754522,9.66013,8.59664,8.05144,0.282492,0.0132141
23856,97714176,1.88906,0,0,17.6731,0.73836,9.89356,8.61865,8.14122,0.287469,0.0135193
23880,97812480,1.89699,0,0,17.9,0.782075,9.63484,8.80881,8.11246,0.292313,0.0129598
23904,97910784,1.90387,0.00293269,0,16.5596,0.730633,9.26061,8.77298,7.15241,0.297674,0.0125326
23928,98009088,1.9115,0,0,16.4017,0.745556,8.71256,8.67417,7.96812,0.293318,0.0125427
23952,98107392,1.9191,0,0,15.8049,0.70186,9.27944,8.78418,8.13354,0.325726,0.0127462
23976,98205696,1.92934,0,0,18.0981,0.794715,9.11522,8.60117,8.70453,0.313351,0.0127462
24000,98304000,1.93725,0,0,16.567,0.770335,9.14152,8.83777,9.59808,0.307271,0.0129293
24024,98402304,1.94703,0,0,16.4815,0.77579,9.09814,8.76299,8.86347,0.293521,0.0131531
24048,98500608,1.9559,0.00611746,0,16.6798,0.769242,9.69244,8.7637,9.64965,0.276565,0.0132243
24072,98598912,1.96327,0.00373692,0,17.002,0.765696,9.76314,8.97163,8.09227,0.294292,0.0137024
24096,98697216,1.9716,0,0,16.0824,0.762831,9.05457,8.81756,8.45618,0.293903,0.0139262
24120,98795520,1.97946,0,0,16.135,0.807985,9.30163,8.81078,9.41149,0.286816,0.0136007
24144,98893824,1.98735,0.00297516,0,17.5686,0.774045,9.85826,8.85674,9.47577,0.299979,0.0136515
24168,98992128,1.99313,0,0,16.4374,0.680119,8.72839,8.71859,8.64998,0.276783,0.0145569
24192,99090432,2.00119,0,0,16.268,0.731422,8.5387,8.72932,8.06139,0.278639,0.0145976
24216,99188736,2.01084,0,0,16.3192,0.735962,8.60569,8.67513,8.94801,0.29898,0.0154317
24240,99287040,2.0197,0,0,16.7059,0.750424,8.67707,8.71276,9.25875,0.293819,0.0157878
24264,99385344,2.02746,0,0,17.3594,0.802301,10.1442,8.74613,9.82115,0.29285,0.0160522
24288,99483648,2.03566,0,0,15.9848,0.70065,9.00924,8.64311,9.77246,0.296801,0.0165202
24312,99581952,2.04361,0,0,16.5184,0.773564,8.81088,8.82725,10.2648,0.287713,0.0166016
24336,99680256,2.05225,0,0,15.4672,0.759654,8.33068,8.63455,10.0123,0.282455,0.0163066
24360,99778560,2.06048,0.0034662,0,18.0154,0.758852,9.94736,8.63307,9.56907,0.301122,0.0166423
24384,99876864,2.0686,0.00287356,0,17.2134,0.783098,9.69883,8.77831,10.8803,0.294293,0.0170898
24408,99975168,2.07516,0,0,16.3476,0.76505,9.29802,8.81151,9.02766,0.279857,0.0173238
24432,100073472,2.08252,0,0,15.5454,0.709609,8.37782,8.79028,10.3359,0.295482,0.0173645
24456,100171776,2.08944,0,0,17.225,0.663447,9.027,8.58396,9.02205,0.316477,0.0174561
24480,100270080,2.09558,0,0,16.3342,0.759077,8.89623,8.80105,8.86326,0.287204,0.0174662
24504,100368384,2.10254,0,0,17.1254,0.766313,9.068,8.69983,10.506,0.288357,0.0178121
24528,100466688,2.10934,0,0,16.3164,0.70429,8.11841,8.87968,9.24254,0.304045,0.017629
24552,100564992,2.11756,0,0,17.1552,0.78192,9.6992,8.95407,9.50809,0.277802,0.0174662
24576,100663296,2.12625,0.00673163,0,16.4381,0.747075,8.81396,8.75047,8.99967,0.297336,0.0173747
24600,100761600,2.13338,0,0,15.9814,0.745599,8.88121,8.78883,9.9569,0.298252,0.0172017
24624,100859904,2.14258,0.00377023,0,15.7012,0.723049,8.25234,8.75209,7.64902,0.295009,0.0170898
24648,100958208,2.1514,0,0,16.2579,0.75226,8.30148,8.66108,9.29616,0.286217,0.0169373
24672,101056512,2.15757,0,0,16.6311,0.74529,9.30986,8.71345,10.3863,0.30439,0.016744
24696,101154816,2.16704,0,0,16.1358,0.770789,8.98334,8.782,10.0644,0.29713,0.0169779
24720,101253120,2.17639,0,0,15.6279,0.722156,8.39934,8.65867,9.8983,0.295042,0.0175069
24744,101351424,2.18571,0,0,15.8118,0.757299,8.64482,8.74848,11.3933,0.292597,0.0177104
24768,101449728,2.19512,0,0,16.26,0.786411,9.81527,8.66191,10.7636,0.318751,0.0175985
24792,101548032,2.20215,0,0,15.2373,0.726186,7.99095,8.7734,10.1953,0.299832,0.0178528
24816,101646336,2.2096,0,0,15.9834,0.776048,8.70455,8.79324,10.0354,0.276122,0.0180461
24840,101744640,2.21749,0,0,16.8635,0.750426,8.28437,8.84921,10.4324,0.274716,0.0179749
24864,101842944,2.22825,0,0,16.856,0.717463,8.93262,8.81185,10.0011,0.268175,0.0182088
24888,101941248,2.23682,0,0,16.7835,0.774182,9.25311,9.02596,9.33272,0.259299,0.018219
24912,102039552,2.24414,0,0,16.0225,0.704158,8.49868,8.98054,8.28835,0.318193,0.0181783
24936,102137856,2.25249,0,0,16.1997,0.768262,9.1278,9.01281,9.49455,0.28997,0.017985
24960,102236160,2.26151,0,0,15.9608,0.712153,8.75032,9.05768,9.77094,0.288156,0.0181681
24984,102334464,2.26966,0,0,15.9442,0.741733,8.33446,8.9656,8.70119,0.29098,0.0180868
25008,102432768,2.27761,0.0105223,0,16.3324,0.693037,8.09728,9.03626,10.2705,0.294959,0.0178121
25032,102531072,2.28467,0,0,16.5624,0.73554,9.40802,9.01129,11.4954,0.293065,0.0176595
25056,102629376,2.2916,0,0,15.7651,0.73349,8.44347,9.07711,10.2345,0.293068,0.0175883
25080,102727680,2.29788,0,0,15.8755,0.688901,8.77434,9.1311,10.167,0.308237,0.0175781
25104,102825984,2.30635,0,0,16.7083,0.720902,8.1185,9.02515,10.2066,0.279928,0.0179138
25128,102924288,2.31506,0,0,16.2239,0.733332,8.76088,9.07462,10.0633,0.278788,0.0175985
25152,103022592,2.32185,0,0,16.2563,0.742353,8.52243,9.2372,11.7234,0.28402,0.0173035
25176,103120896,2.32786,0,0,16.6745,0.726108,8.65804,9.08501,11.0282,0.290147,0.0168254
25200,103219200,2.33363,0,0,16.4742,0.782055,8.57292,9.10527,11.7868,0.288248,0.0166829
25224,103317504,2.34216,0,0,16.2148,0.775192,8.68737,9.13322,10.8087,0.27843,0.0162252
25248,103415808,2.35027,0,0,15.404,0.660124,8.25011,9.17184,10.5261,0.310861,0.016571
25272,103514112,2.36006,0,0,15.1834,0.684046,7.85065,9.09728,12.2524,0.295667,0.0162557
25296,103612416,2.36795,0,0,16.5321,0.684845,9.00116,9.04857,10.5917,0.300903,0.0159709
25320,103710720,2.37596,0,0,15.6538,0.712404,8.60656,8.99391,9.84141,0.295805,0.0160319
25344,103809024,2.38511,0,0,16.2055,0.761143,8.76734,9.17262,11.8064,0.282981,0.0159403
25368,103907328,2.39309,0,0,14.7907,0.691833,7.98767,9.14841,13.0816,0.281231,0.0157674
25392,104005632,2.40196,0,0,16.7832,0.754692,8.73874,9.25532,11.5303,0.323343,0.0158691
25416,104103936,2.41005,0,0,15.3468,0.691463,7.86537,9.21354,11.9608,0.287348,0.0154521
25440,104202240,2.41848,0,0,15.5328,0.736513,7.98181,9.2433,10.3737,0.308805,0.015269
25464,104300544,2.42699,0,0,15.8067,0.736984,7.81439,9.21015,10.2602,0.295224,0.0152588
25488,104398848,2.43409,0,0,16.0268,0.764363,8.61372,9.40186,10.9851,0.273078,0.0150655
25512,104497152,2.44195,0,0,15.9938,0.711261,8.6264,9.46034,11.3698,0.291579,0.0145772
25536,104595456,2.45179,0,0,14.7678,0.735046,8.05715,9.47437,13.168,0.316659,0.014506
25560,104693760,2.46092,0,0,15.3632,0.724306,8.11772,9.4112,8.86618,0.289129,0.0141907
25584,104792064,2.46953,0,0,15.3849,0.690155,8.02063,9.34727,10.9075,0.276952,0.0141703
25608,104890368,2.47687,0,0,15.3225,0.710233,8.1844,9.42045,10.7066,0.282524,0.0141907
25632,104988672,2.48656,0,0,15.9577,0.771045,8.2931,9.42657,11.1648,0.272208,0.0143738
25656,105086976,2.49564,0,0,15.6648,0.714449,8.39624,9.40322,10.3692,0.288524,0.0141602
25680,105185280,2.50349,0.00460123,0,15.8973,0.766,8.33091,9.54157,14.182,0.295511,0.0144653
25704,105283584,2.51243,0,0,15.0739,0.74176,7.99777,9.33786,10.9185,0.28763,0.0140991
25728,105381888,2.52114,0,0,15.7653,0.699127,8.3439,9.59817,12.3974,0.297987,0.013682
25752,105480192,2.52938,0,0,14.7107,0.727979,7.54986,9.49393,12.4492,0.287578,0.0139771
25776,105578496,2.53756,0,0,14.388,0.691795,7.11558,9.40867,11.0281,0.299208,0.0142619
25800,105676800,2.5441,0,0,15.8632,0.722772,8.54616,9.41905,12.3366,0.275894,0.0143941
25824,105775104,2.55349,0,0,14.9314,0.725641,8.03278,9.47435,12.3871,0.285069,0.0147095
25848,105873408,2.56373,0,0,16.503,0.71927,8.43581,9.3765,11.4385,0.289748,0.0148214
25872,105971712,2.57291,0,0,15.5784,0.727801,7.28436,9.62757,11.6562,0.288112,0.0153198
25896,106070016,2.58284,0.0077834,0,15.1844,0.711343,8.30138,9.44576,10.7552,0.296509,0.0154215
25920,106168320,2.59088,0,0,14.9467,0.70815,7.26313,9.46231,11.0577,0.301949,0.0154419
25944,106266624,2.59742,0,0,14.2312,0.670202,7.1532,9.4218,11.6821,0.279966,0.0148519
25968,106364928,2.60616,0,0,15.236,0.725263,7.88516,9.51811,12.3001,0.278788,0.0144958
25992,106463232,2.6147,0,0,14.7788,0.701889,7.1967,9.37982,10.8999,0.287522,0.0142721
26016,106561536,2.62399,0,0,14.9047,0.71148,7.64594,9.41126,12.7759,0.296062,0.0146383
26040,106659840,2.63277,0,0,14.5351,0.718833,7.49779,9.43317,13.0667,0.289402,0.014445
26064,106758144,2.64137,0,0,14.5417,0.718854,6.86363,9.62439,11.7497,0.279114,0.0138753
26088,106856448,2.65018,0,0,16.0529,0.73132,8.38997,9.50303,11.9098,0.297523,0.0132039
26112,106954752,2.65841,0,0,16.7914,0.746869,9.03827,9.52516,11.4493,0.312272,0.0128682
26136,107053056,2.66545,0,0,14.842,0.695813,7.81132,9.44628,12.0431,0.29089,0.0130514
26160,107151360,2.67328,0.00738962,0,14.6977,0.671764,7.24836,9.58258,11.7502,0.287179,0.0128988
26184,107249664,2.68361,0.00503145,0,16.321,0.818805,8.59712,9.77573,14.2506,0.298362,0.0125936
26208,107347968,2.69252,0,0,15.3662,0.714265,7.19844,9.4436,13.564,0.273841,0.0127055
26232,107446272,2.70162,0,0,16.3672,0.728636,7.76193,9.46843,12.2507,0.282212,0.0125224
26256,107544576,2.71183,0,0,14.6723,0.728641,7.4806,9.65902,13.2494,0.291152,0.0119629
26280,107642880,2.72114,0,0,15.6871,0.738895,8.59826,9.63621,14.9577,0.291635,0.0118815
26304,107741184,2.7275,0,0,14.7165,0.706161,7.50991,9.62194,11.5183,0.312034,0.0117188
26328,107839488,2.73504,0,0,14.8108,0.693983,7.63655,9.81321,12.4107,0.295556,0.0120138
26352,107937792,2.74243,0,0,16.2524,0.748374,8.71392,9.7149,12.6949,0.293297,0.0125631
26376,108036096,2.75092,0,0,14.4851,0.629173,7.01666,9.48512,13.1672,0.305503,0.0123698
26400,108134400,2.76045,0,0,15.6113,0.703718,7.72099,9.78099,12.1631,0.28002,0.012146
26424,108232704,2.7698,0.0107767,0,16.3027,0.711349,8.56632,9.71324,14.273,0.294168,0.0117391
26448,108331008,2.77821,0.00326833,0,14.6448,0.679957,7.66838,9.67481,11.9447,0.313307,0.01179
26472,108429312,2.78708,0.00762403,0,15.0708,0.709873,7.45536,9.78386,12.5895,0.280345,0.0116272
26496,108527616,2.79758,0.00564294,0,14.5593,0.628942,7.41808,9.83296,13.3027,0.29101,0.0119324
26520,108625920,2.80602,0,0,15.6509,0.711522,8.05553,9.97583,12.0593,0.284394,0.01179
26544,108724224,2.81511,0,0,14.576,0.688458,6.99998,9.88548,13.0896,0.284932,0.0119324
26568,108822528,2.82229,0,0,14.7354,0.662719,7.1615,10.0622,11.7892,0.287398,0.0116475
26592,108920832,2.8296,0.00840243,0,14.6312,0.660586,6.17772,9.86227,10.6236,0.283557,0.0116374
26616,109019136,2.83703,0,0,14.4757,0.686472,7.2687,9.95281,12.6841,0.29391,0.0116069
26640,109117440,2.84628,0,0,14.8177,0.697893,7.53245,9.98526,12.2906,0.287506,0.0118612
26664,109215744,2.8549,0,0,14.055,0.643535,7.06402,9.85058,12.8601,0.2955,0.0121562
26688,109314048,2.86313,0,0,14.2178,0.641142,6.82691,9.89359,12.4802,0.292443,0.0119629
26712,109412352,2.871,0,0,14.8695,0.671264,7.25079,10.0919,12.715,0.291666,0.0119629
26736,109510656,2.88011,0,0,14.7162,0.684146,7.12296,10.25,14.5449,0.285921,0.0118205
26760,109608960,2.88952,0.00749124,0,15.0995,0.669602,7.1976,10.0348,13.7347,0.283058,0.0114848
26784,109707264,2.89906,0,0,14.2093,0.6617,7.07074,10.1487,14.6397,0.308754,0.0112305
26808,109805568,2.90603,0,0,13.1602,0.597452,6.10644,10.0454,13.792,0.271462,0.011027
26832,109903872,2.91529,0,0,14.9432,0.716547,7.88141,10.1319,13.5837,0.284841,0.010671
26856,110002176,2.92178,0,0,15.8499,0.708705,7.97559,10.3471,13.666,0.282441,0.010203
26880,110100480,2.9295,0,0,14.3532,0.671877,7.36729,10.1866,12.5648,0.315417,0.00911458
26904,110198784,2.93479,0,0,14.5343,0.696973,7.0405,10.4191,12.499,0.301151,0.00926717
26928,110297088,2.94325,0,0,15.9433,0.65589,6.7933,10.3651,12.8292,0.298019,0.00953166
26952,110395392,2.95369,0,0,14.1139,0.658439,7.54902,10.4981,13.6196,0.300101,0.0102234
26976,110493696,2.96244,0,0,14.8585,0.685136,6.96658,10.2082,12.2044,0.311839,0.0102641
27000,110592000,2.97064,0,0,14.6143,0.69471,7.32636,10.5252,13.1982,0.284527,0.0108337
27024,110690304,2.9795,0,0,13.9498,0.631712,6.9438,10.3071,13.9601,0.293771,0.0105184
27048,110788608,2.98831,0.00303383,0,14.171,0.657729,6.30328,10.545,13.2914,0.280468,0.0107422
27072,110886912,2.99534,0,0,13.6762,0.635003,6.41757,10.3728,13.4123,0.286752,0.0107422
27096,110985216,3.00488,0,0,14.1024,0.636812,6.23155,10.4448,12.9325,0.279689,0.0108643
27120,111083520,3.01493,0.00607129,0,15.672,0.718603,8.25106,10.52,15.9527,0.286784,0.0106812
27144,111181824,3.02242,0.00767544,0,13.6879,0.6789,6.32213,10.3046,12.5411,0.298363,0.0103455
27168,111280128,3.03121,0,0,13.7214,0.677879,6.78694,10.5915,14.683,0.299741,0.0102539
27192,111378432,3.04114,0,0,12.8404,0.679142,5.84922,10.4399,14.3999,0.269396,0.0102132
27216,111476736,3.04982,0.00629688,0,13.4233,0.684348,6.23583,10.5215,14.8621,0.319982,0.0100708
27240,111575040,3.0567,0.00491976,0,14.5143,0.706549,6.58275,10.5055,13.5142,0.307029,0.0102539
27264,111673344,3.06619,0,0,14.1503,0.679981,6.9711,10.6459,15.8423,0.298176,0.0102539
27288,111771648,3.07412,0.00943693,0,14.2599,0.667996,7.12899,10.6182,13.9228,0.282661,0.0103455
27312,111869952,3.0836,0.00381867,0,13.5956,0.668039,6.94843,10.7139,14.5247,0.288987,0.0104879
27336,111968256,3.09346,0.00739056,0,13.6228,0.662107,6.54545,10.4879,15.2455,0.301738,0.0100505
27360,112066560,3.1011,0.00453429,0,13.848,0.681638,6.85677,10.4482,12.8074,0.286914,0.00931803
27384,112164864,3.10774,0.0136074,0,13.1323,0.631985,6.25208,10.5796,14.0735,0.303119,0.00927734
27408,112263168,3.1142,0,0,13.1928,0.630467,6.31166,10.5124,14.6642,0.311729,0.00927734
27432,112361472,3.123,0.00767628,0,14.0172,0.756019,7.31492,10.7888,16.5437,0.304892,0.00927734
27456,112459776,3.13165,0,0,13.9363,0.684743,6.87523,10.5173,15.4871,0.276838,0.00913493
27480,112558080,3.14129,0,0,13.5156,0.661072,6.58604,10.69,14.6888,0.303076,0.00923665
27504,112656384,3.1494,0,0,13.7744,0.684853,6.94324,10.5699,17.1764,0.306104,0.00964355
27528,112754688,3.15678,0.00711069,0,12.8597,0.663574,6.12552,10.813,14.7902,0.297278,0.00953166
27552,112852992,3.16449,0,0,14.3756,0.694151,6.3762,10.7957,14.7564,0.280847,0.00926717
27576,112951296,3.1738,0.00678777,0,14.6041,0.688329,7.4624,10.5752,13.9339,0.295616,0.00907389
27600,113049600,3.18385,0,0,12.8036,0.703207,6.25375,10.659,14.9348,0.291295,0.00923665
27624,113147904,3.1936,0.00296384,0,13.8958,0.630255,7.00119,10.6404,14.5608,0.299702,0.00907389
27648,113246208,3.2025,0.00451184,0,13.2315,0.659757,6.31474,10.7,14.3709,0.282682,0.00869751
27672,113344512,3.21089,0,0,13.8105,0.67165,6.74854,10.7692,16.4011,0.291655,0.00854492
27696,113442816,3.22049,0.00517063,0,14.0052,0.656207,6.67042,10.6575,14.9587,0.285701,0.00854492
27720,113541120,3.22998,0.00399791,0,14.009,0.680151,6.3386,10.7321,15.877,0.302876,0.00854492
27744,113639424,3.23997,0.00308896,0,14.1789,0.644497,6.78715,10.5744,15.4532,0.308888,0.00846354
27768,113737728,3.24993,0,0,13.8218,0.677325,6.79364,10.6427,14.9633,0.317373,0.00855509
27792,113836032,3.25812,0.00714061,0,13.991,0.687287,6.71078,10.7376,15.4517,0.301779,0.0085144
27816,113934336,3.26685,0.0105725,0,12.9861,0.655807,6.36255,10.7393,17.287,0.30919,0.00830078
27840,114032640,3.27602,0.00603032,0,13.8206,0.643403,6.69719,10.8406,16.4912,0.27356,0.00830078
27864,114130944,3.28422,0,0,12.5637,0.641089,6.17074,10.744,15.3615,0.3088,0.00854492
27888,114229248,3.29142,0,0,13.5714,0.697502,6.31796,10.7565,15.5361,0.29239,0.00858561
27912,114327552,3.29918,0.00560508,0,15.9411,0.674142,7.64695,10.7253,14.3493,0.294888,0.00811768
27936,114425856,3.30987,0.0104348,0,13.3359,0.66411,5.77652,10.5832,14.7196,0.294916,0.0074056
27960,114524160,3.31867,0,0,13.7117,0.66469,6.62848,10.782,15.3033,0.299124,0.00697835
27984,114622464,3.3266,0,0,13.012,0.631301,6.20834,10.654,13.9253,0.285194,0.00667318
28008,114720768,3.33568,0,0,14.1609,0.657121,6.71122,10.7058,16.2049,0.295406,0.0065918
28032,114819072,3.34324,0,0,13.8696,0.663179,6.72896,10.6406,15.2362,0.289247,0.00671387
28056,114917376,3.35281,0,0,14.1713,0.68486,6.67965,10.9855,16.27,0.28309,0.00667318
28080,115015680,3.3622,0,0,13.6244,0.661314,6.79476,10.6435,15.3567,0.28596,0.00675456
28104,115113984,3.37144,0,0,15.0097,0.6862,7.42928,10.8896,15.3925,0.286774,0.00669352
28128,115212288,3.38084,0,0,12.9454,0.581244,5.92374,10.7353,15.3035,0.289981,0.00681559
28152,115310592,3.38875,0.0106251,0,12.4396,0.592452,5.88288,10.6949,18.5054,0.307444,0.00708008
28176,115408896,3.39668,0.00475651,0,13.7437,0.609593,6.7674,10.6902,16.3618,0.310603,0.00728353
28200,115507200,3.40415,0.00365669,0,13.5673,0.64005,6.6126,10.8478,16.9416,0.29384,0.00750732
28224,115605504,3.41633,0.0113248,0,14.3896,0.678749,7.38172,10.6804,16.9323,0.294802,0.00724284
28248,115703808,3.42553,0.00452367,0,14.1285,0.658441,7.43365,10.7535,17.0584,0.289716,0.00721232
28272,115802112,3.43257,0.00553739,0,13.4798,0.673603,6.38364,10.7718,17.5478,0.283246,0.00787354
28296,115900416,3.44012,0.00299949,0,12.4757,0.634908,5.98699,10.7423,15.7194,0.292963,0.00788371
28320,115998720,3.44748,0.0114056,0,13.5388,0.626399,6.40279,10.7326,15.9115,0.275086,0.00777181
28344,116097024,3.4538,0,0,13.4856,0.646721,6.35303,10.8214,17.1599,0.283318,0.0078125
28368,116195328,3.46106,0,0,12.9036,0.678539,6.17667,10.718,16.1342,0.300006,0.00805664
28392,116293632,3.4701,0,0,14.4018,0.752972,7.37525,11.0856,16.1478,0.273344,0.00813802
28416,116391936,3.48125,0.00396129,0,12.9994,0.648908,6.39968,10.9082,17.5733,0.299637,0.00840251
28440,116490240,3.49246,0.00388027,0,13.3835,0.663535,6.54677,10.8187,16.0876,0.288482,0.00854492
28464,116588544,3.50063,0.018911,0,14.5215,0.665314,6.87718,10.7153,16.834,0.298934,0.00836182
28488,116686848,3.50987,0.0109981,0,12.9626,0.615653,6.18426,10.9301,17.8183,0.2842,0.00787354
28512,116785152,3.52046,0.00920133,0,13.8727,0.63223,7.20118,10.7549,15.583,0.279226,0.00734456
28536,116883456,3.53079,0.0104563,0,14.9923,0.72012,6.98425,10.9937,15.4013,0.298799,0.00750732
28560,116981760,3.53997,0.004327,0,14.3066,0.656077,7.02515,11.0567,14.2949,0.265841,0.00738525
28584,117080064,3.55038,0,0,14.501,0.642489,6.81161,11.0493,15.9312,0.318392,0.0075175
28608,117178368,3.5583,0,0,15.2619,0.732734,7.77274,10.949,15.2882,0.304922,0.00805664
28632,117276672,3.56541,0,0,14.27,0.657714,7.08792,11.0468,16.5742,0.291976,0.00834147
28656,117374976,3.57304,0.00724825,0,12.8193,0.543147,5.70897,11.0036,16.8187,0.303631,0.00854492
28680,117473280,3.58158,0,0,14.2157,0.697372,7.14356,11.3496,19.6564,0.281481,0.00854492
28704,117571584,3.59187,0.00304801,0,13.9849,0.682961,6.52061,11.3156,17.5556,0.315809,0.00926717
28728,117669888,3.60176,0.00519108,0,14.6248,0.629216,6.57468,11.074,18.9179,0.284996,0.00967407
28752,117768192,3.61131,0.00440875,0,13.0379,0.640147,6.28756,10.9875,18.5619,0.280661,0.00992839
28776,117866496,3.62098,0.00514353,0,13.5933,0.617522,6.814,11.0836,16.6421,0.260731,0.00961304
28800,117964800,3.63183,0,0,14.3391,0.654336,7.34219,11.2011,17.6264,0.308963,0.00975545
28824,118063104,3.64222,0.00450418,0,13.286,0.653694,6.4021,11.2259,17.2883,0.324753,0.00982666
28848,118161408,3.64956,0.0089669,0,14.1197,0.681728,7.39017,11.1826,16.5871,0.294814,0.00962321
28872,118259712,3.65891,0,0,13.3746,0.610508,6.20732,11.4177,18.6007,0.27885,0.00952148
28896,118358016,3.66849,0.0113379,0,14.1262,0.628851,6.7644,11.0066,16.319,0.309483,0.00947062
28920,118456320,3.67903,0.00643816,0,13.4759,0.608733,6.20923,11.1391,17.1191,0.305367,0.00968425
28944,118554624,3.68733,0,0,12.9948,0.632882,6.4489,11.3893,15.9214,0.294902,0.00979614
28968,118652928,3.6968,0.00357489,0,14.9643,0.636217,7.71317,11.1543,16.8257,0.282751,0.00976562
28992,118751232,3.70443,0,0,15.0364,0.695518,6.90811,11.1906,15.2973,0.297782,0.0101115
29016,118849536,3.71338,0.00981078,0,13.8658,0.650264,6.64614,11.3278,18.1649,0.306302,0.0100301
29040,118947840,3.72333,0,0,13.4884,0.661311,6.74394,11.2354,15.8712,0.283828,0.0102946
29064,119046144,3.73457,0,0,13.8401,0.655684,6.67658,11.4956,17.8186,0.294615,0.010376
29088,119144448,3.74473,0.00387147,0,12.821,0.628499,5.6672,11.1239,16.2602,0.299833,0.0107422
29112,119242752,3.7539,0.00739266,0,13.8581,0.620727,6.66097,11.2685,17.5389,0.291566,0.0105591
29136,119341056,3.762,0.00343339,0,13.3485,0.642638,6.21938,11.5064,17.4594,0.324217,0.0103149
29160,119439360,3.77056,0,0,13.033,0.62081,5.81501,11.3164,18.4547,0.29487,0.0106405
29184,119537664,3.77846,0,0,13.2973,0.621527,6.26466,11.1901,18.5599,0.286117,0.0109253
29208,119635968,3.7867,0,0,13.2157,0.665857,6.37267,11.3183,17.5702,0.298097,0.0106506
29232,119734272,3.79472,0.00640581,0,12.6351,0.593568,5.99132,11.2126,16.7755,0.273042,0.0108643
29256,119832576,3.80241,0.00443599,0,13.219,0.625045,6.42606,11.3446,18.7263,0.285373,0.0114848
29280,119930880,3.80919,0.0288575,0,13.2244,0.622065,6.46399,11.3238,16.8186,0.291511,0.0112712
29304,120029184,3.8165,0.00537126,0,13.8627,0.647281,6.75166,11.4458,17.6853,0.270232,0.0117188
29328,120127488,3.82454,0,0,13.9866,0.63777,6.60955,11.3723,16.9237,0.29578,0.0115967
29352,120225792,3.83168,0.0159393,0,13.3608,0.639035,6.92746,11.1876,19.6375,0.272798,0.0118815
29376,120324096,3.83924,0,0,14.5714,0.694159,7.34819,11.4164,18.9024,0.2937,0.0120748
29400,120422400,3.84652,0,0,13.3025,0.634294,6.675,11.332,17.7453,0.291764,0.0122884
29424,120520704,3.85679,0.00537373,0,14.3427,0.65181,6.60984,11.3857,17.7876,0.296837,0.0121358
29448,120619008,3.86591,0,0,13.5148,0.630314,6.3328,11.539,18.3466,0.305018,0.0128581
29472,120717312,3.87468,0.00687249,0,13.9255,0.721822,7.34533,11.8037,21.5618,0.311154,0.0131429
29496,120815616,3.88137,0.00728294,0,13.7965,0.62688,6.53355,11.4095,18.0604,0.315903,0.0137736
29520,120913920,3.88816,0.0106572,0,13.7462,0.659738,6.80779,11.4682,17.7741,0.305194,0.0140991
29544,121012224,3.89638,0.00380715,0,13.2859,0.622592,5.74183,11.1602,15.7918,0.312027,0.0146383
29568,121110528,3.90422,0,0,13.6254,0.682899,6.95752,11.5624,17.6311,0.305107,0.0149638
29592,121208832,3.91017,0,0,12.5331,0.661435,6.06599,11.198,16.4913,0.315344,0.0145467
29616,121307136,3.91967,0,0,12.17,0.619935,6.08053,11.3523,18.0876,0.283799,0.013855
29640,121405440,3.92949,0.00464396,0,12.9698,0.615842,6.27137,11.401,18.211,0.311126,0.0137227
29664,121503744,3.93831,0.00359195,0.023015,12.6345,0.620983,6.03941,11.3509,19.2426,0.295078,0.0139567
29688,121602048,3.94616,0.00874751,0,12.6382,0.593337,6.12691,11.1239,20.2781,0.301238,0.0140279
29712,121700352,3.95474,0.00399981,0,13.3008,0.663641,6.47232,11.5147,19.3474,0.319014,0.0135091
29736,121798656,3.96434,0.00574933,0,14.0471,0.632198,7.10626,11.4533,22.1618,0.301809,0.0135905
29760,121896960,3.97305,0.00374983,0,14.8955,0.638552,7.1597,11.3487,19.552,0.314162,0.0136414
29784,121995264,3.98236,0.00461163,0,13.9327,0.61411,6.91789,11.3108,20.7324,0.303964,0.0140584
29808,122093568,3.99276,0.00879957,0,13.7545,0.617397,6.64397,11.3485,19.139,0.293973,0.0149536
29832,122191872,4.00275,0.00422564,0,13.508,0.672503,6.48851,11.3745,20.2911,0.285828,0.0152283
29856,122290176,4.01199,0.00357675,0,13.979,0.609309,6.49234,11.3918,19.5799,0.302717,0.0151367
29880,122388480,4.02072,0.0168337,0,12.8723,0.596424,5.56367,11.2121,17.7758,0.287691,0.0155538
29904,122486784,4.02918,0.00837029,0,13.8486,0.607623,6.37262,11.1478,17.0237,0.308036,0.0156453
29928,122585088,4.0377,0.0112462,0,13.8616,0.613796,6.69215,11.3509,19.2128,0.295813,0.0154724
29952,122683392,4.04499,0.00368693,0,13.0873,0.634164,5.47549,11.2536,17.619,0.312119,0.0153809
29976,122781696,4.05291,0,0,12.4473,0.63921,5.72649,11.5781,19.8924,0.304973,0.0153605
30000,122880000,4.06302,0,0,14.2023,0.676638,6.59282,11.4164,17.6249,0.307042,0.0148926
30024,122978304,4.07208,0.00224084,0,13.5763,0.662466,6.12895,11.4958,20.2967,0.297314,0.0147909
30048,123076608,4.08126,0.00734977,0,12.4855,0.573929,5.59616,11.5776,19.3814,0.293683,0.014506
30072,123174912,4.08908,0.00444491,0,12.8802,0.589434,5.99394,11.5765,18.7827,0.281887,0.0142008
30096,123273216,4.09728,0.00379579,0,12.9425,0.621432,6.39898,11.726,20.1346,0.302316,0.0141093
30120,123371520,4.1063,0.00339876,0,13.3553,0.609046,6.06509,11.5504,18.9566,0.29072,0.0145772
30144,123469824,4.11515,0.00529982,0,12.9439,0.629476,6.36221,11.7469,20.1502,0.29601,0.0145671
30168,123568128,4.12602,0.00583576,0,12.7522,0.613247,6.27744,11.6769,21.8074,0.292278,0.0143331
30192,123666432,4.1336,0,0,13.8375,0.598422,6.7852,11.4244,20.1143,0.310011,0.0144043
30216,123764736,4.1427,0.00822642,0,13.6677,0.65884,6.87733,11.7008,20.4298,0.281726,0.0144958
30240,123863040,4.15318,0,0,12.9402,0.625315,5.86139,11.5271,19.6367,0.290983,0.0151367
30264,123961344,4.16137,0,0,14.419,0.626965,6.47555,11.5744,18.7759,0.301603,0.0151774
30288,124059648,4.16961,0,0,13.0881,0.629206,6.74086,11.5792,21.888,0.30197,0.0151164
30312,124157952,4.17766,0.00505537,0,12.7115,0.622264,5.66001,11.5816,20.7003,0.29878,0.0150859
30336,124256256,4.18656,0.0297764,0,12.8494,0.596916,6.06722,11.5521,20.5465,0.320998,0.0153503
30360,124354560,4.19623,0,0,13.2763,0.616272,6.40156,11.5653,18.9934,0.292709,0.0157369
30384,124452864,4.20429,0.00949968,0,13.6222,0.650865,6.68629,11.6029,22.2063,0.292456,0.0152995
30408,124551168,4.21254,0.00478455,0,12.6985,0.630632,6.47971,11.8647,19.977,0.293971,0.0151367
30432,124649472,4.22038,0,0,13.0221,0.607978,5.97375,11.4556,18.4486,0.302929,0.0150248
30456,124747776,4.22903,0,0,13.2222,0.650564,5.85084,11.5689,20.7587,0.298634,0.0148926
30480,124846080,4.23881,0.00835277,0,13.4685,0.615464,6.02861,11.671,17.4884,0.300954,0.0146586
30504,124944384,4.24621,0,0,13.6313,0.680442,6.52135,11.8494,20.7961,0.311704,0.0142822
30528,125042688,4.25496,0.0123472,0,12.0515,0.620564,5.6493,11.7405,19.8222,0.282596,0.0139058
30552,125140992,4.264,0.00412163,0,13.7069,0.663519,6.19626,11.7296,19.4237,0.294903,0.0131938
30576,125239296,4.27096,0.0114781,0,13.0541,0.643254,5.98209,11.8361,21.1027,0.283448,0.0130005
30600,125337600,4.2778,0.00678385,0,12.9589,0.660931,5.71743,11.7939,19.0828,0.28746,0.0132548
30624,125435904,4.28477,0,0,11.992,0.580863,5.22682,11.6862,17.5115,0.304451,0.0134277
30648,125534208,4.29241,0,0,13.4963,0.603653,6.03081,11.6158,18.2963,0.290073,0.013031
30672,125632512,4.30002,0.014277,0,12.7352,0.578927,5.62828,11.9221,23.8214,0.28781,0.0132446
30696,125730816,4.30828,0,0,13.1178,0.694835,6.49945,11.8771,19.519,0.277292,0.0134176
30720,125829120,4.31613,0,0,14.1946,0.69688,6.95337,12.0741,21.7414,0.291517,0.0131734
30744,125927424,4.32377,0.00774293,0,14.0035,0.62773,7.26964,12.1605,23.5672,0.292182,0.0138245
30768,126025728,4.33157,0.0172646,0,12.6959,0.607111,6.36693,11.8438,21.4593,0.309479,0.0145874
30792,126124032,4.33867,0.00330445,0,13.3801,0.656337,6.62603,11.7864,20.3431,0.267872,0.0141093
30816,126222336,4.34618,0.0127142,0,12.766,0.662282,5.92571,11.9529,20.5961,0.279242,0.013387
30840,126320640,4.35235,0,0,12.7574,0.572694,6.09671,11.8824,21.1527,0.289558,0.0135905
30864,126418944,4.35924,0.00694066,0,13.0448,0.624573,6.19081,11.9602,19.4228,0.270869,0.0137939
30888,126517248,4.3669,0,0,13.3459,0.65158,6.67976,11.9597,20.2719,0.296346,0.0133464
30912,126615552,4.378,0,0,13.8213,0.625361,6.74142,11.9043,20.6413,0.288143,0.0131734
30936,126713856,4.3864,0.00355366,0,12.3952,0.614777,6.07408,12.0423,22.3346,0.287649,0.0130615
30960,126812160,4.39645,0,0,12.2562,0.577349,5.77527,11.7994,21.2826,0.304974,0.0137838
30984,126910464,4.40591,0.00723178,0,12.7317,0.63213,5.57233,11.6425,21.085,0.289458,0.0140686
31008,127008768,4.4151,0.00451241,0,12.6268,0.649121,5.78553,11.9011,21.1487,0.302903,0.0139262
31032,127107072,4.42448,0.0240439,0,13.5819,0.63146,5.98599,11.8641,19.7917,0.30025,0.0144043
31056,127205376,4.43307,0.0128784,0,13.214,0.639817,6.26439,11.8602,20.9071,0.30682,0.0145671
31080,127303680,4.44108,0.0277213,0,12.0682,0.591998,5.43319,11.8787,20.0197,0.309765,0.0150045
31104,127401984,4.4493,0.0242985,0,13.3386,0.610249,6.73571,11.8508,20.4219,0.278896,0.0151265
31128,127500288,4.45753,0,0,13.8845,0.646523,6.17089,11.8194,19.908,0.296573,0.0149231
31152,127598592,4.46393,0.0118448,0,12.9539,0.633096,5.23475,11.9705,21.4296,0.295088,0.0156555
31176,127696896,4.47123,0.0165746,0,13.0553,0.611162,6.47919,11.7605,20.0034,0.285457,0.0157471
31200,127795200,4.47983,0.0107596,0,13.3132,0.640505,6.42554,11.8703,22.9544,0.268097,0.0163066
31224,127893504,4.48794,0.00535578,0,12.3895,0.616601,5.95302,11.7048,22.0017,0.295174,0.0167542
31248,127991808,4.49569,0.00453262,0,12.6373,0.650183,6.44783,11.9695,23.5607,0.307786,0.0162455
31272,128090112,4.50379,0.0102241,0,12.833,0.551441,5.91302,11.9104,23.9525,0.295764,0.0155945
31296,128188416,4.51292,0,0,12.6795,0.610677,6.30323,11.8336,21.636,0.303438,0.0153503
31320,128286720,4.5217,0.00494089,0,13.1399,0.651655,6.74688,11.9286,23.0152,0.289644,0.0151164
31344,128385024,4.52885,0.0069808,0,12.1071,0.645207,5.42796,11.89,22.2671,0.313098,0.0145976
31368,128483328,4.53643,0.00437158,0,12.0291,0.625918,5.82146,12.0547,21.4872,0.290603,0.0145264
31392,128581632,4.54363,0,0,13.2336,0.622039,6.24086,12.0464,22.7182,0.296054,0.0148417
31416,128679936,4.55378,0,0,13.3557,0.622474,6.14744,12.0229,22.0767,0.290613,0.0149028
31440,128778240,4.56386,0.0126693,0,12.8097,0.626458,6.38759,12.3037,24.0267,0.278633,0.0148722
31464,128876544,4.57438,0,0,12.877,0.638252,6.53754,12.0727,22.0939,0.305147,0.0147909
31488,128974848,4.58416,0.0101286,0,12.6592,0.672494,5.81735,12.221,22.0703,0.272178,0.0148926
31512,129073152,4.59222,0,0,12.0789,0.543482,4.97704,11.9076,22.4629,0.287301,0.0148621
31536,129171456,4.60337,0.00482218,0,12.9308,0.617752,5.89573,12.2975,23.2485,0.276027,0.0154419
31560,129269760,4.6125,0.0241227,0,12.804,0.683587,5.87657,12.3731,20.6945,0.300604,0.0160217
31584,129368064,4.62047,0.0148715,0,12.2121,0.570592,5.32207,12.1575,22.1414,0.304365,0.0157572
31608,129466368,4.62851,0.00206176,0,12.316,0.592753,5.95097,12.3092,19.5288,0.279579,0.0155233
31632,129564672,4.63861,0.00453437,0,13.3957,0.604732,5.80232,12.0346,19.7668,0.294749,0.015859
31656,129662976,4.64969,0.00369208,0,12.5899,0.645577,5.49119,12.5076,21.6116,0.288071,0.0162252
31680,129761280,4.65794,0,0,13.3128,0.649951,5.93669,12.2426,19.6537,0.278495,0.0164083
31704,129859584,4.66742,0.00859699,0,12.4327,0.627029,5.5347,12.2697,22.1532,0.298003,0.0167542
31728,129957888,4.67414,0.0139986,0,12.8973,0.663678,6.41438,12.4038,22.7963,0.270896,0.016744
31752,130056192,4.68383,0.0139625,0,13.5948,0.637938,5.78788,12.5763,24.2402,0.294129,0.0155843
31776,130154496,4.69204,0.0113982,0,12.772,0.6018,5.97684,12.2959,23.1793,0.331523,0.0152588
31800,130252800,4.70171,0.00742004,0,14.2248,0.667036,6.92728,12.7198,22.7056,0.295009,0.0153402
31824,130351104,4.71033,0,0,13.157,0.615705,6.37451,12.8466,24.1059,0.300312,0.0152995
31848,130449408,4.71876,0,0,13.4418,0.646208,7.06236,12.7285,22.5314,0.28197,0.0148417
31872,130547712,4.72802,0,0,14.2562,0.654831,7.0915,12.9136,23.5474,0.278186,0.0147095
31896,130646016,4.73769,0.00474737,0,12.8254,0.614681,6.11997,12.3108,23.3023,0.276658,0.0148926
31920,130744320,4.74689,0.00698272,0,12.6604,0.62502,5.91037,12.6385,21.3641,0.290486,0.0148519
31944,130842624,4.75621,0.0528091,0,11.8829,0.604635,4.77829,12.5467,21.0668,0.283704,0.0144857
31968,130940928,4.76572,0,0,11.572,0.576323,4.83523,12.608,22.8877,0.306287,0.0141398
31992,131039232,4.77347,0.0177943,0,12.688,0.666302,6.51462,12.9638,24.5619,0.267258,0.0141907
32016,131137536,4.7834,0.00545915,0,12.3795,0.635756,5.89688,12.8121,23.5578,0.289163,0.0139974
32040,131235840,4.79336,0.00418118,0,13.4938,0.645151,6.1486,12.8213,23.0003,0.297108,0.0133464
32064,131334144,4.8027,0.00805153,0,12.9325,0.585446,5.95473,13.0133,23.3762,0.31318,0.0130615
32088,131432448,4.80976,0,0,12.1605,0.639399,5.37634,12.6921,20.5909,0.283415,0.0126343
32112,131530752,4.82032,0,0,12.6988,0.644215,5.6489,13.0775,21.4378,0.2734,0.0126241
32136,131629056,4.82911,0.00272042,0,13.6079,0.633475,5.75475,12.8341,21.6121,0.300262,0.01238
32160,131727360,4.83894,0,0,13.7328,0.627996,6.96855,13.1308,26.3242,0.293372,0.0117798
32184,131825664,4.84947,0.0152614,0,12.7106,0.586778,6.35444,12.9301,24.1684,0.280378,0.0117086
32208,131923968,4.85813,0.00370176,0,12.0595,0.595959,5.85857,13.0042,24.3926,0.288991,0.011556
32232,132022272,4.86775,0.0106653,0,12.09,0.603953,5.6342,12.9305,22.787,0.293079,0.010793
32256,132120576,4.87509,0.00452916,0,13.174,0.601206,6.50849,13.2135,25.2059,0.28929,0.0106405
32280,132218880,4.88225,0.00803232,0,12.4939,0.618638,5.47581,12.8026,24.0689,0.285664,0.0107422
32304,132317184,4.89024,0.0242176,0,12.656,0.65163,5.65722,13.1232,24.8246,0.281889,0.0108236
32328,132415488,4.89837,0,0,12.0769,0.632594,5.3939,12.8789,21.3069,0.295564,0.0108948
32352,132513792,4.90784,0.00721785,0,12.6815,0.619715,5.5673,13.0338,23.8743,0.268394,0.010732
32376,132612096,4.91464,0.0025545,0,13.1882,0.649019,6.1638,13.2085,25.3678,0.288294,0.010498
32400,132710400,4.92287,0,0,12.7319,0.654725,5.62534,13.0394,21.789,0.302572,0.0103658
32424,132808704,4.93469,0.0314236,0,13.0048,0.627361,6.1316,13.1698,25.4411,0.28045,0.0105896
32448,132907008,4.94404,0.0152879,0.00965251,13.1267,0.610032,5.66108,12.9457,22.3966,0.28967,0.0103556
32472,133005312,4.9555,0.00549336,0,11.5952,0.627029,5.14642,13.0793,25.8269,0.278051,0.0101929
32496,133103616,4.9639,0.00989529,0,12.2918,0.632881,5.9794,13.0734,23.2783,0.290556,0.0100098
32520,133201920,4.97259,0.0113379,0,12.3112,0.609811,5.76899,13.0381,25.0771,0.310562,0.00967407
32544,133300224,4.98117,0.00343997,0,12.2289,0.671594,5.45863,12.9965,21.4577,0.280287,0.00890096
32568,133398528,4.98855,0.0134048,0,12.0965,0.642224,5.5085,13.3579,23.5259,0.270187,0.00854492
32592,133496832,4.99439,0.0279236,0,12.66,0.604196,5.88053,13.0835,22.3751,0.29683,0.0083313
32616,133595136,5.0008,0.0127613,0,12.5165,0.642686,5.94063,13.0093,21.5521,0.284489,0.00816854
32640,133693440,5.00862,0.00846262,0,13.1086,0.640309,5.62619,13.2918,24.022,0.321319,0.00798543
32664,133791744,5.01833,0.0142832,0,12.0088,0.611963,5.38485,13.0611,22.996,0.306713,0.00759888
32688,133890048,5.02881,0.0107565,0,13.5687,0.66692,6.80185,13.6446,25.5695,0.289293,0.00720215
32712,133988352,5.03785,0.0332777,0,11.8411,0.642274,5.70081,13.195,24.362,0.278904,0.00706991
32736,134086656,5.04697,0.0223694,0,12.2685,0.605416,5.19502,13.3219,23.9814,0.274531,0.00738525
32760,134184960,5.05445,0.0251262,0,12.1995,0.62474,5.31989,13.079,22.4836,0.280383,0.00725301
32784,134283264,5.06258,0.0530698,0,11.8741,0.566652,5.28482,13.0538,22.4169,0.29167,0.00703939
32808,134381568,5.06922,0.0316722,0.0086741,12.8264,0.641419,6.18745,13.3094,25.0901,0.282501,0.0065918
32832,134479872,5.07656,0.00835154,0,12.0904,0.562433,5.66194,13.2131,24.2868,0.298989,0.0065918
32856,134578176,5.08497,0,0,12.1234,0.67239,5.65292,13.4336,23.7127,0.277242,0.0065918
32880,134676480,5.09521,0.027804,0,11.3778,0.596464,5.37681,13.1428,25.7561,0.296135,0.00650024
32904,134774784,5.10305,0.0210402,0,11.8137,0.600778,5.32658,13.4511,24.9424,0.281427,0.0065918
32928,134873088,5.10929,0.00326673,0,12.4712,0.585314,5.65906,13.1641,23.8707,0.265692,0.00680542
32952,134971392,5.11651,0.0107389,0,12.9407,0.683962,5.82777,13.4567,25.2766,0.297291,0.00656128
32976,135069696,5.12564,0.008928,0,11.5974,0.593892,4.78918,13.2203,25.2738,0.281245,0.00623576
33000,135168000,5.13456,0.0129739,0,12.755,0.657888,6.37791,13.2259,23.9364,0.289275,0.00600179
33024,135266304,5.14512,0,0,12.2914,0.642496,5.35006,13.387,23.391,0.28641,0.00585938
33048,135364608,5.15412,0.0268259,0,11.5406,0.585865,4.93953,13.2186,22.2502,0.282594,0.00581869
33072,135462912,5.16335,0.0196237,0,11.9838,0.603143,5.27224,13.3629,24.1494,0.282461,0.00578817
33096,135561216,5.1728,0.0499069,0,11.7069,0.647848,5.32303,13.6197,25.2017,0.288408,0.00583903
33120,135659520,5.18078,0.0251955,0,11.4544,0.559505,4.84097,13.5231,23.3137,0.289742,0.00541178
33144,135757824,5.1906,0.00592083,0,12.6069,0.671367,5.96882,13.6724,26.3604,0.295157,0.00522868
33168,135856128,5.20014,0,0,12.9707,0.655679,6.62138,13.7714,26.1799,0.297386,0.00510661
33192,135954432,5.20941,0.0130708,0,11.9342,0.617151,5.37084,13.3997,23.5895,0.297148,0.00498454
33216,136052736,5.21908,0.0135872,0,12.255,0.63234,5.76027,13.564,22.5146,0.290355,0.00476074
33240,136151040,5.22899,0.0304987,0,12.3488,0.61374,5.70967,13.5309,24.0972,0.293484,0.00469971
33264,136249344,5.23575,0.0114766,0.0203275,12.1643,0.615249,5.74007,14.079,25.8271,0.290839,0.00449626
33288,136347648,5.24192,0.00813977,0,11.8777,0.600809,5.29179,13.7448,25.5117,0.289684,0.00439453
33312,136445952,5.24953,0.0128908,0,12.0659,0.644224,5.30131,13.5098,24.6629,0.283219,0.00429281
33336,136544256,5.2598,0.0270251,0,13.2335,0.707444,6.38618,14.2244,26.7979,0.271901,0.00453695
33360,136642560,5.26855,0.00348857,0,12.3743,0.617202,5.30548,13.8595,25.0181,0.288719,0.0045166
33384,136740864,5.27644,0.00364365,0,12.8745,0.628334,5.57929,13.8972,25.681,0.289419,0.00456746
33408,136839168,5.28512,0.0337611,0.0118273,13.643,0.668133,5.87236,14.1438,24.6861,0.279323,0.00441488
33432,136937472,5.29511,0.0143065,0,12.6726,0.650103,5.79728,13.9205,25.2278,0.293369,0.00443522
33456,137035776,5.30424,0.03109,0,12.2101,0.610832,5.46969,13.4597,25.5364,0.274665,0.00445557
33480,137134080,5.31387,0.0109609,0,12.3409,0.630414,5.44728,13.8502,25.9164,0.278032,0.00439453
33504,137232384,5.32302,0.00416468,0,13.2259,0.655566,6.89393,14.1321,27.4809,0.281797,0.00463867
33528,137330688,5.33176,0.00752587,0,12.3239,0.673879,5.54741,13.897,23.0901,0.280036,0.00463867
33552,137428992,5.33963,0.0187984,0,12.0987,0.629168,5.50586,13.7031,23.3082,0.285939,0.00483195
33576,137527296,5.34826,0.031105,0,12.0503,0.628672,5.16529,14.1419,24.5843,0.270778,0.00488281
33600,137625600,5.35656,0.00599816,0,11.5161,0.626181,5.12923,13.6324,22.71,0.279532,0.00493368
33624,137723904,5.36673,0.00728303,0,13.1289,0.67365,5.98236,14.2049,25.7046,0.283534,0.00487264
33648,137822208,5.37511,0.0115562,0,12.7463,0.65748,6.13209,14.1356,24.4946,0.269908,0.00470988
33672,137920512,5.38302,0.00371609,0,13.0186,0.635662,6.54302,14.2231,26.266,0.270444,0.00463867
33696,138018816,5.39151,0.0296889,0,11.7619,0.654109,5.01714,14.0834,24.7117,0.293831,0.0042216
33720,138117120,5.40017,0.0207992,0,11.8706,0.627667,5.67553,14.1546,26.9283,0.274953,0.00396729
33744,138215424,5.40769,0.0145007,0,12.9871,0.632623,6.05395,14.1674,29.179,0.292522,0.003479
33768,138313728,5.41565,0.00775251,0,11.6805,0.611634,5.63566,14.0465,26.853,0.292157,0.00341797
33792,138412032,5.42418,0.0203089,0,13.009,0.662197,5.83768,14.0508,25.4828,0.297916,0.00341797
33816,138510336,5.4334,0.0142053,0,11.7727,0.647713,4.82566,13.9396,24.2899,0.284411,0.00341797
33840,138608640,5.44315,0.0110358,0,12.7175,0.642491,5.45243,14.2291,24.1169,0.295594,0.00341797
33864,138706944,5.45146,0.00789667,0,12.8052,0.594864,6.49864,14.4621,28.9458,0.278661,0.00341797
33888,138805248,5.46075,0.0110513,0,14.6426,0.743542,6.31298,14.2293,27.6942,0.293759,0.00328573
33912,138903552,5.47072,0.0189733,0,12.4945,0.621449,5.79389,14.1922,25.5235,0.279121,0.00309245
33936,139001856,5.47852,0.00684892,0,13.1859,0.658042,5.71852,14.3428,26.315,0.288944,0.00328573
33960,139100160,5.48582,0.0196302,0,12.2787,0.601763,5.59116,14.3112,24.9415,0.318819,0.00366211
33984,139198464,5.49386,0.0298712,0,11.2291,0.609151,5.13701,14.0571,26.2627,0.300297,0.00366211
34008,139296768,5.50192,0.00705598,0,11.0462,0.663119,5.10036,14.023,26.0837,0.277549,0.00366211
34032,139395072,5.51329,0.0190055,0.00933403,12.7714,0.644795,6.00368,14.4945,28.3706,0.294046,0.00366211
34056,139493376,5.5229,0.0399292,0,11.7505,0.561948,5.53397,14.4957,26.2882,0.294498,0.00365194
34080,139591680,5.53218,0.0149254,0,12.3077,0.613947,5.89063,14.4152,26.8032,0.283863,0.00346883
34104,139689984,5.54107,0.060269,0,12.1385,0.630599,5.33046,14.3017,26.4569,0.290173,0.00366211
34128,139788288,5.55003,0.0141343,0,12.9895,0.602569,6.16183,14.2252,26.4737,0.305252,0.00385539
34152,139886592,5.55709,0.0421456,0,12.0813,0.589713,5.35781,14.3668,26.6433,0.287009,0.00431315
34176,139984896,5.56361,0.012957,0,12.1392,0.617289,5.81126,14.7617,27.7755,0.285042,0.00423177
34200,140083200,5.57294,0.0249136,0,11.6847,0.59349,5.38626,14.1894,26.0511,0.283323,0.00415039
34224,140181504,5.58283,0.0471292,0,11.2847,0.58075,5.19258,13.9427,25.3421,0.288195,0.00394694
34248,140279808,5.59143,0.0145369,0,12.8363,0.636053,6.21408,14.4913,27.725,0.275467,0.00390625
34272,140378112,5.6006,0.0219983,0,13.4817,0.67804,6.46255,14.5114,28.3793,0.27344,0.00405884
34296,140476416,5.60836,0.00821153,0.0105374,12.0307,0.648509,5.78954,14.5993,26.3868,0.302741,0.00415039
34320,140574720,5.61558,0.00422722,0,11.6794,0.575285,5.30038,13.886,28.5566,0.293897,0.00401815
34344,140673024,5.62427,0.0262436,0,12.2166,0.628987,5.25705,14.5658,29.4292,0.286303,0.0039266
34368,140771328,5.63384,0.0297216,0,12.5195,0.649683,6.62231,14.3865,29.1777,0.295406,0.00401815
34392,140869632,5.64248,0.0164835,0,12.2822,0.631642,6.28418,14.5449,26.3869,0.29517,0.0041097
34416,140967936,5.6513,0.0178533,0,12.9067,0.605869,6.50099,14.2795,26.7015,0.298086,0.0042216
34440,141066240,5.66063,0.00383937,0,12.8357,0.622499,5.63064,14.357,25.055,0.283758,0.00413005
34464,141164544,5.6685,0.010505,0,12.52,0.600846,5.88332,14.1681,27.2106,0.280232,0.00415039
34488,141262848,5.67735,0.0178157,0.0142276,11.5748,0.632167,5.03417,14.423,25.6172,0.277581,0.00406901
34512,141361152,5.6855,0.0219341,0.0146525,12.2743,0.604161,5.91655,14.5739,28.774,0.287388,0.00390625
34536,141459456,5.69253,0.0313418,0,12.4365,0.588769,5.89097,14.8661,29.1791,0.288613,0.00387573
34560,141557760,5.70144,0.00703606,0,11.4097,0.61701,5.13598,14.6098,24.3998,0.287107,0.00366211
34584,141656064,5.70846,0.00689746,0,11.7629,0.548961,5.24181,14.4027,26.4029,0.301896,0.00389608
34608,141754368,5.71559,0.0233329,0,13.1715,0.617798,6.52525,14.9188,29.6641,0.275387,0.00376383
34632,141852672,5.7243,0.0247482,0,11.9635,0.60998,5.30176,14.8486,26.9704,0.281939,0.00350952
34656,141950976,5.73206,0.0219342,0,11.5321,0.591406,5.48519,14.3457,26.3472,0.277317,0.00341797
34680,142049280,5.73847,0.00659631,0,12.6392,0.604048,6.02174,15.0887,28.0874,0.277421,0.00341797
34704,142147584,5.74706,0.0152238,0,11.2767,0.573426,5.32289,14.6678,28.1344,0.273776,0.00341797
34728,142245888,5.75451,0.0271622,0,11.4792,0.607888,5.16576,14.6504,28.7132,0.289857,0.00345866
34752,142344192,5.7658,0.0138276,0,11.557,0.542978,5.60447,14.8522,28.1691,0.270583,0.00366211
34776,142442496,5.77626,0,0,13.2308,0.57697,6.56438,14.662,26.4407,0.298125,0.00366211
34800,142540800,5.7852,0.0113613,0,13.3125,0.668051,6.27619,14.9651,29.2873,0.267926,0.00379435
34824,142639104,5.79471,0.0180423,0.00791219,12.2974,0.624359,5.86402,14.8271,26.8997,0.267258,0.00390625
34848,142737408,5.80567,0,0,11.1382,0.5741,4.99295,14.6579,26.6652,0.293657,0.00409953
34872,142835712,5.81415,0,0,11.8155,0.569665,5.6546,15.0073,28.0563,0.253627,0.00441488
34896,142934016,5.82115,0.0348549,0,12.1474,0.598985,5.66858,15.2585,29.062,0.294132,0.00475057
34920,143032320,5.82891,0.0207279,0,12.2203,0.59269,5.77581,15.0795,28.6655,0.294801,0.00518799
34944,143130624,5.83882,0.0121221,0,12.502,0.5875,5.88484,15.0681,27.4584,0.279452,0.00482178
34968,143228928,5.84605,0.0186925,0,12.1703,0.586851,5.77611,14.8105,27.0949,0.294565,0.00463867
34992,143327232,5.85144,0.00362675,0,12.3085,0.636258,5.51086,15.0401,27.4535,0.271219,0.00515747
35016,143425536,5.85987,0.0173933,0,13.6196,0.642183,6.41204,15.4428,30.8283,0.285139,0.0054423
35040,143523840,5.86874,0.0121915,0.0089153,12.2362,0.616141,5.6771,15.6638,31.568,0.27856,0.00594076
35064,143622144,5.87756,0.0233267,0,12.0573,0.598788,5.44681,14.9355,26.436,0.287787,0.00634766
35088,143720448,5.88527,0.0222531,0,11.1676,0.603415,5.05796,15.1069,27.8821,0.277404,0.00621541
35112,143818752,5.89511,0.0253305,0,12.3344,0.618802,5.92922,15.0859,27.5033,0.285537,0.00627645
35136,143917056,5.90534,0.0109464,0,11.4496,0.628445,5.41296,14.9766,27.2468,0.274131,0.00606283
35160,144015360,5.91452,0.0290092,0.00864553,12.816,0.633628,6.24868,15.5588,29.2797,0.295328,0.00585938
35184,144113664,5.92405,0.0415973,0,12.4205,0.590932,5.71422,15.1433,26.866,0.289399,0.00606283
35208,144211968,5.93273,0.0149943,0,12.7597,0.57997,6.1834,15.3098,30.1899,0.286734,0.00615438
35232,144310272,5.94254,0.0139505,0,11.3868,0.625612,4.97768,15.0899,25.2682,0.261185,0.00634766
35256,144408576,5.95085,0.0235954,0,12.7977,0.582791,6.42158,15.4441,30.819,0.300831,0.00644938
35280,144506880,5.96094,0.0267666,0,11.1869,0.5904,5.05194,15.0236,27.7637,0.291661,0.00635783
35304,144605184,5.9703,0.0266768,0,11.7436,0.577685,5.58765,15.4871,27.3879,0.259901,0.00634766
35328,144703488,5.97957,0.0232756,0,11.0745,0.590496,4.78481,15.3374,26.8804,0.267845,0.0062561
35352,144801792,5.98722,0.00783755,0,13.1779,0.660865,6.27621,15.5717,27.6444,0.286902,0.00610352
35376,144900096,5.99556,0.0143168,0,12.7291,0.600368,6.12207,15.6117,28.8576,0.285252,0.00585938
35400,144998400,6.00523,0.0314619,0.0215418,11.9263,0.618364,5.7683,15.6356,30.7349,0.290978,0.00557454
35424,145096704,6.01531,0.0141782,0,12.3371,0.608189,5.77226,15.2662,27.0275,0.303345,0.00537109
35448,145195008,6.02331,0.00730282,0,12.7244,0.571571,6.34857,15.7543,32.6293,0.309863,0.00522868
35472,145293312,6.0306,0.00413304,0,12.6787,0.620442,6.03695,15.5421,31.6159,0.276401,0.00537109
35496,145391616,6.03969,0.0143369,0,12.2074,0.62073,5.47327,15.6173,27.5382,0.29078,0.00558472
35520,145489920,6.04878,0.0198068,0,11.7621,0.630981,5.32406,15.22,30.9253,0.280228,0.00561523
35544,145588224,6.05604,0.00804892,0,12.4882,0.597704,6.01089,15.3964,28.2223,0.29403,0.00561523
35568,145686528,6.06521,0.0227814,0,11.344,0.6009,5.12385,15.8467,28.1963,0.29901,0.00554403
35592,145784832,6.07508,0.0274381,0,12.5985,0.5576,5.86968,15.3797,29.4676,0.293127,0.00546265
35616,145883136,6.08222,0.00792624,0,11.6305,0.603897,5.33719,15.6059,27.7901,0.302494,0.00561523
35640,145981440,6.09142,0.0123813,0,14.3954,0.615907,6.55116,15.8715,27.9895,0.281447,0.0059611
35664,146079744,6.09955,0.00691563,0,11.9326,0.605481,5.55259,15.1878,28.1768,0.272866,0.00610352
35688,146178048,6.10966,0.0315874,0.0164114,12.4174,0.587277,5.84644,15.4772,29.7095,0.270094,0.00610352
35712,146276352,6.11847,0.0219663,0,12.92,0.659974,6.49045,15.7614,29.7625,0.301164,0.00610352
35736,146374656,6.12671,0.0213013,0,11.8685,0.574096,5.64756,16.0417,32.1344,0.286485,0.00620524
35760,146472960,6.13709,0.00922948,0,13.397,0.675863,6.6737,15.6736,27.7107,0.294094,0.00634766
35784,146571264,6.14598,0.0214916,0,11.9955,0.593463,5.47658,15.8355,33.3447,0.313194,0.00634766
35808,146669568,6.15167,0.0191578,0,12.2452,0.550455,5.90677,15.6556,30.2267,0.274211,0.00613403
35832,146767872,6.15963,0.0278475,0,12.134,0.601391,5.73212,15.2809,29.0386,0.267039,0.00634766
35856,146866176,6.16682,0.0260999,0.0188832,12.0635,0.590739,5.99516,16.0211,29.6752,0.306046,0.00615438
35880,146964480,6.17586,0.0361588,0,11.6639,0.551487,5.48414,15.3924,28.2564,0.294599,0.00614421
35904,147062784,6.18336,0.0099831,0.0143169,11.783,0.575461,5.50076,15.4441,28.6536,0.290798,0.006073
35928,147161088,6.1916,0.0245277,0,11.6514,0.574929,5.32096,15.3797,27.4235,0.299516,0.00600179
35952,147259392,6.20145,0.0146851,0,13.2566,0.646279,6.09882,15.7313,31.1013,0.292741,0.00639852
35976,147357696,6.21055,0.0293258,0,11.3869,0.591294,5.28733,15.1153,27.4508,0.277799,0.00662231
36000,147456000,6.21993,0.00685703,0,12.2193,0.595492,5.478,15.4412,29.6295,0.309418,0.00614421
36024,147554304,6.22895,0.0357217,0,12.0797,0.564126,5.85351,15.6663,29.3568,0.284994,0.00610352
36048,147652608,6.2384,0.02034,0,13.4237,0.648738,6.05243,15.9951,31.9029,0.283267,0.00553385
36072,147750912,6.24621,0.0279804,0,12.2787,0.569406,6.14256,15.8792,30.878,0.29138,0.00551351
36096,147849216,6.25293,0.0119904,0,13.6815,0.584626,6.16296,15.9077,29.5152,0.274484,0.00564575
36120,147947520,6.26136,0.0222635,0,11.6908,0.563169,5.33764,15.2759,27.6341,0.304552,0.00595093
36144,148045824,6.26818,0.0483275,0,14.2936,0.64997,7.36384,15.6338,30.0564,0.291907,0.00623576
36168,148144128,6.27634,0.0404052,0,12.8586,0.55718,6.42155,15.9183,33.204,0.313637,0.00672404
36192,148242432,6.28348,0.0236998,0,12.5726,0.5635,6.31263,15.4013,28.8219,0.268277,0.00673421
36216,148340736,6.29241,0.0132824,0,12.9646,0.623585,6.25975,15.4636,31.4569,0.289099,0.00693766
36240,148439040,6.30443,0.0329741,0,12.8246,0.596632,6.2542,15.6656,32.4787,0.29662,0.00683594
36264,148537344,6.31473,0.0168046,0,13.0608,0.673894,5.93004,15.3926,30.2355,0.287517,0.00665283
36288,148635648,6.32273,0.0358974,0.0152749,12.5233,0.583676,6.3115,15.5423,30.7032,0.288621,0.00684611
36312,148733952,6.33166,0.0226118,0,11.266,0.561051,4.95976,15.1369,27.6367,0.28002,0.00730387
36336,148832256,6.34069,0.0550933,0,12.4647,0.579319,5.68191,15.5626,30.8813,0.298219,0.00732422
36360,148930560,6.34828,0.0246726,0,12.3263,0.631678,6.20252,15.5474,30.6722,0.307059,0.00733439
36384,149028864,6.35612,0.0211064,0,11.6305,0.57296,5.30399,15.3817,29.2294,0.284639,0.00769043
36408,149127168,6.3645,0.0108802,0,12.7206,0.581644,6.45447,15.2356,30.8732,0.295894,0.0078125
36432,149225472,6.37232,0.0156531,0,11.5063,0.544291,5.69934,15.3543,29.5388,0.302188,0.0078125
36456,149323776,6.38287,0.0392157,0,12.5034,0.60462,5.82576,15.8604,31.3148,0.307988,0.00769043
36480,149422080,6.39327,0.0063925,0,12.3402,0.54671,6.23444,15.4152,29.3608,0.290343,0.0075175
36504,149520384,6.40088,0,0,12.7727,0.579873,6.76868,15.992,33.0891,0.27435,0.00776164
36528,149618688,6.40787,0.0141778,0,12.2526,0.534992,5.79731,15.7885,31.7737,0.290912,0.00805664
36552,149716992,6.4152,0.00965757,0,12.0696,0.553283,5.50266,15.3345,29.5135,0.282406,0.00805664
36576,149815296,6.42336,0.0214694,0,12.5947,0.55946,6.70856,15.7783,30.9398,0.288907,0.00806681
36600,149913600,6.43152,0.0271885,0,13.5959,0.600796,7.20395,16.0248,32.5489,0.309251,0.00812785
36624,150011904,6.43912,0.00998897,0,12.1895,0.601171,6.35673,15.8597,33.7866,0.291834,0.00800578
36648,150110208,6.44865,0.0150273,0,11.7588,0.529352,5.57101,15.6879,27.9457,0.277859,0.00767008
36672,150208512,6.4582,0.0219419,0,13.2361,0.58422,6.31588,15.7561,30.6158,0.302342,0.00813802
36696,150306816,6.46683,0.0137948,0,13.1868,0.561109,7.19183,15.7042,31.9397,0.326781,0.00830078
36720,150405120,6.47382,0.00895459,0,11.9445,0.579453,5.60325,15.6941,32.9298,0.289121,0.00826009
36744,150503424,6.48282,0.0110604,0,12.6087,0.544697,6.55804,15.8552,33.7786,0.284957,0.0082194
36768,150601728,6.49159,0.011003,0,12.677,0.577492,6.48516,15.7847,32.757,0.299653,0.00812785
36792,150700032,6.50224,0.0298128,0,11.6428,0.567197,5.73537,15.5264,31.3954,0.279465,0.00830078
36816,150798336,6.51382,0.0304046,0,12.6819,0.568739,6.26507,15.3688,29.2399,0.291803,0.0082194
36840,150896640,6.52333,0.0134483,0,12.6915,0.573596,6.1952,16.0595,31.9883,0.274756,0.00805664
36864,150994944,6.53068,0.0238799,0,11.9641,0.593753,5.91908,15.491,33.5339,0.268944,0.0078125
36888,151093248,6.53654,0.0238622,0,12.2246,0.542875,6.15942,15.848,30.1642,0.297964,0.00753784
36912,151191552,6.54515,0.017196,0,12.6678,0.623756,6.26805,15.6862,32.0326,0.287319,0.00777181
36936,151289856,6.55468,0.0407871,0,13.0105,0.579884,6.64181,16.0114,32.399,0.285717,0.00750732
36960,151388160,6.56292,0.0312971,0,12.4449,0.554313,6.60066,15.9057,31.0965,0.302729,0.00719198
36984,151486464,6.57061,0.0167861,0,12.8209,0.567444,6.41503,15.2588,30.6086,0.266308,0.00689697
37008,151584768,6.57983,0.0181173,0,12.8331,0.592135,6.2278,15.6275,30.5531,0.304438,0.00683594
37032,151683072,6.58993,0.0284107,0,12.1705,0.571138,5.9989,15.6375,32.0208,0.279168,0.00660197
37056,151781376,6.59803,0.00756311,0,13.1583,0.555299,6.29094,16.2163,31.9462,0.290144,0.006663
37080,151879680,6.60588,0,0,12.9511,0.599454,6.23355,16.2927,34.0168,0.261205,0.00661214
37104,151977984,6.61429,0.0222423,0,12.521,0.525776,5.77018,15.7835,27.5409,0.284671,0.00645955
37128,152076288,6.62295,0,0,12.8718,0.623767,6.18871,15.8808,32.7476,0.274729,0.00617472
37152,152174592,6.63136,0.0133084,0,12.4671,0.528519,6.38239,16.0835,30.4786,0.280738,0.00583903
37176,152272896,6.64053,0.0261401,0,12.5024,0.608636,6.00009,16.2677,32.7806,0.292474,0.00552368
37200,152371200,6.64896,0.0292305,0,13.3106,0.585957,6.96452,16.1683,33.8732,0.293565,0.00532023
37224,152469504,6.65985,0.0249756,0,12.476,0.575484,6.44828,16.3117,30.7246,0.294891,0.00519816
37248,152567808,6.66757,0.0273114,0,11.9864,0.521749,5.60778,15.8331,29.7159,0.292779,0.00537109
37272,152666112,6.67605,0.00421542,0,12.6146,0.618993,6.68405,16.3945,34.6507,0.310834,0.00538127
37296,152764416,6.68489,0.0343228,0,11.9643,0.572296,6.14567,15.9552,33.4869,0.28193,0.00551351
37320,152862720,6.69226,0.0245983,0,12.7081,0.550669,6.78822,16.0353,33.0288,0.279407,0.00549316
37344,152961024,6.69992,0.0200086,0,11.9171,0.560179,5.78808,16.284,31.8253,0.308525,0.00579834
37368,153059328,6.70879,0.0112909,0,13.4144,0.622554,6.85364,16.8723,34.7816,0.281867,0.00624593
37392,153157632,6.71689,0.00730501,0,12.6711,0.587013,6.35814,16.4984,33.8684,0.290717,0.00590006
37416,153255936,6.72634,0.0163237,0,12.6799,0.558128,6.38422,16.6918,32.8799,0.267187,0.00610352
37440,153354240,6.73619,0.0495594,0,13.01,0.59001,6.64064,16.2211,34.1957,0.288925,0.00640869
37464,153452544,6.74455,0.0100941,0,11.245,0.545767,4.91861,16.1136,32.4867,0.289561,0.00685628
37488,153550848,6.75169,0.0236061,0,12.158,0.574271,6.06459,16.9369,32.9885,0.282551,0.00716146
37512,153649152,6.75761,0.0237084,0.0207746,12.3243,0.538247,5.3654,16.2992,29.6897,0.292918,0.00709025
37536,153747456,6.76489,0.0230369,0,12.5276,0.56638,6.0301,16.8238,33.2361,0.283147,0.00743612
37560,153845760,6.77296,0.0385463,0.0269421,11.3493,0.56314,5.5786,16.8314,33.1118,0.271019,0.00756836
37584,153944064,6.77992,0.00777303,0,12.556,0.586374,6.0894,16.7403,28.5842,0.280433,0.00747681
37608,154042368,6.78848,0.0271958,0,11.9767,0.550593,6.26666,16.4517,33.8115,0.289462,0.00732422
37632,154140672,6.79938,0.0286979,0.0161912,11.2025,0.591317,5.18484,16.6739,31.0527,0.308991,0.00732422
37656,154238976,6.81105,0.035839,0,12.6718,0.575463,6.43489,16.968,33.2464,0.289206,0.00710042
37680,154337280,6.81968,0.0617585,0,11.953,0.551231,6.22813,16.956,36.079,0.283534,0.006663
37704,154435584,6.82946,0.0318018,0.0141063,12.2454,0.601962,6.49262,16.7259,33.3288,0.254544,0.0065918
37728,154533888,6.83876,0.0223951,0,12.8228,0.531746,6.56232,17.0479,35.4022,0.296721,0.00656128
37752,154632192,6.84734,0.0260936,0,12.2242,0.548576,6.20392,16.8997,32.9976,0.328779,0.00694784
37776,154730496,6.85429,0,0,13.1055,0.632889,6.58852,16.5803,30.848,0.30991,0.00722249
37800,154828800,6.86383,0.0339461,0,12.1089,0.558698,5.58897,16.576,32.6187,0.273258,0.00732422
37824,154927104,6.87292,0.0146005,0,13.2239,0.58322,6.63461,17.0366,35.2991,0.297391,0.00756836
37848,155025408,6.88174,0.0218931,0,12.9955,0.567515,6.54502,17.0926,32.9503,0.288965,0.00804647
37872,155123712,6.89206,0.0246759,0.0336862,13.0874,0.560292,6.44404,16.7139,31.8016,0.289644,0.00805664
37896,155222016,6.90146,0.0103316,0,11.8676,0.535983,5.99914,16.5344,31.4434,0.278999,0.00799561
37920,155320320,6.90973,0.0228725,0.021348,12.8204,0.593742,6.14229,16.189,31.2971,0.287879,0.0078125
37944,155418624,6.91691,0.0147167,0,13.6879,0.576035,7.48917,16.9552,34.544,0.277935,0.00802612
37968,155516928,6.9249,0.0246764,0,14.3103,0.627445,7.16805,16.9545,33.6753,0.302705,0.00805664
37992,155615232,6.93247,0.030053,0,12.4773,0.56246,6.56985,16.23,34.6235,0.30815,0.00806681
38016,155713536,6.94223,0.0355234,0,13.4696,0.600623,6.69539,16.5959,35.1112,0.294561,0.00861613
38040,155811840,6.95036,0.0360591,0,13.1593,0.545892,6.55215,16.4667,33.6933,0.302025,0.00889079
38064,155910144,6.95989,0.0420636,0,15.8649,0.63667,9.17798,16.8707,36.2497,0.266114,0.00888062
38088,156008448,6.96835,0.0148561,0,12.7568,0.550865,5.8009,16.6267,31.5533,0.314797,0.00918579
38112,156106752,6.97683,0.0262282,0,13.3387,0.591643,6.49227,16.1552,29.0605,0.30149,0.00950114
38136,156205056,6.98552,0.0146568,0,13.2884,0.591728,6.89656,16.5079,33.7973,0.278904,0.00976562
38160,156303360,6.99418,0.0195509,0,13.2175,0.591157,6.97168,16.6059,35.1917,0.284144,0.00976562
38184,156401664,7.00187,0.0282445,0.00845666,13.1305,0.591335,7.14893,16.8925,35.4412,0.300614,0.00953166
38208,156499968,7.01176,0.0188092,0,12.6632,0.560024,6.51533,16.7264,36.1098,0.273051,0.00953166
38232,156598272,7.0196,0.0380006,0,12.687,0.642579,6.57239,15.8933,32.5141,0.260211,0.00961304
38256,156696576,7.02634,0.0319614,0,12.8394,0.589427,6.87653,16.6047,35.9398,0.288231,0.00952148
38280,156794880,7.03488,0.0247873,0,13.4061,0.585656,6.85787,16.7184,37.0304,0.27495,0.00926717
38304,156893184,7.04277,0.03519,0,12.7455,0.585387,6.45263,16.3775,34.3153,0.290157,0.00890096
38328,156991488,7.05002,0.0183578,0,13.2773,0.618821,6.59274,16.1879,33.4231,0.304963,0.00858561
38352,157089792,7.05881,0.00866294,0,14.6094,0.578981,8.36069,17.0745,39.9957,0.305372,0.00822957
38376,157188096,7.06574,0.0232604,0,14.1028,0.635649,7.46146,16.3282,33.9576,0.287723,0.00830078
38400,157286400,7.0727,0.0129967,0,12.3355,0.549919,6.1249,15.9606,32.5367,0.284764,0.00823975
38424,157384704,7.07986,0.0275163,0,13.3621,0.553244,6.99661,16.1347,32.6197,0.28201,0.00795492
38448,157483008,7.08845,0.0310519,0,13.1005,0.566874,6.67484,16.4421,35.639,0.275563,0.00762939
38472,157581312,7.09852,0.00429316,0,13.0755,0.568706,6.70384,16.3553,34.0228,0.269365,0.0071818
38496,157679616,7.10874,0.0195085,0,13.2987,0.617341,6.62571,16.1515,35.9125,0.268178,0.00701904
38520,157777920,7.11682,0.017394,0.0143767,12.7144,0.624466,6.84611,16.6194,35.237,0.261947,0.00679525
38544,157876224,7.12444,0.025251,0.0121135,13.4745,0.550608,7.31624,16.4735,35.0711,0.28683,0.00658162
38568,157974528,7.13196,0.0260176,0.0162866,12.7642,0.535518,6.91539,16.9721,35.8186,0.26411,0.0065918
38592,158072832,7.14105,0.0122907,0,12.6618,0.567499,6.92058,16.1771,36.4667,0.276449,0.0065918
38616,158171136,7.15011,0.00764192,0,13.1724,0.514161,6.458,16.1437,34.7094,0.295959,0.00684611
38640,158269440,7.1587,0.0369657,0.0102652,13.2648,0.552917,7.12869,15.974,32.9383,0.272114,0.00708008
38664,158367744,7.16592,0,0,12.4185,0.568891,6.67476,15.7831,35.2671,0.277584,0.00708008
38688,158466048,7.17153,0.0189669,0,12.7384,0.530739,6.50723,16.0623,34.6671,0.294322,0.00712077
38712,158564352,7.17954,0.0200428,0.012477,13.7468,0.564301,6.58654,15.9337,35.0745,0.29664,0.00732422
38736,158662656,7.1875,0.0172354,0,13.8518,0.606908,7.10118,16.1523,37.5282,0.287816,0.00713094
38760,158760960,7.19451,0.048442,0,12.5609,0.549468,6.27223,15.6377,31.9727,0.273371,0.00652059
38784,158859264,7.20232,0.0235347,0,11.9639,0.551892,5.99097,15.4435,34.9368,0.26933,0.00621541
38808,158957568,7.20996,0.0517026,0.0180579,12.3075,0.531805,6.58406,15.8107,36.4592,0.260581,0.00606283
38832,159055872,7.21731,0.00322148,0,13.9907,0.635235,7.26865,15.7814,34.5919,0.286909,0.0056661
38856,159154176,7.22814,0.0540452,0.0508106,14.1226,0.530564,7.5712,15.9338,33.2175,0.299919,0.00552368
38880,159252480,7.23668,0.0223467,0,12.9718,0.572716,7.11003,15.8576,38.2552,0.282735,0.00561523
38904,159350784,7.24482,0.0260851,0,13.7867,0.58543,7.18382,15.6869,34.4216,0.286445,0.00552368
38928,159449088,7.2526,0.0310523,0.0126643,13.6574,0.579162,7.84209,15.807,37.6045,0.278819,0.00534058
38952,159547392,7.26045,0.0341143,0.0106762,14.0274,0.629231,7.67029,15.8428,38.4978,0.280036,0.00512695
38976,159645696,7.26823,0.0114735,0,13.907,0.53338,7.97155,15.9906,34.229,0.304396,0.00529989
39000,159744000,7.27567,0.00863487,0,14.8075,0.625512,8.63884,15.9831,38.001,0.296541,0.00542196
39024,159842304,7.28265,0.0165769,0,14.3267,0.580533,7.94174,15.6488,34.8842,0.291861,0.00520833
39048,159940608,7.29104,0.0230816,0.00822513,13.3882,0.540102,7.2133,15.6671,36.9308,0.269766,0.00494385
39072,160038912,7.29985,0.0376805,0,11.6947,0.536525,6.19181,15.0899,32.1367,0.29389,0.00480143
39096,160137216,7.30762,0.0298617,0,13.6192,0.560463,7.36726,15.7449,36.8203,0.288828,0.00441488
39120,160235520,7.31466,0.033087,0,12.2834,0.553123,6.26301,15.6504,34.4904,0.283532,0.00419108
39144,160333824,7.32265,0.0100026,0,12.5809,0.578026,6.8667,15.0846,32.6208,0.281808,0.00400798
39168,160432128,7.33065,0.0312711,0,13.5024,0.582399,7.75959,15.583,37.5923,0.293495,0.00439453
39192,160530432,7.3402,0.041242,0.0288462,12.8362,0.62075,7.11161,15.1157,34.8571,0.27396,0.00439453
39216,160628736,7.34996,0.0221642,0,13.4759,0.616262,7.4545,15.5357,38.4773,0.27527,0.00443522
39240,160727040,7.35846,0.00630572,0,13.0294,0.570539,7.10626,15.5599,37.1283,0.288548,0.00485229
39264,160825344,7.36608,0.0417185,0.0253893,13.0695,0.528855,7.54444,15.2311,36.2556,0.282325,0.00512695
39288,160923648,7.37335,0.0350266,0,13.321,0.585108,7.04641,15.1931,34.6635,0.281245,0.00512695
39312,161021952,7.37988,0.0383319,0,12.5653,0.563941,6.48031,15.3481,36.0615,0.282765,0.00512695
39336,161120256,7.38845,0.0213944,0,12.7224,0.607011,6.6331,15.0351,37.9543,0.292519,0.00522868
39360,161218560,7.39719,0.0365612,0,12.6309,0.5439,7.30176,15.3472,35.5623,0.295759,0.00554403
39384,161316864,7.40453,0.013071,0,13.5336,0.570985,7.47945,15.2344,34.772,0.287717,0.00546265
39408,161415168,7.41294,0.0360515,0.0093433,13.2031,0.55564,6.83327,15.3579,36.2193,0.289706,0.00561523
39432,161513472,7.42317,0.0144963,0,12.4572,0.563837,6.27178,15.2188,36.7302,0.286018,0.00575765
39456,161611776,7.43155,0.0139748,0,12.5166,0.605597,6.65839,15.0592,38.4316,0.253621,0.00585938
39480,161710080,7.43761,0.033533,0,13.9055,0.561537,7.60935,15.3615,36.0432,0.277623,0.00578817
39504,161808384,7.44411,0.0251974,0,14.9891,0.581481,8.92846,15.4989,39.7957,0.297757,0.00550334
39528,161906688,7.45371,0.020847,0,12.2223,0.556501,6.39358,15.0452,33.8773,0.268179,0.00535075
39552,162004992,7.46283,0,0,13.5975,0.608376,6.85651,14.9699,34.618,0.311502,0.00512695
39576,162103296,7.46981,0.022182,0,12.6194,0.559964,6.76093,14.9338,34.8781,0.307153,0.00540161
39600,162201600,7.47599,0.0115359,0,12.667,0.538957,6.41387,14.8462,34.01,0.277066,0.0055542
39624,162299904,7.4846,0.0079704,0,14.1825,0.578506,7.91127,15.1422,32.3441,0.274113,0.00543213
39648,162398208,7.49223,0.0343651,0.0352735,12.3257,0.552771,6.66731,15.081,35.663,0.289164,0.00561523
39672,162496512,7.5006,0.0278759,0,13.1934,0.548826,7.25548,15.3878,40.0102,0.272011,0.00568644
39696,162594816,7.50769,0.0402809,0,11.9142,0.567895,5.61894,15.1022,36.16,0.275864,0.0057373
39720,162693120,7.51452,0.0500109,0,13.649,0.556335,7.86181,15.1164,35.0774,0.28007,0.00582886
39744,162791424,7.52393,0.0246199,0.00950872,13.9439,0.579246,7.54632,15.1803,37.9092,0.286681,0.00605265
39768,162889728,7.53238,0.0688436,0,13.6846,0.574481,7.49694,14.9433,39.0924,0.2817,0.00615438
39792,162988032,7.53781,0.0215542,0.0119411,13.1516,0.600741,7.49778,14.8415,35.1847,0.287099,0.00667318
39816,163086336,7.54653,0.0375631,0,13.9053,0.565812,7.68189,15.0806,35.018,0.272357,0.0069987
39840,163184640,7.55621,0.0364022,0,12.5828,0.588852,6.53834,14.9992,35.8555,0.278437,0.00732422
39864,163282944,7.56585,0.0296516,0,13.3407,0.541348,7.38915,14.9594,35.921,0.277335,0.00709025
39888,163381248,7.5749,0.0333797,0,15.3332,0.623963,8.35113,15.253,37.2366,0.286165,0.00732422
39912,163479552,7.58257,0.03332,0,12.4229,0.599431,6.43582,14.8535,35.6977,0.279344,0.00719198
39936,163577856,7.59165,0.0289469,0,14.3806,0.61298,8.26337,15.6233,39.5219,0.32779,0.00731405
39960,163676160,7.59901,0.0280966,0,12.538,0.548086,6.90902,14.9873,33.4011,0.280961,0.00731405
39984,163774464,7.60737,0.0270292,0,13.1478,0.587253,6.97607,14.3883,36.2391,0.283374,0.00708008
40008,163872768,7.61439,0.0324367,0.0091659,13.3666,0.546122,6.88239,14.8971,34.5819,0.280937,0.00675456
40032,163971072,7.6226,0.0358153,0,13.3846,0.541015,7.38101,14.9408,34.1924,0.283646,0.00731405
40056,164069376,7.63261,0.0294383,0,13.1276,0.533843,7.07174,15.2244,37.6014,0.297472,0.00732422
40080,164167680,7.63986,0.0229607,0,14.8824,0.585921,7.6202,14.9931,36.8579,0.277602,0.00762939
40104,164265984,7.64726,0.0164174,0.00898357,13.2838,0.60253,7.40213,15.2509,34.6564,0.260611,0.00782267
40128,164364288,7.65539,0.0284793,0,13.2392,0.544435,7.10544,15.2683,36.7027,0.290733,0.00775146
40152,164462592,7.66582,0.0195765,0,14.1485,0.574235,7.87324,15.3232,36.5648,0.268606,0.00762939
40176,164560896,7.67184,0.0222034,0,13.7076,0.545247,7.65531,15.1392,37.1897,0.286173,0.00757853
40200,164659200,7.67764,0.0551342,0,13.4748,0.575772,7.83392,15.0015,39.3205,0.278286,0.00805664
40224,164757504,7.68597,0.0242046,0,13.8057,0.633299,7.44343,15.2991,38.6434,0.285521,0.00797526
40248,164855808,7.69473,0,0,14.1406,0.597416,7.89986,15.1563,39.7662,0.303239,0.00768026
40272,164954112,7.70305,0.0171722,0,13.9187,0.599038,7.56195,15.1722,37.3528,0.275101,0.00772095
40296,165052416,7.70962,0.0216305,0,12.3991,0.536077,6.22203,15.0447,36.3258,0.267538,0.0078125
40320,165150720,7.71773,0.0254593,0,13.3527,0.584713,7.2194,15.1497,35.5388,0.288351,0.00791423
40344,165249024,7.72526,0.0200507,0,13.3719,0.567081,7.46932,14.9524,34.6509,0.263438,0.00778198
40368,165347328,7.73571,0.0479143,0,12.3846,0.545746,6.46754,15.1655,37.6141,0.296162,0.00777181
40392,165445632,7.74334,0.0152207,0,13.346,0.567278,7.59474,15.3392,37.239,0.291232,0.00776164
40416,165543936,7.75179,0.0437978,0.0111658,13.3952,0.579528,7.26056,15.1362,37.5597,0.305974,0.00801595
40440,165642240,7.75959,0.00745573,0.0095057,12.9123,0.547901,7.31494,15.3193,38.5999,0.264717,0.00783284
40464,165740544,7.76568,0.0223611,0,16.3149,0.584882,10.0223,15.8622,42.5436,0.308932,0.00820923
40488,165838848,7.77193,0.0191679,0,14.1977,0.586071,7.98127,15.6696,38.7831,0.272729,0.00835164
40512,165937152,7.77765,0.00319915,0,14.9265,0.572945,8.79766,15.9408,40.6197,0.295611,0.00875854
40536,166035456,7.78568,0,0,13.9558,0.57017,7.80318,15.5251,37.2986,0.281649,0.00878906
40560,166133760,7.7938,0.0233567,0,14.7393,0.578439,7.29769,15.2502,38.65,0.277131,0.00895182
40584,166232064,7.79975,0.0288184,0,13.4818,0.544958,8.04071,15.4948,38.5951,0.274671,0.00890096
40608,166330368,7.80587,0.0197832,0,13.6982,0.574276,7.94918,15.2591,36.9048,0.292982,0.00901286
40632,166428672,7.81257,0.00957147,0,14.3922,0.616708,8.25834,15.6459,39.7186,0.28859,0.00869751
40656,166526976,7.81779,0.0191383,0,13.7703,0.642114,7.73955,15.3613,35.3242,0.266874,0.00870768
40680,166625280,7.82434,0.102044,0,13.7087,0.570915,8.26151,15.6628,39.8753,0.281631,0.00871785
40704,166723584,7.83095,0.015822,0,13.3799,0.565108,7.04095,15.5309,39.9267,0.293853,0.00898234
40728,166821888,7.83679,0.0254597,0,14.0525,0.578749,7.77342,15.7852,38.3202,0.26743,0.00877889
40752,166920192,7.84446,0.0113207,0.00742666,13.6318,0.589745,7.54941,15.595,38.0975,0.301641,0.00878906
40776,167018496,7.8524,0.0382267,0.0237826,13.9526,0.578171,7.5581,15.6902,36.9421,0.273153,0.00857544
40800,167116800,7.85949,0.0211274,0,14.5747,0.590942,8.14292,15.754,39.0424,0.293151,0.00814819
40824,167215104,7.86775,0.0156879,0,15.0052,0.57428,8.94767,16.0831,43.5738,0.275684,0.00797526
40848,167313408,7.87527,0.0386912,0,12.4036,0.515087,6.65406,15.289,36.7684,0.283367,0.0078125
40872,167411712,7.88143,0.0114572,0,12.8197,0.534245,7.02778,16.2877,37.8032,0.280969,0.00787354
40896,167510016,7.88787,0.00477734,0,13.3107,0.582266,7.13893,15.7906,36.0389,0.305338,0.00784302
40920,167608320,7.89595,0.0203938,0,14.2718,0.551036,8.01894,15.6586,38.0279,0.267972,0.00804647
40944,167706624,7.90524,0.0310559,0,16.757,0.572906,10.4324,16.1092,38.9643,0.267751,0.00805664
40968,167804928,7.91264,0.0913586,0,13.9528,0.545179,7.82429,15.9953,38.3319,0.26047,0.00805664
40992,167903232,7.91778,0.00472401,0,14.1726,0.565514,8.28517,16.22,40.75,0.264645,0.00805664
41016,168001536,7.92257,0.024275,0,13.2355,0.57113,6.78223,15.678,35.8547,0.295101,0.00797526
41040,168099840,7.92837,0.0117213,0,14.407,0.535884,8.25105,16.7049,39.937,0.259083,0.00778198
41064,168198144,7.93613,0.0307154,0,14.8949,0.530426,9.1681,16.2093,42.0404,0.286174,0.00794474
41088,168296448,7.94096,0.0402916,0,15.5185,0.560308,7.64205,16.0336,39.1396,0.267021,0.00782267
41112,168394752,7.94566,0.00279568,0,12.4171,0.547054,6.84844,15.9376,36.678,0.29314,0.00756836
41136,168493056,7.95083,0.0257587,0,14.5881,0.552799,8.5893,16.2163,40.0987,0.283536,0.00737508
41160,168591360,7.95815,0.0473329,0.00518884,15.2739,0.631959,9.48714,16.3356,42.0894,0.290009,0.00726318
41184,168689664,7.96507,0.0426747,0,14.6498,0.581976,8.45428,16.2256,42.0282,0.287171,0.00756836
41208,168787968,7.97292,0.0196834,0,15.7775,0.599399,8.6026,16.192,41.4788,0.268445,0.00772095
41232,168886272,7.98091,0.0422338,0,12.4072,0.587667,6.89245,15.825,37.0874,0.27418,0.00760905
41256,168984576,7.98792,0.02453,0,13.6918,0.53602,7.82741,15.9376,39.3292,0.279609,0.00756836
41280,169082880,7.99577,0.0286112,0,13.3045,0.536543,7.18865,15.6828,37.6723,0.298683,0.00738525
41304,169181184,8.00271,0.0249753,0,13.0293,0.549344,7.35047,16.0463,41.5122,0.297356,0.00756836
41328,169279488,8.01264,0.00996893,0,13.12,0.57537,7.19384,15.7868,39.4254,0.280687,0.00738525
41352,169377792,8.02041,0.0300694,0.013369,15.2415,0.576969,9.12668,16.1206,38.7335,0.296191,0.0071818
41376,169476096,8.0285,0.0288897,0,14.068,0.548583,8.20789,16.1229,40.8333,0.288743,0.0071106
41400,169574400,8.03585,0.0305888,0.0075063,14.5583,0.589737,8.59758,15.9484,38.0892,0.288661,0.00725301
41424,169672704,8.04326,0.0708942,0,13.3259,0.591971,7.20911,16.0876,40.4669,0.26657,0.00717163
41448,169771008,8.05051,0.016349,0,13.0893,0.557682,7.36046,16.3193,39.7773,0.28365,0.00725301
41472,169869312,8.05649,0.0221239,0,14.4192,0.564092,8.56318,16.3837,39.8743,0.290001,0.00687663
41496,169967616,8.06368,0.0150637,0,14.1038,0.583144,7.40953,16.0557,36.8434,0.26159,0.00714111
41520,170065920,8.07193,0.0286783,0,13.8977,0.602268,7.63821,16.2562,39.5608,0.276817,0.00683594
41544,170164224,8.07827,0.0198781,0,13.4405,0.554424,7.78801,16.0256,37.1045,0.288703,0.00697835
41568,170262528,8.08441,0.036249,0,13.0636,0.542084,6.82062,15.5586,36.2029,0.277426,0.00669352
41592,170360832,8.08983,0.0343215,0,14.5413,0.555093,8.39929,16.2589,41.6645,0.251669,0.00653076
41616,170459136,8.09803,0.0139178,0,14.6259,0.590924,8.80126,16.0816,38.4723,0.28311,0.00634766
41640,170557440,8.10629,0.0297189,0,13.7831,0.528666,7.85371,16.6634,42.9805,0.282475,0.00634766
41664,170655744,8.11383,0.0393816,0,15.8906,0.545264,10.5131,16.5304,43.6927,0.272178,0.00610352
41688,170754048,8.11975,0.0122463,0,14.9318,0.586785,8.42362,16.3346,38.7092,0.268335,0.00585938
41712,170852352,8.12432,0.0158495,0,14.2441,0.599414,8.41465,16.3112,40.1592,0.275979,0.00577799
41736,170950656,8.1314,0.0231465,0,14.173,0.57819,7.90072,16.1839,40.5848,0.270085,0.00575765
41760,171048960,8.13775,0.0150433,0,14.386,0.588725,7.79715,15.8827,41.3997,0.263133,0.00561523
41784,171147264,8.14344,0.0511068,0,14.3467,0.567812,8.76483,16.0833,41.4468,0.269068,0.00561523
41808,171245568,8.14965,0.0179254,0,14.1496,0.583079,8.44434,16.2439,42.2452,0.275629,0.00552368
41832,171343872,8.15633,0,0,16.3264,0.62203,9.9967,16.1443,44.4255,0.259105,0.00551351
41856,171442176,8.16064,0.0192173,0,14.7899,0.583988,8.6424,16.1916,41.7776,0.263152,0.00561523
41880,171540480,8.16486,0.0284333,0.0231164,12.8501,0.558619,7.15601,15.6909,37.3495,0.296061,0.00539144
41904,171638784,8.17151,0.0068835,0,14.2937,0.589694,8.40337,16.1987,41.1505,0.271638,0.0052592
41928,171737088,8.18183,0.0382369,0,12.942,0.579425,6.93168,15.3804,38.5531,0.291539,0.00498454
41952,171835392,8.18974,0.0222552,0,13.8866,0.548202,8.41396,15.5545,39.0049,0.289456,0.00488281
41976,171933696,8.19447,0.036152,0,16.4075,0.59236,9.19595,15.6379,42.3288,0.281762,0.00488281
42000,172032000,8.20253,0.0645872,0.01504,13.3511,0.565731,7.6596,15.7187,40.1991,0.276507,0.00484212
42024,172130304,8.21033,0.0369995,0.00608856,13.7614,0.547139,8.11881,15.9134,39.7708,0.265588,0.00459798
42048,172228608,8.21886,0.0540809,0,14.2525,0.555259,8.2777,15.8991,42.4967,0.275094,0.00459798
42072,172326912,8.22486,0.0347551,0,12.7408,0.528035,6.31104,15.2649,35.4768,0.307566,0.00437419
42096,172425216,8.23143,0.0312007,0,13.7046,0.576763,7.65664,15.6909,41.2144,0.265028,0.00415039
42120,172523520,8.24046,0.00860766,0,14.3353,0.582372,8.24982,15.7531,39.8136,0.302147,0.00415039
42144,172621824,8.24915,0.0155058,0,14.0784,0.59352,7.77142,15.467,40.8385,0.27187,0.00415039
42168,172720128,8.2576,0.0128268,0,15.4677,0.590757,9.29427,15.5181,43.6084,0.278471,0.00393677
42192,172818432,8.26448,0.0335953,0,12.9223,0.533344,6.97624,14.8283,36.042,0.292883,0.00337728
42216,172916736,8.27178,0.0698891,0,12.3289,0.500031,6.86562,15.4702,44.598,0.276741,0.00317383
42240,173015040,8.27905,0.031667,0,14.426,0.576137,8.16877,15.526,41.419,0.279729,0.00295003
42264,173113344,8.28685,0.0166167,0,15.2663,0.587244,9.3491,15.802,43.1867,0.266833,0.00296021
42288,173211648,8.29421,0.0169912,0,13.8366,0.550724,7.96951,15.0871,37.7198,0.26456,0.00304159
42312,173309952,8.30141,0.0430427,0,14.4602,0.587701,8.50411,15.524,38.0537,0.256266,0.00309245
42336,173408256,8.30685,0.0238574,0,14.0247,0.55425,8.26174,15.4921,43.25,0.297217,0.00317383
42360,173506560,8.31307,0.0371359,0.0214386,13.9177,0.536881,7.89829,15.236,40.6013,0.300861,0.00311279
42384,173604864,8.31837,0.0339443,0,14.4241,0.539077,8.44818,15.1201,39.2382,0.285938,0.00278727
42408,173703168,8.32375,0.0284588,0,14.0239,0.553018,7.94893,15.2005,40.4873,0.271343,0.00253296
42432,173801472,8.32967,0.024819,0,14.9511,0.597311,8.66763,15.4536,42.5382,0.299284,0.00251261
42456,173899776,8.33427,0.0240713,0,14.3676,0.567188,8.36406,15.2075,40.0778,0.270789,0.00257365
42480,173998080,8.34189,0.0672239,0.0238338,14.2209,0.505446,8.5154,15.2548,42.6877,0.299596,0.0024821
42504,174096384,8.35005,0.0180139,0,14.63,0.584004,8.62791,15.1111,40.4708,0.282217,0.00230916
42528,174194688,8.35631,0.0352601,0,15.6417,0.581966,9.6527,15.2853,41.8468,0.273103,0.00244141
42552,174292992,8.36313,0.0330878,0,13.2617,0.564364,7.45877,14.5815,36.039,0.272119,0.00244141
42576,174391296,8.36949,0.0397867,0,13.3337,0.549424,7.51035,14.784,40.4522,0.28107,0.00326538
42600,174489600,8.37453,0.0494384,0,18.4302,0.599942,9.80065,14.8315,40.641,0.272326,0.00424194
42624,174587904,8.38204,0.0584828,0.0455803,15.1561,0.581196,9.34812,15.2301,43.0969,0.259978,0.00441488
42648,174686208,8.38833,0.0562914,0.00693035,13.6846,0.578199,7.79528,15.0679,39.1153,0.278296,0.00463867
42672,174784512,8.39644,0.0551976,0,16.2289,0.567091,10.2256,15.1898,43.8222,0.281935,0.00463867
42696,174882816,8.40483,0.0331858,0.0270758,13.4425,0.600924,7.15647,14.7796,39.3944,0.274395,0.0048116
42720,174981120,8.41246,0.0505499,0,15.1258,0.566396,9.24316,15.1134,42.1026,0.27124,0.00496419
42744,175079424,8.42155,0.0127995,0,15.1177,0.558647,8.79314,15.2488,41.8289,0.274611,0.00516764
42768,175177728,8.4282,0.0497344,0,16.373,0.548143,10.7351,15.1411,42.6802,0.274633,0.00537109
42792,175276032,8.43531,0.0401891,0,15.2465,0.560723,9.13551,15.1429,42.5073,0.301823,0.00537109
42816,175374336,8.44133,0.0475666,0.012894,14.1997,0.551292,7.91962,14.9763,42.0037,0.290647,0.00537109
42840,175472640,8.44978,0.0479168,0.0190174,12.7539,0.549121,6.24376,14.6491,37.9716,0.277345,0.00539144
42864,175570944,8.45834,0.0159058,0.0136826,14.3912,0.546509,8.27533,15.2766,40.9285,0.283303,0.00537109
42888,175669248,8.46473,0.0291232,0,15.1208,0.576391,8.94526,15.107,42.2636,0.285304,0.00549316
42912,175767552,8.47037,0.0625072,0,13.7771,0.5251,8.03784,14.735,39.4469,0.268843,0.00572713
42936,175865856,8.47814,0.050358,0,13.3171,0.503136,7.73985,14.7781,40.2068,0.275687,0.00585938
42960,175964160,8.48335,0.0176647,0,15.268,0.564335,9.15456,15.2726,42.3372,0.270502,0.00603231
42984,176062464,8.49068,0.0222894,0,15.3922,0.553977,9.04084,15.1654,41.7338,0.309969,0.00639852
43008,176160768,8.49703,0.0536151,0.0162602,15.8227,0.580036,9.58401,15.6223,43.8452,0.277505,0.00686646
43032,176259072,8.50463,0.0212145,0,15.4601,0.516352,9.48635,15.3698,42.5809,0.253225,0.00698853
43056,176357376,8.51315,0.0185885,0,15.4207,0.56557,9.65235,15.7935,43.3157,0.270691,0.00686646
43080,176455680,8.5179,0.0321572,0,15.1256,0.531238,9.05966,15.0159,43.8221,0.287125,0.00708008
43104,176553984,8.52373,0.0403262,0,15.2817,0.549328,8.96638,15.1776,38.5724,0.267509,0.00708008
43128,176652288,8.53045,0.033682,0,16.054,0.566263,10.3652,15.8671,46.3108,0.278448,0.00725301
43152,176750592,8.5359,0.0477427,0,15.6673,0.569213,9.30752,15.3834,41.9862,0.274141,0.00753784
43176,176848896,8.54214,0.0298797,0,16.6071,0.571337,9.4499,15.3593,45.1569,0.287292,0.00756836
43200,176947200,8.54766,0.0298303,0.0166637,14.478,0.591298,8.21338,15.0011,43.4701,0.260608,0.00741577
43224,177045504,8.55336,0.0220683,0,13.9096,0.539944,7.72291,15.3052,41.8594,0.255858,0.00732422
43248,177143808,8.55899,0.0175914,0,15.8356,0.603078,9.7248,15.3594,43.6926,0.290106,0.00733439
43272,177242112,8.56437,0.0296091,0,14.2125,0.569373,7.80006,15.0091,39.3807,0.259777,0.00760905
43296,177340416,8.56836,0.0347116,0,14.3669,0.533268,8.27926,14.9474,37.2155,0.28362,0.00776164
43320,177438720,8.57408,0.0407333,0.0120501,15.4055,0.591891,9.32656,15.3977,42.9835,0.279248,0.00756836
43344,177537024,8.57828,0.0508328,0,15.1592,0.536727,9.32878,14.8929,42.4615,0.271003,0.00763957
43368,177635328,8.58271,0.0558063,0.0229202,14.3743,0.527577,7.91412,14.9522,41.4341,0.262999,0.00802612
43392,177733632,8.58799,0.0280448,0,14.2978,0.574242,8.61981,15.1179,39.9454,0.286744,0.00830078
43416,177831936,8.59402,0.0493966,0,15.5175,0.584354,9.21145,15.466,45.6722,0.26529,0.00812785
43440,177930240,8.60011,0.0262888,0,14.7183,0.52909,8.32027,15.1313,38.1097,0.271953,0.00805664
43464,178028544,8.60676,0.0383873,0.0292093,16.111,0.560849,10.0396,15.3929,42.4655,0.269841,0.00784302
43488,178126848,8.61257,0.028545,0,14.1934,0.551841,8.17522,15.14,41.1857,0.255192,0.00797526
43512,178225152,8.61809,0.0270539,0,15.7049,0.525467,9.48613,15.4402,45.9104,0.263928,0.00789388
43536,178323456,8.62399,0.0255722,0,13.8579,0.532244,7.1944,15.1078,41.9453,0.257417,0.00805664
43560,178421760,8.62936,0.0582792,0.0172446,14.7777,0.609396,8.17321,15.3147,38.9442,0.270786,0.00759888
43584,178520064,8.63414,0.0330231,0,15.2147,0.559639,8.86952,15.4595,41.3046,0.304232,0.00686646
43608,178618368,8.63871,0.00797053,0,14.3922,0.569363,8.10222,15.0648,38.1886,0.293189,0.00651042
43632,178716672,8.64351,0.0204686,0,14.8056,0.570893,7.26638,14.686,38.0506,0.269265,0.006663
43656,178814976,8.64939,0.0147639,0,15.2063,0.591914,9.33095,15.2411,41.1165,0.278832,0.0065918
43680,178913280,8.65619,0.022882,0.0234821,15.1982,0.581337,8.69064,15.2717,43.4292,0.284962,0.0065918
43704,179011584,8.66486,0.0577632,0,15.0221,0.556397,8.08474,15.2735,41.3144,0.274788,0.00628662
43728,179109888,8.67176,0.033241,0,16.6723,0.578287,10.2618,15.2632,43.6868,0.279238,0.0061849
43752,179208192,8.67795,0.0273551,0,15.8412,0.59858,9.70402,15.8556,47.8232,0.250462,0.00602214
43776,179306496,8.68214,0.00433101,0,16.2513,0.546384,9.91218,15.7093,45.2844,0.280871,0.0065918
43800,179404800,8.68698,0.0360255,0.0151377,15.6347,0.57139,9.55793,15.6329,46.5717,0.287313,0.0065918
43824,179503104,8.69232,0.0373328,0,15.6386,0.572433,10.0007,15.6995,44.8795,0.272164,0.00651042
43848,179601408,8.69832,0.0468983,0,15.4424,0.56422,9.55264,15.6659,45.2222,0.263422,0.00634766
43872,179699712,8.70253,0.0163733,0,15.7206,0.584938,9.69415,15.1978,39.458,0.284661,0.00634766
43896,179798016,8.70878,0.046589,0.0216763,14.6092,0.590161,8.89833,15.5539,42.8809,0.276407,0.00614421
43920,179896320,8.71333,0.0260007,0,14.5891,0.537719,7.60015,15.2036,36.7997,0.243904,0.00591024
43944,179994624,8.71819,0.0311705,0,14.6218,0.583397,8.49044,15.502,43.0202,0.265276,0.00595093
43968,180092928,8.72313,0.0133199,0,15.5191,0.587856,9.12179,15.6332,42.2573,0.282698,0.00605265
43992,180191232,8.72792,0.0231594,0,14.6011,0.547265,8.46827,15.4227,43.4276,0.268313,0.00563558
44016,180289536,8.73254,0.0547905,0,15.431,0.573797,9.22367,15.4261,41.2,0.283786,0.00523885
44040,180387840,8.73884,0.0201397,0,15.6719,0.570045,9.6899,15.6386,43.5766,0.282008,0.00512695
44064,180486144,8.74382,0.0337806,0,14.4839,0.581621,8.14335,15.5101,41.1561,0.280004,0.00501506
44088,180584448,8.75011,0.0111117,0,13.9695,0.549066,8.31844,15.7,42.0397,0.2428,0.00488281
44112,180682752,8.75535,0.0233087,0,15.035,0.537197,8.67201,15.7052,43.3685,0.278274,0.00487264
44136,180781056,8.76265,0.00944414,0,15.1105,0.544964,9.02115,16.0497,43.162,0.260476,0.00480143
44160,180879360,8.76842,0.0227941,0,14.5849,0.557103,8.83375,15.6358,42.5488,0.274551,0.00488281
44184,180977664,8.77484,0.0324169,0,13.9413,0.559342,8.5974,15.7754,44.2329,0.264218,0.00488281
44208,181075968,8.77994,0.023308,0,16.6588,0.529855,10.4736,16.1366,49.5364,0.277446,0.00488281
44232,181174272,8.78425,0.00766615,0,15.5008,0.608242,9.22492,16.1041,45.0718,0.278614,0.00500488
44256,181272576,8.78849,0.0159797,0,16.305,0.579435,9.97104,16.0606,47.5491,0.265826,0.0050354
44280,181370880,8.79407,0.0350355,0,14.9556,0.528668,8.50459,15.6402,40.2079,0.279063,0.00461833
44304,181469184,8.80089,0.0287024,0,15.2686,0.562445,9.47039,15.8687,45.8703,0.283894,0.00439453
44328,181567488,8.80559,0.0418098,0,15.0033,0.563174,9.00564,15.7527,42.1156,0.27835,0.00448608
44352,181665792,8.81023,0.0329348,0,15.9302,0.536546,9.97876,16.4625,45.9512,0.29774,0.00448608
44376,181764096,8.81491,0.0457887,0.0110379,14.256,0.520443,8.11688,15.8619,41.7895,0.270081,0.00424194
44400,181862400,8.81917,0.0494681,0.0091225,14.4153,0.561807,8.87535,16.4207,43.9557,0.255218,0.00427246
44424,181960704,8.82434,0.0307325,0,15.0813,0.54728,9.35721,16.3153,43.4278,0.275036,0.00439453
44448,182059008,8.83101,0.0317393,0,17.3779,0.591122,10.9413,16.3748,48.9302,0.286626,0.00446574
44472,182157312,8.83693,0.0223504,0.00807754,16.3633,0.55964,10.3517,16.436,44.8945,0.272975,0.00463867
44496,182255616,8.8427,0.0193685,0,15.1968,0.605671,9.40348,16.189,42.766,0.275872,0.00439453
44520,182353920,8.84713,0.0209094,0,16.2301,0.617793,9.99001,16.4123,45.3338,0.283254,0.00428263
44544,182452224,8.85257,0.0297798,0,15.3224,0.550089,10.0109,15.9137,44.8533,0.30152,0.00415039
44568,182550528,8.85919,0.0444539,0,15.6246,0.554256,9.93568,16.2468,45.3757,0.269678,0.00409953
44592,182648832,8.86544,0.0171446,0,15.1314,0.534727,8.68407,15.787,39.0445,0.264784,0.00378418
44616,182747136,8.87013,0.0265195,0,13.8989,0.550999,8.35901,16.2138,42.4857,0.26886,0.00368245
44640,182845440,8.87409,0.00780945,0,15.5171,0.57607,9.13872,16.1256,42.2785,0.282842,0.00357056
44664,182943744,8.87823,0.0438784,0,15.1419,0.523146,8.87383,16.0014,41.4103,0.270894,0.00366211
44688,183042048,8.88193,0.0104575,0,14.3434,0.537399,7.85885,16.4476,45.2468,0.2759,0.00366211
44712,183140352,8.88699,0.0222435,0,15.5288,0.566454,8.58361,16.1979,44.2247,0.273361,0.00355021
44736,183238656,8.89202,0.0252009,0,16.0706,0.625639,9.3561,16.4868,44.1165,0.26652,0.00341797
44760,183336960,8.89617,0.0262866,0.00641368,17.0475,0.551794,10.312,16.2792,45.8561,0.28957,0.00313314
44784,183435264,8.90036,0.0601169,0.0186472,15.6611,0.609887,9.20175,16.7535,43.8755,0.286222,0.00268555
44808,183533568,8.90608,0.0330009,0,16.3481,0.551828,10.7322,16.6135,46.9664,0.272044,0.00280762
44832,183631872,8.91071,0.0405054,0,16.0092,0.561778,9.93676,16.5069,46.4065,0.259567,0.00303141
44856,183730176,8.91446,0.0595805,0,14.0166,0.591721,8.08657,15.88,41.3837,0.267097,0.00317383
44880,183828480,8.91939,0.0195419,0,15.8967,0.580524,10.4594,16.9028,44.2841,0.27433,0.00317383
44904,183926784,8.92459,0.0273857,0,14.9755,0.580662,9.04299,16.6394,44.0921,0.267399,0.00331624
44928,184025088,8.92933,0.0206459,0,15.0751,0.550702,8.54604,16.5182,45.4261,0.268314,0.00349935
44952,184123392,8.9342,0.0269799,0,16.0552,0.571947,10.2808,16.8313,45.2043,0.274398,0.00339762
44976,184221696,8.93978,0.0112122,0,15.1126,0.567802,9.33608,16.5874,44.6986,0.269023,0.00317383
45000,184320000,8.94512,0.0411668,0,14.9348,0.50592,8.78895,16.4324,44.6693,0.282646,0.00333659
45024,184418304,8.95116,0.0140036,0,16.8968,0.573767,10.9774,16.6414,45.1578,0.270918,0.00341797
45048,184516608,8.95482,0.0423547,0,15.4968,0.579262,9.56312,16.4548,44.83,0.278698,0.00341797
45072,184614912,8.95961,0.021613,0,15.9011,0.533165,9.32248,16.0689,44.3379,0.298586,0.0035909
45096,184713216,8.9648,0.0194336,0,14.9757,0.511765,9.12349,16.522,45.4357,0.266153,0.00390625
45120,184811520,8.97009,0.0256673,0,13.8825,0.517895,8.33399,16.8876,46.6008,0.287731,0.00390625
45144,184909824,8.97503,0.00466874,0,15.6421,0.487504,9.41241,16.7212,44.4325,0.2709,0.00352987
45168,185008128,8.97991,0.0306059,0,15.5351,0.580787,9.47969,16.4392,43.3494,0.275828,0.00341797
45192,185106432,8.98441,0.0370352,0.0170482,16.6883,0.58902,10.5403,17.3095,48.6256,0.268482,0.00363159
45216,185204736,8.98772,0.0243923,0,18.1268,0.557731,12.275,17.1456,50.7992,0.269167,0.00366211
45240,185303040,8.99298,0.00581785,0,14.682,0.609313,9.0625,16.5421,42.5938,0.273525,0.00374349
45264,185401344,8.99747,0.0349877,0,14.5678,0.527152,8.45479,16.469,43.0903,0.267875,0.00406901
45288,185499648,9.00201,0.0192507,0,16.1332,0.532374,10.0143,16.7579,42.8789,0.268215,0.00450643
45312,185597952,9.00694,0.0404182,0,16.4501,0.551512,10.5639,17.0622,48.6248,0.275008,0.00463867
45336,185696256,9.01167,0.0277437,0.0151076,15.1748,0.534229,9.35267,16.8381,43.1631,0.262453,0.00446574
45360,185794560,9.01598,0.0378145,0,15.4034,0.60077,9.41719,16.9391,45.3254,0.260128,0.0043335
45384,185892864,9.01944,0.0454161,0,16.2489,0.57859,9.85969,17.1398,46.0993,0.252459,0.00415039
45408,185991168,9.023,0.0121265,0.00770246,14.9113,0.551096,8.03315,16.9438,44.1763,0.267748,0.00405884
45432,186089472,9.02671,0.0238457,0,15.5986,0.566234,9.77027,17.1051,46.6807,0.277077,0.00415039
45456,186187776,9.031,0.0103824,0,15.2877,0.558363,8.9858,16.9107,46.5677,0.270389,0.0039978
45480,186286080,9.0346,0.0180661,0.0124472,14.0815,0.531895,7.96646,16.9715,42.8168,0.291389,0.00390625
45504,186384384,9.0394,0.0512437,0,15.3931,0.56048,8.99414,16.9686,44.2674,0.290328,0.00403849
45528,186482688,9.04405,0.0196299,0,15.7811,0.539842,9.18632,17.12,41.9789,0.277749,0.00425212
45552,186580992,9.04917,0.0826429,0,15.3583,0.538093,8.8652,17.7007,46.7289,0.263299,0.00439453
45576,186679296,9.05423,0.0257446,0,14.3446,0.548827,8.44904,16.9872,38.6008,0.277888,0.00439453
45600,186777600,9.05842,0.0370142,0,14.7415,0.538357,8.52103,17.2071,41.4799,0.252459,0.00431315
45624,186875904,9.06176,0.0304183,0,14.4955,0.580638,7.58968,16.9286,41.8207,0.272957,0.00415039
45648,186974208,9.06568,0.0123323,0,14.363,0.503107,8.83234,16.9809,42.6019,0.271523,0.00407918
45672,187072512,9.07116,0.0144082,0,16.3994,0.520955,10.0396,17.3739,45.3452,0.267724,0.00415039
45696,187170816,9.07652,0.0271272,0,16.9756,0.563228,10.8806,17.8517,48.1424,0.263629,0.00415039
45720,187269120,9.08109,0.0431718,0,16.1221,0.550189,9.6939,17.4621,44.3839,0.276913,0.00430298
45744,187367424,9.08729,0.0197994,0,15.87,0.562894,9.73536,17.8705,44.7818,0.256029,0.00449626
45768,187465728,9.09221,0.028746,0,18.9562,0.576582,12.3964,17.5333,49.3287,0.286293,0.00475057
45792,187564032,9.09647,0.0314744,0,14.2999,0.590573,7.88889,17.3692,41.5888,0.281534,0.00511678
45816,187662336,9.10267,0.059761,0,15.265,0.540771,8.95661,17.569,43.0861,0.272401,0.00538127
45840,187760640,9.10814,0.0129641,0,16.16,0.559992,9.97563,17.7399,46.9769,0.267201,0.00518799
45864,187858944,9.1126,0.0285301,0,15.1196,0.537322,8.90946,17.6596,47.4769,0.272314,0.00512695
45888,187957248,9.11653,0.0249096,0,13.7317,0.563787,7.70182,17.2397,39.6241,0.267205,0.00516764
45912,188055552,9.12068,0.0331118,0,16.419,0.552341,10.1326,17.4652,43.8921,0.252133,0.00518799
45936,188153856,9.1236,0.0248306,0,16.0546,0.567762,9.79156,18.0621,44.3376,0.261743,0.0053304
45960,188252160,9.12772,0.0190958,0,14.4817,0.553117,8.41293,17.4296,42.646,0.250329,0.00537109
45984,188350464,9.13144,0.0185215,0.0110526,15.8633,0.609505,9.7364,18.1799,47.0553,0.262709,0.00537109
46008,188448768,9.13492,0.0117384,0,17.7701,0.570255,11.264,17.8673,48.3178,0.277737,0.0051473
46032,188547072,9.1403,0.0391772,0.00468588,16.9434,0.55459,10.7236,18.056,45.4402,0.281085,0.00537109
46056,188645376,9.14481,0.0494098,0,14.4495,0.51488,8.02613,17.6643,44.3927,0.277385,0.00559489
46080,188743680,9.14699,0.0434201,0,15.0571,0.554278,9.04712,17.8987,44.7126,0.24905,0.00552368
46104,188841984,9.15028,0.0148104,0,15.3152,0.545517,9.28111,17.9715,46.4657,0.259649,0.00537109
46128,188940288,9.15477,0.0171112,0,15.1635,0.533915,9.44885,17.8708,44.8375,0.243499,0.00537109
46152,189038592,9.15914,0.0328155,0,14.9663,0.52908,8.93198,17.1954,42.3627,0.249376,0.00537109
46176,189136896,9.16309,0.0670604,0.0365497,14.5377,0.530319,8.12586,17.6539,43.3797,0.25912,0.00532023
46200,189235200,9.16638,0.0510925,0,16.0313,0.555467,9.57076,17.4179,43.1824,0.259423,0.00512695
46224,189333504,9.17128,0.0256749,0,16.58,0.561715,10.4397,17.8615,46.117,0.278118,0.00512695
46248,189431808,9.175,0.0171474,0,15.1535,0.557933,8.75598,17.6325,45.7282,0.26221,0.00490316
46272,189530112,9.17912,0.0350933,0.0112625,15.1401,0.534123,9.24706,17.6989,43.2562,0.263748,0.00485229
46296,189628416,9.18279,0.0415278,0,16.3505,0.541731,10.2282,17.8642,45.7238,0.250699,0.00453695
46320,189726720,9.18685,0.0150196,0,15.5011,0.563711,8.83396,17.652,44.0724,0.268225,0.00463867
46344,189825024,9.19222,0.0286779,0,15.7407,0.562156,9.23904,17.6115,40.6825,0.259121,0.00463867
46368,189923328,9.19682,0.0236798,0,15.2267,0.576658,8.99514,17.8156,44.6019,0.2796,0.00463867
46392,190021632,9.20165,0.0326729,0,15.8277,0.543962,9.6684,17.7639,47.0611,0.263804,0.00463867
46416,190119936,9.2061,0.042367,0,19.2261,0.545281,13.3943,18.1082,49.0706,0.290665,0.00457764
46440,190218240,9.21161,0.00336625,0,14.8991,0.524844,9.03048,17.8646,45.4691,0.285548,0.00463867
46464,190316544,9.2169,0.0251716,0,14.4212,0.530013,9.05086,17.5447,44.077,0.29065,0.00463867
46488,190414848,9.22206,0.0350476,0,14.2503,0.535903,8.88311,17.6432,45.9246,0.258418,0.00476074
46512,190513152,9.22616,0.0333523,0,15.9911,0.556157,9.43629,17.9143,50.1036,0.265775,0.00494385
46536,190611456,9.22935,0.0200557,0,15.9008,0.582642,9.84448,17.8977,45.0091,0.270033,0.00495402
46560,190709760,9.23182,0.00743475,0,16.4329,0.544766,10.0404,17.8414,47.3091,0.255601,0.00512695
46584,190808064,9.23497,0.0299668,0,14.1471,0.491201,8.17801,17.1356,43.4496,0.268525,0.00527954
46608,190906368,9.23869,0.0194932,0,15.1271,0.556745,8.76572,17.4504,45.8525,0.255854,0.00583903
46632,191004672,9.24326,0.0470406,0.0491688,16.0648,0.52426,9.80463,17.5568,45.0723,0.250179,0.00598145
46656,191102976,9.24797,0.00773286,0,15.9727,0.537927,9.36637,17.6307,44.6614,0.268704,0.00591024
46680,191201280,9.25038,0.0311918,0,14.4288,0.57547,8.04448,17.3179,42.4805,0.268462,0.00615438
46704,191299584,9.25303,0.0248751,0.00868307,16.7233,0.577507,10.1233,17.3185,44.766,0.265253,0.00634766
46728,191397888,9.25582,0.0144148,0,15.3731,0.542997,9.37554,17.6681,47.2656,0.275892,0.00632731
46752,191496192,9.25928,0.0115148,0,15.5989,0.574178,9.69554,17.6347,47.8959,0.267815,0.0064799
46776,191594496,9.2619,0.0238163,0,16.0602,0.614028,10.1009,17.1049,45.1688,0.255451,0.00639852
46800,191692800,9.26492,0.0296033,0,15.4036,0.580337,9.33978,17.6273,47.4668,0.275146,0.00644938
46824,191791104,9.26911,0.0278702,0.00985037,15.7858,0.570799,9.9177,17.4976,46.7067,0.254931,0.00634766
46848,191889408,9.27214,0.030308,0,14.779,0.51641,8.69519,17.8093,47.7874,0.27437,0.00634766
46872,191987712,9.27537,0.0322971,0,16.751,0.573958,10.4633,17.883,49.3967,0.261295,0.00635783
46896,192086016,9.27769,0.0329494,0.00712396,15.885,0.5658,9.21875,17.4038,45.0201,0.256016,0.00646973
46920,192184320,9.27945,0.022145,0,16.9688,0.590432,11.0113,17.5081,48.3706,0.272741,0.00634766
46944,192282624,9.28284,0.0288502,0,14.0703,0.489095,8.06195,17.2928,44.3713,0.283482,0.00629679
46968,192380928,9.2868,0.0371442,0,15.4572,0.559866,8.80217,16.8503,42.9096,0.241883,0.00650024
46992,192479232,9.28899,0.0380062,0,15.1997,0.567308,8.50331,17.0311,41.4812,0.2693,0.00730387
47016,192577536,9.29335,0.0354715,0,16.3585,0.531613,9.6067,17.0469,45.9361,0.268008,0.00732422
47040,192675840,9.29677,0.0291211,0,14.8316,0.519366,9.60197,17.0953,42.3346,0.236572,0.0075175
47064,192774144,9.29955,0.0479799,0.0173959,16.2403,0.543095,10.7653,17.4442,48.4539,0.258677,0.00723267
47088,192872448,9.30095,0.0167669,0,15.556,0.567318,9.98246,17.5754,47.018,0.262075,0.00732422
47112,192970752,9.3041,0.0155781,0,17.1017,0.694545,10.9712,17.4033,46.6363,0.279144,0.0075175
47136,193069056,9.30839,0.0576326,0.0217279,16.7583,0.557311,10.6333,17.7318,48.9328,0.260993,0.00756836
47160,193167360,9.31163,0.023542,0,15.7604,0.533872,10.2189,17.5719,46.5697,0.246782,0.00797526
47184,193265664,9.31323,0.0246414,0,15.8177,0.569431,10.1865,17.5017,50.1149,0.262689,0.0084432
47208,193363968,9.31505,0.0194728,0,15.828,0.562815,9.95307,17.3865,47.8236,0.287577,0.00901286
47232,193462272,9.31827,0.0230908,0.0118558,16.7658,0.557935,10.6849,17.5897,47.7939,0.274866,0.00958252
47256,193560576,9.32169,0.0274743,0,15.359,0.557927,9.71386,17.4603,46.4477,0.263735,0.0099589
47280,193658880,9.32529,0.0224296,0,15.2635,0.555441,9.50911,17.2403,45.3007,0.249587,0.0106099
47304,193757184,9.32864,0.0215887,0,15.1633,0.531585,9.35907,17.3406,45.9627,0.266244,0.0106608
47328,193855488,9.33228,0.0349387,0.0145366,15.5061,0.528082,9.78951,17.5599,48.9399,0.25248,0.0112508
47352,193953792,9.33544,0.0266609,0,15.6322,0.561923,9.99027,17.3065,45.9765,0.267213,0.0116069
47376,194052096,9.33838,0.0288676,0,16.2332,0.547748,10.4201,17.5324,46.2214,0.276658,0.0121155
47400,194150400,9.34143,0.0468364,0,15.8697,0.569479,8.95673,17.3135,45.5454,0.251644,0.012207
47424,194248704,9.34452,0.0383111,0,16.056,0.500255,10.7709,17.212,43.5482,0.272982,0.0122782
47448,194347008,9.34695,0.0487413,0,16.0488,0.578882,10.0752,17.3399,48.5696,0.275469,0.0126953
47472,194445312,9.35058,0.0412788,0,15.0066,0.511271,9.12682,17.0258,46.6384,0.279551,0.0131531
47496,194543616,9.35401,0.0252473,0,15.8764,0.564425,9.61227,17.6054,47.0807,0.264702,0.01356
47520,194641920,9.35719,0.0692587,0,14.8051,0.556767,8.7427,17.6086,47.4181,0.260428,0.0135905
47544,194740224,9.36044,0.0289847,0,15.1965,0.590091,9.50175,17.2842,45.1989,0.271116,0.0137024
47568,194838528,9.36252,0.0298218,0,15.0934,0.562646,8.75997,17.2348,42.0793,0.25565,0.0139771
47592,194936832,9.36382,0.0315681,0,15.0213,0.563594,8.73393,17.3623,46.636,0.248733,0.0144552
47616,195035136,9.36451,0.0361749,0,15.0729,0.509281,8.92681,17.0522,46.3028,0.248063,0.0149841
47640,195133440,9.36693,0.0174961,0,15.5702,0.531726,9.59812,17.3951,44.1172,0.250163,0.01533
47664,195231744,9.37196,0.0311536,0.0239875,15.2337,0.54869,9.17667,17.4298,48.0083,0.250342,0.0154928
47688,195330048,9.37523,0.0337972,0,18.7731,0.56047,13.0988,18.1762,51.9911,0.258618,0.0155436
47712,195428352,9.37706,0.0352308,0.00917445,14.7532,0.520198,8.85126,17.6746,44.7754,0.26433,0.0159403
47736,195526656,9.37913,0.0292443,0.0103103,18.1053,0.604515,11.5402,17.5975,48.5941,0.261052,0.0163269
47760,195624960,9.38318,0.0268433,0.00646442,15.5521,0.543813,9.53438,17.3141,44.4784,0.275656,0.0160624
47784,195723264,9.38447,0.0378604,0.0180343,16.6077,0.567758,10.4332,17.6238,47.9407,0.265992,0.0167033
47808,195821568,9.38683,0.0161035,0,17.3071,0.567819,11.4529,17.8082,49.5162,0.252434,0.0162964
47832,195919872,9.38932,0.015,0,16.9142,0.562811,11.0068,17.6728,48.1766,0.266134,0.0166219
47856,196018176,9.39217,0.0210843,0,15.6248,0.534748,9.29598,17.577,44.7668,0.243227,0.016866
47880,196116480,9.39347,0.0307921,0,15.0466,0.539813,8.90366,17.2644,43.1849,0.25956,0.0174052
47904,196214784,9.39458,0.0270594,0.0151261,14.2455,0.554606,8.20591,17.4388,43.4948,0.277456,0.0176493
47928,196313088,9.39635,0.0271415,0.00988933,15.3117,0.600599,8.94542,17.4669,43.8637,0.257011,0.017863
47952,196411392,9.39797,0.0476417,0,15.9368,0.528619,9.77953,17.6636,46.2206,0.254224,0.0178223
47976,196509696,9.40134,0.0302162,0.00708144,17.0258,0.53387,11.6911,17.9894,52.4344,0.276637,0.0174255
48000,196608000,9.4045,0.037857,0,15.7162,0.517006,10.1712,17.9509,45.3801,0.248439,0.0174662
48024,196706304,9.40701,0.0546593,0.015115,15.4138,0.555339,8.9944,17.6149,46.7758,0.261357,0.0175069
48048,196804608,9.40962,0.0642265,0,16.1941,0.578379,9.72344,17.8565,46.1161,0.274805,0.0187683
48072,196902912,9.41149,0.0262981,0,15.0745,0.494155,8.96189,17.7076,43.2846,0.254702,0.0186666
48096,197001216,9.4123,0.045877,0,17.5056,0.571792,11.1752,17.7967,47.4042,0.280495,0.0185242
48120,197099520,9.41484,0.0977428,0,14.6552,0.523907,8.91755,17.1047,45.1666,0.256995,0.0183105
48144,197197824,9.4177,0.0190774,0,15.9119,0.563555,10.5097,17.6019,46.1296,0.271929,0.0183309
48168,197296128,9.42055,0.0232648,0,15.6128,0.522427,10.2226,17.5019,44.997,0.252247,0.018575
48192,197394432,9.42377,0.0297372,0.00715564,16.5182,0.67638,10.5602,17.9708,47.603,0.251204,0.0182699
48216,197492736,9.42702,0.0272539,0,15.8192,0.565003,9.91925,17.3195,45.5019,0.248239,0.0182088
48240,197591040,9.43088,0.0273725,0,16.7159,0.537248,10.6896,17.7434,47.4079,0.252797,0.0183105
48264,197689344,9.43295,0.015964,0,15.0354,0.570869,8.8864,17.2507,46.1334,0.26976,0.0176188
48288,197787648,9.43513,0.029071,0,14.9438,0.537925,9.29319,17.5394,46.5841,0.261197,0.0175883
48312,197885952,9.43627,0.0381025,0,15.8861,0.507105,9.38574,17.6633,45.3348,0.269605,0.0176697
48336,197984256,9.4393,0.00944572,0,15.7194,0.595488,9.55668,17.3583,46.6248,0.25601,0.0172221
48360,198082560,9.443,0.0141231,0,15.7307,0.540022,9.89264,17.8108,44.9749,0.289855,0.016805
48384,198180864,9.44613,0.0187526,0,16.331,0.601173,9.83954,17.6548,47.1807,0.257592,0.0166321
48408,198279168,9.44943,0.0157017,0,15.5869,0.554704,9.19227,17.7778,46.1527,0.258871,0.0174154
48432,198377472,9.4531,0.0199038,0,16.4281,0.568606,10.4718,17.7577,47.0018,0.260759,0.0173645
48456,198475776,9.45591,0.0256234,0.0128617,16.1009,0.532911,10.3152,17.4219,47.8456,0.27424,0.0173543
48480,198574080,9.45926,0.043388,0,16.4307,0.583316,10.8582,17.9245,48.9552,0.259648,0.0171305
48504,198672384,9.46131,0.03843,0,17.3934,0.553899,11.3259,17.9286,49.6037,0.253586,0.0168864
48528,198770688,9.46313,0.0323169,0,15.9924,0.556706,9.43917,17.9525,43.3095,0.2591,0.0174662
48552,198868992,9.46468,0.0373777,0.00435346,16.0564,0.565934,9.50922,17.5522,44.5255,0.25454,0.0175883
48576,198967296,9.46616,0.031499,0,15.865,0.582693,9.29704,17.8335,45.4959,0.270585,0.0171102
48600,199065600,9.46652,0.00829056,0,15.8881,0.557295,10.288,17.7411,45.1035,0.253784,0.0169373
48624,199163904,9.46768,0.0446839,0,15.7899,0.553297,9.64289,17.728,44.7678,0.28701,0.0164795
48648,199262208,9.46902,0.0404408,0.00758808,15.7861,0.557006,9.74808,17.8273,44.0728,0.265172,0.0164795
48672,199360512,9.47083,0.0799255,0.00729247,13.9118,0.535752,7.91074,17.8393,44.8218,0.279182,0.0164897
48696,199458816,9.47217,0.025933,0.00714796,15.5047,0.517967,8.75097,17.7959,47.7288,0.24656,0.0164897
48720,199557120,9.47422,0.0236298,0,15.3987,0.540873,9.85501,18.1194,45.2906,0.250023,0.0159098
48744,199655424,9.4777,0.026413,0,16.3403,0.534395,10.6345,18.1204,47.6798,0.269429,0.015625
48768,199753728,9.47984,0.0565324,0,14.6168,0.533775,8.46321,17.796,45.5829,0.268379,0.0153605
48792,199852032,9.48298,0.0348247,0,16.309,0.536767,10.2774,18.0288,50.0312,0.239682,0.0148926
48816,199950336,9.48374,0.015772,0,16.539,0.56343,10.1221,18.0743,48.3078,0.263984,0.0150757
48840,200048640,9.48574,0.0228,0,15.7008,0.576741,9.72182,18.355,50.2883,0.265502,0.0152791
48864,200146944,9.48855,0.0174055,0.00902527,15.9146,0.589284,10.4142,18.1183,49.8706,0.268298,0.0150553
48888,200245248,9.49229,0.0613379,0.0208065,15.7116,0.626905,10.0566,17.6249,44.1679,0.249625,0.0146383
48912,200343552,9.49366,0.0304948,0,16.4442,0.569698,9.70066,17.8246,45.408,0.268188,0.0144552
48936,200441856,9.49583,0.0238956,0,17.1775,0.598777,11.3105,17.8521,47.8344,0.262403,0.0145671
48960,200540160,9.49752,0.0578944,0.0188367,15.2355,0.533967,9.57668,17.971,44.8381,0.263891,0.0144043
48984,200638464,9.49816,0.0600711,0,14.5447,0.535149,8.63752,17.8937,47.8576,0.271628,0.0143534
49008,200736768,9.50238,0.0551728,0,15.5086,0.578514,9.1485,18.1536,45.7267,0.263427,0.013916
49032,200835072,9.50552,0.0278102,0,15.4108,0.526069,9.72859,17.9767,46.387,0.256108,0.0135701
49056,200933376,9.50812,0.00974026,0,15.4361,0.517017,9.80665,18.1567,46.777,0.258649,0.0130615
49080,201031680,9.50966,0.0468135,0,16.571,0.55925,10.3673,17.7069,45.9132,0.26175,0.0134277
49104,201129984,9.51332,0.0191954,0.00874636,14.3654,0.519466,8.32216,17.891,43.8946,0.27256,0.0134277
49128,201228288,9.5161,0.0114027,0.0159574,15.6184,0.576136,10.0796,18.0285,44.0418,0.25204,0.0134277
49152,201326592,9.51827,0.0383018,0,17.044,0.570471,10.6315,18.122,46.5766,0.275751,0.0134888
49176,201424896,9.52131,0.0344086,0.00963391,16.7402,0.585013,10.3744,17.9775,46.6253,0.274849,0.0130107
49200,201523200,9.52421,0.0211218,0.00617252,15.0122,0.551101,9.19974,17.8154,42.4284,0.267457,0.0130412
49224,201621504,9.52659,0.0541695,0.0183041,16.6424,0.576543,11.2264,18.2355,49.5806,0.264605,0.0122782
49248,201719808,9.52885,0.0445338,0.0232237,14.6984,0.503526,9.21412,18.1822,45.4712,0.254862,0.0119629
49272,201818112,9.53056,0.0401239,0,15.9843,0.56619,10.5233,18.6305,48.0494,0.289492,0.0115763
49296,201916416,9.53128,0.00770188,0,15.4124,0.544042,9.5471,18.0585,44.8053,0.248223,0.0110779
49320,202014720,9.53287,0.0173624,0.0141708,14.8429,0.532375,9.43381,18.1652,47.4639,0.275328,0.0107422
49344,202113024,9.53605,0.0194563,0,15.8053,0.564427,9.78265,18.6132,49.293,0.259423,0.0108236
49368,202211328,9.53819,0.0131279,0.01683,17.3678,0.540502,11.348,18.8464,50.2268,0.25336,0.0109863
49392,202309632,9.54074,0.019846,0,17.2875,0.553137,11.5689,18.5633,48.1102,0.257069,0.0104065
49416,202407936,9.54389,0.0289992,0.00557155,17.3659,0.602488,11.6675,18.4683,48.9538,0.293501,0.0101522
49440,202506240,9.54637,0.030886,0,16.0014,0.564595,10.0039,18.4047,48.4031,0.262429,0.0100505
49464,202604544,9.54868,0.0339431,0,15.9859,0.552107,10.0632,18.3879,46.5066,0.273887,0.00985718
49488,202702848,9.55136,0.0255746,0,17.8142,0.593724,12.5107,18.8636,50.5864,0.251638,0.009847
49512,202801152,9.55348,0.0343752,0.0175994,16.7325,0.550423,10.2355,18.55,48.2936,0.250165,0.0096639
49536,202899456,9.55488,0.0317648,0,16.579,0.5585,10.174,18.9442,48.0244,0.2527,0.00870768
49560,202997760,9.55635,0.0720785,0,13.7282,0.4914,7.10723,17.5942,38.5132,0.262417,0.00879924
49584,203096064,9.5572,0.0271101,0.0208406,14.9911,0.545032,9.03492,18.2073,43.5292,0.253414,0.00840251
49608,203194368,9.55794,0.0510183,0,16.047,0.497455,10.415,18.4818,47.8471,0.267166,0.00789388
49632,203292672,9.55944,0.0349118,0.0201563,16.6707,0.576759,10.4831,18.4172,48.6439,0.265809,0.00793457
49656,203390976,9.56199,0.0421163,0.00860597,16.4015,0.52918,10.303,18.4694,50.0283,0.26712,0.00782267
49680,203489280,9.56412,0.0250895,0,14.2347,0.489396,7.90551,18.3592,47.6154,0.255052,0.00772095
49704,203587584,9.56567,0.0285762,0.00907206,17.4337,0.587627,11.2678,18.7401,49.91,0.272247,0.00742594
49728,203685888,9.56691,0.0656719,0,17.0055,0.556157,10.8827,18.5379,47.2089,0.265391,0.00733439
49752,203784192,9.56908,0.0208876,0,16.3283,0.524704,9.80923,18.6019,46.7901,0.26929,0.0075175
49776,203882496,9.57099,0.0179531,0.0141194,16.1238,0.589981,9.84559,18.4085,48.4033,0.264421,0.00738525
49800,203980800,9.57224,0.0327593,0.00615457,17.6609,0.563831,12.0048,18.5921,49.5933,0.264243,0.00787354
49824,204079104,9.57444,0.0370909,0,16.897,0.526069,11.2092,18.946,52.3028,0.257746,0.00736491
49848,204177408,9.57622,0.027572,0,17.4362,0.542101,11.5482,18.6866,47.3938,0.269562,0.00708008
49872,204275712,9.57728,0.0510602,0,15.4724,0.52067,10.1657,18.4014,46.9487,0.263893,0.00689697
49896,204374016,9.57864,0.0480799,0.00555247,15.6117,0.562987,9.7978,18.4837,46.9246,0.255571,0.00697835
49920,204472320,9.57996,0.0307327,0.00638196,15.6129,0.518314,9.82968,18.2009,44.2409,0.269126,0.00681559
49944,204570624,9.58128,0.0262495,0,16.4037,0.547712,10.7314,18.7578,47.6776,0.271551,0.0067749
49968,204668928,9.58384,0.00913242,0,18.664,0.544589,12.7742,18.8442,52.5205,0.261356,0.00708008
49992,204767232,9.58646,0.0142298,0,17.527,0.483054,11.2342,18.0277,44.0285,0.262281,0.00706991
50016,204865536,9.5885,0.030395,0.0113636,16.6659,0.572468,10.7695,18.8038,49.1445,0.273588,0.00701904
50040,204963840,9.59009,0.0460862,0,17.0454,0.553005,11.0844,18.5998,50.8903,0.248179,0.00690715
50064,205062144,9.59222,0.0178016,0.00772911,15.5971,0.571392,9.52524,18.7757,45.5401,0.300436,0.00672404
50088,205160448,9.59338,0.00609049,0,18.1161,0.546139,12.0663,18.7299,50.1373,0.246951,0.0067749
50112,205258752,9.5957,0.0285565,0,19.0734,0.542675,12.4645,18.8415,52.0694,0.254232,0.00695801
50136,205357056,9.59675,0.0535221,0.00966673,17.5012,0.540911,10.4968,18.7769,48.6487,0.261811,0.00717163
50160,205455360,9.59864,0.090937,0,14.9063,0.542,9.5076,18.082,44.0613,0.267671,0.00702922
50184,205553664,9.59979,0.030171,0,16.3242,0.517806,10.1429,18.5883,50.0562,0.263914,0.00708008
50208,205651968,9.60092,0.0386835,0.00523081,16.4281,0.569007,9.73919,18.4715,45.8783,0.260849,0.00717163
50232,205750272,9.60136,0.0543894,0.00557932,16.5011,0.480658,10.6308,18.2766,48.7517,0.257436,0.00733439
50256,205848576,9.60357,0.0395713,0.0101321,16.1419,0.542881,9.62469,18.0226,43.5401,0.249031,0.00756836
50280,205946880,9.6056,0.00636529,0,15.3583,0.533935,9.148,18.3648,43.598,0.263796,0.00762939
50304,206045184,9.60673,0.0206136,0,16.7348,0.521409,10.5421,18.4418,48.1834,0.265588,0.00805664
50328,206143488,9.60867,0.0327978,0.00813155,17.1757,0.538001,11.5944,18.5201,51.6903,0.260821,0.00795492
50352,206241792,9.61097,0.0558181,0,18.3569,0.583317,11.1308,18.6019,51.8684,0.242656,0.00764974
50376,206340096,9.6119,0.0448077,0.00886096,16.2637,0.554431,10.8111,18.5049,50.8583,0.247102,0.00756836
50400,206438400,9.61345,0.0465516,0,16.5905,0.522792,10.0896,18.2889,45.421,0.25843,0.00769043
50424,206536704,9.61525,0.019037,0,16.7749,0.557039,10.5666,17.9489,45.9458,0.286521,0.00732422
50448,206635008,9.61633,0.0265491,0.009996,19.3526,0.541637,12.7064,18.3853,50.4959,0.270688,0.00710042
50472,206733312,9.61715,0.00990491,0,17.1599,0.514257,11.6496,18.6406,52.0228,0.260042,0.00687663
50496,206831616,9.61805,0.0251955,0.00617184,17.1639,0.527061,11.2415,18.5234,47.3568,0.259374,0.00673421
50520,206929920,9.61956,0.0199182,0,17.6121,0.590783,12.0171,18.3261,46.9166,0.269696,0.0065918
50544,207028224,9.62178,0.0116241,0,19.0016,0.566814,11.9891,18.4721,51.8234,0.269929,0.00674438
50568,207126528,9.62452,0.0367193,0,16.3942,0.51516,10.3633,18.0692,46.2735,0.254692,0.00663249
50592,207224832,9.62734,0.050409,0.0262381,16.0049,0.542675,9.95344,18.3023,45.5476,0.265204,0.0065918
50616,207323136,9.62945,0.0516724,0.0147105,16.7128,0.528915,10.2229,18.607,48.2553,0.263159,0.00642904
50640,207421440,9.63126,0.0504257,0,15.2772,0.468714,9.78198,18.6013,46.3305,0.264349,0.00628662
50664,207519744,9.63174,0.0673562,0.0474621,14.5394,0.525572,9.11869,18.2974,44.0955,0.256683,0.00620524
50688,207618048,9.63206,0.00830609,0,15.0329,0.549717,9.16693,18.7492,49.5377,0.249678,0.00610352
50712,207716352,9.63356,0.0520396,0,15.3578,0.496014,9.41657,18.3822,44.9857,0.240416,0.00610352
50736,207814656,9.63557,0.0157879,0,16.5714,0.639323,11.0292,18.6117,49.1811,0.263722,0.00601196
50760,207912960,9.63679,0.0301339,0,18.3434,0.536629,11.9662,19.0066,53.2971,0.253359,0.00585938
50784,208011264,9.63673,0.0305101,0.00799011,17.6931,0.593338,11.3193,18.477,49.3961,0.257113,0.00565592
50808,208109568,9.63772,0.0162435,0.00611808,17.8891,0.5944,11.9862,18.7994,49.8115,0.249467,0.00529989
50832,208207872,9.63844,0.0614912,0,15.99,0.497466,9.85444,18.4055,45.9103,0.259565,0.00537109
50856,208306176,9.6412,0.0374234,0,16.0526,0.540491,10.0069,18.0925,44.9231,0.268308,0.00537109
50880,208404480,9.64271,0.0225182,0,18.6737,0.551677,13.5867,18.5301,49.8885,0.265193,0.00537109
50904,208502784,9.64456,0.0202509,0,17.2532,0.532011,10.7171,18.6625,50.1094,0.283953,0.00509644
50928,208601088,9.64509,0.0300934,0,19.0177,0.549704,12.945,18.8133,51.119,0.268962,0.00512695
50952,208699392,9.64618,0.0178819,0,15.3158,0.515979,8.50441,18.1345,44.7217,0.244502,0.00478109
50976,208797696,9.64784,0.0195509,0.0136372,16.691,0.544649,10.6315,18.4905,47.6741,0.252254,0.00480143
51000,208896000,9.64863,0.0479211,0,15.278,0.538378,9.34042,18.5047,46.6894,0.257531,0.00463867
51024,208994304,9.65073,0.0528956,0,15.7474,0.524235,10.7153,18.8024,48.5422,0.274037,0.00488281
51048,209092608,9.65117,0.0355444,0,17.5054,0.546692,12.0662,18.8522,47.3293,0.273496,0.00486247
51072,209190912,9.65286,0.0315655,0,16.4184,0.516622,10.8244,18.69,48.037,0.243906,0.00461833
51096,209289216,9.65469,0.0291838,0.0298691,15.77,0.535431,9.60953,18.4684,45.2039,0.256534,0.00445557
51120,209387520,9.65602,0.0255562,0,17.2496,0.554189,11.5681,18.6751,47.4232,0.277998,0.00450643
51144,209485824,9.65889,0.0243574,0,18.4183,0.538291,12.1463,18.9185,52.9673,0.266819,0.00437419
51168,209584128,9.65937,0.0459978,0.0141388,16.9249,0.547321,10.6995,18.7005,44.9794,0.262135,0.00438436
51192,209682432,9.66134,0.0322802,0,15.71,0.540423,9.98825,18.5727,48.0389,0.265576,0.00446574
51216,209780736,9.66287,0.0197104,0,17.2657,0.555307,11.3267,18.6845,51.7695,0.271845,0.0042216
51240,209879040,9.66617,0.0680583,0.0121053,16.9857,0.556849,11.1132,18.8875,50.1677,0.255248,0.00405884
51264,209977344,9.66718,0.057664,0,16.1752,0.542622,10.3597,18.6452,48.5755,0.27108,0.00409953
51288,210075648,9.66809,0.0172197,0.0129882,16.4288,0.529889,10.4289,18.3391,44.2447,0.266465,0.00406901
51312,210173952,9.6694,0.0635673,0.0106794,15.3922,0.536139,9.12549,18.4032,47.4436,0.261985,0.00415039
51336,210272256,9.67004,0.0145549,0,17.6809,0.559964,12.1479,18.3246,46.2453,0.270754,0.00415039
51360,210370560,9.67038,0.0804057,0.0112903,14.973,0.475313,8.68258,18.2257,45.567,0.262417,0.00415039
51384,210468864,9.67155,0.0405612,0.0106511,15.7871,0.517701,9.44076,18.3111,45.7901,0.25165,0.00411987
51408,210567168,9.67273,0.0216979,0,16.4266,0.569658,10.3191,19.0482,48.1508,0.264818,0.00390625
51432,210665472,9.67352,0.0189689,0,17.1669,0.557029,11.19,19.0787,51.0483,0.262158,0.00390625
51456,210763776,9.67507,0.0547415,0.00463679,14.8531,0.521768,8.56067,18.6614,43.7333,0.250236,0.00390625
51480,210862080,9.67632,0.0438729,0,15.9221,0.525017,10.0662,18.8314,49.9905,0.25888,0.00383504
51504,210960384,9.67764,0.0248062,0,16.8417,0.564887,10.6799,18.7438,49.639,0.257434,0.00386556
51528,211058688,9.67908,0.0262234,0,15.9743,0.60638,9.35482,18.8951,46.1161,0.246045,0.00416056
51552,211156992,9.68087,0.0343682,0,16.676,0.551983,10.8483,18.6617,49.1317,0.266243,0.0041097
51576,211255296,9.68147,0.0343597,0,18.0175,0.5869,11.0588,18.6865,47.2365,0.247081,0.00390625
51600,211353600,9.68235,0.0156837,0.0029355,17.1326,0.582948,10.9889,18.8539,46.5167,0.264032,0.00390625
51624,211451904,9.68183,0.00871882,0,16.2735,0.545113,10.2066,18.7488,50.2174,0.273418,0.00402832
51648,211550208,9.68248,0.0268427,0,15.8965,0.506769,9.79318,18.6972,48.2195,0.253222,0.00434367
51672,211648512,9.68298,0.0420831,0,15.076,0.59354,8.97329,18.3614,45.7893,0.252468,0.00427246
51696,211746816,9.68281,0.041377,0,15.2017,0.523568,8.92756,18.4063,46.0822,0.277328,0.00439453
51720,211845120,9.68291,0.0255274,0,15.5352,0.548628,9.90741,18.8911,49.0533,0.256543,0.00439453
51744,211943424,9.6835,0.0558005,0,15.8325,0.529192,10.0851,18.7897,48.1572,0.259743,0.00439453
51768,212041728,9.68556,0.0553605,0.0163136,13.3538,0.501937,7.95003,17.8066,42.1812,0.250111,0.00439453
51792,212140032,9.68681,0.0429133,0,15.7338,0.534729,9.83524,18.6205,49.3854,0.264485,0.00466919
51816,212238336,9.6883,0.0288581,0,16.8298,0.580589,10.4354,18.9663,47.6997,0.261349,0.00483195
51840,212336640,9.6905,0.0639445,0,17.1708,0.487411,11.8868,18.9822,49.8937,0.250577,0.00488281
51864,212434944,9.6931,0.0470004,0.00991689,17.1861,0.566683,10.66,18.8895,49.7998,0.277545,0.00488281
51888,212533248,9.69333,0.0107179,0.00959868,18.7683,0.5597,12.2865,18.9649,51.1776,0.254683,0.00488281
51912,212631552,9.69439,0.0201229,0,17.1133,0.575831,10.6062,17.8429,46.9049,0.252796,0.00472005
51936,212729856,9.69497,0.0354986,0,17.6653,0.56939,10.7802,18.688,48.0343,0.263309,0.00488281
51960,212828160,9.6959,0.0531517,0,17.3372,0.547961,11.135,18.8864,46.9046,0.252418,0.00490316
51984,212926464,9.6987,0.0347082,0,15.9519,0.557625,9.9492,19.1651,52.1975,0.247576,0.00488281
52008,213024768,9.69993,0.0263579,0.00746269,14.1734,0.507878,8.54143,18.2871,45.5633,0.259126,0.00480143
52032,213123072,9.70009,0.0368945,0.008885,15.5575,0.568039,9.52206,18.7655,48.9659,0.24038,0.00457764
52056,213221376,9.70069,0.0218901,0,17.2449,0.542957,11.3366,19.0432,50.9187,0.262294,0.00439453
52080,213319680,9.70152,0.0173238,0,16.4141,0.525545,10.7184,18.6006,46.3502,0.244015,0.00439453
52104,213417984,9.70379,0.0471066,0.0176783,17.3441,0.559165,11.1284,18.7505,48.284,0.256234,0.00425212
52128,213516288,9.7051,0.0470549,0,16.9769,0.588854,10.3505,18.3866,47.2534,0.253215,0.0042216
52152,213614592,9.70569,0.0374348,0.0057809,14.7257,0.528072,8.60347,18.0485,43.9266,0.257358,0.00415039
52176,213712896,9.70631,0.00980036,0.00736196,15.9033,0.558408,10.1372,18.8129,49.2366,0.254559,0.00375366
52200,213811200,9.70748,0.0168529,0.00716479,17.0869,0.511117,10.9796,18.9128,50.3133,0.259084,0.00391642
52224,213909504,9.70812,0.0300259,0,15.2472,0.53451,9.4574,18.3911,45.3811,0.258153,0.00415039
52248,214007808,9.70903,0.0375867,0,16.5885,0.576892,10.4807,18.9979,49.7692,0.258809,0.00411987
52272,214106112,9.70954,0.0304503,0,17.0103,0.581245,10.9905,18.8233,48.5467,0.259841,0.00390625
52296,214204416,9.70931,0.0153904,0,16.3005,0.587116,10.6316,18.7439,46.6921,0.241623,0.00360107
52320,214302720,9.71014,0.0270514,0,15.9035,0.520655,9.92083,18.2432,44.2353,0.256406,0.00341797
52344,214401024,9.711,0.0296853,0.0107239,16.8572,0.546894,10.6012,18.4696,48.9008,0.256753,0.00341797
52368,214499328,9.71143,0.0294961,0,15.2062,0.523578,8.41156,18.413,44.1924,0.238499,0.00341797
52392,214597632,9.71307,0.0190057,0.00780125,15.1206,0.568011,9.18694,18.5537,49.4882,0.25239,0.00341797
52416,214695936,9.71439,0.025463,0,16.4074,0.559106,10.3387,18.9494,49.8787,0.251256,0.00341797
52440,214794240,9.71555,0.0593578,0,16.1077,0.509677,10.3549,19.2584,50.8625,0.260233,0.00341797
52464,214892544,9.71656,0.0486342,0,17.2436,0.594399,11.1912,18.7488,48.1582,0.236883,0.00348918
52488,214990848,9.71841,0.0608302,0,16.7911,0.524334,10.7224,18.5975,49.5794,0.266472,0.00362142
52512,215089152,9.71986,0.0399153,0.00516929,17.2267,0.495321,12.2708,19.038,50.3003,0.249376,0.00341797
52536,215187456,9.72013,0.0116035,0,17.0105,0.592801,10.7134,19.271,50.1538,0.243862,0.00309245
52560,215285760,9.72141,0.0439629,0.0073736,15.9934,0.578385,10.0234,18.8487,43.4371,0.251164,0.00317383
52584,215384064,9.72174,0.0241707,0.0151837,15.8644,0.507775,9.58751,18.8738,47.2659,0.292584,0.00335693
52608,215482368,9.72089,0.0375856,0.00559989,15.9515,0.584857,9.65478,18.9804,47.8912,0.266119,0.00366211
52632,215580672,9.72217,0.0265704,0,17.4289,0.520304,10.985,18.8966,47.0963,0.260401,0.00362142
52656,215678976,9.72318,0.0432186,0,16.5947,0.569808,10.9147,19.1947,50.709,0.239092,0.00366211
52680,215777280,9.72402,0.0361235,0,16.4355,0.568447,10.0226,18.8168,46.1001,0.261303,0.00345866
52704,215875584,9.72567,0.0327869,0.00662252,17.8731,0.537098,12.022,19.3615,53.7934,0.259813,0.00341797
52728,215973888,9.72681,0.0545323,0.00538324,15.9236,0.613806,9.86604,18.9138,47.2368,0.256805,0.00341797
52752,216072192,9.72708,0.038786,0.0200191,16.2071,0.526643,10.3348,19.3522,47.9386,0.257393,0.00341797
52776,216170496,9.72821,0.0220899,0.00891228,17.7364,0.605369,11.4845,19.3236,51.3293,0.257255,0.00335693
52800,216268800,9.73076,0.0575388,0.00694578,14.9662,0.557696,8.51593,18.7536,46.4053,0.252314,0.0030009
52824,216367104,9.73179,0.0217404,0,16.9075,0.563608,10.0674,18.6657,47.6691,0.266812,0.00271606
52848,216465408,9.73132,0.0331838,0,18.6609,0.512363,12.7648,19.4706,51.7446,0.25296,0.00292969
52872,216563712,9.7311,0.0302981,0,16.2437,0.579829,9.89798,19.1687,50.0783,0.249863,0.00292969
52896,216662016,9.73181,0.0301677,0,17.7143,0.552449,11.5664,19.6127,52.4258,0.255074,0.0030009
52920,216760320,9.73231,0.0332671,0.00611942,16.3552,0.534628,10.5387,19.3107,51.8823,0.258223,0.0030721
52944,216858624,9.73093,0.0389262,0.0179979,16.0793,0.537547,9.85363,18.9268,47.8084,0.274437,0.00317383
52968,216956928,9.72919,0.0406917,0.00349825,17.3852,0.537079,11.2885,19.2929,47.7645,0.245413,0.00302124
52992,217055232,9.72915,0.0392754,0.013144,17.8792,0.57216,11.4881,19.495,51.5522,0.262418,0.00292969
53016,217153536,9.73051,0.0424375,0.00602099,16.7083,0.543777,10.8394,19.4493,51.2465,0.258947,0.00292969
53040,217251840,9.73193,0.015032,0.00491985,15.7832,0.572938,10.1284,19.353,47.5322,0.259873,0.00293986
53064,217350144,9.73163,0.0329217,0,17.0733,0.534755,10.6012,18.8967,46.3111,0.245435,0.00317383
53088,217448448,9.7314,0.0492079,0,14.6527,0.530411,8.7106,19.0055,45.9018,0.246471,0.003184
53112,217546752,9.7312,0.0202507,0,14.7314,0.487271,8.96336,19.2254,45.5212,0.272258,0.00334676
53136,217645056,9.7318,0.0430757,0,16.6258,0.572593,10.5634,19.2479,50.8824,0.262678,0.00317383
53160,217743360,9.73214,0.0452244,0,16.0554,0.51376,10.1597,19.5153,52.7002,0.24794,0.00317383
53184,217841664,9.73394,0.0480029,0,16.2671,0.592313,10.0098,19.2584,48.2418,0.241946,0.00309245
53208,217939968,9.7354,0.0427184,0.00572831,16.9903,0.542464,11.1231,19.3861,47.7284,0.272,0.00283813
53232,218038272,9.73621,0.0463904,0.0152977,16.6909,0.537562,10.3035,19.3106,47.1947,0.257712,0.00268555
53256,218136576,9.73682,0.0280182,0.0121734,17.0792,0.540034,10.9153,19.5717,49.2329,0.255579,0.00281779
53280,218234880,9.73898,0.0221178,0,14.8447,0.49179,8.83295,19.0892,45.0365,0.237567,0.00309245
53304,218333184,9.74002,0.025259,0.014828,16.6662,0.536188,10.7836,19.401,49.9891,0.256321,0.00317383
53328,218431488,9.74058,0.0274088,0.00839119,16.1821,0.53409,9.9024,19.4044,46.3294,0.240435,0.00317383
53352,218529792,9.7412,0.0785226,0.0134035,15.9579,0.524568,10.9844,19.1673,44.0772,0.267332,0.00317383
53376,218628096,9.74078,0.0199653,0,17.4396,0.555144,11.1173,19.8506,53.2927,0.258201,0.00328573
53400,218726400,9.73993,0.0405376,0.00791109,14.2084,0.494766,8.62751,19.3332,47.8654,0.255287,0.00341797
53424,218824704,9.74057,0.0658181,0.0108066,16.0122,0.518156,9.75976,19.7037,49.5561,0.256651,0.00341797
53448,218923008,9.74091,0.0253977,0,16.83,0.507809,10.5912,19.4427,51.4588,0.255743,0.00341797
53472,219021312,9.74155,0.0167337,0.00734844,16.8717,0.550457,11.0837,19.3055,48.7211,0.277421,0.00326538
53496,219119616,9.74248,0.0612446,0.035021,16.128,0.513645,10.1305,19.2188,45.8621,0.250846,0.00332642
53520,219217920,9.7444,0.0310242,0.0071887,17.8399,0.534651,11.7522,19.684,52.0061,0.258716,0.00341797
53544,219316224,9.74623,0.0517103,0,16.2306,0.523654,9.92266,19.3018,49.1868,0.269016,0.00354004
53568,219414528,9.74691,0.0499949,0.0112776,17.3758,0.549791,11.1878,19.9731,52.8301,0.263024,0.00398763
53592,219512832,9.74706,0.0122249,0,16.664,0.503302,10.8148,20.0577,52.1797,0.245501,0.0038147
53616,219611136,9.74759,0.0309193,0,16.7034,0.577931,10.3004,19.7114,50.9703,0.245457,0.00383504
53640,219709440,9.74882,0.0489924,0,16.4448,0.550819,10.4286,19.4691,47.3834,0.26162,0.00374349
53664,219807744,9.74907,0.0382968,0.00453195,17.8789,0.582784,12.0345,19.9675,53.1032,0.263511,0.00375366
53688,219906048,9.74928,0.0447044,0.0124378,16.6801,0.521983,10.3797,19.5071,48.6378,0.247657,0.00390625
53712,220004352,9.75072,0.0191483,0.011626,16.4646,0.572791,10.653,19.5036,48.5558,0.257422,0.00390625
53736,220102656,9.75145,0.0198153,0,16.4267,0.556877,10.6726,19.5875,49.739,0.266241,0.00390625
53760,220200960,9.75038,0.0320572,0,16.7209,0.576853,9.74135,19.5919,45.2957,0.266795,0.00390625
53784,220299264,9.75072,0.017958,0,17.6588,0.550642,11.1752,19.2251,46.5256,0.253151,0.00402832
53808,220397568,9.75154,0.0257003,0,15.8067,0.549237,9.73281,19.5553,47.8169,0.243498,0.00439453
53832,220495872,9.75264,0.0783342,0.0388349,17.9047,0.589359,11.8175,19.556,51.4237,0.2725,0.00452677
53856,220594176,9.75318,0.0325928,0,16.2487,0.545953,10.469,19.545,49.575,0.266384,0.0048116
53880,220692480,9.75342,0.0412616,0.014103,14.8248,0.559715,8.6339,19.4692,46.0986,0.237562,0.00488281
53904,220790784,9.75371,0.0329289,0,14.7543,0.541187,9.10574,19.2043,45.9039,0.246587,0.00489298
53928,220889088,9.75348,0.0215248,0,16.7156,0.545479,10.2017,19.5501,48.1969,0.264404,0.00522868
53952,220987392,9.7553,0.00599726,0,15.3044,0.551219,8.97038,19.5226,46.1952,0.243816,0.00548299
53976,221085696,9.75511,0.0514144,0.0202742,16.4573,0.542277,10.058,19.3753,49.0551,0.254298,0.00577799
54000,221184000,9.75596,0.051442,0,16.2484,0.563214,9.63569,19.6309,48.0211,0.237498,0.00585938
54024,221282304,9.7564,0.0317861,0,16.7818,0.577439,10.5649,19.7118,49.0202,0.245335,0.00608317
54048,221380608,9.75657,0.0539499,0.00501672,15.7257,0.552835,9.05593,19.5242,48.6616,0.257746,0.00661214
54072,221478912,9.75767,0.0133592,0.00942074,15.7466,0.567548,9.03673,19.3995,46.4453,0.251427,0.00676473
54096,221577216,9.75818,0.0145288,0,16.0408,0.552102,9.63185,19.4432,46.0651,0.233341,0.00719198
54120,221675520,9.75801,0.0496074,0.0256019,17.3259,0.549214,11.0172,19.7208,49.7513,0.27091,0.00760905
54144,221773824,9.75856,0.015329,0,16.5434,0.549516,10.6458,19.8622,50.7569,0.25775,0.00807699
54168,221872128,9.75922,0.0434042,0.0130233,16.6968,0.530234,10.9014,19.797,48.8303,0.248827,0.00854492
54192,221970432,9.76029,0.0399552,0,15.3259,0.533751,9.98116,19.6954,45.7185,0.253589,0.00854492
54216,222068736,9.76008,0.044095,0,17.0027,0.562246,11.6002,19.6234,50.8272,0.264078,0.00863647
54240,222167040,9.7595,0.0357891,0,15.4602,0.566706,9.27025,19.7433,49.6245,0.249888,0.00886027
54264,222265344,9.75938,0.0204242,0,17.3894,0.57768,11.5966,19.9462,53.2529,0.235176,0.00881958
54288,222363648,9.75889,0.032547,0.0109341,16.3983,0.552413,10.4484,19.5444,46.5015,0.261406,0.00888062
54312,222461952,9.75902,0.0507135,0,17.7382,0.541902,12.25,19.5172,50.7873,0.261564,0.00960286
54336,222560256,9.75861,0.0466064,0,15.6192,0.537738,9.28288,19.814,51.1576,0.251551,0.0101013
54360,222658560,9.75819,0.0742205,0,17.3555,0.556135,11.8638,19.9369,50.3439,0.244661,0.0106303
54384,222756864,9.75832,0.0431661,0.0338834,18.3564,0.596549,11.6596,19.7803,51.2035,0.258176,0.0112508
54408,222855168,9.75812,0.0659565,0,14.8614,0.548287,9.52281,19.9977,52.0664,0.235902,0.0115967
54432,222953472,9.75858,0.0658909,0,15.0887,0.540958,9.33176,19.5743,48.0021,0.245732,0.0117188
54456,223051776,9.75886,0.0383827,0,15.3922,0.514531,9.04113,19.2179,45.9619,0.261081,0.0119222
54480,223150080,9.75918,0.0131354,0,15.1683,0.521973,8.85204,19.4668,47.1233,0.259755,0.0124308
54504,223248384,9.7601,0.0410156,0,17.6187,0.557216,11.5299,19.4175,47.2005,0.246315,0.013031
54528,223346688,9.76031,0.0509872,0,17.1005,0.560811,11.293,20.0139,50.8415,0.249479,0.0132345
54552,223444992,9.76044,0.026281,0.00904354,15.5056,0.51939,9.73466,19.8616,46.2655,0.255779,0.0130514
54576,223543296,9.75972,0.0447178,0,15.379,0.516434,9.05235,19.5829,46.9548,0.264325,0.0132446
54600,223641600,9.75933,0.0316038,0.00319635,16.0759,0.501496,10.5112,19.7068,48.7792,0.248608,0.0139058
54624,223739904,9.7589,0.0227716,0.0120249,17.9013,0.58434,11.5185,20.1642,52.5988,0.24485,0.0135803
54648,223838208,9.75911,0.0268857,0,16.2979,0.523703,10.0891,19.9733,47.9638,0.246175,0.0138245
54672,223936512,9.75833,0.00994954,0.0172131,14.6974,0.519615,8.27912,19.8323,45.9354,0.242126,0.0140889
54696,224034816,9.7572,0.0208247,0,19.7616,0.533151,13.4319,20.2085,50.1746,0.252353,0.014679
54720,224133120,9.75698,0.0537769,0.00958,15.6804,0.535413,8.78294,19.8676,46.893,0.230939,0.0148926
54744,224231424,9.75655,0.00831724,0.00679419,15.1312,0.590716,9.40452,19.8948,48.4234,0.267452,0.0150045
54768,224329728,9.75742,0.0273324,0,15.382,0.529975,9.80287,19.513,44.2258,0.244613,0.0156657
54792,224428032,9.75818,0.0129864,0,17.66,0.606413,11.5815,19.684,46.4797,0.246762,0.0155843
54816,224526336,9.75854,0.0354963,0,17.0526,0.543987,11.0884,20.1602,49.748,0.252796,0.0155741
54840,224624640,9.75901,0.0346447,0.0060727,17.4866,0.546107,12.0935,20.4667,58.0103,0.241618,0.0153402
54864,224722944,9.75938,0.0129024,0,17.1678,0.558583,11.2354,20.0247,46.9306,0.270664,0.0151367
54888,224821248,9.76107,0.016431,0,15.1341,0.50957,9.12621,19.378,44.771,0.23289,0.0151876
54912,224919552,9.76213,0.0191807,0.00970336,16.1797,0.586733,9.08713,19.882,48.6268,0.249687,0.0151062
54936,225017856,9.76258,0.0319275,0,15.7222,0.550196,9.84316,19.5178,45.6499,0.24886,0.0149841
54960,225116160,9.76382,0.027784,0,17.1647,0.589249,10.5469,19.5016,46.7602,0.248906,0.0148824
54984,225214464,9.76417,0.0441536,0.00745739,18.0716,0.602589,11.6638,19.3342,49.2309,0.266065,0.0148621
55008,225312768,9.76358,0.0455091,0.0055213,16.5896,0.562217,10.9322,20.0372,47.4255,0.250956,0.0148926
55032,225411072,9.76275,0.0428316,0.0283133,15.5789,0.541615,10.1435,19.795,47.0559,0.234754,0.0149231
55056,225509376,9.76307,0.0502021,0.00896143,15.9265,0.539163,9.98373,20.0352,47.9521,0.252608,0.0144043
55080,225607680,9.76443,0.0287837,0,16.7998,0.547402,10.9929,19.8398,49.1358,0.243893,0.0141398
55104,225705984,9.76577,0.0195045,0,15.37,0.520692,9.6692,19.8876,49.0128,0.25631,0.0136719
55128,225804288,9.7666,0.0301487,0,17.0999,0.520041,11.8568,20.0853,53.6495,0.255548,0.0133769
55152,225902592,9.76746,0.0207843,0,16.4451,0.569265,10.6229,19.8893,47.9825,0.24569,0.0130717
55176,226000896,9.76743,0.0476519,0.0039267,16.9681,0.594197,10.3283,19.5566,46.4888,0.247664,0.0130412
55200,226099200,9.76747,0.0242264,0,17.7376,0.606363,12.2508,20.1202,51.8746,0.246145,0.0135193
55224,226197504,9.76788,0.0436703,0.0109886,16.9301,0.519938,10.6717,19.9636,48.1498,0.261732,0.0138448
55248,226295808,9.76956,0.0397803,0,15.9492,0.530235,9.80979,19.8354,48.2855,0.240521,0.0137634
55272,226394112,9.77086,0.0269897,0,16.3067,0.535054,10.2269,19.9925,48.6685,0.248102,0.0136719
55296,226492416,9.77059,0.0674812,0.0250956,15.7379,0.497059,9.46821,20.1023,47.9803,0.248526,0.0130412
55320,226590720,9.77051,0.0459216,0,17.317,0.564898,11.5581,19.9229,51.4101,0.221058,0.0124512
55344,226689024,9.77088,0.0747418,0.00639591,16.9614,0.50723,11.7567,19.6347,51.6367,0.250091,0.0119222
55368,226787328,9.77177,0.0424064,0,17.6518,0.548803,11.281,19.8895,50.3647,0.26846,0.0114237
55392,226885632,9.77172,0.0327621,0,17.1688,0.525162,10.1909,20.0459,49.4942,0.243711,0.0111898
55416,226983936,9.77165,0.0186393,0,16.1075,0.560387,10.1746,19.6733,48.749,0.250756,0.0114339
55440,227082240,9.77292,0,0,16.2364,0.575238,9.47358,19.7154,44.1044,0.252296,0.0114339
55464,227180544,9.77266,0.0126684,0.0126388,16.4299,0.546207,9.9789,19.8866,48.199,0.27948,0.0117798
55488,227278848,9.77465,0.0324727,0.00503553,16.7439,0.565656,10.5959,20.3071,52.2944,0.247652,0.0115255
55512,227377152,9.77484,0.0155192,0,16.4455,0.535229,10.8215,19.9097,51.0462,0.246728,0.0113729
55536,227475456,9.7743,0.0177921,0,17.5519,0.565767,10.8592,19.9111,47.5732,0.249141,0.011322
55560,227573760,9.7756,0.0269595,0,17.1773,0.515063,10.7585,19.9974,47.5688,0.228805,0.0112712
55584,227672064,9.77585,0.0290673,0.00899261,16.9983,0.527959,8.23563,20.5357,48.8697,0.27073,0.0107218
55608,227770368,9.77448,0.0189128,0,18.3226,0.585999,11.8643,20.1734,48.2748,0.256279,0.0113932
55632,227868672,9.7734,0.0107541,0,16.5425,0.542297,9.18862,19.7898,49.0091,0.246512,0.0118815
55656,227966976,9.77283,0.0320899,0,17.4377,0.566641,11.3456,20.1999,53.7223,0.251611,0.0123189
55680,228065280,9.77335,0.0433255,0.0219573,16.9686,0.529862,10.312,20.2282,48.5035,0.246104,0.0126953
55704,228163584,9.77372,0.0256145,0,17.3323,0.575791,11.2909,19.6135,46.4888,0.252916,0.0125631
55728,228261888,9.77404,0.0107241,0,16.8591,0.573881,10.1302,19.6557,46.9687,0.256609,0.0131531
55752,228360192,9.77531,0.0258822,0.00657184,16.9741,0.57608,10.8757,20.1037,49.6047,0.241279,0.0134786
55776,228458496,9.77474,0.0561335,0.0222312,16.3721,0.589359,10.5798,19.2765,47.7485,0.244043,0.0131327
55800,228556800,9.7764,0.0270134,0,15.6488,0.528895,9.619,19.7768,47.8007,0.25465,0.013326
55824,228655104,9.77668,0.0184448,0,16.9918,0.567988,10.7658,19.9427,49.1197,0.246247,0.0134583
55848,228753408,9.77717,0.0187564,0,19.8486,0.594,10.7461,19.9462,48.0761,0.243717,0.0138855
55872,228851712,9.77778,0.0430023,0,17.4328,0.54572,10.8162,19.613,48.4915,0.240466,0.0144043
55896,228950016,9.77785,0.00432343,0,17.5552,0.561007,11.4253,19.8227,47.8198,0.241496,0.0144857
55920,229048320,9.77919,0.0191844,0.0051522,15.4004,0.53654,9.71076,19.7283,47.2216,0.234641,0.0144755
55944,229146624,9.77905,0.0436783,0.00862777,16.3329,0.538029,9.4696,19.7297,47.341,0.259922,0.0146077
55968,229244928,9.77899,0.0176396,0.00730181,16.927,0.523217,10.6087,19.8396,46.6088,0.239845,0.014974
55992,229343232,9.77905,0.0221465,0,16.5156,0.547342,10.1317,19.5437,47.3588,0.243892,0.0153097
56016,229441536,9.77919,0.0503958,0,18.0138,0.539146,11.7839,19.9111,53.9468,0.245329,0.0152486
56040,229539840,9.77889,0.0204302,0.00843012,16.8279,0.563959,10.0595,20.0662,50.6146,0.230462,0.015096
56064,229638144,9.77863,0.0457029,0,18.5404,0.581095,12.5349,20.1379,52.416,0.254632,0.0158386
56088,229736448,9.77876,0.040515,0.0261357,16.9998,0.527151,11.2638,19.739,47.3968,0.253589,0.016215
56112,229834752,9.77883,0.0122398,0,15.5027,0.505069,9.67557,19.8023,49.8162,0.239989,0.0162862
56136,229933056,9.77793,0.0304333,0.0057971,17.2515,0.568532,11.0677,19.656,48.7635,0.243317,0.0163066
56160,230031360,9.77795,0.0220999,0.00756008,16.1046,0.582615,9.83056,19.3455,46.8534,0.230982,0.0167338
56184,230129664,9.77825,0.0120627,0,16.5095,0.546605,10.1748,19.5417,46.3318,0.25208,0.0170186
56208,230227968,9.77788,0.0441646,0.0205102,16.978,0.52121,11.1409,19.5834,49.1803,0.251794,0.0167643
56232,230326272,9.77669,0.0312753,0.0105447,17.59,0.596829,11.4963,19.2976,47.9422,0.255447,0.0167948
56256,230424576,9.7764,0.0257975,0.00622499,17.3964,0.569845,11.3933,19.7097,51.3368,0.248038,0.0168457
56280,230522880,9.77516,0.023583,0,16.9913,0.596852,11.3046,19.4678,50.7439,0.258772,0.017039
56304,230621184,9.7739,0.023876,0,16.7035,0.549477,10.7688,19.0074,45.4783,0.259909,0.0172933
56328,230719488,9.77371,0.0338255,0,17.8312,0.581405,11.1697,19.383,50.007,0.251233,0.0174459
56352,230817792,9.77317,0.0246553,0,16.2707,0.591962,9.74844,19.3717,47.927,0.236713,0.0175781
56376,230916096,9.77189,0.0254566,0,18.232,0.571554,11.5715,19.511,48.8901,0.246121,0.0178731
56400,231014400,9.77142,0.0248445,0,16.1344,0.540182,10.4286,19.3141,46.8854,0.240135,0.0176188
56424,231112704,9.77192,0.0128491,0.010139,16.2219,0.541199,9.86856,19.0432,48.5817,0.24991,0.0173543
56448,231211008,9.77264,0.0149823,0.00940281,16.354,0.552496,10.0179,19.0954,49.4699,0.233197,0.017568
56472,231309312,9.77467,0.0509018,0.015383,16.9147,0.553267,10.8425,19.1894,49.2671,0.248754,0.0171611
56496,231407616,9.77424,0.0522108,0.00495977,16.6279,0.576167,10.2149,19.6218,50.1505,0.240563,0.0171814
56520,231505920,9.7739,0.0366919,0.0182402,16.0963,0.571574,9.83052,18.9879,44.1104,0.23149,0.0169576
56544,231604224,9.7742,0.0416208,0,16.6811,0.538488,10.9288,19.1081,47.4177,0.243582,0.0169881
56568,231702528,9.77429,0.0273996,0,17.6413,0.562848,10.9939,19.3335,50.6797,0.25855,0.0169576
56592,231800832,9.77297,0.0191581,0.00549336,17.3518,0.554331,11.2954,18.9911,47.587,0.244165,0.017629
56616,231899136,9.77211,0.0206521,0,16.7262,0.541387,11.0779,19.1506,50.4574,0.25671,0.0175476
56640,231997440,9.77157,0.0241098,0,16.9361,0.552691,10.6147,18.9075,50.5161,0.250138,0.0170492
56664,232095744,9.77129,0.066772,0.0081352,15.5528,0.551434,10.0949,19.4407,50.3438,0.250504,0.0160522
56688,232194048,9.77162,0.00657771,0,15.2177,0.538141,9.132,18.8153,45.4721,0.263671,0.0156555
56712,232292352,9.77148,0.0478088,0.0138481,14.9858,0.561837,8.95392,18.9146,48.6903,0.248618,0.0151164
56736,232390656,9.77005,0.0118617,0,16.2601,0.5749,10.3233,19.4544,49.0416,0.24512,0.0144552
56760,232488960,9.77019,0.0357643,0.00583828,17.6495,0.565994,11.0585,19.014,47.8229,0.264368,0.0142415
56784,232587264,9.77042,0.0769231,0,16.7663,0.51371,11.2977,18.8527,46.855,0.258615,0.0144246
56808,232685568,9.77018,0.0368489,0.00826148,16.9839,0.59986,11.0526,18.728,46.0397,0.246471,0.0141805
56832,232783872,9.76976,0.0210008,0,15.4436,0.572901,9.28183,19.0004,47.0872,0.240601,0.0141093
56856,232882176,9.7708,0.00434064,0,15.794,0.571833,9.40517,18.691,43.3104,0.244555,0.0135193
56880,232980480,9.7706,0.0230505,0,17.4724,0.594721,10.3568,19.0276,48.4213,0.240245,0.0137024
56904,233078784,9.76997,0.0621567,0.0267789,16.8384,0.536015,10.6489,19.4369,51.0099,0.242093,0.0139058
56928,233177088,9.76921,0.0340778,0,18.1465,0.56808,12.1538,19.2813,51.8405,0.244025,0.0140279
56952,233275392,9.76906,0.0577901,0.0410637,15.2804,0.575175,8.91221,18.7045,43.6247,0.246534,0.0134481
56976,233373696,9.76893,0.0694386,0,17.4262,0.566554,11.1628,19.054,50.0708,0.247339,0.0130412
57000,233472000,9.76926,0.0233111,0,16.5755,0.545769,11.1921,19.4023,50.2233,0.244909,0.0130819
57024,233570304,9.76978,0.0323219,0,16.2305,0.544961,10.6152,19.1382,46.4407,0.248133,0.0135498
57048,233668608,9.76958,0.0346325,0.00600721,15.3859,0.561153,9.33656,19.356,47.3203,0.252738,0.0131836
57072,233766912,9.7691,0.0139302,0,18.2611,0.62309,12.6983,19.6795,53.783,0.249318,0.0131836
57096,233865216,9.76814,0.0282312,0.0180087,17.7491,0.58539,10.7674,19.439,50.747,0.263694,0.0133667
57120,233963520,9.7669,0.0655566,0,14.2013,0.556189,8.60247,19.4099,45.0628,0.244155,0.0140889
57144,234061824,9.76627,0.0433896,0,15.8205,0.533054,9.91578,19.4431,47.1646,0.252296,0.0146484
57168,234160128,9.76696,0.010928,0,16.5112,0.542988,10.028,19.4157,50.3049,0.230049,0.0142212
57192,234258432,9.76795,0.0193322,0,16.0804,0.582093,9.95821,19.7558,48.7623,0.243849,0.0143127
57216,234356736,9.76747,0.0354536,0.00924784,17.959,0.558682,12.1306,19.9598,51.8672,0.237673,0.0143127
57240,234455040,9.76751,0.0114609,0,13.9709,0.51007,7.79223,19.3124,42.964,0.243212,0.0144043
57264,234553344,9.76836,0.0231293,0.0179743,14.3444,0.509748,8.71831,19.5689,46.4512,0.234758,0.0147502
57288,234651648,9.76805,0.0591078,0,16.6125,0.572124,10.521,19.7709,49.3589,0.259169,0.0146077
57312,234749952,9.76777,0.0179909,0,16.8471,0.568207,10.9723,20.0327,53.3557,0.249465,0.0145264
57336,234848256,9.76931,0.0244798,0.00687049,16.8203,0.582921,10.7977,19.872,47.9332,0.267341,0.0145467
57360,234946560,9.76935,0.0295117,0.0200573,16.1393,0.578475,9.28081,19.9405,47.2001,0.251132,0.0151876
57384,235044864,9.76942,0.0536949,0.0261499,15.5826,0.54208,9.18039,19.3347,45.9628,0.243588,0.0150757
57408,235143168,9.76901,0.0131664,0,16.711,0.565357,10.7202,20.4318,49.7626,0.246535,0.0151265
57432,235241472,9.76891,0.0290193,0,19.2482,0.59274,13.1261,20.2988,52.8015,0.260954,0.0149943
57456,235339776,9.76988,0.0347163,0.00883132,16.5677,0.610611,10.7482,20.1437,51.6078,0.230936,0.0151774
57480,235438080,9.7708,0.0412272,0,16.3733,0.561373,9.32874,19.9368,45.0455,0.244165,0.0149943
57504,235536384,9.77136,0.0284206,0,14.6773,0.541492,7.72801,20.2503,47.3426,0.272182,0.0152079
57528,235634688,9.77187,0.0303652,0,15.5614,0.548067,9.32221,20.6182,46.4341,0.234863,0.0156962
57552,235732992,9.77165,0.0171137,0,17.966,0.560356,11.7389,20.5669,49.947,0.224273,0.0158895
57576,235831296,9.771,0.0216456,0,15.2623,0.572796,8.80711,20.3882,47.3822,0.245141,0.015981
57600,235929600,9.7713,0.0527355,0,16.1361,0.57329,10.1538,20.1308,46.6661,0.232753,0.0148112
57624,236027904,9.77259,0.0299871,0,15.2376,0.559552,8.95216,20.7823,47.7766,0.232039,0.0144857
57648,236126208,9.7734,0.0111036,0,14.9337,0.537215,9.31199,20.7147,47.4162,0.242753,0.0145467
57672,236224512,9.77472,0.0303607,0,13.4873,0.502779,7.11884,20.3508,46.1738,0.243039,0.0148926
57696,236322816,9.77552,0.0885529,0,15.1079,0.499428,8.49422,20.4455,45.1525,0.241014,0.0153402
57720,236421120,9.77684,0.0476571,0.016158,16.2126,0.563201,10.3507,20.7929,49.2041,0.253664,0.0158386
57744,236519424,9.77652,0.0450014,0,16.5367,0.574806,10.5226,20.7311,46.7855,0.255335,0.0164185
57768,236617728,9.77652,0.0424595,0,17.0323,0.554107,10.446,20.1009,47.9506,0.262194,0.0165812
57792,236716032,9.77613,0.0445515,0,15.3292,0.573234,8.88084,20.99,49.2918,0.242415,0.0170695
57816,236814336,9.77655,0.0250752,0.00816644,16.2041,0.536214,10.2129,21.1523,48.7551,0.239956,0.0171712
57840,236912640,9.77634,0.0450767,0,15.8787,0.571463,9.07134,21.0243,48.4228,0.253655,0.0171611
57864,237010944,9.77533,0.0245574,0,16.3029,0.576506,10.75,20.9546,47.9167,0.272179,0.0177205
57888,237109248,9.77495,0.0273243,0,15.8723,0.557281,10.0652,20.9535,46.471,0.247185,0.0175476
57912,237207552,9.77498,0.0377664,0,18.0474,0.56016,12.0272,21.5785,54.4918,0.248539,0.0171
57936,237305856,9.77522,0.0339314,0,16.7949,0.533547,11.2382,21.3327,53.2179,0.235245,0.0168457
57960,237404160,9.77612,0.0440937,0.0106007,14.4373,0.504776,8.2597,21.236,46.9141,0.24149,0.0169779
57984,237502464,9.77654,0.062827,0.0183252,15.1342,0.541473,8.62015,21.0909,48.6864,0.239136,0.0172119
58008,237600768,9.77687,0.0376963,0.0153671,15.7276,0.526292,9.77562,21.6243,50.6944,0.234829,0.0169678
58032,237699072,9.77753,0.0429,0.00822696,16.4239,0.5332,9.93051,21.0833,47.7178,0.253237,0.0167745
58056,237797376,9.77708,0.04755,0,15.4082,0.515635,9.4101,21.2093,47.0401,0.228344,0.0166728
58080,237895680,9.77777,0.0364829,0,17.5682,0.522402,11.7063,21.557,51.8851,0.263652,0.0165812
58104,237993984,9.77854,0.0316413,0.00947568,15.8581,0.489414,10.0835,21.3682,49.4286,0.247998,0.0164693
58128,238092288,9.77913,0.0275757,0,17.4817,0.513957,11.7623,21.4154,49.4941,0.254786,0.0157267
58152,238190592,9.77932,0.0293115,0,17.3127,0.549827,10.976,21.3307,49.5318,0.237762,0.0154215
58176,238288896,9.77921,0.0238442,0,18.1822,0.587535,11.7816,21.0819,51.2487,0.243818,0.0153097
58200,238387200,9.78054,0.0149008,0.0067366,16.4056,0.530684,9.77914,20.9206,47.5508,0.248697,0.0150655
58224,238485504,9.77972,0.0315062,0,16.1856,0.533111,10.0355,21.1753,49.987,0.254173,0.0154012
58248,238583808,9.78247,0.0173705,0.00548271,16.1837,0.533354,10.4707,21.0887,51.7574,0.239926,0.01533
58272,238682112,9.78267,0.0389583,0,16.7912,0.556458,10.6828,21.234,51.4648,0.254727,0.015096
58296,238780416,9.78177,0.0251957,0,18.6176,0.536009,12.1735,21.0791,47.5514,0.249691,0.0159912
58320,238878720,9.78154,0.0143667,0,16.9372,0.605693,10.4565,20.8452,49.0252,0.237123,0.016866
58344,238977024,9.78168,0.00719683,0,16.4382,0.56092,10.1197,21.0638,47.3733,0.226469,0.0172221
58368,239075328,9.78165,0.0709861,0.0177732,16.0467,0.555469,10.303,20.7042,46.6828,0.237309,0.0166117
58392,239173632,9.78166,0.00545703,0,19.5855,0.582891,14.0987,21.2958,55.7097,0.237189,0.0162048
58416,239271936,9.78276,0.0275776,0.00772485,14.7108,0.500481,9.09865,21.0446,46.6609,0.233238,0.0161031
58440,239370240,9.78347,0.0257835,0.0116202,16.8734,0.544435,11.0464,21.3884,50.517,0.235425,0.0156759
58464,239468544,9.78365,0.0476164,0.00904938,16.1196,0.542193,10.843,20.9765,48.9945,0.251235,0.0156453
58488,239566848,9.78461,0.0184164,0,16.4676,0.588625,10.9695,20.9438,50.2105,0.247542,0.0155945
58512,239665152,9.78483,0.0300311,0,18.4776,0.563968,12.2347,21.3634,51.2714,0.238954,0.01533
58536,239763456,9.78595,0.032714,0.0087767,16.8131,0.594024,10.5908,21.3732,52.789,0.252411,0.0153809
58560,239861760,9.78548,0.0284017,0.0160667,16.8991,0.57184,9.66319,21.1821,52.6272,0.251149,0.0154724
58584,239960064,9.78552,0.0211597,0,17.9382,0.570614,11.6025,21.2707,49.4308,0.248789,0.015391
58608,240058368,9.78652,0.0137417,0,14.294,0.559789,8.91254,21.0019,48.9027,0.234921,0.0154419
58632,240156672,9.78592,0.06529,0.0091952,17.4662,0.536938,11.7091,20.976,48.678,0.239292,0.0158386
58656,240254976,9.78559,0.0237924,0.0067876,17.0102,0.579421,11.1729,21.1295,54.2635,0.24848,0.0158895
58680,240353280,9.7852,0.0199921,0,16.8141,0.512259,10.4458,21.1332,49.6924,0.229902,0.0155029
58704,240451584,9.78669,0.0164927,0.00648088,16.1599,0.542506,9.94361,21.0641,53.335,0.259381,0.0153809
58728,240549888,9.78631,0.0466705,0.0127331,16.147,0.566088,9.97019,21.0671,50.5041,0.23618,0.0149231
58752,240648192,9.78638,0.0419613,0.0491962,17.4459,0.52559,11.2844,21.0279,48.1022,0.239193,0.0143941
58776,240746496,9.78582,0.0459256,0.0103693,15.6959,0.506247,9.23674,20.5825,46.5251,0.242601,0.0138448
58800,240844800,9.7866,0.021345,0.00408815,15.3973,0.528196,9.88287,21.3091,50.5722,0.232459,0.0134176
58824,240943104,9.78679,0.0346945,0.013931,16.8971,0.544997,10.781,21.2733,51.4121,0.252556,0.0135905
58848,241041408,9.78594,0.0298507,0.00863664,14.5037,0.524674,8.70161,20.2624,44.8098,0.235846,0.0131938
58872,241139712,9.78534,0.030677,0.0172712,18.5716,0.594887,12.0305,21.5145,53.5132,0.241046,0.012736
58896,241238016,9.78614,0.0301214,0,15.2937,0.534893,9.28166,20.74,46.3552,0.249502,0.0126953
58920,241336320,9.78682,0.0259104,0,18.005,0.618273,11.4089,21.0584,50.7253,0.251961,0.0126953
58944,241434624,9.78779,0.0264689,0.0142959,16.2807,0.545994,9.92493,20.3103,45.8468,0.238056,0.0126953
58968,241532928,9.78795,0.00761403,0.0124644,15.6699,0.546971,10.308,21.3432,51.4699,0.256321,0.0123698
58992,241631232,9.78828,0.0384882,0,16.1897,0.565516,9.5808,20.7801,49.4623,0.245101,0.0123189
59016,241729536,9.78849,0.0379335,0.0168607,16.4756,0.543813,10.855,20.9942,53.6653,0.237062,0.0121358
59040,241827840,9.78883,0.0202459,0,15.8903,0.538776,9.38071,20.8208,47.1793,0.239087,0.0119629
59064,241926144,9.78829,0.0235718,0,16.8534,0.577173,10.5871,20.7512,48.2976,0.224385,0.011556
59088,242024448,9.78858,0.0414075,0.00780742,15.4991,0.54079,9.38823,20.4735,46.2219,0.244458,0.011556
59112,242122752,9.78891,0.0248306,0,15.2213,0.509957,9.81089,20.7949,49.2163,0.237766,0.0112305
59136,242221056,9.78971,0.0432301,0,18.2536,0.616922,11.393,20.6218,49.3286,0.226335,0.0112
59160,242319360,9.78963,0.0145787,0,15.9424,0.595168,9.37232,20.155,44.9342,0.24551,0.0109253
59184,242417664,9.79006,0.0235756,0.00746269,18.827,0.545236,12.6658,20.8501,52.3799,0.240719,0.0109253
59208,242515968,9.79007,0.0667477,0.0147244,17.626,0.533853,11.1867,20.5116,48.4894,0.222694,0.0103658
59232,242614272,9.79094,0.0439377,0.0134852,16.3574,0.543745,10.3156,20.4876,51.0084,0.222777,0.00981649
59256,242712576,9.79153,0.0156284,0,16.0934,0.573632,9.29525,20.7117,50.43,0.246348,0.00976562
59280,242810880,9.79118,0.0337856,0,13.4285,0.524868,7.75516,19.7899,44.9848,0.238339,0.00950114
59304,242909184,9.79156,0.0209955,0,18.9185,0.574811,12.2192,20.7998,51.4852,0.242543,0.00871785
59328,243007488,9.79279,0.0405151,0.00461397,15.6179,0.530731,9.85476,20.4318,46.5088,0.239724,0.0078125
59352,243105792,9.79239,0.0501493,0,16.856,0.532785,10.4633,20.6848,50.305,0.227632,0.00772095
59376,243204096,9.7936,0.0663324,0,16.3886,0.55907,10.0878,20.212,49.2886,0.238727,0.00756836
59400,243302400,9.79374,0.0322043,0.00786701,17.094,0.566914,10.5708,20.4718,53.0825,0.234283,0.00761922
59424,243400704,9.79368,0.0165665,0,16.0813,0.517965,10.6535,20.6361,51.8297,0.228097,0.0078125
59448,243499008,9.7933,0.0391704,0.00851754,16.8615,0.535577,10.5627,20.4229,51.667,0.245191,0.00802612
59472,243597312,9.79383,0.0435053,0.0504504,15.8079,0.586255,10.159,19.873,48.3327,0.23889,0.00786336
59496,243695616,9.79372,0.0460024,0,16.76,0.56694,10.1508,20.3637,49.5311,0.241333,0.00807699
59520,243793920,9.79347,0.04434,0.00834293,15.2136,0.513523,9.03213,20.4368,49.0722,0.236712,0.00790405
59544,243892224,9.79409,0.0275333,0.014509,16.2509,0.533456,10.6303,20.4244,47.8169,0.245495,0.00767008
59568,243990528,9.79412,0.0434692,0.0120079,19.0992,0.549691,12.1321,20.545,48.072,0.229311,0.00738525
59592,244088832,9.79337,0.0390091,0.0127273,16.6208,0.520632,10.3397,20.1596,48.6792,0.236435,0.00732422
59616,244187136,9.79343,0.0517858,0.0200496,15.905,0.55651,9.56195,20.6557,51.5557,0.238453,0.0075175
59640,244285440,9.79451,0.0435917,0,16.7703,0.54315,10.5475,20.4915,50.7293,0.250716,0.00694784
59664,244383744,9.79353,0.0304389,0,17.8216,0.56154,12.2258,20.4714,55.2004,0.233605,0.00683594
59688,244482048,9.7943,0.0307061,0,18.7372,0.556742,11.5489,20.8908,53.5503,0.247264,0.00721232
59712,244580352,9.79461,0.00932413,0,16.6883,0.543192,11.0163,20.4116,51.2939,0.235789,0.0075175
59736,244678656,9.79562,0.0839653,0.0342572,16.0954,0.536163,10.2256,20.2249,50.0422,0.251312,0.00732422
59760,244776960,9.79621,0.0263477,0.00657102,15.5345,0.583241,9.60303,20.0871,46.5712,0.246892,0.00748698
59784,244875264,9.79665,0.0569322,0.00552512,15.9088,0.568883,9.17,20.0921,49.4074,0.248103,0.00732422
59808,244973568,9.79729,0.0359504,0.00800518,16.2344,0.546189,10.1544,20.4232,50.109,0.253985,0.00730387
59832,245071872,9.79763,0.030463,0.0254858,17.6171,0.54257,12.1708,20.7332,51.838,0.229105,0.00764974
59856,245170176,9.79698,0.0171461,0,18.15,0.626879,13.3846,20.5123,52.0464,0.249151,0.00801595
59880,245268480,9.79699,0.0504236,0.030326,14.6306,0.53384,9.12038,20.1507,47.4202,0.241292,0.0080363
59904,245366784,9.79619,0.00761209,0,14.8311,0.544836,9.32706,20.0192,45.5195,0.224804,0.00805664
59928,245465088,9.79624,0.0581631,0,16.7428,0.534061,9.01238,20.2174,45.9093,0.238987,0.00852458
59952,245563392,9.79662,0.0190455,0,16.674,0.569654,10.0861,20.3953,51.1087,0.263816,0.00927734
59976,245661696,9.79695,0.0506352,0,15.804,0.564381,9.51926,20.2995,50.3388,0.224096,0.00962321
60000,245760000,9.79698,0.0226911,0,15.7901,0.524835,9.56392,20.4103,45.6212,0.225791,0.00952148
60024,245858304,9.79641,0.0420924,0.00258728,16.9474,0.544441,10.78,20.8136,49.7815,0.240942,0.00952148
60048,245956608,9.79699,0.0482713,0.00670035,18.1598,0.566849,11.7823,20.6126,52.4321,0.242204,0.00958252
60072,246054912,9.79725,0.0437361,0.0168737,15.1201,0.553033,8.88791,20.3625,49.0087,0.245049,0.0103861
60096,246153216,9.79693,0.0681149,0.0374967,16.325,0.556614,10.4959,20.7584,50.5484,0.251791,0.0105286
60120,246251520,9.79703,0.057947,0,15.2184,0.558319,9.45923,20.7167,50.4488,0.216057,0.010966
60144,246349824,9.7979,0.0227802,0.00754887,20.0115,0.559016,12.5719,20.8302,53.7815,0.254062,0.0108948
60168,246448128,9.79715,0.0145047,0.016722,16.1378,0.597171,10.8573,20.7862,50.4277,0.237575,0.0115458
60192,246546432,9.79726,0.0395745,0.00593724,15.6226,0.5357,9.90384,21.0941,49.9961,0.24429,0.0116679
60216,246644736,9.79664,0.0300785,0.00512195,15.8554,0.561385,9.52891,20.5168,47.9658,0.241003,0.0121053
60240,246743040,9.79579,0.0747842,0,16.9438,0.547783,10.7699,20.8964,51.382,0.238008,0.012085
60264,246841344,9.79583,0.0350597,0.0075225,16.3517,0.573513,10.432,20.6719,48.3166,0.259406,0.0124817
60288,246939648,9.79593,0.0280071,0,16.5747,0.529711,10.6876,20.8773,47.9525,0.23186,0.0124512
60312,247037952,9.79645,0.0454488,0.0125794,15.9706,0.529446,9.50237,20.3518,46.6593,0.240707,0.0122884
60336,247136256,9.79724,0.0483375,0.0114262,16.2845,0.560736,10.2112,20.9946,51.0263,0.244217,0.012441
60360,247234560,9.79819,0.0634206,0.00988794,17.1428,0.540906,10.2539,21.0616,50.7211,0.249558,0.0123291
60384,247332864,9.79916,0.0167985,0.00696412,15.8864,0.575841,9.96008,20.7255,48.0266,0.242857,0.0125326
60408,247431168,9.79904,0.0302217,0,14.6675,0.539342,9.02273,20.7017,50.5791,0.261285,0.0124308
60432,247529472,9.79924,0.0259911,0.0103438,14.8567,0.539981,8.89807,20.8949,48.8361,0.24593,0.0126648
60456,247627776,9.79856,0.0208135,0,15.4922,0.528921,9.34952,20.6067,45.3521,0.237435,0.012675
60480,247726080,9.79909,0.0333504,0,15.8316,0.548748,10.496,20.9464,52.8665,0.247407,0.0126953
60504,247824384,9.79913,0.0196445,0,16.4601,0.587566,9.88233,21.1466,51.424,0.238104,0.0122681
60528,247922688,9.79973,0.0274054,0.00543355,13.8156,0.517141,7.64582,20.8295,45.2439,0.241019,0.0123189
60552,248020992,9.79991,0.0102144,0,16.3095,0.564354,9.611,20.8043,49.0226,0.236301,0.0123698
60576,248119296,9.8014,0.0393944,0.00465054,14.7153,0.547924,8.81282,20.7603,45.37,0.248828,0.0122172
60600,248217600,9.80186,0.0328416,0.0115236,17.8709,0.547312,12.447,21.4091,52.6758,0.256411,0.0122375
60624,248315904,9.80205,0.0267015,0,15.3198,0.576992,9.13827,21.0135,50.095,0.24402,0.0119629
60648,248414208,9.80201,0.060788,0.00754276,16.8499,0.588408,10.3882,20.7378,46.6362,0.243824,0.0122274
60672,248512512,9.80231,0.0259039,0,15.7172,0.548023,10.108,20.4367,45.372,0.239611,0.01238
60696,248610816,9.80322,0.026461,0,15.0835,0.523087,9.0697,20.8032,47.6598,0.238585,0.0119731
60720,248709120,9.80299,0.0159469,0,16.601,0.553849,10.2704,21.2952,49.6083,0.248535,0.0117188
60744,248807424,9.80213,0.0200314,0,16.3711,0.569822,10.8133,21.2603,51.1119,0.224163,0.0116679
60768,248905728,9.80314,0.0592786,0.00537538,17.3925,0.556061,11.1022,21.2557,50.8982,0.242648,0.0115051
60792,249004032,9.80409,0.0194165,0,16.463,0.577478,10.1478,21.0433,51.4862,0.230684,0.0117188
60816,249102336,9.80421,0.0398508,0,15.8499,0.571105,9.16832,20.6806,47.5164,0.260915,0.0116374
60840,249200640,9.80388,0.0484624,0,14.6971,0.558011,8.53253,21.134,46.407,0.232701,0.0115153
60864,249298944,9.80472,0.0426357,0,16.3568,0.581085,9.63182,21.2561,50.6074,0.237507,0.0112508
60888,249397248,9.80496,0.0690979,0.0397088,16.3991,0.560415,10.1308,21.387,49.4955,0.251634,0.0112305
60912,249495552,9.80511,0.0587183,0.0133486,14.761,0.589719,8.89799,20.9199,48.9448,0.250854,0.0112203
60936,249593856,9.80437,0.0224436,0.0132613,15.69,0.583724,9.52797,21.4654,52.9203,0.230401,0.0107727
60960,249692160,9.80383,0.0503883,0.0129582,15.3956,0.557075,8.9756,21.0415,47.2318,0.246093,0.010793
60984,249790464,9.80477,0.0365634,0.013587,15.9373,0.553727,9.54907,20.4205,47.06,0.245792,0.0105896
61008,249888768,9.80574,0.0220158,0,14.4214,0.5243,8.61413,21.258,47.2232,0.237489,0.010498
61032,249987072,9.8075,0.0509816,0.0111629,14.6154,0.50806,8.91239,20.942,47.7391,0.240122,0.010498
61056,250085376,9.80964,0.0559987,0,15.5143,0.506895,9.36381,21.0081,49.4578,0.249787,0.0102539
61080,250183680,9.81083,0.0109279,0.004846,17.0375,0.568293,11.4175,21.4673,50.9482,0.235448,0.00921631
61104,250281984,9.81056,0.0125235,0,15.9175,0.556999,9.75363,21.4752,49.8858,0.256912,0.00855509
61128,250380288,9.81058,0.0101259,0.00634029,15.9294,0.518232,9.26557,21.5349,48.9515,0.245704,0.00869751
61152,250478592,9.80992,0.0545888,0.0105724,15.7496,0.544026,9.4511,21.354,50.1053,0.235552,0.00858561
61176,250576896,9.80986,0.0342612,0,15.1313,0.532173,9.19911,21.0197,47.6805,0.25314,0.00820923
61200,250675200,9.80989,0.030906,0,17.042,0.519298,11.3628,20.9421,47.3596,0.237623,0.00809733
61224,250773504,9.81029,0.0646354,0.00543781,14.312,0.525625,8.08992,20.8383,46.7881,0.238407,0.0078125
61248,250871808,9.81046,0.0336332,0.0118505,14.9883,0.503156,9.08366,20.8928,48.3349,0.247854,0.00755819
61272,250970112,9.80958,0.038071,0.00544736,14.7889,0.521982,9.28805,21.2408,50.5821,0.251027,0.00743612
61296,251068416,9.80993,0.036696,0.00603986,16.9697,0.569728,11.2307,21.8564,50.2171,0.238315,0.00762939
61320,251166720,9.80959,0.0416205,0,17.1444,0.544543,11.5236,21.2086,48.8076,0.250499,0.00769043
61344,251265024,9.80953,0.052499,0.010354,16.744,0.558147,10.2786,21.1747,47.2784,0.229609,0.00756836
61368,251363328,9.81048,0.0588851,0,16.3479,0.534842,10.1509,21.2337,50.9193,0.229702,0.00756836
61392,251461632,9.81118,0.0679522,0.0388254,15.9634,0.576082,10.7427,21.6388,49.0928,0.228683,0.00763957
61416,251559936,9.81153,0.0583129,0.0117384,16.4535,0.482785,10.2634,20.8077,49.2753,0.25607,0.00756836
61440,251658240,9.81195,0.0490505,0.0280093,13.9182,0.555493,7.86533,20.9007,44.8899,0.235963,0.00771077
61464,251756544,9.81274,0.0508267,0.0204141,14.8469,0.501351,8.59607,20.7231,42.9044,0.240152,0.00809733
61488,251854848,9.81321,0.0495697,0.00885391,16.5559,0.566613,10.0292,21.5523,52.9159,0.235923,0.00807699
61512,251953152,9.81368,0.0312091,0,16.8675,0.563382,11.1449,21.8109,53.7318,0.249704,0.00830078
61536,252051456,9.81438,0.0255312,0.00513347,17.0788,0.523669,10.7043,21.6196,52.0548,0.247055,0.0081075
61560,252149760,9.81398,0.0289456,0.0117749,15.9157,0.550791,9.62246,21.4186,47.8397,0.234059,0.00824992
61584,252248064,9.81433,0.0371331,0.0216337,16.4799,0.58955,10.4033,21.6328,48.4775,0.246526,0.00838216
61608,252346368,9.81376,0.0425314,0,17.9758,0.56183,11.4942,21.7766,54.8721,0.249424,0.00866699
61632,252444672,9.81336,0.0406535,0,15.9722,0.497072,10.3835,21.7467,50.9388,0.226378,0.00928752
61656,252542976,9.81322,0.0292319,0,17.4068,0.574514,11.4832,22.2041,52.1277,0.264524,0.00909424
61680,252641280,9.81316,0.0371687,0,15.2786,0.576247,8.99686,21.4425,47.5173,0.23877,0.00919596
61704,252739584,9.81377,0.0683689,0,13.7132,0.487596,8.05854,21.1295,43.9956,0.214596,0.00911458
61728,252837888,9.81346,0.047961,0,16.0152,0.549179,9.3591,21.7021,53.6017,0.247228,0.0090332
61752,252936192,9.81389,0.0728503,0.00717673,15.7142,0.521287,9.16269,21.9512,49.0132,0.232162,0.00918579
61776,253034496,9.81416,0.0102733,0,15.5564,0.528369,9.83554,21.287,46.7469,0.231719,0.00916545
61800,253132800,9.81382,0.0315931,0.00533547,16.2169,0.561356,9.89355,21.6204,48.0554,0.254999,0.00900269
61824,253231104,9.81424,0.0299332,0,15.7099,0.544369,9.60543,21.5171,50.7515,0.225446,0.00843302
61848,253329408,9.81416,0.0215507,0,14.5962,0.467226,8.24028,21.4832,48.689,0.267441,0.00832113
61872,253427712,9.81361,0.0356142,0.0117739,17.3563,0.556438,10.5931,21.6461,48.5426,0.247667,0.00881958
61896,253526016,9.81376,0.045232,0,18.093,0.551991,10.0636,21.4404,47.9404,0.249481,0.00899251
61920,253624320,9.8134,0.073985,0,14.1779,0.525497,7.8291,20.7426,43.0643,0.251742,0.0093689
61944,253722624,9.8133,0.0231579,0.0112655,15.9911,0.533697,9.61967,21.7642,48.6888,0.24052,0.00915527
61968,253820928,9.81367,0.0661966,0.00742207,16.1767,0.535904,10.0115,20.9857,45.5886,0.239049,0.0104777
61992,253919232,9.81368,0.0554212,0.00821636,15.5273,0.512382,9.54024,21.6512,49.7031,0.255856,0.0114034
62016,254017536,9.81364,0.0315285,0.00758225,17.2767,0.553465,11.051,21.8127,52.0616,0.237785,0.0126546
62040,254115840,9.81422,0.0354396,0.00999905,15.9374,0.55383,9.99917,21.7869,46.1374,0.253535,0.0151367
62064,254214144,9.81411,0.0981862,0.00402775,15.5377,0.520237,9.44461,21.6226,48.4346,0.24262,0.0163981
62088,254312448,9.81452,0.0190052,0.00602047,15.7494,0.505748,9.38943,21.5503,46.7107,0.245588,0.0169169
62112,254410752,9.81518,0.0502456,0,16.249,0.533041,9.10612,21.3606,48.4777,0.245856,0.0181478
62136,254509056,9.8152,0.025798,0.00541174,16.8241,0.565899,10.9185,21.789,50.5106,0.235957,0.0186361
62160,254607360,9.81656,0.0508001,0,15.7673,0.55007,9.99957,21.2211,48.914,0.240405,0.0198263
62184,254705664,9.81637,0.0419026,0.0129702,15.9191,0.5273,9.56905,21.7017,50.1408,0.246322,0.0205994
62208,254803968,9.81603,0.0318418,0,15.4891,0.544681,9.73848,21.6888,47.7187,0.252025,0.0216777
62232,254902272,9.81684,0.040998,0,16.6961,0.534573,10.9384,21.8987,51.9439,0.249476,0.0234985
62256,255000576,9.81702,0.0404706,0.0200582,14.8624,0.519927,9.34944,21.5154,49.8953,0.255514,0.0258382
62280,255098880,9.81679,0.0621379,0.0119135,16.2635,0.554265,9.6543,21.2188,46.3879,0.258351,0.0273234
62304,255197184,9.81686,0.0531769,0.0213018,15.3538,0.504593,9.55028,21.1667,45.1814,0.246981,0.0283305
62328,255295488,9.81735,0.0544614,0,15.939,0.538577,9.95113,21.7524,48.0763,0.237276,0.0287374
62352,255393792,9.81829,0.0647789,0.00720721,17.589,0.566516,11.3707,21.837,52.095,0.241657,0.0297343
62376,255492096,9.81747,0.04878,0.0196056,14.3819,0.525483,8.6193,20.9691,44.8241,0.248266,0.0306396
62400,255590400,9.81636,0.0494424,0.00609663,15.4303,0.538367,9.36844,21.5281,46.5421,0.236548,0.0308431
62424,255688704,9.81687,0.0449364,0,17.2821,0.55733,11.0862,21.503,50.0511,0.23836,0.0311584
62448,255787008,9.817,0.0365503,0,16.1958,0.517005,10.1895,21.4013,49.9819,0.247143,0.0305684
62472,255885312,9.81738,0.0330122,0.00922915,14.9687,0.542139,9.07511,20.7154,44.6296,0.228623,0.0305176
62496,255983616,9.81878,0.0459869,0.00622351,16.8976,0.528201,10.7435,21.8396,51.916,0.218535,0.0305583
62520,256081920,9.81893,0.0364923,0.0102359,16.4724,0.531279,9.38271,21.453,48.6488,0.253224,0.0309347
62544,256180224,9.81987,0.0383286,0.00874891,16.0369,0.513628,10.2152,21.5539,50.7788,0.234622,0.0309347
62568,256278528,9.81929,0.033157,0.0126149,17.9423,0.57391,11.3185,21.46,49.9311,0.239896,0.030894
62592,256376832,9.81914,0.0345064,0,15.467,0.550212,9.5392,21.1583,47.2158,0.24138,0.0306193
62616,256475136,9.81991,0.0436169,0.0105222,18.497,0.573223,11.204,21.5405,53.4831,0.251775,0.0303752
62640,256573440,9.81944,0.0531279,0,16.8781,0.551792,10.9386,21.6757,52.995,0.242822,0.0306091
62664,256671744,9.81853,0.0603802,0.0520277,15.7509,0.509618,9.50675,21.3567,50.8378,0.236904,0.0310974
62688,256770048,9.8191,0.0589023,0.0493489,15.3165,0.486726,9.33178,21.4742,49.5587,0.25086,0.0309143
62712,256868352,9.82075,0.0482621,0.0164794,15.8896,0.566777,9.29117,20.8777,48.2023,0.239092,0.0310974
62736,256966656,9.82034,0.0309297,0,18.3708,0.549544,12.1773,21.8279,55.3171,0.246727,0.0314331
62760,257064960,9.8191,0.0254411,0.00763428,15.5386,0.634305,9.45009,20.9395,46.3436,0.234116,0.031311
62784,257163264,9.81856,0.0667786,0.0322252,15.138,0.55249,9.24085,20.8078,45.5217,0.226817,0.0317586
62808,257261568,9.818,0.0472295,0.0276172,15.9374,0.495572,9.4508,21.1111,48.3215,0.24493,0.0322164
62832,257359872,9.81938,0.0352514,0,15.2313,0.540216,8.83396,20.8164,45.7963,0.244916,0.0324504
62856,257458176,9.81925,0.0606863,0,15.0752,0.476385,8.94691,20.9604,45.952,0.258874,0.0322876
62880,257556480,9.81971,0.0187647,0,16.1984,0.549479,10.09,21.0925,50.2167,0.253759,0.0317688
62904,257654784,9.81984,0.05274,0.0385642,15.9869,0.522379,10.1318,21.125,50.7819,0.239884,0.0314941
62928,257753088,9.82134,0.0385534,0.00490379,14.9661,0.533655,9.29957,21.0992,48.3909,0.244326,0.0312703
62952,257851392,9.8219,0.0572406,0.0229907,16.1968,0.551279,10.4144,20.9685,45.9511,0.242274,0.0309448
62976,257949696,9.82242,0.0719861,0,15.8387,0.522,10.2523,21.0328,48.7595,0.250307,0.0299276
63000,258048000,9.82367,0.0178417,0,16.9432,0.587318,10.1151,21.2117,50.9925,0.241734,0.0293172
63024,258146304,9.82419,0.0591825,0.011006,16.2903,0.522183,10.2612,21.1895,52.4597,0.239253,0.0282694
63048,258244608,9.82424,0.0490614,0.00661626,16.0349,0.551401,9.8738,21.2618,51.8251,0.239593,0.0259705
63072,258342912,9.82368,0.0285395,0.003974,17.0255,0.542501,10.6859,21.0182,51.6392,0.250595,0.0253194
63096,258441216,9.82395,0.0328667,0,15.7123,0.552108,8.72258,21.2392,48.6362,0.247826,0.025116
63120,258539520,9.82462,0.0529597,0.00701719,16.8434,0.545916,10.873,21.2642,51.7073,0.236275,0.0239054
63144,258637824,9.8237,0.0651195,0.0191797,16.8239,0.515105,11.0919,21.0747,50.9436,0.236429,0.0230306
63168,258736128,9.82412,0.0228476,0,17.262,0.527337,11.9884,21.2985,53.4256,0.240428,0.0220439
63192,258834432,9.82545,0.054754,0,16.29,0.524251,10.5344,20.6367,48.7789,0.235248,0.0211182
63216,258932736,9.82657,0.043296,0.0143697,16.0768,0.529506,10.2567,20.954,47.7675,0.233939,0.0198975
63240,259031040,9.82787,0.0688819,0.00504626,14.9843,0.502761,8.66284,20.569,45.8233,0.247431,0.0180969
63264,259129344,9.82792,0.0291293,0.00485063,15.8858,0.550441,9.95369,21.0528,49.3672,0.24916,0.01592
63288,259227648,9.82894,0.0522364,0,15.2265,0.529201,9.0762,20.876,47.0651,0.234317,0.0142721
63312,259325952,9.82968,0.026048,0,15.7919,0.529633,9.69687,21.1946,51.1484,0.23244,0.0139058
63336,259424256,9.83123,0.0391912,0.00538342,15.3051,0.528847,9.74566,20.8611,50.2089,0.230613,0.0134379
63360,259522560,9.8319,0.0459691,0.00911854,16.0539,0.566954,9.82581,21.1731,46.6055,0.239877,0.0123291
63384,259620864,9.83143,0.0282135,0,15.2892,0.483583,8.87888,20.7239,46.2356,0.239344,0.0113424
63408,259719168,9.83115,0.0308491,0.016224,15.7924,0.522752,9.96967,21.207,49.1367,0.247707,0.0109355
63432,259817472,9.83141,0.023629,0.0059755,16.5017,0.56295,10.3054,21.1908,50.2798,0.249843,0.0107422
63456,259915776,9.83169,0.0140396,0,16.7305,0.551878,10.8323,21.1052,48.1806,0.247569,0.0105998
63480,260014080,9.83087,0.0358446,0.00716968,14.7057,0.465551,9.24889,21.0243,48.6168,0.245526,0.0107422
63504,260112384,9.83052,0.053722,0.013419,17.484,0.548428,10.9325,21.4171,49.7585,0.229997,0.0106405
63528,260210688,9.83135,0.0347516,0,16.1451,0.52086,9.8767,21.457,52.1005,0.251497,0.0102539
63552,260308992,9.83242,0.0331695,0,15.5775,0.553158,9.35878,21.0778,50.3354,0.265179,0.0104167
63576,260407296,9.83239,0.0691916,0.0105569,15.2038,0.522884,10.3223,21.4077,52.517,0.258427,0.0102539
63600,260505600,9.83262,0.0346702,0.0350199,14.475,0.531092,8.80996,21.116,46.2236,0.251624,0.0100199
63624,260603904,9.83299,0.0553759,0.0188798,17.5783,0.55659,10.9439,21.5339,47.8729,0.229799,0.00983683
63648,260702208,9.83289,0.0233207,0.0181206,15.3048,0.542041,9.31903,21.1081,48.1944,0.242967,0.00975545
63672,260800512,9.83391,0.0446918,0.011744,16.7518,0.498214,10.9581,21.5972,50.2102,0.251292,0.00938924
63696,260898816,9.8341,0.0752688,0.00706298,16.612,0.500542,10.6479,21.6832,52.3744,0.239867,0.00939941
63720,260997120,9.83452,0.0358779,0.00748703,16.183,0.562865,9.33909,21.1963,46.2992,0.250245,0.0093689
63744,261095424,9.83438,0.0289071,0.0126829,16.3705,0.547986,9.76973,21.287,48.6959,0.251767,0.00927734
63768,261193728,9.83506,0.0425762,0.00970605,15.7285,0.550039,9.86055,21.5759,51.3877,0.236905,0.00908407
63792,261292032,9.835,0.0432931,0,16.5948,0.518041,10.8573,21.2898,50.3167,0.248551,0.00910441
63816,261390336,9.83543,0.0579765,0.0141844,15.5801,0.520511,9.93843,21.3209,48.7143,0.24486,0.00893148
63840,261488640,9.83415,0.0483988,0.0123223,16.2427,0.524763,10.0377,21.26,48.6682,0.245741,0.0090332
63864,261586944,9.83451,0.0264813,0.0166548,17.5649,0.535534,11.1407,21.2827,49.0352,0.245712,0.0090332
63888,261685248,9.83477,0.0358056,0,14.4355,0.505541,8.73422,21.0846,44.8657,0.241515,0.00908407
63912,261783552,9.83476,0.0742379,0.0121544,16.25,0.533728,10.1962,21.2145,48.6757,0.270959,0.00976562
63936,261881856,9.83407,0.0267846,0,16.399,0.538698,10.5794,21.6327,51.2791,0.237286,0.0104574
63960,261980160,9.83403,0.0605518,0.0202628,14.7363,0.519721,8.90546,20.869,46.2094,0.247857,0.00983683
63984,262078464,9.83221,0.0410061,0.0230209,16.4216,0.529887,10.9427,21.3592,51.6986,0.233325,0.00994873
64008,262176768,9.8322,0.0728266,0,16.036,0.50258,10.5781,21.3483,51.9645,0.235108,0.0094401
64032,262275072,9.83301,0.0320847,0.0060727,15.972,0.500104,10.2988,21.4933,50.3992,0.239457,0.00908407
64056,262373376,9.83214,0.0540659,0.0175685,15.6136,0.491988,10.0541,21.2067,48.8701,0.233739,0.0090332
64080,262471680,9.83226,0.0418295,0.0164918,17.6314,0.550378,11.4632,21.6756,53.9359,0.239715,0.00895182
64104,262569984,9.83272,0.027229,0,15.5015,0.49563,8.68019,21.3808,47.7075,0.238933,0.00886027
64128,262668288,9.83322,0.0595576,0.00998526,14.6206,0.477455,8.96125,20.9321,48.005,0.232602,0.00922648
64152,262766592,9.83397,0.0745725,0.0199868,15.8695,0.52105,9.86596,21.1617,49.8647,0.232167,0.00941976
64176,262864896,9.83542,0.0628088,0.0185644,15.2443,0.49531,9.13535,21.206,49.2426,0.244398,0.00941976
64200,262963200,9.83605,0.0651794,0,15.8034,0.523343,9.8809,21.2938,54.0268,0.235953,0.00968425
64224,263061504,9.83677,0.0452377,0.0159225,17.2826,0.52597,11.561,21.3147,50.5283,0.243369,0.00989787
64248,263159808,9.83676,0.0216494,0,16.0397,0.518131,9.96744,20.8322,46.0845,0.244803,0.00986735
64272,263258112,9.8365,0.0328461,0,15.3845,0.526749,9.73184,21.4142,50.5978,0.232804,0.0100098
64296,263356416,9.83687,0.0859475,0.018572,14.4498,0.533294,8.77427,21.1997,46.5973,0.2384,0.00981649
64320,263454720,9.83781,0.0649201,0.0187486,14.3548,0.497987,8.57344,20.6505,45.4069,0.242822,0.00954183
64344,263553024,9.83716,0.0394377,0,16.1674,0.542609,9.8036,21.102,43.9818,0.225519,0.00971476
64368,263651328,9.83716,0.0490977,0.00544563,16.8834,0.516447,10.7377,21.4703,53.1542,0.238277,0.0101318
64392,263749632,9.83658,0.0509244,0,15.5942,0.5283,9.14283,21.0025,47.4037,0.237076,0.0103861
64416,263847936,9.83643,0.0822204,0.00895045,15.9516,0.540692,9.40153,21.2515,50.8409,0.24402,0.0107829
64440,263946240,9.83692,0.0440497,0.0123719,15.4907,0.540096,9.16992,21.1046,48.0155,0.232357,0.011027
64464,264044544,9.83626,0.0454759,0,13.8989,0.512557,8.1334,20.694,46.4673,0.245995,0.0109965
64488,264142848,9.83597,0.0616684,0,15.1468,0.555359,9.2875,21.0435,47.535,0.228792,0.0111287
64512,264241152,9.83606,0.052921,0.0152086,18.5069,0.51871,11.8536,21.9705,56.4844,0.259473,0.0113627
64536,264339456,9.83625,0.0529773,0.00983837,16.1118,0.529674,9.92855,21.1676,49.633,0.258621,0.0114441
64560,264437760,9.8358,0.050864,0.0327033,17.0764,0.506864,10.782,20.6359,48.0299,0.237012,0.0112305
64584,264536064,9.83585,0.0354687,0.0178042,16.6065,0.526798,9.50112,20.747,47.517,0.246525,0.0114746
64608,264634368,9.8361,0.0410507,0.0136394,14.9061,0.526741,8.90377,20.8015,45.4604,0.238196,0.0114746
64632,264732672,9.83591,0.0441256,0.023448,15.3451,0.516007,9.68916,20.91,46.0063,0.224173,0.0109456
64656,264830976,9.8362,0.0305892,0,16.3851,0.552164,9.47424,21.2228,53.071,0.239736,0.010732
64680,264929280,9.83692,0.0532544,0,16.3442,0.490348,10.7325,20.9521,51.3808,0.235185,0.010793
64704,265027584,9.83696,0.0670873,0,16.375,0.53217,9.95107,20.9674,47.2999,0.236682,0.0107422
64728,265125888,9.83641,0.0282517,0.0145304,14.9405,0.520792,9.10064,20.8803,46.3929,0.244465,0.0104675
64752,265224192,9.8363,0.0388079,0,16.0126,0.491787,10.3783,21.3151,49.2715,0.256726,0.0109762
64776,265322496,9.8366,0.015964,0,16.0323,0.534146,9.21501,20.7595,47.3206,0.259594,0.0115967
64800,265420800,9.83792,0.051577,0,15.7916,0.546458,9.97952,21.1615,49.9234,0.233064,0.0117696
64824,265519104,9.83826,0.070765,0,15.2054,0.507739,8.49495,20.9893,48.9606,0.230842,0.0116069
64848,265617408,9.84013,0.126892,0.0517685,14.4676,0.51527,8.34693,21.3729,47.8979,0.242733,0.0115458
64872,265715712,9.84002,0.0187438,0.00811249,18.8715,0.567939,11.8365,21.2636,49.4554,0.256884,0.012146
64896,265814016,9.83887,0.0429069,0,15.2954,0.536511,9.43068,21.2733,49.9409,0.23447,0.0120036
64920,265912320,9.83799,0.0462267,0.0102517,15.5425,0.495606,10.0727,21.1865,50.581,0.233999,0.011027
64944,266010624,9.83743,0.0582816,0.0147375,15.8935,0.522949,9.97657,21.1535,49.9001,0.239446,0.0108643
64968,266108928,9.83659,0.0597622,0.0150905,14.4377,0.530335,7.9136,20.6134,46.1594,0.237014,0.0112305
64992,266207232,9.83682,0.0362738,0.0187559,15.6728,0.53664,9.59877,21.8863,52.3517,0.229578,0.010966
65016,266305536,9.83659,0.0247487,0.0143403,16.4337,0.529625,10.0279,21.3252,48.737,0.251912,0.0111898
65040,266403840,9.83644,0.0481336,0.00498244,17.2647,0.575532,11.2026,21.3643,50.2797,0.241416,0.0113525
65064,266502144,9.83638,0.0530995,0.00995953,18.2172,0.50911,11.822,21.593,53.8317,0.244405,0.0114644
65088,266600448,9.83616,0.0578266,0.013558,15.0337,0.53986,8.99059,21.2579,50.4384,0.23534,0.0113932
65112,266698752,9.83683,0.0987188,0,16.5044,0.498692,10.1441,21.5279,50.779,0.238075,0.0110372
65136,266797056,9.83719,0.0309993,0.0151251,17.6116,0.497812,11.2322,21.4238,49.8384,0.244789,0.0106405
65160,266895360,9.83785,0.0471186,0.0122153,16.12,0.547203,9.96061,21.0502,48.255,0.232668,0.0101929
65184,266993664,9.83843,0.063537,0.0251437,17.165,0.541276,10.4262,21.5215,51.7232,0.229807,0.0101725
65208,267091968,9.83868,0.0825264,0.0139819,15.8495,0.522741,10.0183,21.2676,47.8352,0.236917,0.009847
65232,267190272,9.838,0.0414819,0.034226,16.3003,0.512715,10.4402,21.4598,47.8444,0.234541,0.00990804
65256,267288576,9.83859,0.0800282,0.013066,16.7114,0.528821,10.4759,21.5317,50.2474,0.245731,0.00975545
65280,267386880,9.83905,0.0194663,0,16.4173,0.548121,9.26647,21.2932,47.6762,0.242459,0.0099589
65304,267485184,9.83952,0.0523504,0.00889856,16.9531,0.529517,10.8536,21.9081,53.6315,0.240497,0.00989787
65328,267583488,9.8396,0.0313586,0.00647359,16.3721,0.551759,9.94154,21.6058,49.0813,0.256733,0.00973511
65352,267681792,9.83964,0.0439004,0,15.243,0.508415,9.11796,21.3985,48.8718,0.233746,0.0094401
65376,267780096,9.84007,0.0613442,0,15.9134,0.51739,9.64708,21.2624,46.7841,0.241492,0.00916545
65400,267878400,9.84016,0.0701308,0.00737424,16.5306,0.481265,10.7944,21.7205,49.7952,0.234677,0.00890096
65424,267976704,9.84128,0.0267121,0.0065183,16.1077,0.503365,10.4881,21.2443,52.321,0.235391,0.00842285
65448,268075008,9.84262,0.0490631,0,16.6722,0.565719,10.4924,21.4262,52.3308,0.240062,0.00812785
65472,268173312,9.84346,0.0847864,0.0432811,18.8575,0.515966,12.66,21.8195,51.4457,0.239004,0.00785319
65496,268271616,9.84288,0.0633801,0.0147586,14.8233,0.493236,8.964,21.4491,46.9614,0.234884,0.00773112
65520,268369920,9.84372,0.0852121,0,15.6908,0.487626,9.75181,21.148,47.9261,0.24017,0.00732422
65544,268468224,9.84414,0.0628934,0.0115664,14.9079,0.524701,8.38043,21.1618,48.9756,0.241351,0.00732422
65568,268566528,9.84391,0.017236,0.0122244,15.6078,0.522567,8.97051,21.5313,48.6618,0.243822,0.00724284
65592,268664832,9.84398,0.0453993,0,14.6609,0.505989,8.72937,21.1835,48.4353,0.255953,0.00747681
65616,268763136,9.84464,0.045349,0.0131316,14.7281,0.513602,8.82566,21.5719,49.3794,0.228842,0.00779215
65640,268861440,9.84454,0.00918535,0.00828811,15.7207,0.563577,9.48993,21.4815,51.7361,0.243513,0.00774129
65664,268959744,9.84529,0.0141458,0,17.5636,0.543334,10.9894,21.3622,54.1169,0.230116,0.00763957
65688,269058048,9.84451,0.0531263,0.00572738,17.6747,0.557633,11.1544,21.8359,53.4833,0.250644,0.00760905
65712,269156352,9.84413,0.0803312,0.0367516,17.6538,0.538419,11.093,21.2513,50.3825,0.230372,0.00768026
65736,269254656,9.84471,0.0537751,0.0226747,13.8202,0.519489,8.17055,20.8594,45.859,0.242622,0.00747681
65760,269352960,9.8453,0.0601118,0,17.1255,0.571714,10.0453,21.1935,47.4639,0.23621,0.00678507
65784,269451264,9.84569,0.0343857,0.00537924,15.9912,0.500284,9.70417,21.5083,48.5238,0.243043,0.00645955
65808,269549568,9.84571,0.0264323,0.00726216,16.6791,0.517774,9.84788,21.3363,47.9077,0.239637,0.00664266
65832,269647872,9.84569,0.0349538,0.00823893,15.6012,0.498695,8.56884,20.9973,47.4018,0.239931,0.0065918
65856,269746176,9.84495,0.0487604,0.0224359,15.6894,0.510006,8.91301,21.3062,46.2465,0.234116,0.00658162
65880,269844480,9.84514,0.0536567,0,15.2419,0.553274,9.63289,21.5051,51.1015,0.242323,0.00610352
65904,269942784,9.84575,0.0666991,0.00849257,15.0812,0.472521,9.43182,21.1275,48.1115,0.242463,0.00632731
65928,270041088,9.84504,0.0440439,0.0144898,15.441,0.48857,9.30542,21.2346,49.8234,0.248176,0.00683594
65952,270139392,9.84474,0.0786718,0.0306172,14.9605,0.500229,9.0678,21.4528,50.5489,0.232095,0.00655111
65976,270237696,9.84611,0.0772972,0.0289296,15.7032,0.538842,9.9816,20.894,50.3724,0.230132,0.00611369
66000,270336000,9.84584,0.0937344,0.0244389,15.1124,0.504338,8.63334,21.3687,48.1437,0.24164,0.00626628
66024,270434304,9.84575,0.0735768,0.0320425,15.5816,0.486476,9.64388,20.9447,44.9685,0.24252,0.0065918
66048,270532608,9.84583,0.0603242,0.00918133,15.7462,0.530957,9.01941,20.8711,45.6348,0.230154,0.00638835
66072,270630912,9.84696,0.0688752,0.00567721,16.8199,0.510107,11.0272,21.0613,51.036,0.23651,0.0064799
66096,270729216,9.84834,0.0453365,0,15.7152,0.580902,9.06816,21.1975,48.8834,0.235801,0.00658162
66120,270827520,9.84937,0.0365429,0,16.1435,0.505665,11.1322,21.1895,48.1458,0.251891,0.00682577
66144,270925824,9.84839,0.0264611,0,17.3102,0.539425,10.9913,21.1224,48.802,0.234633,0.00742594
66168,271024128,9.84678,0.0224384,0.00689094,17.9255,0.569591,12.0574,21.0146,51.842,0.251008,0.00817871
66192,271122432,9.84621,0.021094,0,16.7976,0.541546,10.3491,20.9186,49.4269,0.253438,0.00830078
66216,271220736,9.84567,0.0924838,0.00975202,17.6674,0.533358,8.88745,21.1684,52.6719,0.245376,0.00853475
66240,271319040,9.84651,0.0728166,0.0148106,14.7806,0.526823,8.45704,20.9013,48.977,0.236024,0.00867717
66264,271417344,9.84633,0.0240581,0,16.8072,0.555785,10.0617,20.8426,49.617,0.249487,0.00876872
66288,271515648,9.84675,0.0541047,0.00896303,15.3583,0.536763,8.96348,20.3885,46.7322,0.235598,0.00854492
66312,271613952,9.84793,0.0613524,0.0219318,16.5063,0.533937,11.3677,20.8719,50.6216,0.243699,0.00854492
66336,271712256,9.84804,0.056634,0.0150195,15.0204,0.567257,8.0318,20.7741,48.3885,0.24978,0.00874837
66360,271810560,9.84756,0.0507077,0.0272999,15.4098,0.477487,9.70298,20.6712,48.3964,0.239895,0.0090332
66384,271908864,9.84721,0.0549151,0,14.8932,0.543055,9.47066,20.5735,49.0012,0.242392,0.00904338
66408,272007168,9.84863,0.0329199,0.018461,15.4797,0.547006,9.13388,20.5243,45.1196,0.240354,0.0090332
66432,272105472,9.84749,0.0308079,0.00524498,17.7817,0.563389,11.9114,20.8602,51.9758,0.242047,0.00915527
66456,272203776,9.84716,0.0321731,0.00594059,17.0674,0.594691,11.2166,20.4913,49.8191,0.256979,0.00938924
66480,272302080,9.84744,0.0379919,0.0234737,16.3261,0.529881,10.4906,20.3712,48.0057,0.247143,0.00960286
66504,272400384,9.84741,0.0862883,0.0284605,14.9268,0.499631,8.43223,19.9882,44.7926,0.234612,0.00952148
66528,272498688,9.84799,0.0589082,0.0207428,14.4587,0.512834,8.95041,20.6765,47.9781,0.250205,0.00952148
66552,272596992,9.84814,0.0499949,0.0280974,16.3507,0.5471,10.0001,20.4731,51.1268,0.240356,0.00952148
66576,272695296,9.84718,0.0256943,0,17.9032,0.558185,11.8583,20.6516,50.8229,0.247689,0.00952148
66600,272793600,9.84647,0.0734615,0.0116655,14.9986,0.489406,9.29757,20.6735,47.8169,0.243464,0.00928752
66624,272891904,9.84553,0.0704545,0.0342548,14.9948,0.52067,9.1885,20.7854,51.3384,0.239146,0.00927734
66648,272990208,9.8457,0.0539088,0,17.7984,0.543216,11.8262,21.1723,53.567,0.249719,0.00927734
66672,273088512,9.84639,0.0766981,0.0229684,14.4125,0.504534,7.70044,19.8027,45.2064,0.242348,0.00909424
66696,273186816,9.84714,0.0730727,0.0131666,14.2463,0.526993,8.5799,20.3891,47.7123,0.25051,0.00891113
66720,273285120,9.84771,0.0600067,0.021078,16.9331,0.555866,10.5647,20.6594,49.126,0.247913,0.0086263
66744,273383424,9.84838,0.117655,0.0287916,15.5653,0.536734,9.69696,20.3229,48.0957,0.247133,0.00854492
66768,273481728,9.8486,0.0868333,0,15.51,0.522592,9.95013,20.4317,49.3273,0.239547,0.0084432
66792,273580032,9.8478,0.0313075,0.0050184,16.816,0.497065,11.5291,20.7221,51.723,0.239972,0.00801595
66816,273678336,9.84802,0.0515181,0.0218542,14.92,0.472456,9.33398,20.2428,47.9377,0.241881,0.00756836
66840,273776640,9.84809,0.0573902,0.00400733,16.7592,0.545114,10.5473,20.9363,52.5274,0.247343,0.00786336
66864,273874944,9.84784,0.101585,0.00700771,14.2964,0.441818,8.03064,20.2755,44.352,0.253282,0.00805664
66888,273973248,9.84829,0.0649668,0.0319211,17.4694,0.545787,10.6277,20.626,48.8459,0.249421,0.00805664
66912,274071552,9.84783,0.0260103,0,16.3979,0.527021,10.4325,20.6113,51.0513,0.246347,0.0075887
66936,274169856,9.8473,0.0609578,0.0350372,16.6583,0.527652,10.5048,21.0838,53.6376,0.258416,0.00739543
66960,274268160,9.84665,0.0452891,0.00465209,14.3244,0.487515,8.78541,20.2155,45.8005,0.243496,0.00772095
66984,274366464,9.84588,0.0393922,0.00558217,15.057,0.535236,9.14217,20.4157,48.4501,0.246752,0.00777181
67008,274464768,9.84502,0.0525029,0.0196464,15.7085,0.562639,9.46223,20.4314,49.1859,0.237913,0.00738525
67032,274563072,9.84333,0.0455023,0.00809756,14.6951,0.557416,8.81795,20.2963,47.8046,0.251879,0.00732422
67056,274661376,9.84285,0.0881882,0.0316864,16.5941,0.572174,10.4386,20.7024,49.5419,0.26001,0.00725301
67080,274759680,9.84307,0.0658443,0,15.5163,0.566529,9.89903,20.5257,51.0546,0.244476,0.00738525
67104,274857984,9.84313,0.0215367,0,15.3963,0.539198,9.34734,20.6342,50.1977,0.256872,0.00725301
67128,274956288,9.84232,0.0408745,0.0113063,15.7713,0.537869,9.71308,20.078,47.1935,0.248535,0.00716146
67152,275054592,9.84337,0.0569147,0,15.9491,0.503929,9.65835,20.3333,49.2387,0.240867,0.00642904
67176,275152896,9.84301,0.0634956,0.0119125,17.88,0.555752,11.5711,21.0424,53.0809,0.246768,0.00571696
67200,275251200,9.84206,0.0468828,0.0219629,15.7982,0.520819,9.82982,20.4458,49.0032,0.238759,0.00553385
67224,275349504,9.84299,0.0537148,0.00430752,17.1826,0.525887,10.7028,20.954,51.1278,0.240045,0.00499471
67248,275447808,9.84276,0.0633367,0,16.4223,0.472312,10.7749,20.9874,52.244,0.254063,0.00484212
67272,275546112,9.84192,0.0294206,0.013544,18.5281,0.568971,12.0728,21.3875,53.9718,0.245623,0.00498454
67296,275644416,9.84206,0.0274977,0.0204968,16.5267,0.488957,10.2834,20.6276,50.6692,0.245739,0.00512695
67320,275742720,9.84273,0.0310256,0,17.2056,0.59375,11.3034,21.0106,50.1687,0.253063,0.00554403
67344,275841024,9.84298,0.0246246,0,15.6069,0.544969,9.5138,20.5743,49.8456,0.241902,0.00553385
67368,275939328,9.84333,0.0792571,0.0174014,16.764,0.483859,10.1617,21.1399,52.9964,0.24665,0.00535075
67392,276037632,9.84373,0.0652699,0.0298231,16.1809,0.508884,10.4426,20.8537,48.1978,0.245301,0.00512695
67416,276135936,9.84528,0.0441176,0.0171499,14.7553,0.49537,9.32446,20.4934,46.4117,0.234943,0.00512695
67440,276234240,9.8447,0.0560315,0,15.742,0.540215,8.87284,20.5219,49.3626,0.245066,0.00506592
67464,276332544,9.84418,0.0373633,0,15.331,0.570196,8.89195,21.219,55.3994,0.25577,0.00493368
67488,276430848,9.84332,0.0366552,0.0080196,16.844,0.539905,10.1587,20.7783,48.916,0.245447,0.00485229
67512,276529152,9.84364,0.0499461,0.00842223,16.431,0.549533,11.0053,20.9418,53.1871,0.241936,0.00488281
67536,276627456,9.84409,0.0395457,0.00980118,15.3344,0.474964,9.4382,20.5755,48.1372,0.235938,0.00506592
67560,276725760,9.84417,0.0331422,0,17.6909,0.566853,10.7591,21.1878,51.3951,0.251667,0.00524902
67584,276824064,9.8435,0.0531709,0.0041376,17.9945,0.555508,12.1704,21.1571,54.7069,0.23596,0.00521851
67608,276922368,9.84377,0.019555,0,16.3532,0.512579,10.5282,21.0187,49.2565,0.239073,0.00497437
67632,277020672,9.84404,0.0414931,0.0190805,17.8386,0.496699,12.0155,21.2338,50.1754,0.241524,0.00488281
67656,277118976,9.84362,0.0549479,0.0234868,14.9546,0.538253,8.6526,20.4444,48.1335,0.245046,0.00493368
67680,277217280,9.84396,0.0181291,0,15.5995,0.538049,9.20928,21.1011,49.7514,0.242402,0.00537109
67704,277315584,9.84423,0.0383819,0,17.2324,0.573745,10.5136,21.0657,50.3411,0.241802,0.00537109
67728,277413888,9.84376,0.0413642,0,16.437,0.511493,10.5048,21.163,49.8593,0.233685,0.00537109
67752,277512192,9.84288,0.0363878,0.00460244,14.3533,0.498396,8.36854,20.9453,48.0076,0.237839,0.00551351
67776,277610496,9.84289,0.0363983,0.0125888,16.9001,0.587547,10.1931,20.8321,49.5736,0.245656,0.00561523
67800,277708800,9.84278,0.0294291,0,16.8246,0.561814,10.1154,21.0527,49.7863,0.233357,0.0057373
67824,277807104,9.84319,0.0427842,0.0080999,15.5704,0.545665,9.77434,20.731,48.6812,0.246112,0.00642904
67848,277905408,9.84357,0.0314245,0,16.2991,0.523986,10.5394,21.3758,53.6414,0.237045,0.00602214
67872,278003712,9.84416,0.0353774,0,15.0902,0.551321,9.62002,20.6322,45.919,0.249289,0.00598145
67896,278102016,9.84409,0.0594345,0.00503863,14.9213,0.48575,9.05699,20.9921,50.6242,0.244039,0.00635783
67920,278200320,9.84386,0.030507,0,15.9581,0.55131,9.74786,20.8268,47.2764,0.2375,0.0065918
67944,278298624,9.84367,0.020687,0,14.4244,0.483207,9.24371,21.1364,47.4544,0.24005,0.00643921
67968,278396928,9.84406,0.031464,0.00340384,16.579,0.537987,11.0946,21.6815,55.4201,0.249448,0.00611369
67992,278495232,9.84381,0.0618283,0.0309174,15.4601,0.536657,9.23691,20.6203,47.5908,0.24069,0.00656128
68016,278593536,9.84227,0.0556075,0.0133495,15.8514,0.581092,9.91206,21.009,52.3094,0.236416,0.006368
68040,278691840,9.84214,0.0430993,0.021656,17.6424,0.53321,11.4053,21.1553,50.5421,0.237533,0.00638835
68064,278790144,9.84151,0.0354713,0,16.3359,0.580357,10.5097,21.0053,49.1438,0.242736,0.00672404
68088,278888448,9.84143,0.0576744,0.0374665,15.4471,0.541892,9.82774,21.0682,48.3492,0.249514,0.00651042
68112,278986752,9.84222,0.0631278,0.0220166,15.6341,0.528389,7.89325,20.3561,45.2648,0.260424,0.00713094
68136,279085056,9.84059,0.061557,0.0144559,15.7946,0.507505,9.85724,20.797,48.9968,0.242409,0.00755819
68160,279183360,9.84067,0.0436476,0,15.9149,0.51969,10.4626,20.4237,50.3653,0.234991,0.00756836
68184,279281664,9.84084,0.0577191,0.0170358,16.6952,0.542649,10.2685,20.8879,51.1001,0.237821,0.00756836
68208,279379968,9.8405,0.0456489,0,15.8187,0.50063,10.3916,20.983,52.7779,0.245009,0.00756836
68232,279478272,9.8403,0.0338356,0,15.6937,0.523676,9.7897,20.6839,50.0476,0.245649,0.00738525
68256,279576576,9.84022,0.0320999,0.00827179,16.3586,0.533443,9.86402,20.2796,46.8114,0.237754,0.00724284
68280,279674880,9.83949,0.0430159,0,16.7546,0.547503,10.456,21.0124,53.1592,0.251316,0.00731405
68304,279773184,9.83958,0.0683037,0.019305,15.5097,0.573118,9.24041,20.4619,49.5885,0.244813,0.00753784
68328,279871488,9.84106,0.0379001,0.0197745,16.6553,0.518023,10.3702,20.627,48.6293,0.247923,0.00701904
68352,279969792,9.84139,0.0873477,0.0203134,15.6242,0.518238,9.35706,20.5849,48.2306,0.240267,0.00709025
68376,280068096,9.84108,0.0448319,0.00891199,16.118,0.519931,9.645,19.9798,46.9586,0.240032,0.00736491
68400,280166400,9.84089,0.0356143,0.0057565,15.1537,0.512898,9.46012,20.5378,49.8285,0.232279,0.00756836
68424,280264704,9.84056,0.0693587,0.0109709,15.9727,0.517328,10.3322,19.9922,47.5344,0.23458,0.00756836
68448,280363008,9.84111,0.0896315,0,15.5592,0.535352,9.2634,19.8457,45.1441,0.252602,0.00734456
68472,280461312,9.84119,0.0400856,0,15.9751,0.54661,10.2156,20.6548,50.3245,0.237946,0.00739543
68496,280559616,9.84087,0.0850777,0.00645717,15.3916,0.500918,10.0108,20.4516,47.9092,0.253282,0.00743612
68520,280657920,9.84074,0.0358392,0.00764526,15.4269,0.514086,9.26802,20.0777,49.3909,0.254942,0.00754801
68544,280756224,9.84154,0.0636588,0,14.8993,0.473398,9.08965,20.0859,48.8723,0.245026,0.00732422
68568,280854528,9.84246,0.0350528,0,15.0064,0.472772,8.3941,20.1256,47.2913,0.234373,0.00712077
68592,280952832,9.84361,0.01993,0.0142408,14.7019,0.468044,9.52594,20.1414,49.6955,0.247209,0.00717163
68616,281051136,9.84378,0.0424081,0,15.4572,0.505685,9.11887,20.4973,50.626,0.255342,0.00767008
68640,281149440,9.84371,0.0350746,0,14.6397,0.531424,9.09639,20.3095,47.899,0.247022,0.00852458
68664,281247744,9.84398,0.0160493,0,17.0378,0.572473,10.8183,20.4363,51.0151,0.237572,0.00850423
68688,281346048,9.84358,0.0429185,0.0369393,18.6185,0.520622,12.8948,21.2233,60.6077,0.242844,0.00830078
68712,281444352,9.84324,0.0454796,0.0139165,14.765,0.489225,8.89416,19.7293,44.6453,0.24012,0.00830078
68736,281542656,9.8439,0.0508183,0,15.7078,0.545419,9.88533,20.2665,47.0993,0.244066,0.00830078
68760,281640960,9.8465,0.0247079,0,15.3566,0.522575,9.56783,20.0692,49.8892,0.240956,0.00807699
68784,281739264,9.84803,0.0604627,0.0116655,14.9223,0.484412,9.16439,19.8618,48.0412,0.241647,0.00805664
68808,281837568,9.84822,0.0528309,0.0130267,15.897,0.538907,10.3884,20.4019,50.0684,0.250918,0.0077006
68832,281935872,9.84664,0.0263313,0.0135466,16.7292,0.553511,10.3839,20.1124,48.1107,0.255437,0.00753784
68856,282034176,9.84624,0.0598045,0.0153831,15.0243,0.482004,9.12082,19.7727,45.082,0.242377,0.00778198
68880,282132480,9.84691,0.0628328,0,14.1842,0.51011,8.21922,19.9546,49.6629,0.245906,0.00752767
68904,282230784,9.84683,0.0350046,0.0130541,16.7689,0.56169,10.5845,20.2493,50.6475,0.246856,0.00723267
68928,282329088,9.84694,0.0262011,0.00824553,15.2116,0.520364,9.02867,19.734,44.4154,0.248491,0.00719198
68952,282427392,9.84779,0.0496472,0.011753,15.1493,0.497401,9.40729,19.9485,48.1958,0.243345,0.00732422
68976,282525696,9.84728,0.0450414,0,14.9696,0.540509,8.91166,19.6744,46.335,0.252806,0.00728353
69000,282624000,9.84747,0.0606477,0.0323824,15.1642,0.519831,9.33778,20.1917,51.8233,0.244151,0.00682577
69024,282722304,9.84688,0.0726123,0.0183243,17.2255,0.555056,9.78435,19.4962,47.8401,0.240543,0.00706991
69048,282820608,9.84671,0.044938,0.00753985,15.2153,0.53105,9.06147,20.0004,46.1845,0.235961,0.0071818
69072,282918912,9.84717,0.0647007,0.0280856,15.9008,0.498133,10.0844,20.08,45.9676,0.247811,0.00708008
69096,283017216,9.8475,0.0797683,0.0501612,14.0967,0.498844,8.70816,19.9444,47.3144,0.24087,0.00695801
69120,283115520,9.84738,0.0352095,0.00838569,14.8748,0.566879,8.90031,20.2477,47.985,0.249738,0.00641886
69144,283213824,9.84725,0.0367385,0.0137894,14.9542,0.520699,9.21511,19.8646,44.8414,0.237209,0.0062561
69168,283312128,9.84721,0.0522719,0.00983261,16.5602,0.54822,10.3357,20.3272,49.6217,0.255785,0.00657145
69192,283410432,9.84796,0.0771439,0.00701754,14.3524,0.500105,7.88571,19.6641,44.8283,0.243606,0.00682577
69216,283508736,9.84705,0.0511058,0.00557925,16.9777,0.553353,11.2086,20.213,51.8276,0.238752,0.00744629
69240,283607040,9.84671,0.10905,0.00992908,15.1432,0.546135,9.18387,19.7889,49.0359,0.242605,0.00756836
69264,283705344,9.8469,0.0607104,0.0121534,15.1077,0.496002,9.32741,20.2334,47.8016,0.243023,0.00780233
69288,283803648,9.84682,0.047276,0.0158513,16.7294,0.550616,11.2155,20.8605,54.3269,0.235611,0.00741577
69312,283901952,9.84616,0.0534437,0.0208768,16.2724,0.571184,9.68196,20.466,50.2052,0.252809,0.00777181
69336,284000256,9.84517,0.0481671,0.0268847,16.6238,0.622458,10.5135,19.7853,47.2467,0.255968,0.00791423
69360,284098560,9.8443,0.0858943,0.00643323,15.5677,0.486442,9.64561,20.3128,50.3959,0.241562,0.00796509
69384,284196864,9.84243,0.0848895,0.0238799,15.8322,0.543243,10.5374,20.5811,50.7301,0.24902,0.00769043
69408,284295168,9.84215,0.0314272,0.0130093,16.6816,0.578573,10.5287,20.7134,51.0763,0.250233,0.00759888
69432,284393472,9.84322,0.0615747,0.0151866,17.1248,0.514362,10.8068,20.821,49.5704,0.26256,0.0078125
69456,284491776,9.84317,0.0636738,0.0103214,14.0012,0.50806,7.58077,19.9873,49.4455,0.24518,0.00795492
69480,284590080,9.84464,0.0937891,0,16.7541,0.529791,10.5693,20.3042,53.845,0.256772,0.00812785
69504,284688384,9.84489,0.0541023,0.0406654,14.5232,0.514174,8.48077,20.2014,48.4654,0.239861,0.00791423
69528,284786688,9.84471,0.0420293,0,15.3222,0.546204,9.23423,20.3127,47.1841,0.255032,0.00841268
69552,284884992,9.84526,0.0480634,0,14.9801,0.511541,9.17564,20.2088,49.7007,0.243016,0.00878906
69576,284983296,9.84558,0.0466361,0.00561527,15.9642,0.51969,10.3018,20.8187,52.7525,0.248944,0.00878906
69600,285081600,9.84532,0.078808,0.031814,15.992,0.509961,10.4015,20.7971,50.8123,0.247392,0.00861613
69624,285179904,9.84516,0.0755071,0.0237942,17.0561,0.550694,10.3141,20.1605,45.2927,0.23188,0.0078125
69648,285278208,9.84591,0.0891733,0.0181614,16.2415,0.516456,8.69769,20.2086,48.1166,0.249851,0.00731405
69672,285376512,9.84534,0.0566422,0.0261389,13.9695,0.530186,7.81693,19.6599,45.4693,0.244054,0.00708008
69696,285474816,9.84515,0.061009,0.0232404,14.0029,0.509657,8.08112,20.7015,49.4932,0.24592,0.00708008
69720,285573120,9.84512,0.0611964,0.017752,16.1675,0.512176,9.97736,20.3235,47.9718,0.252305,0.00708008
69744,285671424,9.84594,0.0772913,0.00930851,15.7933,0.495601,9.65171,20.2463,47.3368,0.245437,0.00708008
69768,285769728,9.84576,0.0317713,0.0358585,15.7323,0.515049,9.68139,20.4228,48.9417,0.243979,0.00708008
69792,285868032,9.84609,0.0178356,0,17.1405,0.528976,10.8134,20.2916,48.8004,0.237982,0.00724284
69816,285966336,9.84702,0.0663216,0.023285,15.7263,0.501029,9.59412,20.5819,49.073,0.244713,0.00731405
69840,286064640,9.84666,0.0454378,0.0155874,17.0025,0.551248,10.8313,20.6393,48.9758,0.237625,0.00705973
69864,286162944,9.84655,0.0561377,0,14.3925,0.511123,8.44205,20.3982,49.8801,0.247475,0.00716146
69888,286261248,9.8474,0.0628037,0,15.8127,0.498143,9.86253,20.5412,50.8142,0.238915,0.00732422
69912,286359552,9.8479,0.0493966,0.00501098,17.7026,0.544115,11.541,20.7996,52.5428,0.248609,0.00742594
69936,286457856,9.84832,0.064695,0,17.2151,0.530028,11.1257,20.835,54.2101,0.24547,0.00761922
69960,286556160,9.84848,0.0384299,0.0130703,14.6402,0.480223,8.85307,20.5304,47.1914,0.245585,0.00756836
69984,286654464,9.84867,0.0788481,0.00584283,15.5163,0.515089,10.143,19.9669,48.2144,0.24907,0.00756836
70008,286752768,9.8492,0.0366535,0.0232581,15.6614,0.495033,9.31974,20.4517,50.9261,0.238646,0.00725301
70032,286851072,9.84969,0.0497961,0.0134525,15.8315,0.536699,9.66953,20.2058,49.5761,0.240409,0.00723267
70056,286949376,9.84932,0.0633468,0.00550488,15.7932,0.524144,10.0012,20.7478,51.7506,0.24185,0.00695801
70080,287047680,9.84877,0.0470175,0.0149577,17.341,0.540377,11.3978,20.5539,50.9286,0.249825,0.00689697
70104,287145984,9.84883,0.0500925,0.00541777,13.0531,0.508567,7.0799,20.1995,45.8606,0.238722,0.00681559
70128,287244288,9.8485,0.0351393,0.00868247,16.0365,0.502282,9.4435,20.767,49.0037,0.245127,0.00685628
70152,287342592,9.84744,0.0348746,0.0195004,15.2742,0.529361,8.98896,20.2354,45.5715,0.242641,0.00702922
70176,287440896,9.84734,0.0645643,0,15.1947,0.542032,9.56297,20.4536,48.0159,0.246953,0.00702922
70200,287539200,9.84754,0.0519685,0,15.7531,0.554145,9.50857,20.2463,46.3751,0.249295,0.00696818
70224,287637504,9.84692,0.0747943,0.0140557,15.9259,0.559131,9.81948,20.5795,48.2738,0.24196,0.00675456
70248,287735808,9.84661,0.0504039,0.0243258,16.2368,0.537589,10.0519,20.6868,49.3246,0.243888,0.00697835
70272,287834112,9.84662,0.0761329,0.0140824,14.5164,0.493948,8.6676,20.3642,46.5022,0.247628,0.00693766
70296,287932416,9.84614,0.0639182,0.016535,17.6821,0.509199,10.8331,21.0917,50.9329,0.250221,0.00698853
70320,288030720,9.84634,0.0287674,0,16.2448,0.517536,9.92282,20.8856,51.8978,0.244195,0.00679525
70344,288129024,9.84689,0.0580971,0.0104822,15.6086,0.472055,9.7891,20.6513,47.6968,0.237656,0.0067749
70368,288227328,9.84643,0.0316176,0.0156794,16.9963,0.513728,10.4153,20.8311,53.0007,0.239272,0.00696818
70392,288325632,9.84745,0.0430272,0.00586711,15.5267,0.543658,9.69886,20.4188,47.2297,0.244867,0.00708008
70416,288423936,9.84685,0.0605158,0.00656958,14.2175,0.522958,8.18181,20.5925,48.4221,0.259538,0.00696818
70440,288522240,9.8468,0.0438349,0.0219647,15.5497,0.518161,9.21244,20.9632,52.8009,0.236231,0.00683594
70464,288620544,9.84765,0.071805,0.0336727,15.1164,0.5126,9.0115,20.4834,47.5931,0.268037,0.00684611
70488,288718848,9.84923,0.0521042,0,15.5001,0.528096,9.57118,20.9512,49.4955,0.244693,0.00686646
70512,288817152,9.84976,0.0634675,0.0215916,16.4695,0.508994,10.0994,20.7263,48.9716,0.242374,0.00692749
70536,288915456,9.85069,0.0569176,0.00754006,14.931,0.468242,9.57464,20.6696,47.6705,0.242351,0.0062561
70560,289013760,9.85049,0.0614902,0.0349877,15.1439,0.520195,9.50684,21.257,52.8475,0.235791,0.00610352
70584,289112064,9.84993,0.029075,0.00596582,15.8288,0.532102,9.74843,21.2619,53.3851,0.237318,0.00610352
70608,289210368,9.85081,0.0299201,0,13.3828,0.527342,7.81227,20.5419,46.5482,0.245515,0.00632731
70632,289308672,9.8513,0.0634706,0,13.9986,0.508197,7.84653,20.9397,45.9128,0.249153,0.00637817
70656,289406976,9.85041,0.040544,0.010213,15.4581,0.516981,8.94084,20.4115,45.4676,0.236105,0.0065918
70680,289505280,9.85056,0.0324143,0,17.4537,0.557527,10.5812,21.4464,49.3875,0.250044,0.00713094
70704,289603584,9.85068,0.0645658,0.00638803,16.4596,0.518937,10.067,21.0921,49.8116,0.233188,0.00765991
70728,289701888,9.85077,0.0170871,0,15.3848,0.568478,9.53701,21.2669,51.0943,0.248375,0.00839233
70752,289800192,9.85044,0.077144,0.0236126,16.2045,0.513619,9.92811,21.7073,50.9066,0.244993,0.00854492
70776,289898496,9.84993,0.0511127,0.00828402,15.4342,0.502441,9.8537,21.1857,50.46,0.248212,0.00874837
70800,289996800,9.84894,0.0676986,0.0232245,14.6163,0.477964,9.02406,21.0736,47.0267,0.242878,0.00878906
70824,290095104,9.85052,0.0370062,0.00656707,15.1462,0.526528,9.17717,20.9124,47.8807,0.237647,0.00876872
70848,290193408,9.85162,0.0335928,0,18.2627,0.551775,11.5937,21.2413,48.9101,0.238935,0.00887044
70872,290291712,9.8525,0.0161638,0,18.2222,0.519926,12.492,21.2983,53.1636,0.24863,0.00930786
70896,290390016,9.85271,0.0193118,0,16.7684,0.55602,10.5522,21.2282,49.3455,0.250913,0.00981649
70920,290488320,9.85321,0.0373439,0.0082993,15.5712,0.500305,10.0306,21.2456,50.4484,0.246312,0.00974528
70944,290586624,9.85305,0.0304195,0,18.3838,0.539832,12.4249,21.8262,53.0772,0.259008,0.0101929
70968,290684928,9.85228,0.0574351,0.0108088,15.7737,0.51526,9.39162,21.2296,48.879,0.243392,0.0108846
70992,290783232,9.8524,0.0468426,0.0262746,14.1957,0.486238,8.49837,21.0475,48.3411,0.231912,0.0112305
71016,290881536,9.85264,0.058895,0.0292123,15.4358,0.523842,9.59109,21.1784,50.0488,0.241778,0.0114644
71040,290979840,9.85308,0.0340117,0.00638919,16.5371,0.53757,10.36,21.5823,51.689,0.246864,0.0115458
71064,291078144,9.85306,0.0510374,0,15.6108,0.534236,9.324,21.4052,50.21,0.233369,0.0120748
71088,291176448,9.85204,0.00930954,0,16.0756,0.560131,10.2453,21.4804,49.7739,0.250577,0.0122579
71112,291274752,9.85161,0.0362455,0.0114106,15.126,0.532542,8.52102,21.0168,44.703,0.253742,0.0124308
71136,291373056,9.85121,0.0544455,0.00512894,15.2254,0.502035,9.31951,21.2054,47.7138,0.245088,0.012085
71160,291471360,9.85162,0.057875,0.00535666,14.8559,0.508155,8.66125,21.135,50.6272,0.244376,0.0122681
71184,291569664,9.852,0.021911,0.00657174,17.7243,0.561679,11.9196,21.3261,51.9542,0.237231,0.0121562
71208,291667968,9.85214,0.0488818,0.00830808,16.349,0.558537,10.4623,21.5416,51.0493,0.24198,0.0118917
71232,291766272,9.85256,0.0705142,0,14.0744,0.500944,8.3518,20.7539,47.2584,0.24505,0.0115763
71256,291864576,9.8527,0.0460831,0.0189908,15.9547,0.513648,9.57554,21.4933,48.6856,0.248566,0.0114136
71280,291962880,9.85279,0.0595816,0,15.0861,0.526284,9.38899,21.2035,46.6078,0.250854,0.0112305
71304,292061184,9.85231,0.0437423,0,15.2594,0.487172,9.78145,21.0059,47.4543,0.24928,0.0112203
71328,292159488,9.85128,0.0812014,0.00593325,17.501,0.510932,11.1025,21.5733,53.3588,0.249917,0.0110372
71352,292257792,9.85057,0.0683281,0.0393937,15.5331,0.514643,9.63963,21.5504,50.4854,0.237382,0.0110779
71376,292356096,9.85033,0.060324,0.0126737,15.7321,0.510185,9.34666,21.0644,48.5408,0.237629,0.0113424
71400,292454400,9.8504,0.0635989,0.0184202,15.5891,0.528149,9.73224,21.3932,49.1948,0.251698,0.0116781
71424,292552704,9.85135,0.0858569,0.00669856,13.7562,0.490142,8.39941,21.0166,46.5463,0.254053,0.0117188
71448,292651008,9.85183,0.0420328,0.0189164,14.9121,0.502587,8.97887,20.8753,46.8069,0.250819,0.0117594
71472,292749312,9.85128,0.0472428,0.00877926,17.0786,0.504194,11.2972,21.6343,54.4435,0.253904,0.011495
71496,292847616,9.85077,0.0401361,0,14.827,0.507288,8.62644,21.2434,47.6864,0.241953,0.0115865
71520,292945920,9.85166,0.0866161,0,14.6117,0.519347,8.37931,20.8615,46.5187,0.234323,0.0116984
71544,293044224,9.85208,0.0399082,0,15.83,0.550891,9.69441,21.3057,48.7904,0.245761,0.0120138
71568,293142528,9.85212,0.0378635,0.012981,16.1157,0.517817,10.2267,21.5266,49.8058,0.251187,0.012207
71592,293240832,9.85267,0.038503,0.0122575,15.4479,0.504732,9.38285,21.6128,49.4688,0.240576,0.012146
71616,293339136,9.85387,0.061614,0.020679,14.9106,0.520533,8.96059,21.4374,48.1764,0.241219,0.0119629
71640,293437440,9.85392,0.0697182,0.00892326,15.0986,0.516648,8.9882,21.4882,48.7243,0.252153,0.0120138
71664,293535744,9.85371,0.0554827,0.0236467,18.0303,0.56374,10.288,21.6388,52.2838,0.243676,0.012207
71688,293634048,9.85383,0.0455394,0.00924214,14.807,0.485741,8.68009,21.5792,50.304,0.24523,0.0116272
71712,293732352,9.85378,0.0413279,0,16.8429,0.513422,10.187,21.8088,51.3644,0.244895,0.0112
71736,293830656,9.85388,0.0870636,0.0251437,17.5665,0.538549,10.039,21.5787,48.2546,0.243607,0.0106303
71760,293928960,9.85395,0.0396366,0.0207915,16.8993,0.539717,10.3842,21.6622,49.6419,0.241855,0.0109049
71784,294027264,9.85402,0.0231416,0.00676002,15.2188,0.507209,9.56881,21.6494,50.1538,0.247466,0.011027
71808,294125568,9.85387,0.0604822,0.0198388,16.1054,0.53383,9.94279,21.4684,49.1435,0.239427,0.0112305
71832,294223872,9.85362,0.0703806,0,15.313,0.554422,9.08162,21.4178,47.0854,0.245719,0.011027
71856,294322176,9.85452,0.0325323,0.00498256,16.9183,0.527427,10.8504,22.2306,53.6144,0.240782,0.0108337
71880,294420480,9.85484,0.0705224,0.0394582,15.3941,0.508975,9.5044,21.874,53.6638,0.244654,0.0102743
71904,294518784,9.8552,0.0553101,0,15.7981,0.514424,9.47805,21.3555,49.4331,0.246645,0.0101318
71928,294617088,9.85492,0.0519179,0.00727979,17.3709,0.567293,10.2351,22.053,53.3276,0.245129,0.0102132
71952,294715392,9.8549,0.052669,0.0137697,16.0965,0.500017,10.2704,21.7378,49.7934,0.240682,0.00959269
71976,294813696,9.85513,0.0412984,0.0140468,15.2198,0.502609,9.6804,21.386,48.8332,0.239359,0.00906372
72000,294912000,9.85686,0.0809831,0.0290323,14.5424,0.507384,8.14991,20.8447,44.6679,0.238886,0.00897217
72024,295010304,9.8569,0.061156,0.0281432,15.2736,0.50721,8.69045,21.4509,49.0712,0.247969,0.00866699
72048,295108608,9.85623,0.0555556,0,16.0612,0.526692,9.79346,21.7723,50.5752,0.251677,0.00853475
72072,295206912,9.85603,0.0573984,0,14.8696,0.487194,8.94163,21.3697,49.8861,0.248304,0.00794474
72096,295305216,9.85621,0.0247766,0.0198371,15.6267,0.529225,9.61063,21.8288,48.6091,0.241022,0.00773112
72120,295403520,9.85506,0.0913374,0.0232562,16.3588,0.46245,9.36079,21.436,49.7399,0.256495,0.00759888
72144,295501824,9.85464,0.0500108,0.00654267,16.4441,0.496698,11.3031,21.709,51.1176,0.246336,0.00752767
72168,295600128,9.85362,0.0710017,0.00812536,14.3382,0.578413,8.89598,21.3543,48.6088,0.249783,0.00728353
72192,295698432,9.85277,0.0578398,0.0167649,13.9769,0.516658,8.10964,21.1617,46.5255,0.249483,0.00738525
72216,295796736,9.85223,0.0351656,0,16.4861,0.535706,9.09812,21.626,49.3872,0.25296,0.00744629
72240,295895040,9.85277,0.0317663,0,15.5681,0.585314,9.13757,21.6884,47.0045,0.26304,0.00738525
72264,295993344,9.85302,0.0693916,0.0372671,16.8784,0.530387,10.2356,21.984,50.1552,0.24574,0.00732422
72288,296091648,9.85305,0.0864848,0.0361529,15.6721,0.502607,9.73239,21.4659,46.4536,0.260867,0.00713094
72312,296189952,9.85305,0.0383446,0,17.1453,0.486953,11.939,22.1077,52.0896,0.243902,0.00719198
72336,296288256,9.85316,0.0829467,0.00794552,15.8733,0.509555,9.62486,21.5999,47.7172,0.251571,0.00708008
72360,296386560,9.85398,0.0526497,0.00902527,16.49,0.551321,11.4461,21.7123,48.7534,0.246251,0.00664266
72384,296484864,9.85477,0.0923292,0.0207797,13.3406,0.49827,7.72413,21.3859,48.246,0.252517,0.00637817
72408,296583168,9.85473,0.0857399,0,14.9792,0.474575,9.43009,21.9081,48.6918,0.248529,0.00616455
72432,296681472,9.85418,0.0616071,0.0125688,14.9645,0.542776,8.63184,21.6079,48.4365,0.234606,0.00697835
72456,296779776,9.85383,0.0684577,0,14.5943,0.495126,7.88388,21.5,48.421,0.244279,0.00712077
72480,296878080,9.85482,0.0836312,0.0248911,15.1449,0.483936,8.95416,21.6504,49.1144,0.262011,0.00768026
72504,296976384,9.85553,0.0579788,0.0291699,14.8397,0.512996,8.66005,21.4356,47.6568,0.237464,0.00756836
72528,297074688,9.85654,0.0767599,0.00743922,14.4186,0.455679,8.34349,21.7638,48.9868,0.235978,0.00767008
72552,297172992,9.85796,0.0365397,0,14.8333,0.537012,9.10238,21.2491,49.5625,0.258057,0.00805664
72576,297271296,9.85804,0.0289208,0,15.2101,0.5317,9.48918,21.4291,48.4758,0.252253,0.00863647
72600,297369600,9.85774,0.0275824,0,17.4351,0.519561,11.1779,21.8613,51.9134,0.24327,0.00913493
72624,297467904,9.85786,0.0389563,0,15.3084,0.50147,8.83481,21.2553,49.4029,0.240394,0.00962321
72648,297566208,9.85799,0.0534146,0.0264229,17.3893,0.56914,10.8058,21.1383,49.207,0.249262,0.00973511
72672,297664512,9.85833,0.0561265,0.00610128,16.081,0.502188,10.1328,21.5621,50.5425,0.243036,0.00979614
72696,297762816,9.85767,0.0761519,0.0246414,15.6701,0.496418,9.086,21.7388,50.5754,0.248515,0.0100505
72720,297861120,9.8568,0.0362254,0.0270966,14.1973,0.454602,7.95702,20.7111,45.2347,0.252871,0.0105082
72744,297959424,9.85772,0.0799284,0,15.4905,0.463015,9.67408,21.6776,50.6597,0.255809,0.0105387
72768,298057728,9.8587,0.0573392,0.01115,15.09,0.514688,9.58131,21.5227,52.4532,0.241257,0.0102539
72792,298156032,9.85847,0.0634904,0,16.3996,0.478952,9.74591,21.7412,52.6685,0.258469,0.00981649
72816,298254336,9.85802,0.105038,0.0193509,14.6163,0.497053,9.30555,21.5813,49.5685,0.255841,0.0100301
72840,298352640,9.85755,0.0460091,0.00870827,15.093,0.463611,9.19453,21.379,47.4073,0.256091,0.0102437
72864,298450944,9.85788,0.026749,0,15.0863,0.518192,9.04601,20.6573,46.9953,0.257609,0.0102539
72888,298549248,9.85902,0.0801815,0,14.3233,0.491493,8.35105,20.847,47.0333,0.239783,0.0103353
72912,298647552,9.85946,0.0618539,0.0106783,15.912,0.482744,9.69579,21.0723,46.606,0.247316,0.0100708
72936,298745856,9.85957,0.0552009,0.0141297,15.7522,0.504586,9.33764,21.6097,49.0427,0.252968,0.0100199
72960,298844160,9.85946,0.0279276,0,15.6671,0.511359,9.4612,21.6538,50.8273,0.256562,0.0102539
72984,298942464,9.85992,0.06397,0,15.0026,0.517922,9.07251,21.1581,48.6294,0.254212,0.0103048
73008,299040768,9.85953,0.0239488,0,16.1102,0.477306,10.2014,21.5875,49.0047,0.251736,0.0106812
73032,299139072,9.85902,0.0553075,0.00499875,15.244,0.485723,9.44028,21.4369,46.8194,0.264645,0.0108439
73056,299237376,9.85807,0.0694486,0.0258476,16.9091,0.471451,9.63753,21.7332,48.1423,0.25966,0.0116069
73080,299335680,9.85699,0.0820326,0,15.041,0.5131,8.95536,21.1605,48.0494,0.252359,0.0119527
73104,299433984,9.85658,0.0888273,0.0365121,15.3148,0.473544,9.51727,21.6624,49.096,0.262134,0.0124003
73128,299532288,9.85582,0.0977445,0.0189155,14.6363,0.527534,9.38421,21.0093,45.7059,0.257736,0.0124715
73152,299630592,9.8556,0.0550362,0.0321071,16.0075,0.508807,9.61808,21.6465,51.6378,0.256885,0.0130615
73176,299728896,9.85593,0.0680323,0.0200439,14.0776,0.538799,8.04479,21.0918,45.8777,0.252737,0.0134583
73200,299827200,9.85693,0.0462051,0.00655124,15.1786,0.521505,9.07512,20.9382,46.9393,0.250042,0.0136617
73224,299925504,9.85789,0.0408461,0.00542766,14.9663,0.501115,9.18019,21.1154,47.5426,0.267121,0.0134684
73248,300023808,9.85796,0.0481454,0.00740466,14.0112,0.503849,7.79341,21.014,45.4269,0.252212,0.0134277
73272,300122112,9.85828,0.0562241,0.00482781,16.4076,0.543088,10.4702,21.4364,50.2388,0.24861,0.0136719
73296,300220416,9.85772,0.059106,0.0162942,16.0291,0.456081,9.93386,21.3098,52.0977,0.269627,0.013855
73320,300318720,9.85788,0.063625,0.0127632,14.748,0.495137,8.98893,21.0378,48.9598,0.249982,0.0137024
73344,300417024,9.85769,0.0672386,0.0605602,13.9188,0.46833,8.14968,21.1635,48.6542,0.258448,0.0141093
73368,300515328,9.85745,0.0822638,0,16.2819,0.52017,9.87357,21.0916,49.8625,0.265617,0.0144857
73392,300613632,9.85811,0.0422596,0.00573645,14.7183,0.487672,8.37156,21.17,49.4236,0.262509,0.0147298
73416,300711936,9.85861,0.0713927,0.00984437,15.7137,0.507912,9.94818,21.2578,47.9722,0.261185,0.0149638
73440,300810240,9.8587,0.0857732,0.0186874,15.9516,0.53105,10.3808,21.2962,52.3117,0.253273,0.0147196
73464,300908544,9.85878,0.0463518,0.00835322,17.0918,0.499734,11.2728,21.8546,52.0501,0.249014,0.0149333
73488,301006848,9.85914,0.0733028,0.00682927,15.4794,0.516397,9.53183,20.9484,47.2538,0.256507,0.0151672
73512,301105152,9.85949,0.0501055,0.011819,15.5964,0.519279,10.001,20.6383,46.1592,0.261913,0.0157674
73536,301203456,9.86009,0.0594042,0,15.6385,0.460834,9.5334,21.3708,49.5626,0.252511,0.0151265
73560,301301760,9.86047,0.0809929,0.00850547,14.3663,0.513121,8.2843,20.7752,45.2405,0.262603,0.0144857
73584,301400064,9.86003,0.0506688,0.00631959,14.083,0.524117,7.87575,20.7344,43.813,0.251328,0.0141398
73608,301498368,9.85995,0.0735765,0.0341337,17.3921,0.507907,11.7538,21.7762,52.8838,0.249439,0.0140991
73632,301596672,9.85955,0.036036,0,14.4864,0.493405,8.8286,20.9108,46.0187,0.248668,0.01415
73656,301694976,9.85927,0.0645126,0,14.1236,0.480868,7.31649,21.0724,49.3518,0.256165,0.0140584
73680,301793280,9.8596,0.0156533,0,14.9194,0.496335,9.04103,21.1527,48.6098,0.247945,0.0139771
73704,301891584,9.86032,0.0246896,0,16.3712,0.58729,9.72626,20.94,50.7261,0.247747,0.0136312
73728,301989888,9.85997,0.0155812,0.0100325,15.9245,0.493921,9.76619,21.3697,47.0443,0.257592,0.0134074
73752,302088192,9.86096,0.0700519,0.0454702,15.0082,0.521401,9.07392,21.2317,46.8129,0.262023,0.0135295
73776,302186496,9.86071,0.0705498,0.0740145,14.6736,0.514425,8.80357,21.3624,49.4897,0.242488,0.0138346
73800,302284800,9.86161,0.0454929,0.00524305,16.1014,0.472555,10.9787,21.7083,52.0728,0.252154,0.013916
73824,302383104,9.86107,0.0154016,0,16.2311,0.543881,9.71007,21.4024,50.7212,0.261828,0.0145264
73848,302481408,9.86102,0.0370931,0,16.4414,0.511879,10.3545,21.4688,48.0623,0.25842,0.0146383
73872,302579712,9.86089,0.0503676,0,14.5735,0.531158,8.78102,20.9785,46.9855,0.262993,0.0148214
73896,302678016,9.86005,0.0682761,0.0410116,15.1886,0.500834,8.66344,20.8227,48.2055,0.252956,0.014974
73920,302776320,9.85876,0.0172051,0,15.7019,0.520781,9.03488,21.3085,49.2736,0.255603,0.0157267
73944,302874624,9.85926,0.0425208,0,14.4522,0.473402,9.01746,20.5522,44.8363,0.26537,0.0158793
73968,302972928,9.86121,0.0584902,0.0135663,14.9593,0.541255,9.14536,21.1587,49.2115,0.254237,0.0158793
73992,303071232,9.86151,0.0424109,0.00906971,14.9322,0.530735,9.14165,21.0959,47.264,0.260271,0.0156657
74016,303169536,9.86091,0.0576183,0.00753904,15.8869,0.523089,10.3354,21.1909,51.2994,0.268144,0.015981
74040,303267840,9.86083,0.0757279,0.0287495,15.7464,0.504946,9.65422,20.9539,47.1885,0.262429,0.0160726
74064,303366144,9.8602,0.0454865,0.0129674,16.3919,0.471985,10.3308,21.6423,51.2354,0.259172,0.0153809
74088,303464448,9.86058,0.0677053,0.0259366,14.4798,0.487941,9.17577,21.2225,51.9308,0.252704,0.0149536
74112,303562752,9.8608,0.0444807,0,17.0866,0.497748,11.1947,21.3176,53.723,0.257994,0.0148621
74136,303661056,9.86051,0.120064,0.0444424,15.3092,0.513051,9.17445,20.8579,48.3981,0.254168,0.0146993
74160,303759360,9.86012,0.0651553,0.00867201,13.8007,0.525135,7.76951,20.6519,49.0754,0.250947,0.0144552
74184,303857664,9.86069,0.120321,0.0676164,16.3181,0.500455,10.0691,21.5668,53.3453,0.254861,0.0141907
74208,303955968,9.86053,0.0554094,0.0200202,15.2558,0.495616,9.03581,21.0046,48.5324,0.249208,0.013916
74232,304054272,9.86025,0.0958063,0.0141895,14.3635,0.495284,8.49574,20.6437,47.5469,0.265984,0.0141296
74256,304152576,9.86105,0.0397739,0.0124347,13.888,0.471318,8.07964,20.3913,45.7074,0.25555,0.0142212
74280,304250880,9.86218,0.0857081,0,15.5829,0.530712,9.23503,20.5946,47.3603,0.266526,0.0142415
74304,304349184,9.86299,0.0806652,0.0216987,15.2431,0.469156,9.60315,21.5282,52.0602,0.259995,0.0143229
74328,304447488,9.86376,0.0627267,0,14.5429,0.503459,8.60766,20.8346,49.6741,0.247332,0.0142721
74352,304545792,9.8639,0.0870452,0.0401606,13.6927,0.469193,7.98669,20.5853,45.4021,0.256642,0.0138448
74376,304644096,9.86395,0.0733881,0.0286592,16.7502,0.520771,11.1016,21.296,51.8438,0.258453,0.0136108
74400,304742400,9.86443,0.0666793,0.0157005,16.3687,0.519268,10.4936,21.5677,55.0431,0.248506,0.0131632
74424,304840704,9.86455,0.0655772,0,14.8372,0.454864,8.33251,20.3066,42.4308,0.250928,0.0127665
74448,304939008,9.865,0.0567705,0.00876644,16.515,0.554138,10.4752,21.1509,49.8292,0.270326,0.0119527
74472,305037312,9.86497,0.0771019,0,14.6043,0.517842,9.37739,20.8313,51.0036,0.267323,0.0113424
74496,305135616,9.86532,0.0716599,0.0141186,14.5472,0.508924,8.5473,20.4322,45.641,0.258363,0.0106812
74520,305233920,9.86465,0.0206442,0,16.8109,0.534187,10.6763,20.7488,46.9282,0.263702,0.0107422
74544,305332224,9.8633,0.037422,0.00440012,15.0598,0.486613,9.40992,21.1712,52.2387,0.253178,0.0109863
74568,305430528,9.86347,0.0638472,0.00581734,14.8683,0.547444,9.70877,21.0668,52.0958,0.253272,0.0109863
74592,305528832,9.86455,0.0452162,0,16.4942,0.530088,10.5016,21.4324,52.7834,0.266049,0.0105693
74616,305627136,9.86484,0.0498957,0.01743,17.698,0.526933,11.5217,21.6257,54.2389,0.262019,0.0101624
74640,305725440,9.86393,0.0418535,0,16.2299,0.536698,10.1478,21.1056,50.2808,0.261715,0.0099589
74664,305823744,9.86227,0.0344561,0.00704155,14.7778,0.528894,9.05362,20.9104,51.2008,0.25059,0.0100911
74688,305922048,9.8613,0.066375,0.0116144,17.2556,0.549209,11.355,21.7891,53.6791,0.259345,0.00989787
74712,306020352,9.86074,0.0597222,0,14.3916,0.455418,9.05655,20.8447,49.9878,0.255584,0.0101929
74736,306118656,9.86009,0.0301898,0,15.043,0.474626,8.88786,20.4173,47.7779,0.260395,0.0101827
74760,306216960,9.86133,0.0492023,0.00751409,17.2859,0.511391,10.6067,21.058,50.5769,0.254284,0.0101522
74784,306315264,9.86312,0.0640063,0.00587257,14.7725,0.511163,8.46315,20.581,45.1547,0.253512,0.00992839
74808,306413568,9.86316,0.0598415,0.00467609,15.7727,0.507733,10.0642,21.211,49.1613,0.250725,0.00962321
74832,306511872,9.86284,0.0875647,0.0176586,15.921,0.511015,10.1339,20.9977,48.8901,0.25561,0.0091451
74856,306610176,9.86313,0.0443418,0,13.7418,0.490259,8.1192,21.1216,50.6251,0.258604,0.00877889
74880,306708480,9.86267,0.0835322,0,15.9801,0.546156,9.83996,20.8819,49.4577,0.264281,0.00860596
74904,306806784,9.86203,0.0471398,0.0253299,14.5908,0.472319,9.06303,20.8394,44.8766,0.25665,0.00861613
74928,306905088,9.86165,0.067336,0,15.9112,0.511465,9.27771,21.2355,50.769,0.260535,0.00829061
74952,307003392,9.86184,0.0530836,0.0161633,16.6551,0.503489,11.3132,21.0966,52.3391,0.26428,0.00790405
74976,307101696,9.86197,0.074479,0.033438,15.6961,0.580103,8.84979,20.4494,49.4514,0.26238,0.00795492
75000,307200000,9.86267,0.0563147,0.00990753,16.3202,0.485423,9.76631,21.0568,51.6298,0.266196,0.00768026
75024,307298304,9.8627,0.0720073,0.00815365,13.5454,0.473825,7.89785,20.9709,47.9176,0.254094,0.00706991
75048,307396608,9.86305,0.0752079,0.00545504,15.6355,0.527504,9.41796,21.0147,49.8141,0.249781,0.0065918
75072,307494912,9.86323,0.0407385,0,14.9982,0.55386,8.7946,20.5093,46.3675,0.254089,0.00681559
75096,307593216,9.86299,0.130462,0.0736865,13.4325,0.499646,7.38378,20.8018,46.9601,0.25611,0.00678507
75120,307691520,9.86332,0.0509676,0.00413553,15.1422,0.525033,9.93827,20.7288,50.0314,0.259106,0.00683594
75144,307789824,9.86329,0.0597426,0.0397429,15.4732,0.507289,9.40621,20.7392,47.541,0.260357,0.00670369
75168,307888128,9.86322,0.0823682,0.0519238,14.1786,0.45728,7.94669,20.3128,47.8429,0.261071,0.00664266
75192,307986432,9.86351,0.0590069,0.0331412,14.7732,0.508008,8.75274,20.8594,48.9791,0.247021,0.0065918
75216,308084736,9.86375,0.0523301,0.021446,15.6006,0.517959,9.73596,20.7126,50.3688,0.25991,0.00654093
75240,308183040,9.86423,0.0357847,0.0115001,16.7717,0.500131,9.19929,20.5808,50.3179,0.276616,0.00645955
75264,308281344,9.86409,0.0352423,0,16.5507,0.497168,9.9926,21.0414,48.1228,0.263461,0.00644938
75288,308379648,9.86435,0.0409711,0.00441084,14.1619,0.532017,8.24207,20.3478,45.7421,0.268049,0.00637817
75312,308477952,9.86305,0.0768283,0.042311,15.59,0.511527,9.77754,20.8815,50.7313,0.255607,0.00634766
75336,308576256,9.86271,0.0551943,0.00646447,15.1805,0.495704,8.82359,20.7501,45.8449,0.261156,0.00640869
75360,308674560,9.86263,0.085289,0.0101137,15.3413,0.543188,9.76847,20.8205,47.8452,0.256427,0.00675456
75384,308772864,9.86278,0.0714463,0.0209247,15.2,0.482689,8.73673,20.8367,47.9384,0.257985,0.00683594
75408,308871168,9.86405,0.0921493,0.0108207,14.9083,0.478673,8.75758,21.0238,48.6079,0.250871,0.00683594
75432,308969472,9.86419,0.0729927,0.00540614,16.1964,0.487304,10.0989,20.73,46.714,0.253091,0.00689697
75456,309067776,9.86401,0.0437325,0.00851202,17.6424,0.593266,11.7219,21.2176,53.9574,0.256006,0.00708008
75480,309166080,9.86376,0.0440562,0.0171135,17.6838,0.512397,10.3199,21.2964,53.7097,0.257393,0.00704956
75504,309264384,9.8638,0.0522526,0.0330354,16.1872,0.526859,9.88496,20.8523,50.2622,0.258611,0.00668335
75528,309362688,9.86446,0.0471298,0,16.1069,0.526341,9.77117,20.6782,50.332,0.273262,0.0061849
75552,309460992,9.86413,0.0702542,0,15.1788,0.553749,9.99693,20.5434,48.3748,0.257919,0.0062561
75576,309559296,9.86516,0.0549345,0.00565052,14.4593,0.506307,8.54176,21.2908,49.0364,0.252181,0.0065918
75600,309657600,9.86596,0.0346188,0.00603404,14.4484,0.528117,9.20543,20.4428,47.8226,0.25864,0.0065918
75624,309755904,9.8662,0.0812311,0.00633714,15.9576,0.494862,9.25726,20.9554,50.0392,0.254055,0.00641886
75648,309854208,9.86568,0.0861606,0.025672,15.8838,0.472672,10.1341,20.8151,49.0272,0.25703,0.00643921
75672,309952512,9.86516,0.0404261,0.0167304,13.567,0.499407,7.18746,20.1602,41.1148,0.27207,0.00631714
75696,310050816,9.86484,0.0546838,0.0158838,15.9154,0.545668,9.45465,20.7636,46.0105,0.263292,0.00646973
75720,310149120,9.86582,0.073145,0.0163418,15.9887,0.479987,10.0896,20.8395,47.9141,0.256714,0.00639852
75744,310247424,9.86663,0.0743048,0.0056243,14.187,0.491339,8.26647,20.7948,47.4544,0.256678,0.00642904
75768,310345728,9.86582,0.0701662,0.0132001,17.3876,0.511007,10.9696,21.056,48.8159,0.256381,0.00640869
75792,310444032,9.86547,0.0598853,0.0116318,15.1243,0.505721,8.91469,20.9767,47.6929,0.266928,0.00634766
75816,310542336,9.86635,0.0589852,0.00589507,16.1194,0.509508,10.0251,20.9899,48.8082,0.263054,0.00600179
75840,310640640,9.86651,0.0202469,0.0102569,16.1099,0.53101,10.212,21.146,51.2095,0.259137,0.00623576
75864,310738944,9.86772,0.0448538,0.0104895,15.3612,0.471406,9.85997,20.8395,49.8578,0.260202,0.00634766
75888,310837248,9.86758,0.0289907,0.00738916,15.8726,0.565375,9.08065,21.1389,51.2375,0.258373,0.00613403
75912,310935552,9.86711,0.0263407,0.00411293,16.0429,0.527069,9.78354,20.9434,48.62,0.261197,0.00554403
75936,311033856,9.86609,0.0662447,0.0436409,15.0897,0.485695,8.93786,21.2459,49.7679,0.263919,0.00553385
75960,311132160,9.86614,0.03772,0.0140168,16.5236,0.539388,10.5881,21.3039,52.1162,0.26279,0.00528971
75984,311230464,9.86594,0.0763565,0.0120929,14.7825,0.489608,8.68032,20.4232,45.2462,0.257016,0.00512695
76008,311328768,9.86631,0.064488,0.0148077,14.1953,0.500912,8.62058,20.6674,46.8899,0.266709,0.00512695
76032,311427072,9.86609,0.064751,0.0201992,15.3143,0.486466,9.38916,21.0715,52.6021,0.250199,0.00512695
76056,311525376,9.86417,0.0309808,0,15.9027,0.523522,9.63777,21.4065,48.0192,0.258403,0.00527954
76080,311623680,9.86385,0.0725605,0.00635561,16.3285,0.508335,10.4199,21.7311,52.4597,0.260693,0.00512695
76104,311721984,9.8637,0.0502859,0.0274763,14.6411,0.451715,8.60056,20.9917,46.1049,0.253115,0.00504557
76128,311820288,9.86459,0.116113,0.0237735,15.3938,0.47689,9.11789,20.9621,49.1291,0.26581,0.00486247
76152,311918592,9.8645,0.0371184,0,14.1484,0.477936,8.50674,20.9484,48.5883,0.258694,0.00456746
76176,312016896,9.86481,0.0404066,0.0118954,15.2423,0.482477,9.01909,20.8826,48.5413,0.266029,0.00418091
76200,312115200,9.8651,0.0609856,0.0285302,15.9537,0.539842,9.90896,21.157,51.8449,0.257323,0.00435384
76224,312213504,9.86495,0.0758462,0.025315,14.0881,0.499254,7.86689,20.5386,44.0331,0.250997,0.00439453
76248,312311808,9.86568,0.046426,0.00622337,15.9449,0.547613,9.7207,21.4409,49.7321,0.255873,0.00444539
76272,312410112,9.86577,0.0651849,0.0130813,15.8841,0.489695,9.65221,21.6335,51.4098,0.270472,0.00439453
76296,312508416,9.86634,0.0664439,0.0225709,16.7576,0.526843,10.2383,21.016,49.2929,0.256044,0.00428263
76320,312606720,9.8679,0.0525832,0.0219631,13.2841,0.49475,7.62714,20.8265,47.3085,0.263942,0.00415039
76344,312705024,9.86912,0.0477386,0,15.1675,0.549804,9.87901,21.8169,50.8543,0.264602,0.00400798
76368,312803328,9.86938,0.0646203,0.00496853,15.6471,0.527866,9.78834,21.1303,51.6933,0.263166,0.00366211
76392,312901632,9.86943,0.0430372,0,15.6994,0.454336,9.02371,21.3275,51.2493,0.260739,0.00366211
76416,312999936,9.86962,0.129077,0.0410687,15.8097,0.468251,10.2787,21.4195,50.2619,0.274197,0.00366211
76440,313098240,9.8699,0.077656,0,16.7687,0.506604,10.6036,21.4966,52.7784,0.261314,0.00366211
76464,313196544,9.8697,0.0406572,0.0101185,14.8985,0.485081,9.33333,21.5174,52.128,0.257323,0.00366211
76488,313294848,9.86964,0.0381625,0,16.0541,0.49364,10.2248,21.6888,49.3223,0.261672,0.00389608
76512,313393152,9.87061,0.0547696,0.010208,15.2083,0.512388,9.71181,21.3622,51.1866,0.253181,0.00390625
76536,313491456,9.87026,0.0439236,0,16.5702,0.505934,10.8053,21.5689,51.5582,0.263184,0.00390625
76560,313589760,9.86979,0.080905,0.0296178,16.2999,0.547883,9.18835,21.7515,53.5488,0.259964,0.0035909
76584,313688064,9.87018,0.0500583,0.0253796,14.8122,0.481644,9.02291,21.3701,50.5267,0.260135,0.00341797
76608,313786368,9.87016,0.137041,0.0210394,15.6196,0.567052,9.34189,21.8986,51.4061,0.256942,0.00360107
76632,313884672,9.87065,0.0841379,0.0325306,15.9463,0.513249,9.25299,22.0308,53.1639,0.267677,0.00356038
76656,313982976,9.87088,0.0469244,0,14.7457,0.534963,8.9898,21.5616,45.6702,0.273318,0.00336711
76680,314081280,9.87133,0.0592055,0,16.142,0.469139,9.60931,21.7776,48.5753,0.261002,0.00319417
76704,314179584,9.87246,0.0258752,0.00747464,13.6236,0.455618,8.2106,20.9133,45.3719,0.260043,0.00317383
76728,314277888,9.87258,0.112765,0,15.6643,0.532112,9.85427,21.5796,49.9193,0.263924,0.00271606
76752,314376192,9.87217,0.0339938,0.00703518,17.3651,0.547396,9.53214,21.6855,50.3072,0.255614,0.00260417
76776,314474496,9.87257,0.133587,0.0206327,14.6936,0.476815,8.94359,21.2628,47.9741,0.272877,0.00244141
76800,314572800,9.87247,0.0749628,0,14.2733,0.473901,8.21354,21.2317,47.5011,0.258627,0.00244141
76824,314671104,9.87262,0.0439432,0.00456398,16.0264,0.507743,10.0513,21.4928,47.8333,0.254976,0.00229899
76848,314769408,9.87191,0.0550418,0.0358693,17.02,0.533585,11.3605,22.756,56.233,0.254945,0.00198364
76872,314867712,9.8714,0.102357,0.101332,13.7072,0.509524,8.03315,21.5363,44.3905,0.259835,0.00216675
76896,314966016,9.87124,0.0732363,0.015361,15.2675,0.488695,9.44629,22.1808,53.1194,0.264641,0.00219727
76920,315064320,9.87145,0.0662879,0.00853138,14.5908,0.430643,9.24711,21.492,48.6194,0.26329,0.00219727
76944,315162624,9.8707,0.0781775,0.013743,12.5699,0.461918,7.19623,21.216,44.6266,0.260818,0.00195312
76968,315260928,9.87115,0.104946,0.00446977,14.4594,0.477899,8.36627,21.5027,45.7314,0.260602,0.00217692
76992,315359232,9.8709,0.0529996,0.0151686,14.8643,0.505134,8.85544,21.9187,49.345,0.267187,0.00219727
77016,315457536,9.87024,0.0986281,0.0538117,16.5933,0.518644,10.3717,21.6778,48.5322,0.26643,0.00219727
77040,315555840,9.87191,0.0528934,0.0117253,14.1189,0.487386,8.28085,21.5616,46.4899,0.26627,0.0021464
77064,315654144,9.87228,0.0688853,0.0085473,15.6574,0.529669,9.26742,21.3307,46.874,0.257534,0.00195312
77088,315752448,9.87287,0.0539309,0.00629666,18.0196,0.492967,10.8148,22.2652,53.8212,0.256997,0.00195312
77112,315850752,9.87357,0.0940341,0.0129098,15.0435,0.465472,8.6781,21.6729,48.2601,0.259758,0.00208537
77136,315949056,9.87384,0.0636314,0.016049,14.8272,0.513835,8.77272,21.6975,49.4995,0.26378,0.00219727
77160,316047360,9.87399,0.0599788,0.019276,14.5594,0.485188,8.54406,22.2179,49.0834,0.266564,0.00219727
77184,316145664,9.87429,0.034913,0,15.6382,0.556391,8.98366,21.6984,44.7007,0.25846,0.00215658
77208,316243968,9.87442,0.0838597,0,14.9793,0.488114,8.95099,21.949,48.9254,0.26447,0.00195312
77232,316342272,9.87558,0.0469619,0.00695341,15.475,0.508236,9.13194,21.7417,45.5711,0.259961,0.00193278
77256,316440576,9.87566,0.0541324,0.0203656,15.71,0.50916,8.90046,22.0733,48.2013,0.261128,0.00195312
77280,316538880,9.87538,0.0636868,0.0207818,14.1158,0.510875,7.98805,22.6029,47.6065,0.263874,0.00195312
77304,316637184,9.8752,0.103991,0.0243794,14.9024,0.499044,9.04969,22.5926,51.5883,0.263004,0.00195312
77328,316735488,9.8749,0.0510357,0.0096691,16.1116,0.476103,10.3226,22.4627,50.1557,0.267608,0.00195312
77352,316833792,9.87505,0.036433,0.00629723,16.5722,0.546032,10.1036,22.266,49.956,0.266015,0.00195312
77376,316932096,9.87518,0.0589177,0.00766179,13.4601,0.488546,7.07101,22.2498,47.3901,0.268224,0.00204468
77400,317030400,9.8756,0.0791734,0.0247746,15.7558,0.535417,9.33115,22.3664,47.4004,0.258713,0.00219727
77424,317128704,9.87582,0.0613436,0.023901,16.4721,0.485382,9.66529,22.4298,47.8299,0.268907,0.00219727
77448,317227008,9.87549,0.0804809,0.00514734,16.967,0.515365,10.6128,22.4516,50.3775,0.256466,0.00220744
77472,317325312,9.8756,0.097352,0.00690131,14.5495,0.491557,8.1899,22.0443,46.9668,0.25739,0.00213623
77496,317423616,9.87559,0.0572241,0.0297226,15.5425,0.471087,9.76251,22.8851,51.2052,0.270014,0.00219727
77520,317521920,9.87633,0.076011,0.0241395,14.9993,0.479185,8.80565,22.5729,51.8023,0.274632,0.00219727
77544,317620224,9.87668,0.112618,0.00668928,15.2261,0.478146,8.81956,22.5233,48.2186,0.262742,0.00219727
77568,317718528,9.87718,0.0644949,0.0077951,14.5176,0.471102,9.07135,22.4689,47.4439,0.267891,0.00219727
77592,317816832,9.87717,0.0627781,0.0155658,14.2936,0.483349,7.85051,22.2956,47.1945,0.265951,0.00217692
77616,317915136,9.87678,0.0361622,0.00678349,14.1133,0.499659,7.31142,22.7658,47.6755,0.259543,0.00210571
77640,318013440,9.877,0.0229026,0,15.3473,0.503372,9.24505,23.0915,50.7746,0.262412,0.00219727
77664,318111744,9.87691,0.0779192,0.00482803,14.9025,0.484871,8.76606,22.3939,49.9734,0.256556,0.00219727
77688,318210048,9.87715,0.0668323,0.0392927,14.4222,0.56281,7.8832,22.4682,47.5956,0.27296,0.00201416
77712,318308352,9.8772,0.0619342,0.00690052,16.5909,0.534294,10.3668,23.007,51.5295,0.271542,0.00195312
77736,318406656,9.87709,0.0706751,0,15.414,0.481245,9.04068,22.4767,53.5491,0.26602,0.00195312
77760,318504960,9.87681,0.0829008,0.0295165,14.5991,0.487157,8.36204,22.6293,48.6629,0.264373,0.00195312
77784,318603264,9.8769,0.0184627,0,14.5692,0.497978,7.92389,22.3923,43.4838,0.264708,0.00209554
77808,318701568,9.87719,0.0944114,0.0171412,14.1331,0.476837,8.14633,22.8832,49.9017,0.257127,0.00219727
77832,318799872,9.87713,0.0721509,0,14.5142,0.526161,8.48981,22.6354,47.264,0.263334,0.00219727
77856,318898176,9.87673,0.0836206,0.0299316,15.5423,0.513207,9.02692,22.814,49.4786,0.26247,0.0021464
77880,318996480,9.8758,0.0970974,0.0218221,15.1263,0.475504,8.87601,22.7575,52.9309,0.261364,0.00204468
77904,319094784,9.8766,0.1,0.0245506,13.1756,0.494145,7.17255,22.4603,46.9665,0.267259,0.00219727
77928,319193088,9.87682,0.0740741,0.0593878,15.6951,0.501667,8.78937,22.9278,48.8171,0.265693,0.00220744
77952,319291392,9.87682,0.0732997,0.00363382,15.8475,0.529043,9.8136,23.0851,50.9821,0.266341,0.00241089
77976,319389696,9.87681,0.085628,0.00924805,13.8255,0.469587,7.59596,21.5372,43.3256,0.263394,0.0025533
78000,319488000,9.87695,0.0330714,0,15.452,0.529877,8.6682,22.6583,48.0656,0.256728,0.00310262
78024,319586304,9.87828,0.0807787,0.00445038,15.1761,0.512874,9.02744,22.7673,48.6177,0.267269,0.00320435
78048,319684608,9.87878,0.0739062,0.00788288,15.5273,0.534131,9.0422,23.3516,50.7555,0.259288,0.00341797
78072,319782912,9.87822,0.0608176,0.00368053,15.6466,0.507733,9.41127,23.3827,52.4162,0.266204,0.00341797
78096,319881216,9.87793,0.103822,0,14.9315,0.467183,9.37378,22.7927,48.4347,0.265551,0.00346883
78120,319979520,9.87836,0.0736677,0.00439698,16.4368,0.491155,10.3986,22.7182,49.3578,0.256718,0.00344849
78144,320077824,9.87804,0.0615836,0.00802829,14.2615,0.49866,8.15825,22.3374,49.8605,0.262899,0.00341797
78168,320176128,9.87834,0.113153,0.0104993,15.4931,0.49296,8.91793,22.3261,51.7834,0.267361,0.00362142
78192,320274432,9.87782,0.0912209,0.0281885,14.6495,0.498414,8.58552,22.8854,49.9489,0.276114,0.0037028
78216,320372736,9.87722,0.100091,0.0212815,14.132,0.504948,8.04582,22.5365,48.2857,0.267164,0.00415039
78240,320471040,9.87692,0.0963452,0.00688705,12.8755,0.442166,6.79696,22.14,44.9886,0.25803,0.00400798
78264,320569344,9.87675,0.0813937,0,13.6947,0.457926,7.94105,22.6873,51.0674,0.264122,0.0039266
78288,320667648,9.87731,0.057895,0.0244574,13.7065,0.510792,7.22955,22.8149,49.4773,0.274734,0.0042216
78312,320765952,9.8778,0.0489334,0.00691495,17.1761,0.502349,11.6481,22.7799,51.8616,0.258898,0.00460815
78336,320864256,9.87794,0.097019,0.0650519,15.4346,0.495746,9.66572,22.544,49.5083,0.2731,0.00512695
78360,320962560,9.87761,0.0886899,0.0118332,13.443,0.460619,7.51186,22.4765,45.6427,0.27417,0.00512695
78384,321060864,9.87756,0.0942303,0.0180227,14.383,0.500548,8.14911,22.3897,49.0372,0.262188,0.00502523
78408,321159168,9.87792,0.0910407,0.0444238,15.0312,0.507859,9.58698,23.4134,53.8501,0.260639,0.00512695
78432,321257472,9.87854,0.0696721,0.0184374,15.505,0.516024,9.59819,23.0067,50.4459,0.271204,0.00505575
78456,321355776,9.87857,0.0388438,0.0164435,15.5414,0.465133,9.07279,22.8922,52.0736,0.270481,0.00488281
78480,321454080,9.87865,0.0679778,0.0294334,15.7423,0.510547,8.70886,22.4107,48.2387,0.267714,0.00479126
78504,321552384,9.8789,0.0979759,0.0409177,15.3004,0.506543,8.98153,22.7794,50.8978,0.268675,0.00463867
78528,321650688,9.87809,0.0595738,0.0302879,17.1026,0.515435,10.6729,22.6436,52.8905,0.280049,0.00463867
78552,321748992,9.8788,0.0673755,0.0174034,15.8473,0.499332,9.82942,22.1407,50.57,0.281132,0.00485229
78576,321847296,9.87928,0.122179,0.0330571,15.5893,0.500356,9.41479,23.0033,52.098,0.264456,0.00488281
78600,321945600,9.87952,0.0739953,0.0394152,15.6329,0.480694,9.40023,22.594,48.9624,0.271733,0.00488281
78624,322043904,9.88055,0.073422,0.0422857,15.481,0.476073,10.2851,22.7798,50.794,0.273356,0.00464884
78648,322142208,9.88205,0.0348278,0.00841136,14.9334,0.53368,8.61376,22.2563,47.7738,0.26916,0.00463867
78672,322240512,9.88133,0.073133,0.0321219,15.3089,0.502547,9.33133,22.6393,55.6584,0.276502,0.00463867
78696,322338816,9.88101,0.0785634,0,15.5021,0.465515,9.52562,21.7988,48.6523,0.275574,0.00463867
78720,322437120,9.88069,0.0788952,0.0300849,16.7083,0.505604,10.3705,22.5989,52.7263,0.264735,0.00486247
78744,322535424,9.8803,0.0810763,0.0078766,15.4586,0.456905,9.3101,22.2872,49.7786,0.259082,0.00491333
78768,322633728,9.87939,0.108293,0.0207921,12.9507,0.450985,7.50742,22.0251,47.9077,0.280118,0.00512695
78792,322732032,9.87922,0.0727561,0.0147679,14.2676,0.484489,8.28251,21.5887,49.4378,0.272303,0.00490316
78816,322830336,9.87924,0.0649068,0.0422622,15.1299,0.496814,9.11029,22.3414,47.3378,0.270225,0.00488281
78840,322928640,9.87898,0.0431926,0.0192421,15.2106,0.504299,9.11665,22.4415,50.226,0.275133,0.00488281
78864,323026944,9.87965,0.0366166,0.0131492,13.9816,0.478469,7.85355,22.117,46.7092,0.274158,0.00488281
78888,323125248,9.88005,0.085793,0.00827586,17.9072,0.567298,11.0204,22.5395,51.3674,0.277539,0.00523885
78912,323223552,9.88102,0.0514561,0.0274864,16.8472,0.483435,10.9707,22.2431,50.7325,0.271935,0.00537109
78936,323321856,9.88065,0.0963046,0.0148951,14.8928,0.481734,8.75826,21.9469,43.9292,0.271225,0.00527954
78960,323420160,9.88138,0.112063,0.0449841,14.9254,0.480237,8.76849,22.4454,50.7813,0.272186,0.00519816
78984,323518464,9.88169,0.0417583,0.0352017,14.7975,0.481533,8.83299,22.2729,50.9997,0.275996,0.00517782
79008,323616768,9.88229,0.0393215,0.00695249,14.5098,0.476573,8.65664,22.1714,49.2804,0.272805,0.00512695
79032,323715072,9.88304,0.062361,0.0292081,14.7136,0.511878,8.40315,22.0279,47.3327,0.270722,0.00501506
79056,323813376,9.88354,0.049798,0,16.6101,0.524322,10.4062,22.8826,52.6399,0.2843,0.00506592
79080,323911680,9.88384,0.0333952,0.00563925,16.128,0.511024,10.0544,22.5566,53.0467,0.261433,0.0054423
79104,324009984,9.88392,0.0478171,0.0108375,16.151,0.464348,10.04,22.3033,49.4106,0.275813,0.00548299
79128,324108288,9.8833,0.0416799,0,16.4284,0.526704,9.30583,21.3751,47.6647,0.268834,0.00537109
79152,324206592,9.88393,0.0379276,0.0132964,16.5683,0.565304,10.5043,22.2225,52.9373,0.270311,0.00548299
79176,324304896,9.88379,0.0633832,0.00455765,15.4448,0.512217,9.65657,22.6057,48.9852,0.272381,0.00537109
79200,324403200,9.88365,0.0377628,0.0184237,15.2767,0.512384,9.30589,22.6202,50.7954,0.269034,0.0053304
79224,324501504,9.88292,0.0540176,0.0224124,16.5967,0.535777,10.6192,22.592,53.0553,0.273892,0.00537109
79248,324599808,9.88367,0.0532546,0.0180087,14.1809,0.463808,7.94816,22.1527,47.9888,0.269611,0.00537109
79272,324698112,9.88482,0.0751613,0.0383509,13.5849,0.49757,7.87348,21.912,43.8845,0.270534,0.00526937
79296,324796416,9.8856,0.0612395,0.0145094,14.5375,0.491432,8.48662,22.1467,48.9093,0.276162,0.00497437
79320,324894720,9.886,0.0638031,0.0328817,15.0508,0.506252,8.62081,22.3556,48.8125,0.269859,0.0045166
79344,324993024,9.88535,0.0878974,0.00587544,14.4766,0.506916,7.99152,21.7891,45.7324,0.273591,0.00458781
79368,325091328,9.88526,0.0644117,0.0122528,14.5006,0.511576,9.0042,22.4589,51.0145,0.269754,0.00463867
79392,325189632,9.88524,0.0811312,0.0299772,16.4127,0.526424,9.64539,22.5109,50.8601,0.282635,0.0047404
79416,325287936,9.88618,0.0227544,0.00674103,15.7652,0.49626,10.1701,22.7342,52.5458,0.270218,0.00508626
79440,325386240,9.88638,0.0642183,0,15.9869,0.50228,9.76648,22.4516,53.151,0.263844,0.00512695
79464,325484544,9.88659,0.104757,0.0285315,14.7167,0.491584,8.36098,21.6416,46.1268,0.272143,0.00512695
79488,325582848,9.88579,0.0440675,0.0260135,14.3413,0.439618,8.32218,22.2252,47.8538,0.272545,0.00512695
79512,325681152,9.88419,0.0937419,0.0549013,15.0781,0.479764,8.52008,22.6143,49.1663,0.265968,0.00577799
79536,325779456,9.88348,0.0363701,0.00734587,16.9826,0.50427,10.4039,22.5798,50.7978,0.274546,0.00605265
79560,325877760,9.8828,0.061137,0.0312919,17.0178,0.478467,10.2899,22.1565,51.5037,0.270072,0.00585938
79584,325976064,9.88183,0.0634581,0.0171896,16.6853,0.516194,11.2311,22.9999,55.4182,0.275599,0.00590006
79608,326074368,9.88044,0.0772132,0.00942959,14.7059,0.50177,7.98074,22.4315,50.3131,0.27237,0.00612386
79632,326172672,9.87965,0.0502836,0.0146179,15.9064,0.535208,8.84662,22.3701,47.6413,0.267853,0.00634766
79656,326270976,9.88027,0.0646736,0.0279702,16.521,0.540706,8.45607,22.5681,48.4233,0.277692,0.00634766
79680,326369280,9.88087,0.0294505,0,13.6903,0.461195,8.11027,22.3355,49.4667,0.266523,0.00634766
79704,326467584,9.8816,0.0877147,0.0154062,14.6068,0.506481,8.27472,22.3526,48.0855,0.277315,0.00628662
79728,326565888,9.88223,0.0544424,0.0107292,15.1428,0.467366,8.82896,22.1779,48.4,0.268214,0.00610352
79752,326664192,9.88257,0.0669095,0.0322143,14.4856,0.474279,8.37233,22.5914,50.1301,0.273444,0.00600179
79776,326762496,9.88243,0.0400388,0.017762,15.0908,0.507158,8.94217,22.7274,52.8069,0.273865,0.00652059
79800,326860800,9.88196,0.0869228,0.0229461,14.9559,0.506282,9.00376,22.3241,50.4633,0.267781,0.00675456
79824,326959104,9.88145,0.0783993,0.00475576,15.629,0.509615,9.42278,22.5723,49.5153,0.272997,0.00716146
79848,327057408,9.88179,0.0817268,0.00515198,17.4834,0.475595,10.3296,22.8482,53.9988,0.278134,0.00776164
79872,327155712,9.88081,0.0452949,0.0183262,15.6596,0.509617,9.62062,22.4491,48.5623,0.276219,0.00811768
79896,327254016,9.87955,0.0913174,0.0254208,16.2225,0.519352,9.50449,22.6718,48.6732,0.274252,0.00820923
79920,327352320,9.87865,0.0593938,0.00786394,15.7931,0.524805,9.65742,22.6189,48.4314,0.278032,0.00830078
79944,327450624,9.87795,0.128352,0.0383842,16.1364,0.477201,9.71424,22.9466,53.0768,0.275199,0.0085144
79968,327548928,9.87859,0.0806181,0.0112061,14.8409,0.516313,9.46729,22.4848,50.3168,0.280248,0.00859578
79992,327647232,9.87854,0.0671812,0.0276344,14.138,0.469777,7.89756,22.8116,50.0441,0.277541,0.00841268
80016,327745536,9.87794,0.0717319,0.0255498,13.504,0.485843,7.36021,22.1243,46.3085,0.274656,0.0084432
80040,327843840,9.87761,0.0671024,0.0359074,14.7363,0.518898,8.76673,22.7207,48.7415,0.278871,0.00866699
80064,327942144,9.87762,0.0551914,0.00808664,15.826,0.499393,10.3784,22.2556,47.3483,0.270814,0.0084432
80088,328040448,9.87737,0.102814,0.0596534,14.0236,0.504517,8.12899,22.0904,48.617,0.279275,0.00814819
80112,328138752,9.87686,0.123302,0.0455856,13.9934,0.470805,8.37326,22.5706,48.1695,0.276534,0.00805664
80136,328237056,9.87662,0.0532066,0.0437637,17.0157,0.539181,10.9262,22.6447,50.0952,0.27587,0.00805664
80160,328335360,9.87753,0.0990576,0.0186359,15.8965,0.487193,9.56157,22.602,51.018,0.27532,0.0081075
80184,328433664,9.87722,0.0640647,0.0208934,13.6881,0.454513,8.08364,22.169,46.6466,0.265207,0.00830078
80208,328531968,9.87621,0.068608,0.0239785,14.1246,0.498886,8.14365,22.3789,49.0566,0.266981,0.00797526
80232,328630272,9.87664,0.0533486,0.0157083,14.6028,0.548385,7.71682,22.1573,45.901,0.281459,0.00802612
80256,328728576,9.87663,0.0938853,0.0124682,14.7447,0.474723,8.32463,22.4316,51.744,0.267011,0.00809733
80280,328826880,9.87605,0.0454741,0.0101171,14.3919,0.488379,8.4026,22.8711,50.3681,0.275304,0.00830078
80304,328925184,9.87474,0.0404949,0.0125168,15.0794,0.524986,9.03967,22.1203,48.6256,0.264101,0.00830078
80328,329023488,9.87555,0.0716443,0,17.0029,0.470013,10.3242,22.595,50.8103,0.275881,0.00809733
80352,329121792,9.87672,0.0760255,0.0165107,14.8994,0.486017,9.25756,23.1426,51.989,0.272377,0.0078125
80376,329220096,9.87653,0.0636959,0.0163775,14.9719,0.462554,8.51905,22.3621,47.8653,0.269865,0.00778198
80400,329318400,9.8759,0.0568029,0.007106,15.1449,0.522038,8.90037,22.7086,49.1195,0.273996,0.00738525
80424,329416704,9.87513,0.0693586,0.0210388,15.1273,0.509378,8.95912,22.2323,49.073,0.27653,0.00714111
80448,329515008,9.87496,0.0781227,0,13.7028,0.492235,7.65485,22.2088,45.6111,0.275096,0.00757853
80472,329613312,9.87415,0.0942937,0.0307995,15.8535,0.541525,9.58836,22.3208,48.9609,0.271308,0.00849406
80496,329711616,9.8741,0.0831067,0.0194589,15.2375,0.463919,8.71729,22.4007,50.1109,0.27353,0.0084432
80520,329809920,9.87436,0.0701127,0.0483625,14.9229,0.461881,8.94602,22.4431,50.7736,0.275274,0.00767008
80544,329908224,9.87497,0.0560014,0,15.8603,0.526982,10.0377,22.8222,53.5269,0.26683,0.00760905
80568,330006528,9.87511,0.0948535,0.0138903,15.9555,0.522518,7.67878,22.3503,48.4324,0.278708,0.0079244
80592,330104832,9.87415,0.0399094,0.00526697,15.8274,0.537024,10.1949,22.568,50.4209,0.278005,0.00839233
80616,330203136,9.87352,0.0688015,0.0226543,15.0976,0.482325,9.04672,22.313,46.3872,0.272746,0.00828044
80640,330301440,9.87335,0.0856821,0.0151995,15.9395,0.552598,10.1002,22.4166,52.9282,0.274756,0.00880941
80664,330399744,9.87334,0.0752029,0.0526642,13.9231,0.463278,7.73275,21.7193,45.9823,0.268829,0.00907389
80688,330498048,9.87361,0.0884664,0.0194805,15.3332,0.480049,9.05152,22.3873,52.2066,0.271315,0.00927734
80712,330596352,9.87341,0.0567659,0.0160242,15.4934,0.492766,9.19995,22.546,53.1904,0.274249,0.00927734
80736,330694656,9.87234,0.0811692,0.004694,16.7195,0.482369,10.6463,22.8336,54.7575,0.276472,0.0094401
80760,330792960,9.8725,0.0890441,0.0170233,14.7433,0.483259,8.75209,22.5127,49.0338,0.277147,0.00970459
80784,330891264,9.87195,0.0353956,0.0304059,15.9278,0.482683,10.2499,22.6536,56.578,0.268648,0.00958252
80808,330989568,9.87188,0.0914693,0.0177362,14.5376,0.489405,8.28905,21.9183,47.4727,0.271609,0.00975545
80832,331087872,9.87162,0.0557656,0,15.7372,0.495767,9.15141,22.6739,51.1044,0.273968,0.00949097
80856,331186176,9.87202,0.0563191,0.034823,14.8777,0.493198,9.05327,22.3552,49.6705,0.265785,0.00901286
80880,331284480,9.87216,0.0626271,0.0086145,16.394,0.49962,9.43256,22.151,50.8697,0.281069,0.00872803
80904,331382784,9.87243,0.0610576,0.0420975,14.5032,0.506544,8.22636,21.5338,43.514,0.276711,0.00860596
80928,331481088,9.87182,0.0569948,0.0126632,15.2426,0.482278,8.86965,22.3298,50.6936,0.27617,0.00868734
80952,331579392,9.87218,0.0805643,0.0415645,14.7876,0.500145,8.27186,22.3731,51.4101,0.279023,0.00841268
80976,331677696,9.87334,0.0954038,0.0103106,15.8862,0.479114,9.92926,21.9919,52.5197,0.278351,0.00812785
81000,331776000,9.87358,0.0581693,0.0164935,16.7917,0.521043,10.7115,22.4215,50.1605,0.280543,0.00818888
81024,331874304,9.87358,0.0680516,0.0349127,15.6226,0.506432,8.91705,21.8104,47.6129,0.28243,0.00807699
81048,331972608,9.8727,0.0685473,0.0290317,16.0121,0.522608,10.3164,22.5307,51.2255,0.275074,0.0080363
81072,332070912,9.87173,0.0873384,0,14.6198,0.49468,8.17775,22.1722,50.0522,0.281297,0.00835164
81096,332169216,9.87041,0.0400224,0.0191532,17.3198,0.509098,11.0222,22.6864,52.1389,0.275427,0.00898234
81120,332267520,9.87056,0.043588,0.00858553,15.1166,0.499268,8.7383,21.9674,43.6002,0.27174,0.0090332
81144,332365824,9.86981,0.0954824,0.0206556,14.7431,0.503975,9.21904,22.3062,52.5986,0.275143,0.00922648
81168,332464128,9.86968,0.0400358,0.0274037,13.8912,0.500793,7.54584,21.4676,44.8831,0.291183,0.00910441
81192,332562432,9.86908,0.0748099,0.0200934,18.5686,0.560946,11.5749,22.4685,52.731,0.268144,0.00945028
81216,332660736,9.86885,0.0687525,0.0142803,16.0346,0.505449,9.69402,22.3784,52.2489,0.269864,0.00947062
81240,332759040,9.86956,0.021082,0,14.4601,0.486918,8.33923,22.0408,48.2065,0.282656,0.00927734
81264,332857344,9.86878,0.062923,0.010341,15.0389,0.47496,8.96251,22.1927,49.6761,0.286324,0.00950114
81288,332955648,9.86896,0.0970997,0.0179135,14.8749,0.488892,9.0946,22.2799,49.6978,0.276115,0.00958252
81312,333053952,9.86925,0.0778348,0.034204,16.6114,0.454323,10.5616,22.5554,49.9484,0.28293,0.00976562
81336,333152256,9.86961,0.0955403,0.0562167,17.4753,0.50723,11.0669,22.2213,50.2621,0.28169,0.00990804
81360,333250560,9.86919,0.0662304,0.0311499,16.5457,0.485016,10.5737,22.8646,53.844,0.26801,0.0101013
81384,333348864,9.86894,0.0474542,0.00845451,17.941,0.543665,11.8942,22.6785,56.2641,0.27093,0.0103963
81408,333447168,9.86907,0.0615866,0.0251549,15.1754,0.510633,8.4136,22.2897,46.412,0.276087,0.011027
81432,333545472,9.86861,0.0803554,0.0164982,14.7243,0.464484,8.58556,21.8161,46.3885,0.27563,0.0117493
81456,333643776,9.86848,0.0873906,0.015274,15.7242,0.507873,10.6845,22.2569,47.977,0.273076,0.0111084
81480,333742080,9.86821,0.0589489,0.0133739,15.982,0.524205,9.8374,22.424,49.822,0.291756,0.0110677
81504,333840384,9.86812,0.0531166,0.00589913,15.6861,0.515521,9.67328,22.1453,49.5965,0.275789,0.0114746
81528,333938688,9.8686,0.0766653,0,14.2648,0.472319,8.36637,22.1206,44.9677,0.269096,0.0115153
81552,334036992,9.8677,0.0750044,0.0335731,14.3756,0.433552,8.04579,22.1292,50.4705,0.274777,0.0115967
81576,334135296,9.86789,0.0491553,0.0193209,14.7297,0.505933,8.61726,22.4966,48.8292,0.278374,0.0113424
81600,334233600,9.86846,0.0631156,0.00945971,16.2688,0.556449,9.83036,22.6054,50.1113,0.2808,0.0112305
81624,334331904,9.86897,0.0544611,0.0133435,15.207,0.526996,9.38509,22.3617,49.5171,0.27491,0.0114441
81648,334430208,9.86998,0.0924046,0.037112,15.2927,0.485869,8.71828,21.7,45.6887,0.274991,0.0108846
81672,334528512,9.87086,0.148243,0.0449294,13.4516,0.462869,7.67343,21.9767,45.8978,0.278814,0.0111084
81696,334626816,9.87121,0.114465,0.012095,14.1973,0.478965,8.19178,22.2293,47.2599,0.273671,0.0113118
81720,334725120,9.87117,0.0512495,0.0139127,17.2787,0.4559,11.1396,22.1574,48.5939,0.276375,0.0114746
81744,334823424,9.8713,0.080391,0.0197368,12.6894,0.436233,6.9105,22.0873,44.5842,0.277248,0.0113831
81768,334921728,9.8719,0.0517907,0.0109421,14.6488,0.469056,7.89767,21.9168,45.7383,0.274487,0.0110677
81792,335020032,9.872,0.053591,0.00583714,13.9583,0.470697,7.83469,22.2229,46.6707,0.272109,0.0110067
81816,335118336,9.87147,0.0629884,0.0209081,15.4604,0.487507,9.23744,22.6142,51.3068,0.271809,0.0107524
81840,335216640,9.87099,0.0723438,0.0128433,14.3998,0.473639,8.21914,22.2972,49.3625,0.285084,0.0109863
81864,335314944,9.87069,0.0931803,0.0271575,15.4257,0.512884,8.99527,22.4144,49.8437,0.291314,0.0109253
81888,335413248,9.86962,0.078534,0,14.807,0.433754,9.35368,22.2587,48.1299,0.276539,0.0104065
81912,335511552,9.86799,0.0551013,0.00915798,14.699,0.461012,9.08964,22.2873,50.5935,0.275068,0.0104675
81936,335609856,9.868,0.085356,0.00673854,16.6652,0.462308,10.1235,22.4567,50.3973,0.281016,0.0102641
81960,335708160,9.86799,0.0900202,0.0201092,14.313,0.443995,8.45038,22.2925,46.1851,0.265352,0.0105286
81984,335806464,9.86853,0.0866635,0.0337873,16.2747,0.468659,10.7994,23.0075,52.9203,0.282057,0.0107015
82008,335904768,9.87023,0.0554904,0.0180072,15.3241,0.485232,9.23534,22.8955,55.2215,0.282221,0.0106099
82032,336003072,9.87139,0.071525,0.00602531,13.3933,0.501767,7.56888,22.0689,44.2714,0.271485,0.0107218
82056,336101376,9.87119,0.0424947,0,13.9917,0.531553,8.0183,22.4843,48.1748,0.274672,0.0107117
82080,336199680,9.87051,0.0811312,0.0225284,15.8832,0.433854,10.1551,22.2756,53.3674,0.273712,0.0104675
82104,336297984,9.87026,0.0921968,0.058628,14.5079,0.425033,9.15486,22.8132,48.8583,0.272969,0.0103963
82128,336396288,9.87033,0.0384282,0.00844912,22.5812,0.566694,11.3331,23.1148,54.2623,0.27563,0.0105896
82152,336494592,9.8711,0.0972503,0.0257246,14.2155,0.46517,8.48315,22.2242,46.4583,0.283801,0.0104675
82176,336592896,9.87127,0.07729,0.0187617,16.2345,0.537019,10.4903,22.6752,50.8696,0.272109,0.010203
82200,336691200,9.87156,0.0580433,0,15.0687,0.480933,9.06535,22.0192,46.0326,0.280374,0.0100098
82224,336789504,9.87194,0.0894807,0.02731,15.81,0.47221,9.85679,22.6141,54.2427,0.278422,0.0100098
82248,336887808,9.87201,0.0689499,0.0339821,15.455,0.50904,9.56075,22.9071,52.8509,0.280642,0.0100098
82272,336986112,9.87274,0.0754378,0.0112267,15.4483,0.505106,9.20667,22.3757,46.4138,0.280776,0.00996908
82296,337084416,9.87268,0.0604091,0,15.2038,0.502914,8.47241,22.5592,49.1014,0.272507,0.0101115
82320,337182720,9.87246,0.110324,0.0549319,14.4963,0.458005,8.73202,23.1123,52.3925,0.294087,0.0102437
82344,337281024,9.873,0.109407,0.0584582,14.5214,0.469189,8.28975,22.0798,45.6362,0.281761,0.0100301
82368,337379328,9.87392,0.0944401,0.0271669,14.6434,0.478683,8.49597,22.4341,51.933,0.282036,0.009847
82392,337477632,9.874,0.0664361,0.01573,15.379,0.490815,9.27946,22.7045,50.8447,0.282226,0.00964355
82416,337575936,9.87398,0.0691406,0.0268251,14.5376,0.48813,8.58561,22.6802,49.513,0.270161,0.008962
82440,337674240,9.87461,0.0454758,0.0222576,14.4012,0.491342,8.82614,22.5511,50.5821,0.281342,0.00852458
82464,337772544,9.87475,0.0694188,0.0151351,15.1194,0.516455,8.71239,22.7365,49.346,0.268525,0.00871785
82488,337870848,9.87517,0.0861134,0,16.0605,0.467652,10.0272,22.6341,51.0875,0.276479,0.00796509
82512,337969152,9.87463,0.0617342,0.00510508,15.4163,0.495514,10.085,22.4108,49.8944,0.283582,0.00798543
82536,338067456,9.87443,0.0593543,0.0278601,14.3965,0.475928,7.73012,21.9134,45.9873,0.277081,0.00811768
82560,338165760,9.87565,0.12482,0.0321209,13.9739,0.46033,8.70533,21.9476,49.893,0.2769,0.00805664
82584,338264064,9.87603,0.0774215,0.0319602,14.61,0.46762,8.8454,22.3283,48.6087,0.27873,0.00786336
82608,338362368,9.87694,0.0720543,0,16.5582,0.484675,9.77606,22.4401,50.1116,0.27404,0.00772095
82632,338460672,9.87689,0.0648589,0.019685,15.5794,0.458187,9.86104,22.5302,50.8936,0.27285,0.00736491
82656,338558976,9.87715,0.0834378,0.00867858,15.082,0.480001,9.52812,22.3543,48.9733,0.272343,0.00746663
82680,338657280,9.87764,0.056084,0.0152715,14.7163,0.500757,8.85936,22.3895,47.8433,0.276619,0.0075175
82704,338755584,9.87772,0.0794576,0.0149755,14.6857,0.477772,8.6354,22.7372,52.0937,0.280819,0.00709025
82728,338853888,9.8781,0.0817586,0.0235047,15.0296,0.45552,9.67145,22.6598,50.5319,0.274329,0.00708008
82752,338952192,9.87774,0.0499795,0.0326889,14.505,0.443016,8.10413,22.5975,48.543,0.267726,0.00726318
82776,339050496,9.87852,0.0653382,0.0306934,14.4514,0.460911,9.02292,22.6007,51.462,0.277714,0.00747681
82800,339148800,9.8803,0.048844,0.00640117,15.273,0.443103,9.21586,22.7054,50.541,0.281053,0.00793457
82824,339247104,9.88057,0.0379702,0.0150674,15.4932,0.497082,9.2545,22.6256,51.3486,0.28237,0.00798543
82848,339345408,9.8801,0.0460644,0.0133276,14.9916,0.534533,8.73907,22.3086,48.0918,0.279194,0.00830078
82872,339443712,9.8802,0.0633236,0.0325694,15.3612,0.505669,9.58141,22.675,46.567,0.275734,0.00877889
82896,339542016,9.8802,0.0348446,0.0123381,14.8789,0.470529,8.96341,22.9153,50.9263,0.287008,0.00889079
82920,339640320,9.88065,0.0487994,0,16.1578,0.506262,9.80718,22.9398,52.7493,0.280445,0.00917562
82944,339738624,9.87973,0.0299749,0,15.6668,0.519988,9.31244,22.5431,49.8803,0.278349,0.00934855
82968,339836928,9.87924,0.03285,0,14.28,0.479955,8.0202,22.1914,47.4425,0.278098,0.00916545
82992,339935232,9.87957,0.0347711,0.0328667,15.2043,0.478912,9.17447,22.7548,50.9296,0.279539,0.00922648
83016,340033536,9.88044,0.0585538,0.0067731,14.7134,0.489597,8.97911,22.6573,51.0314,0.277712,0.00908407
83040,340131840,9.88073,0.0616237,0.0361,15.122,0.475105,8.86136,22.4584,46.5784,0.275662,0.00926717
83064,340230144,9.8803,0.0754327,0.0497991,14.5978,0.494337,8.46876,22.9878,49.6278,0.27758,0.00890096
83088,340328448,9.87999,0.0927605,0.0302847,15.942,0.48358,9.29428,22.9822,48.9633,0.26471,0.00904338
83112,340426752,9.88041,0.0266828,0.00523225,14.6816,0.467278,8.86237,22.5658,47.8247,0.268711,0.00927734
83136,340525056,9.88099,0.0255309,0.0151902,16.1234,0.545614,9.75808,23.111,51.427,0.274475,0.00907389
83160,340623360,9.88098,0.0782571,0.0505342,16.189,0.492695,9.66644,22.554,49.3719,0.279668,0.009257
83184,340721664,9.88188,0.0615824,0.0214631,15.1399,0.493228,9.67197,22.7519,50.7343,0.273499,0.00929769
83208,340819968,9.88295,0.0767304,0.0335149,13.6405,0.461222,7.9578,22.8303,51.1736,0.276897,0.00909424
83232,340918272,9.88284,0.0871144,0.0282869,14.009,0.478415,8.02416,22.6985,51.459,0.2813,0.0090332
83256,341016576,9.88157,0.0557169,0.00944712,14.2901,0.469364,8.31081,22.8995,51.2812,0.290601,0.0086263
83280,341114880,9.88139,0.0614603,0.0130726,14.7912,0.489076,7.99054,22.3381,46.827,0.270651,0.00819906
83304,341213184,9.88237,0.0300457,0.00815499,16.6528,0.494288,10.1487,23.1171,50.9014,0.274401,0.00820923
83328,341311488,9.88341,0.049778,0.0177824,15.5253,0.506434,9.54996,22.9387,51.3544,0.279652,0.00834147
83352,341409792,9.88361,0.0700403,0.0292958,16.3252,0.48695,10.538,23.3663,52.1791,0.284631,0.00854492
83376,341508096,9.8834,0.0964076,0.0245604,15.3241,0.491674,8.80565,22.9479,52.2926,0.278729,0.00845337
83400,341606400,9.88245,0.0790458,0.0172801,14.653,0.477923,8.715,22.451,48.0334,0.284778,0.00830078
83424,341704704,9.88299,0.105843,0.0761019,15.6773,0.451009,10.309,23.0272,51.3711,0.283475,0.00830078
83448,341803008,9.8842,0.0434016,0.0206222,14.4436,0.476221,8.26028,22.9341,47.7879,0.271898,0.00791423
83472,341901312,9.88449,0.088133,0.00782779,14.3795,0.455663,8.47286,22.8668,48.5004,0.272252,0.0078125
83496,341999616,9.88535,0.0697147,0,13.1827,0.506675,7.64298,22.6429,45.7951,0.269272,0.00780233
83520,342097920,9.88593,0.0923489,0.0407135,14.1447,0.481248,8.87057,23.0779,50.3373,0.275929,0.00754801
83544,342196224,9.88649,0.0942963,0.013537,15.492,0.470103,9.57258,23.1606,51.958,0.280025,0.00732422
83568,342294528,9.88811,0.0561691,0.00727726,14.1571,0.497011,8.11967,23.065,49.089,0.280488,0.00744629
83592,342392832,9.88927,0.0566865,0.0228392,14.9013,0.471014,8.88707,22.8319,51.436,0.28097,0.00756836
83616,342491136,9.88929,0.123907,0.0139665,15.2307,0.448776,9.57956,23.4629,51.7001,0.283215,0.00773112
83640,342589440,9.89031,0.0648669,0.0209231,15.0206,0.441943,8.88276,23.19,49.0139,0.277181,0.00789388
83664,342687744,9.8912,0.0828536,0.0198272,14.2502,0.489108,8.69941,22.8893,47.5334,0.278465,0.00777181
83688,342786048,9.89161,0.0926531,0.0578645,14.6134,0.466763,7.90668,22.8178,46.2808,0.280111,0.00775146
83712,342884352,9.89186,0.0535691,0.0187444,14.9045,0.46766,8.70699,22.6205,45.2308,0.28624,0.0080363
83736,342982656,9.89236,0.0902166,0.0225668,13.6705,0.493943,7.29674,22.6887,47.0532,0.274671,0.00800578
83760,343080960,9.89283,0.0800099,0.00822683,13.6802,0.466538,7.72416,22.7244,49.6276,0.288323,0.00761922
83784,343179264,9.89328,0.131939,0.0595817,13.9168,0.46632,7.95408,22.9521,48.0826,0.27276,0.0071818
83808,343277568,9.89349,0.064305,0.0340795,14.1139,0.505322,7.81617,22.9712,48.2135,0.280078,0.0065918
83832,343375872,9.89331,0.0749712,0.0446735,14.5516,0.509237,8.37266,23.5147,50.419,0.274191,0.00650024
83856,343474176,9.89437,0.0899227,0.0277984,15.1434,0.485817,8.84224,22.6377,49.4912,0.292126,0.00594076
83880,343572480,9.89455,0.0829937,0.0163934,15.4445,0.514983,10.3095,23.0612,51.5671,0.283035,0.00612386
83904,343670784,9.89481,0.0830251,0.025261,14.1851,0.455885,7.48559,23.0086,47.0129,0.268472,0.00603231
83928,343769088,9.89491,0.0872193,0.0334661,13.6377,0.469498,7.58167,22.4416,45.5763,0.286764,0.00569661
83952,343867392,9.89429,0.0618866,0.0272396,14.754,0.49612,8.87776,22.8664,49.7777,0.274728,0.00561523
83976,343965696,9.89473,0.0824833,0,13.1725,0.440955,7.36488,22.1793,45.1602,0.284692,0.00563558
84000,344064000,9.8951,0.0543993,0.00944669,14.1211,0.459452,8.66581,22.9934,50.1907,0.286513,0.0056661
84024,344162304,9.8952,0.0554421,0.00271314,16.3901,0.501552,10.1248,22.8802,51.9289,0.274074,0.00559489
84048,344260608,9.89642,0.0859474,0.0405713,15.0985,0.461509,8.99609,22.9854,50.1561,0.273457,0.00561523
84072,344358912,9.89646,0.0680226,0.0174095,16.0337,0.504742,9.70881,23.0219,52.8213,0.276934,0.00574748
84096,344457216,9.89592,0.0464609,0.0198912,14.4691,0.513767,8.8251,23.1726,50.2505,0.273193,0.0054423
84120,344555520,9.89647,0.0928122,0.0477216,14.1729,0.504801,7.77488,22.3121,44.8699,0.283783,0.00516764
84144,344653824,9.89756,0.0641288,0.00642733,15.1624,0.511483,9.108,22.6406,48.8793,0.274055,0.00532023
84168,344752128,9.89687,0.0697056,0.0128198,14.3613,0.485446,7.5795,22.5367,51.5261,0.282558,0.00531006
84192,344850432,9.89633,0.0613432,0.0121391,15.699,0.457644,9.52681,23.0481,52.0439,0.281789,0.00631714
84216,344948736,9.89643,0.0891007,0.0384069,13.2643,0.499259,7.60073,22.5075,46.8586,0.273646,0.00730387
84240,345047040,9.8961,0.104485,0.0336733,14.2924,0.469807,7.83993,22.4806,47.3373,0.274161,0.00756836
84264,345145344,9.89544,0.096099,0.0107676,14.4213,0.47117,8.47294,22.5379,50.4013,0.280547,0.00805664
84288,345243648,9.89481,0.0818728,0.010888,14.9397,0.495149,8.96479,23.2332,51.8675,0.272553,0.00824992
84312,345341952,9.89543,0.0463035,0.0117578,16.4591,0.521538,10.3935,23.0509,52.2832,0.274668,0.0082194
84336,345440256,9.89488,0.0381556,0.00593795,15.6657,0.480233,8.97428,22.2208,47.122,0.271686,0.0083313
84360,345538560,9.89471,0.0670766,0.0332998,14.6766,0.488775,8.9874,22.4956,48.3289,0.278166,0.00849406
84384,345636864,9.89383,0.117883,0.077151,15.1758,0.535405,9.31051,22.8031,49.3409,0.274516,0.00921631
84408,345735168,9.89321,0.0915491,0.0192195,15.949,0.524553,10.2246,22.9379,53.1766,0.281218,0.00960286
84432,345833472,9.8924,0.067433,0.0114855,15.5087,0.498995,9.90275,22.9136,53.1588,0.284103,0.0101217
84456,345931776,9.89182,0.0562109,0.0101403,14.9137,0.536496,9.81178,22.4216,52.1238,0.279088,0.0104268
84480,346030080,9.89321,0.0840108,0.0319582,14.2012,0.467252,8.34044,22.7439,49.0357,0.278541,0.010498
84504,346128384,9.89493,0.079404,0.0446673,14.2835,0.52045,8.69968,22.8738,51.6099,0.274047,0.010732
84528,346226688,9.89614,0.116298,0.00913044,14.785,0.492765,8.45261,22.7877,47.9179,0.265872,0.0107422
84552,346324992,9.89648,0.0908308,0.0356058,14.6119,0.484212,8.34602,21.7606,45.658,0.27209,0.0107422
84576,346423296,9.89749,0.0695316,0.00533835,15.7659,0.476077,9.18357,22.1884,48.4113,0.287899,0.0105387
84600,346521600,9.89864,0.0647519,0.00576192,17.5307,0.503983,11.2414,22.5844,48.3257,0.270934,0.0105896
84624,346619904,9.89915,0.0906155,0.0184087,14.6019,0.444738,8.73784,22.3068,46.8544,0.271769,0.0108541
84648,346718208,9.8989,0.101702,0.0339098,14.6366,0.502502,8.8275,22.4725,48.2156,0.274085,0.0107422
84672,346816512,9.89918,0.0804017,0.00707607,14.1179,0.461491,8.70969,22.7301,54.2717,0.287223,0.0107218
84696,346914816,9.89921,0.107324,0.0111347,13.1708,0.465567,7.56109,22.3734,51.4201,0.271405,0.0106099
84720,347013120,9.89935,0.0760855,0.0173446,15.3618,0.474015,9.82772,23.1049,51.9448,0.27281,0.0105286
84744,347111424,9.90015,0.0913843,0.0355786,15.8054,0.51995,9.91217,22.4073,49.7175,0.266169,0.0107727
84768,347209728,9.9004,0.0690725,0.0446571,17.1176,0.483748,11.3268,22.5995,53.9306,0.28842,0.0109355
84792,347308032,9.90029,0.0885159,0.0226548,15.2939,0.453587,9.78641,22.7237,53.1599,0.275597,0.0110982
84816,347406336,9.90027,0.101994,0.0196344,14.584,0.494018,8.70285,21.7298,44.7854,0.269751,0.0112712
84840,347504640,9.89973,0.0763887,0.0254847,14.7628,0.460859,9.36794,22.552,51.0089,0.266971,0.0117188
84864,347602944,9.90007,0.0433164,0,15.6073,0.481318,9.33373,22.6616,48.1557,0.27336,0.0116374
84888,347701248,9.89966,0.10492,0.013132,15.2245,0.511854,9.18566,22.3286,48.205,0.272338,0.0115662
84912,347799552,9.89916,0.0594348,0.0089621,15.5084,0.473958,9.83216,22.8405,51.469,0.279429,0.0115865
84936,347897856,9.89963,0.0992248,0.0298507,13.8173,0.475793,7.88829,22.0282,48.1643,0.271964,0.0118001
84960,347996160,9.89968,0.0792717,0.0324114,15.885,0.47753,9.91982,22.536,51.6996,0.272682,0.0118612
84984,348094464,9.89999,0.0594938,0.0319299,16.7359,0.469604,11.1439,23.1923,53.6436,0.270673,0.0117696
85008,348192768,9.9001,0.0778087,0.00727802,14.0275,0.474631,8.20862,22.4663,46.0994,0.271881,0.0116272
85032,348291072,9.90005,0.0663213,0.0339049,14.41,0.494285,8.38298,22.2247,46.3828,0.269743,0.0118001
85056,348389376,9.89961,0.0661539,0.00587314,15.9128,0.501217,9.92877,22.8426,51.1927,0.274714,0.0117188
85080,348487680,9.90036,0.0798216,0.00951626,15.0538,0.458864,9.39616,22.7509,49.2394,0.272235,0.0115051
85104,348585984,9.90027,0.0760273,0.00615998,14.8781,0.487768,8.7802,22.5646,47.5299,0.273056,0.0118306
85128,348684288,9.8999,0.0618759,0.0394926,15.5106,0.453768,9.78347,22.3269,47.9295,0.272609,0.0118408
85152,348782592,9.90036,0.0615938,0.00934081,16.0933,0.487727,9.66608,23.1453,51.2748,0.26683,0.0116272
85176,348880896,9.89976,0.038594,0.0262373,15.0193,0.504936,8.81878,22.4958,48.3647,0.267612,0.0114644
85200,348979200,9.89932,0.0639874,0.0217488,15.3708,0.492542,9.16117,22.3355,48.5284,0.273622,0.00999959
85224,349077504,9.90046,0.0809743,0.0302595,16.2959,0.519158,9.60229,22.1214,48.3957,0.280239,0.00961304
85248,349175808,9.90042,0.0594926,0.00953635,15.9359,0.526694,9.40477,22.6351,47.5262,0.276763,0.00939941
85272,349274112,9.9001,0.0641668,0.0247679,14.9267,0.483655,8.51503,22.3963,48.707,0.269535,0.00954183
85296,349372416,9.9006,0.0891361,0.0137244,14.6852,0.477717,8.83433,22.6528,48.7847,0.266663,0.00939941
85320,349470720,9.90063,0.122138,0.0322214,14.7739,0.495046,8.71343,22.5622,50.6853,0.278879,0.0098877
85344,349569024,9.90053,0.0377701,0.021164,14.575,0.471169,8.81678,22.8701,49.5979,0.277687,0.00970459
85368,349667328,9.90083,0.0987013,0.0320195,14.931,0.441519,8.92353,22.763,51.8105,0.264801,0.00911458
85392,349765632,9.901,0.0523573,0.0266771,14.2438,0.470186,8.62445,22.1218,46.2332,0.268434,0.00841268
85416,349863936,9.90041,0.114357,0.0555366,14.3756,0.476204,8.49254,22.5844,50.0475,0.27962,0.00805664
85440,349962240,9.90023,0.0620442,0.020674,16.1278,0.516923,10.1367,22.5444,49.9309,0.276264,0.00774129
85464,350060544,9.89993,0.100473,0.014461,15.2009,0.499209,9.35803,22.2415,49.1162,0.279842,0.00756836
85488,350158848,9.89906,0.0883258,0.0354106,15.2633,0.50892,9.16201,22.2748,46.6088,0.268884,0.00791423
85512,350257152,9.89804,0.107463,0.0996499,13.6858,0.48324,8.01287,22.0501,48.4557,0.27824,0.00848389
85536,350355456,9.8975,0.064753,0.0238849,14.5354,0.457493,8.30913,22.3396,49.0243,0.270712,0.00919596
85560,350453760,9.89776,0.10596,0.0835417,16.0672,0.471757,9.5787,22.2821,49.9527,0.268862,0.00954183
85584,350552064,9.89867,0.0991689,0.034992,14.7923,0.466282,8.63177,22.6057,50.6966,0.273733,0.00976562
85608,350650368,9.89928,0.0909863,0.0292859,15.5051,0.517661,9.21741,22.7846,51.1312,0.27311,0.00951131
85632,350748672,9.8997,0.0861652,0.0462418,15.0363,0.507648,9.15598,23.0865,51.6768,0.273465,0.00928752
85656,350846976,9.89906,0.0637132,0.0293921,16.0382,0.472371,9.67772,22.5944,52.0697,0.268251,0.00927734
85680,350945280,9.89879,0.0665622,0.0244186,16.0978,0.485811,9.20606,22.6047,51.4889,0.280012,0.00979614
85704,351043584,9.89781,0.058982,0.0268262,13.7785,0.481583,8.322,22.6829,48.5045,0.278763,0.00997925
85728,351141888,9.89675,0.0820523,0.0178067,13.1362,0.429763,7.39195,22.1749,46.5282,0.271457,0.0102336
85752,351240192,9.89647,0.0419285,0.0233165,15.5563,0.466139,9.63265,23.1586,53.2694,0.283721,0.0101522
85776,351338496,9.8964,0.0977398,0.0220482,13.9049,0.481792,7.78724,22.4551,53.8684,0.267081,0.0101929
85800,351436800,9.89517,0.0739269,0.0391658,16.0548,0.505819,9.4596,22.4806,49.4902,0.27352,0.0103048
85824,351535104,9.89453,0.0841074,0.012702,15.1705,0.508708,9.72654,22.7826,50.0439,0.279877,0.0101929
85848,351633408,9.89427,0.0481512,0,15.0207,0.508082,8.96157,22.5973,49.0352,0.265702,0.0102539
85872,351731712,9.89385,0.0816327,0.010101,13.2489,0.466902,7.32856,22.5191,48.5812,0.257112,0.0102844
85896,351830016,9.89432,0.0367617,0.0126899,16.4679,0.50796,10.3572,22.8144,51.6302,0.277472,0.0104065
85920,351928320,9.89442,0.0799036,0.0502104,15.415,0.481797,8.60156,22.7967,48.9541,0.265291,0.0107422
85944,352026624,9.89452,0.0499833,0.020113,15.6883,0.483943,9.191,22.3867,47.5359,0.27651,0.0109355
85968,352124928,9.89472,0.0345533,0.012085,15.0356,0.498652,8.40906,22.5009,47.1754,0.278486,0.011027
85992,352223232,9.89505,0.0320951,0.0136431,14.4178,0.500858,8.65593,22.9674,50.0016,0.272873,0.0112305
86016,352321536,9.89552,0.0601403,0.0322388,14.151,0.44618,8.18669,22.4645,48.7705,0.271024,0.0109456
86040,352419840,9.89574,0.0856129,0.0274815,14.4794,0.479787,8.73451,22.4079,46.6015,0.274514,0.0109863
86064,352518144,9.89608,0.0846731,0.038272,13.7741,0.506121,7.30622,22.6833,47.8292,0.27104,0.0113932
86088,352616448,9.8966,0.0645043,0.0127325,15.4994,0.456246,9.82617,22.786,50.5089,0.269932,0.011261
86112,352714752,9.89659,0.0454331,0.0197062,16.4714,0.501858,10.044,22.6808,51.9523,0.271977,0.0110372
86136,352813056,9.89682,0.0618023,0.027708,14.8779,0.475945,9.14959,22.9083,50.2631,0.274587,0.0114339
86160,352911360,9.89672,0.0984123,0.0276579,14.9395,0.467633,8.94985,22.6817,48.5737,0.274138,0.0114644
86184,353009664,9.89616,0.0597984,0.0153536,17.6334,0.486292,11.2774,23.555,54.4923,0.275041,0.0114644
86208,353107968,9.89581,0.136941,0.0273391,14.9612,0.464783,9.07161,22.7257,46.1348,0.276475,0.0118408
86232,353206272,9.89572,0.0583878,0.0280818,14.3848,0.510149,8.39692,23.0965,50.355,0.284106,0.0124817
86256,353304576,9.89476,0.0425249,0.00511024,14.5868,0.487086,7.82333,22.6875,46.495,0.275643,0.0131124
86280,353402880,9.89439,0.102332,0.03379,15.016,0.496385,8.59738,22.7068,48.5489,0.274026,0.0132345
86304,353501184,9.89392,0.0378377,0.0164853,14.9556,0.497783,8.38057,22.9477,47.47,0.270619,0.0132243
86328,353599488,9.89393,0.0902018,0.0240685,14.3645,0.438897,8.68938,23.0435,49.7967,0.266138,0.0126953
86352,353697792,9.89429,0.0692029,0.00744417,14.8452,0.484883,8.23729,23.2287,50.9054,0.269122,0.0129395
86376,353796096,9.89411,0.0815308,0.0340519,13.974,0.435639,7.79271,22.7313,49.8681,0.272397,0.0131836
86400,353894400,9.89426,0.0766035,0.0307854,15.8965,0.470563,10.0412,23.458,54.0944,0.265905,0.0131836
86424,353992704,9.89332,0.0689627,0.029659,14.8812,0.491443,8.49188,22.7178,45.8952,0.291043,0.0132751
86448,354091008,9.89282,0.0520905,0.0170971,14.7081,0.497413,8.21805,22.5191,44.5949,0.2766,0.0138346
86472,354189312,9.89249,0.0614066,0.0506757,15.1527,0.490417,9.22832,23.114,50.8428,0.274668,0.0141398
86496,354287616,9.89282,0.08791,0.00641261,13.7454,0.483574,7.95648,22.8575,46.2406,0.279751,0.0141195
86520,354385920,9.89261,0.0731901,0.0159978,16.2855,0.503426,10.5846,23.2693,50.8113,0.260831,0.013916
86544,354484224,9.89351,0.146521,0.0151581,14.1507,0.47602,8.26812,22.6588,48.6967,0.277591,0.0135803
86568,354582528,9.8948,0.0464684,0.0119154,16.7355,0.502415,11.3146,23.6839,55.5493,0.269838,0.013326
86592,354680832,9.89588,0.0378036,0.0187527,15.7128,0.486369,9.36935,23.5779,52.247,0.283244,0.0131836
86616,354779136,9.89581,0.0392854,0.0217867,15.5534,0.525872,10.2089,23.7172,51.796,0.272225,0.0132039
86640,354877440,9.89509,0.0397649,0.00473934,13.8565,0.490442,7.54972,23.0796,48.7356,0.272526,0.0139364
86664,354975744,9.89447,0.0479363,0.00655523,15.019,0.503882,8.18567,23.2211,47.5011,0.264866,0.01474
86688,355074048,9.89509,0.0644089,0,14.8762,0.454277,8.68737,23.6833,53.5098,0.269808,0.0146179
86712,355172352,9.89532,0.0445738,0,14.9331,0.487678,8.83282,23.1595,49.0455,0.279922,0.0146993
86736,355270656,9.89421,0.0857881,0.0278064,13.8908,0.454452,8.0238,23.2432,50.1949,0.269974,0.0149231
86760,355368960,9.89372,0.105173,0.0420727,13.7457,0.443672,7.99549,23.0328,45.6731,0.27975,0.0148926
86784,355467264,9.89426,0.0535459,0,12.9268,0.519939,6.98047,23.0415,46.625,0.269006,0.0145467
86808,355565568,9.89528,0.0485606,0.0144119,14.7881,0.440329,8.87829,23.5052,50.4554,0.266566,0.0147095
86832,355663872,9.89581,0.0621716,0.0153276,14.8193,0.450214,9.51307,23.8072,53.534,0.274334,0.0142924
86856,355762176,9.89559,0.100564,0.022149,14.5274,0.467192,8.05347,23.5209,50.3343,0.266466,0.0144755
86880,355860480,9.89534,0.108949,0.0605822,14.3828,0.413169,8.25749,23.4287,51.794,0.271016,0.0143229
86904,355958784,9.89438,0.0533529,0.0125408,17.4138,0.535142,10.0127,23.7707,52.2141,0.275185,0.0142721
86928,356057088,9.89492,0.0762453,0.0173188,15.328,0.504387,9.22548,23.4132,50.1412,0.276669,0.0137736
86952,356155392,9.89459,0.0603342,0.0356911,14.2133,0.470774,8.53983,23.1835,46.4894,0.276331,0.0134888
86976,356253696,9.89352,0.0866382,0.0577238,14.265,0.462087,8.03177,23.1069,45.9558,0.265482,0.013387
87000,356352000,9.89287,0.0397232,0.00966851,14.823,0.546474,8.77914,23.7998,49.954,0.264365,0.0134684
87024,356450304,9.89363,0.0666276,0.0208899,15.344,0.456668,9.69003,23.4469,50.4446,0.273169,0.0135905
87048,356548608,9.89349,0.0871308,0.0421203,14.1037,0.447499,8.01163,23.6875,50.3043,0.265886,0.0135295
87072,356646912,9.89346,0.10025,0.0347786,14.2528,0.468097,8.45268,23.5266,50.8696,0.266838,0.0131836
87096,356745216,9.89309,0.0700094,0.0468445,14.2641,0.453337,7.8224,22.7647,44.3916,0.283383,0.0132446
87120,356843520,9.89205,0.0697042,0.0454561,13.2045,0.453756,6.78645,22.9487,42.8418,0.273714,0.0130107
87144,356941824,9.89207,0.0709423,0.0326282,14.657,0.487027,8.81311,23.2316,48.8375,0.27745,0.0129395
87168,357040128,9.89224,0.0519018,0.0132159,15.7928,0.481791,9.6018,23.7334,51.6708,0.267629,0.0129089
87192,357138432,9.89196,0.108778,0.0593652,14.3387,0.476299,8.66813,23.427,48.8236,0.261248,0.0125732
87216,357236736,9.89162,0.0634389,0.0263727,14.2427,0.467174,8.14609,23.3755,48.1165,0.279703,0.0121257
87240,357335040,9.89093,0.0595076,0.0133104,14.0506,0.483446,8.38161,23.9381,52.6735,0.268392,0.0111593
87264,357433344,9.89143,0.0526832,0,15.2381,0.486614,8.96185,23.5805,50.2391,0.27229,0.010437
87288,357531648,9.89138,0.062294,0.0373787,15.0439,0.464772,8.61271,23.3955,50.3541,0.27196,0.00985718
87312,357629952,9.89147,0.108538,0.0212342,14.0464,0.470734,8.20163,23.5596,49.6783,0.265161,0.00976562
87336,357728256,9.89108,0.0127672,0.0052486,14.7371,0.505037,7.2337,24.0015,52.4142,0.265199,0.00976562
87360,357826560,9.89102,0.0753465,0.0438035,14.1224,0.480161,7.78294,23.4357,49.3975,0.269399,0.00935872
87384,357924864,9.8913,0.0833049,0.00646293,14.2831,0.462686,8.73384,23.7895,50.6671,0.275901,0.00933838
87408,358023168,9.89186,0.0489672,0.00627324,16.1802,0.500712,9.76549,23.4312,47.3844,0.269792,0.00940959
87432,358121472,9.89176,0.0632617,0.00954806,14.5804,0.482165,8.56967,23.3469,49.0858,0.272547,0.00894165
87456,358219776,9.89131,0.0716284,0.0256278,14.7251,0.483073,10.2013,23.6616,47.082,0.261808,0.00867717
87480,358318080,9.89104,0.0423413,0,14.665,0.456956,8.25199,23.3031,48.7803,0.284732,0.00888062
87504,358416384,9.89092,0.120151,0.0600306,14.2037,0.511294,8.49598,23.6047,51.93,0.276935,0.00843302
87528,358514688,9.89094,0.0794828,0.0254334,17.6103,0.498363,11.5079,23.9771,55.5166,0.269454,0.00797526
87552,358612992,9.89137,0.0321206,0.00699301,15.3638,0.478105,8.8068,23.8433,52.0391,0.281022,0.0080363
87576,358711296,9.89096,0.055751,0.0344211,16.7716,0.507593,11.1447,23.9223,54.6846,0.278586,0.00805664
87600,358809600,9.89066,0.0419716,0,16.5728,0.499053,11.0871,23.9722,50.9614,0.266,0.00811768
87624,358907904,9.89023,0.0646894,0.0321503,14.3551,0.425985,8.83108,23.7142,49.8145,0.271571,0.00795492
87648,359006208,9.89094,0.103305,0.0434783,14.8939,0.481025,8.80498,23.2671,48.9975,0.27519,0.00696818
87672,359104512,9.89163,0.0646839,0.0488827,14.2054,0.4915,8.22238,23.9012,48.4927,0.289578,0.00620524
87696,359202816,9.89131,0.0586347,0.0173697,16.0374,0.493216,10.177,23.9364,51.6245,0.27717,0.00585938
87720,359301120,9.89136,0.0621023,0.00653686,13.9716,0.477027,7.47842,23.3816,46.7869,0.278545,0.00524902
87744,359399424,9.89093,0.0392133,0,14.9375,0.483777,8.62406,23.331,49.1687,0.269739,0.00513713
87768,359497728,9.89147,0.0431677,0.0258393,15.1036,0.465889,9.10015,23.6927,48.2652,0.270694,0.00512695
87792,359596032,9.89135,0.0796945,0.0591466,14.7831,0.490677,8.7946,23.6761,46.1541,0.277763,0.00520833
87816,359694336,9.89062,0.0938547,0,15.6843,0.557038,8.87038,23.683,51.3875,0.281516,0.00508626
87840,359792640,9.89099,0.0812573,0.00621504,14.5589,0.480816,8.11661,23.9112,51.2699,0.272372,0.00553385
87864,359890944,9.89119,0.0460781,0.0225564,15.1129,0.478321,8.37428,24.0579,49.8121,0.270313,0.00538127
87888,359989248,9.89015,0.0596957,0.0393651,14.9619,0.449386,9.21157,24.0969,53.5506,0.270173,0.00550334
87912,360087552,9.88955,0.059523,0.0134684,17.1947,0.532146,10.5137,24.3339,56.3229,0.279006,0.00612386
87936,360185856,9.89045,0.0687023,0.0136054,14.4452,0.477575,8.07706,24.0651,48.6371,0.270136,0.00634766
87960,360284160,9.89087,0.125751,0.0393516,13.9785,0.461976,7.78382,23.813,49.7235,0.275645,0.00645955
87984,360382464,9.8906,0.10377,0.0114314,16.7027,0.492331,10.1038,24.5721,53.1147,0.272986,0.00669352
88008,360480768,9.89071,0.076408,0.0227125,15.1414,0.468512,9.19415,23.7327,52.0063,0.268816,0.00689697
88032,360579072,9.89056,0.0818342,0.0199657,16.5307,0.489541,9.63169,23.5713,46.8725,0.269139,0.00750732
88056,360677376,9.89047,0.0882305,0.0193153,14.7577,0.480843,8.70764,23.734,46.8488,0.277364,0.00826009
88080,360775680,9.89069,0.0607318,0.0253027,16.1877,0.455364,9.85903,24.0427,50.9335,0.278096,0.00859578
88104,360873984,9.89075,0.0523706,0.0240128,15.4456,0.463515,9.30657,24.7959,53.8367,0.270848,0.00916545
88128,360972288,9.88962,0.0718839,0.00725953,13.8979,0.473523,7.69847,23.5684,47.2267,0.274662,0.0100403
88152,361070592,9.8897,0.139784,0.0378542,14.4884,0.476131,8.93139,23.6307,50.6979,0.276837,0.0100098
88176,361168896,9.89041,0.0470503,0.0186066,15.1969,0.476313,8.72592,24.1396,47.3886,0.270611,0.0100199
88200,361267200,9.89031,0.0464518,0.00974147,15.3552,0.492391,8.62166,23.9399,48.6734,0.274795,0.0102539
88224,361365504,9.89092,0.0993242,0.0109212,14.4582,0.477751,8.12716,24.0277,50.4386,0.275297,0.0102539
88248,361463808,9.89134,0.0664102,0.0174477,16.6946,0.478447,9.90049,24.1559,48.8941,0.277837,0.0105489
88272,361562112,9.8916,0.137002,0.0218242,14.3441,0.431989,8.3557,23.6764,46.0557,0.272644,0.0107422
88296,361660416,9.89183,0.0690687,0.0183936,15.6189,0.469912,9.67361,24.4166,51.2628,0.268535,0.0107422
88320,361758720,9.8921,0.0538436,0.0496733,15.702,0.514066,8.57575,24.4564,50.4051,0.272066,0.0107422
88344,361857024,9.89266,0.0693255,0.0082922,13.746,0.488516,7.73649,24.5621,48.526,0.273558,0.0107422
88368,361955328,9.89288,0.0751734,0.0268033,15.4772,0.507221,9.23769,24.3813,48.6477,0.2739,0.0107422
88392,362053632,9.89256,0.0799145,0.0325059,15.4884,0.499487,9.48002,24.8963,51.0533,0.275681,0.0112915
88416,362151936,9.89153,0.0656385,0.0180879,14.7658,0.448335,8.66584,23.5658,43.7148,0.269013,0.0115662
88440,362250240,9.89,0.0868594,0.0553728,15.4727,0.493945,8.96113,24.3378,52.4031,0.274736,0.0123698
88464,362348544,9.88955,0.0538374,0.0256012,14.3479,0.478464,8.64998,24.693,50.8474,0.299095,0.01238
88488,362446848,9.88988,0.0485603,0.0182609,13.548,0.489755,7.40103,23.9171,47.3819,0.272342,0.0123901
88512,362545152,9.88982,0.0751083,0.0136147,15.1707,0.472554,8.18578,24.007,47.6401,0.273318,0.0128377
88536,362643456,9.88968,0.102218,0.0274701,14.5515,0.457797,8.30679,24.2618,49.0191,0.278006,0.013265
88560,362741760,9.8898,0.0406221,0,15.9923,0.457943,10.1893,24.9031,56.3657,0.268206,0.0137533
88584,362840064,9.88985,0.0736365,0.0101868,15.1604,0.508818,8.47881,24.075,47.2223,0.277034,0.0141398
88608,362938368,9.88996,0.0779377,0.07445,14.4945,0.491349,8.72646,24.0328,50.295,0.273163,0.0140279
88632,363036672,9.8904,0.0618783,0.0214535,15.0488,0.479103,8.68642,24.4531,50.3269,0.269581,0.0141907
88656,363134976,9.89023,0.0562287,0.0115766,14.2937,0.497784,7.71112,24.0914,47.7022,0.275925,0.014506
88680,363233280,9.8903,0.0819778,0.0363382,14.3617,0.480096,8.00182,24.1259,43.7899,0.272025,0.0148417
88704,363331584,9.88968,0.0411604,0.0102314,14.621,0.50123,8.17536,23.676,45.5221,0.288063,0.0156759
88728,363429888,9.89013,0.0553746,0.0100536,14.9531,0.47383,8.55171,23.5768,48.418,0.275681,0.0158895
88752,363528192,9.89041,0.0698898,0.0182078,12.7124,0.451395,6.33389,23.6387,45.4604,0.281974,0.0165914
88776,363626496,9.89045,0.0844045,0.0626322,15.99,0.530471,9.96373,24.078,48.5137,0.271724,0.0174255
88800,363724800,9.88987,0.0726572,0.0235189,15.2387,0.502097,9.38005,24.1794,52.4997,0.269752,0.0183207
88824,363823104,9.89009,0.0554802,0.0222574,14.1206,0.447596,8.08499,23.8282,48.1464,0.276737,0.0187073
88848,363921408,9.89027,0.0771676,0.0342051,14.0581,0.515301,7.49916,23.766,45.5204,0.278097,0.0187581
88872,364019712,9.89019,0.0783176,0.019656,15.1181,0.486374,8.67072,24.1266,46.7726,0.273232,0.0197957
88896,364118016,9.89072,0.0544662,0.0154034,14.598,0.455578,8.53551,24.072,49.5736,0.284734,0.0198364
88920,364216320,9.89056,0.0782539,0.0204672,15.8751,0.521228,9.38859,23.8768,50.1863,0.280506,0.0200704
88944,364314624,9.88992,0.0755902,0.0180059,14.5436,0.454695,8.34354,24.1789,51.6477,0.279161,0.0202026
88968,364412928,9.89064,0.0862116,0.0213601,15.7903,0.466512,9.65247,24.011,50.3379,0.278028,0.0203857
88992,364511232,9.89064,0.0743349,0.0222552,15.7881,0.452751,9.07841,23.8189,48.8592,0.283169,0.0211792
89016,364609536,9.89076,0.0910858,0.012672,14.3706,0.505779,8.06889,23.8798,49.3382,0.271607,0.0220133
89040,364707840,9.88839,0.0512361,0.0185089,15.7617,0.53646,9.22041,24.0328,48.9468,0.275123,0.0231222
89064,364806144,9.88663,0.0922062,0.0172175,14.6464,0.477599,8.63772,23.8791,51.395,0.275472,0.0239258
89088,364904448,9.8861,0.104612,0.0209732,15.2597,0.440022,9.16073,24.0398,49.5374,0.27249,0.0253805
89112,365002752,9.88583,0.0806245,0,14.548,0.485168,8.18854,23.3872,48.006,0.275965,0.0256958
89136,365101056,9.88525,0.0199404,0,14.9106,0.533115,8.43048,24.2424,52.5559,0.283838,0.0262553
89160,365199360,9.88378,0.0567694,0.00740741,15.7508,0.503778,8.92567,24.4216,52.8137,0.281324,0.0270386
89184,365297664,9.88365,0.0404504,0.0306856,16.5957,0.504277,10.4654,24.2983,51.6178,0.261233,0.0276082
89208,365395968,9.88372,0.0464129,0.0188588,15.1586,0.459366,8.81211,23.7485,48.9981,0.282317,0.0280355
89232,365494272,9.88329,0.0434673,0.0317327,14.7,0.49689,8.21785,23.4876,45.8768,0.279347,0.0285645
89256,365592576,9.88297,0.0519458,0.0284691,13.7956,0.473689,7.26195,23.4298,47.6363,0.272898,0.0287374
89280,365690880,9.88272,0.0481143,0.0141417,15.4283,0.483801,9.73836,23.5668,49.5988,0.267919,0.0289307
89304,365789184,9.88249,0.0988756,0.0245067,14.651,0.462359,8.50609,23.5738,49.745,0.275311,0.0290527
89328,365887488,9.8819,0.0907878,0.0347678,15.3286,0.506582,9.26416,23.8566,51.9984,0.275252,0.0290527
89352,365985792,9.88105,0.0342084,0,16.2327,0.517596,9.59656,23.6542,49.1681,0.271842,0.0290731
89376,366084096,9.88075,0.103539,0.042961,13.8394,0.500157,7.77978,23.4386,47.392,0.275034,0.029185
89400,366182400,9.88074,0.0348942,0.0100781,15.9806,0.488179,9.9392,23.7568,52.2505,0.270953,0.0288493
89424,366280704,9.88151,0.0645381,0.0344508,14.8569,0.484345,8.99551,23.7898,52.1159,0.281586,0.0288188
89448,366379008,9.88125,0.0832597,0.0103098,15.818,0.470207,9.54473,23.7463,53.1166,0.272823,0.0287984
89472,366477312,9.88064,0.0173625,0,15.3334,0.545357,8.9481,24.0784,54.0539,0.265657,0.028595
89496,366575616,9.88055,0.0586298,0.0174543,14.7322,0.5399,8.81868,23.3446,48.3966,0.269425,0.0282898
89520,366673920,9.88089,0.0850041,0.0794155,13.8566,0.480113,7.57333,23.7625,49.1299,0.266225,0.0282491
89544,366772224,9.88152,0.0810324,0.0439856,13.0891,0.464329,7.54342,23.3565,45.044,0.277158,0.0279846
89568,366870528,9.88016,0.0668861,0.0142263,15.1009,0.470397,8.25767,23.413,49.1682,0.278709,0.0288289
89592,366968832,9.87847,0.063218,0,15.5345,0.494456,9.37828,23.7029,50.5993,0.280027,0.0301005
89616,367067136,9.87815,0.0733902,0.00973675,15.7808,0.546499,9.72697,23.8782,51.1542,0.276643,0.0306193
89640,367165440,9.87808,0.0539688,0.00749064,14.7795,0.483248,8.60881,23.4404,50.6554,0.279749,0.0309347
89664,367263744,9.8776,0.0492986,0.044113,13.9904,0.47008,8.12921,23.1472,46.1021,0.280996,0.0318095
89688,367362048,9.87726,0.0775971,0.0222906,13.7126,0.460668,7.51689,23.6417,46.7591,0.274126,0.031606
89712,367460352,9.87667,0.102213,0.0550414,14.8357,0.486158,8.69487,22.9286,50.2898,0.270935,0.0318909
89736,367558656,9.87695,0.0642094,0.0100134,16.1715,0.481175,9.84031,23.2133,47.4518,0.279913,0.0322164
89760,367656960,9.87544,0.0878808,0.00724413,15.7281,0.475588,9.37335,23.1356,49.8578,0.277699,0.0326742
89784,367755264,9.87561,0.0663305,0.038255,15.5825,0.460391,9.4372,23.4143,47.9082,0.276349,0.0326945
89808,367853568,9.87516,0.0671485,0.0228194,13.6391,0.463762,7.92401,23.6698,49.0234,0.263741,0.0327047
89832,367951872,9.87469,0.0990495,0.0250344,14.309,0.469334,8.53717,23.8253,48.0154,0.275856,0.0333659
89856,368050176,9.87448,0.0475477,0.0206472,13.8288,0.474611,8.16934,23.4268,49.1019,0.278683,0.032959
89880,368148480,9.87502,0.0707255,0.0223776,12.501,0.456249,6.62428,22.7521,45.341,0.282366,0.0332235
89904,368246784,9.87496,0.109596,0.0717271,14.6426,0.45014,8.50389,23.3848,50.4681,0.273103,0.0327454
89928,368345088,9.8751,0.0615288,0,14.6204,0.568235,6.90746,23.7025,46.0497,0.272687,0.0327962
89952,368443392,9.87515,0.0541679,0.00467248,15.2915,0.489121,9.31985,23.8904,52.8303,0.271012,0.0338033
89976,368541696,9.87597,0.0505574,0.00957156,14.2817,0.469626,8.55171,22.9837,48.0654,0.27383,0.0339457
90000,368640000,9.87491,0.110397,0.0702834,15.0937,0.467524,9.15405,23.7124,54.4858,0.263344,0.032491
90024,368738304,9.87572,0.0340417,0.0219735,14.9962,0.483491,8.95843,23.5963,51.322,0.276977,0.0310465
90048,368836608,9.87668,0.083593,0.00651466,14.5028,0.486256,8.45117,23.0742,50.2984,0.279333,0.0298258
90072,368934912,9.87636,0.0839957,0.0392615,14.0035,0.465226,7.62389,23.1949,48.1221,0.269738,0.028127
90096,369033216,9.87652,0.136846,0.0349192,15.5647,0.48278,9.5634,23.7223,52.9691,0.276572,0.0273031
90120,369131520,9.87508,0.075247,0.0688028,13.384,0.427045,7.35061,22.9959,42.2759,0.272319,0.0268962
90144,369229824,9.87471,0.0490441,0.00640615,16.4086,0.504838,9.63959,23.7219,52.4421,0.275422,0.0264587
90168,369328128,9.87437,0.0895162,0.0343063,14.3679,0.442016,8.32841,23.3756,49.4464,0.268356,0.0256042
90192,369426432,9.87459,0.0602987,0.0174419,16.3551,0.534131,9.94953,23.4178,52.5962,0.275814,0.0256856
90216,369524736,9.87428,0.0692449,0.0373856,14.2618,0.487096,8.30877,23.2675,51.2641,0.266973,0.025767
90240,369623040,9.87548,0.0826549,0.0498546,13.2631,0.428041,7.05203,22.9974,44.6376,0.290345,0.025706
90264,369721344,9.87552,0.0351811,0.0278989,16.9479,0.503979,10.5963,23.8304,51.9416,0.277942,0.0263265
90288,369819648,9.87573,0.0775956,0.0425153,15.9593,0.477416,9.56948,23.1913,49.3881,0.264587,0.0261637
90312,369917952,9.8767,0.104096,0.0546164,14.1419,0.480213,7.94826,23.2964,51.6077,0.271723,0.026357
90336,370016256,9.87747,0.110546,0,14.8119,0.506886,7.48036,23.2576,51.4272,0.273743,0.0268046
90360,370114560,9.87736,0.0515006,0.0295791,15.5748,0.502154,9.69736,22.9743,49.5816,0.275627,0.0268555
90384,370212864,9.8778,0.098006,0.0608913,14.2692,0.484976,8.59712,23.3562,52.7443,0.278122,0.0270081
90408,370311168,9.87833,0.0728983,0.0373622,13.9118,0.454099,8.19462,23.0602,47.9066,0.276579,0.0269267
90432,370409472,9.87844,0.0467904,0.019303,16.3826,0.483445,10.2328,23.0345,52.2898,0.271838,0.0267131
90456,370507776,9.87774,0.111149,0.036784,14.1917,0.477312,8.11329,22.3387,43.6325,0.267886,0.0262553
90480,370606080,9.87716,0.0800156,0.0195695,15.9421,0.520189,9.00963,23.0487,47.7596,0.276261,0.026123
90504,370704384,9.87708,0.0779607,0.0201207,15.1021,0.486362,9.39398,22.9437,48.5183,0.280031,0.0259399
90528,370802688,9.87706,0.083834,0.0298193,14.1617,0.473874,7.83006,23.1493,49.1012,0.266943,0.0258789
90552,370900992,9.87715,0.11051,0.00671141,14.2324,0.458028,8.08935,22.4337,45.6485,0.274999,0.0260722
90576,370999296,9.87669,0.0439004,0.0283682,15.6775,0.488277,9.9098,23.1978,51.398,0.269376,0.024882
90600,371097600,9.87689,0.0794926,0.00398158,13.1085,0.454776,7.09159,22.7464,50.1315,0.263399,0.024526
90624,371195904,9.87683,0.0993892,0.011148,14.1209,0.441389,8.0874,22.762,47.9575,0.272879,0.0243937
90648,371294208,9.87665,0.0913158,0.0272331,13.5535,0.443137,7.53327,22.7969,46.6849,0.275115,0.0241394
90672,371392512,9.87561,0.0793917,0.0250048,14.2656,0.48825,8.55592,22.886,46.4288,0.269797,0.0246887
90696,371490816,9.87538,0.0642614,0.0126939,15.7349,0.506313,9.39478,22.9701,47.972,0.259634,0.0247904
90720,371589120,9.87499,0.0584075,0.0102943,15.0055,0.50478,9.06537,23.1873,49.0572,0.271682,0.0249634
90744,371687424,9.87427,0.0782136,0.0469305,14.6053,0.474198,8.10219,22.8832,46.8803,0.277892,0.0253499
90768,371785728,9.87402,0.0620569,0.0280561,16.7783,0.533353,9.54891,23.7021,46.273,0.275749,0.0250956
90792,371884032,9.87316,0.136281,0,13.0545,0.438794,7.32312,22.4077,45.6821,0.27093,0.0256551
90816,371982336,9.87213,0.0979695,0.0357494,13.9615,0.487098,8.10328,22.8375,45.7629,0.268144,0.0259298
90840,372080640,9.87233,0.0730693,0,15.2459,0.503346,8.5182,23.0677,46.0108,0.282349,0.0256856
90864,372178944,9.87147,0.153929,0.0492257,13.5604,0.428653,8.16847,22.8823,47.1736,0.273466,0.0264587
90888,372277248,9.87119,0.0627478,0.0208914,15.4028,0.504121,9.19459,22.9665,47.664,0.271615,0.026296
90912,372375552,9.86986,0.0582936,0.0184558,16.0573,0.480163,9.82848,22.7578,46.9568,0.277091,0.0267843
90936,372473856,9.86901,0.0336149,0.0354778,16.6026,0.503443,10.3747,23.5114,52.8491,0.272516,0.0273743
90960,372572160,9.86916,0.0394149,0.00778701,13.6302,0.509626,8.184,23.3141,52.0744,0.273794,0.0270589
90984,372670464,9.86882,0.0720798,0.0352815,14.5013,0.4745,9.04342,22.9996,48.4607,0.282631,0.0273336
91008,372768768,9.86904,0.0849057,0.033603,16.3163,0.455861,10.5684,23.3656,52.1816,0.273757,0.027537
91032,372867072,9.86929,0.114037,0.02287,14.9745,0.526833,9.01778,23.1332,46.4986,0.280383,0.0283305
91056,372965376,9.86914,0.0557536,0.0388505,15.3614,0.469295,9.33715,23.6434,51.4518,0.272564,0.0287781
91080,373063680,9.8686,0.0675607,0.0382451,13.6331,0.449931,7.95099,23.2316,47.2462,0.272812,0.0286458
91104,373161984,9.86842,0.0655361,0.052911,14.814,0.477365,8.93378,23.525,51.7652,0.272961,0.0284932
91128,373260288,9.86925,0.0601115,0.0373573,13.5587,0.446568,7.56984,23.2716,47.53,0.28134,0.0287476
91152,373358592,9.86949,0.110098,0.0364341,13.6593,0.462756,7.37791,22.6771,43.878,0.272624,0.0290426
91176,373456896,9.86919,0.0747859,0.0310272,15.1449,0.465399,9.26634,23.3525,49.9911,0.277527,0.0291443
91200,373555200,9.86922,0.0712053,0.0202077,15.3178,0.489258,9.54269,22.9253,49.1852,0.276841,0.0290731
