step,transitions,depth_level,reach_rate,crouch_reach_rate,goal_position_error_cm,goal_orientation_error_rad,best_error_cm,pelvis_drop_cm,target_drop_cm,walk_error_m_s,falls
24,98304,0,nan,nan,nan,nan,nan,nan,nan,nan,0
48,196608,0,nan,nan,nan,nan,nan,nan,nan,0.722754,0.00012207
72,294912,0,nan,nan,nan,nan,nan,nan,nan,0.759889,0.239014
96,393216,0,nan,nan,nan,nan,nan,nan,nan,0.687042,0.792379
120,491520,0,nan,nan,nan,nan,nan,nan,nan,0.680191,0.964294
144,589824,0,nan,nan,nan,nan,nan,nan,nan,0.739012,0.99528
168,688128,0,nan,nan,nan,nan,nan,nan,nan,0.701949,0.999379
192,786432,0,nan,nan,nan,nan,nan,nan,nan,0.697325,1
216,884736,0,nan,nan,nan,nan,nan,nan,nan,0.721343,1
240,983040,0,nan,nan,nan,nan,nan,nan,nan,0.699303,1
264,1081344,0,nan,nan,nan,nan,nan,nan,nan,0.706316,1
288,1179648,0,nan,nan,nan,nan,nan,nan,nan,0.712098,1
312,1277952,0,nan,nan,nan,nan,nan,nan,nan,0.713216,1
336,1376256,0,nan,nan,nan,nan,nan,nan,nan,0.716909,1
360,1474560,0,nan,nan,nan,nan,nan,nan,nan,0.719998,1
384,1572864,0,nan,nan,nan,nan,nan,nan,nan,0.714197,1
408,1671168,0,nan,nan,nan,nan,nan,nan,nan,0.701496,1
432,1769472,0,nan,nan,nan,nan,nan,nan,nan,0.710063,1
456,1867776,0,nan,nan,nan,nan,nan,nan,nan,0.711708,1
480,1966080,0,nan,nan,nan,nan,nan,nan,nan,0.705927,1
504,2064384,0,nan,nan,nan,nan,nan,nan,nan,0.70821,1
528,2162688,0,nan,nan,nan,nan,nan,nan,nan,0.712608,1
552,2260992,0,nan,nan,nan,nan,nan,nan,nan,0.70283,1
576,2359296,0,nan,nan,nan,nan,nan,nan,nan,0.71595,1
600,2457600,0,nan,nan,nan,nan,nan,nan,nan,0.708461,1
624,2555904,0,nan,nan,nan,nan,nan,nan,nan,0.704676,1
648,2654208,0,nan,nan,nan,nan,nan,nan,nan,0.712082,1
672,2752512,0,nan,nan,nan,nan,nan,nan,nan,0.719707,1
696,2850816,0,nan,nan,nan,nan,nan,nan,nan,0.695975,1
720,2949120,0,nan,nan,nan,nan,nan,nan,nan,0.709374,1
744,3047424,0,nan,nan,nan,nan,nan,nan,nan,0.715917,1
768,3145728,0,nan,nan,nan,nan,nan,nan,nan,0.708353,1
792,3244032,0,nan,nan,nan,nan,nan,nan,nan,0.721146,1
816,3342336,0,nan,nan,nan,nan,nan,nan,nan,0.710878,1
840,3440640,0,nan,nan,nan,nan,nan,nan,nan,0.710698,1
864,3538944,0,nan,nan,nan,nan,nan,nan,nan,0.70657,1
888,3637248,0,nan,nan,nan,nan,nan,nan,nan,0.694281,1
912,3735552,0,nan,nan,nan,nan,nan,nan,nan,0.715057,1
936,3833856,0,nan,nan,nan,nan,nan,nan,nan,0.709641,1
960,3932160,0,nan,nan,nan,nan,nan,nan,nan,0.706841,1
984,4030464,0,nan,nan,nan,nan,nan,nan,nan,0.711552,1
1008,4128768,0,nan,nan,nan,nan,nan,nan,nan,0.710768,1
1032,4227072,0,nan,nan,nan,nan,nan,nan,nan,0.713292,1
1056,4325376,0,nan,nan,nan,nan,nan,nan,nan,0.703734,1
1080,4423680,0,nan,nan,nan,nan,nan,nan,nan,0.693514,1
1104,4521984,0,nan,nan,nan,nan,nan,nan,nan,0.705701,1
1128,4620288,0,nan,nan,nan,nan,nan,nan,nan,0.707245,1
1152,4718592,0,nan,nan,nan,nan,nan,nan,nan,0.692752,1
1176,4816896,0,nan,nan,nan,nan,nan,nan,nan,0.691914,1
1200,4915200,0,nan,nan,nan,nan,nan,nan,nan,0.704894,1
1224,5013504,0,nan,nan,nan,nan,nan,nan,nan,0.694619,1
1248,5111808,0,nan,nan,nan,nan,nan,nan,nan,0.694304,1
1272,5210112,0,nan,nan,nan,nan,nan,nan,nan,0.700553,1
1296,5308416,0,nan,nan,nan,nan,nan,nan,nan,0.694909,1
1320,5406720,0,nan,nan,nan,nan,nan,nan,nan,0.692359,1
1344,5505024,0,nan,nan,nan,nan,nan,nan,nan,0.697709,1
1368,5603328,0,nan,nan,nan,nan,nan,nan,nan,0.688183,1
1392,5701632,0,nan,nan,nan,nan,nan,nan,nan,0.688353,1
1416,5799936,0,nan,nan,nan,nan,nan,nan,nan,0.690141,1
1440,5898240,0,nan,nan,nan,nan,nan,nan,nan,0.697872,1
1464,5996544,0,nan,nan,nan,nan,nan,nan,nan,0.703297,1
1488,6094848,0,nan,nan,nan,nan,nan,nan,nan,0.691653,1
1512,6193152,0,nan,nan,nan,nan,nan,nan,nan,0.693839,1
1536,6291456,0,nan,nan,nan,nan,nan,nan,nan,0.690748,1
1560,6389760,0,nan,nan,nan,nan,nan,nan,nan,0.692701,1
1584,6488064,0,nan,nan,nan,nan,nan,nan,nan,0.700786,1
1608,6586368,0,nan,nan,nan,nan,nan,nan,nan,0.691376,1
1632,6684672,0,nan,nan,nan,nan,nan,nan,nan,0.682663,1
1656,6782976,0,nan,nan,nan,nan,nan,nan,nan,0.692115,1
1680,6881280,0,nan,nan,nan,nan,nan,nan,nan,0.691066,1
1704,6979584,0,nan,nan,nan,nan,nan,nan,nan,0.680817,1
1728,7077888,0,nan,nan,nan,nan,nan,nan,nan,0.695613,1
1752,7176192,0,nan,nan,nan,nan,nan,nan,nan,0.682398,1
1776,7274496,0,nan,nan,nan,nan,nan,nan,nan,0.685045,1
1800,7372800,0,nan,nan,nan,nan,nan,nan,nan,0.690366,1
1824,7471104,0,nan,nan,nan,nan,nan,nan,nan,0.686724,1
1848,7569408,0,nan,nan,nan,nan,nan,nan,nan,0.687107,1
1872,7667712,0,nan,nan,nan,nan,nan,nan,nan,0.692919,1
1896,7766016,0,nan,nan,nan,nan,nan,nan,nan,0.687374,1
1920,7864320,0,nan,nan,nan,nan,nan,nan,nan,0.690889,1
1944,7962624,0,nan,nan,nan,nan,nan,nan,nan,0.673181,1
1968,8060928,0,nan,nan,nan,nan,nan,nan,nan,0.648622,1
1992,8159232,0,nan,nan,nan,nan,nan,nan,nan,0.641224,1
2016,8257536,0,nan,nan,nan,nan,nan,nan,nan,0.635378,1
2040,8355840,0,nan,nan,nan,nan,nan,nan,nan,0.643795,1
2064,8454144,0,nan,nan,nan,nan,nan,nan,nan,0.629694,1
2088,8552448,0,nan,nan,nan,nan,nan,nan,nan,0.626299,1
2112,8650752,0,nan,nan,nan,nan,nan,nan,nan,0.604738,1
2136,8749056,0,nan,nan,nan,nan,nan,nan,nan,0.613519,1
2160,8847360,0,nan,nan,nan,nan,nan,nan,nan,0.613526,1
2184,8945664,0,nan,nan,nan,nan,nan,nan,nan,0.61855,1
2208,9043968,0,nan,nan,nan,nan,nan,nan,nan,0.59501,1
2232,9142272,0,nan,nan,nan,nan,nan,nan,nan,0.608761,1
2256,9240576,0,nan,nan,nan,nan,nan,nan,nan,0.617329,1
2280,9338880,0,nan,nan,nan,nan,nan,nan,nan,0.589283,1
2304,9437184,0,nan,nan,nan,nan,nan,nan,nan,0.594895,1
2328,9535488,0,nan,nan,nan,nan,nan,nan,nan,0.584834,1
2352,9633792,0,nan,nan,nan,nan,nan,nan,nan,0.582353,1
2376,9732096,0,nan,nan,nan,nan,nan,nan,nan,0.582562,1
2400,9830400,0,nan,nan,nan,nan,nan,nan,nan,0.593395,1
2424,9928704,0,nan,nan,nan,nan,nan,nan,nan,0.58773,1
2448,10027008,0,nan,nan,nan,nan,nan,nan,nan,0.557938,1
2472,10125312,0,nan,nan,nan,nan,nan,nan,nan,0.586621,1
2496,10223616,0,nan,nan,nan,nan,nan,nan,nan,0.57867,1
2520,10321920,0,nan,nan,nan,nan,nan,nan,nan,0.595723,1
2544,10420224,0,nan,nan,nan,nan,nan,nan,nan,0.598905,1
2568,10518528,0,nan,nan,nan,nan,nan,nan,nan,0.581501,1
2592,10616832,0,nan,nan,nan,nan,nan,nan,nan,0.574439,1
2616,10715136,0,nan,nan,nan,nan,nan,nan,nan,0.592023,1
2640,10813440,0,nan,nan,nan,nan,nan,nan,nan,0.581788,1
2664,10911744,0,nan,nan,nan,nan,nan,nan,nan,0.542724,1
2688,11010048,0,nan,nan,nan,nan,nan,nan,nan,0.529302,1
2712,11108352,0,nan,nan,nan,nan,nan,nan,nan,0.536969,1
2736,11206656,0,nan,nan,nan,nan,nan,nan,nan,0.536228,1
2760,11304960,0,nan,nan,nan,nan,nan,nan,nan,0.57024,1
2784,11403264,0,nan,nan,nan,nan,nan,nan,nan,0.555307,1
2808,11501568,0,nan,nan,nan,nan,nan,nan,nan,0.536575,1
2832,11599872,0,nan,nan,nan,nan,nan,nan,nan,0.526512,0.999766
2856,11698176,0,nan,nan,nan,nan,nan,nan,nan,0.519133,0.999563
2880,11796480,0,nan,nan,nan,nan,nan,nan,nan,0.527956,0.999512
2904,11894784,0,nan,nan,nan,nan,nan,nan,nan,0.520704,0.999512
2928,11993088,0,nan,nan,nan,nan,nan,nan,nan,0.504517,0.999278
2952,12091392,0,nan,nan,nan,nan,nan,nan,nan,0.544445,0.999227
2976,12189696,0,nan,nan,nan,nan,nan,nan,nan,0.45495,0.998596
3000,12288000,0,nan,nan,nan,nan,nan,nan,nan,0.504612,0.997498
3024,12386304,0,nan,nan,nan,nan,nan,nan,nan,0.525308,0.995789
3048,12484608,0,nan,nan,nan,nan,nan,nan,nan,0.483555,0.991302
3072,12582912,0,nan,nan,nan,nan,nan,nan,nan,0.480131,0.986847
3096,12681216,0,nan,nan,nan,nan,nan,nan,nan,0.460464,0.983012
3120,12779520,0,nan,nan,nan,nan,nan,nan,nan,0.451929,0.976624
3144,12877824,0,nan,nan,nan,nan,nan,nan,nan,0.451565,0.969116
3168,12976128,0,nan,nan,nan,nan,nan,nan,nan,0.433438,0.96048
3192,13074432,0,nan,nan,nan,nan,nan,nan,nan,0.444396,0.952138
3216,13172736,0,nan,nan,nan,nan,nan,nan,nan,0.444853,0.941477
3240,13271040,0,nan,nan,nan,nan,nan,nan,nan,0.467382,0.929362
3264,13369344,0,nan,nan,nan,nan,nan,nan,nan,0.454493,0.916433
3288,13467648,0,nan,nan,nan,nan,nan,nan,nan,0.427624,0.904185
3312,13565952,0,nan,nan,nan,nan,nan,nan,nan,0.419094,0.889598
3336,13664256,0,nan,nan,nan,nan,nan,nan,nan,0.407151,0.873088
3360,13762560,0,nan,nan,nan,nan,nan,nan,nan,0.418656,0.855418
3384,13860864,0,nan,nan,nan,nan,nan,nan,nan,0.425813,0.838104
3408,13959168,0,nan,nan,nan,nan,nan,nan,nan,0.423595,0.81782
3432,14057472,0,nan,nan,nan,nan,nan,nan,nan,0.41644,0.793854
3456,14155776,0,nan,nan,nan,nan,nan,nan,nan,0.416745,0.770192
3480,14254080,0,nan,nan,nan,nan,nan,nan,nan,0.39029,0.744924
3504,14352384,0,nan,nan,nan,nan,nan,nan,nan,0.382087,0.718882
3528,14450688,0,nan,nan,nan,nan,nan,nan,nan,0.376573,0.695292
3552,14548992,0,nan,nan,nan,nan,nan,nan,nan,0.360061,0.669871
3576,14647296,0,nan,nan,nan,nan,nan,nan,nan,0.368831,0.642415
3600,14745600,0,nan,nan,nan,nan,nan,nan,nan,0.376024,0.61732
3624,14843904,0,nan,nan,nan,nan,nan,nan,nan,0.356758,0.594859
3648,14942208,0,nan,nan,nan,nan,nan,nan,nan,0.351724,0.57429
3672,15040512,0,nan,nan,nan,nan,nan,nan,nan,0.35947,0.551951
3696,15138816,0,nan,nan,nan,nan,nan,nan,nan,0.361052,0.526723
3720,15237120,0,nan,nan,nan,nan,nan,nan,nan,0.354263,0.502248
3744,15335424,0,nan,nan,nan,nan,nan,nan,nan,0.338948,0.481425
3768,15433728,0,nan,nan,nan,nan,nan,nan,nan,0.347667,0.459076
3792,15532032,0,nan,nan,nan,nan,nan,nan,nan,0.337709,0.436544
3816,15630336,0,nan,nan,nan,nan,nan,nan,nan,0.327207,0.417155
3840,15728640,0,nan,nan,nan,nan,nan,nan,nan,0.354996,0.395925
3864,15826944,0,nan,nan,nan,nan,nan,nan,nan,0.34116,0.377614
3888,15925248,0,nan,nan,nan,nan,nan,nan,nan,0.321704,0.359873
3912,16023552,0,nan,nan,nan,nan,nan,nan,nan,0.345665,0.341909
3936,16121856,0,nan,nan,nan,nan,nan,nan,nan,0.327677,0.325033
3960,16220160,0,nan,nan,nan,nan,nan,nan,nan,0.313209,0.310567
3984,16318464,0,nan,nan,nan,nan,nan,nan,nan,0.354531,0.298136
4008,16416768,0,nan,nan,nan,nan,nan,nan,nan,0.354868,0.286387
4032,16515072,0,nan,nan,nan,nan,nan,nan,nan,0.34043,0.273
4056,16613376,0,nan,nan,nan,nan,nan,nan,nan,0.341759,0.260925
4080,16711680,0,nan,nan,nan,nan,nan,nan,nan,0.334157,0.248708
4104,16809984,0,nan,nan,nan,nan,nan,nan,nan,0.324008,0.238373
4128,16908288,0,nan,nan,nan,nan,nan,nan,nan,0.338607,0.22937
4152,17006592,0,nan,nan,nan,nan,nan,nan,nan,0.328934,0.21933
4176,17104896,0,nan,nan,nan,nan,nan,nan,nan,0.327545,0.209941
4200,17203200,0,nan,nan,nan,nan,nan,nan,nan,0.325418,0.19986
4224,17301504,0,nan,nan,nan,nan,nan,nan,nan,0.330537,0.192149
4248,17399808,0,nan,nan,nan,nan,nan,nan,nan,0.309063,0.184804
4272,17498112,0,nan,nan,nan,nan,nan,nan,nan,0.306705,0.179057
4296,17596416,0,nan,nan,nan,nan,nan,nan,nan,0.320073,0.172668
4320,17694720,0,nan,nan,nan,nan,nan,nan,nan,0.312501,0.16687
4344,17793024,0,nan,nan,nan,nan,nan,nan,nan,0.302421,0.16216
4368,17891328,0,nan,nan,nan,nan,nan,nan,nan,0.306677,0.157603
4392,17989632,0,nan,nan,nan,nan,nan,nan,nan,0.307525,0.151886
4416,18087936,0,nan,nan,nan,nan,nan,nan,nan,0.315073,0.14857
4440,18186240,0,nan,nan,nan,nan,nan,nan,nan,0.307969,0.142639
4464,18284544,0,nan,nan,nan,nan,nan,nan,nan,0.312196,0.136698
4488,18382848,0,nan,nan,nan,nan,nan,nan,nan,0.30274,0.131531
4512,18481152,0,nan,nan,nan,nan,nan,nan,nan,0.300394,0.127787
4536,18579456,0,nan,nan,nan,nan,nan,nan,nan,0.31161,0.122752
4560,18677760,0,nan,nan,nan,nan,nan,nan,nan,0.300372,0.117839
4584,18776064,0,nan,nan,nan,nan,nan,nan,nan,0.313277,0.115885
4608,18874368,0,nan,nan,nan,nan,nan,nan,nan,0.307158,0.113942
4632,18972672,0,nan,nan,nan,nan,nan,nan,nan,0.30012,0.111949
4656,19070976,0,nan,nan,nan,nan,nan,nan,nan,0.289577,0.110738
4680,19169280,0,nan,nan,nan,nan,nan,nan,nan,0.29964,0.110463
4704,19267584,0,nan,nan,nan,nan,nan,nan,nan,0.292548,0.109721
4728,19365888,0,nan,nan,nan,nan,nan,nan,nan,0.309526,0.108561
4752,19464192,0,nan,nan,nan,nan,nan,nan,nan,0.31098,0.108612
4776,19562496,0,nan,nan,nan,nan,nan,nan,nan,0.297911,0.108154
4800,19660800,0,nan,nan,nan,nan,nan,nan,nan,0.311031,0.107045
4824,19759104,0,nan,nan,nan,nan,nan,nan,nan,0.302743,0.104757
4848,19857408,0,nan,nan,nan,nan,nan,nan,nan,0.298896,0.103333
4872,19955712,0,nan,nan,nan,nan,nan,nan,nan,0.302913,0.102122
4896,20054016,0,nan,nan,nan,nan,nan,nan,nan,0.297587,0.102763
4920,20152320,0,nan,nan,nan,nan,nan,nan,nan,0.299655,0.102997
4944,20250624,0,nan,nan,nan,nan,nan,nan,nan,0.313464,0.102112
4968,20348928,0,nan,nan,nan,nan,nan,nan,nan,0.304593,0.102895
4992,20447232,0,nan,nan,nan,nan,nan,nan,nan,0.31176,0.101257
5016,20545536,0,nan,nan,nan,nan,nan,nan,nan,0.300687,0.100576
5040,20643840,0,nan,nan,nan,nan,nan,nan,nan,0.302384,0.100433
5064,20742144,0,nan,nan,nan,nan,nan,nan,nan,0.294075,0.0973002
5088,20840448,0,nan,nan,nan,nan,nan,nan,nan,0.286484,0.0965983
5112,20938752,0,nan,nan,nan,nan,nan,nan,nan,0.304828,0.0959269
5136,21037056,0,nan,nan,nan,nan,nan,nan,nan,0.282913,0.0957642
5160,21135360,0,nan,nan,nan,nan,nan,nan,nan,0.304375,0.0949707
5184,21233664,0,nan,nan,nan,nan,nan,nan,nan,0.285932,0.0928243
5208,21331968,0,nan,nan,nan,nan,nan,nan,nan,0.294813,0.0924886
5232,21430272,0,nan,nan,nan,nan,nan,nan,nan,0.283959,0.0922546
5256,21528576,0,nan,nan,nan,nan,nan,nan,nan,0.285628,0.0918884
5280,21626880,0,nan,nan,nan,nan,nan,nan,nan,0.278558,0.0913188
5304,21725184,0,nan,nan,nan,nan,nan,nan,nan,0.292575,0.0915527
5328,21823488,0,nan,nan,nan,nan,nan,nan,nan,0.284171,0.0913798
5352,21921792,0,nan,nan,nan,nan,nan,nan,nan,0.300441,0.0920207
5376,22020096,0,nan,nan,nan,nan,nan,nan,nan,0.289262,0.0924276
5400,22118400,0,nan,nan,nan,nan,nan,nan,nan,0.275558,0.0920614
5424,22216704,0,nan,nan,nan,nan,nan,nan,nan,0.279524,0.0900777
5448,22315008,0,nan,nan,nan,nan,nan,nan,nan,0.288537,0.0895081
5472,22413312,0,nan,nan,nan,nan,nan,nan,nan,0.273259,0.0907694
5496,22511616,0,nan,nan,nan,nan,nan,nan,nan,0.290528,0.0907084
5520,22609920,0,nan,nan,nan,nan,nan,nan,nan,0.294862,0.0911357
5544,22708224,0,nan,nan,nan,nan,nan,nan,nan,0.292921,0.0914001
5568,22806528,0,nan,nan,nan,nan,nan,nan,nan,0.281461,0.0907694
5592,22904832,0,nan,nan,nan,nan,nan,nan,nan,0.2801,0.0907288
5616,23003136,0,nan,nan,nan,nan,nan,nan,nan,0.290026,0.089915
5640,23101440,0,nan,nan,nan,nan,nan,nan,nan,0.282367,0.0886637
5664,23199744,0,nan,nan,nan,nan,nan,nan,nan,0.288353,0.0860087
5688,23298048,0,nan,nan,nan,nan,nan,nan,nan,0.286314,0.083252
5712,23396352,0,nan,nan,nan,nan,nan,nan,nan,0.283901,0.0818075
5736,23494656,0,nan,nan,nan,nan,nan,nan,nan,0.294195,0.0818075
5760,23592960,0,nan,nan,nan,nan,nan,nan,nan,0.28744,0.0808818
5784,23691264,0,nan,nan,nan,nan,nan,nan,nan,0.278185,0.0791117
5808,23789568,0,nan,nan,nan,nan,nan,nan,nan,0.273312,0.0776774
5832,23887872,0,nan,nan,nan,nan,nan,nan,nan,0.266389,0.0763448
5856,23986176,0,nan,nan,nan,nan,nan,nan,nan,0.284024,0.0748088
5880,24084480,0,nan,nan,nan,nan,nan,nan,nan,0.269161,0.0733032
5904,24182784,0,nan,nan,nan,nan,nan,nan,nan,0.286023,0.0723063
5928,24281088,0,nan,nan,nan,nan,nan,nan,nan,0.283502,0.0709229
5952,24379392,0,nan,nan,nan,nan,nan,nan,nan,0.275255,0.0684509
5976,24477696,0,nan,nan,nan,nan,nan,nan,nan,0.283459,0.06545
6000,24576000,0,nan,nan,nan,nan,nan,nan,nan,0.255645,0.063029
6024,24674304,0,nan,nan,nan,nan,nan,nan,nan,0.277021,0.0614421
6048,24772608,0,nan,nan,nan,nan,nan,nan,nan,0.273867,0.0605265
6072,24870912,0,nan,nan,nan,nan,nan,nan,nan,0.286682,0.0597941
6096,24969216,0,nan,nan,nan,nan,nan,nan,nan,0.277084,0.0589498
6120,25067520,0,nan,nan,nan,nan,nan,nan,nan,0.282572,0.0585429
6144,25165824,0,nan,nan,nan,nan,nan,nan,nan,0.279265,0.0577291
6168,25264128,0,nan,nan,nan,nan,nan,nan,nan,0.271213,0.0575155
6192,25362432,0,nan,nan,nan,nan,nan,nan,nan,0.285846,0.0567627
6216,25460736,0,nan,nan,nan,nan,nan,nan,nan,0.284915,0.0555318
6240,25559040,0,nan,nan,nan,nan,nan,nan,nan,0.269376,0.0547791
6264,25657344,0,nan,nan,nan,nan,nan,nan,nan,0.280313,0.0537109
6288,25755648,0,nan,nan,nan,nan,nan,nan,nan,0.274803,0.0532939
6312,25853952,0,nan,nan,nan,nan,nan,nan,nan,0.282252,0.0531921
6336,25952256,0,nan,nan,nan,nan,nan,nan,nan,0.256255,0.0526021
6360,26050560,0,nan,nan,nan,nan,nan,nan,nan,0.288773,0.0511271
6384,26148864,0,nan,nan,nan,nan,nan,nan,nan,0.277158,0.0509745
6408,26247168,0,nan,nan,nan,nan,nan,nan,nan,0.273866,0.0511475
6432,26345472,0,nan,nan,nan,nan,nan,nan,nan,0.268711,0.0517273
6456,26443776,0,nan,nan,nan,nan,nan,nan,nan,0.282154,0.0504659
6480,26542080,0,nan,nan,nan,nan,nan,nan,nan,0.27546,0.0485942
6504,26640384,0,nan,nan,nan,nan,nan,nan,nan,0.257645,0.0476481
6528,26738688,0,nan,nan,nan,nan,nan,nan,nan,0.260535,0.0464783
6552,26836992,0,nan,nan,53.1294,2.03905,nan,3.176,0,0.263179,0.0452271
6576,26935296,0,nan,nan,47.2522,1.24375,nan,12.4038,0,0.264904,0.0454
6600,27033600,0,nan,nan,51.9111,1.28761,nan,15.1838,0,0.256096,0.0579732
6624,27131904,0,nan,nan,51.7457,1.25764,nan,13.6631,0,0.267665,0.0905965
6648,27230208,0,nan,nan,51.9659,1.19911,nan,13.818,0,0.262133,0.13028
6672,27328512,0,nan,nan,50.2903,1.19215,nan,12.8959,0,0.268706,0.164205
6696,27426816,0,nan,nan,48.7543,1.15384,nan,13.06,0,0.269868,0.200928
6720,27525120,0,nan,nan,50.9029,1.18073,nan,12.836,0,0.265906,0.23997
6744,27623424,0,nan,nan,51.7486,1.21521,nan,13.0552,0,0.270828,0.27714
6768,27721728,0,nan,nan,50.0349,1.12898,nan,12.4733,0,0.267895,0.319092
6792,27820032,0,0,nan,49.3724,1.17444,46.0155,12.7934,0,0.261378,0.359823
6816,27918336,0,nan,nan,49.1858,1.16668,nan,13.0325,0,0.263802,0.397552
6840,28016640,0,0,nan,48.3267,1.20105,32.4403,12.7101,0,0.269727,0.436747
6864,28114944,0,nan,nan,49.0938,1.13856,nan,12.4448,0,0.266737,0.471944
6888,28213248,0,nan,nan,47.1922,1.13605,nan,12.6077,0,0.26083,0.506337
6912,28311552,0,0,nan,48.3176,1.15786,18.6397,12.2018,0,0.260162,0.535278
6936,28409856,0,0,nan,50,1.17681,14.9858,12.8777,0,0.25905,0.564178
6960,28508160,0,0,nan,51.8545,1.16569,9.37236,13.0754,0,0.26463,0.590251
6984,28606464,0,nan,nan,50.5781,1.20183,nan,12.6509,0,0.261973,0.612345
7008,28704768,0,0,nan,48.3902,1.1942,24.7402,12.1346,0,0.258378,0.632518
7032,28803072,0,0,nan,51.3853,1.17923,28.2539,12.3721,0,0.26219,0.651265
7056,28901376,0,0,nan,49.0776,1.15897,20.325,11.7331,0,0.268268,0.668386
7080,28999680,0,0,nan,49.1454,1.13747,21.5305,11.9159,0,0.266504,0.682902
7104,29097984,0,0,nan,49.3071,1.14942,26.5631,12.4522,0,0.26352,0.695292
7128,29196288,0,0,nan,51.2221,1.14817,13.3087,12.1408,0,0.2648,0.711171
7152,29294592,0,0,nan,49.9768,1.15312,22.1117,12.246,0,0.265812,0.72641
7176,29392896,0,0,nan,48.9799,1.10167,35.9754,11.8936,0,0.258666,0.738566
7200,29491200,0,nan,nan,50.8544,1.15547,nan,11.8385,0,0.246245,0.753723
7224,29589504,0,nan,nan,50.3348,1.13266,nan,12.3837,0,0.261244,0.769155
7248,29687808,0,0,nan,49.0868,1.10421,9.1823,11.8996,0,0.271989,0.785227
7272,29786112,0,nan,nan,50.5469,1.14322,nan,12.3512,0,0.262014,0.797811
7296,29884416,0,0,nan,51.881,1.15867,28.5232,11.9257,0,0.250583,0.808624
7320,29982720,0,nan,nan,49.9122,1.16601,nan,12.0598,0,0.257982,0.818471
7344,30081024,0,0,nan,52.0315,1.12709,13.2964,11.9657,0,0.267617,0.826141
7368,30179328,0,0,nan,49.5875,1.12781,16.4279,11.6355,0,0.267673,0.834483
7392,30277632,0,0,nan,48.6357,1.12734,31.6898,11.8128,0,0.268323,0.84374
7416,30375936,0,0,nan,50.5334,1.15522,23.8539,11.2207,0,0.25031,0.851786
7440,30474240,0,0,nan,50.4437,1.14577,16.9275,11.3945,0,0.279071,0.858927
7464,30572544,0,0,nan,51.0552,1.14494,19.2904,11.6062,0,0.264042,0.867452
7488,30670848,0,0,nan,50.3909,1.14586,21.858,11.7367,0,0.27111,0.874542
7512,30769152,0,0,nan,50.7396,1.15328,19.5839,11.9085,0,0.266078,0.882009
7536,30867456,0,0,nan,49.7339,1.19258,25.8884,11.528,0,0.263841,0.88797
7560,30965760,0,0,nan,49.3954,1.13805,22.4965,11.8901,0,0.270651,0.893168
7584,31064064,0,0,nan,49.7897,1.09348,25.1939,11.6739,0,0.262766,0.899078
7608,31162368,0,0,nan,51.1376,1.13926,24.4492,11.1953,0,0.278603,0.904053
7632,31260672,0,0,nan,51.364,1.14497,22.6713,11.3992,0,0.262008,0.906362
7656,31358976,0,0,nan,52.4407,1.13285,28.2903,11.5728,0,0.261562,0.909058
7680,31457280,0,0,nan,49.5541,1.14922,25.6087,12.0174,0,0.264149,0.910207
7704,31555584,0,0,nan,53.4248,1.1107,21.9408,10.9351,0,0.278829,0.910268
7728,31653888,0,0,nan,50.5892,1.16299,19.246,11.4468,0,0.278928,0.908346
7752,31752192,0,0,nan,52.4743,1.1655,24.118,11.777,0,0.269462,0.908244
7776,31850496,0,0,nan,49.5646,1.19038,23.5473,12.0702,0,0.24711,0.907379
7800,31948800,0,0,nan,51.6164,1.16396,27.9958,11.3282,0,0.261194,0.906545
7824,32047104,0,0,nan,51.9876,1.16047,18.759,11.5502,0,0.280228,0.906942
7848,32145408,0,0,nan,50.9388,1.15301,23.755,11.6213,0,0.281985,0.907308
7872,32243712,0,0,nan,53.0182,1.18072,18.7278,11.6509,0,0.274318,0.906179
7896,32342016,0,0,nan,52.5232,1.16497,25.7533,11.6858,0,0.280519,0.905141
7920,32440320,0,0,nan,54.7238,1.17835,21.4887,11.5609,0,0.273329,0.905518
7944,32538624,0,0,nan,49.5896,1.22355,21.9419,12.0501,0,0.255602,0.905863
7968,32636928,0,0,nan,52.2271,1.213,27.5095,11.3707,0,0.279507,0.904633
7992,32735232,0,0,nan,51.5283,1.15399,24.2162,11.3838,0,0.26854,0.90214
8016,32833536,0,0,nan,50.6632,1.17939,22.8804,11.2147,0,0.265911,0.902018
8040,32931840,0,0,nan,52.2706,1.22456,20.7825,12.1541,0,0.265973,0.902893
8064,33030144,0,0,nan,50.8517,1.21087,17.9524,11.8021,0,0.26558,0.903717
8088,33128448,0,0,nan,49.6105,1.18518,18.9268,11.2,0,0.269114,0.90213
8112,33226752,0,0,nan,50.1644,1.11625,20.4591,11.2818,0,0.265416,0.898702
8136,33325056,0,0,nan,53.8546,1.15268,25.2734,10.9802,0,0.272851,0.898478
8160,33423360,0,0,nan,55.2958,1.16547,24.7781,11.7124,0,0.253903,0.899373
8184,33521664,0,0,nan,50.4953,1.10373,18.212,11.2626,0,0.280104,0.898509
8208,33619968,0,0,nan,57.2693,1.14023,21.3416,11.2503,0,0.278551,0.899943
8232,33718272,0,0,nan,54.5192,1.16502,22.3485,11.1883,0,0.268486,0.901927
8256,33816576,0,0,nan,53.8472,1.16477,21.0486,11.1033,0,0.273277,0.900859
8280,33914880,0,0,nan,59.4135,1.19271,19.2831,10.5642,0,0.274695,0.898641
8304,34013184,0,0,nan,61.2588,1.17377,23.8913,11.0875,0,0.278134,0.896749
8328,34111488,0,0,nan,56.0042,1.18869,18.77,11.1775,0,0.270771,0.893392
8352,34209792,0,0,nan,49.961,1.17396,19.2829,10.8999,0,0.293182,0.892598
8376,34308096,0,0,nan,54.0803,1.16926,18.7297,11.4313,0,0.289808,0.890015
8400,34406400,0,0,nan,56.3844,1.1509,22.2313,10.8402,0,0.277247,0.888326
8424,34504704,0,0,nan,54.3906,1.17251,21.2546,10.3696,0,0.279714,0.887461
8448,34603008,0,0,nan,49.5891,1.16073,23.5996,10.9569,0,0.268586,0.887024
8472,34701312,0,0,nan,57.3179,1.18817,23.5658,11.276,0,0.27936,0.883494
8496,34799616,0,0,nan,58.6625,1.16584,22.6533,9.91725,0,0.286311,0.881917
8520,34897920,0,0,nan,50.9727,1.14562,22.6054,10.0791,0,0.36412,0.878398
8544,34996224,0,0,nan,52.6668,1.22961,22.4006,11.0474,0,0.418673,0.876251
8568,35094528,0,0,nan,53.1425,1.12333,25.2047,10.4877,0,0.267177,0.874196
8592,35192832,0,0,nan,51.0502,1.17648,20.3632,10.9006,0,0.378477,0.87264
8616,35291136,0,0,nan,59.034,1.16328,24.0021,9.92076,0,0.337972,0.869436
8640,35389440,0,0,nan,59.064,1.13915,21.9629,9.71081,0,0.295064,0.865011
8664,35487744,0,0,nan,51.0423,1.09714,21.6497,10.2011,0,0.281517,0.861115
8688,35586048,0,0,nan,54.1285,1.25894,21.8127,10.269,0,0.318264,0.857859
8712,35684352,0,0,nan,54.9711,1.1697,23.097,10.2,0,0.273059,0.857147
8736,35782656,0,0,nan,54.7502,1.15558,21.2128,9.83823,0,0.287994,0.852834
8760,35880960,0,0,nan,55.1128,1.20089,20.0213,10.3594,0,0.297199,0.850026
8784,35979264,0,0,nan,55.0482,1.20764,21.7314,10.2848,0,0.308675,0.847829
8808,36077568,0,0,nan,53.0244,1.16947,21.4834,9.69224,0,0.295548,0.844462
8832,36175872,0,0,nan,51.1278,1.11297,22.3555,9.59031,0,0.284453,0.840861
8856,36274176,0,0,nan,56.4113,1.18761,22.1901,9.36884,0,0.283642,0.836192
8880,36372480,0,0,nan,54.7912,1.17314,21.5907,9.58804,0,0.284889,0.831299
8904,36470784,0,0,nan,55.5722,1.14794,22.5427,8.73521,0,0.32824,0.825094
8928,36569088,0,0,nan,57.193,1.11787,20.1804,8.87801,0,0.314673,0.820923
8952,36667392,0,0,nan,55.263,1.18992,22.1095,9.18856,0,0.314166,0.818542
8976,36765696,0,0,nan,55.6679,1.19626,22.3149,8.8551,0,0.292394,0.815084
9000,36864000,0,0,nan,57.9619,1.13613,22.1065,8.7885,0,0.288646,0.810567
9024,36962304,0,0,nan,55.1244,1.14722,19.309,8.95227,0,0.309078,0.803823
9048,37060608,0,0,nan,57.0637,1.11017,19.942,8.462,0,0.291021,0.79952
9072,37158912,0,0,nan,56.4364,1.21573,21.2077,8.31158,0,0.278066,0.796163
9096,37257216,0,0,nan,57.6088,1.10841,22.9618,7.51687,0,0.336084,0.793264
9120,37355520,0,0,nan,58.6585,1.18326,22.1359,8.26204,0,0.286703,0.787537
9144,37453824,0,0,nan,53.3233,1.15503,20.627,8.48909,0,0.295758,0.781026
9168,37552128,0,0,nan,56.3253,1.10283,21.5303,8.61632,0,0.302198,0.774648
9192,37650432,0,0,nan,59.0739,1.13879,22.4794,7.73869,0,0.305724,0.76884
9216,37748736,0,0,nan,53.0707,1.13475,19.7906,7.95741,0,0.311473,0.763468
9240,37847040,0,0,nan,53.6888,1.2096,20.5695,8.58149,0,0.284865,0.757029
9264,37945344,0,0,nan,52.7918,1.13936,19.7724,7.96476,0,0.302336,0.752462
9288,38043648,0,0,nan,55.0438,1.12832,20.9754,8.54847,0,0.287507,0.747121
9312,38141952,0,0,nan,52.2146,1.10893,21.2102,7.79339,0,0.300606,0.741597
9336,38240256,0,0,nan,56.6924,1.19107,21.108,8.43317,0,0.277462,0.734721
9360,38338560,0,0,nan,58.5508,1.16864,23.9085,7.79788,0,0.30804,0.728526
9384,38436864,0,0,nan,57.3392,1.19797,24.383,7.13698,0,0.308209,0.71991
9408,38535168,0,0,nan,52.9036,1.07006,21.1395,7.14909,0,0.301842,0.710246
9432,38633472,0,0,nan,53.0319,1.09879,20.4745,7.55398,0,0.291789,0.701487
9456,38731776,0,0,nan,55.5993,1.14944,21.8782,7.724,0,0.270021,0.696055
9480,38830080,0,0,nan,53.9586,1.12754,19.9115,7.29986,0,0.329658,0.688945
9504,38928384,0,0,nan,54.9284,1.1015,23.5272,6.71621,0,0.275785,0.678853
9528,39026688,0,0,nan,56.5498,1.12904,22.6539,7.5625,0,0.28469,0.670105
9552,39124992,0,0,nan,52.7851,1.11262,21.9713,7.22483,0,0.309828,0.663513
9576,39223296,0,0,nan,59.3303,1.15718,22.8089,7.00309,0,0.306668,0.65387
9600,39321600,0,0,nan,53.8589,1.14788,24.6301,6.78018,0,0.296605,0.64444
9624,39419904,0,0,nan,51.5606,1.22552,22.1997,7.51873,0,0.310026,0.639303
9648,39518208,0,0,nan,52.7658,1.10119,22.5153,6.27289,0,0.298343,0.63088
9672,39616512,0,0,nan,56.866,1.10259,21.2096,6.79447,0,0.292038,0.620809
9696,39714816,0,0,nan,52.5821,1.09102,21.8171,6.71964,0,0.30017,0.608754
9720,39813120,0,0,nan,51.3444,1.05055,20.1872,6.19042,0,0.295033,0.596313
9744,39911424,0,0,nan,50.4258,1.14837,20.7258,6.98823,0,0.303575,0.584503
9768,40009728,0,0,nan,54.2662,1.14732,21.9158,6.46976,0,0.297911,0.571859
9792,40108032,0,0,nan,51.3843,1.09792,21.2511,7.00518,0,0.301422,0.562602
9816,40206336,0,0,nan,45.394,1.06526,20.2869,6.77283,0,0.277698,0.550405
9840,40304640,0,0.00468835,nan,50.8949,1.10387,20.9498,6.45788,0,0.298831,0.538879
9864,40402944,0,0,nan,51.1078,1.0241,20.1607,6.33506,0,0.299813,0.529673
9888,40501248,0,0,nan,52.4096,1.09611,23.5244,6.05968,0,0.286944,0.519653
9912,40599552,0,0,nan,52.0329,1.10439,21.9866,6.30937,0,0.292994,0.510651
9936,40697856,0,0,nan,54.8637,1.12398,23.533,5.64428,0,0.297553,0.497721
9960,40796160,0,0,nan,51.735,1.09139,22.3019,6.25663,0,0.292789,0.485453
9984,40894464,0,0,nan,45.4934,1.06558,20.5264,6.38683,0,0.276478,0.477824
10008,40992768,0,0,nan,49.4867,1.16256,22.8288,6.09223,0,0.302329,0.466054
10032,41091072,0,0,nan,50.0072,1.0638,21.8023,6.03195,0,0.308643,0.456512
10056,41189376,0,0,nan,50.9008,1.13052,21.9692,5.85091,0,0.292826,0.446289
10080,41287680,0,0,nan,47.1012,1.15333,19.9385,6.83059,0,0.318263,0.438344
10104,41385984,0,0,nan,48.1574,1.08223,21.7824,6.20369,0,0.285088,0.429942
10128,41484288,3.05176e-05,0,nan,45.8115,1.04846,21.1264,6.4059,0,0.318182,0.422211
10152,41582592,0.000244141,0,nan,44.2047,1.08166,19.7254,6.42665,0,0.281629,0.412638
10176,41680896,0.000244141,0,nan,47.0314,1.09667,22.4496,5.90912,0,0.293314,0.401286
10200,41779200,0.000244141,0,nan,50.6242,1.09277,20.9773,5.5751,0,0.414233,0.389801
10224,41877504,0.000427246,0,nan,43.7901,1.02416,20.5919,6.09205,0,0.285943,0.380717
10248,41975808,0.000488281,0,nan,44.2164,1.03496,20.3462,5.99312,0,0.297227,0.370768
10272,42074112,0.000488281,0,nan,41.336,0.986734,20.1146,5.68621,0,0.281203,0.362895
10296,42172416,0.000488281,0,nan,43.4777,1.04769,22.276,6.13616,0,0.277289,0.35493
10320,42270720,0.000488281,0,nan,45.2862,1.0566,20.9265,5.99929,0,0.279927,0.346578
10344,42369024,0.000488281,0,nan,43.3666,1.0753,21.2974,6.02988,0,0.28637,0.339233
10368,42467328,0.000488281,0,nan,46.7385,1.07877,21.8879,6.09168,0,0.273638,0.33312
10392,42565632,0.000488281,0,nan,41.2278,1.02525,19.5625,6.03976,0,0.283378,0.326579
10416,42663936,0.000488281,0,nan,43.7133,1.06178,20.0959,5.67306,0,0.273696,0.320536
10440,42762240,0.000488281,0,nan,39.5573,1.02782,21.079,5.50184,0,0.287755,0.314321
10464,42860544,0.000488281,0,nan,41.9934,1.04674,20.5472,5.60018,0,0.282775,0.305603
10488,42958848,0.000488281,0,nan,42.2947,1.05761,19.2153,5.73065,0,0.285715,0.296692
10512,43057152,0.000549316,0,nan,41.1794,1.05137,19.7671,5.59331,0,0.277597,0.289032
10536,43155456,0.000732422,0,nan,40.2737,1.02872,20.7584,6.13753,0,0.312336,0.283234
10560,43253760,0.000752767,0,nan,40.9337,1.06803,21.1897,5.88866,0,0.272313,0.277578
10584,43352064,0.00112915,0,nan,42.0234,1.06305,21.3082,5.6026,0,0.27387,0.268901
10608,43450368,0.00136312,0,nan,44.9713,1.09034,20.7073,5.765,0.0226774,0.280707,0.260681
10632,43548672,0.00145467,0,nan,39.958,1.03568,19.6722,5.28972,0,0.280741,0.253042
10656,43646976,0.00146484,0,nan,45.2931,1.04076,22.2182,5.53561,0,0.275012,0.247304
10680,43745280,0.00132243,0,nan,42.9184,1.09241,22.3053,5.76216,0.0120507,0.274186,0.241516
10704,43843584,0.00130208,0,nan,44.4949,1.01134,21.7201,5.47944,0,0.288365,0.234721
10728,43941888,0.00163778,0,nan,42.8063,1.06434,22.6235,5.22141,0,0.300639,0.228271
10752,44040192,0.00171916,0,nan,40.6585,1.05026,22.6137,5.50544,0,0.296688,0.220785
10776,44138496,0.00195312,0,nan,40.5867,1.00849,19.6421,5.60298,0,0.273946,0.213572
10800,44236800,0.00205485,0,nan,41.8464,1.03534,20.8135,5.73109,0,0.283905,0.208608
10824,44335104,0.00236003,0,nan,40.7673,1.03471,21.8753,5.8584,0.101471,0.279826,0.204315
10848,44433408,0.00244141,0,nan,39.1163,0.98794,20.9483,5.35269,0,0.267692,0.198079
10872,44531712,0.00246175,0,nan,39.9357,1.03105,21.6809,5.9514,0,0.281993,0.191996
10896,44630016,0.00268555,0,nan,38.1067,1.03428,19.8073,5.5051,0,0.297406,0.187246
10920,44728320,0.00268555,0,nan,39.6874,0.994078,20.6318,5.4587,0,0.268485,0.183411
10944,44826624,0.00305176,0,nan,38.903,1.00054,21.2754,5.55322,0,0.265924,0.182424
10968,44924928,0.0034078,0,nan,37.8691,1.04154,21.4505,5.54975,0,0.300952,0.177816
10992,45023232,0.00341797,0,nan,39.3578,0.985136,22.3341,5.22183,0,0.27268,0.172618
11016,45121536,0.00341797,0,nan,36.5516,1.0521,20.8144,5.80518,0,0.271547,0.169098
11040,45219840,0.00356038,0,nan,37.8147,1.03556,21.7067,5.28159,0,0.269502,0.164693
11064,45318144,0.00382487,0,nan,39.4507,1.01314,22.2896,5.30737,0,0.252195,0.162211
11088,45416448,0.0041097,0,nan,39.3213,1.07352,21.0657,5.45849,0,0.286856,0.159658
11112,45514752,0.00423177,0,nan,37.289,1.05461,20.4786,5.81555,0,0.287837,0.154348
11136,45613056,0.00452677,0,nan,38.9674,1.04382,21.0246,5.46574,0,0.293341,0.148153
11160,45711360,0.00482178,0,nan,38.0133,1.1022,19.6908,5.73613,0.00738004,0.258801,0.142527
11184,45809664,0.00488281,0,nan,36.9679,1.00667,19.822,5.53018,0,0.271093,0.139119
11208,45907968,0.00463867,0,nan,38.1679,1.04652,20.7448,5.44921,0.0385665,0.273545,0.134939
11232,46006272,0.00510661,0,nan,39.6041,1.05689,19.3795,5.75727,0,0.282375,0.130605
11256,46104576,0.00621541,0,nan,36.4175,1.01566,20.3489,5.39174,0,0.286908,0.127757
11280,46202880,0.00634766,0,nan,38.1358,1.08492,22.1083,5.2803,0,0.276134,0.124135
11304,46301184,0.00634766,0,nan,36.3023,0.994677,20.7118,5.28833,0,0.277408,0.120412
11328,46399488,0.00651042,0,nan,33.6109,0.927638,19.8402,5.49236,0.0253021,0.252104,0.116486
11352,46497792,0.0065918,0,nan,34.4201,1.00135,19.6163,5.33276,0,0.286689,0.113505
11376,46596096,0.0067749,0,nan,36.7179,1.01348,20.4128,5.20923,0.000425873,0.278298,0.109406
11400,46694400,0.00696818,0,nan,34.0352,0.959603,19.0597,5.35692,0,0.261896,0.106333
11424,46792704,0.0077006,0,nan,35.7279,1.08257,19.9608,5.56122,0.0293079,0.291118,0.10439
11448,46891008,0.00828044,0,nan,34.1442,0.907098,19.335,5.11294,0,0.254554,0.102132
11472,46989312,0.00859578,0,nan,37.6049,0.986222,20.5391,5.21924,0,0.253785,0.0997721
11496,47087616,0.00878906,0,nan,34.6474,1.00457,18.7965,5.49272,0,0.256887,0.0985718
11520,47185920,0.00897217,0,nan,37.4869,1.05699,20.896,5.61905,0.00502057,0.256219,0.0968628
11544,47284224,0.00933838,0,nan,35.7135,0.990872,20.5786,5.7459,0,0.27198,0.0931091
11568,47382528,0.00956217,0,nan,34.8145,1.02072,19.898,5.38152,0,0.258987,0.0908203
11592,47480832,0.00976562,0,nan,35.4665,0.993204,20.137,5.16734,0.0234178,0.252382,0.0904744
11616,47579136,0.00993856,0,nan,36.7176,1.00384,19.3723,5.30614,0.0300781,0.254407,0.0893148
11640,47677440,0.010437,0,nan,32.9515,1.00476,18.3428,5.25862,0.00851254,0.288987,0.0876058
11664,47775744,0.0109151,0,nan,35.8014,0.992303,19.8846,5.42924,0.00190812,0.261974,0.0855713
11688,47874048,0.0111287,0,nan,35.2944,0.9869,21.0455,5.16762,0.00182655,0.267081,0.0836589
11712,47972352,0.0115865,0,nan,34.5736,0.998974,20.1662,5.12768,0,0.259809,0.0808716
11736,48070656,0.0119222,0,nan,34.8968,0.997402,19.2584,5.24091,0,0.26737,0.0779724
11760,48168960,0.0128072,0,nan,31.7906,0.960495,18.7884,5.14703,0.0648078,0.282837,0.0754496
11784,48267264,0.013621,0,nan,38.9688,1.01869,19.1406,5.57636,0,0.260919,0.0733948
11808,48365568,0.0152893,0,nan,34.7776,1.01799,19.4237,5.49842,0.235136,0.252795,0.0706685
11832,48463872,0.0158285,0,nan,32.0693,0.945995,17.9151,5.16053,0.0475808,0.242724,0.0672099
11856,48562176,0.0163269,0,nan,31.3712,0.964783,18.4077,5.29349,0.033466,0.254831,0.0653381
11880,48660480,0.0169678,0,nan,32.6824,0.972324,18.7002,5.22249,0.027195,0.255821,0.0617981
11904,48758784,0.0174662,0,0,35.045,0.999405,20.5133,5.36729,0.0790394,0.251742,0.0609029
11928,48857088,0.0175985,0,nan,32.7475,0.977886,19.3593,5.17812,0.156455,0.25877,0.058787
11952,48955392,0.0180562,0,nan,32.6675,0.983773,17.7537,5.49002,0.0278188,0.263985,0.0555725
11976,49053696,0.0188904,0,nan,32.6128,0.976969,18.6418,5.17302,0.107828,0.300557,0.0548604
12000,49152000,0.0197754,0,nan,34.8707,0.992854,19.7395,5.17105,0.0143738,0.24723,0.0536397
12024,49250304,0.0205587,0,nan,31.0638,0.986797,18.1976,5.40361,0.0360704,0.252753,0.0522868
12048,49348608,0.0211894,0,nan,32.9931,0.956958,19.2356,5.03295,0.0108786,0.256599,0.0514526
12072,49446912,0.0227356,0,nan,34.1955,0.956824,19.3591,5.16634,0.0135186,0.258329,0.0499674
12096,49545216,0.0236003,0,nan,33.7292,0.962862,19.0801,5.26332,0,0.245961,0.0483805
12120,49643520,0.0234375,0,nan,31.9802,0.967576,18.5144,5.02521,0.00654936,0.25782,0.046875
12144,49741824,0.0244141,0,nan,34.286,1.00271,20.8556,5.05053,0.0519232,0.252196,0.0455221
12168,49840128,0.0254415,0,nan,34.8915,1.00851,19.4805,5.19821,0,0.251716,0.043925
12192,49938432,0.0262349,0,nan,32.508,0.973574,20.0181,5.35792,0.0291788,0.245607,0.0436808
12216,50036736,0.0274556,0,nan,33.0687,0.948645,18.5216,5.20346,0.0710599,0.251911,0.0423279
12240,50135040,0.0286764,0,0,32.0731,0.930457,19.2697,4.96824,0.0904612,0.253465,0.0412191
12264,50233344,0.0295919,0,nan,33.1466,0.944296,18.8012,5.18612,0.0829188,0.249566,0.0403544
12288,50331648,0.0298767,0,nan,32.6906,0.949428,19.4907,5.12995,0,0.260011,0.039683
12312,50429952,0.0300903,0,nan,32.403,0.966075,19.2982,5.16108,0.205756,0.261857,0.0388387
12336,50528256,0.0307312,0,nan,34.118,0.958867,20.6369,5.26931,0.0844996,0.244878,0.0390116
12360,50626560,0.0312093,0,nan,31.6732,0.93826,19.0692,4.97838,0.0102003,0.258883,0.0380554
12384,50724864,0.0315959,0,nan,33.576,1.02027,20.0053,5.24448,0,0.251161,0.0374858
12408,50823168,0.032725,0,nan,32.7027,0.934969,19.7725,5.03584,0.105387,0.239528,0.0360616
12432,50921472,0.0336914,0,nan,35.0227,1.03706,21.1385,5.11384,0.209441,0.236597,0.0350444
12456,51019776,0.0342712,0,nan,32.6974,0.943403,19.2452,4.99699,0.0644215,0.244977,0.0344238
12480,51118080,0.0347087,0,nan,31.167,0.933494,19.4954,4.97931,0.10752,0.239399,0.0338542
12504,51216384,0.0357056,0,nan,30.3679,0.927086,16.8687,4.81806,0,0.248448,0.0329895
12528,51314688,0.0368551,0,nan,32.8106,0.959246,18.6314,4.99583,0.0192321,0.245266,0.0320333
12552,51412992,0.0371399,0,nan,33.8834,0.997724,21.023,4.83552,0.0417995,0.250779,0.0314636
12576,51511296,0.0379639,0,nan,34.0984,0.97471,21.3939,5.11415,0.097183,0.233938,0.0299988
12600,51609600,0.0386963,0,nan,32.215,0.954254,19.0059,5.12481,0.0545471,0.255866,0.0297343
12624,51707904,0.0395406,0,nan,34.029,0.977509,20.34,4.83687,0.196778,0.263221,0.0296021
12648,51806208,0.0407613,0,nan,34.9898,0.981982,21.2388,5.10127,0.160223,0.252314,0.0299174
12672,51904512,0.0419312,0,nan,32.5576,0.961921,19.5879,4.97537,0.0512087,0.24774,0.0298971
12696,52002816,0.0435384,0,nan,35.0124,1.0093,19.7098,5.11982,0.150757,0.244451,0.0295919
12720,52101120,0.0453796,0,nan,36.6628,0.963617,19.9924,4.91011,0,0.245718,0.0293884
12744,52199424,0.0458374,0,nan,31.3451,0.959285,18.5237,5.02388,0.170662,0.25455,0.0287272
12768,52297728,0.0466512,0,0,34.1243,0.945445,19.3773,4.78017,0.0849623,0.247935,0.0286255
12792,52396032,0.0476074,0,nan,31.4825,0.929572,18.2951,5.2125,0.138693,0.253204,0.0287984
12816,52494336,0.0494385,0,nan,31.6955,0.948516,19.4678,4.96205,0.512943,0.24783,0.0283712
12840,52592640,0.05071,0,nan,32.1864,0.918888,18.8227,5.0583,0.577684,0.247525,0.0283712
12864,52690944,0.0513,0,nan,31.5157,0.921447,18.5151,4.96542,0.109888,0.238796,0.0286153
12888,52789248,0.0517476,0,nan,34.1023,0.995278,19.8305,4.98186,0.196702,0.234366,0.0281881
12912,52887552,0.0528666,0,nan,34.508,0.976501,20.6028,5.12022,0.270919,0.235437,0.027537
12936,52985856,0.0542908,0,nan,31.719,0.949045,17.5095,5.12036,0.17431,0.240273,0.028005
12960,53084160,0.0553385,0,nan,33.3324,0.969677,19.6273,5.11667,0.26689,0.244899,0.0282186
12984,53182464,0.056071,0,nan,31.037,0.93812,17.7863,5.00862,0.506168,0.247234,0.0279541
13008,53280768,0.0569661,0,nan,30.6698,0.904199,18.0851,4.79742,0.0835478,0.236258,0.027476
13032,53379072,0.0582174,0,nan,29.293,0.897242,16.9136,4.91931,0.181519,0.236965,0.0274963
13056,53477376,0.0588786,0,nan,31.1493,0.998014,18.7489,5.03951,0.171709,0.233941,0.0272624
13080,53575680,0.0600179,0,nan,31.3291,0.900995,18.2266,4.92988,0.179337,0.255243,0.0261332
13104,53673984,0.0609945,0,nan,31.5696,0.941003,18.7541,5.00058,0.0777724,0.250226,0.0261027
13128,53772288,0.0618998,0,nan,31.434,0.919381,18.9357,4.95031,0.0679905,0.238648,0.0256042
13152,53870592,0.0631002,0,0,30.559,0.893272,18.1319,4.71573,0.213435,0.244166,0.025767
13176,53968896,0.0642293,0,nan,30.6061,0.952594,18.2899,5.02669,0.168932,0.23851,0.0258077
13200,54067200,0.0644938,0,nan,31.7236,0.912213,18.0546,4.68614,0.176233,0.244869,0.0259908
13224,54165504,0.0654093,0,nan,32.947,0.975513,18.2451,4.88259,0.21413,0.240462,0.0252991
13248,54263808,0.0663757,0,nan,30.7138,0.919254,17.9762,5.04463,0.326019,0.257366,0.0251465
13272,54362112,0.0673014,0,nan,30.8602,0.971908,18.7454,5.13214,0.342676,0.240834,0.0252075
13296,54460416,0.0684306,0,nan,32.5001,0.940185,18.5383,4.74851,0,0.231286,0.0249125
13320,54558720,0.069163,0,0,31.8202,0.931124,19.1562,4.77053,0.192638,0.237713,0.024353
13344,54657024,0.0701701,0,nan,30.9559,0.917462,18.2371,4.85963,0.184559,0.241428,0.0237122
13368,54755328,0.0711263,0,nan,28.3184,0.90967,16.9739,4.84217,0.0874653,0.233276,0.0240885
13392,54853632,0.0723368,0,nan,30.7317,0.887131,18.3796,4.84918,0.185147,0.245959,0.0240072
13416,54951936,0.0735982,0,0,32.3457,0.93687,19.4482,4.73875,0.42559,0.245194,0.0250041
13440,55050240,0.0747579,0,nan,31.8216,0.942959,20.0284,4.84277,0.166451,0.219878,0.0247091
13464,55148544,0.076589,0,nan,31.2854,0.955515,18.4506,4.9616,0.193679,0.230125,0.0245361
13488,55246848,0.0779012,0,nan,31.106,0.946636,19.4762,5.06689,0.0891493,0.244918,0.0246175
13512,55345152,0.0793254,0,nan,29.6737,0.931774,17.4722,5.19624,0.190481,0.248971,0.0249329
13536,55443456,0.0813395,0,nan,29.3298,0.917075,18.181,5.01041,0.163278,0.231105,0.0252177
13560,55541760,0.0833537,0,nan,29.0669,0.911834,17.8111,5.16608,0.151458,0.228123,0.0249939
13584,55640064,0.0857646,0,0,30.0241,0.981371,18.1165,4.99472,0.465381,0.245903,0.024587
13608,55738368,0.0876465,0,nan,30.6997,0.938791,18.4686,5.01334,0.314934,0.223447,0.0237732
13632,55836672,0.0894369,0,nan,30.1971,0.942217,19.0753,4.99307,0.370577,0.234416,0.0231222
13656,55934976,0.0918274,0,nan,32.3717,0.933096,19.6076,4.79365,0.420668,0.236943,0.0222778
13680,56033280,0.0932617,0,nan,30.3711,1.03028,19.2739,5.13537,0.260506,0.234824,0.0216064
13704,56131584,0.0939331,0,nan,29.8569,0.990756,18.1388,5.16558,0.255781,0.229031,0.0207926
13728,56229888,0.0950317,0,nan,28.7726,0.8981,17.2304,4.76717,0.687398,0.24826,0.0209147
13752,56328192,0.0960999,0,nan,28.833,0.936597,17.1979,5.07708,0.607795,0.229749,0.0207316
13776,56426496,0.0975138,0,nan,29.3108,0.94991,18.5524,4.93964,0.204623,0.228585,0.0206095
13800,56524800,0.098175,0,0,30.2728,1.00994,18.6842,5.0398,0.315247,0.238614,0.0195312
13824,56623104,0.0990194,0,nan,29.2057,0.932949,18.163,5.20667,0.423518,0.241028,0.01946
13848,56721408,0.100596,0,nan,28.6019,0.94157,17.3025,5.21637,0.471301,0.238583,0.0192261
13872,56819712,0.102804,0,nan,30.1227,0.95332,18.9275,4.89463,0.724789,0.227196,0.0196228
13896,56918016,0.104421,0,nan,29.1791,0.9051,17.611,4.87082,0.443728,0.225413,0.0196533
13920,57016320,0.10616,0,nan,27.7004,0.958483,16.9664,5.10191,0.123999,0.234771,0.0186462
13944,57114624,0.108053,0,nan,30.2627,0.940159,17.3544,5.09043,0.439061,0.227481,0.0180969
13968,57212928,0.109294,0,nan,29.2888,0.95047,17.2471,4.66131,0.297887,0.234258,0.0174357
13992,57311232,0.110362,0,0,28.321,0.884751,16.9525,4.96875,1.03177,0.246303,0.017395
14016,57409536,0.111572,0,0,29.0087,0.896888,16.8829,4.81901,0.522811,0.231856,0.0173645
14040,57507840,0.1138,0,0,28.8443,0.95096,18.0115,5.13724,0.510034,0.2316,0.0172628
14064,57606144,0.116455,0,nan,29.2797,0.989348,16.7229,5.03975,0.398798,0.239344,0.017334
14088,57704448,0.117859,0,nan,29.7602,0.964854,18.1867,5.08928,0.779054,0.235182,0.0173747
14112,57802752,0.118866,0,nan,27.7316,0.936822,17.2337,5.02303,0.451209,0.225011,0.017395
14136,57901056,0.119985,0,nan,28.7509,0.949325,16.9555,5.17837,0.294882,0.240251,0.0176086
14160,57999360,0.121287,0,nan,30.529,1.0489,19.9392,4.95715,0.174677,0.246891,0.0174357
14184,58097664,0.122935,0,nan,30.7885,1.00089,19.3202,5.10564,0.322749,0.241932,0.0169983
14208,58195968,0.124603,0,nan,28.5132,0.970314,17.354,4.93253,0.258806,0.226152,0.0165507
14232,58294272,0.126058,0,0,28.9567,0.914127,17.0806,4.99827,0.458776,0.241087,0.0167338
14256,58392576,0.127228,0,0,28.8248,0.985576,17.8741,5.15784,0.479501,0.232633,0.016571
14280,58490880,0.128693,0,nan,29.3643,0.94358,18.5405,4.83557,0.432499,0.240477,0.0163371
14304,58589184,0.130747,0,nan,28.4627,0.931462,16.9517,5.04629,0.31971,0.257675,0.0161641
14328,58687488,0.131348,0,0,26.2557,0.926133,15.7403,4.95929,0.601777,0.231978,0.0173136
14352,58785792,0.131734,0,nan,27.8316,0.956532,17.2557,4.80976,0.269818,0.245717,0.0171509
14376,58884096,0.132507,0,nan,28.6506,0.957874,16.9572,4.95834,0.44071,0.24885,0.0166524
14400,58982400,0.133128,0,nan,28.9632,0.923971,16.4823,5.2319,0.450302,0.222195,0.0168762
14424,59080704,0.134684,0,nan,27.3622,0.908327,16.6768,5.0687,0.519902,0.225097,0.017039
14448,59179008,0.137024,0,0,26.8251,0.936141,15.1623,5.12799,0.430543,0.243999,0.0180155
14472,59277312,0.139445,0,nan,27.5853,0.898513,17.2274,4.80198,0.548879,0.227812,0.0182088
14496,59375616,0.140778,0,0,26.3805,0.912253,15.7366,5.01673,0.644704,0.23122,0.0181986
14520,59473920,0.143606,0,0,27.8469,0.907442,16.656,5.03214,0.231762,0.224057,0.0179647
14544,59572224,0.145935,0,nan,28.5038,0.989203,17.2391,5.1086,0.557576,0.225366,0.0181173
14568,59670528,0.148193,0,0,27.1791,0.970656,16.2018,5.14298,0.491689,0.222842,0.0182902
14592,59768832,0.149506,0,0,27.3039,0.918358,15.8488,4.6758,0.852569,0.238541,0.0185445
14616,59867136,0.151815,0,0,27.766,0.950355,17.7276,4.92201,0.798429,0.241351,0.0183207
14640,59965440,0.154327,0,nan,28.0699,1.01138,16.724,5.12541,0.584006,0.234748,0.0184224
14664,60063744,0.155955,0,0,28.7667,0.989734,17.8714,5.04526,0.693259,0.220322,0.0186157
14688,60162048,0.157511,0,nan,26.6559,0.913995,15.5737,4.6191,0.470747,0.227108,0.0181274
14712,60260352,0.159932,0,0,28.0522,0.953377,17.531,4.79828,0.621898,0.226161,0.0181681
14736,60358656,0.162201,0,nan,26.2503,0.916305,16.3953,4.85435,0.477267,0.225827,0.0179952
14760,60456960,0.163737,0,0,25.7282,0.910362,15.7942,4.97634,0.493007,0.238413,0.0176595
14784,60555264,0.165721,0,nan,28.1362,0.899372,17.2308,4.85636,0.328015,0.230942,0.017334
14808,60653568,0.167338,0,nan,27.8848,0.965603,16.4941,4.83755,0.409606,0.228401,0.017334
14832,60751872,0.168447,0,0,26.3416,0.893745,15.4004,4.9931,0.760341,0.252155,0.017334
14856,60850176,0.170746,0,0,26.4236,0.944054,15.9558,4.87986,0.922555,0.219602,0.0167847
14880,60948480,0.172475,0,0,27.4533,0.921477,16.1773,4.77371,0.909723,0.22999,0.0162862
14904,61046784,0.174988,0,0,28.3218,0.898331,18.117,4.71232,0.869116,0.226976,0.0161133
14928,61145088,0.177419,0,0,24.7507,0.891692,14.8974,4.82665,0.709748,0.231356,0.0166117
14952,61243392,0.18041,0,nan,27.607,0.90237,17.009,4.74187,1.16763,0.231598,0.0168762
14976,61341696,0.182139,0,0,26.7452,0.891193,16.42,4.72638,0.650348,0.248178,0.0171509
15000,61440000,0.18516,0,nan,27.9568,0.938503,16.4913,4.88356,1.05355,0.231633,0.0168152
15024,61538304,0.186625,0,0,27.427,0.895225,17.3231,4.77703,0.978719,0.220593,0.0167033
15048,61636608,0.188304,0,nan,25.9481,0.928855,16.2478,4.80579,0.829968,0.236459,0.0166626
15072,61734912,0.190287,0,nan,28.1851,0.893716,16.6844,4.7975,0.918605,0.232716,0.0169067
15096,61833216,0.192841,0,0,26.4326,0.92339,15.9836,4.82953,0.955212,0.22847,0.0171509
15120,61931520,0.196116,0,0,26.6196,0.937611,15.443,4.91801,0.7568,0.226407,0.0174764
15144,62029824,0.199392,0,0,26.6763,0.953099,16.0869,4.77904,0.798097,0.227456,0.0177104
15168,62128128,0.202413,0,nan,26.8446,0.877298,16.9368,4.68034,0.605693,0.223767,0.0179647
15192,62226432,0.204712,0,nan,28.2966,0.918825,17.3849,4.70625,0.375697,0.229849,0.017985
15216,62324736,0.20816,0,0,28.2052,0.959614,15.8581,5.05456,1.35102,0.219757,0.0182292
15240,62423040,0.2105,0,nan,24.4726,0.903459,14.1628,4.93771,0.976978,0.232387,0.0183818
15264,62521344,0.212718,0,0,28.3743,0.9271,17.0035,4.53703,0.898968,0.223853,0.018514
15288,62619648,0.214712,0,nan,26.4574,0.91913,16.352,5.05713,0.688443,0.231149,0.0187683
15312,62717952,0.217631,0,0,26.9898,0.933028,16.374,4.54291,0.611537,0.213874,0.0180868
15336,62816256,0.220317,0,0,28.8603,0.982195,16.1395,5.38269,0.76426,0.215498,0.0172119
15360,62914560,0.223287,0,0,27.1147,0.983629,16.3327,4.98178,1.39197,0.218928,0.0172831
15384,63012864,0.226451,0,0,26.5805,0.953838,16.1268,4.75562,0.749833,0.235837,0.0174967
15408,63111168,0.229045,0,nan,26.2726,0.883619,15.4188,4.76199,0.793492,0.22781,0.0170186
15432,63209472,0.232727,0,nan,26.209,0.966381,16.3046,4.86058,1.10642,0.244248,0.0161743
15456,63307776,0.236379,0,0,27.2749,1.01544,17.1016,4.90249,0.703663,0.221509,0.0153097
15480,63406080,0.238495,0,nan,28.7449,0.973214,16.0804,4.83257,0.705413,0.221426,0.0150553
15504,63504384,0.24116,0,0,25.5593,0.917372,15.2581,4.99137,1.43195,0.216395,0.0147196
15528,63602688,0.244659,0,0,25.9385,0.93522,15.648,4.84339,0.754707,0.224448,0.0145874
15552,63700992,0.248352,0.00672511,nan,25.5951,0.917357,15.3846,5.04332,0.47022,0.222342,0.0141195
15576,63799296,0.250936,0,nan,27.4334,0.927259,14.814,4.9466,1.46219,0.238991,0.0138041
15600,63897600,0.253306,0,0,25.678,0.928295,15.2053,4.75023,1.20069,0.231616,0.0139669
15624,63995904,0.255168,0,nan,26.2041,0.937001,14.9371,5.04133,0.900014,0.24668,0.0144755
15648,64094208,0.259033,0.00513439,0,23.9621,1.02401,13.4382,5.1633,1.41114,0.242706,0.0143738
15672,64192512,0.262014,0,nan,26.6396,0.999106,16.1359,4.88129,0.80764,0.218409,0.0141602
15696,64290816,0.265279,0,nan,25.1659,0.912733,14.3463,5.04291,1.33766,0.234454,0.0141602
15720,64389120,0.268351,0,0,23.7736,0.866316,13.9617,4.74673,1.01508,0.221363,0.01415
15744,64487424,0.27063,0,0,25.4251,0.913694,14.8533,4.7596,0.954765,0.241949,0.0142314
15768,64585728,0.274058,0,0,26.0607,0.974707,15.9549,4.97867,0.935436,0.214543,0.0146484
15792,64684032,0.279236,0,nan,26.7137,0.920812,15.6643,4.90514,0.749663,0.226739,0.0149028
15816,64782336,0.284353,0.00221948,0,24.9858,0.87608,14.2042,4.95279,0.673109,0.22509,0.0151774
15840,64880640,0.287821,0,0,26.2104,0.941502,14.565,5.26749,1.96336,0.216726,0.0152588
15864,64978944,0.290894,0,nan,26.3659,0.947463,15.3201,4.8707,1.05021,0.22602,0.0149434
15888,65077248,0.293162,0,nan,25.4823,0.912159,15.1516,5.03005,1.33381,0.228652,0.0148722
15912,65175552,0.296987,0,0,24.9655,0.902629,14.0655,5.04724,0.89208,0.222295,0.0149434
15936,65273856,0.300405,0,nan,24.9254,0.883416,14.2564,4.94021,1.53241,0.222867,0.0143941
15960,65372160,0.303904,0.003003,0,27.3746,0.920938,16.6002,5.16238,1.46095,0.21264,0.0144246
15984,65470464,0.306875,0,0,25.565,0.924412,15.0749,5.14534,1.30839,0.220181,0.0142212
16008,65568768,0.312154,0,0,23.651,0.881617,13.2877,4.8936,1.10014,0.217713,0.0140889
16032,65667072,0.315969,0,0,24.4513,0.872034,14.2822,5.29092,1.45228,0.211678,0.0141296
16056,65765376,0.320312,0,nan,24.7477,0.941069,14.6078,5.1278,1.62981,0.212978,0.0145569
16080,65863680,0.324137,0.00321003,nan,25.885,0.971921,16.8256,5.31071,0.739334,0.210777,0.0143941
16104,65961984,0.327342,0,0,25.2229,0.950656,15.2873,5.4928,1.34897,0.208028,0.0142822
16128,66060288,0.33018,0,0,23.4086,0.904257,13.3031,5.10483,1.3661,0.220857,0.0138652
16152,66158592,0.332998,0,0,25.2069,0.909808,13.0254,5.00088,0.812018,0.232666,0.013621
16176,66256896,0.335714,0,nan,24.1891,0.964616,14.2809,5.2488,1.17321,0.217999,0.0134277
16200,66355200,0.339457,0,0,22.4112,0.879564,12.2841,5.37919,1.11318,0.217618,0.0131124
16224,66453504,0.343191,0,nan,22.0847,0.877177,12.8958,5.36205,1.82223,0.220506,0.0124919
16248,66551808,0.346639,0,0,23.4486,0.895004,14.0843,5.36442,2.04326,0.21148,0.0121562
16272,66650112,0.350616,0,0,23.8377,0.880972,14.2983,5.45016,1.47476,0.226629,0.0117188
16296,66748416,0.354716,0,nan,23.9984,0.918783,13.9035,5.41195,1.20923,0.21234,0.0117188
16320,66846720,0.358897,0,0,23.7599,0.895374,14.1243,5.1851,1.32376,0.218421,0.0118713
16344,66945024,0.363129,0,0,24.0918,0.90861,14.4345,5.54501,1.87069,0.212008,0.0119019
16368,67043328,0.367879,0,0,24.055,0.89604,13.652,5.05573,2.50728,0.220866,0.0115763
16392,67141632,0.37262,0,0,23.897,0.928053,13.7045,5.30735,1.10888,0.225883,0.0111389
16416,67239936,0.378611,0,0,23.5171,0.853185,12.5736,5.18802,1.29869,0.222158,0.0109151
16440,67338240,0.383209,0,0,23.0733,0.992385,13.5677,5.21525,1.11596,0.227557,0.0109863
16464,67436544,0.388011,0,nan,25.6275,0.973563,14.5724,5.76638,0.937602,0.225915,0.0108643
16488,67534848,0.391469,0,0,26.1748,0.973936,14.197,5.55855,1.98949,0.214451,0.0111694
16512,67633152,0.394806,0,0,23.1455,0.852094,13.7738,5.37504,1.8105,0.21374,0.0109965
16536,67731456,0.400564,0,0,25.5712,0.913645,15.1175,5.39372,1.01052,0.230109,0.0107625
16560,67829760,0.404002,0,nan,23.2408,0.919747,12.9005,5.69367,1.15698,0.225428,0.0107422
16584,67928064,0.408203,0,0,23.5503,0.882885,13.8823,5.45157,2.6548,0.219785,0.0106099
16608,68026368,0.41157,0,nan,22.5614,0.892925,12.8173,5.26538,1.30294,0.214845,0.0103149
16632,68124672,0.415517,0,0,23.1914,0.8378,13.1503,5.43186,1.48312,0.231617,0.00964355
16656,68222976,0.419261,0,0,26.4086,0.957317,15.5607,5.44046,1.49228,0.224578,0.00952148
16680,68321280,0.423086,0.00352677,0,24.4998,0.949853,13.3865,5.44872,0.970039,0.209742,0.00997925
16704,68419584,0.426697,0,0,24.2553,0.926477,13.6875,5.54553,2.02622,0.219329,0.0100911
16728,68517888,0.431651,0,0,26.0042,0.971959,15.0261,5.32203,1.5828,0.233613,0.00999959
16752,68616192,0.436707,0,0,24.2502,0.904474,13.4459,5.61662,1.23427,0.216079,0.00990804
16776,68714496,0.441437,0,0,22.0344,0.929392,11.944,5.852,1.68815,0.213348,0.010437
16800,68812800,0.444672,0,nan,23.0136,0.882954,13.0008,5.48174,1.47099,0.213728,0.0105286
16824,68911104,0.447591,0,0,23.8743,0.949419,14.3138,5.67406,1.79274,0.231519,0.010437
16848,69009408,0.452759,0,nan,21.9509,0.821083,12.9563,5.53675,2.57113,0.212485,0.0102539
16872,69107712,0.456065,0,nan,22.5199,0.833547,12.474,5.67024,1.997,0.214103,0.0100505
16896,69206016,0.460083,0,0,23.1121,0.853772,12.6861,5.481,1.95389,0.208011,0.00976562
16920,69304320,0.466593,0,0,23.4798,0.89807,13.3472,5.79123,1.75121,0.212824,0.00985718
16944,69402624,0.471303,0,0,22.0612,0.813857,11.9949,5.40627,2.19518,0.215319,0.00980632
16968,69500928,0.475352,0,0,25.0294,0.899742,14.691,5.53775,1.70924,0.215825,0.00979614
16992,69599232,0.480865,0,0,25.1652,0.936805,13.9911,5.29409,2.11482,0.235622,0.0101318
17016,69697536,0.48525,0,0,21.7931,0.915586,12.3364,5.59042,2.54567,0.222204,0.00994873
17040,69795840,0.48999,0,0,23.1943,0.910725,12.6452,5.8037,2.21985,0.227447,0.00965373
17064,69894144,0.494873,0,nan,22.2729,0.917299,12.3428,5.96335,2.48207,0.208613,0.00957235
17088,69992448,0.498413,0,0,23.0731,0.913571,13.9942,5.53733,1.74739,0.223913,0.00937907
17112,70090752,0.503479,0,0,22.0122,0.859691,12.1671,5.68318,1.94438,0.215199,0.00939941
17136,70189056,0.509064,0,0,22.7533,0.855743,12.744,5.57752,2.29123,0.229114,0.00993856
17160,70287360,0.516429,0,nan,22.859,0.871676,13.1133,5.63689,1.74125,0.225378,0.0100911
17184,70385664,0.52183,0,0,22.4238,0.84829,12.7294,5.4394,2.2139,0.215261,0.010498
17208,70483968,0.527547,0,0,23.695,0.883591,12.8259,5.96396,2.22861,0.211892,0.0108439
17232,70582272,0.53358,0,0,21.6187,0.869689,11.8512,5.70781,3.1414,0.231377,0.0114543
17256,70680576,0.537679,0,0,22.2191,0.893358,11.9474,5.92346,2.47536,0.238076,0.0129395
17280,70778880,0.542745,0,0,22.0806,0.864336,12.1026,5.97112,1.86943,0.24362,0.0137634
17304,70877184,0.547943,0,0,21.3647,0.831547,11.3471,5.52664,1.63802,0.226728,0.0139058
17328,70975488,0.553304,0,0,22.6725,0.888935,12.3828,5.70813,2.35558,0.209401,0.0138245
17352,71073792,0.559377,0,0,20.8594,0.846958,10.4732,5.73305,2.6075,0.215483,0.0141602
17376,71172096,0.564372,0,0,21.7265,0.836576,12.6087,5.88079,2.89514,0.227822,0.0146484
17400,71270400,0.570374,0,nan,23.2659,0.932646,12.4047,5.96291,2.22583,0.212209,0.01474
17424,71368704,0.575663,0,0,21.9437,0.88794,12.0608,5.90453,2.7098,0.229057,0.0152486
17448,71467008,0.579193,0,0,22.5345,0.858817,12.9652,5.72762,1.6032,0.228516,0.0158691
17472,71565312,0.58488,0,0,23.1012,0.929138,13.1709,6.00953,1.75238,0.22997,0.0163269
17496,71663616,0.591197,0,0,25.1449,0.895066,13.3334,5.82233,2.48261,0.229515,0.0168355
17520,71761920,0.596527,0,0,22.558,0.871061,12.1197,5.91463,2.24814,0.229792,0.0174154
17544,71860224,0.602336,0,0,22.8391,0.931845,12.2413,5.92965,1.90741,0.216448,0.0176493
17568,71958528,0.6079,0,0,21.9733,0.849492,12.517,5.91351,3.08505,0.220419,0.0178223
17592,72056832,0.612701,0,0,21.8633,0.904063,11.9987,5.9086,3.06212,0.22346,0.0178833
17616,72155136,0.618266,0,0,23.1538,0.840742,12.2513,5.97366,2.52057,0.213493,0.0178223
17640,72253440,0.624959,0,0,21.8705,0.955543,12.2975,6.04785,2.77122,0.213912,0.0178223
17664,72351744,0.632558,0,0,23.0681,0.899423,12.5241,6.01297,2.06742,0.208267,0.0174967
17688,72450048,0.640798,0,0,21.6883,0.858728,11.9984,5.97891,2.7259,0.214881,0.0174967
17712,72548352,0.645742,0,0,20.6551,0.831668,10.7951,5.76149,2.7611,0.218658,0.017629
17736,72646656,0.650289,0,0,20.2521,0.803866,10.006,5.82038,3.1245,0.21002,0.0176392
17760,72744960,0.655558,0,0,24.5139,0.962889,14.0948,6.00349,2.38832,0.227213,0.0173848
17784,72843264,0.661265,0,0,24.2359,0.903602,12.2523,5.62979,2.16645,0.22086,0.0167745
17808,72941568,0.665934,0.00229266,0,23.4292,0.922545,12.2347,5.75433,1.80221,0.212701,0.0165304
17832,73039872,0.670298,0.00330069,0,22.2981,0.85496,12.4433,6.01452,4.16663,0.221683,0.0170593
17856,73138176,0.675832,0,0,21.429,0.832443,11.2177,5.83634,3.30131,0.214493,0.0178528
17880,73236480,0.682719,0,0,21.7114,0.883844,11.3048,6.10572,2.71014,0.223804,0.0180664
17904,73334784,0.690999,0,0,22.6503,0.947212,12.0305,6.12356,2.18722,0.221972,0.0181274
17928,73433088,0.700287,0,0,21.0758,0.847765,11.346,5.91722,2.53343,0.221886,0.0179443
17952,73531392,0.705699,0,0,21.4369,0.861386,11.5991,6.0392,2.89632,0.217757,0.0179952
17976,73629696,0.710052,0,0,20.9571,0.850465,11.4434,5.85277,2.59073,0.223247,0.017629
18000,73728000,0.715485,0,0,21.6523,0.833129,11.5204,6.09626,3.50773,0.215713,0.0178121
18024,73826304,0.723287,0,0,22.5316,0.891822,11.7336,6.02529,2.78567,0.216807,0.0181173
18048,73924608,0.730916,0,0,20.3047,0.861311,10.3693,5.98015,3.02986,0.215324,0.0179952
18072,74022912,0.740082,0.00426439,0,22.2052,0.867554,11.2697,6.0033,2.81504,0.211908,0.0179342
18096,74121216,0.748179,0,0,20.7131,0.842793,10.7168,6.01641,2.61363,0.219215,0.0189209
18120,74219520,0.754883,0,0,20.7966,0.861982,11.2671,5.98411,3.13272,0.223908,0.0188395
18144,74317824,0.760803,0,0,20.991,0.863121,10.8359,6.12319,2.77414,0.22278,0.019104
18168,74416128,0.765544,0,0,20.5581,0.869791,11.1209,6.13353,3.48118,0.227213,0.0195007
18192,74514432,0.772512,0,0,22.0236,0.901163,12.1676,6.20667,2.3722,0.212086,0.0196126
18216,74612736,0.778422,0,0,21.5372,0.858207,11.528,6.08825,3.45756,0.2003,0.0194702
18240,74711040,0.782379,0,0,20.9615,0.905171,10.3655,6.16708,4.13142,0.216822,0.0187276
18264,74809344,0.787201,0,0,21.8434,0.836587,11.6443,6.02466,2.88673,0.212673,0.0175273
18288,74907648,0.79363,0,0,22.4731,0.884998,12.5221,6.20632,3.60493,0.217552,0.0167745
18312,75005952,0.801178,0,0,22.0333,0.876925,9.91862,6.55037,2.87841,0.221615,0.0170288
18336,75104256,0.808329,0,0,22.0039,0.928989,13.2435,6.31663,3.70985,0.219242,0.01769
18360,75202560,0.812876,0,0,20.5638,0.846563,10.7505,6.35354,3.8011,0.207952,0.0180766
18384,75300864,0.818329,0,0,20.5203,0.874656,10.367,6.42241,3.32164,0.222963,0.0182292
18408,75399168,0.823049,0,0,22.0737,0.863223,11.3639,6.12426,3.90485,0.207503,0.017985
18432,75497472,0.829803,0,0,21.2266,0.975369,10.8897,6.28386,4.06742,0.219488,0.0177104
18456,75595776,0.83607,0,0,21.0856,0.764199,11.3054,5.91893,2.47101,0.205816,0.0169474
18480,75694080,0.84199,0,0,20.7464,0.883879,11.4221,6.26255,2.95063,0.210382,0.0161743
18504,75792384,0.848195,0,0,21.7194,0.925684,11.7811,6.58028,5.05482,0.213144,0.0156962
18528,75890688,0.854767,0,0,21.4555,0.911431,10.4303,6.52089,3.24027,0.215008,0.0157776
18552,75988992,0.860962,0,0,23.0314,0.924792,12.0969,6.30572,3.12167,0.224156,0.0157878
18576,76087296,0.868673,0,0,19.6299,0.824865,10.13,6.18135,4.41266,0.216362,0.0158386
18600,76185600,0.876129,0,0,19.8159,0.813303,9.27833,5.91896,4.01877,0.217003,0.0158386
18624,76283904,0.883494,0,0,20.5163,0.81172,10.0023,6.21311,3.38694,0.216064,0.0157674
18648,76382208,0.889974,0,0,21.4234,0.82347,10.9535,5.87629,3.37295,0.216447,0.0158691
18672,76480512,0.897135,0,0,20.9191,0.852523,10.0875,6.1299,3.17819,0.211449,0.0155029
18696,76578816,0.904795,0,0,20.5102,0.873664,10.4505,6.23498,3.5168,0.215908,0.0153402
18720,76677120,0.911123,0,0,20.4782,0.854854,10.8851,6.14785,3.57616,0.211744,0.0155334
18744,76775424,0.918966,0,0,21.6592,0.835125,10.5775,6.23473,4.17248,0.214911,0.0155741
18768,76873728,0.926646,0,0,21.4621,0.838075,11.6153,6.45303,2.80254,0.220981,0.0159403
18792,76972032,0.934713,0,0,20.4907,0.770908,10.7453,5.99645,3.04649,0.216456,0.0166728
18816,77070336,0.940704,0.0119725,0,20.3719,0.838589,10.2006,6.32419,3.36129,0.218271,0.0167338
18840,77168640,0.947428,0,0,22.571,0.854062,10.8833,6.15949,4.10846,0.223976,0.0160624
18864,77266944,0.953664,0.006329,0,22.8439,0.87639,11.3421,6.10322,3.80279,0.224369,0.0154826
18888,77365248,0.959076,0,0,22.6278,0.96362,11.1484,6.19735,4.1564,0.211003,0.0154012
18912,77463552,0.965108,0,0,20.4221,0.881309,9.64347,6.30988,3.38318,0.202638,0.0157267
18936,77561856,0.970378,0.00766619,0,20.7676,0.813219,10.8727,6.2491,4.28938,0.208599,0.0157776
18960,77660160,0.978394,0,0,21.0525,0.818165,10.3182,6.01908,4.03731,0.219744,0.0160116
18984,77758464,0.985291,0,0,20.8781,0.828444,10.1471,6.51862,5.0417,0.211864,0.0156555
19008,77856768,0.992421,0,0,20.8101,0.855164,10.1681,6.4284,4.18293,0.21484,0.0156453
19032,77955072,1.00151,0.00800412,0,18.9414,0.827208,10.0374,6.69335,4.61025,0.225212,0.015859
19056,78053376,1.00898,0.0105258,0,19.5304,0.779292,9.00551,6.07889,4.52393,0.207061,0.0160726
19080,78151680,1.01448,0,0,20.025,0.825242,9.44885,6.36955,3.7353,0.205756,0.0165202
19104,78249984,1.01957,0,0,20.8553,0.820455,10.5488,6.46718,4.65255,0.212137,0.0155029
19128,78348288,1.02521,0,0,19.1457,0.841384,9.31007,6.4936,4.89295,0.221985,0.0156555
19152,78446592,1.03221,0,0,19.2828,0.799582,9.42794,6.15205,3.43423,0.21899,0.014801
19176,78544896,1.04307,0.0112761,0,20.1289,0.816325,10.0096,6.5294,4.54146,0.216132,0.0147603
19200,78643200,1.05165,0,0,20.2514,0.802744,10.0308,6.42063,4.07204,0.212096,0.0149231
19224,78741504,1.05975,0.00321854,0,21.4578,0.873462,11.2237,6.60911,4.81971,0.206623,0.0154215
19248,78839808,1.06772,0,0,20.8543,0.818401,10.9475,6.62514,5.30318,0.203168,0.015391
19272,78938112,1.07471,0,0,20.3286,0.776475,9.58671,6.38767,4.8353,0.21816,0.0156453
19296,79036416,1.08135,0,0,20.2374,0.787116,10.8564,6.5683,4.64151,0.217666,0.015859
19320,79134720,1.08956,0,0,20.4631,0.771642,10.2831,6.41852,4.79376,0.212759,0.0154114
19344,79233024,1.09942,0,0,19.5064,0.806879,9.82445,6.36798,5.1674,0.223622,0.014679
19368,79331328,1.10741,0,0,19.4232,0.79448,9.0137,6.53242,5.22006,0.209981,0.0141398
19392,79429632,1.11318,0.00375637,0,20.977,0.800373,10.4734,6.70547,4.28522,0.217873,0.0143738
19416,79527936,1.11831,0,0,19.4812,0.78096,9.09825,6.47205,4.75601,0.208523,0.0138143
19440,79626240,1.12452,0,0,19.9243,0.872843,9.60331,6.52937,5.01593,0.215672,0.0136414
19464,79724544,1.13367,0,0,19.8882,0.820186,10.0554,6.60017,3.77362,0.205022,0.0136719
19488,79822848,1.14071,0,0,20.4358,0.860956,9.99547,6.74286,5.17303,0.218371,0.0139974
19512,79921152,1.14886,0,0,18.1712,0.783196,8.37435,6.61135,4.6488,0.217015,0.0140788
19536,80019456,1.15692,0,0,19.2426,0.778673,9.62307,6.71047,5.09447,0.225489,0.0137227
19560,80117760,1.16555,0,0,18.2351,0.767297,8.67159,6.70407,4.42613,0.230079,0.0136007
19584,80216064,1.17332,0.00532643,0,20.785,0.852481,9.71121,6.8538,5.43326,0.222397,0.013855
19608,80314368,1.18114,0,0,18.234,0.757135,8.90505,6.59715,4.87835,0.225075,0.0137227
19632,80412672,1.1915,0,0,18.6903,0.815505,9.05793,6.9374,5.26295,0.217789,0.0138041
19656,80510976,1.19834,0,0,18.6318,0.795411,9.16129,6.75354,5.17031,0.2156,0.0136719
19680,80609280,1.20601,0,0,19.9322,0.838353,9.8794,7.0552,5.1821,0.21551,0.0136719
19704,80707584,1.21142,0,0,18.3697,0.802854,9.20403,6.95539,4.86023,0.209454,0.0135091
19728,80805888,1.21932,0,0,20.3673,0.865774,10.4621,6.96618,5.79087,0.216077,0.0132345
19752,80904192,1.22755,0,0,18.884,0.816664,8.20168,7.06178,4.26837,0.210916,0.0135803
19776,81002496,1.23544,0,0,18.696,0.819491,9.267,7.21086,4.43473,0.212914,0.0135701
19800,81100800,1.24473,0,0,19.666,0.849756,10.4725,7.1573,5.33208,0.215638,0.0133667
19824,81199104,1.25144,0,0,18.5866,0.789829,9.28872,6.90109,4.61523,0.206487,0.0131734
19848,81297408,1.2577,0.0043943,0,20.5055,0.819597,10.4089,7.29044,5.35691,0.206267,0.0133158
19872,81395712,1.26428,0,0,18.188,0.789504,8.85781,6.66139,5.11383,0.211531,0.0134583
19896,81494016,1.27215,0,0,19.3461,0.797183,9.54441,7.02759,5.04018,0.21981,0.0135091
19920,81592320,1.27913,0,0,20.3466,0.863399,10.5167,6.89347,5.08126,0.22045,0.0133565
19944,81690624,1.28587,0,0,20.3498,0.859742,9.73926,7.15757,6.4317,0.209512,0.0138245
19968,81788928,1.29479,0.00280819,0,18.6428,0.809319,8.69273,6.85708,4.92702,0.212369,0.0144755
19992,81887232,1.30259,0,0,18.7154,0.76886,8.64131,7.03375,5.6572,0.216872,0.0151876
20016,81985536,1.31066,0,0,20.518,0.86788,9.07386,7.80195,5.84996,0.216051,0.0154317
20040,82083840,1.31981,0,0,18.7349,0.837374,9.17346,6.98637,5.50811,0.212238,0.0154724
20064,82182144,1.32768,0,0,17.721,0.806696,8.67441,7.29358,6.12355,0.22691,0.0150045
20088,82280448,1.33641,0,0,17.9757,0.754643,8.53472,6.99351,5.41144,0.222326,0.0150757
20112,82378752,1.34384,0,0,18.3612,0.835471,8.68296,6.84777,5.68018,0.21199,0.0152791
20136,82477056,1.35162,0,0,17.2749,0.772579,8.2104,7.0928,6.31623,0.205264,0.0152181
20160,82575360,1.35786,0,0,18.4475,0.821044,9.59202,7.16623,6.45992,0.222258,0.0152384
20184,82673664,1.36386,0,0,18.5872,0.765087,8.67859,7.13609,4.83098,0.220143,0.0148417
20208,82771968,1.37132,0,0,19.428,0.797617,9.4716,7.53259,6.44905,0.204807,0.0147603
20232,82870272,1.37926,0,0,17.3242,0.761822,8.30975,7.48782,6.18489,0.219516,0.0141805
20256,82968576,1.38654,0,0,17.49,0.755471,8.50432,7.10491,6.92732,0.215504,0.0146281
20280,83066880,1.39581,0.00300275,0,18.8947,0.764253,8.77923,7.03173,5.67156,0.216281,0.0146586
20304,83165184,1.40083,0,0,18.991,0.795175,9.61567,7.29698,5.25586,0.211212,0.0146281
20328,83263488,1.40765,0,0,17.3517,0.776587,7.47147,6.94233,6.16465,0.203016,0.0144653
20352,83361792,1.41555,0,0,19.4435,0.833488,10.1013,7.34083,7.31407,0.216798,0.0145772
20376,83460096,1.42159,0,0,17.3531,0.699017,7.78367,7.16955,6.49743,0.214877,0.0142517
20400,83558400,1.42772,0,0,18.8739,0.763959,8.74706,7.09338,6.08871,0.220314,0.0142008
20424,83656704,1.43574,0.0242634,0,17.8603,0.802112,8.1827,6.93447,6.08533,0.20993,0.0143534
20448,83755008,1.44719,0,0,19.0217,0.822404,9.33931,7.53103,6.19911,0.217134,0.0143534
20472,83853312,1.45612,0,0,17.8985,0.81638,9.28564,7.21895,5.86988,0.213163,0.0144145
20496,83951616,1.46347,0,0,18.0822,0.760436,8.90444,7.21471,6.12615,0.215647,0.0145976
20520,84049920,1.46947,0.00598683,0,18.3956,0.801871,8.83609,7.05035,6.20596,0.217629,0.0144552
20544,84148224,1.47497,0,0,19.0941,0.816109,9.23756,7.12,5.81064,0.217975,0.0141602
20568,84246528,1.48075,0,0,18.3307,0.778075,8.53266,7.37073,6.35959,0.214692,0.0139364
20592,84344832,1.4884,0.0073359,0,17.65,0.736362,9.00025,7.25639,7.51111,0.219662,0.013916
20616,84443136,1.49651,0,0,18.499,0.770088,9.24039,6.94088,6.65439,0.226043,0.0139974
20640,84541440,1.5034,0.0044125,0,19.9208,0.870819,8.4679,7.21297,7.4426,0.228701,0.0142314
20664,84639744,1.51051,0,0,18.2032,0.766873,8.10568,7.26945,6.2763,0.222948,0.0148621
20688,84738048,1.5156,0,0,18.2927,0.761342,8.62615,7.22692,7.31423,0.215616,0.0145671
20712,84836352,1.52362,0,0,17.7431,0.790927,8.72486,7.40455,7.34065,0.206849,0.0148926
20736,84934656,1.53113,0,0,18.3186,0.778112,8.43007,7.17208,6.27344,0.204664,0.0145264
20760,85032960,1.53664,0,0,20.3081,0.830471,10.3951,7.33346,5.80167,0.203825,0.0140076
20784,85131264,1.54404,0,0,17.8043,0.747185,8.59126,7.24858,6.60211,0.21694,0.0136312
20808,85229568,1.55223,0,0,18.5139,0.726824,8.17663,7.17857,6.99368,0.213362,0.013682
20832,85327872,1.5609,0,0,17.8832,0.741832,8.40665,7.33279,7.19367,0.218229,0.0138041
20856,85426176,1.56847,0,0,19.0459,0.796762,8.87297,7.5023,6.95476,0.216275,0.0137227
20880,85524480,1.57321,0,0,18.889,0.796629,9.09247,7.42414,7.82236,0.218334,0.0138041
20904,85622784,1.58066,0.00308436,0,19.5324,0.789383,8.44187,7.40153,7.05512,0.230416,0.0144348
20928,85721088,1.58808,0,0,16.977,0.732746,7.73672,7.24833,7.01985,0.21568,0.014679
20952,85819392,1.59799,0,0,18.9512,0.774487,9.33312,7.53643,7.43072,0.215065,0.0138753
20976,85917696,1.60715,0.0029666,0,17.7323,0.750345,8.79343,7.35909,7.00007,0.210564,0.013092
21000,86016000,1.61737,0,0,17.6028,0.74115,7.93858,7.3192,6.78908,0.212511,0.0126038
21024,86114304,1.62691,0,0,18.828,0.794336,8.8154,7.50361,7.16123,0.211261,0.0117594
21048,86212608,1.63457,0,0,18.8088,0.766358,8.51456,7.43953,7.23814,0.220664,0.011851
21072,86310912,1.64155,0,0,17.8849,0.754252,8.53336,7.22103,7.45971,0.218208,0.0120748
21096,86409216,1.65127,0,0,17.9218,0.735002,8.81359,7.50842,6.74307,0.218047,0.0116374
21120,86507520,1.66016,0,0,19.309,0.807414,9.12421,7.40389,7.4275,0.217211,0.0115356
21144,86605824,1.66859,0.00853138,0,17.2798,0.755753,7.84916,7.30734,7.0401,0.212961,0.011322
21168,86704128,1.6768,0,0,17.4944,0.716445,8.30758,7.31469,7.6246,0.222091,0.0112305
21192,86802432,1.68762,0,0,18.7526,0.766976,8.94342,7.37107,6.21469,0.213372,0.0110982
21216,86900736,1.69747,0,0,16.6291,0.736664,7.66349,7.30313,8.17251,0.212044,0.0109049
21240,86999040,1.70381,0,0,17.3494,0.757967,7.32103,7.41709,8.52633,0.214005,0.0112712
21264,87097344,1.71199,0,0,17.6152,0.735184,8.29274,7.63456,7.70138,0.231746,0.0109049
21288,87195648,1.7196,0,0,17.9619,0.76009,9.04039,7.52982,6.65559,0.214785,0.0108337
21312,87293952,1.72898,0,0,17.7543,0.760174,7.8633,7.48945,8.01297,0.218819,0.0106506
21336,87392256,1.73653,0,0,18.8151,0.781662,9.19885,7.4485,8.41024,0.21509,0.010732
21360,87490560,1.74644,0,0,18.2412,0.765568,7.73651,7.34112,8.10446,0.212336,0.0111287
21384,87588864,1.75622,0,0,18.139,0.734643,8.37474,7.42587,7.66475,0.21635,0.011322
21408,87687168,1.76565,0,0,17.5065,0.802616,8.43972,7.77668,8.25713,0.208203,0.0115153
21432,87785472,1.77274,0.00280636,0,18.228,0.800052,8.9864,7.58206,8.5699,0.224201,0.0119222
21456,87883776,1.78122,0,0,18.9257,0.79142,9.36393,7.5876,7.32154,0.218165,0.0119629
21480,87982080,1.78841,0,0,18.6138,0.756413,8.89706,7.6198,7.38673,0.213727,0.0117696
21504,88080384,1.79848,0,0,18.4743,0.795501,8.66693,7.53527,8.57943,0.226939,0.0116984
21528,88178688,1.80709,0,0,18.2765,0.829889,8.35784,7.9135,8.13229,0.224615,0.0117188
21552,88276992,1.81483,0,0,16.4868,0.715736,7.6774,7.56335,7.75192,0.215568,0.0118205
21576,88375296,1.82141,0,0,15.5431,0.737394,7.09139,7.68773,10.1264,0.219844,0.0120138
21600,88473600,1.82945,0.004239,0,18.5932,0.815825,8.84072,7.87643,7.92727,0.212357,0.0121358
21624,88571904,1.83872,0,0,17.2146,0.767234,8.1592,7.57387,9.61461,0.222456,0.0123698
21648,88670208,1.84844,0,0,17.8566,0.791449,7.95074,7.76592,9.55856,0.215651,0.01238
21672,88768512,1.8571,0,0,18.3658,0.798265,8.23532,7.6365,7.89104,0.231312,0.0124003
21696,88866816,1.86698,0,0,18.3139,0.785917,9.22104,7.5936,8.3247,0.220573,0.0123393
21720,88965120,1.87586,0.00948932,0,17.3618,0.797517,8.0459,7.70576,9.60402,0.206974,0.0124003
21744,89063424,1.88481,0.00295702,0,17.7657,0.75094,7.79481,7.53615,8.68373,0.218831,0.0123393
21768,89161728,1.8929,0,0,17.6939,0.7838,8.26346,7.46563,7.98801,0.213438,0.0128988
21792,89260032,1.90182,0,0,17.6789,0.744878,8.37183,7.74504,8.18576,0.200575,0.012675
21816,89358336,1.91307,0.0169881,0,17.5217,0.794182,8.42701,7.7813,8.64085,0.210049,0.0124919
21840,89456640,1.92446,0,0,16.594,0.76432,7.6635,7.68978,8.12623,0.208807,0.0123088
21864,89554944,1.93216,0,0,18.3952,0.791161,8.39246,7.65843,9.17291,0.218749,0.0123494
21888,89653248,1.94043,0,0,16.5265,0.760415,7.72493,7.75941,9.18658,0.204733,0.0121562
21912,89751552,1.94763,0,0,17.5287,0.759146,7.86259,7.67549,8.21098,0.220809,0.011261
21936,89849856,1.95509,0.0034274,0,16.5924,0.761192,7.33574,7.95814,8.42033,0.207247,0.0108134
21960,89948160,1.96446,0,0,18.2222,0.78767,8.79516,7.70166,8.0392,0.211474,0.0109558
21984,90046464,1.97203,0,0,17.412,0.808145,8.16824,8.02358,8.99071,0.21189,0.0107422
22008,90144768,1.98023,0,0,18.0115,0.773096,8.29246,7.93487,8.48852,0.214876,0.011261
22032,90243072,1.9886,0,0,17.1664,0.791071,7.65605,7.96952,8.47981,0.205241,0.0113932
22056,90341376,1.99506,0.00429106,0,17.2522,0.771151,7.35841,8.03252,10.5762,0.222978,0.0111694
22080,90439680,2.00458,0,0,20.9551,0.789543,8.02883,8.04846,9.35547,0.218571,0.0110982
22104,90537984,2.01274,0,0,16.9195,0.796809,7.83475,8.21408,8.33692,0.2079,0.0114746
22128,90636288,2.02171,0.00331969,0,16.9285,0.761605,7.81796,7.94289,10.269,0.215056,0.011322
22152,90734592,2.03034,0,0,16.7809,0.737036,7.47289,7.87669,10.0469,0.203785,0.0116984
22176,90832896,2.03838,0,0,16.3311,0.756947,8.02504,8.12497,9.92881,0.21942,0.0117798
22200,90931200,2.04594,0,0,16.7374,0.763703,7.67332,7.7759,7.93317,0.215423,0.0125529
22224,91029504,2.05576,0,0,17.4261,0.778199,7.91304,8.13861,9.42741,0.214851,0.0125631
22248,91127808,2.06444,0.00414481,0,17.0892,0.730269,8.38231,8.21247,9.32,0.218601,0.0123291
22272,91226112,2.07278,0,0,17.4277,0.790531,8.18321,7.78908,9.66543,0.216125,0.0120646
22296,91324416,2.08064,0,0,20.5239,0.865548,10.7175,8.3261,9.19624,0.206018,0.0119629
22320,91422720,2.089,0,0,17.1365,0.748454,8.30572,8.26454,10.329,0.213403,0.0119527
22344,91521024,2.10099,0,0,18.0783,0.770755,8.54479,8.00862,7.80132,0.213411,0.0118408
22368,91619328,2.11101,0,0,15.9322,0.755749,7.31472,8.15232,10.6314,0.210137,0.0115153
22392,91717632,2.11934,0.00870286,0,16.1627,0.760349,6.46961,7.76587,9.87684,0.206698,0.0113831
22416,91815936,2.12749,0,0,17.6854,0.772018,7.92187,8.06181,10.1749,0.211251,0.0111084
22440,91914240,2.13338,0.0229395,0,17.6026,0.848014,7.62504,7.94491,10.6198,0.217978,0.0107422
22464,92012544,2.14002,0.00558224,0,16.1684,0.715286,7.16988,8.05316,8.01942,0.212249,0.0109151
22488,92110848,2.14836,0,0,16.3369,0.734949,7.2469,8.09937,11.2253,0.201465,0.0109253
22512,92209152,2.1559,0.00741565,0,18.4548,0.782315,8.94834,7.98822,10.0998,0.204301,0.0108032
22536,92307456,2.16363,0,0,17.7073,0.815767,8.18998,8.19509,9.85884,0.211319,0.0110474
22560,92405760,2.17269,0,0,18.0029,0.843304,8.207,8.1875,10.5046,0.211625,0.0110677
22584,92504064,2.18032,0.00461133,0,16.4244,0.746665,7.52013,8.24376,11.5906,0.213051,0.011322
22608,92602368,2.18703,0.00414815,0,17.8511,0.782877,8.13302,7.9886,9.5818,0.218439,0.0113831
22632,92700672,2.19392,0,0,16.4624,0.71764,7.80092,8.11786,9.78147,0.2085,0.010793
22656,92798976,2.20231,0.00448833,0,16.8077,0.78191,8.10112,8.13444,9.51857,0.201953,0.010376
22680,92897280,2.21031,0.0100731,0,16.3438,0.728237,7.82207,8.05864,9.73235,0.213613,0.0100708
22704,92995584,2.21925,0,0,17.758,0.751309,7.82855,7.95143,10.3154,0.226352,0.00997925
22728,93093888,2.22713,0,0,16.6744,0.768056,7.76147,7.96851,10.3881,0.221992,0.00983683
22752,93192192,2.2347,0,0,16.56,0.755129,7.38392,7.99962,9.38476,0.219187,0.00967407
22776,93290496,2.2434,0,0,15.8456,0.761449,7.48351,8.22337,10.5665,0.210711,0.00947062
22800,93388800,2.2515,0,0,17.3144,0.803426,8.77053,8.12813,9.65513,0.210385,0.00969442
22824,93487104,2.25892,0,0,17.4418,0.79321,8.10262,8.22238,9.74294,0.220232,0.00956217
22848,93585408,2.26768,0.00376179,0,17.3045,0.720238,7.56925,7.78209,10.7728,0.221008,0.00969442
22872,93683712,2.27641,0,0,18.0572,0.747196,8.40238,8.0224,11.1712,0.210245,0.010142
22896,93782016,2.28422,0,0,17.1882,0.75561,8.24683,8.3992,11.2208,0.223159,0.0109049
22920,93880320,2.29273,0,0,18.003,0.772083,9.21269,8.22044,9.43509,0.217049,0.0113831
22944,93978624,2.30107,0.00787313,0,16.4465,0.701042,7.39352,8.19143,11.1419,0.206971,0.0113017
22968,94076928,2.30867,0.00362775,0,16.303,0.680942,7.30807,8.31861,9.36769,0.216529,0.0112712
22992,94175232,2.31763,0.00757064,0,16.4267,0.779723,7.43822,8.10125,10.8928,0.218857,0.0111898
23016,94273536,2.32737,0,0,19.187,0.830486,8.07537,8.70088,9.77207,0.222466,0.0108846
23040,94371840,2.33518,0,0,14.8752,0.721277,6.73278,8.0004,11.4466,0.205699,0.010966
23064,94470144,2.34465,0,0,15.6993,0.711741,6.85838,8.01318,12.1646,0.202822,0.0108948
23088,94568448,2.35158,0.00402212,0,17.5278,0.792365,7.82103,8.17145,10.435,0.207236,0.0107117
23112,94666752,2.36045,0,0,16.397,0.721991,7.55066,8.09757,9.86633,0.213719,0.010732
23136,94765056,2.36857,0,0,16.9604,0.713257,7.91966,8.18891,10.985,0.21866,0.0108236
23160,94863360,2.3787,0,0,18.3443,0.817602,8.56892,8.34483,11.9869,0.209156,0.0106608
23184,94961664,2.38818,0.00603552,0,16.26,0.73522,7.55637,8.21956,10.1223,0.220248,0.0109456
23208,95059968,2.39663,0,0,16.2218,0.798221,7.39571,8.17132,11.5637,0.205364,0.0105387
23232,95158272,2.404,0,0,16.5906,0.702785,7.54816,8.09185,11.859,0.218198,0.0102539
23256,95256576,2.41103,0,0,16.6407,0.746239,7.92783,8.3787,11.2257,0.218803,0.0100911
23280,95354880,2.41935,0.00468776,0,18.0704,0.79586,8.01486,8.15715,9.57514,0.22082,0.0100098
23304,95453184,2.42816,0,0,16.416,0.747345,7.08382,8.43388,11.0339,0.219175,0.0104065
23328,95551488,2.43853,0.00976335,0,16.1202,0.773429,7.14732,8.3052,13.1861,0.229439,0.0105387
23352,95649792,2.44719,0.00271739,0,16.5611,0.751918,7.56954,8.29123,10.6131,0.225388,0.010671
23376,95748096,2.45482,0.00419622,0,15.9767,0.756542,7.12977,8.34972,10.2495,0.207709,0.0105082
23400,95846400,2.46173,0.0119176,0,16.7078,0.739881,7.35887,8.02741,10.5788,0.217242,0.0104065
23424,95944704,2.46806,0,0,16.779,0.832274,7.53314,8.49978,12.4317,0.21409,0.0103963
23448,96043008,2.4748,0.0106854,0,15.6027,0.735291,6.97354,8.28777,11.3947,0.220384,0.0108337
23472,96141312,2.48278,0,0,15.9754,0.747636,7.30536,8.42594,11.2486,0.219228,0.0107625
23496,96239616,2.49249,0,0,17.7191,0.822702,9.04533,8.39631,12.1207,0.219346,0.0109456
23520,96337920,2.50133,0,0,16.4031,0.746875,7.32955,8.32543,11.271,0.212279,0.0110372
23544,96436224,2.51028,0.00273635,0,16.5011,0.761679,7.82522,8.46628,11.7553,0.221193,0.0108134
23568,96534528,2.5191,0,0,16.91,0.788671,7.20018,8.38389,11.3314,0.215572,0.0111389
23592,96632832,2.52959,0.0031708,0,16.1507,0.703139,7.47754,8.4667,12.5674,0.211838,0.0109253
23616,96731136,2.53814,0,0,16.7357,0.79624,7.63802,8.42057,14.4561,0.218048,0.0107422
23640,96829440,2.54425,0,0,15.3216,0.771796,7.13837,8.77602,12.9338,0.222383,0.0108439
23664,96927744,2.55222,0,0,16.5996,0.731225,7.73647,8.52582,10.7628,0.209471,0.0110372
23688,97026048,2.56202,0,0,16.2892,0.772368,7.56746,8.61673,13.0957,0.220198,0.0110982
23712,97124352,2.57162,0,0,14.9117,0.69632,6.77269,8.58683,11.2797,0.220624,0.0112305
23736,97222656,2.58157,0,0,17.5727,0.812866,8.58446,8.66222,10.8619,0.218082,0.0112712
23760,97320960,2.59181,0,0,18.0794,0.786466,7.29573,8.52023,11.3115,0.210643,0.0112305
23784,97419264,2.60137,0.00521869,0,17.8146,0.8353,8.40514,8.79349,12.4052,0.217278,0.0111796
23808,97517568,2.61104,0.00263358,0,15.3436,0.728502,6.90117,8.73195,11.8939,0.213209,0.0109863
23832,97615872,2.62115,0.00355851,0,16.191,0.746049,7.9141,8.71582,10.0242,0.211823,0.0113627
23856,97714176,2.6291,0,0,15.2216,0.680942,6.87038,8.63736,12.0828,0.213859,0.0115153
23880,97812480,2.63704,0,0,15.8124,0.692463,7.35349,8.68648,13.9818,0.213805,0.0109762
23904,97910784,2.64617,0.00290529,0,17.6049,0.756326,8.39247,8.70196,12.6867,0.223098,0.0102844
23928,98009088,2.65377,0.00436518,0,16.4648,0.766047,7.49549,8.7316,11.8111,0.211757,0.00991821
23952,98107392,2.66247,0.00350333,0,16.1985,0.712282,7.87067,8.62783,12.4973,0.219559,0.00976562
23976,98205696,2.67112,0.00305243,0,16.6857,0.726991,7.88181,8.70215,12.4251,0.209676,0.00964355
24000,98304000,2.67973,0,0,16.7375,0.807605,7.88757,9.03006,12.8305,0.211437,0.00960286
24024,98402304,2.6869,0.00171329,0,16.231,0.75655,7.62913,8.79979,11.6896,0.199164,0.00960286
24048,98500608,2.69429,0,0,15.312,0.69837,7.07848,8.88478,14.422,0.217258,0.00942993
24072,98598912,2.70272,0,0,15.0861,0.658988,6.79214,8.5316,12.8744,0.210336,0.00917562
24096,98697216,2.71207,0,0,15.727,0.741107,6.9948,8.91677,12.6897,0.215555,0.00917562
24120,98795520,2.7199,0,0,15.5433,0.722394,7.17008,9.04343,11.2422,0.213287,0.00930786
24144,98893824,2.72826,0,0,16.152,0.73178,7.20346,9.04991,13.9006,0.211528,0.00918579
24168,98992128,2.73772,0,0,15.931,0.751678,7.39154,9.22499,13.2776,0.228292,0.00917562
24192,99090432,2.7469,0,0,16.6076,0.781148,7.33784,8.99456,11.3134,0.210495,0.00845337
24216,99188736,2.75635,0.0101577,0,16.8136,0.762901,7.93765,9.41794,12.9575,0.212421,0.00856527
24240,99287040,2.76545,0,0,15.6377,0.777222,7.00881,9.28721,15.0295,0.214216,0.00878906
24264,99385344,2.77451,0,0,16.0331,0.702054,7.50749,9.0913,12.3637,0.210591,0.00893148
24288,99483648,2.78287,0.0055208,0,15.8835,0.733234,7.24586,8.98631,11.722,0.210107,0.00905355
24312,99581952,2.79281,0,0,15.9076,0.777204,6.89235,9.38684,13.0522,0.219532,0.00878906
24336,99680256,2.80072,0,0,16.7598,0.738652,8.10979,9.35383,13.7808,0.220142,0.00870768
24360,99778560,2.80698,0,0,17.8894,0.778911,7.72356,9.30734,12.103,0.221532,0.009257
24384,99876864,2.81337,0,0,16.0027,0.729498,7.389,9.34074,12.0624,0.214485,0.0100301
24408,99975168,2.82033,0,0,15.975,0.776001,7.12744,9.29323,13.8161,0.211601,0.0103658
24432,100073472,2.8284,0,0,17.8408,0.817923,8.2202,9.56985,13.7065,0.210901,0.0105082
24456,100171776,2.83846,0,0,16.5239,0.781178,7.43381,9.43278,12.7881,0.212908,0.0102844
24480,100270080,2.84511,0.013004,0,17.5809,0.808406,7.753,9.41173,12.9623,0.226159,0.0104574
24504,100368384,2.85235,0,0,16.0552,0.678618,6.91962,9.17407,13.2477,0.210873,0.0103251
24528,100466688,2.86055,0,0,15.3929,0.668274,6.55932,9.51528,14.8038,0.210645,0.0102641
24552,100564992,2.86781,0,0,15.8428,0.731679,6.79409,9.11408,12.3654,0.21598,0.0101115
24576,100663296,2.87515,0,0,17.0198,0.713426,7.34955,9.45731,13.6032,0.22798,0.0096639
24600,100761600,2.88423,0.00580806,0,16.8887,0.7525,8.55144,9.39184,15.7678,0.213505,0.0096639
24624,100859904,2.89391,0,0,16.2236,0.764447,7.20723,9.29678,13.0064,0.208561,0.0100098
24648,100958208,2.90106,0,0,16.8772,0.769244,7.59278,9.43279,14.2057,0.201847,0.0100505
24672,101056512,2.90935,0,0,14.9781,0.739278,6.63202,9.3247,13.4754,0.214723,0.0104065
24696,101154816,2.91644,0,0,16.2694,0.732342,6.80396,9.74691,14.1133,0.213722,0.0112203
24720,101253120,2.92343,0,0,20.052,0.777332,7.4423,9.82789,14.1466,0.207647,0.0116882
24744,101351424,2.93145,0.00174533,0,16.7749,0.802663,8.01311,9.73371,12.735,0.218731,0.0115255
24768,101449728,2.94012,0,0,17.1772,0.818626,7.64062,9.58059,13.652,0.219477,0.011617
24792,101548032,2.94658,0,0,16.571,0.73712,7.63159,9.79141,14.5112,0.208158,0.0117188
24816,101646336,2.95634,0.00225929,0,15.3396,0.758994,6.5764,9.56061,14.8184,0.217389,0.0116882
24840,101744640,2.96489,0,0,16.799,0.769521,7.53611,9.59493,12.6533,0.207088,0.0111186
24864,101842944,2.97309,0,0,17.1815,0.782759,7.02164,9.97945,12.7412,0.214146,0.0110982
24888,101941248,2.98243,0,0,16.8954,0.755192,7.50139,9.44637,15.3315,0.208456,0.0114746
24912,102039552,2.99291,0,0,16.7904,0.783518,7.7692,9.64165,14.1072,0.209079,0.0115051
24936,102137856,3.00215,0.0123771,0,15.3781,0.735506,7.14594,9.64072,13.6517,0.214082,0.0117086
24960,102236160,3.01156,0,0,15.0189,0.7215,6.6398,9.71405,12.9222,0.212833,0.012441
24984,102334464,3.02051,0.00813388,0,15.9796,0.810818,7.73151,9.80515,13.4033,0.212182,0.0128174
25008,102432768,3.02927,0.00597531,0,16.6966,0.743033,7.44859,9.73325,13.7016,0.210959,0.0127869
25032,102531072,3.03735,0,0,16.1829,0.747444,7.24023,9.63538,13.6371,0.213088,0.0128377
25056,102629376,3.04489,0,0,15.2536,0.77068,6.87439,9.7099,14.9763,0.207266,0.0132853
25080,102727680,3.05412,0,0,15.515,0.730782,6.59534,9.72081,12.649,0.212463,0.0134277
25104,102825984,3.06233,0,0,15.4291,0.783055,7.04299,9.98108,14.5424,0.220702,0.0131022
25128,102924288,3.07056,0,0,16.1956,0.717048,7.10171,9.86496,15.8755,0.215135,0.0126953
25152,103022592,3.07932,0,0,16.9813,0.733869,7.64667,9.76293,15.8633,0.214637,0.0125834
25176,103120896,3.08803,0,0,14.6913,0.687813,6.4272,9.74244,15.3803,0.2197,0.0122172
25200,103219200,3.09713,0,0,15.3661,0.722111,6.60968,9.67655,13.179,0.215771,0.0122782
25224,103317504,3.1072,0.00564622,0,17.4736,0.709434,7.88465,9.73515,14.9147,0.211126,0.012085
25248,103415808,3.11651,0.00409417,0,16.6727,0.763613,7.86424,9.7502,14.7962,0.22141,0.012207
25272,103514112,3.12467,0,0,15.6485,0.761857,7.69045,9.7838,14.2975,0.211132,0.0119832
25296,103612416,3.13364,0.00546477,0.0375,15.7157,0.737472,7.21106,9.97255,13.687,0.211715,0.0120239
25320,103710720,3.14286,0.00445163,0,15.7886,0.796573,7.3731,9.85062,14.8248,0.21809,0.0119425
25344,103809024,3.15042,0.00723402,0,17.1264,0.720613,7.63564,9.76428,13.7758,0.211795,0.0116374
25368,103907328,3.1574,0,0,14.194,0.684803,6.01912,9.62184,14.8536,0.220357,0.0111491
25392,104005632,3.16571,0,0,15.1457,0.70776,6.80483,9.65142,14.5924,0.213954,0.0110779
25416,104103936,3.17412,0.00716418,0,16.146,0.75778,7.70847,9.83884,15.1592,0.21016,0.0109762
25440,104202240,3.18179,0,0,14.2814,0.677121,6.17249,9.54993,13.4244,0.214579,0.0106201
25464,104300544,3.18927,0,0,15.9952,0.768844,6.67589,9.61469,14.417,0.227549,0.010671
25488,104398848,3.19681,0.00601363,0,17.4967,0.776218,8.04205,9.70853,14.5755,0.208773,0.0107829
25512,104497152,3.20459,0,0,15.7733,0.750876,6.95404,9.82442,14.2219,0.209946,0.0108134
25536,104595456,3.21224,0,0,15.4975,0.746855,6.8437,9.71837,14.7108,0.218264,0.0107422
25560,104693760,3.21951,0.00529234,0,15.6435,0.749139,6.9147,9.86944,15.5878,0.215533,0.0107625
25584,104792064,3.22704,0.00244997,0,15.6006,0.765543,7.5726,9.86842,17.387,0.221603,0.0107422
25608,104890368,3.23543,0.0107797,0,14.8545,0.703982,6.86829,9.9795,15.3263,0.217171,0.010437
25632,104988672,3.24516,0,0,16.277,0.747575,7.30919,9.84109,16.6941,0.213633,0.0101929
25656,105086976,3.25391,0,0,15.8219,0.697227,7.6961,9.9285,14.4274,0.218692,0.00993856
25680,105185280,3.26303,0,0,14.5984,0.726736,6.40225,9.79707,15.2485,0.215723,0.00923665
25704,105283584,3.27046,0.00550286,0,15.3572,0.70953,6.84318,9.79613,15.6761,0.21403,0.00861613
25728,105381888,3.27794,0.011829,0,16.6861,0.758516,8.57041,10.0302,15.6918,0.221804,0.00830078
25752,105480192,3.28635,0,0,14.5204,0.744542,6.59679,9.86471,16.3834,0.208842,0.00816854
25776,105578496,3.29664,0,0,15.2589,0.74295,6.65193,9.7906,15.7209,0.212994,0.00796509
25800,105676800,3.30519,0.0205834,0,16.6737,0.702567,7.72999,9.7838,16.5516,0.219435,0.0078125
25824,105775104,3.3125,0,0,17.1124,0.799619,8.02617,9.84998,15.2892,0.214854,0.00796509
25848,105873408,3.32144,0.00677873,0,14.8533,0.733825,6.27052,9.90628,14.8575,0.218526,0.0078125
25872,105971712,3.32922,0,0,14.8969,0.722363,6.83807,9.89499,16.0281,0.206683,0.00746663
25896,106070016,3.33642,0.0121289,0,18.0378,0.699674,7.53055,10.1053,16.8484,0.220639,0.00732422
25920,106168320,3.34611,0,0,15.7547,0.743698,7.40385,9.94415,15.2003,0.217336,0.00719198
25944,106266624,3.35399,0,0,15.2485,0.726262,6.34504,10.1335,14.9639,0.215051,0.00697835
25968,106364928,3.36217,0.00883645,0,14.7542,0.694646,6.41335,10.2517,16.0108,0.21093,0.00612386
25992,106463232,3.36866,0.0116696,0,15.3553,0.731608,7.13248,10.1435,16.8115,0.213289,0.00599162
26016,106561536,3.37606,0,0,15.8581,0.74412,7.3125,10.3924,15.2174,0.217116,0.00585938
26040,106659840,3.38581,0.00698707,0,15.1954,0.750082,6.62663,10.1551,16.0702,0.211875,0.0055542
26064,106758144,3.39464,0,0,16.5665,0.781298,8.13962,10.2303,16.1298,0.212025,0.00518799
26088,106856448,3.40481,0.0114032,0,15.7159,0.736844,7.02057,10.3072,15.442,0.213975,0.00512695
26112,106954752,3.41485,0,0,15.3495,0.740653,7.21102,10.4605,16.392,0.223501,0.00512695
26136,107053056,3.42417,0,0,14.7818,0.73234,6.65033,10.3344,17.0382,0.218304,0.00523885
26160,107151360,3.43221,0,0,16.1446,0.784702,8.36779,10.5885,17.1089,0.219462,0.00537109
26184,107249664,3.44164,0,0,15.0062,0.74481,6.49618,10.0981,14.9884,0.214209,0.00537109
26208,107347968,3.45192,0,0,15.2483,0.726456,6.56399,10.5245,16.5944,0.215083,0.00522868
26232,107446272,3.46278,0,0,14.1794,0.744732,6.08962,10.2894,17.6051,0.208327,0.00522868
26256,107544576,3.47012,0,0,16.0249,0.816131,7.32668,10.5059,16.0355,0.21971,0.00512695
26280,107642880,3.47962,0,0,14.5685,0.700036,6.25308,10.4917,13.7618,0.219373,0.00505575
26304,107741184,3.48876,0.00535127,0,15.7468,0.77533,7.07036,10.6959,15.3784,0.214583,0.00488281
26328,107839488,3.49841,0,0,16.0746,0.7386,6.36669,10.5127,14.396,0.220931,0.00502523
26352,107937792,3.51022,0,0,15.37,0.715773,6.45655,10.4141,14.1172,0.218821,0.00487264
26376,108036096,3.52027,0,0,15.2977,0.721181,6.60295,10.6899,16.3909,0.220605,0.00400798
26400,108134400,3.53013,0.00385625,0,14.2372,0.71288,6.6364,10.6006,16.5967,0.216879,0.00373332
26424,108232704,3.54024,0.00353161,0,15.5107,0.729707,6.42259,10.5051,16.1045,0.219178,0.00387573
26448,108331008,3.54876,0,0,15.2272,0.702578,6.50615,10.8168,16.4251,0.225152,0.00415039
26472,108429312,3.55621,0.0100897,0,14.8592,0.753613,6.42847,10.8148,15.5172,0.211993,0.00363159
26496,108527616,3.56485,0.00420805,0,15.3645,0.744598,6.73932,10.5766,14.1632,0.216049,0.00342814
26520,108625920,3.57399,0.00567476,0,15.9058,0.748451,7.29604,11.1295,17.7459,0.21102,0.00348918
26544,108724224,3.58154,0.0151176,0,15.0624,0.718765,6.10536,10.6435,16.9712,0.217909,0.00363159
26568,108822528,3.58988,0,0,14.4008,0.725326,6.37388,10.9055,17.365,0.218468,0.00365194
26592,108920832,3.59828,0,0,14.8518,0.761541,7.14388,11.1937,19.6031,0.217883,0.00384521
26616,109019136,3.60621,0.00744443,0,14.6242,0.724395,6.36631,10.8766,15.7017,0.216969,0.00390625
26640,109117440,3.61598,0.0152672,0,14.4098,0.769338,6.32039,11.0195,18.0658,0.21585,0.00401815
26664,109215744,3.62528,0,0,16.9436,0.723174,7.78215,10.851,17.6083,0.224384,0.00415039
26688,109314048,3.63404,0.00718096,0,14.964,0.752159,6.72002,10.9912,17.4242,0.214587,0.00387573
26712,109412352,3.64247,0,0,14.6349,0.770676,6.38641,11.3581,17.142,0.228442,0.00376383
26736,109510656,3.65197,0.00959114,0,15.369,0.768333,6.25899,11.0022,16.3621,0.231456,0.00425212
26760,109608960,3.65919,0.00975039,0,14.84,0.729564,6.31824,11.0524,15.5795,0.217856,0.00441488
26784,109707264,3.66507,0.0154857,0,14.7332,0.672552,6.19171,11.0354,16.5762,0.225283,0.00463867
26808,109805568,3.67359,0.00308742,0,15.079,0.729458,6.63121,11.2736,17.4895,0.232057,0.00482178
26832,109903872,3.68423,0,0,15.0042,0.746117,6.80179,11.0504,17.5413,0.226045,0.00470988
26856,110002176,3.69334,0,0,13.9675,0.732496,5.941,11.2142,18.0772,0.218004,0.00542196
26880,110100480,3.70261,0.0213198,0,16.8335,0.773612,7.76436,11.1848,20.1019,0.225612,0.00616455
26904,110198784,3.71125,0,0,14.0911,0.714125,6.1845,11.0653,15.8429,0.216152,0.00610352
26928,110297088,3.71981,0.0072648,0,14.9556,0.803563,6.41593,11.1613,18.8544,0.226608,0.00594076
26952,110395392,3.72929,0,0,13.8381,0.724589,5.66981,11.3138,15.3484,0.221203,0.00629679
26976,110493696,3.73748,0.00285769,0,14.3822,0.72587,6.20102,11.3565,17.8988,0.236651,0.00660197
27000,110592000,3.74535,0.0212277,0,14.3865,0.739457,6.33003,11.2729,18.6898,0.216804,0.0065918
27024,110690304,3.75455,0.0064458,0,14.2353,0.70914,6.49955,11.1182,18.0601,0.219472,0.0065918
27048,110788608,3.76333,0.00667077,0,14.6747,0.745288,6.314,11.3758,17.3246,0.220003,0.00670369
27072,110886912,3.77334,0.00472574,0,14.4236,0.726806,5.83083,11.3174,17.0148,0.207696,0.00683594
27096,110985216,3.78386,0.0079009,0,14.9699,0.792158,6.40974,11.0997,18.1151,0.214256,0.00683594
27120,111083520,3.79357,0,0,15.4652,0.732823,6.969,11.3268,20.442,0.22676,0.00700887
27144,111181824,3.80548,0.0171585,0,15.7839,0.762204,6.82629,11.2902,19.0787,0.21576,0.0068868
27168,111280128,3.81384,0.0105652,0,16.1531,0.716839,7.10671,11.3039,18.2736,0.218707,0.00703939
27192,111378432,3.82242,0.0039908,0,16.1736,0.777959,8.00628,11.3895,17.9413,0.224268,0.00708008
27216,111476736,3.83216,0.0101137,0,16.0865,0.742374,7.25724,11.2907,18.2763,0.231495,0.00702922
27240,111575040,3.84185,0.00524423,0,16.2213,0.792853,7.79364,11.3469,17.9903,0.220821,0.00708008
27264,111673344,3.85128,0.00860656,0,14.0532,0.694348,6.34751,11.2089,18.6784,0.220905,0.00708008
27288,111771648,3.85949,0,0,16.0811,0.751191,7.22069,11.0703,17.9605,0.227867,0.00734456
27312,111869952,3.86904,0.00997355,0,15.5102,0.751098,7.3893,11.3427,19.1354,0.216721,0.00756836
27336,111968256,3.87682,0.00582363,0,17.4018,0.773816,8.31168,11.4798,20.1535,0.227386,0.00734456
27360,112066560,3.88417,0,0,15.3998,0.782201,6.70195,11.2392,17.4743,0.21636,0.00732422
27384,112164864,3.89329,0,0,15.5453,0.774911,6.75441,11.3923,17.117,0.224632,0.00732422
27408,112263168,3.90424,0,0,16.2118,0.759889,7.88844,11.3259,19.5324,0.216803,0.00732422
27432,112361472,3.91301,0.00450354,0,15.4521,0.763682,7.16429,11.4023,19.353,0.215969,0.00723267
27456,112459776,3.92199,0,0,14.9017,0.735797,6.38282,11.4521,18.4971,0.221167,0.00732422
27480,112558080,3.93148,0.0125243,0,14.6534,0.788869,6.58148,11.4368,17.2548,0.217662,0.00732422
27504,112656384,3.93975,0,0,14.5093,0.694553,6.26204,11.482,19.1135,0.225112,0.00721232
27528,112754688,3.94645,0.00305157,0,14.8089,0.801747,6.25545,11.493,19.22,0.232629,0.00702922
27552,112852992,3.95367,0.00507696,0,14.5822,0.734186,6.41185,11.4466,17.915,0.210462,0.00683594
27576,112951296,3.96279,0,0,16.2173,0.780156,7.86123,11.8944,20.7102,0.221836,0.00662231
27600,113049600,3.97146,0.0214889,0,15.7109,0.74835,7.81535,11.5934,20.5025,0.229003,0.00634766
27624,113147904,3.97847,0,0,16.3656,0.773424,7.36752,11.6988,19.4573,0.227609,0.00635783
27648,113246208,3.9874,0,0,15.4158,0.709122,7.07772,11.7118,19.2774,0.226224,0.00639852
27672,113344512,3.99655,0.00282152,0,15.5378,0.82175,6.57678,11.6531,16.2996,0.234503,0.00644938
27696,113442816,4.00397,0.0107797,0,15.4124,0.794986,6.71385,11.6781,18.3467,0.231965,0.0065918
27720,113541120,4.01089,0,0,15.4653,0.7321,6.02525,11.8007,17.9602,0.228858,0.00633748
27744,113639424,4.01948,0.00377291,0,15.5165,0.70069,6.24393,11.5084,17.5169,0.213874,0.00599162
27768,113737728,4.02806,0,0,15.9633,0.782043,7.40938,11.6602,19.2549,0.223395,0.00600179
27792,113836032,4.03694,0.00742942,0,15.2744,0.765415,7.33392,11.782,19.8009,0.226267,0.00588989
27816,113934336,4.04346,0.00438902,0,14.614,0.732028,6.51696,11.7921,19.7408,0.223562,0.00628662
27840,114032640,4.05211,0.00682444,0,14.8964,0.746125,7.32364,11.7879,19.9729,0.226706,0.00613403
27864,114130944,4.06142,0.0108335,0,15.829,0.757831,6.5609,11.9761,19.3284,0.226149,0.0051473
27888,114229248,4.07052,0.0156064,0,15.1476,0.746644,6.51145,12.0576,21.1102,0.21767,0.00498454
27912,114327552,4.07994,0,0,15.2757,0.706031,6.63342,11.7831,19.8682,0.215358,0.00512695
27936,114425856,4.08936,0.00567108,0,15.2934,0.717613,6.78442,11.9074,17.2018,0.226664,0.00499471
27960,114524160,4.09703,0,0,13.8579,0.689869,5.96922,11.9943,18.8437,0.224302,0.00459798
27984,114622464,4.10404,0.00226135,0,13.4394,0.672131,5.93335,12.0703,18.926,0.219684,0.0043335
28008,114720768,4.11173,0.00345298,0,15.3727,0.752538,6.81914,11.9903,17.9867,0.221187,0.00449626
28032,114819072,4.12095,0,0,13.5151,0.695028,6.0134,12.1567,18.1886,0.221503,0.00465902
28056,114917376,4.1292,0.0110457,0,14.2882,0.692465,6.07975,11.8904,22.7529,0.216836,0.00468953
28080,115015680,4.13792,0.00720202,0,13.6594,0.690584,6.16764,12.0849,18.3812,0.226691,0.00463867
28104,115113984,4.14845,0.00267953,0,15.3816,0.741377,7.28317,12.2153,21.82,0.232944,0.0046285
28128,115212288,4.15709,0,0,15.9768,0.740417,8.03858,12.4031,21.7131,0.220798,0.00439453
28152,115310592,4.16448,0.0196991,0,14.1168,0.730639,6.30708,12.1895,21.3697,0.220081,0.00435384
28176,115408896,4.17296,0,0,15.3369,0.722607,6.22359,12.2233,19.7559,0.228826,0.00415039
28200,115507200,4.18052,0,0,14.4002,0.748418,6.7733,12.0744,18.3288,0.214083,0.00415039
28224,115605504,4.18809,0.0104298,0,14.9344,0.752657,6.53557,12.2792,20.3366,0.226776,0.00439453
28248,115703808,4.19435,0.00291036,0,14.739,0.733671,6.55356,12.4204,20.8504,0.22462,0.00486247
28272,115802112,4.20263,0,0,14.4742,0.695454,6.14949,12.1566,20.2283,0.223363,0.00485229
28296,115900416,4.21268,0.0275964,0,14.2266,0.705124,6.04713,12.094,16.7226,0.218357,0.00448608
28320,115998720,4.22116,0,0,14.46,0.719705,6.93693,12.2863,20.1008,0.225795,0.00439453
28344,116097024,4.228,0,0,15.5174,0.740433,6.69249,12.286,20.3659,0.224718,0.00439453
28368,116195328,4.23768,0.00222441,0,15.4567,0.724664,7.11663,12.1598,20.589,0.230253,0.00439453
28392,116293632,4.24817,0,0,16.3965,0.728191,7.3609,12.5318,21.4036,0.230664,0.00439453
28416,116391936,4.25821,0.00388249,0,15.3504,0.766317,7.25232,12.5625,20.0349,0.22303,0.00437419
28440,116490240,4.26783,0.0133703,0,16.9453,0.721053,7.82581,12.5531,22.2966,0.226329,0.00398763
28464,116588544,4.27706,0,0,16.1287,0.789046,7.60099,12.3993,18.8819,0.233942,0.00441488
28488,116686848,4.28609,0.00570974,0,14.7437,0.693608,6.15694,12.3098,19.568,0.224129,0.00458781
28512,116785152,4.29575,0.0144678,0,15.2087,0.749505,6.85363,12.2647,16.6242,0.222486,0.00439453
28536,116883456,4.30411,0,0,15.7314,0.758785,7.00822,12.5286,21.7693,0.223403,0.00439453
28560,116981760,4.31276,0,0,14.481,0.729878,7.23215,12.441,20.4731,0.228948,0.00463867
28584,117080064,4.32275,0.0111387,0,15.2586,0.70001,7.40228,12.4725,21.3861,0.222949,0.00480143
28608,117178368,4.3324,0.00309246,0,16.0049,0.719549,7.63786,12.559,22.898,0.215818,0.00488281
28632,117276672,4.34002,0,0,15.2989,0.677586,7.2908,12.1683,20.1299,0.23183,0.00479126
28656,117374976,4.34687,0.0144509,0,14.2388,0.652036,5.89212,12.4294,19.9325,0.220863,0.00472005
28680,117473280,4.35604,0.0102597,0,16.8563,0.775807,7.81756,12.6325,22.7072,0.234685,0.00469971
28704,117571584,4.36454,0.00608082,0,15.6275,0.746676,6.83629,12.2657,19.4082,0.228093,0.00463867
28728,117669888,4.3733,0,0,14.9392,0.716668,6.33181,12.4493,19.6912,0.226554,0.0047404
28752,117768192,4.3809,0,0,16.468,0.755865,7.48615,12.401,20.4731,0.22719,0.00488281
28776,117866496,4.38779,0,0,15.0063,0.688297,6.03864,12.0698,18.4432,0.223867,0.00523885
28800,117964800,4.39698,0,0,14.4226,0.706173,6.45429,12.3885,20.8524,0.222854,0.00511678
28824,118063104,4.40625,0.0184046,0,15.5853,0.737351,7.20092,12.4542,22.3686,0.222124,0.00463867
28848,118161408,4.41491,0,0,14.1295,0.637467,6.16669,12.3006,24.21,0.229766,0.00463867
28872,118259712,4.42356,0.0098187,0,15.1813,0.689166,6.95297,12.0904,20.5196,0.226809,0.00482178
28896,118358016,4.43249,0.00433317,0,15.4171,0.702488,7.02814,12.3692,20.8587,0.23024,0.00442505
28920,118456320,4.44166,0,0,15.5116,0.808657,6.92259,12.2394,19.0285,0.230332,0.00463867
28944,118554624,4.44833,0.00814815,0,14.3207,0.69724,6.64255,12.1465,21.3664,0.226766,0.00463867
28968,118652928,4.45671,0.00764839,0,14.9991,0.666717,6.69641,12.2807,19.7379,0.224137,0.00463867
28992,118751232,4.46365,0.00339905,0,13.58,0.699201,6.32526,12.0893,21.4841,0.227656,0.00444539
29016,118849536,4.47209,0,0,13.1395,0.675749,5.94249,12.3287,22.9791,0.242833,0.00421143
29040,118947840,4.48152,0.0113122,0,15.187,0.691647,6.85708,11.8949,22.0124,0.21694,0.00404867
29064,119046144,4.49084,0,0,15.4599,0.686274,7.17403,12.2537,23.4904,0.222609,0.00400798
29088,119144448,4.49792,0.0147566,0,14.134,0.685038,6.47963,12.4647,21.5159,0.226165,0.00415039
29112,119242752,4.50712,0.00528728,0,14.4993,0.679371,6.88921,11.8663,20.1769,0.231798,0.00415039
29136,119341056,4.51482,0.00438837,0,16.1008,0.740058,7.28173,12.2457,22.747,0.22712,0.00424194
29160,119439360,4.52312,0.00443213,0,13.5617,0.668779,6.1464,12.2598,21.4162,0.228628,0.00439453
29184,119537664,4.53122,0.00379486,0,15.0072,0.758124,7.1946,12.1682,21.726,0.230392,0.00439453
29208,119635968,4.53818,0.0118127,0,13.7967,0.666487,6.08686,12.0758,20.1448,0.224805,0.00457764
29232,119734272,4.54783,0.0113871,0,15.2426,0.718994,7.04326,12.1636,21.4193,0.234055,0.00423177
29256,119832576,4.55678,0,0,15.4735,0.697447,6.49488,12.2496,22.394,0.231374,0.00396729
29280,119930880,4.5654,0.0369287,0,14.8706,0.658462,6.96403,12.0256,21.2767,0.230681,0.00439453
29304,120029184,4.57439,0.00460085,0,13.5533,0.679151,5.59538,11.9943,21.9439,0.223446,0.00439453
29328,120127488,4.58534,0,0,13.4933,0.626825,6.26642,12.0178,22.7408,0.225244,0.00439453
29352,120225792,4.59579,0.0058434,0,14.3137,0.699516,6.9047,12.1258,21.6077,0.227687,0.00439453
29376,120324096,4.60341,0,0,13.5743,0.659684,6.03716,12.1273,21.9806,0.233921,0.00446574
29400,120422400,4.61153,0.00769893,0,16.0934,0.703056,7.17655,12.2838,21.7923,0.228882,0.00463867
29424,120520704,4.61905,0.00434135,0,14.5729,0.709123,7.10496,12.2946,23.7627,0.231919,0.00463867
29448,120619008,4.62835,0,0,14.1014,0.652456,6.48229,12.1129,22.0188,0.222817,0.00453695
29472,120717312,4.63758,0.0125291,0,13.5832,0.659533,6.36877,12.1196,21.0711,0.226532,0.00396729
29496,120815616,4.64506,0,0,13.7081,0.666429,6.38746,12.1433,21.6761,0.224732,0.00390625
29520,120913920,4.6562,0.0058408,0,13.9762,0.682761,6.66167,12.2886,23.7056,0.226172,0.00390625
29544,121012224,4.66734,0.00763068,0,14.5931,0.737847,7.1233,12.0972,21.3496,0.224756,0.00382487
29568,121110528,4.67737,0.0106982,0,13.9713,0.663488,6.47219,12.2171,23.6196,0.23366,0.00366211
29592,121208832,4.68596,0,0,14.4926,0.678751,7.05318,12.2475,24.192,0.232135,0.00341797
29616,121307136,4.69743,0.0115075,0,14.7936,0.66993,7.21943,12.5791,25.2714,0.234046,0.00366211
29640,121405440,4.70588,0,0,15.9504,0.733132,7.46781,12.3438,23.0112,0.234673,0.00415039
29664,121503744,4.71249,0,0,14.9271,0.723962,6.68747,12.236,19.1148,0.230218,0.00409953
29688,121602048,4.72128,0.00819559,0,14.5835,0.687722,6.6863,12.3049,23.4554,0.220689,0.00415039
29712,121700352,4.7279,0.00408726,0,15.2534,0.703009,6.94754,12.3645,21.0948,0.219637,0.00415039
29736,121798656,4.73716,0,0,13.4391,0.693911,5.91733,12.2886,21.5592,0.228198,0.00396729
29760,121896960,4.74479,0,0,14.5947,0.723233,6.30083,12.3503,21.4575,0.231977,0.00360107
29784,121995264,4.75479,0.0109987,0,14.7477,0.686329,6.31944,12.3451,21.4442,0.235484,0.00345866
29808,122093568,4.76377,0,0,15.0238,0.715703,6.75621,12.5515,22.5694,0.217911,0.00341797
29832,122191872,4.77222,0.0122814,0,14.0079,0.672675,6.45582,12.5963,23.5112,0.224136,0.00343831
29856,122290176,4.78071,0,0,14.2819,0.687384,6.79784,12.6902,24.0788,0.229409,0.0035909
29880,122388480,4.79041,0.0111924,0,15.3562,0.7412,7.33585,12.6485,22.5361,0.230295,0.00341797
29904,122486784,4.80103,0.00565593,0,13.6319,0.671033,6.1485,12.5196,22.6112,0.23122,0.00333659
29928,122585088,4.80917,0.0131732,0,14.0266,0.703882,6.23815,12.6279,23.3095,0.2292,0.00317383
29952,122683392,4.81877,0.0055253,0,16.0985,0.748066,7.92499,12.8432,23.4227,0.227917,0.00317383
29976,122781696,4.8292,0.0143381,0,15.2522,0.712261,6.95264,12.8279,22.8543,0.232509,0.00317383
30000,122880000,4.83953,0.00381825,0,14.7403,0.709313,6.86085,13.0222,22.6312,0.225384,0.00320435
30024,122978304,4.8472,0.00491691,0,14.1977,0.686858,6.81028,12.6276,23.9335,0.237925,0.00341797
30048,123076608,4.85612,0,0,14.6417,0.696423,6.49033,12.9975,22.287,0.228954,0.00341797
30072,123174912,4.86551,0.0215036,0,13.9483,0.660348,5.98621,12.704,21.2156,0.238148,0.00336711
30096,123273216,4.87528,0.00755613,0,14.8585,0.720064,6.47322,12.9951,25.4733,0.224723,0.00341797
30120,123371520,4.88265,0.003021,0.00985383,14.286,0.673402,6.57756,12.8156,24.7916,0.228202,0.00341797
30144,123469824,4.89222,0,0,14.2244,0.686186,7.05805,13.14,24.8415,0.230117,0.00324504
30168,123568128,4.901,0.0316233,0,13.6712,0.678741,6.46621,12.9398,22.2591,0.234948,0.00317383
30192,123666432,4.90776,0.00441625,0,13.4668,0.688982,5.96838,13.0769,22.5326,0.23034,0.00317383
30216,123764736,4.91779,0.0105936,0,14.2606,0.675856,6.65311,12.9843,24.1988,0.227562,0.00280762
30240,123863040,4.92607,0.00623701,0,14.9909,0.673717,7.19454,13.1744,23.7666,0.227642,0.00272624
30264,123961344,4.93334,0.00956817,0,14.5,0.697362,6.59837,13.2705,23.7999,0.225962,0.00270589
30288,124059648,4.942,0.0394584,0,13.4116,0.665498,5.92902,13.2125,20.7128,0.223172,0.00244141
30312,124157952,4.95019,0.00805879,0,14.7958,0.733132,6.47175,13.3632,23.2306,0.231346,0.00259399
30336,124256256,4.95731,0,0,14.6302,0.69879,6.84917,13.2556,24.6226,0.230092,0.00293986
30360,124354560,4.9639,0.0080429,0,14.5895,0.686672,5.99515,13.2826,23.0191,0.232724,0.00352987
30384,124452864,4.97105,0,0,13.5051,0.715347,6.47442,13.573,24.3957,0.228644,0.00350952
30408,124551168,4.98055,0.0208611,0,12.9085,0.637551,6.19759,13.1882,22.9614,0.22475,0.00346883
30432,124649472,4.98964,0.00428047,0,15.3882,0.707834,6.83897,13.4217,23.8691,0.226927,0.00377401
30456,124747776,4.99755,0.00338057,0,14.267,0.684034,6.6695,13.4522,22.473,0.244707,0.00411987
30480,124846080,5.00688,0,0,12.9321,0.641138,5.63871,13.4364,20.7736,0.221566,0.00415039
30504,124944384,5.01696,0.00493828,0,15.7847,0.724882,7.32104,13.8162,25.9106,0.236638,0.00424194
30528,125042688,5.02613,0.00417412,0,13.883,0.675375,5.73652,13.6289,24.1251,0.221863,0.0046285
30552,125140992,5.03545,0.0219197,0,13.6162,0.681057,6.06107,13.8222,25.7934,0.224236,0.00480143
30576,125239296,5.04619,0,0,13.5816,0.708269,6.16761,13.6843,25.0178,0.227191,0.00496419
30600,125337600,5.05341,0,0,16.9246,0.834339,7.9953,13.9616,25.0841,0.230316,0.00520833
30624,125435904,5.06182,0,0,15.0928,0.682443,7.38603,13.7711,24.886,0.232807,0.00510661
30648,125534208,5.06941,0,0,14.376,0.715059,6.69636,13.5662,22.2659,0.227497,0.00500488
30672,125632512,5.07687,0.00479662,0,15.9892,0.727207,7.02005,13.8325,23.8529,0.22557,0.0052592
30696,125730816,5.08451,0.00304599,0,13.5432,0.662749,6.36842,13.899,25.521,0.238654,0.00562541
30720,125829120,5.09332,0.0107143,0,14.1406,0.718455,6.35216,13.7981,24.1843,0.230707,0.00585938
30744,125927424,5.10232,0,0,14.8322,0.728502,6.91178,13.7652,22.8225,0.227918,0.00585938
30768,126025728,5.11256,0.00834303,0,16.0144,0.753129,7.58984,13.8183,25.1707,0.225727,0.00576782
30792,126124032,5.12062,0,0,13.5928,0.632099,6.39928,13.9019,23.5021,0.23066,0.00561523
30816,126222336,5.12857,0.00248987,0,15.1491,0.726631,6.90934,13.3883,25.4309,0.227783,0.00561523
30840,126320640,5.13512,0.00552741,0,13.7257,0.740701,5.74139,13.671,24.9228,0.23454,0.00559489
30864,126418944,5.14319,0.0157511,0,15.8633,0.712359,6.61143,13.8,23.0536,0.233194,0.00579834
30888,126517248,5.15238,0.0118358,0,14.0233,0.667471,5.61482,13.7764,25.1561,0.233445,0.00600179
30912,126615552,5.16205,0,0,15.2776,0.703377,6.52883,13.7122,24.841,0.227248,0.00611369
30936,126713856,5.169,0.00281215,0,14.4248,0.765078,6.63507,14.0958,26.2107,0.230039,0.00634766
30960,126812160,5.17742,0.00280662,0,15.0435,0.671109,6.8486,13.9578,24.7277,0.235833,0.00634766
30984,126910464,5.18569,0,0,14.7101,0.780294,6.87921,14.1273,25.1889,0.228953,0.00634766
31008,127008768,5.19178,0.0153817,0,14.3058,0.655087,6.16065,14.1064,25.0594,0.22101,0.00623576
31032,127107072,5.20047,0.0068651,0,15.0024,0.724318,7.05301,14.0793,28.611,0.236662,0.0061849
31056,127205376,5.20758,0.0108208,0,15.1141,0.7267,7.14155,14.2009,27.2786,0.224863,0.00634766
31080,127303680,5.21429,0,0,12.6085,0.642666,5.67649,13.9472,24.2453,0.233184,0.00613403
31104,127401984,5.2224,0.0108111,0,14.8955,0.720507,7.42356,14.2083,25.6393,0.227609,0.00610352
31128,127500288,5.2306,0.0105211,0,14.4733,0.687621,6.78746,14.2799,27.9086,0.231182,0.00610352
31152,127598592,5.24052,0.0304138,0,15.6865,0.749167,5.96816,13.871,25.1216,0.226435,0.00623576
31176,127696896,5.25115,0.0143457,0,14.4509,0.729828,6.62967,14.1276,25.7702,0.239992,0.00676473
31200,127795200,5.26095,0.0039292,0,13.4368,0.702089,5.71988,14.0311,23.9077,0.228461,0.00683594
31224,127893504,5.26977,0.0136172,0,13.8806,0.736692,6.27517,14.18,26.4885,0.235274,0.00683594
31248,127991808,5.27739,0,0,14.002,0.643147,6.73364,13.9816,25.1917,0.229014,0.0068868
31272,128090112,5.28423,0.00759301,0,16.0071,0.743875,7.3129,13.667,24.7351,0.226828,0.00684611
31296,128188416,5.29362,0,0,15.2868,0.769658,6.47121,13.8965,22.2474,0.233853,0.0072937
31320,128286720,5.3031,0.0155231,0,13.3462,0.700395,5.27926,13.8884,26.891,0.230902,0.00735474
31344,128385024,5.313,0,0,13.9265,0.717351,6.14257,14.066,25.8025,0.218436,0.00726318
31368,128483328,5.32345,0.0218085,0,14.2823,0.704955,6.75487,14.1376,25.1714,0.225022,0.00705973
31392,128581632,5.33384,0.00491746,0,13.1058,0.686083,5.94512,14.2699,26.8895,0.225706,0.00724284
31416,128679936,5.34117,0,0,14.7411,0.703443,6.99732,13.8484,24.3049,0.237332,0.00719198
31440,128778240,5.34912,0,0,13.2693,0.664725,6.08526,13.6697,26.1751,0.240481,0.0069987
31464,128876544,5.35654,0.00565626,0,14.0666,0.735528,6.47971,14.0987,24.9847,0.232454,0.00683594
31488,128974848,5.36382,0.00630108,0,14.0964,0.672168,6.73142,13.8293,25.5948,0.231925,0.00684611
31512,129073152,5.37156,0,0,13.1137,0.692405,6.08084,14.0804,26.7502,0.220476,0.00683594
31536,129171456,5.37955,0.0187638,0,14.4691,0.749768,6.67475,14.0989,27.954,0.228234,0.0067749
31560,129269760,5.38647,0,0,13.7889,0.694654,6.34249,13.9152,26.2646,0.227187,0.00692749
31584,129368064,5.39587,0.00692264,0,14.5387,0.718521,7.13511,14.2335,26.8611,0.228765,0.00691732
31608,129466368,5.40567,0.00923754,0,15.565,0.704687,7.81733,14.084,27.37,0.229639,0.0069987
31632,129564672,5.41378,0.011033,0.0146518,15.2747,0.684049,7.15573,14.0669,27.1444,0.221109,0.00683594
31656,129662976,5.42377,0.00501358,0,16.9093,0.728222,7.32794,14.1577,24.7893,0.241181,0.00684611
31680,129761280,5.43624,0.0150795,0,14.6512,0.675828,6.81702,14.1262,26.6602,0.238094,0.00695801
31704,129859584,5.44324,0.00402601,0,15.0035,0.752133,7.30123,14.2413,26.8261,0.230564,0.00714111
31728,129957888,5.45203,0.00480714,0,14.5416,0.738688,7.29003,14.4717,29.1366,0.229425,0.00748698
31752,130056192,5.46103,0.00171314,0,14.5258,0.721744,6.72317,13.9732,25.1306,0.229964,0.00764974
31776,130154496,5.46931,0,0,15.2551,0.774714,6.91455,14.1222,24.5325,0.236064,0.00816854
31800,130252800,5.47713,0.0217248,0,14.2729,0.680699,6.66045,13.7086,24.4279,0.235111,0.00882975
31824,130351104,5.48514,0,0,14.817,0.717392,7.14127,14.1859,26.4218,0.233774,0.0090332
31848,130449408,5.49427,0.0132842,0.0173544,14.3764,0.695748,6.16912,14.0275,26.7582,0.220866,0.00938924
31872,130547712,5.50237,0.021716,0,15.4747,0.743495,7.7242,14.1972,25.9414,0.217461,0.00940959
31896,130646016,5.51216,0.0040395,0,14.8916,0.748833,6.8848,14.2679,25.017,0.223851,0.00929769
31920,130744320,5.52205,0,0,15.558,0.726025,6.91782,13.7938,24.7673,0.226195,0.0093689
31944,130842624,5.53204,0,0,16.0687,0.784201,8.20765,13.8806,27.1045,0.232583,0.00951131
31968,130940928,5.5423,0.00625326,0,14.0605,0.640103,6.3599,14.1192,24.8112,0.221342,0.00952148
31992,131039232,5.55033,0.00372142,0,14.4358,0.703646,6.60579,14.0837,26.4383,0.22228,0.00992839
32016,131137536,5.56005,0.012051,0,13.6168,0.669813,6.62807,13.9098,24.2953,0.231626,0.0103353
32040,131235840,5.57044,0.00576955,0,14.5937,0.712577,7.06404,14.0185,27.6757,0.239662,0.0103353
32064,131334144,5.58018,0.00462937,0,13.3355,0.703613,6.21896,13.9684,27.0692,0.234418,0.0102539
32088,131432448,5.58799,0,0,14.8665,0.657127,6.91076,14.2159,26.7084,0.233661,0.0104777
32112,131530752,5.59471,0.00413443,0,13.7099,0.672489,5.95665,13.9733,24.398,0.226212,0.0110677
32136,131629056,5.60192,0,0,15.5104,0.702821,7.99512,14.5687,28.7835,0.234893,0.0113322
32160,131727360,5.61076,0.0078365,0,14.6741,0.703047,6.91415,14.154,27.4572,0.23201,0.0114136
32184,131825664,5.61672,0.0209878,0,14.4285,0.676837,7.16048,14.0646,28.1204,0.223623,0.0109863
32208,131923968,5.62704,0.00312289,0,15.0383,0.707995,7.05951,14.3362,27.532,0.219591,0.0109863
32232,132022272,5.63666,0.00433057,0,14.0203,0.627097,6.69023,14.432,29.7421,0.211045,0.0109762
32256,132120576,5.64598,0,0,14.04,0.692538,6.16276,13.9266,27.8688,0.227748,0.0108948
32280,132218880,5.65821,0,0,15.675,0.727882,8.51658,14.3071,26.6432,0.213787,0.0108439
32304,132317184,5.6677,0,0,14.5274,0.676073,6.93594,14.5663,27.6726,0.230373,0.0107218
32328,132415488,5.67558,0.0178859,0,14.0965,0.654068,6.78921,14.2483,26.5418,0.236689,0.0108337
32352,132513792,5.68362,0.0176991,0,14.082,0.696611,6.86095,14.1683,24.8788,0.232884,0.0111389
32376,132612096,5.69205,0,0,15.0796,0.686223,7.31713,14.2142,25.3822,0.224583,0.0112305
32400,132710400,5.69842,0,0,15.8394,0.747958,7.4934,14.3626,27.4369,0.229157,0.0110372
32424,132808704,5.70826,0,0,13.8101,0.623876,6.8788,14.2148,29.0258,0.232775,0.0112305
32448,132907008,5.71738,0.0361264,0.00992392,15.1216,0.702166,7.61839,14.5819,27.3611,0.233452,0.0111796
32472,133005312,5.72572,0,0,14.5802,0.714579,7.11189,14.4735,26.3544,0.22837,0.0116882
32496,133103616,5.7341,0,0,13.7158,0.695872,6.27984,14.1045,26.7127,0.223484,0.0123291
32520,133201920,5.74322,0.00380517,0,15.6309,0.678685,6.774,14.4251,28.0855,0.224104,0.012207
32544,133300224,5.75318,0.00243754,0,13.9023,0.652665,7.01224,14.4467,29.5371,0.223616,0.0118612
32568,133398528,5.76115,0.00289344,0,16.1134,0.773382,6.8981,14.6821,27.5714,0.221854,0.0118612
32592,133496832,5.76905,0,0,16.0517,0.676946,8.31881,14.642,29.8202,0.232367,0.0120341
32616,133595136,5.77653,0.00971467,0,14.125,0.707649,7.00179,14.4754,29.0215,0.22831,0.0117391
32640,133693440,5.7844,0.00463132,0,13.9769,0.688383,5.81358,14.2648,27.7425,0.223908,0.0117188
32664,133791744,5.79196,0.0102179,0,13.3287,0.693779,6.66305,14.0139,27.6357,0.220569,0.0114848
32688,133890048,5.80024,0.00578678,0,13.2558,0.690474,5.77081,14.3549,27.416,0.221159,0.0108846
32712,133988352,5.80807,0.0112939,0,13.4232,0.620697,6.58214,14.1176,27.6392,0.224184,0.0110067
32736,134086656,5.81757,0.0121142,0,13.361,0.691998,6.00813,14.1448,28.4731,0.216363,0.0110067
32760,134184960,5.82722,0.0205578,0,13.4492,0.660149,6.28329,14.1843,25.8878,0.221691,0.0111491
32784,134283264,5.83885,0,0,15.051,0.721337,7.10153,14.1002,24.7857,0.224917,0.0106303
32808,134381568,5.84791,0,0,14.9687,0.698552,6.9142,14.5311,28.7686,0.225707,0.0101318
32832,134479872,5.8571,0.00441153,0,14.7607,0.653646,6.52244,14.0996,27.6087,0.232301,0.0101522
32856,134578176,5.86627,0.00942126,0,12.9839,0.633647,6.29133,14.3355,27.458,0.227528,0.00961304
32880,134676480,5.87339,0.00625776,0,15.3992,0.69144,7.0873,14.1799,27.8279,0.225836,0.0101929
32904,134774784,5.88123,0.0105345,0,14.6302,0.750922,7.39189,14.3698,27.9783,0.239797,0.0104777
32928,134873088,5.88844,0.00518455,0,13.5564,0.668021,6.07638,14.2588,27.7412,0.223657,0.0103658
32952,134971392,5.89675,0.0117031,0,13.6011,0.686807,6.09711,14.4319,27.789,0.23419,0.0102539
32976,135069696,5.90682,0,0,14.2469,0.719324,6.43791,14.3477,27.0515,0.225065,0.0102641
33000,135168000,5.91654,0.0114848,0,14.7636,0.660023,7.05719,14.3865,27.6409,0.236304,0.00986735
33024,135266304,5.92382,0.0113461,0,13.968,0.658393,6.77719,14.4103,28.9258,0.225485,0.00985718
33048,135364608,5.93328,0.00313545,0,14.8668,0.730813,7.46269,14.4741,27.885,0.232384,0.0100911
33072,135462912,5.94244,0,0,14.4717,0.698329,7.56535,14.5188,29.1981,0.226379,0.010498
33096,135561216,5.95049,0,0,13.6444,0.668521,6.92597,14.2493,27.9567,0.226344,0.0101013
33120,135659520,5.95876,0.00785083,0,14.5082,0.717581,6.86125,14.1496,27.6743,0.228291,0.00973511
33144,135757824,5.96689,0,0,15.565,0.697862,7.51166,14.0767,29.1477,0.22207,0.00972493
33168,135856128,5.97414,0,0,13.8699,0.634451,7.19297,14.0633,29.7105,0.217729,0.0093689
33192,135954432,5.9827,0.00747544,0,13.9945,0.724401,6.00099,14.1362,28.169,0.233906,0.00975545
33216,136052736,5.99232,0.00290077,0,15.0534,0.70443,7.04446,14.056,26.4883,0.239816,0.00981649
33240,136151040,5.99871,0.0189941,0,14.8718,0.683831,7.19506,14.5073,31.9647,0.220931,0.0100098
33264,136249344,6.00677,0,0,13.8183,0.688918,6.43717,14.0811,27.2869,0.223856,0.0097758
33288,136347648,6.01575,0.0131021,0,14.437,0.663315,6.83707,14.074,27.0798,0.2361,0.00968425
33312,136445952,6.0252,0,0,14.0365,0.622101,6.58319,13.8155,29.7005,0.22351,0.00941976
33336,136544256,6.03205,0.005074,0,12.9012,0.625755,5.95361,13.644,28.8674,0.218662,0.00878906
33360,136642560,6.03956,0,0,14.5691,0.68955,6.98995,13.8517,27.6763,0.220973,0.00818888
33384,136740864,6.04856,0.00438505,0,14.5648,0.668651,7.04882,14.2262,30.0833,0.227754,0.00818888
33408,136839168,6.05788,0.00975526,0,14.9448,0.683893,7.18863,14.1027,30.2712,0.226238,0.00841268
33432,136937472,6.06538,0.00841063,0,14.9588,0.701475,7.25611,14.2647,30.1567,0.224792,0.00827026
33456,137035776,6.07242,0.00709651,0,13.3324,0.671527,5.98886,14.0462,26.3313,0.239024,0.00845337
33480,137134080,6.08004,0.0113448,0,14.7115,0.665352,7.27001,14.2794,30.3343,0.219104,0.00828044
33504,137232384,6.08915,0.00757343,0,13.7084,0.68536,6.72753,14.256,30.3436,0.229027,0.0078125
33528,137330688,6.09859,0.0108272,0,13.877,0.660939,7.05712,13.8986,30.1906,0.224015,0.0078125
33552,137428992,6.1063,0.0135516,0,14.6139,0.687063,7.0167,13.8738,29.1345,0.229947,0.0078125
33576,137527296,6.11636,0.00465374,0,14.7566,0.694443,6.95771,14.1196,29.088,0.223205,0.00733439
33600,137625600,6.12584,0.00598689,0,15.6272,0.716513,7.66859,14.0251,30.8898,0.231589,0.00727336
33624,137723904,6.13462,0.01578,0,14.3447,0.678514,6.88165,13.869,28.5518,0.229397,0.00752767
33648,137822208,6.14352,0.00973763,0,14.5822,0.661565,6.65795,14.0581,29.9478,0.224718,0.00754801
33672,137920512,6.15308,0.00668046,0,14.2267,0.662432,6.58082,14.1488,27.5864,0.223246,0.00749715
33696,138018816,6.15987,0.00466952,0,16.2373,0.77064,8.61789,14.3141,31.2865,0.231862,0.00796509
33720,138117120,6.16639,0.00538052,0,14.9428,0.657411,7.43544,14.289,30.7095,0.228543,0.00780233
33744,138215424,6.17647,0.0452026,0,14.9556,0.709733,7.48116,14.1655,28.9101,0.232026,0.00739543
33768,138313728,6.18455,0.015916,0,14.1937,0.668335,6.92564,13.9732,28.2291,0.234431,0.00708008
33792,138412032,6.19103,0.0114187,0,15.4095,0.696033,7.58815,14.1369,31.2123,0.242773,0.00735474
33816,138510336,6.19775,0.00425821,0,15.1025,0.672359,7.24487,13.9955,31.8067,0.238029,0.00773112
33840,138608640,6.20508,0.00303715,0,14.1195,0.707501,6.62875,14.278,30.4011,0.220718,0.00807699
33864,138706944,6.21411,0.0197129,0,14.6066,0.669457,6.95403,14.0514,30.5684,0.228476,0.00816854
33888,138805248,6.22109,0,0,15.3388,0.686819,8.27823,14.3837,31.9672,0.240841,0.00767008
33912,138903552,6.23003,0.0265919,0,14.062,0.67158,7.14796,13.8864,29.4115,0.231158,0.00754801
33936,139001856,6.23927,0,0,13.4436,0.691903,5.92961,14.1902,28.8107,0.238673,0.00732422
33960,139100160,6.24985,0,0,17.1488,0.736224,8.94168,14.4041,29.6601,0.23367,0.00732422
33984,139198464,6.26105,0,0,15.0916,0.758685,7.35795,14.1757,29.4558,0.231934,0.00723267
34008,139296768,6.26699,0.00672117,0,15.2675,0.691268,7.86284,14.6818,31.8215,0.237184,0.00732422
34032,139395072,6.27526,0.012434,0,14.9981,0.704482,7.05548,14.1934,31.6775,0.229708,0.00747681
34056,139493376,6.28303,0,0,14.559,0.706142,7.34662,14.3602,31.0777,0.235407,0.00732422
34080,139591680,6.29277,0.00862777,0,14.8976,0.640936,7.97055,14.266,30.744,0.230472,0.00732422
34104,139689984,6.30113,0,0,15.4165,0.724772,8.05224,14.3229,31.8994,0.222896,0.00728353
34128,139788288,6.30781,0.00435764,0,13.9843,0.664544,6.95151,13.9065,30.6753,0.233297,0.00701904
34152,139886592,6.3142,0.0193452,0,16.9129,0.699077,8.23382,14.3046,30.805,0.232277,0.00683594
34176,139984896,6.32266,0,0,15.3471,0.73878,7.90473,14.2732,31.8737,0.238598,0.00701904
34200,140083200,6.33099,0.00322719,0,14.5444,0.715563,7.38925,14.0949,26.9782,0.231794,0.00683594
34224,140181504,6.33803,0,0,14.7119,0.711035,7.241,14.2121,29.6526,0.238227,0.00676473
34248,140279808,6.34309,0,0,16.0541,0.706625,8.11653,14.2717,32.6445,0.238135,0.00708008
34272,140378112,6.35064,0,0,14.4394,0.740552,7.2616,14.3105,30.8165,0.234279,0.00708008
34296,140476416,6.36035,0.00473,0,15.416,0.717549,7.41685,14.0619,27.1582,0.23042,0.00708008
34320,140574720,6.37284,0.01128,0,15.7201,0.714019,8.4615,14.3052,32.6577,0.22649,0.00708008
34344,140673024,6.38471,0.00377501,0,15.141,0.72531,8.06253,14.0647,31.5263,0.233209,0.00708008
34368,140771328,6.39343,0.0142045,0,13.6625,0.677308,6.42501,13.9549,30.0525,0.241476,0.00734456
34392,140869632,6.40254,0.0240103,0,14.5605,0.658529,7.76457,14.0779,31.6533,0.230145,0.00727336
34416,140967936,6.41044,0.0200282,0,15.3946,0.68983,7.97766,13.9693,31.974,0.233973,0.00724284
34440,141066240,6.41877,0.0104589,0,15.5199,0.783916,8.00091,14.0742,32.8952,0.234379,0.00725301
34464,141164544,6.42857,0.0115047,0,14.0417,0.712336,6.28102,13.8506,26.665,0.232026,0.0065918
34488,141262848,6.43503,0.0055109,0,15.6415,0.710335,8.04874,13.6903,29.867,0.227717,0.00634766
34512,141361152,6.44325,0.0163504,0,14.5698,0.670914,7.53196,14.0323,29.6865,0.241716,0.0067749
34536,141459456,6.45298,0,0,15.4109,0.700391,8.23199,14.3593,34.7438,0.235565,0.00737508
34560,141557760,6.4606,0.0127057,0,14.0411,0.680365,6.3206,13.8575,29.542,0.229973,0.00831095
34584,141656064,6.46914,0.01323,0,15.1234,0.684104,7.59262,13.9921,32.8802,0.238292,0.00872803
34608,141754368,6.47862,0.00346121,0,15.2119,0.80067,8.07205,14.4548,30.9596,0.231841,0.00850423
34632,141852672,6.48906,0.0173586,0,15.1601,0.657519,8.12457,14.2796,29.6593,0.236794,0.00839233
34656,141950976,6.49763,0,0,14.8933,0.672662,8.02302,14.2137,33.2744,0.243908,0.00861613
34680,142049280,6.50829,0,0,15.0685,0.653677,7.96879,14.4764,33.444,0.234121,0.00840251
34704,142147584,6.51773,0.034642,0,14.4424,0.719334,6.71211,14.3605,30.2263,0.239287,0.00813802
34728,142245888,6.52523,0.00975235,0,14.4194,0.708807,7.14027,13.8259,32.3585,0.240737,0.00854492
34752,142344192,6.53223,0.00985666,0.00729424,15.8382,0.715847,8.39346,14.4521,32.996,0.231148,0.00878906
34776,142442496,6.5396,0.0340919,0,13.9111,0.650596,6.11447,13.8328,30.5023,0.237438,0.0094401
34800,142540800,6.54938,0.00870324,0,15.7688,0.723485,8.45395,13.9926,35.2089,0.230359,0.009257
34824,142639104,6.55629,0.0122474,0,14.7382,0.689795,6.98281,13.9693,29.2337,0.226516,0.00906372
34848,142737408,6.56447,0.0240187,0,14.4432,0.660425,7.77255,14.1557,30.4071,0.234624,0.00889079
34872,142835712,6.57212,0.0113368,0,16.2033,0.703263,8.46507,14.1855,31.3337,0.23653,0.00892131
34896,142934016,6.58026,0.0142738,0,15.7456,0.730286,8.41627,14.3161,32.8399,0.2332,0.00917562
34920,143032320,6.58722,0.0280156,0,15.1478,0.763011,7.42077,14.2359,28.2577,0.234791,0.00967407
34944,143130624,6.59562,0.0164278,0,15.1033,0.738808,7.83879,14.0735,31.5566,0.232223,0.0102539
34968,143228928,6.6037,0.0124408,0,14.2594,0.705218,6.53959,14.2404,31.6063,0.231845,0.010376
34992,143327232,6.61222,0.00778884,0,16.3595,0.727214,7.77146,14.004,29.8161,0.235687,0.0106608
35016,143425536,6.62316,0.026176,0,14.5951,0.633107,7.86218,14.1488,30.6636,0.234491,0.0104472
35040,143523840,6.63341,0.0105546,0,15.6621,0.701186,8.44974,14.3009,32.8715,0.233836,0.010793
35064,143622144,6.6412,0,0,14.5201,0.661323,7.4499,14.4195,35.5958,0.232305,0.0108134
35088,143720448,6.64777,0,0,15.5711,0.690717,8.04909,14.7021,30.6964,0.228508,0.0110982
35112,143818752,6.65523,0.0202361,0.011809,14.9849,0.732995,7.48763,14.2073,31.8765,0.239749,0.0116272
35136,143917056,6.66529,0.0191011,0,14.0084,0.663708,7.03134,14.2437,34.0629,0.232428,0.0118205
35160,144015360,6.67324,0.00736106,0,14.0449,0.663013,7.32072,14.3791,34.7395,0.226791,0.0121358
35184,144113664,6.68069,0.0253584,0,14.2872,0.677643,6.80656,14.317,34.5244,0.248279,0.0119019
35208,144211968,6.68776,0.0202568,0,15.4831,0.711777,8.40302,14.5054,34.5788,0.233891,0.0119629
35232,144310272,6.69476,0.0146341,0,14.3072,0.708593,7.67311,14.4225,36.3704,0.230559,0.0117391
35256,144408576,6.7047,0.0139825,0,13.7502,0.656316,6.51808,14.2525,32.3729,0.237131,0.0114746
35280,144506880,6.71205,0,0,14.3234,0.687803,7.02408,14.4058,30.2232,0.235241,0.0116781
35304,144605184,6.71959,0.0112122,0,13.2269,0.632523,6.00666,14.1652,31.5034,0.228617,0.0120239
35328,144703488,6.72821,0.0118547,0,14.16,0.748636,7.47629,14.0601,35.3512,0.234478,0.012207
35352,144801792,6.73663,0.00471328,0,15.9173,0.714175,7.93161,14.1032,29.7868,0.229967,0.012207
35376,144900096,6.74532,0.00554051,0,14.6161,0.750061,7.68832,14.2422,30.9884,0.237954,0.0119019
35400,144998400,6.75439,0.00247647,0,15.8121,0.684332,8.05177,14.733,34.7859,0.234279,0.0121969
35424,145096704,6.76285,0.00571989,0,14.5468,0.744491,7.94001,14.5302,35.3759,0.224709,0.012207
35448,145195008,6.77084,0.010521,0,14.6237,0.633253,7.89968,14.6182,33.1147,0.229592,0.0126139
35472,145293312,6.77966,0.00745126,0,14.0324,0.690797,7.4262,14.3351,30.1161,0.231637,0.0130717
35496,145391616,6.78679,0,0,15.789,0.673009,8.99356,14.6144,34.0892,0.233732,0.01356
35520,145489920,6.79769,0.00366502,0,14.9219,0.675232,7.46165,14.6646,33.1053,0.23486,0.0132446
35544,145588224,6.80657,0,0,14.9972,0.692989,8.43304,14.7951,34.5757,0.234679,0.0126038
35568,145686528,6.81495,0.034531,0,15.1434,0.632265,7.43991,14.8714,33.5534,0.235667,0.0119934
35592,145784832,6.82262,0.0129265,0,15.3079,0.662816,8.58523,14.8185,34.8768,0.236756,0.0118713
35616,145883136,6.8294,0.00713376,0,15.515,0.755921,7.91453,15.1206,33.9181,0.232707,0.0119629
35640,145981440,6.83724,0.00808407,0,14.964,0.671271,8.29558,14.9416,34.2454,0.237887,0.0123291
35664,146079744,6.84358,0.00601805,0,14.7681,0.670427,7.80243,15.1043,35.1971,0.236633,0.0124003
35688,146178048,6.84998,0.00792047,0,15.4835,0.680829,8.77313,15.1036,34.6916,0.240188,0.0126648
35712,146276352,6.85732,0.00411805,0,14.5561,0.691538,7.66033,14.8493,34.8579,0.241048,0.0123189
35736,146374656,6.86581,0.00964985,0,16.5573,0.715577,7.79283,14.5851,33.8604,0.238647,0.0118306
35760,146472960,6.87462,0.00359712,0,15.4154,0.698509,7.97839,14.7623,31.8601,0.240188,0.0118917
35784,146571264,6.88273,0.00498162,0,14.5369,0.737718,7.38884,15.1654,31.3637,0.240688,0.0116374
35808,146669568,6.8896,0.0115988,0,15.312,0.677214,8.39735,14.8575,35.7851,0.239983,0.011556
35832,146767872,6.89483,0.0173345,0,13.3433,0.631503,6.53461,14.8505,31.9438,0.236375,0.0117289
35856,146866176,6.90133,0.0154478,0.00953805,15.2614,0.664906,8.65088,15.5402,36.3624,0.238635,0.0115967
35880,146964480,6.90996,0.0225396,0,15.0455,0.724921,7.34726,14.9903,31.772,0.242767,0.0115458
35904,147062784,6.91855,0.00429722,0,15.0314,0.735545,7.15676,14.9481,32.2879,0.236612,0.011617
35928,147161088,6.92655,0.0106362,0,15.6769,0.711618,8.57555,15.0261,35.2132,0.234515,0.0113525
35952,147259392,6.93452,0.0118973,0,14.5156,0.635536,7.42879,15.2472,32.8893,0.22866,0.0112305
35976,147357696,6.94543,0.0104499,0,16.729,0.712087,8.92503,15.5491,35.0501,0.232677,0.0109456
36000,147456000,6.9538,0.0103292,0,14.8792,0.659568,7.83141,15.2882,35.4893,0.234021,0.0106913
36024,147554304,6.96021,0.0314068,0,15.5535,0.674116,7.32094,15.2288,31.5108,0.246845,0.0106405
36048,147652608,6.96721,0.0352428,0,14.2455,0.643736,7.3153,15.2178,32.6297,0.236946,0.0107625
36072,147750912,6.97469,0,0,15.1655,0.712578,7.87334,15.5332,35.0122,0.232331,0.010671
36096,147849216,6.98119,0.00659664,0,14.5598,0.651254,7.77957,15.8881,36.4788,0.232954,0.0102641
36120,147947520,6.9886,0.00367377,0,13.5887,0.622142,6.7353,15.2579,33.884,0.245361,0.0100403
36144,148045824,6.99647,0.0143777,0,14.7386,0.650288,7.54937,15.2776,33.8008,0.231279,0.00999959
36168,148144128,7.00557,0.00589937,0,16.0923,0.686386,8.79821,15.5858,37.475,0.23992,0.0104472
36192,148242432,7.01479,0.00865528,0,14.6595,0.659681,7.3125,15.2633,31.2389,0.230461,0.0107218
36216,148340736,7.02383,0,0,16.0583,0.753761,8.28342,15.5113,34.8129,0.241417,0.0109863
36240,148439040,7.03241,0.0173128,0,15.0945,0.635165,7.66434,15.64,35.8019,0.247793,0.0111287
36264,148537344,7.04001,0.0146941,0,14.5211,0.625849,7.58455,15.4076,34.0244,0.234451,0.0114644
36288,148635648,7.04807,0,0,15.267,0.725082,7.98541,15.2375,31.8892,0.246315,0.0112508
36312,148733952,7.0559,0.00905446,0,14.6062,0.7168,7.08359,15.7835,33.2507,0.238191,0.0113627
36336,148832256,7.06475,0.00699178,0,14.8514,0.683842,8.45065,15.4063,34.9054,0.240634,0.0118713
36360,148930560,7.07409,0.00464336,0,15.1275,0.714178,8.30199,15.7754,36.432,0.239634,0.012736
36384,149028864,7.08347,0.0106156,0,15.7157,0.721758,8.04781,15.6286,35.9955,0.240169,0.0129496
36408,149127168,7.09179,0.0122675,0.024526,14.9951,0.689106,7.2204,14.9578,33.2041,0.235568,0.0131022
36432,149225472,7.10091,0.0137101,0,14.9982,0.644684,7.52151,15.347,33.1929,0.247193,0.0132446
36456,149323776,7.10854,0.0114403,0,14.5808,0.6997,7.49263,15.516,34.8834,0.2385,0.0133464
36480,149422080,7.11832,0.0149442,0,15.1015,0.701093,7.9587,15.6861,35.041,0.234567,0.0128276
36504,149520384,7.12792,0,0,15.582,0.682735,7.84689,15.6056,32.3587,0.232087,0.0124308
36528,149618688,7.13507,0.0084079,0,14.6127,0.651226,7.54275,15.3168,35.4429,0.240341,0.0122681
36552,149716992,7.1432,0.0231069,0,15.3339,0.621687,8.52917,15.4273,33.1862,0.236081,0.0126139
36576,149815296,7.15037,0.0105084,0,15.4247,0.671349,8.12229,15.7177,38.4905,0.254986,0.0141093
36600,149913600,7.15667,0.00290494,0,15.9962,0.722709,8.77644,15.835,38.1506,0.230166,0.0141703
36624,150011904,7.16272,0.0184545,0,15.7559,0.700519,6.47477,15.6474,33.63,0.249819,0.0145976
36648,150110208,7.16849,0.00649182,0,15.1546,0.66606,8.24698,15.7955,33.711,0.239968,0.014801
36672,150208512,7.1755,0,0,15.0838,0.680441,8.09266,15.5601,32.9861,0.231852,0.015269
36696,150306816,7.18615,0.00618011,0,15.2342,0.68708,8.345,15.7891,35.1128,0.233526,0.0151367
36720,150405120,7.19652,0.00582191,0.0136713,15.662,0.692514,8.00975,16.0329,34.0094,0.236948,0.0152791
36744,150503424,7.20482,0.00881175,0,16.5165,0.697107,7.40238,15.6827,31.9608,0.240783,0.0155131
36768,150601728,7.21256,0.00503307,0,14.2515,0.660473,7.15449,15.9015,36.5929,0.23522,0.0154215
36792,150700032,7.22043,0.0255696,0.00819784,14.3187,0.646578,6.94399,15.7422,32.6277,0.24076,0.0151367
36816,150798336,7.22779,0.00322546,0,14.9972,0.665308,8.41406,15.7177,37.3903,0.251367,0.0149841
36840,150896640,7.23501,0,0,15.7867,0.662489,8.14197,15.9829,35.6519,0.233492,0.0149028
36864,150994944,7.24556,0.00436617,0,14.8465,0.703288,7.31572,16.0443,34.8829,0.233456,0.0148621
36888,151093248,7.25415,0.00652136,0,15.7796,0.68257,8.08643,16.0466,34.4237,0.232298,0.0146077
36912,151191552,7.26017,0.0028885,0,13.8575,0.664164,6.89505,15.9648,30.965,0.238588,0.0146993
36936,151289856,7.26496,0.00366972,0,17.2784,0.697981,9.31894,15.9873,34.5036,0.244377,0.0153097
36960,151388160,7.27358,0.00588268,0,14.9627,0.685865,8.57681,16.0913,36.0383,0.235855,0.015625
36984,151486464,7.28042,0.00383835,0,16.3018,0.713927,8.15152,16.3883,34.7756,0.244318,0.0160726
37008,151584768,7.28858,0.00924556,0,15.1719,0.656396,7.84588,16.2768,35.9024,0.236797,0.016805
37032,151683072,7.29806,0.0114901,0,15.5817,0.688374,9.37508,16.1298,38.522,0.233118,0.0171712
37056,151781376,7.30673,0,0,13.9737,0.64227,7.43957,16.1002,34.6895,0.24156,0.0171407
37080,151879680,7.3154,0.00552777,0,13.589,0.656913,7.03689,16.0067,35.0204,0.235176,0.017924
37104,151977984,7.3233,0.0196784,0,14.9105,0.658591,7.42087,16.1396,31.9929,0.234467,0.0180562
37128,152076288,7.33079,0.0145253,0,15.5746,0.676382,8.15041,16.2764,36.7264,0.2325,0.0180766
37152,152174592,7.33888,0.0107626,0,14.7135,0.703354,7.34432,16.3728,34.9965,0.247715,0.0178324
37176,152272896,7.34667,0.00533171,0,15.2073,0.621464,7.76533,16.0845,34.1629,0.234849,0.0174052
37200,152371200,7.35378,0.0269421,0.00770218,15.4041,0.697813,8.40617,16.4346,36.177,0.239678,0.0172526
37224,152469504,7.36347,0.00362352,0,15.7292,0.675745,8.03291,16.1187,39.0327,0.242343,0.0172017
37248,152567808,7.37279,0.0195996,0,14.4497,0.667181,7.4003,16.627,36.9866,0.233786,0.0170695
37272,152666112,7.37971,0,0,16.0039,0.693284,8.34489,16.424,31.8797,0.245366,0.0173543
37296,152764416,7.3868,0.00406111,0,16.1751,0.704954,8.50179,16.638,37.6893,0.235536,0.0174154
37320,152862720,7.39549,0.00673023,0,15.233,0.623146,8.05989,16.4161,36.0786,0.244714,0.017395
37344,152961024,7.40492,0.00816327,0,16.6141,0.675495,9.16627,16.7825,38.1139,0.245535,0.0169373
37368,153059328,7.41305,0.0168565,0,15.9091,0.696736,8.84833,16.7692,38.3513,0.244047,0.0169067
37392,153157632,7.4211,0.0110051,0,14.0661,0.665182,7.58765,16.6384,38.5432,0.233117,0.0166321
37416,153255936,7.4291,0.00377929,0,15.7704,0.693517,8.71003,16.6529,38.1138,0.244228,0.0167847
37440,153354240,7.43431,0.0044468,0,16.0435,0.667579,8.64088,16.9079,37.7314,0.237396,0.0171204
37464,153452544,7.4418,0.0172609,0,16.4352,0.703517,8.92505,16.9131,33.644,0.240653,0.017334
37488,153550848,7.45007,0.00978041,0,14.5517,0.586285,7.54735,16.826,35.9822,0.231198,0.0175374
37512,153649152,7.4589,0,0,15.178,0.64015,8.2161,16.8942,36.1591,0.234703,0.0176392
37536,153747456,7.4671,0.0101144,0,16.0068,0.68743,8.47615,16.8358,39.4656,0.240717,0.0180359
37560,153845760,7.47484,0.00318827,0,15.1364,0.642541,8.18109,17.1474,39.9942,0.241037,0.0178528
37584,153944064,7.48091,0,0,14.8467,0.66277,7.43958,16.7832,34.9057,0.24638,0.0170695
37608,154042368,7.48655,0.0261177,0,14.7519,0.659965,7.57874,16.8956,34.9235,0.237628,0.0176697
37632,154140672,7.49452,0.0229893,0,17.0664,0.651233,8.31486,16.9302,37.1958,0.235452,0.0172729
37656,154238976,7.50214,0.0325395,0,14.4361,0.624425,7.49741,16.7766,37.5691,0.257605,0.0173442
37680,154337280,7.50931,0.00217991,0,16.749,0.738183,8.82372,17.6106,35.8949,0.235536,0.0172424
37704,154435584,7.51836,0.0134649,0,15.3855,0.682679,7.90339,16.5195,37.1229,0.236303,0.017334
37728,154533888,7.52765,0.00568505,0,16.4013,0.657314,8.67019,17.2518,37.3207,0.246239,0.0170797
37752,154632192,7.53532,0.00362241,0,14.7788,0.674616,8.07895,17.0756,38.549,0.237838,0.0172424
37776,154730496,7.54313,0.00706928,0,16.694,0.694922,8.31941,17.0541,36.2364,0.249692,0.0175781
37800,154828800,7.55063,0,0,15.8778,0.669765,9.28357,17.1568,39.3986,0.239341,0.0179749
37824,154927104,7.55958,0.0131913,0,15.1806,0.673582,8.51258,17.255,37.8514,0.238376,0.0180359
37848,155025408,7.5654,0.00315408,0,16.0533,0.640639,7.73714,16.8468,36.5363,0.249974,0.018219
37872,155123712,7.57053,0.0114463,0,15.2649,0.673472,8.48518,17.1609,38.3221,0.245319,0.0183614
37896,155222016,7.57673,0.0242308,0,14.4724,0.679509,7.67807,17.5348,38.9445,0.235024,0.0181173
37920,155320320,7.58517,0.0129298,0.00703329,14.6221,0.723526,7.45361,17.0771,37.2848,0.25019,0.0181885
37944,155418624,7.59338,0,0,15.7551,0.711071,7.9043,17.0597,36.9696,0.241397,0.0177002
37968,155516928,7.60156,0.010264,0,14.7908,0.667348,8.1328,16.9347,36.3773,0.236794,0.0177917
37992,155615232,7.60927,0.00288723,0,14.3578,0.688832,7.67599,17.3387,36.6041,0.249828,0.0175374
38016,155713536,7.61549,0.0285006,0,14.9461,0.635567,7.51038,17.1046,36.5063,0.245927,0.0169067
38040,155811840,7.62363,0.0111729,0,15.7521,0.65199,7.89928,16.8431,36.1536,0.248629,0.0161438
38064,155910144,7.63142,0.0160358,0.017199,15.0525,0.632762,7.52542,17.0253,37.4311,0.240478,0.0160116
38088,156008448,7.63894,0.0166228,0,14.5703,0.626056,7.64629,16.8916,37.3163,0.246195,0.0155843
38112,156106752,7.64494,0.0132019,0,15.2806,0.621483,8.64608,16.9996,37.6372,0.245755,0.0155436
38136,156205056,7.65254,0.0115845,0,14.7239,0.642594,7.60846,16.9939,35.1485,0.239372,0.0154622
38160,156303360,7.65946,0.0196312,0,16.7254,0.668968,9.88127,17.3456,43.8695,0.247316,0.0154928
38184,156401664,7.6671,0.0105847,0,14.2708,0.660814,7.35565,16.7677,36.0301,0.246318,0.0152079
38208,156499968,7.67277,0.0134549,0,14.2326,0.645158,7.26069,17.095,37.0495,0.244866,0.0155945
38232,156598272,7.67959,0.00534045,0,15.7454,0.695817,8.53753,17.0682,36.556,0.254642,0.0160421
38256,156696576,7.68948,0.0107219,0,14.6019,0.600743,8.20308,16.9367,37.8696,0.240694,0.0160726
38280,156794880,7.6976,0.0159726,0,14.7638,0.689343,7.46887,17.0315,37.6878,0.243785,0.0156555
38304,156893184,7.7064,0.0227899,0,14.5355,0.668821,7.31224,17.1998,37.1069,0.24267,0.0160828
38328,156991488,7.71563,0,0,17.2351,0.735981,9.25741,16.9261,38.3355,0.25608,0.0163167
38352,157089792,7.72559,0.00844206,0,15.9172,0.643762,8.53311,17.2371,39.3268,0.24211,0.0162048
38376,157188096,7.73269,0.0231235,0,15.416,0.652382,8.38631,17.0615,38.3431,0.25022,0.0161947
38400,157286400,7.74045,0,0,14.6351,0.630752,7.818,16.7735,35.5681,0.246604,0.0160929
38424,157384704,7.74787,0,0,14.5474,0.642376,7.30029,16.6197,37.5345,0.2479,0.0158488
38448,157483008,7.75457,0,0,15.387,0.716709,7.77154,16.8676,34.548,0.250228,0.0153809
38472,157581312,7.76286,0.0081993,0,17.0244,0.702876,9.86013,17.2479,38.0011,0.244095,0.015096
38496,157679616,7.76934,0.0109007,0.0138015,13.9216,0.648854,7.30082,16.7177,37.377,0.235077,0.0148926
38520,157777920,7.77656,0.0193011,0,14.6422,0.652954,7.90108,17.0912,38.9649,0.249895,0.0146688
38544,157876224,7.78434,0.00837521,0,17.6036,0.610078,10.0035,17.0427,39.0951,0.252078,0.0140279
38568,157974528,7.79272,0.0179547,0.00526375,15.0557,0.62113,8.42054,17.048,38.7694,0.245459,0.0134277
38592,158072832,7.80262,0.00281735,0.00605152,15.2197,0.668939,8.27793,17.2611,42.2792,0.242009,0.013092
38616,158171136,7.80803,0.0167112,0,14.0038,0.655445,6.62191,17.319,37.4282,0.253548,0.0128072
38640,158269440,7.81464,0.0118716,0,15.7653,0.648894,7.69888,17.3432,40.4106,0.259612,0.0135701
38664,158367744,7.82158,0.0138771,0.00990379,14.7647,0.691139,7.51511,17.3021,38.0115,0.248753,0.0135701
38688,158466048,7.82881,0.0112417,0,15.7831,0.706737,8.45538,17.4716,39.2274,0.25152,0.0134277
38712,158564352,7.83661,0.00462377,0,14.4934,0.658186,7.82743,17.5054,41.7393,0.246189,0.0142314
38736,158662656,7.84444,0,0,15.2648,0.668714,8.66905,16.8774,37.7762,0.248138,0.014211
38760,158760960,7.85317,0.00959377,0,15.9103,0.630816,8.65343,17.0788,37.6344,0.248807,0.0139364
38784,158859264,7.85873,0.00756266,0,15.8803,0.684622,9.07306,17.8421,40.2997,0.244565,0.0135396
38808,158957568,7.86574,0.00487857,0,16.1633,0.656314,9.18607,17.6501,42.2509,0.2342,0.0131531
38832,159055872,7.87435,0.0177711,0,15.2388,0.713844,8.3307,17.2798,35.7191,0.243343,0.0128784
38856,159154176,7.88348,0.0176416,0.00767291,15.9547,0.698465,7.64153,17.1656,36.416,0.246119,0.0124817
38880,159252480,7.8926,0.00460738,0,16.4896,0.649792,9.55556,17.7103,39.7908,0.252775,0.0124817
38904,159350784,7.89874,0.00446761,0,16.6833,0.66109,8.42757,17.3861,39.4875,0.249813,0.0121663
38928,159449088,7.90576,0.00385208,0,14.6383,0.631415,8.10649,17.727,36.7656,0.245565,0.0119934
38952,159547392,7.91327,0,0,16.1005,0.699789,8.90485,17.9594,39.6776,0.252229,0.0121765
38976,159645696,7.91892,0.00329553,0,13.8808,0.674144,7.18912,18.3299,37.4075,0.246644,0.0120443
39000,159744000,7.92527,0.0414978,0.0189176,16.1107,0.668679,9.09806,18.0064,40.9335,0.250865,0.0119222
39024,159842304,7.9321,0.021497,0.0075643,15.4485,0.627103,8.19774,17.8644,36.0346,0.247977,0.0119934
39048,159940608,7.94011,0.00657174,0,15.7559,0.68117,9.0055,17.9281,40.9627,0.240698,0.0118713
39072,160038912,7.94811,0.0111625,0,15.8869,0.680869,9.46035,18.5732,40.9999,0.245845,0.0117086
39096,160137216,7.95428,0.0137938,0,16.8887,0.712572,8.34561,18.1732,37.8418,0.25251,0.0113118
39120,160235520,7.96185,0.00393856,0,14.2146,0.627839,7.62187,17.7726,38.6429,0.246277,0.0109863
39144,160333824,7.97035,0.00489197,0,15.3051,0.626035,8.30546,17.9288,37.9758,0.25241,0.0109456
39168,160432128,7.97712,0,0,15.5123,0.709867,8.73096,18.2083,40.1919,0.250538,0.0108541
39192,160530432,7.98617,0.012849,0.017227,14.6309,0.674775,7.74178,18.1252,35.7931,0.239601,0.0109456
39216,160628736,7.99538,0,0,15.03,0.696997,7.99448,17.989,37.1918,0.252623,0.0103963
39240,160727040,8.00278,0.0257415,0,14.2962,0.666426,7.60473,18.3273,40.9679,0.244125,0.0100505
39264,160825344,8.01103,0,0,14.4476,0.638117,7.76815,18.2007,41.7727,0.245612,0.00996908
39288,160923648,8.01857,0.0375614,0,15.1641,0.659684,7.55451,18.0059,36.114,0.250542,0.00917562
39312,161021952,8.02678,0.0188499,0.015497,16.8294,0.648181,9.18152,18.364,39.8015,0.242379,0.00881958
39336,161120256,8.03223,0.0183946,0,14.4521,0.611136,7.50901,18.391,37.8459,0.24473,0.00870768
39360,161218560,8.03768,0.00985179,0,15.185,0.63575,7.36098,18.6656,39.386,0.249769,0.00875854
39384,161316864,8.04566,0.0122008,0,15.538,0.675701,8.51369,18.5609,37.7022,0.247544,0.00916545
39408,161415168,8.05503,0.00664718,0,16.0137,0.668382,8.74551,18.9154,41.9689,0.247317,0.00906372
39432,161513472,8.06226,0.00333213,0,15.5437,0.611134,9.04954,18.5059,42.5757,0.240896,0.00886027
39456,161611776,8.06944,0.00400997,0,15.0905,0.663425,8.38509,18.8689,33.5756,0.252527,0.0087382
39480,161710080,8.07733,0.00413657,0,14.4354,0.682904,7.60166,18.8911,40.0933,0.238825,0.00881958
39504,161808384,8.08455,0.0106862,0,15.3901,0.661189,8.0786,19.0862,41.0353,0.237551,0.00916545
39528,161906688,8.09224,0.00591883,0,16.1935,0.691114,8.34074,19.2416,39.3027,0.249126,0.00973511
39552,162004992,8.09966,0.0147267,0,13.0911,0.630889,6.11534,18.5659,37.113,0.248069,0.0100098
39576,162103296,8.10959,0.00299768,0,15.9456,0.693293,8.11808,19.2584,39.3523,0.239295,0.0099589
39600,162201600,8.11697,0.00567741,0,15.2956,0.651089,8.10495,19.3785,42.2016,0.242723,0.009847
39624,162299904,8.12227,0.00578752,0,15.718,0.723669,8.89487,19.6654,42.7319,0.241246,0.00932821
39648,162398208,8.12908,0.012005,0,16.0471,0.679364,8.69483,19.8587,39.5815,0.248603,0.00898234
39672,162496512,8.13661,0.0168369,0,14.4931,0.611011,7.34628,19.2186,38.4083,0.25386,0.00892131
39696,162594816,8.14471,0.00714067,0.01386,14.5008,0.61821,7.50402,20.0621,42.0515,0.250965,0.00888062
39720,162693120,8.15125,0.0206432,0,14.5085,0.636191,8.08702,19.7819,40.0281,0.246838,0.00861613
39744,162791424,8.15992,0.0130749,0,15.6095,0.701715,7.81592,20.117,38.1699,0.25181,0.00854492
39768,162889728,8.16951,0.00350631,0,15.9991,0.695987,8.49822,20.2328,40.0392,0.237169,0.0083313
39792,162988032,8.17708,0,0,15.3483,0.642627,8.12336,20.4742,41.204,0.246638,0.00830078
39816,163086336,8.18381,0.0084686,0,15.3471,0.638563,7.87262,19.7511,39.6943,0.239068,0.00841268
39840,163184640,8.19304,0.0030549,0,15.0725,0.65655,7.9062,20.0483,41.7438,0.245618,0.00888062
39864,163282944,8.19996,0.0260687,0.0163666,16.9879,0.672035,7.83268,19.98,36.6041,0.243652,0.00927734
39888,163381248,8.20672,0.015894,0,15.8461,0.705322,7.6882,20.5764,40.8594,0.24369,0.00927734
39912,163479552,8.21363,0,0,14.3073,0.618524,6.67525,20.3697,38.2538,0.243067,0.00982666
39936,163577856,8.22019,0.0160316,0,16.7195,0.651629,8.90622,20.9492,38.9709,0.24799,0.00969442
39960,163676160,8.22709,0.0199419,0,16.1755,0.675061,8.40025,20.4726,40.865,0.257447,0.00962321
39984,163774464,8.23414,0.00575054,0,15.7946,0.665685,8.67429,21.007,42.1299,0.253446,0.00987752
40008,163872768,8.2401,0.00413989,0,14.8485,0.655511,7.91166,20.9515,38.3332,0.248688,0.010081
40032,163971072,8.24755,0.00853971,0,14.8851,0.616297,8.23197,20.4534,40.9346,0.260049,0.0103861
40056,164069376,8.25407,0,0,15.4845,0.6912,7.46846,20.7346,40.8642,0.251971,0.0108744
40080,164167680,8.26378,0.00740819,0.0132727,15.6304,0.691008,8.03096,21.3748,41.1767,0.245544,0.0109863
40104,164265984,8.27054,0.0168697,0,15.0393,0.675543,7.85483,20.9555,41.0843,0.252938,0.0111389
40128,164364288,8.27954,0.0171312,0,15.9757,0.66777,8.83457,21.183,41.9786,0.25347,0.0114746
40152,164462592,8.2877,0,0,15.4964,0.668244,8.16312,21.0534,42.6736,0.254924,0.0112712
40176,164560896,8.29662,0,0,15.8411,0.661093,9.23005,20.7124,43.5891,0.250488,0.0110779
40200,164659200,8.30532,0,0,14.823,0.694194,7.26383,20.8479,40.1407,0.250003,0.0110779
40224,164757504,8.31243,0.0126422,0.00684351,16.1333,0.649703,8.2836,20.6325,37.7946,0.259308,0.0113424
40248,164855808,8.31917,0.0166865,0,14.9503,0.669818,6.63997,21.1723,41.0219,0.254837,0.0118408
40272,164954112,8.32477,0.00301032,0,16.8378,0.701592,9.07904,21.0049,39.7643,0.260935,0.0124512
40296,165052416,8.33075,0,0,14.5727,0.682392,7.26819,21.1497,40.5477,0.253517,0.0126851
40320,165150720,8.33984,0,0,15.3142,0.646445,7.93007,20.9701,40.2246,0.258757,0.0127665
40344,165249024,8.34765,0.0139665,0.00626174,16.5336,0.650752,8.96001,20.8048,41.8766,0.258797,0.0127767
40368,165347328,8.35422,0.00689694,0,14.2287,0.676727,7.34352,20.8623,43.4189,0.250951,0.0125122
40392,165445632,8.36005,0.00867249,0,14.3886,0.690166,6.82688,20.248,42.8993,0.248744,0.012146
40416,165543936,8.3668,0.00353815,0.00762915,14.9516,0.634934,6.92985,20.7038,38.9802,0.258241,0.0126546
40440,165642240,8.3739,0,0,14.4571,0.6688,7.84753,20.4357,42.7318,0.24886,0.0129089
40464,165740544,8.38112,0.00924903,0,14.1704,0.605047,7.76195,20.8057,40.4598,0.25821,0.0127869
40488,165838848,8.3902,0,0,15.364,0.662311,8.29933,20.5881,40.8547,0.256407,0.0128276
40512,165937152,8.39744,0,0,16.0841,0.662708,8.87923,20.6598,41.3371,0.257303,0.0128072
40536,166035456,8.405,0.00982962,0,15.0707,0.665959,7.63975,20.8138,38.6183,0.252611,0.012797
40560,166133760,8.41192,0.00352018,0,15.6707,0.670179,8.02967,20.8474,37.485,0.258079,0.0126953
40584,166232064,8.41781,0.011666,0,16.4559,0.662499,8.70413,20.1971,37.5846,0.253373,0.0130412
40608,166330368,8.42672,0.0150095,0,17.5597,0.6483,9.75369,20.0405,45.5423,0.261399,0.01297
40632,166428672,8.43399,0.0287963,0,14.9725,0.668308,8.07095,20.5842,41.6673,0.258308,0.0128377
40656,166526976,8.44102,0.013694,0,15.1603,0.60699,7.93627,19.7993,39.3991,0.248598,0.0124512
40680,166625280,8.44857,0.00496076,0,17.7217,0.672598,9.401,20.6221,41.3079,0.256132,0.012207
40704,166723584,8.45503,0.00833484,0,15.9232,0.646771,8.75902,20.6362,42.4671,0.256856,0.011617
40728,166821888,8.4612,0.0129364,0,14.9821,0.600088,8.2993,20.2921,42.5599,0.261242,0.0114746
40752,166920192,8.46749,0.00754789,0.00579309,17.0027,0.649745,10.1018,20.1749,44.3822,0.258593,0.011617
40776,167018496,8.47411,0,0,16.4095,0.625569,9.17548,20.3483,42.5983,0.267698,0.012736
40800,167116800,8.48079,0.0117161,0,15.5867,0.653029,8.40305,19.7296,40.9331,0.248559,0.0134989
40824,167215104,8.48865,0.0153366,0,14.6766,0.606376,7.96627,19.4227,40.7216,0.262835,0.0136617
40848,167313408,8.49606,0.0199766,0.0278829,16.4976,0.636609,8.36625,19.5427,40.7743,0.255545,0.0133565
40872,167411712,8.50297,0.0246762,0,15.3835,0.615873,8.37558,19.9165,41.369,0.252488,0.0132751
40896,167510016,8.5093,0.00763213,0,17.1231,0.648714,10.372,20.2722,43.7027,0.260449,0.0130208
40920,167608320,8.51483,0.00291545,0,14.0348,0.602023,7.038,19.562,40.0832,0.252314,0.0127563
40944,167706624,8.52264,0.00305281,0.00555556,16.8624,0.689055,9.6795,20.325,42.9434,0.259832,0.0126139
40968,167804928,8.53117,0.00346683,0,15.929,0.623883,8.43626,20.0457,45.1872,0.254166,0.0125631
40992,167903232,8.53675,0,0,15.4158,0.639197,8.12929,19.3886,43.7862,0.258063,0.01297
41016,168001536,8.54261,0.0105258,0,15.7394,0.655589,7.90338,19.6021,40.943,0.252171,0.0127869
41040,168099840,8.54803,0.00554485,0,15.9963,0.628934,8.87861,19.3147,42.6104,0.249998,0.0122375
41064,168198144,8.55217,0.00655646,0,15.8658,0.642426,8.1958,18.6952,39.1657,0.272493,0.0119425
41088,168296448,8.55837,0.0326036,0,15.6658,0.580601,8.80521,19.2485,38.9657,0.252354,0.0121969
41112,168394752,8.56573,0.0254523,0.0153173,16.797,0.660557,10.0241,19.4248,44.3109,0.251243,0.0118917
41136,168493056,8.57166,0,0,16.3937,0.603669,9.34582,19.4367,44.0334,0.251774,0.0117188
41160,168591360,8.57677,0.0038373,0,17.2315,0.676744,9.84278,19.5411,45.5105,0.252208,0.0120341
41184,168689664,8.58267,0.019981,0.0071972,16.2197,0.652409,8.39714,19.6398,42.2139,0.262426,0.0123189
41208,168787968,8.58819,0.0210743,0,15.1968,0.60156,8.24276,19.2651,39.6452,0.253904,0.0124919
41232,168886272,8.59459,0.0107978,0,16.1187,0.653436,9.25937,19.8105,45.8686,0.252491,0.0123494
41256,168984576,8.60125,0,0,16.197,0.643122,9.0149,19.6276,41.6165,0.256064,0.0119629
41280,169082880,8.6071,0.0190828,0,15.7913,0.664723,8.90521,19.2918,43.1402,0.258288,0.0118815
41304,169181184,8.61257,0.0109729,0,17.3248,0.647598,9.90848,20.0398,42.703,0.24761,0.0121358
41328,169279488,8.62001,0,0,16.7166,0.639938,8.81517,19.4921,41.3676,0.251521,0.0119832
41352,169377792,8.62633,0.0127955,0,15.2027,0.640795,8.58234,19.892,42.19,0.252882,0.0117594
41376,169476096,8.63233,0,0,14.8424,0.630337,7.5029,19.9938,39.8855,0.258491,0.0120544
41400,169574400,8.63756,0.026106,0,15.5332,0.617087,9.02513,20.0131,41.2079,0.250088,0.012146
41424,169672704,8.6452,0.00674207,0,15.3104,0.619301,8.35652,20.329,45.9368,0.236597,0.0116272
41448,169771008,8.65179,0.00978234,0,15.8891,0.679017,8.50015,20.1224,42.1113,0.24672,0.0117391
41472,169869312,8.65748,0.00612552,0,14.7932,0.683347,8.26701,20.0395,44.1149,0.251775,0.0121358
41496,169967616,8.66308,0,0,15.7345,0.636032,8.45327,20.6384,45.0334,0.248037,0.0124105
41520,170065920,8.66957,0.0208616,0.0109182,14.9738,0.644351,7.9254,20.2841,43.9469,0.252227,0.0119934
41544,170164224,8.67711,0.0054537,0,15.5223,0.665259,8.63064,20.3814,42.0476,0.252881,0.0118815
41568,170262528,8.68315,0.033463,0.0321429,15.0838,0.624878,9.15583,20.1782,44.3724,0.255956,0.0123494
41592,170360832,8.68945,0.00569476,0,16.6403,0.611415,9.66242,21.137,47.09,0.254813,0.0121765
41616,170459136,8.69537,0,0,17.0831,0.642289,7.79999,20.0088,41.0176,0.253326,0.0122375
41640,170557440,8.70283,0.00632378,0,14.4195,0.658715,7.82245,20.0416,42.2974,0.254597,0.012207
41664,170655744,8.70913,0.0129953,0,15.7288,0.641706,8.51801,20.3167,42.6435,0.245941,0.0125529
41688,170754048,8.7174,0.00190479,0,15.2348,0.643758,8.87014,20.6904,44.9496,0.255446,0.0129395
41712,170852352,8.72453,0.0123931,0,15.5919,0.599838,9.00488,20.8484,43.4536,0.2604,0.0129496
41736,170950656,8.73364,0.0172985,0,16.6123,0.646762,8.86646,20.3748,43.6843,0.246762,0.0131836
41760,171048960,8.74018,0.0261124,0,15.7739,0.628444,8.3746,20.8639,42.8723,0.264759,0.0134379
41784,171147264,8.74556,0.0155746,0.0083652,14.618,0.595379,7.71718,20.8687,42.2716,0.251092,0.0125732
41808,171245568,8.74953,0.0446443,0.0145048,17.2956,0.650798,8.70527,21.1728,43.7972,0.252248,0.0124308
41832,171343872,8.75521,0.020908,0,15.1534,0.632402,8.36438,21.1405,39.2439,0.257544,0.012085
41856,171442176,8.76029,0.0109141,0,16.3642,0.588633,7.80245,20.9903,38.8879,0.261806,0.01238
41880,171540480,8.7663,0.00966693,0.0120323,17.4296,0.628479,10.4858,21.7256,44.7275,0.258776,0.0130005
41904,171638784,8.77047,0.00491401,0,15.6523,0.640862,8.2144,21.9387,44.3949,0.239976,0.013265
41928,171737088,8.77613,0.0127714,0,14.6928,0.60879,7.60165,21.3189,42.8883,0.251431,0.0132141
41952,171835392,8.78306,0.00350201,0,16.8324,0.667082,9.34326,21.3472,40.863,0.257084,0.0133362
41976,171933696,8.79121,0,0,16.5825,0.647667,8.66505,21.4277,43.2954,0.271433,0.0132243
42000,172032000,8.79827,0.00588829,0,14.5713,0.603367,7.48577,21.2374,41.1435,0.248429,0.0127157
42024,172130304,8.80282,0.00713849,0,17.8838,0.587368,9.84998,21.9348,45.1844,0.245567,0.0129395
42048,172228608,8.80935,0.00731032,0,15.3465,0.626267,8.4961,21.4466,42.766,0.246163,0.0135396
42072,172326912,8.81615,0.0144587,0,15.7837,0.610865,8.92535,21.904,49.2622,0.250137,0.0136515
42096,172425216,8.82153,0.0247146,0.0261601,16.1467,0.624538,8.07725,21.5746,41.2407,0.251164,0.0141296
42120,172523520,8.82631,0.0264958,0.00594581,16.0287,0.609818,9.10152,21.796,45.5465,0.255119,0.0141602
42144,172621824,8.8321,0.0125843,0,16.3194,0.669803,8.98773,21.4455,45.1434,0.254761,0.0144755
42168,172720128,8.83841,0,0,17.5633,0.713135,9.01992,22.0662,47.0226,0.246644,0.0144653
42192,172818432,8.84448,0.0151524,0.00737373,14.4449,0.668752,7.60882,21.4853,43.5351,0.249255,0.014384
42216,172916736,8.85102,0.0152634,0.0246291,14.9563,0.605499,7.65176,21.8293,39.9905,0.249454,0.0144857
42240,173015040,8.85785,0.0206521,0,14.8333,0.614167,8.35381,21.9589,46.1387,0.249907,0.0141602
42264,173113344,8.86423,0.0148585,0,15.1018,0.583187,8.10161,21.9428,45.1503,0.248347,0.0140584
42288,173211648,8.86865,0.0184388,0.0302127,14.2347,0.614001,6.99833,21.4269,40.1762,0.246263,0.0140279
42312,173309952,8.87388,0.00557088,0,16.0964,0.616221,8.91677,21.7449,47.0294,0.250011,0.0141398
42336,173408256,8.8805,0.00485325,0,14.8854,0.635001,7.34705,21.6504,39.3464,0.25663,0.0140991
42360,173506560,8.88568,0.00766817,0,17.5356,0.670791,10.1524,21.8427,44.4847,0.254066,0.0140788
42384,173604864,8.89219,0,0,16.1266,0.618499,8.75186,21.8586,46.9439,0.243235,0.0136108
42408,173703168,8.89828,0.0176287,0,15.4117,0.646685,8.14423,21.3108,41.6005,0.24281,0.0138753
42432,173801472,8.9052,0.00958057,0,16.8835,0.599293,9.76924,21.2187,45.0606,0.24327,0.0139058
42456,173899776,8.9095,0.0251429,0,15.7085,0.583223,8.08686,21.3964,40.2894,0.254399,0.0137024
42480,173998080,8.91555,0,0,15.6444,0.664203,8.75651,21.7066,40.9431,0.246298,0.0135396
42504,174096384,8.92086,0.0195158,0,16.424,0.659019,9.04547,21.7085,44.7041,0.250476,0.0136007
42528,174194688,8.92698,0.0323833,0,15.3425,0.639752,8.13886,21.6772,47.4918,0.246867,0.013916
42552,174292992,8.93519,0,0,15.6396,0.610621,8.0207,21.5064,41.9763,0.249534,0.0135396
42576,174391296,8.94128,0.00395752,0,16.1184,0.601351,9.28348,21.5223,48.4931,0.247576,0.0135498
42600,174489600,8.94765,0.00526684,0,15.9459,0.666351,8.34014,21.1678,44.0122,0.253923,0.0138245
42624,174587904,8.95351,0,0,14.8512,0.650894,7.48967,21.6993,43.1653,0.244258,0.0140076
42648,174686208,8.95842,0.0226543,0,14.4004,0.56798,7.34184,21.6739,40.3226,0.245549,0.013855
42672,174784512,8.96336,0.00938077,0,15.3972,0.611628,8.01628,21.3277,42.3453,0.242927,0.0134379
42696,174882816,8.96771,0.0118017,0,15.4488,0.613871,8.08991,21.8999,44.0767,0.249734,0.0134379
42720,174981120,8.97091,0.00296413,0,14.6008,0.584302,8.04653,21.324,44.0009,0.244709,0.0135803
42744,175079424,8.97491,0.00456797,0,14.574,0.650433,7.62894,21.793,42.6302,0.240817,0.0132243
42768,175177728,8.98075,0.00983533,0.00616713,15.5424,0.649985,8.55891,21.7192,42.9307,0.251664,0.0125834
42792,175276032,8.9868,0.0329326,0,16.6086,0.660253,9.81096,21.5421,50.1202,0.242751,0.0124003
42816,175374336,8.99198,0.00841806,0.00871279,15.6041,0.637941,8.00368,21.122,41.4937,0.251141,0.012207
42840,175472640,8.99704,0.0272326,0.0083004,15.8952,0.626085,9.33363,21.5498,44.8067,0.249181,0.012207
42864,175570944,9.00103,0.008598,0,15.008,0.667368,7.8375,21.8092,43.1306,0.244892,0.0116781
42888,175669248,9.006,0.00702088,0,14.7382,0.607831,7.80343,21.1295,41.0416,0.247225,0.0110474
42912,175767552,9.0121,0.0425767,0,16.9055,0.690406,9.45019,21.33,45.4424,0.254269,0.0109151
42936,175865856,9.01761,0.0176975,0.0108561,14.9637,0.600362,7.83686,21.2526,44.2386,0.251411,0.0107727
42960,175964160,9.02342,0.00642949,0,15.8164,0.641022,8.49042,21.1105,41.6867,0.257568,0.0112712
42984,176062464,9.02999,0.0160731,0,14.7291,0.635724,8.11418,21.1841,43.0219,0.24375,0.0115255
43008,176160768,9.03426,0.00612184,0.00641574,15.3888,0.60899,8.7058,21.5878,45.8616,0.245122,0.011556
43032,176259072,9.03914,0.00403226,0,18.7563,0.637239,11.0713,21.8738,49.6548,0.252899,0.011617
43056,176357376,9.04534,0.0246572,0.0392355,15.1554,0.638824,8.91344,21.1854,44.0461,0.2478,0.0113627
43080,176455680,9.05137,0.0320049,0.0099734,16.3468,0.640437,7.71238,21.6953,45.4144,0.246304,0.0110372
43104,176553984,9.05482,0.00367165,0,16.5143,0.646395,9.75048,21.188,45.4189,0.246291,0.0107422
43128,176652288,9.06029,0.0298196,0,16.1477,0.629829,8.532,21.2106,42.9927,0.250161,0.010671
43152,176750592,9.06566,0.0292098,0,15.4424,0.650282,8.56244,20.8638,42.6746,0.246183,0.010203
43176,176848896,9.07053,0.00756716,0.0137768,17.0711,0.688785,9.21821,21.4582,45.7469,0.252019,0.0101013
43200,176947200,9.07428,0.00440899,0,16.4891,0.660064,9.25443,21.835,44.9346,0.248055,0.00997925
43224,177045504,9.07893,0.0080615,0,16.7862,0.634355,8.87349,20.8539,43.1482,0.254661,0.00992839
43248,177143808,9.08314,0.0135172,0.0233222,16.3969,0.653308,9.42012,21.7288,47.4108,0.24619,0.0100098
43272,177242112,9.08805,0.00877353,0,15.1689,0.646511,9.04001,21.2554,45.3773,0.250295,0.00980632
43296,177340416,9.09487,0.00314046,0,16.6546,0.661445,9.81479,21.6066,48.5611,0.247061,0.00947062
43320,177438720,9.09867,0.0194775,0,18.6673,0.66379,11.2138,21.1187,46.6456,0.249629,0.0100606
43344,177537024,9.10437,0.0134429,0.0185902,15.592,0.609033,8.96353,20.9936,41.3804,0.252513,0.0101318
43368,177635328,9.11078,0.00591866,0.0098536,16.7105,0.598719,9.86553,21.0437,45.8469,0.257304,0.0101929
43392,177733632,9.11632,0.00524318,0,15.9734,0.661391,9.47061,21.2638,45.3144,0.257178,0.0102336
43416,177831936,9.12143,0.02711,0,15.9471,0.655499,8.42946,21.1295,43.6844,0.251018,0.009847
43440,177930240,9.1267,0.00731845,0,15.8259,0.670552,8.98987,20.8409,46.1017,0.247559,0.00975545
43464,178028544,9.1302,0.0196158,0,17.0457,0.661241,9.65415,21.0125,42.6335,0.256949,0.00974528
43488,178126848,9.13465,0.0122184,0,16.4308,0.658902,9.28728,21.1318,47.7024,0.246811,0.00974528
43512,178225152,9.13991,0.0124695,0,15.1933,0.658207,7.70315,21.3389,45.0876,0.249457,0.00968425
43536,178323456,9.14463,0.0156193,0,16.4432,0.599819,9.31216,20.7996,47.7879,0.252739,0.00962321
43560,178421760,9.14963,0,0,15.0241,0.640911,7.96987,20.9761,45.2405,0.25017,0.00996908
43584,178520064,9.15507,0.00753154,0.0147059,17.8409,0.638016,10.5828,20.9549,45.63,0.251544,0.00964355
43608,178618368,9.16136,0.0168782,0,16.5326,0.644647,9.58716,20.6637,50.6216,0.25283,0.0091451
43632,178716672,9.16709,0.0352244,0,16.148,0.617417,9.76918,20.5556,42.8019,0.246749,0.0090332
43656,178814976,9.17099,0.0132928,0,15.5593,0.606145,8.95011,20.5885,43.7081,0.254422,0.00938924
43680,178913280,9.17531,0.00404893,0,16.3645,0.604664,9.23201,21.1119,44.7649,0.249049,0.00942993
43704,179011584,9.18036,0.00814614,0,17.1348,0.58128,9.50693,20.8315,45.4783,0.250019,0.00964355
43728,179109888,9.18468,0.0101739,0,15.3904,0.582775,8.77974,21.1874,44.1867,0.244185,0.00952148
43752,179208192,9.18868,0.00587114,0,15.8862,0.658487,8.89115,21.063,47.6053,0.252708,0.00952148
43776,179306496,9.19409,0.0123716,0,16.1868,0.654837,8.78835,20.9713,41.9196,0.247563,0.00952148
43800,179404800,9.19875,0.00438299,0,16.4402,0.613503,9.52776,21.1199,44.1298,0.251516,0.00964355
43824,179503104,9.204,0.0039032,0.00707714,15.2041,0.640326,8.24378,21.0493,44.9353,0.246102,0.00952148
43848,179601408,9.2087,0.00774829,0,16.7746,0.619943,9.75851,21.0342,45.688,0.251191,0.00950114
43872,179699712,9.21207,0.0218384,0.0111029,14.3682,0.604655,7.60288,20.6133,40.3071,0.24961,0.00962321
43896,179798016,9.21569,0.00822672,0,15.1931,0.612358,8.20025,20.7616,41.3462,0.243545,0.0094401
43920,179896320,9.22029,0.00964134,0,15.036,0.607304,8.07007,21.2455,41.4585,0.249907,0.00969442
43944,179994624,9.22377,0.0333263,0.0197424,18.5463,0.655372,11.1385,20.8909,46.8036,0.251032,0.00990804
43968,180092928,9.22712,0.0337233,0,15.0414,0.576549,7.83504,21.2488,43.5661,0.250956,0.00982666
43992,180191232,9.23079,0.0177368,0,14.6441,0.586496,7.68336,20.7949,41.1374,0.249619,0.010376
44016,180289536,9.2363,0.032481,0.0445682,16.4062,0.61609,9.79716,20.6995,50.3499,0.243068,0.0103149
44040,180387840,9.24108,0.0134269,0,16.5823,0.624918,9.63902,20.665,48.6567,0.253077,0.00985718
44064,180486144,9.24483,0,0,16.6746,0.653928,9.57456,20.794,44.5323,0.241171,0.00980632
44088,180584448,9.25048,0.019972,0,15.5332,0.639281,8.28595,20.7563,48.004,0.243958,0.00952148
44112,180682752,9.25462,0.0161054,0.0102554,15.8051,0.665635,9.14023,20.6072,44.9547,0.252029,0.00991821
44136,180781056,9.2592,0.0131184,0,16.4276,0.633472,9.51667,20.7306,48.5258,0.249893,0.0102437
44160,180879360,9.26275,0.0217191,0.00909288,15.6575,0.58461,9.71967,20.4398,44.2377,0.245292,0.0103455
44184,180977664,9.26691,0.0324845,0,16.1413,0.660184,9.22467,20.2315,44.2442,0.252068,0.0104574
44208,181075968,9.27059,0.0200023,0,17.0668,0.650773,10.6557,20.5866,48.5628,0.250887,0.0104472
44232,181174272,9.27465,0.00832065,0,16.9635,0.623599,10.4465,20.6743,46.6035,0.260652,0.010671
44256,181272576,9.27715,0.0388355,0,15.988,0.635225,9.5438,20.9891,47.3562,0.245413,0.0107422
44280,181370880,9.28019,0.00848698,0,16.6136,0.635714,9.19671,20.7736,45.0289,0.251753,0.0106812
44304,181469184,9.28342,0.00524397,0,15.1909,0.596715,8.51777,20.6794,43.9116,0.243787,0.0103048
44328,181567488,9.28712,0,0,15.9504,0.638523,9.08776,20.025,44.9128,0.24277,0.00959269
44352,181665792,9.29137,0.0103422,0,15.6293,0.657047,8.60101,20.3427,43.7766,0.249583,0.00968425
44376,181764096,9.29772,0.00758062,0,16.1418,0.634565,8.87685,20.6152,42.4066,0.249543,0.00941976
44400,181862400,9.30332,0.0113232,0,15.6579,0.623205,8.84585,20.3972,46.0791,0.254358,0.00957235
44424,181960704,9.30847,0.0415072,0.00618593,18.1151,0.651793,10.9421,20.2936,49.8873,0.239203,0.00976562
44448,182059008,9.31242,0.00284333,0,16.3625,0.632035,9.02767,20.1721,48.2717,0.251205,0.00976562
44472,182157312,9.3165,0.024773,0,18.0406,0.659309,10.0331,20.2826,46.2243,0.265865,0.0103149
44496,182255616,9.32076,0.00193611,0,16.9317,0.66202,10.2808,20.2436,43.0915,0.254826,0.0107015
44520,182353920,9.32325,0.022221,0,16.6371,0.620894,9.83791,20.1838,46.0198,0.249944,0.0105693
44544,182452224,9.32554,0.0116518,0,17.8502,0.657672,10.2582,20.7576,49.2854,0.242125,0.0106099
44568,182550528,9.32967,0.0136325,0,16.4566,0.611539,9.52486,20.5387,46.572,0.247678,0.0108337
44592,182648832,9.33354,0.0196135,0,17.7947,0.664126,9.08339,20.5118,45.4066,0.259603,0.0107218
44616,182747136,9.33634,0,0,16.8331,0.619915,9.54338,20.3925,44.4616,0.253706,0.0113322
44640,182845440,9.3395,0.00705467,0,16.8821,0.614518,9.34929,20.8982,44.5674,0.245335,0.0116781
44664,182943744,9.34242,0.0119728,0,17.1599,0.653277,9.79933,20.7448,45.638,0.246793,0.0112406
44688,183042048,9.3457,0.0237168,0.0113701,17.6968,0.622231,10.4287,20.6932,48.9029,0.24753,0.0110575
44712,183140352,9.34882,0.00384869,0,17.1678,0.591415,11.0464,20.7261,45.4289,0.242246,0.0109762
44736,183238656,9.35355,0.00467342,0.00804696,17.2451,0.631275,10.5303,20.48,47.912,0.250172,0.0109863
44760,183336960,9.35794,0.0143617,0.00931651,17.5464,0.668631,10.5195,20.7128,49.2004,0.249113,0.0109863
44784,183435264,9.36145,0.0055994,0,16.2747,0.613364,9.23511,20.4139,44.4215,0.250738,0.0109456
44808,183533568,9.36347,0.0331876,0,17.6008,0.621066,10.0597,20.3714,44.7321,0.249856,0.0109253
44832,183631872,9.36694,0.0199045,0,16.7752,0.655267,9.25625,19.8159,41.1815,0.25098,0.0111796
44856,183730176,9.36921,0.0198177,0,17.0719,0.616285,9.76452,20.6791,47.2264,0.25324,0.0113627
44880,183828480,9.37285,0.0115414,0,16.3311,0.604,9.18876,20.2985,44.69,0.253468,0.0110881
44904,183926784,9.37584,0.0154769,0.00653473,17.3934,0.654552,10.4778,20.3806,48.1574,0.249635,0.0108948
44928,184025088,9.37919,0.0116751,0,17.2348,0.629351,10.8024,20.4607,45.8607,0.255978,0.0108032
44952,184123392,9.38295,0.00813549,0,15.5142,0.613968,8.77404,20.9109,43.9317,0.249503,0.0104777
44976,184221696,9.38472,0.00715178,0,19.4449,0.618944,11.6181,20.5031,44.4594,0.250311,0.00983683
45000,184320000,9.38795,0.00604384,0,18.6784,0.64024,10.3389,20.4818,45.925,0.250723,0.00968425
45024,184418304,9.39052,0.0232288,0.00670541,15.9524,0.641381,8.79708,20.6961,48.6173,0.255315,0.0101725
45048,184516608,9.39425,0.0421856,0,17.0596,0.648164,9.51596,21.0199,45.0683,0.257293,0.0102539
45072,184614912,9.39677,0.0114373,0,17.4131,0.623414,10.0237,20.6754,46.7514,0.24747,0.0103658
45096,184713216,9.39923,0.0106519,0,18.2589,0.639554,10.85,20.9903,53.0124,0.243524,0.0110881
45120,184811520,9.40173,0.0135493,0.0105411,18.6148,0.626986,11.9429,20.4698,49.1522,0.252973,0.0109253
45144,184909824,9.40484,0.0105634,0,17.6826,0.64808,10.4625,20.9576,47.6732,0.244665,0.0109863
45168,185008128,9.40781,0.00366953,0,17.9541,0.633869,11.222,21.2106,47.1418,0.246816,0.0108134
45192,185106432,9.40965,0.00419765,0,18.8665,0.610239,12.2412,21.0245,45.3589,0.246908,0.0108846
45216,185204736,9.41265,0,0,16.1436,0.60345,9.4764,20.4147,43.7104,0.249742,0.0106506
45240,185303040,9.41562,0.0114286,0,18.5328,0.640789,11.8418,21.3767,50.7623,0.252722,0.010376
45264,185401344,9.41754,0,0,18.7228,0.643511,11.9479,20.9026,51.8226,0.248625,0.0107422
45288,185499648,9.42189,0.0122954,0.00727115,17.0673,0.644374,9.97156,20.8389,49.4006,0.252636,0.010966
45312,185597952,9.42515,0,0,17.9781,0.649745,10.9165,21.0555,43.7892,0.24688,0.0108744
45336,185696256,9.42887,0,0,17.9537,0.663528,10.2912,20.5685,44.5798,0.247711,0.0107422
45360,185794560,9.43049,0.017073,0.00611849,16.8878,0.624639,9.75963,20.6278,48.7763,0.247059,0.0106812
45384,185892864,9.4337,0.00659522,0,17.3561,0.653741,10.2153,20.9314,45.9628,0.250701,0.0109049
45408,185991168,9.4359,0.0235463,0,16.9536,0.644637,10.3779,21.0206,47.3581,0.251279,0.0106099
45432,186089472,9.43782,0.00871948,0.0143867,16.382,0.606991,9.59822,20.5859,47.0972,0.259832,0.010793
45456,186187776,9.43978,0,0,16.557,0.646439,9.41819,20.9346,49.8666,0.245543,0.0110779
45480,186286080,9.44385,0.00266312,0,16.68,0.693186,9.63019,20.8925,45.87,0.248454,0.0102437
45504,186384384,9.44545,0.021147,0,19.8493,0.648488,12.8716,21.4569,52.341,0.24204,0.010142
45528,186482688,9.44833,0.00961881,0,18.5403,0.638237,10.8554,20.9928,49.0849,0.241315,0.00985718
45552,186580992,9.45014,0,0,17.6261,0.592215,9.88885,20.8477,47.3961,0.240121,0.00953166
45576,186679296,9.45365,0.00518544,0,17.9953,0.639136,10.9923,21.1607,50.7248,0.244261,0.00917562
45600,186777600,9.45659,0.00836394,0,20.3216,0.651421,12.6324,21.0779,47.4434,0.25634,0.00954183
45624,186875904,9.45939,0.00821259,0,17.5,0.631626,10.6334,20.8147,46.6583,0.247723,0.00911458
45648,186974208,9.46129,0.00413712,0,16.8917,0.615852,10.3479,21.2733,50.7231,0.249628,0.0090332
45672,187072512,9.46419,0.0102332,0,16.8626,0.647843,10.2064,20.9699,47.1245,0.249322,0.0090332
45696,187170816,9.46706,0.0110724,0,18.4221,0.608122,10.774,21.2168,53.5952,0.249653,0.00908407
45720,187269120,9.47097,0.00609187,0,16.5508,0.618464,9.42708,20.9656,41.9142,0.247353,0.00927734
45744,187367424,9.47519,0.0150485,0,17.2234,0.656898,9.38482,20.9289,44.749,0.246224,0.00958252
45768,187465728,9.47837,0.00342603,0,15.6719,0.654441,9.29682,21.1742,45.7284,0.250435,0.0100098
45792,187564032,9.48008,0.0218927,0.0179426,16.6147,0.593606,9.82141,21.3466,49.1237,0.244608,0.0101115
45816,187662336,9.48206,0.0138477,0,18.1949,0.66007,11.0331,21.0131,47.1667,0.254164,0.0110168
45840,187760640,9.48393,0.00850005,0,20.256,0.673485,10.9107,21.1471,47.1005,0.250343,0.0115662
45864,187858944,9.48674,0.00329263,0,17.7695,0.639219,10.517,21.3258,51.6016,0.246403,0.0114543
45888,187957248,9.48982,0.0117679,0,15.9052,0.621433,9.03573,21.1068,44.1517,0.24775,0.0112712
45912,188055552,9.49096,0.0328994,0,17.6284,0.645534,10.1918,21.2785,48.0893,0.257586,0.0116069
45936,188153856,9.4928,0.0103297,0,16.0456,0.57268,9.55616,21.0803,47.7125,0.245782,0.011851
45960,188252160,9.49485,0.00745871,0,18.367,0.597958,10.7319,21.5319,50.6295,0.254167,0.0121969
45984,188350464,9.49741,0.0308429,0.0383614,19.1956,0.67065,11.0146,21.8396,51.8356,0.251236,0.0128581
46008,188448768,9.49895,0.00751476,0,16.0935,0.635764,9.32571,21.0412,48.1061,0.250327,0.0128581
46032,188547072,9.50125,0,0,17.4814,0.635337,10.3879,21.247,41.3306,0.249893,0.0128377
46056,188645376,9.50331,0.0161518,0,14.8418,0.579302,8.05436,21.2721,44.0714,0.241942,0.0131632
46080,188743680,9.50509,0.0351561,0.012337,15.4278,0.572667,8.05354,21.0705,41.7058,0.244613,0.0131226
46104,188841984,9.50613,0.00836629,0,19.0509,0.602054,11.7575,21.6664,52.4419,0.247137,0.0126851
46128,188940288,9.5088,0.0458217,0.0248834,15.8027,0.686392,8.65905,21.0896,44.8511,0.237454,0.0126038
46152,189038592,9.51047,0.011041,0.0212443,18.2861,0.648766,11.34,21.4385,46.4676,0.253531,0.012797
46176,189136896,9.51324,0.00270772,0,19.4242,0.605249,12.6283,21.4465,49.2349,0.256445,0.013265
46200,189235200,9.51604,0.0219374,0,16.1665,0.585002,9.07906,21.189,47.2766,0.248706,0.0132243
46224,189333504,9.51953,0.0307565,0,16.4718,0.595801,9.53422,21.3941,46.2056,0.243354,0.0134888
46248,189431808,9.52267,0.0184181,0.0129967,16.9243,0.648209,9.06419,21.3222,44.2727,0.249005,0.0138652
46272,189530112,9.52615,0.00524628,0,17.5384,0.598332,9.89829,21.3721,49.0452,0.243958,0.013855
46296,189628416,9.52836,0.0142638,0.00962155,16.6167,0.673324,9.59519,21.5243,47.4585,0.245348,0.0136719
46320,189726720,9.53103,0.00398542,0,17.089,0.652645,10.2823,21.4702,46.6868,0.254876,0.0137634
46344,189825024,9.5336,0.00522486,0.00807537,16.6601,0.604335,9.83838,20.8167,47.0777,0.240617,0.014211
46368,189923328,9.53544,0.00265361,0,15.2379,0.643213,8.06023,21.1397,46.5962,0.253399,0.0140686
46392,190021632,9.53809,0.00584036,0,16.4194,0.655524,8.73788,21.239,43.1984,0.25681,0.0144348
46416,190119936,9.53927,0.0173032,0,16.2974,0.622555,8.8097,21.426,46.8188,0.248512,0.0153402
46440,190218240,9.54105,0.0128395,0.0186479,18.0036,0.620404,10.9657,21.4392,46.9594,0.242348,0.0148315
46464,190316544,9.54401,0.0127019,0.0127584,15.9008,0.635423,9.19463,21.9962,49.3015,0.242063,0.0145772
46488,190414848,9.54769,0,0,17.7743,0.650836,10.6224,21.4382,47.5661,0.249195,0.0143127
46512,190513152,9.55101,0.0117024,0.0205943,18.0162,0.647195,10.2748,21.4772,46.9442,0.251721,0.0144348
46536,190611456,9.55273,0.00608466,0,17.2379,0.613842,10.2987,21.7727,50.8936,0.244244,0.0147807
46560,190709760,9.55541,0.0213344,0,18.3037,0.660216,10.9931,21.5089,48.5518,0.237896,0.0148926
46584,190808064,9.55731,0.00722522,0,18.184,0.692719,10.5642,22.1428,55.1337,0.247611,0.0147298
46608,190906368,9.55883,0.0190126,0,16.9852,0.593745,10.3772,21.6323,49.4504,0.250843,0.0144043
46632,191004672,9.56031,0.0219069,0,17.0719,0.638509,9.80908,21.2375,44.1564,0.244913,0.0143433
46656,191102976,9.56272,0.0244222,0,16.0643,0.669793,8.97101,21.4863,46.1676,0.250893,0.0144755
46680,191201280,9.56473,0.0371156,0,17.2106,0.607069,10.0927,21.6508,46.9469,0.244348,0.0151164
46704,191299584,9.56602,0.0140334,0.0173606,16.1857,0.627447,9.8204,21.6667,51.6666,0.248863,0.0148519
46728,191397888,9.56715,0.0428994,0,16.9426,0.634321,10.3259,21.4601,47.5143,0.254488,0.014974
46752,191496192,9.56966,0.0255019,0.00621529,17.3974,0.633439,10.4714,21.2623,47.7461,0.24764,0.0152791
46776,191594496,9.57314,0,0,16.5266,0.623599,9.4503,21.5904,51.4738,0.245517,0.0152791
46800,191692800,9.57601,0.00650583,0,16.122,0.636031,9.24251,20.9392,47.1292,0.246724,0.015269
46824,191791104,9.57676,0.0116743,0,17.241,0.640527,10.1134,21.5561,46.5441,0.24764,0.0140381
46848,191889408,9.57747,0.019955,0,17.0672,0.695374,9.77859,21.7771,50.3727,0.243143,0.0143127
46872,191987712,9.57823,0.0148678,0,15.8135,0.615875,8.60429,21.302,46.4364,0.248808,0.0149028
46896,192086016,9.58185,0.0134412,0.0048389,18.4877,0.690572,11.5862,21.9273,50.7818,0.249267,0.0154419
46920,192184320,9.58405,0.0288813,0.0124931,16.0257,0.638263,9.37006,21.5173,43.5543,0.246887,0.015686
46944,192282624,9.58665,0.022147,0.010846,16.173,0.635952,8.88198,21.6311,43.8777,0.241221,0.0156352
46968,192380928,9.58841,0.00310567,0,16.3726,0.644411,8.57635,21.5998,42.6503,0.250348,0.0151978
46992,192479232,9.58992,0.0155687,0.0101557,16.1547,0.652435,8.87486,21.8602,47.7631,0.248703,0.0144755
47016,192577536,9.59192,0.0089495,0.00765376,17.2318,0.647037,10.1059,21.9303,51.5928,0.242796,0.0144755
47040,192675840,9.5941,0.0125835,0,17.7426,0.628842,10.2026,21.4248,50.2333,0.251942,0.0145569
47064,192774144,9.59569,0.00845028,0,16.3896,0.592331,9.74058,21.2404,48.0451,0.248753,0.0143229
47088,192872448,9.5979,0.00899624,0,16.5569,0.663734,9.94631,21.5986,45.3267,0.250704,0.0142924
47112,192970752,9.59945,0.0124757,0.00586912,17.1569,0.632213,9.72088,21.2573,44.046,0.248817,0.0139974
47136,193069056,9.60075,0.0124158,0,16.4729,0.623172,9.70232,21.713,50.2783,0.246042,0.0139058
47160,193167360,9.60281,0.0234669,0,17.2233,0.637386,10.2846,21.9603,49.2468,0.247952,0.0134176
47184,193265664,9.60444,0.00420378,0,15.8556,0.616001,9.04924,21.5823,47.6987,0.240039,0.0131124
47208,193363968,9.60635,0.0211824,0.0105263,16.4235,0.628076,9.72647,21.9559,47.8563,0.247469,0.0129191
47232,193462272,9.60865,0,0,17.9231,0.653458,11.1576,21.84,53.3001,0.252142,0.0129598
47256,193560576,9.61127,0.0243056,0,15.4495,0.619818,7.9197,21.7376,43.3887,0.243332,0.0123901
47280,193658880,9.6133,0.0147807,0,17.7069,0.701992,10.2006,22.4349,51.0369,0.256323,0.0126343
47304,193757184,9.615,0.0157202,0.0087573,18.0179,0.588467,10.4149,21.8729,52.3804,0.247141,0.0128072
47328,193855488,9.61714,0.00359306,0,17.6656,0.60585,10.9286,22.0767,52.8313,0.247646,0.0127563
47352,193953792,9.61837,0.0105577,0,17.3375,0.67513,10.3892,22.2508,49.3851,0.249579,0.0123596
47376,194052096,9.62023,0.0286729,0,15.8745,0.621472,9.35422,21.6325,45.479,0.250214,0.0125936
47400,194150400,9.62242,0.00976492,0,17.145,0.631952,10.6805,22.3733,51.6614,0.251301,0.0120748
47424,194248704,9.62475,0.013976,0.0228474,17.423,0.667958,10.0221,22.1673,48.2938,0.253776,0.0114746
47448,194347008,9.62677,0.00299815,0.00471266,17.416,0.656241,10.4851,22.6549,51.6684,0.258568,0.0115051
47472,194445312,9.62776,0.00239045,0,15.466,0.648935,8.66188,22.276,46.6002,0.246514,0.0114746
47496,194543616,9.62858,0.00885656,0.00842021,15.7541,0.561225,8.62341,21.9303,44.0528,0.245335,0.0115967
47520,194641920,9.63048,0.0102517,0.010354,16.5781,0.616928,9.27784,22.1612,47.4076,0.248897,0.0118103
47544,194740224,9.63149,0.0238979,0,16.2999,0.641052,9.41242,22.2362,44.0352,0.249527,0.0119527
47568,194838528,9.63295,0.0214705,0.00520133,16.7129,0.660134,9.64316,23.0037,51.4822,0.249439,0.0120341
47592,194936832,9.63563,0.0093423,0,15.2522,0.598016,8.30634,22.398,42.9694,0.257332,0.0119832
47616,195035136,9.63724,0.0113373,0,15.6208,0.609214,8.57601,23.0564,46.8938,0.261674,0.0125122
47640,195133440,9.63905,0.00970167,0,17.3096,0.656784,9.21146,22.7919,46.5246,0.256604,0.0124613
47664,195231744,9.63919,0.0189198,0.00711744,16.7716,0.647271,8.96761,22.7235,45.672,0.254643,0.0126038
47688,195330048,9.64185,0.00427111,0.0069869,18.3555,0.651877,10.5859,22.9081,50.9567,0.250929,0.0122274
47712,195428352,9.64379,0.0161119,0,17.7131,0.623891,9.35463,22.8217,50.1893,0.246914,0.0126038
47736,195526656,9.64519,0,0,15.9272,0.621993,9.4143,22.8574,50.7082,0.25628,0.0122579
47760,195624960,9.64746,0,0,17.5384,0.637409,10.979,22.9846,49.6951,0.257741,0.0117391
47784,195723264,9.65038,0.025005,0.0218739,19.7324,0.698045,11.8685,22.9743,50.0204,0.247987,0.0117391
47808,195821568,9.65162,0.0275725,0.0185545,16.2483,0.670774,9.19351,22.9573,49.9031,0.247783,0.0122477
47832,195919872,9.65177,0.0182893,0,18.8268,0.620831,11.9018,22.7561,51.9459,0.252218,0.0125834
47856,196018176,9.65413,0.00759198,0,18.5216,0.633596,11.4691,23.4196,50.4796,0.248576,0.012146
47880,196116480,9.65593,0.00910144,0,16.2227,0.66003,9.2704,23.4579,47.4699,0.251338,0.011912
47904,196214784,9.65767,0.00798426,0,17.3332,0.678393,10.2541,22.7197,42.2857,0.249532,0.0113525
47928,196313088,9.66027,0.0253642,0.0188248,16.3779,0.664518,9.22953,23.2427,47.9091,0.25199,0.0109049
47952,196411392,9.66288,0.0138648,0,18.763,0.673971,10.9085,23.4442,49.0763,0.253857,0.0107422
47976,196509696,9.66415,0.0160555,0,17.9957,0.65044,9.90263,23.5477,46.8701,0.249885,0.0112406
48000,196608000,9.66577,0.00697387,0,17.4695,0.63205,10.5349,23.4786,49.348,0.257093,0.0113322
48024,196706304,9.66774,0.0045824,0.00826609,16.5738,0.655911,9.06686,22.9538,47.8167,0.257746,0.0110982
48048,196804608,9.66988,0.00547326,0,16.3362,0.670886,8.47137,23.5753,42.955,0.249253,0.0110779
48072,196902912,9.67235,0.0111689,0,17.6612,0.593408,10.2049,23.1839,46.3775,0.249739,0.0109253
48096,197001216,9.67475,0.00601426,0,15.628,0.618649,8.56178,23.1206,45.5353,0.244908,0.0107422
48120,197099520,9.67665,0.00453907,0,17.4239,0.659302,10.2511,23.9774,50.9095,0.258806,0.0107422
48144,197197824,9.67823,0.00807128,0,17.5453,0.643403,10.3047,23.4037,50.2978,0.249288,0.0108643
48168,197296128,9.67847,0.0172432,0,18.361,0.666548,11.3827,23.7827,51.3448,0.251337,0.011027
48192,197394432,9.67921,0.0121993,0,17.4444,0.638558,10.1776,23.3461,46.9013,0.251612,0.0111593
48216,197492736,9.68071,0.0133707,0.00701227,16.533,0.664348,8.59945,23.7164,47.3626,0.248097,0.0110474
48240,197591040,9.68135,0,0,16.9648,0.612742,9.67919,23.7362,46.8494,0.24593,0.0109863
48264,197689344,9.68396,0.00280826,0.00439216,17.5261,0.6614,10.5392,23.4239,48.053,0.252594,0.010966
48288,197787648,9.68537,0.0381796,0.00641128,16.0603,0.658533,8.4157,23.892,48.5431,0.249428,0.0109456
48312,197885952,9.68584,0.031732,0,18.3979,0.696005,10.7801,23.39,47.7819,0.240043,0.0112712
48336,197984256,9.68779,0.00559076,0,19.0487,0.616476,11.548,23.7057,52.2439,0.245098,0.0114543
48360,198082560,9.69025,0,0,15.5666,0.62004,8.81923,23.5577,46.6521,0.248718,0.0115458
48384,198180864,9.69254,0.00386212,0,17.7031,0.645837,10.0774,23.7202,48.1983,0.25105,0.0114543
48408,198279168,9.69429,0,0,16.593,0.621629,8.44826,23.8881,55.26,0.245494,0.0117188
48432,198377472,9.69526,0.0176132,0,17.4569,0.614454,11.256,23.4754,52.2286,0.243754,0.0117188
48456,198475776,9.69569,0.0228594,0.00585823,17.7947,0.689666,10.4925,23.8284,49.2342,0.245815,0.0115967
48480,198574080,9.69707,0.0129984,0.00774039,18.5434,0.657191,10.2781,23.9365,53.7354,0.251213,0.0114746
48504,198672384,9.69884,0.0188565,0.0218669,15.488,0.633958,8.36801,23.3022,43.5245,0.254974,0.0114746
48528,198770688,9.69978,0.0190487,0,19.4877,0.653728,10.0522,23.5422,45.5605,0.25363,0.0110575
48552,198868992,9.70192,0.008598,0,16.5527,0.63956,9.39763,23.515,49.0553,0.252575,0.0111491
48576,198967296,9.7036,0.0226746,0,17.268,0.650014,10.4988,23.5671,49.3199,0.258886,0.0112406
48600,199065600,9.70502,0.0272702,0,15.3646,0.596184,8.33849,23.2501,44.8205,0.253892,0.0110067
48624,199163904,9.70579,0.00873792,0.00580046,17.4146,0.637807,10.1932,23.7472,56.0966,0.252299,0.0105591
48648,199262208,9.70788,0.00509066,0,18.5001,0.670476,11.8626,23.7364,48.6146,0.255996,0.0105489
48672,199360512,9.71,0.0148894,0.00721278,17.9393,0.627014,11.7296,23.9042,51.9619,0.255642,0.0102844
48696,199458816,9.71063,0.00953485,0,15.8775,0.600838,9.19303,23.4651,49.0998,0.260578,0.010966
48720,199557120,9.71172,0.0156831,0,18.0636,0.688499,11.0151,23.3698,50.2024,0.251419,0.0113627
48744,199655424,9.71278,0.00452045,0,17.102,0.649334,8.42575,23.8607,44.061,0.252403,0.0112305
48768,199753728,9.71509,0.0168858,0.00475172,16.4123,0.610014,9.25381,24.1764,52.289,0.253482,0.0112305
48792,199852032,9.71746,0.00901239,0,15.8818,0.633315,9.39854,23.7145,47.2248,0.257875,0.0108236
48816,199950336,9.72011,0.00655624,0,17.674,0.624343,10.4065,23.3281,49.3402,0.254718,0.010498
48840,200048640,9.72081,0.0102714,0,19.4848,0.622717,11.0429,24.0491,51.8047,0.257583,0.00982666
48864,200146944,9.72174,0.0209473,0,16.8238,0.594013,9.5803,23.6123,48.4997,0.250647,0.00972493
48888,200245248,9.72412,0.0168065,0,17.5353,0.624108,10.6767,23.6664,49.6714,0.253177,0.00952148
48912,200343552,9.72628,0.020248,0.0237077,17.6476,0.62531,10.7818,23.637,50.4474,0.253101,0.00937907
48936,200441856,9.72804,0.0273178,0.00892762,16.4671,0.6254,9.63406,23.3029,46.0181,0.257664,0.00927734
48960,200540160,9.72794,0.0211879,0,17.2784,0.611409,10.5006,23.9253,48.3219,0.261888,0.00928752
48984,200638464,9.72882,0.0319864,0.0179232,17.2318,0.599043,10.1827,23.362,49.2112,0.262308,0.00859578
49008,200736768,9.73007,0.0218403,0.00695894,16.4997,0.613375,9.72493,23.1963,46.9872,0.258891,0.00902303
49032,200835072,9.73173,0.00596659,0,17.1139,0.604828,10.2967,23.3072,49.7138,0.257634,0.00904338
49056,200933376,9.73237,0.00623922,0.00472343,18.0594,0.642353,10.3505,23.8338,47.6643,0.251536,0.00878906
49080,201031680,9.73383,0.00693642,0.00647354,16.6539,0.633256,9.31807,23.4343,43.0219,0.25398,0.00878906
49104,201129984,9.73538,0.00345961,0,16.4935,0.654735,9.04164,23.7097,49.4976,0.254955,0.00891113
49128,201228288,9.73631,0.0271195,0.0200899,17.7887,0.646103,10.5842,23.082,44.9057,0.250917,0.0090332
49152,201326592,9.73843,0.0249926,0,15.8561,0.604981,9.09896,23.2155,52.5908,0.256864,0.00895182
49176,201424896,9.73986,0.0401727,0.0127319,15.8809,0.608334,8.92947,23.149,46.4698,0.266237,0.00957235
49200,201523200,9.74082,0.00477598,0,14.8486,0.570886,8.03163,22.9917,47.8532,0.26039,0.0097758
49224,201621504,9.74301,0.0202108,0,18.4469,0.61785,10.6433,23.1813,52.2656,0.253213,0.00987752
49248,201719808,9.74531,0,0,16.0608,0.608838,8.86757,23.3585,47.4715,0.256659,0.00998942
49272,201818112,9.74681,0.0108654,0.0103506,16.9825,0.576086,10.7664,23.1278,46.6919,0.252742,0.0102234
49296,201916416,9.74798,0.0159317,0.0051573,17.153,0.626874,9.82836,23.3316,51.198,0.253452,0.00996908
49320,202014720,9.75015,0,0,17.4169,0.612724,10.386,23.3028,50.9608,0.257054,0.00976562
49344,202113024,9.75201,0.0277889,0.0055371,16.8401,0.636766,10.635,22.6692,50.3523,0.259104,0.00972493
49368,202211328,9.75283,0,0,16.257,0.579183,9.50277,23.0773,47.8598,0.25914,0.0098877
49392,202309632,9.75416,0.0121974,0,16.5252,0.647565,9.91225,23.2801,49.8909,0.261139,0.00975545
49416,202407936,9.75502,0.0194723,0.00570994,15.9457,0.62992,8.67763,22.8766,45.0545,0.264467,0.0102641
49440,202506240,9.75509,0.0190504,0.0092416,17.0905,0.694717,9.37806,23.1959,46.7271,0.262648,0.010671
49464,202604544,9.7552,0.0161365,0,17.2042,0.577305,10.3953,22.8002,50.3702,0.258936,0.0111593
49488,202702848,9.75595,0.0217492,0.00919127,15.4527,0.618386,8.82646,23.3393,44.7396,0.260765,0.0112
49512,202801152,9.7577,0.00544832,0,17.1281,0.666358,10.6314,23.0173,49.7105,0.259098,0.0107422
49536,202899456,9.75984,0.00471751,0.00897532,16.4712,0.614827,9.52409,22.7365,48.9062,0.262567,0.0108948
49560,202997760,9.76088,0.0130197,0,15.6268,0.645699,8.47445,22.4725,43.178,0.261946,0.0106303
49584,203096064,9.76107,0.00696939,0.0126644,17.3483,0.660589,10.4797,23.0289,48.9076,0.260482,0.0107422
49608,203194368,9.76155,0.0107634,0.00542071,17.6569,0.606888,9.65106,22.7209,52.2651,0.264112,0.0105286
49632,203292672,9.76297,0,0,18.0738,0.586781,10.8524,23.1318,48.5139,0.254891,0.0108032
49656,203390976,9.76449,0.00927791,0,16.8192,0.642324,9.26295,22.89,49.7228,0.261053,0.0106405
49680,203489280,9.76507,0.00714136,0,17.3303,0.620026,11.1403,23.28,50.4877,0.26657,0.0110474
49704,203587584,9.76478,0.0265955,0.0328203,17.2935,0.602144,10.675,22.7373,49.467,0.260089,0.0102132
49728,203685888,9.76427,0.0353218,0,17.7462,0.584426,9.4945,22.7867,52.6184,0.257117,0.0102641
49752,203784192,9.76445,0.0195095,0.0156901,17.1422,0.617127,10.2229,22.8187,49.9427,0.259193,0.0106405
49776,203882496,9.76628,0.0145772,0,16.097,0.639197,9.32658,22.8701,48.8696,0.252101,0.010732
49800,203980800,9.76814,0.0154428,0,16.2309,0.584165,8.92361,22.9555,47.4764,0.255737,0.0109762
49824,204079104,9.76913,0.0286723,0.0324049,17.8605,0.636851,10.9241,23.1618,48.8047,0.263432,0.0109863
49848,204177408,9.76926,0.00947633,0.00644122,15.8506,0.605993,8.52884,23.0218,49.7135,0.262498,0.0112712
49872,204275712,9.7701,0.0173152,0,16.403,0.596902,8.66645,23.1925,43.8898,0.256112,0.0114237
49896,204374016,9.76978,0.0130139,0,16.8486,0.655257,9.89528,23.434,49.5788,0.257236,0.0117289
49920,204472320,9.7699,0.0157315,0.00761035,15.9674,0.612815,8.09779,23.4078,44.7825,0.256389,0.0121358
49944,204570624,9.77057,0,0,18.3068,0.656907,10.7767,23.2995,47.9731,0.26216,0.0122986
49968,204668928,9.77089,0,0,18.2199,0.623551,10.2685,23.3875,50.1103,0.252323,0.0123189
49992,204767232,9.77061,0.00400023,0,18.9921,0.642,11.6997,23.3496,50.3426,0.260242,0.0122579
50016,204865536,9.77128,0.00459016,0.00878385,15.7168,0.61658,8.59221,23.1519,45.1135,0.258799,0.012146
50040,204963840,9.77207,0.0165294,0.00423076,18.1375,0.630509,11.7529,23.6881,49.1686,0.259688,0.0123088
50064,205062144,9.77296,0.022896,0,17.3087,0.561907,10.6951,23.5304,49.6963,0.264648,0.012207
50088,205160448,9.77413,0.0221188,0.010426,16.4728,0.668293,9.51038,23.5842,50.3812,0.247389,0.012207
50112,205258752,9.77489,0.0106028,0.00590667,16.9058,0.663992,8.9081,23.9789,45.65,0.267048,0.0122782
50136,205357056,9.77635,0.00921635,0,16.1396,0.619238,9.31984,23.3721,46.462,0.263317,0.0129293
50160,205455360,9.7776,0,0,15.9058,0.613622,8.71146,23.6073,45.4631,0.260961,0.0126851
50184,205553664,9.78008,0.0152216,0,15.8425,0.647931,8.92779,23.5136,51.4419,0.257343,0.0122579
50208,205651968,9.78137,0.00336574,0,17.2761,0.568981,10.0893,23.9239,48.1969,0.257306,0.0120443
50232,205750272,9.7822,0.00559731,0.00955501,17.6394,0.593329,11.0428,24.2373,51.8547,0.26471,0.0121867
50256,205848576,9.78395,0.0178401,0,15.147,0.576662,8.63932,23.7641,47.8624,0.259405,0.0119934
50280,205946880,9.78566,0.00804541,0.00906305,17.6103,0.679876,9.89772,24.1632,52.0064,0.263462,0.0118306
50304,206045184,9.78609,0.0316572,0,16.6627,0.646373,10.1237,23.9902,46.085,0.278383,0.0117289
50328,206143488,9.78735,0.0323986,0,15.1395,0.614104,8.92707,24.0588,46.5394,0.262572,0.0116781
50352,206241792,9.78786,0.0110827,0,16.1422,0.640829,9.04345,24.3545,49.5671,0.261649,0.0111898
50376,206340096,9.78897,0.00529898,0.00453858,14.8692,0.613869,8.19802,24.1506,45.3938,0.260346,0.0112101
50400,206438400,9.79004,0.00306373,0.0046329,19.4505,0.649866,12.1142,24.5645,53.5475,0.269902,0.0111186
50424,206536704,9.79083,0.00362735,0,18.2169,0.617684,10.4665,24.3841,45.7328,0.265799,0.0110474
50448,206635008,9.79176,0.00574812,0,16.1534,0.602853,9.2887,24.7558,48.3854,0.257328,0.0108643
50472,206733312,9.79237,0.0241782,0,16.9929,0.605848,10.1386,24.8452,48.8481,0.268354,0.0107117
50496,206831616,9.79355,0.00738795,0,16.205,0.619247,8.87775,25.2993,45.4853,0.267536,0.0109863
50520,206929920,9.79561,0,0,17.4489,0.60325,10.5703,25.0929,50.5611,0.258554,0.0109151
50544,207028224,9.79694,0.00931218,0,18.15,0.609887,11.6936,25.1363,53.4152,0.256321,0.0107422
50568,207126528,9.79779,0.0151254,0.00774015,15.4265,0.558723,7.92811,25.4393,49.1464,0.259551,0.0108134
50592,207224832,9.79872,0.00956023,0,17.5417,0.652048,10.9799,25.3715,52.648,0.265502,0.0107422
50616,207323136,9.80023,0.0139389,0.0160199,16.0641,0.594891,8.9969,25.5272,52.4371,0.262206,0.0106303
50640,207421440,9.80152,0,0,17.4707,0.684959,9.54357,24.667,46.6904,0.258797,0.0103556
50664,207519744,9.8031,0.0134077,0.0250447,16.152,0.609939,8.68306,25.3958,46.8773,0.268383,0.0101318
50688,207618048,9.80455,0.0320593,0.00915511,16.6495,0.59729,9.63607,25.4149,50.2287,0.262302,0.00938924
50712,207716352,9.80609,0,0,16.94,0.654216,9.56484,25.5395,50.0103,0.262279,0.00935872
50736,207814656,9.80643,0.00616146,0.0104855,15.4439,0.623531,8.21991,25.3557,48.192,0.256555,0.00918579
50760,207912960,9.80672,0.00346091,0.00596392,16.7457,0.645286,9.08037,25.3212,50.8084,0.261359,0.00910441
50784,208011264,9.80628,0.00876066,0.00579598,16.4661,0.605831,9.04879,25.5752,49.8633,0.257201,0.00989787
50808,208109568,9.80722,0.0151647,0.00503229,18.9336,0.682052,10.4024,25.2672,55.2478,0.26661,0.0094401
50832,208207872,9.80785,0.0172414,0,17.501,0.609628,10.534,25.7068,54.2758,0.26137,0.00982666
50856,208306176,9.80835,0,0,17.0104,0.608093,9.45869,26.0102,50.8781,0.262549,0.00982666
50880,208404480,9.80878,0.0295501,0,16.0761,0.616514,9.527,25.8735,48.9696,0.258432,0.0100606
50904,208502784,9.80852,0.0245894,0.0196298,16.8782,0.601215,10.4599,25.9246,51.822,0.260351,0.010081
50928,208601088,9.80944,0.00438688,0,17.2451,0.660838,8.8608,25.2252,48.4084,0.256381,0.0100098
50952,208699392,9.80992,0.0132175,0.0215716,18.6232,0.640169,11.6888,26.2665,50.6389,0.255175,0.00983683
50976,208797696,9.81052,0.00902552,0.0158205,17.3229,0.627403,10.167,25.8031,47.5778,0.26367,0.00969442
51000,208896000,9.81202,0.0203439,0,18.1158,0.599557,11.1445,26.1961,49.7797,0.262224,0.0100505
51024,208994304,9.81419,0,0,15.4822,0.562274,8.66859,25.9297,49.2515,0.260692,0.00978597
51048,209092608,9.81498,0.0113973,0.00419425,17.1256,0.616101,9.48455,26.3758,49.9626,0.268881,0.00952148
51072,209190912,9.81635,0.0219386,0.00646233,15.6116,0.61877,8.8666,26.0737,51.5749,0.256003,0.00952148
51096,209289216,9.81831,0,0,16.3361,0.589982,9.24401,25.9885,50.716,0.264702,0.00961304
51120,209387520,9.81877,0.0295242,0.0208127,17.4919,0.582479,9.99705,26.1307,45.1496,0.268882,0.00948079
51144,209485824,9.82029,0.018292,0,17.5219,0.607377,10.1325,26.1375,52.828,0.25991,0.00941976
51168,209584128,9.8209,0.0126266,0,17.207,0.659876,9.43331,26.1865,44.8663,0.287705,0.00983683
51192,209682432,9.82306,0,0,17.432,0.599733,9.93777,26.2157,47.7086,0.267282,0.0096639
51216,209780736,9.82453,0.00887097,0,17.4228,0.643938,9.87796,26.096,47.0037,0.267334,0.00942993
51240,209879040,9.82593,0.00451637,0,19.5916,0.639199,11.5761,26.3003,51.5287,0.263489,0.00918579
51264,209977344,9.82681,0.0309142,0,17.9593,0.600572,9.76927,26.4134,49.0287,0.257298,0.00926717
51288,210075648,9.82707,0.00785238,0,15.5407,0.587577,8.58691,26.4435,45.2498,0.262594,0.00934855
51312,210173952,9.82794,0.0156172,0,17.9631,0.586187,10.5267,26.3501,51.2092,0.256069,0.00976562
51336,210272256,9.82954,0.0171702,0.00730054,18.6769,0.612317,11.1115,26.4172,53.4768,0.269386,0.00976562
51360,210370560,9.83057,0,0,16.8044,0.620924,9.78001,26.8507,49.5942,0.259798,0.00975545
51384,210468864,9.83068,0.00638997,0,16.534,0.635166,8.74658,26.3008,47.4134,0.261439,0.00956217
51408,210567168,9.83097,0.0323185,0.0336332,16.9587,0.598937,10.413,26.7217,52.4976,0.265869,0.00946045
51432,210665472,9.83049,0.0342039,0.0116589,17.081,0.590597,8.9632,26.4134,46.2235,0.265801,0.0098877
51456,210763776,9.83024,0.00494212,0,16.7291,0.597252,9.54175,26.8745,49.4312,0.263111,0.0102234
51480,210862080,9.83096,0.0532445,0,18.4079,0.635613,10.3172,26.4527,48.7938,0.255452,0.0103963
51504,210960384,9.83096,0.0107758,0,16.3086,0.603322,8.88555,26.728,50.2629,0.261294,0.010498
51528,211058688,9.83151,0.0146054,0.0250313,16.8661,0.581301,9.35035,26.5626,48.0927,0.259343,0.0105591
51552,211156992,9.83107,0.00281763,0,18.3032,0.684438,10.6809,26.8565,51.236,0.268122,0.0109863
51576,211255296,9.83067,0.0169761,0,18.0477,0.581903,11.0663,26.8532,49.8341,0.264256,0.0107524
51600,211353600,9.8303,0,0,16.5077,0.58677,9.30071,26.4119,50.283,0.260366,0.0111593
51624,211451904,9.83135,0.012944,0.00509496,18.3237,0.606728,9.12584,26.6656,47.6304,0.269799,0.0115865
51648,211550208,9.83278,0.0354473,0,17.5894,0.622163,11.0544,26.7137,49.8974,0.262359,0.0117188
51672,211648512,9.83377,0.022822,0.0045831,16.6583,0.611568,9.43202,26.4811,51.0634,0.262352,0.0118408
51696,211746816,9.83411,0.00309805,0.00506521,15.829,0.646054,9.03233,26.6741,51.1085,0.271125,0.0127258
51720,211845120,9.83446,0.0212594,0.00891341,17.228,0.621215,10.169,26.7947,46.0174,0.268228,0.0128988
51744,211943424,9.83507,0.0718651,0,16.5373,0.607844,10.1223,26.9077,47.5931,0.262244,0.0129801
51768,212041728,9.8369,0.0364409,0,17.1582,0.619458,10.1387,26.8469,50.8146,0.257654,0.0126953
51792,212140032,9.83953,0.0390207,0.0264317,15.0879,0.584975,7.63618,26.8189,50.3066,0.262076,0.0125427
51816,212238336,9.84013,0.0257654,0.00551445,18.7505,0.685183,11.3883,26.9191,52.5162,0.257314,0.0126139
51840,212336640,9.83962,0.0134994,0.00949968,15.9933,0.605921,8.61577,26.8975,48.4649,0.264824,0.0122884
51864,212434944,9.83845,0.0127223,0,18.2518,0.623693,9.20136,27.199,49.0316,0.262918,0.0125224
51888,212533248,9.83813,0.0177484,0,14.9316,0.600579,8.03075,26.5233,48.2583,0.256597,0.0126953
51912,212631552,9.83763,0.00351018,0,15.9687,0.630299,8.73502,27.0407,46.8628,0.260707,0.0127869
51936,212729856,9.83719,0.0410118,0.00825796,18.3616,0.621856,10.2055,27.101,51.2218,0.263354,0.0134074
51960,212828160,9.83734,0.0356094,0,16.7649,0.635818,8.70263,27.1416,47.0325,0.262448,0.013916
51984,212926464,9.83804,0.0077347,0,16.8059,0.605293,10.0262,26.746,52.6223,0.260492,0.0137431
52008,213024768,9.83857,0.0200497,0.00527496,16.2846,0.619527,8.65181,27.3638,51.1071,0.26207,0.0133565
52032,213123072,9.83793,0,0,16.565,0.64259,9.61372,27.1715,52.1504,0.253459,0.0135905
52056,213221376,9.83809,0.0252108,0.0149728,17.002,0.651259,10.0834,27.4701,52.4687,0.269967,0.0136719
52080,213319680,9.83881,0.0140135,0,17.9171,0.650839,11.0436,27.6139,49.9545,0.263026,0.0136719
52104,213417984,9.83778,0.00815091,0.0148399,19.3302,0.6142,10.8994,27.1799,48.8974,0.26252,0.0136007
52128,213516288,9.8375,0.0257981,0.0147304,16.1053,0.590875,8.83208,27.3429,51.5858,0.256802,0.0132955
52152,213614592,9.83787,0,0,15.9702,0.612316,8.08036,26.6134,43.181,0.256112,0.012797
52176,213712896,9.8386,0.0248451,0.0361892,16.7138,0.626313,8.88087,27.0186,46.9645,0.267501,0.0124105
52200,213811200,9.83887,0.0177342,0.0197513,15.7833,0.583377,8.73109,26.8256,49.862,0.266983,0.0127258
52224,213909504,9.83881,0.0200225,0.00994915,16.7771,0.583723,9.45154,27.2683,48.182,0.263384,0.0132141
52248,214007808,9.83913,0.00377562,0,16.4819,0.592424,9.05325,26.8327,50.5739,0.264071,0.0136414
52272,214106112,9.83958,0.0119397,0.00486263,17.2251,0.638236,9.64,26.6764,46.0635,0.255947,0.0138346
52296,214204416,9.84006,0.0155852,0.0136399,16.6449,0.581132,10.1183,27.2123,52.8152,0.26026,0.013682
52320,214302720,9.8402,0.0327447,0.0226349,15.4264,0.619355,8.66487,27.2496,50.5288,0.256061,0.0135396
52344,214401024,9.84014,0,0,17.8628,0.63398,10.3434,27.0227,50.6958,0.259933,0.013916
52368,214499328,9.84102,0.037016,0.00508748,18.3826,0.664056,11.2339,26.9212,50.058,0.260026,0.0139567
52392,214597632,9.84198,0.0574848,0.0641026,17.3352,0.604946,9.00326,27.074,47.804,0.259208,0.0144958
52416,214695936,9.84214,0.00966684,0,16.7022,0.601863,9.09374,27.1019,47.4022,0.262912,0.0143941
52440,214794240,9.84341,0.0148494,0.0175412,17.1883,0.657493,10.3012,26.7968,51.5849,0.27198,0.0139058
52464,214892544,9.84275,0,0,17.1676,0.596823,9.1351,27.3538,48.4151,0.263308,0.0136515
52488,214990848,9.84224,0.0104315,0.00848633,15.8444,0.648063,8.6573,27.1875,49.8409,0.261271,0.0138245
52512,215089152,9.84259,0.00494263,0,16.9492,0.62047,9.88384,26.5779,48.7228,0.258675,0.0140584
52536,215187456,9.84366,0.0261145,0,15.2229,0.570156,8.67744,26.7111,49.5061,0.263292,0.0140076
52560,215285760,9.84493,0.0165572,0,17.5247,0.703306,8.70125,25.9297,51.2446,0.259227,0.0136108
52584,215384064,9.84461,0.00338352,0,17.5988,0.650446,10.4118,27.1606,49.1847,0.25878,0.0138245
52608,215482368,9.84411,0.0122438,0,17.1577,0.640446,9.77364,27.4677,50.0916,0.26726,0.0135905
52632,215580672,9.84445,0.00789919,0,16.8284,0.550761,9.97923,26.7735,49.7911,0.25947,0.0134786
52656,215678976,9.84516,0.00703129,0,17.8586,0.631749,10.8442,27.0995,52.9856,0.265579,0.0138855
52680,215777280,9.84635,0.0331451,0.0167515,15.798,0.5871,9.26628,27.3675,55.34,0.26523,0.0139364
52704,215875584,9.84685,0.0228613,0.0120137,16.3676,0.612588,8.88663,27.1094,50.422,0.258902,0.0134888
52728,215973888,9.84731,0.00627738,0.00395883,16.8105,0.629152,9.14478,26.7687,53.0618,0.260004,0.0129395
52752,216072192,9.84902,0.0136725,0,16.6577,0.596021,10.1053,26.8541,47.8031,0.263758,0.0126953
52776,216170496,9.84932,0.0179222,0,17.772,0.595625,10.7723,27.0143,50.6495,0.268577,0.0124207
52800,216268800,9.84983,0.0181063,0,16.4395,0.595848,9.15243,26.8338,47.7627,0.260363,0.0121867
52824,216367104,9.85097,0.0113092,0,16.3039,0.670731,8.63059,26.8366,49.7715,0.2576,0.0119629
52848,216465408,9.85151,0.0183564,0,18.0709,0.68213,10.0172,27.0359,49.995,0.254132,0.0118408
52872,216563712,9.8521,0.0268473,0,15.1186,0.625488,8.23911,26.9317,51.8128,0.258004,0.0112406
52896,216662016,9.8525,0.0158174,0,17.3323,0.575539,9.85051,26.5088,49.9916,0.257172,0.0107625
52920,216760320,9.85286,0.0230398,0.0125752,16.1169,0.635131,9.63065,26.847,53.3167,0.266125,0.010376
52944,216858624,9.85237,0.00448,0,16.1702,0.601553,9.61502,27.0682,51.6595,0.269648,0.00986735
52968,216956928,9.85301,0.0165245,0.0242648,16.5339,0.598429,8.7459,26.8795,46.7608,0.268441,0.00960286
52992,217055232,9.85275,0.0189686,0.00504881,15.3186,0.607071,8.32774,26.8936,49.4253,0.260109,0.010081
53016,217153536,9.85285,0.0333369,0.0347797,15.3801,0.592243,8.88152,27.0766,51.3024,0.259033,0.0101318
53040,217251840,9.85298,0.0299601,0.00962567,17.0578,0.583222,9.99001,26.8322,44.9665,0.263501,0.0100098
53064,217350144,9.85445,0.0162558,0.0243145,16.1579,0.578442,8.96895,26.8763,46.8366,0.259117,0.0100098
53088,217448448,9.85529,0.00496924,0.00853659,15.4035,0.574797,8.87522,27.1765,51.28,0.26236,0.00997925
53112,217546752,9.85551,0.00686073,0,15.6864,0.659306,9.16165,26.9792,50.8985,0.254815,0.00976562
53136,217645056,9.85643,0.0114426,0.0097754,19.2579,0.57216,10.2908,26.9245,45.6391,0.260542,0.00982666
53160,217743360,9.85691,0.00950925,0,17.8572,0.622028,10.0663,27.4538,48.8731,0.259828,0.0102743
53184,217841664,9.8577,0,0,17.2181,0.621727,9.67765,26.7168,48.0372,0.261502,0.0104167
53208,217939968,9.85796,0.0225774,0.0287234,15.7359,0.55529,8.78499,27.0638,47.1463,0.258886,0.0100606
53232,218038272,9.85802,0.0359451,0.0140944,18.0273,0.661217,9.99465,27.2422,49.6675,0.261876,0.00985718
53256,218136576,9.85866,0.018072,0,17.663,0.610757,10.7245,27.1305,49.3931,0.264058,0.00983683
53280,218234880,9.85895,0.00837421,0.0134318,15.5275,0.654878,9.21738,27.1274,51.3189,0.253614,0.00985718
53304,218333184,9.85876,0.0185363,0.0122079,18.5281,0.625457,11.4233,27.815,54.5458,0.271195,0.00970459
53328,218431488,9.85885,0.0201957,0,17.7337,0.622902,10.4084,27.5308,51.0861,0.260802,0.00971476
53352,218529792,9.85958,0.0136674,0.00751644,14.5728,0.611493,7.86023,27.5004,49.546,0.262927,0.00996908
53376,218628096,9.86026,0.0094237,0.0142096,16.7893,0.59458,8.89356,27.1819,50.5997,0.262884,0.0101115
53400,218726400,9.85954,0.0254882,0.0248242,17.1814,0.620306,9.02269,27.5442,47.7897,0.261079,0.00952148
53424,218824704,9.85968,0.0100138,0.0104974,17.5465,0.635826,10.0102,27.5079,47.9141,0.261463,0.00985718
53448,218923008,9.85987,0.0235936,0.00846703,16.6321,0.605251,9.26894,27.282,45.5667,0.259647,0.00992839
53472,219021312,9.86029,0.0146851,0.00610341,16.8408,0.623249,9.99464,27.6011,49.1222,0.253436,0.0100505
53496,219119616,9.86101,0.0161572,0,17.6146,0.614211,9.4908,27.9094,47.3908,0.263795,0.0102437
53520,219217920,9.86065,0.00461995,0.00746534,17.157,0.617731,9.48936,28.3655,49.0877,0.259633,0.0109151
53544,219316224,9.86105,0.0173293,0.00645072,15.6243,0.57951,8.26662,28.6142,47.5422,0.264085,0.0109863
53568,219414528,9.86152,0.0141955,0.0123077,15.5959,0.598451,8.64104,28.5214,49.8005,0.268718,0.0113627
53592,219512832,9.86141,0.0118868,0,15.9533,0.598914,9.061,28.579,50.9923,0.25659,0.0120341
53616,219611136,9.8618,0.0238148,0.00664999,17.063,0.643608,10.0315,28.9617,49.9541,0.259406,0.0119731
53640,219709440,9.86146,0.00437628,0,14.3714,0.52524,7.54241,28.6068,49.9272,0.263713,0.0119832
53664,219807744,9.8623,0.0148808,0.00660253,17.9961,0.652679,10.7494,28.7444,47.6008,0.256847,0.0118103
53688,219906048,9.86296,0.0102834,0,16.3835,0.592795,8.8074,28.7788,45.4994,0.263178,0.0119629
53712,220004352,9.86457,0.00846852,0.0084639,15.195,0.582732,8.67836,29.0174,46.8134,0.261299,0.0122681
53736,220102656,9.86499,0.0118718,0,14.2427,0.560536,8.40525,28.6998,47.1793,0.259505,0.0123291
53760,220200960,9.86532,0.0090267,0.014588,15.8277,0.61696,8.54634,29.3735,50.3302,0.264904,0.012797
53784,220299264,9.86716,0.0118017,0,17.1139,0.649507,9.64658,29.352,48.2987,0.265256,0.0130615
53808,220397568,9.86778,0.0282077,0.00906344,16.6781,0.655348,9.1676,29.8427,50.5181,0.247443,0.0131836
53832,220495872,9.86818,0.0364388,0.0260062,16.8359,0.633847,9.21408,29.315,48.6104,0.257671,0.0132039
53856,220594176,9.86912,0.01611,0.0105811,15.7549,0.597405,8.44119,29.7771,52.1519,0.257678,0.0136108
53880,220692480,9.8694,0.00351968,0,17.445,0.654648,9.93548,29.6656,51.4654,0.261812,0.0136719
53904,220790784,9.87046,0.023662,0.0195576,16.4747,0.603483,9.14889,29.714,47.6113,0.267711,0.0137227
53928,220889088,9.87185,0.00621375,0.00513372,15.4156,0.626399,7.64759,29.4635,45.7164,0.263127,0.0137431
53952,220987392,9.87213,0.00434232,0,18.8098,0.614027,11.5343,29.619,49.9453,0.253586,0.0135396
53976,221085696,9.87258,0.017448,0.0201747,15.3143,0.590345,8.37828,30.2167,49.864,0.25485,0.0134989
54000,221184000,9.8733,0.0176451,0.0212572,17.1799,0.670394,8.63207,29.9304,45.8135,0.265253,0.013031
54024,221282304,9.87428,0.0385764,0.0464499,15.5064,0.575676,8.22893,29.3648,47.9655,0.260039,0.0133667
54048,221380608,9.87484,0,0,16.3573,0.606184,10.2972,29.7947,46.9661,0.26783,0.013916
54072,221478912,9.87534,0.00461589,0,14.6597,0.613896,7.28936,30.2275,50.0756,0.268567,0.0143229
54096,221577216,9.87611,0.0176723,0,15.5371,0.643961,8.30045,30.1057,49.5608,0.265076,0.0147298
54120,221675520,9.87757,0.0212938,0.00666222,15.2122,0.58372,8.27503,30.2795,46.6073,0.261027,0.0149129
54144,221773824,9.87854,0.03469,0.00683205,16.3737,0.588566,9.14153,30.1614,51.6107,0.264372,0.0151164
54168,221872128,9.87949,0.0280059,0,17.7608,0.66347,9.78595,30.1092,50.171,0.256701,0.0149841
54192,221970432,9.87992,0.00890352,0,16.1487,0.606939,8.66469,30.1392,48.8722,0.264253,0.0152893
54216,222068736,9.87973,0.00838567,0.00655196,16.9726,0.688968,9.54347,30.5307,50.8145,0.263214,0.015625
54240,222167040,9.88029,0.0282273,0.0134732,15.8307,0.627441,8.84174,29.9709,45.6926,0.259967,0.0158285
54264,222265344,9.88075,0.0133574,0.00993378,16.3602,0.6189,9.51473,30.196,46.3514,0.261197,0.0158285
54288,222363648,9.88112,0.0142233,0,16.3196,0.588914,9.19626,30.4503,53.5851,0.262734,0.015625
54312,222461952,9.88158,0.0178722,0,14.4245,0.573806,7.41604,30.0603,50.262,0.261409,0.0158386
54336,222560256,9.88217,0.0471939,0.0149589,15.6516,0.54499,8.55814,29.6577,47.9846,0.25428,0.015625
54360,222658560,9.88232,0.0190787,0.0219931,14.8488,0.576195,8.15751,29.9341,45.6928,0.2646,0.0151978
54384,222756864,9.8831,0.0190823,0.0236283,16.4149,0.620816,8.99162,29.916,52.3099,0.257493,0.0148926
54408,222855168,9.88295,0.0108573,0.00652194,15.5898,0.616438,8.39842,29.9686,51.0053,0.258088,0.0147095
54432,222953472,9.88374,0.0302336,0.0196024,14.0169,0.617521,7.74273,29.9486,48.6715,0.253777,0.0142212
54456,223051776,9.885,0.0245089,0.0172815,14.7007,0.637204,7.29141,29.9711,44.0348,0.265147,0.0140076
54480,223150080,9.88545,0.0155378,0.00799011,14.436,0.625992,8.078,29.9361,47.1197,0.260898,0.0141398
54504,223248384,9.88523,0.0162991,0,15.1946,0.560774,8.21902,29.7306,46.935,0.259198,0.0135295
54528,223346688,9.88555,0.015826,0.0102589,16.1614,0.661048,9.20135,29.6995,47.7632,0.259362,0.0133362
54552,223444992,9.88704,0.0139042,0,17.1299,0.639591,10.7099,30.2003,56.7653,0.261424,0.0133565
54576,223543296,9.88688,0.0154344,0.013905,15.7897,0.576942,9.02798,29.7767,48.6884,0.268793,0.0131429
54600,223641600,9.88738,0.015102,0.00399196,14.5678,0.552345,7.73379,29.762,53.1904,0.257739,0.0126953
54624,223739904,9.88885,0.0201528,0.0129148,15.0119,0.577041,8.33869,29.1583,49.5155,0.256143,0.0124512
54648,223838208,9.88945,0.0254561,0.0150685,16.7074,0.55937,9.6161,29.3604,48.9143,0.258531,0.0124207
54672,223936512,9.89003,0.00484448,0.00786235,18.0327,0.627509,9.34836,29.466,49.9031,0.258955,0.0126851
54696,224034816,9.88991,0.026594,0,16.6092,0.601058,9.17985,29.6182,51.1077,0.255029,0.012441
54720,224133120,9.89053,0.0113184,0,15.9669,0.586225,9.43053,29.5317,47.6849,0.25593,0.012146
54744,224231424,9.8906,0.0185476,0,15.7787,0.625225,7.56162,29.3339,48.1166,0.260742,0.0121765
54768,224329728,9.89055,0.0375971,0.00829876,15.4918,0.592936,8.34515,29.7193,49.6016,0.264822,0.0118103
54792,224428032,9.89109,0.0271703,0.0167973,15.2475,0.605309,8.27174,29.7523,46.3882,0.263132,0.0116781
54816,224526336,9.89129,0.0101322,0.00904159,17.1802,0.594083,10.3407,29.805,49.2098,0.263707,0.0120951
54840,224624640,9.89014,0.0351658,0.0214426,14.1479,0.564835,7.21233,29.6677,51.4091,0.255463,0.0128479
54864,224722944,9.89103,0.0309582,0.0053102,16.5231,0.641819,8.71391,29.9509,51.3695,0.252758,0.0127258
54888,224821248,9.89127,0.0374084,0.0345102,16.35,0.592127,9.59279,29.6304,55.5666,0.260976,0.0129395
54912,224919552,9.89185,0.0121789,0.00936956,16.1077,0.621744,9.22888,29.7422,48.0168,0.255784,0.0129089
54936,225017856,9.89198,0.00864125,0.0067813,14.8426,0.552782,7.6987,30.016,48.4289,0.254537,0.0135091
54960,225116160,9.89149,0.0314296,0.035545,16.4111,0.586214,9.13643,29.7952,50.8644,0.265708,0.0140177
54984,225214464,9.89162,0.0253213,0.0147601,16.5226,0.609403,9.64578,29.9319,50.8307,0.258378,0.0143127
55008,225312768,9.89221,0.0305011,0.0307247,18.0515,0.582653,11.0049,29.9213,48.2864,0.259848,0.0142314
55032,225411072,9.89209,0.00929752,0.00842697,15.9677,0.604822,9.0701,30.003,48.1229,0.257467,0.0136312
55056,225509376,9.89163,0.0251216,0.0152075,16.0967,0.614663,9.35152,29.8858,45.9948,0.256158,0.0131734
55080,225607680,9.89178,0.0172504,0.0071844,16.1375,0.609916,8.74151,29.8629,43.2558,0.262476,0.0133057
55104,225705984,9.89103,0.0215226,0.0141789,17.2244,0.59927,10.063,29.8942,50.1486,0.259314,0.0131836
55128,225804288,9.89219,0.0139077,0.00498552,15.7117,0.562994,9.08505,29.8781,46.2939,0.264177,0.0131124
55152,225902592,9.89258,0.0159169,0.0187087,16.7258,0.616382,9.25841,30.1443,52.402,0.256303,0.0137431
55176,226000896,9.89321,0.0241571,0.0293654,15.7301,0.649712,9.14889,30.0819,50.3871,0.26262,0.0137431
55200,226099200,9.89407,0.0286991,0.0211621,16.6316,0.612967,9.29202,29.7369,51.8139,0.255669,0.0136108
55224,226197504,9.89452,0.0122352,0,16.6808,0.564874,9.50757,29.7572,48.8001,0.256315,0.0137736
55248,226295808,9.89468,0.0191638,0,17.042,0.62365,9.48869,29.8961,49.9521,0.264249,0.0132955
55272,226394112,9.89418,0.0244876,0,14.7649,0.590869,7.28917,29.6277,43.082,0.255372,0.0138448
55296,226492416,9.89405,0,0,16.9527,0.571804,9.33397,29.821,48.4055,0.264074,0.014445
55320,226590720,9.89454,0.0336801,0,16.8249,0.631135,10.0403,29.9307,51.253,0.28004,0.0143026
55344,226689024,9.89568,0.0252958,0,15.5856,0.55398,9.27372,29.8954,49.8707,0.251296,0.0145569
55368,226787328,9.8956,0.0333159,0.00729642,16.3492,0.608037,10.2296,29.8153,53.5446,0.261895,0.0149638
55392,226885632,9.89624,0.00861502,0.00706367,16.6987,0.599705,9.92365,30.2968,53.367,0.257731,0.0151367
55416,226983936,9.89587,0.00707181,0,15.9107,0.61372,8.76674,30.0648,51.5022,0.259991,0.0150757
55440,227082240,9.89573,0.0235064,0.0219024,14.4576,0.576749,8.0715,29.8912,43.3277,0.264301,0.0151367
55464,227180544,9.89633,0.00221309,0,16.1142,0.631648,8.62001,30.73,48.5386,0.259338,0.0149333
55488,227278848,9.89691,0.0110696,0,15.9015,0.626113,8.79693,30.5395,54.0034,0.262864,0.0150757
55512,227377152,9.89726,0.0533348,0.0072856,14.5773,0.557959,7.79646,30.3609,49.2577,0.255121,0.0151774
55536,227475456,9.8972,0.00706176,0.00505604,16.8528,0.599255,9.77733,30.1747,53.8433,0.256292,0.0150146
55560,227573760,9.89684,0.0111054,0.0144928,15.4558,0.600289,8.59596,30.2938,48.5655,0.256217,0.0155029
55584,227672064,9.8976,0.0176853,0,14.8976,0.590003,7.70581,30.3801,47.159,0.248386,0.0154928
55608,227770368,9.89771,0.00728269,0.0112162,17.8391,0.637788,11.1808,30.4258,54.6562,0.25257,0.015625
55632,227868672,9.89843,0.0107601,0,17.0128,0.589055,10.2465,30.2716,45.8623,0.25613,0.015686
55656,227966976,9.89788,0.0160647,0,17.3335,0.643635,8.74578,30.5062,49.419,0.255671,0.0158488
55680,228065280,9.89785,0.00812686,0.00893376,17.082,0.628535,9.83029,30.5836,51.7991,0.256965,0.015564
55704,228163584,9.89836,0.00273637,0,15.8764,0.565242,8.43531,30.478,49.3139,0.2612,0.0155538
55728,228261888,9.8987,0.0102554,0,17.9741,0.60926,10.4512,30.4945,50.416,0.257618,0.0155741
55752,228360192,9.89875,0.0221297,0.0147961,15.94,0.567377,9.29067,29.9658,48.2696,0.254999,0.0156657
55776,228458496,9.89936,0.0148838,0,16.2843,0.619282,9.18293,30.2886,48.2899,0.260774,0.0157471
55800,228556800,9.89958,0.0202645,0,14.9817,0.534835,7.95708,29.7942,45.3971,0.251885,0.0156148
55824,228655104,9.89934,0.0275264,0.028709,15.1229,0.598292,8.09409,30.3962,47.9197,0.260469,0.0158285
55848,228753408,9.89858,0.00736333,0,15.9084,0.565077,9.55918,30.4072,55.6453,0.258717,0.015625
55872,228851712,9.89917,0.0147541,0,16.5537,0.606419,9.17809,30.7198,47.4732,0.259022,0.0155436
55896,228950016,9.89994,0.0223185,0.00543352,16.1393,0.599919,9.47919,30.7199,51.8765,0.25927,0.015625
55920,229048320,9.9004,0.0190521,0.00837922,15.3944,0.582899,8.6135,30.7931,49.1554,0.259285,0.0154622
55944,229146624,9.90053,0.00765069,0.0134215,16.5542,0.59939,9.31826,29.7888,46.5573,0.260877,0.0147705
55968,229244928,9.90146,0.00323137,0.00505263,17.2172,0.577781,10.2084,30.9537,54.0792,0.255509,0.0143127
55992,229343232,9.90132,0.0510295,0.0533976,14.7278,0.571584,8.22073,30.5257,49.4178,0.25147,0.0144145
56016,229441536,9.9013,0.0146766,0.00714955,15.0232,0.564768,8.33866,30.8748,51.8187,0.270163,0.0146586
56040,229539840,9.90126,0.0250447,0.0210764,16.212,0.583427,9.70772,30.7242,48.459,0.263462,0.0154114
56064,229638144,9.90196,0.0207777,0,15.75,0.605366,8.39833,30.8475,51.5957,0.265213,0.0153402
56088,229736448,9.90205,0.0145063,0,15.5149,0.586608,8.65938,31.0511,55.4485,0.251443,0.0151469
56112,229834752,9.90234,0.0143358,0.00666667,16.7496,0.593369,8.86999,30.4277,46.4398,0.256718,0.0152384
56136,229933056,9.90226,0.0342234,0.0268148,15.4375,0.586982,8.78026,30.8028,51.1392,0.257497,0.0152995
56160,230031360,9.90215,0.00450117,0.00743376,15.6438,0.567703,8.63924,30.3177,46.0575,0.257583,0.0145671
56184,230129664,9.90238,0.0338691,0.0106827,13.0543,0.531426,6.22228,30.5464,45.933,0.256309,0.0142619
56208,230227968,9.90316,0.020665,0.00598504,14.8583,0.555907,7.71692,30.8798,48.1877,0.26611,0.0137126
56232,230326272,9.9047,0.0327256,0.0367454,15.9652,0.607412,9.07032,31.47,53.1845,0.262909,0.0137533
56256,230424576,9.90437,0.021333,0.0129032,14.7203,0.582474,7.81895,30.6563,50.775,0.253218,0.0142415
56280,230522880,9.90509,0.0168954,0,15.016,0.565151,7.68974,30.9216,45.0017,0.260682,0.0132548
56304,230621184,9.90514,0.035535,0.0155039,15.0417,0.571974,7.56778,30.8402,44.1064,0.267042,0.0128581
56328,230719488,9.90514,0.0135542,0.0156192,14.9025,0.54156,8.38622,30.7092,49.1149,0.256461,0.012736
56352,230817792,9.9055,0.0100238,0,16.6708,0.644549,8.78963,30.1063,53.2704,0.263539,0.0123901
56376,230916096,9.90554,0.00904898,0,14.4856,0.538441,8.14197,30.8245,51.4462,0.25927,0.0126038
56400,231014400,9.90515,0.0225941,0,16.1251,0.598639,8.46505,31.1782,48.6566,0.261467,0.0126953
56424,231112704,9.90558,0.0481704,0.00677802,15.301,0.600641,8.74422,31.1737,54.3923,0.256028,0.0125631
56448,231211008,9.90579,0.0176056,0,18.0782,0.594523,9.11204,30.5626,48.8388,0.257131,0.0128072
56472,231309312,9.90664,0.0100162,0.0119464,14.7249,0.58829,7.557,30.8999,47.9388,0.254811,0.0129395
56496,231407616,9.90729,0.0425617,0,15.3072,0.570451,7.84841,30.8439,43.9592,0.261669,0.0125732
56520,231505920,9.90807,0.0274157,0.0130902,14.2836,0.547085,7.23398,31.1899,52.513,0.263254,0.0127563
56544,231604224,9.90857,0.0125761,0,15.9427,0.59595,8.44365,30.98,49.3355,0.266869,0.0129293
56568,231702528,9.90907,0.0188068,0.00459242,15.4582,0.562922,8.12792,30.8981,47.1542,0.264133,0.0127869
56592,231800832,9.90898,0.0244816,0,16.1968,0.590646,8.969,30.9269,49.9677,0.257953,0.0120443
56616,231899136,9.90923,0.00247049,0,15.5724,0.575655,8.76296,31.002,48.0894,0.259497,0.0119629
56640,231997440,9.90934,0.0131141,0.0054605,15.4545,0.610054,8.25869,31.2606,53.2129,0.255357,0.0118917
56664,232095744,9.90926,0.0133385,0.0153417,15.8289,0.607174,7.54401,30.5767,48.3901,0.263245,0.0117289
56688,232194048,9.91003,0.028752,0.0116739,15.5839,0.595198,8.76558,30.8131,50.464,0.257273,0.0119527
56712,232292352,9.91058,0.00490196,0,15.3396,0.618724,8.75102,31.2397,51.6223,0.260966,0.0116577
56736,232390656,9.9107,0.0330429,0.0273984,17.0859,0.581689,9.48783,30.7046,50.5939,0.262257,0.0115662
56760,232488960,9.91057,0.0153193,0.00380538,15.0668,0.575404,8.19682,30.944,49.2829,0.263844,0.0121765
56784,232587264,9.91049,0.00463474,0,16.6384,0.60937,9.30933,30.8819,51.1006,0.26384,0.0128886
56808,232685568,9.91057,0.0147967,0.00559383,14.7863,0.584498,8.36225,30.6368,47.3847,0.257232,0.0130819
56832,232783872,9.91057,0.0255539,0.00673077,14.4519,0.59089,7.0756,30.9891,45.5885,0.259657,0.0124919
56856,232882176,9.91106,0.00960323,0.0105004,16.4866,0.600573,9.26348,31.1163,50.6937,0.25614,0.0126038
56880,232980480,9.91149,0.0172395,0.00782269,14.8542,0.599605,8.26854,30.8262,48.8504,0.260446,0.0125834
56904,233078784,9.91239,0.0152005,0.0111607,15.3829,0.53655,9.05431,30.8021,50.9905,0.249109,0.0126546
56928,233177088,9.91281,0.021345,0.010222,15.8727,0.582537,8.36541,30.6749,46.1839,0.256845,0.0127258
56952,233275392,9.91367,0.0130749,0,15.6132,0.588587,8.40917,30.9314,48.7228,0.262462,0.0132446
56976,233373696,9.91424,0.0124801,0.00776101,16.5722,0.604924,9.08357,31.1718,53.9128,0.257451,0.0135701
57000,233472000,9.91405,0.0108086,0,16.2005,0.628079,9.64462,31.2455,52.4829,0.259157,0.0133565
57024,233570304,9.91387,0.00411402,0.00699359,15.0081,0.588704,8.31514,30.943,51.902,0.260317,0.0132345
57048,233668608,9.91355,0.00475503,0,17.1087,0.635058,10.0697,31.2629,51.4985,0.262529,0.0130514
57072,233766912,9.91332,0.0390048,0.0148554,14.6816,0.552562,7.7865,30.9642,55.1239,0.268004,0.0132446
57096,233865216,9.91334,0.00309797,0.00493157,14.8062,0.591734,8.08543,31.1197,53.5132,0.261826,0.0130615
57120,233963520,9.91411,0.00853225,0.006709,16.9038,0.587139,9.82643,30.8383,53.2828,0.255336,0.0129293
57144,234061824,9.91447,0.0174562,0.00660248,15.2574,0.621189,8.64629,30.8722,50.2594,0.263651,0.0128784
57168,234160128,9.91393,0.00511173,0,15.973,0.62835,8.84707,31.1155,50.7883,0.259728,0.0128886
57192,234258432,9.91359,0.0511987,0.040615,15.3047,0.602334,8.2294,30.9442,51.9389,0.2622,0.0133362
57216,234356736,9.91356,0.0413567,0.0392333,15.7719,0.594077,8.75627,30.5598,45.2147,0.260751,0.0137024
57240,234455040,9.91379,0.0364558,0.0133147,15.4512,0.563777,8.72234,30.9828,51.0642,0.258043,0.0131836
57264,234553344,9.9135,0.0225315,0.0302198,15.4628,0.572516,8.89057,30.8903,48.7043,0.265346,0.0128682
57288,234651648,9.91358,0.032355,0.0084295,16.705,0.609704,9.01747,30.769,52.6724,0.260491,0.0132853
57312,234749952,9.91324,0.00763359,0,15.9848,0.588096,8.83621,30.7206,48.3407,0.262575,0.0134583
57336,234848256,9.91328,0.0283247,0.0230389,15.268,0.613207,8.42849,30.7846,51.5498,0.260862,0.0136922
57360,234946560,9.91422,0.0139435,0.0162504,15.3684,0.574638,8.1764,30.7688,50.1545,0.257502,0.0136617
57384,235044864,9.91441,0.0506676,0.0190045,15.1499,0.574656,8.07069,30.5088,52.7895,0.260609,0.0132141
57408,235143168,9.9152,0.0099171,0.00940074,14.6686,0.608376,7.25381,30.7217,49.1234,0.254111,0.0131836
57432,235241472,9.91558,0.012517,0.00469337,15.3218,0.627854,7.88701,31.1739,50.4275,0.259037,0.0133158
57456,235339776,9.91522,0.0209526,0.0102227,15.5966,0.552665,7.61587,30.7542,50.0482,0.265362,0.013387
57480,235438080,9.91558,0.0237834,0.00706286,16.088,0.578584,8.86176,30.6079,48.4238,0.268588,0.0138448
57504,235536384,9.91644,0.0149885,0.0115679,14.5411,0.548206,7.98098,30.9069,48.4948,0.263329,0.0134481
57528,235634688,9.91579,0.0250941,0.0227273,16.0075,0.580468,8.80934,30.9739,48.8377,0.262932,0.0137736
57552,235732992,9.91539,0.0202304,0.00482335,15.5127,0.574211,8.73743,30.8878,53.417,0.259752,0.0136719
57576,235831296,9.9157,0.0251334,0.0304377,15.3435,0.564389,8.36927,30.8294,46.4158,0.264849,0.0140381
57600,235929600,9.91599,0.0184256,0.0135372,15.2044,0.608151,7.6205,30.7041,51.0732,0.258799,0.0144958
57624,236027904,9.91625,0.0298686,0.0464323,15.9097,0.573807,8.20951,30.7287,48.6048,0.262423,0.0148824
57648,236126208,9.91648,0.0123912,0.0158031,14.7445,0.610308,7.67855,30.2607,50.6786,0.260657,0.0151876
57672,236224512,9.91686,0.0117307,0.00519413,16.1084,0.57957,9.32347,31.1376,52.5437,0.256482,0.0148621
57696,236322816,9.91615,0.0371394,0.0447256,14.8446,0.566065,8.01707,30.8999,50.8976,0.257529,0.0151265
57720,236421120,9.91574,0.0186056,0.00680217,16.9453,0.592535,9.61913,30.9588,53.2844,0.267431,0.0153707
57744,236519424,9.91638,0.0364292,0.0253794,15.454,0.586624,8.76212,30.8004,50.4952,0.261351,0.01533
57768,236617728,9.91709,0.015247,0,16.2975,0.583374,9.26121,30.7839,51.2249,0.259515,0.0149536
57792,236716032,9.91903,0.0590799,0.0371828,16.9133,0.596857,8.50376,30.6943,48.2825,0.255034,0.0146383
57816,236814336,9.91959,0.0270887,0.0419236,15.2983,0.547997,8.31875,30.945,48.3627,0.258545,0.0145671
57840,236912640,9.92033,0.00950911,0.00842993,14.9335,0.548491,8.24339,31.0681,49.1556,0.256446,0.0148621
57864,237010944,9.92137,0.0169137,0.018105,16.7295,0.560082,9.79656,31.0103,54.5628,0.268554,0.0149536
57888,237109248,9.92162,0.034784,0.029661,16.9976,0.57729,9.78436,30.9428,53.0018,0.260194,0.015096
57912,237207552,9.9219,0.04031,0.02147,14.3709,0.556078,6.68034,31.0305,45.9806,0.26499,0.015096
57936,237305856,9.92213,0.0158342,0,15.7243,0.53149,8.61525,31.4403,51.463,0.259939,0.0150248
57960,237404160,9.92295,0.0204981,0.0103724,16.8029,0.571394,8.4076,30.6192,44.9301,0.257189,0.0144958
57984,237502464,9.92376,0.0130049,0.00461498,16.2523,0.595672,8.78788,31.123,48.5979,0.263262,0.01415
58008,237600768,9.92416,0.0109469,0.00638453,14.7571,0.565488,8.14306,30.6984,49.4664,0.266447,0.0141195
58032,237699072,9.92437,0.00809121,0.00609385,13.9873,0.537777,7.36948,30.7486,47.5748,0.263095,0.0139567
58056,237797376,9.92482,0.0198241,0,14.7196,0.593455,8.19042,31.0695,49.6054,0.261124,0.0134684
58080,237895680,9.92474,0.0126861,0,15.6431,0.597683,8.71601,30.7495,44.1689,0.256189,0.0134277
58104,237993984,9.92426,0.0178163,0.00710588,14.8519,0.603322,7.89532,31.146,48.836,0.261212,0.0136007
58128,238092288,9.92413,0.0217121,0.00977563,14.611,0.56363,7.41669,31.0758,46.3223,0.253638,0.013916
58152,238190592,9.9242,0.0227375,0.0220266,15.894,0.557889,7.88272,31.0934,46.8712,0.269839,0.014211
58176,238288896,9.92527,0.0112734,0,15.9064,0.603483,8.22506,31.4061,47.3209,0.264451,0.0146281
58200,238387200,9.92593,0.00413907,0,14.0954,0.599307,7.74374,31.1163,48.9022,0.266318,0.0144755
58224,238485504,9.92557,0.00683635,0.00704438,13.9811,0.536608,7.32531,30.7835,50.066,0.260263,0.0146586
58248,238583808,9.92608,0.0155279,0.00855676,16.3967,0.603424,9.15308,30.9738,48.3033,0.2582,0.0149231
58272,238682112,9.92615,0.0218951,0.0319303,14.5353,0.60858,7.81156,30.7742,47.6819,0.262747,0.0148926
58296,238780416,9.92655,0.00652068,0,17.5428,0.593766,9.5833,30.9933,50.6398,0.263051,0.014445
58320,238878720,9.92671,0.0196993,0.00997625,13.9441,0.535581,7.21651,30.8916,44.4925,0.265477,0.0143433
58344,238977024,9.92651,0.0189873,0.00976563,15.1771,0.604368,8.15676,31.3195,50.2097,0.260324,0.0143534
58368,239075328,9.92663,0.0164839,0.0268097,15.993,0.576026,9.10542,31.3256,47.2954,0.261742,0.014211
58392,239173632,9.92798,0.0201481,0.00729631,16.2128,0.550553,9.07041,31.2395,51.0107,0.265846,0.0146484
58416,239271936,9.92821,0.0213473,0.00670953,15.8505,0.587942,9.23457,31.541,50.4978,0.259639,0.0151469
58440,239370240,9.92872,0.0295749,0.0385213,15.1229,0.592637,8.07376,31.2773,48.8205,0.250092,0.0154317
58464,239468544,9.92938,0.00986771,0.0138779,14.8793,0.541555,8.01102,31.2193,48.9752,0.257656,0.0148926
58488,239566848,9.92963,0.00982615,0,16.9545,0.602101,10.3123,31.5229,50.5031,0.255454,0.0152893
58512,239665152,9.9302,0.0283852,0.0277309,16.5678,0.578544,9.60099,31.1938,52.7457,0.254344,0.0152588
58536,239763456,9.93103,0.0248256,0.0364617,14.8117,0.554023,7.97285,31.5291,51.1637,0.252673,0.0144348
58560,239861760,9.93159,0.0263918,0.0094086,13.5462,0.551653,7.19747,31.0183,48.9715,0.252216,0.0141195
58584,239960064,9.93136,0.0210011,0.0144272,16.2205,0.556244,9.57392,31.5564,52.3127,0.262105,0.013621
58608,240058368,9.93209,0.0404093,0.00873786,17.1181,0.546724,10.404,31.1708,49.7692,0.27364,0.0141805
58632,240156672,9.93258,0.0501179,0.0291372,14.0318,0.526636,7.27035,31.1055,43.0742,0.255256,0.0141907
58656,240254976,9.93309,0.0293939,0.018475,16.5507,0.578952,9.29638,31.1618,51.5209,0.25271,0.0144043
58680,240353280,9.93272,0.025134,0.0161191,15.5232,0.544242,7.93499,31.1992,46.2019,0.254734,0.0145874
58704,240451584,9.93261,0.0159904,0.017254,15.2756,0.567789,8.30397,31.1374,48.7806,0.260165,0.0143534
58728,240549888,9.93228,0.037979,0.0320249,16.6176,0.566017,9.49642,31.3362,50.9367,0.263518,0.0144246
58752,240648192,9.93242,0.0173581,0.00519826,16.0433,0.594447,8.85804,31.0603,50.8956,0.254332,0.0140584
58776,240746496,9.9318,0.0116301,0.0115984,15.4748,0.589447,7.06557,30.6044,45.4467,0.257469,0.0137431
58800,240844800,9.93151,0.0219625,0.0114276,17.119,0.573914,10.1123,31.4369,50.6762,0.250774,0.0138346
58824,240943104,9.93193,0.00447523,0.0077731,16.9432,0.596245,9.01881,31.3756,48.3355,0.253454,0.0131836
58848,241041408,9.9323,0.0270355,0.0166806,16.5396,0.552044,9.99229,31.2087,55.197,0.258286,0.0128072
58872,241139712,9.93278,0.0145662,0.0122618,14.1671,0.567999,7.33356,31.4529,49.8973,0.250607,0.0127869
58896,241238016,9.93314,0.0208284,0.0101616,16.3269,0.563938,9.26383,31.03,50.0928,0.255224,0.0127258
58920,241336320,9.93291,0.0101102,0,16.1856,0.577236,8.463,31.4399,48.4708,0.252803,0.0126038
58944,241434624,9.93227,0.0270145,0.0221519,15.8493,0.555105,8.8982,31.3525,48.0232,0.253961,0.0131531
58968,241532928,9.93271,0.0108538,0,17.5672,0.594037,9.69547,31.4255,50.6168,0.256775,0.0131938
58992,241631232,9.93264,0.0317047,0.00845558,17.7972,0.581986,10.1153,31.0831,51.7783,0.253976,0.013387
59016,241729536,9.93243,0.0305015,0.00727052,16.4356,0.538432,9.41928,31.4286,48.6512,0.25578,0.0133362
59040,241827840,9.9324,0.0175693,0,16.4195,0.586522,8.83807,31.1297,46.4517,0.254161,0.0136719
59064,241926144,9.93267,0.0103956,0.0148211,15.5192,0.555504,8.17217,31.295,47.4679,0.249738,0.0142517
59088,242024448,9.93257,0.0124352,0,15.6967,0.576758,7.91429,30.9889,43.5274,0.263163,0.0148417
59112,242122752,9.93267,0,0,16.8964,0.623739,9.51393,31.1611,50.1539,0.257027,0.0147807
59136,242221056,9.93227,0.00859701,0.00928126,15.6007,0.545704,8.84048,30.936,48.2554,0.256575,0.015035
59160,242319360,9.93219,0.0393187,0.023282,15.9667,0.555882,9.17265,30.7426,46.7017,0.24927,0.0147909
59184,242417664,9.93178,0.0179161,0,15.895,0.603496,8.67814,30.5435,49.4781,0.262054,0.0144246
59208,242515968,9.93154,0.0179697,0.0171501,14.596,0.532131,8.16481,31.0737,47.5246,0.251136,0.0150655
59232,242614272,9.93165,0.0299419,0.03746,17.0556,0.608536,9.74599,31.1325,53.2695,0.25245,0.0144755
59256,242712576,9.9319,0.004662,0,15.4884,0.584043,7.91438,30.8771,48.9555,0.249228,0.0144958
59280,242810880,9.93209,0.0205656,0.0162734,14.9946,0.558441,7.77143,30.7268,49.4271,0.248761,0.0144857
59304,242909184,9.93202,0.00464996,0,15.7699,0.584245,8.20891,31.2427,47.3368,0.260646,0.0151164
59328,243007488,9.93188,0.0303594,0.0304408,16.9458,0.600963,8.61555,30.7774,49.9866,0.266894,0.0160929
59352,243105792,9.93204,0.00778073,0.00625978,16.1064,0.575438,8.56458,31.0061,51.9511,0.253557,0.0172831
59376,243204096,9.93253,0.023552,0,16.0022,0.584429,9.03996,31.0058,48.4681,0.254172,0.0181986
59400,243302400,9.93223,0.0209217,0.017022,13.5345,0.600991,6.46216,30.589,47.6486,0.247343,0.018809
59424,243400704,9.93237,0.0201613,0,14.8972,0.561559,7.77298,31.0635,53.5604,0.255016,0.0197245
59448,243499008,9.93224,0.0326249,0.0208675,17.3763,0.59117,9.70344,30.7612,52.209,0.263733,0.0213521
59472,243597312,9.93266,0.018763,0.0201253,16.2645,0.541628,8.44985,30.9199,49.4885,0.259466,0.0240275
59496,243695616,9.93246,0.018905,0.0104951,16.9964,0.582593,10.0099,31.0995,50.6441,0.256695,0.0262655
59520,243793920,9.93193,0.0170287,0.0092511,14.1877,0.597892,7.49368,30.5877,51.1541,0.251759,0.027832
59544,243892224,9.93151,0.00289392,0,14.6563,0.554281,7.52198,30.3876,48.558,0.248526,0.0285441
59568,243990528,9.9311,0.0407944,0.0190931,15.6812,0.571475,8.08675,30.8485,48.5505,0.254186,0.0291036
59592,244088832,9.93104,0.0143156,0.00604595,14.8242,0.536902,7.94338,30.7726,46.4786,0.261602,0.0295919
59616,244187136,9.93099,0.0178663,0,17.2078,0.548471,10.469,30.4714,48.4197,0.261636,0.0296834
59640,244285440,9.93071,0.0102735,0.00892174,14.3116,0.573064,7.25807,30.7157,46.5021,0.256355,0.0299784
59664,244383744,9.93088,0,0,15.6441,0.585559,8.709,30.9911,48.9693,0.25891,0.0311788
59688,244482048,9.93032,0.0189828,0.0126685,17.092,0.56809,10.1056,30.7826,52.9649,0.251017,0.0322774
59712,244580352,9.93035,0.0236072,0.00475624,15.1986,0.582712,8.24057,30.7337,49.5765,0.264757,0.0330912
59736,244678656,9.93023,0.0176428,0,14.246,0.567026,6.98463,30.2459,47.0814,0.247398,0.0338338
59760,244776960,9.93074,0.0164577,0.0183897,14.9448,0.583867,8.36901,30.9411,50.3851,0.255024,0.0347697
59784,244875264,9.93125,0,0,17.104,0.592856,10.0615,30.7128,52.8102,0.243638,0.0350342
59808,244973568,9.9309,0.0237485,0.00590551,14.5267,0.556388,7.82107,30.63,47.2916,0.258258,0.0352376
59832,245071872,9.93111,0.0285292,0.0193286,15.6963,0.56336,8.63023,30.1638,51.0213,0.256409,0.0355733
59856,245170176,9.93043,0.0167938,0.0144316,16.5346,0.549023,8.85577,29.9733,47.1751,0.252377,0.0355428
59880,245268480,9.93036,0.0278815,0.028141,14.7458,0.567745,7.99406,30.4977,47.8372,0.258762,0.035675
59904,245366784,9.93042,0.0126596,0.0103137,15.4072,0.591021,8.7834,30.5571,54.3685,0.254976,0.0362142
59928,245465088,9.93068,0.0102849,0.0161434,14.7052,0.554928,7.85984,30.6587,50.092,0.27772,0.0364482
59952,245563392,9.93048,0.0233401,0.013034,14.4083,0.569227,7.72566,30.7031,50.53,0.262017,0.0366109
59976,245661696,9.93018,0.0275841,0.0113812,14.3576,0.552675,7.61118,30.3038,47.2669,0.256867,0.0367533
60000,245760000,9.93078,0.0297926,0.0204548,15.6506,0.575066,8.59262,30.442,49.8401,0.249529,0.0368652
60024,245858304,9.9309,0.0220955,0,15.7559,0.615346,8.74065,30.5696,50.8345,0.258763,0.0371602
60048,245956608,9.93084,0.00730594,0,14.0484,0.538043,7.30989,30.2419,50.377,0.24947,0.0369059
60072,246054912,9.93067,0.0322482,0.00881242,15.8082,0.576438,9.11295,30.5258,51.119,0.256011,0.0370382
60096,246153216,9.9313,0.0457243,0.00888575,15.1851,0.561382,7.94905,29.8176,48.2354,0.26006,0.0371195
60120,246251520,9.93149,0.0288768,0.0122063,16.6634,0.563697,9.66972,30.0567,52.5364,0.252716,0.0369059
60144,246349824,9.93125,0.0190505,0.0169674,15.2273,0.557533,7.86099,29.9893,49.1853,0.257661,0.0369873
60168,246448128,9.93173,0.00723234,0,16.8573,0.554079,9.17753,30.1856,48.0203,0.253133,0.0368652
60192,246546432,9.93175,0.0394934,0.0450987,16.0163,0.560571,8.84774,29.7111,47.1245,0.262774,0.0373942
60216,246644736,9.93225,0.00975132,0.00728534,14.7051,0.566821,8.57615,29.8891,49.6418,0.254809,0.037679
60240,246743040,9.9319,0.0344738,0.0376176,15.6064,0.569603,8.17627,30.3353,51.6946,0.255958,0.0380351
60264,246841344,9.93232,0.0188816,0.00742115,16.4645,0.628836,9.41157,30.4617,53.0412,0.253842,0.0383301
60288,246939648,9.9329,0.0181375,0.00878983,15.6512,0.531068,9.05032,29.8578,50.2213,0.25158,0.0382487
60312,247037952,9.93339,0.0274865,0.014016,15.0742,0.546733,7.78902,29.9364,47.336,0.259852,0.0378215
60336,247136256,9.93357,0.0341971,0.0332457,15.3599,0.561274,8.1138,29.761,47.8889,0.256675,0.0372009
60360,247234560,9.9335,0.0592043,0.0303073,14.4087,0.558352,7.56056,29.7405,48.1099,0.246936,0.0360209
60384,247332864,9.93341,0.0125698,0,14.9165,0.537578,8.71448,29.7999,47.963,0.254767,0.0351562
60408,247431168,9.93314,0.0271986,0.00451686,15.3314,0.561434,9.60259,29.9802,50.7536,0.25424,0.034139
60432,247529472,9.93391,0.022164,0.0255942,16.8067,0.55806,10.3995,29.5693,48.3967,0.26184,0.0329386
60456,247627776,9.93395,0.0292581,0.00468254,16.6592,0.555349,8.65962,29.7728,49.6356,0.263829,0.0314128
60480,247726080,9.93342,0.0348575,0.0191208,15.3139,0.592673,8.49676,29.583,49.2608,0.262614,0.0289612
60504,247824384,9.93327,0.0102401,0.0030106,17.0027,0.531777,10.5031,29.9612,56.0748,0.256505,0.0264689
60528,247922688,9.93383,0.0238011,0.0223464,17.2867,0.571779,10.4385,29.8123,51.7311,0.258774,0.0258484
60552,248020992,9.93434,0.0423623,0.0123028,15.1904,0.524178,8.39526,29.9893,51.7328,0.253548,0.0251465
60576,248119296,9.934,0.0148953,0.0163679,13.5757,0.540726,6.57302,29.7679,46.9148,0.255906,0.0245768
60600,248217600,9.93383,0.0220808,0.0226244,15.4628,0.595488,8.18261,29.7999,48.7393,0.256557,0.0243835
60624,248315904,9.93411,0.0436401,0.0237582,15.5126,0.571494,8.47285,29.5525,52.1512,0.257001,0.0238546
60648,248414208,9.93447,0.0129839,0,17.3461,0.64624,8.649,29.4076,48.2052,0.253047,0.0235087
60672,248512512,9.935,0.010213,0,15.3755,0.573649,8.22201,29.5472,46.7097,0.255979,0.0215352
60696,248610816,9.9356,0.0280091,0.0277594,15.0523,0.552837,8,29.8098,48.8418,0.264069,0.021047
60720,248709120,9.93491,0.00748223,0.0073158,16.3803,0.549784,8.33067,29.5861,46.7118,0.25546,0.0204366
60744,248807424,9.93494,0.0111154,0.00610859,14.9484,0.550612,8.06563,29.292,49.0312,0.246819,0.0202535
60768,248905728,9.93452,0.0324152,0.0178381,15.651,0.574742,8.77481,30.0747,48.1594,0.250628,0.0198059
60792,249004032,9.93455,0.018341,0.0156128,14.0339,0.527192,7.66187,29.3583,40.3101,0.256608,0.019633
60816,249102336,9.93392,0.0232519,0.00574328,16.0701,0.571224,8.83335,29.84,50.6525,0.254406,0.019165
60840,249200640,9.93369,0.00330142,0.00636065,16.097,0.581874,8.6661,29.7534,47.1122,0.251974,0.0192362
60864,249298944,9.93367,0.0252539,0.0169377,15.286,0.575979,8.57247,30.0022,51.5601,0.256551,0.019043
60888,249397248,9.9334,0.0197652,0,15.0767,0.516522,8.26476,29.6892,47.1132,0.258194,0.0193278
60912,249495552,9.93293,0.0255318,0.0242887,15.9977,0.571012,9.04862,30.0372,50.7658,0.261634,0.01887
60936,249593856,9.93263,0.00849725,0.00694548,14.3138,0.583776,7.73953,29.9325,49.3794,0.257756,0.0183105
60960,249692160,9.93253,0.0472041,0.033974,15.5625,0.574463,8.63444,29.9028,48.0965,0.252221,0.0178121
60984,249790464,9.93288,0.0262442,0.00879167,13.2743,0.555194,6.65868,29.7805,45.5712,0.253491,0.0174357
61008,249888768,9.93244,0.0200035,0.00857756,16.1585,0.609254,9.13487,29.8603,51.6204,0.26093,0.0174561
61032,249987072,9.93277,0.00763359,0,17.3578,0.53335,9.50979,29.8571,50.265,0.250753,0.0168762
61056,250085376,9.93279,0.0370629,0.0496836,16.6137,0.602294,9.4707,29.7664,51.1156,0.258046,0.016744
61080,250183680,9.93305,0.0372272,0.0237812,15.6973,0.589306,8.16409,29.9216,50.3442,0.257904,0.0162455
61104,250281984,9.93349,0.0245225,0.0173347,18.9591,0.586332,11.6738,29.5456,54.9057,0.254978,0.0161133
61128,250380288,9.93292,0.0201535,0,14.1943,0.551841,7.34802,29.5453,46.3528,0.258754,0.0163981
61152,250478592,9.93255,0.0346917,0,14.7379,0.51797,8.36313,29.4773,50.192,0.258045,0.0164897
61176,250576896,9.9332,0.0475385,0,15.7273,0.571732,8.61309,29.7497,47.2868,0.271303,0.0166016
61200,250675200,9.93386,0.0253412,0,15.5957,0.567378,8.84852,29.2281,48.8823,0.255824,0.0156148
61224,250773504,9.93401,0.0171206,0.00509468,17.0058,0.557755,9.65653,29.7841,50.114,0.255375,0.0149943
61248,250871808,9.93415,0.0211376,0,16.4201,0.590172,9.69366,30.1296,52.1978,0.258178,0.01474
61272,250970112,9.93459,0.0184093,0.00549451,15.44,0.588796,8.15171,29.6596,47.9717,0.252666,0.0144958
61296,251068416,9.93468,0.0341069,0.0312674,14.1454,0.544434,7.04365,29.9967,51.1107,0.252706,0.0144145
61320,251166720,9.9346,0.0223614,0.00740806,15.6805,0.570759,8.94067,29.7427,49.2717,0.257579,0.0140889
61344,251265024,9.93448,0.0219653,0.0245758,16.0173,0.547999,8.95929,29.8211,52.6623,0.254666,0.0138855
61368,251363328,9.93461,0.0304958,0.00903498,15.7517,0.558563,8.40247,29.9902,49.2505,0.26777,0.0141907
61392,251461632,9.93515,0.0304099,0,16.4781,0.542015,9.57644,29.8801,54.5391,0.255157,0.0143331
61416,251559936,9.93564,0.0149094,0.00532434,15.2878,0.577327,8.45752,29.7276,51.7886,0.261441,0.0141195
61440,251658240,9.93604,0.0164336,0.015477,14.7296,0.549232,7.99226,29.7251,48.551,0.254317,0.0136719
61464,251756544,9.93647,0.00567838,0.00518896,15.1327,0.591555,7.84107,29.6756,46.9864,0.256221,0.0131836
61488,251854848,9.93719,0.0157323,0.0154523,16.726,0.59008,8.10905,29.5587,49.1166,0.255866,0.0130412
61512,251953152,9.93762,0.0356335,0.0291514,15.4122,0.571595,8.75442,29.4209,45.6342,0.256881,0.0132955
61536,252051456,9.93812,0.0412991,0.0119068,14.3255,0.528598,7.95911,29.9392,51.1184,0.265446,0.0131327
61560,252149760,9.93849,0.0402076,0.0536504,14.4489,0.561908,7.67853,29.7638,49.3803,0.257946,0.013326
61584,252248064,9.93829,0.032022,0.0113652,14.6691,0.545189,8.22355,29.9327,51.2596,0.254212,0.013682
61608,252346368,9.93807,0.0348747,0,16.6453,0.565976,9.42168,29.5709,50.3764,0.255961,0.0131327
61632,252444672,9.93767,0.0274264,0.0067695,15.4903,0.612725,8.87894,29.3188,48.9296,0.259067,0.0135193
61656,252542976,9.9373,0.0247885,0.0203778,14.2978,0.549211,8.02892,29.5047,49.8074,0.250847,0.013916
61680,252641280,9.93752,0.0234414,0.0215672,16.678,0.572682,9.34734,29.1535,50.177,0.252256,0.0137227
61704,252739584,9.938,0.0130863,0.0148701,16.0524,0.571813,8.87363,29.7823,49.3179,0.253973,0.0132141
61728,252837888,9.93874,0.0238302,0.0134048,15.8928,0.55936,8.8484,29.3807,51.2381,0.258149,0.0131327
61752,252936192,9.93889,0.0289552,0.0171794,15.0532,0.593348,8.10789,29.2822,49.6712,0.254446,0.0125631
61776,253034496,9.93847,0.0117702,0.0136372,14.4269,0.592159,7.18343,29.4032,50.5654,0.255158,0.0124919
61800,253132800,9.93727,0.0348513,0.00590978,16.5438,0.638709,9.48418,29.3908,50.7673,0.253936,0.0131022
61824,253231104,9.93638,0.0414328,0.0319111,13.5695,0.599978,6.80601,29.2515,45.1553,0.258259,0.0135905
61848,253329408,9.93645,0.0133864,0.0132484,15.3222,0.615182,7.38288,29.6076,48.0905,0.251827,0.0138346
61872,253427712,9.93759,0.0141152,0,15.2979,0.599005,7.85528,29.5757,48.3016,0.255637,0.0140889
61896,253526016,9.93725,0.022221,0.0191606,15.0436,0.552523,8.0222,29.7575,50.1924,0.253064,0.0134786
61920,253624320,9.93738,0.0264544,0.0087146,15.5367,0.56804,8.36189,29.3434,46.2765,0.25557,0.013621
61944,253722624,9.93774,0.0291277,0.0450016,16.4469,0.568003,9.0182,29.2276,44.6891,0.25569,0.0134277
61968,253820928,9.93813,0.0375034,0.0129889,14.2694,0.517375,7.41449,29.7063,46.4693,0.253241,0.0135803
61992,253919232,9.93809,0.0372267,0.0222593,14.3648,0.568828,7.23583,29.3623,47.873,0.252278,0.0135396
62016,254017536,9.93727,0.0356811,0.0112717,14.5171,0.591913,7.67547,29.9761,54.3087,0.257585,0.0134277
62040,254115840,9.93716,0.0235504,0,15.8263,0.569709,8.38334,29.759,48.5857,0.246179,0.0132345
62064,254214144,9.93673,0.0155941,0,16.879,0.542586,8.38838,29.61,51.8569,0.256871,0.0134989
62088,254312448,9.93594,0.0354529,0.0388098,15.5459,0.607215,7.96141,29.5757,46.4404,0.254928,0.0139058
62112,254410752,9.93624,0.0219198,0,15.8196,0.542524,8.89072,29.3868,48.5041,0.256913,0.0141398
62136,254509056,9.93659,0.0461321,0.0481342,16.983,0.588514,9.97904,30.0016,54.2694,0.256999,0.0138957
62160,254607360,9.9379,0.00848508,0,16.2484,0.549263,9.38718,29.4571,53.7289,0.252062,0.0135905
62184,254705664,9.93774,0.033032,0.0196164,14.2309,0.523454,7.25785,29.7516,50.2056,0.24494,0.0134888
62208,254803968,9.93745,0.0463011,0.00719942,14.0764,0.52978,7.2419,29.5516,45.9634,0.249477,0.0136515
62232,254902272,9.93711,0.0247985,0.0133296,15.4673,0.52554,8.68532,30.0515,47.3964,0.251385,0.0130412
62256,255000576,9.9364,0.018962,0,15.7207,0.571766,8.80491,29.7973,49.1101,0.255447,0.0130615
62280,255098880,9.93688,0.00833179,0.0108499,15.1151,0.598014,7.2128,29.1421,45.7993,0.259624,0.0130107
62304,255197184,9.93627,0.0582886,0.0567861,17.8259,0.553187,9.87768,29.6066,51.4315,0.25213,0.0133158
62328,255295488,9.93627,0.0258696,0.0330241,13.8681,0.539577,7.2522,29.6984,50.36,0.25409,0.0130107
62352,255393792,9.93634,0.0515523,0.0511583,15.5847,0.568124,8.93882,29.5722,48.8843,0.258345,0.0131632
62376,255492096,9.93654,0.0343408,0.0366652,14.9388,0.597821,7.98745,30.2598,51.7286,0.256782,0.0134176
62400,255590400,9.93612,0.0324884,0.0280326,15.2775,0.565837,8.03173,29.3729,48.1667,0.262348,0.0134481
62424,255688704,9.93539,0.0136431,0.0102319,15.9228,0.604653,8.14604,29.4068,47.0425,0.254096,0.0138041
62448,255787008,9.9349,0.0669993,0.0216388,15.1151,0.531009,8.22691,29.486,47.6737,0.251772,0.0142314
62472,255885312,9.93374,0.0431679,0.00986114,15.2421,0.507778,8.91549,29.7541,51.8264,0.253808,0.0147603
62496,255983616,9.93281,0.0498551,0.029314,16.0287,0.530157,9.96163,29.8459,53.0825,0.247811,0.0155233
62520,256081920,9.93274,0.0101196,0.0100836,15.5721,0.534449,8.6803,29.6789,54.2597,0.257185,0.0156962
62544,256180224,9.93273,0.0258484,0.00602721,14.4119,0.618742,7.14505,29.424,49.9029,0.246321,0.0162862
62568,256278528,9.93225,0.034949,0.0175894,16.9695,0.575828,9.95874,29.7791,52.6356,0.25384,0.016449
62592,256376832,9.9324,0.0417466,0.0225729,14.943,0.538373,8.19029,29.5378,53.2167,0.258611,0.0162964
62616,256475136,9.93273,0.0393922,0.00498518,16.6083,0.565896,9.87458,29.1885,50.8397,0.251738,0.0162048
62640,256573440,9.93282,0.0377065,0.0144808,15.0742,0.517305,8.80539,29.7053,49.307,0.257074,0.0156453
62664,256671744,9.93313,0.0262646,0.00833289,16.1949,0.547972,8.77959,29.461,52.0122,0.247003,0.015625
62688,256770048,9.9335,0.0332461,0.0120311,14.849,0.564861,7.92388,29.4475,48.5695,0.258291,0.015859
62712,256868352,9.93328,0.0157107,0.0108774,15.4716,0.569034,8.95382,29.8628,52.6926,0.256372,0.0157776
62736,256966656,9.93309,0.0323985,0.0286073,15.4241,0.542858,8.55993,29.4731,48.1425,0.257193,0.0158386
62760,257064960,9.93273,0.0267377,0.0157123,16.6926,0.576919,9.27059,29.6392,53.2159,0.247291,0.0154724
62784,257163264,9.9316,0,0,16.1464,0.524558,8.43435,29.4551,53.3856,0.255064,0.0162048
62808,257261568,9.93101,0.0430399,0.0438118,15.4858,0.533498,8.78777,29.5293,52.2407,0.257358,0.0156657
62832,257359872,9.9304,0.00633546,0,14.3411,0.558769,7.39547,29.2674,48.9722,0.254127,0.0153809
62856,257458176,9.93042,0.0153043,0.0164725,17.2639,0.636991,10.0791,29.5938,52.5404,0.256628,0.0147298
62880,257556480,9.93045,0.0325416,0.0232963,16.2004,0.532612,9.39051,29.2177,53.7504,0.249965,0.0148621
62904,257654784,9.93076,0.00681597,0.0125843,15.8863,0.585847,8.6724,29.2188,46.6942,0.256842,0.0153707
62928,257753088,9.93067,0.024254,0.0276172,17.6665,0.607926,10.6418,29.7916,53.0375,0.253198,0.0157471
62952,257851392,9.93094,0.0507162,0.0524322,15.1088,0.555114,8.46703,29.5565,51.7416,0.249323,0.016744
62976,257949696,9.93046,0.0197804,0.0157628,15.1255,0.575913,8.42111,29.3892,48.7444,0.259993,0.0169678
63000,258048000,9.92994,0.0178193,0.00745077,14.9979,0.588237,7.01828,29.6921,51.4735,0.256985,0.0172831
63024,258146304,9.92984,0.0283662,0.00820345,14.6126,0.589049,7.75864,29.1231,52.9042,0.251147,0.0175781
63048,258244608,9.92999,0.0137672,0,14.3242,0.560397,7.33798,28.8634,45.4918,0.246726,0.0175374
63072,258342912,9.92989,0.0479937,0.02457,13.16,0.586723,6.55734,29.0913,42.6849,0.258517,0.0171509
63096,258441216,9.93009,0.00413044,0,15.9341,0.576701,8.83849,29.3216,48.3048,0.249232,0.0167135
63120,258539520,9.93023,0.0517567,0.0365606,17.2157,0.572146,10.1343,28.9978,49.9971,0.253018,0.0162659
63144,258637824,9.93016,0.0353575,0.0179066,16.2234,0.586315,9.82732,29.3139,55.4153,0.253645,0.0162354
63168,258736128,9.9295,0.0176584,0,15.7421,0.58234,8.66291,28.9566,48.9204,0.247132,0.0162455
63192,258834432,9.92854,0.0275014,0.00698893,16.5096,0.602189,9.16988,29.1168,50.7769,0.254851,0.016276
63216,258932736,9.92914,0.0478262,0.0209693,15.3707,0.57801,7.73306,29.0207,49.844,0.249356,0.0162455
63240,259031040,9.92986,0.0165151,0.0051511,17.1856,0.587122,10.7205,28.9911,54.3466,0.259194,0.0169271
63264,259129344,9.92965,0.00282387,0,15.0523,0.608166,8.25721,28.8314,48.1613,0.252128,0.0171204
63288,259227648,9.92988,0.032877,0.0310139,13.9781,0.552316,7.73831,29.0361,51.4239,0.250755,0.0171814
63312,259325952,9.92962,0.0465946,0.0175859,16.1883,0.578271,8.47548,29.0456,52.6392,0.247946,0.0168355
63336,259424256,9.92908,0.00802246,0,16.3735,0.627852,9.61635,29.0301,49.8986,0.248915,0.0167643
63360,259522560,9.92802,0.0291262,0.0138956,15.5724,0.566129,7.94487,28.9559,50.0375,0.258901,0.0161438
63384,259620864,9.92856,0.00739665,0,14.8714,0.566042,8.53712,28.5961,45.0426,0.253939,0.0156148
63408,259719168,9.92861,0.0260548,0,15.0868,0.524135,7.92776,28.6227,46.8303,0.248186,0.0152791
63432,259817472,9.92891,0.0376952,0.011569,15.1482,0.557297,8.26012,28.4327,48.0424,0.25588,0.0148417
63456,259915776,9.92919,0.0298496,0.0321282,15.6064,0.579277,8.97261,28.781,49.4956,0.248404,0.0143534
63480,260014080,9.92957,0.0279132,0.00670659,15.4146,0.558574,8.52957,28.8506,48.1221,0.252025,0.0138957
63504,260112384,9.92967,0.037155,0.0253458,15.6928,0.560142,8.84794,28.7728,44.7718,0.251666,0.0130208
63528,260210688,9.92948,0.012987,0.0130719,16.8372,0.586415,10.2888,28.9375,53.6644,0.249505,0.0131022
63552,260308992,9.92948,0.0416138,0.0249505,14.6396,0.537231,8.44511,28.4456,48.0735,0.248626,0.012441
63576,260407296,9.92978,0.016469,0.00920629,16.6657,0.577852,9.82,28.4666,51.4282,0.250946,0.0118205
63600,260505600,9.92984,0.0161562,0.0150782,15.2896,0.520706,8.35754,28.2683,49.0644,0.24991,0.0119629
63624,260603904,9.93053,0.0167477,0,14.7155,0.581698,7.73176,28.0322,50.1989,0.251038,0.011617
63648,260702208,9.93105,0.0148017,0.00460794,14.4195,0.598904,8.22434,28.3361,52.2953,0.249495,0.0113831
63672,260800512,9.93067,0.0281523,0.0108958,14.6558,0.573906,8.07366,28.3905,51.333,0.254211,0.0114441
63696,260898816,9.93038,0.0804475,0.0223724,14.1767,0.51157,8.10229,28.2308,48.2583,0.246819,0.0114746
63720,260997120,9.93027,0.0364561,0.0154293,15.2205,0.537041,8.6192,27.7305,45.9202,0.257623,0.0113627
63744,261095424,9.92988,0.0244303,0.0302319,18.6402,0.590124,10.0116,28.0228,48.886,0.25338,0.0113424
63768,261193728,9.9294,0.0387109,0.00560128,16.0257,0.558685,9.45194,28.2015,49.8393,0.25502,0.0113118
63792,261292032,9.92919,0.036245,0.0310174,15.5853,0.534086,8.98932,28.6857,50.7446,0.252114,0.0103149
63816,261390336,9.92953,0.0188651,0.0143987,16.462,0.603106,9.85123,28.5108,51.7186,0.255962,0.0108236
63840,261488640,9.92922,0.0334213,0,16.4087,0.528392,10.1688,28.3917,52.9711,0.253704,0.0116272
63864,261586944,9.92928,0.0492338,0.00822965,16.1917,0.562006,9.09441,27.9808,52.3713,0.256184,0.0118815
63888,261685248,9.92931,0.0563067,0.0118684,14.9864,0.549271,8.11041,27.9292,47.7475,0.257162,0.0119629
63912,261783552,9.92955,0.0320773,0.0112837,17.0851,0.557835,10.5865,27.7402,50.5746,0.255849,0.0118103
63936,261881856,9.92923,0.0182901,0.0127357,16.8261,0.558282,10.566,28.3555,52.4568,0.252649,0.0109558
63960,261980160,9.9291,0.0184111,0,14.8257,0.546637,8.09783,28.1373,50.4025,0.255234,0.0102234
63984,262078464,9.92889,0.0520018,0.0369126,14.6292,0.537624,7.98167,27.9466,51.2384,0.256458,0.00982666
64008,262176768,9.92917,0.0104959,0.0140845,14.4012,0.542767,7.8629,27.8008,47.9237,0.249999,0.00945028
64032,262275072,9.92919,0.0546688,0.00977199,15.0454,0.49459,7.57876,27.7852,50.622,0.254426,0.00964355
64056,262373376,9.92953,0.0390489,0.032147,15.8197,0.573813,9.46255,27.6033,48.1687,0.254094,0.00976562
64080,262471680,9.92964,0.0298318,0.0417592,15.4672,0.57718,8.27868,27.737,48.9416,0.254266,0.00985718
64104,262569984,9.93004,0.0287737,0.0302781,16.3625,0.63181,9.26802,28.0798,50.2825,0.252735,0.0101827
64128,262668288,9.92994,0.0626855,0.0291215,14.9242,0.528301,8.43644,27.7743,50.1576,0.250787,0.0105794
64152,262766592,9.92996,0.0266047,0,16.5592,0.618437,10.1211,27.5658,45.2731,0.259101,0.0102539
64176,262864896,9.93042,0.0107084,0,15.4597,0.53001,8.66658,27.6688,46.2364,0.259655,0.0100911
64200,262963200,9.93034,0.0453051,0.0297137,17.0829,0.591605,10.2898,27.9413,55.441,0.251583,0.0100708
64224,263061504,9.93018,0.0543027,0,15.0111,0.551785,7.9308,28.0091,46.4241,0.253073,0.0101318
64248,263159808,9.93007,0.0414878,0.0207254,14.3333,0.518103,7.52941,27.5445,51.7095,0.258044,0.00959269
64272,263258112,9.92988,0.0215786,0,17.7769,0.612953,10.8882,27.614,51.2049,0.248734,0.00912476
64296,263356416,9.92912,0.0445682,0.0284299,15.8023,0.557498,8.97397,27.8921,52.1891,0.253105,0.00899251
64320,263454720,9.9285,0.039729,0.0227174,14.5428,0.541309,7.48259,27.6754,44.1291,0.256395,0.00879924
64344,263553024,9.92836,0.0308123,0,16.0336,0.509289,9.45872,27.8117,51.6732,0.255299,0.0090332
64368,263651328,9.92868,0.0575964,0.00740088,15.8727,0.548434,9.38752,27.9947,49.6069,0.2655,0.00906372
64392,263749632,9.92922,0.0451385,0.0139013,14.0564,0.58197,7.65353,27.6612,46.2734,0.252869,0.00927734
64416,263847936,9.92944,0.0389011,0.0071532,14.9036,0.548707,8.18258,28.1009,48.9026,0.255547,0.00927734
64440,263946240,9.93,0.0457907,0.0141497,17.49,0.606375,10.249,27.7348,50.2867,0.250677,0.009552
64464,264044544,9.93028,0.0422665,0.0261515,14.8695,0.579288,8.15557,27.8033,53.5381,0.25246,0.00964355
64488,264142848,9.92946,0.0198015,0.00855982,16.0863,0.612356,9.24023,27.8992,52.0541,0.253242,0.00927734
64512,264241152,9.92979,0.00950872,0,15.3888,0.545784,8.25683,27.8615,49.1619,0.248852,0.00889079
64536,264339456,9.92993,0.021005,0.0159192,16.0619,0.587304,9.77142,27.5617,51.0517,0.256234,0.00847371
64560,264437760,9.93045,0.0523906,0.0212838,15.9309,0.557701,9.54697,27.8842,51.3109,0.259907,0.00891113
64584,264536064,9.93009,0.0517567,0.0558511,15.1406,0.578153,8.12248,27.9513,50.5884,0.250982,0.00934855
64608,264634368,9.93,0.0476311,0.0343607,15.9318,0.549866,9.65085,27.5768,48.4625,0.252994,0.00952148
64632,264732672,9.9296,0.0389941,0.00658798,13.9168,0.610193,7.84179,27.362,46.9717,0.253051,0.00989787
64656,264830976,9.92988,0.0134808,0,15.7299,0.58732,8.86775,27.6625,50.2905,0.259393,0.009847
64680,264929280,9.93055,0.0294427,0,16.0516,0.56601,9.35136,27.7958,47.8446,0.258925,0.00997925
64704,265027584,9.93051,0.0193054,0.00698161,14.2094,0.504059,7.61686,27.3153,46.9704,0.251214,0.0101522
64728,265125888,9.93036,0.030085,0.0368809,14.9156,0.564052,7.99572,27.9519,47.6758,0.250942,0.0101725
64752,265224192,9.92979,0.0254141,0.00903581,14.3085,0.555542,8.01199,27.653,48.0772,0.257527,0.0101522
64776,265322496,9.92941,0.0204729,0,16.1673,0.563045,9.84304,27.6533,54.6575,0.254611,0.0102539
64800,265420800,9.92913,0.0287602,0.00536412,16.673,0.493617,9.99223,27.4477,52.4067,0.248879,0.010142
64824,265519104,9.92913,0.0287779,0.0237503,16.4087,0.526653,9.96992,27.46,49.4598,0.254847,0.00958252
64848,265617408,9.92897,0.0390655,0.00719979,15.7667,0.557888,8.98854,27.4472,50.1878,0.242648,0.00904338
64872,265715712,9.92843,0.0315405,0.0345548,16.049,0.557651,9.57646,27.5382,51.1866,0.244886,0.00856527
64896,265814016,9.92814,0.0443539,0.0352661,17.273,0.532616,10.076,26.866,47.2123,0.273324,0.0082194
64920,265912320,9.92821,0.0298757,0.00700117,15.6969,0.548206,9.21498,27.5414,55.2208,0.25257,0.00813802
64944,266010624,9.92898,0.0193852,0.0284483,16.8307,0.535882,10.4047,27.4394,48.2415,0.249968,0.00830078
64968,266108928,9.92944,0.0123099,0,15.4721,0.555544,9.05424,27.5122,49.652,0.250019,0.00849406
64992,266207232,9.92912,0.0162066,0,15.4426,0.578005,8.59522,27.6289,54.211,0.24679,0.00831095
65016,266305536,9.92848,0.0363552,0.030837,16.7127,0.570778,9.58619,27.6829,49.4807,0.250506,0.00826009
65040,266403840,9.92857,0.0455607,0.0225479,14.3062,0.548413,7.75978,27.2403,46.29,0.256068,0.00829061
65064,266502144,9.9283,0.0114531,0.00653595,15.7639,0.571882,9.33577,27.538,51.2673,0.260206,0.00856527
65088,266600448,9.92896,0.00770033,0,16.0665,0.553158,9.54498,27.4554,50.5125,0.262027,0.00852458
65112,266698752,9.92952,0.039951,0.0142166,15.4075,0.56699,8.44746,27.1425,43.4381,0.249527,0.00845337
65136,266797056,9.92994,0.026846,0.0221663,16.5769,0.598791,9.76907,27.4972,49.4247,0.263217,0.00828044
65160,266895360,9.92997,0.0206422,0.0164319,16.6683,0.577703,9.98577,27.0312,51.0897,0.252408,0.00868734
65184,266993664,9.9296,0.0211926,0.0210928,14.0629,0.502522,7.37506,27.0436,47.1165,0.255448,0.00878906
65208,267091968,9.92861,0.0485057,0.0568918,15.2954,0.483106,8.75725,27.14,46.5838,0.248007,0.00871785
65232,267190272,9.9282,0.020845,0.00825083,16.4658,0.585005,9.61045,27.3282,50.2669,0.251237,0.00872803
65256,267288576,9.92818,0.0229986,0.00659072,15.6007,0.612347,8.34204,26.7024,48.5824,0.25786,0.00894165
65280,267386880,9.92804,0.0402101,0.0510173,17.4176,0.602413,10.4364,26.8028,47.5542,0.26052,0.00924683
65304,267485184,9.92814,0.0186047,0,16.2911,0.551788,9.81034,26.915,48.6581,0.251413,0.00952148
65328,267583488,9.92733,0.049125,0.0454461,14.7677,0.535939,7.46773,26.9013,46.326,0.261709,0.00979614
65352,267681792,9.92688,0.0455076,0.0371265,15.1154,0.528235,9.18998,26.8522,53.4815,0.248525,0.0099589
65376,267780096,9.92647,0.0288609,0.0300118,15.9351,0.55522,9.14995,27.1994,47.4603,0.250669,0.0102234
65400,267878400,9.92606,0.0335973,0,16.8843,0.539497,10.3881,27.0684,55.3958,0.250389,0.010437
65424,267976704,9.92572,0.00420147,0,17.7353,0.574387,10.6399,26.7007,50.0111,0.264721,0.0105489
65448,268075008,9.9255,0.0106835,0.00799939,16.2199,0.534497,10.3736,27.3109,52.5494,0.247961,0.0103149
65472,268173312,9.92538,0.032766,0.0276706,14.9431,0.538503,8.58914,27.3065,46.7744,0.252239,0.0102539
65496,268271616,9.92515,0.0227441,0.00860206,15.6782,0.584716,9.0437,27.0024,50.0037,0.256485,0.0102539
65520,268369920,9.92511,0.0340283,0.0318285,14.9687,0.495196,8.78468,27.1412,47.717,0.248724,0.0102539
65544,268468224,9.92525,0.0133129,0.00594177,16.7418,0.60714,9.43309,26.8152,51.1226,0.258941,0.0100708
65568,268566528,9.92513,0.0304901,0.00535364,13.8866,0.544577,7.27715,26.9361,43.5077,0.251539,0.010203
65592,268664832,9.9243,0.0157874,0,18.6976,0.570937,10.6166,27.0921,51.8954,0.254952,0.00961304
65616,268763136,9.92338,0.0323922,0.0258732,14.6483,0.550672,7.80403,27.2101,51.1969,0.246088,0.00971476
65640,268861440,9.92287,0.0496779,0.0285161,15.0892,0.53303,8.52068,26.6084,45.725,0.262783,0.00945028
65664,268959744,9.92178,0.0215136,0.0065806,16.6004,0.552184,9.98115,27.0897,51.6291,0.252185,0.00975545
65688,269058048,9.92128,0.0368758,0.0397715,15.8331,0.545268,9.69438,26.6786,50.7369,0.250247,0.00962321
65712,269156352,9.92116,0.0356247,0.0247153,17.1207,0.524662,10.0008,27.0985,52.3803,0.253571,0.00949097
65736,269254656,9.92113,0.0364224,0.00782918,15.6464,0.526505,9.15913,27.065,52.0343,0.249419,0.00947062
65760,269352960,9.92128,0.0308247,0.0263355,15.5658,0.54682,9.31665,27.3586,51.7461,0.259192,0.00920614
65784,269451264,9.92194,0.02381,0,18.1738,0.553127,10.076,27.2665,54.9981,0.253276,0.00949097
65808,269549568,9.92145,0.00892302,0.0084764,17.597,0.577166,10.68,27.2958,53.6684,0.249116,0.009552
65832,269647872,9.92136,0.0332384,0.0104571,17.0585,0.555962,10.4498,27.1297,48.8309,0.248343,0.00997925
65856,269746176,9.92039,0.021769,0.0350029,16.944,0.589437,10.5045,27.567,51.4864,0.254296,0.0102946
65880,269844480,9.92,0.0624813,0.00817677,15.1907,0.554872,8.18386,27.3145,46.6131,0.247311,0.0107117
65904,269942784,9.91992,0.0139853,0.0244543,17.5487,0.542259,9.32142,27.5508,47.7438,0.252232,0.0106405
65928,270041088,9.91959,0.0104742,0,16.3125,0.589253,9.3426,27.6762,50.7434,0.254991,0.0103963
65952,270139392,9.91963,0.0533676,0.0099272,17.4472,0.552408,11.2245,27.4737,52.4489,0.305667,0.0107015
65976,270237696,9.92013,0.0340861,0.00910051,13.6135,0.521961,6.93725,27.555,45.0979,0.257725,0.0107218
66000,270336000,9.92041,0.010838,0.01375,17.479,0.575662,10.1112,27.7711,48.82,0.259275,0.0109355
66024,270434304,9.91972,0,0,16.7453,0.565009,9.64409,27.774,50.921,0.262493,0.0111491
66048,270532608,9.91867,0.0179515,0.00593271,18.4018,0.552811,10.5757,28.0877,51.3697,0.252215,0.0112
66072,270630912,9.91869,0.0308048,0.0143266,14.4728,0.531017,7.79328,27.9175,47.2238,0.258082,0.0110677
66096,270729216,9.91897,0.0219586,0,14.9615,0.550175,8.3235,27.852,51.2529,0.251579,0.0110372
66120,270827520,9.91891,0.0296474,0,16.4223,0.554285,9.20883,27.8707,48.5879,0.251123,0.0111186
66144,270925824,9.91933,0.0552313,0.0192266,15.3004,0.511353,8.72489,27.6499,47.1747,0.260709,0.0113932
66168,271024128,9.91935,0.0331332,0.0104921,16.2251,0.572867,8.91744,27.612,49.0811,0.246984,0.011261
66192,271122432,9.9196,0.0377761,0,16.4556,0.548521,9.30586,28.0177,51.0388,0.24885,0.0114746
66216,271220736,9.91932,0.0636333,0.0374979,15.2046,0.535803,8.02738,27.8029,46.5995,0.24525,0.0112203
66240,271319040,9.91945,0,0,15.6076,0.578065,8.87028,27.7826,47.4324,0.258123,0.0113729
66264,271417344,9.91947,0.0295027,0.0202889,17.1425,0.577133,9.46913,28.1381,53.2612,0.256233,0.0115051
66288,271515648,9.91934,0.0585517,0.0500406,14.8102,0.550167,8.05679,28.0885,45.9548,0.249075,0.0113831
66312,271613952,9.91798,0.0221642,0.00857347,15.5557,0.513054,8.50641,28.0892,50.4528,0.254073,0.0113424
66336,271712256,9.9173,0.00863298,0,15.8075,0.599144,9.43271,27.7442,48.6615,0.253456,0.0114136
66360,271810560,9.91714,0.0207895,0.0196433,17.3424,0.576992,9.96547,27.9642,50.4496,0.252045,0.0111186
66384,271908864,9.91695,0.0663931,0,13.8317,0.520975,7.82783,28.0675,50.9832,0.249707,0.0108032
66408,272007168,9.91654,0.0089972,0.00579374,16.9234,0.589603,9.6732,28.2664,49.805,0.252609,0.0108236
66432,272105472,9.91615,0.0153076,0,16.6542,0.584452,9.86266,28.3624,52.2361,0.249404,0.0111796
66456,272203776,9.91504,0.0150801,0.00879443,17.4824,0.591664,10.5683,28.4241,47.304,0.253452,0.0114441
66480,272302080,9.91499,0.0370803,0.00584681,16.2049,0.514638,9.77907,28.6072,52.6193,0.250945,0.0114746
66504,272400384,9.91509,0.00985387,0,16.9757,0.526188,10.5707,28.6466,56.1531,0.25468,0.011495
66528,272498688,9.91521,0.0407044,0.0155902,14.1102,0.523495,7.92747,28.2417,45.9706,0.261061,0.01238
66552,272596992,9.91516,0.0326146,0.0183135,15.0114,0.530233,8.08855,28.0539,47.7193,0.243452,0.01238
66576,272695296,9.91529,0.0368546,0,16.3305,0.561862,9.47724,28.2708,49.1125,0.254892,0.012207
66600,272793600,9.91495,0.0445269,0.00413128,16.4213,0.52861,10.0223,28.5687,51.8973,0.251702,0.0120951
66624,272891904,9.91497,0.0270676,0.0216886,14.5149,0.525681,7.60794,28.5472,51.2972,0.246146,0.0119629
66648,272990208,9.91617,0.0229618,0.0145591,17.0124,0.544514,10.1579,28.6557,52.5538,0.25101,0.0118103
66672,273088512,9.9167,0.0331834,0.00654654,14.9863,0.525892,7.9933,28.5721,47.1606,0.250567,0.01179
66696,273186816,9.91627,0.0118483,0.00992251,15.6587,0.566303,9.16075,28.6893,51.9403,0.252982,0.0120544
66720,273285120,9.91621,0.0309581,0.0271551,16.7399,0.526783,10.363,28.5556,54.0922,0.251065,0.0118103
66744,273383424,9.91577,0.0327267,0.0279527,15.7756,0.510075,9.04556,28.2538,50.4401,0.255211,0.0120138
66768,273481728,9.9156,0.0280574,0.0041491,15.2788,0.585664,8.91795,28.854,48.9652,0.248953,0.0121562
66792,273580032,9.91556,0.0117138,0.00433401,15.585,0.543936,8.77555,28.333,49.8274,0.248714,0.0123494
66816,273678336,9.91548,0.037542,0.0129993,14.8536,0.544886,7.6948,28.4861,50.7775,0.247157,0.0120951
66840,273776640,9.91559,0.023104,0.0064178,15.8831,0.58988,8.79633,28.4201,49.6306,0.255518,0.0113627
66864,273874944,9.91569,0.0271351,0,16.6819,0.555811,9.50507,28.2295,49.9873,0.250947,0.0114136
66888,273973248,9.91514,0.0374613,0.0153096,14.0602,0.523495,7.58144,28.3638,48.3221,0.257233,0.0113424
66912,274071552,9.91475,0.0325032,0.00696379,15.6332,0.580785,9.0896,28.5315,48.6385,0.252799,0.0119425
66936,274169856,9.91424,0.0326063,0.00695854,15.2815,0.569025,8.38792,28.3451,52.1034,0.249319,0.0118408
66960,274268160,9.91458,0.0106834,0,15.9961,0.502478,9.61288,28.5036,52.6386,0.253338,0.0123901
66984,274366464,9.91573,0.00850889,0.00463297,17.1465,0.610253,10.0834,28.2252,50.6614,0.25862,0.0124207
67008,274464768,9.91548,0.0308996,0.0141777,15.8679,0.574752,8.99619,28.3116,53.2265,0.263361,0.0129191
67032,274563072,9.91486,0.00985171,0.00501882,18.0901,0.58355,10.7583,28.3377,50.4618,0.252911,0.0128377
67056,274661376,9.91481,0.0319881,0.0291971,15.1829,0.528711,8.00845,28.3046,49.2155,0.248736,0.0123698
67080,274759680,9.91496,0.0131189,0,15.4949,0.518529,9.1093,28.0905,53.6224,0.249307,0.0125529
67104,274857984,9.91505,0.0379924,0.0192324,15.7067,0.537573,8.63213,28.2826,47.4751,0.248404,0.012675
67128,274956288,9.9156,0.0515525,0.0208644,15.7259,0.53996,8.79067,28.0513,48.8441,0.249781,0.0123189
67152,275054592,9.91593,0.0314073,0.0200311,15.2529,0.549651,8.34769,28.256,47.6988,0.249727,0.0119425
67176,275152896,9.91558,0.0312123,0.0352451,14.7385,0.543533,7.81214,28.175,47.8659,0.251652,0.0119527
67200,275251200,9.9153,0.0544112,0.0233023,14.719,0.542151,8.32065,28.0226,48.2628,0.251071,0.0121562
67224,275349504,9.91577,0.0423096,0.0375334,15.4997,0.525743,9.11011,28.1047,51.3935,0.256649,0.0128479
67248,275447808,9.91616,0.0635307,0.0368098,15.7036,0.525908,9.03609,27.9832,50.5668,0.246661,0.0125529
67272,275546112,9.91632,0.0327513,0,14.4645,0.53165,8.17381,28.2743,47.3505,0.251035,0.0124613
67296,275644416,9.91641,0.0587449,0.049058,15.5403,0.591822,8.27202,28.1524,47.5026,0.253932,0.0124817
67320,275742720,9.91668,0.0198755,0,16.8471,0.528925,9.80607,28.2611,50.4701,0.254408,0.0128988
67344,275841024,9.91691,0.0656211,0.0172891,15.9621,0.576001,9.0894,28.5437,49.5561,0.256379,0.012797
67368,275939328,9.91795,0.0331046,0.00517496,14.2901,0.516726,7.69144,28.0265,51.1914,0.25274,0.0129496
67392,276037632,9.91801,0.0353477,0.0195185,14.914,0.560907,7.96143,28.1568,48.048,0.256151,0.0131938
67416,276135936,9.91849,0.0303947,0.0294944,17.0149,0.576323,9.18184,28.4775,51.9162,0.255016,0.0136922
67440,276234240,9.91942,0.0255599,0,16.6414,0.596487,8.87649,28.2408,50.3782,0.25542,0.0140991
67464,276332544,9.91922,0.0367488,0.0167231,14.9331,0.499402,8.27035,28.3415,45.7336,0.254553,0.0141602
67488,276430848,9.91893,0.0224521,0.00823469,15.6633,0.534768,9.31916,28.8044,51.369,0.247692,0.0141907
67512,276529152,9.91897,0.0235818,0,17.5576,0.633139,10.0525,28.7126,51.1574,0.252372,0.0143331
67536,276627456,9.91951,0,0,16.1549,0.585533,9.38834,28.627,50.933,0.250872,0.01356
67560,276725760,9.91956,0.0374627,0.00914634,16.292,0.619486,9.30464,28.9542,47.0858,0.244138,0.013916
67584,276824064,9.9202,0.0570246,0.0119407,14.3246,0.496153,7.84752,28.4204,48.3034,0.252658,0.013916
67608,276922368,9.92087,0.0279776,0,16.9975,0.535298,10.0807,28.7265,51.3618,0.260519,0.0144246
67632,277020672,9.92086,0.0090568,0.0167494,14.6236,0.524312,7.96116,28.1685,51.2821,0.25894,0.0152079
67656,277118976,9.92031,0.0529289,0.00848571,16.0235,0.520429,9.47614,28.6602,49.1716,0.255463,0.0154012
67680,277217280,9.91964,0.0466387,0.0254548,15.2377,0.567816,8.94864,28.6292,51.3555,0.250181,0.0152486
67704,277315584,9.91876,0.0662005,0.0479218,15.8366,0.507522,9.14424,28.718,50.3166,0.253493,0.015035
67728,277413888,9.9176,0.0277241,0.0230572,13.81,0.494054,6.87543,28.5117,43.093,0.257251,0.0154724
67752,277512192,9.91766,0.0146298,0.00771791,16.6456,0.585448,8.9219,28.9574,48.1285,0.257266,0.01533
67776,277610496,9.91771,0.0228038,0,14.6395,0.509985,7.28798,28.5978,47.031,0.251677,0.015859
67800,277708800,9.91784,0.0310526,0.0292398,16.5894,0.547579,9.2046,28.8614,52.4318,0.248347,0.0158488
67824,277807104,9.91829,0.0285714,0.00643885,14.4876,0.532865,7.27218,28.7265,48.8399,0.254654,0.0160014
67848,277905408,9.91927,0.0375979,0.00849515,14.5524,0.541559,7.1981,28.7307,50.7156,0.249234,0.0159912
67872,278003712,9.91942,0.0452459,0.0149186,15.0497,0.536411,7.78623,28.9796,45.988,0.255203,0.0160319
67896,278102016,9.91982,0.0227445,0.0147269,16.83,0.591332,9.25445,29.0137,46.4915,0.256939,0.0159098
67920,278200320,9.9202,0.0333624,0,17.5827,0.561599,10.1228,28.8227,51.465,0.252742,0.0160522
67944,278298624,9.92013,0.0335237,0.00586281,17.3656,0.545148,9.05103,29.1618,46.0857,0.256097,0.0162557
67968,278396928,9.91977,0.0380878,0.0200942,16.6276,0.555594,9.8579,29.4532,49.9147,0.251986,0.0160421
67992,278495232,9.92044,0.0343238,0.0495388,18.1473,0.534176,11.5139,29.0413,52.8265,0.257576,0.0160624
68016,278593536,9.92045,0.0308077,0.0160256,16.5034,0.548615,9.1546,28.8733,50.8481,0.255065,0.0159302
68040,278691840,9.92084,0.0514134,0.021398,16.0705,0.541204,9.12779,29.1122,49.8177,0.260129,0.0161031
68064,278790144,9.92053,0.0115385,0,16.949,0.597388,9.39074,29.5308,53.3266,0.246978,0.0159607
68088,278888448,9.92101,0.00929478,0.00503621,17.3093,0.570687,10.093,29.0667,52.1327,0.259626,0.0160522
68112,278986752,9.92074,0.030464,0.0075492,14.5425,0.532305,7.76548,29.2832,47.293,0.26222,0.0158691
68136,279085056,9.92049,0.0294133,0.0101322,15.9934,0.564553,8.67904,29.2078,48.8713,0.25466,0.0163066
68160,279183360,9.92073,0,0,15.786,0.524515,8.68414,29.1508,43.3297,0.253315,0.0171
68184,279281664,9.92091,0.021645,0.0156467,15.7392,0.544245,8.76161,29.2298,50.2915,0.254275,0.017395
68208,279379968,9.92005,0.0353234,0.0255371,14.1459,0.521067,7.68485,29.1719,50.7024,0.255678,0.0172729
68232,279478272,9.91901,0.0377618,0.00595137,15.7522,0.532937,8.09207,29.1007,49.1719,0.259778,0.017395
68256,279576576,9.91908,0.024755,0,15.72,0.556149,8.23491,28.987,49.1777,0.250577,0.0177104
68280,279674880,9.91971,0.0339442,0,15.8098,0.525628,9.10031,29.329,51.1224,0.250883,0.0177917
68304,279773184,9.91876,0.00622989,0.00319348,16.7911,0.567536,9.37411,29.0034,52.9119,0.257365,0.0184631
68328,279871488,9.91828,0.0207179,0.00997672,17.6997,0.519005,11.3002,28.7305,52.7177,0.25049,0.0181173
68352,279969792,9.91837,0.0376974,0.0159447,14.8302,0.517615,8.79536,28.864,51.9596,0.254597,0.0179749
68376,280068096,9.9181,0.0429157,0.0385834,17.618,0.565357,10.1385,29.0709,52.7535,0.248133,0.0179749
68400,280166400,9.91754,0.0230537,0,15.2758,0.524306,7.9644,28.8063,52.742,0.258722,0.0176493
68424,280264704,9.91746,0.0160162,0,14.6288,0.516216,8.02945,28.4857,47.4402,0.260406,0.0166321
68448,280363008,9.91841,0.0358198,0.0435788,16.1195,0.5768,9.02922,28.5552,53.9628,0.25592,0.0160217
68472,280461312,9.91904,0.0399452,0.00951173,15.1396,0.517924,8.34043,28.6391,46.505,0.257055,0.0160522
68496,280559616,9.91899,0.0178599,0.0116181,15.6452,0.550221,9.24696,29.1818,53.8785,0.253749,0.0160014
68520,280657920,9.91861,0.0439822,0,16.6676,0.537128,9.77148,28.9502,47.3815,0.255947,0.0160522
68544,280756224,9.91946,0.0174227,0,15.4411,0.520729,8.53739,28.7379,50.792,0.2545,0.0157471
68568,280854528,9.91903,0.0459313,0.0197879,15.6729,0.535924,8.42405,29.1551,52.704,0.254788,0.0163269
68592,280952832,9.91909,0.0276703,0.0336323,17.2117,0.565305,9.85776,28.7135,48.8109,0.25535,0.01651
68616,281051136,9.91919,0.0116661,0,16.51,0.55164,10.0779,28.8967,54.0844,0.258213,0.0160014
68640,281149440,9.91943,0.0129999,0.00695048,14.3694,0.530769,7.63104,28.9329,49.7548,0.250518,0.0157674
68664,281247744,9.91881,0.0314434,0,15.4368,0.534812,8.64406,28.6696,47.3231,0.257277,0.0156657
68688,281346048,9.91915,0.0281094,0.00789474,17.5355,0.578588,9.67602,28.7933,50.5863,0.254655,0.0159098
68712,281444352,9.9191,0.0581491,0.00664389,16.9044,0.55392,9.192,28.5695,49.4139,0.261616,0.0160014
68736,281542656,9.9196,0.0539039,0,16.1942,0.532957,8.48495,28.7845,46.4506,0.259496,0.0157674
68760,281640960,9.92034,0.0305472,0.010478,15.1689,0.499441,7.87295,28.576,48.9138,0.261441,0.0158183
68784,281739264,9.92042,0.0374606,0.0157729,16.1078,0.530238,8.58534,28.4463,48.2581,0.260451,0.0150757
68808,281837568,9.92066,0.0167286,0.0157421,15.6562,0.535417,8.38193,28.5785,54.5,0.252875,0.0146688
68832,281935872,9.92139,0.038758,0.0356696,15.9087,0.534706,8.55873,28.3737,47.2489,0.257504,0.014679
68856,282034176,9.92176,0.017033,0,17.4985,0.541902,9.89763,28.9233,48.2861,0.255115,0.0149638
68880,282132480,9.92225,0.0581209,0.0535518,15.3988,0.523763,8.8871,28.6526,47.9936,0.254153,0.0150248
68904,282230784,9.92233,0.0613945,0.0322746,14.6781,0.565928,8.08815,28.637,46.2801,0.260377,0.0151469
68928,282329088,9.92261,0.0236763,0.0197239,16.8842,0.559416,9.83171,28.6832,48.0457,0.260773,0.0148214
68952,282427392,9.92284,0.018251,0,14.5255,0.498989,7.86386,28.181,49.9761,0.257506,0.01415
68976,282525696,9.92277,0.0604936,0.0274284,15.6909,0.527337,7.95522,28.4303,46.3851,0.253985,0.0141703
69000,282624000,9.92241,0.0144036,0.0209948,15.6293,0.530045,8.26745,28.6525,49.4255,0.251349,0.0137838
69024,282722304,9.92206,0.0169221,0.00913441,15.5601,0.575457,8.86328,28.2252,48.0828,0.255639,0.0135803
69048,282820608,9.92207,0.031422,0.00534998,17.5702,0.591505,10.5826,28.49,50.211,0.266499,0.0138448
69072,282918912,9.92196,0.0133283,0.0114404,16.6765,0.550316,9.54639,28.8004,53.9162,0.262176,0.0144552
69096,283017216,9.92206,0.0222254,0.0133206,13.6104,0.482094,7.57055,28.3173,50.0882,0.253875,0.0142517
69120,283115520,9.92197,0.0102171,0.00908403,17.0197,0.527085,9.27589,28.4493,48.151,0.253607,0.0145365
69144,283213824,9.92123,0.025871,0.0108066,15.0059,0.530617,8.42221,28.3857,46.7684,0.258928,0.0146179
69168,283312128,9.92028,0.0603908,0.0170424,15.6766,0.530495,8.52722,27.8826,48.8798,0.266252,0.0147095
69192,283410432,9.9194,0.0378543,0.019115,15.3301,0.521005,8.4614,28.5654,46.8801,0.257556,0.0146891
69216,283508736,9.91926,0.0115321,0,15.7493,0.568698,8.79958,28.4729,50.0914,0.254365,0.0152588
69240,283607040,9.91937,0.0199969,0.0099272,16.1865,0.558612,9.57722,28.2488,48.6251,0.25451,0.0148824
69264,283705344,9.91968,0.0619489,0.0741811,15.5963,0.534386,9.04399,27.961,46.4997,0.25104,0.0151774
69288,283803648,9.91993,0.00484513,0,16.596,0.59912,8.22971,27.9983,50.8498,0.261713,0.0154317
69312,283901952,9.9202,0.0185811,0.0118764,15.58,0.537488,8.99089,28.4671,47.6319,0.262137,0.0152384
69336,284000256,9.92023,0.0217305,0,14.7349,0.577825,8.62999,28.1868,51.3465,0.255938,0.015625
69360,284098560,9.92012,0.0368761,0.0253252,15.6872,0.577796,8.68834,28.1781,48.1245,0.262623,0.0159403
69384,284196864,9.91934,0.058143,0.0588916,14.8469,0.524163,7.95866,28.4275,45.6863,0.265347,0.0168559
69408,284295168,9.91825,0.0139247,0.0051601,15.5498,0.557995,7.97618,28.6056,45.8999,0.254166,0.0171814
69432,284393472,9.91812,0.0548784,0.00890113,16.713,0.578587,9.54795,28.2014,50.4511,0.254055,0.017334
69456,284491776,9.91808,0.00893481,0,14.6961,0.534169,8.4467,28.1792,52.3687,0.250317,0.0174459
69480,284590080,9.91737,0.0273215,0.00714711,15.8987,0.562214,8.47443,28.3349,49.8585,0.259802,0.0178019
69504,284688384,9.9176,0.026917,0.0221942,15.5954,0.573875,8.54608,28.7536,48.4484,0.256574,0.0182902
69528,284786688,9.91814,0.0253583,0,14.4191,0.537151,7.9027,28.079,51.7522,0.259352,0.0183105
69552,284884992,9.91767,0.00736822,0,16.4511,0.568146,9.61865,28.1386,54.4763,0.254714,0.0179647
69576,284983296,9.91753,0.0340791,0.0132991,14.8235,0.555634,7.75701,28.2414,47.6013,0.255024,0.0181274
69600,285081600,9.91641,0.0145199,0.0109268,14.7517,0.567871,8.40184,28.3406,49.9609,0.259928,0.0187581
69624,285179904,9.91567,0.0507286,0,16.1777,0.528247,9.51053,28.011,47.9803,0.259375,0.0187581
69648,285278208,9.91535,0.0389886,0.00552766,15.5111,0.510732,8.26175,27.9457,51.316,0.261356,0.0186666
69672,285376512,9.91522,0.00949088,0.00726292,16.1792,0.525439,8.88983,28.5373,48.2534,0.255814,0.0188599
69696,285474816,9.91501,0.0265554,0.0222085,15.9827,0.516697,9.54065,28.4683,51.1341,0.253826,0.0192973
69720,285573120,9.91514,0.00646315,0.00971042,16.3107,0.589548,9.47597,28.83,53.6082,0.257783,0.019104
69744,285671424,9.91519,0.0185863,0.0132238,16.9458,0.553899,9.65729,28.1979,50.1782,0.256428,0.0195109
69768,285769728,9.91515,0.0344912,0.019378,15.6781,0.515503,9.29439,28.6128,51.8751,0.253926,0.0193481
69792,285868032,9.91566,0,0,16.2417,0.54605,9.39296,28.5629,52.3154,0.26272,0.0201314
69816,285966336,9.91552,0.0398622,0.0267128,16.6421,0.570202,9.39689,28.2832,46.7851,0.264279,0.0211589
69840,286064640,9.91481,0.019802,0.018873,15.4212,0.580362,8.40487,28.3935,49.1481,0.25673,0.0215861
69864,286162944,9.91458,0.0324534,0.025342,16.2149,0.567465,9.36933,28.3656,52.6252,0.286479,0.0219421
69888,286261248,9.91431,0.0407133,0.0215539,14.7174,0.559279,8.55712,28.1511,48.8622,0.258187,0.0226237
69912,286359552,9.91414,0.058564,0.0201778,17.4291,0.564528,9.36509,28.5285,54.4444,0.257655,0.0227559
69936,286457856,9.91453,0.0306763,0.0275669,16.1283,0.607251,8.98281,28.5677,49.2,0.261562,0.0231527
69960,286556160,9.915,0.0383988,0.0131447,14.8038,0.525221,8.26457,28.6432,50.0712,0.251302,0.0234172
69984,286654464,9.91568,0.0114636,0,16.9039,0.570225,9.65767,28.2332,46.7848,0.255705,0.0233154
70008,286752768,9.91678,0.0248896,0.00819272,16.2138,0.555473,8.80718,28.4078,48.1463,0.257584,0.0235087
70032,286851072,9.91768,0.049859,0.0137946,14.9637,0.545016,8.45268,28.4163,51.6149,0.249315,0.0237732
70056,286949376,9.91868,0.0324021,0.00722059,15.5054,0.533673,8.17717,28.2201,48.821,0.25897,0.0231323
70080,287047680,9.91835,0.0236673,0,15.1872,0.544662,8.63219,28.215,47.0734,0.248344,0.0232951
70104,287145984,9.91805,0.0363526,0,16.2623,0.52296,9.53014,28.5204,48.6498,0.262595,0.0242818
70128,287244288,9.91786,0.0337509,0.0112602,15.7065,0.516758,7.99604,28.2936,47.2311,0.254754,0.0248108
70152,287342592,9.91776,0.0445316,0.0145788,15.4578,0.555886,8.85584,28.2509,48.335,0.254783,0.024648
70176,287440896,9.91708,0.0115385,0,17.013,0.605509,9.93824,29.0301,51.527,0.255676,0.0243734
70200,287539200,9.91645,0.0264286,0.00717274,16.0695,0.590886,8.86899,28.5479,48.9545,0.256813,0.0246379
70224,287637504,9.91618,0.0264277,0.0158486,15.7823,0.557748,8.91344,28.3336,48.1323,0.261184,0.0247701
70248,287735808,9.91626,0.0258501,0.0126861,15.747,0.53327,9.20256,28.2711,51.8557,0.256587,0.0252279
70272,287834112,9.91483,0.0283431,0.00672818,14.9416,0.595315,8.69149,28.8318,48.7469,0.264699,0.0258687
70296,287932416,9.91469,0.0392929,0.0234437,14.3609,0.523837,7.65344,28.6058,50.9984,0.256691,0.0256246
70320,288030720,9.91452,0.0337315,0.027856,15.2712,0.574976,8.53595,28.6677,47.9583,0.254411,0.0255839
70344,288129024,9.91508,0.0160136,0.0177066,17.6032,0.562012,10.7357,28.3189,49.4935,0.251412,0.0264079
70368,288227328,9.91513,0,0,17.7475,0.556809,10.5288,28.8535,48.5955,0.265136,0.026062
70392,288325632,9.91517,0.0553782,0,13.9151,0.534437,7.11956,28.6258,45.2927,0.25534,0.025767
70416,288423936,9.91516,0.0256264,0,15.1818,0.545352,8.36025,28.6025,50.0927,0.254205,0.0255229
70440,288522240,9.91495,0.00831402,0,16.2921,0.548649,9.40978,28.5034,50.4444,0.242722,0.0259908
70464,288620544,9.91522,0.0221125,0.00977893,15.0155,0.535087,7.90007,28.6825,45.5763,0.257333,0.0260518
70488,288718848,9.91571,0.0318872,0.0122493,14.9459,0.508618,8.2903,28.8073,50.3292,0.254945,0.0262553
70512,288817152,9.91613,0.022188,0.0182106,16.4386,0.571457,9.93856,29.1225,53.401,0.255614,0.0262044
70536,288915456,9.91626,0.0112328,0,14.9258,0.5402,8.54918,29.0104,51.7903,0.252192,0.0265503
70560,289013760,9.91612,0.0357243,0.00473435,15.8406,0.559951,9.16692,28.861,49.3264,0.254512,0.0270081
70584,289112064,9.91627,0.0592914,0.0176735,14.1674,0.533612,7.24757,28.6683,45.6444,0.254183,0.0259603
70608,289210368,9.91567,0.0350445,0.0367156,15.8642,0.550829,9.40792,29.0523,47.9933,0.251463,0.0253906
70632,289308672,9.91503,0.0177833,0.0263517,15.4155,0.48189,8.379,28.4693,47.6155,0.262542,0.0257161
70656,289406976,9.9142,0.0132094,0,18.0334,0.52065,11.4874,29.3822,53.4497,0.251818,0.0262451
70680,289505280,9.91394,0.0219043,0.020169,14.9613,0.547385,7.92293,29.0699,46.7519,0.247901,0.0260417
70704,289603584,9.91375,0.0192095,0.00540833,15.3535,0.548387,8.64818,29.1547,55.4399,0.252718,0.0259908
70728,289701888,9.91304,0.034358,0.0260705,15.0192,0.522978,8.14942,29.2483,44.4641,0.250392,0.0263367
70752,289800192,9.91295,0.0156494,0.0170672,15.0648,0.558502,8.17614,29.5127,47.5896,0.260238,0.0258077
70776,289898496,9.91278,0.0395307,0.00656779,16.6127,0.557433,8.38119,29.0732,46.3424,0.251635,0.0261027
70800,289996800,9.91227,0.0569323,0.0410349,15.4466,0.540991,8.77926,28.9422,47.1204,0.255088,0.025472
70824,290095104,9.91229,0.0323094,0.0208946,16.3605,0.582646,9.04521,29.5748,51.5809,0.25495,0.024526
70848,290193408,9.91214,0.00774908,0.00540513,15.022,0.561877,9.09252,29.3928,50.0095,0.260211,0.0245158
70872,290291712,9.9116,0.0239158,0.0100131,16.3261,0.517365,10.0203,29.3045,51.4197,0.251857,0.0246073
70896,290390016,9.91113,0.0202151,0,16.8146,0.572299,10.5041,29.5143,55.2398,0.260743,0.0250854
70920,290488320,9.91165,0.022167,0.0152381,15.6617,0.534999,9.50273,29.542,51.4482,0.252281,0.0245768
70944,290586624,9.91127,0.0726754,0.0272702,14.3719,0.476682,8.48425,29.6175,50.411,0.248393,0.0246989
70968,290684928,9.91119,0.0329428,0.0332087,15.4818,0.552804,9.19716,29.3997,47.3254,0.2551,0.0250142
70992,290783232,9.91154,0.00996725,0,16.1601,0.578526,9.28955,29.2013,49.3573,0.256962,0.0253601
71016,290881536,9.91175,0.0214715,0.00694123,15.3387,0.519381,8.73993,29.6356,45.345,0.249837,0.0256755
71040,290979840,9.91074,0.0521436,0.030303,14.7336,0.553776,7.76012,30.1779,50.3726,0.256223,0.0254618
71064,291078144,9.91072,0.018109,0.00591658,14.6458,0.527358,8.53972,29.7046,49.484,0.252723,0.0257161
71088,291176448,9.91074,0.0169463,0,15.17,0.522159,8.83823,29.878,46.6451,0.248901,0.0250854
71112,291274752,9.91119,0.0315865,0.0183453,16.0404,0.529658,9.65775,29.7443,52.6955,0.244333,0.0239258
71136,291373056,9.90999,0.0298858,0.0181227,15.5205,0.575757,8.69389,30.0896,48.1139,0.255722,0.0236816
71160,291471360,9.9094,0.0208528,0.0112994,14.8314,0.498496,8.27283,29.8223,51.2369,0.250514,0.0237223
71184,291569664,9.90943,0.03107,0.0214149,14.7412,0.527184,7.55403,30.2814,50.8806,0.255838,0.023407
71208,291667968,9.90959,0.025348,0.00630403,14.1426,0.503741,7.15195,30.1491,50.4056,0.258476,0.0234273
71232,291766272,9.90925,0.0256471,0,15.5595,0.511696,8.38049,30.5015,48.4881,0.251967,0.0231934
71256,291864576,9.90859,0.0202749,0.0158344,14.5116,0.553141,7.73441,29.9466,49.7502,0.249493,0.0232035
71280,291962880,9.90839,0.025759,0.00936664,15.8225,0.544198,8.17516,29.8956,52.9931,0.256795,0.0228984
71304,292061184,9.90827,0.0364854,0,16.7193,0.546262,9.90758,30.3334,50.7801,0.247492,0.0227153
71328,292159488,9.90766,0.0307613,0,14.7027,0.549838,7.77921,30.3469,50.9789,0.254719,0.0229594
71352,292257792,9.90783,0.0290364,0.0372691,16.5628,0.547657,9.74137,30.2077,48.1401,0.251701,0.0231222
71376,292356096,9.9081,0.0567809,0.0240633,14.3809,0.500358,7.54792,30.488,46.9655,0.252951,0.0236104
71400,292454400,9.90794,0.0186217,0,14.5447,0.623277,7.34457,30.942,50.3087,0.253487,0.0237834
71424,292552704,9.9081,0.0283632,0.0207747,15.8088,0.535918,8.50111,30.0167,47.3728,0.252526,0.0235596
71448,292651008,9.90785,0.0487699,0.0405985,15.2987,0.553328,8.04969,30.9458,46.9914,0.256083,0.024058
71472,292749312,9.90808,0.0306233,0.0122835,13.6964,0.53063,7.15803,30.4989,47.2924,0.25397,0.0239156
71496,292847616,9.90827,0.0156614,0.00836269,13.9004,0.525302,6.81199,30.6041,46.5795,0.251621,0.0234884
71520,292945920,9.90845,0.016524,0.00968263,15.2485,0.544468,7.6747,30.7537,48.5535,0.242389,0.0240377
71544,293044224,9.90851,0.00927394,0.0159365,15.4469,0.500565,8.04158,30.9828,47.5325,0.257002,0.0241801
71568,293142528,9.90778,0.018357,0.0243096,15.1794,0.589321,8.17403,30.9236,51.3354,0.251245,0.024353
71592,293240832,9.90767,0.00949697,0,15.2729,0.563521,7.99534,30.901,49.5322,0.245608,0.0245667
71616,293339136,9.90763,0.0469091,0.020675,15.156,0.577507,8.15911,30.7786,50.0494,0.246787,0.0248108
71640,293437440,9.90828,0.00995255,0,15.518,0.584428,9.22144,31.3717,53.3821,0.252418,0.0240072
71664,293535744,9.90823,0.00856333,0,13.6901,0.515549,6.86274,30.4375,48.9513,0.2531,0.0238241
71688,293634048,9.90738,0.0195392,0.00776316,13.5591,0.568502,6.55764,30.9828,46.2488,0.243837,0.0243937
71712,293732352,9.90672,0.0120165,0,17.9394,0.596345,10.2315,30.6651,47.5674,0.249798,0.0242208
71736,293830656,9.90695,0.0485751,0.0676458,15.2354,0.544486,8.28084,30.9312,49.7244,0.252451,0.0244141
71760,293928960,9.90739,0.0288949,0.00974786,14.9721,0.537572,8.18331,30.9661,50.8408,0.250691,0.0249329
71784,294027264,9.90625,0.0382745,0.0293496,14.5196,0.535143,8.15474,31.1854,52.862,0.249352,0.0256755
71808,294125568,9.90685,0.044768,0.0357651,15.7088,0.531824,8.50446,30.8374,50.2779,0.247662,0.0253703
71832,294223872,9.90631,0.0238902,0.0184048,14.9854,0.571844,8.20041,30.8092,50.0947,0.242095,0.0259399
71856,294322176,9.9068,0.0236356,0.0157922,16.2061,0.546042,8.71191,30.2815,47.0333,0.246016,0.0254517
71880,294420480,9.90674,0.00824063,0,14.8735,0.551037,8.31868,30.6231,48.2173,0.2485,0.0245361
71904,294518784,9.90758,0.0180689,0,15.2729,0.592545,8.37847,30.8662,51.6647,0.242822,0.023936
71928,294617088,9.90777,0.0440589,0.0463087,15.2317,0.549517,8.53179,30.4246,49.1778,0.251013,0.0242615
71952,294715392,9.90789,0.0604526,0.0437697,14.3672,0.550322,7.60131,30.5553,47.2252,0.243868,0.0244344
71976,294813696,9.90688,0.0371982,0.0173981,15.7138,0.575118,8.72103,30.6981,49.384,0.24869,0.0245667
72000,294912000,9.90708,0.0373733,0.0137091,16.8402,0.590887,8.65238,30.811,49.4179,0.248088,0.0248718
72024,295010304,9.90773,0.0401745,0.0212103,15.925,0.533992,9.19005,30.5645,56.5359,0.252692,0.0252889
72048,295108608,9.9078,0.0334104,0.013089,17.8208,0.540298,11.0315,30.5162,52.3454,0.249347,0.0255839
72072,295206912,9.90793,0.0595605,0.0467373,15.8457,0.569466,8.75573,30.3854,52.825,0.248747,0.0252279
72096,295305216,9.90791,0.0618013,0.0253835,15.98,0.560395,8.29242,30.1457,51.0159,0.245,0.025411
72120,295403520,9.90733,0.0232992,0.0161616,15.9126,0.56143,8.35423,30.8071,48.6345,0.246094,0.0258687
72144,295501824,9.90748,0.0635023,0.0191434,16.1947,0.514405,9.41572,30.5213,55.2617,0.248304,0.0254822
72168,295600128,9.90747,0.042734,0.0285876,14.9827,0.550596,8.27775,30.0322,50.2502,0.247322,0.0253703
72192,295698432,9.90735,0.0467099,0.0387097,15.4025,0.54217,8.56448,30.2085,49.7565,0.252795,0.0252177
72216,295796736,9.90792,0.032107,0.0224822,15.5017,0.543717,8.26183,30.1295,48.573,0.252539,0.0255534
72240,295895040,9.90717,0.0409108,0.032162,14.2644,0.562673,7.63756,30.2894,53.2205,0.244716,0.0252482
72264,295993344,9.90723,0.0252393,0.0135944,15.3399,0.532002,8.31862,30.0876,46.9888,0.263454,0.0248006
72288,296091648,9.9066,0.0211316,0.0183961,15.1165,0.531018,8.10187,29.8901,45.4639,0.249676,0.0248922
72312,296189952,9.90724,0.0538346,0.0373417,13.9946,0.51295,7.43413,30.2365,48.265,0.245132,0.0249125
72336,296288256,9.90777,0.0217357,0.0212228,15.6597,0.571442,9.07372,29.7514,46.0232,0.247554,0.0240377
72360,296386560,9.90751,0.0380499,0.0217155,15.4489,0.55474,8.37025,29.6419,47.6093,0.248046,0.0236308
72384,296484864,9.90824,0.0231184,0,14.7195,0.543745,7.43565,29.9272,48.0688,0.241031,0.0227966
72408,296583168,9.90827,0.0241566,0.0296543,14.0336,0.509504,7.55046,30.0485,49.5075,0.252213,0.0227763
72432,296681472,9.9084,0.0486875,0.0261047,15.5611,0.549549,8.32826,30.0164,47.6069,0.250711,0.0232951
72456,296779776,9.90875,0.0139074,0.0163807,14.7674,0.515114,7.90951,29.9466,45.2258,0.251918,0.0235697
72480,296878080,9.90853,0.0540342,0.0477897,17.2351,0.538497,8.75723,29.969,51.4165,0.252414,0.0239766
72504,296976384,9.90902,0.032483,0.0378362,17.5005,0.573491,9.6602,29.7232,50.0353,0.259731,0.0238851
72528,297074688,9.90862,0.0275606,0.029146,16.0946,0.586324,9.00385,29.9131,48.2261,0.245055,0.0234375
72552,297172992,9.90838,0.0309957,0.0213888,16.3955,0.562961,9.39274,29.8722,51.7705,0.255713,0.0234273
72576,297271296,9.90831,0.0324682,0.00423472,15.1077,0.53506,7.69329,29.7939,45.6521,0.24803,0.0236308
72600,297369600,9.90733,0.0230661,0.0177849,14.8494,0.574316,8.13755,29.9047,48.8363,0.248293,0.0247701
72624,297467904,9.90793,0.0594128,0.00682649,14.1161,0.556205,7.19863,29.9764,49.8412,0.253588,0.0252787
72648,297566208,9.90801,0.0192624,0.0116376,13.7793,0.537341,7.32177,29.3455,43.2277,0.251229,0.026123
72672,297664512,9.90814,0.0146443,0.00669043,15.6049,0.576121,8.95748,29.6456,49.686,0.245178,0.025828
72696,297762816,9.90862,0.0216942,0.00873362,16.1748,0.564399,9.0685,29.6917,47.9592,0.24836,0.0265605
72720,297861120,9.9088,0.0798433,0.0603795,14.6893,0.552185,8.11,29.862,49.1897,0.255245,0.0269877
72744,297959424,9.90908,0.00637092,0.0101592,18.3527,0.582874,9.8075,29.9665,49.8553,0.249646,0.0266927
72768,298057728,9.90916,0.0421582,0.0302965,15.0818,0.569459,7.64994,29.4404,46.4046,0.249293,0.0261739
72792,298156032,9.90932,0.0520259,0.0115236,14.9908,0.523621,8.60488,29.5984,51.0383,0.245005,0.0260518
72816,298254336,9.9099,0.0345701,0.0184416,14.4026,0.544435,7.63527,29.2462,49.0682,0.247504,0.026062
72840,298352640,9.91052,0.027641,0,13.8967,0.519331,7.51739,29.4569,47.0622,0.254087,0.0258382
72864,298450944,9.91141,0.034374,0,15.6519,0.510851,9.06462,29.7311,51.5233,0.245895,0.0258382
72888,298549248,9.91069,0.0211033,0.0165344,15.8826,0.604427,8.52193,29.2595,48.3527,0.251101,0.0264893
72912,298647552,9.91097,0.0324493,0.0317821,15.6687,0.571705,8.49099,29.256,45.4366,0.26004,0.0267843
72936,298745856,9.9108,0.0129577,0.015899,14.2922,0.539036,7.37413,29.3838,47.4389,0.250231,0.0266724
72960,298844160,9.91005,0.0224783,0.0190753,15.3145,0.566164,8.68881,29.4618,48.9534,0.250192,0.0268148
72984,298942464,9.91004,0.0389937,0.035716,14.2102,0.581804,7.5687,29.322,46.3044,0.248895,0.0267436
73008,299040768,9.91002,0.0241795,0.00684876,15.9815,0.591986,9.24171,29.2446,54.1558,0.249719,0.0265706
73032,299139072,9.91047,0.0602445,0.0645161,14.4523,0.560484,8.06325,29.1558,50.8868,0.251332,0.0260518
73056,299237376,9.91014,0.0371767,0.0198592,15.7206,0.531315,9.17494,29.4896,51.8933,0.246513,0.0262858
73080,299335680,9.91025,0.0168753,0.00784973,15.7512,0.528026,8.36875,29.4985,48.3496,0.254993,0.0265401
73104,299433984,9.91071,0.0269519,0.0279563,13.9849,0.526318,7.26018,29.8057,49.0349,0.249827,0.0264486
73128,299532288,9.91053,0.0390967,0.0312465,14.766,0.529531,7.68484,29.3652,46.0609,0.2548,0.0265299
73152,299630592,9.9108,0.04058,0.0284589,14.8964,0.49472,8.53642,29.1585,50.3601,0.250135,0.0267843
73176,299728896,9.91104,0.0686298,0.0695721,14.4451,0.519033,8.21908,29.33,49.0385,0.252602,0.0271606
73200,299827200,9.91143,0.0276782,0.00882353,15.7319,0.566429,8.80269,29.3919,48.5788,0.242772,0.0270182
73224,299925504,9.91192,0.0339453,0.0208401,17.404,0.571876,9.27536,29.1667,48.0936,0.251967,0.0270691
73248,300023808,9.91167,0.0313522,0,16.5183,0.593177,9.41088,29.1357,50.5009,0.25376,0.0276286
73272,300122112,9.91066,0.0319789,0,15.5515,0.589398,8.61792,29.267,53.088,0.24708,0.0276896
73296,300220416,9.91008,0.0177595,0.0069008,15.4132,0.522367,8.56752,29.4972,49.5065,0.249254,0.0284017
73320,300318720,9.90991,0.0233394,0.0156276,15.3064,0.570435,8.48644,28.7573,48.2374,0.250652,0.0286051
73344,300417024,9.91055,0.0290189,0.0238453,15.4776,0.559541,8.77502,29.1279,51.9865,0.250751,0.0289001
73368,300515328,9.91098,0.0419296,0.0195914,15.0908,0.528619,8.55019,29.0364,51.138,0.250338,0.0289714
73392,300613632,9.91138,0.0547654,0.0188155,15.6539,0.555406,8.65947,29.2025,53.0899,0.256698,0.0294088
73416,300711936,9.91083,0.0217679,0.0137352,14.0888,0.494757,7.63694,29.0577,49.0328,0.256143,0.0298767
73440,300810240,9.91138,0.0153544,0.0200884,15.0333,0.562134,8.28333,28.8707,50.6013,0.243461,0.0292664
73464,300908544,9.91094,0.0156557,0.00640091,14.6565,0.506076,7.61435,29.0345,47.1698,0.251304,0.0284526
73488,301006848,9.91072,0.0258732,0.00694794,15.8599,0.559803,8.83235,28.8936,45.3299,0.247042,0.0288289
73512,301105152,9.91125,0.0252587,0.00919681,14.9607,0.532691,7.93435,28.8767,52.548,0.248699,0.028595
73536,301203456,9.91041,0.0169314,0.00726593,13.9052,0.517114,7.27199,29.0881,45.0933,0.254682,0.0288086
73560,301301760,9.91014,0.0513274,0.00995135,13.9813,0.519578,7.84384,28.9564,47.9852,0.24807,0.0294189
73584,301400064,9.91016,0.0275839,0.00482943,15.7388,0.535893,8.71629,29.1154,51.1415,0.251866,0.0286255
73608,301498368,9.91041,0.0128018,0.00857633,14.571,0.531255,8.27691,29.1634,52.4819,0.249931,0.027832
73632,301596672,9.90979,0.040323,0.0343815,16.1811,0.576631,9.18445,28.9122,54.0167,0.259487,0.0277507
73656,301694976,9.90972,0.0491319,0.00876446,15.787,0.503741,9.26659,28.7941,50.5267,0.247129,0.0276591
73680,301793280,9.91014,0.0253901,0.00949387,14.9283,0.555448,7.76392,28.9361,46.3726,0.254657,0.0275269
73704,301891584,9.91045,0.0172981,0.0128917,15.1578,0.587812,7.7891,28.7164,45.9715,0.249,0.0272827
73728,301989888,9.91098,0.0486957,0.0192818,14.5962,0.578079,8.12227,29.1594,46.9583,0.251787,0.0273031
73752,302088192,9.91164,0.0228392,0.0149087,15.5021,0.548639,8.60413,28.9454,47.7572,0.25024,0.0272217
73776,302186496,9.91191,0.0309304,0.0144092,14.1078,0.557101,7.18211,28.8185,48.8711,0.256427,0.0273438
73800,302284800,9.91213,0.026595,0,14.1425,0.551872,7.83791,28.4498,48.7428,0.252149,0.0276998
73824,302383104,9.91209,0.0515543,0.0316456,14.3282,0.518053,7.27149,28.5952,45.5464,0.253764,0.0275777
73848,302481408,9.91166,0.0168024,0,16.6762,0.59559,8.22399,28.9454,43.5038,0.248896,0.0281677
73872,302579712,9.91136,0.0176644,0.00701995,16.0424,0.530417,9.64101,28.7602,52.667,0.247646,0.0279338
73896,302678016,9.91176,0.0457807,0.043036,15.885,0.554268,8.80795,28.992,52.2824,0.252029,0.0276998
73920,302776320,9.91178,0.0289439,0.00824419,16.7828,0.560857,9.43487,28.8662,49.2671,0.256524,0.0281982
73944,302874624,9.91146,0.0649906,0.0359384,16.668,0.579373,9.50319,28.8074,50.7661,0.25581,0.0290426
73968,302972928,9.91166,0.0312722,0.0177679,14.7929,0.542559,8.14592,28.701,50.0439,0.252513,0.0287069
73992,303071232,9.9114,0.0220545,0.0147004,13.7158,0.562221,7.09498,28.544,47.4902,0.24929,0.0284424
74016,303169536,9.91133,0.0402362,0.025196,15.1431,0.597167,8.45973,28.653,47.3142,0.249809,0.028127
74040,303267840,9.9115,0.0414703,0.0237624,15.112,0.56067,8.07994,28.7781,49.4753,0.250708,0.0285441
74064,303366144,9.91153,0.0344714,0.0201192,14.5218,0.570988,7.95755,28.7966,48.5449,0.250229,0.0281169
74088,303464448,9.91169,0.054115,0,15.9201,0.619166,8.25287,28.7056,52.8218,0.254073,0.0280151
74112,303562752,9.91087,0.0260548,0.00675448,14.0913,0.516902,7.65589,28.7891,45.2804,0.258431,0.0278931
74136,303661056,9.9104,0.0239132,0.00747619,15.5544,0.595548,8.61571,28.7652,53.0424,0.252278,0.0273234
74160,303759360,9.91047,0.0467928,0.0278081,13.4755,0.592227,6.72258,28.2652,50.6323,0.256214,0.0270691
74184,303857664,9.91076,0.0323284,0.0387532,16.0266,0.574913,8.2078,28.8266,50.0294,0.255504,0.0272725
74208,303955968,9.91053,0.0209313,0.00619524,16.4089,0.556542,9.44833,28.4381,49.6593,0.25509,0.0275981
74232,304054272,9.91023,0.0295651,0.0311641,15.6901,0.572589,8.65505,28.5263,50.8658,0.258614,0.0274658
74256,304152576,9.90964,0.0156531,0.00516811,15.9327,0.540793,8.95325,28.4155,49.5192,0.252575,0.0276591
74280,304250880,9.90852,0.0225776,0.0172818,15.5214,0.535814,8.16411,28.6298,50.6205,0.257574,0.0278727
74304,304349184,9.90822,0.0448584,0.0594214,15.2572,0.56024,9.18702,28.4923,51.9593,0.252254,0.0269165
74328,304447488,9.90823,0.0655083,0,14.7155,0.589716,7.94909,28.5635,49.4791,0.264019,0.026886
74352,304545792,9.90818,0.0241646,0,15.2958,0.620776,8.21861,28.704,49.6416,0.258211,0.0269063
74376,304644096,9.90821,0.0242102,0.0143037,17.4931,0.543115,10.7802,28.1208,48.9955,0.249623,0.0269877
74400,304742400,9.90814,0.0210604,0.0242732,15.1892,0.594069,8.6739,28.5415,47.5307,0.250032,0.0260925
74424,304840704,9.90813,0.0353221,0.0306346,16.0438,0.568253,8.53706,28.3099,53.825,0.250842,0.0251973
74448,304939008,9.90797,0.0383277,0.00647339,17.6903,0.556121,10.766,28.2275,52.4595,0.255338,0.0252889
74472,305037312,9.90752,0.0208121,0.00784538,15.5831,0.566941,8.61318,28.3195,52.0055,0.253075,0.0249532
74496,305135616,9.90723,0.0470627,0.0467673,14.7768,0.499416,7.57679,28.1107,44.6998,0.258417,0.0252177
74520,305233920,9.90684,0.0350097,0,15.0673,0.5412,8.07519,28.3713,46.8915,0.25345,0.0255127
74544,305332224,9.9062,0.0166519,0.00573212,15.7357,0.550914,8.61976,28.5229,48.426,0.259465,0.0248718
74568,305430528,9.9056,0.0289607,0.0095553,16.6033,0.554069,9.89022,28.1503,52.0352,0.247578,0.0244039
74592,305528832,9.90536,0.0278047,0.0216268,14.2164,0.570209,7.50802,28.4272,46.9479,0.259302,0.0243632
74616,305627136,9.906,0.041387,0.0167448,15.4208,0.57895,7.54219,28.1434,49.6256,0.255868,0.0244548
74640,305725440,9.90556,0.0578888,0.0585013,17.4255,0.600236,10.4333,28.3126,51.77,0.251674,0.0238749
74664,305823744,9.90469,0.00931831,0.0146826,15.1883,0.499379,8.2216,28.504,48.5795,0.255571,0.0243225
74688,305922048,9.90447,0.0239435,0.00764841,16.0396,0.562865,9.04832,28.5653,47.8789,0.258221,0.0240275
74712,306020352,9.90419,0.0268075,0.0208768,16.308,0.559588,9.31497,28.7017,48.3482,0.251556,0.0233053
74736,306118656,9.90431,0.0214496,0.00736454,14.6431,0.484432,8.04367,28.0798,44.7353,0.250151,0.0224813
74760,306216960,9.90407,0.024977,0.0120907,16.5489,0.516178,9.08618,28.2555,51.7503,0.248584,0.0221049
74784,306315264,9.9035,0.0219595,0.0110011,14.4812,0.537437,8.30977,28.3518,51.5783,0.250283,0.0215861
74808,306413568,9.90374,0.0211356,0.0122451,15.8276,0.545129,9.14051,28.3228,51.0191,0.257493,0.0209757
74832,306511872,9.90451,0.0464336,0.0500656,14.9722,0.549803,8.18157,28.4579,47.0581,0.24743,0.0204875
74856,306610176,9.90462,0.0351661,0,15.8152,0.486254,8.97239,28.5007,51.2497,0.245923,0.02005
74880,306708480,9.90425,0,0,15.0827,0.529194,9.00303,28.0081,48.0759,0.257196,0.0203044
74904,306806784,9.90417,0.0492552,0.0444586,15.64,0.51883,9.30504,28.236,50.0946,0.254706,0.0196126
74928,306905088,9.90426,0.0259663,0.0121233,13.8237,0.472774,7.21173,28.4067,49.8396,0.251578,0.0184835
74952,307003392,9.90447,0.0182187,0,16.159,0.555725,9.51553,29.0138,50.4639,0.252772,0.0176595
74976,307101696,9.90521,0.0318636,0.0223069,15.8541,0.505913,9.73623,28.589,48.9417,0.252782,0.0172221
75000,307200000,9.90623,0.0729282,0.0201246,14.3935,0.550005,7.7203,28.4388,49.0897,0.255045,0.0170898
75024,307298304,9.90701,0.0450046,0.0204545,16.785,0.566209,10.2702,28.7863,48.2024,0.245503,0.016805
75048,307396608,9.90684,0.0333087,0.0156199,15.8041,0.568397,9.15359,28.827,48.5209,0.244879,0.0166219
75072,307494912,9.90639,0.0327739,0.0124324,16.9199,0.5378,9.59278,28.6128,54.0598,0.253768,0.0164591
75096,307593216,9.90647,0.0123502,0,16.9198,0.532902,9.8629,28.7334,45.7718,0.249623,0.0166524
75120,307691520,9.9064,0.0401951,0,15.7983,0.560606,8.83338,29.0068,52.1516,0.245236,0.016866
75144,307789824,9.906,0.0447327,0.0289057,15.3574,0.534679,9.13476,28.2553,53.0035,0.252925,0.0170797
75168,307888128,9.90541,0.0285468,0.0110349,15.1391,0.543641,8.04581,28.3773,50.113,0.242855,0.0167135
75192,307986432,9.90414,0.0347536,0.0237869,14.8894,0.536608,8.40115,28.784,50.4964,0.254145,0.0159302
75216,308084736,9.90453,0.024032,0.0155635,15.1567,0.579046,8.08876,28.6116,51.7294,0.248902,0.0154317
75240,308183040,9.90455,0.0202335,0.0235988,15.5,0.562947,9.44934,29.2266,50.6715,0.248867,0.0156148
75264,308281344,9.90448,0.0454294,0.0115626,16.3633,0.543393,9.99234,28.5753,52.9383,0.248031,0.0149434
75288,308379648,9.90451,0.0215048,0,13.9902,0.523379,7.01466,28.5521,47.8098,0.244637,0.0143636
75312,308477952,9.90349,0.0291626,0.0217663,15.0191,0.504548,8.56503,28.4198,47.1139,0.258861,0.0156759
75336,308576256,9.90371,0.030748,0.0202436,15.4219,0.571967,8.96093,28.7705,46.4774,0.249406,0.0156453
75360,308674560,9.90391,0.0162791,0,18.446,0.560847,9.83176,28.1125,50.8035,0.250206,0.0151672
75384,308772864,9.90446,0.0190719,0.01782,14.1341,0.522281,7.67237,28.7274,49.0117,0.249332,0.0149434
75408,308871168,9.90502,0.0320668,0.0118948,15.2136,0.517242,8.47999,28.7583,49.7284,0.24286,0.0151367
75432,308969472,9.90496,0.021673,0.00647489,15.7443,0.570196,9.0922,28.6656,51.0495,0.256295,0.0155233
75456,309067776,9.90483,0.0175857,0.011244,14.7365,0.512011,8.78023,28.8867,50.7933,0.252893,0.0152181
75480,309166080,9.90561,0.0532801,0.0226301,15.3557,0.574505,8.79988,28.7963,50.1513,0.267293,0.0154419
75504,309264384,9.906,0.0373407,0.0117846,15.0894,0.534769,8.51399,29.1293,48.2736,0.24299,0.0148621
75528,309362688,9.90687,0.0221429,0.0188093,14.5094,0.532842,8.39463,28.9743,49.4803,0.256325,0.0144145
75552,309460992,9.90657,0.0187584,0.0113851,15.4237,0.529058,8.39182,28.908,49.2537,0.2493,0.0140279
75576,309559296,9.90518,0.0285814,0,14.7269,0.518056,8.29696,29.1145,50.9827,0.248094,0.0149536
75600,309657600,9.90507,0.0149737,0,15.6049,0.53499,9.03479,29.4605,48.451,0.247179,0.0146586
75624,309755904,9.9056,0.0187438,0.0074146,14.4087,0.553618,7.55649,28.8616,45.0778,0.256266,0.014801
75648,309854208,9.90569,0.0151206,0,18.0603,0.549217,8.50011,29.1278,46.63,0.259403,0.0148112
75672,309952512,9.9054,0.0253642,0.0156911,16.0028,0.543421,8.8051,29.3687,51.7032,0.255264,0.0141296
75696,310050816,9.90576,0.0695994,0.0761366,15.5269,0.485133,8.92271,29.3541,44.2126,0.246366,0.013855
75720,310149120,9.90553,0.0308014,0.0382196,16.6536,0.605641,9.53461,29.6969,48.2412,0.251878,0.0145162
75744,310247424,9.90577,0.0244424,0.0110893,15.7024,0.569855,8.827,29.624,50.1262,0.252362,0.0151469
75768,310345728,9.90554,0.0278986,0.0127988,15.9723,0.577854,9.46949,29.6315,51.1199,0.24985,0.0151571
75792,310444032,9.90677,0.0243585,0.0333829,16.8999,0.53218,9.49691,29.1209,52.4761,0.25877,0.0160217
75816,310542336,9.90702,0.0376005,0.020483,15.3556,0.55128,8.33724,29.7031,52.064,0.253445,0.0165304
75840,310640640,9.90698,0.0648343,0.0275599,14.9274,0.536702,7.9152,29.8153,51.3235,0.250741,0.0167745
75864,310738944,9.90721,0.0547047,0.0435475,14.5392,0.566724,7.38888,29.777,49.2379,0.252743,0.0169067
75888,310837248,9.90746,0.0234958,0.0118886,15.3081,0.556675,8.0026,29.6937,47.2377,0.253683,0.0172729
75912,310935552,9.9073,0.0225369,0.0172868,14.8004,0.537641,8.3085,29.4168,48.1104,0.254076,0.0177002
75936,311033856,9.90815,0.0573577,0.0635161,14.3466,0.531501,7.52572,29.4207,45.8799,0.248963,0.0179749
75960,311132160,9.90865,0.0258746,0.0192712,14.8611,0.501666,8.41142,29.6323,47.9749,0.248896,0.018158
75984,311230464,9.90871,0.0479803,0.0206497,13.433,0.528714,6.93958,29.7276,50.6811,0.256368,0.0185547
76008,311328768,9.90856,0.0423471,0.0113645,15.0712,0.529597,8.3449,29.7929,51.2505,0.249363,0.0189006
76032,311427072,9.90858,0.0489696,0.027533,14.5154,0.515016,7.40977,29.9289,48.6105,0.253504,0.0193583
76056,311525376,9.90873,0.00825991,0.00462392,16.328,0.586584,8.58023,29.7085,46.5333,0.254374,0.0196025
76080,311623680,9.90921,0.0142857,0.0133245,15.5815,0.533791,8.44437,29.9876,47.4934,0.253733,0.0198059
76104,311721984,9.90931,0.0459683,0.0401875,15.0458,0.550618,8.01051,30.3893,47.5191,0.250888,0.02005
76128,311820288,9.90963,0.0434241,0.0291132,14.5953,0.529643,8.2135,30.311,45.9097,0.253118,0.019928
76152,311918592,9.91001,0.035861,0.0221519,15.3754,0.581246,8.85075,30.0281,48.1528,0.250225,0.0203247
76176,312016896,9.90979,0.0710523,0.0520053,13.8888,0.504521,7.5118,29.9473,47.8637,0.253622,0.0211487
76200,312115200,9.9095,0.0366935,0.0161417,13.8264,0.511042,6.88481,30.0776,46.2021,0.243847,0.0219523
76224,312213504,9.90941,0.0398302,0.0521698,15.0331,0.546545,8.30571,30.4076,51.615,0.252066,0.0217285
76248,312311808,9.90976,0.0297849,0.0163679,14.7653,0.578843,8.23985,30.6698,50.3,0.246664,0.0224202
76272,312410112,9.90963,0.0171371,0.00528402,14.992,0.555009,8.11047,30.3535,50.0024,0.245042,0.0230001
76296,312508416,9.90982,0.0331264,0.0495283,16.1367,0.565627,8.51081,30.574,47.8517,0.247665,0.0227051
76320,312606720,9.90967,0.0141345,0.00783144,15.2356,0.568702,8.56874,30.3775,48.7756,0.243406,0.0215149
76344,312705024,9.91021,0.0268436,0,16.3839,0.562668,9.60236,30.4753,55.108,0.25217,0.0216777
76368,312803328,9.91035,0.030013,0.0376861,15.3302,0.545464,8.89248,30.2886,52.6107,0.242772,0.0218811
76392,312901632,9.9105,0.0446868,0.0116807,15.8622,0.52681,8.92008,30.9354,51.2576,0.267313,0.0220947
76416,312999936,9.91041,0.0419672,0.0331475,14.5437,0.568135,8.11529,31.0517,50.1792,0.250683,0.0221049
76440,313098240,9.91038,0.049978,0.0249058,15.9102,0.546554,9.05934,30.2073,49.3432,0.246843,0.021932
76464,313196544,9.91014,0.0390879,0.0070318,14.8699,0.484169,8.28479,30.5952,46.8655,0.252222,0.021993
76488,313294848,9.91068,0.0352065,0.0277344,14.188,0.519544,7.91008,30.8355,46.4393,0.246469,0.0219116
76512,313393152,9.91146,0.0166606,0.00357037,13.7684,0.514634,7.25251,30.8662,47.9586,0.248265,0.0221456
76536,313491456,9.91209,0.0128591,0.0108659,16.0375,0.557404,8.88106,30.7726,43.9668,0.248737,0.0229492
76560,313589760,9.91304,0.0496608,0.0154548,15.0475,0.510091,8.24446,30.9787,51.7495,0.246465,0.0228475
76584,313688064,9.91302,0.0291094,0.0162891,15.6525,0.550884,8.8103,30.7686,51.8971,0.249689,0.0221354
76608,313786368,9.91317,0.0185258,0.0285367,16.522,0.558172,9.33618,30.4208,51.3351,0.252246,0.0222778
76632,313884672,9.91354,0.0244116,0.0238872,15.4286,0.531165,8.91773,30.8005,47.6835,0.238932,0.0223185
76656,313982976,9.91402,0.0261084,0.0216651,15.5876,0.528789,8.63259,31.282,50.8234,0.24366,0.0216675
76680,314081280,9.91448,0.0392943,0.0225402,16.9622,0.55767,9.67326,31.0267,49.9975,0.245829,0.0213827
76704,314179584,9.91463,0.0201547,0.00396563,15.4052,0.518805,8.78009,30.9353,52.2521,0.251122,0.0215759
76728,314277888,9.91541,0.0365457,0.00755939,14.9985,0.499396,8.8404,30.2111,50.0553,0.24458,0.0209351
76752,314376192,9.91593,0.0222793,0.0191445,15.7912,0.54453,9.23203,30.7543,50.6234,0.244732,0.0206909
76776,314474496,9.91656,0.0320396,0.00733464,16.5901,0.561429,10.0219,30.4411,50.3078,0.246959,0.0205282
76800,314572800,9.91647,0.041554,0.0102319,15.1171,0.562145,8.06252,30.2513,52.0364,0.246578,0.0196737
76824,314671104,9.91632,0.0111622,0.00659879,14.0888,0.53022,7.77513,30.2707,48.194,0.244687,0.0196228
76848,314769408,9.9161,0.0281138,0.0173671,15.8343,0.594087,9.39769,30.7033,55.7907,0.238945,0.0192057
76872,314867712,9.91611,0.0443547,0.0364693,16.0477,0.546469,8.9656,30.1092,48.7313,0.254118,0.0187887
76896,314966016,9.91621,0.0280754,0.023138,15.9309,0.54508,9.72921,30.2168,52.3435,0.249192,0.0184733
76920,315064320,9.91755,0.0529763,0.0721371,15.5889,0.572751,8.63132,29.7467,49.3987,0.244905,0.0178223
76944,315162624,9.91721,0.0270662,0.00914395,15.5717,0.510294,9.02872,30.1849,48.9114,0.258075,0.0177816
76968,315260928,9.91725,0.0125544,0,15.5413,0.551919,8.51064,29.9766,53.7816,0.244321,0.0172729
76992,315359232,9.91669,0.0257696,0.0206693,14.5729,0.550643,8.63463,29.8923,49.6145,0.250346,0.0176798
77016,315457536,9.91669,0.0157202,0,14.3608,0.58258,8.19478,30.066,44.7381,0.243552,0.017629
77040,315555840,9.91664,0.0397378,0.0469694,14.8573,0.492628,8.85372,30.2839,50.4294,0.256176,0.0174967
77064,315654144,9.91665,0.0515464,0.00995355,14.854,0.509414,7.86594,29.8409,47.9365,0.248024,0.0178731
77088,315752448,9.91698,0.0615836,0.0210615,16.1224,0.54634,8.77761,30.1267,43.8444,0.245852,0.0174154
77112,315850752,9.91689,0.0232674,0.00572269,15.8115,0.529318,9.82962,29.7181,52.5612,0.254257,0.0171916
77136,315949056,9.91634,0.0325386,0.031876,15.2573,0.519237,8.70969,29.7231,49.2595,0.246148,0.0175781
77160,316047360,9.91629,0.0341358,0.0311061,15.6484,0.54088,9.47207,29.7618,49.2314,0.243382,0.0177409
77184,316145664,9.91628,0.0276243,0.0162973,14.0503,0.522045,7.46569,29.465,47.3237,0.243106,0.0172323
77208,316243968,9.91673,0.0534217,0.0285555,17.9245,0.596022,9.9141,29.5999,55.7319,0.25147,0.0173442
77232,316342272,9.91749,0.0336943,0.0403633,15.109,0.546439,8.49822,29.7901,52.2796,0.248082,0.0173848
77256,316440576,9.91757,0.016051,0.0090917,15.0092,0.533283,8.90277,29.5072,50.6864,0.243121,0.0165507
77280,316538880,9.9174,0.020302,0.0177789,15.7488,0.538702,9.11054,29.5032,50.6637,0.250153,0.0166524
77304,316637184,9.91758,0.0348304,0.0173439,14.7494,0.545963,7.79141,29.4056,54.1545,0.248263,0.0163676
77328,316735488,9.91789,0.0505804,0.041779,14.7327,0.526396,8.50498,29.7803,51.9171,0.24624,0.0162659
77352,316833792,9.9168,0.020062,0.0238748,15.6589,0.553637,8.84195,29.5287,50.6749,0.241981,0.0161133
77376,316932096,9.91714,0.06388,0.0245834,15.2857,0.576145,7.72671,28.8621,47.3479,0.250001,0.0164083
77400,317030400,9.91667,0.0204235,0.00781924,15.9905,0.540991,9.55907,29.5013,53.2626,0.250304,0.0163981
77424,317128704,9.91627,0.0490243,0.00943396,15.7448,0.531604,9.55215,29.433,47.9049,0.244374,0.0165914
77448,317227008,9.91661,0.0629169,0.013807,14.8117,0.562692,8.40829,29.2962,49.4594,0.246224,0.017039
77472,317325312,9.91743,0.0264079,0.0242217,16.458,0.584874,9.40544,29.9115,50.4336,0.244808,0.0168254
77496,317423616,9.91698,0.0199778,0.00562467,15.1525,0.563023,7.94839,29.8454,45.4113,0.265193,0.0170797
77520,317521920,9.91672,0.0155458,0.0144718,16.9555,0.575285,8.81469,29.2806,45.3742,0.256727,0.017568
77544,317620224,9.91645,0.0322484,0.0148477,16.431,0.544494,9.67102,29.4663,53.065,0.248701,0.017334
77568,317718528,9.9169,0.0127766,0.0194346,15.6318,0.561028,8.94219,29.2868,51.6801,0.258777,0.0175273
77592,317816832,9.91658,0.0145849,0.0155539,15.6111,0.5286,8.98776,29.5956,51.1149,0.247784,0.0174052
77616,317915136,9.91682,0.0233447,0,14.6876,0.518674,8.27233,29.0714,49.582,0.249303,0.0172119
77640,318013440,9.91738,0.0423576,0.0210269,15.1523,0.497166,8.68497,29.1526,44.7119,0.24285,0.0170898
77664,318111744,9.91792,0.028908,0.0324584,15.6711,0.54395,8.53535,29.7985,50.7003,0.251561,0.0172628
77688,318210048,9.91802,0.0185574,0.0230385,15.7725,0.511528,9.34125,29.2525,48.1957,0.246847,0.0174255
77712,318308352,9.91796,0.00554593,0,13.854,0.534814,7.21975,29.6232,47.6726,0.235272,0.017334
77736,318406656,9.91763,0.0291642,0.0104146,13.3879,0.533069,7.49182,29.4007,51.0598,0.243569,0.0175374
77760,318504960,9.91745,0.048971,0.0430728,15.1425,0.54162,8.82441,29.6269,49.4973,0.246871,0.017334
77784,318603264,9.91769,0.0338364,0.0232702,15.421,0.530407,8.62922,29.6475,51.0324,0.242218,0.0173848
77808,318701568,9.91757,0.0381633,0.0365701,16.1542,0.559454,9.37054,29.6484,46.1777,0.250158,0.0172424
77832,318799872,9.9177,0.0281087,0.0157496,16.6607,0.548981,9.95474,29.9805,52.6921,0.244442,0.0169373
77856,318898176,9.91792,0.0128569,0,14.9436,0.554925,8.13039,29.6016,48.7884,0.25297,0.016744
77880,318996480,9.91801,0.0444432,0.0223334,14.8857,0.516383,7.60204,29.7708,53.2659,0.237516,0.0168762
77904,319094784,9.91874,0.0213749,0.00880272,14.272,0.521998,7.86731,29.6433,52.2905,0.23869,0.0169373
77928,319193088,9.91876,0.0300161,0.0151047,15.8634,0.519805,7.81511,29.7974,48.1069,0.244917,0.0171916
77952,319291392,9.91866,0.0285937,0.0276656,15.8391,0.532947,8.71012,29.8414,52.8212,0.246905,0.0170085
77976,319389696,9.91857,0.0547789,0.0225371,15.4414,0.518492,8.90826,30.1005,48.7539,0.245234,0.0173747
78000,319488000,9.91845,0.0109819,0.00738462,16.9857,0.584004,10.012,29.708,54.3744,0.241126,0.0170898
78024,319586304,9.9181,0.0272718,0,14.3185,0.50504,7.79064,29.7915,44.2973,0.262005,0.0173136
78048,319684608,9.91861,0.0237056,0,13.5281,0.537699,6.45776,29.9217,45.4512,0.250852,0.0174967
78072,319782912,9.91877,0.0229763,0.0117855,15.3899,0.547243,8.23018,29.9018,51.6791,0.243934,0.0175476
78096,319881216,9.91942,0.0313901,0.0176991,13.8738,0.542078,7.41574,29.6709,46.5713,0.242152,0.0180664
78120,319979520,9.91985,0.068598,0.0139312,16.2836,0.552871,8.70995,29.7947,50.1531,0.244515,0.0178833
78144,320077824,9.91955,0.0612627,0.0584353,14.0788,0.54618,7.57263,29.446,43.359,0.238112,0.0171305
78168,320176128,9.92021,0.0135525,0.00592739,15.4636,0.573286,8.97558,29.7599,49.328,0.247863,0.0168457
78192,320274432,9.9199,0.0468468,0.0126342,15.8837,0.520304,8.74751,29.9357,50.1458,0.24428,0.0164083
78216,320372736,9.91939,0.019828,0.0103573,16.1512,0.553279,9.00236,29.7576,49.7218,0.248493,0.0167135
78240,320471040,9.91873,0.0190832,0,13.6575,0.531516,6.95021,29.7245,49.0635,0.234591,0.0166117
78264,320569344,9.9189,0.0261738,0.00642585,14.5912,0.50176,7.59965,29.997,49.694,0.239687,0.0162862
78288,320667648,9.91927,0.0695271,0.0654002,15.1408,0.539166,8.4018,29.9196,53.529,0.251021,0.0160014
78312,320765952,9.91963,0.0233415,0.0198838,14.2281,0.500825,7.33265,29.5011,46.2587,0.240034,0.0162354
78336,320864256,9.91945,0.0358721,0.0164264,14.7835,0.531513,7.72395,30.1568,50.6613,0.248355,0.0164185
78360,320962560,9.91893,0.0572039,0.0477941,15.2327,0.542569,7.8511,29.8971,49.6221,0.2451,0.0163778
78384,321060864,9.91905,0.0414911,0.024387,15.3101,0.577505,8.33742,29.6802,45.0564,0.249315,0.0163676
78408,321159168,9.91917,0.0271467,0.019651,15.161,0.512292,8.54867,30.0702,49.8284,0.251715,0.0161336
78432,321257472,9.9187,0.0236047,0.0252608,15.6142,0.56333,8.90146,29.5337,47.7669,0.248531,0.0162354
78456,321355776,9.91906,0.0155678,0.00441548,15.7502,0.561542,8.80714,29.9552,53.2511,0.240635,0.0161336
78480,321454080,9.91932,0.0380544,0.0320141,15.9705,0.564059,7.73664,29.7381,53.2893,0.239475,0.0161845
78504,321552384,9.92001,0.0583742,0.0220024,14.6862,0.542505,8.55032,29.8875,53.3887,0.243532,0.0155131
78528,321650688,9.92081,0.0631759,0.0363355,13.9077,0.520144,7.63244,29.5568,51.6986,0.253369,0.0146077
78552,321748992,9.92107,0.0434721,0.0248831,15.2663,0.541529,7.47528,28.6159,44.2438,0.245272,0.0144958
78576,321847296,9.92109,0.0183951,0.0134638,15.1382,0.537842,8.67638,29.3421,51.338,0.243677,0.0139465
78600,321945600,9.92185,0.0702989,0.0511005,14.7159,0.505541,8.41871,29.4426,50.5572,0.2473,0.0137227
78624,322043904,9.92217,0.0827272,0.0722937,13.1953,0.556664,7.00641,29.1921,49.2933,0.243626,0.013682
78648,322142208,9.92277,0.0219218,0.0162133,14.8724,0.588097,7.80205,29.4491,51.9017,0.240172,0.0137431
78672,322240512,9.92324,0.0307977,0.00393301,15.6205,0.547533,8.46675,29.3854,48.9764,0.244881,0.0136922
78696,322338816,9.92291,0.0422654,0.0223752,15.3121,0.552889,7.9176,29.4555,47.9557,0.244335,0.0140076
78720,322437120,9.92275,0.0357739,0.0149739,15.8976,0.512966,9.34209,29.3941,52.8598,0.24031,0.0143229
78744,322535424,9.92295,0.010082,0.00467633,14.652,0.518777,8.13895,29.0134,48.5398,0.248033,0.0144043
78768,322633728,9.92276,0.0425749,0.0364554,14.9012,0.568032,8.02946,29.4368,50.0154,0.240476,0.0143941
78792,322732032,9.92281,0.0523101,0.00989881,14.924,0.525067,8.11012,29.1312,53.0436,0.249141,0.0141602
78816,322830336,9.92267,0.0469066,0.00674287,15.3132,0.494145,8.21101,28.912,50.6577,0.240079,0.0139567
78840,322928640,9.92283,0.0467776,0.012298,15.6678,0.538262,8.88974,29.0181,51.4822,0.24142,0.01415
78864,323026944,9.9215,0.0282672,0.0170655,15.3446,0.492439,8.64585,28.777,49.3451,0.251371,0.0145976
78888,323125248,9.92133,0.0451753,0.0261102,16.0414,0.550662,9.86405,29.3588,50.1406,0.25036,0.014679
78912,323223552,9.92122,0.0243757,0.00619003,16.5284,0.549179,9.81103,29.0652,53.0541,0.245421,0.0149333
78936,323321856,9.92123,0.024381,0.00769583,14.5344,0.497961,7.5459,29.0326,48.2314,0.239542,0.0148621
78960,323420160,9.92039,0.0317768,0.00604386,16.408,0.517661,9.81652,28.8098,53.2736,0.259966,0.0150146
78984,323518464,9.92037,0.0334286,0.0156857,13.787,0.52244,6.88538,28.7235,48.614,0.242462,0.0154622
79008,323616768,9.92098,0.00379219,0,14.4691,0.473977,8.32508,29.1711,48.2683,0.248177,0.0152791
79032,323715072,9.92118,0.0244688,0.0185742,15.2685,0.507729,8.40007,29.3319,50.9285,0.24171,0.0151164
79056,323813376,9.92142,0.0376948,0.0342902,14.4158,0.548168,7.27875,28.9701,45.6151,0.245599,0.014801
79080,323911680,9.9214,0.0507784,0.0158428,15.7634,0.590783,9.33163,28.8244,48.9732,0.247671,0.0148214
79104,324009984,9.92098,0.0235279,0,15.606,0.575344,8.49554,29.2885,50.0508,0.242833,0.0151672
79128,324108288,9.92053,0.038982,0.0222093,16.173,0.574159,9.31453,28.8035,50.3136,0.248403,0.0156759
79152,324206592,9.9209,0.0200871,0.00633083,15.3869,0.532222,8.7014,28.7518,49.5224,0.251984,0.0156962
79176,324304896,9.92118,0.0223155,0,14.9878,0.561607,8.13868,28.7262,50.9966,0.247326,0.0161031
79200,324403200,9.92165,0.0120821,0.00566011,14.3942,0.523887,7.76139,28.7825,45.4996,0.248718,0.0156047
79224,324501504,9.92205,0.0448262,0.0263868,15.1834,0.51702,8.20907,28.5938,48.9896,0.251776,0.0150045
79248,324599808,9.92225,0.0504658,0.0407886,15.1282,0.498081,8.38578,28.8352,47.6763,0.243087,0.0153097
79272,324698112,9.92266,0.013383,0.011858,16.5962,0.563287,9.2622,28.8689,50.8544,0.253919,0.0154419
79296,324796416,9.92269,0.0446335,0.0259863,14.7302,0.499483,8.15556,28.6878,53.2929,0.243707,0.01592
79320,324894720,9.92375,0.059123,0.00795061,16.7518,0.553816,8.75133,28.0228,47.9919,0.247695,0.0163167
79344,324993024,9.92431,0.0742517,0.061925,16.1783,0.519964,8.12542,28.802,49.7264,0.249199,0.0172119
79368,325091328,9.92408,0.0346538,0.0248218,14.7937,0.531392,7.8748,28.2528,46.9764,0.251634,0.0172628
79392,325189632,9.92354,0.0288237,0.00540394,17.2905,0.585065,9.61879,29.1433,52.0068,0.247365,0.017568
79416,325287936,9.92326,0.0201869,0.0160472,15.0639,0.530572,8.14889,29.0135,46.6634,0.246625,0.0179342
79440,325386240,9.92292,0.0395761,0.0474727,15.3783,0.541415,8.03372,28.1628,50.9619,0.251348,0.0176697
79464,325484544,9.92285,0.00524607,0.00934372,15.0076,0.49336,8.49957,28.8477,47.6136,0.248898,0.0177205
79488,325582848,9.92345,0.0387545,0.0246555,14.6315,0.494615,7.61134,28.9931,48.8804,0.244787,0.0174459
79512,325681152,9.92345,0.0372782,0.0321292,15.7925,0.524167,8.5915,28.8767,50.2192,0.252006,0.0174662
79536,325779456,9.92392,0.0538962,0.01822,14.4334,0.524736,7.88243,28.8608,47.1068,0.254411,0.0179545
79560,325877760,9.92451,0.0346388,0.0271151,15.1446,0.570982,8.53709,29.2923,49.3623,0.250698,0.0181681
79584,325976064,9.92528,0.0556435,0.0752088,13.6108,0.515067,6.95928,29.2752,46.8604,0.245829,0.0185242
79608,326074368,9.92617,0.0188041,0,14.5145,0.549051,8.28454,28.6265,51.4095,0.24105,0.0191345
79632,326172672,9.92575,0.0149066,0.0100227,17.4632,0.579622,9.46568,29.0191,50.3887,0.250669,0.0195618
79656,326270976,9.92497,0.0352054,0.0133045,14.8264,0.540963,8.04976,28.9793,50.5707,0.248485,0.0197144
79680,326369280,9.92463,0.0441395,0.015873,15.5978,0.517067,8.65784,28.8678,50.5482,0.247984,0.020579
79704,326467584,9.9245,0.04822,0.0505473,16.2014,0.519278,9.74414,28.947,52.7655,0.253001,0.0208232
79728,326565888,9.92388,0.0516482,0.0299971,16.5564,0.536049,9.70544,29.2569,51.9616,0.246604,0.0210164
79752,326664192,9.92404,0.0381698,0.0158061,15.4604,0.554868,9.07902,28.9647,51.0708,0.244944,0.0209961
79776,326762496,9.92438,0.040868,0.048005,15.588,0.516622,8.16299,29.5546,50.3928,0.250441,0.0213827
79800,326860800,9.92434,0.0112317,0,15.963,0.545545,8.99015,29.0025,52.0895,0.241828,0.0223694
79824,326959104,9.92435,0.0486312,0.022409,16.593,0.540984,9.93034,29.092,52.0482,0.250934,0.0229594
79848,327057408,9.9239,0.0243536,0.0231959,15.212,0.518105,8.23995,28.962,44.2004,0.257931,0.0232646
79872,327155712,9.92347,0.0188343,0,15.0807,0.526983,8.28739,29.4901,49.1274,0.243464,0.0227153
79896,327254016,9.92367,0.0420092,0.0442772,17.6609,0.637817,10.6358,29.3164,52.4715,0.246514,0.0225118
79920,327352320,9.92374,0.0439331,0.0438931,16.0976,0.539657,10.2014,29.3729,51.9224,0.240549,0.0223694
79944,327450624,9.92379,0.03271,0,14.9479,0.50804,7.74391,29.4198,48.4691,0.250687,0.0224202
79968,327548928,9.92387,0.0558669,0.0330588,13.9116,0.524721,7.59835,29.6636,46.8889,0.252696,0.0217082
79992,327647232,9.92382,0.0117598,0.0149436,17.8931,0.572103,11.0119,29.6153,50.8316,0.24122,0.0212402
80016,327745536,9.92377,0.0399743,0.0275021,14.2318,0.530929,7.52285,29.7663,50.0679,0.252523,0.0214132
80040,327843840,9.92463,0.00695779,0.0114792,15.5732,0.557088,8.7817,29.5251,47.9885,0.241365,0.0214132
80064,327942144,9.92496,0.023735,0.00752587,15.5859,0.514603,8.84082,29.7461,48.2986,0.252082,0.0215149
80088,328040448,9.92511,0.0302198,0.0306958,14.8128,0.534724,7.37975,29.804,46.411,0.245849,0.0212402
80112,328138752,9.92478,0.0518006,0.0449443,14.8322,0.535938,7.86252,29.9339,49.479,0.25041,0.0207825
80136,328237056,9.92548,0.010661,0.00624795,16.3421,0.565763,9.76438,29.8092,48.421,0.249958,0.020223
80160,328335360,9.92548,0.0189676,0,15.5803,0.52748,8.94728,30.1245,49.2795,0.246165,0.020518
80184,328433664,9.9256,0.0154089,0.0223577,15.0132,0.523569,8.65727,29.8107,49.4898,0.24299,0.0204875
80208,328531968,9.92601,0.0221268,0.0205865,19.3685,0.576805,12.1699,30.0919,53.9281,0.243637,0.0206909
80232,328630272,9.92624,0.027116,0,15.168,0.489043,8.55196,29.7078,50.4567,0.244675,0.0209351
80256,328728576,9.92614,0.0339125,0.00689157,16.2707,0.496164,9.57773,29.6393,55.6855,0.246136,0.0209351
80280,328826880,9.92642,0.0707743,0.01381,13.0457,0.494378,7.27334,30.4267,51.0466,0.254824,0.0210876
80304,328925184,9.92702,0.0295088,0.0328839,17.3245,0.546356,10.1143,29.9969,49.3309,0.253078,0.0204163
80328,329023488,9.92703,0.0208255,0.0107864,15.826,0.565963,8.74971,29.999,50.5738,0.245301,0.0193278
80352,329121792,9.92682,0.0430674,0.0403446,15.732,0.530346,8.92446,29.5088,53.0266,0.244439,0.0187073
80376,329220096,9.92662,0.0255971,0.0320415,14.6655,0.542087,8.38181,30.0041,51.149,0.242975,0.0184835
80400,329318400,9.92654,0.0221301,0.0196788,14.5518,0.540214,7.6317,29.902,46.9761,0.247895,0.0183614
80424,329416704,9.92595,0.0580561,0.0145914,15.1939,0.529708,8.08803,29.852,51.8649,0.250517,0.0183818
80448,329515008,9.92616,0.0726041,0.0139027,16.1348,0.542079,9.20324,29.7856,51.613,0.249034,0.0180461
80472,329613312,9.9258,0.0492847,0.0202886,14.5576,0.513002,8.03423,29.7966,49.6673,0.243723,0.0186157
80496,329711616,9.92552,0.017431,0.0142817,17.3199,0.562595,10.0682,29.7878,49.6959,0.245715,0.019043
80520,329809920,9.92573,0.0270115,0.0148652,15.6866,0.505583,7.55568,29.913,46.8172,0.247989,0.0189921
80544,329908224,9.92574,0.034631,0.0174617,14.9753,0.546993,8.56036,29.2188,51.2638,0.247283,0.0189819
80568,330006528,9.92538,0.0735938,0.0495244,14.6098,0.51882,7.58172,29.1549,52.5938,0.241096,0.0187378
80592,330104832,9.92492,0.0385901,0.0340527,14.9386,0.539127,8.34109,29.8503,51.1156,0.24668,0.0189412
80616,330203136,9.92489,0.055355,0.0266881,14.9023,0.521159,8.25782,29.79,46.0347,0.24553,0.0184631
80640,330301440,9.92498,0.061291,0.031121,15.253,0.536162,8.38475,29.6936,47.5904,0.246721,0.01828
80664,330399744,9.92526,0.041991,0.0293413,17.021,0.550996,9.00667,29.7074,50.3284,0.247983,0.0184937
80688,330498048,9.92502,0.069496,0.0654849,14.7154,0.49095,8.38817,29.3728,48.2126,0.250252,0.0177612
80712,330596352,9.92482,0.02868,0.0221987,13.3886,0.557568,6.90783,29.6415,49.2534,0.246136,0.0171305
80736,330694656,9.92514,0.0580445,0.0202929,15.0899,0.552631,8.11066,29.5759,48.833,0.246176,0.0170492
80760,330792960,9.92584,0.0278219,0.0281294,14.4383,0.53963,6.97103,29.4194,46.3394,0.249464,0.0171102
80784,330891264,9.92588,0.0270214,0.0234558,16.2137,0.558842,8.53909,29.479,48.9601,0.250202,0.0164286
80808,330989568,9.92581,0.0301887,0.00524934,16.0306,0.560332,9.82143,29.7118,47.9898,0.249913,0.0155029
80832,331087872,9.92632,0.0262179,0.0284762,15.6209,0.523695,8.88799,30.0748,51.7632,0.250422,0.0145569
80856,331186176,9.92647,0.093188,0.0302976,15.292,0.543222,8.88344,29.638,47.266,0.268763,0.014211
80880,331284480,9.92667,0.040459,0.0209544,16.6929,0.626425,8.72259,29.0806,46.7741,0.254494,0.014506
80904,331382784,9.92673,0.0309943,0.022614,15.7039,0.549636,8.53605,29.6064,51.0563,0.24885,0.0146281
80928,331481088,9.92721,0.0519362,0.0356802,14.9821,0.528871,8.02834,29.7054,51.1046,0.24584,0.0147807
80952,331579392,9.92739,0.0278931,0,15.0538,0.530134,8.40676,29.1472,48.1047,0.249093,0.0149841
80976,331677696,9.92751,0.077679,0.0295802,14.2106,0.473419,8.17403,29.3378,46.7385,0.245534,0.0149536
81000,331776000,9.92754,0.021031,0.016375,14.5228,0.52457,7.7255,29.3098,45.4289,0.244751,0.0149129
81024,331874304,9.9274,0,0,14.8246,0.528379,8.20113,29.03,49.4857,0.244597,0.0147196
81048,331972608,9.92772,0.029295,0.0262146,14.4316,0.491554,8.06401,29.0426,50.214,0.254789,0.0149434
81072,332070912,9.92717,0.058504,0.00621912,13.3539,0.466516,7.06578,28.8466,45.9938,0.24443,0.0150146
81096,332169216,9.92725,0.0267115,0,14.8467,0.516777,8.32883,29.2379,49.3359,0.245842,0.0152791
81120,332267520,9.92664,0.0205465,0.0133823,16.0299,0.573961,8.90801,29.4226,47.3606,0.249741,0.0158895
81144,332365824,9.9265,0.0351324,0.0332448,15.1314,0.506961,8.5082,29.1204,51.4629,0.247895,0.0161031
81168,332464128,9.92667,0.0317015,0.0226046,15.6842,0.570294,8.34546,28.8387,46.3657,0.241546,0.0166423
81192,332562432,9.92738,0.0415876,0.0112303,13.1618,0.518542,7.10543,28.7682,48.397,0.244772,0.0169271
81216,332660736,9.92736,0.0298686,0.0315399,15.2143,0.546467,8.93319,28.7745,50.1668,0.251443,0.0169779
81240,332759040,9.92809,0.0228016,0,14.1705,0.53496,7.44427,29.4045,50.3177,0.251913,0.0167542
81264,332857344,9.92843,0.0379179,0,14.8999,0.519619,8.09268,28.6093,47.9438,0.247585,0.0169983
81288,332955648,9.92854,0.0247474,0.0453343,14.6399,0.545672,7.48839,28.3676,45.8634,0.250318,0.0171
81312,333053952,9.92907,0.0181193,0.00961538,15.8807,0.55942,9.03027,28.9527,53.3676,0.243771,0.0170898
81336,333152256,9.92982,0.0618102,0.0469925,15.7911,0.556068,8.82354,28.8638,51.8776,0.248469,0.0170085
81360,333250560,9.92991,0.0208739,0.0169436,14.8519,0.52445,7.84709,28.0623,43.5479,0.247182,0.0171
81384,333348864,9.92972,0.0449587,0.0257732,15.233,0.532405,8.86682,28.4919,48.4724,0.244481,0.0174052
81408,333447168,9.92949,0.0189634,0.00999963,14.9771,0.58391,8.5082,28.8289,50.4578,0.239028,0.0171
81432,333545472,9.92952,0.0201858,0.0112721,15.7696,0.563535,9.23058,28.7352,49.1108,0.249095,0.0167033
81456,333643776,9.92961,0.0586842,0.0190762,14.682,0.513226,7.62514,28.5069,48.1259,0.267897,0.0166423
81480,333742080,9.93029,0.0148626,0.0140841,16.4686,0.591424,9.93669,28.6437,51.1982,0.243691,0.0160522
81504,333840384,9.93026,0.0597744,0.0215783,15.9849,0.517039,9.50387,28.8056,51.4968,0.247165,0.0160217
81528,333938688,9.92957,0.0173045,0.00917993,15.3614,0.555713,8.52015,28.6734,50.3571,0.25046,0.0157776
81552,334036992,9.92969,0.0742932,0.0365882,14.2595,0.545221,8.03216,28.5051,48.4047,0.240156,0.0154419
81576,334135296,9.93037,0.0358149,0.0130532,14.1406,0.557678,8.20108,28.5281,50.2151,0.250687,0.0155131
81600,334233600,9.93119,0.0420029,0.0174423,14.5937,0.5143,7.35882,28.6116,50.4059,0.246504,0.015686
81624,334331904,9.93119,0.0461608,0.0361622,16.3846,0.539691,8.95577,28.4871,44.6937,0.248262,0.0155843
81648,334430208,9.93155,0.0672605,0.0369537,14.2065,0.49001,7.79288,28.3062,50.6453,0.258471,0.0159709
81672,334528512,9.93135,0.0330152,0.0314035,15.7436,0.532078,8.89967,28.2915,49.261,0.255372,0.0155741
81696,334626816,9.93128,0.0261557,0.0100775,15.5735,0.505501,8.3679,28.6602,51.2367,0.24554,0.0155233
81720,334725120,9.93112,0.0382592,0.00793526,13.462,0.558588,7.3805,28.1493,46.6392,0.252186,0.0159098
81744,334823424,9.9308,0.0604282,0.0614646,15.0789,0.529354,8.28627,28.2481,48.3409,0.24563,0.0165507
81768,334921728,9.93084,0.0380376,0.0323489,15.6767,0.550809,9.04525,28.1365,53.5854,0.250654,0.0171407
81792,335020032,9.93074,0.0396056,0.00447761,15.2617,0.529099,9.07269,28.07,49.8577,0.242125,0.017334
81816,335118336,9.93115,0.0584823,0.0451435,15.3169,0.511991,9.09355,28.1171,53.8009,0.250672,0.0178426
81840,335216640,9.93115,0.0163387,0.00433705,15.7884,0.569892,8.70595,28.0948,51.6485,0.248347,0.0180664
81864,335314944,9.93158,0.0473602,0.00513084,14.3926,0.531794,8.13733,28.0825,49.6354,0.249171,0.0181173
81888,335413248,9.93119,0.0403831,0,14.5062,0.543783,7.71088,27.8467,44.471,0.243106,0.0177307
81912,335511552,9.93182,0.0411811,0.0183697,13.941,0.544064,7.17517,27.8408,44.8475,0.246462,0.0174459
81936,335609856,9.93185,0.0581604,0.0152513,14.297,0.518947,7.67391,28.0806,49.256,0.246986,0.0171509
81960,335708160,9.93195,0.0535797,0.0273304,14.9437,0.512564,8.84637,27.8358,48.3476,0.242372,0.0168864
81984,335806464,9.93173,0.0303521,0.00653245,14.2725,0.515924,7.37925,27.8534,50.7176,0.250172,0.0170898
82008,335904768,9.93226,0.0414376,0.0299057,15.9123,0.525499,9.57442,28.097,54.2673,0.250314,0.0169576
82032,336003072,9.93235,0.0549729,0,14.7614,0.605143,8.12226,28.0943,49.5019,0.248521,0.0168152
82056,336101376,9.93204,0.045884,0.00603682,14.8626,0.564937,8.07866,28.2368,47.3564,0.260282,0.0163676
82080,336199680,9.93243,0.0483271,0.0108932,16.1797,0.484492,9.85268,27.9145,50.4009,0.247264,0.0166728
82104,336297984,9.93275,0.0403892,0.00927782,14.8841,0.521234,8.64258,28.4184,51.8582,0.245824,0.0159098
82128,336396288,9.93248,0.0641346,0.0302913,15.0117,0.534224,7.82696,28.0157,49.3052,0.250813,0.0150655
82152,336494592,9.93227,0.0302373,0.0275748,17.1206,0.607816,8.63427,27.2524,48.2754,0.243261,0.0149943
82176,336592896,9.93215,0.0261568,0,13.5786,0.520066,7.44087,27.8217,48.8461,0.25318,0.0145671
82200,336691200,9.9324,0.0673014,0.0468307,14.5146,0.552865,7.72275,27.9457,45.8871,0.254071,0.0147095
82224,336789504,9.9319,0.0795907,0.0474533,14.8524,0.531426,8.05744,27.7612,51.2037,0.251617,0.0147196
82248,336887808,9.93099,0.0728618,0.0508279,15.2123,0.52244,7.86178,27.6753,48.4282,0.256473,0.0149028
82272,336986112,9.93036,0.0555709,0.0416043,14.4188,0.527103,7.78942,27.4585,48.0192,0.241093,0.0150452
82296,337084416,9.93066,0.0451488,0.0256254,15.6328,0.575187,8.9796,28.199,49.2231,0.245284,0.0148824
82320,337182720,9.93016,0.0541674,0.0121402,13.9025,0.515082,7.88157,27.7742,48.8962,0.252221,0.0152486
82344,337281024,9.93024,0.0167601,0.00982472,15.1861,0.544508,8.68641,27.8578,50.8247,0.249894,0.0155334
82368,337379328,9.92917,0.0961538,0.0171779,15.213,0.528877,8.84342,27.3855,49.4868,0.244171,0.0158081
82392,337477632,9.92861,0.0266972,0.0253581,15.2108,0.502817,8.74815,28.0615,49.6697,0.256055,0.0161133
82416,337575936,9.92881,0.0483777,0.0218144,15.7814,0.576699,8.88413,27.8018,47.2561,0.24948,0.0164795
82440,337674240,9.92841,0.0378223,0.0190422,14.3063,0.569865,6.82974,27.5677,48.1867,0.246099,0.0167542
82464,337772544,9.92801,0.0126412,0,16.098,0.532514,8.8796,27.7735,47.6458,0.252262,0.0171102
82488,337870848,9.92801,0.0623761,0.029026,16.7414,0.550524,9.91081,27.9198,54.262,0.249479,0.0174662
82512,337969152,9.92847,0.0284746,0.00790068,15.3727,0.562174,8.75155,28.2314,50.3643,0.248659,0.0173747
82536,338067456,9.9288,0.0287179,0.0227151,17.1186,0.605809,9.30296,28.3498,49.1643,0.245819,0.017334
82560,338165760,9.92913,0.0371475,0,13.8475,0.506792,7.61184,27.8479,45.2356,0.25069,0.0172017
82584,338264064,9.92873,0.0654901,0.0590243,14.4033,0.573672,8.00446,28.0528,51.6639,0.239292,0.0165507
82608,338362368,9.92888,0.0239628,0,14.1213,0.552217,7.43667,27.9662,49.5319,0.25367,0.0161133
82632,338460672,9.92915,0.0192495,0,15.3706,0.581203,8.43603,28.4676,50.1669,0.25417,0.0158691
82656,338558976,9.92914,0.0182279,0.0188016,15.6325,0.518068,9.82424,28.2143,50.4827,0.2548,0.0152384
82680,338657280,9.92849,0.047865,0.0457865,14.9273,0.567614,7.90753,28.2043,46.6872,0.248248,0.0150045
82704,338755584,9.92873,0.0548503,0.0159116,15.3309,0.577214,8.92767,28.3446,50.1001,0.244848,0.0148722
82728,338853888,9.92923,0.0127338,0.0143384,15.5078,0.53268,8.85346,28.0784,48.1672,0.252146,0.014679
82752,338952192,9.92922,0.0201789,0.00718276,16.6764,0.544008,9.66438,28.1407,49.6467,0.253747,0.0146281
82776,339050496,9.92876,0.0273315,0.0217122,15.6843,0.560079,8.76317,28.2186,50.8134,0.246631,0.0144958
82800,339148800,9.92894,0.0683753,0.0610215,13.7204,0.490829,6.87762,27.9116,47.3509,0.258794,0.0148722
82824,339247104,9.92843,0.0268458,0.0165615,15.0572,0.604846,7.99029,28.2187,47.2171,0.245153,0.0152995
82848,339345408,9.92808,0.0430419,0.037037,15.7174,0.547917,8.47918,28.4331,48.4498,0.248376,0.0157572
82872,339443712,9.92815,0.0370391,0.0350053,15.4309,0.539331,8.20509,28.4986,49.7029,0.255469,0.0162964
82896,339542016,9.92852,0.0267962,0.0065463,15.1249,0.546072,7.74168,28.1555,48.3002,0.249047,0.0167948
82920,339640320,9.92913,0.0371755,0.0160428,14.5911,0.573282,7.21995,28.1355,47.4965,0.254541,0.0167542
82944,339738624,9.92975,0.0410454,0.0347708,14.0229,0.54333,7.51743,28.1656,50.6889,0.252475,0.0170492
82968,339836928,9.92988,0.0139858,0,15.2997,0.547185,8.6034,27.7823,48.9351,0.251886,0.0168152
82992,339935232,9.9293,0.0213092,0.0117543,14.7707,0.534999,8.13575,28.1772,50.0374,0.243438,0.0171611
83016,340033536,9.92871,0.0464312,0.0296606,14.3774,0.535381,7.56092,28.3467,48.1986,0.252157,0.0176392
83040,340131840,9.92881,0.0276424,0.0307377,14.5583,0.546699,7.46371,28.3845,51.0314,0.255568,0.0187073
83064,340230144,9.92876,0.00999334,0.00629723,15.8535,0.546166,8.52954,28.1061,52.6758,0.254543,0.0195211
83088,340328448,9.92949,0.0142465,0.0133576,16.5549,0.639038,9.25795,28.662,49.8112,0.253679,0.0213623
83112,340426752,9.9302,0.0437706,0.0214386,15.2216,0.573189,7.83889,28.0745,50.7346,0.245696,0.0226542
83136,340525056,9.93049,0.0378264,0.0185236,15.0041,0.560901,8.40701,28.1049,50.287,0.253507,0.0224813
83160,340623360,9.93044,0.0473946,0.0445141,14.9055,0.551335,7.47467,28.2263,47.3838,0.252377,0.0229492
83184,340721664,9.93015,0.0459479,0.0499653,14.8027,0.51644,8.49712,28.2858,47.3033,0.25743,0.0240275
83208,340819968,9.93023,0.0482722,0.0599792,15.1501,0.540187,8.45246,27.9022,50.4615,0.247184,0.0243937
83232,340918272,9.93058,0.0326259,0.0139321,16.6624,0.571057,8.67218,27.8404,44.7125,0.258126,0.0248617
83256,341016576,9.93047,0.0327417,0.0087618,16.9638,0.552581,10.2931,27.9085,54.2601,0.246479,0.0247599
83280,341114880,9.93,0.0597436,0.0216094,15.1102,0.534521,8.44189,27.8955,50.3221,0.244859,0.0250753
83304,341213184,9.93069,0.0282965,0.0302797,15.0451,0.54931,8.126,28.1248,52.4213,0.247694,0.0258179
83328,341311488,9.93071,0.0516416,0.0223007,15.5957,0.528369,8.48769,27.8666,48.3039,0.265255,0.0263977
83352,341409792,9.93097,0.0570557,0.0138185,14.9007,0.551885,8.3838,27.9196,51.4312,0.245687,0.0265503
83376,341508096,9.93104,0.0341908,0.00889416,14.2924,0.583965,7.64043,28.2333,52.959,0.246738,0.026591
83400,341606400,9.9312,0.0333414,0.0300226,15.814,0.564762,8.3516,27.9164,49.7717,0.242805,0.0262858
83424,341704704,9.93063,0.0249676,0.0251004,14.938,0.534506,7.93647,27.6122,50.0825,0.244734,0.0264994
83448,341803008,9.93051,0.0448027,0.0244929,14.6024,0.516595,8.14918,27.9133,52.3233,0.246585,0.0268656
83472,341901312,9.93033,0.0352742,0.0174764,14.6089,0.533897,7.92551,28.027,46.8272,0.252073,0.0268962
83496,341999616,9.93028,0.0461478,0.0417227,13.6076,0.497082,7.60417,27.7694,46.1738,0.244404,0.0274556
83520,342097920,9.92926,0.0391217,0.0278305,16.5769,0.57237,10.8833,27.8596,51.144,0.250102,0.0286153
83544,342196224,9.92898,0.0492731,0,13.9836,0.558371,7.75678,27.5277,45.9171,0.249475,0.0293986
83568,342294528,9.92875,0.0285502,0.0273839,14.5517,0.552175,7.71137,27.4434,53.5005,0.252823,0.030009
83592,342392832,9.92744,0.0113159,0,15.083,0.563051,8.02364,28.1153,52.376,0.247994,0.0310974
83616,342491136,9.92644,0.0827399,0.0741119,15.0621,0.565285,8.60254,27.8158,50.0155,0.246528,0.0319316
83640,342589440,9.92618,0.0469823,0.034823,16.2274,0.554781,9.49771,27.6257,48.5124,0.25116,0.0321655
83664,342687744,9.92499,0.0265306,0.0111304,15.9706,0.553921,8.98331,27.6692,47.7734,0.245588,0.0329285
83688,342786048,9.92443,0.0300638,0.0242803,15.8032,0.553935,9.22533,27.8932,49.6517,0.24834,0.0329997
83712,342884352,9.92424,0.0819545,0.0339872,13.8261,0.537051,7.18945,27.5442,47.5121,0.242055,0.033254
83736,342982656,9.92361,0.081784,0.0449356,14.769,0.508456,8.10939,27.5813,50.2187,0.251949,0.0333252
83760,343080960,9.92322,0.0196158,0.00580431,15.9384,0.550913,8.99873,27.7186,51.049,0.241901,0.0334269
83784,343179264,9.92258,0.029852,0.014991,15.1242,0.521623,8.33762,27.0675,49.9537,0.251094,0.0333455
83808,343277568,9.92144,0.0321491,0.00629421,15.4965,0.548883,8.34552,27.7259,52.2518,0.237347,0.0328979
83832,343375872,9.92095,0.0470805,0.0375269,14.4047,0.527191,7.9501,27.5093,50.2314,0.248913,0.0321248
83856,343474176,9.92105,0.0529359,0.0371875,16.2571,0.602362,9.17708,27.6365,49.7644,0.246147,0.0321147
83880,343572480,9.92047,0.0310522,0.00793726,14.695,0.538201,7.9098,27.6269,47.3118,0.244371,0.0321248
83904,343670784,9.9201,0.0460334,0,15.2655,0.544336,8.87137,27.6935,53.2863,0.253718,0.0323283
83928,343769088,9.92072,0.0435095,0.0183028,15.6574,0.551593,8.03469,27.0157,51.0667,0.254499,0.0328674
83952,343867392,9.92114,0.0211051,0,15.414,0.525345,8.98504,27.3647,50.5349,0.24799,0.0329285
83976,343965696,9.92136,0.0255325,0.00886151,16.2496,0.550404,8.39882,27.6186,52.7289,0.255374,0.0330912
84000,344064000,9.92161,0.0231176,0.0118094,15.6175,0.554275,8.48873,27.5086,53.7589,0.257078,0.033193
84024,344162304,9.92196,0.0790598,0.0329041,15.1597,0.487788,9.12856,27.4716,49.2008,0.25104,0.0326742
84048,344260608,9.92191,0.0245064,0.00823529,14.7313,0.560616,7.4178,27.1989,47.034,0.253993,0.0315247
84072,344358912,9.92139,0.0528872,0.0254717,15.7463,0.531889,9.23273,27.5394,50.3739,0.250789,0.0305786
84096,344457216,9.92131,0.0594714,0.0408669,14.3127,0.529834,7.93578,27.2686,48.4133,0.251668,0.0284322
84120,344555520,9.92163,0.04539,0.00921861,17.0376,0.533335,9.90171,27.187,50.2871,0.256462,0.0284119
84144,344653824,9.92106,0.0513858,0.0274466,16.331,0.567538,9.06378,27.2658,49.3616,0.259518,0.0282288
84168,344752128,9.92112,0.0319504,0,15.0249,0.510926,8.70834,27.085,50.7955,0.250833,0.0276693
84192,344850432,9.92076,0.0386668,0.0282307,15.4538,0.561275,8.6022,27.1305,47.3447,0.252218,0.0268148
84216,344948736,9.92142,0.0539084,0.0333849,14.477,0.545621,7.95713,27.5838,48.6465,0.251525,0.0264181
84240,345047040,9.92218,0.0475804,0.018622,15.5212,0.532671,9.17926,27.6047,50.7831,0.24561,0.0259603
84264,345145344,9.9224,0.0915065,0.0526921,14.9395,0.563489,8.85092,27.42,51.2067,0.246706,0.0255229
84288,345243648,9.92161,0.0610187,0.015136,15.6364,0.510712,8.91262,27.7617,53.3468,0.257264,0.0256958
84312,345341952,9.92149,0.0573033,0.0316779,14.9373,0.559006,8.35268,27.1709,48.9365,0.248765,0.0255432
84336,345440256,9.92128,0.0165599,0.00634048,14.656,0.545347,8.03444,27.5556,47.0459,0.246747,0.0246175
84360,345538560,9.92147,0.0263011,0.0202825,15.1999,0.532539,8.36682,27.7841,49.8886,0.279848,0.0242513
84384,345636864,9.92147,0.0403568,0.0215245,17.4258,0.555781,9.50232,27.6436,50.2122,0.24929,0.0244141
84408,345735168,9.92133,0.0453614,0.0427553,15.6721,0.555213,8.75258,27.536,49.5412,0.250023,0.0250244
84432,345833472,9.92111,0.0579324,0.0242923,14.4748,0.541164,8.03451,27.6011,52.4112,0.249907,0.0249023
84456,345931776,9.9213,0.0286201,0.0221922,14.7172,0.564291,7.42609,27.4243,44.2125,0.251671,0.0246175
84480,346030080,9.92108,0.0608523,0.0655808,15.0717,0.522979,8.07365,27.9343,52.7392,0.246989,0.0246073
84504,346128384,9.92095,0.045059,0.0376682,15.0143,0.513736,8.7381,27.8547,50.3743,0.248823,0.0239868
84528,346226688,9.92153,0.0312125,0.0268654,14.8748,0.51444,8.06411,27.695,46.7129,0.251362,0.022939
84552,346324992,9.92157,0.0475927,0.0175087,14.958,0.533457,8.3505,27.7666,51.3189,0.260175,0.0232239
84576,346423296,9.92093,0.079696,0.0516137,15.4632,0.528222,9.56143,27.6306,48.6448,0.244049,0.0233459
84600,346521600,9.92149,0.0452445,0.0355054,16.0819,0.551741,9.41991,27.8769,48.2002,0.251571,0.0228271
84624,346619904,9.92128,0.0314386,0.0567642,15.409,0.556287,8.05496,27.8193,46.7901,0.250099,0.0226746
84648,346718208,9.9207,0.042882,0.00577748,16.7845,0.493878,10.4406,27.8995,56.6028,0.249347,0.0232544
84672,346816512,9.92064,0.0276223,0.019769,15.179,0.539096,8.82828,27.8747,45.646,0.250352,0.0227356
84696,346914816,9.9203,0.0529928,0,15.953,0.508025,9.8791,27.8173,47.3018,0.246013,0.0227559
84720,347013120,9.92031,0.0427913,0,15.6156,0.521397,9.74029,28.1279,50.1269,0.247462,0.0226949
84744,347111424,9.91976,0.013739,0.015389,15.3162,0.580828,8.90034,27.9771,48.8665,0.257594,0.0226949
84768,347209728,9.91922,0.0287221,0.0171506,15.98,0.539909,9.56673,28.4043,50.8482,0.259732,0.0226135
84792,347308032,9.91848,0.0296545,0,13.9519,0.514328,7.64541,27.2764,47.2566,0.250484,0.0231222
84816,347406336,9.91708,0.0165198,0,16.37,0.538566,9.36084,27.9818,49.7306,0.252749,0.0232849
84840,347504640,9.91697,0.0614348,0.0113581,14.9146,0.507336,8.59162,28.0914,52.8759,0.245893,0.0234477
84864,347602944,9.91677,0.0282966,0.0116347,14.7404,0.523341,8.37578,28.1692,47.9384,0.243162,0.0233866
84888,347701248,9.91646,0.0476799,0.0226904,15.8097,0.531844,9.21538,27.9015,47.3162,0.249655,0.0226847
84912,347799552,9.91623,0.0356082,0,14.9441,0.529738,8.24248,27.6605,51.0061,0.24522,0.0221863
84936,347897856,9.91508,0.0545295,0.0352038,15.1914,0.549606,8.80731,28.5114,50.6975,0.240508,0.0222778
84960,347996160,9.9147,0.0532941,0.0177132,15.6388,0.58409,9.38751,27.9412,48.8204,0.245083,0.0215251
84984,348094464,9.91464,0.0426111,0.0223518,15.9102,0.619392,9.32606,28.3989,47.4716,0.250424,0.0212402
85008,348192768,9.91426,0.0643674,0.0320678,15.6307,0.575914,9.07494,28.0655,53.1135,0.244657,0.0210673
85032,348291072,9.91451,0.0714894,0.0494474,17.0582,0.546928,10.1789,27.8125,49.3188,0.244838,0.0210876
85056,348389376,9.91443,0.0370105,0.0450465,15.0928,0.547792,7.38319,28.1744,47.022,0.248724,0.0212606
85080,348487680,9.91503,0.0193611,0.0236686,16.0982,0.532722,9.4459,28.0377,52.0779,0.251464,0.0210978
85104,348585984,9.91473,0.0255516,0.0259516,16.6556,0.575352,10.2138,28.177,49.2449,0.275022,0.0208842
85128,348684288,9.91505,0.0225637,0.0116492,16.2339,0.575606,9.19465,28.2416,50.9639,0.25357,0.0208842
85152,348782592,9.91554,0.0410938,0.0107143,16.4927,0.579907,10.2363,27.7918,47.1032,0.248072,0.0205994
85176,348880896,9.91607,0.0201959,0,15.0726,0.549228,8.45237,28.31,49.5731,0.246822,0.0202128
85200,348979200,9.91671,0.059264,0.0169475,14.3921,0.532256,7.95303,28.173,44.705,0.248165,0.0200602
85224,349077504,9.9174,0.0237846,0.0190528,13.6557,0.556721,7.62071,28.2703,51.4167,0.245372,0.0198466
85248,349175808,9.91746,0.0361659,0.0288132,15.5242,0.549746,8.54095,28.1618,48.7636,0.251664,0.0197754
85272,349274112,9.91748,0.0578917,0.0195085,16.5711,0.5433,10.544,28.1976,51.7534,0.246942,0.0196025
85296,349372416,9.91769,0.0401257,0.0385567,13.971,0.520641,6.73249,27.9546,45.0085,0.244914,0.0189819
85320,349470720,9.9178,0.071617,0.0234715,14.8025,0.547329,8.38256,28.2856,50.72,0.245069,0.0187988
85344,349569024,9.91855,0.0704861,0.0438846,14.6603,0.525094,8.62627,27.9972,52.2637,0.252948,0.0191549
85368,349667328,9.91861,0.0333715,0.0230607,14.7248,0.533901,8.36685,27.7563,48.0199,0.249609,0.0189718
85392,349765632,9.91866,0.00664622,0,14.812,0.511385,8.31637,28.5327,48.9807,0.245285,0.0183207
85416,349863936,9.91915,0.0356138,0.0181299,15.409,0.547485,8.40508,28.226,50.5941,0.247362,0.0173543
85440,349962240,9.91909,0.0491149,0.0484802,15.2889,0.531298,8.85146,28.039,49.6048,0.252255,0.0170186
85464,350060544,9.91961,0.0665284,0.0316701,16.8269,0.533815,10.4308,27.9682,49.8471,0.24659,0.016154
85488,350158848,9.92026,0.0570829,0.0316264,15.1685,0.508807,8.22354,28.0044,48.9342,0.244529,0.015625
85512,350257152,9.91973,0.0487318,0.0139635,13.8262,0.506828,7.40778,28.3861,51.4966,0.24221,0.0155029
85536,350355456,9.91913,0.0202824,0.00919601,15.3442,0.559643,9.34122,27.9949,48.9112,0.242856,0.0153402
85560,350453760,9.9196,0.0361007,0.00690133,16.664,0.534129,9.59463,28.1879,52.883,0.251871,0.0143229
85584,350552064,9.92038,0.026199,0.00871876,16.2232,0.544514,8.73565,28.121,52.0768,0.245787,0.0140889
85608,350650368,9.92013,0.0415902,0.0413036,13.8064,0.539807,7.49812,27.8217,50.1525,0.247543,0.0143941
85632,350748672,9.92016,0.0921243,0.0217793,15.5954,0.540364,9.99983,27.8388,50.5278,0.251862,0.0139262
85656,350846976,9.92002,0.048611,0.0266071,15.1759,0.522241,7.88773,28.2108,47.5388,0.256392,0.0137838
85680,350945280,9.91951,0.0346833,0.00395905,15.3752,0.528631,8.95555,28.1882,47.297,0.251089,0.0138753
85704,351043584,9.91911,0.0626226,0.0372564,15.089,0.513069,7.4577,28.0865,44.1486,0.246998,0.0141195
85728,351141888,9.91852,0.0590846,0.0340896,16.9144,0.515963,10.701,27.867,45.7241,0.252944,0.0147502
85752,351240192,9.9177,0.0248324,0.00701872,14.7203,0.554054,8.4241,27.7212,49.7632,0.249439,0.0142619
85776,351338496,9.91739,0.0493702,0.0458539,14.2379,0.495152,7.97605,27.9086,46.3931,0.247067,0.0138245
85800,351436800,9.91712,0.0959619,0.00472781,14.2371,0.533288,7.60133,27.63,50.5727,0.241558,0.0133667
85824,351535104,9.91671,0.0357591,0.0254934,14.932,0.553315,8.00242,27.8261,48.0237,0.244896,0.0134074
85848,351633408,9.9168,0.0291669,0.0121997,14.7916,0.521136,8.86759,27.9947,49.7649,0.251837,0.0135803
85872,351731712,9.91738,0.053281,0.0439955,17.0742,0.510158,10.282,27.6966,51.6225,0.247544,0.0133362
85896,351830016,9.91646,0.109438,0.0375004,13.4124,0.523614,7.12672,27.5085,47.8328,0.242415,0.0135295
85920,351928320,9.91639,0.0595591,0.00883931,15.4944,0.503448,8.45319,27.3622,50.3714,0.247808,0.0134684
85944,352026624,9.91624,0.0453169,0.021625,16.0468,0.592778,9.11128,27.3526,49.0055,0.254769,0.0133362
85968,352124928,9.91615,0.0631812,0.0198259,15.9597,0.532117,8.62966,28.0728,47.0232,0.25525,0.0137024
85992,352223232,9.91626,0.0299287,0.0309405,16.3759,0.555806,9.87434,27.6892,50.1051,0.243428,0.0137634
86016,352321536,9.91611,0.0477875,0.0354646,17.7725,0.538518,9.37768,27.7704,47.1117,0.245475,0.0137329
86040,352419840,9.91574,0.0275684,0.010352,16.022,0.576291,9.38352,27.9768,53.3284,0.24694,0.0142822
86064,352518144,9.9157,0.0524836,0.021634,13.8661,0.538181,7.94423,28.0345,51.4558,0.246883,0.0142721
86088,352616448,9.91536,0.0540394,0.0243764,14.2348,0.53412,7.74161,27.9,49.0704,0.246038,0.0145569
86112,352714752,9.91487,0.0465954,0.0378127,15.7923,0.525238,9.67682,27.8006,52.7028,0.246088,0.0145162
86136,352813056,9.91475,0.0619261,0.0482072,15.1645,0.562707,8.57585,28.1372,48.7884,0.243677,0.0144958
86160,352911360,9.91462,0.0302795,0.0114994,15.9464,0.576711,8.79552,28.0179,52.6758,0.247306,0.01474
86184,353009664,9.91426,0.0664147,0.0692725,14.4255,0.484735,8.22876,27.5979,48.4933,0.251029,0.0150757
86208,353107968,9.91407,0.0575442,0.0417362,14.503,0.518221,7.74382,28.0395,48.3423,0.249776,0.0155233
86232,353206272,9.91387,0.0753563,0.067017,14.6061,0.543215,8.23004,27.8556,51.8559,0.250262,0.015625
86256,353304576,9.91422,0.0244371,0.00613604,15.421,0.594046,8.46543,27.8198,47.3363,0.245498,0.015625
86280,353402880,9.9138,0.0780698,0.103247,15.8641,0.524858,9.04528,27.5626,49.7382,0.252171,0.0162354
86304,353501184,9.9142,0.025236,0.0200038,15.1719,0.537865,7.85094,27.6722,50.4816,0.250871,0.0167643
86328,353599488,9.91468,0.052975,0.0276017,17.5167,0.559125,10.5226,28.0318,52.6723,0.243091,0.0167948
86352,353697792,9.91474,0.0861,0.0392871,14.4687,0.516733,8.07037,27.9781,47.5714,0.250245,0.0171102
86376,353796096,9.9145,0.027907,0.00596125,15.7302,0.570773,9.34207,27.7879,51.7496,0.248802,0.0171
86400,353894400,9.91471,0.0356503,0.0142579,17.0572,0.614859,7.96526,27.1171,47.975,0.242443,0.0172526
86424,353992704,9.91506,0.0423889,0.0260663,15.2423,0.566292,8.59178,27.7137,47.0988,0.251627,0.0172933
86448,354091008,9.91477,0.0391403,0.0186256,14.5098,0.496175,7.97446,28.0311,47.7177,0.24724,0.0174866
86472,354189312,9.91454,0.0314422,0.00579374,14.5904,0.534374,7.85567,28.1358,50.3442,0.250032,0.01769
86496,354287616,9.91455,0.0567358,0.0402721,15.5642,0.558019,8.58001,28.2215,47.6962,0.244471,0.0182597
86520,354385920,9.91436,0.0330867,0.00995261,16.1916,0.556365,9.2371,28.2957,50.3067,0.248456,0.018748
86544,354484224,9.91351,0.0728045,0.0172622,17.2417,0.539109,10.3515,27.7755,49.7911,0.256087,0.0192566
86568,354582528,9.91321,0.0626929,0.0114473,15.1978,0.509111,8.69897,28.1038,43.8139,0.250988,0.019989
86592,354680832,9.91336,0.0161173,0.00822992,15.9012,0.522734,9.29539,28.2265,48.7965,0.253069,0.0198263
86616,354779136,9.91339,0.0289806,0.0434857,14.8779,0.577592,8.35001,28.081,50.4241,0.252748,0.0192871
86640,354877440,9.91359,0.0240282,0.0174359,13.3835,0.471435,7.59806,28.3015,48.7935,0.243942,0.0189616
86664,354975744,9.91342,0.0235324,0.0132225,17.6839,0.565195,8.27858,29.0241,50.3414,0.241131,0.0186056
86688,355074048,9.91311,0.0522627,0.0204841,14.6903,0.528429,8.44759,28.5359,46.8273,0.249148,0.0187073
86712,355172352,9.91261,0.0214275,0,15.3768,0.514625,8.24292,29.0258,46.3441,0.242241,0.0181478
86736,355270656,9.91228,0.0462045,0.0336806,14.654,0.535579,7.71671,28.2457,47.8926,0.246581,0.0173442
86760,355368960,9.91217,0.0508484,0.0188077,15.023,0.49712,8.58279,28.4743,52.9311,0.241411,0.0171509
86784,355467264,9.91179,0.0515923,0.0466868,16.0433,0.532361,9.14852,28.2711,48.426,0.244252,0.0172221
86808,355565568,9.91168,0.0333072,0,17.299,0.61657,9.48166,30.4404,45.1982,0.25839,0.0177816
86832,355663872,9.91219,0.0419946,0.0156528,15.9648,0.529991,9.08132,28.6672,48.6883,0.239279,0.0172221
86856,355762176,9.91263,0.035565,0.0433884,14.4319,0.493141,7.81191,28.469,53.8672,0.244417,0.0167542
86880,355860480,9.91291,0.0447838,0.0275948,15.7747,0.56167,8.73401,28.3648,51.5927,0.242855,0.0163066
86904,355958784,9.91282,0.0506722,0.0399674,15.7197,0.504988,9.77027,28.479,51.5918,0.245366,0.0164185
86928,356057088,9.91321,0.0342153,0.015288,18.4325,0.596701,10.0859,30.0551,46.7972,0.243157,0.0165202
86952,356155392,9.91275,0.0563022,0.0413142,15.2645,0.522765,8.581,28.5795,49.3547,0.248812,0.0167745
86976,356253696,9.91325,0.0751645,0.0732016,14.3403,0.570631,7.86019,28.6286,50.1563,0.238819,0.0164897
87000,356352000,9.91373,0.0266342,0.0447441,14.9071,0.490089,8.24334,28.1519,48.0423,0.245674,0.016276
87024,356450304,9.91438,0.0473684,0.041762,14.4878,0.501301,8.27349,29.0059,48.0196,0.250192,0.0158895
87048,356548608,9.91478,0.0241055,0.0100155,13.98,0.531523,7.10718,28.6026,41.8369,0.245961,0.015625
87072,356646912,9.91514,0.0346599,0.0410727,13.9623,0.54112,7.60756,28.4218,48.6505,0.244045,0.0152384
87096,356745216,9.91507,0.0388948,0.0197576,17.2245,0.583665,9.73496,28.853,50.7567,0.23973,0.0151571
87120,356843520,9.91509,0.0652362,0.057367,14.9585,0.528577,7.58189,28.8018,48.5949,0.235444,0.0145976
87144,356941824,9.91506,0.0385748,0.037478,17.0357,0.517081,10.4271,28.5631,49.9497,0.242164,0.0141296
87168,357040128,9.91549,0.0574825,0.0163977,15.1612,0.528754,8.51766,28.8092,51.3056,0.249962,0.01415
87192,357138432,9.91587,0.044648,0.0279888,13.2419,0.498297,7.1052,28.579,46.7126,0.25038,0.0142415
87216,357236736,9.91562,0.0445006,0.0201971,14.3386,0.536892,7.77342,28.9782,48.1431,0.2408,0.0138245
87240,357335040,9.91537,0.039315,0.0155985,14.7171,0.522297,8.34358,28.7332,47.9373,0.244965,0.0139872
87264,357433344,9.91575,0.0399926,0.022218,14.8853,0.5105,8.71213,28.9887,50.0896,0.251156,0.0143331
87288,357531648,9.91571,0.0603256,0.068239,12.8194,0.515078,7.02569,28.6669,48.2805,0.243741,0.0137431
87312,357629952,9.916,0.0209149,0.0254957,16.6704,0.584683,9.61519,28.8527,52.251,0.247428,0.0133667
87336,357728256,9.91732,0.0325828,0.0150905,14.068,0.48452,7.529,28.5576,47.4796,0.24466,0.0132548
87360,357826560,9.91838,0.0415089,0.0251367,16.4761,0.52166,10.0732,29.1097,52.1091,0.245131,0.012502
87384,357924864,9.91967,0.0798211,0.0230112,13.2008,0.496383,7.01552,29.1204,48.8571,0.242306,0.0124512
87408,358023168,9.91949,0.0616687,0.0256716,14.671,0.490822,7.85589,28.5623,49.5022,0.243308,0.0124207
87432,358121472,9.91863,0.0159159,0.0171343,15.9386,0.543558,9.34025,28.2885,53.6609,0.245207,0.0124512
87456,358219776,9.91866,0.0428907,0.0237042,15.1928,0.499211,8.26987,28.6552,51.9791,0.246163,0.0124105
87480,358318080,9.91837,0.0315755,0.0370338,14.5539,0.560283,8.46839,28.9359,49.0058,0.243043,0.012146
87504,358416384,9.91798,0.0142535,0.00812379,17.1884,0.602671,10.4742,28.283,51.2441,0.239255,0.0118103
87528,358514688,9.91798,0.041834,0.0192209,15.9553,0.567054,8.67398,29.0492,49.8659,0.241584,0.0110067
87552,358612992,9.91785,0.100254,0.0450481,14.3655,0.538254,7.97838,28.5332,50.7011,0.246446,0.0106608
87576,358711296,9.91792,0.0426768,0.0301013,13.5212,0.511802,7.254,28.6569,47.9522,0.245549,0.0100403
87600,358809600,9.91815,0.0167645,0.00837095,14.6136,0.506379,8.22186,28.5027,50.022,0.240064,0.00976562
87624,358907904,9.91968,0.0867004,0.0859258,14.8792,0.486376,7.17941,28.6374,52.1802,0.241526,0.00976562
87648,359006208,9.91912,0.0646037,0.0273978,16.3577,0.56493,8.44312,28.7292,48.8525,0.246181,0.0101624
87672,359104512,9.91907,0.0864302,0.0503486,14.2473,0.470887,7.60216,28.4688,48.4567,0.243072,0.0100301
87696,359202816,9.91887,0.0293456,0,15.5454,0.569727,9.08147,28.3759,49.1278,0.247871,0.0103963
87720,359301120,9.91819,0.0550779,0.0195597,15.6634,0.545583,7.55206,29.1816,47.3755,0.245314,0.0111694
87744,359399424,9.91815,0.0404991,0.0177315,14.0274,0.514419,7.13881,28.0159,47.7748,0.241866,0.0117188
87768,359497728,9.91761,0.0563178,0.0251673,15.8245,0.527133,8.65783,28.1352,50.9926,0.243184,0.0123189
87792,359596032,9.91656,0.0570117,0,15.0201,0.539161,7.61275,27.5485,47.5484,0.243194,0.0131226
87816,359694336,9.91658,0.0549135,0.0669268,14.9126,0.546649,7.2883,28.113,46.6413,0.243985,0.0135091
87840,359792640,9.91675,0.0435939,0.0125425,14.2705,0.526321,7.3713,28.3497,49.0451,0.24408,0.0145264
87864,359890944,9.91583,0.0556673,0.0423549,15.8209,0.540453,8.05892,28.3699,47.9997,0.249403,0.0152181
87888,359989248,9.91467,0.0473066,0.0425381,15.686,0.584413,8.35998,28.6196,48.1255,0.248663,0.0163981
87912,360087552,9.91355,0.060106,0.0370228,17.7133,0.56682,8.81334,29.2743,50.2694,0.306851,0.0186666
87936,360185856,9.91326,0.0466138,0.0223268,14.9361,0.550726,8.37329,28.0501,51.2881,0.245941,0.0189209
87960,360284160,9.91251,0.0419868,0.0342972,15.2594,0.564981,8.44796,28.099,48.6882,0.236325,0.0199076
87984,360382464,9.91113,0.0454732,0.0173712,14.6126,0.541738,7.1684,28.5888,47.2592,0.245756,0.0208944
88008,360480768,9.91048,0.04693,0.0257824,14.6859,0.493496,7.76098,28.0276,45.8378,0.249425,0.0214742
88032,360579072,9.9097,0.0378503,0,15.118,0.522851,8.4248,28.006,51.6451,0.247171,0.0223796
88056,360677376,9.90904,0.0638921,0.0386473,16.0266,0.533845,8.95996,27.8301,46.1295,0.248636,0.0224101
88080,360775680,9.90855,0.0278225,0.0169952,16.3866,0.557859,9.49481,28.2924,52.1084,0.248848,0.0226847
88104,360873984,9.90742,0.0208809,0.0133683,17.1282,0.620581,8.5608,27.7533,49.9331,0.248386,0.023112
88128,360972288,9.90594,0.048868,0.0237478,14.532,0.506432,7.60514,28.124,49.1713,0.24585,0.0239665
88152,361070592,9.90458,0.0266497,0.0336873,15.9632,0.556412,9.13575,27.7969,48.4477,0.246346,0.0248108
88176,361168896,9.90433,0.0505488,0.0484469,16.6738,0.530788,9.53187,28.3247,52.0685,0.242547,0.0243123
88200,361267200,9.90452,0.0318801,0.00907519,15.8766,0.571098,8.93953,28.5263,50.3919,0.243507,0.0240275
88224,361365504,9.90397,0.0608083,0.0183691,15.9406,0.590074,8.51971,28.4948,48.6019,0.240029,0.0251261
88248,361463808,9.90333,0.0642092,0.0271318,14.1703,0.556589,7.11677,27.4871,47.5517,0.245878,0.0262044
88272,361562112,9.9038,0.0448135,0.00866218,16.2758,0.577739,9.08051,28.1837,49.8205,0.243545,0.0264282
88296,361660416,9.90359,0.0653877,0.0322581,15.4016,0.499516,9.40603,27.7244,48.8253,0.247747,0.0270487
88320,361758720,9.90405,0.0369307,0.0303951,14.5881,0.508495,7.31588,27.2008,44.7734,0.237358,0.0273031
88344,361857024,9.90438,0.0662673,0.0379747,15.5405,0.55872,9.55804,27.3564,52.337,0.244178,0.0278727
88368,361955328,9.90401,0.0359541,0.025135,15.4826,0.5668,8.66031,27.6809,49.9513,0.243062,0.0282694
88392,362053632,9.90349,0.0405612,0.0147124,15.9649,0.533256,8.64759,27.5828,46.45,0.242406,0.0290426
88416,362151936,9.90353,0.0540748,0.0127109,15.109,0.540743,8.51835,27.9829,47.2518,0.240455,0.0292765
88440,362250240,9.90268,0.0276559,0.0184017,15.0719,0.536835,7.67502,27.4142,46.8848,0.242371,0.0298564
88464,362348544,9.90257,0.0244812,0.016431,15.7696,0.549276,8.61136,27.2751,50.3429,0.249448,0.0307617
88488,362446848,9.90354,0.0464179,0.0492732,15.1174,0.534916,8.6584,27.8839,49.9382,0.248291,0.031545
88512,362545152,9.9026,0.0550514,0.0313667,16.6346,0.566072,9.34916,28.0463,48.1013,0.242087,0.0322978
88536,362643456,9.90177,0.0428833,0.011654,16.7307,0.497727,8.39001,28.5194,50.6885,0.237601,0.0331116
88560,362741760,9.90198,0.0346751,0.0158847,16.4831,0.581476,8.85613,26.9035,53.386,0.24178,0.0335185
88584,362840064,9.90207,0.0475758,0.029252,13.894,0.515512,7.9259,27.3697,50.9262,0.248652,0.0337626
88608,362938368,9.90253,0.021333,0.0060184,14.5264,0.563784,8.46659,27.5545,50.199,0.24719,0.0341187
88632,363036672,9.90257,0.0467568,0.029178,17.2484,0.625768,9.21429,27.4687,56.5063,0.247622,0.0344238
88656,363134976,9.90218,0.0477741,0.0290848,16.3067,0.578778,8.76197,28.6359,45.8207,0.24326,0.0342407
88680,363233280,9.90155,0.0412783,0.0170944,15.3419,0.537619,9.12558,27.7272,49.8119,0.243378,0.0343119
88704,363331584,9.90104,0.0381659,0.0069433,16.3187,0.544324,9.4813,27.603,51.1093,0.249476,0.0342814
88728,363429888,9.90075,0.0285287,0.0127099,14.0319,0.536734,7.38215,27.8846,47.309,0.239231,0.0339457
88752,363528192,9.90024,0.0464006,0.0232951,14.8735,0.505538,8.40061,27.3381,46.8834,0.242063,0.033488
88776,363626496,9.90039,0.0577617,0.0351827,15.181,0.530512,8.22204,27.6337,48.0425,0.246355,0.032491
88800,363724800,9.90095,0.0650506,0.00936914,16.4006,0.599956,8.81391,28.4318,50.456,0.241279,0.0315755
88824,363823104,9.90152,0.0384966,0.0263985,16.3221,0.541112,9.00005,27.551,47.6804,0.23778,0.0310262
88848,363921408,9.90118,0.0600652,0.0102649,16.7041,0.547885,7.81909,27.8721,51.627,0.249478,0.0311788
88872,364019712,9.90138,0.0412727,0.00720432,15.5653,0.509533,9.19999,28.3175,49.9527,0.238186,0.0307719
88896,364118016,9.90107,0.0736426,0.0677465,14.5104,0.526845,7.74344,28.0198,46.2479,0.240856,0.029185
88920,364216320,9.90148,0.0497197,0.0684165,14.8649,0.535591,8.44483,28.0546,50.0608,0.248941,0.0275167
88944,364314624,9.90225,0.0183447,0.0113587,15.3887,0.560192,8.83634,28.1829,46.1829,0.236938,0.0270284
88968,364412928,9.90281,0.0347867,0.0153499,15.9565,0.532784,9.50947,27.8845,49.1585,0.240086,0.0255941
88992,364511232,9.90334,0.0401089,0.0139405,15.7114,0.535054,8.82896,27.661,51.2037,0.248783,0.0245565
89016,364609536,9.90304,0.084083,0.0238712,15.2031,0.527828,8.84832,28.1375,52.7327,0.245747,0.0241903
89040,364707840,9.90246,0.0441623,0.0159011,15.1429,0.537721,9.1509,27.9669,48.8117,0.238768,0.0234375
89064,364806144,9.90153,0.0592112,0.0303235,13.8722,0.53567,7.62373,27.9064,46.8266,0.243647,0.023173
89088,364904448,9.90147,0.0338403,0.0348642,14.9823,0.535276,7.69566,27.9484,48.192,0.240646,0.0227153
89112,365002752,9.90156,0.0655262,0.0133568,16.2725,0.530757,9.43173,27.284,48.8822,0.237395,0.0223592
89136,365101056,9.90244,0.0187697,0.00547146,14.8095,0.547673,8.57517,28.1112,48.3964,0.235845,0.0213318
89160,365199360,9.90292,0.0385368,0.0271186,15.5272,0.54591,9.28764,27.7871,47.9177,0.244647,0.021169
89184,365297664,9.90291,0.0667291,0.0373356,15.3738,0.558737,9.23962,27.8963,52.5932,0.239824,0.0214742
89208,365395968,9.90321,0.0709546,0.0187143,15.0333,0.52532,7.96607,27.984,49.679,0.23789,0.0212301
89232,365494272,9.90323,0.0710444,0.0556873,13.6639,0.510379,7.50351,27.8952,46.6165,0.238184,0.0199178
89256,365592576,9.90273,0.0910773,0.0611066,14.7738,0.499383,8.64835,27.7586,52.4677,0.238648,0.0185954
89280,365690880,9.90258,0.038506,0.0135619,16.304,0.545987,9.35762,27.7122,46.632,0.240159,0.0181986
89304,365789184,9.90353,0.03496,0.0247493,16.2831,0.576577,9.58267,28.0263,49.4192,0.239544,0.017568
89328,365887488,9.90419,0.0745318,0.039678,14.3326,0.559505,7.82521,27.9168,52.8408,0.238219,0.0169271
89352,365985792,9.90427,0.0364047,0.00632149,15.0249,0.542403,8.04414,28.1956,48.246,0.234346,0.0166117
89376,366084096,9.9043,0.015942,0.010989,15.3896,0.556117,8.67898,28.068,50.2662,0.239909,0.0163167
89400,366182400,9.90462,0.0193729,0.0160841,16.1091,0.564684,9.23228,27.8584,47.5003,0.242767,0.0160217
89424,366280704,9.90508,0.0401964,0.015656,14.1454,0.550875,8.35456,28.0747,47.9234,0.241826,0.0158997
89448,366379008,9.90534,0.0377949,0.00534291,14.1318,0.51657,7.46756,27.4998,49.4101,0.240132,0.0151265
89472,366477312,9.90575,0.0402204,0.0336,14.2028,0.499672,7.45098,28.1091,47.6092,0.235577,0.0141398
89496,366575616,9.90608,0.0283419,0,16.268,0.562504,8.83332,28.1772,50.0022,0.242255,0.0140889
89520,366673920,9.90584,0.05124,0.0427548,16.3274,0.526743,10.1149,28.0495,48.7928,0.240237,0.0138753
89544,366772224,9.90659,0.0384978,0.0171059,15.3352,0.541713,8.92975,28.0418,49.2893,0.241991,0.0130005
89568,366870528,9.90605,0.0282294,0.0381264,15.5261,0.575878,8.81684,27.5689,48.8394,0.238617,0.0132039
89592,366968832,9.90613,0.0598112,0.0110163,16.557,0.527606,10.129,28.3277,50.7305,0.23615,0.0132243
89616,367067136,9.90602,0.0161943,0.00851582,15.7322,0.537587,8.29736,27.3572,48.0471,0.238188,0.0136312
89640,367165440,9.90636,0.0493515,0.0306811,14.5184,0.530748,8.13228,27.9561,50.4261,0.239817,0.0132141
89664,367263744,9.90664,0.040681,0.0118005,15.7508,0.494741,8.81116,27.8738,52.7052,0.241067,0.0131429
89688,367362048,9.90646,0.0324742,0.00702752,15.7974,0.566019,9.06832,27.8047,51.0596,0.24952,0.0132446
89712,367460352,9.90633,0.0439151,0.0275354,14.8446,0.524779,8.27798,27.8219,55.5974,0.239797,0.0130208
89736,367558656,9.90496,0.0351963,0,16.6603,0.578929,9.4095,28.0894,52.7993,0.239553,0.0137329
89760,367656960,9.90389,0.0378931,0.0450775,14.1717,0.552778,7.3594,27.9675,46.5993,0.243087,0.0143636
89784,367755264,9.90285,0.0752113,0.0325099,14.4202,0.558033,8.19366,27.8044,52.3759,0.236737,0.0153809
89808,367853568,9.90244,0.0327144,0.00546001,14.18,0.532717,8.47653,27.9449,49.5364,0.239005,0.0155029
89832,367951872,9.90278,0.0278105,0.0273378,15.0748,0.486465,9.32956,27.6908,53.6205,0.24406,0.0152995
89856,368050176,9.9031,0.0384104,0.0120606,16.367,0.553073,8.71671,27.839,48.4104,0.244057,0.0146586
89880,368148480,9.90275,0.0482667,0,15.5209,0.57039,8.3469,28.0974,46.2846,0.245781,0.0147705
89904,368246784,9.90166,0.0226457,0.0146396,14.8048,0.508935,8.01757,27.7104,47.5219,0.24335,0.015564
89928,368345088,9.90117,0.0550733,0.0497408,15.5979,0.55698,8.58843,27.7922,51.32,0.246886,0.0158183
89952,368443392,9.90065,0.0665826,0,13.4128,0.514621,7.8184,28.0317,52.1049,0.247816,0.0156555
89976,368541696,9.90024,0.0734764,0.0649936,16.358,0.566179,9.50089,28.0518,55.049,0.24232,0.0162557
90000,368640000,9.90034,0.0312409,0.00610155,15.0683,0.550712,8.47954,27.9547,48.9305,0.244671,0.0167643
90024,368738304,9.90067,0.0454292,0.00606061,14.421,0.561437,7.86978,28.2601,50.4298,0.232429,0.0171305
90048,368836608,9.90075,0.053104,0.0469821,15.5935,0.551458,8.52112,28.2953,49.2867,0.249952,0.0169983
90072,368934912,9.90047,0.0294102,0,14.6372,0.496791,8.55624,27.9509,48.6346,0.240405,0.0168864
90096,369033216,9.9001,0.0293696,0.0211706,15.0365,0.523926,8.7231,27.7104,50.2974,0.242659,0.016866
90120,369131520,9.90044,0.0303222,0.0104937,15.0557,0.495772,8.16812,28.0352,48.6915,0.241344,0.0170898
90144,369229824,9.90004,0.0405033,0.018733,14.4988,0.514767,7.73096,28.2426,49.0187,0.248224,0.0176595
90168,369328128,9.89921,0.0578426,0.0185675,15.0616,0.521583,8.72742,27.6721,48.99,0.243013,0.0170898
90192,369426432,9.89964,0.0460481,0.029099,15.2661,0.545701,8.54118,27.955,49.006,0.243718,0.0170288
90216,369524736,9.90005,0.0521583,0.0121739,15.3524,0.533199,8.63788,27.9137,51.2954,0.248695,0.0169576
90240,369623040,9.9012,0.0377752,0.0144845,14.7788,0.536391,8.52836,28.0906,47.638,0.24764,0.0170898
90264,369721344,9.90171,0.0661333,0.0203401,14.8289,0.538061,7.74706,27.288,47.0225,0.243869,0.0173442
90288,369819648,9.90157,0.0438048,0.0538876,15.971,0.519611,8.36007,27.5006,50.0129,0.238033,0.017334
90312,369917952,9.9017,0.0283711,0.0127409,14.9342,0.517004,8.77214,27.3955,50.4873,0.246149,0.017334
90336,370016256,9.90163,0.0235625,0.0104634,15.1135,0.538791,8.35486,28.1694,51.8762,0.245943,0.0174561
90360,370114560,9.90186,0.0298732,0.0129175,16.2686,0.557198,9.1338,27.2016,46.4206,0.247767,0.0173543
90384,370212864,9.90281,0.0555024,0.031746,14.5542,0.492677,8.16254,27.2033,49.0116,0.248704,0.0170898
90408,370311168,9.90273,0.0437606,0.0339384,15.0213,0.543596,8.15357,27.3756,51.3933,0.248742,0.0167847
90432,370409472,9.90247,0.0636912,0.0295551,14.8799,0.545605,7.9663,27.3276,47.5647,0.245283,0.0167745
90456,370507776,9.90314,0.06215,0.0444281,12.774,0.534701,6.54669,26.8699,46.5946,0.241231,0.0166016
90480,370606080,9.90296,0.0884624,0.0610681,15.3084,0.520126,8.31275,27.3906,50.0747,0.23953,0.0165202
90504,370704384,9.90332,0.0738271,0.01336,15.4418,0.558071,8.85735,27.2222,50.8457,0.24817,0.0158183
90528,370802688,9.90396,0.0471023,0.0240976,13.4901,0.486945,7.06038,27.3855,47.2216,0.242207,0.0153809
90552,370900992,9.90426,0.029815,0.0125185,14.3906,0.519609,7.85437,27.0271,46.4095,0.245714,0.015035
90576,370999296,9.9041,0.0553106,0.0180389,15.5307,0.575601,8.37362,26.5933,50.3745,0.236352,0.014211
90600,371097600,9.90424,0.0687996,0.0692594,15.3744,0.532308,9.29422,27.1662,50.4151,0.241368,0.0138753
90624,371195904,9.90489,0.0265146,0.00942155,14.6103,0.482547,8.62444,26.7015,52.0713,0.242892,0.0134277
90648,371294208,9.90489,0.0432687,0.00645637,15.3236,0.561807,9.04302,27.0672,47.1838,0.250139,0.0136617
90672,371392512,9.90546,0.0745711,0.0445712,13.1508,0.48747,6.69635,27.2189,45.2744,0.242869,0.0134786
90696,371490816,9.90565,0.0554932,0.0649256,14.4788,0.498867,8.23128,27.3464,50.2801,0.25088,0.0129903
90720,371589120,9.90688,0.0423534,0.0230071,15.0639,0.522213,8.91768,27.2199,51.6758,0.245499,0.0124308
90744,371687424,9.90773,0.0282059,0.0172251,15.3796,0.508361,9.24648,27.1163,53.4868,0.241469,0.0116374
90768,371785728,9.90739,0.0617482,0.0234534,14.0395,0.502825,8.13063,27.0867,50.0793,0.244926,0.0106201
90792,371884032,9.90727,0.0105078,0,19.1327,0.539185,10.7106,27.3783,52.4192,0.242625,0.010142
90816,371982336,9.90714,0.0377528,0.0141309,14.6481,0.489765,7.75056,26.8511,45.0981,0.245549,0.0100911
90840,372080640,9.90651,0.0348527,0.00705882,13.8963,0.534172,7.83048,26.867,48.4368,0.240894,0.0104879
90864,372178944,9.90587,0.0586399,0.0375276,14.9984,0.548785,8.99083,26.7413,46.8275,0.246679,0.0110372
90888,372277248,9.90589,0.0388571,0.017878,15.3067,0.516946,7.97479,26.8916,48.6246,0.243215,0.0111593
90912,372375552,9.90596,0.0717312,0.0386516,14.2381,0.483793,8.06166,26.927,49.0281,0.246216,0.0104167
90936,372473856,9.90576,0.0252614,0.0161987,14.6747,0.532681,8.3745,26.8317,51.0591,0.239603,0.0102539
90960,372572160,9.90569,0.03161,0.0315087,16.2753,0.552508,9.80573,26.8303,50.5435,0.244254,0.0100911
90984,372670464,9.9065,0.0260313,0.00503243,14.3691,0.565088,7.53702,27.1929,45.3356,0.245093,0.00948079
91008,372768768,9.90643,0.039675,0,14.3784,0.493578,8.25196,26.9913,49.2082,0.242077,0.00861613
91032,372867072,9.90666,0.0258873,0.00895857,15.756,0.524712,9.64653,26.8625,50.1852,0.239684,0.00830078
91056,372965376,9.90731,0.0113622,0.00621375,15.1089,0.572365,8.67954,27.0282,47.8885,0.240944,0.00828044
91080,373063680,9.90755,0.0431826,0.0244449,14.3336,0.504644,8.46221,27.1353,50.434,0.24505,0.00852458
91104,373161984,9.90847,0.0201696,0,14.6118,0.547949,7.85604,26.6337,47.2307,0.24216,0.00855509
91128,373260288,9.90957,0.0387915,0.0192888,14.7796,0.496947,8.56686,26.7623,48.2838,0.240264,0.00824992
91152,373358592,9.91083,0.0343246,0,14.5765,0.553559,8.24164,26.4696,48.9217,0.242373,0.00756836
91176,373456896,9.91084,0.0400071,0.0144092,15.0812,0.531206,8.81781,27.5508,50.9742,0.244343,0.00746663
91200,373555200,9.91013,0.061709,0.0501843,14.1637,0.494233,8.35576,26.7574,48.1496,0.240837,0.0078125
