step,transitions,depth_level,reach_rate,crouch_reach_rate,goal_position_error_cm,goal_orientation_error_rad,best_error_cm,pelvis_drop_cm,target_drop_cm,walk_error_m_s,falls
24,98304,0,nan,nan,nan,nan,nan,nan,nan,nan,0
48,196608,0,nan,nan,nan,nan,nan,nan,nan,0.732766,0.00012207
72,294912,0,nan,nan,nan,nan,nan,nan,nan,0.75969,0.240245
96,393216,0,nan,nan,nan,nan,nan,nan,nan,0.685829,0.792959
120,491520,0,nan,nan,nan,nan,nan,nan,nan,0.691028,0.963623
144,589824,0,nan,nan,nan,nan,nan,nan,nan,0.736766,0.995168
168,688128,0,nan,nan,nan,nan,nan,nan,nan,0.692056,0.999023
192,786432,0,nan,nan,nan,nan,nan,nan,nan,0.699514,0.999786
216,884736,0,nan,nan,nan,nan,nan,nan,nan,0.729392,1
240,983040,0,nan,nan,nan,nan,nan,nan,nan,0.704093,1
264,1081344,0,nan,nan,nan,nan,nan,nan,nan,0.710763,1
288,1179648,0,nan,nan,nan,nan,nan,nan,nan,0.717271,1
312,1277952,0,nan,nan,nan,nan,nan,nan,nan,0.714972,1
336,1376256,0,nan,nan,nan,nan,nan,nan,nan,0.707078,1
360,1474560,0,nan,nan,nan,nan,nan,nan,nan,0.712995,1
384,1572864,0,nan,nan,nan,nan,nan,nan,nan,0.706843,1
408,1671168,0,nan,nan,nan,nan,nan,nan,nan,0.725447,1
432,1769472,0,nan,nan,nan,nan,nan,nan,nan,0.709024,1
456,1867776,0,nan,nan,nan,nan,nan,nan,nan,0.707641,1
480,1966080,0,nan,nan,nan,nan,nan,nan,nan,0.714321,1
504,2064384,0,nan,nan,nan,nan,nan,nan,nan,0.705767,1
528,2162688,0,nan,nan,nan,nan,nan,nan,nan,0.705416,1
552,2260992,0,nan,nan,nan,nan,nan,nan,nan,0.714029,1
576,2359296,0,nan,nan,nan,nan,nan,nan,nan,0.702682,1
600,2457600,0,nan,nan,nan,nan,nan,nan,nan,0.713704,1
624,2555904,0,nan,nan,nan,nan,nan,nan,nan,0.706267,1
648,2654208,0,nan,nan,nan,nan,nan,nan,nan,0.705943,1
672,2752512,0,nan,nan,nan,nan,nan,nan,nan,0.712562,1
696,2850816,0,nan,nan,nan,nan,nan,nan,nan,0.715167,1
720,2949120,0,nan,nan,nan,nan,nan,nan,nan,0.70706,1
744,3047424,0,nan,nan,nan,nan,nan,nan,nan,0.716326,1
768,3145728,0,nan,nan,nan,nan,nan,nan,nan,0.72802,1
792,3244032,0,nan,nan,nan,nan,nan,nan,nan,0.719837,1
816,3342336,0,nan,nan,nan,nan,nan,nan,nan,0.72011,1
840,3440640,0,nan,nan,nan,nan,nan,nan,nan,0.727425,1
864,3538944,0,nan,nan,nan,nan,nan,nan,nan,0.714254,1
888,3637248,0,nan,nan,nan,nan,nan,nan,nan,0.713465,1
912,3735552,0,nan,nan,nan,nan,nan,nan,nan,0.714684,1
936,3833856,0,nan,nan,nan,nan,nan,nan,nan,0.731125,1
960,3932160,0,nan,nan,nan,nan,nan,nan,nan,0.720778,1
984,4030464,0,nan,nan,nan,nan,nan,nan,nan,0.713149,1
1008,4128768,0,nan,nan,nan,nan,nan,nan,nan,0.714342,1
1032,4227072,0,nan,nan,nan,nan,nan,nan,nan,0.717569,1
1056,4325376,0,nan,nan,nan,nan,nan,nan,nan,0.718348,1
1080,4423680,0,nan,nan,nan,nan,nan,nan,nan,0.718874,1
1104,4521984,0,nan,nan,nan,nan,nan,nan,nan,0.714166,1
1128,4620288,0,nan,nan,nan,nan,nan,nan,nan,0.730118,1
1152,4718592,0,nan,nan,nan,nan,nan,nan,nan,0.720662,1
1176,4816896,0,nan,nan,nan,nan,nan,nan,nan,0.716013,1
1200,4915200,0,nan,nan,nan,nan,nan,nan,nan,0.729655,1
1224,5013504,0,nan,nan,nan,nan,nan,nan,nan,0.726267,1
1248,5111808,0,nan,nan,nan,nan,nan,nan,nan,0.727307,1
1272,5210112,0,nan,nan,nan,nan,nan,nan,nan,0.736455,1
1296,5308416,0,nan,nan,nan,nan,nan,nan,nan,0.723843,1
1320,5406720,0,nan,nan,nan,nan,nan,nan,nan,0.739456,1
1344,5505024,0,nan,nan,nan,nan,nan,nan,nan,0.745025,1
1368,5603328,0,nan,nan,nan,nan,nan,nan,nan,0.745159,1
1392,5701632,0,nan,nan,nan,nan,nan,nan,nan,0.732936,1
1416,5799936,0,nan,nan,nan,nan,nan,nan,nan,0.754771,1
1440,5898240,0,nan,nan,nan,nan,nan,nan,nan,0.746556,1
1464,5996544,0,nan,nan,nan,nan,nan,nan,nan,0.744604,1
1488,6094848,0,nan,nan,nan,nan,nan,nan,nan,0.745423,1
1512,6193152,0,nan,nan,nan,nan,nan,nan,nan,0.744374,1
1536,6291456,0,nan,nan,nan,nan,nan,nan,nan,0.747504,1
1560,6389760,0,nan,nan,nan,nan,nan,nan,nan,0.741311,1
1584,6488064,0,nan,nan,nan,nan,nan,nan,nan,0.74051,1
1608,6586368,0,nan,nan,nan,nan,nan,nan,nan,0.742356,1
1632,6684672,0,nan,nan,nan,nan,nan,nan,nan,0.738616,1
1656,6782976,0,nan,nan,nan,nan,nan,nan,nan,0.73665,1
1680,6881280,0,nan,nan,nan,nan,nan,nan,nan,0.731271,1
1704,6979584,0,nan,nan,nan,nan,nan,nan,nan,0.738621,1
1728,7077888,0,nan,nan,nan,nan,nan,nan,nan,0.742174,1
1752,7176192,0,nan,nan,nan,nan,nan,nan,nan,0.739977,1
1776,7274496,0,nan,nan,nan,nan,nan,nan,nan,0.730756,1
1800,7372800,0,nan,nan,nan,nan,nan,nan,nan,0.739577,1
1824,7471104,0,nan,nan,nan,nan,nan,nan,nan,0.732658,1
1848,7569408,0,nan,nan,nan,nan,nan,nan,nan,0.743301,1
1872,7667712,0,nan,nan,nan,nan,nan,nan,nan,0.743769,1
1896,7766016,0,nan,nan,nan,nan,nan,nan,nan,0.742979,1
1920,7864320,0,nan,nan,nan,nan,nan,nan,nan,0.744183,1
1944,7962624,0,nan,nan,nan,nan,nan,nan,nan,0.757492,1
1968,8060928,0,nan,nan,nan,nan,nan,nan,nan,0.749363,1
1992,8159232,0,nan,nan,nan,nan,nan,nan,nan,0.742868,1
2016,8257536,0,nan,nan,nan,nan,nan,nan,nan,0.737878,1
2040,8355840,0,nan,nan,nan,nan,nan,nan,nan,0.753993,1
2064,8454144,0,nan,nan,nan,nan,nan,nan,nan,0.751851,1
2088,8552448,0,nan,nan,nan,nan,nan,nan,nan,0.753478,1
2112,8650752,0,nan,nan,nan,nan,nan,nan,nan,0.745855,1
2136,8749056,0,nan,nan,nan,nan,nan,nan,nan,0.741306,1
2160,8847360,0,nan,nan,nan,nan,nan,nan,nan,0.747789,1
2184,8945664,0,nan,nan,nan,nan,nan,nan,nan,0.766948,1
2208,9043968,0,nan,nan,nan,nan,nan,nan,nan,0.75633,1
2232,9142272,0,nan,nan,nan,nan,nan,nan,nan,0.745375,1
2256,9240576,0,nan,nan,nan,nan,nan,nan,nan,0.755439,1
2280,9338880,0,nan,nan,nan,nan,nan,nan,nan,0.750095,1
2304,9437184,0,nan,nan,nan,nan,nan,nan,nan,0.755211,1
2328,9535488,0,nan,nan,nan,nan,nan,nan,nan,0.750624,1
2352,9633792,0,nan,nan,nan,nan,nan,nan,nan,0.752515,1
2376,9732096,0,nan,nan,nan,nan,nan,nan,nan,0.754021,1
2400,9830400,0,nan,nan,nan,nan,nan,nan,nan,0.751718,1
2424,9928704,0,nan,nan,nan,nan,nan,nan,nan,0.753064,1
2448,10027008,0,nan,nan,nan,nan,nan,nan,nan,0.750706,1
2472,10125312,0,nan,nan,nan,nan,nan,nan,nan,0.753318,1
2496,10223616,0,nan,nan,nan,nan,nan,nan,nan,0.763804,1
2520,10321920,0,nan,nan,nan,nan,nan,nan,nan,0.75816,1
2544,10420224,0,nan,nan,nan,nan,nan,nan,nan,0.754277,1
2568,10518528,0,nan,nan,nan,nan,nan,nan,nan,0.764018,1
2592,10616832,0,nan,nan,nan,nan,nan,nan,nan,0.762529,1
2616,10715136,0,nan,nan,nan,nan,nan,nan,nan,0.771996,1
2640,10813440,0,nan,nan,nan,nan,nan,nan,nan,0.752892,1
2664,10911744,0,nan,nan,nan,nan,nan,nan,nan,0.753387,1
2688,11010048,0,nan,nan,nan,nan,nan,nan,nan,0.765187,1
2712,11108352,0,nan,nan,nan,nan,nan,nan,nan,0.763585,1
2736,11206656,0,nan,nan,nan,nan,nan,nan,nan,0.758256,1
2760,11304960,0,nan,nan,nan,nan,nan,nan,nan,0.744054,1
2784,11403264,0,nan,nan,nan,nan,nan,nan,nan,0.747474,1
2808,11501568,0,nan,nan,nan,nan,nan,nan,nan,0.744398,1
2832,11599872,0,nan,nan,nan,nan,nan,nan,nan,0.745232,1
2856,11698176,0,nan,nan,nan,nan,nan,nan,nan,0.741329,1
2880,11796480,0,nan,nan,nan,nan,nan,nan,nan,0.742342,1
2904,11894784,0,nan,nan,nan,nan,nan,nan,nan,0.741288,1
2928,11993088,0,nan,nan,nan,nan,nan,nan,nan,0.733961,1
2952,12091392,0,nan,nan,nan,nan,nan,nan,nan,0.719803,1
2976,12189696,0,nan,nan,nan,nan,nan,nan,nan,0.733089,1
3000,12288000,0,nan,nan,nan,nan,nan,nan,nan,0.721439,1
3024,12386304,0,nan,nan,nan,nan,nan,nan,nan,0.720253,1
3048,12484608,0,nan,nan,nan,nan,nan,nan,nan,0.708746,1
3072,12582912,0,nan,nan,nan,nan,nan,nan,nan,0.706058,1
3096,12681216,0,nan,nan,nan,nan,nan,nan,nan,0.717706,1
3120,12779520,0,nan,nan,nan,nan,nan,nan,nan,0.710886,1
3144,12877824,0,nan,nan,nan,nan,nan,nan,nan,0.721865,1
3168,12976128,0,nan,nan,nan,nan,nan,nan,nan,0.682471,1
3192,13074432,0,nan,nan,nan,nan,nan,nan,nan,0.68826,1
3216,13172736,0,nan,nan,nan,nan,nan,nan,nan,0.693914,1
3240,13271040,0,nan,nan,nan,nan,nan,nan,nan,0.687092,1
3264,13369344,0,nan,nan,nan,nan,nan,nan,nan,0.68013,1
3288,13467648,0,nan,nan,nan,nan,nan,nan,nan,0.674514,1
3312,13565952,0,nan,nan,nan,nan,nan,nan,nan,0.699306,1
3336,13664256,0,nan,nan,nan,nan,nan,nan,nan,0.693452,1
3360,13762560,0,nan,nan,nan,nan,nan,nan,nan,0.684296,1
3384,13860864,0,nan,nan,nan,nan,nan,nan,nan,0.687853,1
3408,13959168,0,nan,nan,nan,nan,nan,nan,nan,0.682725,1
3432,14057472,0,nan,nan,nan,nan,nan,nan,nan,0.673819,1
3456,14155776,0,nan,nan,nan,nan,nan,nan,nan,0.658794,1
3480,14254080,0,nan,nan,nan,nan,nan,nan,nan,0.652788,1
3504,14352384,0,nan,nan,nan,nan,nan,nan,nan,0.680508,1
3528,14450688,0,nan,nan,nan,nan,nan,nan,nan,0.680182,1
3552,14548992,0,nan,nan,nan,nan,nan,nan,nan,0.662039,1
3576,14647296,0,nan,nan,nan,nan,nan,nan,nan,0.691204,1
3600,14745600,0,nan,nan,nan,nan,nan,nan,nan,0.67596,1
3624,14843904,0,nan,nan,nan,nan,nan,nan,nan,0.689191,1
3648,14942208,0,nan,nan,nan,nan,nan,nan,nan,0.676732,1
3672,15040512,0,nan,nan,nan,nan,nan,nan,nan,0.676639,1
3696,15138816,0,nan,nan,nan,nan,nan,nan,nan,0.660625,1
3720,15237120,0,nan,nan,nan,nan,nan,nan,nan,0.644236,1
3744,15335424,0,nan,nan,nan,nan,nan,nan,nan,0.61607,1
3768,15433728,0,nan,nan,nan,nan,nan,nan,nan,0.630155,1
3792,15532032,0,nan,nan,nan,nan,nan,nan,nan,0.630822,1
3816,15630336,0,nan,nan,nan,nan,nan,nan,nan,0.602449,1
3840,15728640,0,nan,nan,nan,nan,nan,nan,nan,0.6287,1
3864,15826944,0,nan,nan,nan,nan,nan,nan,nan,0.625559,1
3888,15925248,0,nan,nan,nan,nan,nan,nan,nan,0.637342,1
3912,16023552,0,nan,nan,nan,nan,nan,nan,nan,0.71845,1
3936,16121856,0,nan,nan,nan,nan,nan,nan,nan,0.66618,1
3960,16220160,0,nan,nan,nan,nan,nan,nan,nan,0.629923,0.999959
3984,16318464,0,nan,nan,nan,nan,nan,nan,nan,0.645411,0.999634
4008,16416768,0,nan,nan,nan,nan,nan,nan,nan,0.658893,0.999288
4032,16515072,0,nan,nan,nan,nan,nan,nan,nan,0.687351,0.998922
4056,16613376,0,nan,nan,nan,nan,nan,nan,nan,0.663222,0.998535
4080,16711680,0,nan,nan,nan,nan,nan,nan,nan,0.599344,0.998596
4104,16809984,0,nan,nan,nan,nan,nan,nan,nan,0.610989,0.99822
4128,16908288,0,nan,nan,nan,nan,nan,nan,nan,0.569457,0.997589
4152,17006592,0,nan,nan,nan,nan,nan,nan,nan,0.572228,0.996521
4176,17104896,0,nan,nan,nan,nan,nan,nan,nan,0.565157,0.995117
4200,17203200,0,nan,nan,nan,nan,nan,nan,nan,0.584684,0.99349
4224,17301504,0,nan,nan,nan,nan,nan,nan,nan,0.59941,0.992533
4248,17399808,0,nan,nan,nan,nan,nan,nan,nan,0.522249,0.990458
4272,17498112,0,nan,nan,nan,nan,nan,nan,nan,0.55367,0.987345
4296,17596416,0,nan,nan,nan,nan,nan,nan,nan,0.537644,0.984049
4320,17694720,0,nan,nan,nan,nan,nan,nan,nan,0.548596,0.980174
4344,17793024,0,nan,nan,nan,nan,nan,nan,nan,0.511528,0.973328
4368,17891328,0,nan,nan,nan,nan,nan,nan,nan,0.487834,0.966919
4392,17989632,0,nan,nan,nan,nan,nan,nan,nan,0.531556,0.960032
4416,18087936,0,nan,nan,nan,nan,nan,nan,nan,0.491524,0.95281
4440,18186240,0,nan,nan,nan,nan,nan,nan,nan,0.477664,0.944143
4464,18284544,0,nan,nan,nan,nan,nan,nan,nan,0.527072,0.934774
4488,18382848,0,nan,nan,nan,nan,nan,nan,nan,0.478033,0.924174
4512,18481152,0,nan,nan,nan,nan,nan,nan,nan,0.480973,0.914683
4536,18579456,0,nan,nan,nan,nan,nan,nan,nan,0.484,0.902812
4560,18677760,0,nan,nan,nan,nan,nan,nan,nan,0.478367,0.892995
4584,18776064,0,nan,nan,nan,nan,nan,nan,nan,0.461174,0.882294
4608,18874368,0,nan,nan,nan,nan,nan,nan,nan,0.470999,0.871084
4632,18972672,0,nan,nan,nan,nan,nan,nan,nan,0.518515,0.85848
4656,19070976,0,nan,nan,nan,nan,nan,nan,nan,0.480278,0.84731
4680,19169280,0,nan,nan,nan,nan,nan,nan,nan,0.475883,0.833862
4704,19267584,0,nan,nan,nan,nan,nan,nan,nan,0.483422,0.816844
4728,19365888,0,nan,nan,nan,nan,nan,nan,nan,0.473035,0.795624
4752,19464192,0,nan,nan,nan,nan,nan,nan,nan,0.459043,0.768707
4776,19562496,0,nan,nan,nan,nan,nan,nan,nan,0.442613,0.743286
4800,19660800,0,nan,nan,nan,nan,nan,nan,nan,0.452815,0.714193
4824,19759104,0,nan,nan,nan,nan,nan,nan,nan,0.444326,0.683716
4848,19857408,0,nan,nan,nan,nan,nan,nan,nan,0.465344,0.659495
4872,19955712,0,nan,nan,nan,nan,nan,nan,nan,0.435808,0.640452
4896,20054016,0,nan,nan,nan,nan,nan,nan,nan,0.440855,0.628866
4920,20152320,0,nan,nan,nan,nan,nan,nan,nan,0.431393,0.618774
4944,20250624,0,nan,nan,nan,nan,nan,nan,nan,0.408838,0.606466
4968,20348928,0,nan,nan,nan,nan,nan,nan,nan,0.41808,0.593445
4992,20447232,0,nan,nan,nan,nan,nan,nan,nan,0.418265,0.580536
5016,20545536,0,nan,nan,nan,nan,nan,nan,nan,0.430977,0.567922
5040,20643840,0,nan,nan,nan,nan,nan,nan,nan,0.435719,0.555806
5064,20742144,0,nan,nan,nan,nan,nan,nan,nan,0.424208,0.54012
5088,20840448,0,nan,nan,nan,nan,nan,nan,nan,0.423848,0.524353
5112,20938752,0,nan,nan,nan,nan,nan,nan,nan,0.390741,0.5071
5136,21037056,0,nan,nan,nan,nan,nan,nan,nan,0.395262,0.485514
5160,21135360,0,nan,nan,nan,nan,nan,nan,nan,0.392766,0.458221
5184,21233664,0,nan,nan,nan,nan,nan,nan,nan,0.387049,0.43867
5208,21331968,0,nan,nan,nan,nan,nan,nan,nan,0.405866,0.418254
5232,21430272,0,nan,nan,nan,nan,nan,nan,nan,0.397738,0.397695
5256,21528576,0,nan,nan,nan,nan,nan,nan,nan,0.393293,0.379517
5280,21626880,0,nan,nan,nan,nan,nan,nan,nan,0.395016,0.366079
5304,21725184,0,nan,nan,nan,nan,nan,nan,nan,0.385928,0.353302
5328,21823488,0,nan,nan,nan,nan,nan,nan,nan,0.384932,0.340708
5352,21921792,0,nan,nan,nan,nan,nan,nan,nan,0.395682,0.329905
5376,22020096,0,nan,nan,nan,nan,nan,nan,nan,0.369835,0.322144
5400,22118400,0,nan,nan,nan,nan,nan,nan,nan,0.394261,0.314402
5424,22216704,0,nan,nan,nan,nan,nan,nan,nan,0.353085,0.304911
5448,22315008,0,nan,nan,nan,nan,nan,nan,nan,0.378801,0.294474
5472,22413312,0,nan,nan,nan,nan,nan,nan,nan,0.366522,0.284363
5496,22511616,0,nan,nan,nan,nan,nan,nan,nan,0.362383,0.274546
5520,22609920,0,nan,nan,nan,nan,nan,nan,nan,0.363216,0.266113
5544,22708224,0,nan,nan,nan,nan,nan,nan,nan,0.374413,0.254944
5568,22806528,0,nan,nan,nan,nan,nan,nan,nan,0.367616,0.248362
5592,22904832,0,nan,nan,nan,nan,nan,nan,nan,0.34972,0.241801
5616,23003136,0,nan,nan,nan,nan,nan,nan,nan,0.375967,0.234873
5640,23101440,0,nan,nan,nan,nan,nan,nan,nan,0.351316,0.229065
5664,23199744,0,nan,nan,nan,nan,nan,nan,nan,0.365269,0.222961
5688,23298048,0,nan,nan,nan,nan,nan,nan,nan,0.345627,0.218089
5712,23396352,0,nan,nan,nan,nan,nan,nan,nan,0.336025,0.212646
5736,23494656,0,nan,nan,nan,nan,nan,nan,nan,0.36111,0.207753
5760,23592960,0,nan,nan,nan,nan,nan,nan,nan,0.342952,0.206116
5784,23691264,0,nan,nan,nan,nan,nan,nan,nan,0.357024,0.204254
5808,23789568,0,nan,nan,nan,nan,nan,nan,nan,0.342264,0.20108
5832,23887872,0,nan,nan,nan,nan,nan,nan,nan,0.327181,0.195089
5856,23986176,0,nan,nan,nan,nan,nan,nan,nan,0.346808,0.189962
5880,24084480,0,nan,nan,nan,nan,nan,nan,nan,0.331773,0.185394
5904,24182784,0,nan,nan,nan,nan,nan,nan,nan,0.341417,0.181
5928,24281088,0,nan,nan,nan,nan,nan,nan,nan,0.334843,0.177216
5952,24379392,0,nan,nan,nan,nan,nan,nan,nan,0.346183,0.172353
5976,24477696,0,nan,nan,nan,nan,nan,nan,nan,0.34918,0.170156
6000,24576000,0,nan,nan,nan,nan,nan,nan,nan,0.39661,0.166636
6024,24674304,0,nan,nan,nan,nan,nan,nan,nan,0.346971,0.162923
6048,24772608,0,nan,nan,nan,nan,nan,nan,nan,0.357791,0.159037
6072,24870912,0,nan,nan,nan,nan,nan,nan,nan,0.339692,0.155599
6096,24969216,0,nan,nan,nan,nan,nan,nan,nan,0.333703,0.151184
6120,25067520,0,nan,nan,nan,nan,nan,nan,nan,0.328593,0.150187
6144,25165824,0,nan,nan,nan,nan,nan,nan,nan,0.338139,0.15273
6168,25264128,0,nan,nan,nan,nan,nan,nan,nan,0.346541,0.159546
6192,25362432,0,nan,nan,nan,nan,nan,nan,nan,0.34886,0.163442
6216,25460736,0,nan,nan,nan,nan,nan,nan,nan,0.35814,0.168304
6240,25559040,0,nan,nan,nan,nan,nan,nan,nan,0.364762,0.174266
6264,25657344,0,nan,nan,nan,nan,nan,nan,nan,0.350803,0.173584
6288,25755648,0,nan,nan,nan,nan,nan,nan,nan,0.352359,0.172475
6312,25853952,0,nan,nan,nan,nan,nan,nan,nan,0.33676,0.168844
6336,25952256,0,nan,nan,nan,nan,nan,nan,nan,0.329042,0.164998
6360,26050560,0,nan,nan,nan,nan,nan,nan,nan,0.344665,0.161367
6384,26148864,0,nan,nan,nan,nan,nan,nan,nan,0.375026,0.159821
6408,26247168,0,nan,nan,nan,nan,nan,nan,nan,0.368449,0.15682
6432,26345472,0,nan,nan,nan,nan,nan,nan,nan,0.331182,0.155151
6456,26443776,0,nan,nan,nan,nan,nan,nan,nan,0.317135,0.1539
6480,26542080,0,nan,nan,nan,nan,nan,nan,nan,0.323628,0.151794
6504,26640384,0,nan,nan,nan,nan,nan,nan,nan,0.320239,0.149323
6528,26738688,0,nan,nan,nan,nan,nan,nan,nan,0.318117,0.14683
6552,26836992,0,nan,nan,nan,nan,nan,nan,nan,0.333559,0.144368
6576,26935296,0,nan,nan,nan,nan,nan,nan,nan,0.321172,0.141154
6600,27033600,0,nan,nan,nan,nan,nan,nan,nan,0.336526,0.139119
6624,27131904,0,nan,nan,nan,nan,nan,nan,nan,0.330379,0.137004
6648,27230208,0,nan,nan,nan,nan,nan,nan,nan,0.316159,0.13383
6672,27328512,0,nan,nan,nan,nan,nan,nan,nan,0.333965,0.132222
6696,27426816,0,nan,nan,nan,nan,nan,nan,nan,0.323921,0.129608
6720,27525120,0,nan,nan,nan,nan,nan,nan,nan,0.325579,0.127584
6744,27623424,0,nan,nan,nan,nan,nan,nan,nan,0.331483,0.124522
6768,27721728,0,nan,nan,nan,nan,nan,nan,nan,0.33235,0.121684
6792,27820032,0,nan,nan,nan,nan,nan,nan,nan,0.3386,0.119446
6816,27918336,0,nan,nan,nan,nan,nan,nan,nan,0.327094,0.118337
6840,28016640,0,nan,nan,nan,nan,nan,nan,nan,0.334038,0.117747
6864,28114944,0,nan,nan,nan,nan,nan,nan,nan,0.333182,0.117859
6888,28213248,0,nan,nan,nan,nan,nan,nan,nan,0.332012,0.117605
6912,28311552,0,nan,nan,nan,nan,nan,nan,nan,0.325082,0.117594
6936,28409856,0,nan,nan,nan,nan,nan,nan,nan,0.327412,0.117767
6960,28508160,0,nan,nan,nan,nan,nan,nan,nan,0.325707,0.11795
6984,28606464,0,nan,nan,nan,nan,nan,nan,nan,0.321494,0.117666
7008,28704768,0,nan,nan,nan,nan,nan,nan,nan,0.317356,0.117716
7032,28803072,0,nan,nan,nan,nan,nan,nan,nan,0.333305,0.1185
7056,28901376,0,nan,nan,nan,nan,nan,nan,nan,0.333044,0.118235
7080,28999680,0,nan,nan,nan,nan,nan,nan,nan,0.336563,0.118622
7104,29097984,0,nan,nan,nan,nan,nan,nan,nan,0.325058,0.115601
7128,29196288,0,nan,nan,nan,nan,nan,nan,nan,0.322505,0.111186
7152,29294592,0,nan,nan,nan,nan,nan,nan,nan,0.32776,0.101898
7176,29392896,0,nan,nan,nan,nan,nan,nan,nan,0.323951,0.0894979
7200,29491200,0,nan,nan,nan,nan,nan,nan,nan,0.310104,0.0763855
7224,29589504,0,nan,nan,nan,nan,nan,nan,nan,0.329045,0.0644124
7248,29687808,0,nan,nan,nan,nan,nan,nan,nan,0.320719,0.0547282
7272,29786112,0,nan,nan,nan,nan,nan,nan,nan,0.329214,0.0488586
7296,29884416,0,nan,nan,nan,nan,nan,nan,nan,0.32354,0.0446777
7320,29982720,0,nan,nan,nan,nan,nan,nan,nan,0.325879,0.0427755
7344,30081024,0,nan,nan,nan,nan,nan,nan,nan,0.310173,0.042277
7368,30179328,0,nan,nan,nan,nan,nan,nan,nan,0.346699,0.0410055
7392,30277632,0,nan,nan,nan,nan,nan,nan,nan,0.336632,0.0398865
7416,30375936,0,nan,nan,nan,nan,nan,nan,nan,0.323141,0.0390727
7440,30474240,0,nan,nan,nan,nan,nan,nan,nan,0.328357,0.0394592
7464,30572544,0,nan,nan,nan,nan,nan,nan,nan,0.323457,0.0401713
7488,30670848,0,nan,nan,nan,nan,nan,nan,nan,0.348756,0.0406596
7512,30769152,0,nan,nan,nan,nan,nan,nan,nan,0.31897,0.0409648
7536,30867456,0,nan,nan,nan,nan,nan,nan,nan,0.311605,0.041331
7560,30965760,0,nan,nan,nan,nan,nan,nan,nan,0.330563,0.0411377
7584,31064064,0,nan,nan,nan,nan,nan,nan,nan,0.334676,0.0418905
7608,31162368,0,nan,nan,nan,nan,nan,nan,nan,0.306511,0.0415955
7632,31260672,0,nan,nan,nan,nan,nan,nan,nan,0.311166,0.0418294
7656,31358976,0,nan,nan,nan,nan,nan,nan,nan,0.314121,0.0428365
7680,31457280,0,nan,nan,nan,nan,nan,nan,nan,0.297634,0.0425618
7704,31555584,0,nan,nan,nan,nan,nan,nan,nan,0.295539,0.0424093
7728,31653888,0,nan,nan,nan,nan,nan,nan,nan,0.311525,0.0417684
7752,31752192,0,nan,nan,nan,nan,nan,nan,nan,0.331588,0.0426432
7776,31850496,0,nan,nan,nan,nan,nan,nan,nan,0.3116,0.0428467
7800,31948800,0,nan,nan,nan,nan,nan,nan,nan,0.311314,0.0421549
7824,32047104,0,nan,nan,nan,nan,nan,nan,nan,0.303744,0.0421549
7848,32145408,0,nan,nan,38.978,1.06362,nan,3.10161,0,0.299394,0.0416768
7872,32243712,0,nan,nan,43.2573,1.32569,nan,16.2814,0,0.305084,0.0423584
7896,32342016,0,nan,nan,48.2587,1.31905,nan,14.4273,0,0.314163,0.0532837
7920,32440320,0,nan,nan,50.074,1.33499,nan,13.5055,0,0.307476,0.0809733
7944,32538624,0,nan,nan,48.1796,1.28574,nan,12.9924,0,0.307324,0.117625
7968,32636928,0,nan,nan,48.4064,1.22872,nan,13.62,0,0.308617,0.154073
7992,32735232,0,nan,nan,50.4213,1.21882,nan,12.4356,0,0.305672,0.192698
8016,32833536,0,nan,nan,48.5898,1.26327,nan,12.8992,0,0.290144,0.231364
8040,32931840,0,0,nan,47.6058,1.20428,14.3004,12.7271,0,0.300021,0.266408
8064,33030144,0,nan,nan,49.7154,1.23825,nan,12.3492,0,0.310586,0.2995
8088,33128448,0,0,nan,48.8872,1.22609,20.1079,12.8051,0,0.287233,0.33725
8112,33226752,0,0,nan,49.0276,1.20722,9.93335,12.4177,0,0.302966,0.372579
8136,33325056,0,0,nan,47.0211,1.20299,28.6481,12.1764,0,0.302457,0.410624
8160,33423360,0,0,nan,47.4771,1.21712,20.6558,11.9646,0,0.316554,0.446208
8184,33521664,0,0,nan,46.672,1.21798,12.801,11.9653,0,0.297518,0.479187
8208,33619968,0,0,nan,48.5335,1.1913,24.8827,11.9079,0,0.296298,0.512594
8232,33718272,0,0,nan,47.0369,1.20307,20.1462,11.9881,0,0.314747,0.548126
8256,33816576,0,0,nan,46.1188,1.19771,39.317,11.9506,0,0.282857,0.576213
8280,33914880,0,0,nan,47.6481,1.18502,26.9949,11.6702,0,0.305174,0.604451
8304,34013184,0,0,nan,51.1548,1.21986,35.5613,11.6034,0,0.298037,0.628255
8328,34111488,0,0,nan,47.3783,1.17535,21.8043,11.5452,0,0.292686,0.648549
8352,34209792,0,0,nan,47.9754,1.17463,22.5802,11.4179,0,0.293546,0.665924
8376,34308096,0,0,nan,48.9642,1.17754,18.4157,11.6447,0,0.297483,0.68336
8400,34406400,0,0,nan,47.9707,1.17096,25.6117,11.864,0,0.287375,0.698771
8424,34504704,0,0,nan,48.857,1.19228,20.4886,11.5528,0,0.302952,0.714447
8448,34603008,0,0,nan,49.8393,1.22736,24.2414,11.765,0,0.292185,0.729553
8472,34701312,0,0,nan,49.0306,1.2084,25.234,11.7096,0,0.299224,0.745341
8496,34799616,0,0,nan,49.8343,1.1787,17.8435,11.4993,0,0.295505,0.757985
8520,34897920,0,0,nan,46.3482,1.14824,12.137,12.1248,0,0.297942,0.771311
8544,34996224,0,0,nan,49.2838,1.20738,22.6831,11.8755,0,0.295941,0.783569
8568,35094528,0,0,nan,50.7161,1.21947,34.0345,11.7385,0,0.301855,0.796987
8592,35192832,0,0,nan,49.2789,1.14613,21.0493,11.2955,0,0.315805,0.809285
8616,35291136,0,0,nan,48.3866,1.17703,22.9875,11.5419,0,0.311331,0.819397
8640,35389440,0,0,nan,48.5747,1.15289,14.2573,11.1475,0,0.320596,0.828929
8664,35487744,0,0,nan,49.0931,1.15558,21.6312,11.8818,0,0.28445,0.837952
8688,35586048,0,0,nan,47.8836,1.20376,24.0948,11.6843,0,0.310262,0.844991
8712,35684352,0,0,nan,49.0263,1.18166,17.1304,11.7047,0,0.318162,0.85438
8736,35782656,0,0,nan,48.3022,1.17557,22.9046,11.3829,0,0.308072,0.863861
8760,35880960,0,0,nan,47.0845,1.1895,22.0156,11.2826,0,0.327315,0.871562
8784,35979264,0,0,nan,47.3747,1.15677,25.2563,11.1098,0,0.301632,0.878245
8808,36077568,0,0,nan,47.6912,1.14102,18.4865,11.2845,0,0.300138,0.885854
8832,36175872,0,0,nan,48.5243,1.1506,24.1769,11.3305,0,0.309856,0.893819
8856,36274176,0,0,nan,49.5203,1.16951,28.0652,11.9405,0,0.336997,0.90093
8880,36372480,0,0,nan,47.4932,1.16256,28.4703,11.7537,0,0.318948,0.907552
8904,36470784,0,0,nan,49.3404,1.17475,27.4186,11.7195,0,0.309349,0.910868
8928,36569088,0,0,nan,49.0268,1.19923,26.2319,12.3094,0,0.300652,0.913727
8952,36667392,0,0,nan,49.7387,1.19682,22.7108,11.9541,0,0.320116,0.916982
8976,36765696,0,0,nan,48.9676,1.17443,21.8473,12.2435,0,0.294459,0.917369
9000,36864000,0,0,nan,49.5633,1.14569,20.9269,11.5555,0,0.292769,0.916494
9024,36962304,0,0,nan,46.4421,1.1847,17.4687,12.2186,0,0.306395,0.916616
9048,37060608,0,0,nan,48.29,1.18423,21.2103,11.5358,0,0.310602,0.915212
9072,37158912,0,0,nan,47.4615,1.18093,28.7114,12.0176,0,0.302113,0.915314
9096,37257216,0,0,nan,49.5101,1.19673,17.1294,11.6008,0,0.289787,0.915426
9120,37355520,0,0,nan,49.8645,1.1827,28.4228,11.5488,0,0.310995,0.916412
9144,37453824,0,0,nan,48.222,1.18519,22.1717,11.7084,0,0.30907,0.915344
9168,37552128,0,0,nan,47.2371,1.15768,21.7718,11.6617,0,0.324367,0.911814
9192,37650432,0,0,nan,49.9253,1.21087,28.6822,11.8999,0,0.317809,0.912323
9216,37748736,0,0,nan,50.8492,1.17181,19.7221,11.7309,0,0.309587,0.910482
9240,37847040,0,0,nan,48.5235,1.17634,18.0019,12.5403,0,0.321352,0.91098
9264,37945344,0,0,nan,47.2265,1.17269,20.9742,12.4518,0,0.320466,0.91216
9288,38043648,0,0,nan,48.3806,1.19507,25.2179,11.9725,0,0.302845,0.909363
9312,38141952,0,0,nan,50.2856,1.18559,20.9608,11.8199,0,0.312592,0.909159
9336,38240256,0,0,nan,48.0583,1.1828,19.2039,11.6809,0,0.326461,0.909495
9360,38338560,0,0,nan,48.1739,1.18166,15.1605,11.8342,0,0.311966,0.908875
9384,38436864,0,0,nan,47.8688,1.16789,28.5516,12.0612,0,0.314872,0.90683
9408,38535168,0,0,nan,50.0422,1.16448,23.3568,11.3016,0,0.29642,0.907389
9432,38633472,0,0,nan,48.3808,1.16292,17.9189,11.4249,0,0.317456,0.909241
9456,38731776,0,0,nan,47.8332,1.14983,22.2045,10.9254,0,0.32483,0.910614
9480,38830080,0,0,nan,48.4475,1.17963,17.425,11.3354,0,0.340351,0.90981
9504,38928384,0,0,nan,49.5668,1.1567,24.2173,10.8068,0,0.319672,0.910289
9528,39026688,0,0,nan,46.6178,1.18175,17.9576,11.3405,0,0.319287,0.910858
9552,39124992,0,0,nan,47.5455,1.15258,17.8487,10.7662,0,0.312141,0.908488
9576,39223296,0,0,nan,48.745,1.14105,16.8162,11.3256,0,0.315722,0.908162
9600,39321600,0,0,nan,50.1953,1.15773,23.0075,10.3486,0,0.320246,0.908539
9624,39419904,0,0,nan,50.649,1.19573,21.5483,11.5836,0,0.331393,0.909871
9648,39518208,0,0,nan,48.2373,1.14222,24.7261,10.9299,0,0.314969,0.908763
9672,39616512,0,0,nan,48.9682,1.13046,22.2381,10.3438,0,0.310142,0.907522
9696,39714816,0,0,nan,52.6258,1.15962,27.1305,10.7475,0,0.342619,0.906576
9720,39813120,0,0,nan,49.3808,1.16725,21.1189,10.3134,0,0.331682,0.90391
9744,39911424,0,0,nan,49.6059,1.12305,23.0672,10.1789,0,0.332843,0.902486
9768,40009728,0,0,nan,46.7167,1.13207,21.7144,10.2961,0,0.339498,0.901052
9792,40108032,0,0,nan,49.1702,1.17067,22.361,10.3323,0,0.352229,0.90096
9816,40206336,0,0,nan,48.0069,1.13237,21.7666,10.1303,0,0.332722,0.898651
9840,40304640,0,0,nan,51.7117,1.16723,22.6418,10.501,0,0.340355,0.895467
9864,40402944,0,0,nan,48.7464,1.14199,23.0101,9.5882,0,0.323041,0.893321
9888,40501248,0,0,nan,48.9255,1.16274,21.7896,9.84405,0,0.355961,0.889109
9912,40599552,0,0,nan,55.2827,1.17046,23.9563,9.37683,0,0.335499,0.887217
9936,40697856,0,0,nan,47.3796,1.11696,22.853,9.8946,0,0.342074,0.885406
9960,40796160,0,0,nan,51.3844,1.09491,22.8504,9.5852,0,0.34391,0.883494
9984,40894464,0,0,nan,49.3365,1.10411,20.6893,9.27874,0,0.318097,0.881521
10008,40992768,0,0,nan,54.8555,1.20445,26.6845,9.55631,0,0.425567,0.880707
10032,41091072,0,0,nan,58.7311,1.20268,23.5228,9.55041,0,0.358725,0.877736
10056,41189376,0,0,nan,52.167,1.1437,23.8533,9.53497,0,0.324261,0.873393
10080,41287680,0,0,nan,59.0505,1.18813,24.969,9.27594,0,0.350628,0.870931
10104,41385984,0,0,nan,55.2991,1.15506,24.02,8.97598,0,0.333133,0.865977
10128,41484288,0,0,nan,55.9902,1.15217,22.1442,8.93392,0,0.330009,0.86083
10152,41582592,0,0,nan,50.629,1.13431,23.0452,9.28051,0,0.332357,0.859721
10176,41680896,0,0,nan,57.6828,1.1665,23.4983,8.73575,0,0.327701,0.858215
10200,41779200,0,0,nan,48.813,1.15531,23.713,8.75092,0,0.358309,0.856862
10224,41877504,0,0,nan,54.0612,1.14442,24.5199,8.13178,0,0.344939,0.851613
10248,41975808,0,0,nan,59.2187,1.19891,27.1966,8.74032,0,0.352893,0.846985
10272,42074112,0,0,nan,53.5339,1.18331,26.8656,9.01307,0,0.354926,0.844554
10296,42172416,0,0,nan,58.9518,1.19532,21.5142,8.59933,0,0.366083,0.840464
10320,42270720,0,0,nan,60.7857,1.18778,24.5838,8.37993,0,0.343915,0.836904
10344,42369024,0,0,nan,57.1032,1.20247,27.8473,8.7879,0,0.363518,0.833384
10368,42467328,0,0,nan,55.8205,1.1454,24.6976,8.13229,0,0.334411,0.830556
10392,42565632,0,0,nan,59.4186,1.17713,25.2452,8.05189,0,0.376316,0.826345
10416,42663936,0,0,nan,60.3779,1.13724,24.8942,8.30684,0,0.32168,0.82372
10440,42762240,0,0,nan,56.2981,1.1902,24.2885,8.24825,0,0.357956,0.817505
10464,42860544,0,0,nan,57.7616,1.18233,25.2497,8.06704,0,0.350028,0.811808
10488,42958848,0,0,nan,55.5385,1.10876,23.0373,7.90816,0,0.347483,0.809163
10512,43057152,0,0,nan,57.2452,1.20287,23.9656,8.3356,0,0.376482,0.805379
10536,43155456,0,0,nan,56.2863,1.14614,23.1656,8.28555,0,0.328407,0.802083
10560,43253760,0,0,nan,55.7002,1.15026,24.2258,7.53386,0,0.340301,0.798208
10584,43352064,0,0,nan,56.1224,1.20375,23.8095,8.25139,0,0.360722,0.792308
10608,43450368,0,0,nan,53.568,1.11579,22.2344,7.75682,0,0.391403,0.786784
10632,43548672,0,0,nan,57.8699,1.17934,25.8532,7.98106,0,0.369112,0.783508
10656,43646976,0,0,nan,55.8933,1.13347,25.2705,7.8404,0,0.350508,0.779826
10680,43745280,0,0,nan,53.6106,1.11274,24.9251,7.99379,0,0.337486,0.774394
10704,43843584,0,0,nan,55.7491,1.1588,24.6006,7.62395,0,0.335744,0.772502
10728,43941888,0,0,nan,54.7961,1.16347,23.3901,7.46704,0,0.330509,0.768443
10752,44040192,0,0,nan,54.5085,1.14025,25.7842,7.4315,0,0.393817,0.76064
10776,44138496,0,0,nan,54.1367,1.13107,24.5636,7.32584,0,0.333198,0.753815
10800,44236800,0,0,nan,53.9333,1.14606,25.1708,7.71445,0,0.389672,0.749288
10824,44335104,0,0,nan,52.5045,1.16188,25.78,7.63182,0,0.368635,0.744598
10848,44433408,0,0,nan,53.4814,1.15467,22.0698,6.92092,0,0.333737,0.73823
10872,44531712,0,0,nan,55.1094,1.19731,25.7673,7.32926,0,0.413844,0.731557
10896,44630016,0,0,nan,53.134,1.13985,24.0569,7.07783,0,0.35874,0.727376
10920,44728320,0,0,nan,56.6331,1.17403,26.6891,6.9849,0,0.34251,0.71933
10944,44826624,0,0,nan,52.6779,1.14015,22.5156,6.55601,0,0.350581,0.711487
10968,44924928,0,0,nan,50.6484,1.17605,25.1822,7.20848,0,0.326254,0.706492
10992,45023232,0,0,nan,51.528,1.11848,24.6582,6.47434,0,0.336214,0.701436
11016,45121536,0,0,nan,53.0774,1.18603,25.4465,7.77738,0,0.350906,0.697693
11040,45219840,0,0,nan,49.5503,1.11654,23.0791,7.01744,0,0.430791,0.694621
11064,45318144,0,0,nan,54.1618,1.18201,25.717,6.92286,0,0.331647,0.69165
11088,45416448,0,0,nan,53.3232,1.16358,25.728,7.20421,0,0.361275,0.689219
11112,45514752,0,0,nan,52.9068,1.15503,24.4743,7.08068,0,0.330339,0.686737
11136,45613056,0,0,nan,52.255,1.1031,24.8078,7.14862,0,0.359001,0.682302
11160,45711360,0,0,nan,54.2054,1.11521,23.6344,6.92024,0,0.342941,0.675364
11184,45809664,0,0,nan,57.1703,1.16541,25.5267,6.37132,0,0.352891,0.669271
11208,45907968,0,0,nan,50.2288,1.14078,25.1207,6.79499,0,0.355641,0.661133
11232,46006272,0,0,nan,51.9086,1.18269,23.6833,6.6648,0,0.356976,0.656555
11256,46104576,0,0,nan,57.7088,1.18341,26.4587,6.65218,0,0.337018,0.650838
11280,46202880,0,0,nan,51.915,1.17805,24.3426,7.28219,0,0.331543,0.646281
11304,46301184,0,0,nan,49.7847,1.133,25.4175,6.99484,0,0.340384,0.642171
11328,46399488,0,0,nan,58.0043,1.14232,25.2011,6.40551,0,0.352872,0.63623
11352,46497792,0,0,nan,50.5033,1.15025,26.1386,6.17279,0,0.338854,0.627116
11376,46596096,0,0,nan,51.5223,1.19015,23.5515,6.5968,0,0.334173,0.618469
11400,46694400,0,0,nan,47.1684,1.11187,23.058,6.24459,0,0.364771,0.610392
11424,46792704,0,0,nan,51.7412,1.15362,24.3701,6.43547,0,0.419719,0.604085
11448,46891008,0,0,nan,56.0888,1.18528,24.2305,6.66446,0,0.338986,0.597819
11472,46989312,0,0,nan,48.2929,1.11044,23.3172,5.94839,0,0.356952,0.591105
11496,47087616,0,0,nan,50.3289,1.13419,26.3489,5.85681,0,0.364826,0.585948
11520,47185920,0,0,nan,48.2204,1.19301,22.2191,6.42649,0,0.349536,0.578003
11544,47284224,0,0,nan,52.5009,1.10802,25.0123,5.81788,0,0.342608,0.568013
11568,47382528,0,0,nan,46.2519,1.08809,25.0709,5.98099,0,0.332956,0.555664
11592,47480832,0,0,nan,51.3033,1.18239,25.7205,5.90008,0,0.334145,0.547852
11616,47579136,0,0,nan,57.2231,1.1566,28.4404,5.66872,0,0.342535,0.54246
11640,47677440,0,0,nan,49.4647,1.15928,25.3549,5.70002,0,0.331053,0.533854
11664,47775744,0,0,nan,48.9697,1.15416,24.8791,5.63213,0,0.329672,0.526326
11688,47874048,0,0,nan,54.5419,1.17585,27.1203,5.94999,0,0.333404,0.521271
11712,47972352,0.000223796,0,nan,52.3199,1.14867,24.3527,5.93566,0,0.341238,0.511882
11736,48070656,0.000244141,0,nan,55.1052,1.1505,25.6899,6.04458,0,0.337102,0.503621
11760,48168960,0.000244141,0,nan,48.7709,1.08054,25.01,5.43031,0,0.321499,0.494751
11784,48267264,0.000244141,0,nan,50.9803,1.09175,25.9333,5.3424,0,0.33358,0.486348
11808,48365568,0.000244141,0,nan,49.0288,1.13033,24.8514,5.77103,0,0.3346,0.479523
11832,48463872,0.000244141,0,nan,48.8804,1.1049,24.1075,5.44638,0,0.338625,0.471151
11856,48562176,0.000244141,0,nan,48.6751,1.13238,24.9003,5.66464,0,0.345323,0.463389
11880,48660480,0.000244141,0,nan,46.7192,1.12146,24.0248,5.74616,0,0.340372,0.4552
11904,48758784,0.000244141,0,nan,52.1613,1.0982,24.1306,5.51865,0,0.331843,0.447072
11928,48857088,0.000244141,0,nan,51.4252,1.12514,26.919,6.05277,0,0.343847,0.439524
11952,48955392,0.000244141,0,nan,53.0436,1.12336,25.4997,5.33847,0,0.351462,0.433095
11976,49053696,0.000244141,0,nan,53.3961,1.10628,23.7673,5.68985,0,0.349459,0.425507
12000,49152000,0.000386556,0,nan,55.9328,1.12495,27.1251,5.73161,0,0.3424,0.420156
12024,49250304,0.000488281,0,nan,52.9736,1.12998,25.1368,6.03964,0,0.342997,0.414408
12048,49348608,0.000488281,0,nan,50.9106,1.13044,24.4321,5.71774,0,0.348533,0.409444
12072,49446912,0.000488281,0,nan,48.7682,1.08561,23.4073,5.46339,0,0.329323,0.402028
12096,49545216,0.000488281,0,nan,52.0931,1.12082,25.4375,5.77291,0,0.334037,0.394409
12120,49643520,0.000488281,0,nan,48.3267,1.04747,25.5346,5.53882,0,0.318187,0.388448
12144,49741824,0.000488281,0,nan,52.33,1.12103,25.5257,5.47831,0,0.327409,0.382579
12168,49840128,0.000488281,0,nan,46.6092,1.08585,23.5428,5.34116,0,0.339383,0.374491
12192,49938432,0.000488281,0,nan,56.1105,1.11218,27.0611,5.09233,0.0566378,0.338392,0.365946
12216,50036736,0.000620524,0,nan,50.3713,1.11927,26.2175,6.02476,0,0.349633,0.360738
12240,50135040,0.000732422,0,nan,54.0374,1.1246,25.7857,5.63095,0,0.338101,0.354614
12264,50233344,0.000732422,0,nan,46.5381,1.06321,24.6965,5.439,0,0.3542,0.346812
12288,50331648,0.000732422,0,nan,52.4837,1.1186,26.8646,5.40469,0,0.332884,0.340068
12312,50429952,0.000732422,0,nan,51.5865,1.13486,24.8862,5.87428,0,0.344854,0.334493
12336,50528256,0.000732422,0,nan,48.9798,1.10771,23.6955,5.63457,0,0.336886,0.32959
12360,50626560,0.000732422,0,nan,48.8676,1.04496,25.1052,5.23118,0,0.428753,0.325175
12384,50724864,0.000732422,0,nan,52.2161,1.09662,26.9086,5.25442,0,0.312008,0.321655
12408,50823168,0.000732422,0,nan,48.3485,1.08965,24.5853,5.66336,0,0.329488,0.31547
12432,50921472,0.000732422,0,nan,49.6468,1.09121,24.4124,5.41627,0,0.334059,0.31189
12456,51019776,0.000732422,0,nan,49.9971,1.096,25.1587,5.34667,0,0.349185,0.308136
12480,51118080,0.000732422,0,nan,47.615,1.05831,24.9858,5.51791,0,0.346984,0.305115
12504,51216384,0.00084432,0,nan,49.3886,1.11515,24.3319,5.65853,0,0.323041,0.300212
12528,51314688,0.000976562,0,nan,51.0177,1.13235,26.2409,5.65977,0,0.338385,0.296875
12552,51412992,0.000976562,0,nan,48.2652,1.11396,24.1343,5.47564,0,0.326236,0.293772
12576,51511296,0.000976562,0,nan,49.2022,1.08907,25.3589,5.65316,0,0.31144,0.289042
12600,51609600,0.000976562,0,nan,45.7867,1.07563,24.6548,5.60597,0,0.326041,0.285299
12624,51707904,0.000976562,0,nan,46.3255,1.04913,22.9515,5.32733,0,0.332038,0.280609
12648,51806208,0.00106812,0,nan,44.6406,1.05593,23.8877,5.75695,0,0.334927,0.276479
12672,51904512,0.0012207,0,nan,43.6736,1.10096,22.2774,5.67879,0,0.346454,0.273621
12696,52002816,0.0012207,0,nan,46.9759,1.10068,25.5832,5.76091,0,0.324091,0.269419
12720,52101120,0.0012207,0,nan,50.9358,1.09055,25.827,5.13397,0,0.352318,0.264608
12744,52199424,0.0012207,0,nan,45.4265,1.02432,23.7453,5.49027,0,0.333148,0.258413
12768,52297728,0.00135295,0,nan,47.0772,1.1557,25.8184,5.68075,0,0.344747,0.256653
12792,52396032,0.00146484,0,nan,46.8417,1.05711,22.621,5.0924,0.057653,0.333531,0.254517
12816,52494336,0.00146484,0,nan,48.3177,1.09035,24.8937,5.58967,0,0.326463,0.249115
12840,52592640,0.00146484,0,nan,46.0425,1.13206,25.7338,5.39662,0,0.335144,0.245392
12864,52690944,0.00146484,0,nan,46.3599,1.12586,24.861,5.57768,0,0.333153,0.242635
12888,52789248,0.00146484,0,nan,47.4596,1.09832,23.647,5.66246,0,0.315599,0.238363
12912,52887552,0.00164795,0,nan,44.3412,1.09851,22.9115,5.51958,0,0.31737,0.236277
12936,52985856,0.00195312,0,nan,45.7346,1.08792,23.9596,5.73777,0,0.313641,0.233388
12960,53084160,0.00195312,0,nan,51.43,1.10034,26.1387,5.23869,0,0.356926,0.232574
12984,53182464,0.00232951,0,nan,45.2365,1.07235,23.644,5.52137,0,0.352124,0.22934
13008,53280768,0.00244141,0,nan,43.6975,1.03675,23.0695,5.08482,0,0.316686,0.226522
13032,53379072,0.00244141,0,nan,44.7316,1.07955,22.8914,5.88379,0,0.314175,0.224426
13056,53477376,0.00253296,0,nan,45.9385,1.08535,25.034,4.83115,0,0.325862,0.220713
13080,53575680,0.00268555,0,nan,42.2868,1.03638,22.8743,5.54984,0,0.335799,0.21699
13104,53673984,0.00268555,0,nan,45.3848,1.05447,25.1457,5.10863,0.0635874,0.343905,0.21405
13128,53772288,0.00268555,0,nan,43.6615,1.08513,22.7287,5.42712,0,0.315758,0.212616
13152,53870592,0.00275675,0,nan,43.5583,1.15249,23.0229,5.58514,0,0.33391,0.210632
13176,53968896,0.00292969,0,nan,42.5062,1.09756,24.1124,5.22129,0,0.314665,0.207123
13200,54067200,0.00292969,0,nan,47.0735,1.09068,24.7309,5.66284,0,0.319637,0.204732
13224,54165504,0.00292969,0,nan,42.3201,1.05544,22.1204,5.4365,0,0.350249,0.202779
13248,54263808,0.00292969,0,nan,44.8652,1.13468,23.5499,5.50078,0,0.321357,0.20045
13272,54362112,0.00292969,0,nan,44.6337,1.12636,23.9441,5.27671,0,0.340398,0.199168
13296,54460416,0.00317383,0,nan,45.847,1.06727,24.8858,5.31074,0,0.348993,0.196655
13320,54558720,0.00317383,0,nan,45.1511,1.11889,25.7637,5.47453,0,0.349999,0.194621
13344,54657024,0.00317383,0,nan,39.6185,1.05688,21.8943,5.56327,0,0.347838,0.194194
13368,54755328,0.00317383,0,nan,39.3933,1.02997,22.808,5.09414,0.034383,0.327521,0.192383
13392,54853632,0.00325521,0,nan,45.1987,1.14823,25.7357,5.18822,0.0598071,0.329896,0.190796
13416,54951936,0.00343831,0,nan,42.2331,1.04808,22.6478,5.25756,0,0.354079,0.189636
13440,55050240,0.00368245,0,nan,43.2851,1.1323,24.2864,5.46841,0.0260553,0.316502,0.188436
13464,55148544,0.00413005,0,nan,39.4808,1.07295,22.1421,5.58941,0,0.336379,0.188151
13488,55246848,0.00430298,0,nan,37.7035,1.04234,21.8774,5.59219,0,0.323431,0.186615
13512,55345152,0.00444539,0,nan,41.1621,1.11108,21.6737,5.59905,0,0.328673,0.185872
13536,55443456,0.00463867,0,nan,39.3455,1.12923,21.9753,5.41202,0,0.32529,0.184204
13560,55541760,0.00463867,0,nan,44.0622,1.11625,23.9442,5.25136,0.0184128,0.339704,0.182373
13584,55640064,0.00498454,0,nan,38.2915,1.03512,22.2993,5.17467,0,0.345642,0.180562
13608,55738368,0.00512695,0,nan,42.0509,1.10993,22.9036,5.61402,0,0.347885,0.178294
13632,55836672,0.00512695,0,nan,41.7121,1.12911,22.9736,5.74591,0.0110048,0.350071,0.179209
13656,55934976,0.00512695,0,nan,40.9049,1.07045,22.7879,5.73415,0.0707589,0.335259,0.180186
13680,56033280,0.00512695,0,nan,39.4046,1.06945,21.0572,5.63128,0,0.332257,0.17923
13704,56131584,0.00531006,0,nan,42.7779,1.07116,22.683,5.28133,0.0393371,0.334293,0.178009
13728,56229888,0.00537109,0,nan,42.3537,1.16848,23.9286,5.16379,0,0.329918,0.175242
13752,56328192,0.00568644,0,nan,40.1388,1.10322,23.3602,5.36562,0,0.346944,0.17396
13776,56426496,0.00609334,0,nan,40.3658,1.14316,22.4903,5.41557,0.0575297,0.322277,0.171773
13800,56524800,0.00682577,0,0,38.5672,1.04531,21.0731,5.16877,0.130915,0.315566,0.170105
13824,56623104,0.00691732,0,0,41.1373,1.14071,22.2808,5.45238,0.0696608,0.328608,0.168142
13848,56721408,0.00683594,0,nan,40.6795,1.118,23.1189,5.59579,0.00171402,0.309261,0.167063
13872,56819712,0.0069987,0,nan,39.9371,1.06795,22.0777,5.05058,0,0.32206,0.165883
13896,56918016,0.00708008,0,nan,35.4197,1.04055,20.7534,5.14328,0,0.340324,0.164541
13920,57016320,0.00720215,0,nan,37.4057,1.09243,21.2077,5.09886,0,0.320933,0.16213
13944,57114624,0.00737508,0,nan,38.2059,1.07104,22.1658,4.94898,0,0.33754,0.160187
13968,57212928,0.00756836,0,0,40.586,1.07709,22.9698,5.30755,0.0731263,0.321163,0.159342
13992,57311232,0.00756836,0,nan,42.1704,1.07248,23.7284,5.1532,0,0.306885,0.157583
14016,57409536,0.00791423,0,nan,42.6261,1.10689,22.5985,5.13899,0,0.310155,0.156586
14040,57507840,0.00817871,0,nan,37.4993,1.07925,21.7811,5.22008,0,0.341793,0.153188
14064,57606144,0.00882975,0,nan,40.1363,1.06622,22.3846,5.19983,0,0.350922,0.153809
14088,57704448,0.0090332,0,nan,36.827,1.04465,21.8386,5.01213,0,0.31182,0.15329
14112,57802752,0.00913493,0,nan,37.9081,1.06066,20.4881,5.09877,0.0400141,0.333779,0.152771
14136,57901056,0.00959269,0,nan,36.4659,1.03169,21.3633,4.96087,0.04899,0.326393,0.1527
14160,57999360,0.00976562,0,nan,36.9475,1.09199,22.4976,4.92792,0,0.322897,0.152425
14184,58097664,0.00976562,0,nan,40.3325,1.10187,22.1803,5.28606,0.0819353,0.311057,0.153534
14208,58195968,0.00952148,0,nan,35.8802,1.10837,20.9191,5.22173,0.0588088,0.409317,0.154572
14232,58294272,0.00981649,0,nan,35.6464,1.03455,20.4888,5.08399,0,0.308933,0.154368
14256,58392576,0.0100098,0,nan,36.2713,1.04395,21.8121,4.95043,0,0.335953,0.153748
14280,58490880,0.010203,0,nan,41.3316,1.14489,22.6722,5.36453,0.104004,0.356904,0.152374
14304,58589184,0.010498,0,nan,35.4127,1.04847,21.9193,4.99485,0,0.311447,0.151306
14328,58687488,0.0110881,0,nan,35.0261,1.07838,19.4129,5.24267,0,0.326464,0.150736
14352,58785792,0.0116679,0,nan,37.9285,1.0511,21.5931,5.10769,0.026064,0.332671,0.149231
14376,58884096,0.0121765,0,nan,35.8005,1.07467,20.8317,5.03374,0.0327357,0.33079,0.148977
14400,58982400,0.01238,0,nan,35.2674,1.10075,20.8895,5.09103,0.223126,0.321805,0.149129
14424,59080704,0.0126953,0,nan,39.0353,1.05975,20.6293,5.15357,0,0.309791,0.147369
14448,59179008,0.0128581,0,nan,34.2556,1.03895,20.0427,4.94636,0,0.320841,0.144938
14472,59277312,0.0131124,0,nan,35.6775,1.071,21.3772,4.838,0,0.326894,0.140432
14496,59375616,0.0138143,0,nan,39.7498,1.12217,22.2311,4.99552,0,0.33952,0.138102
14520,59473920,0.0143026,0,nan,35.5795,1.10006,21.4635,4.87416,0.0542756,0.320966,0.134257
14544,59572224,0.0145874,0,nan,37.2929,1.03651,22.7278,5.05092,0,0.327703,0.131734
14568,59670528,0.0148722,0,nan,35.5905,1.02583,21.3258,4.96361,0.204594,0.314042,0.13151
14592,59768832,0.0151265,0,nan,36.8691,1.08751,21.7708,4.97997,0,0.327691,0.131429
14616,59867136,0.0153198,0,nan,35.922,1.06135,20.4345,5.06727,0,0.321192,0.129272
14640,59965440,0.0160828,0,nan,38.4012,1.13144,22.978,5.37705,0,0.331137,0.127594
14664,60063744,0.0161743,0,0,36.9306,1.06489,21.3243,5.2413,0.193943,0.345521,0.12736
14688,60162048,0.016215,0,nan,35.4496,1.05715,20.5528,5.01277,0.00635894,0.313636,0.126363
14712,60260352,0.0165609,0,nan,36.9484,1.0297,21.0257,4.8784,0.0985169,0.318687,0.125132
14736,60358656,0.017039,0,nan,35.0216,1.06759,20.9164,5.18689,0.028348,0.319635,0.126638
14760,60456960,0.0177409,0,nan,37.1867,1.14051,21.8935,4.99764,0.0271253,0.312403,0.125214
14784,60555264,0.018158,0,nan,35.2797,1.08741,20.2559,5.17227,0.19001,0.330788,0.124125
14808,60653568,0.0183105,0,nan,37.808,1.06867,21.9742,4.78769,0.268719,0.305512,0.124959
14832,60751872,0.0182699,0,nan,36.3788,1.08922,22.5498,5.06147,0.0900047,0.309141,0.123851
14856,60850176,0.0179138,0,nan,37.0179,1.0689,22.4786,4.99266,0.0456938,0.33341,0.122477
14880,60948480,0.0178833,0,nan,38.8124,1.08679,22.7276,4.7746,0,0.329121,0.12089
14904,61046784,0.0181376,0,nan,37.8768,1.09831,23.0133,4.92827,0,0.328335,0.120158
14928,61145088,0.0184733,0,nan,36.2303,1.07847,21.6372,4.99829,0.0419369,0.298255,0.119863
14952,61243392,0.0187785,0,nan,35.6533,1.08203,21.3107,4.97663,0.0707341,0.328642,0.120239
14976,61341696,0.0189107,0,nan,34.3336,1.03408,20.2665,4.86447,0.141401,0.321538,0.119253
15000,61440000,0.0193888,0,nan,35.5775,1.08646,21.3432,4.94078,0,0.325701,0.118968
15024,61538304,0.0194194,0,nan,37.7212,1.14825,22.3631,5.03725,0.164945,0.345076,0.118581
15048,61636608,0.0195312,0,nan,35.783,1.05643,21.3413,4.9745,0,0.330979,0.118439
15072,61734912,0.0200806,0,nan,31.9371,1.06431,20.2782,4.83149,0.0867879,0.313904,0.117218
15096,61833216,0.020752,0,nan,35.6556,1.10102,22.486,4.88924,0.0356845,0.318427,0.117299
15120,61931520,0.0207113,0,nan,33.3206,1.04569,20.336,4.83158,0.0483803,0.331475,0.115377
15144,62029824,0.0209961,0,nan,34.9812,1.08508,21.1607,5.08546,0.0365092,0.342684,0.114227
15168,62128128,0.0216268,0,nan,34.444,1.02605,21.0065,4.75873,0.0419911,0.324198,0.111938
15192,62226432,0.0224101,0,nan,35.4917,1.01165,21.4314,4.68997,0.0535944,0.321158,0.109762
15216,62324736,0.0228678,0,nan,35.1282,1.08117,21.8221,4.81715,0.00934647,0.336998,0.107737
15240,62423040,0.0232646,0,nan,36.5117,1.10279,21.9013,4.97639,0.0434702,0.304108,0.105967
15264,62521344,0.0243022,0,nan,34.2484,1.06076,21.0062,5.00254,0.108294,0.319673,0.105662
15288,62619648,0.0248311,0,nan,36.2208,1.09743,21.5259,5.06493,0.169294,0.354415,0.105286
15312,62717952,0.0249634,0,nan,36.8152,1.07771,23.26,4.88657,0,0.324788,0.105723
15336,62816256,0.025828,0,nan,34.4725,1.11127,20.4062,4.7604,0.224751,0.334128,0.104828
15360,62914560,0.025828,0,nan,35.8576,1.09101,22.4761,5.00599,0.219615,0.320107,0.103516
15384,63012864,0.026001,0,nan,36.2101,1.07576,20.8974,4.8532,0,0.326225,0.100708
15408,63111168,0.0261129,0,nan,36.327,1.08369,22.0305,4.84685,0.0522961,0.325659,0.0988057
15432,63209472,0.0262248,0,nan,35.0391,1.00951,21.4606,4.81205,0.0244546,0.343615,0.0973104
15456,63307776,0.0262553,0,nan,34.0501,1.05251,20.807,5.05641,0.0484748,0.317145,0.0961405
15480,63406080,0.0264791,0,nan,35.4209,1.07473,19.7354,5.20369,0.0413573,0.327091,0.0954488
15504,63504384,0.0268758,0,nan,35.0946,1.03864,22.4179,5.02364,0.0479006,0.331555,0.0948181
15528,63602688,0.0268656,0,nan,37.2382,1.12072,23.0132,4.89986,0.0272229,0.323216,0.0940959
15552,63700992,0.027181,0,nan,36.2191,1.05755,23.1423,4.80093,0.0396344,0.320586,0.0922953
15576,63799296,0.0277405,0,nan,36.7708,1.08204,22.5266,4.96154,0.141552,0.318216,0.0911662
15600,63897600,0.0285848,0,nan,39.5252,1.0575,23.2726,5.1308,0.0314826,0.319297,0.0902506
15624,63995904,0.0292765,0,nan,35.6709,1.07603,22.6523,4.82934,0,0.319219,0.0897013
15648,64094208,0.0299988,0,nan,36.0072,1.02198,22.62,5.00503,0.115118,0.338497,0.0895284
15672,64192512,0.0301819,0,nan,33.7595,1.0605,21.0126,5.12655,0.178604,0.321874,0.0871175
15696,64290816,0.0302836,0,nan,37.4509,1.05236,23.1532,4.97129,0.168232,0.323788,0.0864156
15720,64389120,0.0302734,0,0,35.6132,1.03918,22.6778,4.98574,0.153057,0.312041,0.0858968
15744,64487424,0.0304667,0,nan,38.3598,1.11849,23.9794,5.17234,0.0859919,0.344902,0.0835775
15768,64585728,0.0305074,0,nan,35.1534,1.00338,22.1797,4.76969,0.312948,0.314478,0.0835266
15792,64684032,0.0307515,0,nan,36.5308,1.03209,22.184,5.00075,0.275471,0.329766,0.0825195
15816,64782336,0.031606,0,nan,34.9879,1.08165,21.7269,5.11965,0.119482,0.327437,0.0828247
15840,64880640,0.0321859,0,nan,35.5557,1.06962,23.1556,4.90917,0.201907,0.33074,0.0817871
15864,64978944,0.0327047,0,nan,37.3259,1.05658,22.2066,4.97644,0.0771491,0.319753,0.080363
15888,65077248,0.0332031,0,nan,37.0036,1.03963,23.5092,4.74865,0.0496839,0.32405,0.0793254
15912,65175552,0.0333659,0,nan,33.0069,1.01947,21.2816,4.98592,0.0374021,0.33203,0.0782471
15936,65273856,0.0346171,0,nan,34.3153,1.06228,21.3214,5.12816,0.357935,0.331008,0.0778605
15960,65372160,0.0353597,0,nan,36.8364,1.09985,22.5266,5.11378,0.0694393,0.340601,0.0779419
15984,65470464,0.0362549,0,nan,35.5389,1.02396,20.9408,5.15618,0.181726,0.312663,0.0758464
16008,65568768,0.0369263,0,nan,34.6372,1.05464,21.7665,5.02109,0.148839,0.352012,0.0747782
16032,65667072,0.0370585,0,nan,36.5304,1.04176,23.0124,4.82905,0.165337,0.32435,0.0743408
16056,65765376,0.0371399,0,nan,35.5445,1.10269,23.328,4.96701,0.160733,0.315747,0.072937
16080,65863680,0.037384,0,nan,34.4942,1.00483,22.3433,5.06793,0.359498,0.334004,0.0732422
16104,65961984,0.038442,0,0,33.3485,1.01189,20.3595,5.09828,0.208084,0.315445,0.072408
16128,66060288,0.0395711,0,nan,35.9876,1.09447,23.0389,4.98592,0.351419,0.321663,0.0718892
16152,66158592,0.0395203,0,nan,34.3467,1.01173,21.7555,4.98874,0.370833,0.321273,0.0714925
16176,66256896,0.0393066,0,nan,34.9309,1.04648,21.9405,5.02,0.188826,0.330892,0.0710754
16200,66355200,0.0395203,0,nan,34.5284,1.06678,21.517,5.07536,0.0907206,0.335532,0.0706177
16224,66453504,0.0403646,0,nan,34.0964,1.05903,21.2486,4.97597,0,0.322589,0.0693258
16248,66551808,0.0407511,0,nan,34.0287,1.0883,20.6543,5.119,0.0772831,0.326641,0.0681152
16272,66650112,0.0411072,0,nan,33.2155,1.05463,21.9723,4.97257,0.0845918,0.315114,0.0666504
16296,66748416,0.0416056,0,nan,33.3768,1.08103,20.4897,4.94615,0,0.30572,0.0662842
16320,66846720,0.0415751,0,nan,34.4439,1.08443,21.1627,5.14173,0.197186,0.336946,0.066213
16344,66945024,0.0415751,0,nan,34.2342,1.03371,21.9987,4.89865,0.241597,0.299286,0.0675151
16368,67043328,0.0421041,0,nan,33.9981,1.0622,19.9483,5.32463,0.107258,0.330933,0.0673319
16392,67141632,0.0423279,0,nan,33.8804,1.07619,20.4795,5.31036,0.0150587,0.314341,0.0675354
16416,67239936,0.0429382,0,nan,34.6076,1.10365,21.0001,5.2333,0.400776,0.316514,0.0688578
16440,67338240,0.043396,0,0,32.7829,1.01188,20.4247,5.30326,0.160167,0.330109,0.0707804
16464,67436544,0.0443319,0,nan,32.7173,1.00642,20.3686,4.83897,0.148755,0.325553,0.0711772
16488,67534848,0.0449829,0,nan,32.6336,1.08005,19.7284,5.14849,0.275266,0.319875,0.0712382
16512,67633152,0.0449219,0,nan,34.0742,1.07235,19.9375,5.31001,0.275801,0.300703,0.0707194
16536,67731456,0.0449524,0,nan,32.4154,1.05102,20.6752,4.93405,0.000886876,0.304365,0.0705261
16560,67829760,0.0453796,0,nan,33.9006,1.0489,20.9218,4.97566,0.0893656,0.322346,0.070516
16584,67928064,0.0461019,0,nan,33.8522,1.04367,20.2479,5.09289,0.120176,0.317163,0.0705566
16608,68026368,0.046519,0,nan,33.4803,1.04322,20.3395,5.13816,0.0727354,0.314488,0.0697225
16632,68124672,0.046936,0,nan,33.5358,1.05566,21.3303,5.4231,0.156499,0.315213,0.0690002
16656,68222976,0.0475464,0,nan,31.9337,1.0868,20.259,5.06939,0.255858,0.318291,0.0673116
16680,68321280,0.0477804,0,nan,34.2383,1.04794,21.5982,4.93405,0.253901,0.327243,0.0663757
16704,68419584,0.0483907,0,nan,34.3897,1.01116,19.6306,5.2777,0.231168,0.311109,0.065094
16728,68517888,0.0489299,0,nan,33.0081,1.06124,19.2775,5.20585,0.130263,0.316321,0.064738
16752,68616192,0.0500387,0,nan,34.1772,1.07615,20.9012,5.00754,0.174822,0.318467,0.0638428
16776,68714496,0.0508525,0,nan,34.2465,1.05597,22.3448,5.17509,0.0951186,0.316418,0.0631917
16800,68812800,0.0515849,0,0,33.5584,1.05422,20.5482,5.14972,0.540003,0.337057,0.0616455
16824,68911104,0.0529175,0,nan,30.7877,0.981781,19.0732,5.16824,0.397342,0.327817,0.0600688
16848,69009408,0.0530192,0,0,31.6817,0.998862,19.6684,5.07024,0.203433,0.335398,0.0590413
16872,69107712,0.054067,0,0,32.1769,1.07553,19.6471,5.20371,0.311033,0.317513,0.0591532
16896,69206016,0.0544942,0,nan,31.7043,1.05585,19.8456,5.06022,0.0798871,0.330529,0.0599365
16920,69304320,0.0549825,0,nan,32.7182,1.12079,19.5292,5.12467,0.147356,0.33691,0.0597229
16944,69402624,0.0553996,0,nan,33.0589,1.06629,20.587,5.2883,0.189741,0.325252,0.0591431
16968,69500928,0.0554199,0,nan,33.1342,1.02627,20.9949,5.08359,0.12481,0.322985,0.0571594
16992,69599232,0.0553487,0,nan,33.6123,1.04295,21.4614,5.18903,0.24789,0.315371,0.0570272
17016,69697536,0.0556946,0,nan,34.4877,1.05126,22.614,5.24643,0.323258,0.314986,0.0563354
17040,69795840,0.0562744,0,nan,33.7058,1.06525,21.5307,5.0779,0.203039,0.324419,0.0558777
17064,69894144,0.0565389,0,nan,31.0526,1.04544,19.2753,5.10613,0.136754,0.33951,0.0553894
17088,69992448,0.0574341,0,0,32.5398,1.029,19.1944,5.13859,0.178171,0.331564,0.053477
17112,70090752,0.0583293,0,nan,33.4524,1.00977,20.8039,5.02006,0.245579,0.306199,0.0530396
17136,70189056,0.0582784,0,nan,33.6587,1.04163,22.3307,5.05297,0.088558,0.337999,0.0529683
17160,70287360,0.0581868,0,nan,33.3018,1.08132,21.2547,5.06826,0.628568,0.298576,0.0513306
17184,70385664,0.058726,0,0,33.1207,1.04209,20.8872,5.02303,0.111287,0.318441,0.0499369
17208,70483968,0.0591838,0,nan,30.0396,1.07056,18.2043,5.24714,0.299795,0.322169,0.0495504
17232,70582272,0.0594788,0,nan,35.5938,1.08723,23.0916,5.29809,0.112497,0.319423,0.050415
17256,70680576,0.0594177,0,nan,34.1037,1.03294,19.997,5.14157,0.185549,0.330242,0.0508016
17280,70778880,0.0592855,0,nan,34.8153,1.05305,22.5109,5.15686,0.19009,0.301306,0.0507406
17304,70877184,0.0598043,0,nan,34.2807,1.06704,21.5483,5.07016,0.0726756,0.317325,0.0496114
17328,70975488,0.0599263,0,nan,34.2216,1.07543,22.0373,5.04851,0.311835,0.310256,0.0480957
17352,71073792,0.0605265,0,nan,33.9709,1.06401,22.8544,5.1196,0.34644,0.317872,0.0473836
17376,71172096,0.0618998,0,nan,33.6993,1.04763,20.9166,5.17541,0.326292,0.353691,0.046519
17400,71270400,0.063619,0,nan,33.4827,1.02986,21.4449,4.98229,0.242332,0.342162,0.0472209
17424,71368704,0.064209,0,nan,32.6098,1.04734,20.9251,5.0144,0.177564,0.326016,0.0468852
17448,71467008,0.0643514,0,0,34.8608,1.04089,21.3662,5.14648,0.382204,0.322214,0.0462138
17472,71565312,0.0654093,0,0,30.9166,1.01958,20.1276,5.08064,0.365896,0.33234,0.0462036
17496,71663616,0.0652974,0,0,32.2086,1.04699,20.6484,5.26524,0.515084,0.307432,0.0456238
17520,71761920,0.0659485,0,nan,33.4962,1.02174,22.6034,4.9423,0.178267,0.296919,0.0453491
17544,71860224,0.0660909,0,nan,33.2261,1.02715,21.9,5.05207,0.0324247,0.320134,0.0457764
17568,71958528,0.0662943,0,nan,32.2298,1.08731,21.5546,5.12885,0.126704,0.341886,0.0463257
17592,72056832,0.0663045,0,0,32.2513,1.00997,20.8173,5.08892,0.21621,0.323414,0.0471191
17616,72155136,0.0667114,0,0,31.709,0.994447,19.9567,5.45032,0.139083,0.325519,0.0472717
17640,72253440,0.0665894,0,nan,31.2717,1.03356,20.7044,5.1092,0.229923,0.329741,0.0475871
17664,72351744,0.0664775,0,0,32.7223,1.02941,19.9903,5.00191,0.608767,0.320814,0.0480957
17688,72450048,0.0667521,0,nan,33.7898,1.0847,21.6885,5.17883,0.156427,0.320249,0.048289
17712,72548352,0.0664978,0,nan,31.4665,1.01199,20.3039,5.04858,0.257088,0.346129,0.0483297
17736,72646656,0.067688,0,nan,31.322,1.04953,20.1138,5.16115,0.106076,0.324942,0.0486348
17760,72744960,0.0688477,0,nan,31.4649,1.01065,20.1138,5.23617,0.437674,0.321268,0.0491231
17784,72843264,0.0695801,0,nan,32.5789,1.00934,21.0079,5.02955,0.53366,0.307343,0.0493368
17808,72941568,0.0704854,0,nan,33.6924,1.07296,22.2541,5.19313,0.531963,0.318016,0.0491028
17832,73039872,0.071462,0,nan,32.9981,1.07027,20.9048,5.07319,0.425579,0.289803,0.0484416
17856,73138176,0.0721029,0,nan,31.5253,0.988165,20.4583,5.01208,0.21921,0.322459,0.048055
17880,73236480,0.0725301,0,nan,32.0066,0.992801,18.9843,5.02285,0.408877,0.323028,0.0476786
17904,73334784,0.0733846,0,nan,30.7997,0.986284,19.9119,5.06087,0.100349,0.300034,0.0472107
17928,73433088,0.0736898,0,0,33.1991,1.03433,20.4836,5.10022,0.378779,0.31928,0.0470378
17952,73531392,0.0743713,0,nan,32.3832,1.03691,20.6079,5.41055,0.0985835,0.336545,0.047526
17976,73629696,0.0743205,0,nan,33.3701,1.06797,21.9408,5.28189,0.19516,0.316249,0.0478109
18000,73728000,0.0748088,0,nan,30.148,1.0421,17.8796,5.321,0.555314,0.343888,0.0475769
18024,73826304,0.0753072,0,nan,30.456,1.02148,19.8979,5.12015,0.469859,0.321327,0.0473531
18048,73924608,0.0757141,0,nan,30.4119,1.01507,18.2159,5.05854,0.51481,0.332745,0.046936
18072,74022912,0.0763753,0,0,30.8409,1.03304,19.9785,5.18435,0.34208,0.2982,0.0465698
18096,74121216,0.0775757,0,nan,32.7092,1.06401,22.2109,5.21284,0.403205,0.310506,0.0460815
18120,74219520,0.0782064,0,nan,31.3248,1.10162,18.9266,5.62964,0.354208,0.304902,0.0456645
18144,74317824,0.0794373,0,nan,30.1888,1.05421,20.3989,5.34963,0.241568,0.298601,0.0460205
18168,74416128,0.0804749,0,0,31.3909,1.02593,20.4243,5.41744,0.503515,0.315161,0.0470581
18192,74514432,0.0808309,0,nan,31.5588,1.04954,20.7853,5.44887,0.451539,0.330852,0.0483297
18216,74612736,0.0821025,0,0,29.7774,1.02103,19.4848,5.18868,0.592668,0.305612,0.0476685
18240,74711040,0.0833028,0,nan,30.8004,1.03747,20.2081,5.24962,0.21358,0.334542,0.0472005
18264,74809344,0.084432,0,0,31.3819,1.00452,21.5548,5.21579,0.26802,0.317754,0.0464274
18288,74907648,0.0847168,0,nan,31.5979,1.05271,20.7092,5.23216,0.301733,0.310267,0.0462545
18312,75005952,0.0854696,0,nan,30.1194,0.981896,20.19,5.21173,0.412452,0.305559,0.0463562
18336,75104256,0.0864156,0,nan,30.9167,0.997658,20.6586,5.49829,0.339824,0.299357,0.0471497
18360,75202560,0.0868022,0,0,31.6362,1.04828,19.3097,5.4255,0.318949,0.315138,0.047231
18384,75300864,0.0870463,0,nan,29.921,1.04103,20.0778,5.31563,0.228439,0.33539,0.0475057
18408,75399168,0.0870972,0,nan,29.3812,1.0157,18.0924,5.36137,0.243986,0.328693,0.0463867
18432,75497472,0.0876567,0,nan,31.3989,1.05007,21.0148,5.5793,0.184475,0.299473,0.0461121
18456,75595776,0.0883179,0,0,30.9082,1.05632,20.5327,5.34371,0.554759,0.319043,0.0458984
18480,75694080,0.0888977,0,nan,29.4788,1.05009,19.4728,5.60148,0.436009,0.326742,0.0458476
18504,75792384,0.0892334,0,0,28.4777,1.01608,17.8049,5.34979,0.440728,0.287782,0.0451152
18528,75890688,0.0907491,0,nan,32.4021,1.04659,22.8061,5.33073,0.289638,0.316178,0.044047
18552,75988992,0.09198,0,0,28.8714,1.04886,18.6297,5.41672,0.179001,0.312717,0.0435689
18576,76087296,0.0925903,0,0,27.6969,1.04184,17.9311,5.54498,0.425786,0.301715,0.0426534
18600,76185600,0.0924174,0,nan,29.869,1.04756,20.1398,5.32619,0.262879,0.320961,0.0415853
18624,76283904,0.0932922,0,nan,29.5641,0.971779,19.6971,5.39237,0.170642,0.320895,0.0407104
18648,76382208,0.0938517,0,0,32.0061,1.09761,21.4505,5.51706,0.533808,0.323547,0.0394389
18672,76480512,0.0940653,0,nan,30.4345,0.995341,20.6303,5.32505,0.345617,0.338423,0.0393778
18696,76578816,0.0938416,0,nan,30.3216,1.05409,19.5659,5.55446,0.217277,0.320843,0.0392965
18720,76677120,0.0938822,0,0,30.177,0.987976,19.7394,5.59242,0.503011,0.322393,0.0388082
18744,76775424,0.0946554,0,0,30.4138,1.04442,20.4429,5.51247,0.360101,0.316248,0.038208
18768,76873728,0.0962118,0,0,30.0656,1.02362,19.3111,5.4352,0.614636,0.323682,0.0377706
18792,76972032,0.096049,0,0,30.4292,1.03449,19.0321,5.46036,0.287666,0.310069,0.0378418
18816,77070336,0.0970459,0,0,30.8218,1.04924,19.6137,5.55312,0.543711,0.336003,0.0380351
18840,77168640,0.0972595,0,nan,29.2962,1.06921,17.8911,5.47951,0.678495,0.300465,0.0385437
18864,77266944,0.0969543,0,nan,30.6223,1.0609,19.687,5.54627,0.756451,0.332904,0.0389303
18888,77365248,0.097168,0,nan,31.8832,1.05499,21.2606,5.44494,0.439893,0.329852,0.0386454
18912,77463552,0.0992025,0.0022441,nan,31.7914,1.037,20.8075,5.28988,0.465988,0.311306,0.0386149
18936,77561856,0.100657,0,0,28.3098,1.05704,18.0488,5.67439,0.484913,0.31792,0.0377604
18960,77660160,0.101023,0,nan,31.3325,1.07459,19.8176,5.58741,0.410928,0.324091,0.0371195
18984,77758464,0.101267,0,nan,31.167,1.0812,20.0307,5.54886,0.655878,0.308683,0.0371297
19008,77856768,0.101593,0,0,30.7145,1.05535,19.7014,5.64524,0.335324,0.311118,0.0369466
19032,77955072,0.102631,0,nan,31.4787,1.0626,21.1718,5.50476,0.249724,0.312846,0.0374654
19056,78053376,0.103078,0,0,30.2546,1.01756,20.0075,5.56783,0.381294,0.307379,0.037089
19080,78151680,0.103333,0,nan,28.846,0.988572,19.4737,5.5889,0.210276,0.319828,0.0368347
19104,78249984,0.103343,0,nan,30.8004,1.04122,20.1463,5.57398,0.445049,0.318723,0.0375977
19128,78348288,0.104004,0,nan,28.8102,1.0032,18.8832,5.71417,0.291427,0.301582,0.0377401
19152,78446592,0.104492,0,nan,31.7835,1.03118,20.9539,5.55648,0.299786,0.31986,0.0374349
19176,78544896,0.104462,0,nan,30.7975,1.04505,19.8118,5.56621,0.326458,0.304611,0.0370789
19200,78643200,0.105275,0,0,30.6792,1.09407,20.1451,5.47053,0.832313,0.309318,0.0367126
19224,78741504,0.105815,0,nan,31.0145,1.08632,20.5536,5.68967,0.39754,0.325049,0.0369873
19248,78839808,0.106547,0,0,31.3385,1.09644,21.8494,5.39877,0.448118,0.300313,0.0373332
19272,78938112,0.10734,0,nan,32.925,1.07219,23.4338,5.58454,0.0753752,0.330081,0.0370687
19296,79036416,0.108236,0,nan,29.5288,1.0376,19.3973,5.66529,0.291518,0.327942,0.0375264
19320,79134720,0.108348,0,nan,29.3907,1.02853,19.3882,5.66088,0.407993,0.293172,0.0379944
19344,79233024,0.109578,0,nan,27.8021,1.03888,19.0686,5.5917,0.159871,0.320806,0.0377197
19368,79331328,0.110697,0,0,28.6655,1.00504,19.0477,5.50375,0.442801,0.327186,0.0378723
19392,79429632,0.11145,0,0,28.8858,1.02778,18.6977,5.55113,0.379774,0.309641,0.0374451
19416,79527936,0.112132,0,nan,29.6731,1.09717,19.2374,5.63433,0.333303,0.355887,0.0371806
19440,79626240,0.112071,0,0,31.1676,1.00625,20.4171,5.69271,0.136963,0.311068,0.0367025
19464,79724544,0.112691,0,0,29.9233,1.10406,19.5927,5.92322,0.878504,0.326974,0.0365702
19488,79822848,0.112356,0,0,30.3598,1.05833,20.8598,5.59563,0.592559,0.323523,0.037618
19512,79921152,0.112946,0,nan,29.2804,1.03734,19.3437,5.61608,0.614712,0.322519,0.0383301
19536,80019456,0.113658,0,nan,28.0033,1.02349,18.0614,5.65915,0.60604,0.321213,0.0394185
19560,80117760,0.114461,0,0,30.0242,1.01291,20.2202,5.70612,0.654913,0.319564,0.0391541
19584,80216064,0.114543,0,nan,28.7769,1.0634,19.4255,5.56916,0.422852,0.305626,0.0391439
19608,80314368,0.114461,0,nan,28.5199,0.994192,17.8833,5.60868,0.577938,0.339039,0.039388
19632,80412672,0.115417,0,0,30.3675,1.02543,19.4755,5.70311,0.298461,0.349762,0.0402222
19656,80510976,0.116262,0,0,29.6118,1.02389,19.6844,5.59499,0.706619,0.336639,0.0402934
19680,80609280,0.117238,0,nan,29.5428,1.03076,20.2438,5.62365,0.710183,0.329348,0.0398763
19704,80707584,0.118764,0,0,27.2474,0.984656,18.0895,5.57581,0.397264,0.309153,0.0402934
19728,80805888,0.119771,0,0,30.207,1.08746,20.8274,5.68627,0.481298,0.325455,0.0404867
19752,80904192,0.119985,0,nan,28.219,1.05435,18.4107,5.67104,0.9309,0.323552,0.0401917
19776,81002496,0.120575,0,nan,29.4392,1.09552,19.003,5.78912,0.373413,0.313455,0.0396729
19800,81100800,0.122152,0,nan,29.1681,1.02701,18.9979,5.59603,0.596556,0.316909,0.0391642
19824,81199104,0.122955,0,nan,27.2787,1.01325,17.6963,5.82212,0.660131,0.326485,0.0391541
19848,81297408,0.122782,0,0,31.0457,1.06876,20.1144,5.70266,0.291782,0.31791,0.0384928
19872,81395712,0.123372,0,0,27.5612,0.981156,17.8769,5.71074,0.431406,0.324118,0.0386149
19896,81494016,0.124552,0,nan,29.4532,1.04554,19.1678,5.76354,0.666185,0.345805,0.0389303
19920,81592320,0.125478,0,nan,27.8997,0.986564,18.6644,5.9177,0.452236,0.315836,0.0405782
19944,81690624,0.125885,0,0,27.6919,1.03338,17.8251,5.79705,0.909539,0.308475,0.0404154
19968,81788928,0.126963,0,0,28.8564,0.995782,18.9233,5.81967,0.560296,0.316576,0.0394999
19992,81887232,0.127747,0,nan,27.956,0.996945,19.0749,5.89555,0.420309,0.336757,0.0391846
20016,81985536,0.128337,0,nan,27.7576,0.965017,17.7335,5.80319,0.54883,0.315585,0.0386353
20040,82083840,0.128479,0,nan,28.4761,1.04095,18.8378,5.68798,0.668508,0.317269,0.038269
20064,82182144,0.128703,0,0,28.4851,1.01627,18.7235,5.7883,0.552284,0.320633,0.0385539
20088,82280448,0.129618,0,0,28.0789,0.964242,17.3097,5.89804,0.79601,0.325385,0.038503
20112,82378752,0.130585,0,nan,28.9724,1.05028,19.9106,6.00897,0.564685,0.313158,0.0372518
20136,82477056,0.130503,0,0,28.4903,1.01523,18.894,5.80552,0.591656,0.321642,0.0362752
20160,82575360,0.131632,0,0,28.0486,0.999164,18.5668,5.8616,0.732067,0.322167,0.035614
20184,82673664,0.133097,0,nan,29.0262,1.00744,19.5207,5.81002,0.247891,0.340665,0.0346171
20208,82771968,0.134603,0,nan,27.5812,0.984863,18.0692,5.78382,0.926774,0.316144,0.0341797
20232,82870272,0.13504,0,nan,28.2102,0.991287,18.5878,5.85966,0.495454,0.309954,0.034078
20256,82968576,0.135335,0,0,29.3362,1.0759,18.203,5.85062,0.420892,0.316908,0.0342407
20280,83066880,0.136485,0,nan,30.5254,1.02554,20.0394,5.83964,0.0950595,0.328041,0.0336812
20304,83165184,0.137533,0,nan,27.9407,1.03417,18.8461,5.89624,0.510771,0.316795,0.0323893
20328,83263488,0.137655,0,0,26.5261,1.0069,17.4738,5.86752,0.493453,0.323735,0.0315653
20352,83361792,0.138143,0,nan,26.7314,0.973546,17.6366,5.8212,0.395748,0.34633,0.0308736
20376,83460096,0.138804,0,0,28.337,1.01003,18.4611,5.96472,0.766985,0.331057,0.0308024
20400,83558400,0.139384,0,nan,29.8254,0.957556,18.9655,5.91605,0.525006,0.318214,0.0306803
20424,83656704,0.139374,0,nan,28.5811,1.02212,18.9231,5.97419,0.577878,0.291578,0.0305379
20448,83755008,0.139119,0,0,27.151,0.999284,18.1023,6.0334,0.758657,0.314024,0.0296224
20472,83853312,0.139862,0,0,25.5805,0.983555,16.6749,5.96619,0.71272,0.342021,0.0302734
20496,83951616,0.141103,0,nan,28.3559,0.966244,18.8164,5.91236,0.480898,0.337351,0.0302633
20520,84049920,0.140951,0,0,27.3438,1.04402,18.0498,6.07697,0.962306,0.336161,0.0299886
20544,84148224,0.141296,0,nan,28.5843,0.992559,17.7249,6.12885,0.712494,0.326326,0.0297445
20568,84246528,0.142242,0,nan,27.1866,0.939223,16.7383,5.83533,0.798924,0.321385,0.0311178
20592,84344832,0.14325,0,nan,27.8033,0.985958,17.978,6.12844,0.496158,0.332106,0.0315959
20616,84443136,0.144826,0,nan,28.0985,0.971892,18.0453,6.09665,0.733393,0.312527,0.0310669
20640,84541440,0.145915,0,nan,28.4616,1.00572,18.7379,6.09524,0.697266,0.297299,0.0313517
20664,84639744,0.146444,0,0,26.7729,0.994752,16.8153,6.12755,0.734615,0.339407,0.0322571
20688,84738048,0.14738,0,0,29.0642,1.00267,19.993,6.10411,1.47534,0.308136,0.0321452
20712,84836352,0.148081,0,nan,32.9944,1.0635,20.5646,6.28797,0.472741,0.321424,0.0319417
20736,84934656,0.148783,0,0,26.8089,0.943409,18.2449,6.14911,0.59507,0.333121,0.0323588
20760,85032960,0.149251,0,0,30.0041,1.04328,19.8258,6.06056,0.762829,0.343229,0.0324198
20784,85131264,0.149668,0,nan,28.6573,0.947543,18.5592,6.15785,0.594519,0.315922,0.0330302
20808,85229568,0.150665,0,nan,29.0621,1.03255,19.3199,6.11102,0.709682,0.331946,0.0330302
20832,85327872,0.151815,0,0,31.1377,1.05225,19.8826,6.08926,0.994242,0.335678,0.0338949
20856,85426176,0.152496,0,0,28.4136,1.0116,18.4742,6.1455,0.785551,0.335379,0.0347595
20880,85524480,0.153625,0,nan,29.4242,0.951922,18.1041,6.14586,1.0407,0.348651,0.0354818
20904,85622784,0.153768,0,0,29.0492,1.00235,19.6938,6.13951,0.600419,0.310515,0.0341187
20928,85721088,0.15449,0,nan,30.2819,0.978863,20.5137,6.20797,0.764203,0.331126,0.0326538
20952,85819392,0.154826,0,nan,29.0482,1.01732,19.0009,6.12108,0.431061,0.303193,0.0328878
20976,85917696,0.155548,0,0,28.6229,1.00104,18.8298,6.13952,0.634275,0.336224,0.0333659
21000,86016000,0.156077,0,nan,28.6865,1.02508,18.6983,6.07543,0.873526,0.335771,0.034373
21024,86114304,0.157288,0,nan,31.2,1.01106,20.9475,6.10659,0.458643,0.330588,0.0340271
21048,86212608,0.15803,0,nan,27.8354,1.04869,18.3713,6.21549,1.05593,0.346381,0.0341797
21072,86310912,0.158091,0,0,27.5889,0.956897,19.0899,6.05953,0.828116,0.310622,0.0342712
21096,86409216,0.158864,0,0,26.666,1.00584,17.5165,6.37552,0.811157,0.297761,0.034078
21120,86507520,0.160339,0,nan,26.4276,0.983902,17.5926,6.31157,0.695862,0.308137,0.0345968
21144,86605824,0.161448,0,nan,26.3823,0.963361,17.2674,6.23966,0.962234,0.317654,0.035319
21168,86704128,0.163472,0,0,28.3525,0.968612,18.5633,6.23245,0.883671,0.317099,0.035909
21192,86802432,0.164347,0,0,25.6882,1.02292,16.1379,6.28306,0.622225,0.323822,0.0369364
21216,86900736,0.164978,0,0,29.2914,1.00163,20.4117,6.17434,1.2874,0.317804,0.036967
21240,86999040,0.1657,0,0,27.6048,0.99614,18.1688,6.21127,0.652819,0.308697,0.0362854
21264,87097344,0.166311,0,nan,26.9058,0.990035,17.6538,5.96199,0.256506,0.327145,0.0360921
21288,87195648,0.16806,0,nan,27.6633,1.00275,17.1677,6.2398,0.634303,0.324568,0.0363668
21312,87293952,0.169342,0,0,28.3331,1.00774,19.0744,6.17921,0.464405,0.319869,0.0362956
21336,87392256,0.170074,0,0,28.5293,1.01927,19.0947,6.24504,0.767013,0.334505,0.0365906
21360,87490560,0.170186,0.00454447,nan,27.3597,0.963095,18.3667,6.24382,0.474574,0.323748,0.0366414
21384,87588864,0.171173,0,0,25.5386,0.970163,17.0518,6.28856,0.899141,0.320626,0.0363973
21408,87687168,0.171844,0,nan,29.6006,0.999336,18.9025,6.19051,0.934775,0.317743,0.0362345
21432,87785472,0.173106,0,nan,28.3822,1.01193,18.6302,6.3095,0.573866,0.325399,0.0364888
21456,87883776,0.174449,0,nan,27.7559,1.01888,19.1078,6.39076,0.750349,0.355886,0.036377
21480,87982080,0.175802,0,0,26.1424,0.964822,16.8218,6.24854,0.92056,0.324127,0.0354004
21504,88080384,0.176992,0,0,26.6768,0.971606,16.9479,6.14584,0.853939,0.340537,0.0348918
21528,88178688,0.177297,0,0,28.5103,0.976874,18.4685,6.40319,0.622609,0.310961,0.034668
21552,88276992,0.177602,0,nan,29.5316,1.06111,19.9162,6.23699,0.730852,0.340501,0.0339254
21576,88375296,0.17804,0,0,26.6628,0.976164,18.0883,6.20377,0.749719,0.315094,0.0335083
21600,88473600,0.178914,0,0,27.8287,1.00039,18.5839,6.34377,0.529464,0.324842,0.0337118
21624,88571904,0.179474,0,0,26.0184,0.95752,17.0241,6.29046,1.12813,0.330033,0.0332845
21648,88670208,0.180298,0,0,27.6293,1.0053,18.5361,6.18449,1.23973,0.315209,0.032725
21672,88768512,0.181753,0,0,27.7472,1.02416,18.2172,6.20855,0.848036,0.327438,0.0319214
21696,88866816,0.183787,0,nan,29.734,0.987569,19.1493,6.44663,0.725434,0.321599,0.031901
21720,88965120,0.184408,0,nan,25.2851,0.965021,16.2368,6.24224,0.705158,0.345768,0.0318807
21744,89063424,0.186015,0,nan,27.1248,0.976045,18.1934,6.3418,0.92941,0.319468,0.0315755
21768,89161728,0.186859,0,0,26.4902,0.970643,16.8459,6.2792,0.589183,0.328024,0.0317688
21792,89260032,0.187551,0,0,27.9477,0.989213,18.0518,6.30248,0.833983,0.325727,0.0318604
21816,89358336,0.188487,0,nan,26.3097,0.97424,17.4691,6.36485,1.29807,0.334781,0.0315857
21840,89456640,0.189748,0,0,25.9589,0.968675,17.4017,6.36848,1.26463,0.294521,0.0304871
21864,89554944,0.191945,0,0,26.3107,1.06554,17.6766,6.2466,1.13319,0.30458,0.0296326
21888,89653248,0.1934,0,nan,28.9482,1.03828,19.1309,6.30446,0.92174,0.323004,0.0291443
21912,89751552,0.194865,0,nan,28.3797,0.962359,20.3191,6.23834,0.571463,0.308005,0.0293986
21936,89849856,0.19634,0,0,28.4931,1.09392,18.7396,6.54894,0.870131,0.329747,0.0297038
21960,89948160,0.196665,0,0,27.5951,1.03359,17.6832,6.4459,0.835243,0.33211,0.0305888
21984,90046464,0.197917,0,0,28.4588,1.06382,19.0191,6.22483,0.583454,0.325905,0.0304057
22008,90144768,0.198781,0,0,26.604,0.997626,17.301,6.36836,0.52567,0.322933,0.0297139
22032,90243072,0.200694,0,nan,25.7033,0.929667,17.0885,6.07948,0.533583,0.315898,0.0301717
22056,90341376,0.20167,0,0,27.2008,0.986209,18.5205,6.20149,1.41669,0.29416,0.0298665
22080,90439680,0.203135,0,nan,26.1592,0.956696,16.9059,6.20665,1.02024,0.314584,0.0297648
22104,90537984,0.204549,0,nan,27.4926,0.974175,17.2598,6.19251,0.466034,0.330218,0.0297648
22128,90636288,0.205933,0,0,25.3216,0.941622,16.2043,6.24857,0.743719,0.322567,0.0298157
22152,90734592,0.208923,0,nan,27.8449,1.04608,18.0656,6.38869,1.13185,0.348118,0.0292155
22176,90832896,0.208852,0,0,26.0503,0.944693,16.9271,6.28794,0.6511,0.319247,0.0283101
22200,90931200,0.21047,0,nan,26.2257,1.00699,17.4067,6.33844,1.44183,0.345588,0.0273844
22224,91029504,0.211782,0,0,27.5057,1.03459,17.7307,6.37174,1.11435,0.316108,0.0273844
22248,91127808,0.212697,0,0,26.2981,1.00996,17.6961,6.32106,0.618602,0.303617,0.0271606
22272,91226112,0.213918,0,nan,27.126,1.04552,16.9031,6.34932,0.414564,0.330335,0.0270589
22296,91324416,0.215108,0,nan,27.2451,1.01709,18.0243,6.29847,0.480509,0.324351,0.0271098
22320,91422720,0.215973,0,nan,26.7179,0.9718,16.8852,6.31337,0.540728,0.325063,0.0272319
22344,91521024,0.217804,0,0,27.8046,1.07986,18.4543,6.24457,0.892544,0.311108,0.027242
22368,91619328,0.219269,0,0,26.087,1.03505,16.3101,6.28858,0.94699,0.309311,0.0268351
22392,91717632,0.220673,0,nan,26.6836,0.996073,17.5203,6.12566,1.19348,0.310461,0.0272013
22416,91815936,0.22168,0,0,27.2001,1.00153,17.6085,6.32249,1.48533,0.348316,0.0267843
22440,91914240,0.222209,0,0,25.8119,0.982957,16.0376,6.27024,1.12648,0.32502,0.0270386
22464,92012544,0.222931,0,0,26.1596,0.99186,16.9837,6.39062,1.88735,0.309349,0.0278727
22488,92110848,0.223775,0,nan,24.0288,1.00903,15.2948,6.38477,0.988528,0.33254,0.0272827
22512,92209152,0.225535,0.00427324,0,24.8583,0.974015,16.5146,6.11677,1.31886,0.318122,0.0272929
22536,92307456,0.226674,0,0,25.5209,0.9812,17.0263,6.23843,0.806688,0.309393,0.0273336
22560,92405760,0.227987,0,0,26.4391,1.0236,17.2488,6.22707,0.799551,0.323247,0.0266317
22584,92504064,0.229635,0,nan,26.7194,1.00044,17.9412,6.23976,0.698822,0.314175,0.0271606
22608,92602368,0.231028,0,0,25.3104,0.986507,16.4958,6.35701,1.04096,0.33166,0.0265299
22632,92700672,0.232737,0,nan,25.7061,1.04602,16.0357,6.36224,1.2169,0.32878,0.0268656
22656,92798976,0.234019,0,nan,24.3835,1.00781,15.3141,5.94265,0.980213,0.321867,0.026296
22680,92897280,0.235514,0,nan,26.1741,1.02171,17.3772,6.18919,0.895513,0.318609,0.0260417
22704,92995584,0.237742,0,0,25.5081,1.01659,16.2925,6.23131,0.973618,0.326799,0.0261129
22728,93093888,0.239115,0,0,25.9898,1.05585,16.8427,6.42923,1.14724,0.346752,0.0262858
22752,93192192,0.240438,0,0,26.3332,1.06226,16.6828,6.39675,1.067,0.330953,0.0269775
22776,93290496,0.24231,0,nan,25.9367,1.00304,16.8034,6.487,0.966951,0.324692,0.0269165
22800,93388800,0.244334,0,0,29.1119,1.10291,19.3563,6.25114,0.902913,0.331648,0.0270081
22824,93487104,0.245453,0,0,26.2813,1.00301,17.3073,6.47585,1.00581,0.323894,0.0279032
22848,93585408,0.247457,0,0,24.9552,1.0281,16.5621,6.34315,1.55587,0.320986,0.028422
22872,93683712,0.248789,0,nan,27.9494,1.04368,18.0799,6.4539,1.5186,0.32898,0.0291036
22896,93782016,0.249329,0,0,23.4862,1.02851,14.9161,6.35539,1.24338,0.330363,0.0293681
22920,93880320,0.250366,0,0,24.7197,1.01023,15.7492,6.34685,1.03528,0.350893,0.0297241
22944,93978624,0.252197,0,nan,26.2273,1.0175,16.9619,6.40687,1.04111,0.302338,0.0293681
22968,94076928,0.253062,0,nan,27.8852,1.07058,17.293,6.66838,0.837143,0.331373,0.0295512
22992,94175232,0.254527,0,nan,27.3086,1.02556,17.2797,6.48167,0.898364,0.324157,0.0301819
23016,94273536,0.255676,0,0,25.7336,0.983526,15.9172,6.27006,0.710658,0.319668,0.0301615
23040,94371840,0.25765,0,0,25.4458,1.01283,16.8124,6.33996,1.05549,0.322686,0.0307515
23064,94470144,0.259745,0,0,26.9557,1.07047,17.6638,6.43625,1.71441,0.319215,0.0308634
23088,94568448,0.261414,0,0,24.1075,1.01079,15.395,6.32971,0.586304,0.32617,0.0308024
23112,94666752,0.263763,0,nan,24.7242,1.02169,15.0582,6.3731,0.928092,0.32841,0.0311788
23136,94765056,0.266785,0,0,25.5056,1.03527,16.5511,6.45644,0.990988,0.323537,0.030955
23160,94863360,0.269582,0,nan,23.8164,0.97086,15.0573,6.27834,1.6118,0.302868,0.0311788
23184,94961664,0.270844,0,0,26.8549,1.06993,16.6858,6.44712,1.23012,0.325695,0.0314433
23208,95059968,0.27184,0,nan,25.8612,0.93997,15.2939,6.54726,1.86099,0.317461,0.0316264
23232,95158272,0.274821,0,0,26.3058,1.08242,16.2045,6.37849,1.01531,0.336555,0.0316264
23256,95256576,0.277781,0,0,24.4851,0.975573,15.9651,6.44907,1.83438,0.300747,0.0324198
23280,95354880,0.279999,0,0,26.7293,1.0245,17.2599,6.39426,0.792882,0.326251,0.0322571
23304,95453184,0.281657,0,0,25.0702,1.03543,16.5514,6.34783,1.0515,0.329602,0.0325521
23328,95551488,0.284119,0,0,25.5996,1.00351,16.3491,6.55501,1.40237,0.312829,0.032369
23352,95649792,0.286916,0,0,26.7898,1.04239,15.5971,6.34526,1.62857,0.328305,0.03302
23376,95748096,0.289398,0,0,26.1568,1.05512,16.0997,6.48243,1.58025,0.311715,0.0332743
23400,95846400,0.291768,0,0,30.9847,1.03415,17.1623,6.38412,1.34383,0.304592,0.0330912
23424,95944704,0.294708,0,0,27.2584,1.0981,17.9324,6.42136,1.21204,0.310309,0.0325419
23448,96043008,0.296529,0,0,24.3761,0.992113,14.756,6.3589,1.50023,0.315407,0.0317485
23472,96141312,0.298248,0,0,24.7444,1.02271,15.2554,6.37705,1.86327,0.308892,0.0306702
23496,96239616,0.299428,0,0,25.7817,1.00784,17.0152,6.41275,1.35645,0.314712,0.0304565
23520,96337920,0.301158,0,nan,25.1106,1.02747,15.4615,6.44555,1.19092,0.321166,0.0298055
23544,96436224,0.303507,0,0,26.1715,1.03461,16.5046,6.32722,1.3239,0.310801,0.0297648
23568,96534528,0.305481,0,0,26.1604,1.11201,16.5897,6.3835,1.30366,0.356578,0.0295105
23592,96632832,0.307953,0,nan,23.619,0.972586,15.1855,6.34234,1.03021,0.326707,0.0286458
23616,96731136,0.310323,0,nan,24.0545,1.01126,15.058,6.50176,1.26123,0.321197,0.0285339
23640,96829440,0.311544,0,nan,26.4476,1.05593,16.2749,6.42231,1.31207,0.32594,0.0288289
23664,96927744,0.313436,0,0,25.4856,1.00843,14.7566,6.58477,2.13988,0.315678,0.0294291
23688,97026048,0.316518,0,0,25.5282,1.06025,16.2039,6.49463,1.26267,0.327642,0.0292664
23712,97124352,0.318064,0,0,25.4395,1.04294,15.9207,6.44934,1.24782,0.344015,0.028717
23736,97222656,0.320363,0,0,24.6915,1.02324,14.943,6.54774,1.75052,0.32473,0.0283
23760,97320960,0.323446,0,nan,25.5356,1.04752,16.1814,6.41976,1.10459,0.293117,0.0276794
23784,97419264,0.325521,0,0,24.5756,1.07427,15.602,6.31759,1.58991,0.334237,0.0268962
23808,97517568,0.327576,0,0,24.3513,0.957847,16.1054,6.31758,1.02254,0.363524,0.0260824
23832,97615872,0.329508,0,0,25.682,1.03624,16.1541,6.34349,1.57273,0.324282,0.0252991
23856,97714176,0.331299,0,nan,25.1274,1.00339,15.4812,6.70554,2.22699,0.335943,0.0245463
23880,97812480,0.333761,0.014373,nan,25.8801,1.00576,17.5047,6.41686,1.7851,0.340631,0.0241801
23904,97910784,0.335856,0,0,24.9843,1.03547,15.3957,6.5057,2.25247,0.319075,0.0236715
23928,98009088,0.337392,0,0,23.409,1.01578,14.951,6.30475,1.26938,0.318848,0.0234884
23952,98107392,0.338399,0,0,25.3345,1.02085,16.1195,6.3967,2.33636,0.325375,0.0231323
23976,98205696,0.33962,0,0,24.4044,1.01786,15.7747,6.42021,1.63901,0.326477,0.0213623
24000,98304000,0.342672,0,0,21.8921,0.944576,12.531,6.41704,1.30152,0.339019,0.0214742
24024,98402304,0.344543,0,nan,24.7611,0.966307,15.8922,6.41691,1.71963,0.333239,0.021108
24048,98500608,0.346059,0,0,23.1417,0.955415,14.3153,6.3194,1.61987,0.328524,0.0202942
24072,98598912,0.34727,0,0,23.4253,1.02046,14.1429,6.17006,1.24115,0.320033,0.0203145
24096,98697216,0.348714,0,nan,24.9621,0.995259,15.4974,6.54617,1.36066,0.324025,0.0200907
24120,98795520,0.349548,0,0,26.8411,1.03832,16.8189,6.43533,1.21726,0.315771,0.0198669
24144,98893824,0.352041,0,0,24.0912,0.974545,16.0344,6.42565,1.83558,0.317832,0.0199483
24168,98992128,0.353872,0,nan,25.2436,1.08819,15.5929,6.34919,1.6446,0.301258,0.0196228
24192,99090432,0.355286,0,0,25.1285,1.06408,15.9205,6.50354,1.65603,0.32312,0.0193481
24216,99188736,0.355947,0,0,26.0152,0.964144,17.1924,6.22853,1.25485,0.325466,0.0189311
24240,99287040,0.357869,0,0,24.5295,1.02518,15.2784,6.34614,1.1824,0.32669,0.0181478
24264,99385344,0.360341,0,0,24.202,1.0012,15.9872,6.28717,2.13354,0.324637,0.0175171
24288,99483648,0.362793,0,0,25.684,1.08205,16.4257,6.42997,1.47317,0.318923,0.0171102
24312,99581952,0.365102,0,0,25.189,1.061,16.1196,6.25059,1.37288,0.316632,0.0170695
24336,99680256,0.367055,0,0,25.1145,0.968385,16.2759,6.47596,1.71078,0.315181,0.0175883
24360,99778560,0.369019,0,0,24.6219,0.98771,15.775,6.45888,2.22845,0.320809,0.0174662
24384,99876864,0.370158,0,0,24.9385,0.948385,15.978,6.37362,1.70208,0.33263,0.0180664
24408,99975168,0.371663,0,nan,25.9862,1.00738,18.2935,6.35541,1.52677,0.319473,0.0189006
24432,100073472,0.373535,0,0,25.7653,0.985791,16.0443,6.49048,1.54739,0.321753,0.01946
24456,100171776,0.375315,0,0,25.9305,1.00417,16.7951,6.53046,1.76977,0.326475,0.0194906
24480,100270080,0.376333,0,0,25.4714,1.01941,15.7928,6.45232,2.06543,0.319695,0.0190837
24504,100368384,0.377167,0,0,25.5408,1.0128,16.2275,6.47366,1.78261,0.352211,0.0191243
24528,100466688,0.378215,0,0,24.208,0.983316,14.518,6.38096,1.69907,0.33921,0.0194397
24552,100564992,0.381134,0,0,24.9663,0.985428,16.4237,6.43802,1.44905,0.344755,0.0196126
24576,100663296,0.383189,0,0,24.5776,0.992812,15.8767,6.30881,1.27084,0.342213,0.0194397
24600,100761600,0.384216,0,0,24.3257,0.958186,15.0816,6.41029,1.83366,0.31483,0.019633
24624,100859904,0.386058,0,nan,25.8113,0.98618,16.6348,6.31549,1.90971,0.300246,0.0194499
24648,100958208,0.388652,0,nan,23.1011,0.955114,14.2745,6.44161,2.42318,0.32548,0.01946
24672,101056512,0.391439,0,0,27.5136,1.04285,16.9944,6.53912,1.35377,0.339704,0.0197245
24696,101154816,0.393819,0,nan,26.381,1.02341,16.8958,6.42507,1.2005,0.331361,0.0201111
24720,101253120,0.396413,0,0,26.5582,1.00402,17.7605,6.44004,1.84265,0.304479,0.0196533
24744,101351424,0.397522,0,0,25.3171,0.98238,16.0746,6.73021,1.9573,0.340433,0.0204671
24768,101449728,0.398519,0,0,23.8403,1.02587,15.3319,6.50512,1.48369,0.312258,0.021047
24792,101548032,0.400492,0,0,25.9476,0.989862,17.4465,6.52352,2.18005,0.340085,0.0213521
24816,101646336,0.402802,0,0,24.8695,1.00022,16.2257,6.50725,2.01681,0.317391,0.0213521
24840,101744640,0.403961,0,0,25.835,1.01108,16.6065,6.51755,2.3094,0.310979,0.0215759
24864,101842944,0.406057,0,0,25.9852,1.03455,16.1377,6.58676,1.59686,0.312378,0.0232849
24888,101941248,0.408,0,0,25.6247,0.970116,17.3412,6.42908,1.76769,0.343457,0.0235697
24912,102039552,0.408651,0,0,25.6898,0.984194,17.2964,6.33436,2.12337,0.300986,0.0237834
24936,102137856,0.410655,0,nan,25.8169,0.997713,17.0185,6.53165,1.72586,0.314902,0.0235901
24960,102236160,0.411611,0,0,24.8083,1.00282,15.7116,6.50001,1.97679,0.326359,0.0233256
24984,102334464,0.412923,0,0,25.9162,0.954403,17.3721,6.53868,1.18282,0.316411,0.0233053
25008,102432768,0.41566,0,nan,26.6282,0.981184,16.8952,6.47978,1.97993,0.323208,0.0232239
25032,102531072,0.417409,0,0,24.2792,0.903131,15.8017,6.39838,1.99492,0.296178,0.0235799
25056,102629376,0.41743,0,0,26.4309,0.962931,17.0364,6.50593,1.64084,0.332014,0.0237834
25080,102727680,0.41862,0,0,25.1046,1.03167,15.8166,6.61397,2.29109,0.300389,0.0239156
25104,102825984,0.419434,0,0,26.6606,1.05383,17.0456,6.69092,1.47289,0.300723,0.023468
25128,102924288,0.420888,0,0,25.3371,0.983568,16.2386,6.54124,1.76386,0.325763,0.0234782
25152,103022592,0.423157,0,0,23.1901,0.942134,15.0729,6.55496,2.60212,0.324854,0.0234782
25176,103120896,0.42569,0,0,24.0161,0.970605,15.6582,6.55068,2.42206,0.321639,0.0240987
25200,103219200,0.427205,0,nan,26.9461,0.959211,17.8265,6.59426,1.45947,0.317753,0.0239868
25224,103317504,0.428172,0,0,24.1397,0.993448,15.5864,6.47186,2.14263,0.311818,0.0238037
25248,103415808,0.429118,0,nan,23.5391,0.931395,15.152,6.49295,1.55868,0.304603,0.0236918
25272,103514112,0.431396,0,0,23.4357,1.01227,15.5327,6.48864,2.48781,0.369346,0.023234
25296,103612416,0.433868,0,0,26.0483,0.95526,16.2278,6.30464,1.40648,0.318257,0.0232544
25320,103710720,0.436066,0,0,25.9538,0.985997,17.0051,6.68966,1.51869,0.321568,0.0227153
25344,103809024,0.437937,0,0,24.21,1.01352,15.0532,6.65154,2.10037,0.335423,0.0215149
25368,103907328,0.440684,0,0,24.4013,0.96045,15.1853,6.67606,2.30901,0.300523,0.0208842
25392,104005632,0.443553,0,0,24.5013,1.00962,15.359,6.6694,2.08566,0.329679,0.0196737
25416,104103936,0.444712,0,0,26.0449,1.02575,16.4436,6.59732,2.05306,0.320632,0.0192057
25440,104202240,0.446136,0,0,24.448,0.978406,15.955,6.58771,2.65593,0.32187,0.019399
25464,104300544,0.448781,0,0,24.2614,0.947776,15.0047,6.71419,2.45617,0.319242,0.019338
25488,104398848,0.450948,0,0,24.0231,1.00671,15.9591,6.73253,2.52825,0.326764,0.0197856
25512,104497152,0.453339,0,0,24.3312,0.994913,16.1848,6.62338,2.0298,0.310383,0.0196431
25536,104595456,0.455841,0,nan,23.3583,0.992637,14.7396,6.75817,2.35512,0.319434,0.019755
25560,104693760,0.459005,0,0,24.4745,0.985874,16.2723,6.70782,1.7117,0.318433,0.019755
25584,104792064,0.462372,0,0,24.3983,1.04512,15.1033,6.72759,1.66539,0.341326,0.0199483
25608,104890368,0.464457,0,0,24.2241,1.02619,15.8006,6.69253,1.83808,0.297631,0.0207214
25632,104988672,0.466268,0,0,24.2407,1.02469,16.09,6.93683,2.29235,0.316527,0.0205383
25656,105086976,0.468587,0,0,23.4051,1.00977,15.1961,6.83408,2.40715,0.307105,0.0197856
25680,105185280,0.471151,0,0,23.017,0.990945,15.1739,6.75415,1.82262,0.323684,0.0191549
25704,105283584,0.47229,0,0,24.1787,1.02266,14.5547,6.92316,2.47902,0.332002,0.0197042
25728,105381888,0.475454,0,0,23.3756,1.00068,14.9022,6.86796,2.59159,0.318829,0.0205587
25752,105480192,0.47816,0,0,23.0228,1.01367,14.3237,6.8147,2.4117,0.325021,0.0194295
25776,105578496,0.479858,0,0,24.5283,0.972197,16.1683,6.8748,1.61723,0.310145,0.0193481
25800,105676800,0.483276,0,0,25.1778,1.00097,16.9134,6.93738,1.6094,0.33479,0.0194397
25824,105775104,0.486816,0,0,24.2599,0.989088,15.137,6.88973,2.75725,0.317904,0.0199483
25848,105873408,0.488536,0,0,23.8539,1.01822,14.7653,6.88384,2.5164,0.310125,0.0190328
25872,105971712,0.49055,0,0,24.7456,1.01884,15.9037,7.06295,1.17065,0.322853,0.0185242
25896,106070016,0.492574,0,0,23.9459,0.980269,15.2255,6.94376,2.56441,0.3276,0.0194397
25920,106168320,0.493815,0,0,24.9241,1.02071,15.8875,6.90845,2.35236,0.318798,0.0192871
25944,106266624,0.494385,0,0,24.9983,1.0417,15.6281,7.08478,2.54926,0.349022,0.019755
25968,106364928,0.495931,0,0,23.0702,0.99109,14.8972,7.13252,1.8525,0.321034,0.0199076
25992,106463232,0.496175,0,0,23.315,0.97927,14.7119,7.2086,2.37053,0.312505,0.0198263
26016,106561536,0.49822,0,nan,22.8454,0.968091,14.1399,6.96369,1.63884,0.315388,0.0193075
26040,106659840,0.499837,0,0,23.7633,0.996326,14.4512,7.10644,2.40874,0.327501,0.0196025
26064,106758144,0.501211,0,0,23.1155,1.00891,14.9335,6.91996,2.4551,0.320534,0.0195007
26088,106856448,0.503906,0,0,22.2441,0.968579,14.2122,7.09127,2.5481,0.304234,0.0195312
26112,106954752,0.507233,0,0,25.7608,0.961843,16.0092,7.25636,2.40357,0.308626,0.0197245
26136,107053056,0.508433,0,0,22.9279,0.990348,14.2842,7.01303,2.12901,0.31523,0.0195821
26160,107151360,0.510061,0,0,23.1924,0.982,14.2396,7.12118,2.89936,0.319996,0.0196838
26184,107249664,0.511912,0,0,22.6995,0.994922,14.2913,7.21629,2.28706,0.32026,0.0191549
26208,107347968,0.513397,0,0,24.7212,1.01368,15.671,7.14795,2.22998,0.311438,0.0197957
26232,107446272,0.516174,0,0,23.4129,0.974135,14.1035,7.10324,2.36617,0.314265,0.0202535
26256,107544576,0.519786,0,0,23.3046,0.934732,14.5604,7.38559,3.46226,0.325345,0.0206909
26280,107642880,0.520864,0,0,23.403,0.984361,14.55,7.26135,2.14499,0.340307,0.0213114
26304,107741184,0.523987,0,0,22.6979,0.964487,14.5135,7.18611,2.02691,0.333022,0.0213216
26328,107839488,0.528015,0,0,22.2683,0.992859,13.9583,7.30939,1.96267,0.321809,0.0211894
26352,107937792,0.531514,0,0,22.8211,0.98373,14.9328,7.11654,2.30811,0.314111,0.0213623
26376,108036096,0.533915,0,0,22.6874,0.981137,13.9273,7.17073,2.44344,0.305329,0.0216573
26400,108134400,0.536285,0,0,23.2837,1.02222,14.1929,7.23427,2.32226,0.332954,0.021993
26424,108232704,0.538147,0,0,23.6933,0.963771,15.8087,7.29706,2.22619,0.303593,0.0218302
26448,108331008,0.541016,0,0,23.3146,0.991715,14.6261,7.09868,2.37786,0.319586,0.0213114
26472,108429312,0.543233,0,0,22.1955,1.01294,14.3434,7.20044,3.11726,0.31899,0.0209656
26496,108527616,0.546224,0,0,22.8313,0.988555,13.836,7.21038,2.79636,0.328944,0.0206604
26520,108625920,0.548808,0,0,23.2185,1.00172,14.8846,7.14816,2.12128,0.324756,0.0206095
26544,108724224,0.551544,0,0,22.0488,0.994591,14.1548,7.14007,1.64037,0.325993,0.0202128
26568,108822528,0.5554,0,0,22.9125,0.959578,13.9979,7.28774,2.08968,0.318626,0.0201619
26592,108920832,0.559235,0,0,22.2126,1.00145,13.608,7.30443,2.63733,0.318629,0.0202433
26616,109019136,0.562236,0,0,22.5714,0.9892,14.0221,7.42031,1.93362,0.322456,0.0196228
26640,109117440,0.565511,0,0,21.9353,0.981808,13.0329,7.17046,3.30457,0.312436,0.0198263
26664,109215744,0.570526,0,0,22.7463,0.91272,13.6354,7.3057,2.84667,0.309901,0.0202433
26688,109314048,0.575511,0,0,22.4924,1.03215,14.2339,7.19808,2.16802,0.322231,0.0203654
26712,109412352,0.580505,0,0,21.7666,0.944189,13.5363,7.27426,1.34361,0.315394,0.0196431
26736,109510656,0.584483,0,0,22.2016,0.992527,13.7744,7.29835,3.35847,0.320039,0.0190938
26760,109608960,0.587687,0,0,20.0719,0.92772,12.5238,7.24846,2.73686,0.320527,0.0188802
26784,109707264,0.591054,0,0,22.5891,0.959911,13.2571,7.33483,2.3104,0.332353,0.0190837
26808,109805568,0.594503,0,0,22.07,0.970356,13.7103,7.0739,1.91392,0.331112,0.0191447
26832,109903872,0.597707,0,0,23.6448,0.982832,14.4672,7.32408,3.03211,0.302184,0.0190531
26856,110002176,0.600271,0,0,22.0697,0.933369,12.9825,7.30499,3.14356,0.315385,0.0191956
26880,110100480,0.604431,0,0,23.7645,1.0087,16.013,7.26279,1.8614,0.295159,0.0180868
26904,110198784,0.609344,0,0,21.6801,0.971546,12.7847,7.37792,2.66633,0.306964,0.0174764
26928,110297088,0.614807,0,0,21.1969,0.973613,13.1726,7.44469,2.91021,0.327392,0.0179952
26952,110395392,0.620534,0,0,22.9192,1.00458,14.4814,7.36394,2.38154,0.32508,0.0172119
26976,110493696,0.624359,0,0,23.1799,1.0064,12.8711,7.35707,2.18461,0.33771,0.0174967
27000,110592000,0.62797,0,0,21.8435,0.943263,13.5361,7.23183,2.38671,0.320433,0.0177307
27024,110690304,0.631775,0,0,21.9053,0.992461,13.5674,7.22581,2.9677,0.335766,0.017334
27048,110788608,0.637207,0,0,21.0116,0.989662,12.8,7.1648,2.43727,0.339199,0.0167033
27072,110886912,0.641632,0,0,21.777,0.942286,13.255,7.15806,2.73639,0.314995,0.016805
27096,110985216,0.646535,0,0,22.4925,1.02854,13.0195,7.39674,2.52898,0.327907,0.0172831
27120,111083520,0.650594,0,0,20.4369,0.943994,12.1757,7.47593,2.84148,0.316512,0.0166931
27144,111181824,0.656108,0,0,22.0476,1.01379,12.8549,7.26425,3.52429,0.329008,0.0163981
27168,111280128,0.660726,0,0,21.2318,0.970279,12.7305,7.21286,3.15878,0.308611,0.0164185
27192,111378432,0.664032,0,0,22.3609,0.979555,13.9925,7.32094,2.86403,0.315667,0.0163676
27216,111476736,0.669078,0,0,21.2892,1.02481,13.2035,7.20921,2.92314,0.341839,0.0160217
27240,111575040,0.674438,0,0,20.7952,0.958503,12.5736,7.13031,3.10973,0.325845,0.0156453
27264,111673344,0.680237,0,0,20.9994,0.992189,12.6392,7.21334,3.45677,0.317122,0.0155334
27288,111771648,0.68574,0,0,21.7938,1.002,12.4821,7.39599,2.9172,0.322554,0.0154215
27312,111869952,0.691315,0,0,21.7456,0.931979,13.7343,7.13648,2.02188,0.323786,0.0157369
27336,111968256,0.69633,0,0,20.783,0.959479,12.3333,7.31781,3.6199,0.31829,0.0162354
27360,112066560,0.70045,0,0,22.2894,0.979326,12.9083,7.35273,3.77561,0.318157,0.0163269
27384,112164864,0.703512,0,0,21.9893,0.939408,13.0058,7.26439,2.60256,0.318364,0.0167033
27408,112263168,0.706014,0,0,22.5108,0.960813,13.3206,7.22418,2.06602,0.33517,0.0160319
27432,112361472,0.7093,0,0,22.6294,0.964108,13.5343,7.28065,3.14794,0.314864,0.0161641
27456,112459776,0.712585,0,0,24.9593,0.98709,12.5212,7.4201,4.11037,0.333131,0.0165812
27480,112558080,0.717611,0,0,21.7201,0.964146,13.7515,7.30274,3.36922,0.313686,0.0168152
27504,112656384,0.723216,0,0,22.1085,0.956261,13.2242,7.28086,2.95209,0.320862,0.0166117
27528,112754688,0.728241,0,0,20.1699,0.941889,11.8667,7.21359,2.72821,0.309054,0.016449
27552,112852992,0.732686,0,0,21.6019,0.994721,12.4426,7.17667,2.82714,0.318923,0.0165914
27576,112951296,0.737722,0,0,21.5844,0.977065,13.2172,7.26817,2.79898,0.351505,0.0162659
27600,113049600,0.742289,0,0,20.8894,0.921349,12.5142,7.25588,2.46505,0.31845,0.0158285
27624,113147904,0.74707,0,0,21.4961,0.942558,13.0955,7.21708,2.44668,0.317108,0.015564
27648,113246208,0.750458,0,0,23.5014,0.967164,13.6299,7.34763,4.26698,0.31167,0.015391
27672,113344512,0.753377,0,0,22.2185,0.945175,12.8794,7.22439,2.91542,0.311732,0.0159505
27696,113442816,0.756429,0,0,22.6116,0.994503,13.4677,7.39301,2.9672,0.323778,0.015859
27720,113541120,0.76121,0,0,21.2624,0.946977,13.2474,7.41514,3.43742,0.322808,0.0157166
27744,113639424,0.765147,0,0,22.2863,0.975955,13.1333,7.40516,3.91887,0.3246,0.0164795
27768,113737728,0.770396,0,0,21.9147,1.00006,13.5673,7.10101,3.13551,0.314571,0.0163778
27792,113836032,0.775706,0,0,20.9796,0.942848,12.2124,7.32048,3.82894,0.316402,0.0163167
27816,113934336,0.781301,0,0,20.9557,0.972448,12.7947,7.13054,3.25619,0.30047,0.0162455
27840,114032640,0.786865,0,0,20.2533,0.970351,11.5511,7.33007,4.43573,0.320775,0.0158793
27864,114130944,0.79366,0,0,21.2081,0.980091,12.6884,7.28896,3.4303,0.312491,0.0161133
27888,114229248,0.797658,0,0,21.0917,0.969856,12.8664,7.37431,2.75992,0.314265,0.0169373
27912,114327552,0.802205,0,0,21.1596,0.991944,12.7079,7.36216,2.79318,0.300383,0.0174052
27936,114425856,0.808075,0,0,21.1865,0.993467,12.9135,7.23256,3.2764,0.323914,0.017334
27960,114524160,0.814372,0,0,22.4861,0.984095,14.0336,7.25323,3.81954,0.329529,0.017334
27984,114622464,0.820312,0,0,20.0166,0.953166,12.3299,7.4329,4.00485,0.338971,0.0168457
28008,114720768,0.826457,0,0,20.7459,0.989959,12.5843,7.28392,3.92905,0.318067,0.0166016
28032,114819072,0.830851,0,0,19.6092,0.9593,12.5391,7.37423,4.64245,0.325592,0.0166016
28056,114917376,0.835541,0,0,21.3288,0.947704,12.4453,7.32954,2.79187,0.329109,0.0167033
28080,115015680,0.841858,0,0,20.4142,0.929987,11.8815,7.36657,3.25935,0.297699,0.0168864
28104,115113984,0.848724,0,0,20.7579,0.983164,12.7576,7.19137,3.87252,0.328477,0.0166321
28128,115212288,0.856506,0,0,19.8144,0.936037,11.4891,7.3,4.02065,0.330568,0.0170288
28152,115310592,0.862122,0,0,21.1018,0.962585,13.3128,7.383,4.67747,0.312881,0.0172221
28176,115408896,0.867137,0,0,22.2288,1.01401,13.5937,7.40899,3.9748,0.320633,0.0176697
28200,115507200,0.872111,0,0,21.3251,0.969944,12.3434,7.38935,2.93861,0.319361,0.0184021
28224,115605504,0.877391,0,0,19.8278,0.973659,12.0446,7.4455,4.22884,0.323844,0.0186157
28248,115703808,0.881734,0,0,20.7243,0.943119,12.7205,7.54797,4.09478,0.306791,0.0184326
28272,115802112,0.886383,0,0,21.2178,0.928376,12.4538,7.41908,6.14024,0.322701,0.0183919
28296,115900416,0.891113,0,0,20.4976,1.00291,11.9953,7.52076,3.35913,0.30904,0.0187073
28320,115998720,0.895253,0,0,18.9218,0.974788,11.0961,7.40302,3.09113,0.308872,0.0184835
28344,116097024,0.900787,0,0,19.451,0.947258,11.638,7.21643,3.45324,0.323149,0.0179952
28368,116195328,0.906423,0,0,19.8187,0.943941,12.4175,7.31857,4.60366,0.313199,0.0178833
28392,116293632,0.912557,0,0,19.4456,0.965392,11.7207,7.63841,4.3624,0.346575,0.0174255
28416,116391936,0.918599,0,0,20.7417,0.936793,12.2682,7.27312,3.59158,0.344643,0.0178426
28440,116490240,0.925201,0,0,20.223,1.01172,12.4299,7.24972,3.22812,0.315079,0.0180868
28464,116588544,0.931427,0,0,20.2314,0.939072,12.2762,7.53422,4.94535,0.316063,0.0180155
28488,116686848,0.937358,0,0,19.761,0.910614,11.2551,7.27682,4.77551,0.329576,0.0180664
28512,116785152,0.942729,0,0,19.3373,1.05368,11.5577,7.28825,3.6571,0.313587,0.018219
28536,116883456,0.949687,0,0,19.4818,0.921227,11.0762,7.29898,4.96669,0.3156,0.0179036
28560,116981760,0.95694,0,0,19.8405,0.993071,12.1021,7.3121,3.88859,0.343876,0.0175273
28584,117080064,0.963226,0,0,18.8575,0.891096,11.2342,7.203,4.98326,0.322856,0.0174357
28608,117178368,0.967967,0,0,20.9055,0.998721,12.4854,7.63602,3.59265,0.314339,0.0170898
28632,117276672,0.973175,0,0,19.9155,0.936851,11.7384,7.34965,3.54526,0.327366,0.0171407
28656,117374976,0.976919,0,0,18.5109,0.934495,11.0165,7.42593,4.96723,0.324466,0.0168966
28680,117473280,0.982483,0,0,21.1754,0.979263,12.8829,7.25162,4.32741,0.31214,0.0163066
28704,117571584,0.988322,0,0,19.8167,0.917479,12.198,7.54799,3.22866,0.326211,0.0162964
28728,117669888,0.993398,0,0,20.4239,0.96458,12.8556,7.29346,4.24924,0.310122,0.0157166
28752,117768192,0.998718,0,0,19.3954,0.908335,11.6707,7.45301,5.00407,0.335178,0.0151062
28776,117866496,1.00408,0,0,19.8372,0.935524,11.4912,7.36482,4.27111,0.305838,0.0152588
28800,117964800,1.01093,0,0,20.1088,0.961797,12.5032,7.35368,3.95534,0.31829,0.0149434
28824,118063104,1.01579,0,0,19.3466,0.977147,11.7172,7.46425,4.40435,0.316717,0.0148214
28848,118161408,1.02199,0,0,20.2099,0.964029,12.1576,7.3121,4.91337,0.336443,0.0149638
28872,118259712,1.02719,0,0,19.1327,0.966791,11.5138,7.36085,3.87913,0.298499,0.0147502
28896,118358016,1.03447,0,0,18.3508,0.841973,10.4989,7.27714,4.37258,0.298124,0.0137939
28920,118456320,1.04118,0,0,22.1999,1.01991,13.5982,7.35063,4.09596,0.312827,0.0134481
28944,118554624,1.04807,0,0,19.3654,0.958442,11.202,7.42025,4.05045,0.303072,0.0135803
28968,118652928,1.05348,0,0,19.0465,0.937343,11.0025,7.31451,4.65559,0.330858,0.0135396
28992,118751232,1.05887,0,0,18.9542,0.929641,11.3935,7.35408,4.6482,0.311064,0.0135701
29016,118849536,1.06298,0,0,20.3407,0.951483,11.7556,7.59765,4.57123,0.308572,0.0138957
29040,118947840,1.06808,0,0,19.4644,0.930536,11.5759,7.39117,5.37799,0.324066,0.0141907
29064,119046144,1.076,0,0,19.2353,0.960006,11.3422,7.36794,4.16567,0.326214,0.014211
29088,119144448,1.08048,0,0,18.3796,0.982267,10.4043,7.51319,3.98584,0.330625,0.0143636
29112,119242752,1.08597,0,0,21.0987,0.942333,12.3774,7.65072,4.2691,0.299111,0.0147603
29136,119341056,1.09122,0,0,19.0794,0.970556,11.2094,7.43102,4.70088,0.315117,0.0152384
29160,119439360,1.09823,0,0,19.5653,0.942398,11.1638,7.2992,4.53065,0.31815,0.0157878
29184,119537664,1.10478,0,0,19.7859,0.927834,11.9099,7.34858,5.26384,0.30965,0.0158285
29208,119635968,1.11038,0,0,21.5608,0.950426,12.6615,7.34209,3.29921,0.317096,0.0157166
29232,119734272,1.11662,0,0,19.7065,0.947704,12.1678,7.21498,5.24812,0.307776,0.0157369
29256,119832576,1.12442,0,0,19.1108,0.918215,11.5586,7.26034,4.71501,0.308492,0.0157979
29280,119930880,1.13255,0,0,18.8466,0.939319,11.2485,7.32534,4.17948,0.328207,0.0159607
29304,120029184,1.13962,0,0,20.0867,0.943711,11.9425,7.27429,4.29598,0.322428,0.0154521
29328,120127488,1.14576,0,0,18.0761,0.916101,10.0571,7.45403,5.34036,0.297145,0.0159607
29352,120225792,1.15189,0,0,19.8388,0.965134,11.6653,7.37959,6.11484,0.317383,0.0160217
29376,120324096,1.15918,0,0,20.2181,0.957844,12.0154,7.2732,5.10554,0.30012,0.0161438
29400,120422400,1.1653,0,0,19.6379,0.97694,12.8558,7.21672,5.1088,0.302271,0.0158793
29424,120520704,1.17017,0,0,18.2988,0.887229,10.9601,7.28943,4.81841,0.313543,0.0155131
29448,120619008,1.17423,0,0,19.1479,0.918762,10.9257,7.2339,4.98543,0.315263,0.0151367
29472,120717312,1.18098,0,0,17.86,0.945305,10.2942,7.43311,6.06017,0.317939,0.0147298
29496,120815616,1.18765,0,0,19.1863,0.970684,11.4527,7.47063,5.48388,0.312826,0.0145772
29520,120913920,1.19437,0,0,20.3074,0.985329,11.3844,7.44323,5.34734,0.293424,0.0144857
29544,121012224,1.20066,0,0,19.9664,0.906246,11.6874,7.36376,5.72938,0.320732,0.0150146
29568,121110528,1.20722,0,0,19.341,0.921892,11.3592,7.27171,5.95575,0.310648,0.0153097
29592,121208832,1.21312,0,0,18.9405,0.984536,10.5928,7.2832,6.06989,0.313837,0.0153809
29616,121307136,1.21851,0,0,19.0783,0.982603,11.713,7.5727,4.65339,0.3134,0.0155945
29640,121405440,1.22394,0,0,18.9481,0.889473,11.0315,7.3645,6.22259,0.359263,0.0155029
29664,121503744,1.2312,0,0,18.887,0.872953,11.7808,7.29585,5.01895,0.315461,0.0152995
29688,121602048,1.23862,0,0,20.7247,0.962279,12.0906,7.52169,4.79419,0.323799,0.0154521
29712,121700352,1.24431,0,0,20.1501,0.918319,11.4931,7.56582,4.75174,0.339018,0.0155029
29736,121798656,1.24957,0,0,18.623,0.916347,10.9568,7.44537,6.60998,0.322445,0.0165507
29760,121896960,1.25579,0.00517543,0,19.1511,0.921397,11.0034,7.3525,5.6662,0.328828,0.0162455
29784,121995264,1.26148,0,0,19.2457,0.890211,11.0796,7.51529,5.42852,0.326164,0.0163676
29808,122093568,1.26918,0,0,18.9857,0.923927,11.5431,7.59338,6.47602,0.341614,0.016571
29832,122191872,1.27867,0,0,19.1846,0.932669,11.2213,7.46902,6.27333,0.319753,0.0167847
29856,122290176,1.28584,0,0,19.4217,0.892774,10.9972,7.58159,6.20724,0.298089,0.0173543
29880,122388480,1.2924,0,0,19.7227,0.900543,11.9299,7.53704,4.57041,0.321275,0.0179036
29904,122486784,1.29945,0,0,18.3533,0.892562,10.5567,7.44725,6.77356,0.338029,0.0179443
29928,122585088,1.30764,0,0,19.0288,0.912957,11.2771,7.52068,6.00716,0.303249,0.0181274
29952,122683392,1.31676,0,0,18.314,0.883379,9.88274,7.68346,5.37658,0.327059,0.0180664
29976,122781696,1.32246,0,0,18.7754,0.930112,11.0353,7.44743,6.07896,0.327492,0.0183105
30000,122880000,1.32978,0,0,18.5778,0.925649,11.2177,7.50756,6.00758,0.317342,0.0180868
30024,122978304,1.33493,0,0,18.7844,0.891969,10.8022,7.47238,5.58973,0.308957,0.017863
30048,123076608,1.34245,0,0,17.4929,0.86309,9.83499,7.43206,5.69859,0.33731,0.0176493
30072,123174912,1.34948,0,0,19.116,0.926674,10.7265,7.58665,6.61643,0.291489,0.0169779
30096,123273216,1.35683,0,0,17.8402,0.858618,9.46557,7.58814,5.68668,0.296967,0.0166524
30120,123371520,1.36304,0,0,19.5948,0.882809,11.1294,7.60942,5.14928,0.322688,0.0160014
30144,123469824,1.37108,0,0,18.3848,0.923371,10.3307,7.6734,6.66112,0.301603,0.0151469
30168,123568128,1.379,0,0,18.9624,0.906861,11.0766,7.65422,5.73228,0.304174,0.0139974
30192,123666432,1.38746,0,0,19.4376,0.952561,11.4822,7.69818,5.72834,0.3164,0.01356
30216,123764736,1.39603,0,0,20.1405,0.916478,11.3928,7.51484,4.68733,0.313605,0.0129598
30240,123863040,1.40436,0,0,18.0417,0.826382,10.0907,7.62265,6.09121,0.306116,0.012736
30264,123961344,1.412,0,0,18.6486,0.906792,10.9371,7.7212,7.6607,0.320054,0.0123393
30288,124059648,1.41878,0,0,17.5588,0.91953,9.81954,7.62982,6.73454,0.317878,0.0121053
30312,124157952,1.42612,0,0,18.4615,0.89111,10.5372,7.6633,5.34946,0.304951,0.0120544
30336,124256256,1.43576,0,0,17.4849,0.841492,10.3924,7.68814,9.20778,0.34077,0.0117188
30360,124354560,1.44498,0,0,18.5707,0.870691,10.7307,7.79215,6.62617,0.325744,0.0117594
30384,124452864,1.45325,0,0,18.6144,0.920432,10.1645,7.6846,6.78338,0.326227,0.0117493
30408,124551168,1.4612,0,0,17.6611,0.899344,9.63264,7.88237,5.94758,0.31975,0.0116374
30432,124649472,1.47104,0,0,18.6099,0.864992,10.9482,7.71925,8.02215,0.336336,0.0117188
30456,124747776,1.47756,0,0,18.2887,0.904049,10.2624,7.78935,7.78818,0.349443,0.0119425
30480,124846080,1.48455,0,0,17.2353,0.902077,9.61908,7.79884,7.00536,0.332629,0.0123494
30504,124944384,1.49321,0,0,18.0704,0.85622,9.76689,7.63837,5.57803,0.307088,0.012207
30528,125042688,1.50198,0,0,17.7493,0.91459,9.90022,7.75072,6.62188,0.319969,0.012085
30552,125140992,1.50818,0,0,17.9917,0.905295,9.81899,7.59147,7.38264,0.312656,0.0117086
30576,125239296,1.51808,0.00252477,0,17.9583,0.867886,9.88185,7.59946,6.96228,0.327375,0.0116374
30600,125337600,1.52721,0,0,17.4785,0.8819,9.74947,7.89077,6.40445,0.314065,0.01179
30624,125435904,1.53494,0,0,18.3955,0.879966,10.5798,7.6829,6.85392,0.309411,0.0116984
30648,125534208,1.54042,0,0,18.5278,0.909543,10.7042,7.69959,8.30502,0.343777,0.0120748
30672,125632512,1.54713,0,0,18.4286,0.937698,10.2232,7.87876,5.72973,0.304407,0.0120341
30696,125730816,1.55406,0,0,18.3854,0.884778,10.2709,7.67046,6.46998,0.316759,0.0116272
30720,125829120,1.5621,0,0,18.2693,0.912841,10.2297,7.82149,7.15173,0.316023,0.011027
30744,125927424,1.56933,0,0,16.8191,0.885437,9.69676,7.73065,8.36379,0.326623,0.010732
30768,126025728,1.57697,0,0,17.8665,0.872244,10.7465,7.71605,5.90286,0.323767,0.0107829
30792,126124032,1.58357,0,0,17.5636,0.914201,9.51189,8.06901,6.89389,0.309724,0.0110982
30816,126222336,1.59115,0,0,18.091,0.91382,9.78412,7.71922,6.52549,0.31914,0.0111186
30840,126320640,1.59941,0,0,17.0248,0.90274,9.12623,7.87715,7.13959,0.301348,0.0110168
30864,126418944,1.60912,0,0,17.7717,0.881945,9.5255,7.90763,5.63548,0.313097,0.0104879
30888,126517248,1.61565,0,0,17.5739,0.959044,9.98794,8.05783,7.27884,0.312095,0.0102336
30912,126615552,1.62214,0,0,17.7117,0.875954,9.18405,7.74546,7.86064,0.320667,0.0101013
30936,126713856,1.62981,0,0,18.4514,0.901722,10.1769,7.98354,6.9422,0.332425,0.0101827
30960,126812160,1.63696,0,0,19.4083,0.935143,11.5141,7.9988,7.38818,0.333031,0.00987752
30984,126910464,1.645,0,0,16.6403,0.83793,9.23676,7.86606,7.27847,0.306684,0.00983683
31008,127008768,1.65197,0,0,18.5445,0.931479,10.6278,7.95409,7.18024,0.343254,0.00998942
31032,127107072,1.65953,0,0,16.5139,0.830152,9.61144,8.01458,7.80065,0.319281,0.00976562
31056,127205376,1.66843,0,0,16.6437,0.818099,9.05522,7.96531,7.34337,0.331433,0.00976562
31080,127303680,1.67848,0,0,16.7968,0.849804,9.35794,8.17039,8.57073,0.300591,0.00961304
31104,127401984,1.68584,0,0,18.2112,0.943633,10.3013,8.01971,9.32028,0.323404,0.00959269
31128,127500288,1.69472,0,0,17.7399,0.880081,10.3216,7.90798,7.22929,0.312214,0.00953166
31152,127598592,1.70242,0,0,17.3977,0.906118,9.13668,7.9889,6.86873,0.32049,0.00965373
31176,127696896,1.71063,0,0,17.574,0.914901,9.77858,8.07476,7.62123,0.31112,0.00978597
31200,127795200,1.71996,0,0,16.5446,0.839115,8.92433,7.95078,6.89966,0.316998,0.00983683
31224,127893504,1.7293,0,0,17.5186,0.861511,9.75713,8.08256,7.65127,0.323289,0.0101929
31248,127991808,1.737,0,0,17.7186,0.861222,9.37303,8.11607,7.03762,0.321986,0.010732
31272,128090112,1.7457,0,0,16.932,0.88502,9.29327,8.14291,7.59523,0.318989,0.0112712
31296,128188416,1.75418,0,0,16.9664,0.878662,9.00294,8.1449,7.92365,0.309508,0.0114644
31320,128286720,1.76248,0,0,16.0925,0.82388,8.32653,8.21635,7.99939,0.330152,0.0115865
31344,128385024,1.77123,0,0,15.7891,0.906121,8.58436,8.15633,9.78543,0.32091,0.0119527
31368,128483328,1.78184,0,0,17.9426,0.891923,10.4763,8.13161,7.61005,0.300163,0.0114644
31392,128581632,1.79315,0,0,17.4488,0.851072,10.0894,8.07029,9.00177,0.324145,0.0116272
31416,128679936,1.80223,0,0,17.398,0.893274,9.53931,8.22252,6.93779,0.321686,0.012085
31440,128778240,1.81055,0,0,18.5479,0.935206,9.97,8.3461,7.74505,0.305047,0.0123494
31464,128876544,1.81711,0,0,16.141,0.84682,8.92743,8.27224,9.33742,0.309429,0.0123901
31488,128974848,1.82389,0,0,16.5095,0.884731,9.30086,8.04502,8.98468,0.321154,0.0127157
31512,129073152,1.8317,0,0,17.061,0.887634,9.67851,8.05026,8.14655,0.319587,0.0126953
31536,129171456,1.84027,0,0,17.6503,0.915991,9.31045,8.27559,8.30746,0.31646,0.0126953
31560,129269760,1.84997,0,0,17.568,0.932008,9.76026,8.20429,8.71828,0.324409,0.012736
31584,129368064,1.85673,0,0,16.9238,0.838279,9.68176,8.32005,9.27573,0.309748,0.0125936
31608,129466368,1.86444,0,0,16.3894,0.848827,8.65669,8.17039,7.19257,0.310857,0.012441
31632,129564672,1.87074,0,0,17.8118,0.903664,9.38332,8.37506,7.55682,0.316141,0.0126445
31656,129662976,1.87845,0,0,17.1287,0.883919,9.05517,8.26688,9.86743,0.299749,0.0124512
31680,129761280,1.88604,0,0,16.4335,0.852032,8.57928,8.2564,8.12145,0.334255,0.0124613
31704,129859584,1.89315,0,0,16.5918,0.858519,8.98379,8.3548,8.58873,0.310822,0.0127767
31728,129957888,1.90024,0,0,17.033,0.886117,9.42347,8.41227,8.43967,0.333568,0.0130514
31752,130056192,1.90751,0,0,17.0375,0.887312,9.02619,8.46703,8.87081,0.323162,0.0131632
31776,130154496,1.918,0,0,17.7075,0.879364,9.5976,8.44705,8.34965,0.302316,0.0126953
31800,130252800,1.92615,0,0,15.6823,0.882328,7.73132,8.41069,8.10918,0.309648,0.0123494
31824,130351104,1.93328,0,0,18.2342,0.920431,10.0795,8.42417,8.70445,0.315312,0.0125122
31848,130449408,1.94149,0,0,18.1385,0.890634,10.16,8.36942,9.73894,0.348129,0.012207
31872,130547712,1.94932,0,0,16.5797,0.882728,8.99842,8.52067,9.14741,0.300437,0.0119629
31896,130646016,1.95577,0,0,16.8756,0.897714,9.12583,8.22699,8.3001,0.303626,0.0117493
31920,130744320,1.9628,0,0,16.8611,0.879126,9.12139,8.51289,9.01012,0.323899,0.0117696
31944,130842624,1.97076,0,0,16.2549,0.838645,9.31892,8.50212,8.08985,0.320205,0.0115255
31968,130940928,1.97847,0,0,17.3207,0.874832,9.74147,8.60431,8.95231,0.317696,0.0115763
31992,131039232,1.98713,0,0,15.8167,0.885822,8.56257,8.46016,8.70201,0.303291,0.0117289
32016,131137536,1.99559,0,0,16.3197,0.863913,8.79839,8.58877,9.88382,0.310998,0.0117188
32040,131235840,2.00487,0,0,18.3883,0.925612,10.1719,8.48942,8.4731,0.322767,0.0117188
32064,131334144,2.01238,0,0,16.8375,0.92209,9.2474,8.46268,9.49555,0.301822,0.0118713
32088,131432448,2.02071,0.00439445,0,16.1403,0.854143,8.93695,8.45078,10.4612,0.339292,0.0120341
32112,131530752,2.02991,0,0,17.3392,0.883324,9.64726,8.46702,10.3319,0.310388,0.01238
32136,131629056,2.0391,0,0,16.7188,0.894149,9.173,8.20139,9.32994,0.321773,0.0123596
32160,131727360,2.04741,0.0215801,0,16.4096,0.822632,8.95217,8.46909,10.666,0.313947,0.0120239
32184,131825664,2.05531,0.0026243,0,16.8477,0.892193,9.43939,8.58649,10.3932,0.322928,0.0121562
32208,131923968,2.06292,0,0,15.9063,0.827938,8.65763,8.50669,8.58469,0.33602,0.0122884
32232,132022272,2.07213,0,0,16.0639,0.862102,8.72815,8.69109,9.48808,0.310166,0.0126648
32256,132120576,2.07988,0,0,16.8289,0.82149,9.05065,8.49556,10.2475,0.312182,0.0124512
32280,132218880,2.08714,0,0,17.2223,0.867284,9.31729,8.65194,9.96655,0.30937,0.0128581
32304,132317184,2.09508,0,0,16.095,0.835807,8.60673,8.61362,9.42073,0.322547,0.0128886
32328,132415488,2.10268,0,0,17.3171,0.884644,9.7012,8.51292,10.2051,0.313856,0.0123901
32352,132513792,2.11091,0,0,16.4558,0.814866,8.79687,8.40802,9.5009,0.326199,0.012207
32376,132612096,2.11954,0,0,15.9211,0.83656,8.54081,8.68876,9.13167,0.318178,0.0121155
32400,132710400,2.12718,0,0,15.6036,0.832319,8.33732,8.47668,9.2799,0.313813,0.01179
32424,132808704,2.13348,0.00917176,0,16.01,0.859795,9.07266,8.61959,9.86118,0.296631,0.0115458
32448,132907008,2.14206,0,0,17.0794,0.884131,9.01523,8.67996,8.59356,0.333915,0.0112406
32472,133005312,2.15135,0,0,16.4866,0.861583,8.91069,8.55795,10.4749,0.320895,0.0109151
32496,133103616,2.16065,0,0,16.5674,0.87295,9.45482,8.62025,10.8604,0.30511,0.010498
32520,133201920,2.17,0,0,15.7424,0.851522,8.0518,8.55629,9.06493,0.312508,0.0108134
32544,133300224,2.18037,0,0,16.028,0.89497,8.04299,8.61156,9.33882,0.305618,0.0108541
32568,133398528,2.18846,0,0,16.5968,0.859099,8.82494,8.80385,10.0192,0.351356,0.0112305
32592,133496832,2.19711,0,0,15.8399,0.849095,7.81522,8.70083,12.6238,0.299806,0.011322
32616,133595136,2.20592,0,0,17.401,0.864083,9.59576,8.55923,9.92092,0.31365,0.0111084
32640,133693440,2.213,0,0,15.569,0.85541,7.75616,8.54644,10.4713,0.358116,0.0109253
32664,133791744,2.22114,0,0,15.4819,0.825881,7.93378,8.48517,9.85581,0.325734,0.0111491
32688,133890048,2.22948,0.00330033,0,15.7253,0.83795,8.16716,8.67953,9.90622,0.313371,0.0111389
32712,133988352,2.23764,0,0,15.1065,0.835131,7.75693,8.61837,8.66322,0.317812,0.0112
32736,134086656,2.24639,0.00563658,0,15.2018,0.816525,8.03371,8.71831,11.1867,0.324583,0.0106913
32760,134184960,2.25457,0,0,15.8616,0.91429,8.40559,8.73745,8.15315,0.310929,0.0106913
32784,134283264,2.26132,0,0,15.4629,0.826618,8.36236,8.48511,9.67511,0.313503,0.0107422
32808,134381568,2.27033,0,0,16.251,0.860953,8.62183,8.56789,9.95261,0.322459,0.0110372
32832,134479872,2.27875,0,0,15.6972,0.823421,8.34634,8.63374,11.8872,0.298764,0.0105489
32856,134578176,2.28616,0,0,16.6565,0.872443,8.95901,8.54493,11.1809,0.303505,0.0105184
32880,134676480,2.29409,0,0,16.4119,0.862556,8.62041,8.56341,10.4969,0.308291,0.0108032
32904,134774784,2.30206,0,0,16.3385,0.891093,8.55093,8.60373,9.37895,0.30324,0.0107727
32928,134873088,2.31094,0.0107621,0,15.1025,0.887019,7.61077,8.71016,10.4128,0.320106,0.0105184
32952,134971392,2.31958,0,0,16.0795,0.817067,8.85938,8.57576,9.66749,0.31215,0.0103658
32976,135069696,2.32862,0,0,16.3792,0.831101,8.59519,8.39694,9.59202,0.325162,0.0102743
33000,135168000,2.33715,0,0,17.5191,0.894963,9.73053,8.52348,11.111,0.352189,0.0101318
33024,135266304,2.3441,0,0,16.4,0.884169,9.44789,8.62881,10.6144,0.315977,0.0105286
33048,135364608,2.35067,0,0,17.4256,0.88819,9.9238,8.60739,10.1906,0.30795,0.0109762
33072,135462912,2.35971,0,0,16.2572,0.870111,8.71025,8.60005,10.513,0.305613,0.0106812
33096,135561216,2.3681,0,0,16.8788,0.902056,9.27892,8.58951,11.8933,0.317159,0.0104065
33120,135659520,2.37563,0,0,15.4676,0.851838,8.39086,8.59988,10.5316,0.3083,0.0101725
33144,135757824,2.38235,0,0,15.8098,0.863213,8.38952,8.54173,11.8719,0.302859,0.010498
33168,135856128,2.39193,0,0,16.2038,0.855032,8.53731,8.60861,12.1507,0.310893,0.0106506
33192,135954432,2.40109,0,0,16.3524,0.863048,8.87423,8.55265,11.5274,0.312184,0.0105896
33216,136052736,2.41023,0,0,16.5677,0.910796,9.18778,8.53372,11.3533,0.28969,0.010498
33240,136151040,2.41743,0,0,16.0539,0.86551,8.88442,8.74593,10.9013,0.309107,0.0100098
33264,136249344,2.42484,0,0,17.7977,0.871808,9.28568,8.52836,10.0834,0.30093,0.00949097
33288,136347648,2.43186,0,0,15.998,0.860992,8.09736,8.56446,11.1428,0.313275,0.00878906
33312,136445952,2.44032,0,0,15.6761,0.848601,8.70694,8.6235,11.0569,0.303058,0.00830078
33336,136544256,2.45114,0,0,17.6386,0.912324,9.69996,8.73164,14.2769,0.308533,0.00858561
33360,136642560,2.45918,0,0,15.2291,0.829385,7.72368,8.85159,11.7893,0.351676,0.00888062
33384,136740864,2.46682,0,0,15.2991,0.846768,8.24659,8.62199,10.1792,0.322481,0.008962
33408,136839168,2.47369,0,0,15.47,0.815721,8.48742,8.61679,10.8786,0.319588,0.00923665
33432,136937472,2.48264,0,0,14.9985,0.799543,7.65232,8.66199,11.4412,0.319573,0.00974528
33456,137035776,2.491,0,0,15.3164,0.82607,7.94468,8.81599,12.5916,0.3029,0.00970459
33480,137134080,2.49876,0,0,15.7528,0.853442,8.01375,8.65374,9.99364,0.336211,0.0101725
33504,137232384,2.50694,0,0,16.7054,0.892314,9.25429,8.77643,12.4845,0.312799,0.010437
33528,137330688,2.51693,0,0,15.9709,0.907365,8.54512,8.85575,11.6145,0.313711,0.0100708
33552,137428992,2.52694,0,0,16.4715,0.842702,9.22085,8.8093,11.9137,0.32282,0.00950114
33576,137527296,2.53521,0,0,15.8324,0.860397,8.63779,8.67322,11.2801,0.32002,0.00927734
33600,137625600,2.54485,0.00796043,0,16.4399,0.873416,8.68334,8.61857,13.0395,0.300754,0.00927734
33624,137723904,2.55284,0,0,15.5839,0.883688,7.69578,8.5688,11.3047,0.3061,0.00938924
33648,137822208,2.5623,0,0,14.5688,0.774866,7.90935,8.63104,13.7162,0.317159,0.0091451
33672,137920512,2.5721,0,0,16.6975,0.883687,8.89695,8.76436,12.037,0.318211,0.00899251
33696,138018816,2.5822,0,0,16.4935,0.806075,8.76988,8.62966,10.5513,0.309347,0.00912476
33720,138117120,2.59037,0,0,15.5187,0.874972,8.01985,8.86115,12.0007,0.313784,0.00890096
33744,138215424,2.60242,0,0,15.4809,0.843188,8.28075,8.78429,13.517,0.315111,0.009257
33768,138313728,2.61229,0,0,14.718,0.838054,7.29281,8.89717,11.8025,0.324689,0.00927734
33792,138412032,2.62,0,0,15.2275,0.872396,8.7977,8.85384,12.7372,0.308268,0.00906372
33816,138510336,2.62952,0.00578964,0,15.3429,0.848659,7.8907,8.90027,12.6625,0.320328,0.00881958
33840,138608640,2.63854,0,0,15.5852,0.866864,8.49286,9.11704,12.7228,0.297436,0.00910441
33864,138706944,2.64473,0,0,15.5062,0.849299,8.23347,8.91212,13.1208,0.298743,0.00917562
33888,138805248,2.65307,0,0,15.3714,0.815034,7.83463,9.10603,11.9872,0.299815,0.00889079
33912,138903552,2.66099,0,0,15.8864,0.837734,8.41928,9.09009,10.7249,0.308524,0.00878906
33936,139001856,2.66794,0,0,15.3454,0.861116,8.00566,9.11838,12.6293,0.304975,0.00878906
33960,139100160,2.67807,0.00418435,0,15.3779,0.849317,7.05902,9.06691,11.7687,0.319299,0.00874837
33984,139198464,2.68472,0,0,14.6866,0.86776,8.06273,9.24055,12.7992,0.321381,0.00835164
34008,139296768,2.69214,0,0,15.3237,0.872417,7.50848,9.13267,12.5854,0.301981,0.00823975
34032,139395072,2.70163,0.0107307,0,14.24,0.813481,6.97048,9.2865,12.0457,0.303925,0.00784302
34056,139493376,2.71142,0,0,15.0414,0.842517,7.74962,8.91316,11.8487,0.325469,0.00756836
34080,139591680,2.72061,0,0,16.2227,0.952286,8.2482,9.34172,12.9459,0.302988,0.00767008
34104,139689984,2.72791,0,0,15.6325,0.811125,7.99633,9.35418,12.0012,0.291735,0.00815837
34128,139788288,2.73512,0,0,14.0667,0.821188,7.04985,9.23578,12.8026,0.332304,0.00824992
34152,139886592,2.74408,0,0,14.2775,0.824667,7.71307,9.288,12.9649,0.294079,0.00847371
34176,139984896,2.75327,0,0,15.9806,0.890765,7.72678,9.34393,12.5529,0.331963,0.00837199
34200,140083200,2.76158,0,0,14.2531,0.81943,7.54304,9.56116,11.2557,0.322843,0.00894165
34224,140181504,2.7699,0,0,13.9552,0.815254,7.11705,9.20636,12.4957,0.325463,0.00899251
34248,140279808,2.77937,0,0,14.9448,0.836485,7.52275,9.31751,12.4329,0.312973,0.00886027
34272,140378112,2.78952,0.00260264,0,13.6777,0.751803,6.63289,9.42012,14.6708,0.298283,0.00928752
34296,140476416,2.798,0,0,14.8704,0.811511,7.41234,9.74481,12.5527,0.311632,0.00958252
34320,140574720,2.80797,0,0,14.1823,0.844383,6.69729,9.61207,14.3638,0.307721,0.00994873
34344,140673024,2.81664,0,0,14.835,0.846086,7.67777,9.47771,13.9236,0.312925,0.0100505
34368,140771328,2.82664,0,0,14.779,0.862447,7.59572,9.55575,11.7579,0.323146,0.00999959
34392,140869632,2.83668,0,0,14.1185,0.817886,7.03671,9.69721,11.9894,0.305411,0.00970459
34416,140967936,2.84669,0.00336247,0,14.2043,0.762609,7.20512,9.59521,13.4919,0.306987,0.00893148
34440,141066240,2.85496,0,0,15.6107,0.890483,7.77841,9.97399,12.0524,0.319878,0.00870768
34464,141164544,2.86407,0,0,14.3233,0.799577,7.16497,9.5842,13.1055,0.312979,0.00905355
34488,141262848,2.87333,0.006376,0,15.5138,0.823207,8.03778,9.76187,13.006,0.336694,0.00869751
34512,141361152,2.88233,0,0,14.2766,0.809886,6.8671,9.80314,13.2835,0.302442,0.00868734
34536,141459456,2.89016,0,0,15.2428,0.878885,8.12621,9.67847,13.8303,0.323235,0.00875854
34560,141557760,2.89724,0,0,15.1301,0.8563,7.19679,9.88323,14.1133,0.314011,0.00881958
34584,141656064,2.90667,0,0,14.963,0.859269,7.6967,10.0159,14.0192,0.3045,0.00926717
34608,141754368,2.91649,0,0,14.302,0.842227,7.05089,10.012,12.7916,0.32296,0.0090332
34632,141852672,2.92505,0,0,14.7828,0.871408,7.07437,9.91715,13.2453,0.305822,0.00883992
34656,141950976,2.93223,0,0,14.4665,0.811032,7.27751,10.098,15.4594,0.3096,0.00888062
34680,142049280,2.93938,0,0,13.3871,0.821455,6.52338,10.0755,12.6346,0.297964,0.00892131
34704,142147584,2.94916,0,0,14.4858,0.81505,7.13136,10.1584,12.0454,0.289881,0.00902303
34728,142245888,2.95905,0.00310401,0,14.3867,0.782193,7.1976,10.145,12.4771,0.32587,0.00908407
34752,142344192,2.96889,0,0,14.3079,0.803924,7.24234,10.1881,13.3258,0.326243,0.0086263
34776,142442496,2.97684,0,0,14.5049,0.815691,7.17445,10.3152,14.8458,0.311529,0.00877889
34800,142540800,2.98456,0,0,14.2355,0.784946,6.76838,10.2323,14.2129,0.332817,0.00872803
34824,142639104,2.99273,0,0,14.1839,0.797234,7.43845,10.1916,15.2863,0.296112,0.0084432
34848,142737408,3.00245,0,0,14.8815,0.850026,7.31907,9.94239,13.9542,0.308229,0.00820923
34872,142835712,3.01102,0,0,14.6771,0.785248,7.56691,10.1567,12.0605,0.305696,0.00845337
34896,142934016,3.0191,0,0,14.8762,0.820859,6.89463,10.392,16.4153,0.304371,0.00854492
34920,143032320,3.02755,0,0,13.5993,0.820345,6.71921,10.4078,14.7961,0.320126,0.00854492
34944,143130624,3.03653,0,0,14.2021,0.836602,6.95827,10.1811,14.1874,0.310355,0.00854492
34968,143228928,3.04555,0.00218341,0,15.2504,0.839572,7.50351,10.2096,13.9291,0.309217,0.0086263
34992,143327232,3.05345,0,0,14.4185,0.861989,7.0072,10.1794,14.3517,0.303932,0.00875854
35016,143425536,3.061,0,0,15.5747,0.87767,6.56966,10.4591,14.6412,0.281761,0.00854492
35040,143523840,3.06979,0,0,13.5664,0.82923,6.23292,10.3562,13.9139,0.32381,0.00882975
35064,143622144,3.07732,0,0,13.7428,0.786362,6.25386,10.3879,13.5545,0.304224,0.00917562
35088,143720448,3.0848,0,0,14.9224,0.89985,6.86077,10.792,15.9563,0.312798,0.00927734
35112,143818752,3.09422,0,0,13.8873,0.843434,6.68506,10.5791,16.0906,0.295532,0.00890096
35136,143917056,3.10425,0.00862651,0,14.6456,0.824122,6.80996,10.766,15.3367,0.305544,0.00921631
35160,144015360,3.11342,0.00687049,0,14.3556,0.855053,7.02444,10.5572,14.735,0.311426,0.00927734
35184,144113664,3.12181,0,0,14.5856,0.796427,7.08785,10.5226,16.2881,0.33849,0.0094401
35208,144211968,3.13117,0,0,15.4917,0.844347,6.86392,10.4897,15.475,0.300703,0.00890096
35232,144310272,3.13777,0.00470905,0,14.6012,0.788717,6.79344,10.6454,14.2552,0.325155,0.00917562
35256,144408576,3.14474,0,0,15.727,0.789514,7.26191,10.3742,12.0428,0.306872,0.00912476
35280,144506880,3.15501,0.00738442,0,14.3305,0.804865,7.19016,10.7958,14.2599,0.324488,0.00863647
35304,144605184,3.163,0,0,13.6768,0.850914,6.6982,10.7627,14.814,0.300991,0.00856527
35328,144703488,3.17282,0.00463768,0,15.4546,0.859532,7.37605,10.6446,14.6228,0.287537,0.00837199
35352,144801792,3.1814,0,0,13.2927,0.830279,6.30594,10.5577,16.1426,0.308232,0.00829061
35376,144900096,3.19067,0,0,13.9343,0.773064,6.70643,10.9169,14.9252,0.314932,0.00830078
35400,144998400,3.20126,0.00376011,0,14.579,0.82314,6.50218,10.4986,16.2371,0.30893,0.00845337
35424,145096704,3.20935,0.00468933,0,14.2496,0.80301,6.55514,10.6242,15.5137,0.312368,0.00886027
35448,145195008,3.21717,0,0,15.0201,0.895514,7.71656,10.7621,13.3474,0.319598,0.00865682
35472,145293312,3.22299,0.00493726,0,13.1907,0.776874,6.57352,10.8831,16.4767,0.305117,0.00832113
35496,145391616,3.23087,0,0,14.915,0.786314,7.15675,10.5144,16.7426,0.303503,0.00815837
35520,145489920,3.23808,0.0052592,0,14.5081,0.796562,6.98347,10.724,13.9542,0.31537,0.00845337
35544,145588224,3.24744,0,0,13.636,0.825292,6.51966,10.8103,14.7853,0.30114,0.00815837
35568,145686528,3.25606,0.00363725,0,15.1422,0.864837,7.39243,10.5961,16.1794,0.298576,0.00806681
35592,145784832,3.26355,0,0,14.3508,0.817656,6.76616,10.7077,16.8023,0.310453,0.00805664
35616,145883136,3.27146,0,0,14.3052,0.7777,6.76544,10.8663,13.9003,0.308699,0.00805664
35640,145981440,3.27994,0,0,14.6349,0.824774,7.23731,10.5751,17.1038,0.307834,0.00805664
35664,146079744,3.28925,0,0,14.0434,0.806098,6.77579,10.5793,15.7295,0.29928,0.0079244
35688,146178048,3.29769,0,0,13.8833,0.826284,6.55375,10.8854,14.0216,0.318933,0.00784302
35712,146276352,3.30893,0.00450753,0,14.1242,0.833666,6.96692,10.5851,14.8487,0.298455,0.00742594
35736,146374656,3.31672,0,0,14.6517,0.81443,6.97666,10.8071,15.0543,0.30414,0.00745646
35760,146472960,3.32637,0,0,14.3698,0.824404,6.99504,10.729,15.6696,0.300322,0.00768026
35784,146571264,3.33576,0,0,13.9408,0.756725,6.87183,10.5676,15.3529,0.297204,0.00756836
35808,146669568,3.34466,0,0,14.5108,0.829106,7.0046,10.9162,17.2013,0.314001,0.00796509
35832,146767872,3.35249,0,0,14.2096,0.808472,7.13325,10.9889,15.6007,0.317228,0.00809733
35856,146866176,3.35902,0,0,13.9277,0.793886,6.36845,10.7077,16.2015,0.323778,0.00824992
35880,146964480,3.36845,0.00588631,0,14.0226,0.824764,6.79058,10.6651,14.1073,0.3083,0.00824992
35904,147062784,3.37823,0,0,14.6908,0.814505,7.26711,10.8332,18.924,0.346002,0.00854492
35928,147161088,3.3877,0,0,14.8079,0.865229,7.54197,10.7781,16.134,0.327339,0.00868734
35952,147259392,3.39594,0,0,14.2976,0.806499,6.94444,10.6265,14.1105,0.294753,0.00899251
35976,147357696,3.40374,0,0,13.7737,0.788025,6.38636,10.743,16.0352,0.30991,0.00920614
36000,147456000,3.41408,0.00729129,0,13.5091,0.785798,6.36905,10.9885,16.0244,0.327643,0.00927734
36024,147554304,3.4242,0,0,14.7073,0.789498,7.40256,10.7258,15.7234,0.302324,0.00958252
36048,147652608,3.43413,0,0,15.3161,0.821747,7.11843,10.7649,16.1583,0.316005,0.00970459
36072,147750912,3.44299,0.00693722,0,15.0691,0.809749,6.86435,10.8345,14.7705,0.312823,0.00950114
36096,147849216,3.45106,0,0,14.6382,0.877629,7.09843,10.5466,16.9613,0.328628,0.00931803
36120,147947520,3.45904,0,0,14.1807,0.79111,6.3912,10.8302,15.5961,0.302663,0.00932821
36144,148045824,3.46844,0,0,14.7243,0.83576,7.49831,11.0239,16.4311,0.305161,0.00883992
36168,148144128,3.47751,0,0,14.4143,0.83352,7.19408,11.0597,16.6931,0.30439,0.00871785
36192,148242432,3.4862,0.00645289,0,14.6745,0.81031,7.65688,11.1894,16.9011,0.325998,0.00826009
36216,148340736,3.49365,0.00268288,0,13.6074,0.774128,6.67918,10.7174,16.0042,0.321268,0.00813802
36240,148439040,3.5028,0,0,14.3312,0.83696,7.1275,10.8107,16.4096,0.325057,0.00826009
36264,148537344,3.51104,0,0,14.1643,0.792657,7.08371,10.9772,18.4893,0.336973,0.00854492
36288,148635648,3.52147,0,0,14.5085,0.815552,7.28997,10.7304,17.0363,0.311552,0.00883992
36312,148733952,3.53222,0,0,12.4164,0.727714,5.75379,11.2122,17.0126,0.315855,0.00911458
36336,148832256,3.54065,0,0,15.215,0.809331,8.05669,11.2272,19.2032,0.304846,0.00921631
36360,148930560,3.54744,0.0106168,0,13.2514,0.765514,6.27581,11.1514,18.1687,0.308658,0.00922648
36384,149028864,3.55405,0,0,12.7537,0.782834,6.16562,11.0954,15.7694,0.339063,0.00927734
36408,149127168,3.5618,0.00588021,0,14.1628,0.794349,7.00854,11.3615,17.1947,0.327012,0.00949097
36432,149225472,3.57097,0.00432343,0,13.3197,0.753589,6.52292,11.016,17.1421,0.29661,0.00948079
36456,149323776,3.57883,0,0,13.6967,0.752766,6.83356,11.0993,18.3884,0.328525,0.00957235
36480,149422080,3.58795,0.0116334,0,13.8614,0.839527,6.65443,11.1395,18.646,0.312315,0.00958252
36504,149520384,3.59549,0,0,13.2142,0.788645,6.22107,11.1074,17.4649,0.327909,0.00968425
36528,149618688,3.60385,0,0,14.1422,0.775349,6.3185,11.0722,15.7031,0.317326,0.00927734
36552,149716992,3.61204,0.00345918,0,14.074,0.79564,6.75641,11.4137,18.3098,0.321984,0.00928752
36576,149815296,3.62117,0,0,14.9632,0.847023,6.63001,11.1028,17.2617,0.297789,0.00922648
36600,149913600,3.63152,0,0,13.502,0.78417,6.4543,11.3158,19.3491,0.326616,0.00927734
36624,150011904,3.64064,0,0,13.6328,0.762868,6.67996,11.3368,19.0845,0.339507,0.00927734
36648,150110208,3.64855,0,0,13.306,0.759811,6.45116,11.2694,19.2788,0.312891,0.00927734
36672,150208512,3.65721,0,0,14.6505,0.803715,7.30109,11.438,16.3398,0.306966,0.00934855
36696,150306816,3.66614,0,0,13.779,0.820168,6.74631,11.4186,15.1333,0.303616,0.0096639
36720,150405120,3.67385,0.00730194,0,14.2121,0.792716,6.5494,11.3528,17.6639,0.324525,0.0099589
36744,150503424,3.68313,0,0,14.0933,0.788343,6.51641,11.238,18.3597,0.297205,0.0103455
36768,150601728,3.69103,0,0,13.554,0.78809,6.15233,11.2394,15.6693,0.304961,0.0107524
36792,150700032,3.69961,0,0,13.3235,0.788842,6.56809,11.0701,15.2311,0.28959,0.0109151
36816,150798336,3.70983,0,0,13.6472,0.782109,6.29461,11.2115,15.7613,0.297669,0.010498
36840,150896640,3.71758,0,0,13.9488,0.757374,6.44243,10.9138,17.0186,0.305979,0.0105693
36864,150994944,3.72457,0.0062582,0,14.1048,0.800589,7.12008,11.0564,15.7455,0.298108,0.010732
36888,151093248,3.73192,0.00568705,0,13.6822,0.773796,6.62983,11.3678,18.5946,0.312337,0.0110474
36912,151191552,3.74055,0.0024406,0,13.9986,0.771071,6.32355,11.2405,17.6885,0.324055,0.0110372
36936,151289856,3.75072,0,0,14.3995,0.797598,6.8383,11.1188,16.781,0.325644,0.0110474
36960,151388160,3.75959,0,0,13.6812,0.82891,6.45678,11.0748,15.4216,0.333235,0.0114237
36984,151486464,3.76644,0,0,14.8694,0.771506,7.22519,11.3426,17.8644,0.301723,0.0118306
37008,151584768,3.77436,0.00594177,0,13.204,0.739458,7.33262,11.6751,19.9555,0.297744,0.0121257
37032,151683072,3.78262,0.00503513,0,13.0486,0.819078,6.18474,11.3945,17.6353,0.324252,0.0119222
37056,151781376,3.79289,0.0036879,0,13.7219,0.806751,6.40299,11.2815,18.7761,0.325692,0.0115967
37080,151879680,3.80212,0,0,13.9956,0.79939,6.60951,11.1763,16.9722,0.317841,0.0117188
37104,151977984,3.81098,0.00575921,0,13.599,0.779281,6.67901,11.5939,18.2591,0.34711,0.01179
37128,152076288,3.81934,0,0,14.0916,0.795679,6.8258,11.5913,17.3069,0.301635,0.0119934
37152,152174592,3.82718,0.00763095,0,13.8037,0.78919,6.21443,11.2908,16.1665,0.309325,0.0124003
37176,152272896,3.83712,0,0,13.8403,0.782413,6.72458,11.847,18.9542,0.306219,0.0126953
37200,152371200,3.84628,0.00706547,0,13.7142,0.809121,6.7679,11.7763,17.4927,0.314764,0.0126445
37224,152469504,3.85578,0.00266099,0,14.2247,0.784542,7.20653,11.3264,18.482,0.304991,0.0123291
37248,152567808,3.865,0.00442898,0,12.931,0.736322,6.02174,11.3248,16.8222,0.316763,0.0120443
37272,152666112,3.87428,0,0,12.3498,0.746348,6.12173,11.3967,19.2348,0.326932,0.0118408
37296,152764416,3.88244,0,0,13.3322,0.7936,6.52876,11.5879,17.3211,0.302875,0.0114746
37320,152862720,3.89058,0.00747682,0,13.8394,0.804293,6.30382,11.5708,19.3278,0.309356,0.0113831
37344,152961024,3.90097,0.00377929,0,13.8303,0.779709,6.88088,11.3519,18.4843,0.337327,0.0113322
37368,153059328,3.91022,0.00492958,0,13.5864,0.823829,6.6721,11.4207,16.7835,0.29796,0.0109863
37392,153157632,3.91968,0.0108822,0,13.5811,0.787989,6.60667,11.4156,20.0572,0.301908,0.0110982
37416,153255936,3.92938,0.00832046,0,13.3617,0.76606,6.60573,11.3756,19.6342,0.311385,0.0108134
37440,153354240,3.9396,0.00383877,0,12.8094,0.746023,5.86799,11.4117,17.2082,0.300398,0.0105489
37464,153452544,3.95,0,0,15.591,0.822498,6.40015,12.157,18.9085,0.298699,0.010437
37488,153550848,3.9581,0.00402106,0,13.4755,0.783681,6.83696,11.2818,18.6446,0.348076,0.0105998
37512,153649152,3.96743,0,0,13.6663,0.738395,6.876,11.963,19.1702,0.326823,0.0107015
37536,153747456,3.97461,0,0,12.8964,0.777505,6.15716,11.3172,17.2365,0.288731,0.0109965
37560,153845760,3.98274,0,0,13.4171,0.748176,6.04167,11.7111,20.5517,0.329776,0.0111389
37584,153944064,3.99167,0,0,14.1062,0.803317,6.78867,11.8592,20.022,0.335966,0.0111186
37608,154042368,4.00041,0,0,13.2595,0.753141,6.10435,11.9689,17.6103,0.309907,0.0114136
37632,154140672,4.00879,0,0,13.9158,0.803437,6.56,11.4678,17.2104,0.294201,0.0114746
37656,154238976,4.01777,0.00368479,0,12.7709,0.796809,6.15035,11.6285,19.422,0.308929,0.0115662
37680,154337280,4.02653,0.00569522,0,12.9219,0.771838,5.96362,11.8322,17.984,0.307403,0.0115662
37704,154435584,4.03679,0.00451067,0,13.6855,0.776613,6.20738,11.6237,18.0832,0.289914,0.0114034
37728,154533888,4.04343,0,0,14.7139,0.801368,6.12698,11.6157,17.406,0.314379,0.0113525
37752,154632192,4.05139,0,0,13.4716,0.774025,6.69731,11.9108,20.6009,0.312035,0.0106608
37776,154730496,4.06018,0,0,12.9489,0.725419,5.95544,11.883,17.9782,0.315581,0.0101725
37800,154828800,4.06806,0,0,13.389,0.761922,6.29132,11.7578,16.9757,0.296355,0.010498
37824,154927104,4.07676,0.00452757,0,13.2234,0.741281,5.77447,11.7873,18.5934,0.318432,0.0106201
37848,155025408,4.08738,0.0116189,0,13.7666,0.757168,6.98505,11.9416,20.3486,0.300625,0.0106303
37872,155123712,4.09769,0,0,13.8994,0.791278,6.89437,11.5743,16.0316,0.292363,0.0106099
37896,155222016,4.10622,0,0,12.9933,0.750961,6.32256,12.1272,20.2672,0.346886,0.0102539
37920,155320320,4.11548,0.0104102,0,12.9841,0.713063,6.09642,12.3942,20.5577,0.306177,0.00999959
37944,155418624,4.12562,0,0,12.7856,0.789771,6.16826,12.1,20.4283,0.320597,0.0097758
37968,155516928,4.13454,0.00887715,0.0198066,13.0449,0.690509,6.32655,12.4813,22.3385,0.305145,0.00901286
37992,155615232,4.14261,0,0,12.1428,0.709153,5.8072,11.9196,21.5817,0.316219,0.00836182
38016,155713536,4.15171,0,0,12.8969,0.728514,5.7415,12.1012,17.6135,0.30448,0.00832113
38040,155811840,4.16168,0.0150723,0,12.6411,0.779069,5.78472,12.153,17.3104,0.306491,0.00830078
38064,155910144,4.17144,0.00967118,0,13.0776,0.772983,6.16973,11.783,17.5108,0.306461,0.00816854
38088,156008448,4.17935,0.0134551,0,13.1395,0.728729,5.86285,11.9769,19.5239,0.302531,0.00802612
38112,156106752,4.18691,0,0,13.6036,0.754199,6.63961,12.5847,22.0661,0.318085,0.00789388
38136,156205056,4.19595,0,0,13.058,0.709808,6.14333,12.3093,20.3087,0.308871,0.00761922
38160,156303360,4.204,0,0,13.1179,0.783166,6.59749,12.7301,20.3916,0.320007,0.00691732
38184,156401664,4.21079,0.00455911,0,13.1193,0.778525,6.35925,12.6279,22.3118,0.315473,0.00693766
38208,156499968,4.21724,0,0,12.6128,0.743351,5.81261,12.4703,19.1663,0.339527,0.00708008
38232,156598272,4.22477,0.0022493,0,14.0898,0.760398,7.13597,12.4694,20.9702,0.305191,0.00710042
38256,156696576,4.23178,0,0,13.3115,0.758543,6.10927,11.9767,19.2614,0.3285,0.00712077
38280,156794880,4.2408,0.00441981,0,13.4668,0.78515,6.72943,12.5096,21.2329,0.324151,0.00708008
38304,156893184,4.25048,0.00434266,0,13.1433,0.740166,6.02621,12.7746,21.4241,0.296164,0.00695801
38328,156991488,4.25879,0,0,12.8217,0.676483,6.37868,12.1714,20.0229,0.307791,0.00686646
38352,157089792,4.26879,0,0,13.4443,0.692253,6.25639,12.3636,19.4457,0.313798,0.00683594
38376,157188096,4.27879,0,0,13.0484,0.736811,5.87109,13.0053,18.7385,0.298221,0.00715129
38400,157286400,4.28958,0,0,12.6961,0.709288,6.1206,12.6546,20.8899,0.302157,0.00708008
38424,157384704,4.29821,0.00745911,0,12.9371,0.72069,5.95209,12.8025,18.375,0.295007,0.00708008
38448,157483008,4.307,0.00322685,0,13.0315,0.734086,6.14563,12.6446,21.042,0.296867,0.00708008
38472,157581312,4.31506,0.00446298,0,13.234,0.753796,6.2634,12.4785,21.6714,0.303988,0.00691732
38496,157679616,4.32226,0,0,12.6676,0.750041,6.08937,12.6551,18.5486,0.309424,0.00661214
38520,157777920,4.33044,0,0,12.2978,0.735653,5.51906,12.8736,20.0658,0.3094,0.00670369
38544,157876224,4.33955,0,0,13.3864,0.771995,6.63411,12.8567,20.2848,0.302947,0.00674438
38568,157974528,4.34691,0.0141871,0,12.9093,0.732674,5.96369,12.5902,21.1648,0.295829,0.00655111
38592,158072832,4.35581,0,0,12.688,0.729434,6.36465,12.9941,22.5167,0.28889,0.00658162
38616,158171136,4.36679,0,0,12.8086,0.728764,6.22791,12.9012,21.5304,0.294551,0.00653076
38640,158269440,4.3768,0.0224024,0,14.1554,0.778298,6.97167,12.4732,22.3576,0.301586,0.00683594
38664,158367744,4.38483,0.00398724,0,12.8051,0.72577,6.04983,12.853,21.8461,0.332316,0.00693766
38688,158466048,4.39303,0.00427927,0,14.0325,0.758513,6.429,13.1445,22.0573,0.316128,0.00682577
38712,158564352,4.40044,0,0,12.635,0.761207,6.11308,13.0801,21.009,0.302,0.00654093
38736,158662656,4.40958,0.00425938,0,14.1406,0.764286,6.64866,13.0398,23.8233,0.306823,0.0065918
38760,158760960,4.41794,0.00346235,0,13.6178,0.777695,6.47314,12.8388,21.0418,0.315287,0.0065918
38784,158859264,4.42476,0.00569152,0,12.6762,0.724122,5.547,12.8441,20.0204,0.311761,0.00660197
38808,158957568,4.43302,0,0,12.5273,0.701814,5.72297,12.8509,20.5405,0.306495,0.00650024
38832,159055872,4.44333,0.0116929,0,14.3921,0.751721,7.33312,13.4297,22.3751,0.282519,0.00632731
38856,159154176,4.45318,0,0,12.9388,0.728444,6.1657,12.9729,22.3657,0.31949,0.00600179
38880,159252480,4.46233,0,0,13.591,0.742949,6.1213,12.8314,18.9746,0.318118,0.00562541
38904,159350784,4.46958,0.0094833,0,12.5925,0.72931,5.47421,13.1957,21.0579,0.29452,0.00633748
38928,159449088,4.47799,0.00384383,0,12.9167,0.759596,5.8529,13.0623,20.5789,0.311243,0.00653076
38952,159547392,4.48848,0.0101265,0,13.6846,0.76428,6.43767,13.1557,20.2836,0.295578,0.0065918
38976,159645696,4.49793,0.00295991,0,12.8083,0.741575,5.43816,13.0181,22.8131,0.298748,0.00680542
39000,159744000,4.50744,0,0,13.6994,0.808316,6.36453,13.0989,21.4946,0.330836,0.00661214
39024,159842304,4.51722,0,0,12.0472,0.720436,5.47811,12.9486,22.3779,0.305002,0.00641886
39048,159940608,4.52368,0.00302816,0,12.4463,0.746304,6.05048,12.7041,22.1555,0.310921,0.00634766
39072,160038912,4.53231,0.0390994,0,12.8368,0.733303,6.41055,12.9639,21.6872,0.308695,0.00634766
39096,160137216,4.53908,0.0192443,0,12.7989,0.731173,5.87211,13.1719,21.1833,0.311989,0.00634766
39120,160235520,4.54603,0,0,12.9834,0.742934,6.01001,12.8455,19.0758,0.301987,0.00642904
39144,160333824,4.55528,0.010262,0,13.9669,0.716761,6.70712,13.2674,21.8954,0.299977,0.006663
39168,160432128,4.5653,0.00262222,0,12.6964,0.715776,6.12194,12.8962,20.9172,0.32213,0.00683594
39192,160530432,4.57393,0,0,13.0676,0.742036,6.36995,12.9771,22.2565,0.31288,0.00683594
39216,160628736,4.5825,0,0,12.2585,0.762831,5.61548,12.9259,24.542,0.344419,0.0069987
39240,160727040,4.59184,0.00353607,0,13.0352,0.770759,6.33444,13.221,21.1534,0.326741,0.00717163
39264,160825344,4.59943,0.00381277,0,13.093,0.727008,5.88109,13.0545,19.8126,0.299137,0.00708008
39288,160923648,4.60995,0.00275601,0,12.8416,0.709719,5.86956,13.3259,22.9514,0.294067,0.00708008
39312,161021952,4.61776,0.00378665,0,12.4534,0.719915,5.88145,12.9088,23.1286,0.318647,0.00704956
39336,161120256,4.62647,0.00389036,0,12.8745,0.743158,5.54113,12.8379,21.3283,0.309358,0.00716146
39360,161218560,4.63327,0,0,13.9582,0.734515,6.19562,13.3254,24.2247,0.30813,0.00742594
39384,161316864,4.63886,0.00692263,0,12.2969,0.708899,5.39859,12.8295,20.6578,0.317846,0.00763957
39408,161415168,4.64535,0,0,12.1128,0.722573,5.50379,13.017,23.6339,0.307253,0.00756836
39432,161513472,4.65369,0,0,12.9762,0.732907,6.44884,12.8938,22.1198,0.292845,0.00767008
39456,161611776,4.66395,0,0,13.2115,0.730863,5.81448,13.4542,23.6584,0.29752,0.0078125
39480,161710080,4.67292,0.00761697,0,13.2776,0.758455,6.55775,13.2237,24.5747,0.295664,0.00819906
39504,161808384,4.67967,0.00631997,0,12.3957,0.689854,5.82116,12.9296,20.9561,0.301088,0.00869751
39528,161906688,4.68735,0,0,13.1859,0.744764,6.24136,13.1764,22.7387,0.310725,0.00842285
39552,162004992,4.69456,0.0257049,0,13.823,0.74189,6.78499,13.2888,25.0158,0.311248,0.0084432
39576,162103296,4.70288,0,0,12.8956,0.763358,5.88876,13.3253,24.3089,0.302874,0.00848389
39600,162201600,4.71144,0.00350508,0,12.8601,0.765995,6.25902,13.5702,23.8763,0.29041,0.00832113
39624,162299904,4.71933,0,0,12.8952,0.703033,5.69098,13.1214,23.3539,0.29509,0.00795492
39648,162398208,4.72684,0.0116019,0,12.9189,0.673318,6.16393,12.7634,21.6982,0.280431,0.00800578
39672,162496512,4.73685,0.00298881,0,12.3229,0.700655,5.49841,13.2298,21.4596,0.299659,0.00791423
39696,162594816,4.74546,0.00511509,0,13.6572,0.692479,6.29033,12.862,20.4778,0.317839,0.00858561
39720,162693120,4.75492,0.00413406,0,12.6577,0.72921,5.67057,13.0008,23.0256,0.301255,0.00892131
39744,162791424,4.76383,0.00285396,0,12.3202,0.720845,5.64312,13.101,22.1864,0.299305,0.00878906
39768,162889728,4.77287,0,0,12.7259,0.729175,5.75041,12.8672,21.4446,0.318475,0.00878906
39792,162988032,4.78319,0,0,11.992,0.658687,4.99206,13.0337,20.6309,0.29652,0.00892131
39816,163086336,4.79211,0.00341051,0.01473,14.8091,0.73497,6.9886,13.2258,22.652,0.28902,0.00879924
39840,163184640,4.801,0,0,12.2258,0.692383,5.5225,13.5133,23.9848,0.310276,0.00895182
39864,163282944,4.80954,0.00777648,0,12.2852,0.723249,5.61165,12.7948,21.6512,0.30402,0.00915527
39888,163381248,4.81531,0,0,12.3419,0.707747,5.62059,13.225,21.9804,0.302263,0.00913493
39912,163479552,4.82299,0,0,11.5242,0.694435,5.08231,12.8815,23.7659,0.304299,0.00918579
39936,163577856,4.83282,0.0127524,0,12.4901,0.721013,5.71144,13.3447,24.3097,0.291042,0.00919596
39960,163676160,4.84138,0,0,12.447,0.731136,5.77048,13.5348,21.7098,0.299512,0.00898234
39984,163774464,4.84869,0.00359195,0,13.1477,0.730902,5.94535,12.8646,23.0065,0.300458,0.00913493
40008,163872768,4.85763,0,0,12.7843,0.738456,6.00691,13.8704,27.7523,0.29703,0.00962321
40032,163971072,4.86679,0.00407955,0,13.1169,0.760233,6.17335,13.3413,23.2059,0.309872,0.0101115
40056,164069376,4.87586,0.00308756,0,12.3566,0.72419,5.58794,12.9505,20.8244,0.308381,0.0103251
40080,164167680,4.88305,0.0133821,0,13.3973,0.72942,6.60327,13.0994,24.813,0.327793,0.0113017
40104,164265984,4.89139,0,0,12.5248,0.737852,5.71732,13.7826,24.8363,0.301984,0.0122375
40128,164364288,4.90198,0,0,13.3053,0.69852,6.19429,13.365,24.4591,0.304075,0.0124919
40152,164462592,4.90918,0.0176144,0,12.8412,0.648802,5.45298,13.5903,22.8434,0.291514,0.0127767
40176,164560896,4.91606,0.00711965,0,12.9581,0.720164,6.30139,13.7137,25.7986,0.307309,0.01356
40200,164659200,4.92347,0.00242984,0,12.0548,0.640781,5.48577,13.0912,22.7528,0.284418,0.0140381
40224,164757504,4.93116,0,0,12.4909,0.720737,5.34085,13.4532,23.7247,0.31915,0.014506
40248,164855808,4.93908,0,0,12.3101,0.722944,5.72837,13.2693,21.9506,0.316823,0.0144145
40272,164954112,4.94583,0,0,12.6042,0.720764,5.57065,13.1832,20.578,0.321748,0.0146484
40296,165052416,4.95396,0,0,12.8427,0.741028,5.98201,13.7118,24.4758,0.28398,0.0148722
40320,165150720,4.96176,0,0,12.0454,0.746791,5.28193,13.133,21.032,0.303843,0.0150859
40344,165249024,4.96859,0,0,13.048,0.770886,6.08024,13.9271,24.4769,0.307976,0.014801
40368,165347328,4.97772,0.0157306,0,12.1974,0.743415,5.40138,13.2957,21.9411,0.314544,0.0142924
40392,165445632,4.98838,0,0,12.1609,0.692488,5.58501,13.414,23.5909,0.321305,0.0143331
40416,165543936,4.99579,0.0181553,0,12.6552,0.707216,6.01224,13.8526,24.6144,0.307398,0.0148315
40440,165642240,5.00376,0,0,11.7283,0.671413,4.89294,13.4781,24.6843,0.283272,0.014974
40464,165740544,5.01309,0,0,12.563,0.73111,5.82029,13.6669,24.4514,0.32155,0.0150757
40488,165838848,5.02217,0.0222876,0,12.151,0.711094,5.74069,13.4509,24.8284,0.313321,0.0147909
40512,165937152,5.03378,0.00743027,0,12.7052,0.751391,5.62284,13.289,25.0722,0.315426,0.0142212
40536,166035456,5.04268,0.0145294,0,11.9969,0.728674,5.64765,13.5474,24.4719,0.307005,0.0146077
40560,166133760,5.05025,0.00777896,0,12.4551,0.681505,5.68838,13.7913,23.9926,0.300063,0.0146688
40584,166232064,5.05885,0,0,12.645,0.678423,5.91051,13.6939,23.1267,0.33259,0.0145162
40608,166330368,5.0661,0.0162287,0,12.7413,0.708326,6.02648,13.9787,25.0592,0.300638,0.0144043
40632,166428672,5.07406,0,0,12.1327,0.669536,5.70884,13.7174,23.5933,0.331897,0.0144552
40656,166526976,5.08199,0,0,13.5203,0.72144,7.51215,14.5025,28.0876,0.294289,0.0143636
40680,166625280,5.09057,0.00590767,0,12.498,0.708065,5.94883,13.9471,23.155,0.319823,0.0143941
40704,166723584,5.09961,0.0132417,0,11.7179,0.678781,5.04262,13.6336,21.9759,0.311352,0.0138448
40728,166821888,5.10982,0.00460589,0,11.82,0.687842,5.3548,13.8045,21.5933,0.327684,0.0137736
40752,166920192,5.12046,0,0,13.0374,0.728425,6.00791,13.6855,25.5782,0.313636,0.0140584
40776,167018496,5.1292,0,0,12.083,0.714335,5.68779,14.2675,23.3455,0.297425,0.0140076
40800,167116800,5.13743,0.00964719,0,11.2911,0.733972,4.84048,13.3304,24.2836,0.311879,0.0137024
40824,167215104,5.14682,0.00442424,0,11.8751,0.68537,5.29844,14.2147,24.2618,0.303175,0.0138957
40848,167313408,5.15482,0.0140223,0,12.0555,0.654942,5.42334,13.7729,23.2171,0.309191,0.0136719
40872,167411712,5.16222,0.00932463,0,12.4399,0.707222,5.30565,14.2417,22.5688,0.311016,0.0134684
40896,167510016,5.16907,0,0,12.157,0.680288,5.4592,13.9992,24.3625,0.308796,0.0134684
40920,167608320,5.17752,0.00872093,0,12.2995,0.660437,5.70136,13.8565,25.1248,0.318837,0.0133769
40944,167706624,5.18663,0.00442152,0,12.6016,0.668602,5.76717,13.8353,25.6119,0.30511,0.0134379
40968,167804928,5.19486,0.0145228,0,12.2135,0.667097,5.73887,14.177,24.0367,0.300301,0.0136617
40992,167903232,5.20213,0.0137221,0,12.4393,0.726311,5.91122,14.359,24.6335,0.322287,0.0134989
41016,168001536,5.21103,0.00767207,0,11.7637,0.713824,5.49571,14.2766,24.0902,0.298583,0.0132039
41040,168099840,5.22148,0.0171405,0.0405288,12.2373,0.683774,6.07957,14.4744,24.8072,0.29512,0.0127157
41064,168198144,5.23222,0.00743106,0,12.954,0.707159,6.21475,13.9517,23.067,0.307778,0.01238
41088,168296448,5.24119,0.00980729,0,12.8232,0.763418,6.2664,14.4674,26.2892,0.296814,0.011617
41112,168394752,5.2493,0.00426201,0,12.4467,0.692,5.34473,14.8486,25.6635,0.305612,0.0109049
41136,168493056,5.25983,0,0,13.4164,0.687371,6.66179,14.8159,25.5689,0.301388,0.0105896
41160,168591360,5.27026,0.0186916,0,13.3523,0.719396,6.28017,14.308,25.335,0.31066,0.0100199
41184,168689664,5.27796,0,0,13.4064,0.737844,6.66613,14.4039,27.2358,0.331294,0.00920614
41208,168787968,5.28524,0.00735294,0,12.7417,0.680669,6.10543,14.3157,25.7327,0.331945,0.00863647
41232,168886272,5.29416,0.0168694,0,12.8887,0.65914,6.27012,14.7568,26.8278,0.301372,0.00805664
41256,168984576,5.30477,0.00415924,0,12.6197,0.681181,5.7912,14.2994,23.9769,0.292586,0.00815837
41280,169082880,5.31443,0.00537795,0,12.2473,0.693895,5.55975,14.6179,25.0134,0.313141,0.00819906
41304,169181184,5.32426,0.0151003,0,12.721,0.710114,6.05761,14.3704,23.6566,0.307674,0.00793457
41328,169279488,5.33308,0.00803339,0,11.7408,0.6951,4.77907,14.665,27.0539,0.322988,0.00829061
41352,169377792,5.3431,0,0,14.4883,0.698944,5.99306,14.7305,28.3461,0.312178,0.00877889
41376,169476096,5.35059,0,0,13.4265,0.736508,5.88406,14.9174,25.417,0.311797,0.00968425
41400,169574400,5.35889,0,0,12.3225,0.630346,5.10265,14.6938,26.2109,0.313528,0.00971476
41424,169672704,5.36725,0,0,11.6464,0.676738,5.0348,14.8191,25.824,0.310024,0.00952148
41448,169771008,5.37574,0,0,13.2556,0.69517,6.11364,14.6876,23.284,0.320963,0.00909424
41472,169869312,5.38352,0.00308461,0,12.357,0.671253,5.82435,15.3989,27.353,0.311234,0.00916545
41496,169967616,5.39284,0.0054376,0,12.4725,0.686432,5.61793,14.9584,27.423,0.309787,0.00941976
41520,170065920,5.40354,0.0142589,0,12.7411,0.642748,5.79154,14.8936,24.8656,0.295543,0.0102132
41544,170164224,5.41351,0.0166744,0,12.6246,0.672895,5.51149,15.164,26.0629,0.313435,0.00997925
41568,170262528,5.42184,0.0035229,0,12.9364,0.654737,6.42334,15.3915,28.2789,0.305151,0.0103963
41592,170360832,5.42925,0.00415718,0,12.2958,0.692675,5.79477,15.1048,28.1225,0.319807,0.0108032
41616,170459136,5.43548,0.00587544,0,12.4444,0.673918,5.54408,15.0391,23.7566,0.30091,0.0114644
41640,170557440,5.44312,0.0128602,0,13.3489,0.656269,6.13579,15.0893,26.326,0.333822,0.012085
41664,170655744,5.4528,0.0237899,0,13.0132,0.652205,6.2895,15.3221,27.2417,0.306145,0.0122884
41688,170754048,5.46091,0,0,12.0563,0.657587,5.49331,15.7074,25.2784,0.32506,0.0126343
41712,170852352,5.4692,0.00182873,0,12.6377,0.655708,5.74007,15.4611,25.1979,0.30574,0.0125529
41736,170950656,5.4762,0.0171238,0.0202351,12.1057,0.648932,5.2638,15.4006,25.7747,0.299731,0.0126241
41760,171048960,5.48438,0.0175232,0.0116739,12.4432,0.664527,5.66261,15.145,25.3793,0.297182,0.013265
41784,171147264,5.4922,0.00586396,0,12.6748,0.752948,6.07466,15.1579,24.1302,0.31312,0.0134277
41808,171245568,5.49851,0.0157498,0,13.0517,0.625343,5.44231,15.245,24.4274,0.298875,0.0136312
41832,171343872,5.50353,0.00460417,0,13.091,0.660448,5.73316,15.6971,24.1109,0.309638,0.0138041
41856,171442176,5.5107,0,0,12.4193,0.658354,5.5713,15.6204,26.9675,0.314024,0.0141296
41880,171540480,5.51887,0.010721,0,12.7589,0.645033,5.48205,15.7623,26.144,0.323649,0.0151367
41904,171638784,5.52721,0.0143369,0,13.1233,0.668063,6.03927,15.6948,25.5465,0.342746,0.0148722
41928,171737088,5.53641,0.00595914,0,12.4486,0.694928,5.64915,15.5553,27.0831,0.303092,0.0149028
41952,171835392,5.54445,0.00544794,0,13.3544,0.687125,6.09671,15.8179,27.8338,0.302746,0.0151876
41976,171933696,5.55165,0.0207447,0,12.0237,0.693266,5.86424,15.8841,27.0232,0.292348,0.0152995
42000,172032000,5.55973,0,0,12.8869,0.666646,6.04669,15.864,26.0649,0.305979,0.0153097
42024,172130304,5.5687,0.0122125,0,14.2636,0.733938,6.6731,15.4681,24.4989,0.310531,0.0156555
42048,172228608,5.576,0,0,12.4337,0.639488,5.575,15.5747,28.9821,0.305684,0.0158691
42072,172326912,5.58432,0.00726292,0.0116,13.0123,0.684216,5.75314,15.9073,26.0039,0.315753,0.0161845
42096,172425216,5.59226,0.0158602,0,12.5884,0.702763,5.62631,16.6883,30.1514,0.301033,0.0162354
42120,172523520,5.60126,0.00613712,0,12.923,0.654802,5.98703,16.3213,27.1245,0.347161,0.0167033
42144,172621824,5.60808,0.00675899,0,12.7394,0.684868,5.6581,15.9309,28.2807,0.324036,0.0166728
42168,172720128,5.61364,0.0107302,0,13.6784,0.663647,6.60562,16.3529,30.3497,0.302781,0.0168457
42192,172818432,5.62268,0.00276624,0,13.1839,0.686546,6.262,16.0552,27.6751,0.315105,0.0170797
42216,172916736,5.63015,0.00522921,0,13.6265,0.713641,6.98188,15.645,27.9095,0.320725,0.017334
42240,173015040,5.6366,0,0,12.261,0.666561,5.53661,16.0302,29.1669,0.30247,0.0174561
42264,173113344,5.64406,0.0519376,0,11.5522,0.617852,4.83682,16.3305,28.2366,0.31865,0.0177917
42288,173211648,5.65273,0,0,12.6779,0.665888,5.59355,15.9568,25.6732,0.321064,0.0177409
42312,173309952,5.66092,0.00643259,0.0127443,11.7598,0.645621,4.73834,15.9904,24.8091,0.303689,0.0179036
42336,173408256,5.67112,0.0104651,0,12.3188,0.651174,5.23401,16.343,28.0482,0.30637,0.0175985
42360,173506560,5.68136,0,0,13.4734,0.72352,6.94142,16.6,29.6314,0.318757,0.0171305
42384,173604864,5.68886,0.0075961,0,12.2813,0.6793,5.34894,16.1784,27.5735,0.303838,0.0166626
42408,173703168,5.69943,0.0152632,0,11.2433,0.705138,4.82852,15.8362,24.4995,0.321057,0.0164083
42432,173801472,5.70772,0,0,12.126,0.678574,5.40764,16.1189,26.2328,0.300838,0.0166016
42456,173899776,5.71627,0.00735835,0.0123406,11.641,0.657425,5.19311,15.6428,27.0158,0.29264,0.0166016
42480,173998080,5.72573,0,0,12.3505,0.703037,5.53945,15.9053,29.7693,0.31814,0.0165507
42504,174096384,5.73543,0.0179143,0,12.5228,0.658477,5.57722,16.3244,27.9282,0.308573,0.016215
42528,174194688,5.74319,0,0,12.1825,0.632922,5.68968,16.3931,27.9887,0.310668,0.0157064
42552,174292992,5.75039,0,0,12.3217,0.6874,5.81029,16.0071,29.9832,0.312961,0.0158895
42576,174391296,5.75987,0.0117579,0,12.3187,0.657205,4.90297,15.9847,25.1641,0.305376,0.0153402
42600,174489600,5.7679,0.011522,0,12.5025,0.628635,5.52211,16.1598,30.4353,0.300773,0.0151978
42624,174587904,5.77617,0,0,12.0388,0.637515,5.62749,16.1614,28.449,0.310717,0.0148519
42648,174686208,5.7841,0,0,12.7689,0.680591,6.31991,16.3574,30.2254,0.321255,0.0141805
42672,174784512,5.79355,0.0119437,0,12.106,0.602031,5.33229,15.8135,26.9306,0.304653,0.0136108
42696,174882816,5.80284,0,0,12.2327,0.661433,5.30959,16.2191,26.5743,0.288166,0.0136515
42720,174981120,5.81213,0.00302221,0,13.1308,0.645832,5.93189,16.5215,30.718,0.316843,0.0137329
42744,175079424,5.82146,0.00460648,0,11.9338,0.597882,5.31629,15.9378,30.8133,0.318179,0.0133057
42768,175177728,5.82859,0.00338066,0,11.8225,0.657763,5.27828,15.9634,28.0266,0.319274,0.0131429
42792,175276032,5.83604,0.0143472,0,12.5023,0.652197,5.2397,15.5122,27.22,0.32511,0.0137024
42816,175374336,5.84343,0.0168948,0,13.079,0.693259,6.212,16.08,28.294,0.314198,0.0137634
42840,175472640,5.85121,0.00578799,0.0225129,11.4578,0.608025,5.10955,15.6348,27.9487,0.325735,0.0136515
42864,175570944,5.86066,0.00794642,0,11.455,0.626263,4.69906,15.9305,26.4025,0.325196,0.0132345
42888,175669248,5.8688,0.00470325,0,12.3885,0.686541,5.05074,15.9297,28.4866,0.293913,0.0122477
42912,175767552,5.87801,0.0104678,0,12.9896,0.688787,6.20959,16.0515,29.0481,0.310624,0.0124919
42936,175865856,5.88568,0.0152103,0,12.1662,0.66431,5.4816,16.0868,30.6747,0.297781,0.0124512
42960,175964160,5.89508,0.00776139,0,12.2997,0.626725,5.3425,16.0518,29.0907,0.315574,0.0126241
42984,176062464,5.90385,0.0171397,0,12.7133,0.620828,5.83744,16.0062,27.6735,0.309563,0.0128682
43008,176160768,5.91309,0.0266464,0.0274348,11.2012,0.644306,4.68731,15.5407,26.7196,0.29546,0.0123494
43032,176259072,5.92198,0,0,11.8514,0.704246,5.07318,15.9943,30.4567,0.333506,0.0120951
43056,176357376,5.93298,0,0,11.3741,0.654908,4.90772,15.8931,28.4233,0.311482,0.0121257
43080,176455680,5.94159,0.0211512,0,12.4952,0.624809,5.60352,15.7563,30.397,0.289729,0.011851
43104,176553984,5.94917,0.0074036,0,12.1595,0.63162,5.07424,15.5408,29.7861,0.295161,0.0117493
43128,176652288,5.95472,0.0314516,0.0117096,11.6732,0.64714,4.93139,15.7216,28.5108,0.325791,0.0117798
43152,176750592,5.96393,0.00849902,0,12.4014,0.676865,5.88055,15.9754,30.0313,0.317287,0.0118103
43176,176848896,5.97312,0.010445,0.0187779,12.233,0.655214,6.00944,15.8658,30.5491,0.304755,0.0119324
43200,176947200,5.98214,0,0,11.4082,0.652373,5.28993,15.7275,29.9174,0.30661,0.011495
43224,177045504,5.99039,0.00475651,0,11.6655,0.686623,5.05235,15.5311,28.7204,0.32091,0.0119731
43248,177143808,5.99748,0.00759796,0,12.1241,0.663705,5.26523,15.9818,27.8029,0.333455,0.0120646
43272,177242112,6.00613,0.00636209,0,11.8891,0.664507,5.54036,15.5967,27.2491,0.301251,0.0117188
43296,177340416,6.01454,0.0246304,0,11.8066,0.603793,5.2451,15.8303,28.7959,0.315858,0.0114339
43320,177438720,6.02413,0.0101127,0.0214362,11.6914,0.671623,4.99968,15.2342,28.9022,0.306231,0.0112406
43344,177537024,6.03072,0.0158246,0,11.9407,0.691512,5.21515,15.4837,27.6592,0.318472,0.0115662
43368,177635328,6.03997,0.0147624,0,12.565,0.669255,5.96421,15.5879,29.6429,0.309944,0.0112
43392,177733632,6.05065,0.0144197,0,11.4846,0.640054,5.05919,15.4569,25.3948,0.296924,0.0108643
43416,177831936,6.05895,0.0183679,0,12.2061,0.655674,5.86244,15.5463,28.482,0.331981,0.0111389
43440,177930240,6.06907,0,0,11.5577,0.647456,5.56141,15.6885,31.6995,0.299696,0.0109863
43464,178028544,6.07957,0.0337318,0.0283956,12.244,0.631801,5.91704,15.855,30.4366,0.32675,0.0111084
43488,178126848,6.08712,0.0242271,0,12.4272,0.653734,6.20489,15.9341,30.9634,0.309569,0.0110474
43512,178225152,6.09641,0.00690131,0,12.614,0.69348,5.88007,15.5507,29.762,0.310816,0.0115356
43536,178323456,6.10367,0.0079023,0,11.9442,0.665813,5.19954,15.2567,27.537,0.327186,0.0112203
43560,178421760,6.11119,0.00328281,0,11.9159,0.636308,5.72927,15.5375,28.4406,0.310377,0.0113729
43584,178520064,6.11833,0.0116727,0,11.6448,0.655828,5.21905,15.5272,31.8495,0.308893,0.0115967
43608,178618368,6.12819,0.0217603,0,13.9315,0.671679,6.73643,15.4624,29.9368,0.324347,0.0117493
43632,178716672,6.1356,0.0317189,0,11.0981,0.591117,5.1916,15.142,29.1824,0.324514,0.0117391
43656,178814976,6.14514,0,0,13.1784,0.65745,5.70335,15.2376,29.0732,0.320271,0.0120036
43680,178913280,6.15498,0.00292854,0,12.356,0.61082,5.65111,15.853,29.5474,0.322199,0.0121358
43704,179011584,6.16104,0.00459644,0,12.13,0.657192,5.54662,15.3849,27.6757,0.312816,0.012085
43728,179109888,6.16974,0.00314845,0,11.8545,0.631731,5.3559,15.5521,30.0743,0.322732,0.0120138
43752,179208192,6.17629,0.0267062,0,11.3364,0.625096,5.30073,15.2404,29.8121,0.322042,0.0121562
43776,179306496,6.18387,0.0070014,0,12.3383,0.63636,6.15502,15.6553,30.883,0.307231,0.0116475
43800,179404800,6.19263,0.0152116,0,10.9732,0.612307,4.64614,15.0596,26.8123,0.294803,0.0112712
43824,179503104,6.20113,0,0,12.2496,0.659562,5.57077,15.1946,26.985,0.315659,0.0115051
43848,179601408,6.21014,0.0146069,0.00824888,13.2877,0.6958,6.41209,15.3667,30.6537,0.327542,0.0116374
43872,179699712,6.21879,0.0154293,0,11.7268,0.625743,5.26182,15.03,25.4857,0.301798,0.0121969
43896,179798016,6.22695,0.0126515,0,12.4922,0.656767,5.96985,15.4331,30.6036,0.304337,0.0123698
43920,179896320,6.23575,0.0176778,0,12.459,0.591637,6.03417,15.7722,31.2524,0.314539,0.0121562
43944,179994624,6.24403,0.0244301,0,12.8175,0.650686,6.40249,15.6066,31.6865,0.3272,0.0122986
43968,180092928,6.25177,0.0127945,0,13.8486,0.653905,6.64444,15.4883,31.3949,0.32472,0.0119019
43992,180191232,6.25836,0.0159822,0,11.3101,0.620922,4.84088,15.3343,26.0475,0.306547,0.012207
44016,180289536,6.26775,0.00422567,0,12.5985,0.659229,6.18625,15.6244,27.7628,0.324682,0.0124308
44040,180387840,6.2755,0.0171892,0,13.539,0.681,5.56021,15.6681,31.4218,0.331583,0.0131022
44064,180486144,6.28276,0.00436727,0,11.914,0.658235,5.18624,15.4182,28.2176,0.308241,0.0131429
44088,180584448,6.29154,0.0136295,0,13.2228,0.663511,6.60162,15.6123,31.5554,0.293825,0.0130615
44112,180682752,6.29994,0.021111,0,12.9772,0.659141,5.66576,15.201,30.7722,0.311314,0.0130005
44136,180781056,6.30829,0,0,12.1052,0.633768,5.7321,15.2823,32.5823,0.306125,0.0129293
44160,180879360,6.31662,0.0228121,0,11.726,0.606913,5.39019,15.3945,30.8212,0.316431,0.0127462
44184,180977664,6.32429,0.0107235,0,11.2341,0.623436,4.91371,15.2446,30.0565,0.318158,0.0126953
44208,181075968,6.33156,0.0146608,0,12.1984,0.627065,5.63062,15.3512,31.6234,0.302504,0.0123901
44232,181174272,6.33898,0.00785238,0.02001,12.329,0.64546,5.45112,15.5883,31.0966,0.30212,0.0120239
44256,181272576,6.34927,0.0135319,0,13.1439,0.683439,6.35716,15.2101,29.7044,0.290459,0.0119629
44280,181370880,6.3575,0.00837684,0,12.2493,0.636784,5.85803,15.6193,31.8933,0.314343,0.0120443
44304,181469184,6.36693,0.00998608,0,12.3408,0.59748,5.93937,15.6661,28.2321,0.303798,0.0128988
44328,181567488,6.37641,0.00359916,0,13.8407,0.714832,6.67217,16.2438,31.9864,0.302251,0.0129903
44352,181665792,6.38542,0.0125749,0,13.1753,0.599261,5.88754,15.7848,31.1023,0.305613,0.0127462
44376,181764096,6.39307,0.0233899,0,12.8254,0.632608,5.91641,15.8237,31.2271,0.315857,0.0131836
44400,181862400,6.40167,0.00767469,0.0153621,11.9689,0.681675,5.35707,15.3423,31.0078,0.320155,0.013092
44424,181960704,6.40933,0.0123493,0,12.3799,0.604938,5.06328,15.4641,30.6324,0.322031,0.0136414
44448,182059008,6.41803,0.00583686,0,11.4845,0.649029,4.97065,15.7319,31.3088,0.315416,0.0138143
44472,182157312,6.4269,0.0309699,0,12.5054,0.644293,5.86153,15.6306,31.6321,0.309699,0.0137939
44496,182255616,6.4353,0,0,12.3714,0.681132,5.66268,15.4912,30.549,0.300209,0.013621
44520,182353920,6.44272,0.014547,0,13.7223,0.653675,7.02173,15.9506,33.3562,0.314251,0.0131836
44544,182452224,6.45339,0.00691085,0,11.7752,0.623578,5.32985,15.4111,28.7305,0.319561,0.0132955
44568,182550528,6.46393,0.0393444,0.0179579,12.2771,0.602181,6.43493,15.8274,34.7469,0.320469,0.0128988
44592,182648832,6.47072,0.00356952,0,12.0293,0.642975,5.44084,15.8257,32.8442,0.322032,0.0127258
44616,182747136,6.47611,0.0404742,0.0171674,12.135,0.618689,5.60535,16.0887,33.0215,0.328234,0.01238
44640,182845440,6.48492,0.0126713,0,12.2554,0.662644,5.51852,15.4763,30.4319,0.308315,0.0123698
44664,182943744,6.49487,0,0,11.6647,0.66315,5.27312,15.9476,30.2585,0.322498,0.0121257
44688,183042048,6.50418,0,0,12.3697,0.666804,5.82229,15.808,32.0645,0.321778,0.0123596
44712,183140352,6.51261,0.0106007,0,12.4628,0.644568,5.95037,15.8886,33.0994,0.325227,0.012207
44736,183238656,6.52223,0.00890431,0,12.5074,0.634384,5.57614,15.2223,28.8601,0.294091,0.0120748
44760,183336960,6.53053,0.0122305,0,12.4171,0.633666,5.8473,15.9716,31.6998,0.310346,0.0119324
44784,183435264,6.53857,0.00391565,0,13.1834,0.665264,6.41513,15.6215,30.998,0.311284,0.0119629
44808,183533568,6.54838,0.0182206,0,13.0635,0.5998,6.78976,15.6243,32.412,0.286858,0.0114237
44832,183631872,6.55667,0.00696056,0,12.2931,0.631879,5.64886,15.7945,31.869,0.313851,0.0110168
44856,183730176,6.56551,0.00249418,0,13.3527,0.676162,6.51802,16.074,34.1571,0.29458,0.0108541
44880,183828480,6.57419,0.00633503,0,12.8257,0.612741,6.16777,15.8694,31.0913,0.318823,0.0107422
44904,183926784,6.58144,0.0370206,0,13.0457,0.553197,5.74358,15.8356,31.087,0.297911,0.0103251
44928,184025088,6.58854,0.0145509,0,12.9793,0.632103,6.54451,15.8965,32.4973,0.299912,0.0104777
44952,184123392,6.59579,0.0170936,0,12.2399,0.638085,5.70198,15.8022,33.0435,0.322885,0.0102234
44976,184221696,6.60439,0.0233896,0.0130624,13.2123,0.661021,6.18703,15.6351,31.2637,0.290071,0.00971476
45000,184320000,6.61305,0.0214121,0,12.9514,0.668744,5.94597,15.5442,29.5877,0.32531,0.00978597
45024,184418304,6.61999,0.00550661,0,12.4128,0.595891,5.65888,15.7059,33.242,0.304832,0.00956217
45048,184516608,6.63033,0.0081917,0,12.4523,0.650016,6.18556,15.2415,32.4544,0.323139,0.0090332
45072,184614912,6.63916,0.00809966,0,14.1055,0.6405,7.48561,15.7581,32.0402,0.312422,0.00875854
45096,184713216,6.64656,0.0123544,0,14.0239,0.65049,6.09644,15.4525,32.8211,0.319066,0.00899251
45120,184811520,6.65434,0.011722,0,13.8229,0.642613,6.56569,15.6057,30.8193,0.329372,0.00875854
45144,184909824,6.66283,0.0145682,0,13.8968,0.623877,7.5388,16.1177,32.819,0.298574,0.00927734
45168,185008128,6.67299,0.00710732,0,14.0944,0.649762,7.19419,16.1178,35.8131,0.302503,0.00927734
45192,185106432,6.68403,0.0338518,0.0144449,13.0685,0.639922,6.35879,16.0659,33.3789,0.31616,0.00941976
45216,185204736,6.69261,0.0183594,0,12.6714,0.64437,6.63059,16.0195,33.9586,0.305824,0.00968425
45240,185303040,6.70113,0.00841683,0,12.1918,0.610365,5.94476,15.8437,35.5784,0.323066,0.00958252
45264,185401344,6.71139,0.00307692,0,13.0742,0.662185,6.46388,15.8905,32.2472,0.305138,0.0096639
45288,185499648,6.71977,0,0,12.0731,0.632114,5.31586,15.8602,30.9176,0.312388,0.00954183
45312,185597952,6.72823,0.014288,0,13.0066,0.595989,6.68932,16.003,32.3944,0.294027,0.00852458
45336,185696256,6.73571,0.0238703,0,11.9945,0.633726,5.20251,15.5071,31.2568,0.292853,0.0084432
45360,185794560,6.7435,0,0,12.7523,0.572787,5.7172,15.9017,31.8983,0.283578,0.0083313
45384,185892864,6.75156,0.00743039,0,12.1913,0.661671,5.63736,15.8418,30.5788,0.30255,0.00805664
45408,185991168,6.75898,0.00371563,0,11.3869,0.592189,5.11171,15.5745,31.3289,0.303312,0.00783284
45432,186089472,6.7672,0.0144571,0,13.4484,0.662207,6.83517,15.7804,34.6134,0.310156,0.00774129
45456,186187776,6.77384,0.0182046,0,12.3736,0.552921,5.69125,15.6675,30.1369,0.321545,0.0078125
45480,186286080,6.78186,0.00638332,0,13.7546,0.641396,7.15139,16.3923,35.3549,0.295388,0.00809733
45504,186384384,6.79055,0.0032812,0,13.0279,0.625246,6.69144,16.4056,36.589,0.321179,0.00817871
45528,186482688,6.80001,0.0148272,0,12.0139,0.587122,5.28209,15.7626,30.8144,0.319297,0.00824992
45552,186580992,6.8104,0.0228971,0.013276,11.841,0.620132,5.76024,15.7485,31.3754,0.298358,0.00820923
45576,186679296,6.81883,0.011441,0.00582072,13.3455,0.676826,6.93486,15.9888,35.8626,0.301051,0.00835164
45600,186777600,6.82494,0.0122958,0,12.3605,0.624526,6.49241,15.7406,35.0451,0.304684,0.00835164
45624,186875904,6.83121,0.0148637,0,12.5173,0.628455,5.81098,15.964,34.3454,0.309851,0.00830078
45648,186974208,6.83859,0.0489702,0.0239576,13.368,0.630865,7.06093,16.0202,35.8357,0.305133,0.00805664
45672,187072512,6.84661,0.00442478,0,13.0792,0.589569,5.90607,15.9053,33.0669,0.306794,0.00783284
45696,187170816,6.85465,0.0437763,0,11.4933,0.546881,4.97473,15.7243,31.9227,0.304383,0.00822957
45720,187269120,6.8627,0.0239926,0,13.2378,0.674129,6.90751,16.3388,34.7616,0.302971,0.00830078
45744,187367424,6.87022,0.00690085,0,13.0042,0.65627,6.45617,16.0896,35.2486,0.301429,0.00828044
45768,187465728,6.87793,0,0,12.4189,0.615,6.23274,16.4028,34.3041,0.314399,0.00805664
45792,187564032,6.8855,0.0117028,0,13.5202,0.621443,6.64359,15.8824,35.8685,0.320192,0.00830078
45816,187662336,6.89301,0.00837501,0,12.0632,0.5912,5.49531,15.6093,31.2659,0.275541,0.00836182
45840,187760640,6.90164,0.0221729,0,13.6137,0.655446,6.67396,16.0421,32.6399,0.303098,0.00850423
45864,187858944,6.91063,0.011505,0,11.8362,0.580656,5.65188,15.9694,33.5435,0.296624,0.0084432
45888,187957248,6.91839,0.0155906,0.0076365,13.7919,0.676463,7.02315,16.5254,34.3463,0.310453,0.00814819
45912,188055552,6.92503,0.0465492,0,12.8909,0.658215,6.25485,16.1965,33.4508,0.324277,0.00778198
45936,188153856,6.93133,0.0154143,0,13.6448,0.636697,7.09334,16.2125,34.0457,0.284046,0.00732422
45960,188252160,6.9403,0.00318195,0,12.9854,0.619296,6.70701,16.3238,31.9878,0.30848,0.00750732
45984,188350464,6.94883,0.00753945,0,13.4819,0.613082,6.59032,16.4175,33.6457,0.327452,0.00728353
46008,188448768,6.95691,0.0119863,0,13.7119,0.640062,6.95871,15.931,33.0282,0.312714,0.00691732
46032,188547072,6.96355,0.00858523,0,12.2776,0.637938,6.12806,16.2653,33.9194,0.297264,0.00703939
46056,188645376,6.9715,0.0117921,0.0066313,13.2064,0.703214,6.47122,16.3581,34.382,0.309529,0.00708008
46080,188743680,6.97768,0.0328741,0,12.5818,0.601009,6.20134,15.8048,33.9417,0.316604,0.0069987
46104,188841984,6.98507,0.00399829,0,13.009,0.592395,6.33667,16.1576,33.0966,0.324528,0.00683594
46128,188940288,6.99316,0.0109194,0,13.2175,0.634068,6.95697,16.4388,35.6612,0.279706,0.00650024
46152,189038592,7.00205,0.0103098,0,12.2398,0.595236,5.8887,16.3532,33.6428,0.318452,0.00588989
46176,189136896,7.0093,0.0143418,0,13.0039,0.60744,6.6784,16.5958,33.4609,0.31178,0.00597127
46200,189235200,7.01618,0.0114135,0,12.7985,0.599829,6.74812,16.6018,34.5087,0.317994,0.00626628
46224,189333504,7.0222,0.0413147,0,12.7164,0.602509,5.98794,15.9579,32.734,0.313849,0.00627645
46248,189431808,7.02913,0.0227982,0,12.9698,0.618343,6.35261,16.0127,32.8991,0.305118,0.00628662
46272,189530112,7.03648,0.0148066,0,13.367,0.55965,6.75864,16.4572,34.6369,0.307955,0.00675456
46296,189628416,7.04427,0,0,14.1623,0.63272,7.18161,16.7217,36.3617,0.305576,0.00777181
46320,189726720,7.05345,0.0300223,0,12.3006,0.578184,6.51399,16.3975,34.0447,0.306609,0.00805664
46344,189825024,7.06472,0.0210187,0,13.6141,0.607152,6.4276,16.7866,34.4657,0.303629,0.00806681
46368,189923328,7.0735,0.0106455,0.0105914,13.2689,0.596897,6.64033,16.5801,36.6775,0.327454,0.00831095
46392,190021632,7.08285,0.0213738,0,13.3499,0.582541,5.70214,16.1782,33.5418,0.287004,0.00863647
46416,190119936,7.09052,0.00805459,0,13.0892,0.601234,6.38683,16.6047,32.3733,0.303856,0.00877889
46440,190218240,7.0994,0.00787092,0,13.5049,0.618976,6.51047,16.5242,35.781,0.298217,0.00867717
46464,190316544,7.10947,0.0206217,0,13.6114,0.595907,6.74337,16.2968,35.7054,0.293793,0.00842285
46488,190414848,7.11808,0.0239272,0,12.9664,0.621067,6.52096,16.5239,35.9159,0.283938,0.00790405
46512,190513152,7.12584,0.0146396,0,13.0151,0.589189,6.74791,16.5151,36.3622,0.286485,0.00768026
46536,190611456,7.13289,0.0412386,0,12.9293,0.616041,6.05526,16.3988,34.2976,0.339574,0.00790405
46560,190709760,7.1433,0.023964,0,13.4109,0.619452,6.72373,16.9533,36.9386,0.314256,0.00806681
46584,190808064,7.15185,0.0195318,0.0130646,13.6557,0.618332,7.21686,16.4154,34.5312,0.322466,0.00820923
46608,190906368,7.16012,0,0,13.371,0.623804,6.85948,16.6791,34.7762,0.306678,0.00830078
46632,191004672,7.16665,0.0180659,0,11.8441,0.569685,5.76081,16.7844,34.5283,0.307573,0.0087382
46656,191102976,7.17313,0.002268,0,14.1803,0.644804,7.28814,17.0003,35.9923,0.297447,0.00883992
46680,191201280,7.17895,0.00862399,0,12.5269,0.635088,5.93773,17.054,39.1486,0.305778,0.00890096
46704,191299584,7.18807,0.0286801,0,12.5895,0.62388,5.69477,16.6257,30.9083,0.29945,0.00830078
46728,191397888,7.19596,0.0311284,0,13.0539,0.620619,6.54326,16.784,34.1329,0.319825,0.00831095
46752,191496192,7.20441,0.0040764,0.00928875,13.5898,0.590633,7.00413,16.5768,36.3963,0.286155,0.00858561
46776,191594496,7.21255,0.0262717,0,12.2026,0.663224,5.75778,16.8045,33.8253,0.299766,0.00875854
46800,191692800,7.22166,0.00442501,0,11.6413,0.645332,5.35186,16.4402,32.466,0.329567,0.00901286
46824,191791104,7.22973,0.0199183,0.0121317,12.4116,0.607789,6.02708,16.2888,32.9355,0.287105,0.00913493
46848,191889408,7.23639,0.00508019,0,13.1398,0.701844,6.56517,16.7799,33.2309,0.305571,0.00888062
46872,191987712,7.24279,0.0108337,0,13.3589,0.639808,6.44918,16.3928,33.1139,0.295434,0.00898234
46896,192086016,7.24989,0.013963,0.00899281,13.2064,0.607027,6.79473,16.7094,37.5265,0.303973,0.009257
46920,192184320,7.25711,0.00327869,0,13.573,0.630263,7.21317,16.8205,36.3325,0.327006,0.00952148
46944,192282624,7.26635,0.00937779,0,12.9924,0.622069,5.94676,16.7964,36.4032,0.299762,0.00989787
46968,192380928,7.27383,0.0469938,0,11.9393,0.582546,6.32094,16.5669,37.8152,0.30365,0.0100098
46992,192479232,7.27956,0.0505563,0,12.6966,0.593836,5.16909,16.55,31.6868,0.308327,0.0103455
47016,192577536,7.28718,0.00427014,0,15.4248,0.649592,8.37312,16.7301,37.732,0.307537,0.0109456
47040,192675840,7.29495,0.0213241,0,14.6753,0.64908,8.07671,16.8337,38.7728,0.282283,0.0109863
47064,192774144,7.30213,0.0273756,0,13.8922,0.669471,6.88849,16.282,34.3937,0.267863,0.0109863
47088,192872448,7.30982,0.0197139,0,13.7256,0.650345,7.03253,16.3934,33.5453,0.299552,0.0109863
47112,192970752,7.3183,0.0108814,0,13.5929,0.613309,6.7729,16.3706,33.0822,0.319313,0.0111491
47136,193069056,7.32508,0.0234126,0,13.4044,0.66197,6.55891,16.7142,35.7201,0.320547,0.0115967
47160,193167360,7.33152,0.00364109,0,13.176,0.587508,6.95142,16.7503,35.1784,0.297205,0.0117188
47184,193265664,7.3367,0.0168175,0,14.0658,0.629033,7.46477,16.7634,39.2169,0.306672,0.0114441
47208,193363968,7.34336,0.0101316,0,12.5859,0.617261,6.10907,16.3958,33.4737,0.285825,0.0111898
47232,193462272,7.34934,0.0110331,0,14.0148,0.600651,7.46423,16.513,36.2369,0.312762,0.0112101
47256,193560576,7.35647,0,0,14.6365,0.622751,6.38603,16.7759,33.0476,0.311483,0.0112
47280,193658880,7.36375,0.0362047,0.0167893,13.1159,0.632635,7.04858,16.4835,35.9612,0.305449,0.0109762
47304,193757184,7.37173,0.0211297,0,12.7757,0.671406,6.51518,16.8326,34.3222,0.3054,0.0103251
47328,193855488,7.38184,0.0464803,0.0613945,14.0601,0.654694,6.57886,16.0685,36.6821,0.32241,0.0102539
47352,193953792,7.38994,0.00309023,0.00670991,13.9096,0.646933,7.22768,16.6053,36.9913,0.305072,0.00985718
47376,194052096,7.39785,0.021474,0,12.2942,0.634103,5.81852,16.3405,32.5026,0.291843,0.00967407
47400,194150400,7.40531,0.00610206,0,13.7122,0.63449,7.30108,16.3531,35.7933,0.310732,0.00948079
47424,194248704,7.41234,0.00943774,0.0077993,13.1379,0.634023,6.25253,16.6646,35.1238,0.288444,0.00928752
47448,194347008,7.42162,0,0,13.6406,0.610878,7.0619,16.7125,36.2988,0.302959,0.00927734
47472,194445312,7.42803,0.0047372,0,12.6174,0.6408,6.32196,16.7398,35.6826,0.319712,0.00927734
47496,194543616,7.43627,0.0148916,0,12.5052,0.623253,6.07842,16.3122,35.2979,0.281198,0.00962321
47520,194641920,7.44591,0.0242993,0.0154151,13.8917,0.616627,7.49,16.8838,37.7422,0.319277,0.0098877
47544,194740224,7.45483,0.0173706,0,13.3137,0.605942,7.25861,16.9902,39.4647,0.292074,0.00967407
47568,194838528,7.46104,0.0246645,0.0115321,14.0693,0.630821,7.62245,16.6907,41.4674,0.317467,0.00990804
47592,194936832,7.46981,0.00396331,0,13.1802,0.662825,6.48658,16.579,37.7588,0.301573,0.00973511
47616,195035136,7.47684,0.0290814,0.0308008,12.6608,0.595426,6.01085,16.1365,32.0809,0.301186,0.00973511
47640,195133440,7.48389,0.0381344,0,14.4083,0.607822,7.83976,16.9574,38.3134,0.317468,0.00952148
47664,195231744,7.49222,0,0,13.358,0.649465,7.20447,16.8169,35.4866,0.284123,0.00941976
47688,195330048,7.50019,0.00458666,0,14.1695,0.658748,7.42493,16.8256,34.9347,0.325888,0.00927734
47712,195428352,7.50726,0.0103655,0.00889944,13.0276,0.635583,6.5149,16.9363,35.8316,0.305043,0.00945028
47736,195526656,7.51366,0.00791363,0,13.698,0.617828,6.69125,16.8183,37.9483,0.30373,0.00942993
47760,195624960,7.52349,0.0313934,0.0205993,12.8786,0.642708,6.71089,16.6351,36.7429,0.299659,0.00931803
47784,195723264,7.53212,0.014462,0,13.7707,0.647136,6.97384,16.8033,36.0075,0.289355,0.00923665
47808,195821568,7.54028,0,0,13.1306,0.659639,6.63642,16.7597,34.0481,0.299048,0.00889079
47832,195919872,7.54868,0.0170427,0,12.7609,0.617117,6.44273,16.6614,35.1023,0.306891,0.00892131
47856,196018176,7.55722,0.0222529,0.0108443,14.1924,0.688045,7.00399,17.0899,36.7375,0.314344,0.00923665
47880,196116480,7.56593,0.00907741,0,13.5123,0.63659,7.23021,17.0755,36.6255,0.321587,0.00923665
47904,196214784,7.57375,0.0167488,0.00625261,14.2356,0.649688,7.931,17.2852,38.5154,0.291612,0.0091451
47928,196313088,7.57972,0.0375693,0,12.706,0.61093,6.22565,16.7154,35.2285,0.307923,0.00956217
47952,196411392,7.58854,0.0172173,0,13.3356,0.661225,6.81477,16.8373,35.8097,0.287921,0.00911458
47976,196509696,7.5962,0.0223259,0.0118817,13.5803,0.636761,6.78329,16.802,36.6111,0.296889,0.00919596
48000,196608000,7.60198,0,0,14.0286,0.650808,7.15578,17.2375,34.8112,0.298887,0.00879924
48024,196706304,7.61053,0.0123134,0,12.7961,0.613666,5.60115,16.9902,37.3374,0.29979,0.00876872
48048,196804608,7.61891,0.00566725,0,14.5882,0.667,8.56233,17.3898,41.0454,0.301775,0.00905355
48072,196902912,7.62528,0.00938673,0,13.6424,0.688803,7.01427,17.2959,37.8914,0.321944,0.00918579
48096,197001216,7.63271,0.0137956,0,13.1885,0.566446,6.96485,16.9451,34.7672,0.313738,0.0090332
48120,197099520,7.6414,0.0392825,0.0472228,13.809,0.653044,6.69569,17.2904,38.9071,0.33155,0.00888062
48144,197197824,7.64897,0.00354341,0,13.7007,0.59617,7.50726,17.5144,38.3945,0.316876,0.00910441
48168,197296128,7.65741,0.00902799,0,14.9186,0.642953,7.25563,17.3915,38.0214,0.31037,0.00962321
48192,197394432,7.66522,0.0102679,0.0173119,13.7333,0.573018,6.66849,17.3322,36.219,0.307719,0.00970459
48216,197492736,7.67038,0.0193287,0,14.3599,0.603878,7.3957,17.5322,38.9617,0.310577,0.00979614
48240,197591040,7.67478,0.0226131,0,15.2239,0.645953,8.0062,17.6579,40.7426,0.297718,0.00990804
48264,197689344,7.68161,0.00858001,0,13.835,0.622777,6.92417,17.3587,37.0352,0.323009,0.0101318
48288,197787648,7.69052,0.00349127,0,12.8776,0.648411,6.71137,17.4675,36.7203,0.273565,0.00967407
48312,197885952,7.69716,0.0118256,0.00996914,13.1961,0.615306,7.06719,17.5181,38.6876,0.285397,0.00965373
48336,197984256,7.70512,0.012768,0,14.4664,0.633826,7.80573,17.29,39.663,0.321549,0.00986735
48360,198082560,7.71405,0.0284489,0,13.6678,0.664289,7.21432,17.7644,38.6408,0.320126,0.0100098
48384,198180864,7.72103,0.0171309,0.00820056,13.6447,0.659947,7.28258,17.6864,40.114,0.294759,0.0102743
48408,198279168,7.72948,0.0481846,0.0570342,12.8536,0.606019,6.04737,17.3408,35.3045,0.335452,0.0102844
48432,198377472,7.73607,0.0314258,0,14.7071,0.621736,6.9145,17.4272,35.6432,0.305847,0.0102844
48456,198475776,7.74214,0.0168976,0,14.7251,0.631274,8.44433,17.7032,43.5495,0.290633,0.0104879
48480,198574080,7.74967,0.00676552,0,13.3608,0.599987,6.8226,16.9483,34.0071,0.312358,0.0112406
48504,198672384,7.7578,0.0104825,0,14.2615,0.641414,7.87704,17.7531,39.7645,0.301204,0.0113627
48528,198770688,7.76546,0.00365564,0.00762776,13.6246,0.636925,7.10456,17.5375,38.4266,0.293491,0.0114237
48552,198868992,7.77309,0.0136158,0,14.4332,0.615321,7.75946,17.3352,37.7707,0.300188,0.0115662
48576,198967296,7.78153,0.00733445,0,13.8299,0.640007,7.17338,17.3278,40.5986,0.32501,0.0117086
48600,199065600,7.78864,0.0100126,0,13.0188,0.564394,7.21581,17.3156,38.2797,0.301386,0.0118306
48624,199163904,7.79612,0.00809568,0,14.2891,0.649431,8.02745,17.2719,38.4452,0.303166,0.0120138
48648,199262208,7.80544,0.00983291,0,15.9423,0.640474,8.70781,17.2624,38.4987,0.344588,0.0122884
48672,199360512,7.81215,0.0224083,0,13.7217,0.649012,7.37629,17.1308,37.396,0.291474,0.0122579
48696,199458816,7.81883,0.016756,0,13.7304,0.644693,7.35593,17.6389,39.4555,0.311571,0.0127563
48720,199557120,7.82543,0.0255331,0,12.9946,0.60086,6.60077,17.2755,39.4034,0.313287,0.0126953
48744,199655424,7.83279,0.014969,0,14.0073,0.638903,6.97083,17.0081,38.0038,0.303877,0.0126953
48768,199753728,7.8416,0.00498664,0,14.7279,0.613957,8.45588,17.4454,37.6807,0.29966,0.0129903
48792,199852032,7.84956,0.0146417,0,13.7946,0.626995,7.31161,17.2086,38.5172,0.277944,0.0134989
48816,199950336,7.85735,0.00410565,0,14.0472,0.671255,7.40784,17.2507,37.3298,0.31163,0.0138652
48840,200048640,7.86428,0.0076295,0,15.1584,0.600857,8.21298,17.4284,38.145,0.295259,0.0147603
48864,200146944,7.87101,0,0,15.6786,0.634117,8.53821,17.4284,39.4139,0.305796,0.0153402
48888,200245248,7.87681,0.0120983,0,14.5196,0.67242,7.617,17.6303,38.0013,0.303918,0.016154
48912,200343552,7.88406,0.0114267,0,13.651,0.625852,7.01094,17.8471,39.7476,0.280194,0.0162659
48936,200441856,7.89156,0.0217827,0.0101083,13.7225,0.656065,7.25343,17.0576,36.1297,0.315151,0.0158285
48960,200540160,7.89843,0.00919258,0,14.43,0.627849,7.36342,17.0749,39.7222,0.301941,0.0163167
48984,200638464,7.90625,0.00838415,0,14.9719,0.622765,8.3155,17.7646,40.7207,0.306952,0.0164998
49008,200736768,7.91394,0.0110236,0,13.3897,0.621483,6.5831,17.3628,38.1308,0.294954,0.0164591
49032,200835072,7.92114,0.0223828,0,15.3441,0.639963,7.62883,17.5449,38.7923,0.31481,0.0164795
49056,200933376,7.92884,0.00329399,0,14.783,0.701451,7.95664,17.1033,38.7813,0.305063,0.0164998
49080,201031680,7.93622,0.0150805,0,14.523,0.689273,7.34562,17.443,38.7756,0.304078,0.0166728
49104,201129984,7.9419,0.066805,0.0341672,14.473,0.622247,7.88894,16.9959,40.4214,0.290361,0.0170797
49128,201228288,7.94651,0.0216155,0.0123617,14.5436,0.64124,7.11726,17.7159,40.7528,0.305427,0.0169373
49152,201326592,7.95191,0.00632606,0,14.1533,0.60973,7.36514,17.6632,38.9695,0.310121,0.0168355
49176,201424896,7.95921,0.0095802,0,15.141,0.607262,8.53784,18.0262,43.7009,0.293669,0.0165405
49200,201523200,7.96559,0.00300315,0,13.6827,0.61578,6.55261,17.226,34.2832,0.303841,0.0166626
49224,201621504,7.97351,0.0372671,0.0110538,13.5186,0.644368,7.31888,17.6391,40.2816,0.304661,0.0163574
49248,201719808,7.98041,0.0257936,0,13.2586,0.570302,6.56439,17.283,36.6245,0.310779,0.0161235
49272,201818112,7.98727,0.00887311,0,15.686,0.632149,9.12505,17.3501,38.0063,0.306956,0.015625
49296,201916416,7.99494,0.0167223,0,13.6211,0.61515,7.11685,17.3646,38.4502,0.311956,0.0156759
49320,202014720,8.00348,0.00988228,0,13.7294,0.633129,7.29319,17.5688,39.6587,0.309728,0.0156555
49344,202113024,8.01097,0.00464431,0,14.273,0.57961,7.75882,17.3065,37.9126,0.311761,0.0155131
49368,202211328,8.01762,0.0117456,0,14.2075,0.58951,8.07885,17.6741,38.5742,0.282964,0.0155436
49392,202309632,8.0233,0.0145407,0.00559789,15.197,0.603333,8.78204,18.0928,44.6448,0.30377,0.0154012
49416,202407936,8.03099,0.0166389,0,13.8504,0.597567,7.18605,17.4703,37.5398,0.322274,0.0155029
49440,202506240,8.04016,0.00719683,0,14.4377,0.632062,7.85131,17.7911,38.8171,0.303981,0.0154317
49464,202604544,8.04808,0.00577979,0,13.5985,0.599579,7.48973,17.44,38.7219,0.30461,0.0149028
49488,202702848,8.0536,0.00325839,0,14.5126,0.643434,7.90732,17.9833,42.7428,0.299278,0.0142008
49512,202801152,8.05845,0.0129244,0,13.4559,0.577192,7.05375,17.6911,39.5678,0.299666,0.0139262
49536,202899456,8.06386,0,0,14.5272,0.586628,8.22772,18.0436,40.784,0.304108,0.0135498
49560,202997760,8.07003,0.0116099,0,15.3268,0.676598,8.47796,17.9644,38.8964,0.298986,0.0133565
49584,203096064,8.07999,0.0170682,0.00874271,13.3032,0.572283,6.80477,17.8239,38.238,0.306903,0.0127767
49608,203194368,8.0885,0,0,13.3714,0.631452,6.20995,17.5472,36.7545,0.319205,0.0125224
49632,203292672,8.097,0.0163896,0.0201729,14.8013,0.620205,8.08778,18.319,44.1217,0.328168,0.0121765
49656,203390976,8.10388,0.0174616,0,15.2532,0.619722,8.17354,18.0046,40.7827,0.306208,0.0119527
49680,203489280,8.11109,0.0143212,0,14.7209,0.624885,7.93962,17.683,38.6219,0.32141,0.0118917
49704,203587584,8.11741,0.0145744,0,13.777,0.653791,7.37241,17.835,36.6913,0.319867,0.0114339
49728,203685888,8.12354,0.00481127,0,14.0625,0.596582,7.51689,18.0027,38.6364,0.311987,0.0114746
49752,203784192,8.13114,0.0209573,0.0101506,14.0221,0.572559,8.36047,17.6985,39.083,0.314723,0.0114543
49776,203882496,8.1389,0.0161708,0,13.0952,0.612381,6.25588,17.8591,38.6134,0.307245,0.0105591
49800,203980800,8.14574,0.0177784,0,13.6099,0.595359,6.94262,17.8213,39.1894,0.307639,0.0104268
49824,204079104,8.15232,0.0140947,0,13.4093,0.643024,7.27228,18.107,39.2626,0.280739,0.0099589
49848,204177408,8.15794,0.0219782,0,16.3535,0.625663,9.80852,17.8544,43.6289,0.309688,0.0088501
49872,204275712,8.16512,0.00384299,0,12.8029,0.632851,6.20529,17.83,37.8826,0.312939,0.0082194
49896,204374016,8.17363,0.0164136,0,13.6452,0.604824,7.16743,18.1169,39.8248,0.293881,0.00720215
49920,204472320,8.18146,0.0123726,0,15.3001,0.659685,8.74788,17.8371,42.1745,0.302197,0.00736491
49944,204570624,8.18907,0.00484653,0,15.3818,0.615118,8.91962,18.7439,41.4573,0.307715,0.00749715
49968,204668928,8.19649,0.00358634,0,15.1023,0.639405,7.97496,17.9797,41.4976,0.304403,0.00773112
49992,204767232,8.20169,0.0132146,0.00921861,14.3024,0.529334,7.93135,17.8985,40.9557,0.299978,0.00732422
50016,204865536,8.20991,0.0312876,0.0180668,13.7327,0.579833,6.69328,17.393,35.0738,0.308917,0.00731405
50040,204963840,8.21789,0.0287373,0,14.8675,0.623914,7.7047,17.8761,40.9363,0.271313,0.00734456
50064,205062144,8.22515,0.015754,0,14.5501,0.647241,8.29273,18.0214,39.4972,0.31159,0.00745646
50088,205160448,8.23095,0,0,15.6715,0.650508,8.7609,18.4175,44.2364,0.286721,0.00761922
50112,205258752,8.23792,0.0158897,0,14.9288,0.573655,8.49195,18.1414,41.7803,0.305051,0.00756836
50136,205357056,8.24432,0.0279477,0.00820393,15.4287,0.616766,9.41084,18.0536,44.2467,0.310855,0.00759888
50160,205455360,8.25198,0.0063791,0,15.0788,0.613804,7.94819,17.7947,39.8078,0.310313,0.00732422
50184,205553664,8.26091,0.0134665,0,14.7879,0.582082,7.89725,18.0872,44.0228,0.303918,0.00703939
50208,205651968,8.26824,0.0168433,0,14.0674,0.610898,7.479,18.0458,40.0927,0.286932,0.00683594
50232,205750272,8.27285,0.0240473,0,14.9022,0.620261,8.25987,18.3356,40.3012,0.295414,0.00754801
50256,205848576,8.27955,0.0272212,0.0187091,15.2622,0.677323,7.33246,18.1513,42.1771,0.310682,0.0078125
50280,205946880,8.28804,0.0155594,0,13.4461,0.577747,7.19501,17.7909,37.097,0.323547,0.00798543
50304,206045184,8.29456,0.00468855,0,16.6186,0.605555,8.85322,18.1751,42.6914,0.318876,0.00843302
50328,206143488,8.29973,0.015888,0,14.517,0.605447,7.7487,18.112,42.2004,0.306262,0.0086263
50352,206241792,8.30649,0.0400593,0.02192,15.8986,0.634112,9.21084,18.3367,43.2212,0.348566,0.00898234
50376,206340096,8.31331,0,0,15.027,0.61299,8.26796,18.5225,40.3547,0.283713,0.00990804
50400,206438400,8.32112,0.0209175,0,15.5362,0.58002,8.63986,18.1648,42.9769,0.352642,0.0104675
50424,206536704,8.32782,0,0,14.2724,0.654064,7.3953,18.1691,39.3575,0.297275,0.0108846
50448,206635008,8.33652,0.00816374,0,15.3669,0.622193,8.04374,18.0573,40.2075,0.301967,0.011027
50472,206733312,8.34337,0.0101209,0,14.863,0.636846,8.54991,18.025,38.7324,0.28715,0.0112305
50496,206831616,8.34864,0.0285557,0,13.7933,0.614525,7.26693,17.9812,42.3009,0.297755,0.0114543
50520,206929920,8.35466,0.0048951,0,13.9535,0.569869,7.17031,17.7051,42.2382,0.294019,0.0115153
50544,207028224,8.36136,0.0171457,0,14.0951,0.618422,7.75803,18.1883,41.8053,0.295667,0.0119527
50568,207126528,8.36538,0.00586248,0,14.4083,0.592063,8.51257,17.988,41.688,0.300136,0.0123494
50592,207224832,8.37136,0.011363,0,14.0669,0.666608,7.26362,18.1326,37.6486,0.289232,0.0126038
50616,207323136,8.37733,0.0243628,0,13.5244,0.623479,6.87626,17.8375,39.4707,0.311593,0.0128988
50640,207421440,8.38274,0.0397465,0,14.8841,0.603374,8.38929,17.779,45.6824,0.306872,0.0130717
50664,207519744,8.38831,0.0113493,0.012501,13.386,0.62235,6.76248,18.0276,38.3243,0.304229,0.013326
50688,207618048,8.39594,0.0107143,0,15.8536,0.58983,9.50477,18.4374,44.6577,0.339618,0.013387
50712,207716352,8.40245,0.0198064,0,15.1642,0.631031,8.39372,18.3753,46.2496,0.309261,0.0134888
50736,207814656,8.40831,0.0266798,0.0176574,14.6869,0.594563,7.98374,18.0653,40.6793,0.288235,0.0136719
50760,207912960,8.41496,0.0122353,0,14.6171,0.63717,7.47838,18.0357,41.6199,0.295698,0.013916
50784,208011264,8.42114,0,0,14.3353,0.65552,7.68553,17.9939,41.115,0.343518,0.0140483
50808,208109568,8.4274,0.00371136,0,14.7515,0.603285,7.8049,18.1586,41.2969,0.295127,0.0144552
50832,208207872,8.43396,0.0113232,0,14.221,0.565441,7.67588,17.7943,39.6619,0.316167,0.0146179
50856,208306176,8.44062,0.0415719,0,14.9391,0.588493,8.67279,17.9738,40.8528,0.31103,0.0147807
50880,208404480,8.44802,0.00944839,0,15.8212,0.633505,8.33929,18.3728,42.5827,0.306166,0.0148926
50904,208502784,8.45296,0.00888607,0,16.5513,0.63534,10.3066,18.6668,45.5491,0.31979,0.0153198
50928,208601088,8.45943,0.0051252,0,14.5059,0.602775,7.86467,18.2101,40.4913,0.303791,0.0149333
50952,208699392,8.46486,0.0178754,0,14.5435,0.576804,7.93707,18.2864,42.3223,0.311188,0.0144857
50976,208797696,8.46958,0.00964559,0,16.1668,0.586829,7.48373,18.6843,43.9081,0.298665,0.0145162
51000,208896000,8.47629,0.0130736,0,14.8488,0.605694,7.74119,17.9583,37.9721,0.297993,0.0151367
51024,208994304,8.48255,0.0262537,0,14.8673,0.561242,8.57526,18.0182,45.0913,0.330336,0.0150248
51048,209092608,8.4894,0.0348114,0,14.5217,0.582075,7.52398,17.9777,42.8082,0.294531,0.0148417
51072,209190912,8.49415,0.0141581,0,14.3022,0.588084,7.62045,18.1276,39.9346,0.321721,0.0147807
51096,209289216,8.49917,0.00904377,0,16.8049,0.644224,9.64766,17.9688,43.3787,0.304001,0.0151367
51120,209387520,8.50363,0,0,13.473,0.560479,6.78953,18.1898,42.3485,0.318417,0.0152588
51144,209485824,8.50871,0.0237664,0.0257132,13.6102,0.582731,7.48343,18.0475,41.8332,0.294189,0.0151367
51168,209584128,8.51609,0.0348432,0,14.1385,0.573928,7.28533,18.0633,41.1206,0.311125,0.0151367
51192,209682432,8.52423,0.00869729,0.00445278,15.4302,0.600317,8.82964,18.166,43.2173,0.320545,0.0152893
51216,209780736,8.53047,0.0131677,0,16.6399,0.589713,9.14219,18.4706,46.5867,0.287066,0.0155334
51240,209879040,8.53377,0.0122888,0,14.2092,0.588245,7.82885,18.0898,40.8802,0.324324,0.0154012
51264,209977344,8.53927,0.0111057,0,13.8411,0.572647,7.68964,17.3685,39.9212,0.324855,0.0158691
51288,210075648,8.54459,0.0130857,0,14.3289,0.583726,8.26679,18.5396,44.0098,0.308339,0.0155029
51312,210173952,8.55087,0.0107828,0,15.1414,0.599129,8.66051,17.8064,42.6428,0.321843,0.0147909
51336,210272256,8.55859,0.0250298,0.0080908,15.4382,0.596123,9.19707,18.3182,43.3401,0.322529,0.0148112
51360,210370560,8.56575,0.0273331,0,15.531,0.644338,8.88955,17.9822,45.3452,0.304302,0.0144552
51384,210468864,8.57231,0.0306375,0,14.5049,0.621387,8.02625,17.7293,38.9464,0.310844,0.0140177
51408,210567168,8.57951,0.0127152,0.00685518,13.983,0.584297,7.70109,17.9096,39.6629,0.317031,0.0136108
51432,210665472,8.58595,0.0359375,0.00878735,14.3697,0.601166,8.09375,17.8102,39.4566,0.311939,0.0132446
51456,210763776,8.59106,0.0033687,0,15.1089,0.591599,8.84106,18.3289,45.6076,0.311323,0.0131836
51480,210862080,8.59783,0.042874,0,14.6935,0.596281,8.25628,17.8142,40.9692,0.309654,0.0131226
51504,210960384,8.60469,0.00420168,0,15.0658,0.614562,9.05539,18.1398,41.4326,0.293577,0.0128377
51528,211058688,8.61104,0.0179317,0.0121335,15.6135,0.619341,9.70168,18.6613,48.3102,0.314668,0.0127869
51552,211156992,8.61649,0.0166375,0,14.7541,0.574982,8.46796,18.2096,41.5777,0.310092,0.0123291
51576,211255296,8.62168,0.0326339,0.0148496,14.2852,0.639996,7.85018,18.1894,41.4156,0.291979,0.012146
51600,211353600,8.62737,0.0214439,0,14.2119,0.570113,7.93288,18.223,42.7718,0.298574,0.0121765
51624,211451904,8.63344,0.0284954,0.0174764,14.5615,0.617655,8.20271,18.1587,43.5305,0.303032,0.012207
51648,211550208,8.6399,0.0123571,0,16.4963,0.629993,9.32899,18.0674,44.1369,0.330487,0.0122375
51672,211648512,8.64435,0.0197636,0.0127966,12.7371,0.536245,6.01947,17.8666,38.0029,0.289937,0.0121969
51696,211746816,8.65094,0.00801291,0.0100346,13.8648,0.592529,7.57244,18.374,41.9191,0.316334,0.0124105
51720,211845120,8.65594,0,0,14.8502,0.581981,8.43634,17.9801,39.1378,0.298904,0.0120239
51744,211943424,8.66286,0.0195476,0,14.7515,0.611607,8.52957,18.3662,43.2313,0.306334,0.0118815
51768,212041728,8.66584,0.0191187,0.0117005,13.2311,0.599535,6.4047,17.7635,39.1623,0.318925,0.0118917
51792,212140032,8.66953,0.00769442,0,13.5496,0.554554,7.46081,18.4411,40.8034,0.31691,0.0115356
51816,212238336,8.67575,0.0191345,0,15.1829,0.631687,7.43281,18.081,40.1057,0.290808,0.0109863
51840,212336640,8.68198,0.0143894,0.0167081,14.5638,0.610592,8.01028,18.5242,41.7922,0.300947,0.0106099
51864,212434944,8.68789,0.0114895,0,15.5406,0.606288,8.48775,18.534,44.2832,0.326919,0.0107625
51888,212533248,8.69497,0.0156204,0,15.7644,0.561,9.23314,18.8125,42.8118,0.310551,0.0105896
51912,212631552,8.69851,0,0,14.9156,0.587701,8.37417,18.5329,42.8732,0.288798,0.0102539
51936,212729856,8.70585,0.00990519,0.0132739,14.7914,0.610571,7.74338,18.5224,41.2009,0.275912,0.0103048
51960,212828160,8.70979,0.0258937,0.00835405,16.1253,0.594753,9.65036,18.7624,44.4601,0.310787,0.0102132
51984,212926464,8.7144,0.0475094,0.00467836,16.4629,0.601667,10.5047,19.196,46.8971,0.291542,0.00975545
52008,213024768,8.71911,0.00709094,0,14.7461,0.593614,8.05789,18.8026,42.3802,0.30768,0.00980632
52032,213123072,8.72509,0.0352982,0,13.8069,0.550575,6.98129,18.0312,39.6247,0.309601,0.00959269
52056,213221376,8.73095,0.00341822,0,14.1463,0.592595,8.34049,18.7436,42.8266,0.283654,0.00923665
52080,213319680,8.73724,0.0175076,0,15.4199,0.595519,8.76185,19.0554,43.3008,0.309406,0.00883992
52104,213417984,8.74179,0.0765907,0.00707881,12.0311,0.58836,5.71434,18.0826,38.1623,0.290344,0.00850423
52128,213516288,8.74666,0.0194123,0,15.8278,0.59958,9.306,18.8516,44.2334,0.317928,0.00818888
52152,213614592,8.75266,0.0146746,0,14.5375,0.560896,8.10809,19.2511,43.6735,0.32364,0.00805664
52176,213712896,8.75773,0.0239773,0,16.0899,0.598052,9.78344,19.1186,44.8106,0.328766,0.00805664
52200,213811200,8.76364,0.0158278,0,14.7969,0.573998,7.8552,19.0068,45.2548,0.294874,0.0080363
52224,213909504,8.77062,0.00894745,0,14.8807,0.6237,8.20872,19.2584,43.7565,0.304402,0.00826009
52248,214007808,8.7758,0.028805,0,14.2192,0.551275,7.85069,19.0997,42.0713,0.303837,0.00768026
52272,214106112,8.78047,0.00942573,0,15.8119,0.566734,9.31081,18.663,46.8556,0.320148,0.00732422
52296,214204416,8.78609,0.0120783,0.00793913,15.6052,0.589293,8.45437,19.313,47.3339,0.310824,0.00732422
52320,214302720,8.79158,0.00332189,0,14.0034,0.574236,7.55082,18.9961,42.6484,0.297078,0.00743612
52344,214401024,8.79602,0.0344131,0,14.7939,0.600204,8.45576,18.7159,42.4719,0.307916,0.0071106
52368,214499328,8.80351,0.0157911,0.00919792,14.9634,0.568049,8.1678,18.7203,42.4829,0.285395,0.00660197
52392,214597632,8.80948,0.0307346,0,14.6489,0.563138,8.76858,19.3532,47.3479,0.306769,0.00620524
52416,214695936,8.81649,0.0186962,0,12.3014,0.528303,6.1826,18.8822,39.3935,0.317354,0.00588989
52440,214794240,8.82207,0.0328535,0,15.0707,0.565657,7.40604,18.6613,40.3933,0.313934,0.00619507
52464,214892544,8.8275,0.0285446,0.0166625,16.0726,0.608981,9.33123,19.0567,45.7786,0.312594,0.00614421
52488,214990848,8.83226,0.016939,0,14.3161,0.608699,7.92272,19.1303,41.0405,0.304417,0.00610352
52512,215089152,8.83835,0.0209352,0,15.955,0.629926,8.85773,19.2128,44.0737,0.302647,0.00619507
52536,215187456,8.84395,0.0382942,0.0142152,14.856,0.555168,8.25623,19.3685,45.7653,0.329143,0.00669352
52560,215285760,8.84923,0.0347716,0,17.37,0.576776,9.58763,19.5885,43.4563,0.287686,0.00728353
52584,215384064,8.85493,0.0109493,0,13.9137,0.585017,7.75335,19.1877,41.7121,0.310528,0.00728353
52608,215482368,8.85922,0.0131184,0,16.0861,0.597262,9.32708,19.3375,42.4365,0.289349,0.0077006
52632,215580672,8.86311,0.0232633,0,14.1673,0.576738,7.46333,19.0889,44.9292,0.301742,0.00801595
52656,215678976,8.8687,0.0229005,0,15.2657,0.577048,8.81377,19.4374,44.663,0.314232,0.00806681
52680,215777280,8.87458,0.027766,0,15.2384,0.563116,8.3217,19.2262,41.9581,0.321018,0.00806681
52704,215875584,8.87999,0.0627463,0,14.6989,0.606081,7.89151,19.7326,44.6544,0.323572,0.00819906
52728,215973888,8.88234,0.0414553,0.00777173,15.6923,0.631067,8.80664,19.7821,43.5927,0.293404,0.00876872
52752,216072192,8.88683,0.0151275,0,16.0037,0.614666,9.60828,19.2417,41.5789,0.320932,0.00934855
52776,216170496,8.89119,0.0262181,0,14.4879,0.534545,8.20697,19.2741,39.9726,0.299058,0.00946045
52800,216268800,8.89513,0.042314,0,14.3595,0.596483,7.89632,19.4538,45.4795,0.313304,0.00952148
52824,216367104,8.90141,0.00760291,0.00680735,15.5866,0.594489,9.13081,19.715,45.7507,0.302439,0.00961304
52848,216465408,8.90738,0.0219751,0,15.8071,0.622057,9.07492,19.5999,44.2595,0.333485,0.00985718
52872,216563712,8.91469,0.0285926,0,15.362,0.637659,8.79194,19.3855,39.9305,0.293551,0.00975545
52896,216662016,8.91914,0.0260163,0,15.8113,0.596441,8.9466,19.8627,44.4483,0.306192,0.0100606
52920,216760320,8.92311,0.0197585,0,15.9153,0.554958,8.8532,19.6076,45.8259,0.31862,0.0108439
52944,216858624,8.92847,0.0171729,0.0119713,14.8666,0.591265,8.16026,19.6443,45.5387,0.320499,0.0110474
52968,216956928,8.9344,0.0353142,0.0464782,15.1287,0.571119,8.2108,19.6442,42.774,0.314621,0.0115356
52992,217055232,8.9396,0.00358038,0,16.1918,0.58708,9.04723,19.5882,45.3141,0.306883,0.0115662
53016,217153536,8.94274,0.0147805,0,14.6801,0.568637,7.91746,19.8676,43.6341,0.304633,0.0113627
53040,217251840,8.94772,0.0211044,0.00986008,15.4389,0.545557,9.31051,20.1233,44.9721,0.29707,0.0115967
53064,217350144,8.95172,0.01428,0,15.229,0.601864,9.14145,19.7967,41.7908,0.335694,0.0120646
53088,217448448,8.95721,0.025604,0,13.9296,0.601596,8.04889,19.5147,44.3094,0.324608,0.012085
53112,217546752,8.96146,0.00779532,0,14.7125,0.579178,8.47789,20.2301,51.1772,0.313275,0.0120951
53136,217645056,8.96678,0.0260454,0,15.4541,0.61843,8.98571,19.9951,46.1187,0.314796,0.0130615
53160,217743360,8.96998,0.025504,0,15.1681,0.593525,7.68293,19.7454,45.1993,0.304091,0.0139872
53184,217841664,8.97447,0.0220336,0,15.0517,0.572751,8.34825,19.9329,47.5227,0.306757,0.014211
53208,217939968,8.98001,0.0186102,0,14.7166,0.558255,8.04413,19.7926,43.4902,0.319907,0.0139974
53232,218038272,8.9859,0.0163866,0,15.4774,0.591126,9.61769,20.143,46.3701,0.308611,0.0139974
53256,218136576,8.98993,0.0337454,0.0192926,15.9693,0.637756,9.15568,19.9995,47.5145,0.30908,0.0141602
53280,218234880,8.99555,0.0204694,0,15.3821,0.587973,8.48453,20.2365,47.4243,0.315384,0.0143738
53304,218333184,9.00191,0.0459611,0,14.472,0.553924,8.11069,19.6804,42.7577,0.317604,0.0144043
53328,218431488,9.00838,0.0275529,0.0143342,15.5419,0.639002,8.46377,19.8386,44.7188,0.31676,0.0141805
53352,218529792,9.01274,0.0429935,0,14.6535,0.559359,7.90336,19.3042,41.9646,0.310029,0.0141602
53376,218628096,9.0163,0.0149334,0,13.9806,0.541093,8.02822,19.427,40.4745,0.292973,0.0146077
53400,218726400,9.01776,0.0174795,0,13.8957,0.554055,8.1696,19.8688,43.4632,0.295131,0.015686
53424,218824704,9.01998,0.0263744,0,15.4085,0.57356,9.06112,19.9471,45.6412,0.312475,0.0163574
53448,218923008,9.02253,0.0152964,0.00545256,15.0894,0.557533,7.79435,19.7004,43.6246,0.308046,0.0163676
53472,219021312,9.02725,0.0232707,0,15.1792,0.611162,8.93161,19.8845,45.4468,0.297343,0.0164591
53496,219119616,9.03245,0.0101466,0,14.9708,0.564091,8.03022,19.7082,43.0768,0.293575,0.0166016
53520,219217920,9.03799,0.0198801,0,14.5259,0.591493,8.15993,20.0959,44.2032,0.30781,0.0165304
53544,219316224,9.04264,0.0227408,0,15.3364,0.570258,8.89907,19.6765,43.7932,0.305935,0.0162964
53568,219414528,9.0463,0.0216615,0,15.9703,0.590339,8.80691,19.9691,44.411,0.294233,0.0161845
53592,219512832,9.05067,0.0209924,0.00679612,16.4989,0.586815,9.34806,20.2471,47.1844,0.311194,0.0165914
53616,219611136,9.05356,0.0299099,0,14.7533,0.559905,8.11121,19.8229,42.2578,0.293672,0.0169373
53640,219709440,9.05895,0.0704402,0.00595189,16.6298,0.601486,10.1298,19.7499,46.6253,0.313181,0.0171204
53664,219807744,9.06424,0.0221284,0.00498921,13.7424,0.556892,7.36718,19.7438,44.9242,0.306352,0.0169373
53688,219906048,9.06783,0.0127557,0,15.3173,0.593501,8.92481,19.8687,42.2809,0.319239,0.0174255
53712,220004352,9.07225,0.0182474,0,15.7603,0.571316,9.00532,19.913,45.0692,0.318275,0.0173747
53736,220102656,9.07701,0.027387,0,15.6723,0.604956,9.96913,19.9782,45.1623,0.32035,0.0169373
53760,220200960,9.08168,0.0433121,0.019944,15.4082,0.587349,8.87965,19.9815,47.3221,0.30926,0.0168762
53784,220299264,9.0855,0.0180078,0,16.5279,0.600881,9.72199,20.0329,44.6945,0.307941,0.0166423
53808,220397568,9.09057,0.012214,0.00638978,16.6798,0.619224,10.3378,19.7642,45.5333,0.304743,0.0171305
53832,220495872,9.09475,0.0249549,0.00559754,16.1742,0.627035,8.56046,19.9518,42.1286,0.308001,0.0172323
53856,220594176,9.09795,0.0495655,0.0526175,16.5024,0.588986,9.61508,19.9308,46.5656,0.295315,0.0172628
53880,220692480,9.10333,0.0100012,0,15.3246,0.615534,8.73239,19.8236,42.121,0.294459,0.0175476
53904,220790784,9.10853,0.0207905,0,18.0853,0.58346,11.5513,20.2827,50.3963,0.305282,0.0167948
53928,220889088,9.11276,0.00789474,0.00962685,15.5328,0.604939,8.8869,19.8309,45.7081,0.306703,0.0162862
53952,220987392,9.118,0.0120144,0.00573998,14.4834,0.627602,8.03818,19.876,44.0541,0.307515,0.0163778
53976,221085696,9.12083,0.0573221,0.00583289,14.7156,0.517795,8.44988,19.5491,45.807,0.300712,0.0160828
54000,221184000,9.12459,0.0140558,0.0177238,15.2366,0.601584,8.30918,19.4267,41.7113,0.315908,0.0162659
54024,221282304,9.12772,0.0455771,0.0448263,14.4979,0.554811,7.94992,19.489,43.611,0.295038,0.016449
54048,221380608,9.13283,0.0136745,0,15.8019,0.587261,9.97249,19.1971,43.3272,0.308507,0.0163778
54072,221478912,9.13895,0.0127877,0.00662314,18.0389,0.598661,11.6986,20.0903,52.7271,0.330585,0.0160726
54096,221577216,9.14394,0.0265383,0,16.2114,0.599521,9.6453,19.4671,47.3695,0.305134,0.0160522
54120,221675520,9.14695,0.0206352,0.00907824,14.4856,0.586539,8.51155,19.9434,45.7362,0.311685,0.0162659
54144,221773824,9.15246,0.0212518,0.012517,14.3284,0.598243,7.37248,19.4651,42.5746,0.32421,0.0154215
54168,221872128,9.15944,0.0137337,0,14.4863,0.580757,7.58965,19.513,43.683,0.320865,0.0146484
54192,221970432,9.16231,0.00972813,0,15.8405,0.580651,8.9427,19.7075,42.7936,0.310327,0.0148315
54216,222068736,9.16536,0.015236,0.00754717,14.8051,0.566566,8.73302,19.3376,41.6441,0.300788,0.0148214
54240,222167040,9.17058,0.0455969,0,15.4301,0.596688,9.44704,19.5073,44.0978,0.292772,0.0151774
54264,222265344,9.17726,0.0344567,0,13.1118,0.538782,6.77676,19.4681,41.8463,0.319448,0.01533
54288,222363648,9.18162,0.0424012,0,15.146,0.593512,8.54286,20.1913,46.9664,0.299704,0.0151367
54312,222461952,9.18536,0.0400705,0,17.5856,0.60641,10.7053,20.1336,52.004,0.300039,0.0154826
54336,222560256,9.19014,0.0245158,0,13.6179,0.543209,7.23684,19.7677,45.0895,0.30664,0.0160014
54360,222658560,9.19495,0.0342413,0.02056,14.7245,0.567117,8.7553,19.5499,43.9926,0.323554,0.0161641
54384,222756864,9.19829,0.023641,0,15.069,0.564837,8.541,19.7159,43.823,0.291807,0.015686
54408,222855168,9.20269,0.00201015,0,14.3812,0.57793,8.15139,19.9661,46.7411,0.315061,0.0154012
54432,222953472,9.20801,0.0319853,0,16.5382,0.652328,9.91163,19.9679,47.8048,0.337787,0.014974
54456,223051776,9.21184,0.0160559,0,15.7319,0.597491,8.96217,19.6735,44.0351,0.305181,0.0151367
54480,223150080,9.21611,0.0147929,0,13.8696,0.541394,7.8273,19.5214,43.292,0.29698,0.0151062
54504,223248384,9.21996,0.0240642,0,16.9817,0.628651,9.90564,19.8528,48.6819,0.303807,0.0152079
54528,223346688,9.22448,0.0277872,0,14.6693,0.612615,8.29038,19.6465,43.7096,0.3212,0.0148926
54552,223444992,9.22701,0.0136453,0.00623025,16.7086,0.590032,9.95734,19.8535,47.5246,0.307653,0.0150859
54576,223543296,9.23145,0.0404786,0.0071508,13.7531,0.567022,7.96756,19.6813,47.3859,0.292534,0.0149536
54600,223641600,9.23744,0.030537,0,16.9366,0.593532,11.4879,20.0608,49.2757,0.291132,0.0145976
54624,223739904,9.24121,0.0329142,0,15.2754,0.584591,8.63839,19.4417,43.107,0.332085,0.0139771
54648,223838208,9.2455,0.0159277,0,15.7821,0.574312,8.78276,19.7553,45.4985,0.297883,0.0136922
54672,223936512,9.25099,0.0101654,0,14.4375,0.640903,8.36014,19.8961,41.2514,0.318127,0.0135905
54696,224034816,9.25706,0.0172991,0,15.0914,0.592088,9.07667,19.8456,46.2387,0.298045,0.0129801
54720,224133120,9.26022,0.0140157,0,15.6529,0.64546,8.93177,19.8524,46.0075,0.298075,0.0130717
54744,224231424,9.26534,0.0494746,0,14.6484,0.551234,8.33175,19.601,43.098,0.314855,0.0131327
54768,224329728,9.27001,0.0308257,0.00904393,14.8237,0.564388,8.73487,19.6059,45.4438,0.326878,0.0130208
54792,224428032,9.27439,0.0261607,0,16.2915,0.64195,10.0794,19.613,44.8369,0.316142,0.0132243
54816,224526336,9.27724,0.0195696,0,16.4402,0.643343,10.5827,19.7483,47.2675,0.312631,0.0130005
54840,224624640,9.28111,0.0267579,0.0229913,14.7741,0.590119,8.59734,19.4296,45.2511,0.303148,0.0130819
54864,224722944,9.2837,0.00978109,0,15.5372,0.543805,7.97494,18.8664,41.1435,0.310908,0.0127157
54888,224821248,9.28713,0.00415702,0,16.0653,0.563594,9.08315,19.924,49.535,0.319921,0.0125834
54912,224919552,9.28937,0.0422751,0.0215761,16.7351,0.592974,10.361,19.5019,44.4673,0.300951,0.0125631
54936,225017856,9.293,0.0298279,0,15.9056,0.591145,9.23554,19.6724,46.7691,0.290981,0.0126241
54960,225116160,9.2959,0.0213773,0.00782633,15.7785,0.62427,9.71492,19.9862,47.662,0.296706,0.0127157
54984,225214464,9.29776,0,0,13.8812,0.570711,7.48679,19.6816,45.1178,0.288211,0.0126241
55008,225312768,9.2989,0.0214049,0.013169,16.7302,0.614113,10.3352,19.9208,49.4131,0.301114,0.0121969
55032,225411072,9.30271,0.0125786,0.0071048,16.0687,0.598458,9.33563,19.5692,41.0923,0.312182,0.0118917
55056,225509376,9.30608,0.0150959,0,16.6055,0.65461,9.80108,19.7941,50.1898,0.307348,0.012085
55080,225607680,9.30846,0.0399978,0.0406898,15.1754,0.602461,9.18124,19.8989,46.1204,0.30547,0.0119527
55104,225705984,9.31097,0.022508,0,17.6663,0.627265,11.8161,20.1241,52.6623,0.28335,0.0115458
55128,225804288,9.31337,0.00242942,0,17.4495,0.613596,10.6044,20.0526,47.2384,0.307636,0.0111186
55152,225902592,9.31701,0.0188575,0.00844187,15.3838,0.57053,8.38955,19.8486,49.2936,0.311533,0.0112
55176,226000896,9.32109,0.0217645,0,16.1446,0.608296,9.29123,19.3548,45.4857,0.311185,0.011322
55200,226099200,9.32439,0.0311873,0,16.5201,0.584853,10.2666,19.9617,47.7846,0.311017,0.0110881
55224,226197504,9.32629,0.015338,0.00526448,16.7033,0.63478,10.1165,19.3491,46.14,0.308073,0.0108134
55248,226295808,9.32852,0.0305829,0,16.0009,0.572726,9.05761,19.3905,43.7373,0.306992,0.0102437
55272,226394112,9.33016,0.0239234,0,14.6375,0.54751,8.45304,19.4896,46.5013,0.304055,0.0102844
55296,226492416,9.33107,0.0176947,0.00468996,17.1826,0.590682,10.5298,19.7917,49.5496,0.306617,0.0107524
55320,226590720,9.33347,0.00653086,0.00554401,15.6445,0.59385,9.08577,19.6328,44.844,0.315085,0.0105286
55344,226689024,9.33701,0.0170408,0,16.7239,0.604813,10.5764,19.9754,50.1062,0.332292,0.0104167
55368,226787328,9.34078,0.0238295,0,14.2939,0.555289,8.07328,19.7375,43.6907,0.309547,0.0103556
55392,226885632,9.34512,0.0222204,0,15.7306,0.547789,9.67422,19.7995,47.623,0.310494,0.0100199
55416,226983936,9.34858,0.00369335,0,16.0487,0.648052,9.49693,19.8033,43.7682,0.297192,0.00971476
55440,227082240,9.35097,0.0204638,0,15.751,0.602387,9.48825,19.9363,49.5164,0.296107,0.00954183
55464,227180544,9.35403,0.00922604,0,15.8119,0.578267,8.83625,19.5405,43.8579,0.310963,0.00937907
55488,227278848,9.35886,0.0149514,0,15.4287,0.600417,8.99016,19.6008,44.8371,0.327833,0.0097758
55512,227377152,9.36345,0.0210396,0.0115499,15.7741,0.605125,9.95,19.8251,46.2607,0.291002,0.0100098
55536,227475456,9.36735,0.0221709,0,15.7357,0.584304,9.05354,19.9191,48.0801,0.303178,0.0104268
55560,227573760,9.37081,0.0201571,0,15.6944,0.591522,8.82729,19.9502,47.1536,0.287637,0.010376
55584,227672064,9.37322,0.0131893,0,15.3163,0.590004,9.21614,19.835,45.5828,0.317737,0.0105591
55608,227770368,9.37689,0.0324172,0.00867052,15.8597,0.558612,9.59873,19.7474,43.9319,0.291172,0.0102234
55632,227868672,9.37875,0.0179308,0,16.014,0.598728,9.34354,19.7816,45.0409,0.310857,0.0105387
55656,227966976,9.38229,0.0325877,0.00824473,15.3365,0.57002,9.02736,19.9086,48.6086,0.300615,0.0107015
55680,228065280,9.38646,0.0411279,0,16.3611,0.589071,10.3627,20.0585,47.6674,0.309864,0.0106506
55704,228163584,9.38888,0.0543718,0,16.0187,0.569996,9.32883,19.8765,46.5387,0.292702,0.0107422
55728,228261888,9.39075,0.0125764,0,14.0555,0.572098,7.7599,19.6978,45.9536,0.289221,0.0104777
55752,228360192,9.39334,0.00572878,0,15.0353,0.536933,9.04827,20.0859,46.5325,0.282532,0.0102539
55776,228458496,9.39697,0.0271147,0.00998763,15.084,0.558855,8.54973,19.9935,47.3584,0.292558,0.0100098
55800,228556800,9.40053,0.0215348,0.0205479,17.6499,0.628373,11.8946,20.2894,51.3616,0.316327,0.00976562
55824,228655104,9.40248,0.0330313,0.0128566,15.8858,0.584331,9.89995,20.4275,48.4427,0.324716,0.00941976
55848,228753408,9.40596,0.0110505,0.00710552,14.6568,0.579344,8.10665,19.5109,40.5543,0.295009,0.00945028
55872,228851712,9.4093,0.0137053,0,17.293,0.599902,11.0172,20.0179,47.1749,0.322465,0.00969442
55896,228950016,9.41192,0.0145501,0,16.8641,0.598283,9.91246,20.0923,48.1172,0.321389,0.00956217
55920,229048320,9.41366,0.0216073,0,18.0115,0.613147,12.4496,20.7785,50.6593,0.296203,0.00983683
55944,229146624,9.41604,0.0101376,0,15.0444,0.584888,8.76372,19.9553,43.2303,0.307453,0.00973511
55968,229244928,9.41874,0.0171019,0,16.0596,0.611921,10.1434,20.068,46.4062,0.308526,0.00941976
55992,229343232,9.42061,0,0,15.2299,0.54062,8.95674,19.8814,45.6264,0.307132,0.00927734
56016,229441536,9.42459,0.0132908,0.00458095,17.0756,0.607679,10.4798,20.4818,50.5285,0.307681,0.00937907
56040,229539840,9.43009,0.0134519,0,16.759,0.616041,10.4749,20.1073,48.9765,0.284377,0.00927734
56064,229638144,9.43252,0.0328812,0.00894045,15.3209,0.575215,8.82561,19.8664,42.897,0.287018,0.0090332
56088,229736448,9.43633,0.0239676,0.0231348,18.0878,0.615705,11.6023,20.4539,51.7808,0.313447,0.00918579
56112,229834752,9.43945,0.034551,0.00893858,16.5928,0.552736,10.0391,20.3984,50.5762,0.303686,0.00967407
56136,229933056,9.44424,0.0123533,0,16.4756,0.666376,9.82989,20.3017,46.6201,0.297494,0.0102437
56160,230031360,9.44885,0,0,16.2993,0.596856,9.77929,20.0409,44.4431,0.290966,0.0102437
56184,230129664,9.45048,0.0512281,0.0270373,17.4514,0.622398,11.3026,20.5299,50.9219,0.300387,0.0102132
56208,230227968,9.45302,0.0220224,0,16.9118,0.575545,10.383,20.3221,49.6124,0.309948,0.0103658
56232,230326272,9.45692,0.0393649,0,14.6872,0.61138,8.68497,20.2139,45.9173,0.304607,0.0105896
56256,230424576,9.45836,0.00413907,0,13.6428,0.543583,7.31948,19.8512,42.331,0.31316,0.0105896
56280,230522880,9.46087,0.0113382,0,15.4262,0.594978,8.65275,20.3104,45.681,0.325313,0.0103556
56304,230621184,9.46296,0.0354835,0.00785267,15.0856,0.581,9.0096,20.5358,50.5741,0.303895,0.0101115
56328,230719488,9.46447,0,0,17.068,0.575452,11.454,20.4942,48.5875,0.294972,0.0101318
56352,230817792,9.46716,0.028229,0,15.7045,0.582454,8.53743,20.2096,48.6941,0.294325,0.0100403
56376,230916096,9.46779,0.00956189,0,14.3627,0.561431,7.83089,20.4611,44.7769,0.291031,0.0102641
56400,231014400,9.47054,0.0212612,0.0100477,15.8771,0.60377,9.99873,20.1952,47.9018,0.297477,0.010498
56424,231112704,9.47287,0.0241179,0,14.235,0.625159,8.99115,20.1962,45.4822,0.314714,0.010376
56448,231211008,9.47661,0.0113474,0,15.0141,0.603126,8.63346,20.1937,46.1485,0.32133,0.010498
56472,231309312,9.47951,0.0095964,0.00772883,13.9677,0.558281,7.52319,19.8766,43.0442,0.295171,0.0100606
56496,231407616,9.48238,0.00327419,0,15.5527,0.581343,9.59509,20.4974,46.0745,0.291373,0.00927734
56520,231505920,9.4846,0.0109474,0,14.7174,0.575552,8.35188,20.2833,45.0918,0.280998,0.00935872
56544,231604224,9.48745,0.0317676,0,15.5523,0.59544,9.15914,20.2842,46.384,0.322808,0.00948079
56568,231702528,9.49045,0.0100332,0.00979386,15.4483,0.610981,8.84129,20.4828,49.2808,0.308733,0.00978597
56592,231800832,9.49367,0.0339872,0.0241498,15.7056,0.558208,9.47792,20.5538,49.0299,0.306704,0.0101624
56616,231899136,9.49629,0.0285048,0.0070028,16.0589,0.614727,9.51675,20.4381,46.4947,0.30837,0.0101522
56640,231997440,9.49923,0.0287078,0.0179666,17.6641,0.602241,11.7221,20.1723,48.8725,0.315697,0.00978597
56664,232095744,9.50219,0.0223544,0,15.9678,0.593102,9.87073,20.6551,48.4601,0.285893,0.00980632
56688,232194048,9.50564,0.0113917,0.0035226,15.4923,0.570999,8.87379,20.6568,48.495,0.299394,0.00996908
56712,232292352,9.50823,0.0141128,0,16.8349,0.604346,10.0336,20.5708,49.113,0.299198,0.00996908
56736,232390656,9.51124,0.0198297,0,16.0785,0.585511,9.24327,20.5153,49.0752,0.309596,0.0100098
56760,232488960,9.51429,0.0100112,0.00475199,16.5247,0.63637,9.84386,20.5485,51.91,0.286375,0.0100098
56784,232587264,9.51648,0.0670521,0.00623386,17.005,0.631011,10.3158,20.7518,50.3762,0.325646,0.0103658
56808,232685568,9.51839,0.041315,0,16.2993,0.582389,10.0643,20.3029,47.7466,0.29415,0.0107422
56832,232783872,9.52113,0.01455,0.00590651,15.4163,0.566553,9.2274,20.727,47.4928,0.288021,0.0107727
56856,232882176,9.52279,0.027221,0.0065887,15.3344,0.578777,8.85569,20.4593,49.4532,0.299143,0.010732
56880,232980480,9.52664,0.029084,0,16.6976,0.618812,10.0845,20.6352,47.8473,0.306427,0.0108337
56904,233078784,9.53122,0.0167974,0,15.1561,0.588204,9.0277,20.643,46.3879,0.309706,0.0106201
56928,233177088,9.53381,0.0317363,0.0289911,15.0105,0.62057,8.62248,20.4374,46.387,0.298481,0.0102844
56952,233275392,9.53574,0.0256596,0.02104,15.4007,0.620965,9.12886,20.4873,50.3272,0.315872,0.0100098
56976,233373696,9.53781,0.0331872,0,16.2269,0.578726,9.52076,20.2228,44.5981,0.332986,0.0106812
57000,233472000,9.54035,0,0,14.5263,0.586422,8.59993,20.7433,47.9335,0.313025,0.0114237
57024,233570304,9.54218,0.00854179,0,14.6851,0.578687,8.41032,20.2641,43.7718,0.303097,0.0113932
57048,233668608,9.54411,0.0290075,0.00960351,15.2008,0.571293,8.93878,20.4488,47.4063,0.308652,0.0118612
57072,233766912,9.54535,0.0200464,0,14.7574,0.604402,8.05351,20.2549,47.8785,0.315286,0.0120544
57096,233865216,9.54696,0.00280729,0,15.6458,0.612485,8.683,20.4886,48.5116,0.301897,0.0119019
57120,233963520,9.54871,0.0514453,0.010382,15.8329,0.609478,9.16095,20.3496,45.6106,0.298861,0.0118408
57144,234061824,9.55142,0.0353801,0,14.627,0.594395,7.59155,20.4064,46.1932,0.317408,0.0114848
57168,234160128,9.55382,0.0111799,0.0164281,17.9384,0.613236,10.5495,20.8734,52.0007,0.313499,0.0117594
57192,234258432,9.55595,0.0190492,0.00742804,15.4846,0.581413,9.12422,20.5646,48.6296,0.303566,0.012146
57216,234356736,9.55733,0.00365408,0,17.2783,0.580478,11.1033,20.2942,48.8694,0.324939,0.0123393
57240,234455040,9.55886,0.0205552,0.0283169,16.5704,0.588025,9.60156,20.5176,48.8643,0.303293,0.012736
57264,234553344,9.55909,0.00667891,0,15.9446,0.60249,9.19427,20.6469,49.3953,0.321043,0.0137634
57288,234651648,9.56074,0.0270692,0.00956625,15.7761,0.629179,9.64989,20.4937,46.7846,0.289386,0.0144958
57312,234749952,9.56248,0.010796,0,16.375,0.575375,10.0042,20.6037,48.6601,0.312656,0.015096
57336,234848256,9.5649,0.0396631,0.0313381,15.4477,0.578854,9.09194,20.4591,47.0001,0.325401,0.0151571
57360,234946560,9.56738,0.00799875,0,18.8083,0.70265,12.4694,21.0162,54.5567,0.297828,0.0154622
57384,235044864,9.56989,0,0,15.3084,0.587009,8.97563,20.5152,49.0028,0.309325,0.0157572
57408,235143168,9.57187,0.0417937,0.0174696,16.9284,0.582689,8.6261,20.2339,47.5997,0.307797,0.0160421
57432,235241472,9.57328,0.0347985,0.0202566,15.1119,0.571225,8.24874,20.3238,45.1957,0.31897,0.0160929
57456,235339776,9.57766,0.0196747,0.0170746,17.8933,0.633075,11.5194,20.8339,51.0262,0.322195,0.0161133
57480,235438080,9.57896,0.00367242,0.0066291,14.9503,0.529178,8.05925,20.3845,43.8804,0.316321,0.0162659
57504,235536384,9.58058,0.0396914,0,14.397,0.551275,8.55836,20.3542,46.4818,0.305489,0.0162048
57528,235634688,9.58206,0.0336611,0.0146199,15.8073,0.615949,9.57571,20.5103,46.6549,0.292521,0.0164388
57552,235732992,9.58397,0.0324503,0,15.1925,0.54212,8.76175,20.685,50.1487,0.299356,0.0164591
57576,235831296,9.58594,0.0306617,0.0108848,17.3747,0.608774,9.71707,20.4216,44.3624,0.313719,0.0160421
57600,235929600,9.58786,0.0251658,0.00723514,13.9436,0.539533,7.21576,20.2815,41.4686,0.296305,0.0160217
57624,236027904,9.58815,0.0134713,0,15.7458,0.600076,9.42139,20.6807,47.6392,0.296437,0.0173136
57648,236126208,9.58696,0.00616862,0,17.9298,0.611541,10.5318,20.4721,49.7404,0.313224,0.021169
57672,236224512,9.58427,0.0465631,0.0118772,14.4528,0.55446,7.60648,20.7488,48.423,0.323263,0.0255941
57696,236322816,9.58181,0.019712,0,15.7472,0.615704,8.28522,20.0824,43.0565,0.276767,0.0297445
57720,236421120,9.57953,0.016011,0.00524758,16.1832,0.630671,9.4036,21.1022,50.9651,0.305233,0.0332133
57744,236519424,9.57767,0.0127254,0.00678925,17.5314,0.656875,10.1726,21.2427,51.2045,0.296203,0.036794
57768,236617728,9.57557,0.0251239,0.0138577,16.2332,0.610588,9.01914,20.6215,46.0077,0.304226,0.0401713
57792,236716032,9.57528,0.010113,0,15.2917,0.553595,8.61933,20.7123,47.5744,0.308762,0.0426229
57816,236814336,9.57538,0.0522195,0.00894378,16.7506,0.615141,9.87573,20.4713,45.4395,0.301319,0.0445251
57840,236912640,9.57466,0,0,15.8316,0.591211,9.46019,20.9752,54.8524,0.311414,0.0467529
57864,237010944,9.57376,0.0126807,0,15.4073,0.601581,8.12206,20.4389,43.8686,0.298392,0.0485636
57888,237109248,9.57328,0.0105817,0.00757781,17.0273,0.646506,10.2142,21.04,49.031,0.312499,0.0504354
57912,237207552,9.57214,0.0106655,0,14.6981,0.622289,7.97175,20.7983,44.8801,0.317119,0.0519002
57936,237305856,9.57216,0.00387597,0,15.7606,0.631459,9.03134,20.598,45.7618,0.312822,0.0532532
57960,237404160,9.57159,0.0248911,0.0183157,16.7984,0.619404,10.137,21.2153,53.1239,0.289255,0.0556844
57984,237502464,9.57249,0.0289999,0.0143369,18.0211,0.71226,9.34039,22.093,50.4779,0.2982,0.0566813
58008,237600768,9.57343,0.0357071,0,15.1876,0.583126,8.72713,20.6706,48.8228,0.304913,0.0580139
58032,237699072,9.57533,0.0243902,0.00908265,17.7992,0.647698,9.70574,21.0498,54.3171,0.293038,0.058136
58056,237797376,9.57618,0.0363625,0,13.6175,0.555769,7.55685,20.8711,47.0216,0.288683,0.0589091
58080,237895680,9.57814,0.0215599,0.0060241,17.1926,0.601484,10.5082,21.1508,50.7174,0.327525,0.0600586
58104,237993984,9.57899,0.0473344,0.0491306,16.5931,0.610103,10.6336,21.2671,50.3561,0.311074,0.061849
58128,238092288,9.57985,0.0118436,0,15.4814,0.613206,8.86993,20.6331,45.9255,0.297462,0.0621643
58152,238190592,9.58044,0.025029,0,13.8909,0.531639,7.34013,21.0158,46.918,0.316515,0.0638021
58176,238288896,9.58152,0.0160319,0.00496783,16.1202,0.601583,9.81874,21.1084,50.3269,0.311304,0.0643209
58200,238387200,9.58205,0.0148707,0,15.534,0.575157,8.92469,20.9832,48.6605,0.296187,0.0643209
58224,238485504,9.58369,0.0186616,0,15.3015,0.629046,8.2396,20.6983,47.0908,0.308777,0.0646769
58248,238583808,9.58519,0.0172161,0,15.639,0.539082,9.5714,21.152,47.166,0.295451,0.0643514
58272,238682112,9.58778,0.00758869,0,15.9134,0.561637,8.67271,21.2288,49.9442,0.304508,0.0632731
58296,238780416,9.58893,0.0210303,0,14.6136,0.613345,7.8152,21.1755,46.2871,0.305642,0.0632935
58320,238878720,9.58854,0.0388043,0.00824742,13.2832,0.562068,6.94037,20.6113,45.7412,0.305574,0.0646464
58344,238977024,9.58938,0.00515137,0.00969268,19.2203,0.660325,10.3581,20.1431,48.6427,0.308374,0.0657145
58368,239075328,9.5901,0.0128047,0.00934194,15.5959,0.587473,9.12213,21.1735,44.1368,0.328138,0.0666606
58392,239173632,9.59038,0.0112827,0.00551217,17.5053,0.604738,10.1614,21.3987,51.2491,0.296174,0.067983
58416,239271936,9.58988,0.0329824,0,17.5476,0.667397,10.5318,21.0998,52.6758,0.293555,0.0690104
58440,239370240,9.58927,0.0205871,0,19.3588,0.624064,11.547,21.3635,50.0716,0.292726,0.0703837
58464,239468544,9.58912,0.00839466,0.00664957,17.2573,0.593349,10.3936,21.0193,47.204,0.298495,0.0719604
58488,239566848,9.59019,0.00948441,0,15.641,0.590629,9.3115,21.2858,47.471,0.322779,0.0731405
58512,239665152,9.59072,0.0136414,0,15.2329,0.572447,9.59265,21.4301,51.8086,0.306293,0.0740662
58536,239763456,9.59187,0.00780898,0,15.1966,0.59344,8.28043,21.1864,45.2929,0.294659,0.0741475
58560,239861760,9.59209,0.0295968,0.021046,15.3723,0.530494,8.32299,21.174,47.8153,0.308533,0.075765
58584,239960064,9.59238,0.0175359,0.0138101,15.6884,0.590543,9.38719,20.7486,46.1102,0.278617,0.0766296
58608,240058368,9.59275,0.0283201,0.00956556,15.1089,0.548685,8.70537,20.952,46.0524,0.290129,0.0769857
58632,240156672,9.59338,0.0550667,0.0242368,16.7744,0.596499,10.1039,20.8328,45.2084,0.291053,0.0762533
58656,240254976,9.59596,0.00422169,0,15.078,0.597192,7.49344,20.8741,44.4099,0.295554,0.0728149
58680,240353280,9.59615,0.0291802,0.00964888,14.5172,0.534842,8.84934,21.0491,47.8427,0.287184,0.0696208
58704,240451584,9.59789,0.023927,0.010908,17.8812,0.57424,9.77809,21.3496,52.4473,0.304096,0.0673625
58728,240549888,9.6,0.0363008,0.0150682,16.6155,0.565402,9.47812,21.154,46.8974,0.302594,0.0637614
58752,240648192,9.60172,0.0380969,0.0303536,16.5903,0.598715,9.20287,21.0093,45.6423,0.289558,0.060435
58776,240746496,9.60267,0.0186492,0.0074901,14.7383,0.579163,8.25044,20.8593,45.572,0.301317,0.0583293
58800,240844800,9.60272,0.0344218,0.0227866,14.4669,0.539032,8.20974,20.4406,44.7084,0.289224,0.0563965
58824,240943104,9.60368,0.0278564,0,16.1129,0.614425,9.27638,21.1386,48.3263,0.283668,0.0547384
58848,241041408,9.60342,0.0122177,0.00561497,15.9862,0.589002,9.07522,20.3964,46.3257,0.283504,0.0539754
58872,241139712,9.60515,0.0420493,0.0147913,15.8393,0.556876,8.34194,20.8995,45.501,0.299039,0.0528056
58896,241238016,9.60643,0.0467772,0,17.7196,0.601021,9.24179,20.4145,48.2882,0.293567,0.0512187
58920,241336320,9.6067,0.00879297,0,15.2688,0.588548,8.40979,20.7959,47.1149,0.308914,0.0503438
58944,241434624,9.60601,0.0205651,0.0121507,15.9585,0.55338,9.53297,20.9199,46.6852,0.303,0.0493266
58968,241532928,9.60529,0.0247545,0,15.7961,0.573169,8.38315,20.8166,48.5717,0.293564,0.0482381
58992,241631232,9.60553,0.0181226,0.00787869,16.1327,0.566586,9.7266,21.0475,50.6197,0.302604,0.047109
59016,241729536,9.60654,0.0126005,0,20.6967,0.717054,9.67652,20.3707,49.5334,0.302227,0.0466817
59040,241827840,9.60772,0.00809389,0.0150981,16.2792,0.574103,9.18064,20.8045,46.0574,0.306027,0.0468343
59064,241926144,9.60784,0.0391983,0.0112962,15.6117,0.542679,8.74358,20.8157,47.2317,0.304692,0.0471395
59088,242024448,9.60794,0.0232408,0.0375863,15.8801,0.527878,8.3835,20.7456,46.9665,0.297991,0.0473022
59112,242122752,9.6074,0.0212288,0,17.0138,0.575683,11.1247,20.994,51.8774,0.294349,0.0473531
59136,242221056,9.60885,0.0273103,0,15.3224,0.580983,8.92303,20.6648,45.8778,0.317497,0.04717
59160,242319360,9.60901,0.0142728,0.0163671,14.1083,0.521491,8.1169,21.0867,46.4857,0.305377,0.046346
59184,242417664,9.6093,0.00431158,0,14.9226,0.609971,8.55276,21.0507,47.1423,0.295132,0.0464783
59208,242515968,9.60884,0.0293949,0,14.37,0.537739,7.64039,20.5836,45.6921,0.318786,0.0469767
59232,242614272,9.60896,0.03511,0.0117378,16.44,0.53306,10.0981,20.9585,50.0625,0.292837,0.0476278
59256,242712576,9.61035,0.0308198,0.0153341,15.3849,0.544414,8.1478,20.5513,47.6544,0.31776,0.048055
59280,242810880,9.60924,0.0398589,0.0176883,14.5075,0.533086,8.22423,20.6417,49.062,0.307525,0.0492554
59304,242909184,9.6101,0.0200899,0.00374398,17.3019,0.644103,10.9583,21.1942,48.3509,0.296162,0.0487671
59328,243007488,9.61024,0.0233233,0.00386058,18.6332,0.613313,10.7399,21.7975,50.3842,0.274904,0.0485026
59352,243105792,9.60774,0.00384246,0,15.9963,0.578002,9.2586,20.6413,45.9767,0.290961,0.0498352
59376,243204096,9.6065,0.0311084,0.00859907,14.8159,0.588877,8.61808,21.1324,47.0384,0.309581,0.0505981
59400,243302400,9.60778,0.00714376,0.00673325,17.5101,0.642301,9.81602,21.0879,49.5724,0.311749,0.0495605
59424,243400704,9.60903,0.0681115,0.0224719,13.5921,0.510259,7.04733,20.406,44.6718,0.294837,0.0489909
59448,243499008,9.61073,0.0161631,0,16.0555,0.551451,8.84259,20.9305,50.5508,0.306253,0.04894
59472,243597312,9.60976,0.0176229,0.0104858,15.85,0.617629,8.51079,20.6876,45.2385,0.321551,0.0489604
59496,243695616,9.61067,0.0265891,0.0192083,15.0956,0.596815,8.52225,21.0156,48.21,0.290935,0.0491943
59520,243793920,9.61308,0.0351396,0.0111146,16.5306,0.549391,9.70193,20.8604,47.0347,0.315119,0.0495911
59544,243892224,9.61347,0.0178101,0,15.5011,0.548583,9.14717,20.8684,45.9261,0.287417,0.0502625
59568,243990528,9.61308,0.04429,0,15.2664,0.565644,8.78688,20.5962,45.2599,0.2985,0.0503031
59592,244088832,9.61306,0.0147619,0,16.7131,0.662517,10.1893,21.3062,50.0169,0.319269,0.0499776
59616,244187136,9.61267,0.0154815,0,16.5999,0.557927,9.93352,21.1631,49.238,0.313724,0.0504252
59640,244285440,9.61459,0.0420649,0.0113483,14.4239,0.515942,7.94974,20.6343,48.1892,0.299815,0.050649
59664,244383744,9.61484,0.0360953,0.011257,13.1155,0.483736,6.59567,19.7437,39.8763,0.287738,0.0506999
59688,244482048,9.61582,0.0247781,0.00583235,15.6784,0.573439,8.95994,20.598,45.4524,0.291815,0.0502014
59712,244580352,9.618,0.0239093,0.00595287,15.4945,0.573016,8.18682,21.1588,50.798,0.296337,0.0497233
59736,244678656,9.61925,0.0114304,0,17.0972,0.564781,10.8491,20.9864,47.5676,0.2832,0.0502319
59760,244776960,9.6207,0.0252351,0.00919524,15.6783,0.564944,10.0667,20.8106,46.7425,0.307932,0.0498047
59784,244875264,9.62185,0.00377739,0,16.11,0.607384,9.22258,20.2815,43.3416,0.321485,0.0490417
59808,244973568,9.62396,0.022873,0,14.6287,0.540077,8.04184,20.6327,48.1144,0.291109,0.0488688
59832,245071872,9.62656,0.0311635,0.00854484,14.2997,0.59214,7.14375,20.7144,47.0625,0.293866,0.047994
59856,245170176,9.62855,0.0196682,0.0060741,16.1257,0.604363,9.54675,20.7441,46.0202,0.310736,0.0474141
59880,245268480,9.63053,0.039178,0.010377,16.1609,0.570742,10.0212,20.7644,46.9954,0.308659,0.0469666
59904,245366784,9.63198,0.0170228,0.0121507,15.9659,0.560972,9.42073,20.8567,47.3616,0.293216,0.0464071
59928,245465088,9.63287,0.0520528,0.0398406,14.0439,0.512978,7.66557,20.8703,47.4812,0.301888,0.0458476
59952,245563392,9.63496,0.0371348,0,15.647,0.57377,9.62576,20.7268,47.2702,0.299077,0.0454
59976,245661696,9.63727,0.0259096,0.0128535,14.1379,0.553001,7.63139,20.9385,45.5198,0.300542,0.0444946
60000,245760000,9.64026,0.0334562,0.00546896,16.1111,0.508639,9.54629,20.6571,47.5381,0.294293,0.0436707
60024,245858304,9.64263,0.0585892,0,13.8914,0.538001,7.42305,20.8772,44.0311,0.300831,0.0430094
60048,245956608,9.64491,0.0324569,0,14.1399,0.508248,8.4571,20.9779,50.1662,0.29269,0.0420939
60072,246054912,9.64665,0.0453421,0.020318,15.9142,0.527156,9.61422,20.8589,47.1391,0.29545,0.0406189
60096,246153216,9.64759,0.00409456,0,14.2826,0.538992,8.00139,20.8497,45.0939,0.310647,0.0396525
60120,246251520,9.65026,0.00564887,0.0044569,16.1487,0.555793,10.1146,21.0451,51.0752,0.276399,0.0385437
60144,246349824,9.6515,0.0171104,0.00539374,16.0555,0.591734,9.89719,21.1596,49.236,0.291417,0.0377197
60168,246448128,9.65236,0.0120966,0,15.384,0.605491,9.40095,21.0918,48.4007,0.2945,0.0369364
60192,246546432,9.65284,0.0171146,0,16.7838,0.588821,10.1867,21.3685,52.0132,0.282094,0.0361837
60216,246644736,9.65371,0.0331066,0.0051446,16.4012,0.554076,9.77177,21.7262,55.1886,0.29143,0.0354919
60240,246743040,9.65406,0.0155749,0,14.139,0.560101,7.48053,20.8971,46.4711,0.304289,0.0346375
60264,246841344,9.65465,0.0194592,0.0215688,15.3717,0.535233,9.06963,21.1097,47.6696,0.289886,0.0344543
60288,246939648,9.65599,0.00978587,0.0039234,15.7149,0.603443,8.98459,21.2339,47.3267,0.306419,0.0335185
60312,247037952,9.65741,0.0177505,0,14.5475,0.55314,8.04754,20.8804,47.4567,0.294987,0.0333659
60336,247136256,9.6571,0.0255621,0,17.0449,0.578456,9.57946,20.7242,46.4349,0.293976,0.0331828
60360,247234560,9.65661,0.0417629,0.00997672,16.7757,0.581672,9.73092,21.4215,49.5485,0.317073,0.0315043
60384,247332864,9.6577,0.031308,0.0138335,15.9732,0.541607,9.94733,21.2681,48.826,0.306138,0.0312602
60408,247431168,9.65753,0.039548,0,16.0776,0.593262,8.68282,21.4331,51.1819,0.288392,0.0313212
60432,247529472,9.65863,0.0186955,0.00773395,14.6505,0.532225,8.30103,20.8739,44.72,0.277595,0.0314941
60456,247627776,9.66034,0.0113269,0,15.0803,0.514128,8.63746,20.7993,47.6247,0.311727,0.0302633
60480,247726080,9.66198,0.0107312,0.00752351,15.4705,0.585445,9.11494,21.3439,49.3062,0.315054,0.02889
60504,247824384,9.66304,0.024938,0,14.4862,0.577782,8.47113,20.7274,45.0099,0.311653,0.0277913
60528,247922688,9.66217,0.0339095,0.0253577,15.4284,0.540657,9.0086,20.9312,46.705,0.315454,0.0268962
60552,248020992,9.6618,0.0251128,0.00725177,14.1322,0.552518,8.1467,21.2438,46.8451,0.317007,0.0260213
60576,248119296,9.6625,0.0380398,0.0245076,15.3058,0.571316,8.99587,21.0783,48.1152,0.327329,0.0257568
60600,248217600,9.66448,0.0529158,0,17.1547,0.572983,11.5347,21.5507,48.6624,0.338022,0.0253398
60624,248315904,9.6659,0.0264336,0.0183745,15.7092,0.602557,7.28384,21.3649,51.0494,0.308897,0.0242411
60648,248414208,9.66725,0.0422854,0.0379541,13.2644,0.47646,7.26754,20.9449,44.0607,0.300503,0.0235494
60672,248512512,9.66852,0.0158589,0,15.5452,0.554348,9.83547,21.4208,47.5721,0.330249,0.0229492
60696,248610816,9.66956,0.00536001,0,16.7683,0.562858,10.3651,21.5521,50.6661,0.291099,0.0225627
60720,248709120,9.66992,0.0266259,0.0138704,15.4945,0.599553,9.06136,21.7644,49.982,0.29758,0.022939
60744,248807424,9.67137,0.0294967,0.0149019,15.4526,0.575963,9.29544,21.41,47.7763,0.308868,0.0229899
60768,248905728,9.6733,0.0313918,0.0180288,15.3341,0.525585,9.36585,21.8209,50.3649,0.311495,0.022939
60792,249004032,9.67406,0.00756428,0,16.5777,0.601739,9.10164,21.3893,50.6492,0.329794,0.0227966
60816,249102336,9.67508,0.0304105,0,15.2664,0.586163,8.7255,21.4024,49.9326,0.315437,0.0224304
60840,249200640,9.67603,0.0233347,0.0159639,15.0504,0.56063,8.71174,21.3559,46.0976,0.299293,0.0227458
60864,249298944,9.67565,0.0195673,0,16.0863,0.528069,9.78889,21.3464,50.1926,0.296983,0.0234884
60888,249397248,9.677,0.0272816,0,15.5025,0.566602,8.85444,21.2824,47.8773,0.311902,0.0237223
60912,249495552,9.67765,0.0289239,0,17.8076,0.567362,11.9863,21.3974,48.6576,0.317407,0.0242208
60936,249593856,9.67729,0.0363033,0.0402145,16.3859,0.549167,10.2847,21.6387,48.8852,0.315153,0.0243429
60960,249692160,9.67869,0.0331201,0.0118372,16.5579,0.558502,10.3768,21.2125,49.8396,0.294301,0.0247396
60984,249790464,9.6815,0.0323644,0.0132318,15.7283,0.579892,9.45423,21.63,50.2543,0.320309,0.0248311
61008,249888768,9.68173,0.0618474,0.0253623,15.4895,0.564989,8.35199,21.2692,47.7234,0.307896,0.0253499
61032,249987072,9.68386,0.0235963,0.00757139,17.8601,0.60728,11.346,21.8286,55.3661,0.304282,0.026123
61056,250085376,9.68559,0.0230661,0.0134473,15.3833,0.552213,8.3707,21.0308,48.2877,0.347402,0.0269063
61080,250183680,9.6854,0.0415291,0.0182472,17.2814,0.55529,11.4607,21.119,47.4186,0.336303,0.0269267
61104,250281984,9.68752,0.0591345,0.0211864,14.6209,0.52645,8.37007,20.9464,45.7696,0.28608,0.0266113
61128,250380288,9.68862,0.0291303,0,17.036,0.574637,11.683,21.7274,52.4531,0.305599,0.0264893
61152,250478592,9.69003,0.0335026,0,15.9086,0.551122,9.91161,21.4067,49.4,0.298788,0.0266113
61176,250576896,9.69184,0.028616,0.00831601,15.1689,0.544855,9.0321,20.9925,49.368,0.305205,0.0267639
61200,250675200,9.69189,0.0477813,0.0212744,16.3284,0.588668,10.1106,21.4816,51.3525,0.315731,0.0272522
61224,250773504,9.6947,0.0430436,0.0144288,15.0794,0.548537,8.63926,21.3299,50.2479,0.321471,0.0268453
61248,250871808,9.69637,0.0153276,0,15.2485,0.539518,9.17294,21.1741,49.9779,0.327367,0.0262248
61272,250970112,9.69762,0.0132965,0.00547046,18.0132,0.598348,11.0102,21.254,46.3618,0.306627,0.026123
61296,251068416,9.69911,0.0535409,0,16.334,0.589423,9.92254,21.6735,48.7165,0.3135,0.0259399
61320,251166720,9.70211,0.0264659,0.018858,15.5272,0.565185,8.47074,20.6551,46.5095,0.306388,0.0254211
61344,251265024,9.70397,0.0372192,0,17.4923,0.534155,12.2613,20.9666,50.2432,0.290587,0.0243632
61368,251363328,9.70523,0.0549637,0.00820681,15.0571,0.538974,8.64287,21.1633,50.4889,0.312754,0.0236206
61392,251461632,9.70631,0.0565532,0.0415712,15.3622,0.576219,9.28454,20.9431,46.2754,0.310959,0.0224304
61416,251559936,9.70786,0.0811245,0,14.4282,0.530369,7.48101,20.7802,47.5658,0.299847,0.0212708
61440,251658240,9.70975,0.0373832,0.0338295,16.0703,0.574341,9.88614,21.0336,44.7117,0.312745,0.0206909
61464,251756544,9.71238,0.020116,0,15.4117,0.53199,9.27777,21.1826,49.4332,0.29713,0.020518
61488,251854848,9.71341,0.0376878,0.0170621,14.9348,0.588429,9.10142,21.3969,47.9462,0.272032,0.0200907
61512,251953152,9.71391,0.0813378,0.0310183,13.7143,0.514549,7.71036,20.9688,48.178,0.311751,0.0198161
61536,252051456,9.71413,0.0402013,0.0112849,14.0108,0.544652,7.98116,21.0371,47.8041,0.318374,0.019694
61560,252149760,9.71451,0.0146862,0,14.4718,0.537931,8.29699,21.0784,46.8996,0.31207,0.0190023
61584,252248064,9.71508,0.0240806,0.0126329,15.6249,0.650203,7.43239,21.2223,46.7746,0.292858,0.0190023
61608,252346368,9.71532,0.0488983,0.0070769,12.9285,0.499808,7.06406,20.8523,44.5215,0.301134,0.0199687
61632,252444672,9.71575,0.0141194,0,14.5941,0.502746,8.45421,21.3435,50.4249,0.316169,0.0196838
61656,252542976,9.71715,0.0495,0,14.9854,0.525633,8.66973,21.4422,46.6701,0.323309,0.0198466
61680,252641280,9.71741,0.0224633,0.00715685,17.1875,0.576039,11.0854,21.5,50.0599,0.286664,0.0202942
61704,252739584,9.71697,0.0297564,0.0130609,17.118,0.568593,10.877,22.2072,53.7769,0.283448,0.0203756
61728,252837888,9.71693,0.0510569,0.0135975,14.397,0.50624,8.45694,20.8408,46.119,0.300643,0.0201925
61752,252936192,9.71854,0.0352723,0.003768,15.1789,0.603621,9.04294,21.6037,51.1666,0.277326,0.0195923
61776,253034496,9.7196,0.0564062,0.00714942,15.2933,0.617993,8.83192,21.2847,46.2083,0.295068,0.0200297
61800,253132800,9.72068,0.0238539,0.0106789,14.8079,0.557752,8.91693,21.1347,47.8772,0.297723,0.0201925
61824,253231104,9.72157,0.0269819,0.00741408,15.0682,0.572644,8.44852,20.9656,46.5185,0.30698,0.0202128
61848,253329408,9.72361,0.0476421,0,15.3343,0.535991,10.6016,21.6423,49.8715,0.311311,0.0201823
61872,253427712,9.72731,0.0443073,0.0185805,14.819,0.553741,7.98731,21.0929,45.9328,0.308004,0.0191243
61896,253526016,9.72746,0.0291245,0,16.2974,0.541161,10.106,21.6999,53.4145,0.305008,0.0187683
61920,253624320,9.72847,0.0345442,0.0144318,17.0329,0.541959,11.1351,21.347,49.9814,0.308009,0.0183512
61944,253722624,9.7305,0.0238028,0.0187433,15.1401,0.522427,9.06561,21.4593,47.4516,0.304068,0.0180257
61968,253820928,9.7323,0.00711176,0,15.0314,0.533717,8.73179,21.5189,47.9624,0.311027,0.0175781
61992,253919232,9.73375,0.00864657,0,16.7344,0.571303,10.3648,21.7134,52.4566,0.284635,0.0172119
62016,254017536,9.73452,0.0403855,0.017696,16.7373,0.599665,10.1869,21.2949,51.858,0.293324,0.0167542
62040,254115840,9.7355,0.0282927,0,15.1353,0.519055,9.25201,21.0124,46.6187,0.274703,0.0163981
62064,254214144,9.73685,0.0103067,0,17.8133,0.653971,9.8693,21.5566,51.1306,0.330803,0.015981
62088,254312448,9.73782,0.0433562,0.0265967,14.9601,0.562065,8.84357,21.6108,51.1812,0.309272,0.0157064
62112,254410752,9.73933,0.0646985,0.00388889,14.2379,0.506284,8.76592,21.1043,47.8498,0.319255,0.015625
62136,254509056,9.74063,0.0240289,0.00778306,14.8067,0.519585,8.41785,21.0852,44.7445,0.296181,0.0155029
62160,254607360,9.74222,0.0175713,0,14.7826,0.588947,8.32333,20.996,45.6908,0.300318,0.0156148
62184,254705664,9.74464,0.0276548,0.0135819,16.4075,0.551974,10.1805,21.7944,50.6649,0.30479,0.0155029
62208,254803968,9.74681,0.0434138,0.0149656,13.4235,0.548776,7.80689,21.3424,45.9025,0.290761,0.0151367
62232,254902272,9.74903,0.0146182,0,16.9564,0.559954,10.1594,21.6192,50.6082,0.292219,0.0152791
62256,255000576,9.75045,0.0393975,0,14.6719,0.498813,8.31892,21.528,47.9517,0.291984,0.0156555
62280,255098880,9.75231,0.0202646,0.0181944,17.0742,0.566119,10.8937,22.0664,51.1979,0.303208,0.0154215
62304,255197184,9.75351,0.0384005,0.0111918,13.803,0.484254,7.56329,21.3269,46.44,0.308642,0.0151367
62328,255295488,9.75447,0.00530501,0,14.1451,0.546696,7.94333,21.333,46.6152,0.298561,0.0151164
62352,255393792,9.75591,0.0397727,0.0157622,15.4423,0.559294,9.56312,21.4399,48.2313,0.296447,0.0146383
62376,255492096,9.75585,0.0289116,0,14.0145,0.519835,8.48458,21.454,46.616,0.293625,0.0147298
62400,255590400,9.75672,0.0325313,0,16.4447,0.557877,10.0312,21.8234,50.3368,0.285899,0.0150655
62424,255688704,9.75821,0.0107759,0,13.4729,0.511871,7.45213,21.3261,48.0145,0.366217,0.0150655
62448,255787008,9.75892,0.0262839,0.0109489,16.1834,0.498917,8.79407,21.5191,48.7331,0.303823,0.0147807
62472,255885312,9.7598,0.0204413,0.0075285,13.7918,0.514999,7.77768,21.0489,42.5079,0.300908,0.0146891
62496,255983616,9.76097,0.016064,0,16.3406,0.573126,10.1677,21.4523,50.4577,0.324408,0.0147298
62520,256081920,9.76212,0.00387136,0,15.0348,0.544965,8.4434,21.936,51.53,0.302639,0.0147807
62544,256180224,9.76351,0.0169413,0,16.9407,0.567803,9.83819,21.7097,51.5981,0.287632,0.0142721
62568,256278528,9.76602,0.0116868,0,15.1953,0.570796,8.96837,21.5542,51.6653,0.300445,0.013916
62592,256376832,9.76832,0.0199712,0,15.4825,0.572207,9.95472,21.8802,51.513,0.284059,0.0130208
62616,256475136,9.76824,0.0312947,0.0108666,15.9178,0.578354,9.84954,21.9956,48.607,0.286649,0.012085
62640,256573440,9.76911,0.0546726,0,14.9586,0.551286,8.92995,21.4768,50.2059,0.313161,0.0113525
62664,256671744,9.76968,0.00363781,0,15.6389,0.559967,9.58541,21.8228,51.6343,0.305655,0.010966
62688,256770048,9.77064,0.0128522,0,16.5331,0.558202,10.4774,21.5955,48.1582,0.282704,0.0107117
62712,256868352,9.77072,0.0299854,0,16.0747,0.557161,9.81311,21.8966,50.6398,0.297774,0.0101624
62736,256966656,9.77121,0.0238627,0.00809678,15.8835,0.603883,9.43452,21.3483,48.066,0.315287,0.00994873
62760,257064960,9.77139,0.0217588,0.018548,14.8684,0.600983,8.71924,21.1942,47.3951,0.310765,0.0102336
62784,257163264,9.77263,0.0261279,0,15.4933,0.590233,9.42199,21.6337,48.7659,0.313794,0.00935872
62808,257261568,9.77369,0.0372514,0,15.3545,0.541171,8.74101,21.5877,47.574,0.335112,0.00883992
62832,257359872,9.77385,0.0191252,0,14.4032,0.544195,8.77885,21.4244,51.7542,0.302009,0.00845337
62856,257458176,9.77413,0.0248989,0.0059839,17.0716,0.556508,10.6044,21.6902,51.5217,0.320116,0.00830078
62880,257556480,9.77541,0.0276398,0,16.2232,0.515433,9.92505,21.2729,45.9549,0.29128,0.00856527
62904,257654784,9.77692,0.0242057,0.0146143,16.3755,0.562473,10.181,21.8676,53.3002,0.31198,0.00867717
62928,257753088,9.77696,0.0329495,0.0144477,15.1329,0.523634,9.22468,21.2728,47.7443,0.289171,0.00852458
62952,257851392,9.77752,0.0308829,0.00628197,14.3424,0.500486,8.29581,21.4943,47.1268,0.300358,0.0084432
62976,257949696,9.77904,0.0347685,0.0297619,15.3052,0.510823,9.81757,21.3246,47.189,0.316093,0.00902303
63000,258048000,9.78103,0.0246163,0,14.9414,0.508112,8.74849,20.8756,43.8001,0.297787,0.00949097
63024,258146304,9.7813,0.0361462,0.00894988,17.1142,0.571614,10.5908,21.7225,51.5712,0.287678,0.0096639
63048,258244608,9.782,0.0229548,0,15.0285,0.546262,8.93708,21.4948,50.7635,0.306203,0.0087382
63072,258342912,9.78361,0.0256384,0.0184932,17.86,0.557881,11.1815,21.6104,50.2928,0.298268,0.00892131
63096,258441216,9.78533,0.0147832,0.00769654,14.8328,0.58131,9.07994,21.4969,49.7393,0.298158,0.00878906
63120,258539520,9.78615,0.0192611,0.00807925,13.7691,0.529068,7.71343,21.1315,46.2351,0.304709,0.00883992
63144,258637824,9.7881,0.0327273,0,15.81,0.539517,9.3305,21.6111,50.6053,0.301876,0.00927734
63168,258736128,9.78931,0.0279745,0,13.4869,0.558795,7.26278,21.2683,45.4813,0.304777,0.00918579
63192,258834432,9.79182,0.0229812,0.0190725,16.0013,0.538203,9.67969,21.4225,51.6837,0.313295,0.00829061
63216,258932736,9.79268,0.0613521,0.00783261,14.1287,0.500975,7.99016,20.6883,46.5031,0.306104,0.00840251
63240,259031040,9.79411,0.0347726,0.0114502,15.3946,0.57751,9.21128,21.2937,48.1206,0.287427,0.00837199
63264,259129344,9.7947,0.0532869,0.0149254,13.8132,0.527367,6.9322,20.7745,48.9265,0.298206,0.00808716
63288,259227648,9.79567,0.0214997,0,14.9637,0.552247,9.06974,21.2229,46.4055,0.305988,0.00805664
63312,259325952,9.79663,0.0222199,0,15.7,0.576175,9.30258,21.8229,54.5231,0.3507,0.00809733
63336,259424256,9.7984,0.0393419,0.0168052,14.7437,0.554872,8.95263,21.4901,48.855,0.289015,0.00805664
63360,259522560,9.80022,0.0341436,0,14.9095,0.507285,8.43004,21.1116,50.5525,0.301455,0.00819906
63384,259620864,9.80124,0.0298766,0.0133707,15.9329,0.533092,9.4004,21.2099,48.8343,0.286134,0.00780233
63408,259719168,9.80311,0.0461183,0,15.5579,0.551516,9.4326,21.0596,46.1584,0.277595,0.00774129
63432,259817472,9.80421,0.0562852,0.0144928,14.3572,0.504437,8.24511,21.2491,48.6094,0.312347,0.00756836
63456,259915776,9.80621,0.0259758,0,15.9649,0.57398,9.63379,21.7673,53.4165,0.284043,0.00741577
63480,260014080,9.80839,0.021697,0,15.5362,0.566578,9.30637,21.0559,45.9747,0.303044,0.00756836
63504,260112384,9.81001,0.00750352,0.00508302,14.2841,0.534221,8.17494,21.375,48.793,0.316593,0.00752767
63528,260210688,9.81149,0.0217666,0.00669728,15.3309,0.523086,8.98754,21.317,47.0718,0.298294,0.00785319
63552,260308992,9.81249,0.0425375,0.00522232,14.9863,0.542706,8.87719,21.2147,48.4427,0.305149,0.00828044
63576,260407296,9.81285,0.0483481,0.0157996,14.644,0.566869,8.30603,20.9397,48.0744,0.305127,0.00869751
63600,260505600,9.81437,0.0294906,0,17.2969,0.534739,11.3789,21.6247,48.9527,0.321079,0.00901286
63624,260603904,9.81612,0.0341684,0.0124235,15.1676,0.539415,9.09704,21.4144,49.7508,0.297647,0.00912476
63648,260702208,9.81677,0.0498306,0.00975111,18.1138,0.551251,11.7608,21.9598,52.8438,0.280498,0.009552
63672,260800512,9.81841,0.0273833,0.00821307,13.4913,0.558826,7.71665,21.1338,49.0752,0.316583,0.0093689
63696,260898816,9.81923,0.0409193,0.0208623,13.5835,0.529638,8.21079,21.1729,45.8751,0.320081,0.00923665
63720,260997120,9.82005,0.0358729,0,16.3535,0.549823,9.97355,21.5788,47.2774,0.312029,0.00965373
63744,261095424,9.82137,0.0198532,0,14.9439,0.55813,9.1655,21.4905,49.6129,0.301467,0.00960286
63768,261193728,9.82078,0.0164724,0,15.0761,0.509234,8.7986,21.4045,50.8341,0.307681,0.00976562
63792,261292032,9.82033,0.040865,0.00734073,15.5159,0.53983,9.50948,21.7346,51.1056,0.298281,0.010732
63816,261390336,9.82022,0.0463001,0.00691085,16.7049,0.509045,10.8412,21.699,49.3979,0.312442,0.0111796
63840,261488640,9.82145,0.0534818,0.00436285,16.0106,0.587929,7.6852,21.1776,49.3797,0.311916,0.0118306
63864,261586944,9.82159,0.0186062,0.0113379,17.6631,0.548091,11.3799,21.914,51.0776,0.307785,0.0121765
63888,261685248,9.82158,0.0282189,0,14.4131,0.532914,8.14345,21.4327,47.2814,0.341424,0.0120748
63912,261783552,9.82164,0.0468468,0.0261032,14.2631,0.50781,8.63498,21.2836,48.2482,0.308631,0.0120748
63936,261881856,9.82379,0.0264926,0.00767754,14.9806,0.524815,9.02567,21.7635,48.3432,0.301811,0.0125122
63960,261980160,9.82548,0.0481199,0.00644449,15.6238,0.514521,9.81122,21.6669,48.2416,0.300936,0.0126343
63984,262078464,9.82585,0.025125,0.0074331,14.0814,0.491098,8.52106,21.1743,47.711,0.295395,0.0123291
64008,262176768,9.82645,0.0242466,0,17.0375,0.563008,10.0521,21.9884,53.3888,0.330405,0.012441
64032,262275072,9.82627,0.0439212,0.00624025,15.4396,0.550316,9.20384,21.6793,48.5493,0.325177,0.0128886
64056,262373376,9.8258,0.0141219,0,15.2907,0.528648,9.28402,21.6413,50.1354,0.280953,0.0132039
64080,262471680,9.82528,0.0170468,0,15.73,0.519854,9.06578,21.822,48.5679,0.306467,0.0136312
64104,262569984,9.82544,0.0180657,0,15.3273,0.462748,9.98434,21.4387,49.8171,0.291945,0.013916
64128,262668288,9.82516,0.0215829,0,15.2558,0.550621,8.99965,21.7504,49.1838,0.324413,0.0137838
64152,262766592,9.82608,0.0505067,0.00530786,14.3073,0.546838,8.82902,21.939,52.8702,0.284627,0.0134074
64176,262864896,9.82761,0.0345828,0.0122638,16.0394,0.565881,10.0435,21.8582,48.603,0.303482,0.0139567
64200,262963200,9.82799,0.0264165,0.0055488,16.1066,0.547934,8.89827,21.2586,47.0081,0.323877,0.0151672
64224,263061504,9.82943,0.0381962,0,14.74,0.594308,8.62575,21.4485,50.7659,0.278721,0.0155334
64248,263159808,9.82955,0.0369706,0.00723608,16.1061,0.520301,9.8002,21.6904,48.9565,0.302109,0.0156759
64272,263258112,9.83008,0.0570304,0.0394315,14.9171,0.487867,8.72394,21.6092,49.6587,0.325266,0.0158793
64296,263356416,9.83042,0.0337065,0.0116955,14.5464,0.526781,8.67693,21.0159,47.8932,0.29902,0.0162964
64320,263454720,9.83113,0.0347484,0,16.1661,0.613099,10.2984,22.3623,52.8758,0.329141,0.0166117
64344,263553024,9.83159,0.0489794,0.00796741,15.8917,0.538246,9.70655,21.79,52.7146,0.330212,0.0170085
64368,263651328,9.83158,0.033224,0.010536,14.9625,0.547455,8.10538,22.1399,49.0437,0.305539,0.0167338
64392,263749632,9.83151,0.0327952,0.0128264,16.1588,0.585106,9.82403,21.2652,47.4055,0.304455,0.0167643
64416,263847936,9.83306,0.00937965,0,16.1764,0.538084,9.60772,22.0105,50.2184,0.299638,0.0168457
64440,263946240,9.83414,0.0283447,0,17.0431,0.583364,10.3007,21.6615,50.0117,0.286276,0.0170593
64464,264044544,9.83416,0.0218393,0.00727651,14.6644,0.532183,8.95075,21.5205,46.0584,0.283692,0.0176697
64488,264142848,9.83415,0.00954883,0,16.7639,0.558749,10.4663,21.5538,49.4085,0.285811,0.017863
64512,264241152,9.83517,0.00812916,0,14.6291,0.530706,8.79288,21.7121,50.5739,0.308609,0.0180868
64536,264339456,9.83495,0.0270366,0.0210357,14.6645,0.541277,8.44034,21.407,46.6076,0.300566,0.0177714
64560,264437760,9.83493,0.0544997,0.0132001,15.3788,0.534791,8.7752,21.8265,49.999,0.310383,0.017629
64584,264536064,9.83484,0.0286738,0.013089,16.9327,0.566426,10.911,22.116,52.8464,0.284036,0.0177511
64608,264634368,9.83539,0.0331148,0.0177206,15.2363,0.499164,8.99707,21.5043,51.0196,0.313012,0.017985
64632,264732672,9.83659,0.0345419,0.00991976,14.5953,0.538817,8.47751,20.9496,47.1893,0.313756,0.0182699
64656,264830976,9.83687,0.0398296,0.00839329,14.4022,0.512266,7.84792,21.4441,47.8229,0.302189,0.0186869
64680,264929280,9.83698,0.0290303,0.00966021,15.3278,0.50094,8.22621,21.2124,47.362,0.314068,0.0192261
64704,265027584,9.83688,0.0327567,0,15.4727,0.522561,9.05145,21.5705,48.2446,0.292187,0.0197652
64728,265125888,9.83781,0.0265842,0,15.5769,0.551239,10.0818,21.718,48.3323,0.308886,0.0198466
64752,265224192,9.8384,0.0251822,0,14.0374,0.545304,8.61251,21.6136,49.3696,0.304685,0.0197347
64776,265322496,9.83936,0.0235864,0.00837911,14.8339,0.563589,8.66285,21.4971,47.9995,0.280152,0.0195211
64800,265420800,9.84125,0.0454098,0.0207756,14.1506,0.534839,8.24558,21.1848,46.4929,0.322095,0.0190837
64824,265519104,9.84255,0.0403568,0.00891821,15.5238,0.547409,9.38175,21.7101,50.6824,0.315239,0.0188192
64848,265617408,9.84219,0.0358834,0.00432272,15.854,0.58777,9.54369,21.9895,53.8032,0.338868,0.0187276
64872,265715712,9.84198,0.074378,0.020712,15.6114,0.582653,9.57659,21.4627,48.2522,0.293264,0.0191142
64896,265814016,9.84238,0.0598109,0,15.1064,0.53871,8.99091,21.9818,53.3937,0.312705,0.0194499
64920,265912320,9.84317,0.0601561,0.00869025,15.5732,0.545453,8.98642,21.5395,48.2314,0.300649,0.0197449
64944,266010624,9.84354,0.046728,0.0393553,14.4621,0.531313,7.96253,21.2024,47.8531,0.320557,0.0195516
64968,266108928,9.84305,0.0497136,0.00650376,14.954,0.529401,9.62399,21.6764,47.6456,0.30632,0.0193278
64992,266207232,9.84239,0.0283938,0.00794001,17.3994,0.52686,11.7071,21.7542,52.0634,0.303416,0.0191243
65016,266305536,9.84194,0.0397878,0.00895752,15.8036,0.492796,9.60534,21.5955,50.6302,0.299844,0.0187887
65040,266403840,9.84155,0.0450083,0,16.741,0.523999,9.43485,21.872,49.8657,0.278592,0.0184937
65064,266502144,9.8403,0.036092,0,18.7255,0.545812,11.7484,21.6662,55.1607,0.316208,0.018453
65088,266600448,9.84085,0.0204425,0,15.6293,0.526708,9.06155,21.2788,48.8991,0.318448,0.0177307
65112,266698752,9.84064,0.0329317,0.0115103,15.2361,0.547339,9.5513,21.6617,51.3087,0.293918,0.0175781
65136,266797056,9.84042,0.0394833,0.005716,15.2842,0.541648,8.89071,21.6536,50.0844,0.292091,0.0179342
65160,266895360,9.84005,0.0252231,0.00968992,17.0833,0.545514,10.398,22.0419,53.2614,0.325277,0.017863
65184,266993664,9.83942,0.0220773,0,15.1703,0.542224,9.11095,21.4347,45.73,0.309661,0.018158
65208,267091968,9.83925,0.0302681,0.0256588,13.6705,0.544853,7.66077,21.5405,49.79,0.308795,0.0174052
65232,267190272,9.83902,0.0262396,0,15.4552,0.60076,9.45511,21.8723,49.4743,0.299267,0.0176493
65256,267288576,9.83897,0.063314,0.0101971,15.9016,0.518619,10.6206,21.3126,46.0286,0.282564,0.0180054
65280,267386880,9.83987,0.0732377,0,14.4439,0.531358,8.50933,21.6107,46.8924,0.299786,0.0181885
65304,267485184,9.83909,0.0327526,0,14.2179,0.506954,8.65223,21.0745,43.97,0.300659,0.0178528
65328,267583488,9.83833,0.0350157,0.0314956,17.0833,0.547585,10.1744,22.5447,53.0553,0.314477,0.0180461
65352,267681792,9.83879,0.0596477,0,16.3846,0.618967,10.3058,21.97,51.1359,0.341759,0.0182597
65376,267780096,9.83883,0.0449771,0,15.1479,0.534121,8.91311,21.4915,48.455,0.307493,0.0189311
65400,267878400,9.84018,0.0356806,0,17.3543,0.565197,11.5152,22.1186,51.5491,0.302294,0.0188395
65424,267976704,9.8397,0.0618269,0.0208044,16.5673,0.522884,9.15205,22.9264,49.2279,0.313921,0.0191752
65448,268075008,9.83757,0.0556579,0.00789993,14.5471,0.549396,8.23942,21.6012,46.0901,0.326412,0.0202332
65472,268173312,9.8379,0.00769704,0,14.7709,0.575243,8.30645,21.9857,49.0609,0.299358,0.0205587
65496,268271616,9.83761,0.0451383,0.0116891,15.0638,0.534701,9.04747,21.9239,49.4432,0.297801,0.0210164
65520,268369920,9.83819,0.00338073,0,15.1382,0.573773,9.54613,21.7073,47.4389,0.287571,0.0211995
65544,268468224,9.83781,0.0355648,0.00493002,16.3216,0.579187,10.2876,22.4117,52.2491,0.318254,0.0216675
65568,268566528,9.83636,0.0500291,0.0480769,13.4228,0.559472,7.04341,21.5608,46.7787,0.316801,0.0224202
65592,268664832,9.83502,0.0402685,0.0211278,12.6311,0.490586,6.99671,21.367,43.7471,0.298704,0.0243937
65616,268763136,9.83419,0.0798433,0.02921,15.2452,0.514933,8.96479,22.2546,53.1633,0.30424,0.025472
65640,268861440,9.83264,0.0490603,0.0359971,14.1978,0.520508,8.36833,21.5121,45.2693,0.285868,0.0264893
65664,268959744,9.83096,0.069972,0,16.5382,0.537016,10.2384,21.8138,50.0984,0.30685,0.0275879
65688,269058048,9.82932,0.032626,0,16.3394,0.573267,10.1768,22.2183,49.9246,0.308763,0.0283712
65712,269156352,9.82899,0.0257254,0.00583595,14.0404,0.527864,8.22385,22.0927,49.397,0.303316,0.0285645
65736,269254656,9.82812,0.0442133,0.047097,15.9612,0.521666,10.274,22.4043,54.9408,0.321827,0.029246
65760,269352960,9.82771,0.0460373,0.0156587,14.8832,0.513656,8.92076,21.9292,51.4133,0.301491,0.0310669
65784,269451264,9.82714,0.0444202,0,14.9007,0.583274,9.48761,21.9189,48.1722,0.300237,0.0314229
65808,269549568,9.82596,0.0387654,0.00768091,13.6904,0.564102,7.33896,21.6353,46.1251,0.299875,0.0322673
65832,269647872,9.82542,0.0533792,0.0084599,14.0312,0.502929,7.66316,21.803,47.87,0.320857,0.0331014
65856,269746176,9.82487,0.018265,0.00625673,16.7267,0.546461,9.75346,22.0397,50.6641,0.30354,0.0339661
65880,269844480,9.82446,0.0536943,0.00614125,13.6333,0.570396,7.16747,22.0432,48.423,0.320238,0.0348002
65904,269942784,9.82299,0.0191247,0.00563963,14.8333,0.581597,8.501,22.1142,49.4497,0.274978,0.0356038
65928,270041088,9.82215,0.0361563,0.018357,17.7546,0.582566,10.4089,22.9647,51.2536,0.308902,0.0364888
65952,270139392,9.82135,0.0442121,0.0215573,15.536,0.500331,9.09436,21.9004,47.9604,0.293409,0.037974
65976,270237696,9.82049,0.0427576,0.0204499,16.2972,0.549212,9.66033,21.9076,47.7281,0.291833,0.0394287
66000,270336000,9.81954,0.0283401,0.0232028,15.3327,0.549933,8.59215,21.7096,46.8811,0.299225,0.040568
66024,270434304,9.81701,0.0475414,0.0139006,15.3102,0.58979,7.95285,22.2987,51.8744,0.302603,0.0429077
66048,270532608,9.81673,0.0403303,0.0316957,14.4781,0.520209,8.29174,21.8993,47.2634,0.290363,0.0434163
66072,270630912,9.81514,0.0365511,0.014898,14.5644,0.515224,7.90439,21.8587,47.9906,0.316203,0.0450846
66096,270729216,9.81226,0.0306711,0,15.458,0.564762,8.2266,21.9856,50.1004,0.314307,0.0476786
66120,270827520,9.80951,0.0394549,0,15.1398,0.547049,8.83635,22.0174,48.6171,0.310858,0.0500997
66144,270925824,9.80881,0.0500658,0.0185368,13.7095,0.492639,7.793,22.1705,49.5933,0.299409,0.0514221
66168,271024128,9.80738,0.0387941,0.00619792,14.0208,0.517144,8.08894,22.0685,49.7373,0.303866,0.0522664
66192,271122432,9.80692,0.0298562,0.00456697,14.0773,0.542775,8.22801,22.0983,48.7998,0.288911,0.0519613
66216,271220736,9.80662,0.0408186,0.00568586,15.5042,0.535545,8.00969,22.1995,49.9461,0.299472,0.0528564
66240,271319040,9.8053,0.0148347,0,14.9955,0.561679,8.27766,22.0146,46.8063,0.326783,0.0539347
66264,271417344,9.8047,0.0419041,0.00608273,14.0728,0.528177,7.81014,21.8844,46.4496,0.298721,0.0548299
66288,271515648,9.80392,0.0373626,0.0160122,15.4863,0.535633,10.1212,22.3748,52.4631,0.31443,0.056366
66312,271613952,9.80438,0.0133284,0,13.8412,0.542932,7.37953,21.5568,45.5767,0.306235,0.0571696
66336,271712256,9.8041,0.0364942,0,15.3925,0.525487,9.46154,22.2917,53.3565,0.283557,0.0573629
66360,271810560,9.80496,0.0728871,0.0461307,14.43,0.479058,8.57996,22.0214,47.1417,0.312427,0.0576375
66384,271908864,9.8048,0.0451171,0.00463392,16.2693,0.55579,10.2267,22.4858,52.9563,0.308715,0.0573832
66408,272007168,9.80415,0.0374439,0,15.7337,0.488208,9.55829,21.9256,47.5407,0.284908,0.0575867
66432,272105472,9.80436,0.0548452,0.010521,14.3083,0.507848,8.87695,21.9409,48.2017,0.308259,0.0575358
66456,272203776,9.80532,0.0602669,0.0111441,15.1886,0.556486,9.38626,21.7204,49.4493,0.284422,0.056722
66480,272302080,9.80465,0.039165,0.0290615,13.8411,0.540917,7.6321,21.532,43.5769,0.304477,0.0572408
66504,272400384,9.80363,0.0491626,0.0568234,15.178,0.522262,8.71823,22.0384,48.9116,0.305097,0.0577189
66528,272498688,9.80334,0.0312458,0.0110445,14.9484,0.513073,8.76611,21.8902,48.868,0.285312,0.0574036
66552,272596992,9.8032,0.0781363,0.0411664,14.4092,0.515128,8.45332,21.733,47.9323,0.314242,0.0568339
66576,272695296,9.80339,0.0355521,0,15.8517,0.548207,9.90035,22.3581,50.3066,0.306553,0.0554911
66600,272793600,9.80287,0.0436986,0.01905,13.4639,0.505857,6.71393,21.5342,46.5549,0.280684,0.0544841
66624,272891904,9.8032,0.0415054,0.0248234,15.1324,0.532651,9.38146,21.8735,51.2564,0.299357,0.0535583
66648,272990208,9.80201,0.0377752,0.0200573,13.5301,0.493731,7.54876,21.8697,45.9586,0.300475,0.052653
66672,273088512,9.8013,0.0597206,0.0042672,14.4432,0.571455,8.42917,21.8715,45.9874,0.319939,0.0509949
66696,273186816,9.80147,0.0678499,0.0247875,15.1883,0.555638,8.61273,21.6677,48.5592,0.295465,0.0500488
66720,273285120,9.80088,0.030327,0.011813,14.8928,0.522902,7.97911,22.1914,49.6958,0.301977,0.0500895
66744,273383424,9.80089,0.043943,0,16.5929,0.522466,9.71942,21.9336,51.7701,0.300522,0.0495605
66768,273481728,9.80085,0.0554452,0.0147283,14.1729,0.603349,7.2838,21.5075,43.4155,0.306696,0.048055
66792,273580032,9.80129,0.0406453,0.0217662,17.1585,0.547968,10.9591,22.2103,51.2784,0.294232,0.0482076
66816,273678336,9.80198,0.0701494,0.0359112,15.018,0.504342,9.16605,21.9574,50.1996,0.308146,0.0472209
66840,273776640,9.80241,0.0244632,0.00546639,15.1621,0.525815,9.24356,22.0864,49.7672,0.290414,0.0464783
66864,273874944,9.80293,0.0411142,0.0222399,14.9411,0.510231,8.72481,21.7536,49.9896,0.283934,0.0451762
66888,273973248,9.80264,0.0512082,0.0104696,14.3706,0.509843,8.08223,21.9699,48.657,0.300055,0.0444946
66912,274071552,9.804,0.0389069,0,15.8193,0.552192,9.31847,21.8315,50.8812,0.301478,0.0435486
66936,274169856,9.80447,0.0420518,0.0197105,16.3823,0.557353,10.0193,22.3127,51.3585,0.302614,0.0424398
66960,274268160,9.80537,0.0274106,0.015,14.7008,0.554657,8.32683,21.6651,48.0994,0.307996,0.0419718
66984,274366464,9.80561,0.0371963,0.00931333,13.3182,0.490833,7.80848,21.2937,47.7729,0.300924,0.0413818
67008,274464768,9.80486,0.0690576,0,13.276,0.519688,6.68699,21.8072,47.6725,0.313667,0.0406799
67032,274563072,9.80432,0.0364734,0.00593149,14.1792,0.576083,7.87881,21.8158,47.9956,0.286337,0.0398356
67056,274661376,9.80504,0.0573655,0.0126921,15.8415,0.553245,7.65777,22.193,49.5776,0.318904,0.0403442
67080,274759680,9.80491,0.0202477,0,15.0381,0.571242,8.00068,22.3559,49.5515,0.281699,0.0398254
67104,274857984,9.80481,0.0392583,0,13.2826,0.521387,7.30199,21.5615,42.7357,0.296932,0.0371195
67128,274956288,9.80461,0.0452249,0.0236907,14.2478,0.513797,8.36208,21.8529,47.5331,0.310884,0.0354309
67152,275054592,9.80452,0.0436415,0,13.7255,0.518583,7.97681,22.0098,47.9634,0.291704,0.0341288
67176,275152896,9.80506,0.0159886,0.0130453,16.2095,0.551941,9.54681,21.9526,51.48,0.295773,0.0336405
67200,275251200,9.80592,0.0384594,0.0154959,17.1196,0.498909,11.052,22.4025,51.3549,0.310622,0.0335897
67224,275349504,9.8069,0.0214114,0.0107792,13.9672,0.532354,8.25656,21.4675,46.5535,0.288641,0.0329793
67248,275447808,9.8061,0.0434951,0,14.8992,0.521784,9.06774,21.701,46.4874,0.300292,0.0322164
67272,275546112,9.80661,0.0287696,0.0321708,15.2987,0.5549,8.21342,21.6439,47.4439,0.293678,0.031606
67296,275644416,9.80716,0.0218299,0,15.8117,0.564964,9.45126,22.4673,50.199,0.305072,0.0322062
67320,275742720,9.80687,0.0393638,0.0249584,15.243,0.59741,8.09002,21.5746,49.3798,0.316972,0.03243
67344,275841024,9.80677,0.0418559,0,14.9627,0.53814,9.10058,22.4454,50.133,0.312106,0.0323283
67368,275939328,9.80546,0.0438326,0,13.8342,0.535125,7.85654,21.703,46.8976,0.302775,0.0334676
67392,276037632,9.8052,0.0423086,0,14.0777,0.539241,8.10849,21.539,45.7953,0.306739,0.0337219
67416,276135936,9.8054,0.0309094,0,14.5888,0.544138,8.6529,21.9289,50.0815,0.311068,0.0336914
67440,276234240,9.80428,0.0428994,0.0180777,14.4754,0.48329,8.48895,22.0171,46.1101,0.30677,0.0346883
67464,276332544,9.80571,0.0509812,0.00514403,15.3798,0.539818,9.46066,22.137,50.5967,0.273738,0.0350037
67488,276430848,9.806,0.0597803,0.0328574,13.8869,0.479133,7.94073,21.6643,45.2083,0.288141,0.0346578
67512,276529152,9.80574,0.0189551,0.00684429,15.8634,0.59997,9.56084,22.4463,52.8126,0.298556,0.0357869
67536,276627456,9.80533,0.043371,0.0233819,15.4828,0.586051,9.47632,22.3612,51.7843,0.29554,0.036794
67560,276725760,9.80519,0.0646958,0,15.1608,0.512444,9.53555,21.8196,47.7568,0.2902,0.0371704
67584,276824064,9.80543,0.0479161,0,14.2383,0.545182,7.75115,21.2603,43.3313,0.320391,0.0378418
67608,276922368,9.80581,0.0487581,0,14.9402,0.513421,8.93253,22.1692,50.0685,0.27972,0.0379639
67632,277020672,9.80668,0.0252518,0,16.0997,0.601576,9.75234,22.1142,51.6089,0.308357,0.0379944
67656,277118976,9.80569,0.0451365,0.0182385,14.3651,0.523858,8.10848,22.0578,49.8407,0.298731,0.0386251
67680,277217280,9.80474,0.0427525,0,15.6533,0.525055,9.50712,22.3803,51.0943,0.277885,0.0396525
67704,277315584,9.80403,0.0275478,0.0344932,15.1732,0.562648,9.45156,22.4859,50.5284,0.325208,0.0403748
67728,277413888,9.80406,0.0366732,0.00622924,14.3634,0.514864,8.03516,22.0362,48.9402,0.305921,0.0393778
67752,277512192,9.80379,0.0527648,0.0285094,14.3062,0.507412,8.05053,21.8305,50.3458,0.299197,0.0403239
67776,277610496,9.80295,0.0261702,0.00852071,15.5895,0.537502,9.41781,21.9236,50.0222,0.281807,0.041453
67800,277708800,9.80237,0.0277728,0,14.9159,0.505908,9.22078,22.1822,47.8099,0.286854,0.0416362
67824,277807104,9.8011,0.0667434,0.00487828,15.0258,0.485173,8.99186,22.413,50.3614,0.281526,0.0416463
67848,277905408,9.80114,0.0416502,0.0157936,17.9549,0.607303,10.1308,23.1253,52.9627,0.2916,0.0421855
67872,278003712,9.80184,0.0644869,0.0208251,13.5851,0.520275,7.63607,22.0423,46.2814,0.308016,0.0432638
67896,278102016,9.80188,0.0238836,0.0115928,16.6478,0.52546,9.51493,23.1724,49.5028,0.298784,0.0445557
67920,278200320,9.80137,0.0639706,0.00722022,14.7387,0.506102,9.02928,22.2117,51.7634,0.303829,0.0452779
67944,278298624,9.79949,0.0582026,0.00678183,16.2966,0.501426,9.845,22.1353,47.9058,0.285043,0.0465597
67968,278396928,9.79665,0.0772335,0.0249616,15.4388,0.550741,9.36831,22.1284,50.5342,0.290332,0.0482178
67992,278495232,9.79475,0.040293,0,14.5669,0.529725,8.27252,22.1406,47.8193,0.324717,0.0496012
68016,278593536,9.79409,0.0599657,0.0311526,14.1427,0.538765,7.41189,22.3986,51.0689,0.300598,0.0497335
68040,278691840,9.79409,0.0297379,0.0151552,18.0357,0.598722,11.02,22.4583,52.4507,0.292645,0.04953
68064,278790144,9.79377,0.0771369,0.0723369,13.4722,0.498136,7.33114,22.1288,47.2656,0.318175,0.0490417
68088,278888448,9.79371,0.0270821,0.0205915,15.3814,0.538641,8.7538,21.8906,50.6474,0.318476,0.0488485
68112,278986752,9.79288,0.0402787,0.025856,15.69,0.589149,8.78703,21.4944,48.6498,0.306022,0.0498352
68136,279085056,9.79214,0.0507407,0.0121044,13.1419,0.494445,6.85749,22.3209,50.4709,0.293818,0.0505269
68160,279183360,9.79151,0.0645592,0.0260417,14.0705,0.509812,7.05334,22.5788,46.1044,0.322476,0.0513713
68184,279281664,9.79021,0.0357585,0.0127768,16.2635,0.579738,9.85907,22.6031,50.9136,0.297546,0.0517883
68208,279379968,9.79087,0.0522872,0.0135423,17.7539,0.544593,10.9297,22.3185,51.4837,0.294157,0.0521545
68232,279478272,9.79056,0.0663303,0.011792,13.3687,0.464729,7.24033,22.0815,47.4264,0.310635,0.0523885
68256,279576576,9.79013,0.034837,0.00840336,16.519,0.517829,10.4329,22.4929,52.5581,0.297859,0.0528666
68280,279674880,9.79044,0.0315001,0.0143703,15.271,0.512221,8.97739,21.8729,46.3216,0.296951,0.0525614
68304,279773184,9.79066,0.0379585,0.00705503,15.2275,0.57327,7.63124,23.1894,52.2396,0.281123,0.0516256
68328,279871488,9.79029,0.0247687,0.00747165,15.7802,0.590945,9.28949,22.3602,50.3093,0.270543,0.0518697
68352,279969792,9.79049,0.0394115,0.0186101,14.6805,0.556951,8.29121,22.2409,47.0004,0.284332,0.0514221
68376,280068096,9.79108,0.0535362,0,14.6027,0.537004,8.04828,22.0361,48.9795,0.305023,0.051768
68400,280166400,9.78994,0.0501315,0.00747477,15.866,0.563776,8.84675,21.9905,44.5885,0.313683,0.0527852
68424,280264704,9.78885,0.0369141,0.00831025,19.6539,0.636471,10.1812,22.0307,49.4208,0.296619,0.0535177
68448,280363008,9.78878,0.053665,0.00971952,14.7174,0.501535,8.96518,22.0881,50.9465,0.295552,0.0533244
68472,280461312,9.78827,0.0348931,0,15.4887,0.528946,9.48614,22.5001,53.1327,0.315108,0.0534261
68496,280559616,9.78959,0.0709852,0,13.3853,0.539699,7.04279,21.4294,46.5741,0.297863,0.0526123
68520,280657920,9.78948,0.0154185,0,15.8946,0.536683,9.82225,22.6261,50.2241,0.303916,0.051005
68544,280756224,9.78849,0.0399044,0.00580018,15.3731,0.531917,8.98256,22.2492,50.9291,0.29657,0.0512187
68568,280854528,9.78824,0.0803105,0.062392,14.8788,0.500807,8.77002,22.2463,50.0467,0.30436,0.0509033
68592,280952832,9.78771,0.0379822,0.0407102,15.4713,0.542105,9.61944,22.6351,50.748,0.306185,0.0505778
68616,281051136,9.78687,0.0374729,0.0127303,15.9419,0.553096,9.9857,22.756,53.0399,0.305835,0.0511068
68640,281149440,9.78682,0.056148,0.00982502,14.8996,0.555477,8.43283,22.3886,49.3828,0.312768,0.0520223
68664,281247744,9.78538,0.0647729,0.0521333,15.6779,0.545059,9.31377,21.8253,48.4899,0.29554,0.0528158
68688,281346048,9.78487,0.0494928,0,14.1679,0.54668,7.83112,21.6793,48.4021,0.312929,0.053009
68712,281444352,9.78472,0.0470013,0.0253852,13.8014,0.522175,8.07697,21.4973,44.5487,0.309113,0.0540568
68736,281542656,9.78146,0.0337424,0.00624637,16.0215,0.536609,9.36857,22.3277,52.2558,0.319083,0.0563965
68760,281640960,9.77929,0.0444477,0,15.549,0.552427,8.343,22.0206,49.6393,0.326466,0.0568441
68784,281739264,9.77959,0.0498309,0.0196285,14.399,0.51874,8.24676,21.7284,45.6511,0.283148,0.0570679
68808,281837568,9.77892,0.0486913,0.0217704,16.383,0.519644,10.1243,21.8599,47.8324,0.3153,0.0574443
68832,281935872,9.77851,0.0372943,0.00535783,17.9137,0.591885,9.30151,21.666,43.1329,0.3321,0.0591736
68856,282034176,9.77745,0.0346329,0,14.5211,0.503856,8.30809,21.9613,49.5867,0.301099,0.0603536
68880,282132480,9.77587,0.0282737,0.0167836,14.9739,0.511111,9.33067,22.4131,48.6845,0.327662,0.0605672
68904,282230784,9.77536,0.0365065,0.0113208,15.2659,0.535225,9.31001,22.1179,48.409,0.301185,0.0603333
68928,282329088,9.77661,0.0566217,0.0157068,16.9728,0.524545,9.26427,21.6684,46.2719,0.29913,0.0592855
68952,282427392,9.77742,0.0817085,0.0213973,15.1722,0.516869,8.91568,22.1436,49.8113,0.300588,0.0572408
68976,282525696,9.7773,0.0703065,0.00994695,14.3341,0.497707,8.5578,21.6569,47.8383,0.293666,0.0569661
69000,282624000,9.77725,0.0183966,0.0106259,16.7283,0.515317,10.6157,21.9465,50.7056,0.313473,0.0557658
69024,282722304,9.77647,0.0300051,0.030895,14.3453,0.504287,7.61317,21.9165,50.3781,0.319351,0.0556844
69048,282820608,9.77626,0.0612633,0,14.2431,0.486727,7.80763,21.7545,48.3293,0.315149,0.055837
69072,282918912,9.77619,0.0393721,0.00829548,14.8919,0.583679,9.01738,21.7636,51.8669,0.292763,0.0562948
69096,283017216,9.77608,0.0671668,0.0298437,12.8221,0.511756,6.78562,21.8221,46.9226,0.309919,0.0560099
69120,283115520,9.77649,0.052041,0.0253069,13.3761,0.473727,7.07081,21.8843,47.8419,0.321664,0.0549927
69144,283213824,9.77675,0.055908,0.0131855,15.945,0.521203,9.83098,22.4211,52.9891,0.290558,0.0543213
69168,283312128,9.77672,0.0807306,0.0347452,14.0003,0.485336,7.78657,22.033,47.9433,0.321431,0.0530904
69192,283410432,9.77717,0.0299723,0.00741348,14.7167,0.498885,9.03922,21.9861,48.5187,0.300517,0.0522359
69216,283508736,9.77827,0.0178333,0.0156986,14.4703,0.531435,8.65892,21.9297,48.2632,0.316367,0.0520325
69240,283607040,9.77964,0.0536012,0.00901046,14.3446,0.493398,7.97046,21.7042,49.7867,0.313977,0.0504252
69264,283705344,9.78088,0.0427439,0.017783,15.2724,0.555898,8.7038,21.889,47.7729,0.293326,0.0496216
69288,283803648,9.78164,0.0675183,0.0137102,14.0902,0.515423,8.19933,22.0234,51.069,0.307961,0.0485636
69312,283901952,9.78235,0.0389396,0,14.7992,0.526214,9.37098,22.054,48.3172,0.291111,0.0473328
69336,284000256,9.78273,0.0373853,0.0150602,14.4224,0.485279,8.77517,22.0752,47.9917,0.3356,0.0468038
69360,284098560,9.78386,0.0393747,0.0118504,14.1153,0.496052,8.44826,21.8828,52.9685,0.334651,0.0457255
69384,284196864,9.78467,0.0396225,0.0123455,13.2713,0.520462,7.12904,21.5435,45.0326,0.30016,0.0443013
69408,284295168,9.78629,0.0420199,0.0142497,15.1168,0.528331,9.11243,21.5885,49.6173,0.291622,0.0429789
69432,284393472,9.78739,0.0439766,0.0436628,13.8987,0.493664,8.06327,22.2188,49.8009,0.280798,0.0415344
69456,284491776,9.78862,0.050828,0,15.8459,0.483099,9.43508,22.2603,48.2032,0.305447,0.0400798
69480,284590080,9.78961,0.0340527,0,14.5049,0.521747,8.68204,22.13,50.2724,0.298732,0.039032
69504,284688384,9.79016,0.0446655,0,15.1957,0.504428,8.80334,22.3243,49.3768,0.290532,0.0390523
69528,284786688,9.79062,0.0446703,0,14.7211,0.513689,8.72884,22.2871,50.5583,0.304063,0.038564
69552,284884992,9.79092,0.0773299,0.0433884,15.4677,0.51225,9.12883,22.0914,50.6512,0.300917,0.0377197
69576,284983296,9.7922,0.0462189,0.0248074,13.8218,0.535141,7.64752,21.7456,45.3106,0.3131,0.0378316
69600,285081600,9.79259,0.0248132,0.0180482,14.6567,0.452571,8.51294,22.638,47.2006,0.295692,0.0368958
69624,285179904,9.79265,0.0208375,0,13.8093,0.491172,7.71687,22.171,45.8812,0.296424,0.0358683
69648,285278208,9.79316,0.029311,0.00652316,15.0076,0.52239,8.76392,22.3317,46.6804,0.316844,0.0340373
69672,285376512,9.79405,0.0197081,0.00900289,14.1143,0.565361,8.12974,21.5674,44.0462,0.3047,0.0322164
69696,285474816,9.79506,0.00982533,0,15.6472,0.513025,9.51739,22.2564,47.541,0.299956,0.0307515
69720,285573120,9.79566,0.0683799,0.0199822,15.696,0.537557,9.35119,22.2765,47.1193,0.296002,0.0292969
69744,285671424,9.79628,0.0324934,0,16.564,0.516748,9.48534,22.8373,55.2924,0.305457,0.027476
69768,285769728,9.79581,0.0570501,0.0173115,13.0841,0.454829,7.28227,21.9137,45.2398,0.306648,0.0254618
69792,285868032,9.79617,0.0303718,0.0288291,16.2391,0.529754,10.1873,22.3283,49.2567,0.302003,0.0244039
69816,285966336,9.79604,0.0302115,0.00612423,15.1746,0.541474,9.22863,22.2321,47.1655,0.285796,0.0224915
69840,286064640,9.79788,0.039349,0.0156639,14.3908,0.49369,8.98143,22.4285,48.093,0.3061,0.0205587
69864,286162944,9.7993,0.0452466,0.0232773,13.9812,0.510604,8.45154,22.6563,47.0597,0.307299,0.0186869
69888,286261248,9.79954,0.0221363,0,15.856,0.501464,9.36355,22.7596,50.4815,0.295256,0.0168152
69912,286359552,9.79946,0.0257048,0,14.3744,0.52203,7.81578,22.2894,45.5512,0.310602,0.0158183
69936,286457856,9.79979,0.0487763,0,14.1435,0.518774,8.34102,22.5783,51.0335,0.317123,0.0155538
69960,286556160,9.80025,0.0785309,0.0440535,14.1286,0.494728,8.61055,22.5844,48.1952,0.314899,0.0143331
69984,286654464,9.80084,0.0646258,0.0375936,14.2446,0.525286,7.74782,22.5557,48.603,0.326163,0.0131632
70008,286752768,9.80169,0.0123052,0,13.676,0.495441,7.86869,22.3003,46.6297,0.315703,0.0117086
70032,286851072,9.8027,0.0375554,0,15.5886,0.54443,8.39798,22.87,51.5045,0.268342,0.010966
70056,286949376,9.80404,0.0515469,0.0238383,15.131,0.567677,9.01718,22.619,49.24,0.29103,0.00996908
70080,287047680,9.80438,0.0347764,0.0116706,15.2462,0.516078,9.24799,22.6258,47.5037,0.301897,0.00959269
70104,287145984,9.80608,0.0350144,0.0240314,14.7241,0.55282,7.76471,22.1239,49.3642,0.31838,0.00926717
70128,287244288,9.80609,0.0425001,0.0173112,14.3748,0.471444,8.57568,22.9737,50.9509,0.304933,0.00869751
70152,287342592,9.80725,0.0581009,0.033157,15.9685,0.512399,10.3669,23.3605,55.7846,0.282797,0.00867717
70176,287440896,9.8078,0.0688906,0.0287738,15.1701,0.508595,9.9404,22.5149,50.4644,0.287036,0.00874837
70200,287539200,9.80874,0.0490103,0.0232627,15.9852,0.480365,9.21973,22.0758,45.9282,0.297994,0.00820923
70224,287637504,9.80906,0.0537706,0.015,16.2456,0.487423,9.45593,22.4978,51.1615,0.32372,0.00829061
70248,287735808,9.8102,0.0446488,0.0269923,13.8906,0.499775,7.95093,22.5494,51.1552,0.30776,0.0081075
70272,287834112,9.81127,0.0152002,0.00595061,15.5489,0.549277,9.63455,22.9284,51.4308,0.268364,0.00791423
70296,287932416,9.81169,0.0318483,0.00609818,13.943,0.485152,7.63649,22.4791,46.5725,0.303632,0.00805664
70320,288030720,9.81317,0.0413029,0.00953678,14.1669,0.495922,7.79589,22.7198,46.9925,0.307745,0.00805664
70344,288129024,9.81459,0.0452598,0,14.7967,0.490182,9.20184,22.6867,49.2277,0.291321,0.00763957
70368,288227328,9.8154,0.051244,0.0227155,14.5568,0.543401,8.29299,22.8409,48.3564,0.304339,0.00789388
70392,288325632,9.81699,0.0387562,0.0180855,13.3958,0.538643,7.45758,22.9055,50.7847,0.30064,0.00817871
70416,288423936,9.81796,0.0541063,0,13.1304,0.525662,6.24549,22.1645,44.9039,0.299094,0.00830078
70440,288522240,9.81843,0.0450423,0.0241901,12.9956,0.474486,7.06261,22.5115,44.8279,0.294748,0.00830078
70464,288620544,9.81857,0.0997721,0.0205479,13.6318,0.505587,7.93417,22.2203,42.1508,0.304075,0.00830078
70488,288718848,9.81855,0.0457565,0.0284791,14.5959,0.509534,8.75469,22.4179,48.7819,0.287187,0.00832113
70512,288817152,9.81913,0.0320821,0,15.7682,0.547408,9.65191,22.7734,50.141,0.307085,0.00854492
70536,288915456,9.82005,0.0407484,0.0216547,15.9872,0.527922,10.2347,23.1104,50.8619,0.285417,0.00861613
70560,289013760,9.82217,0.0721343,0.0141172,13.6311,0.49415,7.60979,22.381,49.8134,0.317735,0.0084432
70584,289112064,9.8228,0.0515127,0.00997672,15.3408,0.507594,9.18688,22.5886,50.0598,0.308506,0.00838216
70608,289210368,9.82464,0.0403422,0.00531888,15.5275,0.508247,9.49837,22.2939,49.9355,0.295575,0.00830078
70632,289308672,9.82628,0.0285214,0.0044964,15.2475,0.496787,9.2205,23.1737,52.3758,0.303217,0.00813802
70656,289406976,9.82654,0.0679418,0.0103472,16.3741,0.474311,8.28755,22.4872,50.7065,0.295125,0.00797526
70680,289505280,9.82773,0.0350407,0,13.7451,0.484367,7.76701,22.597,47.9143,0.285708,0.00768026
70704,289603584,9.82904,0.0564377,0.031379,14.7429,0.494148,8.71325,22.88,48.2584,0.287417,0.00737508
70728,289701888,9.83029,0.0228598,0.00562136,16.4852,0.480936,10.8257,23.2888,51.844,0.304129,0.00698853
70752,289800192,9.83124,0.0686273,0.0541285,13.4853,0.474508,6.92575,22.0618,46.1512,0.287241,0.00705973
70776,289898496,9.83237,0.03486,0.022686,16.4092,0.500192,10.1095,23.0388,49.5091,0.323416,0.00725301
70800,289996800,9.83309,0.0389937,0.00752972,13.3287,0.504835,7.15017,22.158,49.0876,0.297396,0.00687663
70824,290095104,9.83344,0.0437492,0,14.4804,0.473799,8.44781,22.4849,47.6882,0.309467,0.00661214
70848,290193408,9.83297,0.0299317,0.0106453,15.0155,0.50015,8.97008,22.6403,53.523,0.314925,0.00657145
70872,290291712,9.83361,0.044177,0.00465116,14.8045,0.521286,8.57192,22.5889,47.492,0.304354,0.00646973
70896,290390016,9.83431,0.0279503,0.0247204,15.4209,0.506406,9.38747,22.9227,49.3356,0.288229,0.0065918
70920,290488320,9.83405,0.0513017,0.00886525,15.743,0.496144,9.32228,22.9233,52.4125,0.27131,0.00679525
70944,290586624,9.83534,0.0454306,0.0262249,14.3311,0.483935,7.57484,22.5271,47.9549,0.297033,0.00679525
70968,290684928,9.83652,0.0204473,0.0110038,15.3683,0.555408,8.51984,22.0675,45.9224,0.299707,0.00660197
70992,290783232,9.83833,0.0222545,0,15.4972,0.505872,9.28104,22.6215,48.2717,0.305419,0.00686646
71016,290881536,9.8397,0.0361542,0,13.544,0.495763,7.72613,22.4901,46.8491,0.295963,0.00682577
71040,290979840,9.8402,0.0475808,0.0176856,13.1245,0.505865,7.36334,22.2031,45.0464,0.287155,0.00655111
71064,291078144,9.8406,0.044986,0.00863858,13.9508,0.482812,8.01641,22.797,48.6175,0.291292,0.00617472
71088,291176448,9.84098,0.0493528,0.0327439,16.493,0.511242,10.1005,22.6452,52.1381,0.315151,0.00593058
71112,291274752,9.84294,0.023498,0.0157417,13.9799,0.486149,8.14249,22.9957,47.6014,0.288409,0.00610352
71136,291373056,9.84409,0.0772203,0.0258584,13.5778,0.494639,7.33166,22.2239,45.7936,0.305406,0.00622559
71160,291471360,9.84512,0.0279375,0,16.4553,0.546329,9.12676,22.3614,49.2906,0.292269,0.00605265
71184,291569664,9.84489,0.0558138,0.00940347,15.7465,0.503347,9.58389,22.919,52.4775,0.310062,0.006073
71208,291667968,9.84549,0.0465205,0,13.262,0.50538,7.20016,21.9428,45.1646,0.297801,0.00612386
71232,291766272,9.84613,0.0381688,0.0144951,14.942,0.507627,8.5379,22.1036,49.7497,0.319921,0.00585938
71256,291864576,9.84657,0.099921,0.0395778,14.8469,0.454944,8.63452,22.6037,49.0378,0.28097,0.00585938
71280,291962880,9.84744,0.0319423,0.00769959,15.3639,0.548425,8.91187,22.6623,48.8586,0.311256,0.00574748
71304,292061184,9.84804,0.0566414,0.0161677,14.4629,0.591593,8.42332,22.7374,51.9263,0.302662,0.00585938
71328,292159488,9.84799,0.051047,0.0172816,13.8172,0.515517,8.40218,22.3498,49.7197,0.298858,0.00585938
71352,292257792,9.84865,0.0410003,0.0120213,14.891,0.522982,9.01801,22.4895,52.7245,0.303076,0.00578817
71376,292356096,9.84974,0.0385575,0,16.4844,0.545342,9.85726,22.466,52.8052,0.28196,0.0054423
71400,292454400,9.85218,0.0316456,0,16.8102,0.552393,10.5631,22.6976,55.3357,0.321462,0.00515747
71424,292552704,9.85421,0.0725774,0.00878955,14.0431,0.495606,8.16915,22.33,48.3989,0.298215,0.00556437
71448,292651008,9.85492,0.0496588,0.0134862,13.4186,0.51142,7.967,22.0472,51.782,0.31635,0.00586955
71472,292749312,9.85509,0.0566181,0.013439,13.5467,0.508784,7.20516,21.8271,46.9799,0.301105,0.00610352
71496,292847616,9.85617,0.0388433,0.00993049,16.7122,0.562337,10.7365,22.6911,52.4944,0.28983,0.00605265
71520,292945920,9.85728,0.073328,0.00683995,15.9842,0.518237,8.74022,22.1757,51.4718,0.30125,0.00587972
71544,293044224,9.85803,0.0538751,0,15.7378,0.541788,9.3511,22.1208,50.3711,0.292451,0.00610352
71568,293142528,9.8581,0.0162286,0,15.2398,0.520815,9.11722,22.4666,53.4006,0.284541,0.00605265
71592,293240832,9.85826,0.0538399,0.0335637,14.0176,0.478853,8.08207,21.8399,46.5959,0.287048,0.00612386
71616,293339136,9.85842,0.0610839,0.0427757,14.7895,0.486691,8.80971,21.8708,50.8272,0.274416,0.0065918
71640,293437440,9.85942,0.0531016,0.021,14.4955,0.495459,8.45882,22.1844,52.0156,0.301633,0.00671387
71664,293535744,9.8597,0.0406309,0.0165984,16.1181,0.551192,8.21879,21.2741,47.9163,0.304795,0.00732422
71688,293634048,9.85956,0.0428254,0,15.9534,0.594856,9.20297,22.075,52.0123,0.295042,0.00732422
71712,293732352,9.86004,0.0930764,0.0155407,13.3474,0.498315,7.05035,21.7395,46.2288,0.298916,0.0075175
71736,293830656,9.86033,0.0606745,0.060299,14.3138,0.495873,8.3611,21.8641,48.4001,0.298535,0.00764974
71760,293928960,9.86095,0.0402557,0,13.2523,0.47746,7.48287,21.6028,48.1859,0.311885,0.00743612
71784,294027264,9.86113,0.0481684,0.0409139,15.0502,0.524373,8.17139,21.3584,46.9065,0.302385,0.00765991
71808,294125568,9.86088,0.0349432,0.00715107,15.2187,0.541327,9.25252,21.4672,46.7434,0.298368,0.00780233
71832,294223872,9.86096,0.0533937,0.0120773,15.9055,0.56222,9.88707,21.7984,47.6811,0.286816,0.00756836
71856,294322176,9.86194,0.0501989,0.0186377,14.6752,0.502231,8.6304,21.4303,48.6964,0.310068,0.00756836
71880,294420480,9.86252,0.0350291,0.00538052,16.4899,0.53449,9.62672,21.8727,48.4132,0.29926,0.00769043
71904,294518784,9.8636,0.0358883,0.0286299,17.5253,0.535475,10.7975,21.985,52.5555,0.305487,0.00798543
71928,294617088,9.86373,0.0372223,0.00995025,14.2483,0.505683,8.32805,21.771,47.9035,0.284977,0.00795492
71952,294715392,9.86358,0.0512657,0.0185431,13.5048,0.520217,7.10235,20.8565,42.8761,0.281174,0.00830078
71976,294813696,9.86428,0.0517086,0.0102249,14.3349,0.519205,8.28976,21.2101,44.7214,0.29134,0.00845337
72000,294912000,9.86441,0.0441675,0,14.7164,0.494793,8.93508,21.4718,52.4645,0.295354,0.00831095
72024,295010304,9.86544,0.0603468,0,13.1996,0.54136,7.53201,21.1487,43.2816,0.299471,0.00838216
72048,295108608,9.86579,0.0400275,0.0133854,15.1423,0.516498,9.68231,21.6066,48.726,0.28051,0.00866699
72072,295206912,9.86713,0.036995,0.0202286,15.6342,0.466845,9.37288,21.2144,47.7224,0.29558,0.00864665
72096,295305216,9.86681,0.0530664,0.00887105,13.8348,0.511321,7.74361,21.0014,43.7161,0.325096,0.00891113
72120,295403520,9.86749,0.0629301,0.0123223,14.7259,0.50475,9.43001,21.2306,46.5802,0.306212,0.00919596
72144,295501824,9.86885,0.0633103,0.021117,14.1755,0.490088,8.38326,21.3048,47.9957,0.306523,0.00893148
72168,295600128,9.87093,0.079108,0,15.6233,0.54489,8.66948,21.443,49.637,0.274028,0.00932821
72192,295698432,9.87186,0.0540068,0.00689685,16.0916,0.517714,9.55524,21.5836,50.666,0.294144,0.0091451
72216,295796736,9.87182,0.0599729,0.00628141,13.7528,0.49988,7.68984,21.1323,46.5524,0.278585,0.00912476
72240,295895040,9.87195,0.0655715,0,14.2256,0.54222,8.62738,20.999,47.2603,0.28775,0.00941976
72264,295993344,9.87229,0.104264,0.0345066,14.7237,0.516213,8.75348,21.2738,50.116,0.294322,0.00976562
72288,296091648,9.87315,0.0393141,0,14.5101,0.482256,8.59156,21.2707,48.4613,0.296885,0.00967407
72312,296189952,9.87343,0.0193608,0,16.1269,0.517447,10.0331,21.8009,52.6345,0.309761,0.00952148
72336,296288256,9.87449,0.0571316,0.0314257,14.2474,0.494294,8.11312,21.0277,48.333,0.292721,0.00956217
72360,296386560,9.87552,0.0447515,0,13.2265,0.509573,7.39878,21.0723,46.4612,0.327019,0.00993856
72384,296484864,9.87618,0.0588504,0.00626382,14.3003,0.500502,8.72528,20.9801,45.9069,0.307666,0.0100098
72408,296583168,9.87663,0.0456613,0.00572683,14.9761,0.479265,8.60262,21.5414,47.562,0.290739,0.00965373
72432,296681472,9.87783,0.0446786,0.0180072,16.479,0.531759,10.2168,21.5496,49.7591,0.291946,0.00940959
72456,296779776,9.87845,0.0942593,0.0274143,14.5092,0.482486,8.79524,21.4743,50.6952,0.299513,0.00945028
72480,296878080,9.87872,0.0417609,0,14.2356,0.479524,8.5223,21.4844,48.7523,0.293555,0.00998942
72504,296976384,9.87891,0.0343484,0.0117371,15.6441,0.519584,9.64076,21.5776,50.8705,0.307365,0.0102437
72528,297074688,9.87808,0.0223879,0,14.7235,0.515474,8.73066,21.7747,51.0867,0.296629,0.0104472
72552,297172992,9.87775,0.0629145,0.013446,14.9089,0.516158,9.27279,21.5323,51.5959,0.298594,0.0103353
72576,297271296,9.8768,0.058312,0.0342727,13.8912,0.496815,8.2475,20.9542,43.4493,0.305959,0.0105591
72600,297369600,9.87571,0.0729106,0.00573998,13.8902,0.564596,7.5808,21.3082,47.5872,0.284937,0.0108744
72624,297467904,9.87519,0.0158713,0.00467186,14.7255,0.490127,8.7369,21.3983,48.4779,0.288997,0.0111898
72648,297566208,9.87535,0.0626681,0,15.0205,0.486629,8.85483,21.9829,50.216,0.297069,0.0113118
72672,297664512,9.87584,0.0839895,0.00864909,13.5939,0.485876,7.86697,20.7144,44.2535,0.297322,0.0114441
72696,297762816,9.87604,0.0443533,0.0425411,15.0775,0.560733,9.54108,22.228,54.4152,0.295201,0.0114441
72720,297861120,9.87675,0.0151078,0,15.9968,0.514275,9.92161,21.9728,55.157,0.303647,0.0112305
72744,297959424,9.87742,0.05761,0.0189325,15.2415,0.484633,9.67315,21.8009,49.0318,0.300915,0.0110881
72768,298057728,9.87709,0.0359317,0.00645608,15.3114,0.546772,9.19325,21.8766,50.3061,0.295377,0.0112101
72792,298156032,9.87708,0.0474146,0.0193778,14.9449,0.496969,8.73922,21.47,48.529,0.307715,0.0110779
72816,298254336,9.87637,0.0410499,0.00477555,15.84,0.529145,9.2681,21.5555,48.9531,0.290385,0.0121358
72840,298352640,9.87553,0.0770343,0.04179,14.454,0.519928,8.59263,21.639,51.3329,0.300528,0.0132141
72864,298450944,9.8762,0.0299843,0,14.6997,0.511838,7.99082,21.1242,46.7223,0.299752,0.0144246
72888,298549248,9.87696,0.037425,0.010037,13.8761,0.51215,7.73636,21.3353,46.2388,0.280834,0.0144043
72912,298647552,9.87702,0.1045,0.029889,12.6575,0.483923,6.79534,20.3828,39.55,0.268643,0.0145264
72936,298745856,9.87703,0.0246809,0.0119705,15.3476,0.509133,8.72583,21.8367,49.1264,0.304082,0.0149028
72960,298844160,9.87692,0.0446772,0.00457995,14.9683,0.514478,8.89044,21.9185,47.9943,0.291726,0.014974
72984,298942464,9.87726,0.0568601,0.0268474,14.8405,0.511228,8.75287,21.554,49.6162,0.306031,0.0149943
73008,299040768,9.87782,0.0857887,0.0343053,14.2032,0.499137,8.62307,21.4784,51.848,0.292716,0.0151774
73032,299139072,9.87742,0.0423924,0,15.4388,0.471201,9.57398,21.5502,50.3289,0.304695,0.0153809
73056,299237376,9.87893,0.0491908,0,15.4074,0.525202,9.66365,21.615,49.7262,0.297272,0.0151774
73080,299335680,9.87883,0.0686382,0.0165543,13.7627,0.4539,8.13746,21.3425,47.2674,0.300812,0.014974
73104,299433984,9.87791,0.034968,0.00758561,14.6436,0.537926,8.22014,21.073,47.2718,0.276044,0.0148926
73128,299532288,9.87743,0.0396675,0,16.6948,0.533944,8.97829,21.6757,52.271,0.311876,0.0153605
73152,299630592,9.87733,0.0329319,0.0295708,14.7357,0.510519,8.62139,21.8467,49.5437,0.27773,0.0158183
73176,299728896,9.87723,0.0490705,0.0107615,16.3811,0.544314,8.55932,22.1525,54.0285,0.304327,0.0155538
73200,299827200,9.87664,0.0638707,0,13.4694,0.471523,7.59435,21.5074,46.5556,0.307101,0.015981
73224,299925504,9.87644,0.0560707,0,14.4064,0.502358,8.93503,21.8145,53.1662,0.296904,0.0161845
73248,300023808,9.87693,0.0574132,0.0222729,11.71,0.471168,5.94699,20.6603,44.0379,0.289799,0.015859
73272,300122112,9.8768,0.0674738,0.00892762,15.1412,0.528594,9.88305,21.5483,47.6914,0.293988,0.0161031
73296,300220416,9.87715,0.061839,0.00822669,14.3532,0.530918,8.32602,21.6311,47.6307,0.290157,0.0167033
73320,300318720,9.87699,0.0382138,0.0101744,14.5548,0.519538,7.99104,21.2516,47.2565,0.327379,0.0170797
73344,300417024,9.8763,0.047086,0.0383496,15.9285,0.524381,9.74973,22.3881,52.5605,0.292785,0.0173035
73368,300515328,9.87673,0.0434836,0.0060994,15.1885,0.488531,8.9266,21.7095,50.7997,0.299619,0.017924
73392,300613632,9.87587,0.0724432,0.0186038,13.5671,0.494544,7.80017,21.5693,48.1488,0.307212,0.0186971
73416,300711936,9.87567,0.0290498,0,15.2041,0.516028,9.33591,21.7305,51.5988,0.289751,0.0191345
73440,300810240,9.87573,0.0578201,0.0244243,15.5693,0.51215,9.96172,21.7616,47.3468,0.284258,0.0189616
73464,300908544,9.87598,0.0806234,0.00739068,15.7897,0.494594,9.06776,21.8189,51.3996,0.294183,0.0189107
73488,301006848,9.87625,0.0254917,0,14.819,0.513811,8.98463,21.7218,50.6309,0.292791,0.0186259
73512,301105152,9.87603,0.111259,0.00795816,13.6141,0.460217,7.50678,21.2677,45.735,0.301607,0.0192871
73536,301203456,9.87648,0.0392976,0.0307955,15.1297,0.505116,9.12765,21.9211,51.2046,0.303218,0.0192159
73560,301301760,9.8773,0.058109,0.00670659,15.3333,0.510108,8.88208,22.3873,53.9205,0.286991,0.0196635
73584,301400064,9.87708,0.0643092,0.0130766,13.0326,0.484743,7.31881,21.2658,45.353,0.298845,0.0206401
73608,301498368,9.87719,0.0370729,0,15.7564,0.525347,9.95773,22.1093,53.4936,0.277854,0.0206706
73632,301596672,9.87622,0.051475,0,15.0028,0.5226,9.76422,22.1224,52.4654,0.27903,0.0212199
73656,301694976,9.87608,0.0583823,0.0147467,13.398,0.510029,7.14074,21.1678,47.0084,0.272692,0.0210571
73680,301793280,9.87518,0.0750737,0.0234699,13.9741,0.491518,8.06226,21.5701,48.5667,0.322023,0.0219116
73704,301891584,9.87459,0.0667278,0.00818554,14.0302,0.493246,7.92286,21.229,44.3381,0.288332,0.0228577
73728,301989888,9.87521,0.0313595,0.0126622,14.719,0.508964,8.70438,21.4907,48.8633,0.27577,0.0235087
73752,302088192,9.87531,0.070583,0.0333282,15.1759,0.539581,9.12707,21.4442,46.3062,0.296422,0.0234172
73776,302186496,9.87516,0.0695559,0.0136479,14.317,0.556551,8.52592,21.6144,48.5693,0.287215,0.0239563
73800,302284800,9.87531,0.04304,0.00449337,16.7149,0.574007,10.2844,22.3581,55.8557,0.324878,0.0236003
73824,302383104,9.87576,0.0832523,0.0062447,14.7568,0.513671,9.0158,21.6767,48.5447,0.304208,0.0227458
73848,302481408,9.87579,0.0700141,0.0108998,16.5498,0.508914,10.7202,22.4786,55.817,0.265094,0.0217794
73872,302579712,9.87648,0.0658916,0.0287199,15.0076,0.477083,8.14514,21.666,46.9316,0.300242,0.0208537
73896,302678016,9.87676,0.0660413,0.00978474,14.1148,0.504259,7.9774,21.6556,47.6536,0.303175,0.0206604
73920,302776320,9.87733,0.0657844,0.00908403,16.2132,0.552036,10.0445,21.3847,49.7098,0.324282,0.0202332
73944,302874624,9.87912,0.0394876,0.0100303,15.5661,0.501025,9.36238,21.8257,50.5251,0.290771,0.0197245
73968,302972928,9.88028,0.0202509,0.0182299,15.2517,0.538732,9.00902,21.744,49.4637,0.29733,0.0195312
73992,303071232,9.88166,0.0341249,0.00565034,14.9963,0.533446,9.13882,21.964,49.0851,0.296652,0.0195414
74016,303169536,9.88154,0.0122872,0.00730536,13.4839,0.478718,8.233,21.9111,53.4384,0.289092,0.0193176
74040,303267840,9.88152,0.0363406,0.00536255,14.3958,0.493458,8.5423,21.9381,51.1955,0.294356,0.0191752
74064,303366144,9.88164,0.0524068,0.0135705,15.2033,0.515195,9.01544,21.4274,46.2735,0.283496,0.0192871
74088,303464448,9.88161,0.0182364,0,16.0409,0.556172,9.38115,21.8434,51.6561,0.316784,0.0191956
74112,303562752,9.88209,0.0347748,0,14.0872,0.502569,8.02145,21.4921,48.1274,0.316173,0.0185445
74136,303661056,9.88216,0.0566373,0.0223801,13.8433,0.544295,7.36666,21.6369,46.9446,0.30958,0.0182393
74160,303759360,9.8817,0.0559892,0.0210131,16.0081,0.565607,9.93363,21.9797,47.6913,0.30764,0.0183411
74184,303857664,9.88211,0.0643934,0,13.7704,0.500906,7.93423,21.414,46.2827,0.31837,0.0180562
74208,303955968,9.88173,0.0556824,0.0110309,14.7772,0.522227,8.98354,22.1113,50.2464,0.289923,0.0176392
74232,304054272,9.88145,0.0596436,0.0178886,14.7465,0.511461,8.72543,22.0082,50.1012,0.281523,0.0175781
74256,304152576,9.88187,0.0585787,0.0202899,14.1081,0.50291,8.34252,21.6153,47.5386,0.279641,0.0174052
74280,304250880,9.88248,0.0712876,0.00872891,15.568,0.522374,9.59295,22.1714,49.3552,0.272646,0.0172221
74304,304349184,9.88374,0.0605813,0.0219178,14.5936,0.537019,8.89549,21.7154,50.6834,0.289276,0.0172933
74328,304447488,9.88434,0.0510321,0.0197304,15.3124,0.603499,8.09118,21.485,48.2501,0.323544,0.0175171
74352,304545792,9.88472,0.0501182,0.00979135,16.1136,0.498403,9.82058,21.9118,49.8273,0.290917,0.0175171
74376,304644096,9.88486,0.0549996,0.0150698,15.6794,0.549112,10.0889,21.8876,47.3909,0.289479,0.0166524
74400,304742400,9.8846,0.0533939,0.0416996,14.6431,0.495451,8.64029,21.6464,46.9837,0.279637,0.0164693
74424,304840704,9.88456,0.0472114,0.0178493,16.8264,0.529354,9.93872,21.7948,51.5524,0.280269,0.0163269
74448,304939008,9.88417,0.0650144,0,14.6013,0.522062,8.82077,21.666,48.476,0.296196,0.0163167
74472,305037312,9.88403,0.0502077,0.00586338,13.5175,0.518019,7.41442,21.7241,46.3004,0.286547,0.0158691
74496,305135616,9.88445,0.048427,0.0082074,13.2989,0.509402,7.55891,21.4935,48.8965,0.28755,0.0153198
74520,305233920,9.8844,0.0737792,0.0251404,16.5507,0.523802,10.5039,21.9669,49.281,0.2978,0.0146484
74544,305332224,9.8844,0.0538549,0.00658979,15.0233,0.503929,9.045,21.8077,50.1053,0.305206,0.0143636
74568,305430528,9.88476,0.0636768,0,14.2766,0.488717,7.7106,21.5641,48.2991,0.279517,0.0134481
74592,305528832,9.88451,0.0564527,0.0363122,13.7132,0.514604,8.35525,21.7898,48.5332,0.322266,0.0123698
74616,305627136,9.88449,0.0578578,0.00459653,14.8584,0.517216,8.72237,21.9729,51.6655,0.297807,0.0118408
74640,305725440,9.8843,0.0355208,0,15.5151,0.5491,8.15373,21.5935,53.5858,0.319049,0.0112508
74664,305823744,9.88479,0.098294,0.0369102,12.9045,0.496597,7.14952,20.9579,44.774,0.284092,0.0108337
74688,305922048,9.88436,0.0335159,0.00638978,15.7746,0.54164,10.1688,21.6696,50.1616,0.292435,0.0102336
74712,306020352,9.88414,0.0597918,0.00361958,15.4168,0.545016,9.01351,21.5473,49.1024,0.308329,0.00956217
74736,306118656,9.88349,0.0667797,0.0157215,13.8133,0.504106,8.30938,21.3929,45.821,0.278623,0.00912476
74760,306216960,9.88341,0.0729955,0.00697095,15.5162,0.513301,9.50143,21.6263,52.0532,0.30601,0.00899251
74784,306315264,9.88287,0.0965381,0.0404086,15.3544,0.485652,9.12154,21.4834,48.8107,0.301001,0.00847371
74808,306413568,9.8826,0.0535819,0.0146495,15.4619,0.529871,9.17857,21.7159,49.8074,0.303681,0.00822957
74832,306511872,9.88337,0.0508054,0.0201194,14.5383,0.586776,8.48633,20.989,47.8154,0.289906,0.00808716
74856,306610176,9.88483,0.0965627,0.0383453,16.2153,0.530117,9.58594,21.5838,51.5951,0.275932,0.00830078
74880,306708480,9.88511,0.033423,0,15.7803,0.540807,8.89969,21.6921,49.869,0.28844,0.00805664
74904,306806784,9.88528,0.0463679,0.00875949,15.1955,0.485703,9.57964,21.4284,49.4451,0.293097,0.00834147
74928,306905088,9.88442,0.0412155,0.0153525,14.3396,0.515932,8.32017,21.2428,47.8276,0.283221,0.00875854
74952,307003392,9.88366,0.028058,0,15.289,0.537488,8.86987,21.8823,53.864,0.28818,0.00854492
74976,307101696,9.88301,0.0731577,0,16.0648,0.532327,9.99694,21.7613,52.9207,0.290082,0.00846354
75000,307200000,9.88348,0.0693387,0.00441313,14.7477,0.487615,8.88413,21.2344,50.7708,0.304598,0.00846354
75024,307298304,9.88339,0.0791655,0.0294717,16.0107,0.486519,9.32642,21.2623,51.2634,0.292939,0.00876872
75048,307396608,9.88302,0.0424439,0.0137339,16.0118,0.532992,9.22947,21.2194,51.3448,0.278695,0.00895182
75072,307494912,9.88318,0.0754811,0.0122843,15.4831,0.527032,9.54406,21.441,51.0609,0.27391,0.00941976
75096,307593216,9.88412,0.0667997,0.0258077,15.4196,0.50709,9.11749,21.1133,49.9694,0.289759,0.00920614
75120,307691520,9.88433,0.0531929,0.010979,16.0841,0.545079,10.0279,21.0626,48.7584,0.309827,0.00907389
75144,307789824,9.88432,0.0617553,0,14.9652,0.514011,9.1915,20.9783,49.5503,0.259745,0.00865682
75168,307888128,9.88371,0.0656725,0.0337436,14.1741,0.457555,8.2481,20.9974,49.8586,0.282053,0.00892131
75192,307986432,9.88537,0.0277407,0.00374989,15.3681,0.526089,8.98577,21.2943,50.854,0.30397,0.00922648
75216,308084736,9.88629,0.0701186,0.0111952,15.374,0.516525,8.23901,21.4584,52.1452,0.307691,0.00905355
75240,308183040,9.88655,0.0456381,0.00786259,16.6584,0.487764,10.5747,21.113,53.4169,0.303179,0.00931803
75264,308281344,9.8868,0.044027,0,13.9879,0.505901,7.78853,21.0941,51.736,0.291594,0.00982666
75288,308379648,9.88703,0.0491271,0.00758225,14.7667,0.523614,8.86601,21.2849,49.8391,0.278607,0.00947062
75312,308477952,9.88693,0.0449054,0.0302837,14.2071,0.523236,9.04332,20.9453,46.2875,0.282087,0.00895182
75336,308576256,9.88714,0.0906245,0,15.4461,0.473997,9.15098,20.7266,46.7911,0.287872,0.00859578
75360,308674560,9.88779,0.0363702,0.00639951,14.8482,0.495297,9.08835,20.9796,49.1042,0.297181,0.0083313
75384,308772864,9.88775,0.0765303,0.0111698,15.9364,0.537784,9.35427,21.0049,48.7895,0.298302,0.00846354
75408,308871168,9.88733,0.0299286,0,15.2944,0.545433,9.51277,21.4149,48.7685,0.295136,0.00852458
75432,308969472,9.8875,0.0668722,0.0416865,14.1368,0.48122,7.79051,20.903,47.1941,0.295648,0.00845337
75456,309067776,9.8877,0.0903994,0.0373945,14.4261,0.489714,8.01537,21.2311,48.8251,0.296,0.00892131
75480,309166080,9.88826,0.0763497,0.027302,14.0304,0.475277,8.17991,21.0798,48.7887,0.304087,0.00899251
75504,309264384,9.88865,0.0709996,0.0214557,15.6469,0.500262,9.7483,21.3346,54.0304,0.298792,0.00909424
75528,309362688,9.88838,0.0355718,0.00890256,16.0076,0.539412,9.98023,21.3879,50.7815,0.288575,0.0090332
75552,309460992,9.8875,0.0705932,0.0256724,15.7247,0.52233,9.17311,21.4375,50.8681,0.282433,0.00950114
75576,309559296,9.88702,0.0690911,0,13.9939,0.494604,7.91231,20.7677,42.7568,0.295927,0.0101217
75600,309657600,9.88686,0.0537351,0,13.6671,0.491207,7.65307,20.7235,48.3492,0.342077,0.010966
75624,309755904,9.88727,0.0370019,0.0127554,14.9184,0.502884,8.41847,21.4387,50.9917,0.29035,0.011617
75648,309854208,9.88697,0.0471931,0,14.653,0.529606,8.44232,21.2328,50.9068,0.309499,0.0119934
75672,309952512,9.88638,0.0520567,0.0146265,14.514,0.541224,7.99209,21.0313,48.6699,0.287791,0.0120239
75696,310050816,9.88615,0.0379837,0,13.684,0.494909,8.20425,20.9799,47.9804,0.282445,0.0118408
75720,310149120,9.88642,0.0710051,0.00589082,14.3898,0.451323,8.82747,21.0699,50.3663,0.297885,0.0117188
75744,310247424,9.88704,0.0567093,0.00656999,15.6994,0.502886,9.54696,21.2411,53.1905,0.294554,0.0117188
75768,310345728,9.88689,0.0704967,0.00819073,16.2036,0.484782,10.4239,21.5996,48.9778,0.273873,0.0114441
75792,310444032,9.88696,0.0608183,0,14.3286,0.504561,8.34652,21.1882,49.3592,0.304447,0.0112305
75816,310542336,9.88678,0.0329662,0,14.4143,0.500098,8.15697,21.0102,46.2196,0.285265,0.0113017
75840,310640640,9.88618,0.0875601,0.0490626,13.9832,0.553106,7.77091,20.4778,45.8589,0.308289,0.0114543
75864,310738944,9.88678,0.0367293,0,14.465,0.503106,8.63685,21.6854,51.769,0.305621,0.0116984
75888,310837248,9.88704,0.044396,0,14.7591,0.542505,8.22945,21.3707,50.2151,0.312576,0.0125122
75912,310935552,9.88636,0.0522523,0,14.4438,0.454932,8.9373,21.2435,49.3137,0.281585,0.0124613
75936,311033856,9.8861,0.0416209,0,17.0504,0.559861,10.3924,21.5013,52.58,0.293028,0.0125122
75960,311132160,9.88588,0.0162134,0,16.6615,0.540834,10.4201,21.5855,52.2638,0.297518,0.0128581
75984,311230464,9.88574,0.0609625,0.0326907,13.9468,0.497866,8.00354,20.8907,45.4351,0.279665,0.0129395
76008,311328768,9.88624,0.0882786,0.0397587,14.6621,0.513607,8.30794,21.255,50.412,0.285679,0.0127563
76032,311427072,9.88597,0.0597916,0.0155984,14.5155,0.494932,8.67936,21.421,49.5723,0.29,0.0125936
76056,311525376,9.8869,0.09597,0.0140345,15.6605,0.473824,10.3675,22.0123,54.2425,0.302171,0.0122375
76080,311623680,9.88734,0.064551,0.0384515,16.321,0.519017,10.1843,21.7619,53.4892,0.298083,0.0120544
76104,311721984,9.88733,0.0612784,0,14.79,0.501192,8.68748,21.2946,46.1325,0.301537,0.012675
76128,311820288,9.88781,0.0342908,0.0222463,15.4791,0.563915,9.32805,20.8531,46.4227,0.282893,0.012797
76152,311918592,9.8883,0.0707288,0.0114529,14.7877,0.535872,8.77789,21.4861,50.1523,0.289203,0.0124817
76176,312016896,9.88807,0.086347,0.0492031,14.3699,0.462955,8.24693,21.4218,48.9331,0.297136,0.0123189
76200,312115200,9.8888,0.0780951,0,15.4166,0.485918,9.89059,21.5321,51.0929,0.288535,0.012675
76224,312213504,9.88885,0.0527325,0.0117365,15.4661,0.518963,9.25686,21.2727,51.3455,0.297684,0.0127462
76248,312311808,9.88844,0.033062,0.00492449,14.8459,0.527768,8.75094,21.404,47.9716,0.291813,0.0124207
76272,312410112,9.88824,0.093332,0,14.6667,0.503272,8.78674,21.3202,48.9242,0.313916,0.0119832
76296,312508416,9.88768,0.116071,0,15.5024,0.518166,9.47114,21.7032,54.9659,0.296921,0.0120239
76320,312606720,9.88737,0.0499256,0.0186986,14.141,0.494679,8.36782,21.4644,45.2637,0.295209,0.0121257
76344,312705024,9.88679,0.0655748,0.00460034,14.8476,0.473585,8.91971,21.3189,47.6155,0.302346,0.0119324
76368,312803328,9.88633,0.0440966,0.00790539,14.6901,0.49779,8.01025,21.499,49.0415,0.292785,0.0116374
76392,312901632,9.88661,0.0373884,0,13.6984,0.549668,8.08665,21.4328,47.85,0.304008,0.0114746
76416,312999936,9.88734,0.0385598,0,15.547,0.53424,9.47121,21.3951,48.7714,0.320292,0.0112305
76440,313098240,9.888,0.0952998,0.0282312,14.3369,0.475511,8.63448,21.4001,46.6364,0.296694,0.0109151
76464,313196544,9.88806,0.0422719,0.00437828,15.869,0.535079,10.0288,21.8032,52.7857,0.294009,0.0106201
76488,313294848,9.88789,0.0362806,0.00645667,16.1624,0.49486,9.3108,21.8418,53.4553,0.295821,0.0106913
76512,313393152,9.88776,0.055375,0.0187612,14.7045,0.534504,8.34395,21.4329,50.2305,0.289517,0.010498
76536,313491456,9.88716,0.0321173,0.0091256,14.2312,0.542401,8.21683,21.1957,50.0836,0.289831,0.010437
76560,313589760,9.88679,0.0260239,0,17.0972,0.523072,11.3404,22.1819,54.8577,0.302163,0.00980632
76584,313688064,9.88705,0.0496446,0.0382032,14.8184,0.516188,9.91633,21.714,51.3494,0.272449,0.00917562
76608,313786368,9.88705,0.0344253,0,15.7281,0.506213,9.13574,21.3766,48.7674,0.311446,0.0087382
76632,313884672,9.88783,0.0775196,0.0162463,14.8892,0.527391,8.53851,21.6863,50.1351,0.291886,0.00843302
76656,313982976,9.88779,0.0518194,0.0286768,13.1487,0.511776,6.91939,20.5977,43.8636,0.31162,0.00834147
76680,314081280,9.88807,0.0437924,0,13.5668,0.481199,8.13121,21.1397,47.8309,0.289902,0.00842285
76704,314179584,9.88821,0.0307456,0.0402976,14.6764,0.471245,9.87524,21.0091,46.3955,0.300671,0.00857544
76728,314277888,9.8877,0.0493224,0.00909183,15.4265,0.516872,9.28374,22.1381,55.1347,0.31334,0.00881958
76752,314376192,9.88793,0.0762675,0.00870827,13.7171,0.458753,7.90137,21.655,48.7842,0.303978,0.00922648
76776,314474496,9.88854,0.0505027,0,14.2683,0.532,7.91001,21.7092,49.8198,0.311976,0.00961304
76800,314572800,9.88847,0.0643567,0.0260945,14.5283,0.509968,8.77992,22.0305,53.4502,0.296247,0.00993856
76824,314671104,9.88877,0.0147812,0,15.8934,0.505096,9.99834,22.0168,53.4788,0.297364,0.009847
76848,314769408,9.8894,0.0474548,0.0240248,14.6206,0.485075,8.89354,21.6,48.8682,0.279418,0.00968425
76872,314867712,9.88917,0.0687158,0.00959708,13.5172,0.501695,7.57556,21.0297,48.7878,0.297778,0.00921631
76896,314966016,9.88892,0.0412331,0.00959693,15.5418,0.530261,8.93571,21.72,51.6723,0.306276,0.00898234
76920,315064320,9.88879,0.0529369,0.00645161,15.3367,0.499587,8.98072,21.4457,50.3184,0.303238,0.00869751
76944,315162624,9.88911,0.0597127,0.00562166,15.063,0.520876,9.39703,21.8323,49.92,0.319233,0.00886027
76968,315260928,9.8888,0.0565411,0.0358625,14.0036,0.479065,8.6257,22.1921,52.4141,0.29896,0.00864665
76992,315359232,9.88936,0.0720728,0.023593,13.9225,0.544461,7.60394,20.9302,46.3961,0.267069,0.00877889
77016,315457536,9.89017,0.121908,0.00738397,13.2069,0.491061,8.04725,21.5676,50.7653,0.281573,0.00858561
77040,315555840,9.89047,0.0351592,0.023957,15.6474,0.527599,9.24608,21.795,47.6629,0.302461,0.00863647
77064,315654144,9.89033,0.0517669,0.00850375,14.9626,0.512784,9.29026,21.3828,49.0403,0.288091,0.00875854
77088,315752448,9.8915,0.0528953,0.0103797,15.0676,0.524897,9.20927,21.6622,50.8707,0.304288,0.00850423
77112,315850752,9.89204,0.0343861,0.0280908,15.3914,0.534627,9.90766,21.8188,51.0684,0.278324,0.00794474
77136,315949056,9.89301,0.0740472,0.027231,14.7284,0.538392,8.57135,22.0482,50.5705,0.28929,0.00799561
77160,316047360,9.89353,0.0597305,0.0312395,14.0729,0.497608,7.75671,21.57,47.456,0.305133,0.00835164
77184,316145664,9.89379,0.0423047,0.0234277,14.4063,0.506787,8.65729,21.9149,51.7025,0.286979,0.00835164
77208,316243968,9.89374,0.0495838,0.0107585,15.0081,0.547762,9.43844,22.236,54.3629,0.313605,0.00829061
77232,316342272,9.89403,0.0464875,0.0173525,14.7803,0.511196,8.96573,22.0104,51.2877,0.297015,0.00840251
77256,316440576,9.89446,0.0611791,0.0541842,15.0081,0.486079,9.29532,22.138,54.0472,0.30018,0.00839233
77280,316538880,9.89424,0.0713034,0.058256,14.2968,0.504204,8.036,21.7455,49.8915,0.304512,0.00874837
77304,316637184,9.89466,0.049782,0.0174948,14.098,0.511934,8.07349,21.4841,48.9617,0.305043,0.00864665
77328,316735488,9.89476,0.0681357,0.0137628,13.9434,0.517899,6.60434,21.4963,48.2449,0.304761,0.00876872
77352,316833792,9.89524,0.0557848,0,17.4043,0.55052,11.3976,22.0968,52.8784,0.297153,0.00915527
77376,316932096,9.89539,0.0664299,0.0129169,14.9874,0.521717,8.77149,21.9816,50.7733,0.311773,0.00937907
77400,317030400,9.89531,0.0293511,0.0112653,15.8288,0.518986,9.4152,21.8431,50.0387,0.290456,0.00927734
77424,317128704,9.89534,0.0450108,0,15.8104,0.567137,8.68061,21.7405,49.6597,0.290826,0.00927734
77448,317227008,9.89542,0.0411191,0.00844595,12.0139,0.486597,6.57021,20.7568,42.4448,0.306713,0.00927734
77472,317325312,9.89621,0.0584518,0,14.5392,0.501006,8.67348,21.7848,50.1607,0.301469,0.00910441
77496,317423616,9.89678,0.0674151,0.0182344,15.7306,0.572832,9.9338,21.8177,50.804,0.299303,0.00883992
77520,317521920,9.89682,0.0620121,0.0127942,14.875,0.541901,8.55834,21.2921,44.6355,0.289633,0.00947062
77544,317620224,9.89688,0.056669,0.0194679,13.3365,0.510139,7.27087,21.0169,47.6715,0.283595,0.00976562
77568,317718528,9.89741,0.0482846,0.013768,18.7845,0.550337,10.2922,21.4604,50.0301,0.290879,0.0097758
77592,317816832,9.89769,0.035691,0.0184075,15.2051,0.526327,8.75159,21.9874,50.2454,0.274155,0.00986735
77616,317915136,9.89815,0.0213652,0.0106223,15.3682,0.532566,9.97719,21.9905,52.2336,0.306463,0.00959269
77640,318013440,9.89833,0.0776838,0.01323,14.5016,0.534018,8.8602,21.8781,53.2673,0.322245,0.00931803
77664,318111744,9.89842,0.0567188,0.00764401,14.2562,0.547467,8.32298,21.7132,50.0767,0.295789,0.008962
77688,318210048,9.8982,0.0514831,0.00303388,15.6029,0.520214,9.78959,22.243,52.6508,0.303144,0.00872803
77712,318308352,9.89888,0.0472157,0.00649843,13.9987,0.496133,8.03153,21.3441,47.5291,0.288424,0.00853475
77736,318406656,9.89903,0.0399758,0.0278133,14.1051,0.486471,7.66862,21.5511,50.6167,0.293322,0.00890096
77760,318504960,9.8988,0.0462356,0.0105079,14.0342,0.522066,7.99516,21.5085,47.1753,0.318386,0.00877889
77784,318603264,9.89894,0.0271859,0.0186613,14.6495,0.570876,8.57001,21.787,47.0569,0.298636,0.00859578
77808,318701568,9.89849,0.0158105,0,15.4266,0.560317,8.06379,21.7571,53.4067,0.305003,0.00880941
77832,318799872,9.89869,0.0428831,0.0140281,15.1432,0.514385,8.73189,21.3502,50.2361,0.306981,0.00905355
77856,318898176,9.89973,0.0774745,0.0208656,14.2147,0.523566,7.99237,21.3876,49.7697,0.320737,0.00909424
77880,318996480,9.89959,0.0781104,0.0091631,14.3555,0.525928,8.14249,21.3027,47.6896,0.304698,0.00921631
77904,319094784,9.89983,0.0584057,0.0089153,15.6912,0.552584,8.98074,21.5881,50.1361,0.30416,0.00890096
77928,319193088,9.90068,0.0478241,0.00912224,13.4647,0.546399,7.35833,21.3738,50.354,0.300199,0.00893148
77952,319291392,9.90101,0.0832924,0.0240543,15.0851,0.496299,9.0751,21.8188,49.7757,0.300357,0.00878906
77976,319389696,9.90141,0.0434838,0,16.3579,0.560312,10.6028,21.8628,52.5979,0.29009,0.00865682
78000,319488000,9.90128,0.0698463,0.0478202,16.2011,0.518065,9.9783,22.6198,57.3108,0.311701,0.00897217
78024,319586304,9.90135,0.068453,0.00610874,15.3515,0.522354,9.10749,21.4393,47.6642,0.309406,0.00924683
78048,319684608,9.90143,0.03026,0.00527241,15.7728,0.526919,8.40008,21.3948,48.7022,0.314331,0.00934855
78072,319782912,9.90091,0.0457781,0.0092978,15.2349,0.54158,8.86805,21.4396,49.4537,0.310883,0.00954183
78096,319881216,9.90087,0.0633298,0.0604386,14.0364,0.566957,7.53737,21.1554,46.9821,0.28275,0.00982666
78120,319979520,9.9011,0.0195577,0,14.7705,0.5622,8.74857,21.695,51.5884,0.309603,0.0102539
78144,320077824,9.9011,0.0621066,0.0164865,15.9304,0.53443,9.17046,21.6439,51.2876,0.309752,0.0103963
78168,320176128,9.90081,0.0403195,0.0233166,14.7003,0.522106,8.7333,21.5205,47.1982,0.307364,0.010203
78192,320274432,9.90125,0.0523148,0.0221647,15.4068,0.550891,8.71099,21.5314,50.0062,0.292448,0.0099589
78216,320372736,9.90142,0.0617907,0.0185058,14.8903,0.4914,8.8321,21.7035,50.7948,0.292249,0.00970459
78240,320471040,9.90147,0.081984,0.0268781,13.6473,0.50726,7.82257,21.2524,45.9624,0.285233,0.0100098
78264,320569344,9.90116,0.0616666,0.0328272,15.4691,0.539784,8.595,21.4521,52.3978,0.304639,0.0101318
78288,320667648,9.90099,0.0647148,0.0162798,13.8031,0.501799,7.45842,21.3369,46.7342,0.298419,0.0102132
78312,320765952,9.90147,0.0466667,0.0322122,15.1188,0.529761,8.06606,21.6698,53.6949,0.307145,0.0104879
78336,320864256,9.90149,0.0888354,0.0417952,13.7925,0.489563,7.71774,21.5382,50.6782,0.304186,0.0102234
78360,320962560,9.90152,0.072861,0.0557856,14.3919,0.515982,8.59422,21.7425,51.9462,0.28211,0.0101013
78384,321060864,9.90175,0.0427444,0.0113497,13.6301,0.53196,8.01876,21.7445,50.3806,0.278744,0.0100606
78408,321159168,9.90212,0.0762136,0.0258932,14.1536,0.550156,8.0145,21.729,47.9111,0.281203,0.010142
78432,321257472,9.90228,0.0320748,0,14.2336,0.516698,8.75035,21.7982,50.4676,0.301326,0.010498
78456,321355776,9.90207,0.073873,0,14.1279,0.507058,8.51832,21.6782,51.2077,0.307287,0.0106099
78480,321454080,9.90152,0.035086,0.00963789,15.0744,0.555896,8.17038,21.2843,48.319,0.3034,0.0111389
78504,321552384,9.90068,0.0555545,0,14.2711,0.52954,7.47573,21.3992,45.6853,0.299085,0.0115967
78528,321650688,9.90051,0.0461806,0.0206678,15.4678,0.557094,9.82548,21.7204,52.173,0.331328,0.0110372
78552,321748992,9.90034,0.0464945,0.0255599,19.4495,0.549352,9.51936,21.345,48.9357,0.316051,0.0110168
78576,321847296,9.89984,0.0446388,0.0101399,15.2133,0.496339,8.74015,21.7246,51.0794,0.310815,0.0115763
78600,321945600,9.89923,0.0978102,0.0424178,15.4134,0.47077,9.05182,21.3809,46.4215,0.294588,0.0118612
78624,322043904,9.89894,0.0547854,0.0364229,14.8953,0.534475,9.02464,21.7211,48.0789,0.28948,0.0117594
78648,322142208,9.89957,0.040532,0.00581009,15.1133,0.526754,9.17897,21.8419,49.7668,0.323999,0.0119629
78672,322240512,9.90007,0.0231798,0,15.9436,0.52435,10.2243,21.957,52.9304,0.297049,0.0121663
78696,322338816,9.89943,0.126056,0.0408309,12.9229,0.449352,7.1854,20.9789,45.6722,0.298511,0.012207
78720,322437120,9.89995,0.0594303,0.0207397,14.7508,0.574466,8.88781,21.6927,47.0159,0.313222,0.0120036
78744,322535424,9.90045,0.0226163,0.0140726,15.0012,0.539364,8.6877,22.0282,51.9892,0.31079,0.0118408
78768,322633728,9.90073,0.0211372,0,14.2421,0.494756,8.65431,21.9419,51.6358,0.309075,0.0121053
78792,322732032,9.90055,0.0426465,0.0114123,14.264,0.470526,8.50447,21.6891,50.0276,0.303011,0.0116781
78816,322830336,9.90105,0.0522446,0.022945,15.3227,0.540078,9.22925,21.9307,49.0428,0.301095,0.0113525
78840,322928640,9.90075,0.0303232,0,15.1735,0.532952,9.76721,22.1626,52.0981,0.305391,0.0113322
78864,323026944,9.90055,0.0357414,0.00639795,15.2132,0.499156,9.32567,22.1167,50.136,0.287721,0.0112305
78888,323125248,9.9011,0.061875,0.0388796,15.0632,0.496852,9.18065,21.498,48.8909,0.307914,0.0113118
78912,323223552,9.9013,0.0548802,0.0244055,15.6282,0.541528,7.92206,21.4533,46.5946,0.306923,0.0114441
78936,323321856,9.89964,0.0562075,0,15.1789,0.497573,8.55645,21.6914,50.1783,0.299304,0.0121053
78960,323420160,9.89952,0.0361295,0.0148297,15.1256,0.500375,9.40694,21.7642,50.9145,0.291376,0.0124512
78984,323518464,9.89905,0.0272731,0.00709999,13.8487,0.542884,7.46119,21.3763,47.071,0.318616,0.0123189
79008,323616768,9.89859,0.0433241,0.028885,14.8151,0.483868,9.11242,21.6731,48.8695,0.314322,0.0118612
79032,323715072,9.89807,0.0439855,0.00753972,12.7988,0.472343,6.88868,21.0411,46.1663,0.27014,0.0114136
79056,323813376,9.89808,0.0277494,0.00942676,17.0122,0.570745,10.6122,21.8537,52.3783,0.298861,0.0112305
79080,323911680,9.89767,0.0376948,0.00523286,15.9926,0.533796,10.1455,22.1132,54.5247,0.28584,0.0109762
79104,324009984,9.89714,0.0536501,0.0129184,15.1874,0.509967,8.7748,21.9244,52.1972,0.312307,0.0108439
79128,324108288,9.89651,0.0515455,0.0185444,14.867,0.480377,9.19068,21.6935,52.0727,0.297307,0.0106099
79152,324206592,9.89604,0.0791813,0.0152118,13.6004,0.479136,7.45952,21.3086,51.3232,0.311013,0.0104268
79176,324304896,9.89603,0.0355476,0.00452333,15.9857,0.53445,8.95976,21.7632,49.3669,0.308466,0.0104167
79200,324403200,9.89647,0.0331553,0.0193841,14.0868,0.479923,7.98861,21.4664,51.6017,0.329191,0.0104065
79224,324501504,9.89717,0.0248895,0.0060024,14.8822,0.478171,8.85834,20.9359,46.6697,0.299621,0.0103556
79248,324599808,9.89743,0.00627128,0,14.3242,0.567673,8.00168,21.3237,52.629,0.320762,0.0100301
79272,324698112,9.89777,0.0303862,0,13.4902,0.468665,7.3297,20.8719,44.8959,0.302306,0.00979614
79296,324796416,9.89741,0.0187152,0.00741678,14.1619,0.489723,8.59413,21.4754,51.2442,0.313555,0.00969442
79320,324894720,9.89736,0.0539585,0.012027,15.3582,0.543663,9.5467,21.5351,51.5235,0.294945,0.00956217
79344,324993024,9.8973,0.0395189,0,16.1253,0.539176,10.1674,21.8665,52.0147,0.288824,0.00965373
79368,325091328,9.89722,0.0567664,0,13.542,0.534328,7.74806,21.3519,49.8251,0.311225,0.00963338
79392,325189632,9.89757,0.045415,0.0216082,14.9368,0.49373,9.58715,21.6201,52.059,0.292557,0.00952148
79416,325287936,9.89809,0.0337137,0.0179856,13.192,0.496045,7.18681,20.9822,46.0548,0.287905,0.00922648
79440,325386240,9.89793,0.0389849,0.0139733,13.792,0.547402,7.92626,21.0208,46.8413,0.295799,0.0090332
79464,325484544,9.89773,0.0567737,0.0149365,14.9533,0.50683,8.90666,20.946,46.4823,0.273256,0.00880941
79488,325582848,9.8978,0.0566684,0,14.1798,0.514612,7.94598,20.9032,46.9296,0.309304,0.00820923
79512,325681152,9.89813,0.0572405,0.00687285,15.5168,0.595242,9.48573,21.765,54.0055,0.315184,0.00817871
79536,325779456,9.89819,0.0192911,0,15.4692,0.523901,9.46113,21.2466,48.5291,0.290742,0.00845337
79560,325877760,9.89854,0.018395,0.00460587,15.3497,0.502276,9.19937,21.1998,51.9259,0.302979,0.00858561
79584,325976064,9.89976,0.0438216,0.0164077,17.4937,0.581436,10.9779,21.5146,51.8197,0.293584,0.00813802
79608,326074368,9.90019,0.0400879,0.00489237,15.9761,0.528903,9.72834,21.1876,52.4967,0.296821,0.00787354
79632,326172672,9.90042,0.0186998,0.00845382,15.7443,0.580378,9.26138,21.4574,51.1024,0.305595,0.00795492
79656,326270976,9.90071,0.0353085,0,13.4424,0.483284,7.48428,20.7372,45.5729,0.303019,0.00799561
79680,326369280,9.90152,0.0266134,0.00550812,14.6725,0.503034,8.7415,20.7668,49.0852,0.30517,0.0078125
79704,326467584,9.90121,0.0469167,0.00515464,13.8562,0.493486,8.0041,20.5597,45.2618,0.289865,0.0078125
79728,326565888,9.90107,0.0584225,0.0247659,14.1302,0.516574,8.15837,20.9107,47.1231,0.295006,0.00773112
79752,326664192,9.90161,0.031931,0.00431832,13.7893,0.537692,8.51551,21.0998,51.4754,0.297326,0.00771077
79776,326762496,9.90126,0.040741,0,16.8127,0.49384,10.6938,21.8073,53.5715,0.313207,0.00756836
79800,326860800,9.90149,0.0545994,0.00407664,14.7354,0.520174,8.82045,21.2647,50.1933,0.308712,0.00775146
79824,326959104,9.90168,0.0346196,0,16.3069,0.515739,10.4383,21.6395,50.7738,0.284417,0.00827026
79848,327057408,9.90169,0.0509804,0.0188773,16.0023,0.53374,8.53522,20.7496,49.485,0.293985,0.00849406
79872,327155712,9.90099,0.0539709,0,13.9842,0.522878,8.13088,21.2818,48.778,0.302247,0.0085144
79896,327254016,9.90061,0.0531143,0.0104167,14.2512,0.521338,8.09655,20.5977,46.0922,0.309703,0.00858561
79920,327352320,9.90089,0.0434197,0.00915751,15.8177,0.54311,9.72411,21.0122,50.6429,0.292896,0.00827026
79944,327450624,9.90112,0.0548907,0.00726958,15.0809,0.531883,8.85188,21.3067,52.4174,0.304332,0.00750732
79968,327548928,9.9014,0.0291985,0,13.5332,0.494544,7.90529,20.8532,48.429,0.300107,0.00753784
79992,327647232,9.90184,0.0263836,0.0147773,16.2255,0.504546,8.81675,21.3841,47.9295,0.278826,0.00805664
80016,327745536,9.90173,0.0330645,0,13.6527,0.470886,7.80007,20.6112,42.9516,0.310308,0.00811768
80040,327843840,9.90154,0.0496009,0,15.42,0.589606,9.06244,20.9302,46.5471,0.278405,0.00830078
80064,327942144,9.90138,0.0455215,0.0178898,13.6465,0.522645,7.38406,21.2023,47.1728,0.306332,0.00811768
80088,328040448,9.90187,0.0398118,0.0271248,15.6766,0.522088,9.4318,21.4794,51.8577,0.30771,0.0078125
80112,328138752,9.90216,0.0458161,0.0131999,12.8207,0.487942,7.12155,20.9634,44.7258,0.29716,0.00786336
80136,328237056,9.90148,0.0266176,0,15.2728,0.532745,8.41066,21.3249,50.2793,0.304602,0.00793457
80160,328335360,9.90143,0.0772243,0.0248542,14.1555,0.471902,8.41837,21.0619,44.8821,0.320919,0.00763957
80184,328433664,9.90188,0.0615277,0.00575871,14.6973,0.533703,9.01983,21.7581,51.3634,0.28674,0.00756836
80208,328531968,9.90279,0.100113,0.0491956,14.3928,0.513093,9.45647,21.5514,49.5625,0.299159,0.00733439
80232,328630272,9.90227,0.0803818,0.033231,15.1487,0.573229,8.80355,22.1107,54.359,0.279036,0.00773112
80256,328728576,9.90215,0.0763354,0.045904,13.7012,0.478788,8.20443,21.0445,44.004,0.29583,0.00790405
80280,328826880,9.90208,0.0262894,0.0139763,14.3777,0.530833,8.02768,21.6695,48.4388,0.280733,0.0082194
80304,328925184,9.90173,0.0139331,0,15.8415,0.581956,10.2945,22.1586,52.5888,0.290472,0.0081075
80328,329023488,9.90126,0.0394042,0.0090799,16.4434,0.512627,10.3665,22.0063,53.1423,0.306528,0.00848389
80352,329121792,9.90133,0.0370045,0.00975232,17.066,0.542035,10.0529,21.7563,51.0709,0.292722,0.00838216
80376,329220096,9.9016,0.0645123,0.031243,14.8691,0.536842,8.34161,21.7863,49.302,0.321136,0.00860596
80400,329318400,9.90173,0.0754743,0,13.8147,0.463121,7.67938,21.8638,50.1196,0.306863,0.00878906
80424,329416704,9.90147,0.076488,0.0714286,14.6723,0.495448,9.33448,21.8585,49.1246,0.275708,0.00886027
80448,329515008,9.90137,0.0477178,0.00720721,14.966,0.517616,8.14862,21.7164,51.0503,0.304637,0.00926717
80472,329613312,9.90117,0.0671116,0.00457457,15.3031,0.504809,9.5313,22.292,55.0503,0.288803,0.00952148
80496,329711616,9.90133,0.0819631,0.0122564,15.6013,0.541309,8.06933,21.68,48.095,0.291058,0.00940959
80520,329809920,9.9017,0.0620103,0.0382786,13.9526,0.494822,8.08478,21.7207,50.5321,0.299516,0.00887044
80544,329908224,9.90237,0.0176864,0,17.0299,0.529753,11.0337,22.3567,54.6573,0.295376,0.00858561
80568,330006528,9.90136,0.0516601,0,14.4153,0.523976,7.74249,22.2894,51.2028,0.31596,0.00892131
80592,330104832,9.90097,0.0446477,0.0216551,13.6984,0.499,8.1331,21.9101,51.6377,0.301529,0.00900269
80616,330203136,9.90092,0.0520856,0.0163117,13.8757,0.522682,7.80713,21.885,50.4635,0.299513,0.00923665
80640,330301440,9.90087,0.0592072,0,13.7339,0.500272,7.05369,21.5856,46.2352,0.298529,0.00964355
80664,330399744,9.90052,0.0519151,0.0105591,13.1834,0.486045,7.31974,21.5005,47.8419,0.293166,0.0101217
80688,330498048,9.90045,0.0581475,0.0185701,13.3541,0.511623,7.15409,21.8042,48.6975,0.339966,0.0102539
80712,330596352,9.90055,0.0257608,0.00466943,15.0493,0.487995,9.21301,22.0007,49.8366,0.309707,0.010376
80736,330694656,9.90007,0.0532593,0.00500334,13.929,0.498845,8.0243,21.8119,49.0764,0.303036,0.0103251
80760,330792960,9.90075,0.0412753,0,15.9902,0.534856,9.01268,22.0616,48.6936,0.287276,0.0102437
80784,330891264,9.90053,0.0523506,0.016395,14.142,0.549824,8.30108,22.3994,52.6593,0.30562,0.0103963
80808,330989568,9.90026,0.068536,0.0142851,13.6441,0.514061,7.73339,21.8137,47.5557,0.320485,0.0101217
80832,331087872,9.90092,0.117043,0.0391244,14.009,0.507945,8.08348,21.6537,50.284,0.335829,0.00948079
80856,331186176,9.90168,0.0364893,0,14.875,0.509189,8.66948,22.3439,49.074,0.292353,0.0091451
80880,331284480,9.90164,0.0404539,0.0124636,15.6716,0.527679,9.19601,22.1258,46.9983,0.316689,0.00920614
80904,331382784,9.9022,0.0427003,0,14.0014,0.537726,7.43718,21.4444,47.0892,0.317424,0.00926717
80928,331481088,9.90319,0.0641445,0.0137421,14.3567,0.474095,8.65925,21.9962,48.0592,0.28973,0.00946045
80952,331579392,9.90438,0.0336448,0,14.9851,0.533024,8.86187,22.365,49.3774,0.304857,0.00952148
80976,331677696,9.90407,0.0848832,0.0224551,14.848,0.489229,9.07596,22.0516,49.7581,0.297146,0.00912476
81000,331776000,9.90358,0.049105,0.0336992,14.3992,0.547047,8.3712,22.2236,49.7384,0.343339,0.0090332
81024,331874304,9.9043,0.0525198,0,14.6523,0.501171,9.06105,21.8964,49.1179,0.296819,0.00889079
81048,331972608,9.90457,0.0575884,0.0103306,14.4064,0.486453,8.13093,21.8932,49.3175,0.303221,0.00878906
81072,332070912,9.90477,0.0520639,0,16.1798,0.510656,10.0473,22.1877,52.6602,0.296102,0.00886027
81096,332169216,9.90447,0.0506766,0.0137525,13.5349,0.490862,7.4306,21.6395,48.0107,0.316223,0.0093689
81120,332267520,9.90449,0.0243732,0.00573551,14.5645,0.507135,8.92043,21.5463,47.7988,0.281198,0.00923665
81144,332365824,9.90575,0.0454433,0.0127674,15.7947,0.526018,9.33043,21.8846,50.7661,0.319353,0.0090332
81168,332464128,9.90516,0.0762266,0,14.8177,0.536106,8.32627,21.8266,51.857,0.296526,0.00935872
81192,332562432,9.90492,0.0366875,0.0228645,15.8056,0.513014,9.49218,21.9466,50.756,0.285183,0.009552
81216,332660736,9.90411,0.0651277,0.0132588,15.1714,0.512847,8.61309,21.6315,48.3513,0.305435,0.00983683
81240,332759040,9.90364,0.0823668,0.0570686,13.0713,0.486625,6.45816,21.155,45.3159,0.302687,0.00969442
81264,332857344,9.90356,0.046763,0.0213155,13.6256,0.471494,7.5324,21.3608,45.0082,0.294326,0.00951131
81288,332955648,9.90371,0.0543727,0.0159031,15.2556,0.520346,8.97499,21.6189,51.2087,0.281021,0.00927734
81312,333053952,9.90427,0.0842105,0.0175103,15.7186,0.478192,10.1091,22.1356,52.8553,0.30252,0.00906372
81336,333152256,9.90472,0.0430042,0.00584795,14.221,0.516425,8.42515,21.02,46.5395,0.287164,0.00864665
81360,333250560,9.90473,0.0584919,0.0205187,15.2179,0.590896,8.64425,21.2285,49.6588,0.288799,0.00867717
81384,333348864,9.9046,0.0593079,0.0252651,14.6888,0.477314,8.48997,21.0089,44.9657,0.296234,0.00849406
81408,333447168,9.90457,0.0882504,0.026815,15.1087,0.497509,8.90226,21.3776,47.6246,0.311532,0.00854492
81432,333545472,9.90419,0.0323255,0.0119149,16.3499,0.527508,10.197,21.5707,52.2597,0.296163,0.00882975
81456,333643776,9.90432,0.0584531,0.0399539,12.4182,0.488888,6.74587,20.5411,44.7518,0.290663,0.00865682
81480,333742080,9.90366,0.0479982,0.00570559,15.5487,0.515446,9.50057,21.5243,48.7324,0.290095,0.00870768
81504,333840384,9.90342,0.0806405,0.0412406,13.212,0.496463,7.17791,20.5039,45.0156,0.299011,0.00890096
81528,333938688,9.90353,0.0357895,0,16.2305,0.545943,9.65607,21.8214,55.4202,0.318016,0.00935872
81552,334036992,9.90351,0.0369133,0.00626436,14.9973,0.468103,8.91792,21.0826,49.8224,0.29927,0.00941976
81576,334135296,9.90398,0.0423057,0.0109341,13.7922,0.513004,7.54636,20.8689,47.4822,0.31493,0.00902303
81600,334233600,9.90487,0.0294892,0.0127965,13.5305,0.521845,7.75486,21.5806,52.7592,0.288091,0.00866699
81624,334331904,9.90545,0.0830532,0.0207179,14.5208,0.494342,8.85012,20.8065,47.0892,0.292044,0.00830078
81648,334430208,9.90586,0.0573935,0.00923361,15.1731,0.576821,8.68895,21.1232,47.3609,0.304144,0.0078125
81672,334528512,9.90614,0.0563374,0.0144603,14.4123,0.489472,8.25822,20.8639,47.7773,0.296419,0.00761922
81696,334626816,9.90723,0.0307482,0,15.5044,0.531078,9.40972,21.4491,51.4921,0.285654,0.00756836
81720,334725120,9.90769,0.0225006,0.00980881,14.8831,0.513892,8.37759,21.2018,47.1737,0.313676,0.00732422
81744,334823424,9.90844,0.0350546,0,15.7183,0.497409,9.23637,20.9723,47.3817,0.311597,0.00713094
81768,334921728,9.90906,0.0573408,0.0213553,15.7203,0.489537,9.36763,20.7608,49.0993,0.315095,0.00717163
81792,335020032,9.90866,0.0342558,0.0197498,14.3724,0.487101,8.5396,20.7453,48.4599,0.30135,0.00685628
81816,335118336,9.90889,0.0551698,0,16.0877,0.518431,9.68845,21.3122,55.3057,0.295447,0.00695801
81840,335216640,9.9093,0.0535115,0.0235053,13.4894,0.486957,7.87487,20.7987,48.5926,0.313491,0.00721232
81864,335314944,9.90894,0.0269565,0,15.3298,0.561026,8.67434,21.7432,52.2685,0.308921,0.00719198
81888,335413248,9.90803,0.063462,0.0226635,14.1331,0.506696,7.94853,21.0841,48.9636,0.297247,0.00715129
81912,335511552,9.90778,0.0561445,0.00641026,15.3011,0.515969,9.72189,21.1696,50.6832,0.309603,0.00727336
81936,335609856,9.9075,0.0894693,0.00945776,14.0049,0.494612,7.67674,20.7389,49.2362,0.28547,0.00726318
81960,335708160,9.90796,0.0984984,0.0638359,13.5875,0.506453,7.51107,20.8208,47.0364,0.288148,0.00736491
81984,335806464,9.90746,0.0299837,0.00818049,13.7077,0.561648,7.29504,20.4118,48.2991,0.281493,0.00765991
82008,335904768,9.90773,0.0288115,0.015186,14.3444,0.517545,7.93241,20.8824,47.0175,0.282825,0.00764974
82032,336003072,9.90739,0.0323181,0.00799772,16.3914,0.526951,10.1199,21.0928,50.9536,0.328575,0.00797526
82056,336101376,9.90799,0.0517657,0.0206862,15.3031,0.50346,9.46318,20.7253,52.4911,0.303894,0.0081075
82080,336199680,9.90789,0.0221514,0.00662565,14.103,0.535677,7.8422,20.9539,47.2931,0.317554,0.00807699
82104,336297984,9.90784,0.0638241,0.0216497,15.0698,0.495989,9.00961,20.5514,48.4649,0.302532,0.00788371
82128,336396288,9.90797,0.0606266,0.0230054,16.2448,0.529022,9.6609,20.6942,48.2291,0.294426,0.00785319
82152,336494592,9.90845,0.0145038,0.00643599,15.3613,0.556825,7.98588,20.637,50.1226,0.276418,0.00802612
82176,336592896,9.90814,0.0438432,0.0180994,15.71,0.48731,9.77326,21.7589,57.2562,0.312391,0.0078125
82200,336691200,9.90793,0.0227263,0.0206033,14.3602,0.527758,8.0067,20.7228,47.2201,0.310798,0.00783284
82224,336789504,9.90721,0.0726496,0.0326238,16.0156,0.518304,9.50948,20.7055,49.764,0.317768,0.00760905
82248,336887808,9.90698,0.0390134,0.0120007,15.2816,0.529372,9.86533,21.1401,52.2337,0.305441,0.00750732
82272,336986112,9.90778,0.0298483,0,15.51,0.549317,9.32628,21.1395,51.1468,0.307088,0.00773112
82296,337084416,9.90778,0.0353563,0.00944574,14.5928,0.545391,8.30793,20.8962,48.6087,0.303251,0.00824992
82320,337182720,9.90746,0.0589411,0,16.6849,0.557579,9.34253,20.6018,51.778,0.318013,0.0087382
82344,337281024,9.90647,0.0458309,0.0151776,15.5985,0.507536,9.00197,21.1348,49.9865,0.296539,0.00922648
82368,337379328,9.90683,0.093093,0.0225345,15.4568,0.557176,8.78599,20.8069,50.2056,0.300991,0.00927734
82392,337477632,9.90695,0.0355622,0.00625335,16.1783,0.566605,9.59173,21.1809,52.103,0.3593,0.00957235
82416,337575936,9.90676,0.0231405,0,14.7894,0.539878,8.74241,21.0834,47.9478,0.315706,0.0103455
82440,337674240,9.90619,0.0433551,0.00736584,15.2085,0.536312,8.65201,21.4326,48.4232,0.286299,0.010671
82464,337772544,9.90568,0.0859242,0.0403404,14.2671,0.541408,8.25017,20.984,49.5081,0.296724,0.0116781
82488,337870848,9.90516,0.0464015,0,14.4029,0.474796,8.49009,21.2094,47.7637,0.297485,0.0119324
82512,337969152,9.9058,0.091205,0.00704793,14.2624,0.475378,8.3014,21.3091,49.5958,0.291947,0.0119324
82536,338067456,9.90633,0.0269542,0.00506073,13.7453,0.541889,7.05797,21.0152,48.2544,0.328689,0.0118001
82560,338165760,9.90614,0.0559254,0.0318377,14.0318,0.507101,8.07245,21.1886,49.167,0.289741,0.0114746
82584,338264064,9.9059,0.0448294,0.0222134,13.8627,0.524131,8.14538,21.3141,48.9686,0.288511,0.0118103
82608,338362368,9.90514,0.0200387,0.0084273,15.2452,0.557508,8.41798,21.1884,49.2309,0.288142,0.012146
82632,338460672,9.90518,0.0686942,0.0319646,15.9418,0.492497,9.58218,21.3615,53.658,0.299165,0.0123088
82656,338558976,9.905,0.0449408,0.00697877,14.5851,0.48931,8.49042,21.4046,50.5589,0.303693,0.0129293
82680,338657280,9.9048,0.0842412,0,13.4837,0.529466,7.86832,21.3358,49.1485,0.319337,0.0131632
82704,338755584,9.90469,0.0289157,0,13.5544,0.494667,7.05634,20.8076,43.8646,0.324503,0.013387
82728,338853888,9.90491,0.0799377,0.0699683,14.4278,0.47953,9.01636,21.4239,50.6845,0.297064,0.0138753
82752,338952192,9.90463,0.0390993,0.00969082,15.6041,0.512942,10.0921,21.6164,51.2471,0.293816,0.0140177
82776,339050496,9.90452,0.0239593,0,13.9439,0.546902,7.62615,21.2953,49.6281,0.303071,0.0141602
82800,339148800,9.90393,0.0471147,0.0243902,13.7876,0.513274,8.05129,21.6308,48.954,0.308544,0.0144043
82824,339247104,9.90408,0.0868841,0.0047507,14.7172,0.510085,8.63251,21.4399,48.8332,0.282623,0.0143941
82848,339345408,9.90412,0.0602528,0,16.5554,0.508428,11.2875,21.828,53.6751,0.288605,0.0143534
82872,339443712,9.90459,0.0305776,0.0150886,14.2462,0.533877,8.18703,21.5046,49.9676,0.31678,0.0141703
82896,339542016,9.90433,0.0417261,0.00694444,15.0587,0.572156,9.26214,21.5803,49.6384,0.292918,0.0140279
82920,339640320,9.90431,0.0357815,0.0250965,13.6657,0.525266,7.92425,21.2268,48.3001,0.303682,0.0137533
82944,339738624,9.90468,0.0836048,0.0479857,13.6445,0.521262,7.79972,21.2128,45.9626,0.284967,0.0134277
82968,339836928,9.90491,0.0215599,0.01741,15.8116,0.547295,8.72931,21.5302,50.2639,0.280437,0.0133769
82992,339935232,9.90446,0.0361501,0.0347719,15.554,0.552261,9.74381,21.6271,52.9244,0.288304,0.0132751
83016,340033536,9.90403,0.0531535,0.00879121,14.068,0.505602,8.6197,20.9415,49.3628,0.290092,0.0132853
83040,340131840,9.90336,0.0319353,0.0184689,15.0965,0.550584,8.762,21.555,50.6453,0.300275,0.0132955
83064,340230144,9.90336,0.0622075,0.0130481,15.6631,0.479796,10.0546,21.7783,53.8606,0.294094,0.0132955
83088,340328448,9.90324,0.0607708,0.0144018,13.8547,0.477663,7.88369,21.2742,46.6232,0.303204,0.0131734
83112,340426752,9.90391,0.0594855,0.0100448,15.8859,0.551969,9.45773,22.0357,53.6575,0.301571,0.0133464
83136,340525056,9.90429,0.056887,0.020004,15.4968,0.521952,9.04572,21.4219,49.622,0.286938,0.0141296
83160,340623360,9.90446,0.0662863,0.00866426,14.1039,0.476849,8.0498,21.6791,48.1967,0.286517,0.0143941
83184,340721664,9.9046,0.0619441,0.00597933,16.1631,0.531402,9.84348,22.0842,53.4053,0.29504,0.0146891
83208,340819968,9.90361,0.0887027,0.0274691,14.483,0.491536,9.67346,21.7641,55.013,0.29783,0.0150757
83232,340918272,9.9028,0.0500283,0,15.1442,0.522246,9.18415,21.9104,52.1871,0.312076,0.0151062
83256,341016576,9.90164,0.0358304,0.0246123,14.457,0.508185,8.39314,21.4267,45.5221,0.308062,0.0151367
83280,341114880,9.90097,0.0551987,0,14.855,0.523445,9.05516,21.6934,50.9003,0.296583,0.0153605
83304,341213184,9.90001,0.0497118,0.0160565,14.2939,0.496586,8.40213,21.716,48.7234,0.288504,0.0150146
83328,341311488,9.901,0.0794199,0.00441826,13.5542,0.443302,7.99212,21.6297,47.1145,0.298904,0.0148722
83352,341409792,9.90161,0.0142004,0,15.6652,0.52652,8.30442,21.939,47.2452,0.309287,0.0146891
83376,341508096,9.90154,0.0387482,0.0225201,12.9234,0.521164,6.63482,21.4956,49.01,0.303116,0.0151367
83400,341606400,9.9021,0.0881712,0.0276385,15.6225,0.480648,9.83896,22.5017,52.5788,0.280281,0.014211
83424,341704704,9.90269,0.0420703,0.0227088,15.7437,0.50691,10.6612,22.6517,55.878,0.289943,0.0137024
83448,341803008,9.90318,0.0783151,0,14.7159,0.52299,8.71086,22.0083,48.1941,0.307056,0.0131022
83472,341901312,9.90334,0.0454445,0,14.5733,0.51061,8.46787,21.8943,50.9183,0.2899,0.012502
83496,341999616,9.90288,0.0782918,0.0214541,14.9676,0.515272,8.29176,21.511,48.6018,0.297616,0.0129903
83520,342097920,9.90213,0.0577574,0,14.6083,0.487846,9.31484,22.0191,49.0119,0.286725,0.0131429
83544,342196224,9.90167,0.0310138,0.00903614,15.0191,0.570055,8.51604,22.315,50.252,0.293227,0.0134888
83568,342294528,9.90039,0.0722939,0.00655155,14.0371,0.508443,8.50593,22.251,51.0837,0.319733,0.0139058
83592,342392832,9.8999,0.0326337,0.0105287,14.4697,0.571078,8.01855,22.2256,53.3539,0.301722,0.0138753
83616,342491136,9.89964,0.0570389,0.0302097,14.5052,0.533284,8.78584,22.1005,49.6922,0.281715,0.0140889
83640,342589440,9.90035,0.0352066,0.0179785,13.5559,0.541783,7.70642,21.368,44.8728,0.305709,0.0139771
83664,342687744,9.90061,0.0249806,0,14.7879,0.523301,8.74278,21.8043,51.6906,0.309247,0.0134176
83688,342786048,9.90087,0.0431702,0.0359389,13.4471,0.499061,7.47123,21.2808,47.0875,0.302295,0.0131734
83712,342884352,9.9002,0.0630489,0.0157496,15.0618,0.527382,8.15594,22.0302,50.8412,0.304431,0.0131124
83736,342982656,9.89966,0.057852,0.0120328,16.2065,0.548998,10.1491,22.3925,53.1165,0.29356,0.0129801
83760,343080960,9.89967,0.0649178,0.00572738,14.58,0.498373,8.56742,22.3445,51.0623,0.304116,0.0132141
83784,343179264,9.89886,0.113043,0.0298492,15.5065,0.509413,8.86222,22.1461,49.864,0.297916,0.01356
83808,343277568,9.89814,0.0381138,0.00731729,14.1038,0.494864,8.15065,21.9781,49.322,0.299649,0.0133972
83832,343375872,9.8978,0.0664751,0,12.6846,0.458113,6.98615,21.4188,47.0866,0.290633,0.0131836
83856,343474176,9.89826,0.0507692,0.0174357,14.6015,0.539028,8.60752,22.1791,51.9633,0.300984,0.0130208
83880,343572480,9.89883,0.0771439,0,15.1279,0.528481,9.28415,22.2564,51.9121,0.292051,0.0131836
83904,343670784,9.89875,0.0614445,0.0100874,14.5174,0.521109,8.91438,21.8306,47.4044,0.281688,0.0129496
83928,343769088,9.89834,0.0444419,0.0125026,14.8276,0.562416,8.15845,21.9854,50.9552,0.277382,0.013265
83952,343867392,9.89723,0.0767848,0,15.1314,0.498846,8.59633,22.0651,48.8513,0.305201,0.01415
83976,343965696,9.89755,0.0676497,0.0485751,14.7884,0.539752,9.16904,21.9079,52.3358,0.289564,0.0144348
84000,344064000,9.89786,0.0419945,0.0127877,14.168,0.479262,8.09843,22.0277,50.5301,0.335691,0.0149943
84024,344162304,9.89818,0.0760594,0.00565398,13.5326,0.47668,7.77169,21.4639,47.5102,0.281432,0.0149943
84048,344260608,9.89856,0.0634947,0.0122586,14.8021,0.522306,9.21853,21.2512,43.9719,0.294738,0.0147705
84072,344358912,9.89853,0.0305336,0.0105457,14.6196,0.514247,7.99008,21.8512,52.0579,0.270971,0.0150553
84096,344457216,9.89915,0.0951386,0.0105088,14.8322,0.529292,8.50187,21.5217,47.65,0.291574,0.0152181
84120,344555520,9.89862,0.0467947,0.0181486,15.4724,0.560167,8.6703,21.5904,45.7867,0.298172,0.0149333
84144,344653824,9.89782,0.0442142,0.00773493,15.157,0.508397,9.16775,21.8183,51.0871,0.291328,0.0141602
84168,344752128,9.89745,0.0665407,0.0172779,14.6359,0.516221,8.35635,21.6262,49.6068,0.30646,0.014211
84192,344850432,9.89748,0.0262178,0,14.4088,0.511787,8.00145,22.0359,48.7244,0.289677,0.0139262
84216,344948736,9.89722,0.0804431,0.00720412,14.7952,0.524673,7.43148,21.6983,47.1442,0.310719,0.0142517
84240,345047040,9.89699,0.0890922,0.0384862,14.8637,0.49884,8.82331,22.1335,54.5779,0.2946,0.0146281
84264,345145344,9.89772,0.0691554,0.0245368,12.8214,0.47443,6.96535,21.4331,48.1058,0.32639,0.014445
84288,345243648,9.89762,0.0318295,0,14.6291,0.500396,8.46691,21.6187,48.0428,0.302792,0.01415
84312,345341952,9.89756,0.0968324,0.0219048,13.803,0.558108,7.4147,21.5116,51.9711,0.298732,0.0144043
84336,345440256,9.89769,0.0855615,0.0371517,14.9947,0.498965,8.84436,21.5333,50.0368,0.267012,0.0143331
84360,345538560,9.89828,0.11728,0.0382829,15.2238,0.493,9.72069,21.2547,45.5245,0.305563,0.0141195
84384,345636864,9.89819,0.0523657,0.0132331,15.4088,0.512716,9.92593,21.5376,49.3527,0.292077,0.0143331
84408,345735168,9.89809,0.0557259,0,17.0075,0.513657,10.6819,22.2254,54.3444,0.283355,0.0151164
84432,345833472,9.89822,0.0522613,0,14.6761,0.492615,8.47407,21.6203,49.17,0.310327,0.0155233
84456,345931776,9.89839,0.0272774,0.0112408,14.241,0.537184,7.93104,21.7802,50.8011,0.29135,0.0156657
84480,346030080,9.898,0.0564031,0.020196,15.4547,0.516005,8.62206,21.9492,50.1192,0.303275,0.0155233
84504,346128384,9.89795,0.0933932,0.0416667,13.4788,0.494775,7.24023,21.2996,45.3491,0.294546,0.0152486
84528,346226688,9.89715,0.0722637,0.00973574,15.1429,0.501569,9.48196,21.7784,50.8189,0.303824,0.015391
84552,346324992,9.89639,0.0887168,0.0064914,15.1347,0.487537,8.37443,21.8414,51.1292,0.26461,0.0157776
84576,346423296,9.89684,0.0631555,0.0179526,15.3422,0.495398,8.96852,21.9357,52.7973,0.297136,0.0157471
84600,346521600,9.8965,0.0982544,0.042385,15.338,0.514785,9.05577,21.8391,51.4657,0.270681,0.0154724
84624,346619904,9.89645,0.0501936,0.00590009,15.6237,0.516712,8.92054,21.7649,51.5022,0.307064,0.0153402
84648,346718208,9.89678,0.0258981,0.00344267,15.3223,0.464093,9.48535,21.6045,49.2196,0.301792,0.0158081
84672,346816512,9.89702,0.0667769,0.044867,15.0488,0.485899,8.89629,21.9922,50.9975,0.297613,0.0160319
84696,346914816,9.89686,0.0661435,0.0200594,13.4435,0.497371,7.10009,21.2069,43.4796,0.281178,0.0160929
84720,347013120,9.89722,0.097959,0.0225542,14.5049,0.492169,8.27334,21.247,49.3574,0.284341,0.0156453
84744,347111424,9.89724,0.077644,0.0115146,15.0241,0.448163,8.91312,21.7326,49.198,0.310992,0.0157369
84768,347209728,9.89676,0.0379172,0,13.888,0.484864,7.48405,21.6679,50.7384,0.278828,0.0153503
84792,347308032,9.89747,0.0453057,0.00904432,15.878,0.54031,9.82215,21.7584,49.1354,0.304608,0.0151367
84816,347406336,9.89693,0.0264645,0,14.0112,0.493334,7.55264,21.4951,49.2227,0.288644,0.0151265
84840,347504640,9.89637,0.0681671,0,13.5364,0.519745,7.12064,21.2726,47.6803,0.300703,0.0157776
84864,347602944,9.89637,0.0692174,0.0149611,14.6555,0.517739,8.72023,21.6131,48.3202,0.291119,0.0159505
84888,347701248,9.89635,0.0668038,0.023508,14.5211,0.493577,8.58015,21.7766,49.0054,0.297676,0.0163269
84912,347799552,9.89637,0.0400697,0.0239391,15.6928,0.508417,9.31521,21.9412,52.0015,0.29041,0.0164388
84936,347897856,9.89684,0.0652174,0.0282841,13.4621,0.48349,7.43045,21.2632,47.2871,0.295528,0.0160014
84960,347996160,9.89763,0.0614404,0.024331,15.9778,0.530853,9.11916,22.116,49.674,0.277614,0.0154622
84984,348094464,9.89784,0.0738402,0.0326843,14.7184,0.491881,8.55605,21.7609,50.8019,0.310855,0.0153707
85008,348192768,9.89763,0.0448739,0.00828272,14.459,0.547857,8.32111,22.1092,53.0883,0.279304,0.0146688
85032,348291072,9.89851,0.086715,0.0284691,15.0831,0.46848,9.14997,21.5483,48.8524,0.287341,0.0145976
85056,348389376,9.89817,0.0396984,0,15.4915,0.562781,8.77951,21.6029,51.0302,0.310295,0.014445
85080,348487680,9.89732,0.11747,0.020577,13.6849,0.541403,7.49077,21.3243,47.7794,0.311997,0.0144857
85104,348585984,9.89741,0.0457382,0.0149397,13.2866,0.479417,7.26926,20.9154,45.5728,0.294103,0.0145976
85128,348684288,9.89776,0.0426501,0.0121967,15.0099,0.5251,9.04988,21.9405,49.4057,0.255868,0.0146688
85152,348782592,9.89834,0.055275,0.0126016,15.4619,0.481107,9.1792,21.9754,48.4102,0.293661,0.0148519
85176,348880896,9.89906,0.0260525,0.0109733,15.4672,0.521914,9.34955,22.2475,51.3677,0.301964,0.0146484
85200,348979200,9.89908,0.0557379,0.0520517,13.448,0.485283,7.94857,21.8637,47.674,0.283161,0.0143127
85224,349077504,9.89888,0.0962652,0.00903459,15.1787,0.514246,8.66992,21.9922,51.3121,0.297647,0.0140889
85248,349175808,9.8991,0.0503165,0.016202,14.4068,0.508542,8.08412,21.6191,47.6715,0.302476,0.0140279
85272,349274112,9.89879,0.086651,0.0069869,14.0601,0.522526,7.94586,21.9584,52.3686,0.312415,0.0142517
85296,349372416,9.89847,0.0774905,0.0283416,15.0748,0.486535,8.63308,21.9211,46.2344,0.320642,0.0141398
85320,349470720,9.89836,0.0448745,0.00795229,14.6557,0.463118,9.19283,22.2575,53.6754,0.271354,0.0141602
85344,349569024,9.89816,0.0782017,0.0332758,15.2742,0.524433,9.12934,21.7047,48.6793,0.303391,0.0142314
85368,349667328,9.89793,0.0428195,0.00675523,14.5989,0.475171,8.84303,22.1226,50.8179,0.293051,0.0140381
85392,349765632,9.89861,0.0626857,0.0066654,13.769,0.523422,7.41509,21.9281,47.4813,0.328348,0.0136719
85416,349863936,9.89806,0.092444,0.055473,11.9783,0.478909,6.23189,21.8534,45.191,0.293186,0.0136007
85440,349962240,9.89753,0.0618656,0.0109274,12.4735,0.457098,6.87185,22.0665,48.0449,0.292376,0.0131327
85464,350060544,9.89783,0.0922784,0.0357842,13.2276,0.481999,7.12036,21.5514,44.3456,0.28104,0.0128377
85488,350158848,9.89834,0.0690611,0.0267062,13.6736,0.471055,7.67488,21.7899,48.656,0.301099,0.0124003
85512,350257152,9.8974,0.0614035,0.0381271,14.4632,0.487912,7.96446,22.3033,50.2187,0.289442,0.0128682
85536,350355456,9.8979,0.0537532,0.0239803,14.9505,0.4975,8.45639,21.7528,46.7765,0.285337,0.0121969
85560,350453760,9.89785,0.086398,0.00764331,16.8557,0.529275,11.2233,22.3433,53.9952,0.286785,0.0118103
85584,350552064,9.89774,0.0897031,0.034021,13.5597,0.504941,7.25135,22.0509,48.9437,0.330725,0.0119731
85608,350650368,9.89691,0.0896383,0,14.9758,0.483895,8.95744,22.174,49.4742,0.304025,0.0124919
85632,350748672,9.89658,0.119256,0.0603646,14.0879,0.477554,7.75328,21.5587,47.0927,0.29555,0.0124207
85656,350846976,9.89759,0.0777778,0.0229947,13.5291,0.490984,7.28275,21.4897,45.6144,0.288033,0.0118001
85680,350945280,9.8983,0.0446978,0.0111477,15.9999,0.531964,10.8546,22.5219,56.18,0.279193,0.0120951
85704,351043584,9.89862,0.0504537,0,14.3965,0.487105,8.07833,21.7894,49.8684,0.306384,0.0126139
85728,351141888,9.89834,0.075537,0.0245315,13.6115,0.524692,7.61964,22.019,49.5717,0.299295,0.0128784
85752,351240192,9.89856,0.0532464,0.012235,16.7445,0.510314,9.90873,22.8977,55.9386,0.275908,0.0127665
85776,351338496,9.89833,0.0573159,0.00683631,13.3009,0.51582,6.88371,22.2122,49.7583,0.291002,0.0130819
85800,351436800,9.89795,0.0563568,0.0175119,15.9456,0.450165,9.62352,22.1474,50.6318,0.309378,0.0133158
85824,351535104,9.89778,0.0747221,0.0303755,12.9857,0.487434,7.00839,21.868,49.2847,0.299792,0.0131327
85848,351633408,9.89787,0.0710877,0.0495719,14.315,0.507208,7.73666,21.9564,48.4551,0.294738,0.0126139
85872,351731712,9.8982,0.0686355,0.0262978,14.3379,0.497238,7.76324,22.0994,45.3,0.298566,0.0125631
85896,351830016,9.89814,0.0705534,0.0340184,13.6859,0.498524,7.6759,22.2761,50.1379,0.302659,0.012441
85920,351928320,9.89791,0.100851,0.0312057,15.1192,0.47107,9.14968,22.469,53.0314,0.27708,0.0129801
85944,352026624,9.89804,0.061753,0.0177603,15.1933,0.512883,9.07015,22.2052,50.7746,0.293272,0.0129598
85968,352124928,9.8979,0.0573859,0.00668151,14.5125,0.540442,7.94136,22.2828,50.3508,0.299823,0.0129903
85992,352223232,9.89792,0.0712993,0.0311098,14.0655,0.508122,7.52072,22.1603,50.1758,0.301529,0.0131327
86016,352321536,9.89757,0.0662338,0.0272464,13.8437,0.539996,7.83038,22.0214,49.8159,0.284479,0.0133565
86040,352419840,9.89812,0.0541704,0.0303468,14.2124,0.509139,8.18066,22.1578,47.7827,0.30814,0.0134379
86064,352518144,9.89859,0.0633249,0,13.536,0.458052,7.67386,22.267,52.1308,0.304747,0.0132853
86088,352616448,9.89886,0.0677071,0.0237727,13.8422,0.518346,8.12364,21.8581,44.8318,0.330443,0.0129089
86112,352714752,9.89877,0.0512614,0.0217579,13.8436,0.513583,6.81055,21.4884,42.2363,0.292024,0.0129496
86136,352813056,9.89808,0.117391,0.00846788,13.6894,0.494944,7.9993,21.8691,47.4028,0.316958,0.0127665
86160,352911360,9.89826,0.0632965,0.0171875,14.4418,0.484308,8.52953,22.2619,48.547,0.286649,0.0124512
86184,353009664,9.89805,0.0670851,0.00651254,13.6651,0.493627,7.82227,22.2961,47.7392,0.290872,0.0124512
86208,353107968,9.89817,0.0857653,0.0387775,14.2699,0.493991,7.93417,22.4772,48.8199,0.29759,0.01238
86232,353206272,9.89901,0.0670301,0.0268122,14.4363,0.493791,8.76408,22.413,53.3573,0.304843,0.0121358
86256,353304576,9.89901,0.061025,0.0212743,15.476,0.526823,8.91363,21.8483,47.7232,0.295496,0.0116272
86280,353402880,9.8997,0.0590869,0.0149486,14.6525,0.5031,8.59305,22.2188,48.7044,0.30415,0.0113017
86304,353501184,9.89939,0.0275888,0.00776268,14.6433,0.495871,8.63064,22.7733,52.177,0.282332,0.0112406
86328,353599488,9.8998,0.0508726,0.0323244,15.2785,0.563923,9.07495,22.6053,50.0538,0.27546,0.0112305
86352,353697792,9.90039,0.0745547,0.024943,14.4567,0.489175,8.06655,22.3605,50.6219,0.288768,0.0109355
86376,353796096,9.90089,0.0344942,0.00687454,14.6071,0.551432,7.8277,22.7298,52.5111,0.294194,0.0108643
86400,353894400,9.90121,0.029218,0.0161884,14.2175,0.495851,7.60315,21.9767,45.8678,0.299647,0.0107524
86424,353992704,9.90081,0.0767697,0.0228758,15.2846,0.523948,8.14096,22.7451,51.968,0.294003,0.0110067
86448,354091008,9.90089,0.0609453,0.0376301,12.8626,0.466011,6.73985,22.0034,45.5028,0.291514,0.0109863
86472,354189312,9.9013,0.082433,0.0189882,15.416,0.544716,9.76821,22.4965,54.3091,0.292349,0.0109863
86496,354287616,9.90123,0.0497842,0.0123525,14.5929,0.579894,8.07626,22.5386,46.4264,0.302093,0.0110881
86520,354385920,9.90108,0.0559492,0.020649,15.3698,0.536453,8.92157,22.326,48.7917,0.300666,0.0113118
86544,354484224,9.90129,0.0738069,0.0240318,14.7929,0.484419,7.92011,22.1564,49.6155,0.296074,0.0112712
86568,354582528,9.90144,0.0523287,0.00979249,13.4962,0.489911,7.70753,22.1726,51.4511,0.280362,0.0113322
86592,354680832,9.90134,0.0848503,0.0603147,12.9017,0.482101,7.27266,21.9736,49.0614,0.290518,0.010671
86616,354779136,9.90078,0.0925303,0.053504,15.5098,0.550828,9.07473,22.3742,49.635,0.280327,0.0105794
86640,354877440,9.90037,0.093805,0.0363435,13.7574,0.501678,7.7662,22.4649,50.7051,0.294244,0.0107422
86664,354975744,9.90108,0.082351,0.0199377,14.1518,0.498773,8.22483,22.3924,49.2255,0.294223,0.0106506
86688,355074048,9.90094,0.0850383,0.0427503,13.4364,0.522771,7.78746,21.5293,44.5584,0.286534,0.0101217
86712,355172352,9.90111,0.0942679,0.0417278,12.958,0.461302,6.9422,22.4072,48.5291,0.298882,0.00968425
86736,355270656,9.90143,0.0565526,0.00327034,16.6464,0.517633,10.1155,22.4209,50.1032,0.297294,0.00958252
86760,355368960,9.90196,0.0537744,0.00996394,14.113,0.46971,8.23487,22.2244,49.0634,0.321396,0.00958252
86784,355467264,9.90267,0.074935,0.0171144,15.5012,0.482481,8.22621,22.1439,46.7192,0.279806,0.00908407
86808,355565568,9.90389,0.100138,0.0241142,13.9407,0.482086,8.48763,22.2208,49.2486,0.288219,0.0087382
86832,355663872,9.9038,0.0792821,0.0795742,12.7349,0.475006,6.49935,21.8275,47.8809,0.289641,0.00854492
86856,355762176,9.90389,0.0658329,0.0249915,14.7451,0.523763,8.81838,22.8808,53.4198,0.284199,0.00816854
86880,355860480,9.90422,0.041499,0.0457235,15.8451,0.521556,9.75079,23.2795,55.415,0.287115,0.00840251
86904,355958784,9.904,0.0655567,0.00841751,12.6558,0.530078,7.25007,22.1099,51.3656,0.281225,0.00807699
86928,356057088,9.90485,0.0502168,0.00625782,14.539,0.52542,8.48362,22.3382,52.6471,0.309925,0.00782267
86952,356155392,9.90484,0.0613105,0.0183086,14.5961,0.52571,8.10417,22.46,50.2653,0.28467,0.00787354
86976,356253696,9.90527,0.0964361,0.00682905,13.4956,0.503895,7.43923,22.0522,47.6752,0.289121,0.00746663
87000,356352000,9.90505,0.0651029,0.00972673,13.2929,0.517061,7.20976,21.6881,48.2336,0.28545,0.00732422
87024,356450304,9.9051,0.0679923,0.0579167,14.4213,0.525254,8.78208,22.2323,51.3166,0.274301,0.00750732
87048,356548608,9.90572,0.0563735,0.00512208,13.8702,0.485221,7.25307,22.0529,50.2593,0.285326,0.00744629
87072,356646912,9.90677,0.0616385,0.0184069,15.1615,0.534236,8.70704,22.7384,51.9261,0.299531,0.00747681
87096,356745216,9.90732,0.0568736,0.0309304,14.6334,0.499341,8.32326,22.3323,50.3095,0.301797,0.00798543
87120,356843520,9.90822,0.0918597,0,14.2216,0.516098,8.05688,21.7419,47.6772,0.281929,0.00760905
87144,356941824,9.90857,0.0537681,0.00807537,14.8085,0.540781,8.91199,22.5124,50.5346,0.284156,0.00756836
87168,357040128,9.90831,0.0662374,0.0091233,15.0455,0.499844,9.05507,22.4362,49.4126,0.283975,0.00801595
87192,357138432,9.90887,0.0695597,0.0432826,13.9249,0.522736,7.97249,22.1491,49.1631,0.290485,0.00857544
87216,357236736,9.90897,0.0798991,0.0110317,14.4463,0.519255,8.28748,22.3318,49.1364,0.293652,0.00881958
87240,357335040,9.90926,0.0834349,0.0443621,13.5637,0.499665,7.54141,21.8187,47.9853,0.290335,0.00915527
87264,357433344,9.91001,0.10407,0.0324087,12.8901,0.5427,6.19132,21.8891,45.5213,0.32669,0.00927734
87288,357531648,9.91039,0.0552565,0.0330514,15.4863,0.520849,8.40537,22.2022,49.103,0.287768,0.0093689
87312,357629952,9.91008,0.0238536,0,15.1447,0.55109,8.73186,22.1919,51.4985,0.308962,0.00971476
87336,357728256,9.91031,0.0414946,0,13.4789,0.462188,7.43145,21.6651,44.5518,0.321927,0.00976562
87360,357826560,9.91033,0.0392985,0,13.809,0.54452,7.86679,22.0907,46.7494,0.285961,0.00986735
87384,357924864,9.91089,0.0494186,0.0106339,15.7616,0.510987,9.6921,22.6372,54.0421,0.294708,0.0101013
87408,358023168,9.91112,0.0130963,0.0110158,15.3633,0.544475,8.97528,22.565,50.0256,0.277651,0.0102641
87432,358121472,9.91088,0.086088,0.0259516,15.213,0.516561,9.12734,22.8676,52.4525,0.28889,0.00990804
87456,358219776,9.9092,0.0785229,0.0312786,13.7861,0.446364,8.47787,22.5935,48.0508,0.270923,0.0105286
87480,358318080,9.90884,0.057709,0.0385692,12.6387,0.506537,6.41176,21.9927,44.6468,0.310214,0.0108337
87504,358416384,9.9096,0.0283165,0,15.0355,0.501878,8.42494,22.4437,48.3572,0.285903,0.0108439
87528,358514688,9.90907,0.0390593,0.0153946,14.1464,0.518112,8.25809,22.4466,49.2933,0.284876,0.0106303
87552,358612992,9.909,0.0296235,0,14.7481,0.509511,8.26454,21.5997,45.0936,0.337629,0.0110067
87576,358711296,9.90878,0.0472491,0.0195194,14.2287,0.511963,8.268,22.314,48.8051,0.307141,0.0114034
87600,358809600,9.90867,0.0955723,0.031612,14.2949,0.486068,8.5837,21.9824,43.9788,0.309348,0.011495
87624,358907904,9.90914,0.0448312,0,13.6599,0.486773,7.78306,21.7733,44.5355,0.310385,0.0112101
87648,359006208,9.90915,0.0490045,0.0134278,14.9761,0.509257,8.98444,23.0574,52.9668,0.286265,0.0112305
87672,359104512,9.90938,0.0673767,0.0125183,15.7056,0.568682,7.94269,22.7485,52.0236,0.301245,0.0113322
87696,359202816,9.90915,0.0387925,0,14.6493,0.530542,7.63635,22.4142,46.9739,0.305085,0.0115662
87720,359301120,9.90912,0.0640676,0.029661,14.2763,0.503172,8.29559,22.5769,49.1363,0.280611,0.0117188
87744,359399424,9.90982,0.0649929,0.00626072,13.5738,0.526083,7.12935,22.2837,50.1886,0.296876,0.0114441
87768,359497728,9.91052,0.0545689,0.0250356,13.151,0.504341,7.54803,21.9694,48.2269,0.294869,0.0112305
87792,359596032,9.91069,0.0442638,0.0275867,16.0604,0.546829,9.67147,23.1166,53.3009,0.29584,0.0113017
87816,359694336,9.91146,0.076091,0.0530194,13.2669,0.514532,6.90539,21.8298,46.2239,0.310605,0.0114746
87840,359792640,9.91243,0.0805632,0.0140433,14.7335,0.52145,7.99323,22.4732,48.0184,0.308318,0.0114746
87864,359890944,9.91291,0.100327,0.0278305,14.3049,0.49755,8.47313,22.9547,47.3186,0.303197,0.0113525
87888,359989248,9.91334,0.0576281,0.0215539,15.7954,0.50354,9.52078,23.0318,50.5009,0.300991,0.0112813
87912,360087552,9.91336,0.0622797,0.0345975,14.1038,0.490267,7.79384,22.904,51.1772,0.298819,0.0113831
87936,360185856,9.91348,0.0623479,0.0405626,14.8285,0.476465,8.68729,23.041,53.0226,0.325133,0.0114339
87960,360284160,9.91379,0.0702359,0.0048206,14.3191,0.526921,7.98483,22.8436,50.75,0.303171,0.0114746
87984,360382464,9.91465,0.079507,0.0140572,15.5254,0.504992,7.74141,23.1105,50.1716,0.306251,0.011322
88008,360480768,9.91451,0.0980092,0.0325497,14.5955,0.47522,8.75585,23.132,50.8098,0.302839,0.0116882
88032,360579072,9.9141,0.0730754,0.00548145,13.0994,0.488248,8.0385,22.8302,49.268,0.295461,0.0117798
88056,360677376,9.91401,0.106313,0,12.8976,0.467088,7.21401,22.3719,45.6575,0.290297,0.0119629
88080,360775680,9.91348,0.0962135,0.0392644,13.6064,0.46426,7.80736,22.8489,48.6106,0.295189,0.0116374
88104,360873984,9.91264,0.0446642,0.0089172,16.7655,0.495004,9.97097,23.1456,49.9957,0.303589,0.0113932
88128,360972288,9.91237,0.0744034,0.00887574,13.0461,0.479311,7.16279,22.7934,47.9988,0.288223,0.0116069
88152,361070592,9.91211,0.0554244,0.00744263,15.4643,0.526151,8.91745,23.1766,49.559,0.322212,0.0120138
88176,361168896,9.912,0.0581681,0.0296941,15.1308,0.495161,9.33368,23.2694,51.0673,0.30552,0.0118001
88200,361267200,9.91144,0.0596967,0.00933862,14.0737,0.494595,7.83952,22.7987,48.9638,0.281048,0.0116882
88224,361365504,9.91227,0.0739841,0.00888601,14.7321,0.505353,8.93267,22.8895,51.1517,0.300195,0.0114237
88248,361463808,9.91243,0.0335128,0.0115378,13.8885,0.510243,7.35237,22.5578,47.8029,0.283522,0.0112813
88272,361562112,9.91262,0.0761099,0.0136565,14.3707,0.507989,8.57196,22.4399,48.8752,0.298606,0.0114848
88296,361660416,9.91279,0.0519974,0.0144147,13.9207,0.48991,7.44211,22.6272,45.9162,0.301938,0.011495
88320,361758720,9.9122,0.0647185,0.0454545,13.5734,0.5248,8.14919,22.9812,50.9849,0.316272,0.0110677
88344,361857024,9.91187,0.0990216,0.0441153,13.6424,0.523157,7.54355,22.7023,48.4612,0.320159,0.0115051
88368,361955328,9.91066,0.0619356,0.010632,16.7862,0.523649,11.0569,23.9552,57.6774,0.297823,0.0117086
88392,362053632,9.90988,0.0915472,0.0273736,14.2447,0.504618,8.4013,23.0276,47.7527,0.307696,0.0114339
88416,362151936,9.91033,0.0480576,0.0334102,14.0594,0.48538,8.22282,23.1413,50.1853,0.271733,0.0112305
88440,362250240,9.90987,0.0795177,0.0431177,12.8299,0.495969,7.02681,23.2092,50.5507,0.286767,0.0111593
88464,362348544,9.90952,0.083226,0.0454733,13.6319,0.50673,7.65942,23.0818,50.7782,0.277962,0.0111593
88488,362446848,9.91026,0.0922496,0.0310323,14.2798,0.493587,8.16756,23.0126,48.4791,0.306508,0.0111287
88512,362545152,9.91039,0.0486625,0.0145392,13.7795,0.522562,7.77111,22.8795,49.2164,0.304739,0.0108337
88536,362643456,9.91034,0.0720203,0.0242365,14.4115,0.490903,8.22688,22.8363,48.9575,0.300731,0.0108439
88560,362741760,9.91054,0.0658881,0.0339821,14.0893,0.518121,8.87567,23.2506,51.5568,0.310847,0.0104268
88584,362840064,9.91072,0.0945579,0.00841717,14.222,0.556113,8.27835,22.9632,48.4957,0.295277,0.0099589
88608,362938368,9.91102,0.0935343,0.0340194,14.6436,0.517913,8.64394,23.5936,53.8723,0.291724,0.00976562
88632,363036672,9.91127,0.0785222,0.0270845,13.4399,0.505216,7.67739,23.1305,47.8366,0.305834,0.00996908
88656,363134976,9.91115,0.0913582,0.026249,14.4183,0.541324,8.46445,22.7714,46.6971,0.275247,0.00999959
88680,363233280,9.91082,0.0565028,0.0248547,15.389,0.55456,8.37188,22.7821,47.2416,0.28916,0.0099589
88704,363331584,9.91132,0.054559,0.0212314,13.1214,0.478473,7.06043,23.0328,47.2039,0.300716,0.00947062
88728,363429888,9.91129,0.0893243,0.05852,13.3543,0.491747,6.86647,22.6535,45.9221,0.283636,0.0098877
88752,363528192,9.91013,0.0593751,0.0195608,12.9298,0.484754,6.60405,22.5287,45.4476,0.303862,0.0104065
88776,363626496,9.90946,0.102124,0.0310925,13.3581,0.505245,6.92438,22.9927,45.4348,0.274611,0.0110881
88800,363724800,9.90993,0.0817753,0.0174346,13.1955,0.515542,7.4672,22.8057,49.9914,0.316082,0.0108337
88824,363823104,9.91039,0.0856507,0.0411413,14.8371,0.471054,9.13636,23.4099,51.5678,0.293091,0.0108846
88848,363921408,9.91027,0.0904667,0.0173734,14.4629,0.522059,8.36937,23.4137,50.513,0.289924,0.0110474
88872,364019712,9.90954,0.0917265,0.0128185,13.7135,0.500046,8.15518,23.4492,50.4018,0.298428,0.0113424
88896,364118016,9.90925,0.0982469,0.0169705,12.7659,0.482487,6.64842,23.0259,46.5956,0.300258,0.0114136
88920,364216320,9.90905,0.0580569,0.0437544,12.9964,0.492956,7.05236,22.3646,48.1501,0.304441,0.0115458
88944,364314624,9.90902,0.0590199,0.0146858,14.4951,0.525185,7.94807,22.4454,44.8045,0.313731,0.0119425
88968,364412928,9.90851,0.0858675,0.0398397,14.9921,0.495399,8.74191,23.2962,50.6986,0.300369,0.0124003
88992,364511232,9.90785,0.0830883,0.0774226,12.4023,0.487767,6.20125,22.2133,42.6437,0.283972,0.0128886
89016,364609536,9.90846,0.0534381,0.0287868,14.1475,0.538424,7.97922,23.2403,49.1134,0.303224,0.0130107
89040,364707840,9.90865,0.0844078,0.0410027,15.3349,0.525042,9.01948,23.0874,51.0923,0.300046,0.0130819
89064,364806144,9.90805,0.0502792,0.0297536,16.6567,0.535169,11.3223,24.0114,52.6691,0.300034,0.013326
89088,364904448,9.90848,0.0618899,0.0315055,15.9905,0.553721,9.59584,23.7057,53.2212,0.316568,0.0134277
89112,365002752,9.90833,0.0397704,0.0246813,15.4649,0.511469,10.4593,23.6101,52.3498,0.30462,0.0130514
89136,365101056,9.90836,0.0764203,0.0428259,13.5685,0.497214,7.36511,23.1301,49.3377,0.309082,0.0129089
89160,365199360,9.90792,0.10127,0.0623441,14.4177,0.522393,8.69406,23.542,51.0395,0.299231,0.0124105
89184,365297664,9.90811,0.0558335,0.014226,15.1852,0.532218,9.03119,23.6018,52.2523,0.293787,0.0123494
89208,365395968,9.90912,0.0679473,0.0354632,12.8432,0.498297,6.92013,22.9804,50.8524,0.306146,0.0120341
89232,365494272,9.9095,0.0707745,0.0100349,13.6986,0.517762,7.97452,23.2261,49.0333,0.2935,0.0124715
89256,365592576,9.90977,0.103261,0.0232721,13.8852,0.471871,7.98337,22.7485,44.4406,0.322198,0.0124105
89280,365690880,9.90982,0.078084,0.0187467,15.3615,0.529988,9.72635,23.7664,52.3294,0.278777,0.0126038
89304,365789184,9.91025,0.080157,0.0498862,15.7568,0.53275,9.11147,23.4769,48.2195,0.29695,0.0125936
89328,365887488,9.91054,0.0696452,0.0133537,13.474,0.467612,8.20763,22.9183,46.9441,0.302549,0.0126953
89352,365985792,9.91031,0.0553741,0.012155,14.2215,0.521115,8.18299,23.4727,52.1002,0.314723,0.0122986
89376,366084096,9.91066,0.09861,0.0612304,15.5204,0.554325,9.52185,23.7186,50.7248,0.287077,0.0118713
89400,366182400,9.91121,0.0707916,0.0343028,12.8538,0.557625,6.93235,23.0722,45.2627,0.31465,0.0117696
89424,366280704,9.91129,0.0731115,0.0191372,13.9322,0.487,7.84464,23.4047,48.9412,0.312448,0.0121867
89448,366379008,9.91122,0.0664569,0.0122474,14.3468,0.462656,8.58479,23.5696,52.3445,0.313718,0.0123393
89472,366477312,9.91131,0.0714211,0.0318919,14.6981,0.517776,9.00034,23.6404,52.8997,0.285804,0.0124919
89496,366575616,9.91119,0.114601,0.0317353,12.6132,0.490761,7.11208,23.0316,47.3958,0.288061,0.0124512
89520,366673920,9.91199,0.0479009,0.0318712,14.2303,0.511415,8.61107,23.5044,48.31,0.287778,0.0121765
89544,366772224,9.91185,0.0206993,0.00657534,14.2834,0.54032,8.41303,23.209,49.1193,0.287662,0.0122782
89568,366870528,9.91205,0.0539288,0.0255625,12.9535,0.482163,7.29957,23.2215,50.109,0.321813,0.0123291
89592,366968832,9.91218,0.0993175,0.00497395,13.8768,0.503617,7.97803,23.1475,50.7989,0.291902,0.01297
89616,367067136,9.91138,0.0985699,0.028791,12.8758,0.520424,7.25839,22.5537,44.17,0.299824,0.0131124
89640,367165440,9.91055,0.0589058,0,14.9949,0.539214,8.40234,23.4938,50.7185,0.286675,0.012797
89664,367263744,9.91006,0.0389654,0.00911116,15.5799,0.540605,9.46811,23.8113,54.6931,0.313823,0.0128886
89688,367362048,9.90942,0.0593028,0.0227292,14.7044,0.533837,8.79348,23.7725,50.8407,0.283734,0.0128581
89712,367460352,9.90872,0.0372827,0,15.6417,0.469532,9.30268,23.5398,52.2114,0.303255,0.0133769
89736,367558656,9.90963,0.0283777,0.0107736,14.5016,0.478336,7.90716,23.7772,52.5294,0.280945,0.0130107
89760,367656960,9.90954,0.0680693,0.040105,13.8762,0.499082,8.11527,22.7906,50.1823,0.311357,0.0126241
89784,367755264,9.90882,0.106672,0.0204159,13.5054,0.453096,7.45952,23.3751,51.3081,0.306513,0.0123596
89808,367853568,9.90889,0.0540128,0.00500906,14.4113,0.505526,8.62034,23.3332,50.4471,0.293533,0.0126953
89832,367951872,9.9084,0.0673308,0.033101,15.8807,0.540292,9.46782,23.2447,48.9373,0.326807,0.01297
89856,368050176,9.90805,0.0700635,0.0409412,13.754,0.471195,7.65674,23.1817,48.9374,0.330601,0.013265
89880,368148480,9.90833,0.0252517,0,13.8129,0.515053,7.4451,23.1168,48.3902,0.289349,0.0129801
89904,368246784,9.90867,0.0569295,0.0190898,15.1743,0.499802,9.14808,23.8122,53.4574,0.29245,0.0127767
89928,368345088,9.90886,0.0831919,0.0253663,14.2656,0.48433,8.29499,23.473,52.5253,0.308657,0.0127258
89952,368443392,9.90918,0.0523684,0.0235548,13.8276,0.506415,7.95445,23.5493,47.6126,0.288063,0.0124512
89976,368541696,9.90923,0.0405603,0.00995355,14.0046,0.524731,8.20603,22.9904,48.5793,0.290856,0.0124207
90000,368640000,9.90962,0.0953908,0.0256735,13.7902,0.480886,7.37397,23.3027,50.0335,0.272147,0.0122579
90024,368738304,9.90891,0.0520488,0.0420984,13.3825,0.521837,7.49241,23.4808,53.6322,0.309377,0.0122172
90048,368836608,9.90878,0.0564053,0.0454489,13.5797,0.458438,8.52525,22.9055,50.1275,0.294227,0.0120036
90072,368934912,9.90921,0.0401192,0.00675676,13.3868,0.497778,7.90559,23.1466,49.1612,0.29216,0.0120951
90096,369033216,9.90819,0.0467416,0.00577896,16.9145,0.499718,9.72404,23.6778,55.3577,0.300456,0.012675
90120,369131520,9.90835,0.0761177,0.00836154,12.4165,0.460615,6.28352,23.2355,44.7077,0.295673,0.0128581
90144,369229824,9.90824,0.0553707,0.0161965,14.3445,0.472485,8.09198,23.7259,52.261,0.303379,0.0126953
90168,369328128,9.90812,0.0551921,0.021034,15.1243,0.485311,8.96868,23.4774,47.1919,0.300486,0.0127157
90192,369426432,9.90825,0.0790206,0.00599809,14.4737,0.52164,8.67806,23.8089,52.5605,0.290002,0.0126953
90216,369524736,9.90931,0.036008,0.0133161,13.9099,0.485999,8.02914,23.4577,49.9751,0.301789,0.0125224
90240,369623040,9.90901,0.0671241,0.0447647,16.0994,0.505394,10.5951,23.5428,51.0407,0.332468,0.0123698
90264,369721344,9.90865,0.162072,0.0268059,13.0381,0.471233,7.4926,23.5917,50.4687,0.327595,0.012146
90288,369819648,9.90892,0.0541108,0,14.1488,0.520799,7.97615,23.5355,46.4195,0.286565,0.0121257
90312,369917952,9.90993,0.104954,0.0128535,13.2296,0.489493,7.44263,23.3329,47.8858,0.311345,0.012207
90336,370016256,9.91075,0.0847174,0.00856164,14.4782,0.489042,8.80897,23.4235,48.8809,0.282183,0.0124512
90360,370114560,9.91159,0.0842984,0.0287784,12.4466,0.497654,6.4888,23.2658,47.5425,0.289972,0.0123393
90384,370212864,9.91243,0.0415314,0.0176414,15.1655,0.522031,8.15005,23.1943,49.7078,0.279718,0.0124003
90408,370311168,9.91249,0.0688702,0.0379233,15.4408,0.585426,9.0124,23.7968,47.925,0.299212,0.0128784
90432,370409472,9.91239,0.0699526,0.0099108,13.7376,0.469906,6.69398,23.3595,47.7407,0.291427,0.012736
90456,370507776,9.91326,0.025613,0,14.366,0.496883,7.71587,23.7701,45.8051,0.300331,0.0123901
90480,370606080,9.91375,0.0971427,0.0142274,13.2461,0.491835,7.2831,23.7291,50.2173,0.295747,0.0120341
90504,370704384,9.91428,0.0708109,0.0474174,14.6378,0.497787,8.8884,23.4223,48.5073,0.319763,0.0120951
90528,370802688,9.91479,0.0255458,0.0141427,14.3867,0.530408,8.33806,23.6759,50.4448,0.288032,0.0122477
90552,370900992,9.91497,0.0625655,0,14.8458,0.506383,8.53803,23.9915,50.3445,0.299934,0.0125224
90576,370999296,9.91575,0.0493718,0.0154602,13.8884,0.443359,8.48268,23.3995,45.5645,0.296581,0.0123596
90600,371097600,9.91562,0.0485619,0.0115391,14.3008,0.485524,8.39462,23.676,49.6139,0.308485,0.0117391
90624,371195904,9.91638,0.0639239,0.022427,13.9185,0.455762,8.82752,23.7877,51.6749,0.294355,0.0117188
90648,371294208,9.91733,0.0646131,0.00749844,14.1014,0.519854,8.02027,23.6446,49.7749,0.303876,0.012207
90672,371392512,9.91747,0.0981585,0.0256264,12.216,0.449241,6.38583,23.214,44.0631,0.301086,0.0122782
90696,371490816,9.91779,0.0835665,0.0443107,13.6337,0.468574,7.16406,24.0432,50.336,0.299927,0.0120748
90720,371589120,9.91783,0.0371892,0.0263992,14.6941,0.471953,8.89105,23.9442,50.8149,0.274115,0.0116272
90744,371687424,9.91714,0.0476772,0.0172335,13.3898,0.486735,7.40725,23.8223,48.5714,0.291726,0.0117493
90768,371785728,9.91726,0.0706663,0.0359449,13.2886,0.482888,6.91299,23.5906,45.7901,0.305638,0.0119324
90792,371884032,9.91744,0.0759518,0.0191898,13.2213,0.470113,7.14775,23.4436,47.2881,0.308874,0.0116475
90816,371982336,9.91733,0.0839108,0.0316442,14.4827,0.498569,8.25648,24.0287,48.3012,0.292988,0.0116272
90840,372080640,9.91815,0.0605496,0.0313648,13.608,0.505136,7.1352,23.4557,45.0738,0.301266,0.0113627
90864,372178944,9.9187,0.0585097,0,13.9252,0.496574,7.85902,23.5176,46.945,0.29634,0.0112305
90888,372277248,9.91983,0.0613291,0.0304218,15.1488,0.485837,9.36238,24.3658,49.7681,0.311353,0.0113118
90912,372375552,9.92003,0.0781311,0.00800534,12.2982,0.458409,6.50952,23.5457,48.0265,0.287813,0.0113424
90936,372473856,9.92028,0.0936958,0.0363991,14.0041,0.456962,8.63378,23.8848,50.0299,0.305997,0.0111389
90960,372572160,9.92037,0.0384066,0.0331481,14.3434,0.508044,8.24786,24.1845,47.2597,0.28671,0.011027
90984,372670464,9.92032,0.0805711,0.019904,13.2414,0.434879,7.33664,23.7238,48.3446,0.325172,0.0108439
91008,372768768,9.92056,0.0451731,0,14.6633,0.479108,7.78173,23.7223,51.2132,0.297746,0.0108744
91032,372867072,9.92029,0.070197,0.0232861,13.1634,0.482096,7.29904,23.8207,47.3141,0.323535,0.0107015
91056,372965376,9.92043,0.0431034,0.0135755,14.9285,0.498767,8.8262,24.4495,52.0352,0.282883,0.0106812
91080,373063680,9.92029,0.0734505,0.0232567,12.6847,0.460481,6.82805,23.5165,46.3613,0.297376,0.010203
91104,373161984,9.92072,0.0607308,0.0076322,13.6358,0.422538,7.7436,24.2488,51.0087,0.306707,0.00979614
91128,373260288,9.92134,0.0935268,0.0774442,13.7941,0.496524,6.96241,24.0117,45.8766,0.281278,0.0100098
91152,373358592,9.92195,0.108949,0.0581027,13.9415,0.457918,8.60535,24.3548,51.9016,0.287248,0.0100098
91176,373456896,9.92228,0.113792,0.093062,14.1215,0.508027,8.01083,23.8941,47.4829,0.284963,0.00980632
91200,373555200,9.92303,0.0422117,0,14.2485,0.496477,8.11274,24.5472,52.1594,0.301853,0.00976562
