step,transitions,depth_level,reach_rate,crouch_reach_rate,goal_position_error_cm,goal_orientation_error_rad,best_error_cm,pelvis_drop_cm,target_drop_cm,walk_error_m_s,falls
24,98304,0,nan,nan,nan,nan,nan,nan,nan,nan,0
48,196608,0,nan,nan,nan,nan,nan,nan,nan,0.690168,0.000254313
72,294912,0,nan,nan,nan,nan,nan,nan,nan,0.762395,0.237661
96,393216,0,nan,nan,nan,nan,nan,nan,nan,0.684131,0.787872
120,491520,0,nan,nan,nan,nan,nan,nan,nan,0.675665,0.960063
144,589824,0,nan,nan,nan,nan,nan,nan,nan,0.737953,0.994537
168,688128,0,nan,nan,nan,nan,nan,nan,nan,0.70103,0.999481
192,786432,0,nan,nan,nan,nan,nan,nan,nan,0.711098,0.999878
216,884736,0,nan,nan,nan,nan,nan,nan,nan,0.729282,1
240,983040,0,nan,nan,nan,nan,nan,nan,nan,0.717078,1
264,1081344,0,nan,nan,nan,nan,nan,nan,nan,0.706294,1
288,1179648,0,nan,nan,nan,nan,nan,nan,nan,0.71325,1
312,1277952,0,nan,nan,nan,nan,nan,nan,nan,0.700141,1
336,1376256,0,nan,nan,nan,nan,nan,nan,nan,0.70246,1
360,1474560,0,nan,nan,nan,nan,nan,nan,nan,0.710863,1
384,1572864,0,nan,nan,nan,nan,nan,nan,nan,0.702943,1
408,1671168,0,nan,nan,nan,nan,nan,nan,nan,0.713931,1
432,1769472,0,nan,nan,nan,nan,nan,nan,nan,0.711394,1
456,1867776,0,nan,nan,nan,nan,nan,nan,nan,0.698963,1
480,1966080,0,nan,nan,nan,nan,nan,nan,nan,0.699527,1
504,2064384,0,nan,nan,nan,nan,nan,nan,nan,0.712027,1
528,2162688,0,nan,nan,nan,nan,nan,nan,nan,0.711148,1
552,2260992,0,nan,nan,nan,nan,nan,nan,nan,0.703881,1
576,2359296,0,nan,nan,nan,nan,nan,nan,nan,0.710134,1
600,2457600,0,nan,nan,nan,nan,nan,nan,nan,0.710301,1
624,2555904,0,nan,nan,nan,nan,nan,nan,nan,0.698578,1
648,2654208,0,nan,nan,nan,nan,nan,nan,nan,0.697368,1
672,2752512,0,nan,nan,nan,nan,nan,nan,nan,0.707553,1
696,2850816,0,nan,nan,nan,nan,nan,nan,nan,0.712237,1
720,2949120,0,nan,nan,nan,nan,nan,nan,nan,0.713994,1
744,3047424,0,nan,nan,nan,nan,nan,nan,nan,0.699001,1
768,3145728,0,nan,nan,nan,nan,nan,nan,nan,0.712803,1
792,3244032,0,nan,nan,nan,nan,nan,nan,nan,0.706664,1
816,3342336,0,nan,nan,nan,nan,nan,nan,nan,0.698429,1
840,3440640,0,nan,nan,nan,nan,nan,nan,nan,0.701878,1
864,3538944,0,nan,nan,nan,nan,nan,nan,nan,0.71413,1
888,3637248,0,nan,nan,nan,nan,nan,nan,nan,0.706302,1
912,3735552,0,nan,nan,nan,nan,nan,nan,nan,0.707,1
936,3833856,0,nan,nan,nan,nan,nan,nan,nan,0.695512,1
960,3932160,0,nan,nan,nan,nan,nan,nan,nan,0.700748,1
984,4030464,0,nan,nan,nan,nan,nan,nan,nan,0.700673,1
1008,4128768,0,nan,nan,nan,nan,nan,nan,nan,0.690777,1
1032,4227072,0,nan,nan,nan,nan,nan,nan,nan,0.695553,1
1056,4325376,0,nan,nan,nan,nan,nan,nan,nan,0.693636,1
1080,4423680,0,nan,nan,nan,nan,nan,nan,nan,0.696678,1
1104,4521984,0,nan,nan,nan,nan,nan,nan,nan,0.69507,1
1128,4620288,0,nan,nan,nan,nan,nan,nan,nan,0.692193,1
1152,4718592,0,nan,nan,nan,nan,nan,nan,nan,0.699161,1
1176,4816896,0,nan,nan,nan,nan,nan,nan,nan,0.692509,1
1200,4915200,0,nan,nan,nan,nan,nan,nan,nan,0.685884,1
1224,5013504,0,nan,nan,nan,nan,nan,nan,nan,0.694383,1
1248,5111808,0,nan,nan,nan,nan,nan,nan,nan,0.697669,1
1272,5210112,0,nan,nan,nan,nan,nan,nan,nan,0.703092,1
1296,5308416,0,nan,nan,nan,nan,nan,nan,nan,0.700854,1
1320,5406720,0,nan,nan,nan,nan,nan,nan,nan,0.691658,1
1344,5505024,0,nan,nan,nan,nan,nan,nan,nan,0.710724,1
1368,5603328,0,nan,nan,nan,nan,nan,nan,nan,0.695668,1
1392,5701632,0,nan,nan,nan,nan,nan,nan,nan,0.689215,1
1416,5799936,0,nan,nan,nan,nan,nan,nan,nan,0.695367,1
1440,5898240,0,nan,nan,nan,nan,nan,nan,nan,0.700551,1
1464,5996544,0,nan,nan,nan,nan,nan,nan,nan,0.689703,1
1488,6094848,0,nan,nan,nan,nan,nan,nan,nan,0.690469,1
1512,6193152,0,nan,nan,nan,nan,nan,nan,nan,0.694215,1
1536,6291456,0,nan,nan,nan,nan,nan,nan,nan,0.690497,1
1560,6389760,0,nan,nan,nan,nan,nan,nan,nan,0.688828,1
1584,6488064,0,nan,nan,nan,nan,nan,nan,nan,0.695583,1
1608,6586368,0,nan,nan,nan,nan,nan,nan,nan,0.700197,1
1632,6684672,0,nan,nan,nan,nan,nan,nan,nan,0.690218,1
1656,6782976,0,nan,nan,nan,nan,nan,nan,nan,0.691557,1
1680,6881280,0,nan,nan,nan,nan,nan,nan,nan,0.696471,1
1704,6979584,0,nan,nan,nan,nan,nan,nan,nan,0.69995,1
1728,7077888,0,nan,nan,nan,nan,nan,nan,nan,0.701371,1
1752,7176192,0,nan,nan,nan,nan,nan,nan,nan,0.702967,1
1776,7274496,0,nan,nan,nan,nan,nan,nan,nan,0.695478,1
1800,7372800,0,nan,nan,nan,nan,nan,nan,nan,0.699894,1
1824,7471104,0,nan,nan,nan,nan,nan,nan,nan,0.697607,1
1848,7569408,0,nan,nan,nan,nan,nan,nan,nan,0.696305,1
1872,7667712,0,nan,nan,nan,nan,nan,nan,nan,0.701321,1
1896,7766016,0,nan,nan,nan,nan,nan,nan,nan,0.704579,1
1920,7864320,0,nan,nan,nan,nan,nan,nan,nan,0.696626,1
1944,7962624,0,nan,nan,nan,nan,nan,nan,nan,0.699107,1
1968,8060928,0,nan,nan,nan,nan,nan,nan,nan,0.70135,1
1992,8159232,0,nan,nan,nan,nan,nan,nan,nan,0.702134,1
2016,8257536,0,nan,nan,nan,nan,nan,nan,nan,0.703411,1
2040,8355840,0,nan,nan,nan,nan,nan,nan,nan,0.707544,1
2064,8454144,0,nan,nan,nan,nan,nan,nan,nan,0.705987,1
2088,8552448,0,nan,nan,nan,nan,nan,nan,nan,0.721814,1
2112,8650752,0,nan,nan,nan,nan,nan,nan,nan,0.706414,1
2136,8749056,0,nan,nan,nan,nan,nan,nan,nan,0.716118,1
2160,8847360,0,nan,nan,nan,nan,nan,nan,nan,0.7252,1
2184,8945664,0,nan,nan,nan,nan,nan,nan,nan,0.726434,1
2208,9043968,0,nan,nan,nan,nan,nan,nan,nan,0.719298,1
2232,9142272,0,nan,nan,nan,nan,nan,nan,nan,0.724284,1
2256,9240576,0,nan,nan,nan,nan,nan,nan,nan,0.722119,1
2280,9338880,0,nan,nan,nan,nan,nan,nan,nan,0.726018,1
2304,9437184,0,nan,nan,nan,nan,nan,nan,nan,0.724289,1
2328,9535488,0,nan,nan,nan,nan,nan,nan,nan,0.729682,1
2352,9633792,0,nan,nan,nan,nan,nan,nan,nan,0.733229,1
2376,9732096,0,nan,nan,nan,nan,nan,nan,nan,0.736116,1
2400,9830400,0,nan,nan,nan,nan,nan,nan,nan,0.734551,1
2424,9928704,0,nan,nan,nan,nan,nan,nan,nan,0.730072,1
2448,10027008,0,nan,nan,nan,nan,nan,nan,nan,0.737153,1
2472,10125312,0,nan,nan,nan,nan,nan,nan,nan,0.744331,1
2496,10223616,0,nan,nan,nan,nan,nan,nan,nan,0.741003,1
2520,10321920,0,nan,nan,nan,nan,nan,nan,nan,0.738573,1
2544,10420224,0,nan,nan,nan,nan,nan,nan,nan,0.740111,1
2568,10518528,0,nan,nan,nan,nan,nan,nan,nan,0.754073,1
2592,10616832,0,nan,nan,nan,nan,nan,nan,nan,0.746105,1
2616,10715136,0,nan,nan,nan,nan,nan,nan,nan,0.753263,1
2640,10813440,0,nan,nan,nan,nan,nan,nan,nan,0.747718,1
2664,10911744,0,nan,nan,nan,nan,nan,nan,nan,0.75057,1
2688,11010048,0,nan,nan,nan,nan,nan,nan,nan,0.75609,1
2712,11108352,0,nan,nan,nan,nan,nan,nan,nan,0.758656,1
2736,11206656,0,nan,nan,nan,nan,nan,nan,nan,0.761436,1
2760,11304960,0,nan,nan,nan,nan,nan,nan,nan,0.751404,1
2784,11403264,0,nan,nan,nan,nan,nan,nan,nan,0.772536,1
2808,11501568,0,nan,nan,nan,nan,nan,nan,nan,0.757742,1
2832,11599872,0,nan,nan,nan,nan,nan,nan,nan,0.75013,1
2856,11698176,0,nan,nan,nan,nan,nan,nan,nan,0.762681,1
2880,11796480,0,nan,nan,nan,nan,nan,nan,nan,0.755169,1
2904,11894784,0,nan,nan,nan,nan,nan,nan,nan,0.756189,1
2928,11993088,0,nan,nan,nan,nan,nan,nan,nan,0.752829,1
2952,12091392,0,nan,nan,nan,nan,nan,nan,nan,0.761541,1
2976,12189696,0,nan,nan,nan,nan,nan,nan,nan,0.753791,1
3000,12288000,0,nan,nan,nan,nan,nan,nan,nan,0.737042,1
3024,12386304,0,nan,nan,nan,nan,nan,nan,nan,0.728535,1
3048,12484608,0,nan,nan,nan,nan,nan,nan,nan,0.718719,1
3072,12582912,0,nan,nan,nan,nan,nan,nan,nan,0.713031,1
3096,12681216,0,nan,nan,nan,nan,nan,nan,nan,0.725939,1
3120,12779520,0,nan,nan,nan,nan,nan,nan,nan,0.715041,1
3144,12877824,0,nan,nan,nan,nan,nan,nan,nan,0.704215,1
3168,12976128,0,nan,nan,nan,nan,nan,nan,nan,0.719356,1
3192,13074432,0,nan,nan,nan,nan,nan,nan,nan,0.707173,1
3216,13172736,0,nan,nan,nan,nan,nan,nan,nan,0.712571,1
3240,13271040,0,nan,nan,nan,nan,nan,nan,nan,0.698683,1
3264,13369344,0,nan,nan,nan,nan,nan,nan,nan,0.698916,1
3288,13467648,0,nan,nan,nan,nan,nan,nan,nan,0.688189,1
3312,13565952,0,nan,nan,nan,nan,nan,nan,nan,0.701353,1
3336,13664256,0,nan,nan,nan,nan,nan,nan,nan,0.702601,1
3360,13762560,0,nan,nan,nan,nan,nan,nan,nan,0.703813,1
3384,13860864,0,nan,nan,nan,nan,nan,nan,nan,0.691742,1
3408,13959168,0,nan,nan,nan,nan,nan,nan,nan,0.697489,1
3432,14057472,0,nan,nan,nan,nan,nan,nan,nan,0.686818,1
3456,14155776,0,nan,nan,nan,nan,nan,nan,nan,0.700537,1
3480,14254080,0,nan,nan,nan,nan,nan,nan,nan,0.697772,1
3504,14352384,0,nan,nan,nan,nan,nan,nan,nan,0.672429,1
3528,14450688,0,nan,nan,nan,nan,nan,nan,nan,0.651785,1
3552,14548992,0,nan,nan,nan,nan,nan,nan,nan,0.632409,1
3576,14647296,0,nan,nan,nan,nan,nan,nan,nan,0.644654,1
3600,14745600,0,nan,nan,nan,nan,nan,nan,nan,0.621536,1
3624,14843904,0,nan,nan,nan,nan,nan,nan,nan,0.624371,1
3648,14942208,0,nan,nan,nan,nan,nan,nan,nan,0.620995,1
3672,15040512,0,nan,nan,nan,nan,nan,nan,nan,0.625659,1
3696,15138816,0,nan,nan,nan,nan,nan,nan,nan,0.625709,1
3720,15237120,0,nan,nan,nan,nan,nan,nan,nan,0.656723,1
3744,15335424,0,nan,nan,nan,nan,nan,nan,nan,0.625613,1
3768,15433728,0,nan,nan,nan,nan,nan,nan,nan,0.626489,1
3792,15532032,0,nan,nan,nan,nan,nan,nan,nan,0.608732,1
3816,15630336,0,nan,nan,nan,nan,nan,nan,nan,0.617451,1
3840,15728640,0,nan,nan,nan,nan,nan,nan,nan,0.59726,1
3864,15826944,0,nan,nan,nan,nan,nan,nan,nan,0.585553,0.999959
3888,15925248,0,nan,nan,nan,nan,nan,nan,nan,0.595912,0.999756
3912,16023552,0,nan,nan,nan,nan,nan,nan,nan,0.552975,0.999756
3936,16121856,0,nan,nan,nan,nan,nan,nan,nan,0.612177,0.999756
3960,16220160,0,nan,nan,nan,nan,nan,nan,nan,0.579412,0.999756
3984,16318464,0,nan,nan,nan,nan,nan,nan,nan,0.60137,0.999756
4008,16416768,0,nan,nan,nan,nan,nan,nan,nan,0.569463,0.999654
4032,16515072,0,nan,nan,nan,nan,nan,nan,nan,0.578486,0.999471
4056,16613376,0,nan,nan,nan,nan,nan,nan,nan,0.562176,0.999268
4080,16711680,0,nan,nan,nan,nan,nan,nan,nan,0.545619,0.999166
4104,16809984,0,nan,nan,nan,nan,nan,nan,nan,0.551975,0.998973
4128,16908288,0,nan,nan,nan,nan,nan,nan,nan,0.549847,0.99883
4152,17006592,0,nan,nan,nan,nan,nan,nan,nan,0.56281,0.998342
4176,17104896,0,nan,nan,nan,nan,nan,nan,nan,0.572154,0.996745
4200,17203200,0,nan,nan,nan,nan,nan,nan,nan,0.556229,0.995361
4224,17301504,0,nan,nan,nan,nan,nan,nan,nan,0.589992,0.993764
4248,17399808,0,nan,nan,nan,nan,nan,nan,nan,0.558323,0.991648
4272,17498112,0,nan,nan,nan,nan,nan,nan,nan,0.556011,0.989126
4296,17596416,0,nan,nan,nan,nan,nan,nan,nan,0.547662,0.985626
4320,17694720,0,nan,nan,nan,nan,nan,nan,nan,0.546842,0.980408
4344,17793024,0,nan,nan,nan,nan,nan,nan,nan,0.519828,0.975006
4368,17891328,0,nan,nan,nan,nan,nan,nan,nan,0.479741,0.970957
4392,17989632,0,nan,nan,nan,nan,nan,nan,nan,0.501726,0.966451
4416,18087936,0,nan,nan,nan,nan,nan,nan,nan,0.467374,0.960246
4440,18186240,0,nan,nan,nan,nan,nan,nan,nan,0.493802,0.954997
4464,18284544,0,nan,nan,nan,nan,nan,nan,nan,0.474753,0.946971
4488,18382848,0,nan,nan,nan,nan,nan,nan,nan,0.493062,0.938182
4512,18481152,0,nan,nan,nan,nan,nan,nan,nan,0.500308,0.928182
4536,18579456,0,nan,nan,nan,nan,nan,nan,nan,0.464306,0.914602
4560,18677760,0,nan,nan,nan,nan,nan,nan,nan,0.490707,0.902964
4584,18776064,0,nan,nan,nan,nan,nan,nan,nan,0.459877,0.888519
4608,18874368,0,nan,nan,nan,nan,nan,nan,nan,0.451725,0.870138
4632,18972672,0,nan,nan,nan,nan,nan,nan,nan,0.473468,0.85436
4656,19070976,0,nan,nan,nan,nan,nan,nan,nan,0.489427,0.841797
4680,19169280,0,nan,nan,nan,nan,nan,nan,nan,0.448648,0.831258
4704,19267584,0,nan,nan,nan,nan,nan,nan,nan,0.464069,0.817342
4728,19365888,0,nan,nan,nan,nan,nan,nan,nan,0.443442,0.804159
4752,19464192,0,nan,nan,nan,nan,nan,nan,nan,0.452321,0.786814
4776,19562496,0,nan,nan,nan,nan,nan,nan,nan,0.433288,0.769012
4800,19660800,0,nan,nan,nan,nan,nan,nan,nan,0.427004,0.751912
4824,19759104,0,nan,nan,nan,nan,nan,nan,nan,0.44227,0.730937
4848,19857408,0,nan,nan,nan,nan,nan,nan,nan,0.426887,0.705536
4872,19955712,0,nan,nan,nan,nan,nan,nan,nan,0.429351,0.681976
4896,20054016,0,nan,nan,nan,nan,nan,nan,nan,0.431269,0.657196
4920,20152320,0,nan,nan,nan,nan,nan,nan,nan,0.430647,0.6356
4944,20250624,0,nan,nan,nan,nan,nan,nan,nan,0.412681,0.615611
4968,20348928,0,nan,nan,nan,nan,nan,nan,nan,0.419657,0.594727
4992,20447232,0,nan,nan,nan,nan,nan,nan,nan,0.403683,0.571676
5016,20545536,0,nan,nan,nan,nan,nan,nan,nan,0.405289,0.549357
5040,20643840,0,nan,nan,nan,nan,nan,nan,nan,0.419013,0.533407
5064,20742144,0,nan,nan,nan,nan,nan,nan,nan,0.40599,0.515452
5088,20840448,0,nan,nan,nan,nan,nan,nan,nan,0.392924,0.499095
5112,20938752,0,nan,nan,nan,nan,nan,nan,nan,0.421532,0.486359
5136,21037056,0,nan,nan,nan,nan,nan,nan,nan,0.40915,0.475413
5160,21135360,0,nan,nan,nan,nan,nan,nan,nan,0.408201,0.46342
5184,21233664,0,nan,nan,nan,nan,nan,nan,nan,0.405423,0.451589
5208,21331968,0,nan,nan,nan,nan,nan,nan,nan,0.397769,0.442769
5232,21430272,0,nan,nan,nan,nan,nan,nan,nan,0.382309,0.43631
5256,21528576,0,nan,nan,nan,nan,nan,nan,nan,0.401721,0.430593
5280,21626880,0,nan,nan,nan,nan,nan,nan,nan,0.411035,0.422119
5304,21725184,0,nan,nan,nan,nan,nan,nan,nan,0.403947,0.415904
5328,21823488,0,nan,nan,nan,nan,nan,nan,nan,0.38755,0.407461
5352,21921792,0,nan,nan,nan,nan,nan,nan,nan,0.391094,0.395721
5376,22020096,0,nan,nan,nan,nan,nan,nan,nan,0.402267,0.385295
5400,22118400,0,nan,nan,nan,nan,nan,nan,nan,0.396316,0.375682
5424,22216704,0,nan,nan,nan,nan,nan,nan,nan,0.38255,0.364899
5448,22315008,0,nan,nan,nan,nan,nan,nan,nan,0.391989,0.355428
5472,22413312,0,nan,nan,nan,nan,nan,nan,nan,0.38177,0.352295
5496,22511616,0,nan,nan,nan,nan,nan,nan,nan,0.366681,0.34904
5520,22609920,0,nan,nan,nan,nan,nan,nan,nan,0.378582,0.345042
5544,22708224,0,nan,nan,nan,nan,nan,nan,nan,0.369658,0.344493
5568,22806528,0,nan,nan,nan,nan,nan,nan,nan,0.395386,0.345367
5592,22904832,0,nan,nan,nan,nan,nan,nan,nan,0.373858,0.344299
5616,23003136,0,nan,nan,nan,nan,nan,nan,nan,0.380129,0.338074
5640,23101440,0,nan,nan,nan,nan,nan,nan,nan,0.393118,0.330332
5664,23199744,0,nan,nan,nan,nan,nan,nan,nan,0.370924,0.325694
5688,23298048,0,nan,nan,nan,nan,nan,nan,nan,0.362662,0.317596
5712,23396352,0,nan,nan,nan,nan,nan,nan,nan,0.36582,0.312185
5736,23494656,0,nan,nan,nan,nan,nan,nan,nan,0.351719,0.30541
5760,23592960,0,nan,nan,nan,nan,nan,nan,nan,0.356033,0.300425
5784,23691264,0,nan,nan,nan,nan,nan,nan,nan,0.375873,0.294952
5808,23789568,0,nan,nan,nan,nan,nan,nan,nan,0.359831,0.29126
5832,23887872,0,nan,nan,nan,nan,nan,nan,nan,0.360516,0.288808
5856,23986176,0,nan,nan,nan,nan,nan,nan,nan,0.36415,0.290243
5880,24084480,0,nan,nan,nan,nan,nan,nan,nan,0.375019,0.292267
5904,24182784,0,nan,nan,nan,nan,nan,nan,nan,0.35582,0.293325
5928,24281088,0,nan,nan,nan,nan,nan,nan,nan,0.366352,0.295624
5952,24379392,0,nan,nan,nan,nan,nan,nan,nan,0.349999,0.297373
5976,24477696,0,nan,nan,nan,nan,nan,nan,nan,0.356437,0.298055
6000,24576000,0,nan,nan,nan,nan,nan,nan,nan,0.351062,0.300944
6024,24674304,0,nan,nan,nan,nan,nan,nan,nan,0.345234,0.303548
6048,24772608,0,nan,nan,nan,nan,nan,nan,nan,0.353298,0.302948
6072,24870912,0,nan,nan,nan,nan,nan,nan,nan,0.349006,0.303192
6096,24969216,0,nan,nan,nan,nan,nan,nan,nan,0.3717,0.30365
6120,25067520,0,nan,nan,nan,nan,nan,nan,nan,0.351937,0.306183
6144,25165824,0,nan,nan,nan,nan,nan,nan,nan,0.346981,0.302612
6168,25264128,0,nan,nan,nan,nan,nan,nan,nan,0.344923,0.300537
6192,25362432,0,nan,nan,nan,nan,nan,nan,nan,0.363904,0.301737
6216,25460736,0,nan,nan,nan,nan,nan,nan,nan,0.3459,0.301737
6240,25559040,0,nan,nan,nan,nan,nan,nan,nan,0.347191,0.301809
6264,25657344,0,nan,nan,nan,nan,nan,nan,nan,0.355125,0.302165
6288,25755648,0,nan,nan,nan,nan,nan,nan,nan,0.337328,0.303009
6312,25853952,0,nan,nan,nan,nan,nan,nan,nan,0.349946,0.302989
6336,25952256,0,nan,nan,nan,nan,nan,nan,nan,0.345387,0.304321
6360,26050560,0,nan,nan,nan,nan,nan,nan,nan,0.344521,0.304494
6384,26148864,0,nan,nan,nan,nan,nan,nan,nan,0.334658,0.306712
6408,26247168,0,nan,nan,nan,nan,nan,nan,nan,0.329873,0.303426
6432,26345472,0,nan,nan,nan,nan,nan,nan,nan,0.353017,0.301849
6456,26443776,0,nan,nan,nan,nan,nan,nan,nan,0.332615,0.300822
6480,26542080,0,nan,nan,nan,nan,nan,nan,nan,0.350066,0.300374
6504,26640384,0,nan,nan,nan,nan,nan,nan,nan,0.342668,0.30011
6528,26738688,0,nan,nan,nan,nan,nan,nan,nan,0.34231,0.299245
6552,26836992,0,nan,nan,nan,nan,nan,nan,nan,0.340712,0.296549
6576,26935296,0,nan,nan,nan,nan,nan,nan,nan,0.342214,0.295349
6600,27033600,0,nan,nan,nan,nan,nan,nan,nan,0.319724,0.293854
6624,27131904,0,nan,nan,nan,nan,nan,nan,nan,0.347207,0.292775
6648,27230208,0,nan,nan,nan,nan,nan,nan,nan,0.319467,0.29128
6672,27328512,0,nan,nan,nan,nan,nan,nan,nan,0.341188,0.290314
6696,27426816,0,nan,nan,nan,nan,nan,nan,nan,0.327377,0.290792
6720,27525120,0,nan,nan,nan,nan,nan,nan,nan,0.323061,0.288544
6744,27623424,0,nan,nan,nan,nan,nan,nan,nan,0.334686,0.288005
6768,27721728,0,nan,nan,nan,nan,nan,nan,nan,0.313966,0.285929
6792,27820032,0,nan,nan,nan,nan,nan,nan,nan,0.344294,0.285787
6816,27918336,0,nan,nan,nan,nan,nan,nan,nan,0.330166,0.287272
6840,28016640,0,nan,nan,nan,nan,nan,nan,nan,0.328525,0.288411
6864,28114944,0,nan,nan,nan,nan,nan,nan,nan,0.325406,0.28716
6888,28213248,0,nan,nan,nan,nan,nan,nan,nan,0.330371,0.28245
6912,28311552,0,nan,nan,nan,nan,nan,nan,nan,0.32769,0.2801
6936,28409856,0,nan,nan,nan,nan,nan,nan,nan,0.321999,0.279338
6960,28508160,0,nan,nan,nan,nan,nan,nan,nan,0.323081,0.277781
6984,28606464,0,nan,nan,nan,nan,nan,nan,nan,0.348573,0.275848
7008,28704768,0,nan,nan,nan,nan,nan,nan,nan,0.319334,0.274221
7032,28803072,0,nan,nan,nan,nan,nan,nan,nan,0.314513,0.270365
7056,28901376,0,nan,nan,nan,nan,nan,nan,nan,0.320027,0.265564
7080,28999680,0,nan,nan,nan,nan,nan,nan,nan,0.317013,0.26182
7104,29097984,0,nan,nan,nan,nan,nan,nan,nan,0.332885,0.256449
7128,29196288,0,nan,nan,nan,nan,nan,nan,nan,0.321061,0.251302
7152,29294592,0,nan,nan,nan,nan,nan,nan,nan,0.322901,0.247264
7176,29392896,0,nan,nan,nan,nan,nan,nan,nan,0.328495,0.243154
7200,29491200,0,nan,nan,nan,nan,nan,nan,nan,0.326638,0.236562
7224,29589504,0,nan,nan,nan,nan,nan,nan,nan,0.330348,0.23348
7248,29687808,0,nan,nan,nan,nan,nan,nan,nan,0.332699,0.231578
7272,29786112,0,nan,nan,nan,nan,nan,nan,nan,0.33263,0.229126
7296,29884416,0,nan,nan,nan,nan,nan,nan,nan,0.350319,0.227163
7320,29982720,0,nan,nan,nan,nan,nan,nan,nan,0.334572,0.225789
7344,30081024,0,nan,nan,nan,nan,nan,nan,nan,0.320688,0.222198
7368,30179328,0,nan,nan,nan,nan,nan,nan,nan,0.321776,0.221456
7392,30277632,0,nan,nan,nan,nan,nan,nan,nan,0.33058,0.221029
7416,30375936,0,nan,nan,nan,nan,nan,nan,nan,0.310879,0.220276
7440,30474240,0,nan,nan,nan,nan,nan,nan,nan,0.337946,0.219991
7464,30572544,0,nan,nan,nan,nan,nan,nan,nan,0.328691,0.219401
7488,30670848,0,nan,nan,nan,nan,nan,nan,nan,0.317514,0.217601
7512,30769152,0,nan,nan,nan,nan,nan,nan,nan,0.302603,0.216095
7536,30867456,0,nan,nan,nan,nan,nan,nan,nan,0.317467,0.213928
7560,30965760,0,nan,nan,nan,nan,nan,nan,nan,0.324137,0.214345
7584,31064064,0,nan,nan,nan,nan,nan,nan,nan,0.327294,0.215424
7608,31162368,0,nan,nan,nan,nan,nan,nan,nan,0.311755,0.217407
7632,31260672,0,nan,nan,nan,nan,nan,nan,nan,0.311867,0.217265
7656,31358976,0,nan,nan,nan,nan,nan,nan,nan,0.334282,0.216105
7680,31457280,0,nan,nan,nan,nan,nan,nan,nan,0.316538,0.214701
7704,31555584,0,nan,nan,nan,nan,nan,nan,nan,0.353687,0.212809
7728,31653888,0,nan,nan,nan,nan,nan,nan,nan,0.326485,0.21228
7752,31752192,0,nan,nan,nan,nan,nan,nan,nan,0.300764,0.2093
7776,31850496,0,nan,nan,nan,nan,nan,nan,nan,0.315516,0.207448
7800,31948800,0,nan,nan,nan,nan,nan,nan,nan,0.322513,0.203247
7824,32047104,0,nan,nan,nan,nan,nan,nan,nan,0.317203,0.19932
7848,32145408,0,nan,nan,nan,nan,nan,nan,nan,0.315755,0.195312
7872,32243712,0,nan,nan,nan,nan,nan,nan,nan,0.327107,0.193268
7896,32342016,0,nan,nan,nan,nan,nan,nan,nan,0.322125,0.192464
7920,32440320,0,nan,nan,nan,nan,nan,nan,nan,0.312709,0.190664
7944,32538624,0,nan,nan,nan,nan,nan,nan,nan,0.321767,0.190664
7968,32636928,0,nan,nan,nan,nan,nan,nan,nan,0.309851,0.189463
7992,32735232,0,nan,nan,nan,nan,nan,nan,nan,0.321695,0.188965
8016,32833536,0,nan,nan,nan,nan,nan,nan,nan,0.315908,0.188161
8040,32931840,0,nan,nan,nan,nan,nan,nan,nan,0.322212,0.190358
8064,33030144,0,nan,nan,nan,nan,nan,nan,nan,0.32707,0.189758
8088,33128448,0,nan,nan,nan,nan,nan,nan,nan,0.309633,0.187134
8112,33226752,0,nan,nan,nan,nan,nan,nan,nan,0.315895,0.185781
8136,33325056,0,nan,nan,nan,nan,nan,nan,nan,0.305053,0.184347
8160,33423360,0,nan,nan,nan,nan,nan,nan,nan,0.312253,0.183787
8184,33521664,0,nan,nan,nan,nan,nan,nan,nan,0.324465,0.182363
8208,33619968,0,nan,nan,nan,nan,nan,nan,nan,0.315758,0.182597
8232,33718272,0,nan,nan,nan,nan,nan,nan,nan,0.333366,0.182709
8256,33816576,0,nan,nan,nan,nan,nan,nan,nan,0.319917,0.180979
8280,33914880,0,nan,nan,nan,nan,nan,nan,nan,0.326071,0.180033
8304,34013184,0,nan,nan,nan,nan,nan,nan,nan,0.332761,0.179626
8328,34111488,0,nan,nan,nan,nan,nan,nan,nan,0.312948,0.178579
8352,34209792,0,nan,nan,nan,nan,nan,nan,nan,0.322687,0.176412
8376,34308096,0,nan,nan,nan,nan,nan,nan,nan,0.311755,0.172668
8400,34406400,0,nan,nan,nan,nan,nan,nan,nan,0.31435,0.171356
8424,34504704,0,nan,nan,nan,nan,nan,nan,nan,0.312169,0.169078
8448,34603008,0,nan,nan,nan,nan,nan,nan,nan,0.315637,0.166392
8472,34701312,0,nan,nan,nan,nan,nan,nan,nan,0.338961,0.16273
8496,34799616,0,nan,nan,nan,nan,nan,nan,nan,0.301656,0.161397
8520,34897920,0,nan,nan,nan,nan,nan,nan,nan,0.312251,0.158132
8544,34996224,0,nan,nan,nan,nan,nan,nan,nan,0.3107,0.154633
8568,35094528,0,nan,nan,nan,nan,nan,nan,nan,0.323608,0.15214
8592,35192832,0,nan,nan,nan,nan,nan,nan,nan,0.304508,0.148936
8616,35291136,0,nan,nan,nan,nan,nan,nan,nan,0.323667,0.144948
8640,35389440,0,nan,nan,nan,nan,nan,nan,nan,0.313061,0.141652
8664,35487744,0,nan,nan,nan,nan,nan,nan,nan,0.31694,0.139119
8688,35586048,0,nan,nan,nan,nan,nan,nan,nan,0.321456,0.139455
8712,35684352,0,nan,nan,nan,nan,nan,nan,nan,0.321642,0.136149
8736,35782656,0,nan,nan,nan,nan,nan,nan,nan,0.329955,0.136261
8760,35880960,0,nan,nan,nan,nan,nan,nan,nan,0.326324,0.137034
8784,35979264,0,nan,nan,nan,nan,nan,nan,nan,0.32348,0.136739
8808,36077568,0,nan,nan,nan,nan,nan,nan,nan,0.305668,0.136922
8832,36175872,0,nan,nan,nan,nan,nan,nan,nan,0.32119,0.136546
8856,36274176,0,nan,nan,nan,nan,nan,nan,nan,0.306605,0.134888
8880,36372480,0,nan,nan,nan,nan,nan,nan,nan,0.317463,0.133891
8904,36470784,0,nan,nan,nan,nan,nan,nan,nan,0.311314,0.133219
8928,36569088,0,nan,nan,nan,nan,nan,nan,nan,0.310711,0.130646
8952,36667392,0,nan,nan,76.9278,1.79049,nan,24.2566,0,0.313435,0.127472
8976,36765696,0,nan,nan,56.8053,1.79648,nan,20.4864,0,0.318335,0.130452
9000,36864000,0,nan,nan,61.3681,1.78313,nan,23.669,0,0.310059,0.143056
9024,36962304,0,nan,nan,57.7833,1.50231,nan,18.5949,0,0.317461,0.167765
9048,37060608,0,nan,nan,55.459,1.51595,nan,16.8216,0,0.31068,0.195862
9072,37158912,0,nan,nan,54.2516,1.35283,nan,15.4054,0,0.313093,0.22643
9096,37257216,0,nan,nan,52.5752,1.32088,nan,15.9083,0,0.303038,0.263041
9120,37355520,0,nan,nan,55.0624,1.39294,nan,15.9767,0,0.308368,0.300802
9144,37453824,0,0,nan,55.7483,1.32148,30.1363,15.2651,0,0.308703,0.341614
9168,37552128,0,nan,nan,54.4979,1.30449,nan,15.6252,0,0.310767,0.379008
9192,37650432,0,0,nan,53.6111,1.30602,27.4018,14.9461,0,0.291873,0.411051
9216,37748736,0,0,nan,52.3802,1.31785,18.2405,15.0024,0,0.310504,0.448771
9240,37847040,0,nan,nan,55.3986,1.35379,nan,15.7451,0,0.320667,0.47937
9264,37945344,0,nan,nan,52.6602,1.33402,nan,14.9693,0,0.308509,0.508413
9288,38043648,0,nan,nan,54.7094,1.38099,nan,15.3448,0,0.322821,0.537964
9312,38141952,0,0,nan,53.591,1.34655,32.5907,14.941,0,0.313446,0.562887
9336,38240256,0,0,nan,53.681,1.3372,6.66768,15.3338,0,0.312937,0.58903
9360,38338560,0,0,nan,56.4703,1.31347,22.426,15.2842,0,0.298636,0.612844
9384,38436864,0,0,nan,57.3686,1.33483,17.4075,16.5801,0,0.312608,0.631358
9408,38535168,0,0,nan,53.8891,1.31435,30.3911,15.4279,0,0.313127,0.650726
9432,38633472,0,nan,nan,53.5426,1.33386,nan,15.9573,0,0.318951,0.668732
9456,38731776,0,0,nan,56.2573,1.32592,23.9012,15.2848,0,0.3011,0.685811
9480,38830080,0,0,nan,56.0188,1.30521,20.9954,15.4496,0,0.308312,0.703593
9504,38928384,0,0,nan,56.8476,1.29234,15.3274,15.9883,0,0.31381,0.719096
9528,39026688,0,nan,nan,55.442,1.28186,nan,16.3178,0,0.301292,0.733246
9552,39124992,0,0,nan,58.2138,1.35491,29.9033,17.3451,0,0.307339,0.748555
9576,39223296,0,0,nan,54.3931,1.32801,12.1167,15.0725,0,0.298075,0.763234
9600,39321600,0,0,nan,53.8167,1.33069,23.6887,15.7859,0,0.303701,0.776805
9624,39419904,0,nan,nan,56.6854,1.35928,nan,17.4079,0,0.301192,0.789052
9648,39518208,0,0,nan,54.4152,1.2961,23.2081,15.5593,0,0.302534,0.798676
9672,39616512,0,0,nan,53.5779,1.27516,16.2427,14.797,0,0.293754,0.808238
9696,39714816,0,nan,nan,55.2526,1.33299,nan,16.3714,0,0.294588,0.817942
9720,39813120,0,nan,nan,55.1468,1.29232,nan,15.8624,0,0.308513,0.826691
9744,39911424,0,nan,nan,53.4588,1.28194,nan,15.5831,0,0.307774,0.835622
9768,40009728,0,0,nan,53.957,1.35084,35.352,15.8298,0,0.311344,0.845276
9792,40108032,0,0,nan,53.3178,1.28181,18.4992,15.2768,0,0.289266,0.855214
9816,40206336,0,0,nan,53.1598,1.26941,16.9809,15.3347,0,0.283002,0.86205
9840,40304640,0,0,nan,53.849,1.30809,33.8984,15.9312,0,0.305613,0.868042
9864,40402944,0,nan,nan,52.0295,1.273,nan,15.1937,0,0.305129,0.877523
9888,40501248,0,nan,nan,55.897,1.29438,nan,15.2122,0,0.313609,0.886281
9912,40599552,0,0,nan,54.4878,1.35028,28.3195,16.2192,0,0.317716,0.892955
9936,40697856,0,0,nan,54.503,1.29572,23.1524,14.7272,0,0.333273,0.899465
9960,40796160,0,nan,nan,54.3007,1.30138,nan,14.5902,0,0.303742,0.905833
9984,40894464,0,0,nan,53.7136,1.33161,13.6631,16.5028,0,0.308049,0.910665
10008,40992768,0,0,nan,55.632,1.34031,25.7354,16.0443,0,0.311762,0.915059
10032,41091072,0,0,nan,53.8958,1.29433,19.9483,16.0208,0,0.294689,0.917969
10056,41189376,0,0,nan,56.942,1.30114,12.931,15.9985,0,0.304678,0.921041
10080,41287680,0,0,nan,53.9939,1.28259,33.7546,15.4742,0,0.306063,0.923157
10104,41385984,0,0,nan,52.241,1.28377,24.411,15.5639,0,0.301997,0.924082
10128,41484288,0,nan,nan,55.0436,1.28381,nan,15.9843,0,0.312744,0.92218
10152,41582592,0,0,nan,56.9143,1.33019,29.9491,16.8941,0,0.303969,0.920563
10176,41680896,0,0,nan,54.9126,1.31512,26.4835,16.6494,0,0.322191,0.921346
10200,41779200,0,0,nan,55.8486,1.29405,22.7526,15.9701,0,0.316953,0.921082
10224,41877504,0,0,nan,55.3933,1.29329,7.82126,16.2481,0,0.301649,0.92392
10248,41975808,0,0,nan,56.0286,1.3356,20.7289,15.2885,0,0.323978,0.924937
10272,42074112,0,0,nan,56.4444,1.29991,26.9236,14.7719,0,0.308066,0.92514
10296,42172416,0,0,nan,58.0052,1.28684,25.2536,16.3281,0,0.330514,0.924988
10320,42270720,0,0,nan,56.844,1.30889,21.0273,15.4007,0,0.309012,0.924103
10344,42369024,0,0,nan,56.369,1.2839,19.4719,15.0153,0,0.31004,0.924611
10368,42467328,0,0,nan,55.3635,1.26821,20.7794,14.8695,0,0.30886,0.924937
10392,42565632,0,0,nan,53.791,1.28542,20.2844,15.346,0,0.319187,0.925588
10416,42663936,0,0,nan,59.2648,1.27968,34.3705,14.4438,0,0.312835,0.924642
10440,42762240,0,0,nan,58.9054,1.33074,21.9323,16.4364,0,0.314964,0.924917
10464,42860544,0,0,nan,58.2681,1.28327,18.4312,14.8947,0,0.317843,0.925527
10488,42958848,0,0,nan,55.929,1.27031,16.5955,15.0287,0,0.302393,0.923971
10512,43057152,0,0,nan,57.3338,1.28585,19.279,15.8441,0,0.31891,0.921712
10536,43155456,0,0,nan,57.103,1.28396,17.7822,14.9701,0,0.305607,0.920603
10560,43253760,0,0,nan,60.0125,1.26384,20.8958,14.8396,0,0.315134,0.9192
10584,43352064,0,0,nan,61.3834,1.2671,24.8289,14.2721,0,0.319757,0.921326
10608,43450368,0,0,nan,55.0744,1.29948,21.1753,16.07,0,0.309483,0.921529
10632,43548672,0,0,nan,56.3864,1.2656,26.752,15.1315,0,0.338047,0.920197
10656,43646976,0,0,nan,57.8956,1.25309,24.279,15.4851,0,0.316442,0.918894
10680,43745280,0,0,nan,56.1106,1.2564,18.4059,14.8583,0,0.32968,0.91806
10704,43843584,0,0,nan,57.9162,1.26223,17.471,15.1566,0,0.311812,0.918599
10728,43941888,0,0,nan,58.8108,1.29693,27.2804,15.7511,0,0.321004,0.9192
10752,44040192,0,0,nan,58.8931,1.29652,26.0293,15.6018,0,0.32976,0.918844
10776,44138496,0,0,nan,59.8706,1.26753,22.7789,15.3076,0,0.307209,0.918508
10800,44236800,0,0,nan,58.9421,1.24,30.0503,15.4653,0,0.319343,0.918549
10824,44335104,0,0,nan,59.7072,1.3032,24.5546,15.7108,0,0.315924,0.920156
10848,44433408,0,0,nan,57.8423,1.27649,21.1147,14.9336,0,0.322011,0.919851
10872,44531712,0,0,nan,54.5306,1.22057,24.8246,14.1398,0,0.318628,0.917063
10896,44630016,0,0,nan,60.366,1.21786,23.4645,13.5828,0,0.331341,0.916504
10920,44728320,0,0,nan,56.6474,1.29853,21.7564,14.8396,0,0.334724,0.91685
10944,44826624,0,0,nan,59.1556,1.25682,26.6031,15.187,0,0.322673,0.916646
10968,44924928,0,0,nan,64.6768,1.2607,23.0543,14.3798,0,0.299546,0.91746
10992,45023232,0,0,nan,61.3598,1.28467,29.4954,14.2563,0,0.319383,0.915487
11016,45121536,0,0,nan,60.8686,1.23127,23.4785,14.5244,0,0.323331,0.91509
11040,45219840,0,0,nan,59.6541,1.29286,26.2549,14.6715,0,0.316601,0.915843
11064,45318144,0,0,nan,61.8652,1.27698,24.1992,15.3584,0,0.322931,0.914714
11088,45416448,0,0,nan,60.0932,1.28623,23.2686,14.7789,0,0.329122,0.911763
11112,45514752,0,0,nan,61.8013,1.25763,30.9596,13.9768,0,0.3183,0.912618
11136,45613056,0,0,nan,58.3303,1.26849,19.9092,14.5934,0,0.325289,0.912323
11160,45711360,0,0,nan,64.1365,1.25992,24.5176,14.4964,0,0.316965,0.911835
11184,45809664,0,0,nan,61.7828,1.30294,23.4771,15.5814,0,0.321901,0.909943
11208,45907968,0,0,nan,60.3284,1.29227,23.4417,16.0342,0,0.31407,0.910055
11232,46006272,0,0,nan,61.6065,1.29002,29.67,15.7966,0,0.308415,0.909678
11256,46104576,0,0,nan,63.9626,1.32274,26.2122,16.3471,0,0.32144,0.910075
11280,46202880,0,0,nan,61.4063,1.29386,20.0831,14.7176,0,0.319536,0.907613
11304,46301184,0,0,nan,62.5075,1.28345,25.4611,15.0185,0,0.322792,0.908518
11328,46399488,0,0,nan,62.6916,1.2648,27.1343,13.8,0,0.34736,0.910624
11352,46497792,0,0,nan,62.759,1.27208,27.5508,14.5395,0,0.300774,0.909821
11376,46596096,0,0,nan,65.8603,1.29931,24.8995,14.5064,0,0.326853,0.90566
11400,46694400,0,0,nan,58.6358,1.34015,24.9167,15.277,0,0.330519,0.902639
11424,46792704,0,0,nan,60.8616,1.24135,21.88,14.8486,0,0.324083,0.902822
11448,46891008,0,0,nan,61.5316,1.28051,27.7377,14.7486,0,0.325441,0.901703
11472,46989312,0,0,nan,61.6411,1.29192,22.4494,15.1714,0,0.320863,0.900737
11496,47087616,0,0,nan,65.3471,1.29649,27.5314,14.5561,0,0.314358,0.901276
11520,47185920,0,0,nan,60.2585,1.27177,24.2724,13.75,0,0.321607,0.900574
11544,47284224,0,0,nan,65.5028,1.23921,21.9989,13.9975,0,0.331245,0.899872
11568,47382528,0,0,nan,64.3225,1.26388,26.1579,13.8077,0,0.328804,0.899679
11592,47480832,0,0,nan,64.6241,1.23109,25.8213,13.709,0,0.321273,0.901499
11616,47579136,0,0,nan,60.2926,1.28332,27.0631,14.4788,0,0.320242,0.902262
11640,47677440,0,0,nan,62.6465,1.24874,25.0287,13.6426,0,0.336229,0.899292
11664,47775744,0,0,nan,67.2828,1.26964,23.7748,13.5392,0,0.341941,0.898397
11688,47874048,0,0,nan,67.1414,1.31188,25.7477,14.0964,0,0.338872,0.898824
11712,47972352,0,0,nan,65.1679,1.26963,25.4678,13.9509,0,0.345837,0.898295
11736,48070656,0,0,nan,64.4381,1.24,26.8604,13.6465,0,0.351422,0.898081
11760,48168960,0,0,nan,62.2959,1.27534,26.4483,13.7657,0,0.324783,0.895854
11784,48267264,0,0,nan,65.3265,1.28779,27.9429,13.1336,0,0.331918,0.894358
11808,48365568,0,0,nan,62.2837,1.21735,25.5022,13.1625,0,0.364196,0.893188
11832,48463872,0,0,nan,63.3942,1.19753,25.67,13.0573,0,0.327769,0.894623
11856,48562176,0,0,nan,62.7292,1.26798,24.7205,12.9018,0,0.347706,0.893361
11880,48660480,0,0,nan,64.5562,1.26084,25.4362,12.757,0,0.347179,0.893219
11904,48758784,0,0,nan,62.3048,1.2784,27.0787,13.0711,0,0.328624,0.89384
11928,48857088,0,0,nan,65.9639,1.27487,29.2338,13.0109,0,0.320968,0.893483
11952,48955392,0,0,nan,66.0326,1.28324,29.5088,13.1753,0,0.308457,0.890859
11976,49053696,0,0,nan,64.6286,1.22564,28.0387,12.3638,0,0.327864,0.890574
12000,49152000,0,0,nan,60.8875,1.23731,21.739,12.787,0,0.333916,0.888662
12024,49250304,0,0,nan,61.7201,1.20654,26.58,12.3983,0,0.345564,0.88621
12048,49348608,0,0,nan,62.744,1.26587,26.755,13.4304,0,0.325545,0.885071
12072,49446912,0,0,nan,59.2379,1.23841,23.556,13.075,0,0.325008,0.88328
12096,49545216,0,0,nan,69.5471,1.29706,27.0691,12.8012,0,0.341484,0.88325
12120,49643520,0,0,nan,60.4437,1.22222,24.9159,13.0355,0,0.336387,0.884003
12144,49741824,0,0,nan,62.9272,1.28825,25.1424,13.1765,0,0.334467,0.882375
12168,49840128,0,0,nan,65.652,1.21426,29.5483,12.2801,0,0.36603,0.880564
12192,49938432,0,0,nan,64.696,1.27953,26.5046,13.346,0,0.340309,0.879405
12216,50036736,0,0,nan,62.7054,1.21219,23.1122,13.8265,0,0.308781,0.87797
12240,50135040,0,0,nan,64.6751,1.25158,27.3308,11.832,0,0.339814,0.875315
12264,50233344,0,0,nan,63.6078,1.24933,26.9015,12.9889,0,0.335379,0.872894
12288,50331648,0,0,nan,64.734,1.26724,24.9043,14.3914,0,0.320365,0.8703
12312,50429952,0,0,nan,65.4608,1.23178,28.8694,12.0382,0,0.348674,0.867798
12336,50528256,0,0,nan,62.2405,1.23697,28.2196,11.928,0,0.325042,0.866638
12360,50626560,0,0,nan,63.7372,1.22861,28.3974,11.9772,0,0.332833,0.864461
12384,50724864,0,0,nan,64.816,1.18295,26.0364,11.5144,0,0.341415,0.86202
12408,50823168,0,0,nan,62.9261,1.24426,25.9874,12.654,0,0.327082,0.86025
12432,50921472,0,0,nan,63.7525,1.27334,28.5183,12.2065,0,0.33805,0.857951
12456,51019776,0,0,nan,60.6775,1.18694,25.6121,12.2984,0,0.341558,0.856028
12480,51118080,0,0,nan,68.5479,1.26416,27.6573,12.8832,0,0.329526,0.854309
12504,51216384,0,0,nan,64.5063,1.22897,26.0174,11.9765,0,0.318363,0.853129
12528,51314688,0,0,nan,64.5107,1.29566,25.4216,12.1374,0,0.332409,0.853556
12552,51412992,0,0,nan,62.5478,1.3149,28.3593,12.3705,0,0.327685,0.854319
12576,51511296,0,0,nan,65.217,1.20728,27.087,12.3201,0,0.330037,0.85437
12600,51609600,0,0,nan,65.8148,1.18269,26.6127,11.5399,0,0.363431,0.852071
12624,51707904,0,0,nan,63.3494,1.2414,26.518,11.2341,0,0.317618,0.848592
12648,51806208,0,0,nan,65.7638,1.24162,24.7499,12.8618,0,0.338823,0.8467
12672,51904512,0,0,nan,64.3473,1.24979,26.8445,12.4773,0,0.337567,0.843953
12696,52002816,0,0,nan,68.8044,1.21554,29.2937,12.184,0,0.347606,0.839681
12720,52101120,0,0,nan,65.0422,1.30093,26.6141,13.0429,0,0.314737,0.837789
12744,52199424,0,0,nan,66.0531,1.20781,29.6403,11.6701,0,0.317988,0.836782
12768,52297728,0,0,nan,68.2351,1.26792,26.8768,12.5417,0,0.323443,0.83665
12792,52396032,0,0,nan,66.3544,1.19931,25.1557,11.7721,0,0.360589,0.836212
12816,52494336,0,0,nan,68.2921,1.21867,28.4599,10.9817,0,0.347948,0.83725
12840,52592640,0,0,nan,70.2245,1.20901,30.0856,10.8312,0,0.329638,0.832448
12864,52690944,0,0,nan,63.6534,1.19666,27.7871,12.4446,0,0.308034,0.82957
12888,52789248,0,0,nan,70.0636,1.24077,27.8353,11.2181,0,0.36605,0.826314
12912,52887552,0,0,nan,68.4693,1.23468,27.6043,11.3422,0,0.374117,0.825857
12936,52985856,0,0,nan,63.2618,1.14863,26.6761,9.98812,0,0.38294,0.822937
12960,53084160,0,0,nan,57.1755,1.21319,23.117,11.2971,0,0.325063,0.82075
12984,53182464,0,0,nan,63.1349,1.20169,25.6949,11.1006,0,0.335703,0.818827
13008,53280768,0,0,nan,64.6306,1.16351,25.7134,11.246,0,0.341117,0.819265
13032,53379072,0,0,nan,64.7801,1.21356,27.5905,11.2607,0,0.352182,0.818298
13056,53477376,0,0,nan,66.364,1.24182,27.7451,11.997,0,0.337344,0.817251
13080,53575680,0,0,nan,66.3917,1.20328,27.2232,11.1369,0,0.349417,0.815135
13104,53673984,0,0,nan,69.5694,1.27448,25.9991,12.2084,0,0.340072,0.812429
13128,53772288,0,0,nan,59.7237,1.24833,26.517,12.1576,0,0.323839,0.809692
13152,53870592,0,0,nan,68.6831,1.18935,27.083,10.2918,0,0.347241,0.807709
13176,53968896,0,0,nan,67.3452,1.18117,27.1869,10.8522,0,0.338516,0.802063
13200,54067200,0,0,nan,64.2219,1.13898,26.0981,10.7821,0,0.347537,0.79597
13224,54165504,0,0,nan,58.9772,1.10202,23.3343,10.8055,0,0.333447,0.792491
13248,54263808,0,0,nan,64.6002,1.16774,27.7723,9.66218,0,0.341417,0.787323
13272,54362112,0,0,nan,68.6367,1.2389,28.3718,11.5875,0,0.334983,0.783132
13296,54460416,0,0,nan,61.1187,1.18378,24.815,12.0186,0,0.323831,0.780182
13320,54558720,0,0,nan,65.8326,1.18141,27.9928,9.7614,0,0.370014,0.777364
13344,54657024,0,0,nan,62.3831,1.24152,28.0138,12.2782,0,0.389514,0.77356
13368,54755328,0,0,nan,64.7885,1.14618,27.5067,10.1746,0,0.341899,0.766968
13392,54853632,0,0,nan,64.388,1.21181,27.461,11.3641,0,0.34426,0.764018
13416,54951936,0,0,nan,64.1293,1.20315,26.0646,10.1113,0,0.349584,0.760071
13440,55050240,0,0,nan,66.8014,1.17628,27.6284,10.3959,0,0.334169,0.756002
13464,55148544,0,0,nan,65.6286,1.13832,27.2635,10.1077,0,0.351634,0.753154
13488,55246848,0,0,nan,64.0093,1.12085,27.7552,10.6648,0,0.377357,0.748505
13512,55345152,0,0,nan,65.0865,1.27472,27.304,10.8373,0,0.35154,0.744731
13536,55443456,0,0,nan,64.9588,1.184,26.4378,9.96522,0,0.35257,0.742096
13560,55541760,0,0,nan,63.3385,1.18011,27.5345,10.5001,0,0.327118,0.737915
13584,55640064,0,0,nan,59.5779,1.19595,24.4242,12.1804,0,0.348606,0.733144
13608,55738368,0,0,nan,61.812,1.18537,25.5129,11.163,0,0.344532,0.730103
13632,55836672,0,0,nan,65.1052,1.18297,26.6042,10.7397,0,0.332394,0.726329
13656,55934976,0,0,nan,60.0514,1.17732,25.5915,10.688,0,0.331981,0.721527
13680,56033280,0,0,nan,61.4989,1.20089,28.0164,10.799,0,0.340047,0.716888
13704,56131584,0,0,nan,65.232,1.23247,29.0832,11.288,0,0.335489,0.711283
13728,56229888,0,0,nan,67.6532,1.13704,28.1009,10.1407,0,0.326135,0.706777
13752,56328192,0,0,nan,58.949,1.13101,26.6222,9.96236,0,0.324695,0.701619
13776,56426496,0,0,nan,56.5844,1.10184,24.898,10.5747,0,0.334787,0.696401
13800,56524800,0,0,nan,61.6091,1.12268,26.978,9.85969,0,0.333603,0.690704
13824,56623104,0,0,nan,64.3724,1.24169,26.8472,11.5924,0,0.340882,0.688609
13848,56721408,0,0,nan,62.1688,1.24823,25.933,11.5132,0,0.408905,0.685333
13872,56819712,0,0,nan,63.4249,1.18954,27.3972,10.6573,0,0.342794,0.682119
13896,56918016,0,0,nan,56.5681,1.13495,24.5998,10.2713,0,0.336132,0.67926
13920,57016320,0,0,nan,60.1375,1.20386,26.5189,11.3004,0,0.340107,0.674917
13944,57114624,0,0,nan,62.1853,1.15984,27.738,9.94639,0,0.356037,0.669505
13968,57212928,0,0,nan,63.2086,1.17268,27.7818,10.146,0,0.383797,0.66566
13992,57311232,0,0,nan,60.5469,1.1851,28.4527,11.8015,0,0.334751,0.660634
14016,57409536,0,0,nan,62.1456,1.13337,27.3647,10.0932,0,0.39089,0.656352
14040,57507840,0,0,nan,62.8636,1.20171,28.197,11.9975,0,0.360049,0.655202
14064,57606144,0,0,nan,62.0709,1.14979,27.1731,9.52111,0,0.332733,0.652913
14088,57704448,0,0,nan,61.8241,1.21865,28.3893,10.5111,0,0.342654,0.647919
14112,57802752,0,0,nan,63.7971,1.22522,25.8691,10.0449,0,0.33316,0.644196
14136,57901056,0,0,nan,61.9517,1.14087,26.633,9.74845,0,0.344886,0.639272
14160,57999360,0,0,nan,60.1433,1.17141,25.3902,10.3796,0,0.344045,0.633992
14184,58097664,0,0,nan,63.5033,1.18421,27.5567,10.3714,0,0.337599,0.62679
14208,58195968,0,0,nan,60.9637,1.18965,25.5637,10.3878,0,0.332194,0.622599
14232,58294272,0,0,nan,56.7932,1.16919,25.3092,10.3254,0,0.33698,0.619924
14256,58392576,0,0,nan,59.7355,1.15416,26.5437,10.3893,0,0.336235,0.615804
14280,58490880,0,0,nan,59.0096,1.17364,27.4599,9.41216,0,0.353555,0.613576
14304,58589184,0,0,nan,63.8469,1.14278,27.4667,8.86993,0,0.339084,0.611104
14328,58687488,0,0,nan,58.8967,1.11436,23.6516,10.8112,0,0.409809,0.607869
14352,58785792,0,0,nan,63.6531,1.1341,28.075,9.45902,0,0.336448,0.60434
14376,58884096,0,0,nan,61.1173,1.15574,26.8495,11.6156,0,0.347734,0.595408
14400,58982400,0,0,nan,64.0221,1.12192,28.0169,8.67903,0,0.351067,0.587026
14424,59080704,0,0,nan,63.0986,1.16722,28.3806,12.7265,0,0.339633,0.58491
14448,59179008,0,0,nan,65.423,1.17816,28.0953,8.76954,0,0.345471,0.581441
14472,59277312,0,0,nan,63.8574,1.15805,28.2749,9.09386,0,0.342125,0.577138
14496,59375616,0,0,nan,63.2938,1.22924,27.0294,9.9806,0,0.345344,0.575989
14520,59473920,0,0,nan,65.7196,1.15261,28.2387,10.108,0,0.348057,0.572154
14544,59572224,0,0,nan,63.8978,1.127,27.9673,9.83508,0,0.34796,0.569041
14568,59670528,0,0,nan,58.6297,1.15614,26.8582,9.4787,0,0.346459,0.566722
14592,59768832,0,0,nan,63.4035,1.14091,29.402,9.1737,0,0.32345,0.563222
14616,59867136,0,0,nan,57.0314,1.10878,25.0772,9.36454,0,0.325898,0.559581
14640,59965440,0,0,nan,60.7445,1.15885,29.349,8.25846,0,0.312633,0.554118
14664,60063744,0,0,nan,57.1638,1.12133,24.5931,8.65329,0,0.321696,0.548086
14688,60162048,0,0,nan,61.5999,1.10942,30.0097,9.397,0,0.329506,0.541901
14712,60260352,0,0,nan,60.1151,1.14411,26.7131,8.60176,0,0.321377,0.535594
14736,60358656,0,0,nan,61.3724,1.16951,27.309,9.60759,0,0.335534,0.531301
14760,60456960,0,0,nan,63.6156,1.16539,28.6225,9.13467,0,0.343409,0.525462
14784,60555264,0,0,nan,57.1761,1.11477,25.8064,9.50873,0,0.353054,0.521484
14808,60653568,0,0,nan,59.4265,1.13205,27.5371,9.48332,0,0.313072,0.515106
14832,60751872,0,0,nan,58.1729,1.08972,27.429,8.59936,0,0.346625,0.510488
14856,60850176,0,0,nan,58.6765,1.19931,28.6781,9.36615,0,0.315584,0.504954
14880,60948480,0,0,nan,56.4868,1.10457,27.0124,9.46431,0,0.340826,0.500173
14904,61046784,0,0,nan,61.8324,1.18885,28.8198,9.97295,0,0.312596,0.49939
14928,61145088,0,0,nan,60.878,1.18987,27.6301,10.2185,0,0.350366,0.497365
14952,61243392,0,0,nan,57.8428,1.13848,28.4407,9.44756,0,0.328872,0.494049
14976,61341696,0,0,nan,59.3281,1.18454,27.73,9.53692,0,0.347715,0.489288
15000,61440000,0,0,nan,59.2048,1.12038,26.3458,8.22017,0,0.332488,0.483663
15024,61538304,0,0,nan,65.42,1.18349,27.9288,8.90187,0,0.343021,0.480286
15048,61636608,0,0,nan,59.5715,1.09541,26.6732,9.34808,0,0.338453,0.474823
15072,61734912,0,0,nan,59.9861,1.25887,27.1056,11.6847,0,0.311238,0.472544
15096,61833216,0,0,nan,65.5667,1.19359,29.0505,8.53762,0,0.353927,0.470266
15120,61931520,0,0,nan,60.6917,1.17279,27.0522,9.51363,0,0.364028,0.467631
15144,62029824,0,0,nan,63.3734,1.12227,27.8706,8.84147,0,0.357351,0.463206
15168,62128128,0,0,nan,59.3573,1.13179,26.5983,8.7311,0,0.323977,0.458832
15192,62226432,0,0,nan,62.8694,1.10657,27.292,9.42304,0,0.345521,0.45401
15216,62324736,0,0,nan,66.4593,1.19538,28.5687,10.0688,0,0.321958,0.452067
15240,62423040,0,0,nan,60.4644,1.10363,26.6268,9.25018,0,0.358653,0.449544
15264,62521344,0,0,nan,63.6504,1.19007,27.8197,9.95751,0,0.343134,0.447439
15288,62619648,0,0,nan,66.8873,1.16228,28.3439,8.35217,0,0.343623,0.442159
15312,62717952,0,0,nan,61.647,1.17068,27.3918,8.83127,0,0.34851,0.437388
15336,62816256,0,0,nan,59.0626,1.16465,27.4373,9.6096,0,0.342625,0.435649
15360,62914560,0,0,nan,61.6926,1.19939,29.6704,8.82843,0,0.341131,0.432902
15384,63012864,0,0,nan,60.8278,1.14724,27.2419,8.60405,0,0.330396,0.431702
15408,63111168,0,0,nan,57.2214,1.14371,26.7357,9.05623,0,0.355463,0.430501
15432,63209472,0,0,nan,56.2717,1.18881,27.7025,9.70431,0,0.325436,0.428782
15456,63307776,0,0,nan,60.6079,1.19593,27.8298,8.92886,0,0.354309,0.42336
15480,63406080,0,0,nan,60.2596,1.11208,27.9208,9.12706,0,0.349959,0.419627
15504,63504384,0,0,nan,60.3626,1.12151,26.3689,10.1013,0,0.345399,0.41568
15528,63602688,0,0,nan,60.3553,1.16144,26.8931,8.60293,0,0.344982,0.413361
15552,63700992,0,0,nan,54.925,1.16889,26.2079,9.24916,0,0.332371,0.410339
15576,63799296,0,0,nan,57.8247,1.17711,26.0952,9.92207,0,0.341905,0.407277
15600,63897600,0,0,nan,59.439,1.15239,24.9845,9.36916,0,0.343909,0.40564
15624,63995904,0,0,nan,57.5243,1.20351,26.8485,10.1353,0,0.345918,0.404683
15648,64094208,0,0,nan,58.0021,1.16335,27.4724,9.11487,0,0.323809,0.402903
15672,64192512,0,0,nan,59.9987,1.11691,25.0813,9.24287,0,0.353132,0.401733
15696,64290816,0,0,nan,58.9312,1.17825,26.5505,9.96362,0,0.319881,0.402456
15720,64389120,0,0,nan,55.2243,1.07999,26.0757,8.31905,0,0.333357,0.40034
15744,64487424,0,0,nan,59.6938,1.20656,27.7522,8.74059,0,0.342704,0.39743
15768,64585728,0,0,nan,53.7231,1.16344,28.078,8.89813,0,0.351253,0.39502
15792,64684032,0,0,nan,57.7358,1.13646,25.3638,9.43416,0,0.334931,0.389933
15816,64782336,0,0,nan,58.0217,1.14144,27.1781,8.18959,0,0.329789,0.384898
15840,64880640,0,0,nan,54.751,1.13859,26.9033,9.18253,0,0.336508,0.380646
15864,64978944,0,0,nan,56.4514,1.14191,28.6743,9.84425,0,0.329391,0.379669
15888,65077248,0,0,nan,50.9825,1.05822,24.0987,9.25167,0,0.327599,0.376678
15912,65175552,0,0,nan,52.637,1.11789,26.254,8.62307,0,0.322465,0.37208
15936,65273856,0,0,nan,59.7956,1.12248,28.8158,11.3513,0,0.321188,0.370605
15960,65372160,0,0,nan,55.5794,1.13558,26.6328,8.23689,0,0.343582,0.368357
15984,65470464,0,0,nan,54.1562,1.16457,26.4838,9.02443,0,0.323272,0.365306
16008,65568768,0,0,nan,55.8307,1.18226,28.3668,8.56524,0,0.348407,0.362752
16032,65667072,0,0,nan,54.3298,1.14464,26.325,8.56485,0,0.332957,0.360474
16056,65765376,0,0,nan,56.3772,1.11578,25.504,9.07931,0,0.34862,0.356537
16080,65863680,0,0,nan,56.4156,1.13767,26.9522,8.4227,0,0.345339,0.356171
16104,65961984,0,0,nan,54.885,1.1229,27.5004,8.48821,0,0.359279,0.354248
16128,66060288,8.13802e-05,0,nan,52.212,1.10846,26.5003,7.81384,0,0.33945,0.350769
16152,66158592,0.000244141,0,nan,55.1685,1.18648,24.8218,11.6508,0,0.331769,0.348165
16176,66256896,0.000244141,0,nan,50.4616,1.06315,25.6491,8.36637,0.00282556,0.308023,0.347636
16200,66355200,0.000244141,0,nan,54.1214,1.07442,25.539,7.91104,0,0.332425,0.346202
16224,66453504,0.000244141,0,nan,51.7939,1.15922,26.4515,8.0714,0,0.342661,0.342519
16248,66551808,0.000244141,0,nan,53.1213,1.06324,25.4871,7.96994,0,0.319081,0.34024
16272,66650112,0.000244141,0,nan,53.7346,1.15698,24.6144,8.13014,0,0.33447,0.336283
16296,66748416,0.000244141,0,nan,50.7273,1.09288,26.2972,8.31999,0,0.334434,0.334432
16320,66846720,0.000244141,0,nan,54.1119,1.15277,26.0399,8.72287,0,0.311549,0.330546
16344,66945024,0.000244141,0,nan,50.3689,1.19072,25.574,10.0718,0,0.322292,0.328623
16368,67043328,0.000244141,0,nan,51.9463,1.21284,25.1354,10.5166,0,0.320336,0.32722
16392,67141632,0.000244141,0,nan,49.2185,1.06906,26.335,7.95161,0,0.332338,0.32491
16416,67239936,0.000244141,0,nan,50.3257,1.183,26.1361,9.09085,0,0.326966,0.322266
16440,67338240,0.000244141,0,nan,51.3163,1.16847,25.5613,8.87783,0,0.326685,0.322001
16464,67436544,0.000244141,0,nan,52.2563,1.1542,25.3123,8.69625,0,0.32368,0.323212
16488,67534848,0.000244141,0,nan,52.3164,1.09252,26.1116,8.15572,0,0.31562,0.322479
16512,67633152,0.000244141,0,nan,50.7239,1.15597,25.8953,8.52721,0,0.321008,0.318817
16536,67731456,0.000244141,0,nan,50.3013,1.09534,27.3257,7.78972,0,0.332966,0.316274
16560,67829760,0.000244141,0,nan,48.9536,1.12843,24.5382,8.73061,0,0.329451,0.31251
16584,67928064,0.000244141,0,nan,48.7234,1.04835,25.9608,7.83648,0,0.338095,0.310547
16608,68026368,0.000447591,0,nan,50.3053,1.13717,26.7108,8.02423,0,0.322797,0.306325
16632,68124672,0.000569661,0,nan,49.1724,1.13901,25.2302,7.91262,0,0.335479,0.302897
16656,68222976,0.000732422,0,nan,53.8279,1.1324,27.207,8.21794,0,0.322064,0.300924
16680,68321280,0.000732422,0,nan,51.4653,1.12039,25.8544,8.25656,0,0.34443,0.299398
16704,68419584,0.000732422,0,nan,47.7842,1.15617,25.3349,8.98077,0,0.359535,0.298686
16728,68517888,0.000732422,0,nan,52.0534,1.15915,25.2592,12.7306,0,0.323432,0.297984
16752,68616192,0.000732422,0,nan,52.3411,1.19031,26.3123,8.20809,0,0.324623,0.297048
16776,68714496,0.000732422,0,nan,47.1352,1.06902,24.3959,7.9502,0,0.316981,0.294515
16800,68812800,0.000935872,0,nan,44.0698,1.11832,23.773,8.67756,0,0.315584,0.291789
16824,68911104,0.000976562,0,nan,49.0682,1.10764,26.2531,8.09337,0,0.311422,0.290894
16848,69009408,0.000976562,0,nan,45.5844,1.08598,25.0173,8.22599,0,0.302571,0.289724
16872,69107712,0.000976562,0,nan,46.0144,1.02355,24.6557,7.96198,0,0.334843,0.28717
16896,69206016,0.00110881,0,nan,49.3124,1.17422,26.2019,8.98355,0,0.341184,0.28539
16920,69304320,0.0012207,0,nan,48.1798,1.17794,25.7682,9.57034,0,0.315937,0.285675
16944,69402624,0.0012207,0,nan,49.7916,1.1559,25.4419,8.79678,0,0.321652,0.284444
16968,69500928,0.0012207,0,nan,50.5834,1.09971,27.1846,8.65847,0,0.331659,0.283915
16992,69599232,0.0012207,0,nan,44.7705,1.06654,23.4246,7.6076,0,0.300768,0.28479
17016,69697536,0.0012207,0,nan,45.0258,1.09222,25.9027,8.30131,0,0.310921,0.284353
17040,69795840,0.0012207,0,nan,47.3957,1.12153,25.9135,8.0613,0,0.317748,0.283346
17064,69894144,0.0012207,0,nan,47.9248,1.07032,25.9166,8.37732,0,0.332833,0.282125
17088,69992448,0.0012207,0,nan,48.1815,1.07897,25.9114,8.04069,0,0.320669,0.27831
17112,70090752,0.0012207,0,nan,48.7308,1.12414,26.2615,7.96213,0,0.314539,0.275513
17136,70189056,0.0012207,0,nan,46.5584,1.10844,22.7325,8.53811,0,0.337912,0.273112
17160,70287360,0.0012207,0,nan,50.0257,1.14762,26.2337,8.20311,0,0.352382,0.270294
17184,70385664,0.0012207,0,nan,44.3793,1.11319,23.7883,7.9207,0.0103617,0.327119,0.267893
17208,70483968,0.0012207,0,nan,48.434,1.13803,24.5124,8.77991,0,0.308889,0.265279
17232,70582272,0.0012207,0,nan,46.8828,1.11202,24.7818,7.6806,0,0.341941,0.26473
17256,70680576,0.00138346,0,nan,47.7135,1.07737,24.7568,7.67437,0,0.304468,0.26122
17280,70778880,0.00146484,0,nan,47.6303,1.09446,26.4161,7.60057,0,0.316153,0.256999
17304,70877184,0.00146484,0,nan,46.0299,1.14865,25.5025,8.86399,0,0.313417,0.255503
17328,70975488,0.00146484,0,nan,48.2894,1.13798,25.5849,8.02569,0,0.324523,0.255219
17352,71073792,0.00146484,0,nan,46.7302,1.06962,25.6392,8.13065,0,0.317781,0.252706
17376,71172096,0.00146484,0,nan,47.9433,1.12273,23.9981,8.15869,0,0.330811,0.253652
17400,71270400,0.00167847,0,nan,47.8654,1.16333,24.5901,8.55155,0,0.346973,0.254049
17424,71368704,0.00170898,0,nan,46.7463,1.09653,25.7775,7.82486,0,0.336642,0.251383
17448,71467008,0.00167847,0,nan,46.138,1.14481,23.8095,8.71377,0.0033411,0.315272,0.249491
17472,71565312,0.00146484,0,nan,47.1637,1.07743,25.694,7.98207,0,0.324555,0.246867
17496,71663616,0.00146484,0,nan,44.1263,1.12273,25.8053,8.1623,0,0.319685,0.245321
17520,71761920,0.00146484,0,nan,46.1422,1.16515,24.0155,8.30714,0,0.322308,0.243306
17544,71860224,0.00146484,0,nan,46.644,1.14608,26.2366,8.00432,0,0.315322,0.24413
17568,71958528,0.00146484,0,nan,46.5371,1.0813,24.6558,8.1765,0.0135546,0.308419,0.243062
17592,72056832,0.00146484,0,nan,47.317,1.15079,27.4081,9.40136,0,0.309103,0.242645
17616,72155136,0.00146484,0,nan,45.7094,1.13212,24.6764,7.91022,0,0.313226,0.239522
17640,72253440,0.00146484,0,nan,46.6454,1.06744,25.6014,8.10072,0,0.309228,0.238393
17664,72351744,0.00146484,0,nan,44.3179,1.09045,23.7806,8.82458,0,0.329278,0.236776
17688,72450048,0.00146484,0,nan,46.4702,1.13512,23.5194,9.20132,0,0.318505,0.235128
17712,72548352,0.00146484,0,nan,47.1528,1.14624,24.9748,8.66496,0,0.320744,0.23406
17736,72646656,0.00146484,0,nan,47.297,1.10831,26.166,8.01389,0,0.315022,0.231812
17760,72744960,0.00146484,0,nan,47.8198,1.13124,25.3055,8.05395,0,0.308033,0.229655
17784,72843264,0.00160726,0,nan,45.5759,1.07874,26.0133,8.28121,0,0.313763,0.230764
17808,72941568,0.00195312,0,nan,47.0052,1.07429,27.1659,8.42383,0.00122666,0.333518,0.23055
17832,73039872,0.00195312,0,nan,46.7852,1.12005,24.3211,9.2897,0,0.304578,0.228973
17856,73138176,0.0019633,0,nan,45.6413,1.10478,24.2705,8.69765,6.77717e-05,0.335011,0.226054
17880,73236480,0.00202433,0,nan,42.894,1.05572,24.4923,8.08908,0,0.322416,0.226298
17904,73334784,0.00240072,0,nan,46.726,1.1105,25.703,8.08858,0,0.331567,0.224019
17928,73433088,0.00244141,0,nan,45.0192,1.04844,22.6874,8.13894,0,0.341537,0.221914
17952,73531392,0.00246175,0,nan,44.545,1.07715,24.5928,8.18263,0,0.335839,0.219981
17976,73629696,0.00268555,0,nan,46.4344,1.1085,24.1172,8.30946,0,0.312851,0.218323
18000,73728000,0.00268555,0,nan,45.339,1.05558,24.2183,8.03897,0,0.312644,0.216909
18024,73826304,0.00268555,0,nan,46.0406,1.0887,25.093,7.90013,0,0.35337,0.217194
18048,73924608,0.00314331,0,nan,44.8382,1.12362,24.6146,8.23185,0,0.333462,0.217051
18072,74022912,0.00317383,0,nan,44.251,1.05882,23.2626,8.12526,0.0285977,0.327434,0.216777
18096,74121216,0.00317383,0,nan,46.4753,1.07221,26.2173,8.01507,0.0188191,0.310719,0.216939
18120,74219520,0.00317383,0,nan,43.0651,1.09177,23.3738,8.88586,0.0197905,0.317904,0.216644
18144,74317824,0.00317383,0,nan,44.5126,1.13863,23.8393,9.32203,0,0.320935,0.216339
18168,74416128,0.00317383,0,nan,42.2672,1.07992,23.0909,7.78971,0,0.312267,0.216726
18192,74514432,0.00317383,0,nan,47.0401,1.13236,25.5392,9.99216,0,0.305869,0.21697
18216,74612736,0.00317383,0,nan,47.2045,1.1319,25.0668,8.23416,0,0.337693,0.216309
18240,74711040,0.00317383,0,nan,46.8584,1.05065,25.2368,7.85912,0.050126,0.333604,0.214488
18264,74809344,0.0034078,0,nan,44.6138,1.08921,24.4344,8.01636,0,0.322838,0.214539
18288,74907648,0.00341797,0,nan,41.8058,1.06108,22.8875,7.50106,0,0.327115,0.214508
18312,75005952,0.00341797,0,nan,46.9631,1.13,25.5199,8.29621,0,0.305274,0.212667
18336,75104256,0.00361125,0,nan,45.2114,1.06337,25.3795,8.23906,0,0.30034,0.211609
18360,75202560,0.00366211,0,nan,44.5928,1.08215,26.1649,8.18682,0,0.345552,0.208984
18384,75300864,0.00366211,0,nan,43.2875,1.06955,24.4894,8.21779,0,0.324279,0.206675
18408,75399168,0.00366211,0,nan,45.6927,1.1294,26.0301,8.01111,0,0.331023,0.204854
18432,75497472,0.00366211,0,nan,48.0672,1.05658,24.3921,8.05375,0,0.330412,0.203634
18456,75595776,0.00373332,0,nan,44.8722,1.06287,24.9722,7.70461,0,0.332296,0.201731
18480,75694080,0.00390625,0,nan,47.1445,1.11197,25.5368,7.96869,0,0.317916,0.201131
18504,75792384,0.00387573,0,nan,44.1576,1.07645,25.1573,7.91763,0.0759221,0.296685,0.200765
18528,75890688,0.00341797,0,nan,45.1502,1.07097,25.1881,7.87328,0.0247834,0.314929,0.200673
18552,75988992,0.00341797,0,nan,45.2796,1.07662,25.5552,7.56124,0.0333157,0.31135,0.199951
18576,76087296,0.00341797,0,nan,50.4813,1.18033,26.0803,8.75913,0,0.311449,0.199717
18600,76185600,0.00341797,0,nan,46.3492,1.09093,24.7653,9.03075,0,0.320243,0.200083
18624,76283904,0.00341797,0,nan,43.6682,1.04854,23.6669,7.84206,0,0.332555,0.201213
18648,76382208,0.00341797,0,nan,46.9433,1.16288,26.2292,8.39895,0,0.306479,0.200541
18672,76480512,0.00365194,0,nan,44.2537,1.12603,23.1546,8.35447,0.0195147,0.324189,0.200999
18696,76578816,0.00366211,0,nan,47.8161,1.14996,26.8146,8.15254,0,0.369595,0.200114
18720,76677120,0.00366211,0,nan,44.3183,1.08899,25.096,8.14666,0,0.326659,0.199544
18744,76775424,0.00366211,0,nan,44.1102,1.12656,24.4566,8.66327,0,0.328245,0.199839
18768,76873728,0.00366211,0,nan,45.644,1.0778,24.9009,8.12232,0,0.328965,0.200073
18792,76972032,0.00366211,0,nan,43.214,1.05038,24.0147,8.36164,0,0.332455,0.200114
18816,77070336,0.00367228,0,nan,48.4772,1.07788,27.5364,7.92853,0,0.321632,0.199738
18840,77168640,0.00390625,0,nan,45.5591,1.11229,23.7951,7.83086,0.033325,0.333451,0.196971
18864,77266944,0.00390625,0,nan,41.524,1.0935,23.1649,8.08696,0.0365385,0.308236,0.195282
18888,77365248,0.00390625,0,nan,44.7419,1.08076,24.1609,8.94387,0,0.307099,0.194539
18912,77463552,0.0042216,0,nan,45.002,1.10526,25.1607,8.12838,0.108907,0.334677,0.194519
18936,77561856,0.00439453,0,nan,45.6806,1.11123,25.1718,8.26696,0,0.292674,0.194702
18960,77660160,0.00439453,0,nan,44.6307,1.10052,24.7521,7.87496,0,0.326409,0.193075
18984,77758464,0.00439453,0,nan,40.5015,1.07427,22.3524,8.27584,0,0.329409,0.190257
19008,77856768,0.00439453,0,nan,44.2462,1.11448,24.3203,8.57344,0,0.329429,0.190511
19032,77955072,0.00439453,0,nan,45.194,1.09398,24.7442,9.07345,0,0.303033,0.1887
19056,78053376,0.00439453,0,nan,42.9995,1.09377,24.343,8.93756,0,0.315821,0.188405
19080,78151680,0.00439453,0,nan,46.078,1.13223,24.4783,8.62357,0.0129413,0.312762,0.188263
19104,78249984,0.00442505,0,nan,42.2551,1.09432,23.0957,8.87049,0.0772123,0.335656,0.190216
19128,78348288,0.00463867,0,nan,42.7765,1.03614,25.3555,8.00595,0,0.330554,0.188883
19152,78446592,0.00463867,0,nan,44.556,1.092,24.7826,7.99727,0,0.316467,0.186503
19176,78544896,0.00501506,0,0,42.2904,1.10746,23.6909,8.74128,0.0736891,0.324059,0.184194
19200,78643200,0.00512695,0,nan,41.4573,1.10152,23.2207,8.24013,0,0.308741,0.182861
19224,78741504,0.00512695,0,nan,43.388,1.12056,25.3316,8.98289,0.0280882,0.346298,0.181569
19248,78839808,0.00512695,0,nan,43.6396,1.09548,25.4211,8.44988,0,0.320421,0.181508
19272,78938112,0.00512695,0,nan,39.9561,1.06782,23.1793,8.48522,0,0.321229,0.180593
19296,79036416,0.00512695,0,nan,45.4479,1.09414,25.9086,8.0371,0,0.340636,0.180766
19320,79134720,0.00512695,0,nan,41.1614,1.09969,23.992,8.32386,0.00868803,0.310489,0.179311
19344,79233024,0.00511678,0,nan,40.7664,1.0914,24.5179,8.76229,0,0.334181,0.176992
19368,79331328,0.00512695,0,nan,44.656,1.118,24.3801,8.43362,0,0.312479,0.17453
19392,79429632,0.00516764,0,nan,42.9844,1.08592,25.1496,8.62363,0,0.318267,0.173981
19416,79527936,0.00543213,0,nan,38.864,1.05934,22.6025,8.34183,0.0516328,0.318279,0.172434
19440,79626240,0.00537109,0,nan,45.2644,1.0973,25.1465,8.69905,0,0.326426,0.171224
19464,79724544,0.00537109,0,nan,40.8441,1.063,25.2707,8.2842,0.0224708,0.319295,0.169647
19488,79822848,0.00537109,0,nan,47.519,1.14425,25.9789,8.74104,0,0.321787,0.168447
19512,79921152,0.00537109,0,nan,45.6492,1.15296,26.3487,8.85673,0.00277532,0.312459,0.168589
19536,80019456,0.00556437,0,nan,41.7311,1.11838,24.1037,8.37608,0,0.323787,0.16687
19560,80117760,0.00561523,0,nan,41.8117,1.1321,24.5988,8.3881,0.142043,0.31408,0.165497
19584,80216064,0.0054423,0,nan,42.654,1.12522,24.8724,8.73403,0.0569802,0.319505,0.164083
19608,80314368,0.00537109,0,nan,43.9369,1.07601,26.0282,8.34478,0,0.31153,0.162557
19632,80412672,0.00559489,0,nan,39.9793,1.1517,21.8754,8.50478,0,0.335828,0.160716
19656,80510976,0.00571696,0,nan,42.7155,1.11152,22.3773,8.49677,0.111644,0.338527,0.159231
19680,80609280,0.00592041,0,nan,43.2211,1.16419,24.0656,8.72544,0.0518494,0.303679,0.15682
19704,80707584,0.00601196,0,nan,41.672,1.06046,26.5553,8.26202,0.0308516,0.32564,0.155426
19728,80805888,0.00585938,0,nan,40.9684,1.05448,22.4798,8.39035,0.0569162,0.316325,0.153086
19752,80904192,0.00569661,0,nan,42.8045,1.11863,25.1248,8.22693,0,0.325057,0.151733
19776,81002496,0.00592041,0,nan,41.8146,1.11714,23.9162,8.46665,0,0.302696,0.15037
19800,81100800,0.00608317,0,nan,42.0337,1.16342,24.179,8.52221,0.0739822,0.312314,0.147878
19824,81199104,0.00585938,0,nan,40.0951,1.06986,22.9797,8.36225,0,0.321054,0.1486
19848,81297408,0.00585938,0,nan,38.505,1.07817,23.211,7.9338,0.0360486,0.323914,0.149211
19872,81395712,0.00585938,0,nan,42.3766,1.15255,24.0341,8.46969,0.0236647,0.302094,0.147583
19896,81494016,0.00585938,0,nan,40.9963,1.04548,24.4642,8.35067,0,0.310856,0.146098
19920,81592320,0.00586955,0,nan,40.7182,1.08601,22.4966,8.1773,0.0579848,0.35118,0.144033
19944,81690624,0.00610352,0,nan,40.3669,1.10111,22.7557,8.41097,0,0.322074,0.142639
19968,81788928,0.00610352,0,nan,41.1248,1.13378,23.8573,8.40067,0,0.33018,0.141347
19992,81887232,0.00595093,0,nan,42.128,1.17257,22.192,10.5109,0.025086,0.304018,0.140686
20016,81985536,0.00585938,0,nan,42.0513,1.13309,23.3715,8.11803,0,0.325707,0.13916
20040,82083840,0.00593058,0,nan,41.2442,1.14604,23.8565,8.5324,0,0.343791,0.138285
20064,82182144,0.00610352,0,nan,42.0625,1.0356,23.9058,8.16719,0,0.317188,0.135997
20088,82280448,0.00610352,0,nan,37.5882,1.09166,21.6629,8.56911,0.028993,0.307711,0.13324
20112,82378752,0.00610352,0,nan,37.9909,1.05735,22.1771,8.23546,0.0412976,0.330571,0.130656
20136,82477056,0.00616455,0,nan,37.8155,1.07018,21.848,8.28398,0,0.309364,0.128988
20160,82575360,0.00634766,0,nan,40.0803,1.06709,21.332,8.38533,0,0.320665,0.127604
20184,82673664,0.00645955,0,nan,40.9878,1.12964,23.3375,8.54639,0.24098,0.319476,0.12557
20208,82771968,0.0065918,0,nan,42.4093,1.11832,24.0307,8.46065,0,0.334032,0.125946
20232,82870272,0.00667318,0,nan,40.5903,1.09748,21.392,8.70204,0.0202556,0.319316,0.127197
20256,82968576,0.00683594,0,nan,41.9578,1.1682,23.9509,8.26589,0,0.327942,0.125468
20280,83066880,0.00683594,0,nan,40.8446,1.13789,22.5478,8.69866,0,0.325122,0.12561
20304,83165184,0.00690715,0,nan,41.6278,1.10796,24.1503,8.41482,0.00745966,0.319539,0.125509
20328,83263488,0.00684611,0,nan,41.0754,1.16332,24.6385,8.33196,0,0.314098,0.124074
20352,83361792,0.00700887,0,nan,40.2495,1.1101,23.1902,8.26899,0,0.32623,0.124196
20376,83460096,0.00692749,0,nan,42.181,1.12038,24.6154,8.09497,0,0.33406,0.124451
20400,83558400,0.00672404,0,nan,41.4017,1.14988,23.8821,8.72833,0,0.299522,0.12441
20424,83656704,0.00665283,0,nan,41.0631,1.08818,24.5915,8.29082,0,0.310307,0.123484
20448,83755008,0.00683594,0,nan,40.3954,1.13073,23.7802,8.43707,0,0.325774,0.121246
20472,83853312,0.00683594,0,nan,40.5162,1.10537,22.5662,8.13826,0.00898465,0.330641,0.120321
20496,83951616,0.00683594,0,nan,43.1092,1.17666,26.2135,8.75281,0,0.332353,0.119191
20520,84049920,0.00712077,0,nan,39.5503,1.08714,23.0012,8.45468,0,0.326282,0.1185
20544,84148224,0.00762939,0,nan,43.6458,1.12374,25.2927,8.61404,0,0.318586,0.119232
20568,84246528,0.00802612,0,nan,40.9092,1.06199,24.2007,8.32076,0.126882,0.321407,0.119456
20592,84344832,0.00805664,0,nan,44.0956,1.0971,25.1368,8.35048,0.0857784,0.29634,0.118622
20616,84443136,0.00842285,0,nan,44.1041,1.11053,23.5302,8.71134,0,0.337499,0.119537
20640,84541440,0.00834147,0,nan,42.1978,1.09868,23.9356,8.71337,0.0279929,0.31299,0.120656
20664,84639744,0.00840251,0,nan,37.0507,1.04466,21.2481,8.56498,0.0580118,0.308429,0.121958
20688,84738048,0.00830078,0,nan,39.037,1.05226,22.2831,8.4106,0,0.323127,0.122457
20712,84836352,0.00830078,0,nan,38.885,1.0734,23.3142,8.49051,0,0.325093,0.124939
20736,84934656,0.00864665,0,nan,40.9898,1.07846,23.4419,8.76466,0.0125162,0.326979,0.125977
20760,85032960,0.0090332,0,nan,40.9119,1.0847,24.264,8.14749,0.00551074,0.30368,0.124379
20784,85131264,0.0090332,0,nan,39.6972,1.05359,25.4397,8.5736,0.00351885,0.324971,0.123494
20808,85229568,0.00908407,0,nan,43.3535,1.09596,24.0574,9.02379,0.110406,0.312078,0.12267
20832,85327872,0.00927734,0,nan,42.7115,1.11701,25.5544,8.7974,0,0.312818,0.122548
20856,85426176,0.00927734,0,nan,41.8142,1.15576,24.3595,9.54202,0,0.334199,0.121745
20880,85524480,0.0096639,0,nan,42.0433,1.04675,24.6295,8.66214,0,0.335292,0.123433
20904,85622784,0.00976562,0,nan,40.2239,1.15477,23.501,8.9703,0.0623305,0.338836,0.124685
20928,85721088,0.00976562,0,nan,42.9076,1.11445,23.465,9.82038,0.0749451,0.332242,0.126211
20952,85819392,0.00953166,0,nan,37.2063,1.10826,21.3492,9.17988,0.0299885,0.28599,0.127258
20976,85917696,0.00913493,0,nan,40.3159,1.11926,23.9507,9.30022,0.131991,0.317974,0.1291
21000,86016000,0.00927734,0,nan,38.4503,1.10233,22.7722,8.81534,0.0966787,0.331945,0.128428
21024,86114304,0.00947062,0,nan,37.8747,1.06415,23.4887,8.77367,0.000833771,0.322025,0.127411
21048,86212608,0.00952148,0,nan,41.8727,1.16407,21.7954,9.40743,0,0.324988,0.127482
21072,86310912,0.00956217,0,nan,41.5433,1.10349,23.4054,9.16215,0.0452632,0.310296,0.128489
21096,86409216,0.00976562,0,nan,38.9154,1.06797,22.4758,10.1572,0,0.324132,0.128927
21120,86507520,0.00968425,0,nan,42.3307,1.19611,25.6421,9.45179,0.0663762,0.310376,0.130351
21144,86605824,0.00998942,0,nan,38.3626,1.07749,23.0202,9.35063,0,0.332179,0.131856
21168,86704128,0.00968425,0,nan,40.5116,1.10005,23.8089,9.1431,0.172964,0.316653,0.133382
21192,86802432,0.00959269,0,nan,38.3857,1.13367,23.2447,9.61433,0.0431727,0.310418,0.134684
21216,86900736,0.00952148,0,nan,40.7782,1.10163,24.6609,9.14961,0.0389595,0.324656,0.133982
21240,86999040,0.00981649,0,nan,40.1145,1.12536,24.5606,9.57641,0.00851841,0.322378,0.133067
21264,87097344,0.0102539,0,nan,38.333,1.08099,24.2062,9.29674,0,0.307938,0.131266
21288,87195648,0.0102641,0,nan,41.1907,1.16374,26.5007,9.58907,0.0235882,0.309517,0.1303
21312,87293952,0.0100505,0,nan,40.1993,1.11302,23.9339,9.89297,0.00911223,0.318884,0.130493
21336,87392256,0.0100098,0,nan,38.2921,1.1251,23.3263,9.71271,0,0.332299,0.131877
21360,87490560,0.0102437,0,nan,36.1117,1.05542,21.592,9.40427,0,0.313066,0.131012
21384,87588864,0.0102539,0,nan,39.512,1.14565,25.3235,9.37559,0,0.304162,0.129781
21408,87687168,0.0102743,0,nan,39.9604,1.1568,23.1461,9.6538,0,0.310633,0.129171
21432,87785472,0.010498,0,nan,37.5633,1.11336,22.4952,9.82975,0.00155158,0.31446,0.130534
21456,87883776,0.010498,0,nan,40.2256,1.15624,25.0443,9.36418,0,0.318922,0.131337
21480,87982080,0.010498,0,nan,38.5529,1.12336,24.3852,9.47957,0,0.301625,0.130859
21504,88080384,0.010498,0,nan,37.3079,1.15762,21.9291,9.52262,0,0.337427,0.130829
21528,88178688,0.010498,0,nan,35.6461,1.12638,22.5571,9.49611,0,0.318018,0.131337
21552,88276992,0.010498,0,nan,36.5663,1.11971,23.7473,9.60234,0,0.318337,0.131226
21576,88375296,0.0105286,0,0,36.6958,1.08723,22.8864,9.58529,0.132301,0.313946,0.130168
21600,88473600,0.0110881,0,nan,37.3404,1.088,23.7042,9.39243,0.0380125,0.321792,0.13032
21624,88571904,0.0113729,0,0,34.2959,1.03821,21.0213,9.93708,0.16909,0.338289,0.129567
21648,88670208,0.0116475,0,nan,36.2715,1.13124,23.1756,10.0938,0.233563,0.336045,0.128896
21672,88768512,0.0119629,0,nan,38.4313,1.12627,23.5652,9.45074,0.104322,0.322579,0.129313
21696,88866816,0.0119629,0,nan,37.2839,1.10975,21.3985,10.1016,0.0700386,0.341008,0.12912
21720,88965120,0.0123901,0,nan,38.3399,1.11436,23.542,9.97017,0,0.309862,0.128031
21744,89063424,0.0124512,0,nan,36.8189,1.13706,23.8927,9.4805,0.109464,0.324969,0.125722
21768,89161728,0.0123494,0,nan,39.0157,1.13787,23.9396,10.1029,0.0307139,0.320927,0.125336
21792,89260032,0.012207,0,nan,36.1952,1.08994,23.1577,9.6883,0.0904809,0.305474,0.124044
21816,89358336,0.0125122,0,nan,35.7084,1.12689,21.7843,10.271,0.0385002,0.324308,0.122813
21840,89456640,0.0128784,0,nan,38.995,1.09676,25.6348,10.1005,0.098201,0.337671,0.12322
21864,89554944,0.0130717,0,nan,37.6665,1.11159,22.9251,9.66707,0.0130212,0.344759,0.122854
21888,89653248,0.0134786,0,nan,34.8354,1.10833,21.4467,9.96087,0.0132234,0.299168,0.120839
21912,89751552,0.0135803,0,nan,35.5458,1.11254,22.4913,9.83551,0.0859543,0.320713,0.119415
21936,89849856,0.013916,0,0,35.4884,1.16641,22.4265,10.1319,0.156491,0.316884,0.118286
21960,89948160,0.0140279,0,nan,38.2536,1.16144,24.2211,9.7694,0.0257877,0.32727,0.115479
21984,90046464,0.0141602,0,nan,38.8877,1.20867,24.3766,10.2786,0.0540044,0.29962,0.113475
22008,90144768,0.0141602,0,nan,35.9953,1.13093,23.7713,10.1706,0.0567564,0.315413,0.112946
22032,90243072,0.0139669,0,nan,37.6727,1.09072,23.9756,10.4514,0.0924797,0.316794,0.112528
22056,90341376,0.0136922,0,nan,35.626,1.15703,22.7946,9.97464,0.019668,0.333849,0.110168
22080,90439680,0.013682,0,nan,35.5558,1.1484,22.9889,10.1751,0.0694953,0.317014,0.108714
22104,90537984,0.013916,0,nan,36.7401,1.10365,23.9638,9.93654,0.0147231,0.319136,0.107198
22128,90636288,0.0141296,0,nan,36.3529,1.15882,22.247,10.2989,0,0.326075,0.104289
22152,90734592,0.0145467,0,nan,37.7736,1.16941,24.1866,10.2007,0.0660855,0.3304,0.102946
22176,90832896,0.0147909,0,nan,38.8322,1.15575,23.4349,10.3241,0.0684123,0.323895,0.101796
22200,90931200,0.0148926,0,nan,38.801,1.15254,24.4517,10.325,0.0224278,0.334509,0.100505
22224,91029504,0.0149638,0,nan,38.4138,1.17665,23.0051,10.831,0.0201008,0.31284,0.100515
22248,91127808,0.0151367,0,nan,35.9789,1.12623,22.1685,10.171,0.0319986,0.311239,0.101624
22272,91226112,0.0153097,0,nan,36.0848,1.13906,22.8475,10.2807,0.000397702,0.301661,0.101298
22296,91324416,0.0153809,0,nan,38.1398,1.15874,23.6745,10.6069,0.0121708,0.309204,0.100698
22320,91422720,0.015564,0,nan,35.9593,1.12322,21.9359,10.0334,0.0423399,0.308609,0.0989889
22344,91521024,0.0157064,0,nan,37.3127,1.10394,23.8863,10.4728,0,0.303123,0.0984599
22368,91619328,0.0161133,0,nan,39.2962,1.09659,26.3198,10.3411,0.0729536,0.317194,0.0988668
22392,91717632,0.0161845,0,nan,40.5568,1.10925,24.7045,10.3355,0,0.322536,0.0981445
22416,91815936,0.016276,0,nan,34.2516,1.15382,20.6982,9.88461,0.0174776,0.315836,0.0957743
22440,91914240,0.0164795,0,nan,35.4271,1.09839,23.356,10.3102,0.0525072,0.315259,0.0947266
22464,92012544,0.0163574,0,nan,37.4284,1.13019,21.8983,10.919,0,0.337236,0.094574
22488,92110848,0.0164388,0,nan,36.6613,1.11208,24.5381,10.2114,0,0.311925,0.0955709
22512,92209152,0.0169271,0,nan,35.7814,1.11576,21.6816,10.2805,0,0.313179,0.0937703
22536,92307456,0.0170085,0,nan,36.8745,1.12831,22.0909,10.5994,0,0.31592,0.0944723
22560,92405760,0.0169169,0,0,37.9439,1.12506,24.1529,10.4091,0.0245636,0.345491,0.0950419
22584,92504064,0.0171916,0,nan,37.4089,1.19188,23.8724,10.5826,0.107146,0.335573,0.0959778
22608,92602368,0.0177816,0,nan,36.9403,1.14135,22.7542,10.4574,0.0321058,0.362974,0.0951843
22632,92700672,0.0175781,0,nan,39.096,1.15336,22.3435,10.539,0.123178,0.338898,0.0957438
22656,92798976,0.0175069,0,nan,36.556,1.16182,22.1629,10.6541,0.0609763,0.320908,0.0935669
22680,92897280,0.017334,0,0,35.5597,1.11017,21.9372,10.549,0.0652752,0.322759,0.0924784
22704,92995584,0.017334,0,nan,35.1211,1.1326,21.7995,10.6312,0.0128949,0.310589,0.0911458
22728,93093888,0.0175069,0,nan,36.0825,1.17439,22.4489,10.9621,0.136371,0.315623,0.0907796
22752,93192192,0.0174561,0,nan,35.6099,1.13822,21.6646,10.7432,0.17444,0.30397,0.0913595
22776,93290496,0.0170593,0,nan,37.4908,1.12526,22.7827,10.6076,0.0445389,0.306213,0.09198
22800,93388800,0.0171,0,nan,37.3002,1.14091,23.3507,11.0246,0.19933,0.325309,0.0915934
22824,93487104,0.0172628,0,nan,39.542,1.13535,25.0683,11.511,0.0836388,0.309328,0.0911051
22848,93585408,0.0172831,0,nan,37.5231,1.18398,23.4468,11.1559,0.127056,0.347376,0.0894369
22872,93683712,0.0175374,0,nan,37.7926,1.12955,22.2644,10.9627,0.0906026,0.315818,0.0910645
22896,93782016,0.0175781,0,nan,37.0339,1.11996,23.9619,10.9983,0.153062,0.329681,0.0911357
22920,93880320,0.017629,0,nan,36.3714,1.19648,21.4067,11.2493,0.123277,0.344948,0.0906982
22944,93978624,0.0181885,0,nan,37.7704,1.13247,24.1635,11.0088,0.286469,0.295103,0.0917257
22968,94076928,0.0183004,0,nan,36.0864,1.15172,22.447,10.8462,0.169778,0.338237,0.0913493
22992,94175232,0.0180155,0,nan,36.721,1.20901,24.8896,10.718,0.176437,0.328179,0.0909017
23016,94273536,0.0178223,0,nan,38.5433,1.24622,23.3576,11.1385,0.0481716,0.306465,0.0912781
23040,94371840,0.0178426,0,nan,38.9195,1.20297,24.5999,11.1688,0.0446655,0.335556,0.0909322
23064,94470144,0.0180257,0,nan,36.4262,1.09405,22.0954,10.9226,0,0.317345,0.0916341
23088,94568448,0.017863,0,0,37.4211,1.20858,23.6693,11.8206,0.0943442,0.303808,0.0915934
23112,94666752,0.0180461,0,nan,35.9166,1.16033,23.0517,11.1158,0.0985051,0.301513,0.0924479
23136,94765056,0.0178935,0,nan,37.8747,1.21624,23.9391,11.1093,0,0.328376,0.0939433
23160,94863360,0.0178223,0,nan,37.2649,1.13154,22.1413,10.9572,0.0617256,0.318709,0.0937297
23184,94961664,0.0178223,0,nan,37.6321,1.21041,22.8835,11.9413,0.108296,0.338793,0.0931396
23208,95059968,0.0178223,0,0,36.3958,1.14377,24.0995,11.2041,0.0184093,0.319733,0.0930481
23232,95158272,0.0180054,0,nan,38.1286,1.18305,24.7213,11.2014,0,0.308801,0.0912984
23256,95256576,0.0178528,0,nan,36.9476,1.16518,23.6507,11.2234,0.0371158,0.313159,0.0901896
23280,95354880,0.0177917,0,nan,37.3571,1.1473,23.2321,11.5262,0.040442,0.315356,0.0901794
23304,95453184,0.0174459,0,0,35.9012,1.1781,22.7172,11.9365,0.184681,0.305846,0.0897318
23328,95551488,0.0175883,0,nan,37.0361,1.14903,22.7691,11.6817,0,0.324766,0.0908813
23352,95649792,0.0174459,0,nan,36.0302,1.12121,21.9543,11.5623,0.0367003,0.340118,0.0898844
23376,95748096,0.0174764,0,nan,38.4296,1.15318,23.6574,11.3505,0,0.31703,0.0900269
23400,95846400,0.017629,0,nan,36.6101,1.16222,22.9105,11.0103,0.127052,0.331484,0.0891927
23424,95944704,0.0182902,0,nan,35.7557,1.19862,22.4106,11.3716,0.0942592,0.316724,0.0885925
23448,96043008,0.0186869,0,nan,36.5639,1.17204,23.1241,11.3357,0.0340908,0.293086,0.0869446
23472,96141312,0.0185649,0,nan,36.9252,1.17223,25.2775,11.6228,0.0369002,0.332632,0.0853577
23496,96239616,0.0191549,0,nan,33.8433,1.17934,21.2688,11.2727,0.00367127,0.323033,0.0844828
23520,96337920,0.0191854,0,nan,35.8804,1.20483,22.2696,11.6522,0.0154555,0.324888,0.0845337
23544,96436224,0.0192668,0,nan,38.2692,1.09285,24.5148,11.3825,0,0.333075,0.0833537
23568,96534528,0.0192871,0,nan,36.9586,1.17467,24.8247,12.0093,0.0545532,0.331091,0.0829976
23592,96632832,0.019104,0,nan,36.9518,1.09506,23.3793,11.2802,0.0186024,0.321173,0.0817668
23616,96731136,0.0187988,0,nan,36.7133,1.1439,24.4121,11.6255,0.208155,0.308505,0.0803426
23640,96829440,0.0193888,0,nan,36.2185,1.11001,23.1285,11.4918,0.0290348,0.300413,0.0787862
23664,96927744,0.0197245,0,nan,36.0104,1.12527,23.7577,11.6975,0.244021,0.31246,0.0781148
23688,97026048,0.0196737,0,nan,37.9696,1.16864,24.3548,11.7981,0.0825387,0.312114,0.0777893
23712,97124352,0.019399,0,nan,35.5511,1.12183,23.3841,11.4496,0.00766304,0.323342,0.0759684
23736,97222656,0.0192973,0,nan,35.4554,1.15701,22.8491,11.5953,0.152621,0.305293,0.0735474
23760,97320960,0.0195312,0,nan,37.0271,1.23619,24.8931,11.5082,0,0.299943,0.0725098
23784,97419264,0.0195312,0,nan,36.0907,1.1328,23.1811,11.5171,0.12831,0.313035,0.0704753
23808,97517568,0.0193481,0,nan,34.9758,1.10663,22.8532,11.7879,0.0220878,0.317544,0.0690714
23832,97615872,0.0197449,0,nan,36.5418,1.17991,24.1,11.6025,0.0578856,0.319406,0.0676371
23856,97714176,0.019633,0,nan,36.5066,1.12671,22.8178,12.0398,0.0490197,0.31383,0.0670675
23880,97812480,0.0197754,0,nan,34.3149,1.109,21.4392,11.8151,0.277096,0.328386,0.0658468
23904,97910784,0.0201111,0,nan,38.9672,1.17025,24.3691,11.8116,0.27675,0.343436,0.0658773
23928,98009088,0.0203959,0,nan,39.1148,1.13514,26.0469,11.6067,0.155455,0.33624,0.0647888
23952,98107392,0.0201619,0,nan,35.7971,1.15455,23.5445,11.9961,0.0829952,0.29938,0.0638123
23976,98205696,0.0203857,0,nan,37.4493,1.12121,23.8763,12.1416,0.422249,0.312856,0.0641581
24000,98304000,0.020813,0,nan,36.9879,1.19818,22.1576,12.1948,0.0945666,0.326699,0.0650635
24024,98402304,0.0213318,0,nan,36.459,1.1823,23.8717,11.9662,0.0856251,0.310707,0.0651245
24048,98500608,0.0212402,0,nan,35.1982,1.14736,22.7398,11.4838,0.0691613,0.313905,0.0640564
24072,98598912,0.0211995,0,nan,37.9681,1.20392,24.138,12.0604,0.0631892,0.34044,0.0619303
24096,98697216,0.0210571,0,nan,35.4368,1.18717,20.4879,12.0891,0.111879,0.325073,0.0622457
24120,98795520,0.0209961,0,nan,36.1451,1.17442,21.7546,11.7811,0.0959241,0.324568,0.0625305
24144,98893824,0.0209554,0,0,36.8567,1.16544,22.8947,11.8306,0.152544,0.316066,0.0613098
24168,98992128,0.0211487,0,0,36.3559,1.17091,23.4221,12.1506,0.155807,0.334821,0.0611267
24192,99090432,0.0213013,0,nan,35.1045,1.14723,22.2485,12.2056,0.245179,0.323515,0.061259
24216,99188736,0.0219218,0,nan,33.5065,1.15841,21.0299,11.878,0.0728007,0.307131,0.0609538
24240,99287040,0.0225423,0,nan,35.9954,1.18134,23.2298,11.9265,0.0547767,0.314014,0.061381
24264,99385344,0.0223999,0,nan,35.2116,1.14628,21.9275,12.226,0.0279318,0.298361,0.0625102
24288,99483648,0.0222168,0,nan,36.4992,1.16418,23.3345,11.8679,0.0480332,0.336519,0.0627543
24312,99581952,0.022349,0,nan,36.0676,1.21379,23.1214,12.5744,0.326806,0.339722,0.0630697
24336,99680256,0.0227559,0,nan,36.3799,1.19839,23.3007,12.2407,0.0159179,0.315608,0.0620422
24360,99778560,0.0230713,0,nan,35.2387,1.15672,22.8217,12.3779,0.126398,0.335289,0.0626322
24384,99876864,0.0234375,0,nan,34.6835,1.16976,21.0562,11.9651,0.0699312,0.327554,0.0629374
24408,99975168,0.0234375,0,nan,36.1333,1.17227,22.2712,12.3881,0.113368,0.314133,0.0640666
24432,100073472,0.0236816,0,nan,37.0552,1.19051,24.2303,12.2816,0.169338,0.333211,0.0643005
24456,100171776,0.0237223,0,nan,37.6885,1.19756,24.2022,12.0337,0.0137898,0.311647,0.0638428
24480,100270080,0.0241496,0,nan,36.2502,1.22054,22.3812,12.1109,0.0344946,0.292648,0.0638224
24504,100368384,0.0243835,0,0,34.6031,1.18589,21.9146,12.3424,0.121625,0.305202,0.0646464
24528,100466688,0.0246582,0,nan,34.7624,1.16697,22.2829,12.5084,0.0807642,0.319744,0.0651449
24552,100564992,0.0246785,0,nan,35.4306,1.11798,22.3899,12.3028,0.0112131,0.329301,0.0648905
24576,100663296,0.0246175,0,0,33.9353,1.15209,21.8082,12.161,0.109286,0.309198,0.0651245
24600,100761600,0.0244751,0,nan,34.7529,1.22901,21.9048,12.8152,0.296628,0.320044,0.0649821
24624,100859904,0.0248413,0,nan,34.9519,1.20662,23.1914,12.2601,0.0442337,0.325913,0.0649923
24648,100958208,0.0254313,0,nan,35.3371,1.18218,22.9939,12.4007,0.233759,0.309393,0.0652669
24672,101056512,0.0254517,0,nan,36.5598,1.19574,23.1892,12.3727,0.247588,0.324212,0.0674235
24696,101154816,0.0253805,0,0,34.7579,1.23256,21.8927,12.815,0.107753,0.310716,0.0680033
24720,101253120,0.0252991,0,nan,35.134,1.13708,22.3259,12.4327,0.146978,0.312083,0.0703735
24744,101351424,0.0249939,0,nan,35.3477,1.26242,22.292,12.6863,0.0480497,0.318411,0.0708516
24768,101449728,0.0249023,0,nan,31.9283,1.16287,20.5743,12.7388,0.0118066,0.329942,0.0715942
24792,101548032,0.0253499,0,nan,34.4838,1.15907,22.5477,12.5456,0.000684442,0.319957,0.0735677
24816,101646336,0.0254313,0,0,36.3394,1.23053,23.5394,12.4616,0.117088,0.313028,0.0761414
24840,101744640,0.0254822,0,nan,36.7169,1.19486,22.6943,12.9383,0.059875,0.306585,0.0787964
24864,101842944,0.0254923,0,nan,35.6687,1.16828,23.0708,12.8161,0.114631,0.311027,0.0799154
24888,101941248,0.0254618,0,nan,33.72,1.19479,21.8423,12.3853,0.125525,0.329077,0.0800781
24912,102039552,0.0256246,0,0,34.0099,1.21517,21.9957,13.0303,0.18613,0.315419,0.08019
24936,102137856,0.0256348,0,nan,34.5205,1.1647,22.1217,12.5775,0.113148,0.307143,0.0812378
24960,102236160,0.0254211,0,nan,33.4889,1.20334,22.0394,12.6965,0.117086,0.303206,0.081309
24984,102334464,0.0253906,0,nan,34.8945,1.25999,21.1977,14.1824,0.155181,0.304521,0.0816549
25008,102432768,0.0255737,0,nan,35.0513,1.17548,22.6817,12.6684,0.0503405,0.333063,0.0818075
25032,102531072,0.0256348,0,0,36.0938,1.18729,23.1485,13.2411,0.132819,0.327477,0.0822144
25056,102629376,0.0253703,0,nan,36.1473,1.17072,23.8916,13.3097,0.170856,0.323459,0.0834045
25080,102727680,0.0252075,0,nan,34.3226,1.1382,22.5135,13.0596,0.394618,0.305314,0.0846151
25104,102825984,0.0253906,0,nan,35.3288,1.20409,22.5492,13.2549,0.0743843,0.317531,0.0827942
25128,102924288,0.0258382,0,0,34.9958,1.14691,22.071,13.0105,0.33328,0.29398,0.0838318
25152,103022592,0.0261332,0,nan,36.8565,1.17721,23.5703,13.5455,0.175167,0.335772,0.0862528
25176,103120896,0.0261027,0,nan,34.8604,1.17081,22.5036,13.1403,0.345096,0.312537,0.0884603
25200,103219200,0.0259705,0,0,32.8157,1.17376,21.2009,13.4636,0.0727643,0.317464,0.0881246
25224,103317504,0.0259094,0,nan,36.0457,1.1813,24.0088,13.7395,0.0435264,0.321787,0.0890605
25248,103415808,0.0261027,0,nan,34.1783,1.19623,22.4297,13.5785,0.167085,0.323751,0.0887655
25272,103514112,0.0261841,0,nan,33.9322,1.17086,22.076,13.5648,0.0278229,0.333019,0.0889791
25296,103612416,0.0264079,0,nan,34.1529,1.25933,21.7028,13.7122,0.0858088,0.33055,0.0893758
25320,103710720,0.0266418,0,nan,36.0966,1.21518,23.0995,13.187,0.273766,0.325933,0.0906677
25344,103809024,0.0265503,0,nan,35.8388,1.22265,24.6603,13.9448,0.147042,0.305539,0.0908
25368,103907328,0.0271505,0,nan,32.1907,1.16855,20.7322,13.2275,0.37727,0.335869,0.0907389
25392,104005632,0.0272319,0,nan,36.0354,1.21283,23.2015,14.3408,0.477255,0.316787,0.0925395
25416,104103936,0.0274353,0,nan,36.1477,1.19109,24.3705,14.2707,0.16446,0.297972,0.0934041
25440,104202240,0.0274556,0,nan,37.389,1.17094,24.2436,13.6483,0.143259,0.32539,0.0948079
25464,104300544,0.0274658,0,nan,34.319,1.17776,22.1759,14.0155,0,0.313808,0.0965576
25488,104398848,0.0275777,0,nan,34.6412,1.18756,22.0147,14.2056,0,0.305497,0.0979716
25512,104497152,0.0275472,0,nan,33.8168,1.18041,21.7095,13.9078,0.26537,0.327146,0.0982564
25536,104595456,0.027537,0,nan,33.3097,1.15951,21.6697,13.8017,0.0733055,0.308322,0.098175
25560,104693760,0.0276082,0,nan,34.3418,1.14566,21.5978,14.2486,0.0790344,0.329466,0.0978597
25584,104792064,0.0277812,0,nan,33.4349,1.19276,22.5185,14.3394,0.171492,0.337329,0.0983175
25608,104890368,0.0277405,0,nan,33.5263,1.20069,21.6014,14.3493,0.210023,0.323345,0.0997009
25632,104988672,0.0272929,0,nan,34.1301,1.15401,21.3757,14.1638,0.117198,0.339312,0.100759
25656,105086976,0.0273438,0,nan,34.0078,1.19638,21.8729,14.2847,0.458172,0.319858,0.101145
25680,105185280,0.0272929,0,nan,32.233,1.18244,20.9952,14.168,0.110175,0.295894,0.101176
25704,105283584,0.0272115,0,nan,34.5533,1.22475,22.888,14.7788,0.174744,0.32089,0.101807
25728,105381888,0.027537,0,nan,34.2205,1.21578,22.7862,15.041,0.114128,0.320478,0.101491
25752,105480192,0.027476,0,nan,34.0761,1.13922,22.2399,14.3738,0.0498604,0.338769,0.10321
25776,105578496,0.0270894,0,nan,33.997,1.20106,22.1428,14.4821,0.104661,0.303655,0.105214
25800,105676800,0.0265808,0,0,37.237,1.1783,25.0353,15.0511,0.129574,0.317388,0.105967
25824,105775104,0.0264486,0,nan,33.3048,1.17298,21.4931,15.1193,0.0838137,0.307381,0.105835
25848,105873408,0.0266113,0,nan,35.164,1.19152,23.3857,14.8204,0.158992,0.32111,0.105011
25872,105971712,0.0268555,0,nan,35.2666,1.27027,23.0214,14.6317,0.0386824,0.321527,0.104869
25896,106070016,0.027242,0,nan,34.0087,1.18847,21.4949,14.5095,0.109021,0.325074,0.106547
25920,106168320,0.0275879,0,nan,33.8056,1.18449,21.3052,15.4886,0.0747696,0.328893,0.107554
25944,106266624,0.0278727,0,nan,34.3522,1.17368,21.7901,14.2681,0.0379347,0.324807,0.108358
25968,106364928,0.0279338,0,nan,32.8802,1.2118,21.4259,14.9584,0.433786,0.33295,0.108866
25992,106463232,0.0275777,0,0,35.131,1.2378,23.2942,15.0856,0.335022,0.346681,0.108683
26016,106561536,0.0276388,0,nan,34.002,1.1623,23.4333,14.6522,0.188386,0.340886,0.109049
26040,106659840,0.0279236,0,nan,33.5386,1.15174,21.2213,14.4413,0.126936,0.319239,0.109049
26064,106758144,0.0280762,0,nan,33.7259,1.16987,21.8159,15.0392,0.0596691,0.313042,0.109619
26088,106856448,0.0284627,0,nan,33.9521,1.17793,22.7858,15.1258,0.218062,0.313563,0.110697
26112,106954752,0.028422,0,nan,32.3707,1.24952,20.8931,15.0294,0.22059,0.305816,0.111226
26136,107053056,0.0282898,0,nan,32.4897,1.19167,20.7524,15.3454,0.239585,0.33024,0.111582
26160,107151360,0.0286662,0,0,31.7176,1.14604,21.1224,15.1344,0.0827264,0.324711,0.110555
26184,107249664,0.0291545,0,0,34.8045,1.21082,23.678,15.3246,0.237898,0.321993,0.108978
26208,107347968,0.029541,0,nan,33.9101,1.18902,22.4611,14.9648,0.266897,0.325835,0.10851
26232,107446272,0.0298055,0,nan,33.5546,1.16691,21.5299,15.1383,0.080981,0.31262,0.107849
26256,107544576,0.0302734,0,nan,32.8551,1.16914,20.9093,15.1626,0.0524918,0.295178,0.107422
26280,107642880,0.0302226,0,nan,31.5373,1.16985,20.5054,14.7703,0.0653338,0.314289,0.105927
26304,107741184,0.0303345,0,nan,31.5517,1.14507,20.6334,14.9302,0.285219,0.338043,0.106089
26328,107839488,0.0307312,0,nan,35.787,1.24761,22.6147,15.4465,0.0557281,0.316333,0.106222
26352,107937792,0.0310059,0,nan,33.6046,1.1854,22.1971,15.2251,0.146337,0.298432,0.106812
26376,108036096,0.0310669,0,nan,35.2686,1.20285,22.5525,14.7374,0.298706,0.311406,0.105133
26400,108134400,0.0311483,0,nan,33.8375,1.22343,21.4746,15.3156,0.067594,0.334131,0.104513
26424,108232704,0.0314433,0,nan,32.7764,1.13961,22.1782,14.9198,0.200115,0.322244,0.104136
26448,108331008,0.0316976,0,nan,33.0699,1.14291,22.0309,15.1875,0.0686067,0.322715,0.103353
26472,108429312,0.0314738,0,nan,31.8465,1.17396,20.2098,15.2451,0,0.313814,0.103892
26496,108527616,0.03125,0,nan,32.7532,1.08781,22.5536,15.0693,0.186775,0.314984,0.103302
26520,108625920,0.0316467,0,nan,33.974,1.18924,21.7439,15.6681,0.000607076,0.312322,0.102946
26544,108724224,0.0319824,0,nan,33.418,1.17349,22.7963,15.7119,0.0939208,0.311847,0.102183
26568,108822528,0.0320943,0,nan,29.7398,1.14588,20.5643,15.0252,0.045187,0.308658,0.101034
26592,108920832,0.0322266,0,0,31.7873,1.19535,20.3114,15.2789,0.0726282,0.308323,0.0997925
26616,109019136,0.0322469,0,nan,32.5308,1.16441,21.6534,15.4765,0.0209454,0.334355,0.0976562
26640,109117440,0.0320435,0,nan,33.084,1.18716,21.3958,15.2195,0.0649068,0.314487,0.0977173
26664,109215744,0.0322469,0,nan,33.8622,1.12738,22.4043,15.1828,0.375835,0.306279,0.0964966
26688,109314048,0.0327148,0,nan,32.9536,1.15657,22.6754,15.5162,0.110553,0.320518,0.0968323
26712,109412352,0.0329081,0,nan,34.1687,1.19058,22.4961,15.3337,0.109578,0.334029,0.0952657
26736,109510656,0.0325521,0,nan,31.166,1.19051,20.4331,15.2036,0.103438,0.320824,0.0942891
26760,109608960,0.032491,0,nan,32.3759,1.1762,21.8147,15.5126,0.244456,0.32227,0.0916443
26784,109707264,0.0327759,0,nan,34.1379,1.16037,23.2609,15.7236,0,0.340678,0.089325
26808,109805568,0.0331624,0,nan,32.9003,1.23098,21.8118,15.6224,0.108917,0.300068,0.0878906
26832,109903872,0.0335388,0,nan,33.453,1.18893,21.4916,15.4417,0,0.308652,0.0870565
26856,110002176,0.0339254,0,nan,34.0868,1.15374,22.1068,15.7374,0.0696114,0.321137,0.0871786
26880,110100480,0.0344849,0,nan,33.1672,1.21877,22.521,15.7751,0.243518,0.311874,0.0858358
26904,110198784,0.0347493,0,nan,33.4762,1.20914,21.7819,15.2103,0.0883003,0.388069,0.0837504
26928,110297088,0.0350037,0,nan,32.406,1.17611,21.084,15.298,0.0599346,0.3161,0.0835266
26952,110395392,0.0355632,0,nan,31.9579,1.20396,20.1397,15.3267,0.200979,0.326405,0.0827332
26976,110493696,0.0362752,0,0,30.9377,1.11993,19.2732,15.0437,0.143486,0.323782,0.0825195
27000,110592000,0.0363973,0,nan,34.2056,1.17466,23.4178,15.4129,0.203697,0.325145,0.0811259
27024,110690304,0.0365601,0,nan,32.8716,1.22553,23.0371,15.6595,0.21616,0.321805,0.0806071
27048,110788608,0.0367635,0,nan,32.2625,1.15235,21.0396,15.5622,0.214058,0.317056,0.0798136
27072,110886912,0.0369059,0,nan,33.4191,1.21496,22.2508,15.6252,0.134379,0.33695,0.0782166
27096,110985216,0.0372823,0,nan,32.2119,1.19737,21.3803,15.6885,0.115268,0.317768,0.0768941
27120,111083520,0.0370382,0,nan,31.5881,1.20038,21.089,15.701,0.344614,0.298315,0.0756226
27144,111181824,0.0366211,0,nan,32.5707,1.1775,21.1716,15.0969,0.471341,0.325442,0.0745544
27168,111280128,0.0367839,0,nan,32.5694,1.2166,21.1779,15.8389,0.179064,0.326227,0.0739136
27192,111378432,0.0371908,0,nan,32.5006,1.18472,22.4047,15.89,0.0604303,0.322876,0.0733337
27216,111476736,0.0373535,0,nan,32.4481,1.2019,21.2335,15.4401,0.192368,0.323827,0.0728251
27240,111575040,0.0373535,0,nan,30.5977,1.19274,20.8993,16.0194,0.0473783,0.324119,0.0717367
27264,111673344,0.0373433,0,nan,32.6468,1.15464,21.0469,15.2756,0.0924648,0.339175,0.0721334
27288,111771648,0.0378418,0,nan,33.6149,1.11364,21.8992,15.6523,0.0269646,0.310337,0.071991
27312,111869952,0.0376383,0,nan,33.53,1.16867,23.4664,15.913,0.331898,0.320865,0.0710348
27336,111968256,0.038208,0,nan,32.8611,1.22382,21.3467,16.1484,0.0456182,0.326248,0.0691935
27360,112066560,0.0382487,0,nan,34.4631,1.18452,23.6918,15.8874,0.199062,0.341579,0.0692749
27384,112164864,0.0386149,0,nan,33.3278,1.17799,21.7618,15.8778,0.36314,0.303648,0.069458
27408,112263168,0.0387878,0,nan,32.0755,1.14848,21.5246,15.4318,0.28983,0.311776,0.0687866
27432,112361472,0.0391235,0,nan,31.2948,1.15469,20.8857,15.6628,0.371815,0.303465,0.0689494
27456,112459776,0.0392558,0,nan,33.1728,1.16815,22.3443,15.6494,0.0875641,0.339943,0.0678914
27480,112558080,0.0395508,0,0,32.9225,1.19913,21.9999,15.8308,0.135975,0.313711,0.0664571
27504,112656384,0.0396016,0,nan,33.0305,1.22684,22.9821,15.6953,0.272087,0.304763,0.0670064
27528,112754688,0.0397237,0,nan,31.9765,1.15805,22.4132,15.959,0.0481055,0.31941,0.0674337
27552,112852992,0.0393473,0,nan,33.405,1.1138,21.8982,15.8803,0.244458,0.346882,0.0678813
27576,112951296,0.0394592,0,nan,30.6336,1.13137,20.4102,15.9167,0,0.309155,0.0683289
27600,113049600,0.0395203,0,nan,32.702,1.17759,22.1802,16.0806,0.420934,0.320328,0.068278
27624,113147904,0.0399068,0,nan,32.6603,1.23505,21.1814,16.0954,0.00979392,0.300639,0.0677694
27648,113246208,0.0401103,0,nan,34.9253,1.21562,22.0658,16.3062,0.234983,0.348082,0.0679932
27672,113344512,0.0403442,0,nan,32.2111,1.15329,21.4719,15.9141,0.24447,0.32775,0.0676676
27696,113442816,0.0411275,0,nan,32.1122,1.1475,20.846,15.7346,0.158139,0.319428,0.0675557
27720,113541120,0.0412699,0,nan,34.534,1.15212,22.9932,15.7552,0.188563,0.303776,0.0676982
27744,113639424,0.0418091,0,nan,32.0235,1.1291,22.0294,15.9388,0.257192,0.322917,0.0672811
27768,113737728,0.0419718,0,0,32.5821,1.18847,20.2312,15.8232,0.33968,0.325774,0.0674337
27792,113836032,0.0422872,0,nan,32.1057,1.22599,21.6671,15.8009,0,0.316801,0.0679016
27816,113934336,0.0426025,0,nan,34.017,1.17971,23.3222,15.9933,0.0641018,0.29254,0.0678914
27840,114032640,0.0425212,0,nan,33.5598,1.17498,23.0838,16.187,0.0408918,0.306594,0.0686442
27864,114130944,0.0426432,0,nan,34.2041,1.18179,22.7986,16.0025,0.00334484,0.319322,0.0674438
27888,114229248,0.0429688,0,nan,35.1631,1.18415,22.9672,16.1754,0.189486,0.316991,0.0665995
27912,114327552,0.0432739,0,nan,33.8019,1.2211,24.1409,16.0115,0.212991,0.315673,0.0653178
27936,114425856,0.0432943,0,nan,33.0903,1.14738,22.5249,16.0942,0.285144,0.319348,0.064504
27960,114524160,0.0435689,0,nan,33.5971,1.12954,23.1015,16.3952,0.219833,0.302547,0.0646464
27984,114622464,0.0439555,0,nan,33.45,1.13003,21.42,16.694,0.165823,0.299267,0.0646362
28008,114720768,0.0444438,0,nan,32.2092,1.12844,21.8849,16.2546,0.10928,0.340492,0.0640767
28032,114819072,0.0448812,0,nan,29.6381,1.11266,19.5022,15.8537,0.645741,0.304677,0.0634867
28056,114917376,0.0451457,0,nan,31.6701,1.14024,20.3879,16.3602,0.366012,0.320533,0.0640869
28080,115015680,0.0451152,0,nan,31.0244,1.17389,20.2222,16.2888,0.227101,0.305287,0.0650533
28104,115113984,0.0443319,0,nan,33.3385,1.15866,23.1013,16.3323,0.118767,0.321489,0.0659383
28128,115212288,0.0441081,0,nan,31.9175,1.14234,21.6331,16.2081,0.713985,0.331188,0.0667725
28152,115310592,0.044047,0,nan,31.6009,1.15417,21.5258,16.4448,0.574884,0.312871,0.0674438
28176,115408896,0.0442607,0,nan,34.6015,1.14602,23.6226,16.3441,0.162489,0.32589,0.0677389
28200,115507200,0.0444132,0,nan,29.7166,1.13793,20.2971,16.3244,0.367641,0.320315,0.0678813
28224,115605504,0.044281,0,nan,30.3718,1.13762,20.5972,16.3764,0.245932,0.343397,0.069163
28248,115703808,0.0444845,0,nan,33.2987,1.1815,22.447,16.2205,0.0451429,0.322457,0.0692647
28272,115802112,0.044637,0,nan,31.1869,1.14199,20.5936,16.3788,0.100963,0.316716,0.0684916
28296,115900416,0.0449015,0,nan,33.5681,1.08978,23.3405,16.508,0.136765,0.309244,0.0696208
28320,115998720,0.0447286,0,0,29.8589,1.1043,19.9466,16.3839,0.317487,0.335904,0.0694784
28344,116097024,0.0446676,0,nan,33.6981,1.1944,21.8855,16.4261,0.167766,0.314366,0.069519
28368,116195328,0.0445862,0,0,30.3796,1.14426,21.6813,16.6342,0.133952,0.33647,0.0697225
28392,116293632,0.0443726,0,nan,33.3086,1.14597,22.2391,16.6945,0.129327,0.318057,0.0696106
28416,116391936,0.0450134,0,nan,32.6582,1.20004,21.4758,16.807,0.213274,0.317995,0.0706787
28440,116490240,0.0458069,0,nan,31.2047,1.12954,21.6705,16.925,0.310827,0.319671,0.0716553
28464,116588544,0.045929,0,nan,32.7951,1.18084,22.3282,16.8485,0.199286,0.325297,0.0722148
28488,116686848,0.0458984,0,0,31.5342,1.17486,20.9182,16.797,0.368559,0.332883,0.072286
28512,116785152,0.0458883,0,nan,31.8584,1.1319,20.707,16.6326,0.202262,0.328817,0.0719299
28536,116883456,0.0461019,0,nan,31.1632,1.1649,20.1401,16.7149,0.0661908,0.33431,0.0720927
28560,116981760,0.0461528,0,nan,32.2371,1.12779,22.4591,16.7348,0.160819,0.325591,0.0715129
28584,117080064,0.0465393,0,nan,31.7365,1.11938,22.6726,17.0323,0.0629991,0.312005,0.0714111
28608,117178368,0.0469157,0,nan,34.3803,1.1716,24.5638,16.9716,0.135416,0.329623,0.0710754
28632,117276672,0.0469055,0,nan,34.3351,1.13309,24.7584,17.0872,0.0454791,0.316881,0.0707092
28656,117374976,0.046936,0,nan,32.5809,1.14902,22.1444,16.7603,0.288772,0.315461,0.0690511
28680,117473280,0.046875,0,nan,33.0837,1.12001,22.5259,17.234,0.370944,0.313885,0.0684001
28704,117571584,0.0469869,0,nan,31.6421,1.09605,21.5828,17.3559,0.222769,0.338328,0.067688
28728,117669888,0.0475667,0,nan,31.7924,1.15579,22.4595,17.0848,0.132149,0.317865,0.0675151
28752,117768192,0.0478617,0,nan,29.0376,1.17074,19.2132,17.086,0.134862,0.317662,0.0677795
28776,117866496,0.0479533,0,nan,31.6381,1.13529,22.3777,17.136,0.35395,0.314119,0.0662435
28800,117964800,0.0485026,0,nan,30.53,1.20325,21.1837,16.7097,0.0582419,0.324932,0.0659383
28824,118063104,0.0489807,0,nan,32.211,1.13195,22.0459,17.0956,0.0480985,0.321138,0.0656433
28848,118161408,0.048879,0,nan,32.1978,1.12277,22.278,17.121,0.0183122,0.311671,0.0646973
28872,118259712,0.0493266,0,nan,30.8993,1.13992,21.1483,17.3748,0.141889,0.303792,0.0652466
28896,118358016,0.0496318,0,nan,32.4814,1.15308,22.4592,17.9076,0.168383,0.32853,0.0649923
28920,118456320,0.0499878,0,0,32.4593,1.15117,23.0027,17.4919,0.0592844,0.320886,0.0650024
28944,118554624,0.0498759,0,nan,33.4895,1.21837,21.0728,16.856,0.386476,0.308874,0.0655721
28968,118652928,0.0496419,0,0,32.1261,1.19411,22.2878,17.2221,0.670601,0.296531,0.0651042
28992,118751232,0.0494995,0,nan,29.9718,1.10152,19.8019,17.4357,0.585292,0.329179,0.0654399
29016,118849536,0.0491943,0,nan,34.3423,1.23561,22.9765,17.9422,0.355481,0.327767,0.0658773
29040,118947840,0.0491842,0,nan,31.4183,1.13033,21.3363,17.5996,0.296818,0.313974,0.0653992
29064,119046144,0.0491943,0,nan,32.5891,1.1574,22.1665,17.4507,0.182259,0.312705,0.0636698
29088,119144448,0.0496012,0,nan,29.1174,1.14352,19.5719,17.535,0.120155,0.30896,0.0621338
29112,119242752,0.0497843,0,0,32.3847,1.13443,22.1972,17.6863,0.564377,0.306654,0.0600484
29136,119341056,0.0499674,0,0,31.6301,1.06591,22.3883,17.6261,0.624883,0.29985,0.0588684
29160,119439360,0.0501912,0,nan,32.2759,1.09183,22.0034,17.6422,0.302524,0.320642,0.0575867
29184,119537664,0.0502319,0,nan,32.1564,1.13572,22.0958,17.8644,0.290578,0.324213,0.0566813
29208,119635968,0.0498149,0,nan,32.2963,1.16385,21.584,17.6825,0.504312,0.319797,0.0559794
29232,119734272,0.0498759,0,nan,34.3899,1.2073,23.9058,17.7859,0.577423,0.303097,0.0551656
29256,119832576,0.0503947,0,nan,29.8757,1.10532,19.9584,17.917,0.220321,0.323956,0.0546163
29280,119930880,0.0507304,0,0,31.4313,1.1231,21.955,17.8618,0.203403,0.313747,0.0537008
29304,120029184,0.0508728,0,nan,30.8997,1.12922,20.8068,17.4988,0.223545,0.313714,0.0519307
29328,120127488,0.0509237,0,nan,33.2688,1.12594,23.4257,18.0057,0.124734,0.303154,0.0517782
29352,120225792,0.0505676,0,nan,32.7584,1.09617,22.4875,18.0732,0.0326215,0.318272,0.0503845
29376,120324096,0.0506694,0,nan,34.3544,1.2175,23.3749,17.9674,0.324655,0.313608,0.0490926
29400,120422400,0.0515238,0,0,32.1373,1.17204,21.5351,17.7017,0.172468,0.313813,0.0481974
29424,120520704,0.0513814,0,nan,34.1243,1.12304,23.8816,17.9379,0.39225,0.301025,0.0467122
29448,120619008,0.0511373,0,nan,33.7272,1.24727,23.2984,18.2744,0.364978,0.324558,0.0453695
29472,120717312,0.0509847,0,nan,32.0087,1.18507,22.3585,18.0269,0.109411,0.309536,0.0443013
29496,120815616,0.0507202,0,nan,31.8262,1.10469,22.4962,18.196,0.329214,0.335519,0.0434469
29520,120913920,0.0507812,0,nan,29.8468,1.08629,19.4111,18.1267,0.137104,0.312575,0.0431722
29544,121012224,0.0506897,0,nan,31.6769,1.19916,22.3524,18.2464,0.207133,0.322646,0.0421855
29568,121110528,0.0506287,0,0,32.5552,1.10652,23.2227,18.0636,0.27447,0.312045,0.0411377
29592,121208832,0.0511373,0,nan,31.4771,1.18709,21.7943,18.2811,0.370045,0.330909,0.0413411
29616,121307136,0.0519307,0,nan,32.7095,1.17526,22.3753,17.9804,0.0329457,0.316096,0.0417379
29640,121405440,0.0527242,0,nan,31.763,1.11925,21.9436,18.3164,0.0959688,0.315039,0.0408936
29664,121503744,0.0532532,0,nan,31.8235,1.10993,22.1957,18.3582,0.731389,0.332471,0.0404358
29688,121602048,0.0536804,0,nan,31.6926,1.10783,23.0698,18.3847,0.201624,0.307067,0.0400187
29712,121700352,0.053772,0,0,30.6107,1.13927,21.05,18.3609,0.347232,0.317499,0.0400085
29736,121798656,0.0537109,0,nan,32.7831,1.141,24.3078,18.6378,0.168235,0.318912,0.0405477
29760,121896960,0.0544739,0,0,33.3287,1.14944,22.2766,18.5794,0.236572,0.3214,0.0415548
29784,121995264,0.0547994,0,0,31.238,1.14185,22.2131,18.5742,0.157702,0.322926,0.0426636
29808,122093568,0.054952,0,nan,31.8232,1.10525,22.4058,18.5393,0.0454394,0.325525,0.0427348
29832,122191872,0.0548299,0,nan,34.3827,1.12004,23.8078,18.4704,0.0955053,0.334293,0.0423075
29856,122290176,0.0547282,0,nan,32.1107,1.12957,22.3264,18.6098,0.0212026,0.340922,0.0427653
29880,122388480,0.0546875,0,nan,31.2176,1.14591,21.2998,18.4943,0.118914,0.310455,0.0432231
29904,122486784,0.0548401,0,nan,32.2263,1.12971,22.1885,18.5099,0.128346,0.321255,0.0429688
29928,122585088,0.0553385,0,nan,31.3567,1.05622,22.0005,18.4352,0.184001,0.331862,0.0417786
29952,122683392,0.0561015,0,nan,31.4948,1.14647,21.5368,18.416,0.479789,0.350369,0.0401713
29976,122781696,0.0565491,0,0,31.8802,1.13505,22.6454,18.7484,0.279232,0.30109,0.0400899
30000,122880000,0.0563354,0,nan,30.326,1.07268,21.685,18.9336,0.156505,0.301689,0.0396729
30024,122978304,0.056366,0,nan,32.8099,1.14329,23.9478,18.6464,0.333386,0.329419,0.0397847
30048,123076608,0.0563456,0,nan,33.5378,1.17619,23.5665,18.7527,0.273712,0.305062,0.0410665
30072,123174912,0.056722,0,nan,31.1129,1.1292,21.4974,18.5695,0.0453023,0.297225,0.0419312
30096,123273216,0.0568746,0,0,31.6035,1.11094,22.5851,18.9339,0.221334,0.323908,0.0430094
30120,123371520,0.0570882,0,nan,31.1383,1.08015,21.1091,18.7973,0.50582,0.323287,0.0437317
30144,123469824,0.0577596,0,nan,33.597,1.1714,23.9245,18.8483,0.416439,0.330641,0.0435994
30168,123568128,0.0575968,0,nan,29.6921,1.15372,20.2634,18.6371,0.42694,0.327569,0.0445251
30192,123666432,0.0576782,0,nan,31.4521,1.1447,21.7633,18.6935,0.149013,0.31294,0.0454915
30216,123764736,0.0576884,0,nan,30.193,1.10264,20.8357,18.6583,0.573643,0.314684,0.0460002
30240,123863040,0.0581868,0,nan,31.9762,1.09004,22.8439,18.938,0.471075,0.30763,0.04658
30264,123961344,0.0586955,0,nan,29.8349,1.11769,20.4595,18.6196,0.455863,0.313112,0.0470072
30288,124059648,0.0593058,0,nan,30.6662,1.16078,22.2589,18.6397,0.0252268,0.348378,0.0473938
30312,124157952,0.0597941,0,nan,31.227,1.12909,21.5269,19.3216,0.381136,0.313868,0.0474447
30336,124256256,0.0595398,0,0,30.5575,1.1126,21.0683,18.7784,0.209389,0.325336,0.0480754
30360,124354560,0.0596822,0,nan,31.76,1.10905,21.6045,18.5847,0.0190303,0.314359,0.0490112
30384,124452864,0.0596517,0,nan,30.0871,1.1625,20.82,19.1617,0.18417,0.317822,0.0500488
30408,124551168,0.0594584,0,0,30.1111,1.08802,20.8351,18.5793,0.515176,0.323545,0.0508321
30432,124649472,0.0588786,0,0,31.4308,1.1386,21.044,18.8332,0.211718,0.300815,0.0512187
30456,124747776,0.0587362,0,nan,31.4895,1.18279,21.2713,18.6747,0.288054,0.32464,0.0511475
30480,124846080,0.0588074,0,0,31.6024,1.08496,22.1933,18.7175,0.382219,0.307911,0.0521037
30504,124944384,0.0591227,0,nan,31.3646,1.09167,21.1643,18.9407,0.290697,0.319341,0.0535787
30528,125042688,0.0590515,0,nan,29.1613,1.07022,20.4851,18.7475,0.186288,0.327823,0.0540873
30552,125140992,0.058665,0,nan,32.7741,1.13609,21.9707,19.439,0.182662,0.332659,0.0540059
30576,125239296,0.0589905,0,nan,30.3584,1.14708,21.2434,19.2669,0.0348067,0.33257,0.0542196
30600,125337600,0.0589396,0,nan,29.7072,1.12201,20.2461,18.9692,0.240227,0.315052,0.0535177
30624,125435904,0.0588379,0,nan,31.2808,1.13356,21.5585,18.9521,0.164205,0.318806,0.0543213
30648,125534208,0.0588074,0,nan,30.1268,1.10262,21.2063,18.8687,0.0897592,0.334585,0.0546773
30672,125632512,0.0584412,0,nan,29.8449,1.14628,20.5552,18.9332,0.670225,0.319456,0.055013
30696,125730816,0.0591024,0,0,32.1866,1.11519,22.9681,19.0147,0.313351,0.30848,0.0544535
30720,125829120,0.0595703,0,nan,29.8323,1.08147,20.9848,18.5713,0.292473,0.327524,0.0538228
30744,125927424,0.0597026,0,nan,31.8193,1.07988,23.025,18.9608,0.164627,0.327282,0.0531514
30768,126025728,0.0600281,0,nan,30.955,1.137,22.5018,18.889,0.248251,0.342431,0.0522868
30792,126124032,0.0606893,0,nan,29.3542,1.0973,20.6466,18.809,0.163682,0.32575,0.0519409
30816,126222336,0.0611165,0,nan,30.2862,1.0766,21.1367,18.6513,0.12384,0.296715,0.0516663
30840,126320640,0.0611776,0,nan,31.3381,1.10332,22.0172,18.6364,0.349816,0.317099,0.0521444
30864,126418944,0.0603536,0,nan,31.6052,1.11727,21.2932,19.3011,0.214564,0.322243,0.0518697
30888,126517248,0.0610657,0,nan,29.0814,1.06279,19.6161,18.5217,0.376569,0.326072,0.0520223
30912,126615552,0.0622457,0,nan,30.2071,1.14898,21.4082,18.7471,0,0.326744,0.052063
30936,126713856,0.0624288,0,0,29.3988,1.03087,19.3663,18.567,0.519765,0.324418,0.0524699
30960,126812160,0.0623779,0,0,30.4345,1.04633,20.7349,18.7375,0.656082,0.316673,0.0525716
30984,126910464,0.0620626,0,nan,31.7291,1.1411,23.0138,18.5846,0.00921593,0.320255,0.0521342
31008,127008768,0.061971,0,nan,31.9766,1.08532,22.0516,19.1182,0.394012,0.334696,0.0526123
31032,127107072,0.0628255,0,0,30.487,1.0961,21.2243,18.6287,0.28531,0.320121,0.0525614
31056,127205376,0.0631409,0,nan,28.69,1.12927,19.7206,18.7288,0.159923,0.32115,0.0512899
31080,127303680,0.0623271,0,0,30.0591,1.1253,21.4539,18.8458,0.2538,0.340926,0.0510966
31104,127401984,0.0618998,0,nan,30.1424,1.15588,21.0837,18.6511,0.416628,0.323989,0.0496114
31128,127500288,0.062205,0,0,29.8337,1.07216,20.213,18.4779,0.278389,0.306668,0.0497742
31152,127598592,0.0626424,0,0,29.9385,1.08839,20.1112,18.721,0.261776,0.346138,0.0490621
31176,127696896,0.0636597,0,0,30.3701,1.17816,20.8935,19.0115,0.305125,0.329514,0.0483093
31200,127795200,0.0641581,0,nan,28.656,1.07489,19.8275,18.7498,0.198927,0.315489,0.0474141
31224,127893504,0.0644328,0,nan,29.1569,1.10369,20.8246,18.7235,0.269577,0.313196,0.0474548
31248,127991808,0.0645548,0,0,30.9078,1.1796,21.1316,18.8382,0.455542,0.312641,0.0476176
31272,128090112,0.0644633,0,0,29.9611,1.0997,21.1748,18.3647,0.345668,0.317554,0.0470886
31296,128188416,0.0650635,0,nan,27.8953,1.13305,19.319,18.6388,0.301721,0.326621,0.0463155
31320,128286720,0.0654297,0,0,29.1203,1.13993,20.3281,18.7929,0.533913,0.331663,0.0457458
31344,128385024,0.0655721,0,nan,31.3455,1.12537,22.7435,18.6762,0.197283,0.319028,0.045461
31368,128483328,0.0660706,0,nan,32.4579,1.19944,23.6164,18.9879,0.222366,0.344528,0.0438029
31392,128581632,0.0665588,0,nan,30.3396,1.1191,20.7921,18.9692,0.549794,0.307304,0.0438029
31416,128679936,0.0667419,0,0,28.0487,1.10684,19.1535,19.0034,0.17007,0.306007,0.0433757
31440,128778240,0.0674438,0,nan,29.0215,1.07519,20.2512,18.5911,0.442997,0.340493,0.0428467
31464,128876544,0.0678609,0,nan,29.5736,1.10075,21.5428,18.7272,0.383831,0.310005,0.0415853
31488,128974848,0.0676371,0,0,29.8051,1.09041,21.1004,18.6687,0.578401,0.318066,0.0403442
31512,129073152,0.0675659,0,nan,29.7821,1.10148,21.0576,18.457,0.329687,0.33138,0.0381571
31536,129171456,0.0670776,0,nan,29.3174,1.13842,20.2262,18.9177,0.558697,0.304355,0.0375671
31560,129269760,0.0679016,0,0,27.8406,1.10533,19.9232,18.6197,0.178694,0.343037,0.0385335
31584,129368064,0.0684509,0,nan,28.2897,1.14744,20.0793,18.5739,0.0756602,0.333633,0.038269
31608,129466368,0.068512,0,nan,30.6675,1.11012,21.58,18.3977,0.193585,0.316569,0.0382284
31632,129564672,0.0686239,0,nan,29.5072,1.08673,20.5175,18.9248,0.0402659,0.34416,0.0369059
31656,129662976,0.0692851,0,nan,29.9733,1.12585,20.18,18.8709,0.0619489,0.298395,0.0360311
31680,129761280,0.0698446,0,0,30.0838,1.09783,21.3043,18.5244,0.535772,0.309787,0.0361125
31704,129859584,0.0701294,0,nan,28.196,1.08927,19.9825,18.8841,0.244032,0.315644,0.0358073
31728,129957888,0.0702922,0,nan,31.4181,1.13113,22.6727,18.6068,0.397341,0.320281,0.0348206
31752,130056192,0.0704041,0,nan,29.9677,1.11479,20.9908,18.5656,0.255403,0.314495,0.0343628
31776,130154496,0.071167,0,nan,29.8882,1.12769,20.8893,18.9746,0.364408,0.298657,0.0337016
31800,130252800,0.0712891,0,nan,29.3822,1.11502,21.2178,18.7894,0.222408,0.319198,0.0339661
31824,130351104,0.0715027,0,0,28.8154,1.15676,19.8296,18.4366,0.308722,0.31716,0.0332845
31848,130449408,0.071757,0,nan,29.7625,1.14488,20.3803,18.4657,0.144974,0.325648,0.0324809
31872,130547712,0.0718689,0,nan,30.9884,1.1502,22.5644,18.733,0.23166,0.33321,0.0315145
31896,130646016,0.0719401,0,nan,29.9398,1.10514,21.3464,18.8704,0.142855,0.341129,0.031606
31920,130744320,0.0727641,0,0,30.8743,1.14792,22.5949,18.8073,0.0598758,0.347528,0.0318604
31944,130842624,0.072998,0,nan,28.3481,1.08898,19.7634,18.536,0.798156,0.318497,0.0319214
31968,130940928,0.073171,0,nan,31.2555,1.1074,21.1623,18.4196,0.335306,0.298693,0.031545
31992,131039232,0.0733236,0,nan,27.7946,1.11846,20.2321,18.9436,0.442881,0.327842,0.0315043
32016,131137536,0.0735779,0,nan,30.4739,1.18186,21.5375,18.9541,0.268693,0.309217,0.0296021
32040,131235840,0.0733236,0,0,30.0472,1.10899,20.9672,19.0034,0.20715,0.331133,0.0298258
32064,131334144,0.0734762,0,0,29.6491,1.11647,21.2743,18.6839,0.0943636,0.312703,0.0301921
32088,131432448,0.073466,0,nan,27.6053,1.0728,19.2955,18.6827,0.482199,0.301963,0.0299886
32112,131530752,0.0738729,0,nan,30.8525,1.1582,21.0833,18.7531,0.3279,0.326412,0.029836
32136,131629056,0.0739237,0,nan,31.8354,1.11635,22.5964,18.3121,0.318452,0.315344,0.0298055
32160,131727360,0.0744934,0,0,29.9062,1.14716,20.7826,18.6215,0.441917,0.322912,0.029836
32184,131825664,0.0746663,0,0,30.2273,1.12288,21.9467,18.8021,0.757838,0.309572,0.0288188
32208,131923968,0.0738119,0,nan,31.1312,1.10234,21.0579,19.2244,0.319591,0.316268,0.0292562
32232,132022272,0.0740662,0,nan,30.7142,1.12377,22.0387,18.9921,0.215458,0.316925,0.0289815
32256,132120576,0.0744934,0,nan,29.43,1.08034,20.1876,18.7282,0.388767,0.314527,0.0278727
32280,132218880,0.0749919,0,nan,29.933,1.11632,20.4323,18.5698,0.389782,0.318394,0.0280558
32304,132317184,0.0754395,0,0,29.7611,1.09613,21.8281,19.195,0.455162,0.322008,0.0288188
32328,132415488,0.0756734,0,nan,29.8837,1.07441,19.4355,18.6846,0.312373,0.323786,0.0293579
32352,132513792,0.0761617,0,nan,29.6363,1.11913,20.9149,18.5368,0.103878,0.305348,0.0294495
32376,132612096,0.076416,0,nan,28.6244,1.12767,19.9949,18.582,0.157317,0.341247,0.0296021
32400,132710400,0.0768331,0,nan,27.6126,1.10427,19.4424,19.1632,0.866319,0.32787,0.0288696
32424,132808704,0.077535,0,nan,29.8757,1.12269,20.8428,18.8975,1.10318,0.314708,0.0296326
32448,132907008,0.0777791,0,nan,28.6344,1.06303,20.7793,18.5042,0.269788,0.312773,0.0298767
32472,133005312,0.0779928,0,nan,30.2666,1.11541,20.6354,18.6427,0.286085,0.322427,0.0307515
32496,133103616,0.0789998,0,nan,29.5782,1.11333,21.3031,18.9818,0.918628,0.32118,0.0316569
32520,133201920,0.0794881,0,nan,31.1828,1.13118,22.288,18.9623,0.11818,0.313653,0.0328369
32544,133300224,0.0802002,0,0,29.2816,1.12937,20.6733,18.7334,0.506415,0.331,0.0318807
32568,133398528,0.0806986,0,nan,30.573,1.15625,19.7811,19.2649,0.537457,0.334774,0.0316874
32592,133496832,0.0817871,0,nan,29.1178,1.15123,19.8722,19.1523,0.553715,0.314676,0.0320841
32616,133595136,0.0829569,0,0,29.1827,1.12533,20.6276,19.0932,0.260038,0.308862,0.032196
32640,133693440,0.0827535,0,0,28.4383,1.10409,20.488,18.9808,0.106521,0.328814,0.0322266
32664,133791744,0.0825602,0,0,29.7801,1.15456,21.0176,19.0716,0.469319,0.320525,0.0323588
32688,133890048,0.0824788,0,nan,29.4706,1.07858,21.0932,18.8139,0.551148,0.314337,0.0326233
32712,133988352,0.0828349,0,nan,30.8812,1.10422,22.8594,18.9691,0.408688,0.312722,0.0329692
32736,134086656,0.0826213,0,nan,30.1634,1.18492,21.3793,19.1283,0.314703,0.320728,0.0333049
32760,134184960,0.081665,0,nan,30.8379,1.12713,21.7044,19.108,0.21997,0.321548,0.0337219
32784,134283264,0.0817362,0,0,29.6568,1.09072,20.9418,18.9092,0.323795,0.325717,0.0338542
32808,134381568,0.0821432,0,nan,33.859,1.07341,24.2171,18.6666,0.0651691,0.317578,0.0340068
32832,134479872,0.0824585,0,nan,30.0523,1.11801,21.17,18.7073,0.985958,0.327549,0.034434
32856,134578176,0.0826619,0,nan,29.743,1.13382,21.0713,18.5355,0.30894,0.309645,0.0343831
32880,134676480,0.0826925,0,nan,28.5997,1.13484,19.4492,19.0125,0.437772,0.326568,0.0339762
32904,134774784,0.0827433,0,0,28.91,1.11727,21.3525,19.1368,0.559411,0.342915,0.0336507
32928,134873088,0.0824076,0,nan,28.092,1.1099,19.9042,18.2931,0.58768,0.338779,0.0332133
32952,134971392,0.0820414,0,0,27.9198,1.13648,19.1828,18.9553,0.424787,0.309492,0.0332743
32976,135069696,0.0819295,0,nan,27.6835,1.12456,18.895,18.6054,0.207657,0.279843,0.0332438
33000,135168000,0.0818075,0,0,28.6077,1.1124,19.3185,18.9738,0.335435,0.345428,0.0336202
33024,135266304,0.0822856,0,nan,28.7373,1.05112,20.2188,18.7855,0.426578,0.323605,0.0344035
33048,135364608,0.0823161,0,nan,28.8017,1.12301,19.966,18.8413,0.435159,0.300935,0.0336609
33072,135462912,0.0825907,0,nan,30.0252,1.11455,21.6369,18.7913,0.289789,0.304278,0.0331421
33096,135561216,0.0830587,0,0,29.8326,1.11741,21.0413,18.5593,0.308961,0.329621,0.0332336
33120,135659520,0.0835368,0,nan,28.4298,1.16104,19.4475,18.6432,0.258023,0.34293,0.0327454
33144,135757824,0.0833333,0,nan,28.5455,1.0928,20.47,18.7239,0.322766,0.308815,0.0328979
33168,135856128,0.0833435,0,0,28.1566,1.1448,19.1644,18.7505,0.788407,0.3039,0.0337118
33192,135954432,0.0838928,0,nan,28.5413,1.0766,19.8521,18.905,0.396348,0.346654,0.0342407
33216,136052736,0.0840963,0,nan,28.6202,1.13909,19.9247,19.0486,0.433168,0.326776,0.033905
33240,136151040,0.0845032,0,0,29.2748,1.09488,20.8522,18.9875,0.655395,0.325337,0.034434
33264,136249344,0.0847677,0,0,28.3022,1.14454,20.0409,19.0694,0.555293,0.311873,0.0352173
33288,136347648,0.0849202,0,0,31.3272,1.16316,21.1486,19.6103,0.603227,0.3279,0.0355021
33312,136445952,0.0852661,0,nan,29.3252,1.12353,20.974,19.014,0.535152,0.326366,0.0355632
33336,136544256,0.0864461,0,nan,29.5637,1.12432,21.1944,18.9129,0.494175,0.31067,0.0352071
33360,136642560,0.0872803,0,nan,29.9989,1.17823,21.3721,18.8283,0.243452,0.331933,0.0354919
33384,136740864,0.087738,0,nan,28.7902,1.15447,19.0729,18.7544,0.472805,0.323659,0.0356344
33408,136839168,0.0883484,0,nan,28.2882,1.09508,19.7922,18.7501,0.599154,0.309579,0.0353394
33432,136937472,0.089447,0,nan,28.8858,1.11282,20.6517,18.6601,0.571269,0.323604,0.0341797
33456,137035776,0.0900981,0,0,29.0027,1.11121,20.3921,18.9417,0.573164,0.354561,0.0337728
33480,137134080,0.0910645,0,nan,28.2549,1.08979,20.4027,18.5409,0.648403,0.344196,0.0333252
33504,137232384,0.092041,0,nan,27.3956,1.09651,18.8777,18.6606,0.699364,0.322559,0.0328573
33528,137330688,0.0920003,0,nan,28.3339,1.14313,20.2403,19.0142,0.439871,0.321424,0.0323181
33552,137428992,0.0923767,0,0,29.7774,1.12571,21.9217,18.692,0.40378,0.305226,0.0325928
33576,137527296,0.092336,0,0,28.6163,1.1474,21.1117,18.9221,0.693443,0.320068,0.0317383
33600,137625600,0.0934652,0,0,27.7155,1.13748,18.5823,18.5978,0.494979,0.310639,0.0310669
33624,137723904,0.0944621,0,nan,28.2797,1.11417,20.4497,18.6499,0.400397,0.342303,0.0311991
33648,137822208,0.0940755,0,0,28.3965,1.13866,19.6701,19.2027,0.13108,0.345163,0.031901
33672,137920512,0.0940857,0,0,28.9355,1.10649,20.3945,19.0235,0.278242,0.315983,0.0318298
33696,138018816,0.0936584,0,0,27.2974,1.03208,18.8515,18.4352,0.453638,0.332265,0.0319112
33720,138117120,0.0943604,0,0,30.5799,1.10784,22.6228,18.7178,0.445098,0.307109,0.0317891
33744,138215424,0.0946757,0,nan,30.209,1.12014,22.2902,19.0839,0.15012,0.30849,0.0321757
33768,138313728,0.0950826,0,nan,28.3502,1.09604,20.4944,18.845,0.269444,0.324145,0.0319824
33792,138412032,0.095164,0,nan,29.9073,1.07973,21.3624,18.8059,0.263471,0.348247,0.0317688
33816,138510336,0.0952454,0,0,28.2449,1.05847,21.5779,18.9365,0.0878478,0.31513,0.0314229
33840,138608640,0.0954081,0,nan,28.0869,1.13438,19.6662,19.0082,0.651522,0.313249,0.0309855
33864,138706944,0.0959473,0,nan,27.4833,1.08318,19.4044,19.0133,0.470914,0.331886,0.0311584
33888,138805248,0.0960999,0,nan,29.4129,1.1302,21.4006,18.8198,0.316504,0.322996,0.0315552
33912,138903552,0.0971883,0,nan,28.3819,1.13399,20.3403,19.1471,0.227677,0.330112,0.030721
33936,139001856,0.0981649,0,nan,27.7906,1.10919,19.5805,18.7917,0.568847,0.342078,0.0310974
33960,139100160,0.0989176,0,nan,27.0999,1.04606,19.1904,18.5896,0.177663,0.298443,0.0308431
33984,139198464,0.0989685,0,0,28.1554,1.06897,19.2201,18.945,0.458754,0.34112,0.030426
34008,139296768,0.0984294,0,nan,28.9344,1.12781,20.0305,19.2138,0.545535,0.319127,0.0303345
34032,139395072,0.098938,0,0,28.0464,1.13348,18.8222,19.0592,0.40348,0.33307,0.0304159
34056,139493376,0.0988464,0,nan,26.8681,1.08081,18.3742,19.0296,0.419053,0.326597,0.0304972
34080,139591680,0.0990906,0,0,29.4389,1.10813,21.3412,19.0663,0.70147,0.327763,0.0308634
34104,139689984,0.0998128,0,nan,28.129,1.11961,19.2959,18.6983,0.213726,0.316415,0.0307821
34128,139788288,0.100016,0,nan,28.1111,1.13967,18.5069,19.5044,0.402048,0.332459,0.0309957
34152,139886592,0.10024,0,0,28.6621,1.1115,21.0376,19.3324,0.877964,0.300422,0.0305684
34176,139984896,0.100474,0,nan,28.1048,1.10413,20.3841,19.08,0.523955,0.316689,0.0299377
34200,140083200,0.101318,0,0,27.5167,1.10565,20.0613,18.8606,0.287759,0.307812,0.0292867
34224,140181504,0.102,0,0,29.1376,1.09054,21.0253,18.9709,0.57162,0.319305,0.0282694
34248,140279808,0.102681,0,0,28.5286,1.13351,19.9033,18.9928,0.321594,0.327137,0.0273946
34272,140378112,0.102702,0,0,27.2509,1.04797,19.0371,18.7885,1.30253,0.293789,0.0270081
34296,140476416,0.102651,0,nan,26.8023,1.09312,17.8644,18.9211,0.300229,0.314291,0.0262858
34320,140574720,0.103119,0,nan,28.2207,1.02827,18.8539,18.9871,0.609065,0.309445,0.025828
34344,140673024,0.10378,0,0,28.8203,1.10493,20.1899,18.8009,0.191044,0.308334,0.0257263
34368,140771328,0.104543,0,nan,27.8269,1.09786,19.2954,19.3791,0.747427,0.32684,0.0257772
34392,140869632,0.105682,0,nan,27.1521,1.11014,18.6835,19.1802,1.17917,0.319553,0.026123
34416,140967936,0.105815,0,0,27.0637,1.08768,18.9186,19.1926,0.364463,0.311323,0.026591
34440,141066240,0.105225,0,nan,28.5602,1.13099,19.603,19.6385,0.630654,0.308843,0.0269368
34464,141164544,0.105133,0,0,26.4737,1.1146,18.3381,18.697,0.49732,0.318686,0.0269063
34488,141262848,0.105632,0,nan,29.4793,1.13776,19.9552,19.774,0.374721,0.308453,0.0272522
34512,141361152,0.10614,0,0,29.3068,1.19574,21.0399,19.2956,1.07253,0.332025,0.0268351
34536,141459456,0.106384,0,0,27.4727,1.05537,19.132,18.7805,0.315464,0.321534,0.0268656
34560,141557760,0.106374,0,nan,28.4342,1.07777,20.3092,19.0135,0.60937,0.305536,0.0266825
34584,141656064,0.106628,0,nan,28.1986,1.14176,19.9493,19.0194,0.656102,0.335825,0.027242
34608,141754368,0.10674,0,nan,28.5191,1.15898,19.7632,19.0754,0.272703,0.319192,0.027242
34632,141852672,0.106791,0,nan,26.11,1.06821,18.2711,19.0451,0.38628,0.313268,0.0273946
34656,141950976,0.106567,0,nan,29.4206,1.17165,19.9874,19.2623,0.213556,0.303303,0.027242
34680,142049280,0.10675,0,0,27.3256,1.09032,19.5048,18.9731,0.863868,0.326399,0.0270081
34704,142147584,0.10729,0,0,26.9837,1.02855,19.2418,18.8165,0.571838,0.317501,0.0270386
34728,142245888,0.10791,0,0,28.3803,1.12304,20.3247,18.8963,0.191836,0.319841,0.0269063
34752,142344192,0.108846,0,nan,28.484,1.16659,20.7382,18.9649,0.353378,0.331678,0.026652
34776,142442496,0.109243,0,nan,29.6167,1.15054,20.8367,19.206,0.277928,0.307249,0.0265503
34800,142540800,0.109406,0,0,27.5972,1.02782,20.226,18.4591,0.152925,0.301201,0.0263468
34824,142639104,0.109762,0,0,29.4979,1.1009,20.4787,18.8029,0.262768,0.305084,0.0262349
34848,142737408,0.110077,0,nan,27.9806,1.12705,19.5707,19.088,0.515176,0.310143,0.0265503
34872,142835712,0.109711,0,nan,29.9481,1.13448,20.2528,19.7647,0.341994,0.306968,0.0268046
34896,142934016,0.110921,0,0,26.8107,1.09832,18.7868,19.0371,0.660628,0.333417,0.0270081
34920,143032320,0.111755,0,nan,27.3077,1.10418,19.6345,18.8304,0.269639,0.313454,0.0270589
34944,143130624,0.112345,0,nan,28.0685,1.15383,19.0878,19.2458,0.609645,0.330343,0.0272115
34968,143228928,0.112457,0,0,26.2808,1.10048,17.9045,18.7114,0.611614,0.333583,0.028005
34992,143327232,0.112783,0,0,28.2872,1.13864,20.1169,18.3028,0.879574,0.326025,0.0280965
35016,143425536,0.113413,0,nan,27.3372,1.0407,19.1438,18.968,0.644202,0.342036,0.027537
35040,143523840,0.113627,0,0,27.108,1.08083,19.115,18.8273,1.21658,0.311583,0.0270284
35064,143622144,0.11497,0,nan,27.1721,1.1282,18.4595,19.1724,0.331842,0.319225,0.0267639
35088,143720448,0.114909,0,0,26.0596,1.08699,17.7452,18.8559,0.687084,0.32056,0.0264282
35112,143818752,0.11499,0,0,27.6651,1.13372,19.7969,18.6998,0.476289,0.321852,0.0263977
35136,143917056,0.115245,0,nan,27.6617,1.08737,19.5804,18.9331,0.543732,0.315335,0.0265096
35160,144015360,0.116435,0,nan,28.4326,1.10537,20.5291,18.9274,1.03112,0.325983,0.0264791
35184,144113664,0.117065,0,nan,26.3134,1.09553,18.2261,18.9178,0.173146,0.308341,0.0257874
35208,144211968,0.117961,0,0,26.8628,1.08161,18.679,18.9206,0.454318,0.318144,0.0256856
35232,144310272,0.118398,0,nan,26.1936,1.1192,18.3124,18.8339,0.383504,0.308533,0.0249227
35256,144408576,0.119486,0,0,28.9449,1.12829,20.0024,18.6149,0.859825,0.326698,0.0247192
35280,144506880,0.120555,0,0,29.4355,1.12839,20.9293,19.0367,0.94903,0.303611,0.0248006
35304,144605184,0.120768,0,nan,28.4132,1.12514,20.9004,18.8185,0.349624,0.325424,0.025411
35328,144703488,0.12089,0,0,26.6415,1.09155,18.3336,18.7478,0.359405,0.317479,0.025177
35352,144801792,0.121165,0,0,28.5521,1.14168,19.1651,18.9993,0.359235,0.338931,0.0243835
35376,144900096,0.122091,0,nan,27.7154,1.06205,19.5521,18.8405,0.593946,0.311294,0.0241089
35400,144998400,0.123403,0,0,27.0011,1.06007,19.1981,19.0368,1.13934,0.33957,0.0243022
35424,145096704,0.124379,0,nan,26.3819,1.06119,17.9602,18.6827,0.783077,0.306129,0.0241496
35448,145195008,0.124736,0,nan,28.3012,1.06179,20.3387,18.8127,0.511407,0.299051,0.0246684
35472,145293312,0.125041,0,nan,27.4032,1.09558,19.5767,18.8733,0.305035,0.319262,0.0247904
35496,145391616,0.126048,0,nan,27.273,1.09485,18.6925,19.2178,0.673967,0.31546,0.0247701
35520,145489920,0.12676,0,nan,28.8158,1.0891,20.033,18.8304,0.328075,0.321404,0.0258382
35544,145588224,0.127767,0,nan,26.6947,1.07613,19.078,18.8958,0.53669,0.334865,0.026296
35568,145686528,0.128387,0,nan,26.8562,1.0998,18.5633,18.8502,0.513039,0.344475,0.0262044
35592,145784832,0.129323,0,0,26.1855,1.12704,18.0572,19.0977,0.549782,0.311831,0.0261841
35616,145883136,0.129761,0,0,27.5702,1.0565,19.2015,18.9428,0.815579,0.351897,0.0266215
35640,145981440,0.130727,0,0,28.8912,1.07167,19.4074,19.1273,0.422281,0.311179,0.0266418
35664,146079744,0.130524,0,0,26.5276,1.16021,18.5597,18.9409,0.618258,0.297783,0.0267436
35688,146178048,0.130493,0,nan,26.7935,1.05791,19.0541,18.6922,1.11776,0.343331,0.0269674
35712,146276352,0.130605,0,nan,27.8792,1.07057,19.9286,18.6691,0.498149,0.317121,0.0266418
35736,146374656,0.131368,0,nan,27.1065,1.0299,17.8171,18.5606,0.218927,0.302501,0.027242
35760,146472960,0.132263,0,nan,26.6438,1.12326,18.5661,18.8069,0.285427,0.320155,0.0268758
35784,146571264,0.132355,0,0,27.9903,1.13431,20.0942,18.9853,0.349724,0.304298,0.026591
35808,146669568,0.132284,0,nan,28.759,1.09967,20.1,19.2016,0.160791,0.337992,0.0268046
35832,146767872,0.1315,0,nan,26.466,1.08678,17.778,18.8936,0.431069,0.309655,0.0274556
35856,146866176,0.132609,0,0,27.5885,1.09884,18.6727,18.4822,0.324574,0.320494,0.0280558
35880,146964480,0.132935,0,0,26.9202,1.0623,18.7633,18.7694,0.8323,0.304647,0.0273539
35904,147062784,0.133779,0,0,30.4616,1.08343,20.9121,19.2126,0.685308,0.315627,0.0274455
35928,147161088,0.134572,0,nan,26.1844,1.048,18.8378,18.8305,0.629285,0.32994,0.0287984
35952,147259392,0.135223,0,nan,25.2357,1.12542,16.8356,18.6989,0.699486,0.313728,0.0277303
35976,147357696,0.135986,0,nan,26.3533,1.05372,17.6785,18.8442,0.972978,0.316923,0.0276489
36000,147456000,0.136953,0,0,26.8338,1.0527,19.4129,18.8157,0.864741,0.318461,0.0276896
36024,147554304,0.137299,0,nan,27.4448,1.07409,19.5973,18.4568,0.863875,0.32031,0.0277608
36048,147652608,0.138367,0,0,25.9306,1.11277,18.6311,18.9541,1.2291,0.323848,0.0277507
36072,147750912,0.138672,0,nan,28.1285,1.12565,19.6682,18.838,0.387887,0.3064,0.0275065
36096,147849216,0.139414,0,nan,26.4728,1.11154,18.7683,18.6549,0.693937,0.318583,0.0273641
36120,147947520,0.140757,0,0,25.9977,1.09106,17.3181,18.864,0.658747,0.327718,0.0266927
36144,148045824,0.141876,0,nan,26.6497,1.06164,18.9858,18.7202,1.08007,0.318525,0.0267944
36168,148144128,0.141764,0,0,26.2699,1.04938,18.4769,18.6424,1.23993,0.329277,0.0272013
36192,148242432,0.143545,0,0,26.623,1.06599,18.6549,18.3084,0.855494,0.317869,0.0280457
36216,148340736,0.144725,0,0,26.2611,1.10569,18.3461,18.7548,0.421754,0.316571,0.0285645
36240,148439040,0.14566,0,0,27.4583,1.04724,20.1764,18.7448,0.5127,0.315611,0.0296631
36264,148537344,0.145844,0,nan,26.2773,1.05376,18.2816,18.7382,0.865391,0.325834,0.0301005
36288,148635648,0.146454,0,0,26.878,1.08111,18.5385,18.2336,0.606503,0.325328,0.0295919
36312,148733952,0.147359,0,0,26.2018,1.12917,18.2125,18.8312,0.44094,0.312981,0.0296427
36336,148832256,0.148326,0,0,26.9776,1.09061,19.2888,18.577,0.905725,0.32844,0.030009
36360,148930560,0.148173,0,0,27.6345,1.11402,19.2265,18.6188,0.526944,0.316607,0.0312195
36384,149028864,0.148834,0,0,26.5129,1.07528,18.9989,18.5595,0.785442,0.336757,0.0312195
36408,149127168,0.149078,0,0,27.2518,1.14197,19.3918,18.8548,1.16754,0.327838,0.0313619
36432,149225472,0.149495,0,0,26.1408,1.04519,18.5156,18.5052,1.00994,0.315601,0.0307414
36456,149323776,0.149821,0,0,28.6719,1.15443,18.8792,19.4065,0.936037,0.34649,0.0303853
36480,149422080,0.150085,0,nan,26.3753,1.05826,18.5157,18.0374,0.201323,0.315784,0.0297343
36504,149520384,0.15036,0,0,25.0483,1.06002,17.5185,18.4246,0.798517,0.30135,0.0290731
36528,149618688,0.151245,0,0,26.8211,1.07498,19.4115,18.2834,0.800429,0.30997,0.0280558
36552,149716992,0.15211,0,nan,26.8853,1.13718,19.7448,18.3695,0.681335,0.326931,0.0277405
36576,149815296,0.151917,0.00441169,nan,26.7465,1.06839,18.3403,18.3647,0.619369,0.331205,0.0282491
36600,149913600,0.152161,0,nan,27.0996,1.0539,18.9549,18.2062,0.841935,0.320923,0.0282491
36624,150011904,0.152802,0,nan,25.6079,1.06918,18.6062,18.23,0.518987,0.331662,0.0274048
36648,150110208,0.153788,0,nan,28.0347,1.10276,19.5541,18.5524,0.204672,0.297276,0.0273641
36672,150208512,0.154175,0,0,26.5029,1.15118,18.5135,18.5591,0.476944,0.321843,0.0274556
36696,150306816,0.154805,0,0,25.7537,1.06661,17.5196,18.079,1.29927,0.304519,0.0273539
36720,150405120,0.155223,0,nan,25.3848,1.00651,18.0547,17.9788,0.466697,0.302493,0.0275472
36744,150503424,0.155528,0,nan,28.1208,1.07676,19.4733,18.5324,0.132122,0.292072,0.0276286
36768,150601728,0.156342,0,nan,27.554,1.08139,19.2817,18.4032,0.366049,0.326155,0.0278117
36792,150700032,0.157043,0,0,26.0697,1.05953,17.4547,18.5555,0.306946,0.333979,0.0277405
36816,150798336,0.157522,0,nan,28.5747,1.08261,21.12,17.8696,0.555027,0.295332,0.0273336
36840,150896640,0.157623,0,nan,27.7305,1.10791,19.0568,18.0033,0.554315,0.315691,0.0275167
36864,150994944,0.157227,0,nan,27.8861,1.12254,20.5475,18.0135,0.491371,0.313301,0.0271301
36888,151093248,0.156738,0,0,26.3946,1.1276,18.4759,18.2924,0.764431,0.320541,0.0272217
36912,151191552,0.156728,0,nan,26.8616,1.10976,19.0452,17.9675,0.708919,0.314734,0.0271301
36936,151289856,0.157776,0,0,25.4366,1.01706,18.2206,18.0261,0.768586,0.31111,0.0267029
36960,151388160,0.158936,0,0,25.723,1.08512,17.1497,17.8013,1.36599,0.316439,0.0269572
36984,151486464,0.160217,0,nan,25.1277,1.05372,18.2568,18.2214,1.00395,0.293056,0.026825
37008,151584768,0.160604,0,0,25.9086,1.03618,17.6943,17.9395,0.938286,0.329105,0.0266317
37032,151683072,0.160105,0,nan,25.9068,1.0724,18.2201,17.911,1.49167,0.320495,0.0268046
37056,151781376,0.160522,0,0,27.3822,1.14974,19.1794,18.004,0.639805,0.304781,0.0270386
37080,151879680,0.16097,0,0,26.6748,1.0675,18.6025,18.167,0.779645,0.328789,0.0273031
37104,151977984,0.161316,0,0,25.5046,1.05142,17.2364,17.952,0.674254,0.321474,0.0287476
37128,152076288,0.162679,0,nan,26.0311,1.05115,18.1011,18.0756,1.33603,0.316169,0.0289612
37152,152174592,0.163656,0,nan,27.3544,1.0877,19.5438,18.0664,0.665648,0.304593,0.0281576
37176,152272896,0.164703,0,0,27.169,1.02502,19.2925,17.9768,0.463493,0.316764,0.0276896
37200,152371200,0.165955,0,nan,25.235,1.06823,17.4843,18.2095,0.719344,0.304204,0.02771
37224,152469504,0.16745,0,0,26.1187,1.06963,18.0498,18.2265,0.57522,0.318774,0.0270996
37248,152567808,0.167643,0,nan,26.2162,1.04249,18.6309,17.9373,0.708945,0.348714,0.0268046
37272,152666112,0.168823,0,nan,26.014,1.08475,18.8117,18.4,1.33034,0.28963,0.0265401
37296,152764416,0.169708,0,0,26.2654,1.01252,18.9421,17.9034,0.722118,0.32743,0.0261943
37320,152862720,0.169932,0,nan,26.1413,1.04679,18.0204,18.197,0.767873,0.308104,0.0262553
37344,152961024,0.169912,0,nan,26.0843,1.04567,18.7014,18.1506,0.489161,0.309079,0.026123
37368,153059328,0.170542,0,nan,27.5008,1.09097,19.1914,18.1526,0.28592,0.310607,0.0249532
37392,153157632,0.171193,0,0,25.2084,1.11288,17.9834,18.708,1.22771,0.347014,0.0249736
37416,153255936,0.17219,0,nan,26.8079,1.06806,19.2778,18.2339,0.60328,0.295865,0.0257467
37440,153354240,0.174001,0,0,26.6714,1.10396,19.2653,18.5287,0.697786,0.361607,0.0257772
37464,153452544,0.17513,0,nan,26.1527,1.01599,18.3118,18.3968,0.397696,0.296309,0.0257365
37488,153550848,0.17571,0,0,27.1872,1.02732,19.3705,18.3204,0.773313,0.324052,0.026001
37512,153649152,0.176809,0,nan,25.1709,1.00708,17.2902,18.0613,0.686501,0.311141,0.0261129
37536,153747456,0.176575,0,0,25.4739,1.02438,17.9959,18.5099,0.664842,0.335173,0.0267639
37560,153845760,0.176463,0,0,26.0759,1.06465,18.3991,18.3319,0.947446,0.307517,0.0265299
37584,153944064,0.177063,0,nan,25.1881,1.0758,17.2938,18.7934,0.98249,0.305289,0.0258789
37608,154042368,0.177134,0,0,26.0875,1.10127,18.9785,18.4598,0.784129,0.311287,0.026123
37632,154140672,0.17806,0,nan,26.9608,1.06611,19.1728,18.1295,0.732937,0.329522,0.0259399
37656,154238976,0.179372,0,nan,26.3026,1.09422,18.8535,18.7397,0.343249,0.331327,0.0253499
37680,154337280,0.180674,0,0,26.4973,1.05166,18.7822,18.6018,0.763143,0.346015,0.0245768
37704,154435584,0.182465,0,nan,25.9064,1.06363,18.1584,18.6919,1.04046,0.33363,0.0243937
37728,154533888,0.18279,0,0,24.6509,1.02763,18.0034,18.5024,0.787966,0.302709,0.0244242
37752,154632192,0.182566,0,0,25.2881,1.02411,17.1285,18.85,0.464324,0.307523,0.0247396
37776,154730496,0.182617,0,nan,27.1608,1.0601,20.0248,18.9258,0.428949,0.305644,0.0253398
37800,154828800,0.184062,0,0,25.5944,1.0886,18.2804,18.8043,0.609204,0.332033,0.0256042
37824,154927104,0.186086,0,0,25.7111,1.07072,18.6199,18.9031,0.725766,0.323395,0.0254618
37848,155025408,0.187236,0,0,27.9969,1.05273,20.8323,18.8149,0.657696,0.330481,0.0247498
37872,155123712,0.188171,0,0,25.612,1.06476,18.8871,18.8131,0.42785,0.320363,0.0254517
37896,155222016,0.189494,0,0,26.2051,1.0551,18.7188,18.9502,0.669282,0.335567,0.0252787
37920,155320320,0.190399,0,0,24.9748,1.10104,18.0625,18.907,0.748787,0.299478,0.0248617
37944,155418624,0.191701,0,nan,25.2219,1.078,17.5666,18.9255,1.23419,0.325452,0.0243632
37968,155516928,0.192322,0,0,26.7704,1.06462,18.974,18.8911,1.57431,0.319336,0.0236104
37992,155615232,0.193166,0,0,26.362,1.055,18.8359,19.0473,0.99334,0.324765,0.0239156
38016,155713536,0.193878,0,nan,24.119,1.05545,17.4579,19.0515,1.2167,0.30902,0.023641
38040,155811840,0.194112,0,0,25.9649,1.05878,18.5749,18.9002,1.22558,0.291465,0.0232951
38064,155910144,0.19573,0,nan,25.9696,1.13323,18.1712,18.5511,0.897886,0.305978,0.0232137
38088,156008448,0.196889,0,nan,27.4148,1.03168,18.5996,19.2939,0.946978,0.323703,0.022644
38112,156106752,0.197398,0,0,26.5249,1.095,19.5326,18.9166,0.927095,0.317033,0.0225728
38136,156205056,0.198181,0,0,26.6877,1.0941,19.4481,18.9819,0.687465,0.313518,0.0226034
38160,156303360,0.200378,0,nan,26.3454,1.06474,19.3673,18.7462,0.840166,0.318935,0.0225728
38184,156401664,0.201609,0,0,25.3821,1.04205,19.0213,19.0837,0.709954,0.310777,0.0219828
38208,156499968,0.202179,0,nan,25.8636,1.04596,18.7768,18.9437,1.06729,0.320856,0.0218608
38232,156598272,0.203115,0,0,25.7042,1.07842,18.9786,18.9108,0.698054,0.314242,0.0216268
38256,156696576,0.203715,0,0,25.9178,1.03391,18.9117,18.9002,0.862366,0.311119,0.0212708
38280,156794880,0.204773,0,0,24.6666,1.06759,17.1825,18.9018,1.07035,0.319018,0.021342
38304,156893184,0.205383,0,0,26.6408,1.15777,19.7637,19.0772,0.564226,0.304822,0.0215352
38328,156991488,0.206289,0,nan,26.0926,1.0802,19.626,19.0717,0.615444,0.321812,0.0209961
38352,157089792,0.206807,0,0,24.9105,1.08317,17.5084,18.733,0.710977,0.298164,0.0210368
38376,157188096,0.207326,0,0,24.9902,1.12535,17.4832,19.1359,1.09884,0.304535,0.0211487
38400,157286400,0.209462,0,0,24.4012,1.12989,16.5589,18.7278,1.60862,0.327722,0.0202738
38424,157384704,0.210927,0,nan,26.2514,1.08293,19.2532,18.6877,0.406252,0.338957,0.0192261
38448,157483008,0.211436,0,nan,23.3925,1.02429,16.286,18.7536,0.911047,0.320899,0.0188395
38472,157581312,0.212728,0,nan,26.6472,1.09717,19.4586,18.8279,1.05245,0.311325,0.018748
38496,157679616,0.213206,0,0,24.9642,1.07373,17.7557,18.7887,1.26306,0.307627,0.0184326
38520,157777920,0.213888,0,0,26.0591,1.04311,19.1733,18.5665,0.843169,0.303319,0.0184021
38544,157876224,0.214467,0,0,26.0293,1.07059,19.0923,18.7882,1.03351,0.316101,0.0181986
38568,157974528,0.215729,0,0,25.6039,1.13297,18.2895,19.148,1.03999,0.307678,0.0192769
38592,158072832,0.216919,0,0,25.209,1.00199,17.6519,18.8204,0.798192,0.339476,0.019338
38616,158171136,0.217885,0,0,24.8663,1.05901,17.1092,18.6202,0.720661,0.325743,0.0200806
38640,158269440,0.218068,0,nan,27.5719,0.998088,19.5835,18.7049,0.533707,0.314518,0.0204773
38664,158367744,0.21876,0,0,25.9091,1.06956,17.8571,19.1185,0.851384,0.330653,0.0205383
38688,158466048,0.219604,0,0,24.3796,1.083,17.0234,18.7592,1.20102,0.358037,0.020579
38712,158564352,0.219696,0,0,25.0827,1.05894,17.5923,18.6281,0.814538,0.319765,0.0204468
38736,158662656,0.219971,0,0,25.1242,1.05399,18.7639,18.6335,1.00409,0.322201,0.0203044
38760,158760960,0.220754,0,0,25.1789,1.06472,18.54,18.8978,0.695884,0.317406,0.019928
38784,158859264,0.221629,0,0,25.034,1.06474,17.9018,18.7633,0.741696,0.311964,0.0192973
38808,158957568,0.22287,0,0,23.7482,0.999799,15.6886,18.8616,0.636377,0.340494,0.0192566
38832,159055872,0.224121,0,0,24.3724,1.0459,17.0938,18.672,0.826664,0.313233,0.0195211
38856,159154176,0.225789,0,0,28.1433,1.07414,17.778,19.3141,0.405225,0.317499,0.0195923
38880,159252480,0.226532,0,0,24.3648,1.07443,17.7648,18.6815,0.976648,0.308967,0.0193075
38904,159350784,0.227254,0,nan,24.7488,1.14091,17.6738,19.2837,0.867069,0.294455,0.0189921
38928,159449088,0.228292,0,0,26.2684,1.03874,18.9036,18.8505,1.10705,0.334109,0.0186056
38952,159547392,0.229533,0,nan,24.7102,1.02194,17.6591,18.5371,1.35747,0.32427,0.0189819
38976,159645696,0.230398,0,0,24.9229,1.07849,16.3433,18.4814,1.33084,0.332226,0.0196228
39000,159744000,0.232076,0,0,25.4973,1.02624,18.1691,18.589,1.13014,0.329903,0.019633
39024,159842304,0.232381,0,nan,25.9171,1.04032,18.3555,18.57,1.27327,0.325666,0.0199992
39048,159940608,0.233754,0,0,25.2146,1.06523,18.3393,18.954,1.10347,0.310772,0.0211487
39072,160038912,0.233866,0,nan,23.916,1.02327,17.4991,18.9976,0.57253,0.309974,0.0219116
39096,160137216,0.234263,0,nan,25.011,1.04616,18.1423,18.6678,0.617832,0.314164,0.0217489
39120,160235520,0.235647,0,0,24.9811,1.01879,17.6169,18.8072,1.67954,0.332947,0.0216573
39144,160333824,0.236267,0,0,24.8259,1.10473,16.8799,18.9496,0.871703,0.320609,0.0216573
39168,160432128,0.236501,0,nan,23.6939,1.03522,16.9593,18.5267,1.01817,0.306736,0.0221965
39192,160530432,0.236664,0,nan,24.767,1.02594,17.3828,18.6982,1.55838,0.304088,0.0222677
39216,160628736,0.236786,0,0,23.8818,1.05646,16.6366,18.8851,1.08296,0.309515,0.0222677
39240,160727040,0.237274,0,0,24.8179,1.08439,17.7875,18.8787,1.13301,0.316126,0.0222575
39264,160825344,0.23821,0,0,24.1268,1.04672,16.9331,19.0094,1.24992,0.311861,0.0221965
39288,160923648,0.238942,0,0,24.9143,1.04142,18.022,18.9364,1.20754,0.32659,0.0221049
39312,161021952,0.240255,0,nan,25.033,1.06327,18.3385,18.9422,0.663759,0.291671,0.0221659
39336,161120256,0.241791,0,0,26.0907,1.02533,18.7161,18.5416,1.24846,0.324016,0.0223389
39360,161218560,0.242137,0,0,26.2826,0.985673,18.2995,18.9208,0.960275,0.28577,0.0230204
39384,161316864,0.242666,0,0,24.6913,1.04024,17.6569,18.9691,1.91967,0.314047,0.0231934
39408,161415168,0.241964,0,0,25.9489,1.05086,18.8969,18.9901,1.46777,0.312183,0.0235901
39432,161513472,0.242981,0,nan,25.3236,1.06682,17.9894,18.9457,0.617921,0.321558,0.023702
39456,161611776,0.243968,0,0,25.5372,1.01898,18.3596,18.7878,1.49559,0.282949,0.0237325
39480,161710080,0.245188,0,0,25.6084,1.01595,18.2474,18.9589,1.05235,0.295278,0.0237528
39504,161808384,0.24588,0,0,25.7901,0.986793,18.238,18.6943,0.80245,0.31275,0.0250244
39528,161906688,0.246816,0,0,27.0605,1.02619,20.1774,19.0162,0.716225,0.306479,0.0250651
39552,162004992,0.248505,0,0,25.8005,1.02436,18.6285,18.7747,1.21717,0.326331,0.024943
39576,162103296,0.249634,0,0,25.9029,1.04705,18.9707,18.8099,0.883014,0.320987,0.0244751
39600,162201600,0.25119,0,0,23.965,1.03963,16.6656,18.8413,1.51055,0.309803,0.023763
39624,162299904,0.252116,0,0,25.4883,0.935819,18.4805,18.8296,0.97929,0.315852,0.0230408
39648,162398208,0.253306,0,0,26.3677,1.03397,19.3465,19.1299,0.730279,0.332566,0.022939
39672,162496512,0.255025,0,0,26.2924,1.0587,19.1141,19.0004,1.04156,0.303397,0.0228271
39696,162594816,0.256419,0,0,26.9249,1.0497,19.6167,19.1274,1.50065,0.312682,0.0238342
39720,162693120,0.257792,0,0,23.6377,1.01816,16.0442,18.843,1.14014,0.324298,0.0241699
39744,162791424,0.259308,0,nan,25.1698,1.05275,17.485,19.0724,1.06253,0.294591,0.0244344
39768,162889728,0.260111,0,0,25.2523,0.953027,18.5442,18.7255,0.930255,0.323666,0.0244853
39792,162988032,0.260671,0,nan,25.8248,1.04657,18.8884,18.9089,1.26979,0.315327,0.0249125
39816,163086336,0.261953,0,0,25.4164,1.01741,18.3979,18.8984,1.09766,0.316942,0.0252177
39840,163184640,0.263275,0,nan,24.9374,0.993686,17.7209,18.7319,0.890209,0.309917,0.0250854
39864,163282944,0.264282,0,0,24.234,1.0081,17.361,18.7944,0.928302,0.311052,0.0249023
39888,163381248,0.265004,0,0,24.0511,1.06324,17.3763,18.6787,0.907148,0.322021,0.0247294
39912,163479552,0.26594,0,nan,23.8619,1.01148,16.7648,18.6222,1.46214,0.297309,0.0246887
39936,163577856,0.266673,0,0,24.0401,1.02144,17.259,18.7449,1.69855,0.319285,0.0250041
39960,163676160,0.266286,0,0,24.6511,0.983091,17.2534,18.3411,1.39029,0.307904,0.0250549
39984,163774464,0.266561,0,nan,25.4003,1.00141,18.0802,18.7489,0.990349,0.326373,0.0249227
40008,163872768,0.266968,0,0,25.1638,1.01331,17.7977,18.9417,1.64818,0.337017,0.0252686
40032,163971072,0.268168,0,nan,24.8694,1.07559,17.4736,19.1141,1.16591,0.339066,0.0251363
40056,164069376,0.268616,0,0,24.6709,1.03054,17.4954,18.9799,1.69314,0.336513,0.0250142
40080,164167680,0.270172,0,0,25.0451,1.01632,17.6066,19.0737,0.96267,0.304964,0.0258789
40104,164265984,0.270528,0,0,23.1804,0.954223,16.4352,18.5892,1.95993,0.328142,0.0259705
40128,164364288,0.271067,0,0,25.2308,1.04898,17.8518,18.8652,1.02631,0.298861,0.0261943
40152,164462592,0.271688,0,0,24.0956,1.05104,16.8889,18.9772,1.69206,0.328039,0.026357
40176,164560896,0.272024,0,nan,23.4423,1.0259,16.3882,18.857,0.975152,0.323815,0.0264689
40200,164659200,0.272868,0,0,24.9259,1.0319,17.7448,18.8522,1.57966,0.315518,0.0273031
40224,164757504,0.273092,0,0,25.7538,1.06393,18.9332,18.8093,1.29714,0.326292,0.0273641
40248,164855808,0.273926,0,0,26.5924,1.02376,19.6214,18.6595,1.41702,0.303213,0.0270182
40272,164954112,0.273966,0,0,23.852,1.00622,16.6466,18.8072,2.0149,0.313761,0.0264689
40296,165052416,0.275279,0,0,25.5873,1.08094,17.9705,18.9873,1.00874,0.328284,0.0266724
40320,165150720,0.276499,0,0,25.5938,1.0888,18.7878,18.9357,1.21213,0.299713,0.0266113
40344,165249024,0.277507,0,0,24.9103,0.988574,17.2857,19.1446,1.36069,0.30216,0.0264994
40368,165347328,0.277283,0,nan,24.5205,1.03177,17.6702,19.073,0.954164,0.320997,0.0266825
40392,165445632,0.278442,0,0,23.6614,0.953311,17.2273,18.6503,2.84416,0.325915,0.0263672
40416,165543936,0.279388,0,nan,25.3298,1.03692,18.3791,18.931,0.781133,0.297022,0.0256348
40440,165642240,0.279806,0,0,24.9568,1.02231,17.5011,19.0788,1.53107,0.311629,0.0254923
40464,165740544,0.280558,0,0,25.5353,1.06274,18.8752,19.0998,1.41205,0.319737,0.0255636
40488,165838848,0.279633,0,0,26.3932,1.09203,18.2255,18.8059,1.32718,0.325782,0.0255534
40512,165937152,0.279663,0,0,24.8961,1.03096,17.4633,18.8185,1.23337,0.292654,0.0248413
40536,166035456,0.280243,0,nan,24.6744,1.06358,17.1272,18.8853,0.739988,0.313737,0.0247904
40560,166133760,0.280996,0,nan,25.8671,1.05667,18.7424,19.0217,0.907055,0.308748,0.0240173
40584,166232064,0.280823,0,0,25.1402,1.0553,18.2551,18.913,1.85295,0.308897,0.0238037
40608,166330368,0.281291,0,0,22.9376,0.979661,15.6179,18.6122,1.62884,0.321725,0.0239563
40632,166428672,0.282155,0,0,25.3781,1.00658,18.1609,18.6644,1.01131,0.285241,0.0237223
40656,166526976,0.281698,0,0,23.9374,0.946745,17.0071,18.5266,0.910674,0.295401,0.0236206
40680,166625280,0.281565,0,0,24.389,0.970119,17.638,18.5085,1.46049,0.317717,0.0229492
40704,166723584,0.281606,0,0,23.9025,1.01828,17.1403,19.0115,1.21253,0.315267,0.0219727
40728,166821888,0.281698,0,nan,23.4029,0.968147,16.083,18.5729,1.3945,0.299563,0.0212911
40752,166920192,0.283051,0,nan,25.2242,1.02416,18.6035,18.565,1.14211,0.321626,0.0207723
40776,167018496,0.283529,0,0,24.9512,1.00474,18.5869,18.6231,1.39695,0.310527,0.0204569
40800,167116800,0.284353,0,0,25.8422,1.08752,18.7602,18.7455,0.853886,0.305427,0.0205994
40824,167215104,0.285614,0,nan,26.0996,0.995238,18.9874,18.4772,1.08607,0.306309,0.0203552
40848,167313408,0.286723,0,nan,26.8382,0.991727,20.0519,18.2988,1.0878,0.290049,0.0202535
40872,167411712,0.288188,0,0,26.6975,1.0639,19.7821,18.498,1.53943,0.301174,0.0201213
40896,167510016,0.289683,0,0,26.7633,1.06795,18.4136,18.2804,1.20906,0.300415,0.0206299
40920,167608320,0.290466,0,0,24.3227,1.07831,17.9237,18.5206,1.34738,0.296981,0.0212911
40944,167706624,0.290833,0,0,25.0957,1.00289,19.3112,18.4854,1.23668,0.308351,0.0208842
40968,167804928,0.292338,0,0,24.2336,1.03884,17.0364,18.4052,2.31212,0.322254,0.0208639
40992,167903232,0.293294,0,0,25.3119,1.06684,18.052,17.9935,1.24763,0.323992,0.0205892
41016,168001536,0.294963,0,0,24.0768,1.03819,16.6371,18.0401,0.903902,0.321277,0.020223
41040,168099840,0.295644,0,0,25.1677,1.00133,18.1089,18.1192,1.62355,0.302723,0.0199992
41064,168198144,0.296214,0,nan,25.2768,1.03039,18.1368,17.8224,1.26676,0.320256,0.0188904
41088,168296448,0.297953,0,0,26.0111,1.0655,18.823,18.4756,1.77696,0.31312,0.0182902
41112,168394752,0.2995,0,0,25.156,1.01421,18.6392,18.0448,2.75477,0.324951,0.0180766
41136,168493056,0.30009,0,0,24.4758,1.01431,17.1435,18.3588,1.24865,0.327363,0.0176188
41160,168591360,0.300252,0,nan,24.8725,1.00016,17.4455,18.259,1.74531,0.306672,0.0180664
41184,168689664,0.30071,0,nan,25.0749,1.00385,18.081,18.1454,1.42936,0.309215,0.0176392
41208,168787968,0.30189,0,0,25.0861,1.01772,18.0241,17.86,1.42245,0.310121,0.016805
41232,168886272,0.302104,0,0,23.6288,1.03228,16.9981,18.2433,1.02759,0.297939,0.0166626
41256,168984576,0.302073,0,0,27.4432,1.04309,20.5437,17.791,1.54966,0.312067,0.0170898
41280,169082880,0.302734,0,0,26.1807,1.04025,19.7564,17.8493,1.91547,0.307759,0.0172221
41304,169181184,0.303375,0,0,23.3501,1.01792,16.3952,17.5164,1.20213,0.346493,0.0171
41328,169279488,0.30366,0,0,26.6336,0.992976,18.0658,17.8218,1.22359,0.309857,0.0173238
41352,169377792,0.303477,0,0,24.3165,1.06209,17.6801,17.7206,1.55521,0.308572,0.0163472
41376,169476096,0.304342,0,0,25.2173,1.05182,18.4945,17.8408,1.89996,0.294206,0.0157064
41400,169574400,0.305084,0,nan,25.271,1.04699,18.313,17.7537,2.17291,0.316534,0.0156962
41424,169672704,0.306081,0,nan,23.3132,1.00679,17.132,17.9856,0.745287,0.315376,0.0158691
41448,169771008,0.306468,0,nan,24.9166,1.0654,17.4565,17.9378,2.21863,0.31054,0.0163269
41472,169869312,0.307322,0,0,25.5146,1.0142,18.3581,17.619,0.846572,0.319151,0.0165812
41496,169967616,0.308095,0,nan,25.1408,0.989807,19.1263,17.4578,1.36189,0.303934,0.0159302
41520,170065920,0.308818,0,0,23.4931,1.0174,16.7413,17.4922,0.871311,0.288708,0.0154724
41544,170164224,0.309092,0,0,24.718,1.02899,18.2393,17.8033,1.31717,0.312183,0.015096
41568,170262528,0.309631,0,nan,25.7409,1.0363,18.9233,17.4456,0.465814,0.298605,0.0151978
41592,170360832,0.310781,0,0,24.3004,1.02447,17.4878,17.8402,2.25984,0.317116,0.0160421
41616,170459136,0.312154,0,nan,24.9334,1.04622,18.6081,17.3967,0.933297,0.329563,0.0162455
41640,170557440,0.313253,0,0,24.4107,1.03849,17.4404,17.4752,1.53955,0.296067,0.0162048
41664,170655744,0.313222,0,0,23.8786,1.02711,17.315,17.4814,1.19102,0.310153,0.0159607
41688,170754048,0.312897,0,nan,24.684,0.996258,17.9214,17.4739,1.29383,0.284319,0.0160217
41712,170852352,0.31365,0,0,24.5322,1.02126,17.675,17.545,2.07649,0.301842,0.0160014
41736,170950656,0.314311,0,0,24.1769,1.04404,17.2435,17.2052,1.4737,0.312652,0.0160522
41760,171048960,0.315918,0,0,25.5316,1.04241,18.7912,17.4349,1.00538,0.344099,0.0160828
41784,171147264,0.317566,0,0,22.4506,0.983453,15.686,17.3387,2.00051,0.302181,0.0161641
41808,171245568,0.317149,0,0,23.9549,0.96036,16.6664,17.4924,1.24602,0.306572,0.0157064
41832,171343872,0.317057,0,0,25.5263,1.03775,18.6316,17.2803,0.959582,0.314143,0.0156759
41856,171442176,0.316589,0,0,25.7195,1.0246,18.7276,17.376,1.21574,0.306476,0.015564
41880,171540480,0.316355,0,0,23.7998,0.987396,17.2724,17.1831,1.59568,0.29628,0.0154826
41904,171638784,0.316538,0,0,24.7119,1.04921,18.3597,17.1364,1.5514,0.286586,0.0146993
41928,171737088,0.317566,0,nan,26.8145,1.16269,19.9532,17.7926,1.10347,0.313935,0.0144958
41952,171835392,0.319611,0,0,23.4095,1.0131,17.0807,17.1865,2.20517,0.327151,0.0151265
41976,171933696,0.32255,0.00718704,0,24.7012,1.03563,17.9516,17.5019,2.6073,0.306257,0.0148214
42000,172032000,0.323476,0,0,24.0306,0.972793,17.3843,17.1301,1.54901,0.31941,0.0147909
42024,172130304,0.324371,0,0,23.7498,0.957401,17.5356,16.8437,2.46963,0.302757,0.0143738
42048,172228608,0.324504,0,0,23.5172,1.01277,16.8997,17.0585,1.82243,0.314412,0.0141602
42072,172326912,0.324575,0,0,23.8466,0.963335,17.1804,16.8101,1.25999,0.314363,0.0146383
42096,172425216,0.32491,0,0,24.7298,1.04543,18.5454,17.0605,1.11805,0.316208,0.0141195
42120,172523520,0.325134,0,0,22.972,0.996381,16.542,17.0662,2.78183,0.319489,0.0140177
42144,172621824,0.326864,0,0,22.3269,1.08173,15.474,17.4288,1.15007,0.32071,0.0141296
42168,172720128,0.328542,0,0,24.3734,1.04818,17.9248,17.2519,1.31973,0.330413,0.0138652
42192,172818432,0.330282,0,0,23.9582,1.01249,17.5797,17.1121,1.89757,0.3332,0.0136719
42216,172916736,0.330414,0,0,25.6996,0.981459,19.2911,16.8335,1.55037,0.327871,0.0140889
42240,173015040,0.330821,0,0,23.667,0.99016,17.3914,16.956,1.59851,0.328569,0.0146179
42264,173113344,0.332052,0,0,25.4779,1.01369,18.2376,17.0823,1.5624,0.317586,0.0147807
42288,173211648,0.332703,0,0,22.027,0.991247,15.4516,17.1741,1.75993,0.295958,0.0152079
42312,173309952,0.333272,0,nan,24.728,1.05618,16.9199,17.2385,0.902178,0.323926,0.0155131
42336,173408256,0.333598,0,0,23.6249,1.04732,17.0303,16.7636,1.79321,0.305123,0.0160522
42360,173506560,0.334401,0,nan,22.9127,0.988173,16.2571,16.7772,1.66775,0.339282,0.0164591
42384,173604864,0.334666,0,0,23.3366,0.943155,15.9312,17.1155,2.24833,0.302093,0.0166016
42408,173703168,0.334269,0,nan,23.0937,1.10793,15.8238,17.3868,1.22997,0.315459,0.016449
42432,173801472,0.334808,0,nan,23.5681,0.952586,16.3474,16.724,1.56488,0.307237,0.0162659
42456,173899776,0.336497,0,0,23.6769,1.08372,16.3831,17.1366,1.23504,0.317042,0.0156148
42480,173998080,0.337677,0,0,23.0642,1.01447,16.1027,17.3185,0.834576,0.321354,0.0156962
42504,174096384,0.33904,0,nan,25.8296,1.00202,18.7355,16.8389,1.16477,0.304154,0.0157369
42528,174194688,0.341095,0,0,23.6152,0.999807,16.4783,16.9736,0.866409,0.319598,0.0160929
42552,174292992,0.343313,0,0,23.8163,1.027,17.116,17.1775,1.22105,0.329064,0.0164693
42576,174391296,0.343231,0,0,23.581,1.01719,16.4874,16.903,1.48303,0.309508,0.0161133
42600,174489600,0.344279,0,0,25.2782,0.960558,18.9705,16.979,1.57966,0.304265,0.0153605
42624,174587904,0.346161,0,0,22.8495,0.949795,17.0509,16.8938,1.06547,0.31032,0.0154114
42648,174686208,0.347015,0,nan,23.5509,1.08109,16.8806,16.9742,1.09716,0.324808,0.015686
42672,174784512,0.34849,0,0,24.5916,0.982524,18.2935,16.7556,2.45588,0.322562,0.0159302
42696,174882816,0.351237,0,nan,23.38,1.06949,16.4806,16.9167,1.38901,0.285133,0.01592
42720,174981120,0.352824,0,0,22.8503,1.00154,16.358,16.7681,2.0901,0.313558,0.0158997
42744,175079424,0.354462,0,0,22.028,1.04944,15.1486,17.0225,1.97458,0.297297,0.0158183
42768,175177728,0.35496,0,0,23.0471,1.03448,16.461,16.9192,1.80174,0.319523,0.0157878
42792,175276032,0.357218,0,nan,23.4,1.01136,16.0283,16.8292,1.609,0.291267,0.0155538
42816,175374336,0.360392,0,0,23.1171,1.01233,16.7389,16.6642,1.90997,0.317405,0.0156453
42840,175472640,0.361257,0,0,24.2735,1.03306,17.4191,17.0802,0.843294,0.29508,0.0159098
42864,175570944,0.361766,0,0,24.4085,1.08521,17.9237,16.9355,0.937648,0.284332,0.0157064
42888,175669248,0.363047,0,0,25.0801,1.02091,17.6814,17.1311,1.80032,0.307123,0.0163066
42912,175767552,0.364685,0,0,23.8472,1.03006,16.4764,16.7949,1.74944,0.31377,0.016744
42936,175865856,0.366475,0,0,23.4783,0.969088,16.4807,16.6506,1.60368,0.330357,0.0166219
42960,175964160,0.367574,0,0,21.8808,0.976165,15.0651,16.5201,1.91014,0.301407,0.0162557
42984,176062464,0.367533,0,0,23.3595,0.94621,17.0193,16.5994,1.82314,0.290389,0.0160522
43008,176160768,0.369639,0,0,23.8289,1.02619,16.3808,17.0023,1.63097,0.315994,0.0160319
43032,176259072,0.370656,0,0,23.8479,1.05307,17.2183,16.819,1.94204,0.303438,0.0162862
43056,176357376,0.372711,0,0,23.7994,0.983299,16.263,16.7901,1.6056,0.330005,0.0160217
43080,176455680,0.373088,0,0,24.0748,1.02515,17.6859,16.5573,1.45674,0.304231,0.0158691
43104,176553984,0.37324,0,0,24.2718,1.07094,17.1516,17.0554,2.83901,0.301028,0.0162252
43128,176652288,0.375407,0,0,22.6934,0.991521,16.3253,16.7987,1.48397,0.340274,0.016276
43152,176750592,0.377858,0,0,23.2238,1.04282,15.9598,16.6853,1.81385,0.340974,0.0161641
43176,176848896,0.379842,0,nan,25.111,1.01304,17.7097,16.6557,1.28863,0.311384,0.0160421
43200,176947200,0.381887,0,0,24.26,1.00701,16.6537,16.7391,1.75424,0.328472,0.0160726
43224,177045504,0.383657,0,0,22.7056,1.00072,16.155,16.4398,1.2351,0.310288,0.0152588
43248,177143808,0.385223,0,nan,23.6357,1.0394,16.8378,16.4879,1.30884,0.306502,0.0145264
43272,177242112,0.386312,0,0,23.3134,0.999235,15.7497,16.904,2.78574,0.309403,0.0144348
43296,177340416,0.387421,0,0,23.6986,1.02665,17.1138,16.8221,1.73624,0.331764,0.013916
43320,177438720,0.387604,0,0,22.4218,1.01847,15.238,16.6713,1.38394,0.296804,0.0136719
43344,177537024,0.388184,0,0,22.2542,1.0091,15.654,16.2367,1.71699,0.335493,0.0134481
43368,177635328,0.388814,0,0,22.1399,0.993516,15.473,16.4599,1.46165,0.303524,0.013326
43392,177733632,0.389455,0,nan,23.5918,1.06397,16.5533,16.8769,2.30259,0.322132,0.0137736
43416,177831936,0.390778,0,0,23.9683,1.0081,17.0175,16.0978,1.45961,0.313543,0.0146586
43440,177930240,0.391927,0,0,23.4335,0.930474,16.2232,16.1368,1.83869,0.331892,0.0149028
43464,178028544,0.392619,0,0,24.0393,1.05411,16.9047,16.9398,0.934055,0.353559,0.0152079
43488,178126848,0.394948,0,0,23.8697,1.03761,17.0632,16.4942,1.66436,0.31335,0.0150248
43512,178225152,0.396647,0,0,22.9599,1.02852,15.7827,15.7596,1.64805,0.314231,0.015625
43536,178323456,0.398356,0,0,23.0996,0.968476,16.1762,16.3509,1.37395,0.322758,0.0158691
43560,178421760,0.398295,0,0,23.115,0.97716,16.7824,15.9413,1.1763,0.330228,0.0160726
43584,178520064,0.399007,0,0,23.5434,0.943223,16.9405,16.3628,2.13648,0.322212,0.0157166
43608,178618368,0.4021,0,0,23.8475,1.03589,15.6158,16.1022,2.11382,0.287794,0.0157369
43632,178716672,0.403961,0,0,25.0569,0.946531,18.5538,15.9317,1.82749,0.326122,0.0160014
43656,178814976,0.40568,0,0,22.7579,0.985713,16.0544,16.3111,1.54536,0.298216,0.0160624
43680,178913280,0.40744,0,0,21.6892,0.975445,15.0082,16.174,2.47758,0.312396,0.0161438
43704,179011584,0.409292,0,0,23.9074,1.03273,17.7244,16.5667,2.30067,0.320355,0.0159403
43728,179109888,0.410146,0,0,22.5751,1.01351,16.0458,16.5116,1.76974,0.321941,0.0162252
43752,179208192,0.412374,0,0,22.5655,0.98062,16.0784,16.3818,1.73001,0.300834,0.01651
43776,179306496,0.414856,0,0,23.7982,1.00404,17.2982,16.0647,2.29293,0.305908,0.0165304
43800,179404800,0.416962,0,0,22.2533,0.998376,15.8807,16.1098,1.46781,0.300818,0.0169067
43824,179503104,0.419729,0,0,24.8417,1.03144,17.533,16.4836,2.27896,0.288833,0.0166829
43848,179601408,0.422211,0,nan,23.2447,1.02026,16.5939,16.1864,1.40123,0.324697,0.0163574
43872,179699712,0.42275,0,0,22.2508,0.982434,15.8968,16.1651,2.11533,0.314235,0.0164693
43896,179798016,0.423635,0,0,23.7572,0.988209,16.5955,16.2317,1.53976,0.313203,0.0162048
43920,179896320,0.425334,0,0,22.7919,1.01224,16.8386,16.4207,1.94023,0.309575,0.0166219
43944,179994624,0.427439,0,0,20.665,1.03765,13.476,16.3528,1.87792,0.321131,0.0161336
43968,180092928,0.429016,0,0,23.1517,0.976768,16.5742,16.4624,2.92317,0.304849,0.0163981
43992,180191232,0.430735,0,nan,24.2583,0.993574,16.9008,16.1963,1.40337,0.327672,0.0169678
44016,180289536,0.431101,0,0,22.3944,0.982624,14.8622,16.4777,2.10171,0.314816,0.0171407
44040,180387840,0.431783,0,0,22.0901,0.95495,14.6527,15.8478,2.21293,0.320765,0.0174459
44064,180486144,0.433258,0,0,23.3371,1.0273,16.1546,16.2963,2.33494,0.307911,0.0172831
44088,180584448,0.435211,0,0,21.5805,0.941987,15.2405,16.1789,1.5938,0.30853,0.0174967
44112,180682752,0.437134,0,0,22.7047,1.03203,16.0471,16.3169,2.04458,0.319746,0.0175171
44136,180781056,0.438924,0,0,23.206,0.984675,16.7405,16.3833,3.07439,0.317129,0.0174154
44160,180879360,0.440582,0,0,23.4392,0.954373,16.9454,16.0577,1.66587,0.302252,0.0168254
44184,180977664,0.440837,0,0,21.4463,0.968032,15.1731,16.4157,1.83202,0.319406,0.0163981
44208,181075968,0.44221,0,0,22.1964,0.979879,15.6221,16.497,2.10393,0.314496,0.0165507
44232,181174272,0.442993,0,0,22.5741,0.975921,15.4333,16.6169,2.12147,0.302421,0.0169169
44256,181272576,0.444651,0,0,23.0525,0.94383,15.3732,16.0545,1.4974,0.320918,0.0171102
44280,181370880,0.446004,0,0,23.073,1.00875,16.9245,16.3383,2.66888,0.321554,0.0169169
44304,181469184,0.447632,0,0,23.5948,0.918769,16.5338,16.1757,2.40277,0.313708,0.0169474
44328,181567488,0.450734,0,0,23.6832,1.01095,16.5796,16.4306,1.68445,0.338736,0.016866
44352,181665792,0.451436,0,0,22.5376,0.961023,16.0139,16.4721,1.78238,0.332509,0.0173238
44376,181764096,0.452718,0,0,21.2639,0.934133,14.7064,16.0479,2.72018,0.323774,0.0172933
44400,181862400,0.454458,0,0,23.926,1.01695,17.3597,16.0536,2.3784,0.302912,0.0168254
44424,181960704,0.455577,0,0,22.2595,1.02606,15.8122,16.5318,1.88028,0.319491,0.0164998
44448,182059008,0.457692,0,0,24.9216,1.06309,17.5628,16.8659,1.89277,0.31617,0.0169678
44472,182157312,0.459493,0,0,22.5664,0.992053,15.3642,16.2564,1.30571,0.32801,0.0170797
44496,182255616,0.460073,0,nan,23.0137,0.948193,16.4681,16.37,1.80497,0.343888,0.016866
44520,182353920,0.462016,0,0,22.5111,1.01064,15.4307,16.3733,2.11326,0.304338,0.0160929
44544,182452224,0.464559,0,0,25.3884,0.996317,18.4667,15.9363,2.00622,0.316798,0.0154215
44568,182550528,0.466329,0,nan,22.7902,0.954094,15.9279,16.2341,1.09952,0.315257,0.0148926
44592,182648832,0.468404,0,0,23.7536,0.975152,17.225,16.1412,2.68913,0.309381,0.0150859
44616,182747136,0.471741,0,0,22.6309,1.04267,15.8179,16.5938,2.3361,0.327216,0.0152588
44640,182845440,0.474467,0,0,21.444,1.0364,14.7106,16.5215,2.62811,0.319003,0.0152181
44664,182943744,0.474609,0,0,23.4842,0.993039,16.6619,16.2556,2.05542,0.312114,0.0151672
44688,183042048,0.47584,0,0,23.2,0.898109,16.5673,16.1252,2.79334,0.303286,0.0152995
44712,183140352,0.476949,0,0,22.7319,0.984417,16.8489,16.0493,1.73755,0.338196,0.0158488
44736,183238656,0.479197,0,0,23.3805,0.979331,16.2704,16.2217,3.00607,0.34585,0.0157572
44760,183336960,0.480845,0,0,23.222,0.977606,16.973,16.4168,1.38053,0.332363,0.0156148
44784,183435264,0.481567,0,0,24.7088,1.01065,17.4307,16.1176,2.94339,0.31246,0.015686
44808,183533568,0.482666,0,0,23.3098,0.961818,16.1041,16.1656,1.66348,0.31674,0.0153402
44832,183631872,0.483968,0,0,22.0434,0.979099,14.9548,16.1296,2.31294,0.295424,0.0154826
44856,183730176,0.484934,0,0,23.4203,1.04576,16.0257,16.4258,2.11327,0.317646,0.015686
44880,183828480,0.48702,0,0,22.2295,0.970707,15.5856,15.9503,2.37873,0.293321,0.0153503
44904,183926784,0.489004,0,0,22.6429,1.01917,15.9998,15.8956,2.46453,0.341091,0.01474
44928,184025088,0.491364,0,0,23.3884,1.02115,16.3783,15.9733,1.89197,0.310073,0.0143127
44952,184123392,0.493225,0,0,22.3926,0.940215,15.8062,15.9087,3.72791,0.304927,0.0146484
44976,184221696,0.493988,0,0,22.8741,0.988874,15.1771,16.1667,1.58171,0.316156,0.014506
45000,184320000,0.496195,0,0,22.894,1.02719,15.8393,16.0854,2.58104,0.325748,0.014679
45024,184418304,0.498505,0,0,22.8505,1.00076,16.4598,15.9102,3.08704,0.309156,0.0141093
45048,184516608,0.500966,0,0,22.2018,1.01708,15.607,16.1063,2.83669,0.315588,0.0138245
45072,184614912,0.503113,0,0,23.5078,0.951672,16.6434,16.0214,2.57984,0.353331,0.0134277
45096,184713216,0.506012,0,0,22.7775,0.96317,15.8945,15.8877,2.08263,0.311372,0.0131531
45120,184811520,0.508565,0,0,21.4782,0.942772,15.4364,16.2321,2.99946,0.343504,0.0125427
45144,184909824,0.510152,0,0,21.8835,0.970055,15.6745,16.052,1.82866,0.305292,0.0124512
45168,185008128,0.511281,0,0,22.2729,0.933438,15.2876,15.8332,1.74335,0.29973,0.0124817
45192,185106432,0.513835,0,0,22.2537,0.9745,15.3873,15.8696,3.01383,0.307664,0.0128072
45216,185204736,0.515198,0,0,23.1303,0.950801,15.8137,15.9121,3.01125,0.296364,0.0127462
45240,185303040,0.51649,0,0,24.4634,1.03129,17.5011,16.0337,2.33524,0.306251,0.0128479
45264,185401344,0.518158,0,0,23.7221,0.979485,16.833,15.8307,3.19771,0.300447,0.0131429
45288,185499648,0.518565,0,0,24.0441,0.986305,17.0915,15.8771,2.71768,0.334199,0.0130107
45312,185597952,0.519938,0,0,22.3852,1.01516,15.949,16.0672,2.74776,0.311666,0.0128174
45336,185696256,0.522278,0,0,23.3763,1.04051,16.517,16.1111,2.1356,0.319186,0.0123189
45360,185794560,0.524709,0,0,23.6864,1.00153,16.852,15.9578,1.92132,0.328193,0.0120341
45384,185892864,0.525859,0,0,23.7766,0.957215,16.6906,16.0442,3.3013,0.32721,0.0124613
45408,185991168,0.527456,0,0,23.1655,1.00656,15.8182,15.8603,2.16057,0.331028,0.0124817
45432,186089472,0.528992,0,0,23.792,1.0271,16.9744,16.166,2.6132,0.320925,0.0126851
45456,186187776,0.532399,0,nan,21.6941,0.941363,15.0931,15.9482,2.41289,0.333217,0.0117493
45480,186286080,0.53478,0,nan,23.5648,1.01874,16.0349,16.0877,1.99204,0.313062,0.0116374
45504,186384384,0.536367,0,0,23.0507,0.990859,16.6612,15.9156,2.14364,0.305706,0.0116069
45528,186482688,0.539388,0,0,22.2701,0.972056,14.7946,15.9093,1.78168,0.332576,0.0124105
45552,186580992,0.542267,0,0,22.2604,1.04501,16.5463,16.0495,1.9948,0.294134,0.0127055
45576,186679296,0.544942,0,0,24.8663,0.950795,17.2652,15.905,2.29827,0.317026,0.0132853
45600,186777600,0.546082,0,0,22.3688,0.962846,16.0911,15.7764,2.5968,0.305617,0.0132345
45624,186875904,0.547343,0,0,21.91,1.0392,14.7528,15.8751,1.5805,0.313484,0.0128276
45648,186974208,0.549205,0,0,23.1054,0.965745,16.1596,16.029,2.92069,0.30066,0.0126851
45672,187072512,0.550588,0,0,20.6396,1.02094,13.1508,16.0718,3.33676,0.321685,0.0126139
45696,187170816,0.551025,0,0,23.9161,1.0284,16.87,16.342,2.1608,0.332781,0.012441
45720,187269120,0.552155,0,0,22.403,0.99657,15.1432,16.2951,2.6031,0.331269,0.012146
45744,187367424,0.55306,0,0,21.3297,0.955476,15.183,16.1532,3.09429,0.336645,0.0128072
45768,187465728,0.55424,0,0,23.1229,0.969546,16.6,15.989,2.83693,0.335582,0.0128581
45792,187564032,0.556854,0,0,23.7246,1.0043,16.4153,16.065,2.41752,0.30435,0.012675
45816,187662336,0.559194,0,0,23.2057,0.964892,16.0579,16.2627,2.37303,0.317345,0.0125122
45840,187760640,0.561055,0,0,21.7041,0.946769,15.0841,15.8013,2.15786,0.308151,0.01297
45864,187858944,0.563029,0,0,22.9656,0.957975,16.3449,16.1476,1.80173,0.313583,0.0131429
45888,187957248,0.563619,0,0,21.3598,0.991161,14.2748,16.1437,3.28531,0.326558,0.0135905
45912,188055552,0.565094,0,0,23.6934,1.02502,16.3099,16.3766,2.75221,0.30187,0.0141602
45936,188153856,0.567596,0,0,23.5235,1.02615,16.3096,16.2317,2.94599,0.31324,0.0138448
45960,188252160,0.569153,0,0,21.6555,0.993503,14.8555,16.2964,3.49132,0.331228,0.0136007
45984,188350464,0.57015,0,nan,21.2784,1.00294,14.7205,16.22,1.99348,0.326452,0.0131531
46008,188448768,0.572062,0,0,22.546,0.968859,15.5576,16.1904,2.88355,0.315978,0.0128886
46032,188547072,0.57311,0,0,23.617,0.93877,16.7372,16.1704,2.64032,0.333033,0.0134379
46056,188645376,0.575653,0,0,23.9379,1.00332,16.8547,16.5702,3.0611,0.32154,0.0134888
46080,188743680,0.577891,0,0,20.7677,0.964744,14.15,15.8437,2.38045,0.323738,0.0141195
46104,188841984,0.581645,0,0,21.9404,0.969511,14.3427,16.2292,4.04632,0.331363,0.0141602
46128,188940288,0.585144,0,0,22.5017,0.925715,14.8673,16.3236,3.54112,0.307511,0.0139872
46152,189038592,0.586721,0,0,23.4977,0.956608,16.1176,16.2813,2.69108,0.31987,0.0140279
46176,189136896,0.589569,0,nan,23.2039,0.957198,16.5678,16.3127,2.1203,0.328371,0.0143433
46200,189235200,0.590861,0,0,22.2203,0.979235,15.0166,16.4636,3.42437,0.322102,0.0144958
46224,189333504,0.592387,0,0,22.6721,1.00879,16.026,16.3262,2.87326,0.33116,0.0148926
46248,189431808,0.594574,0,0,22.7112,1.04316,16.1203,16.3733,1.94455,0.309216,0.0146077
46272,189530112,0.598287,0,0,21.6962,0.980031,15.641,16.2364,3.88042,0.318577,0.0146383
46296,189628416,0.599782,0,0,23.3821,0.932471,16.963,16.1098,2.33691,0.296912,0.0149231
46320,189726720,0.601908,0,0,22.6915,1.03492,16.3601,16.3701,2.60573,0.316032,0.0151367
46344,189825024,0.604645,0,0,22.7016,1.00084,15.9536,16.4302,2.58677,0.315556,0.0152079
46368,189923328,0.606974,0,0,22.4626,0.942531,15.6395,16.265,2.44452,0.31304,0.015035
46392,190021632,0.609589,0,0,21.4929,0.923915,14.6075,16.3371,3.96997,0.315317,0.0147196
46416,190119936,0.611654,0,0,21.8542,0.973069,14.9741,16.2197,2.93901,0.318835,0.0147095
46440,190218240,0.613322,0,0,23.016,0.92808,15.9342,16.3837,3.0246,0.323925,0.0146383
46464,190316544,0.616333,0,nan,22.0577,0.95777,15.6457,16.1142,2.02193,0.318433,0.0149129
46488,190414848,0.617523,0,0,22.5106,0.967304,15.8493,16.0252,2.01083,0.291283,0.0148926
46512,190513152,0.619375,0,0,21.3628,0.958706,14.7095,16.2374,3.08777,0.294977,0.0148824
46536,190611456,0.621257,0,0,21.9171,0.998446,15.0211,16.2464,2.74382,0.327028,0.0139669
46560,190709760,0.623464,0,0,23.323,0.947055,16.28,15.9071,2.24236,0.317108,0.0138143
46584,190808064,0.624685,0,0,21.5276,1.0134,14.5949,16.0746,2.8546,0.309261,0.013092
46608,190906368,0.627452,0,0,21.032,1.02237,14.1155,16.2571,2.80312,0.327365,0.0129395
46632,191004672,0.630605,0,0,23.4383,0.991397,16.8073,16.177,2.06803,0.316728,0.0127563
46656,191102976,0.63268,0,nan,21.1285,0.953625,14.0671,15.9309,2.67074,0.288179,0.0125732
46680,191201280,0.634918,0,0,21.6407,1.00857,15.0588,15.9599,3.80703,0.329511,0.0121257
46704,191299584,0.637817,0,0,23.5722,1.02839,17.5951,15.9914,2.38126,0.318019,0.0119629
46728,191397888,0.639109,0,0,22.3129,0.888696,15.4821,15.8039,2.87888,0.319017,0.0114543
46752,191496192,0.639791,0,0,23.3068,0.966849,16.2444,16.0976,2.46781,0.319897,0.0112813
46776,191594496,0.64093,0.0035237,0,22.4891,1.02524,15.0767,15.9251,2.48217,0.324086,0.011322
46800,191692800,0.643209,0,0,21.2527,0.989562,15.359,15.8448,2.80557,0.326611,0.0114746
46824,191791104,0.645274,0,0,23.3901,0.996346,17.0302,15.9126,2.64116,0.308035,0.0113932
46848,191889408,0.646759,0,0,22.2206,0.978999,15.4685,16.032,2.02332,0.309499,0.0110372
46872,191987712,0.647949,0,0,21.2386,0.957892,14.6925,15.9966,3.70545,0.296155,0.0103455
46896,192086016,0.648956,0,nan,22.9891,1.02294,15.2452,16.0682,3.01878,0.32891,0.00975545
46920,192184320,0.652568,0,0,22.0529,0.947986,15.8382,15.6867,3.00959,0.290208,0.00940959
46944,192282624,0.655579,0,0,22.2739,1.01632,15.8126,15.7785,3.23123,0.307577,0.00952148
46968,192380928,0.658071,0,0,20.5889,0.924134,13.308,15.9669,3.99092,0.318269,0.00986735
46992,192479232,0.660756,0,0,20.2298,0.985975,13.088,15.7029,2.75786,0.308465,0.009847
47016,192577536,0.662923,0,0,20.2484,1.00137,13.3247,16.0355,3.53715,0.332805,0.00949097
47040,192675840,0.665802,0,0,22.1505,0.944951,15.373,15.7094,3.5147,0.326407,0.00937907
47064,192774144,0.668264,0,0,22.3509,0.97464,15.3947,15.7812,2.85617,0.317794,0.00950114
47088,192872448,0.671946,0,0,21.0423,1.00568,14.4362,15.8163,3.36243,0.336456,0.0090332
47112,192970752,0.674784,0,0,21.378,0.984802,14.5245,15.7224,4.51668,0.310379,0.0090332
47136,193069056,0.676544,0,0,22.5604,0.960933,15.1319,16.1293,2.90617,0.317053,0.00908407
47160,193167360,0.67808,0,0,21.25,1.01445,14.5551,15.8769,2.33721,0.31504,0.00877889
47184,193265664,0.681254,0,0,22.1732,0.983664,14.3088,16.1536,3.22855,0.321987,0.00835164
47208,193363968,0.685232,0,0,21.2149,1.02068,14.9984,15.7863,3.63799,0.307045,0.0078125
47232,193462272,0.68988,0,0,21.9351,0.961419,14.7245,15.8841,2.8599,0.325075,0.00805664
47256,193560576,0.693258,0,0,21.4469,1.02596,14.6635,15.9641,2.79415,0.298929,0.0082194
47280,193658880,0.69575,0,0,21.122,0.974791,14.6235,15.6098,3.39311,0.302378,0.0081075
47304,193757184,0.697835,0.00724888,0,21.8637,0.969519,14.6522,15.8658,2.97045,0.326963,0.00812785
47328,193855488,0.701518,0,0,20.9747,0.946593,14.5594,15.75,2.32038,0.299028,0.00830078
47352,193953792,0.703796,0,0,21.7265,0.979091,15.3588,15.5542,3.32112,0.319259,0.00818888
47376,194052096,0.705068,0,0,20.7776,0.90795,14.1338,15.4799,3.32727,0.337521,0.00823975
47400,194150400,0.706746,0,0,21.5412,1.00849,14.9412,15.6337,2.96863,0.325572,0.00793457
47424,194248704,0.708445,0.00389749,0,20.9784,0.991054,14.4544,15.8411,3.26742,0.316974,0.00779215
47448,194347008,0.710215,0,0,21.7959,0.984803,14.6702,15.7454,2.37527,0.327444,0.00764974
47472,194445312,0.713582,0,0,21.8519,0.916667,15.3429,15.484,2.51338,0.306396,0.00767008
47496,194543616,0.717672,0,0,21.6011,0.960199,14.9981,15.8493,2.37148,0.314548,0.00822957
47520,194641920,0.720215,0,0,20.253,0.954007,13.622,15.7526,2.96546,0.324776,0.00816854
47544,194740224,0.723083,0,0,21.3111,0.997274,14.8368,16.003,2.67368,0.3113,0.00854492
47568,194838528,0.72701,0,0,21.8149,1.03359,14.2648,16.0874,2.43156,0.318841,0.00869751
47592,194936832,0.730967,0,0,22.1413,1.00582,15.0456,15.967,3.58527,0.313387,0.00932821
47616,195035136,0.73172,0,0,21.7302,1.05643,15.0564,16.037,3.8473,0.314317,0.00980632
47640,195133440,0.73408,0,0,21.4291,1.03633,14.9947,15.8292,3.4876,0.326285,0.0103251
47664,195231744,0.735921,0,0,21.8222,0.92264,15.2111,15.7521,3.06121,0.308534,0.0106608
47688,195330048,0.737651,0,0,22.8494,0.935719,16.6157,15.5202,3.28805,0.297138,0.0110575
47712,195428352,0.740387,0,0,22.483,0.977953,15.3882,15.8942,2.58553,0.29671,0.0114136
47736,195526656,0.7441,0,0,21.1963,0.998176,14.0822,15.9772,4.28634,0.288098,0.0113322
47760,195624960,0.746674,0,0,20.9024,0.963506,14.013,15.7981,2.90612,0.310483,0.0113424
47784,195723264,0.749074,0,0,23.2538,0.995396,16.455,15.9133,3.26079,0.316703,0.0116577
47808,195821568,0.751088,0,0,21.4983,0.941714,14.2202,16.1823,2.84469,0.312281,0.012207
47832,195919872,0.75177,0,0,22.6903,0.920225,16.0696,16.0962,3.07057,0.307971,0.0127157
47856,196018176,0.753916,0,0,20.5556,1.03582,14.3267,16.0139,3.53976,0.30544,0.0132751
47880,196116480,0.756622,0,0,20.9812,0.936425,14.7817,16.1197,4.5213,0.314877,0.0134583
47904,196214784,0.759532,0,0,20.1182,1.02482,13.6956,16.1994,3.4978,0.327587,0.0137838
47928,196313088,0.761688,0,0,21.778,0.973061,15.0786,15.7425,2.89901,0.309319,0.0138346
47952,196411392,0.764598,0,0,21.2232,0.897111,14.3251,15.9646,5.02571,0.331959,0.0140279
47976,196509696,0.767517,0,0,20.4791,0.899446,13.3806,16.0149,3.49789,0.339178,0.0134989
48000,196608000,0.770223,0,0,21.114,0.936065,13.9896,16.2742,3.77164,0.316941,0.0137227
48024,196706304,0.773448,0,0,20.1246,0.913154,13.4162,16.0276,3.78208,0.326528,0.0141805
48048,196804608,0.776113,0,0,21.2444,0.967905,15.0084,16.0962,3.66491,0.292267,0.0139262
48072,196902912,0.779053,0,0,20.8092,0.968109,14.5011,16.2123,3.35356,0.298119,0.013916
48096,197001216,0.782928,0,0,21.0039,1.00874,13.8778,16.0874,3.18898,0.320342,0.0139567
48120,197099520,0.785238,0,0,21.4429,0.987555,14.8746,16.0565,3.47386,0.304196,0.0145569
48144,197197824,0.787303,0,0,21.8963,0.916531,15.4487,16.2949,4.01646,0.308531,0.0143229
48168,197296128,0.789591,0,0,21.3929,0.950727,14.9966,16.0641,3.20746,0.312929,0.0147298
48192,197394432,0.791565,0.00525523,0,21.9475,0.944321,15.6671,16.1388,3.6089,0.309449,0.015269
48216,197492736,0.794434,0,0,21.6206,0.989534,15.7145,15.9676,3.03123,0.321791,0.0150859
48240,197591040,0.796468,0,0,22.8094,1.0728,15.901,16.5073,2.90625,0.304352,0.0145264
48264,197689344,0.798665,0,0,21.022,0.989408,14.5349,16.0377,2.85672,0.31563,0.0149333
48288,197787648,0.802348,0,0,22.3082,0.957686,14.7709,16.0591,3.16378,0.312439,0.0150859
48312,197885952,0.805227,0,0,22.6268,1.00366,15.7828,16.1552,3.01174,0.315566,0.0152181
48336,197984256,0.810699,0.00458012,0,21.2542,0.970664,14.6139,16.2328,3.4252,0.313527,0.0152283
48360,198082560,0.812805,0,0,20.7584,0.97173,14.2005,16.2842,4.04459,0.291484,0.0154622
48384,198180864,0.81603,0,0,22.7206,0.930547,16.5088,16.3328,5.30986,0.315477,0.0153707
48408,198279168,0.819987,0.0029458,0,21.6382,0.918303,15.258,15.8117,2.70913,0.294667,0.0156657
48432,198377472,0.821238,0,0,20.7779,0.918431,14.5017,16.4147,4.45237,0.302669,0.0158691
48456,198475776,0.825511,0,0,19.7608,0.926848,13.8204,16.3089,3.14016,0.316604,0.0158691
48480,198574080,0.828573,0,0,22.3467,0.996798,16.2516,16.3825,2.83296,0.306898,0.0155741
48504,198672384,0.830688,0,0,22.7227,1.02386,15.8844,16.3957,3.01428,0.314176,0.0153097
48528,198770688,0.834401,0,0,21.4923,1.01015,14.9111,16.4236,4.03755,0.304044,0.0155233
48552,198868992,0.838969,0,0,21.8928,1.00731,14.8839,16.4263,2.82738,0.30634,0.0156555
48576,198967296,0.841807,0,0,21.1464,0.906679,15.1219,16.2496,3.53298,0.305783,0.0159505
48600,199065600,0.843913,0.0083622,0,20.8494,0.978523,14.8391,16.3094,4.64979,0.325486,0.0153503
48624,199163904,0.848043,0,0,21.2845,1.03653,15.5947,16.5212,2.69909,0.306627,0.014974
48648,199262208,0.850555,0,0,20.1211,0.873311,13.2926,15.977,3.39337,0.325858,0.0149028
48672,199360512,0.852783,0,0,21.3275,0.992067,15.0909,16.3511,3.92683,0.323583,0.0148112
48696,199458816,0.856099,0,0,22.3717,1.01075,15.4526,16.3769,3.6887,0.315535,0.014506
48720,199557120,0.857635,0,0,21.1918,0.937035,14.7792,16.045,4.27458,0.319512,0.0145264
48744,199655424,0.859355,0,0,21.5584,0.948297,15.2352,16.1099,4.16423,0.295166,0.014679
48768,199753728,0.861023,0,0,20.2877,0.917947,13.4456,16.206,4.15448,0.308559,0.0146077
48792,199852032,0.864604,0.0112123,0,19.9327,0.903911,13.5894,16.2193,3.47691,0.296519,0.0144857
48816,199950336,0.866923,0,0,21.9624,0.988887,14.8558,16.1492,3.35195,0.323341,0.0142008
48840,200048640,0.870229,0,0,22.8849,0.984127,16.0014,16.4041,4.25963,0.31737,0.013682
48864,200146944,0.873606,0,0,21.4897,1.00359,14.8162,16.7188,3.9263,0.328161,0.0134888
48888,200245248,0.87617,0,0,22.7588,0.93339,16.289,16.3106,5.06303,0.305778,0.013682
48912,200343552,0.877167,0,0,21.483,1.02689,15.2451,16.135,3.53734,0.330705,0.0140483
48936,200441856,0.88033,0,0,20.9421,1.07869,14.5656,16.7311,4.51554,0.310349,0.0148112
48960,200540160,0.882324,0,0,20.1926,0.940717,13.3607,16.2535,5.96755,0.303875,0.0149231
48984,200638464,0.884308,0,0,22.0921,1.00984,15.2467,16.241,4.5798,0.337967,0.0151265
49008,200736768,0.886342,0.0030831,0,21.5199,0.932217,15.1124,16.1975,4.08071,0.310539,0.0145264
49032,200835072,0.889313,0,0,22.2166,1.00739,15.5093,16.5849,4.04382,0.308162,0.01474
49056,200933376,0.891439,0.00559019,0,21.8767,0.979522,15.1853,16.333,5.15669,0.324083,0.0154419
49080,201031680,0.89328,0,0,20.6333,0.975873,15.1688,16.3229,2.78449,0.296505,0.0156657
49104,201129984,0.895935,0,0,20.584,0.968466,14.3636,16.3715,6.78448,0.313777,0.0158997
49128,201228288,0.899668,0,0,20.249,0.995527,14.033,16.293,5.51196,0.333538,0.0155131
49152,201326592,0.902262,0,0,20.4324,0.997543,14.1063,16.5526,4.64931,0.294697,0.0153097
49176,201424896,0.904236,0,0,20.5521,0.990902,14.1256,16.3156,3.1766,0.298366,0.0152791
49200,201523200,0.906464,0,0,20.4352,0.930206,14.1718,16.3691,4.6727,0.30153,0.0155233
49224,201621504,0.908671,0,0,21.1219,0.947509,14.8672,16.1653,4.1046,0.301113,0.0164286
49248,201719808,0.910268,0,0,21.7663,0.939559,14.6356,16.3627,3.57348,0.318976,0.0170695
49272,201818112,0.91448,0,0,21.6265,0.985339,14.6967,16.0901,4.06282,0.335749,0.0165914
49296,201916416,0.917175,0,0,19.8078,0.963607,13.9188,16.2572,3.24776,0.322397,0.0161947
49320,202014720,0.920898,0,0,21.2939,0.950446,14.6776,16.3444,4.47388,0.307567,0.015625
49344,202113024,0.9245,0,0,21.9662,1.00382,15.111,16.183,3.53443,0.315685,0.0154012
49368,202211328,0.926788,0,0,21.1537,0.972096,14.6329,16.5691,4.86083,0.324939,0.0157572
49392,202309632,0.930054,0,0,20.6046,0.935065,13.9003,16.3368,6.01839,0.308535,0.0157369
49416,202407936,0.932912,0,0,21.2129,0.933767,14.9749,16.2684,3.03597,0.318927,0.0154317
49440,202506240,0.935537,0,0,22.455,0.915696,15.3492,16.1964,4.41251,0.31496,0.014974
49464,202604544,0.938039,0,0,20.1495,0.96971,13.0929,16.5076,3.53656,0.292306,0.015096
49488,202702848,0.942128,0,0,20.102,0.929106,13.5336,16.3078,4.12829,0.305468,0.0155538
49512,202801152,0.94516,0,0,20.7363,0.953339,14.228,16.4014,4.54605,0.292902,0.0163066
49536,202899456,0.948273,0,0,21.65,1.01413,14.7105,16.3019,3.80381,0.32391,0.0165914
49560,202997760,0.952291,0,0,21.8591,1.01248,14.629,16.3632,3.53497,0.307397,0.0160929
49584,203096064,0.956411,0,0,20.1932,0.9582,13.5083,16.5718,4.36398,0.307947,0.0162354
49608,203194368,0.961263,0,0,20.022,0.992107,13.668,16.2375,4.58761,0.343663,0.0163574
49632,203292672,0.966359,0,0,19.4094,0.946625,13.1456,15.9492,2.82479,0.299228,0.0162252
49656,203390976,0.969686,0,0,21.0173,0.98432,13.7668,16.3145,3.54339,0.303207,0.0161438
49680,203489280,0.973348,0,0,21.1078,0.972949,15.2136,16.2741,4.48965,0.303827,0.0164388
49704,203587584,0.977336,0,0,21.7964,0.93399,14.2812,16.489,4.3053,0.329247,0.0173238
49728,203685888,0.981049,0.00426331,0,20.1967,0.889604,13.2218,16.3601,5.3924,0.314196,0.0169881
49752,203784192,0.983541,0,0,20.1007,0.913019,13.1606,16.118,4.54791,0.317205,0.0173035
49776,203882496,0.986318,0,0,21.1142,0.989879,14.4198,16.5633,3.48999,0.325149,0.0172933
49800,203980800,0.989461,0,0,19.9851,0.950416,13.5817,16.49,5.08888,0.310759,0.0171509
49824,204079104,0.993062,0,0,21.9374,0.964685,15.1081,16.3016,3.32635,0.316672,0.0171712
49848,204177408,0.996094,0,0,21.7238,0.966429,14.7209,16.1788,4.67499,0.315924,0.0172017
49872,204275712,0.996694,0,0,20.0614,0.959735,13.3432,16.1109,5.52042,0.299368,0.0172729
49896,204374016,1.00072,0,0,20.1759,0.989236,13.2559,15.9346,4.37712,0.298419,0.0170593
49920,204472320,1.00422,0,0,19.4136,0.920763,13.692,16.1793,5.61412,0.299467,0.0162048
49944,204570624,1.00728,0,0,19.1953,0.948038,12.831,16.4824,4.63558,0.308063,0.0159302
49968,204668928,1.01217,0.0114629,0,20.4465,0.978119,13.9492,16.1841,6.18726,0.316076,0.0157979
49992,204767232,1.01556,0,0,20.9419,0.952056,14.0006,16.1941,5.15712,0.34552,0.0165202
50016,204865536,1.02018,0,0,20.4678,0.911531,14.0288,16.2716,5.3514,0.317521,0.0175171
50040,204963840,1.02262,0,0,20.6556,0.987526,14.2563,16.5555,5.12442,0.323566,0.0167643
50064,205062144,1.02485,0.00222387,0,21.5529,0.970163,14.6398,16.4434,3.74272,0.300696,0.0162964
50088,205160448,1.02584,0,0,19.9252,0.987773,13.0677,16.5948,3.93466,0.304439,0.0162354
50112,205258752,1.02926,0,0,19.6917,0.980638,13.0166,16.6098,6.67856,0.310407,0.0163574
50136,205357056,1.03323,0,0,20.4815,0.982192,13.6637,16.2954,5.65767,0.308331,0.0163879
50160,205455360,1.03661,0,0,19.4133,0.935332,12.4199,16.2429,4.69088,0.313678,0.016276
50184,205553664,1.03872,0,0,21.8558,0.987676,15.2763,16.3898,3.51119,0.299786,0.0161235
50208,205651968,1.04017,0,0,19.6522,0.961741,13.2869,16.2678,4.95249,0.315991,0.0156453
50232,205750272,1.04303,0,0,20.4793,0.914316,13.6446,16.1209,4.4541,0.300329,0.0149333
50256,205848576,1.04611,0,0,20.7046,0.948306,14.6984,16.4004,5.21703,0.311951,0.0148926
50280,205946880,1.04879,0,0,20.1709,0.949144,13.7223,16.2701,5.16367,0.332261,0.0148621
50304,206045184,1.05211,0,0,21.0552,1.01946,14.7452,16.4271,3.81826,0.310844,0.0154826
50328,206143488,1.05633,0,0,20.6433,0.965684,14.4064,16.2414,4.93325,0.333643,0.0156962
50352,206241792,1.05855,0,0,19.4281,0.930915,12.4669,16.3148,6.4452,0.302404,0.0159505
50376,206340096,1.06141,0,0,19.8674,1.01775,13.4046,16.2077,4.56214,0.308712,0.0157064
50400,206438400,1.06574,0,0,20.5429,1.03154,14.0864,16.544,4.27785,0.295405,0.0158895
50424,206536704,1.06761,0,0,20.7711,0.987762,14.2684,16.4287,4.56185,0.315933,0.016276
50448,206635008,1.0704,0,0,20.1401,0.975141,13.8359,16.614,5.07669,0.308107,0.0165609
50472,206733312,1.07334,0,0,20.7287,0.941455,13.5463,16.3286,4.31971,0.340342,0.0163269
50496,206831616,1.07778,0,0,19.6992,0.919267,13.1422,16.5452,4.8514,0.324315,0.0157471
50520,206929920,1.08163,0,0,20.0107,0.960781,13.2591,16.3811,5.10561,0.309737,0.0151367
50544,207028224,1.08566,0,0,21.0498,0.942724,14.0243,16.3904,4.29777,0.289517,0.0154724
50568,207126528,1.08847,0,0,21.8958,0.937256,15.4169,16.3898,3.74386,0.285648,0.0157064
50592,207224832,1.09121,0,0,20.1989,0.976454,13.6228,16.3682,5.31368,0.320219,0.0151978
50616,207323136,1.09419,0,0,19.4778,0.973516,13.2929,16.4389,5.36374,0.305701,0.0154317
50640,207421440,1.09823,0,0,21.6827,0.964903,14.9686,16.3741,3.9633,0.329496,0.0157572
50664,207519744,1.10145,0,0,20.4752,0.983122,14.0148,16.4209,3.83812,0.321632,0.0155029
50688,207618048,1.10606,0,0,19.3864,0.923692,13.3565,16.5595,6.1475,0.339102,0.015035
50712,207716352,1.10841,0,0,20.7997,0.939497,13.8201,16.2943,4.71009,0.30848,0.0143229
50736,207814656,1.10986,0,0,20.3424,0.896401,13.9519,16.3696,6.08108,0.301496,0.0141703
50760,207912960,1.11334,0,0,21.6747,0.97721,14.8939,16.3844,4.76445,0.332748,0.01415
50784,208011264,1.11654,0,0,19.6075,0.960897,13.2252,16.6502,6.20458,0.31702,0.0142314
50808,208109568,1.11922,0,0,20.7545,0.910105,13.9187,16.395,3.70341,0.330387,0.0145671
50832,208207872,1.12114,0,0,22.1374,0.96015,15.3284,16.5267,4.05236,0.333134,0.0144552
50856,208306176,1.12444,0,0,21.0709,0.922056,14.1912,16.5438,5.19762,0.301416,0.0143127
50880,208404480,1.12744,0,0,20.9712,0.98244,13.6379,16.3021,5.5139,0.310988,0.0139974
50904,208502784,1.13025,0,0,20.6691,0.871433,14.1294,16.2691,5.26266,0.287969,0.0141703
50928,208601088,1.13335,0,0,21.149,0.898742,15.012,16.6854,5.53163,0.330738,0.0144857
50952,208699392,1.1364,0,0,20.581,0.984711,13.729,16.8365,7.22784,0.332854,0.014506
50976,208797696,1.14135,0,0,21.2612,0.965801,14.7023,16.8281,5.34616,0.297911,0.0141907
51000,208896000,1.14603,0,0,22.1055,0.971538,15.0489,16.7024,4.12335,0.305499,0.0134074
51024,208994304,1.14901,0,0,19.2492,0.94407,13.1781,16.4236,6.3861,0.332248,0.0129293
51048,209092608,1.15097,0,0,21.8528,0.988443,15.2468,16.3596,5.99558,0.338677,0.013326
51072,209190912,1.15297,0,0,19.4319,0.987023,13.4483,16.811,4.71475,0.304567,0.0130819
51096,209289216,1.15587,0,0,21.2373,0.977025,14.3724,16.7171,5.79545,0.2902,0.013092
51120,209387520,1.15841,0,0,19.8858,0.955436,13.225,16.6195,6.23971,0.29826,0.0133565
51144,209485824,1.16248,0,0,21.4107,0.950779,14.6911,16.6297,5.58354,0.309902,0.0131938
51168,209584128,1.16551,0,0,19.7956,0.995995,14.0233,17.0021,5.46862,0.323175,0.0138855
51192,209682432,1.16998,0,0,20.9118,1.00194,13.894,17.2455,4.33503,0.325096,0.0139364
51216,209780736,1.1749,0,0,21.1595,0.907598,14.8241,16.7529,5.22303,0.307963,0.0141602
51240,209879040,1.17935,0,0,20.4298,0.962212,14.5482,16.9284,5.57214,0.333801,0.0137024
51264,209977344,1.18281,0,0,20.0473,0.900069,13.1491,16.556,4.60768,0.316896,0.0139567
51288,210075648,1.18643,0,0,21.2325,0.96654,14.7881,16.8207,6.7529,0.282148,0.0139364
51312,210173952,1.19079,0,0,21.854,0.995991,15.7108,16.8505,3.95522,0.297821,0.0137126
51336,210272256,1.19277,0,0,20.1232,0.930792,13.8234,17.0642,5.91223,0.314452,0.013855
51360,210370560,1.1966,0,0,21.0538,0.904711,14.4974,16.8671,7.12146,0.304659,0.0135295
51384,210468864,1.19725,0,0,19.7118,0.91795,13.3754,16.8254,7.12753,0.302572,0.0134684
51408,210567168,1.1991,0,0,20.215,0.885489,13.2789,16.9079,4.82288,0.325957,0.0136414
51432,210665472,1.20206,0,0,21.6624,0.917117,14.4246,16.757,5.67526,0.306385,0.0139262
51456,210763776,1.20462,0,0,19.8714,0.921472,13.4302,17.0008,6.15124,0.337681,0.0144857
51480,210862080,1.20809,0,0,19.8232,0.972714,13.1611,16.8332,4.25468,0.313456,0.0148926
51504,210960384,1.21098,0,0,20.7492,0.933816,14.2656,16.8311,5.24388,0.336929,0.0150045
51528,211058688,1.2141,0,0,20.5847,0.929837,14.1489,16.8618,6.37239,0.326621,0.0150655
51552,211156992,1.2172,0,0,20.4595,0.908708,13.7533,16.6754,4.84459,0.318855,0.0146383
51576,211255296,1.22017,0,0,20.5718,0.90329,14.3457,16.6285,5.87433,0.323248,0.0146383
51600,211353600,1.22311,0,0,20.9403,0.95724,15.0372,16.7689,6.90155,0.327457,0.0145976
51624,211451904,1.22431,0,0,20.3595,0.951925,14.0256,16.9293,4.63633,0.315156,0.014679
51648,211550208,1.22639,0,0,20.9682,0.930712,15.3138,16.8616,6.28007,0.304714,0.0144348
51672,211648512,1.22996,0.00775194,0,19.1575,0.914595,13.2919,16.9318,6.71487,0.291905,0.0145264
51696,211746816,1.2339,0,0,20.5296,0.949376,14.3127,16.6478,4.65377,0.317321,0.0146484
51720,211845120,1.23814,0,0,20.2282,0.904196,13.8885,16.663,7.00872,0.324818,0.0146281
51744,211943424,1.24181,0,0,20.2459,0.892816,13.7906,16.8779,7.12197,0.309498,0.0144958
51768,212041728,1.24556,0,0,20.7393,0.991295,14.3457,17.0766,5.60679,0.306924,0.0141602
51792,212140032,1.24888,0,0,20.0744,0.954728,13.9535,16.9869,5.94391,0.326896,0.0137329
51816,212238336,1.25128,0,0,18.9289,0.911871,12.5797,16.8889,4.21086,0.319614,0.0132853
51840,212336640,1.2535,0,0,20.6346,0.912637,13.9782,16.8833,6.11456,0.335865,0.0138245
51864,212434944,1.2567,0,0,18.7475,0.979733,12.44,17.0721,6.43713,0.336832,0.0141602
51888,212533248,1.2604,0,0,18.8947,0.913425,12.9028,16.807,4.50613,0.303462,0.0141907
51912,212631552,1.26361,0,0,19.7675,0.838951,13.3926,16.7946,6.94415,0.329381,0.0137533
51936,212729856,1.26668,0,0,20.8509,0.958022,14.3265,16.9136,5.94643,0.324678,0.0133972
51960,212828160,1.26768,0,0,18.7711,0.915642,12.532,16.9027,7.49414,0.34152,0.0136719
51984,212926464,1.26964,0,0,19.4688,0.954528,14.1029,16.8731,6.84646,0.313275,0.0137533
52008,213024768,1.27361,0,0,19.7436,0.972277,13.4702,16.8937,5.63052,0.303385,0.0142822
52032,213123072,1.27724,0,0,21.4604,0.958692,14.7099,17.0828,6.39118,0.315269,0.014384
52056,213221376,1.28077,0,0,20.1133,0.943243,13.6413,16.6011,5.65902,0.329017,0.0141602
52080,213319680,1.28366,0,0,20.9821,1.01721,14.363,17.1564,4.69223,0.299037,0.01415
52104,213417984,1.28698,0,0,19.3254,0.929177,13.2188,17.2192,7.70019,0.324204,0.0133667
52128,213516288,1.29161,0,0,20.746,0.985061,14.6917,16.8836,6.88552,0.334625,0.0130514
52152,213614592,1.29513,0,0,19.2354,0.895165,13.1336,16.7463,6.05455,0.313397,0.0127055
52176,213712896,1.29922,0,0,20.5488,0.921435,14.3592,16.5139,5.03723,0.316198,0.0123088
52200,213811200,1.30215,0,0,20.8926,0.923377,14.6379,16.7852,7.30112,0.311616,0.0116984
52224,213909504,1.30558,0,0,20.7725,0.940611,13.244,16.3854,5.92593,0.32608,0.0118815
52248,214007808,1.30742,0,0,20.5587,0.96973,13.9412,16.5981,6.19532,0.322786,0.0122681
52272,214106112,1.3104,0,0,20.4057,0.904285,13.7538,16.5429,6.39799,0.290216,0.0119731
52296,214204416,1.31344,0,0,19.7247,0.917842,13.7965,16.3612,5.28276,0.301445,0.0117798
52320,214302720,1.31533,0,0,19.9309,0.859969,13.5975,16.4474,6.04454,0.293596,0.0118408
52344,214401024,1.31837,0,0,20.9194,0.939501,15.0243,16.4411,6.87112,0.313483,0.0117391
52368,214499328,1.32052,0,0,21.7874,0.942918,14.6066,16.6433,8.38233,0.305712,0.0122884
52392,214597632,1.32506,0,0,20.2672,0.980926,14.1803,16.6008,6.38005,0.292898,0.0119527
52416,214695936,1.32902,0,0,21.118,0.917221,14.628,16.6441,5.68955,0.297841,0.0118713
52440,214794240,1.33258,0,0,20.1751,0.937945,13.8242,16.5224,6.35169,0.312236,0.0116069
52464,214892544,1.33765,0,0,19.5413,0.871695,13.0553,16.7599,5.57186,0.313269,0.0115865
52488,214990848,1.34259,0,0,19.7154,0.857555,12.8678,16.3765,6.75445,0.329421,0.0116882
52512,215089152,1.3454,0.00378501,0,19.6272,0.880835,12.9586,16.6206,6.29671,0.291087,0.0118001
52536,215187456,1.34923,0.00312867,0,20.9751,0.913053,14.6145,16.3334,4.77508,0.295839,0.0121053
52560,215285760,1.35263,0,0,22.102,0.939714,15.6899,16.4688,4.57206,0.318696,0.0118917
52584,215384064,1.35581,0,0,21.1332,0.95819,14.8428,16.6631,7.04371,0.321642,0.0117188
52608,215482368,1.35979,0,0,20.6255,0.931351,14.697,16.7667,7.08629,0.315492,0.0116475
52632,215580672,1.36308,0,0,20.3229,0.889822,13.9678,16.7592,5.86102,0.285741,0.0116679
52656,215678976,1.36533,0,0,19.2847,0.941071,13.2425,16.5773,5.75546,0.290605,0.0117188
52680,215777280,1.36724,0,0,19.4323,0.887895,13.2204,16.5802,5.97865,0.318272,0.0115153
52704,215875584,1.36937,0,0,20.66,0.913694,14.4129,16.4999,6.12317,0.319878,0.0114339
52728,215973888,1.37258,0,0,18.962,0.899527,12.6298,16.6768,6.16992,0.328807,0.0116679
52752,216072192,1.37625,0,0,21.3924,0.983945,14.0503,16.5035,5.93407,0.326164,0.0118713
52776,216170496,1.37795,0,0,18.7444,0.918578,12.3273,16.7029,7.30447,0.302516,0.0121155
52800,216268800,1.37966,0,0,20.2945,0.915269,13.8392,16.4925,5.83097,0.303444,0.0125427
52824,216367104,1.38343,0,0,20.7448,1.01905,13.7574,16.5755,5.11664,0.296505,0.0125732
52848,216465408,1.38599,0,0,20.0621,0.929542,13.5059,16.502,5.38367,0.305757,0.0123494
52872,216563712,1.38951,0,0,20.0001,0.968562,13.0833,16.8484,8.27308,0.299669,0.0121663
52896,216662016,1.3945,0,0,21.8497,0.931782,15.1576,16.6201,6.06001,0.310908,0.0123189
52920,216760320,1.3987,0,0,21.6402,0.955431,14.0071,16.6292,7.03446,0.309146,0.0129395
52944,216858624,1.40073,0,0,21.4693,0.934156,15.2021,16.5173,7.27642,0.299085,0.0125834
52968,216956928,1.4029,0,0,19.7481,0.967047,13.4455,16.5809,6.8602,0.328043,0.0122681
52992,217055232,1.4073,0.00223559,0,21.7032,0.877298,14.6583,16.1387,5.16954,0.301212,0.0120646
53016,217153536,1.40979,0,0,20.9018,0.916267,13.6832,16.6917,6.77818,0.305509,0.0117289
53040,217251840,1.41286,0,0,20.1298,0.910066,13.9083,16.4393,6.51741,0.293941,0.0115153
53064,217350144,1.41614,0,0,19.9377,0.912795,14.0476,16.576,5.9616,0.296541,0.0122681
53088,217448448,1.41832,0,0,20.6179,0.898824,14.4647,16.3472,7.35621,0.325089,0.0133362
53112,217546752,1.42149,0,0,19.6006,0.933739,13.213,16.515,7.56479,0.295046,0.0136719
53136,217645056,1.42553,0.0045584,0,19.2862,0.91946,12.7515,16.2505,7.96017,0.315869,0.013855
53160,217743360,1.42909,0,0,19.7325,0.825356,12.7109,16.4903,6.88772,0.312965,0.0141093
53184,217841664,1.43296,0,0,21.9702,0.895211,15.3635,16.479,5.66224,0.325962,0.0143331
53208,217939968,1.4358,0,0,20.9921,0.935018,14.1749,16.6667,7.10242,0.316577,0.0146383
53232,218038272,1.4391,0,0,19.974,0.906197,13.8495,16.5069,6.03577,0.312789,0.0146077
53256,218136576,1.4435,0,0,20.4638,0.942715,13.3841,16.4004,6.11143,0.322702,0.0147603
53280,218234880,1.44606,0,0,19.6476,0.960844,13.0974,16.5836,6.76251,0.310512,0.0146484
53304,218333184,1.44892,0,0,20.3529,0.983377,13.9864,16.5672,5.96367,0.302708,0.0143636
53328,218431488,1.45297,0,0,20.5484,0.878711,14.2592,16.4364,7.46628,0.328392,0.0145264
53352,218529792,1.45581,0,0,20.3328,0.92057,14.1017,16.335,7.8549,0.308368,0.0141602
53376,218628096,1.46038,0,0,20.7156,0.901163,14.1277,16.6543,6.6425,0.316469,0.0141296
53400,218726400,1.4654,0.0050003,0,20.563,0.952432,13.733,16.624,6.86032,0.321207,0.0142415
53424,218824704,1.46888,0,0,21.3759,0.925787,14.8275,16.5158,5.43074,0.306379,0.0141602
53448,218923008,1.47182,0,0,18.775,0.868522,12.17,16.4152,6.80173,0.310482,0.0139771
53472,219021312,1.47592,0,0,18.6543,0.898158,11.8259,16.457,7.21983,0.351423,0.0142721
53496,219119616,1.47963,0,0,20.4312,0.913083,13.6826,16.4764,5.92929,0.311816,0.0148417
53520,219217920,1.48286,0,0,20.4261,0.936307,13.7284,16.5337,6.43926,0.327604,0.0148214
53544,219316224,1.48633,0,0,20.1053,0.873411,13.696,16.5414,6.16308,0.299713,0.0148112
53568,219414528,1.49127,0.003653,0,19.5317,0.883958,13.2459,16.3773,4.7557,0.331835,0.0150248
53592,219512832,1.49363,0,0,20.3136,0.861703,13.6753,16.4271,8.53752,0.311588,0.0151367
53616,219611136,1.49648,0,0,20.9456,0.898106,14.3781,16.4953,6.55071,0.290954,0.0151774
53640,219709440,1.49882,0,0,20.8955,0.888719,14.718,16.3569,6.65695,0.313002,0.0158285
53664,219807744,1.50169,0,0,21.3347,0.91075,14.4728,16.3899,6.78237,0.318014,0.0162964
53688,219906048,1.5051,0,0,20.3378,0.846379,13.5405,16.238,6.46716,0.320359,0.0165304
53712,220004352,1.50831,0,0,21.2454,0.900386,14.8285,16.4997,7.27593,0.301823,0.016805
53736,220102656,1.51023,0,0,19.5487,0.85346,13.6249,16.42,9.0956,0.290693,0.0169779
53760,220200960,1.5123,0,0,21.8815,0.923585,14.6421,16.3622,6.68499,0.304543,0.0170085
53784,220299264,1.51278,0,0,20.4335,0.844344,14.327,16.2756,7.43921,0.318255,0.0172424
53808,220397568,1.51549,0,0,21.0222,0.894454,13.9694,16.1403,5.30946,0.31993,0.0175781
53832,220495872,1.51909,0,0,20.0012,0.928824,13.8097,16.4577,6.73155,0.314939,0.0173035
53856,220594176,1.52225,0,0,21.2177,0.932173,13.9789,16.5589,6.73852,0.321797,0.0171611
53880,220692480,1.52504,0,0,19.79,0.865936,13.7295,16.3608,7.78879,0.327122,0.017395
53904,220790784,1.52766,0,0,20.029,0.896345,13.0144,16.5244,7.10162,0.326168,0.0174764
53928,220889088,1.53025,0,0,21.1701,0.981898,14.1028,16.7546,7.81636,0.335668,0.0179443
53952,220987392,1.53419,0,0,19.6263,0.980767,13.1568,16.806,8.82685,0.325577,0.0185852
53976,221085696,1.53893,0,0,19.7268,0.916169,13.2574,16.5753,8.61311,0.344215,0.0186666
54000,221184000,1.54369,0,0,21.0348,0.880946,14.7305,16.3637,7.45953,0.292401,0.0192668
54024,221282304,1.54754,0,0,20.5639,0.9048,13.48,16.5955,9.05858,0.297905,0.0196431
54048,221380608,1.55028,0,0,20.4232,0.937975,14.0442,16.558,7.94084,0.331947,0.0201111
54072,221478912,1.55278,0,0,19.4593,0.908932,12.9316,16.665,7.16591,0.328454,0.0195007
54096,221577216,1.55422,0,0,21.1552,0.933423,15.0234,16.6691,6.7093,0.315478,0.0188395
54120,221675520,1.55562,0,0,20.6788,0.886838,14.0378,16.6232,8.8233,0.314532,0.019165
54144,221773824,1.55848,0,0,19.9425,0.963466,14.0698,16.6921,7.70458,0.316944,0.0190837
54168,221872128,1.5612,0,0,19.3343,0.922572,12.8944,16.5853,6.91558,0.328659,0.0190023
54192,221970432,1.56363,0,0,20.4838,0.914424,14.1252,16.4434,7.23339,0.312658,0.0186056
54216,222068736,1.56531,0,0,19.674,0.91454,13.5479,16.2278,6.37463,0.313958,0.0183919
54240,222167040,1.56959,0,0,20.2476,0.892169,14.2639,16.5384,6.99532,0.313417,0.0180155
54264,222265344,1.5738,0,0,19.3577,0.914352,13.0286,16.4819,7.11582,0.326758,0.0178223
54288,222363648,1.57612,0,0,22.0275,0.939714,15.6627,16.58,8.14463,0.304117,0.0179647
54312,222461952,1.57834,0,0,19.9387,0.952335,14.1053,16.6971,5.60124,0.30879,0.0181071
54336,222560256,1.58142,0,0,20.1979,0.868929,13.8736,16.3948,8.70768,0.31275,0.0186666
54360,222658560,1.58409,0,0,19.8,0.860285,13.2873,16.5988,7.02236,0.320034,0.0189921
54384,222756864,1.58678,0,0,20.7973,0.898475,14.1828,16.3552,7.78385,0.326841,0.0185954
54408,222855168,1.58811,0,0,19.7888,0.881004,13.4329,16.3935,5.63841,0.278028,0.0191243
54432,222953472,1.59168,0,0,19.858,0.940665,13.7467,16.7816,6.90928,0.320757,0.0190226
54456,223051776,1.59493,0,0,20.2406,0.862679,14.1458,16.1385,5.60687,0.332339,0.0190125
54480,223150080,1.59933,0,0,20.6753,0.900642,14.1758,16.3515,6.96919,0.298598,0.0187988
54504,223248384,1.6025,0,0,19.5797,0.924346,14.3016,16.4502,7.70257,0.31479,0.0182699
54528,223346688,1.60683,0,0,20.9103,0.937779,14.7704,16.8442,7.68102,0.325852,0.0179443
54552,223444992,1.61064,0,0,20.1762,0.927147,14.012,16.4237,7.03295,0.325795,0.0179443
54576,223543296,1.61435,0,0,19.2088,0.883738,12.4665,16.5214,7.38787,0.337617,0.0182393
54600,223641600,1.61709,0,0,18.8904,0.887152,12.4395,16.5806,9.18628,0.303636,0.0185649
54624,223739904,1.62327,0,0,20.7069,0.881077,14.7189,16.6129,6.2531,0.298775,0.0183512
54648,223838208,1.62606,0,0,20.2068,0.864129,13.7046,16.4867,7.04079,0.314848,0.0179443
54672,223936512,1.62912,0,0,20.7098,0.88493,14.3239,16.2205,8.93601,0.297085,0.0175069
54696,224034816,1.63055,0.00364634,0,20.3284,0.885516,13.5521,16.4712,7.14286,0.323331,0.017985
54720,224133120,1.63362,0,0,19.0379,0.889317,12.5757,16.4686,9.01764,0.317787,0.0184123
54744,224231424,1.63716,0.00469117,0,20.6047,0.912027,14.5449,16.5284,7.28094,0.289429,0.018514
54768,224329728,1.64055,0,0,18.7093,0.86238,11.8627,16.485,8.15675,0.308772,0.0183614
54792,224428032,1.64353,0,0,20.9738,0.880743,14.3292,16.2532,6.21192,0.299892,0.0183512
54816,224526336,1.64608,0,0,20.4919,0.878973,15.2176,16.4704,6.88756,0.300838,0.0186259
54840,224624640,1.65038,0,0,20.222,0.931377,13.5937,16.4244,7.24307,0.32476,0.0189718
54864,224722944,1.65382,0,0,20.3133,0.880968,13.1035,16.3054,8.61302,0.312768,0.0196635
54888,224821248,1.65621,0,0,20.0282,0.95002,14.1367,16.5022,6.72816,0.323329,0.0196025
54912,224919552,1.66133,0,0,20.9052,0.927697,15.0106,16.4312,8.51061,0.314562,0.0189107
54936,225017856,1.66461,0,0,20.1496,0.818801,13.3898,16.3457,7.51328,0.30529,0.0182597
54960,225116160,1.6686,0,0,20.1285,0.961914,13.5177,16.5192,10.0521,0.273272,0.0184021
54984,225214464,1.67341,0,0,20.6179,0.937619,13.8882,16.0772,6.99689,0.290487,0.0184835
55008,225312768,1.67575,0,0,20.1445,0.898714,13.8231,16.3698,8.48843,0.309804,0.0182597
55032,225411072,1.67942,0,0,19.1495,0.881613,13.0089,16.3938,8.27294,0.302245,0.0179749
55056,225509376,1.6834,0,0,18.2171,0.885973,12.2286,16.4019,8.81584,0.296281,0.0180664
55080,225607680,1.68697,0,0,20.2333,0.899176,13.5011,16.426,6.25354,0.300841,0.0184021
55104,225705984,1.69017,0.00676345,0,19.8118,0.893866,13.2538,16.3304,10.0451,0.300357,0.0186869
55128,225804288,1.69403,0,0,19.7727,0.912043,13.5532,16.4977,8.29115,0.306874,0.0188395
55152,225902592,1.69746,0,0,18.1387,0.871761,12.4449,16.1924,9.82351,0.285969,0.0190531
55176,226000896,1.70019,0,0,19.7278,0.924634,13.5497,16.3954,6.66794,0.326968,0.0192464
55200,226099200,1.70339,0,0,19.4735,0.918022,13.0448,16.4831,7.82834,0.299966,0.0198975
55224,226197504,1.70622,0.00348083,0,19.0837,0.875227,12.9437,16.2461,7.01288,0.309294,0.0203145
55248,226295808,1.7106,0,0,20.138,0.880444,14.0296,16.1032,6.67514,0.318096,0.0202128
55272,226394112,1.71336,0,0,18.9874,0.928154,12.3495,16.3673,8.63399,0.317509,0.0203857
55296,226492416,1.71686,0,0,20.4434,0.860569,14.3254,16.2018,7.002,0.312284,0.0207214
55320,226590720,1.72205,0,0,19.2553,0.853328,13.1437,16.104,7.13766,0.321017,0.0208842
55344,226689024,1.72739,0,0,20.4432,0.932764,14.3629,16.4002,8.43823,0.337134,0.0203654
55368,226787328,1.73259,0,0,18.1829,0.845924,11.2108,16.3794,10.8382,0.325635,0.0208028
55392,226885632,1.73654,0,0,19.2926,0.894322,13.0656,16.1863,8.61958,0.306866,0.0207418
55416,226983936,1.74012,0.00866415,0,20.1741,0.875359,13.7878,16.1719,7.72098,0.28893,0.0205282
55440,227082240,1.74443,0,0,19.2682,0.932428,12.3897,16.8021,8.34434,0.308873,0.0211589
55464,227180544,1.7482,0,0,20.1536,0.923691,13.693,16.2998,8.68045,0.319649,0.0212708
55488,227278848,1.75286,0,0,19.9995,0.896089,13.7928,16.4068,8.651,0.324275,0.0212606
55512,227377152,1.75803,0,0,19.4049,0.932723,13.2487,16.5948,8.3696,0.322101,0.0211792
55536,227475456,1.76203,0,0,18.684,0.894089,12.4676,16.1885,8.03588,0.319631,0.0212301
55560,227573760,1.76742,0,0,20.2316,0.8656,13.6941,15.905,6.27845,0.313874,0.0212809
55584,227672064,1.76996,0,0,17.8677,0.894759,11.6265,16.3611,8.91893,0.30902,0.0210571
55608,227770368,1.77252,0.00284738,0,18.988,0.854766,12.7096,16.2441,8.42651,0.326729,0.0208842
55632,227868672,1.77712,0,0,19.5356,0.872714,13.3794,15.9406,6.60752,0.315433,0.0209859
55656,227966976,1.77966,0,0,19.1748,0.963699,12.701,16.5159,9.21789,0.311663,0.0213114
55680,228065280,1.78369,0,0,19.7604,0.863235,13.0204,15.9105,8.9329,0.298353,0.0212606
55704,228163584,1.78885,0,0,19.3232,0.880142,13.1362,16.0972,8.86814,0.296956,0.0203756
55728,228261888,1.79321,0,0,19.162,0.903869,12.95,16.364,10.0361,0.311881,0.0198466
55752,228360192,1.79619,0,0,20.1894,0.900592,13.8083,16.1988,6.75007,0.300473,0.0201619
55776,228458496,1.79929,0,0,20.8419,0.874168,14.6594,16.2454,7.9941,0.331956,0.0202433
55800,228556800,1.80452,0,0,19.3409,0.953664,13.3232,16.1642,7.79096,0.297686,0.0196635
55824,228655104,1.81079,0,0,20.5823,0.894775,14.0584,16.2793,7.2835,0.30554,0.0190938
55848,228753408,1.81389,0,0,18.2223,0.842778,12.9122,16.2113,7.6241,0.321938,0.0188599
55872,228851712,1.81872,0,0,18.9009,0.863763,12.9008,16.1416,10.0735,0.32855,0.0181274
55896,228950016,1.82463,0,0,18.7919,0.856735,12.5328,16.1096,8.30583,0.310818,0.0178223
55920,229048320,1.83058,0,0,19.4333,0.892674,13.1782,16.3916,10.7382,0.319516,0.0181274
55944,229146624,1.83334,0,0,19.5977,0.852674,12.2665,16.461,8.78688,0.319217,0.0179545
55968,229244928,1.83495,0,0,19.2595,0.873776,13.327,16.5529,9.75064,0.310273,0.0177612
55992,229343232,1.84007,0,0,20.2977,0.901914,13.4053,15.8719,7.47966,0.307137,0.0171611
56016,229441536,1.8459,0,0,18.2423,0.86362,11.6187,16.2164,9.56851,0.311558,0.0167643
56040,229539840,1.84947,0,0,18.608,0.893842,12.229,16.1114,9.32796,0.306385,0.0165202
56064,229638144,1.85475,0,0,19.2657,0.932435,12.8043,16.2004,8.41433,0.291305,0.0156657
56088,229736448,1.85911,0,0,20.0733,0.94839,14.1997,16.2589,7.79402,0.31005,0.0153605
56112,229834752,1.86335,0,0,19.9232,0.874698,13.3425,16.2578,8.69982,0.311235,0.0148112
56136,229933056,1.86732,0,0,19.5689,0.917316,12.8518,16.2024,9.03082,0.331954,0.0151571
56160,230031360,1.87128,0,0,18.0113,0.917189,11.7958,16.2775,11.2441,0.314652,0.0151367
56184,230129664,1.87506,0,0,20.6397,0.931091,14.0773,16.4268,7.2894,0.310801,0.0147095
56208,230227968,1.87898,0,0,19.7618,0.859501,13.6568,15.9839,8.53471,0.299532,0.0142924
56232,230326272,1.88258,0.011295,0,19.0446,0.853248,12.6676,16.0321,7.59357,0.323025,0.013916
56256,230424576,1.88719,0,0,19.149,0.905289,12.9739,16.674,9.18893,0.315631,0.0138245
56280,230522880,1.89085,0.00589027,0,19.3133,0.890701,12.7801,16.2306,7.60651,0.313784,0.0138143
56304,230621184,1.89528,0,0,20.7129,0.88704,14.4675,16.0193,7.01267,0.306322,0.0134786
56328,230719488,1.89936,0,0,19.7088,0.842896,13.1096,16.264,7.91022,0.312759,0.0141195
56352,230817792,1.90317,0,0,20.0704,0.855988,12.7524,15.9528,10.6368,0.314526,0.014211
56376,230916096,1.90684,0,0,18.3266,0.897514,12.185,16.3655,9.35763,0.311331,0.0140279
56400,231014400,1.91152,0,0,18.5496,0.893334,12.3846,16.424,9.06885,0.333966,0.0140381
56424,231112704,1.91636,0,0,19.559,0.866093,13.1541,16.0904,7.79011,0.317092,0.0137431
56448,231211008,1.91971,0.00680272,0,19.22,0.896573,12.8052,16.2953,9.63442,0.289668,0.0130208
56472,231309312,1.92503,0,0,19.2775,0.908584,12.6284,16.4276,10.311,0.336305,0.012441
56496,231407616,1.92967,0,0,19.1396,0.847618,12.523,16.2235,8.82836,0.298913,0.0127055
56520,231505920,1.93373,0.00234306,0,19.8308,0.917695,13.4871,16.4797,8.79145,0.294279,0.0128886
56544,231604224,1.93966,0,0,20.186,0.860163,13.9025,16.0112,7.77635,0.335453,0.0133362
56568,231702528,1.94463,0,0,19.8417,0.853226,13.3045,16.1523,7.03594,0.303694,0.0139771
56592,231800832,1.94942,0,0,19.1021,0.831566,13.1154,16.4083,10.8697,0.335264,0.0138957
56616,231899136,1.95326,0,0,20.0202,0.908089,13.4441,16.4934,7.26241,0.32475,0.0143636
56640,231997440,1.95756,0,0,19.0665,0.859578,12.729,16.4895,7.84744,0.292656,0.0139465
56664,232095744,1.96182,0,0,19.2437,0.863086,12.6341,16.5106,8.29967,0.326696,0.0142212
56688,232194048,1.96509,0.00719844,0,18.5142,0.864157,12.1179,16.5611,9.52914,0.318104,0.0151367
56712,232292352,1.96815,0,0,19.0866,0.878942,11.8619,16.6254,9.76171,0.313141,0.0162659
56736,232390656,1.9722,0,0,20.0729,0.931008,13.3094,16.4759,12.032,0.326144,0.01592
56760,232488960,1.97637,0,0,20.1744,0.890018,13.5388,16.4277,9.61689,0.309412,0.0153605
56784,232587264,1.97994,0,0,20.6094,0.85187,13.8367,16.5377,10.2823,0.326214,0.0162455
56808,232685568,1.98336,0,0,20.8233,0.876639,14.3269,16.4628,7.46232,0.324059,0.0169779
56832,232783872,1.98803,0,0,19.8902,0.892344,13.7597,16.4345,9.15414,0.31933,0.0167643
56856,232882176,1.99188,0,0,19.7896,0.905688,12.8854,16.6452,8.87886,0.312023,0.0170288
56880,232980480,1.99588,0,0,18.4646,0.888935,12.3999,16.5351,10.1082,0.307479,0.0168457
56904,233078784,1.99913,0,0,20.9375,0.905522,14.3166,16.6921,7.6485,0.31751,0.0171
56928,233177088,2.00157,0,0,19.8135,0.882665,13.0175,16.4002,8.9119,0.329456,0.0171407
56952,233275392,2.00486,0,0,18.5937,0.862907,12.2213,16.5418,10.8484,0.318225,0.0166219
56976,233373696,2.00907,0,0,19.7673,0.840029,13.0625,16.0994,8.92316,0.340094,0.0165405
57000,233472000,2.01276,0.00397096,0,18.5377,0.868767,11.8182,16.5201,8.86195,0.338793,0.0170186
57024,233570304,2.01827,0.00455581,0,18.1367,0.860731,12.1005,16.8217,12.0959,0.299654,0.0175273
57048,233668608,2.02309,0.00331532,0,19.3796,0.867895,12.6846,16.6042,10.9092,0.330567,0.0178121
57072,233766912,2.02768,0,0,18.7632,0.878768,13.4103,16.6283,10.4888,0.316018,0.0177612
57096,233865216,2.03267,0.00768555,0,19.2999,0.861794,12.6961,16.6561,8.8496,0.315284,0.0177002
57120,233963520,2.03639,0,0,19.7437,0.889008,13.3855,16.832,12.4673,0.312046,0.0179342
57144,234061824,2.04139,0,0,19.3736,0.833834,13.49,16.0641,9.28508,0.327151,0.017334
57168,234160128,2.04702,0,0,19.7556,0.852772,12.9555,16.5791,11.076,0.338147,0.017334
57192,234258432,2.0512,0,0,19.0727,0.888531,12.9848,16.8166,9.46847,0.320839,0.0169576
57216,234356736,2.05666,0.00802108,0,19.2796,0.859375,13.4113,16.3982,8.41681,0.315624,0.0171916
57240,234455040,2.06396,0,0,20.7832,0.922158,13.4685,16.4119,9.53976,0.304349,0.0177409
57264,234553344,2.06786,0,0,19.4041,0.874285,12.8092,16.4264,9.78209,0.311315,0.0177917
57288,234651648,2.07032,0,0,18.7783,0.86862,12.5383,16.5491,9.07679,0.327967,0.0181681
57312,234749952,2.07536,0,0,18.9516,0.880991,12.6489,16.1915,8.03481,0.314839,0.0179138
57336,234848256,2.07912,0,0,20.2697,0.851544,13.6561,16.4897,9.52676,0.344398,0.0171
57360,234946560,2.08495,0,0,17.5378,0.867157,11.1343,16.2849,12.2353,0.326668,0.0171305
57384,235044864,2.0895,0,0,19.1162,0.901507,12.9246,16.5378,10.8177,0.335343,0.0171407
57408,235143168,2.0949,0,0,19.6983,0.889762,13.6578,16.3488,7.69082,0.319631,0.0170898
57432,235241472,2.09821,0,0,19.4558,0.904554,12.8288,16.7226,9.60251,0.321295,0.0168966
57456,235339776,2.10179,0,0,17.967,0.819386,11.4197,16.2713,9.52495,0.308637,0.0168457
57480,235438080,2.10594,0,0,19.1886,0.802708,13.0898,16.1185,9.40325,0.331649,0.0166016
57504,235536384,2.11172,0,0,19.905,0.882835,13.0891,16.2492,10.0672,0.3071,0.0166728
57528,235634688,2.11633,0,0,19.15,0.875343,13.2248,16.1164,9.62475,0.30671,0.0166626
57552,235732992,2.12118,0,0,20.3371,0.912647,13.1227,16.3895,6.25608,0.315092,0.0163981
57576,235831296,2.12538,0,0,19.6352,0.868523,12.7013,16.1205,9.71265,0.319777,0.0166728
57600,235929600,2.13038,0,0,20.2772,0.786993,13.2654,16.3902,11.2009,0.338142,0.0171712
57624,236027904,2.13366,0,0,18.923,0.848311,12.5582,16.4238,8.45672,0.315509,0.0169474
57648,236126208,2.13773,0,0,19.5383,0.866177,13.0502,16.6164,9.9849,0.321402,0.0173238
57672,236224512,2.14221,0.00802246,0.0659755,18.5708,0.850936,12.4954,16.1387,9.91726,0.318473,0.01651
57696,236322816,2.1474,0,0,18.3382,0.865788,11.8911,16.0171,9.0463,0.300992,0.0158183
57720,236421120,2.1544,0.00573896,0,18.8395,0.854315,12.5201,16.3288,11.5024,0.309352,0.0150146
57744,236519424,2.15962,0,0,18.5806,0.945414,12.2178,16.2457,9.56554,0.305068,0.0152893
57768,236617728,2.16685,0.00284522,0,18.1534,0.838997,11.9634,16.4976,11.2134,0.329388,0.0150452
57792,236716032,2.17311,0.00396983,0,19.1593,0.830604,12.8734,16.2081,8.82597,0.293019,0.0141093
57816,236814336,2.17703,0.00223735,0,20.6099,0.828435,13.5137,16.0573,9.15264,0.306274,0.013916
57840,236912640,2.17912,0.00595964,0,19.4797,0.86126,13.2116,15.9934,8.69101,0.327385,0.0140279
57864,237010944,2.18382,0,0,17.8292,0.912643,12.684,16.4056,10.2695,0.335739,0.013916
57888,237109248,2.18805,0,0,17.8156,0.890572,11.4353,16.4931,10.2344,0.308448,0.0142415
57912,237207552,2.19155,0.00375184,0,20.0222,0.810492,12.6311,16.4246,10.3545,0.301026,0.0142415
57936,237305856,2.19591,0,0,20.1021,0.915638,13.8845,16.0033,9.62589,0.321194,0.0144552
57960,237404160,2.20107,0.00373333,0,17.1195,0.847309,10.5832,16.6455,14.1631,0.307105,0.0147502
57984,237502464,2.20528,0.00525026,0,19.1879,0.851593,13.0528,15.9412,9.46779,0.314323,0.0147502
58008,237600768,2.20964,0.00232487,0,19.5229,0.857426,12.8877,16.1501,12.3047,0.313479,0.0140177
58032,237699072,2.21388,0.00355348,0,19.4216,0.899989,12.7473,16.4226,11.0826,0.312241,0.0134277
58056,237797376,2.21884,0.00688812,0,18.9855,0.837976,12.8842,16.2359,10.0494,0.311938,0.0132446
58080,237895680,2.22365,0,0,17.9069,0.894329,11.8288,16.1747,10.9636,0.312251,0.0135193
58104,237993984,2.2293,0,0,18.6698,0.83695,12.5231,15.8573,11.8484,0.312336,0.0133667
58128,238092288,2.23403,0.00377054,0,18.0175,0.875931,11.773,16.1896,10.243,0.313695,0.0128682
58152,238190592,2.23882,0.00448982,0,17.9576,0.839874,12.164,16.3329,12.0969,0.316284,0.0126953
58176,238288896,2.24388,0.00570033,0,19.2362,0.858442,12.5602,16.3054,9.60532,0.318134,0.0129293
58200,238387200,2.24807,0,0,20.1276,0.949389,12.9148,16.584,10.5365,0.335412,0.013326
58224,238485504,2.25146,0,0,17.894,0.855375,11.3796,16.0489,10.4088,0.321802,0.013265
58248,238583808,2.25689,0,0,18.5358,0.89297,12.2723,16.0708,11.1268,0.318205,0.0129395
58272,238682112,2.26117,0,0,19.2136,0.832344,13.5386,15.9969,12.0424,0.321123,0.0127869
58296,238780416,2.26447,0.00580239,0,19.0843,0.905606,13.2616,16.1257,9.92545,0.308282,0.012207
58320,238878720,2.26775,0,0,18.7387,0.876467,11.4973,16.0136,9.46748,0.327863,0.0124613
58344,238977024,2.27298,0.0131969,0,18.7197,0.890759,12.7701,16.1337,11.3739,0.301091,0.0130412
58368,239075328,2.27887,0,0,19.0581,0.908688,12.0225,16.3437,11.1875,0.339761,0.0127462
58392,239173632,2.28214,0,0,18.7643,0.79589,12.8397,16.2037,11.0001,0.307971,0.0127157
58416,239271936,2.28609,0,0,18.784,0.792416,12.8252,15.9799,10.1196,0.309909,0.0127462
58440,239370240,2.29067,0,0,20.6524,0.911165,13.6277,16.4138,11.7227,0.317461,0.0132243
58464,239468544,2.29714,0,0,19.239,0.852538,12.4229,15.9401,10.4894,0.316153,0.013916
58488,239566848,2.30324,0,0,17.6679,0.773066,11.3189,15.808,10.7962,0.330778,0.013916
58512,239665152,2.3065,0.0049647,0,19.7323,0.876472,13.4562,16.164,9.70043,0.321556,0.0138143
58536,239763456,2.30999,0,0,19.0795,0.857297,12.8765,16.105,10.2902,0.31703,0.0135193
58560,239861760,2.31557,0,0,20.3628,0.848856,12.6806,15.8212,8.58864,0.303672,0.0130717
58584,239960064,2.32263,0,0,18.7128,0.822158,12.2231,16.3079,13.9413,0.308005,0.0120341
58608,240058368,2.32661,0,0,18.4248,0.835874,12.3946,15.9986,11.343,0.342264,0.0116069
58632,240156672,2.33259,0,0,19.3997,0.864663,12.979,16.1868,7.79967,0.330078,0.0114441
58656,240254976,2.33778,0,0,18.67,0.925668,12.6305,16.2209,10.6457,0.299733,0.0111186
58680,240353280,2.3413,0,0,19.1013,0.861824,13.0057,16.3548,11.9985,0.318829,0.0113729
58704,240451584,2.34584,0,0,18.5865,0.898762,12.5826,16.1989,11.4514,0.328497,0.0116069
58728,240549888,2.35175,0,0,17.637,0.833963,11.3933,16.1317,10.8969,0.318965,0.012207
58752,240648192,2.35715,0,0,18.7418,0.862084,12.6037,16.3249,11.8235,0.328694,0.0119425
58776,240746496,2.3609,0.00616487,0,18.7281,0.889686,11.975,16.5072,13.4906,0.30682,0.0121765
58800,240844800,2.3644,0,0,18.9407,0.829515,12.4255,16.3326,10.75,0.314466,0.0123393
58824,240943104,2.37026,0.00675889,0,18.8347,0.847511,12.8275,16.3266,9.87725,0.313902,0.0122579
58848,241041408,2.3758,0,0,18.8711,0.894034,12.4343,16.3574,9.63574,0.313378,0.0120138
58872,241139712,2.37844,0,0,18.3884,0.842532,11.7676,16.5575,13.996,0.308443,0.0124003
58896,241238016,2.38172,0.00376572,0.0393983,17.8942,0.824362,11.4362,16.2142,8.35271,0.334042,0.0119731
58920,241336320,2.38637,0,0,18.5443,0.91216,12.5766,16.1415,13.8589,0.286399,0.0115458
58944,241434624,2.39116,0,0,18.8947,0.81147,12.6681,16.2263,11.7048,0.329761,0.0112
58968,241532928,2.39519,0,0,18.0145,0.852765,12.5417,16.6374,12.4131,0.334541,0.0108541
58992,241631232,2.40002,0,0,19.2576,0.87218,12.8243,15.9884,10.6207,0.328793,0.010793
59016,241729536,2.405,0,0,19.6938,0.837445,13.8514,16.3455,10.7213,0.350773,0.0109863
59040,241827840,2.41239,0.0037816,0,18.9785,0.886705,12.2339,16.7513,13.5884,0.302164,0.0108948
59064,241926144,2.41537,0,0,17.0436,0.839484,11.1477,16.3254,11.0872,0.303006,0.0113525
59088,242024448,2.42112,0,0,19.6797,0.886865,13.5516,16.371,10.4947,0.303805,0.0113017
59112,242122752,2.42747,0,0,19.6329,0.868427,13.1989,16.4161,11.8504,0.304366,0.0112305
59136,242221056,2.43183,0,0,18.9133,0.880453,12.6087,16.6081,12.2319,0.304537,0.0112305
59160,242319360,2.43383,0,0,19.5306,0.823707,13.0993,16.3071,12.8262,0.324766,0.0112305
59184,242417664,2.43981,0.00297907,0,18.6713,0.847136,12.5514,16.3079,10.0086,0.31402,0.0107218
59208,242515968,2.44456,0.00186996,0,19.6685,0.833075,13.1022,16.5325,13.0843,0.312991,0.0099589
59232,242614272,2.44884,0.00439503,0,19.0486,0.878522,12.6876,16.3045,10.3851,0.300811,0.00976562
59256,242712576,2.45473,0,0,18.0194,0.884675,11.8313,16.5422,12.008,0.335954,0.00976562
59280,242810880,2.45955,0.00610478,0,17.4916,0.834055,11.6091,16.2012,12.0221,0.321645,0.00959269
59304,242909184,2.46495,0,0,18.9381,0.883005,12.5537,16.305,9.24185,0.318891,0.00952148
59328,243007488,2.47132,0,0,18.9297,0.863045,12.4694,16.3522,13.1585,0.331993,0.00897217
59352,243105792,2.47781,0,0,17.3487,0.880607,11.0767,16.271,14.3437,0.315487,0.00837199
59376,243204096,2.48269,0,0,17.7281,0.855944,11.3001,16.8929,13.6968,0.304647,0.00865682
59400,243302400,2.489,0,0,17.9001,0.855747,11.8144,16.1321,10.6499,0.327973,0.00841268
59424,243400704,2.49345,0,0,18.9506,0.866095,12.82,16.1522,9.78565,0.304104,0.00829061
59448,243499008,2.49802,0,0,18.6654,0.895467,12.1577,16.5816,12.3788,0.318857,0.00776164
59472,243597312,2.50219,0.0106383,0,19.272,0.899754,12.8018,17.1475,14.0943,0.308895,0.00733439
59496,243695616,2.50611,0,0,18.2477,0.832298,12.0807,16.6227,14.3092,0.301988,0.00739543
59520,243793920,2.5093,0,0,18.4823,0.866484,12.4196,16.4874,12.5979,0.301687,0.00710042
59544,243892224,2.51384,0,0,19.0805,0.88733,12.512,16.1165,9.57967,0.299371,0.00708008
59568,243990528,2.51957,0,0,18.6001,0.846688,12.7701,16.3656,10.5809,0.29612,0.00708008
59592,244088832,2.5242,0.00391565,0,18.172,0.872646,12.0003,16.6741,11.9574,0.320926,0.00696818
59616,244187136,2.52901,0,0,17.9438,0.892519,11.1836,16.5883,11.9886,0.309529,0.00683594
59640,244285440,2.5344,0,0,19.2829,0.894734,12.6823,16.5382,10.5027,0.314302,0.00668335
59664,244383744,2.53957,0,0,18.8131,0.881787,12.863,16.3731,10.6593,0.301584,0.00634766
59688,244482048,2.54338,0.0109091,0,17.7158,0.814376,11.485,16.444,12.9941,0.299251,0.00642904
59712,244580352,2.54761,0,0,17.966,0.822363,11.7371,16.4657,13.5559,0.334417,0.00572713
59736,244678656,2.55257,0,0,19.4764,0.863726,12.6408,16.5936,12.4713,0.278132,0.00531006
59760,244776960,2.55731,0,0,17.9257,0.86084,11.5766,16.8539,12.6565,0.287628,0.00537109
59784,244875264,2.56212,0.00440875,0,18.881,0.882302,12.1931,16.8686,14.0622,0.314908,0.00561523
59808,244973568,2.56775,0.00817232,0,17.8386,0.883616,11.5437,16.966,9.46856,0.323949,0.00567627
59832,245071872,2.57514,0.00383906,0,18.8019,0.888577,12.7023,16.6865,11.0722,0.311201,0.00570679
59856,245170176,2.58023,0,0,17.1233,0.775462,11.1763,16.6067,11.8505,0.326399,0.00540161
59880,245268480,2.58572,0,0,17.9696,0.860741,11.8461,16.5436,12.607,0.316341,0.00543213
59904,245366784,2.59069,0,0,19.2925,0.964301,12.9068,16.652,13.5125,0.333257,0.00595093
59928,245465088,2.59529,0,0,18.0904,0.839416,12.0911,16.6219,11.1405,0.335762,0.00669352
59952,245563392,2.60253,0,0,18.7266,0.904641,11.6933,17.1493,13.9894,0.319251,0.00719198
59976,245661696,2.60837,0,0,18.7923,0.857248,11.9415,16.6796,11.2637,0.308228,0.00757853
60000,245760000,2.61401,0.00250604,0,18.1949,0.825177,12.0483,16.6136,11.3546,0.315023,0.00775146
60024,245858304,2.62082,0,0,18.5055,0.860637,11.7732,16.4633,13.1125,0.324188,0.00809733
60048,245956608,2.62706,0,0,18.5279,0.86935,12.6128,16.6154,13.2148,0.31999,0.00790405
60072,246054912,2.63214,0.00542467,0,16.6916,0.865914,10.7243,17.073,13.9989,0.296626,0.00778198
60096,246153216,2.63683,0.00502302,0,19.0737,0.902275,11.8501,16.5071,9.85099,0.315771,0.0078125
60120,246251520,2.64238,0,0,18.4682,0.874601,12.2594,16.6935,15.2164,0.294562,0.0078125
60144,246349824,2.64953,0,0,16.4411,0.825488,10.1178,16.936,13.5725,0.327243,0.00794474
60168,246448128,2.65535,0,0,17.0304,0.890596,10.7496,16.7455,12.4785,0.303628,0.00841268
60192,246546432,2.65995,0,0,18.8299,0.875642,12.5491,16.7259,11.4049,0.326268,0.00854492
60216,246644736,2.66549,0.00398486,0,18.4895,0.853828,12.7237,16.8098,13.8642,0.286971,0.00854492
60240,246743040,2.67156,0,0,17.9584,0.88057,12.2592,16.7708,12.5371,0.33453,0.00876872
60264,246841344,2.67727,0,0,18.2334,0.839062,11.8653,16.6359,11.6259,0.326899,0.00942993
60288,246939648,2.68148,0.0101892,0,17.7795,0.838731,11.5282,16.6764,11.9348,0.306827,0.0100098
60312,247037952,2.6867,0,0,18.464,0.837876,11.4494,16.5079,11.145,0.318898,0.0101318
60336,247136256,2.69351,0.00793066,0,17.0693,0.799129,10.9811,16.7002,14.5548,0.324467,0.0106608
60360,247234560,2.69917,0.00360008,0,17.9368,0.784615,12.0735,16.9512,14.6244,0.326815,0.0108439
60384,247332864,2.7041,0,0,18.6156,0.858314,12.0139,17.0144,13.7391,0.317501,0.0109863
60408,247431168,2.71125,0.00197109,0,19.2481,0.857043,12.647,16.7246,11.041,0.315541,0.0109558
60432,247529472,2.71771,0,0,16.7654,0.843322,10.5628,16.9298,14.9153,0.314113,0.0107422
60456,247627776,2.72423,0,0,17.6441,0.863887,11.4727,16.8647,13.2647,0.316979,0.0109355
60480,247726080,2.72937,0,0,17.5925,0.884953,11.6761,16.7281,13.296,0.302791,0.0108948
60504,247824384,2.7343,0,0,18.9696,0.878728,12.3467,16.8412,11.4471,0.312642,0.0107422
60528,247922688,2.73827,0,0,17.4204,0.805145,11.1933,16.6862,11.9244,0.331864,0.0109965
60552,248020992,2.74305,0,0,19.8008,0.934679,13.0841,16.7443,10.8611,0.322236,0.0112305
60576,248119296,2.74891,0,0,18.9405,0.840151,12.6428,16.9089,13.0143,0.309057,0.0112305
60600,248217600,2.75456,0.00729737,0,16.5248,0.828426,10.3194,16.7072,14.0017,0.302003,0.0112305
60624,248315904,2.7597,0.0267455,0.0856618,17.2105,0.850482,11.1264,16.7504,9.16069,0.302177,0.0112305
60648,248414208,2.76362,0.00716956,0,16.8011,0.84806,10.452,16.7764,12.5172,0.305532,0.0114644
60672,248512512,2.76938,0,0,17.3764,0.808843,10.965,16.8969,15.9153,0.330295,0.0115763
60696,248610816,2.77576,0.0224695,0,18.5264,0.837079,12.2006,16.7348,13.8757,0.293137,0.0115458
60720,248709120,2.782,0.00636595,0.037155,17.4678,0.810353,11.154,16.8046,14.8439,0.322492,0.0117289
60744,248807424,2.78891,0,0,17.5258,0.895641,11.2619,17.1892,17.2965,0.333774,0.0118917
60768,248905728,2.79307,0,0,17.7323,0.831523,11.3073,16.9526,15.1856,0.337842,0.0118612
60792,249004032,2.79843,0,0,17.7497,0.891456,11.4536,16.7362,12.5678,0.314929,0.0112508
60816,249102336,2.80437,0,0,17.7787,0.873273,11.6585,16.5039,12.794,0.311376,0.011027
60840,249200640,2.8112,0.0119604,0,18.999,0.8434,12.63,16.554,11.9738,0.318673,0.0109558
60864,249298944,2.8168,0.00591599,0,18.5726,0.834279,12.0536,16.9229,12.8848,0.31615,0.0110067
60888,249397248,2.82246,0.00346822,0,17.7506,0.852873,11.3205,16.5254,14.8512,0.322049,0.0110982
60912,249495552,2.82811,0,0,18.1725,0.839467,11.4892,16.5014,12.7927,0.320132,0.0105998
60936,249593856,2.83301,0.00337106,0,17.2769,0.832821,11.1391,16.5101,13.6662,0.322561,0.0101929
60960,249692160,2.83757,0.0122467,0,16.7934,0.849343,9.88607,16.5005,12.7016,0.32107,0.00982666
60984,249790464,2.84225,0,0,18.0048,0.79991,10.9525,16.4646,12.1269,0.329231,0.00948079
61008,249888768,2.84695,0,0,18.3742,0.853521,11.9818,16.2249,12.1268,0.321385,0.00928752
61032,249987072,2.8514,0,0,17.2303,0.856329,10.9216,16.2226,13.1409,0.310119,0.00891113
61056,250085376,2.85654,0,0,17.7677,0.831463,11.4292,16.6789,15.823,0.329512,0.00897217
61080,250183680,2.85969,0,0,17.5306,0.824154,11.3613,16.2889,11.9308,0.302034,0.00881958
61104,250281984,2.86592,0.0114149,0,16.89,0.829653,11.3075,16.4155,14.6663,0.324207,0.00887044
61128,250380288,2.87337,0.00419329,0,18.0484,0.870913,11.462,16.348,14.4936,0.309742,0.00916545
61152,250478592,2.87951,0,0,17.9911,0.825771,11.4403,16.674,13.5876,0.291941,0.00935872
61176,250576896,2.88451,0,0,18.397,0.844913,12.0169,16.419,13.0573,0.308261,0.00918579
61200,250675200,2.89144,0.00367661,0,18.246,0.816687,11.7022,16.4488,15.0774,0.321177,0.00927734
61224,250773504,2.89644,0.00460514,0,17.5536,0.845319,11.2799,16.1605,11.6407,0.297087,0.00945028
61248,250871808,2.90153,0.00411523,0,19.3015,0.813723,13.0512,16.3052,12.3141,0.315453,0.00939941
61272,250970112,2.90687,0,0,17.0316,0.784047,10.7695,16.3642,13.8088,0.328068,0.00935872
61296,251068416,2.91187,0,0,18.5578,0.825758,11.4732,16.233,11.081,0.316944,0.00948079
61320,251166720,2.91809,0,0,18.0602,0.80185,12.0538,16.3695,15.1143,0.310948,0.00930786
61344,251265024,2.92517,0,0,17.8946,0.817304,11.5352,16.1945,14.239,0.326236,0.00863647
61368,251363328,2.93222,0.00442198,0,17.434,0.851783,11.3566,16.7117,17.5378,0.307491,0.00837199
61392,251461632,2.93848,0.00357398,0,18.077,0.843934,11.349,16.2657,13.1839,0.30572,0.00852458
61416,251559936,2.94469,0,0,17.5191,0.812571,11.4589,16.4595,14.3849,0.328342,0.00879924
61440,251658240,2.95121,0,0,17.2897,0.885294,10.4407,16.6692,16.0854,0.309861,0.00927734
61464,251756544,2.95649,0,0,18.4875,0.833599,11.9118,16.4795,16.0843,0.308077,0.00971476
61488,251854848,2.96347,0,0,17.7504,0.869356,11.6935,16.803,16.3942,0.306178,0.00992839
61512,251953152,2.96874,0,0,18.0195,0.859378,11.3659,16.0649,12.8055,0.299722,0.0104574
61536,252051456,2.97218,0,0,18.3211,0.89946,11.9862,16.4677,14.028,0.317816,0.0105693
61560,252149760,2.97728,0,0,17.5974,0.852788,11.4313,16.1154,10.2992,0.307882,0.0107625
61584,252248064,2.9851,0,0,17.7566,0.852153,11.5753,16.35,15.1563,0.293976,0.0114441
61608,252346368,2.99223,0,0,18.6569,0.869678,12.0419,16.5863,12.7076,0.300957,0.0118917
61632,252444672,2.99929,0,0,18.2698,0.865469,11.4866,16.5093,13.5269,0.313479,0.0118917
61656,252542976,3.00589,0,0,18.3768,0.85972,12.496,16.4647,13.3456,0.301777,0.0121257
61680,252641280,3.01206,0.00849257,0,18.0329,0.881493,11.4595,16.4379,14.1299,0.31339,0.012207
61704,252739584,3.01656,0,0,17.4495,0.875154,11.2724,16.0984,13.58,0.325098,0.0121358
61728,252837888,3.0223,0,0,17.5325,0.857853,11.3487,16.4954,18.4789,0.31942,0.0122681
61752,252936192,3.03207,0,0,18.2494,0.863655,11.5044,16.1709,15.8687,0.348673,0.0121562
61776,253034496,3.03967,0,0,18.7928,0.880069,12.5089,16.5866,15.542,0.309933,0.0119629
61800,253132800,3.04532,0.00446915,0,17.5357,0.87377,11.1566,16.4213,13.4057,0.304626,0.0119629
61824,253231104,3.04976,0,0,18.1734,0.850064,11.9488,16.1534,12.4325,0.310659,0.0120036
61848,253329408,3.05472,0,0,17.393,0.845307,11.4632,16.3241,13.8677,0.313678,0.0125834
61872,253427712,3.0582,0,0,17.5548,0.856119,11.4959,16.5949,16.727,0.319587,0.0125631
61896,253526016,3.06238,0,0,18.8425,0.810841,12.4603,15.9812,10.1164,0.316326,0.0126038
61920,253624320,3.06609,0.00305002,0,16.8343,0.901168,10.3199,16.4927,14.7468,0.316573,0.0126851
61944,253722624,3.07088,0,0,17.3291,0.865875,11.4135,16.3121,15.7445,0.313228,0.012797
61968,253820928,3.07763,0,0,17.3991,0.869847,11.2982,16.8768,17.6346,0.328941,0.0129191
61992,253919232,3.08359,0,0,16.8995,0.917905,10.7215,16.7515,14.4968,0.305912,0.0129089
62016,254017536,3.08992,0,0,18.1074,0.92155,11.8738,16.4706,14.6361,0.345996,0.0132243
62040,254115840,3.09745,0,0,16.9284,0.897765,10.3954,16.1583,14.1405,0.312457,0.0138041
62064,254214144,3.10438,0.00228661,0,17.1617,0.833918,11.3738,16.2654,14.7098,0.331636,0.01415
62088,254312448,3.11029,0.0079232,0,18.6861,0.868119,11.7884,16.7485,12.6052,0.317786,0.0143433
62112,254410752,3.11499,0.0041791,0,18.3602,0.841231,12.7238,16.1305,13.3779,0.330726,0.0142415
62136,254509056,3.12043,0.00404371,0,16.7718,0.81458,10.6879,16.4644,17.5726,0.288861,0.0140686
62160,254607360,3.12637,0,0,17.3602,0.866817,10.7037,16.6299,16.8499,0.312394,0.0139465
62184,254705664,3.13273,0,0,16.7398,0.818338,10.3465,16.7747,15.5361,0.301773,0.0137329
62208,254803968,3.13815,0,0,17.0584,0.799796,11.1256,16.3855,14.3059,0.324761,0.0141805
62232,254902272,3.14434,0,0,18.0699,0.884921,11.8405,16.4424,13.0672,0.309312,0.0140584
62256,255000576,3.14953,0.00679711,0,17.1404,0.862221,11.4692,16.4314,15.2301,0.319098,0.013621
62280,255098880,3.1557,0,0,17.6735,0.863324,11.6291,16.5143,13.6811,0.297843,0.013031
62304,255197184,3.16251,0,0,19.1787,0.860582,12.6928,16.1495,11.0846,0.317605,0.0126953
62328,255295488,3.1691,0.00541516,0,18.3934,0.910128,12.9601,16.8298,17.4287,0.294059,0.0126953
62352,255393792,3.17457,0,0,17.2161,0.880972,11.1249,16.3893,16.775,0.307838,0.0129191
62376,255492096,3.18069,0.0221337,0,18.7083,0.851738,12.0675,16.6233,18.4645,0.321473,0.0130208
62400,255590400,3.18733,0,0,17.5083,0.819598,11.4695,16.9262,16.7173,0.310401,0.0128479
62424,255688704,3.1948,0,0,17.3067,0.85738,10.9062,16.578,14.7802,0.323533,0.0130208
62448,255787008,3.2004,0,0,17.606,0.896672,11.549,16.6709,18.1551,0.319943,0.0124919
62472,255885312,3.20671,0.00683293,0,18.0632,0.851221,12.6596,16.4735,15.666,0.324464,0.0124512
62496,255983616,3.21326,0,0,16.8785,0.865123,10.8943,16.3872,15.7839,0.290385,0.0123494
62520,256081920,3.21764,0,0,16.5652,0.845466,10.6998,16.584,13.746,0.327509,0.0117594
62544,256180224,3.2237,0,0,17.9584,0.825754,11.5993,16.5285,15.3364,0.293222,0.0117696
62568,256278528,3.23113,0.00249217,0,17.0367,0.843966,11.4122,16.6604,13.0557,0.306388,0.0115763
62592,256376832,3.23662,0,0,17.1616,0.838177,10.554,16.7551,17.5794,0.335872,0.0111287
62616,256475136,3.24178,0,0,18.0007,0.879213,11.7859,16.4016,15.8457,0.319854,0.0109863
62640,256573440,3.24867,0,0,16.2693,0.80069,10.1218,16.8707,16.2508,0.318726,0.0109355
62664,256671744,3.25545,0,0,17.6007,0.828052,11.5097,16.5649,15.4649,0.3192,0.0108744
62688,256770048,3.26067,0,0,17.5273,0.827969,11.1889,16.3825,16.0306,0.322427,0.0105896
62712,256868352,3.26773,0,0,18.4669,0.888773,12.1219,16.8359,16.8218,0.316951,0.0105693
62736,256966656,3.2753,0,0,17.9812,0.875001,11.9356,17.0506,16.634,0.299665,0.0109049
62760,257064960,3.28022,0,0,16.1794,0.887722,10.5085,17.0304,17.147,0.316381,0.0109863
62784,257163264,3.2855,0,0,16.9778,0.867227,10.9162,16.7447,16.5661,0.304706,0.011027
62808,257261568,3.29073,0,0,17.3701,0.806647,11.2407,16.7187,13.3549,0.315547,0.0111796
62832,257359872,3.29764,0.00386226,0,16.9839,0.87569,11.2862,16.7721,14.9363,0.319737,0.0109355
62856,257458176,3.30392,0.0103026,0,16.614,0.83381,10.7124,16.741,15.4015,0.316527,0.0103963
62880,257556480,3.30983,0,0,17.6113,0.817202,11.4686,16.7457,16.2049,0.327077,0.0101013
62904,257654784,3.31562,0,0,18.7067,0.863187,12.4891,16.4912,14.3386,0.301206,0.0100606
62928,257753088,3.3223,0,0,16.3072,0.815618,10.1548,16.6078,14.4365,0.295716,0.010376
62952,257851392,3.32709,0,0,18.1334,0.90887,11.6995,16.8975,19.9166,0.29149,0.0100199
62976,257949696,3.33353,0,0,17.3408,0.853188,10.9909,16.3753,13.9683,0.312356,0.0105591
63000,258048000,3.34075,0,0,17.8731,0.842252,11.3008,16.4861,15.7445,0.326061,0.0109762
63024,258146304,3.34714,0,0,16.9698,0.815218,11.0675,16.2908,14.6903,0.303311,0.0104574
63048,258244608,3.35408,0.0034136,0,17.1601,0.894579,11.1398,16.26,14.4947,0.311834,0.00991821
63072,258342912,3.35967,0,0,15.8859,0.797855,9.7041,16.8033,17.2717,0.304775,0.009257
63096,258441216,3.36471,0,0,17.3727,0.823859,11.3558,16.4448,16.0238,0.30443,0.0090332
63120,258539520,3.37211,0,0,17.084,0.852076,11.2111,16.5387,15.2443,0.31262,0.00899251
63144,258637824,3.37909,0,0,15.6832,0.824462,9.8261,16.351,14.827,0.285373,0.00892131
63168,258736128,3.38505,0.0248784,0,16.1952,0.799491,10.2431,17.0005,18.3708,0.327842,0.00908407
63192,258834432,3.39114,0,0,17.2519,0.849602,11.3162,16.4133,15.9275,0.31655,0.00951131
63216,258932736,3.39725,0,0,15.9354,0.842369,9.9865,16.7856,17.6618,0.312134,0.00912476
63240,259031040,3.40618,0,0,18.5127,0.799263,12.4336,16.1023,13.529,0.294629,0.0090332
63264,259129344,3.41288,0,0,17.6679,0.860576,11.4143,16.3979,15.8399,0.305198,0.0090332
63288,259227648,3.41965,0,0,17.5731,0.796247,11.3401,16.5352,17.0232,0.300023,0.0090332
63312,259325952,3.42518,0.00795116,0,19.6235,0.846114,13.1612,16.7735,14.4969,0.316741,0.00935872
63336,259424256,3.432,0,0,17.2755,0.857619,10.645,16.4423,17.0424,0.300041,0.00970459
63360,259522560,3.4395,0,0,16.7133,0.840655,10.8878,16.6941,18.0883,0.318834,0.00958252
63384,259620864,3.44614,0,0,17.7554,0.90794,11.6649,16.4556,16.769,0.303407,0.00965373
63408,259719168,3.4535,0,0,16.4344,0.817948,10.5036,16.4976,15.0995,0.320424,0.00967407
63432,259817472,3.46245,0,0,17.6864,0.819626,11.0846,16.4903,17.0758,0.325355,0.00930786
63456,259915776,3.46868,0.0157295,0,18.6215,0.877776,12.4117,16.8403,18.1183,0.323699,0.00949097
63480,260014080,3.47407,0,0,16.8985,0.783869,10.8846,16.4814,17.5786,0.300738,0.00997925
63504,260112384,3.48012,0,0,16.8953,0.799763,10.4543,16.2338,14.808,0.287012,0.0102946
63528,260210688,3.48625,0,0,16.4096,0.835682,10.3652,16.7383,16.0617,0.326313,0.0103556
63552,260308992,3.49299,0.00322363,0,17.0016,0.842182,11.3892,16.4585,13.8509,0.321964,0.010203
63576,260407296,3.49836,0,0,16.4415,0.822439,10.2754,16.7778,17.0645,0.309408,0.0100911
63600,260505600,3.50396,0.0167535,0,16.4905,0.815007,10.6293,16.8633,20.9507,0.309644,0.0100505
63624,260603904,3.50979,0,0,17.5606,0.825592,10.7597,16.4382,14.2993,0.331144,0.0102336
63648,260702208,3.51443,0,0,16.54,0.867226,10.0616,16.3111,15.5969,0.283279,0.0103963
63672,260800512,3.51929,0,0,16.4579,0.893009,9.91863,16.6871,17.8283,0.303747,0.0102539
63696,260898816,3.525,0,0,18.2653,0.810671,11.8133,16.7117,14.9932,0.327382,0.0104879
63720,260997120,3.53298,0,0,16.5728,0.844693,10.7182,16.6895,18.3531,0.305375,0.0105896
63744,261095424,3.54139,0,0,16.9909,0.830585,10.6612,17.0036,18.9019,0.292612,0.0100199
63768,261193728,3.55027,0,0,17.775,0.819527,11.2995,16.8333,17.5754,0.327616,0.0103251
63792,261292032,3.55857,0,0,17.4037,0.856717,11.2986,16.9294,17.2065,0.316031,0.0104777
63816,261390336,3.56643,0,0,16.2476,0.759867,10.6153,16.5221,14.7112,0.316582,0.0105896
63840,261488640,3.57095,0.00557187,0,17.1117,0.822387,10.8111,16.6623,15.841,0.302536,0.0107422
63864,261586944,3.5755,0,0,16.4102,0.785878,10.3631,16.7993,17.7329,0.326821,0.0113932
63888,261685248,3.58119,0,0,17.4455,0.876505,10.5901,16.7432,17.4088,0.319123,0.0115763
63912,261783552,3.5876,0.00529604,0,17.9964,0.784366,11.6214,16.7546,17.9865,0.302153,0.0116272
63936,261881856,3.59444,0,0,16.3027,0.799299,10.4717,16.9743,17.6449,0.326488,0.0114644
63960,261980160,3.60075,0.00370733,0,18.861,0.903386,12.9244,16.7707,19.5474,0.356589,0.0115662
63984,262078464,3.60729,0,0,16.9074,0.868263,10.8376,17.102,17.2527,0.320426,0.0111186
64008,262176768,3.6147,0,0,17.7131,0.834444,11.8294,16.7819,15.1775,0.307954,0.0109863
64032,262275072,3.62234,0.00439771,0,16.843,0.841155,10.0781,16.8749,18.2663,0.309419,0.0112
64056,262373376,3.62991,0.0137527,0,16.9326,0.846126,10.897,17.0265,17.0177,0.306464,0.0113831
64080,262471680,3.63735,0.0081777,0,17.7837,0.841382,11.9208,16.7264,16.0741,0.297284,0.0113627
64104,262569984,3.645,0,0,17.3136,0.849458,11.3202,17.334,16.9837,0.312902,0.011556
64128,262668288,3.6522,0,0,17.1868,0.856269,11.1865,17.1265,17.1774,0.315019,0.0118205
64152,262766592,3.65788,0.00432455,0,16.5843,0.79875,10.4572,16.9566,19.5935,0.291709,0.0116374
64176,262864896,3.66336,0,0,17.1618,0.826187,11.0588,17.009,17.853,0.312414,0.0113627
64200,262963200,3.6681,0,0,16.8364,0.850036,9.90226,17.0935,17.4235,0.314766,0.0112
64224,263061504,3.67287,0,0,16.3828,0.851039,9.92636,17.0638,18.4145,0.30264,0.0117188
64248,263159808,3.67923,0,0,17.6675,0.873491,10.7718,17.0556,16.4977,0.328167,0.0117188
64272,263258112,3.68695,0,0,18.003,0.866991,11.4847,17.2771,18.3037,0.329496,0.0117493
64296,263356416,3.69229,0,0,17.2957,0.784782,11.1692,16.9782,15.5024,0.32021,0.0120138
64320,263454720,3.69818,0,0,17.0686,0.802044,11.1313,16.9382,18.8618,0.30751,0.0116374
64344,263553024,3.70343,0,0,17.7142,0.838129,11.3294,17.0356,17.664,0.321642,0.0117086
64368,263651328,3.70889,0.00516542,0,15.6228,0.787872,9.49893,17.1021,17.4029,0.296855,0.0119832
64392,263749632,3.71614,0,0,16.8267,0.834344,10.3817,17.0069,19.0822,0.308359,0.0117594
64416,263847936,3.72248,0,0,16.4975,0.79639,10.4527,17.0796,18.1453,0.327569,0.0119629
64440,263946240,3.72886,0,0,17.0626,0.839456,10.9899,17.3762,17.4078,0.305067,0.0122782
64464,264044544,3.73393,0,0,18.1445,0.870561,12.184,17.6732,18.821,0.32007,0.0125936
64488,264142848,3.73976,0,0,16.497,0.857688,10.0176,17.3405,19.8175,0.305267,0.0126648
64512,264241152,3.74751,0,0,16.5375,0.829538,10.6045,17.3413,15.8698,0.311645,0.0128377
64536,264339456,3.75333,0.00478047,0,16.0581,0.775174,9.53222,17.0809,15.5382,0.31432,0.0131836
64560,264437760,3.76009,0.00926689,0,16.9974,0.83568,10.9957,17.0024,19.8178,0.316706,0.0132243
64584,264536064,3.76643,0,0,16.5926,0.824622,10.6588,17.1992,18.0488,0.317699,0.0132446
64608,264634368,3.77507,0,0,18.1047,0.861,12.2745,17.0525,17.0338,0.342629,0.0135803
64632,264732672,3.78408,0,0,17.5008,0.78809,10.5937,17.0101,16.9553,0.312586,0.0138041
64656,264830976,3.79031,0,0,17.3098,0.819514,11.0372,16.9848,19.9306,0.323276,0.0140076
64680,264929280,3.79617,0,0,17.5977,0.818172,10.8186,17.0571,20.2621,0.359548,0.0147502
64704,265027584,3.80499,0,0,16.8777,0.847573,10.5309,16.8669,18.2751,0.316686,0.0145162
64728,265125888,3.81207,0,0,16.635,0.827616,11.1769,17.002,19.3446,0.327277,0.0146484
64752,265224192,3.81879,0,0,17.6943,0.813256,11.6602,17.0157,21.1516,0.314642,0.0144043
64776,265322496,3.82653,0,0,17.9532,0.90575,11.3997,16.9089,17.8884,0.299205,0.0142517
64800,265420800,3.83434,0.00780075,0,16.2466,0.835177,10.2314,17.0725,18.7018,0.296911,0.014445
64824,265519104,3.84054,0,0,17.6367,0.808888,11.027,16.8759,18.2359,0.305493,0.0147196
64848,265617408,3.8478,0,0,16.9485,0.866593,10.8464,16.8254,15.7322,0.287465,0.0144755
64872,265715712,3.85439,0.00490322,0,17.0314,0.815796,10.9876,16.9898,19.8957,0.312155,0.0138855
64896,265814016,3.86106,0,0,16.9778,0.839055,10.1426,16.7175,16.371,0.314232,0.0140788
64920,265912320,3.87057,0,0,18.2015,0.847852,10.6892,17.1361,20.2679,0.303832,0.0140686
64944,266010624,3.87682,0.00309659,0,18.0428,0.850316,11.1082,16.711,17.297,0.296697,0.0139872
64968,266108928,3.88197,0,0,15.5524,0.806385,10.1102,16.7096,18.4204,0.324105,0.0138245
64992,266207232,3.8899,0,0,16.0826,0.758934,10.0426,16.6093,16.6164,0.326064,0.0134684
65016,266305536,3.89623,0,0,16.4608,0.776784,10.7714,16.8054,18.1907,0.30702,0.0134989
65040,266403840,3.90058,0.0104463,0,16.7465,0.819896,10.2824,16.8588,20.0334,0.302064,0.0140889
65064,266502144,3.90694,0,0,16.7965,0.871696,10.7377,17.0975,21.2919,0.322456,0.0144145
65088,266600448,3.91245,0,0,16.3815,0.886321,10.0388,16.9588,17.7935,0.322001,0.0143534
65112,266698752,3.91835,0,0,16.0949,0.761707,10.2444,16.7477,20.4887,0.316171,0.0143433
65136,266797056,3.92587,0.010127,0,17.2282,0.812106,10.2495,16.9769,20.6414,0.320184,0.0144857
65160,266895360,3.9327,0.01168,0,16.8839,0.803995,10.6583,17.2812,21.5219,0.336457,0.0148824
65184,266993664,3.93702,0,0,16.924,0.920588,10.9566,16.8974,19.7169,0.301452,0.0149536
65208,267091968,3.94335,0,0,17.3873,0.802787,11.7346,16.5397,18.7982,0.306924,0.0150553
65232,267190272,3.94752,0,0,16.0711,0.833703,10.2177,16.4428,18.0004,0.315949,0.0151164
65256,267288576,3.95275,0,0,16.0083,0.798914,9.92985,16.9052,20.1696,0.31943,0.015625
65280,267386880,3.95891,0,0,17.7876,0.858361,11.0772,16.6336,18.5155,0.293049,0.0161947
65304,267485184,3.96518,0.00773823,0,16.9295,0.863767,10.5598,16.2985,17.2953,0.291554,0.0164795
65328,267583488,3.97287,0.00563622,0,16.5178,0.872811,9.92079,16.601,18.52,0.300271,0.0169169
65352,267681792,3.97982,0,0,16.5822,0.834607,10.2642,16.1967,17.4517,0.320813,0.0168457
65376,267780096,3.98591,0,0,17.4973,0.833289,11.2456,16.9857,22.9733,0.311828,0.0167542
65400,267878400,3.99089,0.00270783,0,18.0201,0.857228,11.7293,16.8073,20.6614,0.326228,0.0169983
65424,267976704,3.99635,0.00256717,0,15.6603,0.824637,9.53818,16.6987,18.1608,0.320043,0.0168254
65448,268075008,4.00284,0.00431633,0,16.3293,0.881543,10.0834,16.581,17.8189,0.307721,0.0166321
65472,268173312,4.00821,0.011039,0,16.7617,0.822026,9.68028,16.5645,17.5336,0.286917,0.0162964
65496,268271616,4.01502,0.00573582,0,17.078,0.871301,11.3621,16.4566,19.0608,0.310101,0.0160726
65520,268369920,4.021,0,0,17.0976,0.815057,10.8433,16.7751,17.567,0.326231,0.015564
65544,268468224,4.02794,0,0,17.0587,0.85998,10.1142,16.6855,16.6678,0.300029,0.0159912
65568,268566528,4.03515,0.00578576,0,16.6757,0.814291,10.5254,16.3641,16.7756,0.305897,0.0158691
65592,268664832,4.03978,0.00599589,0,17.8279,0.849206,12.2318,17.1706,21.9727,0.316248,0.015625
65616,268763136,4.04467,0,0,17.6951,0.825549,11.5066,16.9094,17.0106,0.30757,0.0152791
65640,268861440,4.05233,0.00465593,0,17.359,0.852231,11.2686,16.8871,20.5628,0.30984,0.0149231
65664,268959744,4.05876,0.00587906,0,16.5511,0.82646,10.0625,16.7305,20.4412,0.324875,0.0145874
65688,269058048,4.0645,0.00767228,0,16.5549,0.806966,10.4478,16.3226,16.8761,0.290157,0.0140279
65712,269156352,4.07023,0,0,16.7065,0.834655,10.3887,16.9984,21.0697,0.319971,0.0139058
65736,269254656,4.07741,0.00769823,0,16.273,0.81602,10.1149,17.1007,21.9595,0.287615,0.013916
65760,269352960,4.08613,0,0,16.7829,0.805814,10.4623,16.736,16.8777,0.314568,0.0142314
65784,269451264,4.09194,0,0,16.141,0.809018,9.81705,16.799,19.8135,0.309799,0.0145162
65808,269549568,4.09722,0,0,16.4837,0.798688,10.3821,16.7723,18.8138,0.290904,0.0144552
65832,269647872,4.10211,0,0,17.2747,0.832117,11.3588,16.4785,16.3233,0.321993,0.0144246
65856,269746176,4.10776,0,0,16.9103,0.847652,11.1517,17.0007,21.7181,0.312527,0.0144043
65880,269844480,4.11346,0,0,17.178,0.841525,10.9475,16.682,17.1373,0.330024,0.014445
65904,269942784,4.1199,0.00449719,0,15.892,0.734955,9.80074,16.6924,20.1886,0.314074,0.0140279
65928,270041088,4.12561,0.00477693,0,17.5765,0.834418,11.0896,16.4808,18.5675,0.295876,0.0136922
65952,270139392,4.13094,0.0115252,0,17.2585,0.849228,11.3525,17.3123,23.2274,0.32153,0.0138448
65976,270237696,4.13767,0.0127844,0,16.4692,0.796678,10.4028,16.7916,16.7148,0.31285,0.0139771
66000,270336000,4.14499,0.00293906,0,15.7995,0.758054,9.82382,16.873,20.4243,0.316914,0.013916
66024,270434304,4.15143,0,0,17.144,0.801736,10.818,16.8828,20.2991,0.317037,0.0136414
66048,270532608,4.15685,0.00189243,0,17.9293,0.833497,11.971,16.6463,19.9507,0.302336,0.0132955
66072,270630912,4.16339,0,0,16.7673,0.844977,10.1405,16.8914,20.1825,0.295369,0.0134277
66096,270729216,4.17084,0,0,16.846,0.813281,10.3697,16.6214,16.459,0.307715,0.013326
66120,270827520,4.17732,0,0,16.6315,0.81206,10.4551,17.0316,20.3752,0.30883,0.0129293
66144,270925824,4.18417,0,0,16.9162,0.823069,10.4151,16.9136,20.6707,0.322669,0.0124308
66168,271024128,4.19323,0,0,17.313,0.817327,10.678,17.0668,22.4265,0.292545,0.0123088
66192,271122432,4.2005,0.00309446,0,17.9743,0.829272,11.8679,17.0772,21.3918,0.301774,0.0123291
66216,271220736,4.20689,0,0,16.7823,0.803893,10.0328,16.4196,18.91,0.313647,0.0116577
66240,271319040,4.2126,0.00309055,0,16.102,0.845305,9.97416,16.9049,16.849,0.330226,0.0114746
66264,271417344,4.21896,0.00366339,0,16.7685,0.815352,9.87128,17.0486,21.8411,0.33854,0.0113017
66288,271515648,4.22717,0,0,16.1536,0.808982,10.0349,16.5252,18.1073,0.303174,0.0106303
66312,271613952,4.2361,0,0,16.4206,0.779495,10.3868,16.924,19.3349,0.304487,0.010376
66336,271712256,4.24394,0,0,17.6462,0.823279,11.7046,17.1341,21.9268,0.317713,0.010081
66360,271810560,4.25053,0,0,16.5364,0.824294,10.5421,16.6416,22.3058,0.306359,0.0100911
66384,271908864,4.25739,0.00744325,0,16.401,0.85974,10.2097,16.9993,21.596,0.314561,0.0102844
66408,272007168,4.26316,0,0,18.2455,0.849202,12.1079,17.0887,21.786,0.298486,0.010376
66432,272105472,4.26806,0,0,17.6544,0.783845,11.5122,17.0295,20.8764,0.320354,0.0103251
66456,272203776,4.27517,0,0,16.3144,0.8388,9.92686,16.8696,22.9326,0.320084,0.00969442
66480,272302080,4.2829,0,0,16.0167,0.799679,10.3388,16.6178,20.2783,0.3091,0.00927734
66504,272400384,4.28987,0.0112269,0,17.4324,0.784737,11.1284,16.812,20.4341,0.322414,0.00951131
66528,272498688,4.29686,0,0,16.4064,0.820176,10.6822,16.8696,20.466,0.312813,0.00923665
66552,272596992,4.30566,0.00303821,0,16.7549,0.781736,10.436,16.687,17.6813,0.300514,0.00878906
66576,272695296,4.31161,0.0076921,0,17.1104,0.789013,11.1781,16.818,21.4409,0.333304,0.00897217
66600,272793600,4.31727,0,0,17.6723,0.805514,11.4192,17.1718,23.0113,0.29878,0.00935872
66624,272891904,4.32628,0,0,16.7112,0.84086,10.0494,16.8789,20.029,0.302222,0.00929769
66648,272990208,4.33453,0,0,16.9438,0.822532,10.5984,16.7105,18.6798,0.315243,0.00934855
66672,273088512,4.34134,0,0,17.0636,0.885652,10.5071,16.959,21.2106,0.313258,0.00952148
66696,273186816,4.34932,0.00332616,0,17.0868,0.818557,10.8766,16.7498,18.45,0.300652,0.00935872
66720,273285120,4.35635,0.00513594,0,17.5792,0.823116,10.5146,17.0843,22.103,0.301842,0.0102844
66744,273383424,4.36314,0,0,17.05,0.852289,10.8865,16.9453,20.0149,0.326877,0.010793
66768,273481728,4.36893,0,0,16.177,0.797998,10.203,16.7431,22.627,0.313278,0.0105693
66792,273580032,4.37637,0,0,16.5264,0.822354,10.3176,16.8821,20.2905,0.289036,0.0102539
66816,273678336,4.38494,0,0,16.3794,0.806248,10.1931,16.6707,21.4066,0.319675,0.00963338
66840,273776640,4.39327,0,0,16.815,0.83267,10.075,17.0982,19.4321,0.312521,0.00975545
66864,273874944,4.4002,0.00372995,0,16.3764,0.804934,10.6442,16.8667,20.0272,0.320288,0.0100098
66888,273973248,4.40723,0.0057088,0,16.6621,0.858236,10.2773,16.9657,20.4041,0.297807,0.0096639
66912,274071552,4.41473,0,0,17.0804,0.783815,10.614,16.8327,19.6368,0.322623,0.0102539
66936,274169856,4.42312,0,0,17.832,0.885991,11.2845,17.0129,21.0711,0.302013,0.0106303
66960,274268160,4.42975,0.00320017,0,17.7635,0.833637,9.705,16.8275,23.6697,0.307668,0.0104879
66984,274366464,4.43621,0,0,16.0292,0.773766,10.3183,16.8151,20.9545,0.317595,0.010498
67008,274464768,4.44476,0.00449254,0,16.2156,0.795394,10.053,17.0916,21.5491,0.29949,0.0105184
67032,274563072,4.45319,0,0,16.2638,0.846717,10.3506,16.5615,18.2011,0.319822,0.0105998
67056,274661376,4.45969,0.00162186,0,15.3107,0.79754,9.15013,17.1153,22.7363,0.335134,0.0101929
67080,274759680,4.46608,0,0,16.4805,0.803689,10.6005,16.8139,20.2066,0.305504,0.010498
67104,274857984,4.47369,0.00615727,0,18.6773,0.828272,12.3729,16.957,22.5701,0.303969,0.0106201
67128,274956288,4.48074,0.00550545,0,16.7618,0.813288,10.6374,17.4845,24.6297,0.297049,0.010966
67152,275054592,4.48592,0.00433213,0,16.8415,0.840941,10.8957,17.5236,27.393,0.302477,0.0109049
67176,275152896,4.49243,0.00323015,0,16.8451,0.846727,10.6766,16.9873,21.8413,0.319236,0.0108948
67200,275251200,4.49905,0,0,15.5543,0.824395,9.74727,17.3857,23.9106,0.29714,0.0109355
67224,275349504,4.50477,0,0,16.4308,0.831227,10.0005,16.5419,20.6493,0.323906,0.011617
67248,275447808,4.5129,0,0,17.1215,0.857758,11.0471,17.0591,22.3157,0.308113,0.0116475
67272,275546112,4.51996,0,0,16.0027,0.814252,9.50754,17.2302,22.1223,0.337795,0.011617
67296,275644416,4.52601,0,0,16.4962,0.802666,10.1773,16.7193,19.9122,0.310647,0.011617
67320,275742720,4.53267,0,0,16.8089,0.781385,10.2897,16.8405,21.5055,0.31718,0.0117188
67344,275841024,4.5393,0,0,17.3412,0.85877,10.7374,16.672,21.2548,0.308947,0.0115662
67368,275939328,4.546,0,0,17.0632,0.818263,10.9842,17.32,25.0934,0.334978,0.0112508
67392,276037632,4.5525,0,0,15.3646,0.761244,8.99529,16.7962,21.73,0.317013,0.0109863
67416,276135936,4.55922,0,0,15.3403,0.792325,8.79649,16.7805,23.6231,0.300682,0.0108643
67440,276234240,4.56709,0.00404122,0,17.9289,0.838171,11.9199,17.1325,23.3657,0.31833,0.0110067
67464,276332544,4.57415,0,0,16.387,0.850898,9.58492,17.2737,22.5364,0.302837,0.0113118
67488,276430848,4.58149,0.00399676,0,16.7625,0.814836,10.6755,17.3596,26.3596,0.307979,0.0119222
67512,276529152,4.59131,0,0,15.5108,0.795954,9.51901,16.8617,23.1365,0.314396,0.0120138
67536,276627456,4.59785,0,0,17.1808,0.878265,11.0702,16.9775,19.4009,0.311799,0.0121765
67560,276725760,4.60465,0,0,16.3333,0.827188,9.86606,17.1002,21.0708,0.320796,0.0123596
67584,276824064,4.61133,0,0,16.2455,0.822635,10.0324,17.015,23.5405,0.339461,0.0123494
67608,276922368,4.61739,0,0,16.4594,0.789362,9.60953,16.7564,18.5496,0.311131,0.0122681
67632,277020672,4.62406,0,0,16.9019,0.832307,10.3466,17.049,19.4605,0.311097,0.0125732
67656,277118976,4.63196,0,0,15.8285,0.825123,9.19681,16.9031,21.9364,0.316245,0.0128682
67680,277217280,4.63804,0.00724413,0,15.5424,0.734241,9.44915,16.7724,22.8008,0.300326,0.0132751
67704,277315584,4.64489,0,0,16.6712,0.815793,10.7096,16.9325,21.9358,0.307059,0.0130514
67728,277413888,4.65064,0.0100962,0,17.0399,0.825378,10.9732,16.8979,23.2493,0.297109,0.0120951
67752,277512192,4.65705,0,0,16.7013,0.845788,10.2496,16.9472,22.0152,0.300957,0.0120951
67776,277610496,4.66583,0.00554412,0,15.3284,0.818006,9.36592,17.3409,23.6242,0.304058,0.0122274
67800,277708800,4.67263,0,0,16.7296,0.848112,11.0512,17.5428,25.258,0.30231,0.0126953
67824,277807104,4.68026,0,0,16.4588,0.779473,10.1049,16.726,20.2668,0.314083,0.0128784
67848,277905408,4.68749,0,0,15.944,0.792492,9.55168,16.8445,19.8638,0.319667,0.0126851
67872,278003712,4.69352,0,0,15.6667,0.790508,9.28859,17.1904,22.2781,0.343879,0.0131938
67896,278102016,4.69894,0,0,16.3701,0.814479,9.52056,17.0067,22.2146,0.312946,0.0136007
67920,278200320,4.70713,0,0,15.8773,0.835305,9.85206,17.0938,23.6784,0.307375,0.0136312
67944,278298624,4.71549,0,0,15.9053,0.779362,9.97063,16.7976,21.8006,0.311228,0.0136108
67968,278396928,4.72413,0,0,16.1779,0.835175,9.84982,16.9866,21.5571,0.309779,0.0133158
67992,278495232,4.73196,0.00742063,0,15.4843,0.821112,9.4623,17.238,22.7482,0.304723,0.0131836
68016,278593536,4.73872,0,0,16.9413,0.807209,10.8221,17.382,24.3581,0.311379,0.0135193
68040,278691840,4.74367,0.00500909,0,17.2783,0.819887,10.4808,17.0066,23.9134,0.318733,0.0140788
68064,278790144,4.75002,0.0026542,0,16.4421,0.810754,10.3911,17.1903,23.5997,0.322766,0.0140381
68088,278888448,4.7584,0,0,16.427,0.865381,9.82264,17.3143,23.1387,0.33401,0.014679
68112,278986752,4.76483,0.00717875,0,16.138,0.797752,9.41385,17.1599,24.0798,0.316263,0.0147298
68136,279085056,4.77142,0,0,16.9258,0.84424,10.4595,17.2019,23.9554,0.296528,0.0148824
68160,279183360,4.77727,0.00379658,0,17.4243,0.784284,11.1343,17.4869,26.3098,0.321806,0.0148824
68184,279281664,4.78258,0.00312628,0,15.3727,0.800542,9.20025,17.2014,23.2881,0.313992,0.0149028
68208,279379968,4.78721,0,0,16.5893,0.788829,10.1959,17.1964,23.927,0.316385,0.0151469
68232,279478272,4.79213,0,0,16.6638,0.822172,10.121,16.8462,23.1314,0.316664,0.0152791
68256,279576576,4.8008,0,0,17.3735,0.88133,10.5519,17.2591,25.2167,0.338078,0.015859
68280,279674880,4.80645,0.0057648,0,16.2501,0.789935,9.87152,16.9191,19.3744,0.308165,0.0166728
68304,279773184,4.81329,0,0,15.7367,0.859027,9.168,16.9731,19.2885,0.326781,0.0169067
68328,279871488,4.82092,0,0,15.8862,0.850484,9.35202,17.3295,24.2715,0.344466,0.0168762
68352,279969792,4.82801,0.0235064,0,15.1507,0.803716,9.22302,17.2069,22.576,0.315744,0.0172221
68376,280068096,4.83545,0.00729661,0,17.0799,0.819897,10.8574,17.0253,24.2022,0.303392,0.017334
68400,280166400,4.84306,0,0,16.2341,0.839024,10.489,17.4069,23.1095,0.31931,0.017334
68424,280264704,4.85011,0.0034305,0.0135864,16.3826,0.803659,10.6777,17.1334,24.22,0.324928,0.0174662
68448,280363008,4.85704,0,0,18.0117,0.943924,10.9776,17.4955,22.2668,0.312184,0.0176595
68472,280461312,4.86331,0,0,17.4758,0.765658,10.3443,16.9356,22.0795,0.323337,0.0183614
68496,280559616,4.8695,0,0,16.3699,0.811819,9.95927,17.4746,27.6317,0.32122,0.018219
68520,280657920,4.87673,0,0,16.0588,0.798375,9.93791,17.1258,22.4317,0.309762,0.0188293
68544,280756224,4.88369,0.00485381,0,16.4776,0.833256,9.94577,17.1961,24.3156,0.338976,0.0188395
68568,280854528,4.89232,0.00421109,0,15.9472,0.808809,9.91735,17.0984,23.0354,0.320579,0.0187276
68592,280952832,4.90135,0,0,16.45,0.85806,9.64505,17.5946,26.871,0.303324,0.0186259
68616,281051136,4.90754,0,0,15.278,0.830309,8.78694,16.8718,19.4207,0.309564,0.0192464
68640,281149440,4.9125,0,0,16.5309,0.812627,9.16549,17.783,24.2671,0.30163,0.0191549
68664,281247744,4.92248,0.0100594,0,15.4655,0.860657,8.98863,17.19,23.9284,0.355083,0.0185547
68688,281346048,4.92972,0.00361508,0,15.514,0.802351,9.69701,17.1744,23.0366,0.321014,0.0181376
68712,281444352,4.93765,0,0,16.8096,0.818378,10.7057,17.2627,24.0786,0.31637,0.0184631
68736,281542656,4.9447,0,0,17.5272,0.8461,11.5748,17.3984,22.6371,0.300395,0.0185649
68760,281640960,4.95349,0,0,15.0895,0.797303,9.04012,17.1089,23.1647,0.288048,0.0180766
68784,281739264,4.96111,0.00306701,0,15.9246,0.858353,10.0737,17.5398,23.9204,0.310507,0.0182495
68808,281837568,4.96676,0,0,16.8385,0.887914,10.5429,17.2665,22.9583,0.315608,0.0183716
68832,281935872,4.97294,0,0,16.1632,0.828261,10.1806,17.3194,23.3555,0.308033,0.0184428
68856,282034176,4.97816,0,0,18.1605,0.866662,12.346,17.7743,25.7994,0.301237,0.0181071
68880,282132480,4.98528,0,0,16.5778,0.816972,10.1241,17.3002,23.945,0.312253,0.0179138
68904,282230784,4.99274,0.00261011,0,15.5562,0.806043,9.31411,16.9454,22.966,0.304244,0.017629
68928,282329088,4.99945,0,0,16.8436,0.839751,11.1301,17.0822,22.3768,0.309993,0.0176493
68952,282427392,5.00481,0.00752918,0,15.9103,0.825147,10.0879,17.3032,25.1792,0.315538,0.0175781
68976,282525696,5.01271,0,0,16.6061,0.846409,10.307,16.9404,20.9131,0.324503,0.0180664
69000,282624000,5.02054,0,0,16.6615,0.781623,10.4403,17.3417,24.7831,0.313647,0.0184937
69024,282722304,5.02674,0,0,15.3072,0.763524,9.13344,17.3771,24.3189,0.304374,0.0182597
69048,282820608,5.03398,0,0,15.2757,0.846734,9.72344,17.4758,26.2977,0.303978,0.0178223
69072,282918912,5.04037,0.00792864,0,17.2686,0.854041,11.1743,17.1979,23.3321,0.309368,0.017924
69096,283017216,5.04802,0,0,14.693,0.771682,8.72891,17.2226,23.8979,0.313218,0.0177714
69120,283115520,5.05627,0,0,15.9085,0.810211,10.0699,17.6955,25.9266,0.319021,0.0174561
69144,283213824,5.06237,0.0117581,0,16.4962,0.78599,10.3464,17.4771,26.5388,0.319046,0.0174255
69168,283312128,5.06872,0,0,15.5933,0.786743,9.14562,17.6657,26.9386,0.329801,0.0183818
69192,283410432,5.0745,0,0,16.5606,0.802021,10.2294,17.6001,24.9668,0.312214,0.0191752
69216,283508736,5.08042,0.0145768,0,14.5933,0.829175,8.70612,17.2609,23.5523,0.331902,0.0191549
69240,283607040,5.08854,0.0104678,0,15.982,0.760235,9.71831,17.2936,23.7748,0.3076,0.0198568
69264,283705344,5.09699,0.0041363,0,15.6266,0.822909,9.11694,17.3628,26.5013,0.332495,0.0199483
69288,283803648,5.10282,0,0,16.4878,0.821432,10.2116,17.3178,23.7715,0.302818,0.02005
69312,283901952,5.10972,0,0,15.1026,0.815139,9.23187,17.2487,24.5688,0.305824,0.0208232
69336,284000256,5.11715,0,0,17.0452,0.812348,10.5594,17.1163,22.5253,0.336014,0.0215658
69360,284098560,5.12244,0,0,16.2239,0.831899,9.8772,17.727,27.305,0.285953,0.0222677
69384,284196864,5.12806,0,0,15.8584,0.808043,9.68698,17.2678,23.9975,0.322171,0.022939
69408,284295168,5.13685,0,0,14.9833,0.864081,9.0284,16.859,20.0708,0.306062,0.0234782
69432,284393472,5.14557,0,0,15.2155,0.80708,9.08995,17.0574,23.854,0.321138,0.0236003
69456,284491776,5.15281,0,0,15.3345,0.83614,8.69343,17.3356,23.6492,0.312137,0.0232442
69480,284590080,5.16232,0,0,14.8267,0.750473,8.67802,17.5514,26.6462,0.311882,0.0226339
69504,284688384,5.16804,0,0,15.1816,0.816415,8.86518,17.3387,24.1633,0.326238,0.0231323
69528,284786688,5.17511,0,0,16.8069,0.774346,10.7791,17.3502,24.2344,0.299083,0.0231832
69552,284884992,5.18439,0.00238906,0,16.1693,0.857589,10.717,17.2227,24.4171,0.343358,0.0237427
69576,284983296,5.18872,0.00416846,0,15.6408,0.840365,9.34059,17.3904,24.9804,0.318471,0.0243327
69600,285081600,5.19333,0,0,15.6904,0.810131,8.76089,17.3279,24.8066,0.322923,0.0247701
69624,285179904,5.20016,0,0,15.6094,0.73193,9.42875,17.2304,22.0827,0.316926,0.0252787
69648,285278208,5.20803,0,0,15.0677,0.778809,8.76916,16.6448,21.8653,0.288175,0.0260315
69672,285376512,5.21421,0.00365535,0,17.4499,0.841593,10.456,17.5742,27.7319,0.313943,0.0272115
69696,285474816,5.21924,0.0046341,0,16.5068,0.793892,10.0144,17.1857,24.1872,0.324227,0.0283203
69720,285573120,5.22461,0,0,16.6844,0.817015,9.9572,17.5178,25.6599,0.327462,0.0288289
69744,285671424,5.23008,0,0,16.4,0.881026,9.88793,17.3584,24.8775,0.328436,0.0297343
69768,285769728,5.23455,0,0,16.2516,0.80827,10.0987,17.4321,28.1448,0.296952,0.0307922
69792,285868032,5.24163,0,0,15.6312,0.837413,9.67165,17.4078,24.3822,0.32573,0.0310262
69816,285966336,5.24824,0.0104778,0,15.8857,0.817423,9.05553,17.2622,23.7523,0.313267,0.0323079
69840,286064640,5.25399,0,0,15.773,0.752163,9.65788,17.1393,24.4134,0.32159,0.0330912
69864,286162944,5.26015,0,0,15.8194,0.804206,9.44823,17.5777,28.1538,0.332679,0.0340983
69888,286261248,5.26741,0.00469663,0,16.3974,0.862075,10.1951,17.647,26.8334,0.31057,0.0338949
69912,286359552,5.27421,0,0,15.4802,0.79442,9.51917,17.0998,24.3187,0.306487,0.0346069
69936,286457856,5.28104,0,0,16.1182,0.796635,10.04,17.4647,29.1895,0.312582,0.0347392
69960,286556160,5.28906,0,0,16.3197,0.816712,9.90623,17.1948,24.9524,0.316859,0.0352478
69984,286654464,5.29654,0,0,15.2262,0.866759,8.39476,17.3843,25.5018,0.321418,0.0353088
70008,286752768,5.3036,0,0,15.4808,0.789763,9.06436,17.3205,24.337,0.313747,0.0359802
70032,286851072,5.3124,0.00392219,0,14.8749,0.824275,8.70731,17.1388,23.4948,0.290054,0.0358887
70056,286949376,5.3183,0,0,17.4727,0.810821,10.783,18.1141,30.579,0.327294,0.0362651
70080,287047680,5.32453,0.00725171,0,16.0882,0.846512,9.96236,17.3152,22.3767,0.30831,0.0360413
70104,287145984,5.33131,0.00727462,0,15.2762,0.793846,9.27845,17.2315,25.3199,0.303838,0.0361735
70128,287244288,5.33713,0,0,15.4358,0.806232,9.27327,17.6506,28.016,0.313141,0.0366313
70152,287342592,5.34456,0.0259355,0,15.8039,0.873093,9.25383,17.4285,30.762,0.321454,0.0363159
70176,287440896,5.35152,0.00375481,0,16.5051,0.823488,10.1886,17.5922,27.5073,0.303366,0.0352173
70200,287539200,5.35771,0,0,16.7628,0.810324,10.6025,17.185,25.5163,0.331853,0.034963
70224,287637504,5.36509,0,0,16.1544,0.807547,10.4245,17.2905,25.0033,0.318446,0.0344747
70248,287735808,5.37309,0,0,15.9925,0.761708,9.53025,17.2303,27.6098,0.311744,0.0338237
70272,287834112,5.38025,0,0,15.6134,0.822571,9.31488,17.5227,28.08,0.302344,0.0335388
70296,287932416,5.38685,0,0,15.0179,0.780678,9.16081,17.0557,22.6109,0.317047,0.0328267
70320,288030720,5.3943,0,0,13.8081,0.753935,7.91381,17.2743,25.1959,0.314767,0.0324097
70344,288129024,5.40019,0,0,16.2556,0.829833,10.1349,17.3719,26.3703,0.332198,0.0321147
70368,288227328,5.40622,0,0,16.1533,0.810854,10.5095,17.9043,29.4729,0.300245,0.0310974
70392,288325632,5.41292,0,0,15.2957,0.778729,9.47438,17.7322,24.2349,0.315307,0.0308228
70416,288423936,5.42039,0.00832241,0,15.916,0.786597,10.0005,17.5449,26.7474,0.320084,0.0308329
70440,288522240,5.42804,0,0,14.9509,0.797677,8.93015,17.3972,26.3929,0.31802,0.0312805
70464,288620544,5.43458,0.00445411,0,14.768,0.801053,7.99903,17.3496,21.9852,0.313804,0.0313822
70488,288718848,5.4406,0,0,15.2481,0.827761,9.0415,17.854,27.5946,0.316267,0.0312907
70512,288817152,5.44633,0,0,15.7003,0.819823,9.38258,17.5333,24.4087,0.299906,0.030721
70536,288915456,5.45582,0,0,16.851,0.778117,10.0875,17.8189,28.0886,0.312798,0.0304464
70560,289013760,5.46409,0,0,15.7737,0.797276,9.40941,17.692,26.6792,0.313991,0.03007
70584,289112064,5.47184,0,0,17.0146,0.822956,11.5178,18.2044,30.4861,0.317879,0.0296122
70608,289210368,5.47866,0,0,15.7425,0.786615,9.30402,17.4436,23.0641,0.295668,0.028656
70632,289308672,5.48525,0,0,15.4068,0.83917,9.06531,17.3674,24.1411,0.307216,0.0279439
70656,289406976,5.49264,0.005416,0,15.0953,0.850055,9.02154,17.8033,27.7627,0.333288,0.0273539
70680,289505280,5.50182,0,0,15.8722,0.784831,9.7694,17.9551,27.9942,0.339158,0.0264181
70704,289603584,5.51049,0,0,16.7727,0.817071,10.6659,17.5567,26.4905,0.320242,0.0262655
70728,289701888,5.51864,0,0,14.2697,0.744239,8.27455,17.6486,24.1566,0.30693,0.0255127
70752,289800192,5.52541,0.00526039,0,16.1463,0.811362,10.4624,17.4208,22.9099,0.291245,0.0256551
70776,289898496,5.53376,0,0,17.6631,0.840961,10.867,17.9686,26.9557,0.306852,0.0252279
70800,289996800,5.54245,0,0,15.6864,0.798339,9.42949,17.7873,26.3342,0.317163,0.024821
70824,290095104,5.54875,0.00766284,0.0247831,14.1775,0.800268,8.32582,17.8198,24.8262,0.316597,0.0231832
70848,290193408,5.55543,0.0119794,0,15.3693,0.776165,9.0768,17.5511,27.6557,0.321501,0.0228271
70872,290291712,5.56428,0,0,16.4633,0.776089,10.5648,17.8915,26.6372,0.316003,0.0223083
70896,290390016,5.57124,0.00826819,0,14.9815,0.765319,8.88682,17.5289,24.5702,0.30743,0.0220947
70920,290488320,5.57737,0,0,16.7686,0.802832,10.4153,18.1115,27.3535,0.309734,0.0215454
70944,290586624,5.58428,0,0,15.6898,0.835212,9.69122,17.6539,23.8084,0.33721,0.0216471
70968,290684928,5.5896,0.00372737,0,15.6481,0.866662,8.74538,18.1261,25.9114,0.338007,0.0210775
70992,290783232,5.59702,0.00912372,0,16.5437,0.843766,9.99366,18.1253,27.805,0.316803,0.020752
71016,290881536,5.60268,0,0,16.0953,0.760392,10.328,18.0399,24.7266,0.299456,0.020223
71040,290979840,5.61108,0,0,16.5345,0.795268,9.66162,17.9396,28.1935,0.286625,0.0210978
71064,291078144,5.61883,0,0,15.9448,0.775069,10.2206,18.3036,29.2047,0.315467,0.0213623
71088,291176448,5.62698,0.016409,0,16.1604,0.773408,10.0002,17.9641,26.2217,0.333304,0.0211894
71112,291274752,5.63449,0.00371517,0,15.7715,0.763919,10.163,17.9758,30.0433,0.302425,0.0210063
71136,291373056,5.64234,0.00948972,0,15.4295,0.719819,8.96563,17.9747,30.5108,0.32832,0.0205994
71160,291471360,5.64871,0.00363108,0,15.6095,0.749679,9.5009,18.1398,29.136,0.327411,0.0204976
71184,291569664,5.65696,0.00405257,0,15.6872,0.790003,9.72033,17.8442,27.5498,0.318098,0.0202128
71208,291667968,5.66508,0.00298704,0,15.7566,0.749762,9.47306,17.5419,24.3448,0.323147,0.0201213
71232,291766272,5.67231,0,0,15.0663,0.770298,8.9229,17.6625,25.9963,0.309817,0.0197347
71256,291864576,5.67972,0,0,16.891,0.792594,10.7701,18.0026,29.6429,0.30387,0.0193583
71280,291962880,5.68696,0.00252205,0,16.1711,0.817552,9.98594,18.2634,27.8105,0.337911,0.019043
71304,292061184,5.69359,0.0110219,0,14.3649,0.776336,8.31162,17.6873,25.234,0.318595,0.0187887
71328,292159488,5.70215,0,0,17.2428,0.798737,11.2983,18.0992,29.7426,0.321386,0.0183411
71352,292257792,5.71167,0,0,16.0643,0.802243,9.88819,17.8637,30.4776,0.311413,0.0180664
71376,292356096,5.71795,0,0,14.5905,0.778741,8.7165,18.0854,28.5863,0.298327,0.0186157
71400,292454400,5.72593,0,0,14.8682,0.740921,8.62605,18.0191,26.4962,0.284144,0.0192464
71424,292552704,5.73413,0,0,17.5091,0.81572,11.1854,18.2128,29.577,0.291356,0.0192261
71448,292651008,5.74019,0,0,15.8777,0.806609,9.42613,18.0903,28.1677,0.308664,0.0197957
71472,292749312,5.74889,0,0,16.6891,0.798104,9.93318,17.9219,26.9455,0.314572,0.0197652
71496,292847616,5.7551,0,0,16.6326,0.776766,10.6539,18.0489,27.1505,0.311754,0.019928
71520,292945920,5.76144,0,0,15.9313,0.744443,10.3126,18.2061,30.8484,0.308988,0.0203247
71544,293044224,5.76824,0,0,14.5842,0.759041,8.58231,17.4909,29.1294,0.310405,0.0200195
71568,293142528,5.77347,0.0250204,0,16.3415,0.78192,9.8453,17.8006,25.6027,0.305,0.0198873
71592,293240832,5.77928,0.00307267,0,16.0737,0.774564,10.2533,17.9847,29.4819,0.303867,0.0203654
71616,293339136,5.78682,0.00285458,0,15.695,0.753168,9.76167,17.7691,25.7739,0.307256,0.0202942
71640,293437440,5.79292,0,0,15.411,0.808864,9.54476,17.9234,26.4144,0.310378,0.0202535
71664,293535744,5.79851,0,0,16.2745,0.799249,10.5301,18.1001,29.0072,0.312839,0.0203552
71688,293634048,5.80301,0,0,14.7552,0.849827,8.96074,17.8647,25.3772,0.319546,0.0196838
71712,293732352,5.80894,0.00960358,0,16.3295,0.783538,9.82789,17.8469,27.0642,0.296669,0.0192871
71736,293830656,5.81509,0,0,16.5789,0.828708,10.0281,17.896,26.3453,0.328953,0.0185242
71760,293928960,5.82287,0,0,14.9462,0.782634,8.8254,17.9314,28.3617,0.311843,0.0180155
71784,294027264,5.82876,0.00590153,0,16.4493,0.794648,10.6834,18.2593,30.4602,0.307967,0.0175273
71808,294125568,5.83635,0.00306122,0,15.4945,0.782711,9.20657,18.0333,27.8644,0.318337,0.0174154
71832,294223872,5.84396,0.00435886,0,15.3032,0.766297,8.78636,17.8795,26.4625,0.332873,0.0176798
71856,294322176,5.84977,0,0,15.9002,0.811872,10.0844,18.0988,29.4635,0.317611,0.0172729
71880,294420480,5.85642,0.00584015,0,16.7744,0.8216,10.0886,18.0732,27.7545,0.303835,0.0171712
71904,294518784,5.86287,0.00374758,0,15.6735,0.797094,9.62389,17.8365,27.3923,0.31041,0.0171814
71928,294617088,5.87056,0,0,16.5985,0.854985,10.5195,17.9718,27.6605,0.29051,0.0164795
71952,294715392,5.87768,0.00807142,0,16.7035,0.819292,9.82619,18.2575,31.1383,0.301226,0.0163269
71976,294813696,5.88602,0.00759466,0,15.1359,0.736632,9.17577,17.7219,24.6336,0.327749,0.0165609
72000,294912000,5.89219,0.00259617,0,15.122,0.7648,8.90585,18.0203,28.5988,0.292983,0.0168864
72024,295010304,5.89906,0,0,15.688,0.795421,8.71235,17.7403,27.2306,0.33619,0.0166219
72048,295108608,5.90693,0.0196699,0,15.7363,0.805639,9.35332,17.776,28.0559,0.30008,0.0159403
72072,295206912,5.91503,0.00349378,0,16.2365,0.800095,10.1591,18.1953,32.4435,0.30352,0.0154622
72096,295305216,5.92312,0,0,15.6308,0.727263,9.30405,17.8018,28.8718,0.299886,0.0152893
72120,295403520,5.93041,0,0,16.7251,0.821116,9.98941,18.1832,30.8171,0.312984,0.0156047
72144,295501824,5.93595,0,0,17.0102,0.807141,10.7606,17.9793,29.2029,0.316929,0.0158285
72168,295600128,5.94248,0.00460716,0.00963248,15.8297,0.776616,10.4983,18.741,35.0344,0.300167,0.0159302
72192,295698432,5.95047,0.00826381,0,15.2025,0.802418,9.26324,17.9945,29.9207,0.306641,0.0159098
72216,295796736,5.9581,0,0,15.5664,0.790328,9.06572,17.7849,28.1177,0.321752,0.0161947
72240,295895040,5.96456,0,0,16.9297,0.826208,10.7742,17.8177,24.9653,0.336486,0.0161336
72264,295993344,5.97215,0,0,16.0587,0.727679,9.67324,18.0363,27.5849,0.308725,0.0159912
72288,296091648,5.97922,0.0210815,0.0232076,15.8206,0.726054,9.12346,17.9116,27.6139,0.322322,0.0161336
72312,296189952,5.98755,0,0,15.2479,0.784855,8.91209,17.8338,26.0967,0.344898,0.0164286
72336,296288256,5.99363,0,0,16.6085,0.788417,10.3194,17.9533,27.9126,0.317945,0.0162557
72360,296386560,6.00032,0.00330506,0,14.5418,0.796785,8.71086,18.1766,33.933,0.32482,0.0161133
72384,296484864,6.0079,0,0,15.1929,0.759644,8.88758,17.4571,25.5457,0.33739,0.0156759
72408,296583168,6.01273,0,0,14.9521,0.773872,9.03998,17.9413,27.483,0.300392,0.0154419
72432,296681472,6.01933,0,0,16.1376,0.825825,9.64157,17.9763,28.1726,0.314883,0.0147909
72456,296779776,6.02849,0.00368722,0,16.8566,0.806529,10.7797,18.3114,31.524,0.292655,0.0139669
72480,296878080,6.0338,0,0,17.6681,0.8404,11.5982,17.4466,24.7532,0.309179,0.0137126
72504,296976384,6.04043,0,0,17.0706,0.800511,10.9377,18.2267,31.1183,0.323617,0.0133565
72528,297074688,6.04692,0.00378378,0,16.8342,0.759872,10.5831,18.1938,31.0313,0.290635,0.0132039
72552,297172992,6.05384,0.00303705,0,15.6424,0.793629,9.46556,18.0448,30.3477,0.30923,0.0134074
72576,297271296,6.05952,0,0,18.131,0.729378,12.3237,18.0826,30.2749,0.313847,0.0132345
72600,297369600,6.06465,0.00936914,0,15.7488,0.754638,9.66993,18.1642,32.0151,0.328498,0.0135295
72624,297467904,6.07148,0.00478878,0,15.6734,0.744786,9.86537,17.8955,26.7485,0.30572,0.013387
72648,297566208,6.07799,0.0078125,0,15.0517,0.755262,9.15285,17.7414,27.6731,0.327373,0.0129395
72672,297664512,6.08522,0,0,16.9916,0.784819,11.1101,17.8372,32.4913,0.310658,0.0129395
72696,297762816,6.09335,0,0,15.051,0.751626,9.10109,18.0454,26.6535,0.306299,0.0130412
72720,297861120,6.09929,0.00493392,0,16.3833,0.804602,9.66103,17.9974,28.9527,0.313609,0.0131938
72744,297959424,6.10671,0,0,15.7014,0.762558,9.60402,18.0467,27.8269,0.30852,0.013326
72768,298057728,6.11317,0.00363725,0,16.3373,0.771656,10.2469,18.6476,32.7541,0.312428,0.0133464
72792,298156032,6.11946,0,0,15.9187,0.792982,9.38905,18.1252,28.8807,0.333242,0.0137939
72816,298254336,6.12604,0,0,16.706,0.834573,10.0328,17.9044,26.5853,0.310526,0.0140584
72840,298352640,6.1323,0,0,17.5464,0.82732,11.4257,18.328,32.9281,0.294073,0.0136719
72864,298450944,6.14082,0,0,16.3633,0.820076,9.67555,18.2261,28.5104,0.333494,0.0139974
72888,298549248,6.14902,0,0,16.602,0.797552,10.0868,18.0832,27.201,0.309828,0.0140279
72912,298647552,6.15569,0,0,15.6882,0.758427,9.89976,17.98,28.6549,0.308971,0.0140483
72936,298745856,6.16217,0,0,17.4288,0.736847,11.6991,18.412,35.5193,0.351498,0.0144043
72960,298844160,6.16998,0,0,14.9285,0.768691,8.86318,17.9286,28.7376,0.307344,0.0140889
72984,298942464,6.17697,0.00409098,0,15.3556,0.741951,9.36057,17.7243,26.029,0.310699,0.0141296
73008,299040768,6.18347,0.012175,0,15.7581,0.755814,9.56907,17.9829,27.2075,0.29451,0.0134277
73032,299139072,6.19198,0.0035586,0,15.9135,0.757225,9.98681,17.8044,30.5585,0.306908,0.0133769
73056,299237376,6.20173,0.00274725,0,16.6482,0.78015,10.5844,18.4193,31.392,0.323704,0.0130717
73080,299335680,6.20984,0.00530956,0,15.686,0.751917,9.19061,18.0254,28.0232,0.288788,0.013092
73104,299433984,6.21706,0.0120024,0,15.2771,0.758901,9.15916,18.1088,29.877,0.312176,0.0130615
73128,299532288,6.22472,0.00843704,0,16.2136,0.786677,9.81597,18.1149,28.657,0.324889,0.0128682
73152,299630592,6.23051,0.0102884,0,16.6433,0.81354,10.3618,18.4498,31.8863,0.310872,0.0134583
73176,299728896,6.23776,0.00320601,0,16.3424,0.75061,10.4846,18.3427,30.6372,0.303304,0.0139465
73200,299827200,6.24363,0,0,16.1361,0.791514,10.2579,18.3308,31.5416,0.321076,0.0139669
73224,299925504,6.2489,0.00375271,0,15.7,0.784688,9.79887,17.9513,28.7077,0.311765,0.0141296
73248,300023808,6.25784,0.00379486,0,16.7815,0.838528,10.3204,18.1091,30.1253,0.319806,0.0143534
73272,300122112,6.26602,0,0,15.7924,0.824306,9.10347,18.4652,31.4313,0.320511,0.0142008
73296,300220416,6.27316,0,0,13.3836,0.798631,7.55107,18.1277,28.9373,0.289116,0.0146383
73320,300318720,6.27938,0.0140523,0,15.3263,0.794483,9.70743,18.1858,30.5071,0.315681,0.0142008
73344,300417024,6.2865,0.00756279,0,16.7489,0.808069,10.4333,18.4542,35.6511,0.288667,0.014384
73368,300515328,6.29242,0,0,16.7787,0.753378,10.2924,18.1629,33.1005,0.299285,0.0146077
73392,300613632,6.29954,0,0,14.7196,0.718278,7.85474,17.738,28.5523,0.303868,0.0145976
73416,300711936,6.30652,0,0,16.6268,0.794325,10.4259,18.1676,31.0201,0.315244,0.0144958
73440,300810240,6.31227,0,0,16.2091,0.835718,9.7761,17.7057,28.4389,0.337886,0.0148926
73464,300908544,6.31877,0.00516173,0,15.9493,0.761855,9.65056,18.2026,32.305,0.313519,0.0149333
73488,301006848,6.32494,0.00470588,0,15.7704,0.829971,9.67868,18.1982,34.1378,0.294198,0.0151164
73512,301105152,6.33141,0.00591862,0,15.8967,0.78457,9.14731,17.8938,26.5849,0.308915,0.0149028
73536,301203456,6.33741,0.00758027,0,15.8951,0.79323,9.33856,18.2218,32.296,0.326188,0.01533
73560,301301760,6.34627,0.0127082,0,15.6484,0.783051,9.271,17.8086,28.9323,0.28266,0.015686
73584,301400064,6.35497,0,0,14.5298,0.759288,8.63418,18.1912,29.2977,0.288756,0.01592
73608,301498368,6.36201,0.00294623,0,14.684,0.727554,8.43888,17.5228,25.8377,0.304478,0.0154215
73632,301596672,6.37006,0.00217741,0,15.2277,0.709066,9.05349,17.8173,27.8138,0.316226,0.0151367
73656,301694976,6.37822,0.0142161,0,15.6946,0.790286,9.40709,17.8734,30.9702,0.291383,0.0145264
73680,301793280,6.38791,0.00817168,0,15.7251,0.765646,10.0497,17.8879,30.7476,0.293367,0.014384
73704,301891584,6.39521,0,0,15.7558,0.771829,9.39888,17.948,33.3895,0.304763,0.0141602
73728,301989888,6.40378,0.00618994,0,15.274,0.747146,9.06241,17.8921,31.3666,0.305949,0.013682
73752,302088192,6.40992,0.00343112,0,15.4834,0.776643,8.83472,17.9994,31.6635,0.322138,0.013621
73776,302186496,6.41544,0.0161299,0,14.7305,0.727724,8.45514,17.7944,30.3977,0.310691,0.0135193
73800,302284800,6.42133,0,0,15.7872,0.828541,9.55911,18.1504,32.4212,0.318037,0.0129293
73824,302383104,6.42822,0,0,15.2775,0.74089,9.07928,17.9291,30.6811,0.313787,0.0129903
73848,302481408,6.43502,0.00537882,0,16.1237,0.778995,9.64203,17.7337,29.3753,0.313864,0.0133565
73872,302579712,6.44229,0.00532562,0,15.6318,0.786633,9.48221,18.0223,32.1264,0.293943,0.0127665
73896,302678016,6.44715,0.0153459,0,14.6204,0.784606,8.56019,17.827,28.3503,0.30769,0.0131734
73920,302776320,6.45577,0.00244717,0,16.3998,0.776378,10.4459,17.626,30.7358,0.33495,0.0131327
73944,302874624,6.46361,0,0,15.0887,0.764958,9.47316,17.9536,28.4066,0.321577,0.0134684
73968,302972928,6.47053,0.00783436,0,17.2699,0.802532,11.4557,18.3715,35.0817,0.321309,0.0134888
73992,303071232,6.47837,0.00311686,0,15.1618,0.717099,8.53068,17.8506,31.0933,0.304382,0.0132751
74016,303169536,6.48498,0.00380863,0,15.174,0.77601,9.55703,17.9496,30.9175,0.300483,0.0130717
74040,303267840,6.49161,0.0102201,0.0181226,15.262,0.719028,9.15492,17.8047,30.7891,0.294426,0.0129395
74064,303366144,6.49788,0.00578035,0,15.8694,0.79258,10.1036,18.0989,33.465,0.316289,0.0127869
74088,303464448,6.50485,0.0118428,0.0306663,15.295,0.784476,9.49205,18.0762,29.7656,0.293141,0.0125529
74112,303562752,6.51382,0.00353803,0,14.9802,0.782388,8.66117,17.9042,31.6813,0.334799,0.0124105
74136,303661056,6.52152,0,0,16.6144,0.755148,10.3295,18.2412,33.9397,0.326883,0.0122477
74160,303759360,6.52966,0.0110306,0,16.1055,0.784483,9.48651,17.873,34.6255,0.290586,0.0113322
74184,303857664,6.53706,0,0,14.6719,0.742436,8.71153,17.6915,28.5294,0.332437,0.0111694
74208,303955968,6.54259,0.00212824,0,17.5447,0.785438,10.5449,18.0671,32.9509,0.325319,0.0107524
74232,304054272,6.54898,0.0099745,0,15.1209,0.763982,9.44608,17.636,31.4543,0.302439,0.0106099
74256,304152576,6.55646,0.00390799,0,16.556,0.765353,10.6785,17.8933,33.3965,0.322539,0.0103861
74280,304250880,6.56374,0.0116405,0,15.7187,0.814809,9.46512,18.2052,30.7787,0.306477,0.0103149
74304,304349184,6.57058,0.00762403,0,15.5344,0.839104,8.45549,17.6001,33.8465,0.303923,0.0100098
74328,304447488,6.57592,0,0,17.2939,0.815894,10.8107,18.0182,35.0313,0.295036,0.010437
74352,304545792,6.58106,0,0,15.4869,0.736503,9.00762,17.984,32.0247,0.310099,0.0101318
74376,304644096,6.5873,0.0198713,0,16.4861,0.784897,10.1156,17.5091,30.9762,0.319645,0.0105591
74400,304742400,6.59458,0.0119366,0,14.0919,0.718495,8.16757,17.9468,32.313,0.293176,0.0105998
74424,304840704,6.60253,0.00294873,0,15.4187,0.754939,9.67061,18.0655,34.3882,0.311933,0.0107524
74448,304939008,6.60912,0,0,14.0717,0.728452,7.92502,17.6681,32.3815,0.293144,0.010498
74472,305037312,6.6144,0,0,16.7435,0.796793,10.9778,18.4932,33.552,0.314114,0.0108948
74496,305135616,6.6211,0,0,14.7526,0.759274,9.09522,17.9895,35.1182,0.304751,0.0109863
74520,305233920,6.62882,0,0,16.3779,0.796198,9.78261,18.0799,30.2174,0.304848,0.0108032
74544,305332224,6.63551,0.0119389,0.0147317,15.1166,0.71991,9.18933,18.2651,35.6525,0.302363,0.0100403
74568,305430528,6.64138,0,0,13.7072,0.757766,8.0104,17.8767,31.7154,0.296017,0.00939941
74592,305528832,6.64807,0,0,17.4813,0.778125,10.8483,18.1157,33.4779,0.299732,0.00942993
74616,305627136,6.65491,0,0,15.8305,0.796213,8.69998,17.5416,25.5742,0.29731,0.0104675
74640,305725440,6.66222,0,0,16.0365,0.766798,9.6248,18.532,35.4771,0.309517,0.011556
74664,305823744,6.66972,0,0,15.9229,0.767827,9.90572,18.1165,35.2694,0.321063,0.0122477
74688,305922048,6.67555,0,0,16.6358,0.800526,10.2908,17.7376,29.1906,0.320282,0.0124512
74712,306020352,6.68167,0,0,16.5273,0.809623,10.0115,18.0042,30.7743,0.317512,0.0125834
74736,306118656,6.68734,0.0035727,0,15.5682,0.775004,9.05917,18.1891,30.6893,0.347089,0.0129089
74760,306216960,6.6932,0,0,15.8355,0.747784,9.32516,18.0492,33.1477,0.300969,0.0129191
74784,306315264,6.69829,0.00427492,0,15.428,0.778589,9.58429,18.2841,34.5517,0.304494,0.0130005
74808,306413568,6.70452,0.00449871,0,15.2389,0.699384,8.88637,17.5648,29.7999,0.316246,0.0127665
74832,306511872,6.7111,0,0,16.8028,0.813006,10.0403,18.3686,31.9578,0.29005,0.0129496
74856,306610176,6.71718,0.00855077,0,15.6483,0.731883,8.88993,18.245,35.5541,0.312057,0.0135803
74880,306708480,6.72273,0.00293575,0,15.7689,0.844527,9.49535,18.2461,32.8208,0.329819,0.0140483
74904,306806784,6.72822,0,0,15.5307,0.789676,9.65346,18.1877,29.03,0.30212,0.0137634
74928,306905088,6.73466,0,0,16.1722,0.801388,9.83629,18.336,32.4366,0.295976,0.0137126
74952,307003392,6.74231,0,0,16.4248,0.769491,10.8176,18.4314,32.4148,0.3119,0.0132039
74976,307101696,6.74946,0.00824499,0,14.3894,0.710012,8.48185,17.7125,31.0853,0.308469,0.01297
75000,307200000,6.75731,0,0,15.5267,0.778705,9.27393,18.0323,31.8504,0.304528,0.0131734
75024,307298304,6.76471,0.00719942,0,14.9473,0.729671,8.8257,17.934,30.4891,0.313265,0.0129598
75048,307396608,6.77083,0.00535055,0,16.8548,0.825349,10.8579,18.4393,33.2424,0.325314,0.0131836
75072,307494912,6.77662,0.0222349,0,15.7777,0.716793,9.80022,18.4874,35.0617,0.306591,0.0132751
75096,307593216,6.783,0.00528235,0,16.1142,0.712459,9.96842,18.4095,30.9996,0.307423,0.0137126
75120,307691520,6.78896,0,0,17.2417,0.808142,11.1706,18.5114,34.2603,0.313169,0.0137024
75144,307789824,6.79395,0.00980232,0,16.2699,0.812289,10.4645,18.3778,32.3685,0.31526,0.0137126
75168,307888128,6.79906,0.00380032,0,15.1808,0.779992,9.57749,18.7322,34.846,0.28545,0.0137227
75192,307986432,6.80345,0.00639166,0,15.4608,0.787885,8.99368,18.3469,33.8285,0.313064,0.0138245
75216,308084736,6.8073,0.00848752,0,14.5536,0.770586,8.37526,18.0099,30.6092,0.320321,0.0141093
75240,308183040,6.81345,0,0,16.5639,0.794201,9.84315,18.9255,34.8957,0.334889,0.0144348
75264,308281344,6.8197,0.012477,0,15.631,0.739813,9.55491,18.3122,32.5931,0.29171,0.0150553
75288,308379648,6.82456,0,0,15.6139,0.867282,9.42833,18.2272,33.4533,0.320419,0.0150553
75312,308477952,6.83163,0.0296736,0,15.0683,0.769289,9.0186,18.1792,35.1905,0.303299,0.015096
75336,308576256,6.83842,0,0,15.1468,0.771908,9.10064,18.1667,31.7988,0.318004,0.014801
75360,308674560,6.8455,0.00755736,0,16.9247,0.825415,10.7517,18.4442,35.2885,0.300885,0.0146586
75384,308772864,6.85339,0,0,16.1037,0.854746,10.2611,18.4806,34.8065,0.323139,0.0139364
75408,308871168,6.8581,0,0,17.0933,0.788917,10.7855,18.4348,34.7092,0.299854,0.0140788
75432,308969472,6.86433,0,0,15.805,0.78019,9.8372,18.5968,33.0883,0.328514,0.0141602
75456,309067776,6.86946,0,0,15.5248,0.77614,9.59049,18.208,33.1733,0.294281,0.0139974
75480,309166080,6.87597,0,0,16.7455,0.884034,11.2943,18.3393,35.5915,0.328662,0.0134277
75504,309264384,6.8816,0.00381216,0,16.2937,0.805241,10.4017,18.4301,33.4648,0.300612,0.0137533
75528,309362688,6.88853,0.00847109,0,17.2355,0.785165,10.8148,18.8824,37.1519,0.314193,0.0144857
75552,309460992,6.8941,0,0,15.2123,0.753621,9.48509,18.19,32.9172,0.296185,0.0148926
75576,309559296,6.90019,0,0,17.2312,0.821531,11.0006,18.303,33.193,0.312132,0.0150655
75600,309657600,6.9059,0,0,17.7147,0.806651,10.9697,18.6574,35.1534,0.2959,0.0148519
75624,309755904,6.91297,0.0137142,0,15.0973,0.726905,8.79297,18.4645,32.3356,0.311863,0.014384
75648,309854208,6.92161,0,0,16.0483,0.77834,9.82454,18.5673,33.4462,0.306592,0.0137126
75672,309952512,6.92821,0,0,15.7461,0.792176,10.4235,18.7224,36.584,0.31339,0.0137838
75696,310050816,6.93342,0,0,15.9627,0.79642,9.96599,18.4364,33.8805,0.307556,0.013916
75720,310149120,6.93918,0.00460779,0,16.5886,0.728339,10.7326,18.5126,35.8933,0.319042,0.0138652
75744,310247424,6.94564,0,0,16.62,0.763058,10.0681,18.2698,30.5547,0.299798,0.0138652
75768,310345728,6.95249,0,0,16.4,0.73258,9.93972,18.5691,34.7601,0.312423,0.0143433
75792,310444032,6.95945,0.0306575,0.011236,16.4266,0.761012,10.3758,18.3,33.4366,0.291499,0.0144043
75816,310542336,6.9661,0,0,16.3944,0.770673,10.1184,18.042,30.466,0.30369,0.0143738
75840,310640640,6.97286,0,0,16.3991,0.778557,10.5379,18.5778,34.8819,0.332309,0.0139364
75864,310738944,6.97783,0.00571677,0.0135958,16.352,0.761569,10.2996,18.5829,32.9655,0.301076,0.0137634
75888,310837248,6.98197,0.00566725,0,16.8953,0.822236,10.6592,18.8072,36.001,0.320421,0.013855
75912,310935552,6.98632,0.00953189,0,14.8571,0.728846,8.85318,18.1773,33.9172,0.311134,0.0142008
75936,311033856,6.99283,0.00665385,0,16.2671,0.792322,10.2085,18.0997,31.0981,0.302417,0.0143433
75960,311132160,6.99802,0,0,15.8922,0.805123,9.21238,18.5304,33.709,0.285851,0.0144552
75984,311230464,7.00365,0,0,15.4596,0.806614,9.11158,18.6742,37.6576,0.318716,0.0147196
76008,311328768,7.0113,0.00690947,0,17.016,0.786689,10.5465,18.3118,31.2948,0.289406,0.014801
76032,311427072,7.01936,0.00332456,0,14.6527,0.790279,9.42745,18.3845,33.8883,0.319548,0.0149841
76056,311525376,7.02629,0,0,18.1767,0.85639,11.7336,19.5025,35.5398,0.32973,0.0149434
76080,311623680,7.03091,0,0,15.8419,0.7433,10.0186,18.228,30.8445,0.286928,0.015035
76104,311721984,7.03546,0,0,16.9337,0.782554,11.2232,18.7931,34.6276,0.329797,0.0145976
76128,311820288,7.04198,0,0,15.6782,0.790058,9.92642,18.6667,35.8406,0.337616,0.0144653
76152,311918592,7.04761,0.00623478,0,17.5914,0.768474,11.1243,18.2632,33.8215,0.307649,0.01474
76176,312016896,7.05403,0,0,15.3136,0.755937,9.11279,18.3355,33.5486,0.296522,0.0153707
76200,312115200,7.06005,0.00801815,0,15.4243,0.792434,9.86539,18.5927,35.2879,0.310853,0.0151774
76224,312213504,7.06706,0,0,16.8775,0.838483,10.6126,18.6032,34.3654,0.287699,0.0153402
76248,312311808,7.07344,0,0,18.1542,0.788609,12.645,18.8631,37.289,0.301248,0.0149434
76272,312410112,7.08093,0.00357654,0,16.5151,0.826017,10.3546,18.3222,33.5934,0.297944,0.0147807
76296,312508416,7.0876,0.00575784,0,17.2494,0.806682,11.0187,18.5012,34.1433,0.311341,0.0145264
76320,312606720,7.09685,0.00521014,0,18.0188,0.833003,11.8659,18.616,36.6886,0.316326,0.0140483
76344,312705024,7.10149,0,0,16.663,0.769017,8.95314,17.9996,31.2461,0.309053,0.0140279
76368,312803328,7.10599,0.00563123,0,17.5199,0.81621,11.8139,19.0126,39.9787,0.332271,0.0141602
76392,312901632,7.11279,0,0,15.0521,0.715231,9.66025,18.4891,33.5587,0.311967,0.0142721
76416,312999936,7.11968,0.0164107,0,16.2008,0.827139,10.2404,18.1787,32.7035,0.306161,0.0143941
76440,313098240,7.12638,0.0105382,0,15.7104,0.783593,9.5251,18.3049,34.1903,0.293753,0.0144145
76464,313196544,7.13077,0,0,16.779,0.757941,10.237,18.1522,32.957,0.296361,0.0147807
76488,313294848,7.13633,0.00427655,0,15.668,0.75937,9.86683,18.759,39.4855,0.294882,0.0149434
76512,313393152,7.1421,0,0,18.0509,0.799966,11.9477,18.4459,30.4733,0.287673,0.0148926
76536,313491456,7.14936,0,0,16.7086,0.783723,10.6339,18.4445,36.266,0.306283,0.0143331
76560,313589760,7.1551,0,0,17.2223,0.820221,10.3174,18.9323,34.1938,0.325868,0.0144043
76584,313688064,7.16057,0.0170089,0,15.4258,0.737269,8.91665,18.2289,32.1328,0.294345,0.0146179
76608,313786368,7.16398,0,0,16.8667,0.785838,10.3543,18.305,35.1222,0.310365,0.014445
76632,313884672,7.17082,0,0,16.7894,0.715349,10.3019,18.3798,35.0413,0.320234,0.0144958
76656,313982976,7.17579,0.00739919,0,16.9428,0.764718,10.5979,18.6875,37.2403,0.282088,0.0142212
76680,314081280,7.18096,0.0165039,0,17.1674,0.78042,11.1694,18.5493,37.5761,0.324889,0.0140889
76704,314179584,7.18559,0.0107498,0,16.4495,0.829051,10.0305,18.4089,34.6723,0.321295,0.0140788
76728,314277888,7.19138,0.00339895,0,17.2824,0.809928,11.15,18.2294,33.8704,0.322016,0.01415
76752,314376192,7.19694,0,0,17.0678,0.752291,10.3555,18.5422,36.5354,0.335856,0.0146586
76776,314474496,7.20397,0,0,17.382,0.775542,11.1002,18.7102,35.9299,0.330202,0.0146179
76800,314572800,7.20998,0.00442001,0,16.6953,0.827899,10.9848,18.6718,35.1599,0.312216,0.0148824
76824,314671104,7.21716,0.0125245,0,14.391,0.731152,8.13967,18.1098,32.7311,0.2958,0.0148112
76848,314769408,7.22392,0,0,16.2169,0.791669,10.2846,18.2727,35.1023,0.322095,0.0144552
76872,314867712,7.22865,0,0,16.1345,0.772298,9.33743,18.4269,33.5329,0.318412,0.0140889
76896,314966016,7.2347,0,0,15.3235,0.78336,9.51118,18.0607,31.9115,0.320394,0.0139567
76920,315064320,7.24114,0.00594929,0,16.2604,0.813163,10.1805,18.6139,35.1339,0.326811,0.0138855
76944,315162624,7.24812,0.00612662,0,16.2841,0.809668,10.4501,18.7236,35.6749,0.317808,0.0138855
76968,315260928,7.25199,0.0036483,0.00914913,15.946,0.732012,9.90534,18.6652,35.9871,0.309264,0.0146891
76992,315359232,7.25898,0,0,16.3163,0.712632,10.2832,18.597,38.1817,0.318649,0.0146179
77016,315457536,7.26686,0,0,16.9485,0.818793,11.2096,18.2551,32.8226,0.322179,0.0146383
77040,315555840,7.2729,0,0,16.4171,0.735789,10.4764,18.7559,37.2199,0.285425,0.0144043
77064,315654144,7.27818,0.00704385,0,16.4896,0.745917,10.1266,18.5104,35.2155,0.298867,0.0145162
77088,315752448,7.28454,0,0,15.7377,0.7607,9.693,18.5842,32.0765,0.315738,0.0146586
77112,315850752,7.2919,0.00708018,0,16.697,0.798937,10.5559,18.6573,35.0413,0.307386,0.0149943
77136,315949056,7.29936,0.010805,0,17.2249,0.816213,10.7555,18.7344,37.6307,0.313783,0.0149943
77160,316047360,7.30556,0,0,16.5122,0.734533,10.3256,18.9405,38.8414,0.312065,0.0147909
77184,316145664,7.31193,0,0,15.7594,0.788461,9.4803,19.097,37.9199,0.298749,0.0143636
77208,316243968,7.3165,0.00351238,0,16.5062,0.783328,10.84,18.9561,35.7698,0.314379,0.0141296
77232,316342272,7.32253,0.00597089,0,16.8298,0.777068,10.5118,18.6876,36.784,0.308992,0.0136719
77256,316440576,7.32838,0,0,17.696,0.769223,11.1124,18.7998,34.9766,0.322285,0.0135701
77280,316538880,7.33453,0.00496381,0,17.6516,0.785969,10.5586,19.1022,36.3905,0.331206,0.013916
77304,316637184,7.34035,0,0,16.604,0.797296,10.0556,19.1712,31.7501,0.340797,0.0150655
77328,316735488,7.34561,0,0,16.0538,0.78667,9.76161,19.224,36.8057,0.305221,0.0151062
77352,316833792,7.3536,0,0,15.118,0.76272,9.09112,18.6914,32.5859,0.324008,0.0148722
77376,316932096,7.35965,0.00480962,0,17.7345,0.83166,11.6236,19.4369,39.1629,0.304944,0.0154724
77400,317030400,7.36482,0.00539042,0,16.4509,0.826803,10.3532,18.9201,34.1327,0.313421,0.0152079
77424,317128704,7.37046,0,0,17.154,0.793401,10.5332,19.2578,38.7472,0.323603,0.0150859
77448,317227008,7.37537,0.00816771,0,15.5429,0.806778,8.89372,19.1696,36.2982,0.31839,0.0158997
77472,317325312,7.38069,0.00415628,0,16.8077,0.785102,9.17616,19.22,31.058,0.31308,0.0165507
77496,317423616,7.38673,0,0,16.4221,0.752935,9.6384,18.9637,32.3858,0.304216,0.0166931
77520,317521920,7.39222,0.0205394,0,16.6698,0.776365,10.3835,19.2879,38.4467,0.307599,0.0171814
77544,317620224,7.39723,0,0,14.7462,0.733625,8.94106,19.0862,32.9087,0.313246,0.0181783
77568,317718528,7.40334,0,0,15.6024,0.768626,9.56273,18.9294,34.3368,0.314779,0.0180868
77592,317816832,7.40772,0.0128514,0,15.9943,0.740244,9.99465,19.2466,36.3438,0.292828,0.017863
77616,317915136,7.41113,0,0,15.7055,0.827314,9.52774,19.1899,30.7298,0.313208,0.0177104
77640,318013440,7.41704,0.0045526,0,16.5644,0.721274,10.3074,19.0597,35.8161,0.318383,0.0175781
77664,318111744,7.42325,0,0,16.838,0.761251,10.1803,19.3932,38.7023,0.291363,0.0172831
77688,318210048,7.42712,0.00537149,0,16.3656,0.773228,10.1448,18.8852,34.1057,0.313267,0.017568
77712,318308352,7.43385,0,0,17.3664,0.74749,10.889,19.5494,38.6101,0.307748,0.0177409
77736,318406656,7.43835,0,0,14.9418,0.81467,8.685,19.0342,34.867,0.309685,0.0172119
77760,318504960,7.44142,0.00605001,0,15.987,0.837529,10.1294,19.292,36.6521,0.299721,0.0166117
77784,318603264,7.44556,0,0,16.6786,0.772501,10.4754,19.4709,37.4455,0.314902,0.0163778
77808,318701568,7.44995,0.00344217,0,16.2182,0.759331,10.3013,19.4483,37.4864,0.305326,0.0170593
77832,318799872,7.45594,0.00463606,0,17.0162,0.768472,10.7411,18.8739,33.5218,0.291148,0.0181274
77856,318898176,7.461,0.0237758,0,16.5048,0.79521,10.1883,19.2527,34.8509,0.311925,0.0186462
77880,318996480,7.4664,0.00399016,0.0095435,15.9392,0.736668,9.61751,19.37,37.1956,0.323065,0.0184021
77904,319094784,7.47168,0,0,15.0515,0.790701,8.89301,19.4226,35.2408,0.31238,0.0186056
77928,319193088,7.47983,0,0,16.3184,0.758671,10.6552,19.6633,36.1505,0.302354,0.0183919
77952,319291392,7.48456,0.00435203,0,16.8892,0.80276,10.5393,19.6019,38.1628,0.30244,0.0183411
77976,319389696,7.49159,0.00563486,0,15.7077,0.749782,9.84593,19.2422,34.211,0.309925,0.0178223
78000,319488000,7.49684,0,0,16.2081,0.738458,10.3633,19.5455,35.9838,0.302787,0.0175883
78024,319586304,7.50402,0,0,16.0774,0.719698,9.98666,19.1667,34.7658,0.318898,0.0180257
78048,319684608,7.50962,0,0,16.1914,0.744272,10.3602,19.4657,35.8372,0.313028,0.0180664
78072,319782912,7.51407,0.0107229,0,16.8443,0.847355,10.7578,19.7109,38.9512,0.310604,0.0179443
78096,319881216,7.51821,0,0,15.268,0.725793,8.9943,19.5291,41.0267,0.31375,0.0177917
78120,319979520,7.52348,0,0,15.8319,0.756428,9.94708,19.661,34.9786,0.315847,0.0176697
78144,320077824,7.52824,0.00433291,0,17.9818,0.841515,11.8427,19.5806,38.7017,0.303766,0.0178019
78168,320176128,7.53593,0,0,15.9211,0.842124,10.1746,19.7426,42.3715,0.311555,0.0175374
78192,320274432,7.542,0,0,15.9387,0.756948,9.87158,19.6207,35.6739,0.323627,0.017334
78216,320372736,7.54771,0.00428771,0,16.0738,0.729461,10.1674,19.3794,37.1181,0.328035,0.0175374
78240,320471040,7.55158,0.00217386,0.00437181,17.3358,0.715784,11.056,19.5978,38.2354,0.321495,0.0174255
78264,320569344,7.55536,0,0,15.7264,0.796307,10.1246,19.1559,36.2571,0.319022,0.0174255
78288,320667648,7.56136,0,0,16.5254,0.774118,9.88632,19.5845,40.9695,0.315426,0.0165405
78312,320765952,7.56767,0,0,15.8721,0.7794,9.70886,18.9635,33.6406,0.296191,0.0161845
78336,320864256,7.57322,0.00533252,0,16.8238,0.754067,10.6912,19.5235,37.7485,0.313331,0.0164795
78360,320962560,7.57739,0,0,17.1843,0.750536,11.6105,19.7159,41.1703,0.326283,0.016571
78384,321060864,7.58332,0.00436364,0.00865801,16.0745,0.771365,9.90363,19.618,40.7757,0.317948,0.0167236
78408,321159168,7.59039,0,0,16.5577,0.74071,9.93151,19.0449,33.7713,0.313849,0.0169678
78432,321257472,7.59683,0,0,16.2379,0.752007,10.2323,19.4578,36.9871,0.33238,0.0167745
78456,321355776,7.60118,0.0139018,0,14.5624,0.717546,9.08863,19.1806,34.959,0.319929,0.0158997
78480,321454080,7.60472,0,0,16.8153,0.780065,10.5793,19.6169,37.3017,0.317339,0.0152893
78504,321552384,7.60918,0.0139966,0,17.6605,0.837081,11.4103,19.4804,40.8737,0.310988,0.0151062
78528,321650688,7.61346,0.00684557,0,15.4682,0.748581,9.69186,19.413,39.0064,0.31125,0.0146688
78552,321748992,7.61748,0.00780336,0,14.2834,0.783346,7.84723,19.0427,33.0282,0.338638,0.0144043
78576,321847296,7.6226,0,0,16.2268,0.731097,9.91873,19.4322,38.8472,0.30122,0.0147705
78600,321945600,7.62705,0.0245164,0,17.3687,0.809811,10.4832,19.3605,39.5832,0.309657,0.0154928
78624,322043904,7.63285,0,0,15.6036,0.789532,9.7778,19.1244,34.9399,0.320195,0.0160014
78648,322142208,7.63937,0.0110894,0,16.6388,0.710661,10.5641,19.3479,38.6381,0.302607,0.0163066
78672,322240512,7.64532,0.0147216,0,17.1928,0.8022,10.9697,19.2785,36.1954,0.304682,0.0162455
78696,322338816,7.65172,0.00850285,0,15.5795,0.847203,10.3693,19.2015,35.8714,0.289916,0.0158895
78720,322437120,7.65669,0.00543821,0,16.3906,0.787314,9.90413,19.2246,39.2426,0.316891,0.015625
78744,322535424,7.66279,0.00649632,0,15.8597,0.741441,9.95445,18.5557,32.5751,0.303275,0.0154826
78768,322633728,7.66731,0.0109524,0,17.1629,0.760425,11.1085,19.5392,42.5937,0.319681,0.0153809
78792,322732032,7.67359,0.00421238,0,16.7405,0.725239,10.4372,19.149,38.9063,0.316149,0.0148824
78816,322830336,7.67967,0,0,16.4509,0.746178,10.0866,19.1643,36.488,0.305861,0.0142721
78840,322928640,7.68589,0.0114492,0,17.0209,0.766585,10.8147,19.3049,38.5514,0.292624,0.0133667
78864,323026944,7.69304,0,0,16.5109,0.714308,10.599,19.492,41.2104,0.318445,0.0134074
78888,323125248,7.69763,0,0,16.5331,0.765483,10.6421,19.007,37.1767,0.316385,0.0133362
78912,323223552,7.70258,0,0,17.2859,0.793971,11.2102,19.2117,37.6447,0.279838,0.0130717
78936,323321856,7.7087,0,0,14.9214,0.68513,9.14693,19.0335,38.8807,0.282526,0.0129496
78960,323420160,7.71523,0,0,16.3926,0.727888,10.7019,19.0782,40.1104,0.325151,0.0128479
78984,323518464,7.71865,0.00683995,0,16.9102,0.754704,10.0995,19.085,34.2367,0.291752,0.013031
79008,323616768,7.7244,0.013241,0,17.5885,0.802501,11.0785,19.035,36.252,0.298791,0.0128581
79032,323715072,7.73215,0.00373692,0,17.2567,0.745093,11.122,19.2886,39.5591,0.301074,0.0128479
79056,323813376,7.73666,0.0110139,0,16.6833,0.777021,10.3404,19.5933,40.2939,0.317306,0.0133158
79080,323911680,7.74163,0.0126881,0,16.2575,0.777419,9.84172,19.301,41.0561,0.314702,0.0133769
79104,324009984,7.74532,0.0103279,0,15.8988,0.767097,9.37642,18.8936,36.1164,0.306027,0.0138041
79128,324108288,7.74972,0.0062978,0,17.46,0.693037,11.0568,19.1176,40.1379,0.315829,0.0143127
79152,324206592,7.75485,0,0,14.7391,0.722508,8.54556,18.7539,36.9047,0.290752,0.0145772
79176,324304896,7.75944,0,0,15.4288,0.717614,9.47513,18.8003,36.3405,0.294641,0.0147909
79200,324403200,7.76339,0.018806,0,17.3848,0.743639,10.8559,19.06,39.5425,0.294912,0.0146688
79224,324501504,7.76832,0,0,15.5984,0.747858,9.52071,19.1335,38.818,0.304567,0.0147095
79248,324599808,7.77404,0.0240635,0.0193628,16.1715,0.661744,10.757,19.002,41.3306,0.285562,0.0145569
79272,324698112,7.77784,0.00539679,0,16.3708,0.724437,10.4782,19.1229,38.2505,0.311815,0.0144043
79296,324796416,7.78248,0.0200217,0,15.3704,0.734613,9.39989,19.1198,37.2746,0.298464,0.0143026
79320,324894720,7.78824,0,0,17.1238,0.816997,10.9717,19.1024,37.14,0.298804,0.0141093
79344,324993024,7.7937,0.0158323,0.00381884,15.1927,0.718968,9.24041,18.9002,36.6372,0.309401,0.0140991
79368,325091328,7.79874,0.00503139,0,17.2288,0.710659,11.2586,19.4845,43.0953,0.322584,0.013682
79392,325189632,7.80614,0,0,17.4401,0.710371,11.1951,19.3263,39.5206,0.32226,0.0131734
79416,325287936,7.81395,0.00389636,0,16.5824,0.780498,10.08,18.8118,37.1592,0.306657,0.0132548
79440,325386240,7.82026,0.00945928,0,14.9426,0.731669,9.12227,19.0788,39.6881,0.314544,0.013265
79464,325484544,7.82635,0,0,18.0533,0.770698,11.389,19.1001,39.4941,0.32106,0.0135803
79488,325582848,7.8318,0.0228001,0,15.7167,0.726772,10.1408,18.9207,40.6313,0.314053,0.0136312
79512,325681152,7.83768,0,0,16.9497,0.75726,10.8148,19.1757,40.0349,0.287895,0.0134989
79536,325779456,7.84205,0,0,16.5247,0.751463,9.79901,19.0382,38.1004,0.284547,0.013031
79560,325877760,7.84961,0.0123728,0,16.9224,0.74369,10.3857,18.5319,34.5483,0.318822,0.0130107
79584,325976064,7.85363,0.00485521,0.0107341,17.1171,0.72468,10.6352,18.7556,40.2866,0.301585,0.0134684
79608,326074368,7.85827,0,0,17.4752,0.816705,10.208,19.2552,38.3107,0.309479,0.0135396
79632,326172672,7.86399,0.0110462,0,16.3772,0.773012,10.4212,19.2134,37.6259,0.314954,0.0137838
79656,326270976,7.86883,0.00582201,0,17.4402,0.748372,10.9392,19.5528,44.7492,0.314465,0.0137634
79680,326369280,7.87605,0,0,16.7955,0.745621,10.697,18.9474,35.7066,0.294277,0.013682
79704,326467584,7.88168,0.00309981,0,16.0783,0.758558,9.82352,18.8843,35.6177,0.319125,0.0138855
79728,326565888,7.88798,0.00707373,0,16.0676,0.756096,9.99416,19.2382,40.8735,0.305013,0.013916
79752,326664192,7.89257,0,0,17.0848,0.772026,10.679,18.8788,38.1705,0.334327,0.0145365
79776,326762496,7.89861,0.0227848,0,16.7227,0.740469,9.35416,19.0446,37.8404,0.321448,0.0155029
79800,326860800,7.90526,0.0145751,0.0159553,17.1339,0.739847,10.7323,19.0408,39.0664,0.300711,0.0157267
79824,326959104,7.91151,0,0,16.0167,0.689362,9.94411,19.0781,37.3609,0.307883,0.0159302
79848,327057408,7.91588,0,0,17.5436,0.809821,10.5505,19.5778,41.2828,0.291548,0.0162659
79872,327155712,7.92123,0.0167018,0,16.581,0.770368,10.0797,19.1597,39.7326,0.288014,0.0163676
79896,327254016,7.92649,0.00858588,0,18.7659,0.747709,12.7095,19.5595,43.6976,0.30375,0.0168254
79920,327352320,7.93151,0,0,14.2129,0.70494,8.02373,19.0424,37.2851,0.306915,0.0172119
79944,327450624,7.9352,0,0,16.2511,0.746606,10.1855,18.886,37.8654,0.296167,0.0174561
79968,327548928,7.93808,0.0145555,0,16.8467,0.746156,10.3069,19.1686,38.9834,0.309288,0.0172831
79992,327647232,7.94124,0,0,16.9189,0.726262,10.7116,19.044,36.9511,0.305503,0.017039
80016,327745536,7.9474,0.0166113,0,16.1091,0.772512,9.25153,19.1924,36.1044,0.316008,0.0171814
80040,327843840,7.95417,0.016212,0,18.0772,0.786148,11.343,19.2703,42.0231,0.320047,0.0170898
80064,327942144,7.95936,0.00768962,0,16.5908,0.803396,10.7025,19.2096,39.9111,0.315075,0.0168254
80088,328040448,7.96365,0,0,17.1453,0.738084,10.8773,18.8051,38.3262,0.304858,0.0168559
80112,328138752,7.96822,0.0118193,0.00835871,16.4822,0.768528,10.2768,19.0288,40.2911,0.308555,0.0163879
80136,328237056,7.97376,0.00615222,0,15.3009,0.740458,9.59149,19.1191,41.03,0.319433,0.0155334
80160,328335360,7.97818,0.00272919,0,16.7387,0.75723,11.2271,18.8502,39.3543,0.330615,0.0152384
80184,328433664,7.9835,0,0,16.8839,0.781383,11.0401,19.0535,40.2115,0.31484,0.0152893
80208,328531968,7.98881,0.0132434,0,15.8797,0.729834,9.37907,18.8527,36.4256,0.321555,0.015686
80232,328630272,7.99314,0.00197239,0,16.6722,0.766406,10.3459,19.2564,39.9258,0.320252,0.0155233
80256,328728576,7.99929,0.0108192,0,15.7582,0.70688,9.44931,18.9223,37.3981,0.309776,0.0154317
80280,328826880,8.0057,0.00325904,0.00570469,16.1142,0.806841,9.72024,19.2293,38.7055,0.318691,0.0156453
80304,328925184,8.00873,0.00520988,0,17.2001,0.805039,10.3916,19.3469,39.106,0.315839,0.0162659
80328,329023488,8.01259,0.00587544,0,15.8056,0.770266,9.47528,18.9616,36.7022,0.302152,0.0170797
80352,329121792,8.0168,0.00447213,0,17.815,0.733811,11.016,19.232,41.2118,0.333816,0.0168966
80376,329220096,8.0207,0,0,14.3273,0.70151,8.24647,18.7044,33.346,0.323034,0.0171712
80400,329318400,8.02606,0.0164577,0.011823,15.7593,0.738511,9.67499,18.9019,37.6416,0.292884,0.0169474
80424,329416704,8.03091,0,0,16.5119,0.738446,10.4489,19.298,40.3678,0.30346,0.0167745
80448,329515008,8.03663,0.0115075,0,15.9125,0.743674,9.72592,18.9177,36.8903,0.34081,0.016805
80472,329613312,8.04111,0,0,16.2576,0.724146,9.51007,19.0198,39.6739,0.311541,0.0162252
80496,329711616,8.04688,0.0186232,0,16.3317,0.72455,10.1827,18.9488,41.8831,0.316347,0.0162862
80520,329809920,8.05097,0.00763671,0,16.4939,0.769707,9.76024,19.0943,38.4584,0.327238,0.0166423
80544,329908224,8.05634,0.0059312,0,15.2644,0.733376,9.25091,18.7028,37.0811,0.328483,0.016449
80568,330006528,8.06205,0,0,17.7644,0.799529,11.0773,19.1302,42.2306,0.296275,0.0162964
80592,330104832,8.06813,0.00448419,0,16.1609,0.769009,10.0355,18.9557,40.0739,0.291201,0.0152079
80616,330203136,8.07399,0,0,17.1529,0.772156,9.04955,19.0297,40.0826,0.312331,0.0147909
80640,330301440,8.07869,0.0146159,0,15.3981,0.709958,9.20718,19.02,39.1541,0.302684,0.015269
80664,330399744,8.08453,0.00488003,0,17.4434,0.711534,10.9398,18.9186,37.164,0.30286,0.0152181
80688,330498048,8.08894,0.00825455,0,18.5698,0.765024,12.3701,19.4379,43.3028,0.318712,0.01533
80712,330596352,8.09353,0.0121246,0,16.6263,0.753332,10.3567,18.7061,38.4512,0.304555,0.01533
80736,330694656,8.099,0,0,16.7065,0.774504,10.2533,18.8252,41.5554,0.307923,0.0152384
80760,330792960,8.10293,0.00607072,0,17.207,0.77478,11.2037,19.0139,40.7097,0.312043,0.0144552
80784,330891264,8.10795,0.0055268,0,17.4356,0.765561,11.0593,18.9998,41.3197,0.31324,0.0136719
80808,330989568,8.11148,0.00921042,0,15.9309,0.715257,9.28889,18.6085,37.1268,0.298437,0.0133057
80832,331087872,8.11522,0.00388608,0,15.1444,0.705526,8.70543,18.6803,39.1896,0.309762,0.0128581
80856,331186176,8.12149,0.00741755,0,15.8731,0.679858,10.435,18.7679,40.2945,0.306453,0.0123494
80880,331284480,8.12582,0.00502368,0,19.2107,0.762008,12.777,19.2869,42.2803,0.307163,0.0119324
80904,331382784,8.13062,0,0,16.2707,0.715818,9.73552,19.0061,40,0.319166,0.0113017
80928,331481088,8.13476,0.00394211,0,17.564,0.798657,10.45,18.7216,36.925,0.287571,0.0108439
80952,331579392,8.13912,0,0,18.7255,0.805922,12.779,19.0173,42.6354,0.29115,0.0105387
80976,331677696,8.14588,0,0,18.8447,0.806227,9.53742,19.0686,41.4601,0.302642,0.0102946
81000,331776000,8.15077,0.00451625,0,17.4711,0.758883,10.788,18.9693,41.3471,0.312899,0.0110474
81024,331874304,8.15663,0,0,15.4863,0.729428,9.4141,18.7165,37.593,0.338961,0.0109355
81048,331972608,8.15952,0.0165221,0,17.1439,0.763819,10.3768,19.2113,43.4791,0.320123,0.0105184
81072,332070912,8.16243,0.00900428,0,17.1464,0.797282,10.8657,19.0447,41.4454,0.317179,0.010376
81096,332169216,8.16702,0.00581363,0,15.486,0.687036,8.88533,18.5609,36.7122,0.320689,0.0103149
81120,332267520,8.17239,0.0115725,0,18.5229,0.760981,12.1648,19.2775,44.8745,0.314302,0.0108439
81144,332365824,8.17627,0.00371885,0,16.6539,0.742782,10.0294,19.0272,40.2268,0.289439,0.0112712
81168,332464128,8.18001,0.00309215,0,16.0168,0.787284,10.0749,18.923,41.5457,0.314177,0.0117594
81192,332562432,8.18339,0.00332173,0,15.5998,0.759325,8.98858,18.4226,37.1108,0.271532,0.0117391
81216,332660736,8.186,0.00374105,0,16.1581,0.66858,10.0756,18.9464,41.5709,0.315566,0.0114746
81240,332759040,8.18972,0,0,15.8899,0.735834,9.72732,18.4722,35.7186,0.298178,0.0112915
81264,332857344,8.19358,0.00328887,0,18.7952,0.759263,12.2034,19.1543,45.6252,0.318364,0.0111084
81288,332955648,8.19624,0.00343034,0.00689893,17.7707,0.810438,11.6054,19.056,41.9754,0.29322,0.0108643
81312,333053952,8.19955,0.0113938,0,18.2585,0.808045,11.5545,18.7896,42.7397,0.319333,0.00987752
81336,333152256,8.20296,0.00810665,0,17.7266,0.727733,11.2673,19.1555,41.4603,0.334542,0.00948079
81360,333250560,8.20758,0.00922072,0.00736454,15.6929,0.775228,8.95843,18.8791,41.7083,0.302756,0.00930786
81384,333348864,8.21077,0.0132861,0,15.8561,0.735161,10.4127,18.6545,40.5944,0.30659,0.00920614
81408,333447168,8.21393,0.00593019,0.0112299,16.6357,0.724663,10.639,18.8479,40.7718,0.302221,0.00926717
81432,333545472,8.21843,0.00971048,0.00961847,18.4114,0.78387,12.1771,19.2604,45.2299,0.324192,0.00906372
81456,333643776,8.2243,0,0,15.9203,0.703666,9.47854,18.697,38.1141,0.312562,0.00929769
81480,333742080,8.23034,0.00743573,0.0151237,17.0624,0.737997,11.5782,19.128,44.4413,0.29654,0.00938924
81504,333840384,8.23484,0.0045283,0,15.9432,0.800357,9.34879,19.249,41.0451,0.31327,0.00907389
81528,333938688,8.24042,0,0,16.5964,0.752023,9.9472,18.711,38.7408,0.307513,0.0090332
81552,334036992,8.2448,0,0,15.0794,0.751152,8.84728,18.6645,38.6664,0.329172,0.00893148
81576,334135296,8.24965,0.00346761,0,17.4431,0.756132,11.0717,19.0768,39.836,0.311532,0.00854492
81600,334233600,8.25469,0,0,19.3624,0.771155,13.6863,19.4798,46.1339,0.301873,0.00876872
81624,334331904,8.2587,0.00819187,0,16.5443,0.739725,10.534,18.9356,40.6505,0.313958,0.00796509
81648,334430208,8.26326,0.0028177,0,16.7875,0.825938,10.1264,18.3678,37.3399,0.32388,0.00736491
81672,334528512,8.26668,0,0,16.6131,0.797681,10.5511,18.8479,40.4657,0.303931,0.00764974
81696,334626816,8.26969,0.0235345,0,14.5232,0.740002,8.52626,18.643,37.6079,0.292669,0.00771077
81720,334725120,8.2738,0,0,17.17,0.790901,10.4818,19.1508,39.5872,0.295771,0.0078125
81744,334823424,8.27881,0.00605816,0,15.7735,0.678797,9.81256,18.8774,38.7125,0.311488,0.00794474
81768,334921728,8.2818,0.00579002,0,16.3348,0.770656,10.6089,19.1139,40.8542,0.313134,0.00805664
81792,335020032,8.2858,0.00767544,0,16.2201,0.776432,10.2683,18.9432,39.8621,0.324144,0.00805664
81816,335118336,8.28987,0.0180597,0,17.5051,0.766864,10.4389,18.8115,38.5111,0.331716,0.00799561
81840,335216640,8.29315,0.00857265,0,16.592,0.718615,10.0427,18.8992,37.7762,0.302746,0.00837199
81864,335314944,8.29802,0,0,17.0608,0.731564,11.2147,19.3599,41.6825,0.304629,0.00830078
81888,335413248,8.30184,0.0087348,0,17.8488,0.783318,11.6279,19.0792,40.5478,0.308315,0.00872803
81912,335511552,8.30737,0.00230979,0,15.9931,0.770331,9.29626,19.0043,37.6546,0.305236,0.00897217
81936,335609856,8.31367,0.00693069,0,15.5278,0.684953,8.97269,18.8158,38.8523,0.310402,0.00904338
81960,335708160,8.31734,0.00427503,0,17.3791,0.754525,11.1884,19.3828,42.4591,0.323444,0.00939941
81984,335806464,8.32232,0,0,16.5637,0.803206,10.1385,19.2508,40.3981,0.314086,0.00933838
82008,335904768,8.32817,0.0172767,0,16.3291,0.753186,10.6701,19.2975,41.6016,0.316115,0.00872803
82032,336003072,8.33421,0,0,16.0571,0.777766,9.74027,18.9892,40.8843,0.313174,0.00909424
82056,336101376,8.33823,0.00808081,0,16.0546,0.730617,9.63638,18.9271,39.1512,0.305211,0.00953166
82080,336199680,8.33995,0.0114047,0.00914867,17.4873,0.772931,11.4941,19.3804,40.8355,0.308212,0.00974528
82104,336297984,8.34402,0,0,16.9157,0.716598,10.8521,18.9701,39.5571,0.301583,0.0093689
82128,336396288,8.3494,0.0137718,0,17.2407,0.860462,10.3056,18.8349,37.6925,0.302278,0.00933838
82152,336494592,8.35502,0.00451419,0.00901094,17.4436,0.765983,10.9807,18.9333,41.6083,0.312224,0.00908407
82176,336592896,8.35902,0.0218405,0.00654736,16.7016,0.728193,10.1769,19.3987,40.9854,0.30077,0.009257
82200,336691200,8.36269,0.00503566,0,15.05,0.76558,8.84373,18.926,40.1519,0.307225,0.00947062
82224,336789504,8.36728,0.00938604,0,17.0728,0.779314,10.3204,19.3909,41.7813,0.325206,0.00968425
82248,336887808,8.37031,0,0,16.5178,0.686752,10.001,19.3564,41.9211,0.286161,0.0101217
82272,336986112,8.37407,0.00536319,0,15.8423,0.724939,9.17336,19.1801,40.5115,0.310066,0.0102539
82296,337084416,8.37952,0.0119054,0.0251814,16.5506,0.715437,9.35057,19.1149,40.538,0.303531,0.0105896
82320,337182720,8.38405,0,0,16.2047,0.785647,9.82564,19.2413,41.2519,0.324091,0.0109965
82344,337281024,8.38881,0.0106973,0,15.8153,0.693629,9.6222,19.1785,38.4306,0.315969,0.0116679
82368,337379328,8.39351,0.0126491,0,16.9696,0.697705,10.5967,19.3752,38.9658,0.319037,0.0123698
82392,337477632,8.39841,0.0123806,0,15.3625,0.686767,8.91463,19.1298,38.0494,0.314649,0.0125326
82416,337575936,8.40453,0.00773994,0,16.5308,0.726064,10.6982,19.3608,41.1543,0.304561,0.0128581
82440,337674240,8.40919,0.0104866,0.00720288,17.3801,0.777127,11.1868,19.4399,42.302,0.302887,0.0126953
82464,337772544,8.41267,0,0,16.7338,0.760587,10.4426,19.4865,43.6572,0.316856,0.0126546
82488,337870848,8.41765,0.00979363,0,15.7286,0.685897,9.26224,19.2928,42.6823,0.317184,0.0131226
82512,337969152,8.4238,0.00353857,0,15.666,0.727064,9.46689,19.1537,40.5313,0.329437,0.0128377
82536,338067456,8.42754,0.00493454,0,17.4399,0.713204,11.0384,19.4997,41.4036,0.314228,0.0131327
82560,338165760,8.43034,0.0125186,0,16.9619,0.70133,10.9594,19.3885,40.1712,0.300415,0.0139669
82584,338264064,8.43554,0,0,17.7894,0.768076,11.8535,19.7013,44.2607,0.32505,0.0140991
82608,338362368,8.44152,0.00931419,0,15.1378,0.713551,9.18218,19.2965,40.1351,0.319946,0.0142008
82632,338460672,8.44724,0.0169238,0,16.0663,0.713002,9.21191,19.5313,39.7897,0.332644,0.0143941
82656,338558976,8.45167,0.0239209,0,14.9946,0.77536,9.19804,19.2999,38.9221,0.324779,0.0143127
82680,338657280,8.45601,0.0100237,0,16.6679,0.753134,10.3088,19.5525,44.0278,0.327164,0.01415
82704,338755584,8.46065,0.00726136,0,17.1539,0.744262,11.3081,19.5833,41.4027,0.290194,0.0149638
82728,338853888,8.4651,0,0,16.8761,0.685158,10.3944,19.7867,44.1073,0.276455,0.0155131
82752,338952192,8.46828,0.00676043,0,16.6308,0.744728,10.1862,19.5217,42.3815,0.324412,0.0161438
82776,339050496,8.47403,0.0248625,0,18.3452,0.740273,13.0122,19.6683,45.0757,0.294036,0.0165304
82800,339148800,8.47917,0.0109621,0,15.271,0.692687,9.09239,19.5104,42.7054,0.281687,0.0168457
82824,339247104,8.48159,0.00798267,0,17.0897,0.723366,10.7314,19.7079,43.6513,0.300127,0.0171712
82848,339345408,8.48771,0.00911458,0,16.0956,0.716927,9.87161,19.7769,41.0021,0.310394,0.0169881
82872,339443712,8.49092,0,0,16.1298,0.713507,9.59273,19.4788,41.795,0.311329,0.0172323
82896,339542016,8.4944,0.0125197,0,15.4877,0.732193,9.49525,19.793,40.4708,0.293194,0.0169067
82920,339640320,8.49857,0.022322,0,17.8761,0.756954,11.2056,19.4683,39.9564,0.287725,0.0176086
82944,339738624,8.50219,0.0158425,0,18.6442,0.741061,12.2949,19.8598,41.4212,0.307937,0.0177307
82968,339836928,8.50508,0.00584112,0,19.1729,0.727436,12.2533,19.3193,41.3407,0.335332,0.017629
82992,339935232,8.50839,0.0218098,0,18.0189,0.774298,11.6104,19.8327,44.3489,0.301119,0.0177205
83016,340033536,8.51532,0.0066039,0.00507302,16.9563,0.748564,10.8748,19.768,43.834,0.311975,0.0173543
83040,340131840,8.52045,0.00499812,0,20.802,0.731474,14.5808,20.4617,50.5882,0.325069,0.0168762
83064,340230144,8.52514,0,0,16.8564,0.717264,10.547,19.8324,42.3364,0.296785,0.016866
83088,340328448,8.5293,0.0069828,0.0142866,16.8662,0.691091,10.555,19.5372,40.1152,0.304654,0.0168457
83112,340426752,8.53235,0.00333794,0,16.5924,0.742832,10.6231,20.0112,42.8937,0.2989,0.0166728
83136,340525056,8.53485,0.0144817,0,16.765,0.703711,9.66144,19.6034,42.027,0.321146,0.0170492
83160,340623360,8.5386,0.00469287,0,17.1121,0.713497,10.61,19.93,42.8068,0.311688,0.0167643
83184,340721664,8.542,0.00965942,0,17.2986,0.755803,10.7389,19.9356,45.329,0.311017,0.0167745
83208,340819968,8.54528,0.00386265,0,15.936,0.785277,10.178,19.8747,41.3742,0.309426,0.016571
83232,340918272,8.55107,0.00530325,0,17.1488,0.79007,10.8939,19.7396,41.6154,0.317037,0.0166321
83256,341016576,8.55716,0.00743622,0,19.1507,0.756262,12.7392,20.385,47.6807,0.325605,0.0165507
83280,341114880,8.56067,0.0116636,0,18.386,0.760845,11.4169,19.8893,42.5339,0.313041,0.0169474
83304,341213184,8.56451,0.0109236,0,15.9481,0.74424,10.2566,19.136,40.9216,0.300224,0.0169576
83328,341311488,8.56889,0.0191297,0,15.9653,0.783971,9.59798,19.5794,40.4277,0.31201,0.0167033
83352,341409792,8.57179,0,0,16.8063,0.775115,10.561,19.8186,41.0446,0.30246,0.016154
83376,341508096,8.57681,0.0181159,0,16.6431,0.67806,10.5443,19.9483,44.4301,0.298703,0.0164185
83400,341606400,8.58033,0.0171038,0.0119522,15.7243,0.780932,8.7176,19.5504,39.2087,0.326453,0.0166829
83424,341704704,8.58292,0,0,16.4689,0.760875,10.0548,19.6489,41.4414,0.297322,0.0171305
83448,341803008,8.58788,0.0177098,0,18.032,0.733118,10.6569,20.2796,43.3283,0.292,0.0173543
83472,341901312,8.59271,0.00633484,0,18.3758,0.725418,11.976,19.7292,42.349,0.276529,0.0175578
83496,341999616,8.59621,0,0,15.4913,0.723488,9.50644,19.7363,41.6845,0.309391,0.017395
83520,342097920,8.59898,0.00875273,0,16.0532,0.69162,9.87877,19.722,40.4489,0.297676,0.0177511
83544,342196224,8.60211,0.00717146,0,16.9583,0.708246,9.82343,19.5691,42.5534,0.276994,0.017568
83568,342294528,8.60613,0.0268286,0,15.6086,0.679024,9.29953,19.429,40.2358,0.306864,0.0172933
83592,342392832,8.60983,0,0,16.5269,0.733716,10.4104,19.6922,42.8972,0.312083,0.0176595
83616,342491136,8.61275,0.00581186,0,16.4887,0.759852,9.61085,19.6532,40.3645,0.303498,0.0177409
83640,342589440,8.61624,0.00511671,0,16.7785,0.670924,10.143,19.6748,41.24,0.288388,0.0176086
83664,342687744,8.61957,0.0194986,0,17.9778,0.720243,11.7716,19.6449,41.3181,0.273986,0.0177104
83688,342786048,8.6232,0.0075643,0.00744048,14.7046,0.749561,8.37229,19.7004,40.8384,0.324404,0.0172933
83712,342884352,8.62664,0,0,17.9128,0.767413,12.1878,20.0111,43.779,0.299628,0.0161641
83736,342982656,8.63145,0.0254507,0.0377359,16.8333,0.718956,10.9333,19.5615,43.7073,0.31611,0.0154114
83760,343080960,8.63582,0.00574713,0,17.0494,0.727943,10.7827,19.5729,40.5208,0.299789,0.0150248
83784,343179264,8.63949,0.00882164,0,16.3842,0.715901,10.238,19.7653,45.6678,0.303238,0.0148926
83808,343277568,8.64116,0.00512383,0,17.3901,0.734605,11.4502,20.1479,47.3648,0.310289,0.0151164
83832,343375872,8.64531,0.0240754,0.0205664,17.1583,0.737164,10.7945,20.0675,44.0125,0.318361,0.0147095
83856,343474176,8.64914,0.0241915,0.0216606,18.6847,0.721331,12.0795,19.7957,42.669,0.304642,0.0143433
83880,343572480,8.65283,0.0127741,0,16.8169,0.721553,10.427,19.849,43.2397,0.295763,0.0143433
83904,343670784,8.658,0.00502302,0,15.4062,0.739408,9.23612,19.8224,42.4309,0.299055,0.0144958
83928,343769088,8.66284,0.0122584,0,16.2894,0.730027,9.76931,19.8332,44.1302,0.303388,0.0137329
83952,343867392,8.66767,0.0204978,0,16.6624,0.797766,10.4111,19.4434,39.6424,0.323438,0.0136414
83976,343965696,8.67195,0.0110752,0.0116279,17.1594,0.790814,9.33759,19.9146,43.099,0.285825,0.0134176
84000,344064000,8.67443,0.00903444,0,15.5262,0.702752,9.18779,19.5581,39.206,0.295352,0.013855
84024,344162304,8.68009,0.00420189,0.00771681,16.2527,0.755281,9.81172,19.8865,42.1303,0.289802,0.013916
84048,344260608,8.68619,0.00222273,0,17.6843,0.71387,11.5552,19.8233,44.6333,0.320616,0.0138753
84072,344358912,8.6932,0.015068,0,16.4038,0.713727,9.96557,19.5742,42.711,0.306785,0.0135905
84096,344457216,8.69865,0.00340599,0.00661376,16.3282,0.690614,10.1695,19.8868,43.8843,0.323273,0.0138957
84120,344555520,8.70325,0.00336455,0,17.1952,0.727236,11.0659,20.0129,43.0967,0.309293,0.0136617
84144,344653824,8.70859,0,0,15.8493,0.741819,9.06622,19.9428,42.0709,0.286376,0.0133057
84168,344752128,8.71022,0.0117485,0.00615673,16.3715,0.762319,10.1974,20.2122,45.9588,0.310761,0.0133769
84192,344850432,8.71349,0.0303589,0.0329754,16.8724,0.761779,10.3891,19.982,44.2844,0.289365,0.0127665
84216,344948736,8.71746,0.0070319,0,16.3058,0.752766,9.77481,19.9044,46.2768,0.303502,0.0129598
84240,345047040,8.72165,0.0241807,0,16.1235,0.697485,9.91618,20.0165,41.4944,0.321691,0.0128174
84264,345145344,8.72681,0.0213144,0,17.2073,0.754618,10.7488,20.2852,49.4723,0.311191,0.0128174
84288,345243648,8.73195,0.0118066,0.0204781,17.5656,0.791223,11.3094,20.1817,46.5405,0.293886,0.0125529
84312,345341952,8.73744,0.00371195,0,16.3188,0.733043,10.5812,19.8785,46.1512,0.289979,0.0125224
84336,345440256,8.74061,0.0131085,0,16.566,0.722753,10.2046,19.8469,42.6532,0.282648,0.0124105
84360,345538560,8.74641,0.00836869,0,16.9925,0.767826,10.686,19.7294,40.389,0.298286,0.011851
84384,345636864,8.74915,0.00405351,0,18.5756,0.811898,11.5651,19.9256,43.3521,0.317197,0.0115662
84408,345735168,8.7533,0,0,16.5432,0.71974,10.3817,20.2152,44.9729,0.288945,0.0114848
84432,345833472,8.7575,0.00279806,0,18.0926,0.752991,11.786,20.1048,42.5874,0.296727,0.0111898
84456,345931776,8.76064,0,0,17.6056,0.75587,10.8136,19.996,39.779,0.286945,0.0113017
84480,346030080,8.7638,0.0232494,0,18.9826,0.719812,12.9376,20.1603,46.0962,0.314282,0.0114136
84504,346128384,8.76746,0.0287733,0,16.8158,0.711861,10.8457,19.8252,42.6142,0.303561,0.0118205
84528,346226688,8.77092,0.0263792,0,16.3961,0.678875,9.86485,19.775,40.6109,0.295402,0.012146
84552,346324992,8.77529,0.00868772,0,16.9351,0.814309,11.5053,20.3782,45.4173,0.300303,0.012085
84576,346423296,8.77931,0.0195044,0,16.0451,0.743858,9.64049,20.1126,43.5944,0.299081,0.0116374
84600,346521600,8.78263,0,0,15.6209,0.684543,9.96027,19.7074,40.8936,0.333297,0.0115153
84624,346619904,8.78566,0,0,17.0549,0.722277,10.0503,20.0813,44.9357,0.32518,0.0116374
84648,346718208,8.78872,0.00649513,0,15.6949,0.705826,10.0863,20.3896,43.4376,0.31954,0.0119629
84672,346816512,8.79235,0,0,17.7442,0.728468,10.6618,19.7991,43.2231,0.324824,0.011912
84696,346914816,8.79568,0.00475517,0,16.7242,0.758626,10.1102,20.2077,44.9648,0.299288,0.0120036
84720,347013120,8.79968,0.00748759,0,16.7552,0.770032,10.3225,19.8312,43.8425,0.309994,0.0123189
84744,347111424,8.80223,0.0038779,0,16.3225,0.699845,9.88405,20.2265,47.4473,0.304684,0.0125529
84768,347209728,8.80617,0.0250105,0,16.3279,0.721267,10.0029,20.0688,43.5141,0.318459,0.0122375
84792,347308032,8.81151,0.0212583,0,17.8692,0.767439,10.8886,20.5057,48.5097,0.311821,0.012146
84816,347406336,8.81478,0.0144343,0,17.7915,0.755372,10.9518,20.0321,43.8533,0.296504,0.0124105
84840,347504640,8.81829,0.0166634,0,16.492,0.71999,10.2082,19.8446,40.2276,0.308809,0.0127869
84864,347602944,8.82002,0.00866739,0,18.0274,0.780319,11.7341,20.177,46.3236,0.287179,0.0137126
84888,347701248,8.82315,0.0103597,0.00573559,16.9017,0.707783,10.8023,19.8475,40.7587,0.305163,0.0137024
84912,347799552,8.82847,0.0073741,0.00842415,18.0978,0.678382,12.2487,20.0667,45.9787,0.316216,0.0137126
84936,347897856,8.83233,0,0,16.9699,0.697246,11.6409,19.5117,44.5444,0.326422,0.013916
84960,347996160,8.83649,0.0056006,0,16.6096,0.722066,10.4051,20.0355,45.1358,0.301249,0.0143738
84984,348094464,8.83925,0.0155389,0,15.5129,0.746465,9.67372,19.7715,41.3981,0.303003,0.0146993
85008,348192768,8.84113,0.00265685,0,17.0682,0.74472,10.0427,19.6988,40.1788,0.308699,0.0151571
85032,348291072,8.84519,0.0104088,0,16.3038,0.777559,9.98627,19.7309,42.233,0.303561,0.0157674
85056,348389376,8.8483,0.0225691,0,16.6005,0.725851,10.0856,20.1607,43.969,0.305113,0.0165304
85080,348487680,8.85173,0.0182904,0,17.9045,0.732159,11.1776,20.2697,46.1635,0.292766,0.0172526
85104,348585984,8.85576,0.00585513,0,15.8888,0.727798,9.00921,20.1783,41.2297,0.311232,0.0176188
85128,348684288,8.85776,0.00257954,0,16.3814,0.664372,10.3403,20.0042,43.5655,0.306959,0.0180562
85152,348782592,8.86018,0.0139132,0,15.995,0.719192,9.93377,19.603,41.0511,0.302592,0.0178935
85176,348880896,8.86201,0.0126639,0,16.3491,0.677664,9.42738,19.9971,41.0496,0.317521,0.0177612
85200,348979200,8.86538,0.019767,0,17.748,0.784407,10.6926,20.2766,45.2607,0.301641,0.0178528
85224,349077504,8.86826,0.0143704,0,17.1675,0.738019,10.9289,19.8621,42.9002,0.315801,0.017629
85248,349175808,8.86996,0.00384563,0,17.294,0.693507,11.4617,20.4583,45.9623,0.311343,0.01769
85272,349274112,8.87157,0.0115347,0.00680978,16.424,0.708428,10.4372,20.2223,45.1495,0.322598,0.0178426
85296,349372416,8.87468,0.0186777,0,15.5828,0.718221,9.72649,19.8946,42.2878,0.306889,0.0174255
85320,349470720,8.87618,0.0101021,0,16.7516,0.740223,11.0117,20.0724,44.8227,0.32019,0.0176697
85344,349569024,8.87801,0.00248366,0,17.8157,0.697593,11.3752,20.4643,44.8755,0.29646,0.0180766
85368,349667328,8.88086,0,0,18.0766,0.706872,11.1442,20.3525,46.0302,0.301422,0.01887
85392,349765632,8.88624,0.0165563,0,17.0992,0.747091,11.3204,20.4069,44.5714,0.289258,0.018748
85416,349863936,8.89114,0.00385664,0,16.9153,0.766707,10.4968,20.4022,46.6329,0.293893,0.0190735
85440,349962240,8.89589,0.0141967,0,17.1935,0.756533,10.6824,20.1694,48.6807,0.301462,0.0195923
85464,350060544,8.90104,0,0,15.5608,0.668578,9.81966,19.5988,40.6833,0.313972,0.0192668
85488,350158848,8.90444,0.00484457,0,16.7292,0.722515,10.1074,20.2945,42.6383,0.296561,0.018514
85512,350257152,8.9098,0.00870286,0,17.5493,0.733122,11.4672,20.2896,46.1399,0.31897,0.0180868
85536,350355456,8.91375,0.0296686,0,15.7906,0.737836,9.67498,20.0851,44.4974,0.318707,0.0181885
85560,350453760,8.91689,0.005539,0,16.6458,0.679573,10.9543,20.2061,47.2176,0.332649,0.0184733
85584,350552064,8.92029,0.00527047,0.00962949,16.1989,0.720205,10.231,20.3349,45.5652,0.295612,0.0187174
85608,350650368,8.92426,0.00312334,0,19.012,0.746444,12.9931,20.4966,48.6087,0.303879,0.01887
85632,350748672,8.92726,0.00462453,0,16.7692,0.724244,10.2746,19.8213,39.0531,0.298762,0.0186462
85656,350846976,8.93031,0.0258749,0.00954459,17.4972,0.709616,11.1651,20.106,45.5109,0.310371,0.0192261
85680,350945280,8.93479,0.00804991,0,17.4492,0.750989,10.9033,20.0108,48.6702,0.315521,0.0192769
85704,351043584,8.93906,0.00855717,0,15.9682,0.745298,9.42824,19.979,41.9832,0.2909,0.0193075
85728,351141888,8.94226,0.0255003,0.0126024,15.3576,0.750963,9.17195,19.997,45.1468,0.302143,0.0193888
85752,351240192,8.94409,0.00496894,0,16.8846,0.768383,10.6518,20.1582,42.7092,0.304449,0.01946
85776,351338496,8.94669,0.0272989,0,17.9258,0.736004,11.8986,20.3074,47.8153,0.309296,0.0195211
85800,351436800,8.95072,0.0179778,0,16.6222,0.751307,10.6217,19.9871,44.196,0.288541,0.0193787
85824,351535104,8.95293,0.00693087,0,16.9641,0.751879,10.6816,20.2309,43.4203,0.304616,0.0193075
85848,351633408,8.95622,0,0,16.777,0.718572,10.6417,19.7072,43.8802,0.304363,0.0190125
85872,351731712,8.96161,0.0112172,0.0127099,17.5533,0.782016,11.4658,20.5246,45.3509,0.293868,0.0185242
85896,351830016,8.96434,0.00447944,0,16.4487,0.739772,10.058,20.1694,44.5975,0.31094,0.0185547
85920,351928320,8.96666,0.0030302,0,16.5281,0.740996,9.81932,20.0669,44.5866,0.32795,0.0183207
85944,352026624,8.96957,0,0,17.3663,0.779152,11.2952,20.2556,44.421,0.272556,0.0188497
85968,352124928,8.97343,0.0178876,0,17.2701,0.715523,10.3612,20.1069,47,0.31843,0.0188599
85992,352223232,8.97562,0.00510192,0,18.095,0.805191,11.8592,20.4399,45.7938,0.306896,0.0181986
86016,352321536,8.97851,0.0185185,0.0082828,16.3512,0.732046,10.2231,20.1691,43.104,0.300202,0.0179647
86040,352419840,8.98197,0.0119973,0,18.568,0.778668,11.8082,20.0468,42.2654,0.301709,0.0177511
86064,352518144,8.98455,0,0,17.0981,0.696756,10.7955,19.8415,41.862,0.311019,0.0174255
86088,352616448,8.98696,0.00359023,0,16.6981,0.774061,10.9197,20.0989,42.8245,0.284031,0.0170288
86112,352714752,8.98943,0.0162998,0,18.1116,0.722013,11.6536,19.9748,45.6053,0.305458,0.0173035
86136,352813056,8.99036,0.0147987,0,16.6987,0.73607,10.0735,20.0429,44.8991,0.307109,0.0173747
86160,352911360,8.99332,0.0084378,0,19.0785,0.755396,10.814,20.0063,44.3565,0.296895,0.0176595
86184,353009664,8.9972,0.0212297,0,19.508,0.69021,13.6544,20.5039,46.8873,0.296766,0.0174052
86208,353107968,9.00053,0.00612503,0,17.5043,0.716203,10.9523,20.1056,43.5435,0.285136,0.0174866
86232,353206272,9.00421,0.0509319,0,16.7242,0.709389,10.7237,19.8807,45.2104,0.324807,0.0181986
86256,353304576,9.00668,0.00880302,0.00697246,16.5964,0.698052,10.884,20.2361,43.9238,0.310494,0.018219
86280,353402880,9.00892,0.00334101,0,17.4652,0.75608,10.9386,20.4126,45.7384,0.292658,0.0184631
86304,353501184,9.01018,0.0171585,0,15.6703,0.761077,9.39671,19.9487,40.7824,0.303182,0.0194397
86328,353599488,9.01405,0.00644567,0,17.2693,0.683546,11.8261,20.2202,46.1343,0.30997,0.0191956
86352,353697792,9.01722,0.0134612,0,16.9217,0.713627,10.5249,19.9027,43.2488,0.305097,0.0194906
86376,353796096,9.01973,0.0321005,0.0380228,15.0998,0.688173,9.05663,19.7461,41.7593,0.28541,0.0196838
86400,353894400,9.02404,0,0,16.6313,0.667058,9.03477,19.5219,38.5109,0.333013,0.019338
86424,353992704,9.02677,0,0,16.5492,0.740437,10.0552,19.7125,46.2723,0.312703,0.0185038
86448,354091008,9.02952,0.0148192,0,17.3758,0.720092,10.8606,20.3773,48.0639,0.316862,0.0182597
86472,354189312,9.03171,0,0,16.838,0.728245,10.6576,19.7505,44.4954,0.314106,0.0186361
86496,354287616,9.03585,0.00803167,0,18.0249,0.718084,12.0772,19.8859,44.6379,0.319857,0.0186666
86520,354385920,9.03838,0,0,15.8231,0.747897,9.49424,19.7543,41.5118,0.289836,0.0188395
86544,354484224,9.04118,0.00334691,0,15.8166,0.65904,9.1829,19.5057,40.2268,0.29625,0.0182393
86568,354582528,9.04425,0.0204931,0.0145068,17.5233,0.727034,11.4976,19.7305,45.4671,0.32878,0.0180155
86592,354680832,9.04599,0.00296549,0,16.3082,0.716073,10.3404,19.7791,43.9953,0.323137,0.0180257
86616,354779136,9.05004,0.0120191,0,16.9941,0.717241,11.2078,19.8272,45.5839,0.325704,0.0178019
86640,354877440,9.05309,0.0323365,0,17.5799,0.699527,11.273,19.5881,43.6014,0.300737,0.0176493
86664,354975744,9.05684,0.00599144,0,17.1586,0.711106,10.4693,19.8352,42.8574,0.285659,0.0183919
86688,355074048,9.05979,0.00536085,0,16.4773,0.693831,9.84752,19.9966,46.1995,0.307018,0.0189819
86712,355172352,9.06216,0.00735391,0,16.6959,0.718775,10.7568,20.0626,45.1191,0.337666,0.0188904
86736,355270656,9.06388,0.00930027,0,17.7409,0.803489,11.5395,20.2262,49.1731,0.306235,0.0187174
86760,355368960,9.06518,0.00457579,0,16.7837,0.742627,10.8793,19.8317,43.9103,0.319805,0.0191752
86784,355467264,9.06872,0.0107836,0,18.5897,0.717906,12.4398,20.0537,47.193,0.306799,0.0192057
86808,355565568,9.06998,0.0115879,0,17.4311,0.742429,11.3471,20.2966,49.2589,0.315463,0.0189921
86832,355663872,9.07328,0.00407747,0,16.6238,0.714411,10.3146,19.6585,42.7239,0.313279,0.0191956
86856,355762176,9.07715,0.00337515,0,17.3411,0.73975,11.312,19.9208,45.3873,0.322845,0.0195007
86880,355860480,9.07975,0.00839513,0,17.1659,0.685742,11.3694,19.8055,46.4139,0.324547,0.0195007
86904,355958784,9.08297,0.0152722,0.00599361,15.7651,0.726896,10.0705,19.5345,44.1905,0.329185,0.0195312
86928,356057088,9.08638,0.00574514,0,17.5222,0.738609,11.7499,19.9073,43.0014,0.320154,0.0192973
86952,356155392,9.08744,0.017975,0.0134715,17.2896,0.704563,10.4104,19.8569,46.1959,0.322268,0.019104
86976,356253696,9.08888,0,0,17.4304,0.77421,11.0079,19.9529,42.7948,0.31805,0.019043
87000,356352000,9.08955,0.00467216,0,16.9161,0.711753,11.0367,19.7967,44.9133,0.290901,0.0187887
87024,356450304,9.09283,0.010851,0.0215109,14.7736,0.651222,8.72801,19.6262,41.4655,0.304844,0.0182902
87048,356548608,9.09653,0.0075493,0.00648322,16.5773,0.743422,10.5051,19.6737,46.3473,0.30511,0.017863
87072,356646912,9.09903,0.0144153,0.0138504,16.957,0.731537,10.4124,19.8592,45.2784,0.283916,0.0172221
87096,356745216,9.10079,0.0124272,0,16.2763,0.746372,9.44887,19.9857,42.4495,0.310704,0.017395
87120,356843520,9.10317,0.014942,0,16.9997,0.69914,10.6835,19.6164,45.1452,0.328362,0.0166423
87144,356941824,9.10544,0.00977502,0,19.873,0.727353,13.4786,20.1021,49.1149,0.306236,0.0166931
87168,357040128,9.10747,0,0,17.4979,0.667416,11.7408,19.927,45.3138,0.3183,0.016449
87192,357138432,9.10878,0.0146282,0.013284,17.1122,0.781722,10.9502,19.7839,43.9186,0.301628,0.0167643
87216,357236736,9.11108,0.0145494,0,16.2784,0.69049,10.3553,19.7329,41.6196,0.286425,0.0162862
87240,357335040,9.11367,0.00261136,0,16.6734,0.737469,10.4529,19.7055,43.0772,0.315591,0.0158183
87264,357433344,9.116,0.00247678,0,16.4516,0.772625,10.3187,19.5849,43.2717,0.323987,0.0154724
87288,357531648,9.11739,0.0178643,0,16.7447,0.740932,10.747,19.7941,44.4686,0.283599,0.0151672
87312,357629952,9.11951,0.00852524,0,16.9756,0.720613,11.1428,19.6877,47.0695,0.3195,0.0142008
87336,357728256,9.12117,0.0267365,0.00595893,16.4073,0.686054,9.96332,19.5843,42.1558,0.316715,0.0142314
87360,357826560,9.12128,0.00537514,0,18.2381,0.75188,11.5418,19.9068,44.3261,0.31256,0.0138448
87384,357924864,9.12388,0.0173637,0,17.6435,0.767438,10.9874,20.041,44.2583,0.321029,0.0139872
87408,358023168,9.12662,0.019706,0,22.1024,0.837213,15.0565,20.4538,50.6031,0.326658,0.0144552
87432,358121472,9.12967,0.0186984,0,16.2063,0.713752,10.4533,19.9933,47.4504,0.297052,0.0147909
87456,358219776,9.13395,0,0,15.2298,0.662738,9.28164,19.5542,40.076,0.30002,0.0147807
87480,358318080,9.13818,0.00909209,0,15.103,0.734417,9.56274,19.538,41.8689,0.322728,0.0149943
87504,358416384,9.14071,0.0125523,0,17.0965,0.702315,11.0371,19.5799,42.6087,0.310618,0.0151367
87528,358514688,9.14409,0,0,17.7707,0.730897,11.9973,20.0518,46.2467,0.323014,0.0148824
87552,358612992,9.14687,0.00820954,0,16.811,0.663479,11.1815,20.3967,50.3566,0.305658,0.0147502
87576,358711296,9.14795,0.00875738,0,16.0698,0.71175,10.3928,19.8699,41.279,0.305713,0.0152181
87600,358809600,9.14974,0.0142901,0,18.0357,0.72274,11.4156,19.9911,45.7042,0.287852,0.0151876
87624,358907904,9.1526,0.00750165,0,17.7015,0.746876,11.254,19.9564,43.1318,0.308275,0.0155538
87648,359006208,9.15375,0.0119957,0,16.8127,0.757567,10.7136,19.7093,44.3624,0.30991,0.0149434
87672,359104512,9.15525,0,0,18.4788,0.78243,12.0118,19.9225,44.949,0.307038,0.0146077
87696,359202816,9.15659,0.0115179,0,15.293,0.683477,9.35998,19.2894,38.9388,0.292632,0.0146484
87720,359301120,9.15806,0.045682,0.0115385,17.6442,0.745388,11.5522,20.0705,47.4486,0.289339,0.0150045
87744,359399424,9.16028,0.00547417,0.00856933,18.5035,0.750997,12.8679,20.3551,48.6818,0.303342,0.0149434
87768,359497728,9.16284,0.00693481,0,17.0008,0.725924,11.2195,20.0668,47.0426,0.321888,0.0145365
87792,359596032,9.16502,0.0150748,0.00639834,17.5863,0.732411,11.2599,20.3586,48.4187,0.317941,0.0145976
87816,359694336,9.16712,0.00907441,0,17.5371,0.714227,12.0749,20.2767,49.1443,0.318155,0.0148722
87840,359792640,9.17058,0.0120242,0,17.3059,0.723912,11.2879,20.1741,44.3059,0.31017,0.0147705
87864,359890944,9.17323,0.00539929,0,18.3686,0.689595,11.7368,20.2118,43.9443,0.292021,0.0144043
87888,359989248,9.17402,0.0213138,0,16.9635,0.745078,10.675,20.0788,46.1037,0.314117,0.0151164
87912,360087552,9.17569,0.00817297,0,17.7403,0.750188,11.5515,20.125,47.3548,0.290076,0.0154012
87936,360185856,9.17687,0.00641026,0,17.6475,0.715469,11.7003,20.1957,46.1126,0.297703,0.0156148
87960,360284160,9.17817,0.00559493,0,17.1259,0.773263,10.7102,20.0772,41.9408,0.31102,0.0158895
87984,360382464,9.17986,0.0290436,0.00608704,17.6848,0.772267,11.5263,20.348,46.786,0.323692,0.0159912
88008,360480768,9.18146,0.0102017,0,17.123,0.706767,10.8353,20.2979,45.2469,0.321029,0.0163981
88032,360579072,9.18465,0.0415706,0,17.3824,0.70266,10.5245,20.3902,50.1493,0.318201,0.0168457
88056,360677376,9.18738,0.0130083,0,16.7207,0.713492,10.892,20.2833,47.8202,0.297728,0.0167542
88080,360775680,9.18948,0.0192283,0.00714456,18.6494,0.705885,12.9086,20.1433,45.533,0.317515,0.0170898
88104,360873984,9.19304,0.00380373,0,16.7842,0.730567,10.1386,20.041,44.7281,0.303354,0.0167643
88128,360972288,9.19537,0.0130744,0,17.7397,0.710495,10.317,20.4599,46.505,0.311132,0.0172323
88152,361070592,9.19736,0.0106707,0.00873817,18.2031,0.7663,12.2949,20.0876,43.1783,0.302585,0.0179545
88176,361168896,9.19902,0.0107138,0,16.4938,0.728178,10.7371,20.131,45.6577,0.284428,0.0182699
88200,361267200,9.20118,0.00319217,0,17.3491,0.726779,11.3226,20.2957,45.6761,0.313505,0.0179545
88224,361365504,9.20439,0.0101598,0,17.8034,0.72569,10.9854,19.8837,43.5181,0.304958,0.0183004
88248,361463808,9.20552,0.00823736,0,16.4988,0.722986,11.4317,20.3375,50.7217,0.291333,0.0183207
88272,361562112,9.2087,0.0300229,0.0182344,17.4176,0.650639,11.5435,20.4441,48.9326,0.319697,0.0183004
88296,361660416,9.21357,0.0140926,0.0115385,16.836,0.716182,10.8364,20.0011,44.8729,0.321174,0.0184021
88320,361758720,9.21653,0.010457,0,18.4754,0.760579,11.867,20.1269,46.2005,0.314477,0.0189311
88344,361857024,9.2183,0.0100709,0,15.7209,0.673601,9.99964,20.0529,43.7121,0.292722,0.0188192
88368,361955328,9.21946,0.0282412,0.0182684,17.0973,0.698918,10.6492,19.9821,40.7102,0.30515,0.0186666
88392,362053632,9.22131,0.00451297,0,16.6711,0.622692,9.81982,19.8288,42.3644,0.325157,0.0183105
88416,362151936,9.2225,0.00305779,0,17.0817,0.707866,11.4862,20.3969,46.939,0.292437,0.0181173
88440,362250240,9.22427,0.00403575,0,17.5345,0.676404,11.5013,20.0967,41.2223,0.297905,0.0177104
88464,362348544,9.22661,0.0134927,0,19.4847,0.753597,13.1728,20.3108,47.0525,0.309875,0.017924
88488,362446848,9.22884,0.0168499,0.00760043,19.856,0.751612,13.7474,20.4912,49.569,0.333542,0.0175476
88512,362545152,9.23214,0.0125538,0,15.0287,0.701434,8.90165,19.9291,42.6354,0.312539,0.0175781
88536,362643456,9.23573,0.0150427,0,17.298,0.744343,11.1119,20.4611,45.6035,0.311003,0.01769
88560,362741760,9.23928,0.00349101,0,15.8393,0.708106,9.95956,20.4542,45.6169,0.30334,0.0173442
88584,362840064,9.24086,0,0,17.4207,0.710132,11.2528,20.3287,45.5771,0.322081,0.0175273
88608,362938368,9.24202,0.019005,0,17.5659,0.70494,11.3438,20.5393,49.0856,0.289764,0.0174967
88632,363036672,9.24409,0.0150862,0,16.847,0.637783,10.6521,20.1124,42.9249,0.31279,0.0172729
88656,363134976,9.24601,0.0106462,0,16.2986,0.757701,9.54398,20.0189,43.0891,0.306159,0.0169271
88680,363233280,9.24839,0.0093222,0,15.2106,0.65596,8.98463,19.9764,41.6425,0.305618,0.0163167
88704,363331584,9.25148,0.0190383,0,17.2258,0.678847,11.0619,20.6606,48.1809,0.337367,0.0160014
88728,363429888,9.25484,0.0129527,0,15.986,0.69469,9.82728,20.1633,46.2239,0.307195,0.0156555
88752,363528192,9.25563,0,0,17.1971,0.735749,11.2687,20.2963,47.1236,0.296025,0.0157166
88776,363626496,9.25829,0.0150987,0,15.8865,0.724875,10.0307,20.6131,45.2019,0.325269,0.0157064
88800,363724800,9.26042,0.00576163,0,17.5556,0.707083,11.4459,20.6804,49.2219,0.293456,0.0156657
88824,363823104,9.26381,0.00670309,0,16.8344,0.74175,10.7611,20.3773,45.3043,0.31546,0.0151876
88848,363921408,9.26619,0.025081,0,18.0856,0.717082,11.7169,20.8348,50.4871,0.289624,0.0150553
88872,364019712,9.26937,0,0,17.9588,0.764926,10.8881,20.6823,44.5797,0.402566,0.015035
88896,364118016,9.27095,0.0157404,0,16.0512,0.737004,10.3791,20.4402,45.4987,0.288813,0.0145772
88920,364216320,9.27324,0.0286498,0,15.8295,0.748333,8.88388,20.2801,41.1664,0.311838,0.0148315
88944,364314624,9.27363,0.0210273,0,15.9977,0.676345,10.0415,20.472,43.917,0.326445,0.01474
88968,364412928,9.27394,0.0221016,0.0116369,17.2747,0.709619,10.8582,20.3513,42.8181,0.303278,0.014506
88992,364511232,9.27528,0.0052036,0,16.2054,0.710223,10.0058,20.4519,45.1051,0.320181,0.01474
89016,364609536,9.27827,0.0209663,0,15.7105,0.75362,9.80618,20.3421,42.8198,0.309609,0.0145976
89040,364707840,9.28099,0.0122162,0,17.6932,0.688568,11.1738,20.6677,47.9377,0.317913,0.0148722
89064,364806144,9.28192,0.00757098,0,16.6186,0.711305,10.5363,20.6058,46.4713,0.315263,0.0149638
89088,364904448,9.28391,0.0194489,0,17.5926,0.750484,10.7199,20.6627,43.6268,0.312585,0.0145874
89112,365002752,9.28527,0.0400541,0,16.9193,0.691791,10.7834,20.5675,45.8498,0.330754,0.0142619
89136,365101056,9.28929,0.00301402,0,17.6579,0.739672,11.7265,20.8858,47.7666,0.300604,0.0138753
89160,365199360,9.29178,0.00499896,0,17.3103,0.691081,10.8642,20.5463,46.5286,0.311538,0.0129598
89184,365297664,9.29427,0,0,17.9566,0.705537,12.2924,21.1622,51.3618,0.315744,0.0127563
89208,365395968,9.29539,0.00689643,0,17.9187,0.744096,11.843,20.8118,48.2836,0.301532,0.0129903
89232,365494272,9.29733,0.0175859,0,17.9924,0.778849,11.4889,20.612,44.9881,0.316051,0.0126445
89256,365592576,9.29848,0.00359669,0.00678426,16.1481,0.709377,9.5407,20.6458,43.3797,0.305937,0.0128479
89280,365690880,9.30016,0.0344408,0.035206,17.3815,0.687529,10.2985,20.5841,45.7565,0.328758,0.0135193
89304,365789184,9.30223,0.00374696,0,16.123,0.667287,9.61464,20.308,42.3604,0.331451,0.0135803
89328,365887488,9.30423,0.0205303,0.0112613,17.8634,0.714264,10.4209,20.4594,41.9638,0.317524,0.0133464
89352,365985792,9.30481,0.00298725,0,15.9592,0.669925,9.72206,20.4242,42.6823,0.307245,0.0132345
89376,366084096,9.30695,0.028363,0.0203252,18.4984,0.691827,12.3583,20.9942,46.0456,0.311885,0.012736
89400,366182400,9.31033,0.0141815,0,16.7057,0.651361,10.2681,20.8688,48.2409,0.332848,0.0128988
89424,366280704,9.31383,0.0140693,0,17.5263,0.769405,11.1361,20.852,44.8649,0.312615,0.013265
89448,366379008,9.3162,0.00371333,0.00683371,17.9799,0.75444,11.3786,20.6826,46.6589,0.313049,0.0141195
89472,366477312,9.31874,0.0113827,0,17.3618,0.720462,10.5556,20.8951,45.9607,0.329125,0.0151062
89496,366575616,9.32184,0.0173882,0,15.6095,0.712146,9.3673,20.748,45.9203,0.307114,0.0150045
89520,366673920,9.32353,0.00483384,0,16.4077,0.699914,9.57369,20.652,44.2783,0.31177,0.0149434
89544,366772224,9.32601,0.00706037,0,16.8406,0.68799,9.81342,20.4308,42.7637,0.312643,0.0151367
89568,366870528,9.32805,0.0076608,0,16.5932,0.716168,10.3395,20.7398,47.6705,0.310314,0.0153707
89592,366968832,9.32937,0.0168774,0.00473087,17.7148,0.741552,11.2558,20.7697,47.076,0.303011,0.0151978
89616,367067136,9.33083,0.00320256,0,16.5175,0.689129,10.608,20.8661,49.7522,0.29618,0.0150146
89640,367165440,9.33291,0.00455507,0,18.1866,0.715146,11.8886,20.5493,45.5532,0.297403,0.0151164
89664,367263744,9.33681,0.0241532,0,17.0634,0.730421,10.3552,20.8253,45.7609,0.322233,0.015625
89688,367362048,9.34021,0.0105249,0,17.6849,0.648994,11.7288,20.6812,48.3798,0.29095,0.0160217
89712,367460352,9.34249,0.00570208,0,17.2348,0.721075,11.2979,21.2313,51.589,0.300135,0.0162354
89736,367558656,9.34599,0.0339947,0,14.8981,0.665077,8.3014,20.3131,39.7486,0.30734,0.0158895
89760,367656960,9.34883,0.0176229,0,18.4585,0.708212,11.9978,20.9581,48.4158,0.313392,0.0158691
89784,367755264,9.34973,0.00769615,0.0057751,17.2806,0.716236,11.0776,20.9937,48.0012,0.328206,0.0157572
89808,367853568,9.35127,0.0118655,0.0178232,19.1087,0.755909,11.8132,20.5193,46.5642,0.288332,0.0157267
89832,367951872,9.35245,0.0211694,0,17.6948,0.728769,11.7717,20.705,49.3028,0.292719,0.0157878
89856,368050176,9.35472,0,0,17.8302,0.759357,11.0278,20.5988,43.9076,0.306941,0.0155233
89880,368148480,9.35655,0.041508,0.0214816,16.429,0.661425,10.3695,20.4728,42.9325,0.306462,0.0155945
89904,368246784,9.35799,0.0173274,0,16.5084,0.717449,10.5809,20.3769,42.7157,0.315174,0.015686
89928,368345088,9.3604,0.0041021,0,18.1385,0.707285,11.7993,20.9647,48.4369,0.30787,0.0151265
89952,368443392,9.36202,0.0253835,0,16.9708,0.687234,9.50985,20.5167,43.6265,0.293744,0.0151876
89976,368541696,9.36186,0.0056394,0,17.7363,0.726162,11.5882,20.9522,49.2424,0.337172,0.0155843
90000,368640000,9.36281,0.0328745,0,17.3221,0.706038,11.4649,20.529,45.2404,0.298698,0.0160828
90024,368738304,9.36476,0.0162359,0.0143266,18.4254,0.812485,11.7845,20.637,44.6059,0.320203,0.0160522
90048,368836608,9.36581,0.0208738,0,16.1982,0.662919,10.5179,20.4409,47.3398,0.329397,0.01592
90072,368934912,9.36705,0.016421,0,15.225,0.703462,9.10924,20.021,42.2778,0.310145,0.0161743
90096,369033216,9.3683,0.0162782,0,16.8582,0.677618,9.48576,20.4112,44.7604,0.310104,0.0167033
90120,369131520,9.37098,0.0213606,0.00698603,17.116,0.695526,10.8904,20.6331,46.5716,0.305173,0.0166016
90144,369229824,9.37343,0,0,16.4679,0.71272,10.1444,20.7281,45.4864,0.310572,0.0167542
90168,369328128,9.37491,0,0,17.6459,0.741439,11.5534,20.5546,46.7828,0.312975,0.0169779
90192,369426432,9.37614,0.00931099,0,16.0927,0.699571,9.82595,20.4461,42.394,0.313462,0.0175069
90216,369524736,9.37552,0.0428421,0.035216,17.3494,0.735985,11.4312,20.3369,43.6789,0.300016,0.0175781
90240,369623040,9.37589,0.0178496,0,15.5545,0.731197,9.67157,20.2425,45.0185,0.32447,0.0176595
90264,369721344,9.37746,0.0258261,0,18.7446,0.71616,11.9937,20.6985,53.3019,0.301954,0.0174561
90288,369819648,9.37872,0.0152793,0,16.4148,0.745369,10.2279,20.5159,44.4338,0.323978,0.0172729
90312,369917952,9.38054,0.00337724,0,16.1102,0.637071,9.45704,19.947,42.1012,0.330976,0.0173645
90336,370016256,9.38103,0.018055,0,16.8311,0.711465,10.8265,20.4699,43.5606,0.315312,0.0179749
90360,370114560,9.38226,0.00793344,0,17.8146,0.764981,11.2737,20.508,46.1078,0.305645,0.0186157
90384,370212864,9.38285,0.0192982,0,16.8991,0.686728,10.5206,20.8286,47.4766,0.299081,0.0187887
90408,370311168,9.38548,0.0191693,0.00892857,16.2738,0.685519,10.1564,20.4277,42.1009,0.298218,0.018453
90432,370409472,9.38902,0.0153914,0,17.0193,0.716314,10.9428,20.6263,47.1372,0.314263,0.0179647
90456,370507776,9.39146,0,0,14.9322,0.703507,9.08237,20.2843,44.7446,0.311688,0.0164591
90480,370606080,9.39323,0.00801259,0,19.4334,0.793381,11.9291,20.8357,49.2539,0.289438,0.0161743
90504,370704384,9.39481,0.0107252,0.0220704,16.0569,0.729722,9.81406,20.1524,40.6679,0.323961,0.0165914
90528,370802688,9.39666,0.004011,0,17.4419,0.648068,10.7706,20.478,43.5911,0.300276,0.0167135
90552,370900992,9.39839,0.0338262,0,17.6531,0.773256,11.3439,20.6151,47.0291,0.302493,0.0171
90576,370999296,9.399,0.0204525,0,17.5244,0.660284,11.7805,20.3528,43.9367,0.288531,0.0169779
90600,371097600,9.40005,0.0171847,0,16.7461,0.661264,9.93344,20.2961,45.2163,0.310313,0.0172628
90624,371195904,9.402,0.00891629,0,16.9748,0.737658,11.143,20.41,45.0514,0.306692,0.0180155
90648,371294208,9.40427,0.0177397,0.00938715,18.8732,0.689227,12.7203,20.7216,47.4977,0.303711,0.0177409
90672,371392512,9.4068,0.00562269,0.00972703,18.3806,0.754493,12.6112,20.7902,50.7772,0.324135,0.0175171
90696,371490816,9.40709,0.0236571,0.0104415,18.81,0.702416,11.5932,20.7013,46.1457,0.311442,0.0175171
90720,371589120,9.40796,0.0110366,0.00416109,16.9787,0.773161,11.0317,20.6517,45.5099,0.301553,0.0176188
90744,371687424,9.40851,0.0191833,0,19.2212,0.698112,13.6079,20.6039,49.4512,0.30023,0.0176493
90768,371785728,9.40973,0.00768935,0.0139714,17.6296,0.727326,11.6103,20.8032,48.0404,0.310822,0.0178019
90792,371884032,9.41162,0.0109498,0.01291,17.5161,0.773442,10.9149,20.5778,47.1929,0.319909,0.0180664
90816,371982336,9.41602,0.0134465,0,16.6046,0.7295,10.3283,20.6649,45.1896,0.32094,0.0181783
90840,372080640,9.41685,0.0172327,0,18.1801,0.685335,11.8525,20.7708,48.7176,0.327373,0.0186157
90864,372178944,9.41695,0.0145042,0,16.6859,0.66287,10.462,20.4964,46.1122,0.293609,0.0186259
90888,372277248,9.41685,0.00890886,0,17.3268,0.721049,11.3494,20.1139,45.7,0.275826,0.0183818
90912,372375552,9.41889,0.00699021,0,17.2538,0.687885,11.0703,20.7013,47.9759,0.292356,0.0184123
90936,372473856,9.42039,0.0104501,0,17.7091,0.737068,12.0965,20.6806,47.6455,0.307626,0.0185547
90960,372572160,9.42031,0.00552806,0,16.2737,0.703249,10.1135,20.5347,44.8709,0.277467,0.0185649
90984,372670464,9.42175,0.00297044,0,18.4842,0.77484,11.7419,20.3352,45.1628,0.307,0.0180054
91008,372768768,9.42244,0.0386027,0,17.876,0.64367,11.1791,20.7682,48.9284,0.299155,0.0175578
91032,372867072,9.42338,0.00894525,0.00667175,20.674,0.777436,14.5313,20.8781,49.6248,0.295951,0.0174459
91056,372965376,9.42542,0.00848494,0,20.9015,0.744968,14.3227,20.8387,53.3801,0.307739,0.0174154
91080,373063680,9.42683,0.0078931,0,19.9339,0.732013,13.4655,20.4927,47.2961,0.279819,0.0176798
91104,373161984,9.42812,0.0126677,0,18.4938,0.720046,12.5877,20.7081,51.2852,0.317333,0.0179647
91128,373260288,9.43095,0.0146727,0,18.874,0.708254,12.058,20.6616,46.906,0.306488,0.0181376
91152,373358592,9.43359,0,0,17.9078,0.739297,11.2599,20.4145,47.9441,0.317053,0.0177205
91176,373456896,9.43466,0.0154252,0,20.1696,0.793114,13.8509,20.9769,50.9951,0.292631,0.0175374
91200,373555200,9.43588,0.0120084,0,18.2577,0.69804,11.5971,20.4896,48.0102,0.308105,0.0173136
