label,sim,kind,lambda_share,checkpoint,seed,goal_id,base_id,depth,ext,target_l_x,target_l_y,target_l_z,target_r_x,target_r_y,target_r_z,target_min_height,needs_crouch,success,success_l,success_r,t_success,closest,hold_err_pos,hold_err_rot,success_2cm,success_3cm,success_8cm,success_10cm,err_final_l,err_final_r,rot_final_l,rot_final_r,err_last1s,rot_last1s,pelvis_h_start,pelvis_h_min,pelvis_h_last1s,pelvis_drop_last1s,fell,t_fall,tilt_max_deg,angvel_rms,com_margin_min,com_margin_last1s,dcm_margin_min,dcm_margin_last1s,foot_slip_max,steps,ee_jitter_l,ee_jitter_r,ee_speed_rms,torque_knee_max,torque_ankle_max,torque_hip_max,torque_arm_max,cmd_drift_end,pitch_last1s_deg,variant
l0,mujoco,policy,0,/home/humanoid/Programs/Humanoid_Simulation/Locomanipulation_game/logs/skrl/locomanip_marl/paper00/checkpoints/agent_91200.pt,0,b000_d00_e00,0,0,0,0.335111,-0.124798,0.700641,0.148308,-0.10853,0.927873,1.70304,0,0,0,0,nan,0.101973,0.186876,0.451821,0,0,0,0,0.105066,0.156872,0.112287,0.357818,0.139159,0.2924,0.928871,0.774702,0.802446,0.126425,0,nan,12.5264,0.197539,-0.150645,0.125556,-0.157598,0.124199,0.53223,2,30.5555,32.34,0.365927,0.486546,0.681751,0.535428,0.727616,0.0866362,10.2372,full
l0,mujoco,policy,0,/home/humanoid/Programs/Humanoid_Simulation/Locomanipulation_game/logs/skrl/locomanip_marl/paper00/checkpoints/agent_91200.pt,0,b000_d00_e10,0,0,0.1,0.412656,-0.187938,0.700641,0.244935,-0.0827748,0.927873,1.70304,0,0,0,0,nan,0.127598,0.193354,0.498151,0,0,0,0,0.117241,0.17142,0.174923,0.171707,0.150225,0.270031,0.934682,0.783637,0.804687,0.129995,0,nan,12.7365,0.190315,-0.22009,0.129178,-0.215954,0.125692,1.91088,2,37.1735,41.5052,0.481307,0.787804,0.544842,0.492036,0.763298,0.0879695,11.3053,full
l0,mujoco,policy,0,/home/humanoid/Programs/Humanoid_Simulation/Locomanipulation_game/logs/skrl/locomanip_marl/paper00/checkpoints/agent_91200.pt,0,b000_d00_e20,0,0,0.2,0.490202,-0.251078,0.700641,0.341561,-0.0570198,0.927873,1.70304,0,0,0,0,nan,0.19142,0.245761,0.582828,0,0,0,0,0.188738,0.216615,0.0917682,0.259539,0.217501,0.248276,0.952311,0.778732,0.789826,0.162484,0,nan,11.9043,0.19809,-0.150964,0.128593,-0.188174,0.122508,1.31054,1,33.1499,58.9904,0.491117,0.731768,0.628367,0.518618,0.773111,0.0835346,10.2051,full
l0,mujoco,policy,0,/home/humanoid/Programs/Humanoid_Simulation/Locomanipulation_game/logs/skrl/locomanip_marl/paper00/checkpoints/agent_91200.pt,0,b000_d100_e00,0,1,0,0.335111,-0.124798,-0.299359,0.148308,-0.10853,-0.0721272,0.703041,1,0,0,0,nan,0.17877,0.272692,0.875719,0,0,0,0,0.249878,0.173644,0.396426,0.909136,0.213515,0.652809,0.924498,0.710135,0.729239,0.19526,0,nan,9.44959,0.143071,-0.156981,0.102193,-0.211075,0.101339,0.676372,1,20.037,17.741,0.249267,0.529658,0.64586,0.880034,0.9953,0.10126,7.09363,full
l0,mujoco,policy,0,/home/humanoid/Programs/Humanoid_Simulation/Locomanipulation_game/logs/skrl/locomanip_marl/paper00/checkpoints/agent_91200.pt,0,b000_d100_e10,0,1,0.1,0.412656,-0.187938,-0.299359,0.244935,-0.0827748,-0.0721272,0.703041,1,0,0,0,nan,0.175259,0.314206,0.689436,0,0,0,0,0.321798,0.122276,0.572812,0.0131084,0.212796,0.320559,0.94783,0.742509,0.752174,0.195655,0,nan,8.15703,0.146694,-0.176292,0.116827,-0.186547,0.115175,1.39835,3,20.5126,14.8896,0.286319,0.859042,0.554383,0.497535,0.732343,0.110628,6.60571,full
l0,mujoco,policy,0,/home/humanoid/Programs/Humanoid_Simulation/Locomanipulation_game/logs/skrl/locomanip_marl/paper00/checkpoints/agent_91200.pt,0,b000_d100_e20,0,1,0.2,0.490202,-0.251078,-0.299359,0.341561,-0.0570198,-0.0721272,0.703041,1,0,0,0,nan,0.167753,0.337114,0.72146,0,0,0,0,0.335278,0.106296,0.596734,0.0795402,0.215485,0.35673,0.921618,0.733578,0.738374,0.183245,0,nan,8.95872,0.139806,-0.163205,0.128337,-0.199536,0.125665,0.829673,2,27.4174,16.2308,0.319504,0.628,0.592544,0.428798,0.904592,0.0905512,8.31934,full
l0,mujoco,policy,0,/home/humanoid/Programs/Humanoid_Simulation/Locomanipulation_game/logs/skrl/locomanip_marl/paper00/checkpoints/agent_91200.pt,0,b000_d10_e00,0,0.1,0,0.335111,-0.124798,0.600641,0.148308,-0.10853,0.827873,1.60304,0,0,0,0,nan,0.0478093,0.102461,0.305678,0,0,0,0,0.0826258,0.0796957,0.109685,0.288786,0.0789264,0.164205,0.938851,0.771332,0.815348,0.123502,0,nan,11.9438,0.151257,-0.14962,0.116917,-0.161401,0.118883,0.580162,2,17.706,33.7413,0.289701,0.456779,0.79169,0.49215,0.711146,0.0890551,8.91138,full
l0,mujoco,policy,0,/home/humanoid/Programs/Humanoid_Simulation/Locomanipulation_game/logs/skrl/locomanip_marl/paper00/checkpoints/agent_91200.pt,0,b000_d10_e10,0,0.1,0.1,0.412656,-0.187938,0.600641,0.244935,-0.0827748,0.827873,1.60304,0,0,0,0,nan,0.0846578,0.114568,0.279987,0,0,0,0,0.10431,0.0839179,0.0963504,0.102089,0.0964965,0.200965,0.95603,0.77687,0.797989,0.158042,0,nan,11.991,0.166639,-0.139578,0.127964,-0.184674,0.12191,0.548904,2,20.748,30.9838,0.358343,0.532842,0.644519,0.469644,0.780518,0.0891827,9.91104,full
l0,mujoco,policy,0,/home/humanoid/Programs/Humanoid_Simulation/Locomanipulation_game/logs/skrl/locomanip_marl/paper00/checkpoints/agent_91200.pt,0,b000_d10_e20,0,0.1,0.2,0.490202,-0.251078,0.600641,0.341561,-0.0570198,0.827873,1.60304,0,0,0,0,nan,0.177583,0.263537,0.569201,0,0,0,0,0.277845,0.164254,0.410121,0.577962,0.202157,0.466993,0.945412,0.759952,0.793864,0.151548,0,nan,13.1018,0.205523,-0.209939,0.124965,-0.246683,0.119256,2.54273,4,27.197,17.9213,0.300619,0.881052,0.771541,0.460708,0.79991,0.11506,10.623,full
l0,mujoco,policy,0,/home/humanoid/Programs/Humanoid_Simulation/Locomanipulation_game/logs/skrl/locomanip_marl/paper00/checkpoints/agent_91200.pt,0,b000_d20_e00,0,0.2,0,0.335111,-0.124798,0.500641,0.148308,-0.10853,0.727873,1.50304,0,0,0,0,nan,0.0222448,0.0795982,0.229873,0,0,1,1,0.0978038,0.0337285,0.0789118,0.052428,0.0636576,0.108979,0.938047,0.77044,0.785494,0.152553,0,nan,11.6171,0.150706,-0.129351,0.124679,-0.118333,0.122531,0.294399,1,17.1071,22.6491,0.255809,0.50324,0.625902,0.363918,1,0.0930089,10.2171,full
l0,mujoco,policy,0,/home/humanoid/Programs/Humanoid_Simulation/Locomanipulation_game/logs/skrl/locomanip_marl/paper00/checkpoints/agent_91200.pt,0,b000_d20_e10,0,0.2,0.1,0.412656,-0.187938,0.500641,0.244935,-0.0827748,0.727873,1.50304,0,0,0,1,nan,0.0206427,0.0825284,0.19122,0,0,0,1,0.0838108,0.0283835,0.131026,0.154284,0.056903,0.142041,0.915995,0.751033,0.780412,0.135583,0,nan,12.6404,0.153642,0.113095,0.131201,0.093172,0.127812,0.605558,0,16.5842,26.7819,0.301801,0.509586,0.698678,0.391616,0.885904,0.0835088,9.83736,full
l0,mujoco,policy,0,/home/humanoid/Programs/Humanoid_Simulation/Locomanipulation_game/logs/skrl/locomanip_marl/paper00/checkpoints/agent_91200.pt,0,b000_d20_e20,0,0.2,0.2,0.490202,-0.251078,0.500641,0.341561,-0.0570198,0.727873,1.50304,0,0,0,0,nan,0.0961054,0.201708,0.236003,0,0,0,0,0.178422,0.0642562,0.0556643,0.0980037,0.125256,0.139587,0.90782,0.745335,0.778021,0.129799,0,nan,14.0182,0.195991,-0.167833,0.124462,-0.18472,0.125999,0.225864,2,24.6452,36.9131,0.383993,0.718683,0.848167,0.391267,0.816226,0.0828365,11.1783,full
l0,mujoco,policy,0,/home/humanoid/Programs/Humanoid_Simulation/Locomanipulation_game/logs/skrl/locomanip_marl/paper00/checkpoints/agent_91200.pt,0,b000_d30_e00,0,0.3,0,0.335111,-0.124798,0.400641,0.148308,-0.10853,0.627873,1.40304,0,0,0,0,nan,0.0543591,0.082475,0.179897,0,0,0,1,0.0900815,0.0955339,0.0583754,0.108552,0.0841107,0.0974042,0.928216,0.760991,0.774951,0.153265,0,nan,11.6467,0.154227,0.107488,0.124635,0.0964051,0.121137,0.328858,0,11.3561,14.6639,0.231432,0.489289,0.64043,0.323472,1,0.0907937,9.39976,full
l0,mujoco,policy,0,/home/humanoid/Programs/Humanoid_Simulation/Locomanipulation_game/logs/skrl/locomanip_marl/paper00/checkpoints/agent_91200.pt,0,b000_d30_e10,0,0.3,0.1,0.412656,-0.187938,0.400641,0.244935,-0.0827748,0.627873,1.40304,0,0,0,0,nan,0.152565,0.228303,0.435362,0,0,0,0,0.244796,0.141677,0.310366,0.411095,0.189294,0.376627,0.9316,0.76192,0.794146,0.137454,0,nan,12.0126,0.149213,-0.14594,0.126381,-0.181877,0.123079,0.755323,2,27.5884,29.3033,0.256768,0.594638,0.724422,0.583633,0.938796,0.0953086,10.1409,full
l0,mujoco,policy,0,/home/humanoid/Programs/Humanoid_Simulation/Locomanipulation_game/logs/skrl/locomanip_marl/paper00/checkpoints/agent_91200.pt,0,b000_d30_e20,0,0.3,0.2,0.490202,-0.251078,0.400641,0.341561,-0.0570198,0.627873,1.40304,0,0,0,0,nan,0.0832142,0.179582,0.268151,0,0,0,0,0.191962,0.103904,0.188074,0.450244,0.130054,0.191392,0.944773,0.766499,0.775776,0.168998,0,nan,11.7998,0.175103,-0.160564,0.125327,-0.202515,0.124494,1.81889,2,29.4691,39.2279,0.460484,0.854624,0.548004,0.549172,0.735896,0.111909,10.7724,full
l0,mujoco,policy,0,/home/humanoid/Programs/Humanoid_Simulation/Locomanipulation_game/logs/skrl/locomanip_marl/paper00/checkpoints/agent_91200.pt,0,b000_d40_e00,0,0.4,0,0.335111,-0.124798,0.300641,0.148308,-0.10853,0.527873,1.30304,0,0,0,0,nan,0.148686,0.189863,0.483834,0,0,0,0,0.203139,0.14186,0.350067,0.384761,0.169861,0.413451,0.937617,0.767538,0.779224,0.158393,0,nan,8.66382,0.124474,0.0978609,0.126122,0.0915862,0.12525,0.216203,0,14.2184,16.3958,0.190584,0.405068,0.569697,0.392148,1,0.074582,7.94373,full
l0,mujoco,policy,0,/home/humanoid/Programs/Humanoid_Simulation/Locomanipulation_game/logs/skrl/locomanip_marl/paper00/checkpoints/agent_91200.pt,0,b000_d40_e10,0,0.4,0.1,0.412656,-0.187938,0.300641,0.244935,-0.0827748,0.527873,1.30304,0,0,0,0,nan,0.163323,0.263086,0.601227,0,0,0,0,0.259111,0.0995496,0.607718,0.235169,0.17432,0.425234,0.935178,0.754921,0.763952,0.171226,0,nan,10.7133,0.131193,-0.113431,0.127277,-0.141879,0.124814,0.79055,0,12.156,13.4599,0.181815,0.639371,0.51787,0.411773,1,0.0887007,8.88407,full
l0,mujoco,policy,0,/home/humanoid/Programs/Humanoid_Simulation/Locomanipulation_game/logs/skrl/locomanip_marl/paper00/checkpoints/agent_91200.pt,0,b000_d40_e20,0,0.4,0.2,0.490202,-0.251078,0.300641,0.341561,-0.0570198,0.527873,1.30304,0,0,0,0,nan,0.179348,0.3152,0.489557,0,0,0,0,0.335091,0.132598,0.437658,0.378745,0.22785,0.403826,0.934623,0.767421,0.796388,0.138235,0,nan,10.9447,0.132418,-0.173453,0.128958,-0.211693,0.128696,1.22553,4,23.2554,22.4221,0.204434,0.731773,0.644987,0.510165,0.985938,0.0927985,8.98193,full
l0,mujoco,policy,0,/home/humanoid/Programs/Humanoid_Simulation/Locomanipulation_game/logs/skrl/locomanip_marl/paper00/checkpoints/agent_91200.pt,0,b000_d50_e00,0,0.5,0,0.335111,-0.124798,0.200641,0.148308,-0.10853,0.427873,1.20304,0,0,0,0,nan,0.0859196,0.164153,0.861461,0,0,0,0,0.113812,0.13049,0.0932654,0.33354,0.123041,0.545396,0.932668,0.756244,0.763528,0.169139,0,nan,9.60425,0.125934,-0.151196,0.121828,-0.194126,0.124186,0.818012,1,40.7153,54.4136,0.394549,0.608481,0.476946,0.419909,1,0.0758896,7.91637,full
l0,mujoco,policy,0,/home/humanoid/Programs/Humanoid_Simulation/Locomanipulation_game/logs/skrl/locomanip_marl/paper00/checkpoints/agent_91200.pt,0,b000_d50_e10,0,0.5,0.1,0.412656,-0.187938,0.200641,0.244935,-0.0827748,0.427873,1.20304,0,0,0,0,nan,0.146237,0.279788,0.605295,0,0,0,0,0.315862,0.141608,0.547387,0.318837,0.218485,0.43455,0.91485,0.747459,0.762951,0.151898,0,nan,10.5911,0.157781,-0.192425,0.129823,-0.217188,0.126829,1.57364,5,15.5779,14.2536,0.201244,0.873998,0.622066,0.675977,0.890162,0.14004,8.36769,full
l0,mujoco,policy,0,/home/humanoid/Programs/Humanoid_Simulation/Locomanipulation_game/logs/skrl/locomanip_marl/paper00/checkpoints/agent_91200.pt,0,b000_d50_e20,0,0.5,0.2,0.490202,-0.251078,0.200641,0.341561,-0.0570198,0.427873,1.20304,0,0,0,1,nan,0.107505,0.197504,0.257299,0,0,0,0,0.197328,0.0764359,0.170524,0.0483638,0.133272,0.145083,0.96448,0.778234,0.784693,0.179787,0,nan,9.09099,0.138238,-0.165331,0.129681,-0.216805,0.127113,0.719212,1,19.1366,20.6838,0.301847,0.642035,0.541792,0.62987,0.748762,0.0644362,7.75006,full
l0,mujoco,policy,0,/home/humanoid/Programs/Humanoid_Simulation/Locomanipulation_game/logs/skrl/locomanip_marl/paper00/checkpoints/agent_91200.pt,0,b000_d60_e00,0,0.6,0,0.335111,-0.124798,0.100641,0.148308,-0.10853,0.327873,1.10304,0,0,0,0,nan,0.0373214,0.0687775,0.337794,0,0,1,1,0.0855766,0.0970567,0.0842609,0.36868,0.0966748,0.217474,0.93509,0.749097,0.762548,0.172542,0,nan,7.97285,0.136062,-0.135142,0.113127,-0.168171,0.1114,0.343308,1,18.4439,19.2639,0.260606,0.547124,0.604171,0.386016,0.728185,0.078016,6.54968,full
l0,mujoco,policy,0,/home/humanoid/Programs/Humanoid_Simulation/Locomanipulation_game/logs/skrl/locomanip_marl/paper00/checkpoints/agent_91200.pt,0,b000_d60_e10,0,0.6,0.1,0.412656,-0.187938,0.100641,0.244935,-0.0827748,0.327873,1.10304,0,0,0,0,nan,0.0664579,0.133428,0.31536,0,0,0,0,0.155559,0.119661,0.0639611,0.267507,0.126935,0.200169,0.924477,0.748063,0.757838,0.166639,0,nan,8.58285,0.138351,-0.172481,0.125668,-0.179348,0.123855,0.501076,3,15.5082,14.0478,0.261014,0.641814,0.569851,0.454547,0.69724,0.0911207,8.04329,full
l0,mujoco,policy,0,/home/humanoid/Programs/Humanoid_Simulation/Locomanipulation_game/logs/skrl/locomanip_marl/paper00/checkpoints/agent_91200.pt,0,b000_d60_e20,0,0.6,0.2,0.490202,-0.251078,0.100641,0.341561,-0.0570198,0.327873,1.10304,0,0,0,1,nan,0.0934056,0.183918,0.25764,0,0,0,0,0.17213,0.0786565,0.18344,0.0611628,0.127799,0.147467,0.944112,0.759814,0.768867,0.175245,0,nan,8.42525,0.119774,-0.117941,0.13179,-0.125697,0.130616,1.5538,1,18.1892,20.7875,0.319933,0.518445,0.58981,0.445687,0.790235,0.0716082,7.18716,full
l0,mujoco,policy,0,/home/humanoid/Programs/Humanoid_Simulation/Locomanipulation_game/logs/skrl/locomanip_marl/paper00/checkpoints/agent_91200.pt,0,b000_d70_e00,0,0.7,0,0.335111,-0.124798,0.000641036,0.148308,-0.10853,0.227873,1.00304,0,0,0,0,nan,0.035694,0.0782574,0.339227,0,0,1,1,0.0835022,0.121712,0.0724991,0.364867,0.0871267,0.275579,0.946744,0.743559,0.754179,0.192564,0,nan,7.2327,0.117136,-0.131175,0.109413,-0.163218,0.110523,0.691073,1,16.7066,17.5207,0.250888,0.442432,0.504908,0.31202,0.723403,0.0802896,6.18956,full
l0,mujoco,policy,0,/home/humanoid/Programs/Humanoid_Simulation/Locomanipulation_game/logs/skrl/locomanip_marl/paper00/checkpoints/agent_91200.pt,0,b000_d70_e10,0,0.7,0.1,0.412656,-0.187938,0.000641036,0.244935,-0.0827748,0.227873,1.00304,0,0,0,0,nan,0.0653163,0.152086,0.305585,0,0,0,0,0.199978,0.0893348,0.246385,0.224997,0.127598,0.225961,0.910238,0.751528,0.766549,0.143689,0,nan,9.03365,0.155828,-0.209553,0.119841,-0.244571,0.118206,0.903289,2,23.1342,10.8094,0.241132,0.74776,0.626154,0.627531,0.869799,0.0944544,6.98653,full
l0,mujoco,policy,0,/home/humanoid/Programs/Humanoid_Simulation/Locomanipulation_game/logs/skrl/locomanip_marl/paper00/checkpoints/agent_91200.pt,0,b000_d70_e20,0,0.7,0.2,0.490202,-0.251078,0.000641036,0.341561,-0.0570198,0.227873,1.00304,0,0,0,0,nan,0.100088,0.205269,0.332774,0,0,0,0,0.185681,0.0726555,0.230208,0.0495445,0.134809,0.178821,0.956094,0.745223,0.755134,0.20096,0,nan,9.585,0.133068,-0.196074,0.128069,-0.220781,0.124371,0.727032,2,18.5726,18.0603,0.268473,0.79713,0.599498,0.475321,0.748961,0.0780427,8.70908,full
l0,mujoco,policy,0,/home/humanoid/Programs/Humanoid_Simulation/Locomanipulation_game/logs/skrl/locomanip_marl/paper00/checkpoints/agent_91200.pt,0,b000_d80_e00,0,0.8,0,0.335111,-0.124798,-0.099359,0.148308,-0.10853,0.127873,0.903041,0,0,0,0,nan,0.0587739,0.13417,0.488187,0,0,0,0,0.143833,0.124075,0.312017,0.388265,0.128607,0.491727,0.923318,0.735921,0.755846,0.167472,0,nan,8.54789,0.134584,0.0884518,0.103898,0.0817689,0.105599,0.255751,0,24.2344,20.664,0.260784,0.429324,0.80241,0.388339,0.692816,0.0767806,6.10653,full
l0,mujoco,policy,0,/home/humanoid/Programs/Humanoid_Simulation/Locomanipulation_game/logs/skrl/locomanip_marl/paper00/checkpoints/agent_91200.pt,0,b000_d80_e10,0,0.8,0.1,0.412656,-0.187938,-0.099359,0.244935,-0.0827748,0.127873,0.903041,0,0,0,0,nan,0.119986,0.236049,0.532881,0,0,0,0,0.225889,0.110082,0.368614,0.0664445,0.162684,0.257706,0.933311,0.730492,0.757644,0.175668,0,nan,8.43037,0.141126,-0.174002,0.123103,-0.137391,0.124063,0.512547,2,26.673,13.3671,0.287662,0.69202,0.620779,0.36005,0.748538,0.0978617,6.53515,full
l0,mujoco,policy,0,/home/humanoid/Programs/Humanoid_Simulation/Locomanipulation_game/logs/skrl/locomanip_marl/paper00/checkpoints/agent_91200.pt,0,b000_d80_e20,0,0.8,0.2,0.490202,-0.251078,-0.099359,0.341561,-0.0570198,0.127873,0.903041,0,0,0,0,nan,0.141936,0.298589,0.514879,0,0,0,0,0.2749,0.0691152,0.312763,0.121345,0.178298,0.237379,0.921268,0.741268,0.757088,0.16418,0,nan,9.74799,0.139698,-0.152292,0.122675,-0.215764,0.122839,0.983479,1,24.3305,18.1158,0.316547,0.72454,0.859207,0.545646,0.738583,0.076635,6.7704,full
l0,mujoco,policy,0,/home/humanoid/Programs/Humanoid_Simulation/Locomanipulation_game/logs/skrl/locomanip_marl/paper00/checkpoints/agent_91200.pt,0,b000_d90_e00,0,0.9,0,0.335111,-0.124798,-0.199359,0.148308,-0.10853,0.0278728,0.803041,1,0,0,0,nan,0.179934,0.221481,0.79261,0,0,0,0,0.293429,0.130571,0.276668,0.736817,0.212341,0.497758,0.923341,0.719143,0.733626,0.189715,0,nan,10.0508,0.144243,-0.198622,0.109463,-0.189142,0.109135,0.620258,3,20.3282,19.2659,0.175429,0.859352,0.499484,0.577524,1,0.0946577,7.64125,full
l0,mujoco,policy,0,/home/humanoid/Programs/Humanoid_Simulation/Locomanipulation_game/logs/skrl/locomanip_marl/paper00/checkpoints/agent_91200.pt,0,b000_d90_e10,0,0.9,0.1,0.412656,-0.187938,-0.199359,0.244935,-0.0827748,0.0278728,0.803041,1,0,0,0,nan,0.201909,0.307391,0.733209,0,0,0,0,0.312518,0.133469,0.357027,0.622797,0.221874,0.469074,0.918785,0.717403,0.730401,0.188384,0,nan,10.3818,0.10886,-0.164932,0.129498,-0.208539,0.127369,0.943309,1,14.5349,16.4094,0.222719,0.463422,0.558124,0.528434,0.996195,0.0857864,9.75491,full
l0,mujoco,policy,0,/home/humanoid/Programs/Humanoid_Simulation/Locomanipulation_game/logs/skrl/locomanip_marl/paper00/checkpoints/agent_91200.pt,0,b000_d90_e20,0,0.9,0.2,0.490202,-0.251078,-0.199359,0.341561,-0.0570198,0.0278728,0.803041,1,0,0,0,nan,0.110695,0.221719,0.548233,0,0,0,0,0.218734,0.0963281,0.447739,0.0295031,0.145502,0.291317,0.967165,0.738653,0.747707,0.219459,0,nan,9.58478,0.153471,-0.0941839,0.124637,-0.0774186,0.121383,0.762363,1,15.3173,15.9218,0.245813,0.690867,0.772062,0.456643,0.865113,0.0796095,7.7403,full
l0,mujoco,policy,0,/home/humanoid/Programs/Humanoid_Simulation/Locomanipulation_game/logs/skrl/locomanip_marl/paper00/checkpoints/agent_91200.pt,0,b001_d00_e00,1,0,0,0.206577,0.0532994,0.320031,0.138219,-0.0171031,0.933548,1.32243,0,0,1,0,nan,0.0879195,0.202223,0.419557,0,0,0,0,0.0863554,0.209789,0.00504191,0.279209,0.129089,0.202909,0.910718,0.75422,0.77418,0.136538,0,nan,12.9787,0.178263,-0.0557824,0.114735,-0.063093,0.112276,0.289889,1,13.3407,28.4397,0.29422,0.862277,0.727758,0.437398,0.793077,0.0832002,9.34743,full
l0,mujoco,policy,0,/home/humanoid/Programs/Humanoid_Simulation/Locomanipulation_game/logs/skrl/locomanip_marl/paper00/checkpoints/agent_91200.pt,0,b001_d00_e10,1,0,0.1,0.29747,0.011605,0.320031,0.21081,0.051675,0.933548,1.32243,0,0,1,0,nan,0.10845,0.238591,0.253345,0,0,0,0,0.0622587,0.236924,0.0981773,0.084626,0.149806,0.130883,0.915858,0.726125,0.773564,0.142294,0,nan,13.0767,0.167907,-0.133458,0.128366,-0.081332,0.126338,0.555924,0,13.115,22.3885,0.260206,0.603616,0.867649,0.555319,1,0.0820952,9.16953,full
l0,mujoco,policy,0,/home/humanoid/Programs/Humanoid_Simulation/Locomanipulation_game/logs/skrl/locomanip_marl/paper00/checkpoints/agent_91200.pt,0,b001_d00_e20,1,0,0.2,0.388363,-0.0300894,0.320031,0.283402,0.120453,0.933548,1.32243,0,0,1,0,nan,0.144475,0.309156,0.310406,0,0,0,0,0.0620515,0.289254,0.104814,0.264095,0.17611,0.206423,0.922157,0.745572,0.760291,0.161866,0,nan,11.435,0.161075,0.1173,0.129075,0.0970279,0.124215,0.576575,0,14.4597,41.0893,0.333619,0.500081,0.668242,0.466928,0.908103,0.0660904,9.50137,full
l0,mujoco,policy,0,/home/humanoid/Programs/Humanoid_Simulation/Locomanipulation_game/logs/skrl/locomanip_marl/paper00/checkpoints/agent_91200.pt,0,b001_d100_e00,1,1,0,0.206577,0.0532994,-0.679969,0.138219,-0.0171031,-0.0664518,0.322431,1,0,0,0,nan,0.149476,0.304055,1.41062,0,0,0,0,0.272913,0.0749568,0.862191,1.17873,0.21611,1.01497,0.932676,0.685192,0.701065,0.231612,0,nan,12.5118,0.180545,-0.144213,0.110094,-0.133632,0.111893,0.208115,2,55.2371,116.195,0.934373,0.634387,0.634655,0.375297,0.775521,0.0893479,10.5152,full
l0,mujoco,policy,0,/home/humanoid/Programs/Humanoid_Simulation/Locomanipulation_game/logs/skrl/locomanip_marl/paper00/checkpoints/agent_91200.pt,0,b001_d100_e10,1,1,0.1,0.29747,0.011605,-0.679969,0.21081,0.051675,-0.0664518,0.322431,1,0,0,0,nan,0.151359,0.313302,1.34003,0,0,0,0,0.320538,0.0923959,1.00369,2.10567,0.18766,1.43793,0.906872,0.688207,0.705382,0.20149,0,nan,12.3324,0.146383,0.0852707,0.107902,0.0815361,0.104591,0.0906581,0,48.6679,45.4639,0.546429,0.509833,0.690139,0.38022,0.801655,0.082864,10.362,full
l0,mujoco,policy,0,/home/humanoid/Programs/Humanoid_Simulation/Locomanipulation_game/logs/skrl/locomanip_marl/paper00/checkpoints/agent_91200.pt,0,b001_d100_e20,1,1,0.2,0.388363,-0.0300894,-0.679969,0.283402,0.120453,-0.0664518,0.322431,1,0,0,0,nan,0.274556,0.477102,1.91928,0,0,0,0,0.384895,0.285994,0.700694,1.00887,0.349974,1.23357,0.917253,0.688212,0.709855,0.207398,0,nan,13.4409,0.181853,-0.196764,0.111981,-0.211764,0.112861,0.726308,4,78.6274,81.6136,0.613094,0.760275,0.765444,0.481911,1,0.0962096,7.83567,full
l0,mujoco,policy,0,/home/humanoid/Programs/Humanoid_Simulation/Locomanipulation_game/logs/skrl/locomanip_marl/paper00/checkpoints/agent_91200.pt,0,b001_d10_e00,1,0.1,0,0.206577,0.0532994,0.220031,0.138219,-0.0171031,0.833548,1.22243,0,0,1,0,nan,0.0717846,0.148591,0.24557,0,0,0,0,0.0768933,0.139532,0.119618,0.2165,0.114699,0.167649,0.94344,0.742461,0.749671,0.193769,0,nan,11.9514,0.143456,0.0966535,0.120054,0.086208,0.11976,0.16463,0,12.5686,38.861,0.252359,0.458055,0.651724,0.29914,0.670265,0.0831621,9.61721,full
l0,mujoco,policy,0,/home/humanoid/Programs/Humanoid_Simulation/Locomanipulation_game/logs/skrl/locomanip_marl/paper00/checkpoints/agent_91200.pt,0,b001_d10_e10,1,0.1,0.1,0.29747,0.011605,0.220031,0.21081,0.051675,0.833548,1.22243,0,0,1,0,nan,0.0781356,0.174872,0.203712,0,0,0,0,0.0773152,0.160235,0.104904,0.132654,0.123065,0.131011,0.945599,0.741188,0.756394,0.189205,0,nan,12.2622,0.169739,-0.156624,0.117747,-0.204842,0.11911,0.882371,2,13.4246,42.5403,0.356701,0.484364,0.759194,0.565123,1,0.0854091,8.82833,full
l0,mujoco,policy,0,/home/humanoid/Programs/Humanoid_Simulation/Locomanipulation_game/logs/skrl/locomanip_marl/paper00/checkpoints/agent_91200.pt,0,b001_d10_e20,1,0.1,0.2,0.388363,-0.0300894,0.220031,0.283402,0.120453,0.833548,1.22243,0,0,0,0,nan,0.132327,0.234688,0.371741,0,0,0,0,0.0892305,0.234944,0.190329,0.121153,0.158823,0.255987,0.941589,0.732885,0.749149,0.192441,0,nan,11.5554,0.213414,-0.181207,0.129834,-0.173888,0.127396,1.50962,4,19.2715,39.639,0.294479,0.890883,0.608389,0.697797,0.769567,0.0955162,9.59353,full
l0,mujoco,policy,0,/home/humanoid/Programs/Humanoid_Simulation/Locomanipulation_game/logs/skrl/locomanip_marl/paper00/checkpoints/agent_91200.pt,0,b001_d20_e00,1,0.2,0,0.206577,0.0532994,0.120031,0.138219,-0.0171031,0.733548,1.12243,0,0,1,1,nan,0.0239402,0.0537941,0.218492,0,0,1,1,0.0762828,0.0408712,0.0501187,0.18891,0.0449834,0.128196,0.929159,0.740637,0.767438,0.161721,0,nan,12.5127,0.17157,-0.163171,0.118605,-0.174245,0.116418,0.263771,3,11.7717,30.1218,0.286233,0.640795,0.851899,0.502972,0.788714,0.0819083,8.86221,full
l0,mujoco,policy,0,/home/humanoid/Programs/Humanoid_Simulation/Locomanipulation_game/logs/skrl/locomanip_marl/paper00/checkpoints/agent_91200.pt,0,b001_d20_e10,1,0.2,0.1,0.29747,0.011605,0.120031,0.21081,0.051675,0.733548,1.12243,0,0,1,0,nan,0.0513566,0.108568,0.195484,0,0,0,0,0.0658866,0.112453,0.11608,0.130648,0.0917604,0.139388,0.920896,0.723984,0.734919,0.185977,0,nan,11.3971,0.15794,-0.130103,0.128621,-0.158628,0.125957,0.521659,1,14.2597,56.1329,0.339059,0.658285,0.66157,0.364936,1,0.076328,10.3038,full
l0,mujoco,policy,0,/home/humanoid/Programs/Humanoid_Simulation/Locomanipulation_game/logs/skrl/locomanip_marl/paper00/checkpoints/agent_91200.pt,0,b001_d20_e20,1,0.2,0.2,0.388363,-0.0300894,0.120031,0.283402,0.120453,0.733548,1.12243,0,0,1,0,nan,0.0702454,0.141321,0.240818,0,0,0,0,0.060602,0.152712,0.101053,0.169577,0.0933261,0.162367,0.951898,0.732351,0.743692,0.208206,0,nan,10.2988,0.165593,-0.0905252,0.127133,-0.119539,0.123427,0.908345,1,10.0914,23.1969,0.236321,0.426624,0.612727,0.70921,0.74686,0.0646563,9.18336,full
l0,mujoco,policy,0,/home/humanoid/Programs/Humanoid_Simulation/Locomanipulation_game/logs/skrl/locomanip_marl/paper00/checkpoints/agent_91200.pt,0,b001_d30_e00,1,0.3,0,0.206577,0.0532994,0.0200305,0.138219,-0.0171031,0.633548,1.02243,0,0,0,0,nan,0.0493466,0.104869,0.697615,0,0,0,0,0.120181,0.0692794,0.389626,0.0873,0.104108,0.388758,0.879801,0.740474,0.749145,0.130656,0,nan,11.2255,0.216709,-0.170943,0.125938,-0.156981,0.123215,1.1566,4,16.0611,22.3152,0.275972,0.855323,0.705697,0.934859,0.845661,0.133652,9.2063,full
l0,mujoco,policy,0,/home/humanoid/Programs/Humanoid_Simulation/Locomanipulation_game/logs/skrl/locomanip_marl/paper00/checkpoints/agent_91200.pt,0,b001_d30_e10,1,0.3,0.1,0.29747,0.011605,0.0200305,0.21081,0.051675,0.633548,1.02243,0,0,1,1,nan,0.0190702,0.0507329,0.182198,0,0,1,1,0.074417,0.0597696,0.0397805,0.0845657,0.0543154,0.107248,0.912037,0.731382,0.745817,0.166219,0,nan,10.7258,0.147622,0.0991932,0.115937,0.101348,0.11661,0.439647,0,10.207,21.1224,0.248075,0.471568,0.65886,0.380751,0.731303,0.0815204,7.91632,full
l0,mujoco,policy,0,/home/humanoid/Programs/Humanoid_Simulation/Locomanipulation_game/logs/skrl/locomanip_marl/paper00/checkpoints/agent_91200.pt,0,b001_d30_e20,1,0.3,0.2,0.388363,-0.0300894,0.0200305,0.283402,0.120453,0.633548,1.02243,0,0,0,0,nan,0.0457119,0.0985147,0.248912,0,0,0,1,0.0573369,0.0842149,0.302891,0.117361,0.0730484,0.147644,0.910544,0.711138,0.735272,0.175272,0,nan,10.4724,0.166433,0.112044,0.128002,0.0961894,0.125882,0.441638,0,13.9341,35.1166,0.30233,0.497372,0.788569,0.451438,1,0.0705005,9.35471,full
l0,mujoco,policy,0,/home/humanoid/Programs/Humanoid_Simulation/Locomanipulation_game/logs/skrl/locomanip_marl/paper00/checkpoints/agent_91200.pt,0,b001_d40_e00,1,0.4,0,0.206577,0.0532994,-0.0799695,0.138219,-0.0171031,0.533548,0.922431,0,0,0,0,nan,0.0374807,0.07963,0.230918,0,0,1,1,0.0794509,0.0850298,0.131398,0.11326,0.0875958,0.149468,0.920429,0.730072,0.741111,0.179318,0,nan,11.3724,0.168276,0.0882726,0.102221,0.0813683,0.101553,0.138405,0,13.9367,35.5909,0.331478,0.516942,0.782107,0.376038,0.676463,0.0794978,7.28755,full
l0,mujoco,policy,0,/home/humanoid/Programs/Humanoid_Simulation/Locomanipulation_game/logs/skrl/locomanip_marl/paper00/checkpoints/agent_91200.pt,0,b001_d40_e10,1,0.4,0.1,0.29747,0.011605,-0.0799695,0.21081,0.051675,0.533548,0.922431,0,0,0,0,nan,0.0517411,0.0946341,0.282252,0,0,0,1,0.101116,0.0935492,0.261188,0.129022,0.0906586,0.206052,0.89971,0.729744,0.735227,0.164483,0,nan,11.1831,0.176621,-0.20393,0.129192,-0.188032,0.126678,0.673752,5,12.0484,18.9429,0.261166,0.87985,0.655569,0.558782,0.943579,0.101915,10.4429,full
l0,mujoco,policy,0,/home/humanoid/Programs/Humanoid_Simulation/Locomanipulation_game/logs/skrl/locomanip_marl/paper00/checkpoints/agent_91200.pt,0,b001_d40_e20,1,0.4,0.2,0.388363,-0.0300894,-0.0799695,0.283402,0.120453,0.533548,0.922431,0,0,1,0,nan,0.0421714,0.0731325,0.182433,0,0,1,1,0.069741,0.10842,0.121573,0.0947168,0.0696338,0.119912,0.937597,0.700169,0.718265,0.219332,0,nan,10.927,0.145131,-0.0905659,0.122879,-0.100749,0.123244,0.897036,0,20.3134,20.6632,0.334123,0.877847,0.676571,0.468505,0.840368,0.072774,9.19676,full
l0,mujoco,policy,0,/home/humanoid/Programs/Humanoid_Simulation/Locomanipulation_game/logs/skrl/locomanip_marl/paper00/checkpoints/agent_91200.pt,0,b001_d50_e00,1,0.5,0,0.206577,0.0532994,-0.179969,0.138219,-0.0171031,0.433548,0.822431,1,0,0,0,nan,0.0545502,0.139111,0.332949,0,0,0,0,0.10209,0.117782,0.0531677,0.107353,0.106732,0.183517,0.934538,0.722701,0.730245,0.204293,0,nan,9.85407,0.135583,-0.1254,0.105745,-0.136288,0.103198,0.620465,2,18.0381,42.4541,0.413797,0.600362,0.672053,0.342962,0.743948,0.0850834,8.26757,full
l0,mujoco,policy,0,/home/humanoid/Programs/Humanoid_Simulation/Locomanipulation_game/logs/skrl/locomanip_marl/paper00/checkpoints/agent_91200.pt,0,b001_d50_e10,1,0.5,0.1,0.29747,0.011605,-0.179969,0.21081,0.051675,0.433548,0.822431,1,0,0,0,nan,0.0417416,0.0888927,0.257081,0,0,0,1,0.102853,0.126961,0.041736,0.180035,0.0937137,0.167335,0.922118,0.706704,0.724165,0.197953,0,nan,12.4628,0.161222,0.102839,0.115727,0.098226,0.110703,1.0102,0,23.8646,31.62,0.401588,0.492117,0.722593,0.561226,0.713758,0.0743268,8.6972,full
l0,mujoco,policy,0,/home/humanoid/Programs/Humanoid_Simulation/Locomanipulation_game/logs/skrl/locomanip_marl/paper00/checkpoints/agent_91200.pt,0,b001_d50_e20,1,0.5,0.2,0.388363,-0.0300894,-0.179969,0.283402,0.120453,0.433548,0.822431,1,0,0,0,nan,0.0394879,0.0763697,0.264828,0,0,1,1,0.0713787,0.0909107,0.221093,0.0909236,0.0766626,0.158788,0.946268,0.701739,0.7174,0.228868,0,nan,10.2615,0.14375,-0.115389,0.113206,-0.137038,0.111026,0.516793,1,16.5324,19.8844,0.301959,0.457978,0.737492,0.367757,0.813088,0.0731728,7.63065,full
l0,mujoco,policy,0,/home/humanoid/Programs/Humanoid_Simulation/Locomanipulation_game/logs/skrl/locomanip_marl/paper00/checkpoints/agent_91200.pt,0,b001_d60_e00,1,0.6,0,0.206577,0.0532994,-0.279969,0.138219,-0.0171031,0.333548,0.722431,1,0,0,0,nan,0.048203,0.153115,0.426254,0,0,0,0,0.083502,0.128785,0.0742198,0.375089,0.120218,0.203039,0.914359,0.704121,0.723268,0.191091,0,nan,9.99541,0.164111,-0.120821,0.110139,-0.133219,0.109889,0.288948,1,16.4454,24.9156,0.353931,0.652218,0.529827,0.365277,0.777701,0.0779655,8.59478,full
l0,mujoco,policy,0,/home/humanoid/Programs/Humanoid_Simulation/Locomanipulation_game/logs/skrl/locomanip_marl/paper00/checkpoints/agent_91200.pt,0,b001_d60_e10,1,0.6,0.1,0.29747,0.011605,-0.279969,0.21081,0.051675,0.333548,0.722431,1,0,0,0,nan,0.0644372,0.152311,0.398302,0,0,0,0,0.110513,0.133364,0.113502,0.204921,0.136497,0.200987,0.930674,0.706711,0.726405,0.20427,0,nan,9.74115,0.136389,0.0909772,0.111176,0.0954544,0.111812,0.39298,0,37.607,15.302,0.410904,0.538326,0.617205,0.349355,0.686211,0.0809239,7.41973,full
l0,mujoco,policy,0,/home/humanoid/Programs/Humanoid_Simulation/Locomanipulation_game/logs/skrl/locomanip_marl/paper00/checkpoints/agent_91200.pt,0,b001_d60_e20,1,0.6,0.2,0.388363,-0.0300894,-0.279969,0.283402,0.120453,0.333548,0.722431,1,0,0,0,nan,0.0704929,0.0997068,0.447299,0,0,0,1,0.112934,0.106895,0.219749,0.174688,0.104318,0.270965,0.949233,0.695479,0.708008,0.241225,0,nan,10.9676,0.163545,-0.223619,0.124808,-0.289123,0.123419,1.11563,4,40.9248,19.9735,0.468868,0.859494,0.769138,0.648017,1,0.0958441,9.23345,full
l0,mujoco,policy,0,/home/humanoid/Programs/Humanoid_Simulation/Locomanipulation_game/logs/skrl/locomanip_marl/paper00/checkpoints/agent_91200.pt,0,b001_d70_e00,1,0.7,0,0.206577,0.0532994,-0.379969,0.138219,-0.0171031,0.233548,0.622431,1,0,0,0,nan,0.115087,0.199352,0.826844,0,0,0,0,0.141976,0.211871,0.176183,0.44583,0.178413,0.376363,0.945648,0.709685,0.717783,0.227865,0,nan,10.4085,0.151322,-0.102552,0.111829,-0.115058,0.111187,1.01001,1,48.3086,61.2239,0.629358,0.474375,0.618061,0.644179,0.760455,0.072386,9.26566,full
l0,mujoco,policy,0,/home/humanoid/Programs/Humanoid_Simulation/Locomanipulation_game/logs/skrl/locomanip_marl/paper00/checkpoints/agent_91200.pt,0,b001_d70_e10,1,0.7,0.1,0.29747,0.011605,-0.379969,0.21081,0.051675,0.233548,0.622431,1,0,0,0,nan,0.0892697,0.177481,0.598834,0,0,0,0,0.246148,0.269954,0.294282,0.475556,0.176496,0.327011,0.9217,0.683465,0.709663,0.212037,0,nan,12.4566,0.176936,-0.149077,0.118902,-0.113009,0.116045,1.90968,3,52.6382,90.5763,0.587554,0.721173,0.679772,0.613162,0.749366,0.0874205,9.55406,full
l0,mujoco,policy,0,/home/humanoid/Programs/Humanoid_Simulation/Locomanipulation_game/logs/skrl/locomanip_marl/paper00/checkpoints/agent_91200.pt,0,b001_d70_e20,1,0.7,0.2,0.388363,-0.0300894,-0.379969,0.283402,0.120453,0.233548,0.622431,1,0,0,0,nan,0.102021,0.199035,0.592944,0,0,0,0,0.157188,0.160834,0.255249,0.495553,0.160794,0.376444,0.931851,0.69027,0.712289,0.219562,0,nan,11.4508,0.158496,-0.128262,0.117693,-0.137955,0.119149,0.516162,2,36.3953,60.654,0.593074,0.554508,0.861612,0.506643,0.832544,0.0768123,8.22017,full
l0,mujoco,policy,0,/home/humanoid/Programs/Humanoid_Simulation/Locomanipulation_game/logs/skrl/locomanip_marl/paper00/checkpoints/agent_91200.pt,0,b001_d80_e00,1,0.8,0,0.206577,0.0532994,-0.479969,0.138219,-0.0171031,0.133548,0.522431,1,0,0,0,nan,0.0952295,0.256069,1.11823,0,0,0,0,0.191089,0.277493,0.148429,1.01666,0.191439,0.624555,0.954412,0.699264,0.711899,0.242513,0,nan,13.043,0.187928,-0.124204,0.112193,-0.145157,0.110081,0.626493,2,65.3109,88.6651,0.832504,0.777543,0.798064,0.530157,1,0.077387,9.91656,full
l0,mujoco,policy,0,/home/humanoid/Programs/Humanoid_Simulation/Locomanipulation_game/logs/skrl/locomanip_marl/paper00/checkpoints/agent_91200.pt,0,b001_d80_e10,1,0.8,0.1,0.29747,0.011605,-0.479969,0.21081,0.051675,0.133548,0.522431,1,0,0,0,nan,0.151206,0.233254,0.989428,0,0,0,0,0.250535,0.181624,0.380733,1.18988,0.20418,0.670905,0.917882,0.693393,0.714535,0.203346,0,nan,11.7726,0.149022,-0.153793,0.117548,-0.239348,0.115502,1.53269,2,38.0904,58.701,0.528357,0.61381,0.652731,0.539476,0.82562,0.0890992,9.98814,full
l0,mujoco,policy,0,/home/humanoid/Programs/Humanoid_Simulation/Locomanipulation_game/logs/skrl/locomanip_marl/paper00/checkpoints/agent_91200.pt,0,b001_d80_e20,1,0.8,0.2,0.388363,-0.0300894,-0.479969,0.283402,0.120453,0.133548,0.522431,1,0,0,0,nan,0.0988057,0.221527,0.822063,0,0,0,0,0.203387,0.141887,0.566738,0.622871,0.188972,0.583392,0.959935,0.676829,0.712098,0.247837,0,nan,11.9008,0.154624,-0.178571,0.115649,-0.212197,0.116419,0.283532,3,40.7915,55.7419,0.532156,0.628332,0.75943,0.558378,1,0.0941467,8.21808,full
l0,mujoco,policy,0,/home/humanoid/Programs/Humanoid_Simulation/Locomanipulation_game/logs/skrl/locomanip_marl/paper00/checkpoints/agent_91200.pt,0,b001_d90_e00,1,0.9,0,0.206577,0.0532994,-0.579969,0.138219,-0.0171031,0.0335482,0.422431,1,0,0,0,nan,0.119291,0.224847,1.30196,0,0,0,0,0.234733,0.145528,0.918781,0.721581,0.201718,0.860231,0.919993,0.698888,0.714051,0.205942,0,nan,12.0752,0.140815,-0.111808,0.110056,-0.143687,0.109015,0.429979,1,61.3348,94.0897,0.72996,0.719303,0.594685,0.348497,1,0.0814164,10.4298,full
l0,mujoco,policy,0,/home/humanoid/Programs/Humanoid_Simulation/Locomanipulation_game/logs/skrl/locomanip_marl/paper00/checkpoints/agent_91200.pt,0,b001_d90_e10,1,0.9,0.1,0.29747,0.011605,-0.579969,0.21081,0.051675,0.0335482,0.422431,1,0,0,0,nan,0.126127,0.25263,1.2938,0,0,0,0,0.238813,0.0829964,0.646611,0.734016,0.203684,0.854561,0.927599,0.687546,0.704668,0.222932,0,nan,10.9186,0.147255,0.0932248,0.112625,0.0966966,0.113437,0.117437,0,44.9743,96.3752,0.857336,0.503254,0.61062,0.384652,0.831332,0.0858587,9.32748,full
l0,mujoco,policy,0,/home/humanoid/Programs/Humanoid_Simulation/Locomanipulation_game/logs/skrl/locomanip_marl/paper00/checkpoints/agent_91200.pt,0,b001_d90_e20,1,0.9,0.2,0.388363,-0.0300894,-0.579969,0.283402,0.120453,0.0335482,0.422431,1,0,0,0,nan,0.134908,0.257847,1.03515,0,0,0,0,0.26689,0.060169,0.774485,0.891175,0.178822,0.910625,0.944457,0.68903,0.69681,0.247647,0,nan,11.3821,0.14619,-0.163998,0.119419,-0.168082,0.116662,1.04704,1,34.2319,47.0047,0.550072,0.543336,0.729925,0.351265,0.744549,0.0857188,10.0106,full
l0,mujoco,policy,0,/home/humanoid/Programs/Humanoid_Simulation/Locomanipulation_game/logs/skrl/locomanip_marl/paper00/checkpoints/agent_91200.pt,0,b002_d00_e00,2,0,0,0.171553,0.227398,-0.0289307,0.512,-0.349882,0.26534,0.973469,0,0,0,0,nan,0.0356612,0.0895315,0.339222,0,0,0,1,0.0732682,0.121937,0.455654,0.187081,0.0908023,0.244423,0.913482,0.74149,0.765258,0.148223,0,nan,8.59665,0.147166,-0.173756,0.12055,-0.159876,0.121026,0.607094,5,9.8853,18.5946,0.24968,0.555806,0.667312,0.555624,0.845776,0.0962204,6.45737,full
l0,mujoco,policy,0,/home/humanoid/Programs/Humanoid_Simulation/Locomanipulation_game/logs/skrl/locomanip_marl/paper00/checkpoints/agent_91200.pt,0,b002_d00_e10,2,0,0.1,0.262316,0.269373,-0.0289307,0.605033,-0.386555,0.26534,0.973469,0,0,0,0,nan,0.052902,0.0959259,0.393645,0,0,0,1,0.12547,0.157994,0.227812,0.493917,0.108812,0.294853,0.904196,0.741328,0.750127,0.154069,0,nan,8.57377,0.126826,-0.200946,0.129242,-0.216403,0.125971,1.12493,2,15.0574,28.8195,0.289384,0.680746,0.642251,0.467085,0.881458,0.0981659,6.88332,full
l0,mujoco,policy,0,/home/humanoid/Programs/Humanoid_Simulation/Locomanipulation_game/logs/skrl/locomanip_marl/paper00/checkpoints/agent_91200.pt,0,b002_d00_e20,2,0,0.2,0.35308,0.311349,-0.0289307,0.698066,-0.423227,0.26534,0.973469,0,0,0,0,nan,0.0534224,0.106997,0.4357,0,0,0,0,0.0977647,0.116148,0.10831,0.5157,0.102631,0.233656,0.939568,0.744848,0.764129,0.175439,0,nan,9.70007,0.188988,-0.160627,0.129071,-0.143944,0.126216,1.37424,3,13.2047,25.898,0.274165,0.814118,0.835773,0.646906,0.811213,0.0834259,6.45946,full
l0,mujoco,policy,0,/home/humanoid/Programs/Humanoid_Simulation/Locomanipulation_game/logs/skrl/locomanip_marl/paper00/checkpoints/agent_91200.pt,0,b002_d100_e00,2,1,0,0.171553,0.227398,-1.02893,0.512,-0.349882,-0.73466,-0.0265307,1,0,0,0,nan,0.519126,0.651516,0.81867,0,0,0,0,0.674491,0.44124,0.670222,0.143129,0.542751,0.475985,0.939695,0.714666,0.729959,0.209736,0,nan,13.963,0.154631,-0.137661,0.127855,-0.183532,0.125816,0.324723,0,34.8449,34.779,0.436719,0.566568,0.506193,0.434115,0.847634,0.104955,11.9536,full
l0,mujoco,policy,0,/home/humanoid/Programs/Humanoid_Simulation/Locomanipulation_game/logs/skrl/locomanip_marl/paper00/checkpoints/agent_91200.pt,0,b002_d100_e10,2,1,0.1,0.262316,0.269373,-1.02893,0.605033,-0.386555,-0.73466,-0.0265307,1,0,0,0,nan,0.541421,0.667124,0.841112,0,0,0,0,0.64783,0.488079,0.937099,0.184472,0.564026,0.433907,0.931101,0.70746,0.720758,0.210342,0,nan,11.7328,0.137927,-0.121219,0.127015,-0.151594,0.121972,0.604435,1,42.1256,37.8813,0.444653,0.494787,0.532508,0.320171,0.763411,0.0990173,10.6401,full
l0,mujoco,policy,0,/home/humanoid/Programs/Humanoid_Simulation/Locomanipulation_game/logs/skrl/locomanip_marl/paper00/checkpoints/agent_91200.pt,0,b002_d100_e20,2,1,0.2,0.35308,0.311349,-1.02893,0.698066,-0.423227,-0.73466,-0.0265307,1,0,0,0,nan,0.579843,0.703358,0.89482,0,0,0,0,0.687489,0.510711,0.737607,0.229984,0.592991,0.511066,0.937063,0.704855,0.712836,0.224226,0,nan,11.6362,0.156143,-0.150874,0.128661,-0.17708,0.126373,0.591142,0,24.2303,19.3383,0.271448,0.548329,0.634128,0.566977,0.862439,0.12119,9.58736,full
l0,mujoco,policy,0,/home/humanoid/Programs/Humanoid_Simulation/Locomanipulation_game/logs/skrl/locomanip_marl/paper00/checkpoints/agent_91200.pt,0,b002_d10_e00,2,0.1,0,0.171553,0.227398,-0.128931,0.512,-0.349882,0.16534,0.873469,1,0,0,0,nan,0.0120174,0.0916805,0.300645,0,0,0,1,0.08077,0.105393,0.118687,0.245153,0.0808209,0.182788,0.925583,0.744757,0.759371,0.166212,0,nan,8.05706,0.122039,0.0953803,0.119809,0.0819732,0.1193,0.549656,0,15.0031,27.6893,0.280594,0.452862,0.51992,0.355668,0.771958,0.0765578,5.35105,full
l0,mujoco,policy,0,/home/humanoid/Programs/Humanoid_Simulation/Locomanipulation_game/logs/skrl/locomanip_marl/paper00/checkpoints/agent_91200.pt,0,b002_d10_e10,2,0.1,0.1,0.262316,0.269373,-0.128931,0.605033,-0.386555,0.16534,0.873469,1,0,1,0,nan,0.0226826,0.0830571,0.46115,0,0,0,1,0.0785969,0.113967,0.0899962,0.475692,0.0853382,0.254379,0.930141,0.72781,0.743954,0.186187,0,nan,8.50297,0.116874,-0.175344,0.12839,-0.174672,0.126024,0.169667,0,11.4367,23.8105,0.212533,0.422182,0.741951,0.314291,0.850093,0.0754377,7.26517,full
l0,mujoco,policy,0,/home/humanoid/Programs/Humanoid_Simulation/Locomanipulation_game/logs/skrl/locomanip_marl/paper00/checkpoints/agent_91200.pt,0,b002_d10_e20,2,0.1,0.2,0.35308,0.311349,-0.128931,0.698066,-0.423227,0.16534,0.873469,1,0,0,0,nan,0.10516,0.217273,0.355772,0,0,0,0,0.0935131,0.223157,0.0822058,0.350819,0.153718,0.238327,0.914939,0.70119,0.729227,0.185712,0,nan,8.66936,0.130971,-0.13459,0.13297,-0.148714,0.129808,0.359779,1,23.5625,19.8356,0.291767,0.485808,0.688627,0.537236,1,0.0893648,6.05557,full
l0,mujoco,policy,0,/home/humanoid/Programs/Humanoid_Simulation/Locomanipulation_game/logs/skrl/locomanip_marl/paper00/checkpoints/agent_91200.pt,0,b002_d20_e00,2,0.2,0,0.171553,0.227398,-0.228931,0.512,-0.349882,0.06534,0.773469,1,0,0,0,nan,0.0371801,0.0736638,0.237011,0,0,1,1,0.0880024,0.11377,0.0880855,0.10507,0.102217,0.139291,0.898841,0.727188,0.76072,0.138121,0,nan,8.49726,0.158918,-0.218037,0.115085,-0.25571,0.113578,1.02036,6,17.201,11.2437,0.227298,0.849399,0.673163,0.598109,0.760676,0.0930655,5.24596,full
l0,mujoco,policy,0,/home/humanoid/Programs/Humanoid_Simulation/Locomanipulation_game/logs/skrl/locomanip_marl/paper00/checkpoints/agent_91200.pt,0,b002_d20_e10,2,0.2,0.1,0.262316,0.269373,-0.228931,0.605033,-0.386555,0.06534,0.773469,1,0,0,0,nan,0.020268,0.0916873,0.507813,0,0,0,0,0.094879,0.172938,0.0503262,0.410774,0.101609,0.32756,0.950463,0.725952,0.743086,0.207377,0,nan,8.41466,0.143909,-0.0998191,0.128395,-0.125959,0.12525,0.377487,0,19.0176,58.9511,0.399005,0.634582,0.587382,0.468125,0.806691,0.0906684,7.57083,full
l0,mujoco,policy,0,/home/humanoid/Programs/Humanoid_Simulation/Locomanipulation_game/logs/skrl/locomanip_marl/paper00/checkpoints/agent_91200.pt,0,b002_d20_e20,2,0.2,0.2,0.35308,0.311349,-0.228931,0.698066,-0.423227,0.06534,0.773469,1,0,0,0,nan,0.0665064,0.188391,0.503146,0,0,0,0,0.0947272,0.182549,0.0491962,0.313941,0.124431,0.24602,0.947512,0.706002,0.735925,0.211587,0,nan,7.97504,0.147792,-0.12094,0.131556,-0.125561,0.130146,0.533032,0,18.7694,37.8732,0.343945,0.678388,0.855051,0.559315,1,0.0680098,5.98203,full
l0,mujoco,policy,0,/home/humanoid/Programs/Humanoid_Simulation/Locomanipulation_game/logs/skrl/locomanip_marl/paper00/checkpoints/agent_91200.pt,0,b002_d30_e00,2,0.3,0,0.171553,0.227398,-0.328931,0.512,-0.349882,-0.03466,0.673469,1,0,0,0,nan,0.0390996,0.0929408,0.43252,0,0,0,1,0.0912559,0.103856,0.123271,0.316384,0.096426,0.203495,0.941391,0.736348,0.743554,0.197837,0,nan,8.43338,0.128444,-0.121397,0.114325,-0.146056,0.114672,0.638473,2,15.5962,16.8069,0.299306,0.451927,0.680078,0.402364,1,0.0874113,5.68622,full
l0,mujoco,policy,0,/home/humanoid/Programs/Humanoid_Simulation/Locomanipulation_game/logs/skrl/locomanip_marl/paper00/checkpoints/agent_91200.pt,0,b002_d30_e10,2,0.3,0.1,0.262316,0.269373,-0.328931,0.605033,-0.386555,-0.03466,0.673469,1,0,0,0,nan,0.0586951,0.112873,0.393839,0,0,0,0,0.0899774,0.119102,0.124367,0.354798,0.0979198,0.211686,0.913369,0.717131,0.731539,0.18183,0,nan,7.97423,0.100288,0.107824,0.127088,0.111858,0.128129,0.27065,0,26.0933,16.4242,0.295875,0.451335,0.455523,0.317452,0.800964,0.0805839,6.9342,full
l0,mujoco,policy,0,/home/humanoid/Programs/Humanoid_Simulation/Locomanipulation_game/logs/skrl/locomanip_marl/paper00/checkpoints/agent_91200.pt,0,b002_d30_e20,2,0.3,0.2,0.35308,0.311349,-0.328931,0.698066,-0.423227,-0.03466,0.673469,1,0,0,0,nan,0.103619,0.168052,0.395389,0,0,0,0,0.082813,0.16978,0.391425,0.245168,0.131423,0.322409,0.957813,0.69836,0.710704,0.247109,0,nan,7.32914,0.132319,-0.137756,0.132876,-0.177112,0.131748,0.448634,1,17.5577,19.4229,0.243963,0.598917,0.76856,0.509594,1,0.0933009,6.76552,full
l0,mujoco,policy,0,/home/humanoid/Programs/Humanoid_Simulation/Locomanipulation_game/logs/skrl/locomanip_marl/paper00/checkpoints/agent_91200.pt,0,b002_d40_e00,2,0.4,0,0.171553,0.227398,-0.428931,0.512,-0.349882,-0.13466,0.573469,1,0,0,0,nan,0.0807572,0.131778,0.451897,0,0,0,0,0.146617,0.113228,0.295624,0.445181,0.118924,0.463944,0.936403,0.715722,0.752583,0.18382,0,nan,11.0172,0.196488,-0.193173,0.11532,-0.212878,0.114406,0.740373,4,19.0688,12.4632,0.218894,0.859077,0.683416,0.691343,0.827646,0.0923406,5.66354,full
l0,mujoco,policy,0,/home/humanoid/Programs/Humanoid_Simulation/Locomanipulation_game/logs/skrl/locomanip_marl/paper00/checkpoints/agent_91200.pt,0,b002_d40_e10,2,0.4,0.1,0.262316,0.269373,-0.428931,0.605033,-0.386555,-0.13466,0.573469,1,0,0,0,nan,0.103114,0.146344,0.385055,0,0,0,0,0.11054,0.139378,0.328889,0.211654,0.123571,0.263511,0.938193,0.719343,0.727023,0.21117,0,nan,8.41653,0.123761,-0.126611,0.119165,-0.104396,0.11892,0.185513,0,12.0731,18.8125,0.227385,0.425105,0.784666,0.357933,0.901273,0.0872672,5.83529,full
l0,mujoco,policy,0,/home/humanoid/Programs/Humanoid_Simulation/Locomanipulation_game/logs/skrl/locomanip_marl/paper00/checkpoints/agent_91200.pt,0,b002_d40_e20,2,0.4,0.2,0.35308,0.311349,-0.428931,0.698066,-0.423227,-0.13466,0.573469,1,0,0,0,nan,0.162249,0.23302,0.476995,0,0,0,0,0.161561,0.224568,0.472341,0.305748,0.191018,0.321984,0.912407,0.711282,0.729547,0.182859,0,nan,7.79075,0.133322,0.106447,0.129664,0.0871555,0.126958,0.83218,0,46.6825,28.4642,0.38665,0.676299,0.698121,0.509639,1,0.0744407,6.15908,full
l0,mujoco,policy,0,/home/humanoid/Programs/Humanoid_Simulation/Locomanipulation_game/logs/skrl/locomanip_marl/paper00/checkpoints/agent_91200.pt,0,b002_d50_e00,2,0.5,0,0.171553,0.227398,-0.528931,0.512,-0.349882,-0.23466,0.473469,1,0,0,0,nan,0.106627,0.180185,0.402673,0,0,0,0,0.18373,0.1132,0.358233,0.102605,0.128472,0.247693,0.95964,0.719933,0.734204,0.225436,0,nan,9.80038,0.143606,-0.0930544,0.113114,-0.0718953,0.109817,0.462914,0,18.8608,17.8165,0.21153,0.503066,0.820196,0.36728,0.713202,0.0830231,7.38969,full
l0,mujoco,policy,0,/home/humanoid/Programs/Humanoid_Simulation/Locomanipulation_game/logs/skrl/locomanip_marl/paper00/checkpoints/agent_91200.pt,0,b002_d50_e10,2,0.5,0.1,0.262316,0.269373,-0.528931,0.605033,-0.386555,-0.23466,0.473469,1,0,0,0,nan,0.136976,0.200621,0.394413,0,0,0,0,0.197753,0.126194,0.410566,0.0919519,0.179265,0.247657,0.949079,0.70655,0.728711,0.220368,0,nan,10.0623,0.151681,-0.186266,0.122216,-0.184123,0.123505,0.310003,2,33.7225,27.6502,0.296546,0.680464,0.626783,0.524242,1,0.10246,7.49494,full
l0,mujoco,policy,0,/home/humanoid/Programs/Humanoid_Simulation/Locomanipulation_game/logs/skrl/locomanip_marl/paper00/checkpoints/agent_91200.pt,0,b002_d50_e20,2,0.5,0.2,0.35308,0.311349,-0.528931,0.698066,-0.423227,-0.23466,0.473469,1,0,0,0,nan,0.214291,0.260812,0.55331,0,0,0,0,0.273939,0.267761,0.611551,0.163679,0.255992,0.368972,0.937192,0.698225,0.704469,0.232723,0,nan,9.82949,0.168247,-0.159638,0.128287,-0.187989,0.125429,0.823924,2,36.1084,36.8824,0.435079,0.796528,0.678142,0.671246,0.896243,0.129786,7.11788,full
l0,mujoco,policy,0,/home/humanoid/Programs/Humanoid_Simulation/Locomanipulation_game/logs/skrl/locomanip_marl/paper00/checkpoints/agent_91200.pt,0,b002_d60_e00,2,0.6,0,0.171553,0.227398,-0.628931,0.512,-0.349882,-0.33466,0.373469,1,0,0,0,nan,0.237121,0.296375,0.335068,0,0,0,0,0.267682,0.225774,0.452253,0.0596947,0.253317,0.228226,0.896209,0.713744,0.723121,0.173088,0,nan,8.28191,0.171434,-0.198436,0.122917,-0.216594,0.123273,1.28697,5,36.2154,21.2849,0.323128,0.762013,0.576898,0.920188,0.947205,0.133411,7.50894,full
l0,mujoco,policy,0,/home/humanoid/Programs/Humanoid_Simulation/Locomanipulation_game/logs/skrl/locomanip_marl/paper00/checkpoints/agent_91200.pt,0,b002_d60_e10,2,0.6,0.1,0.262316,0.269373,-0.628931,0.605033,-0.386555,-0.33466,0.373469,1,0,0,0,nan,0.314509,0.363265,0.523563,0,0,0,0,0.34623,0.349071,0.546,0.211693,0.353628,0.349956,0.922229,0.684475,0.710146,0.212083,0,nan,8.43427,0.242009,-0.263861,0.128643,-0.27972,0.127984,1.76372,7,41.3031,13.2259,0.356547,0.918347,0.665227,0.814966,0.911696,0.176873,6.64695,full
l0,mujoco,policy,0,/home/humanoid/Programs/Humanoid_Simulation/Locomanipulation_game/logs/skrl/locomanip_marl/paper00/checkpoints/agent_91200.pt,0,b002_d60_e20,2,0.6,0.2,0.35308,0.311349,-0.628931,0.698066,-0.423227,-0.33466,0.373469,1,0,0,0,nan,0.276972,0.306935,0.511452,0,0,0,0,0.312128,0.311812,0.286273,0.225724,0.307222,0.285307,0.936309,0.698358,0.713786,0.222523,0,nan,9.02381,0.126116,-0.187739,0.131582,-0.214755,0.129232,0.796841,3,38.5035,30.2705,0.381157,0.67507,0.498744,0.553344,0.789808,0.111525,7.19543,full
l0,mujoco,policy,0,/home/humanoid/Programs/Humanoid_Simulation/Locomanipulation_game/logs/skrl/locomanip_marl/paper00/checkpoints/agent_91200.pt,0,b002_d70_e00,2,0.7,0,0.171553,0.227398,-0.728931,0.512,-0.349882,-0.43466,0.273469,1,0,0,0,nan,0.280063,0.363914,0.425492,0,0,0,0,0.352117,0.245055,0.27461,0.16855,0.301754,0.256671,0.960217,0.706212,0.723754,0.236463,0,nan,9.79482,0.168263,-0.177508,0.124538,-0.197931,0.12615,1.65442,3,26.3173,37.3337,0.410484,0.794216,0.518136,0.756076,1,0.104657,8.92219,full
l0,mujoco,policy,0,/home/humanoid/Programs/Humanoid_Simulation/Locomanipulation_game/logs/skrl/locomanip_marl/paper00/checkpoints/agent_91200.pt,0,b002_d70_e10,2,0.7,0.1,0.262316,0.269373,-0.728931,0.605033,-0.386555,-0.43466,0.273469,1,0,0,0,nan,0.308681,0.377136,0.546314,0,0,0,0,0.396479,0.284407,0.479265,0.0316995,0.332982,0.284265,0.926488,0.709481,0.723358,0.20313,0,nan,9.22811,0.121927,-0.153625,0.122292,-0.185203,0.122559,0.775788,2,38.0325,25.2113,0.4172,0.849452,0.489113,0.528565,0.766743,0.0970049,7.87472,full
l0,mujoco,policy,0,/home/humanoid/Programs/Humanoid_Simulation/Locomanipulation_game/logs/skrl/locomanip_marl/paper00/checkpoints/agent_91200.pt,0,b002_d70_e20,2,0.7,0.2,0.35308,0.311349,-0.728931,0.698066,-0.423227,-0.43466,0.273469,1,0,0,0,nan,0.378458,0.409121,0.550978,0,0,0,0,0.413001,0.434098,0.459601,0.11408,0.405991,0.364199,0.912646,0.693188,0.710848,0.201798,0,nan,9.18212,0.131684,-0.179983,0.127981,-0.135044,0.125412,0.598865,3,44.9745,47.764,0.47208,0.61603,0.573775,0.449133,0.909819,0.0995317,6.76809,full
l0,mujoco,policy,0,/home/humanoid/Programs/Humanoid_Simulation/Locomanipulation_game/logs/skrl/locomanip_marl/paper00/checkpoints/agent_91200.pt,0,b002_d80_e00,2,0.8,0,0.171553,0.227398,-0.828931,0.512,-0.349882,-0.53466,0.173469,1,0,0,0,nan,0.335632,0.464912,0.544245,0,0,0,0,0.478238,0.262696,0.410963,0.0684099,0.357717,0.339678,0.953877,0.723141,0.733854,0.220023,0,nan,12.5957,0.15254,-0.124935,0.123886,-0.149204,0.118254,0.320505,1,56.1211,22.5648,0.444111,0.445168,0.558624,0.39915,0.705582,0.108321,11.0365,full
l0,mujoco,policy,0,/home/humanoid/Programs/Humanoid_Simulation/Locomanipulation_game/logs/skrl/locomanip_marl/paper00/checkpoints/agent_91200.pt,0,b002_d80_e10,2,0.8,0.1,0.262316,0.269373,-0.828931,0.605033,-0.386555,-0.53466,0.173469,1,0,0,0,nan,0.377122,0.473181,0.619332,0,0,0,0,0.44258,0.326225,0.464595,0.117137,0.392825,0.294799,0.940412,0.710227,0.718441,0.221971,0,nan,11.0503,0.138952,-0.129536,0.131463,-0.149443,0.129095,0.869449,0,37.0759,19.3235,0.392467,0.447196,0.603724,0.437053,0.788406,0.103809,9.7935,full
l0,mujoco,policy,0,/home/humanoid/Programs/Humanoid_Simulation/Locomanipulation_game/logs/skrl/locomanip_marl/paper00/checkpoints/agent_91200.pt,0,b002_d80_e20,2,0.8,0.2,0.35308,0.311349,-0.828931,0.698066,-0.423227,-0.53466,0.173469,1,0,0,0,nan,0.425081,0.495182,0.620169,0,0,0,0,0.491802,0.410017,0.374306,0.0549951,0.452326,0.34794,0.931689,0.705416,0.722451,0.209238,0,nan,9.12037,0.139335,-0.116253,0.122934,-0.130476,0.123086,1.03944,0,41.3881,29.8613,0.401347,0.509354,0.576105,0.406564,0.863961,0.0844864,6.86459,full
l0,mujoco,policy,0,/home/humanoid/Programs/Humanoid_Simulation/Locomanipulation_game/logs/skrl/locomanip_marl/paper00/checkpoints/agent_91200.pt,0,b002_d90_e00,2,0.9,0,0.171553,0.227398,-0.928931,0.512,-0.349882,-0.63466,0.0734693,1,0,0,0,nan,0.432972,0.559973,0.58013,0,0,0,0,0.552895,0.322769,0.513993,0.13005,0.441613,0.313524,0.929604,0.719601,0.727777,0.201827,0,nan,13.2842,0.147962,-0.184366,0.125534,-0.220383,0.123982,0.26083,1,25.2055,33.139,0.41969,0.544042,0.639454,0.395124,0.856452,0.101281,11.9079,full
l0,mujoco,policy,0,/home/humanoid/Programs/Humanoid_Simulation/Locomanipulation_game/logs/skrl/locomanip_marl/paper00/checkpoints/agent_91200.pt,0,b002_d90_e10,2,0.9,0.1,0.262316,0.269373,-0.928931,0.605033,-0.386555,-0.63466,0.0734693,1,0,0,0,nan,0.460129,0.571824,0.703592,0,0,0,0,0.535505,0.395343,0.600096,0.144264,0.477543,0.358464,0.947761,0.708029,0.716121,0.23164,0,nan,12.2857,0.141566,-0.145027,0.131659,-0.155191,0.128858,0.252158,1,41.1355,20.1901,0.331197,0.528209,0.651054,0.405113,0.82394,0.111015,10.4496,full
l0,mujoco,policy,0,/home/humanoid/Programs/Humanoid_Simulation/Locomanipulation_game/logs/skrl/locomanip_marl/paper00/checkpoints/agent_91200.pt,0,b002_d90_e20,2,0.9,0.2,0.35308,0.311349,-0.928931,0.698066,-0.423227,-0.63466,0.0734693,1,0,0,0,nan,0.518183,0.58683,0.798232,0,0,0,0,0.582792,0.509691,0.549435,0.24663,0.541622,0.405553,0.915092,0.694137,0.714,0.201091,0,nan,9.59326,0.135449,-0.130158,0.133416,-0.146391,0.131201,0.516389,1,35.1692,16.6508,0.313581,0.555066,0.515325,0.351185,0.688197,0.101852,8.55232,full
l0,mujoco,policy,0,/home/humanoid/Programs/Humanoid_Simulation/Locomanipulation_game/logs/skrl/locomanip_marl/paper00/checkpoints/agent_91200.pt,0,b003_d00_e00,3,0,0,0.517857,0.257246,0.229271,0.404624,-0.320827,0.454146,1.23167,0,0,0,0,nan,0.0652513,0.103943,0.227546,0,0,0,0,0.177107,0.146052,0.182323,0.213267,0.129397,0.150414,0.90659,0.732989,0.757379,0.14921,0,nan,12.3768,0.149656,-0.243293,0.118728,-0.256818,0.114854,0.783635,3,30.911,23.484,0.246767,0.908936,0.650307,0.779709,0.696428,0.144383,9.82325,full
l0,mujoco,policy,0,/home/humanoid/Programs/Humanoid_Simulation/Locomanipulation_game/logs/skrl/locomanip_marl/paper00/checkpoints/agent_91200.pt,0,b003_d00_e10,3,0,0.1,0.615706,0.277877,0.229271,0.496591,-0.360095,0.454146,1.23167,0,0,0,0,nan,0.0312127,0.0880815,0.257362,0,0,0,1,0.120099,0.141175,0.258125,0.19578,0.101448,0.193566,0.927612,0.742492,0.747107,0.180505,0,nan,10.6656,0.153458,-0.16763,0.123765,-0.210556,0.119066,1.08966,1,20.5637,21.2937,0.266269,0.498937,0.682476,0.461353,0.680007,0.116454,9.0569,full
l0,mujoco,policy,0,/home/humanoid/Programs/Humanoid_Simulation/Locomanipulation_game/logs/skrl/locomanip_marl/paper00/checkpoints/agent_91200.pt,0,b003_d00_e20,3,0,0.2,0.713554,0.298508,0.229271,0.588558,-0.399363,0.454146,1.23167,0,0,0,0,nan,0.0663592,0.128049,0.218207,0,0,0,0,0.122432,0.122568,0.195919,0.141119,0.112904,0.192065,0.896908,0.720234,0.741347,0.155562,0,nan,10.4132,0.185616,-0.158283,0.120333,-0.164029,0.11887,0.749997,1,22.9593,17.9455,0.248227,0.771039,0.6405,0.440235,0.750587,0.106589,8.34732,full
l0,mujoco,policy,0,/home/humanoid/Programs/Humanoid_Simulation/Locomanipulation_game/logs/skrl/locomanip_marl/paper00/checkpoints/agent_91200.pt,0,b003_d100_e00,3,1,0,0.517857,0.257246,-0.770729,0.404624,-0.320827,-0.545854,0.231671,1,0,0,0,nan,0.371138,0.520238,0.386397,0,0,0,0,0.5253,0.278608,0.177402,0.0932998,0.391023,0.192616,0.930035,0.732346,0.740991,0.189044,0,nan,11.458,0.156422,-0.145342,0.123986,-0.173522,0.120352,1.05085,2,32.0087,40.1048,0.372084,0.618346,0.642453,0.533871,0.799258,0.109736,8.2467,full
l0,mujoco,policy,0,/home/humanoid/Programs/Humanoid_Simulation/Locomanipulation_game/logs/skrl/locomanip_marl/paper00/checkpoints/agent_91200.pt,0,b003_d100_e10,3,1,0.1,0.615706,0.277877,-0.770729,0.496591,-0.360095,-0.545854,0.231671,1,0,0,0,nan,0.412459,0.557069,0.481934,0,0,0,0,0.532749,0.296837,0.238251,0.158914,0.427884,0.234185,0.924384,0.716098,0.731685,0.1927,0,nan,10.3798,0.162981,-0.155528,0.129293,-0.177617,0.125664,0.457387,1,33.5606,29.0558,0.323935,0.493467,0.615089,0.373636,0.786409,0.108439,8.86617,full
l0,mujoco,policy,0,/home/humanoid/Programs/Humanoid_Simulation/Locomanipulation_game/logs/skrl/locomanip_marl/paper00/checkpoints/agent_91200.pt,0,b003_d100_e20,3,1,0.2,0.713554,0.298508,-0.770729,0.588558,-0.399363,-0.545854,0.231671,1,0,0,0,nan,0.466306,0.630016,0.352739,0,0,0,0,0.614323,0.353039,0.0527187,0.173864,0.491413,0.173145,0.941285,0.72118,0.730979,0.210306,0,nan,9.72136,0.161714,-0.120198,0.128173,-0.156837,0.125575,0.375614,0,19.4671,22.2691,0.299078,0.421163,0.692698,0.457795,1,0.0998547,7.5637,full
l0,mujoco,policy,0,/home/humanoid/Programs/Humanoid_Simulation/Locomanipulation_game/logs/skrl/locomanip_marl/paper00/checkpoints/agent_91200.pt,0,b003_d10_e00,3,0.1,0,0.517857,0.257246,0.129271,0.404624,-0.320827,0.354146,1.13167,0,0,0,0,nan,0.0227994,0.0857139,0.350559,0,0,0,1,0.0886032,0.112281,0.054345,0.264791,0.0941709,0.1776,0.948882,0.717537,0.737723,0.211159,0,nan,10.7524,0.153368,-0.159451,0.126945,-0.213975,0.126009,0.733313,1,29.1266,20.1885,0.329591,0.526668,0.681672,0.5651,0.834554,0.106869,7.97996,full
l0,mujoco,policy,0,/home/humanoid/Programs/Humanoid_Simulation/Locomanipulation_game/logs/skrl/locomanip_marl/paper00/checkpoints/agent_91200.pt,0,b003_d10_e10,3,0.1,0.1,0.615706,0.277877,0.129271,0.496591,-0.360095,0.354146,1.13167,0,0,0,0,nan,0.0375551,0.0900935,0.170002,0,0,0,1,0.099932,0.152797,0.071352,0.108208,0.10534,0.101244,0.928416,0.729171,0.753296,0.17512,0,nan,9.24199,0.150906,-0.119806,0.125771,-0.132799,0.12426,0.242794,0,15.7622,23.5656,0.249286,0.511631,0.605987,0.336711,0.711914,0.115912,7.62832,full
l0,mujoco,policy,0,/home/humanoid/Programs/Humanoid_Simulation/Locomanipulation_game/logs/skrl/locomanip_marl/paper00/checkpoints/agent_91200.pt,0,b003_d10_e20,3,0.1,0.2,0.713554,0.298508,0.129271,0.588558,-0.399363,0.354146,1.13167,0,0,0,0,nan,0.0736976,0.163709,0.210211,0,0,0,0,0.140919,0.163528,0.103578,0.19166,0.136891,0.121401,0.939789,0.710162,0.735797,0.203992,0,nan,11.339,0.171053,-0.145378,0.114087,-0.188794,0.114409,0.683576,1,21.2967,32.7631,0.318802,0.624169,0.64379,0.474274,1,0.123907,9.08397,full
l0,mujoco,policy,0,/home/humanoid/Programs/Humanoid_Simulation/Locomanipulation_game/logs/skrl/locomanip_marl/paper00/checkpoints/agent_91200.pt,0,b003_d20_e00,3,0.2,0,0.517857,0.257246,0.0292706,0.404624,-0.320827,0.254146,1.03167,0,0,0,0,nan,0.023795,0.0851291,0.312053,0,0,0,1,0.106696,0.127042,0.0971034,0.274436,0.101994,0.174287,0.918511,0.719078,0.732561,0.18595,0,nan,8.02654,0.119809,-0.116464,0.128279,-0.11893,0.124442,0.393629,1,20.7662,17.5663,0.243106,0.483922,0.599862,0.481315,0.690031,0.110193,6.77428,full
l0,mujoco,policy,0,/home/humanoid/Programs/Humanoid_Simulation/Locomanipulation_game/logs/skrl/locomanip_marl/paper00/checkpoints/agent_91200.pt,0,b003_d20_e10,3,0.2,0.1,0.615706,0.277877,0.0292706,0.496591,-0.360095,0.254146,1.03167,0,0,0,0,nan,0.0331069,0.0937242,0.219736,0,0,0,1,0.11158,0.13132,0.0961137,0.124443,0.098062,0.138735,0.943723,0.721338,0.743346,0.200377,0,nan,9.29197,0.142401,-0.156919,0.121681,-0.188255,0.122147,0.826364,1,17.0756,15.1568,0.202228,0.498573,0.608396,0.416947,0.836046,0.110887,8.24586,full
l0,mujoco,policy,0,/home/humanoid/Programs/Humanoid_Simulation/Locomanipulation_game/logs/skrl/locomanip_marl/paper00/checkpoints/agent_91200.pt,0,b003_d20_e20,3,0.2,0.2,0.713554,0.298508,0.0292706,0.588558,-0.399363,0.254146,1.03167,0,0,0,0,nan,0.0833841,0.145977,0.1659,0,0,0,0,0.133025,0.147475,0.0675148,0.138927,0.132646,0.113397,0.939192,0.695332,0.727916,0.211276,0,nan,11.3803,0.192129,-0.143841,0.115646,-0.148145,0.113443,0.68214,2,21.7736,21.5229,0.248317,0.51235,0.908837,0.793133,0.829785,0.113132,8.47572,full
l0,mujoco,policy,0,/home/humanoid/Programs/Humanoid_Simulation/Locomanipulation_game/logs/skrl/locomanip_marl/paper00/checkpoints/agent_91200.pt,0,b003_d30_e00,3,0.3,0,0.517857,0.257246,-0.0707294,0.404624,-0.320827,0.154146,0.931671,0,0,0,0,nan,0.0285026,0.093047,0.240358,0,0,0,1,0.119734,0.137448,0.110499,0.304127,0.105011,0.161437,0.929061,0.719795,0.725424,0.203637,0,nan,9.63037,0.174633,-0.216452,0.125088,-0.255343,0.120623,2.02032,4,16.4421,12.8162,0.205835,0.741316,0.761542,0.714713,0.763258,0.122465,7.57996,full
l0,mujoco,policy,0,/home/humanoid/Programs/Humanoid_Simulation/Locomanipulation_game/logs/skrl/locomanip_marl/paper00/checkpoints/agent_91200.pt,0,b003_d30_e10,3,0.3,0.1,0.615706,0.277877,-0.0707294,0.496591,-0.360095,0.154146,0.931671,0,0,0,0,nan,0.0584252,0.0978264,0.180205,0,0,0,1,0.100195,0.114107,0.0186475,0.223508,0.106664,0.117902,0.961684,0.709448,0.732321,0.229363,0,nan,8.84007,0.160938,-0.109371,0.126216,-0.118551,0.119314,0.269113,1,16.1823,21.0919,0.197715,0.533942,0.8284,0.439968,1,0.101786,6.4773,full
l0,mujoco,policy,0,/home/humanoid/Programs/Humanoid_Simulation/Locomanipulation_game/logs/skrl/locomanip_marl/paper00/checkpoints/agent_91200.pt,0,b003_d30_e20,3,0.3,0.2,0.713554,0.298508,-0.0707294,0.588558,-0.399363,0.154146,0.931671,0,0,0,0,nan,0.0982196,0.172545,0.183205,0,0,0,0,0.148105,0.15235,0.111367,0.215653,0.151132,0.132901,0.921253,0.699579,0.716091,0.205162,0,nan,9.51039,0.158937,-0.15835,0.119656,-0.1639,0.116683,0.800224,0,18.8817,26.1975,0.27409,0.575502,0.793178,0.527676,1,0.119238,7.58807,full
l0,mujoco,policy,0,/home/humanoid/Programs/Humanoid_Simulation/Locomanipulation_game/logs/skrl/locomanip_marl/paper00/checkpoints/agent_91200.pt,0,b003_d40_e00,3,0.4,0,0.517857,0.257246,-0.170729,0.404624,-0.320827,0.0541465,0.831671,1,0,0,0,nan,0.0537379,0.112142,0.279153,0,0,0,0,0.113424,0.1116,0.139482,0.303703,0.100453,0.193852,0.924629,0.728001,0.737584,0.187045,0,nan,7.36778,0.123034,-0.135854,0.127849,-0.136065,0.126369,0.547274,0,21.3649,17.4798,0.273253,0.609907,0.61094,0.41681,0.816874,0.1021,5.68045,full
l0,mujoco,policy,0,/home/humanoid/Programs/Humanoid_Simulation/Locomanipulation_game/logs/skrl/locomanip_marl/paper00/checkpoints/agent_91200.pt,0,b003_d40_e10,3,0.4,0.1,0.615706,0.277877,-0.170729,0.496591,-0.360095,0.0541465,0.831671,1,0,0,0,nan,0.0618021,0.125864,0.168631,0,0,0,0,0.167066,0.129722,0.119893,0.120028,0.116646,0.117058,0.925437,0.706328,0.726642,0.198795,0,nan,9.7309,0.158671,-0.159695,0.124153,-0.18021,0.121226,1.95891,2,22.3242,14.7858,0.210709,0.635352,0.64283,0.505786,1,0.107258,7.85016,full
l0,mujoco,policy,0,/home/humanoid/Programs/Humanoid_Simulation/Locomanipulation_game/logs/skrl/locomanip_marl/paper00/checkpoints/agent_91200.pt,0,b003_d40_e20,3,0.4,0.2,0.713554,0.298508,-0.170729,0.588558,-0.399363,0.0541465,0.831671,1,0,0,0,nan,0.123342,0.234994,0.236245,0,0,0,0,0.192567,0.188792,0.0777165,0.239092,0.162404,0.153282,0.917053,0.699471,0.706918,0.210135,0,nan,11.3432,0.152272,-0.162896,0.108506,-0.19106,0.108337,1.09277,0,29.0735,54.0199,0.518985,0.558024,0.757234,0.469578,1,0.115077,9.68426,full
l0,mujoco,policy,0,/home/humanoid/Programs/Humanoid_Simulation/Locomanipulation_game/logs/skrl/locomanip_marl/paper00/checkpoints/agent_91200.pt,0,b003_d50_e00,3,0.5,0,0.517857,0.257246,-0.270729,0.404624,-0.320827,-0.0458535,0.731671,1,0,0,0,nan,0.0733498,0.144449,0.198979,0,0,0,0,0.156395,0.117985,0.0913889,0.209687,0.118711,0.141344,0.966995,0.706705,0.74216,0.224835,0,nan,7.69046,0.224884,-0.221044,0.126421,-0.242692,0.124397,1.6265,8,22.9987,12.0978,0.242787,0.854982,0.537179,0.668336,0.944997,0.094062,6.26259,full
l0,mujoco,policy,0,/home/humanoid/Programs/Humanoid_Simulation/Locomanipulation_game/logs/skrl/locomanip_marl/paper00/checkpoints/agent_91200.pt,0,b003_d50_e10,3,0.5,0.1,0.615706,0.277877,-0.270729,0.496591,-0.360095,-0.0458535,0.731671,1,0,0,0,nan,0.12091,0.204815,0.16541,0,0,0,0,0.195393,0.114881,0.0960846,0.0905709,0.145515,0.11337,0.924447,0.704582,0.71612,0.208327,0,nan,8.59017,0.121476,-0.143824,0.123739,-0.163254,0.124104,0.423909,1,20.3923,14.4856,0.229552,0.459542,0.655423,0.436309,0.9401,0.0926538,7.75193,full
l0,mujoco,policy,0,/home/humanoid/Programs/Humanoid_Simulation/Locomanipulation_game/logs/skrl/locomanip_marl/paper00/checkpoints/agent_91200.pt,0,b003_d50_e20,3,0.5,0.2,0.713554,0.298508,-0.270729,0.588558,-0.399363,-0.0458535,0.731671,1,0,0,0,nan,0.124554,0.220198,0.203083,0,0,0,0,0.225499,0.117036,0.207539,0.176146,0.157785,0.1293,0.918249,0.675195,0.68982,0.228428,0,nan,11.2803,0.148388,-0.215716,0.107361,-0.195986,0.106716,0.710903,0,20.708,18.4942,0.208109,0.512723,0.719889,0.391056,1,0.11172,10.0444,full
l0,mujoco,policy,0,/home/humanoid/Programs/Humanoid_Simulation/Locomanipulation_game/logs/skrl/locomanip_marl/paper00/checkpoints/agent_91200.pt,0,b003_d60_e00,3,0.6,0,0.517857,0.257246,-0.370729,0.404624,-0.320827,-0.145854,0.631671,1,0,0,0,nan,0.189663,0.299144,0.185993,0,0,0,0,0.278513,0.221483,0.0999336,0.180596,0.236953,0.129235,0.921098,0.694572,0.710248,0.21085,0,nan,8.02015,0.194888,-0.23839,0.12585,-0.233781,0.123441,1.70625,7,26.4316,29.2737,0.355403,0.871899,0.667595,0.885833,0.879662,0.175962,6.90309,full
l0,mujoco,policy,0,/home/humanoid/Programs/Humanoid_Simulation/Locomanipulation_game/logs/skrl/locomanip_marl/paper00/checkpoints/agent_91200.pt,0,b003_d60_e10,3,0.6,0.1,0.615706,0.277877,-0.370729,0.496591,-0.360095,-0.145854,0.631671,1,0,0,0,nan,0.137852,0.236022,0.176053,0,0,0,0,0.265019,0.124474,0.124833,0.112888,0.178845,0.154194,0.947896,0.711763,0.718889,0.229007,0,nan,7.99717,0.135698,-0.154258,0.13044,-0.202918,0.127087,0.774753,0,44.5319,21.6106,0.377642,0.753172,0.587714,0.660637,0.882291,0.109257,6.18853,full
l0,mujoco,policy,0,/home/humanoid/Programs/Humanoid_Simulation/Locomanipulation_game/logs/skrl/locomanip_marl/paper00/checkpoints/agent_91200.pt,0,b003_d60_e20,3,0.6,0.2,0.713554,0.298508,-0.370729,0.588558,-0.399363,-0.145854,0.631671,1,0,0,0,nan,0.215687,0.372574,0.206523,0,0,0,0,0.367341,0.187471,0.268016,0.167283,0.264074,0.136266,0.905704,0.673386,0.699612,0.206093,0,nan,9.1867,0.204253,-0.212647,0.121834,-0.250323,0.124074,1.55859,6,17.3525,26.7855,0.243519,0.926575,0.727074,0.595975,1,0.144272,6.85921,full
l0,mujoco,policy,0,/home/humanoid/Programs/Humanoid_Simulation/Locomanipulation_game/logs/skrl/locomanip_marl/paper00/checkpoints/agent_91200.pt,0,b003_d70_e00,3,0.7,0,0.517857,0.257246,-0.470729,0.404624,-0.320827,-0.245854,0.531671,1,0,0,0,nan,0.161511,0.282688,0.19534,0,0,0,0,0.269213,0.112964,0.214249,0.158884,0.194693,0.159178,0.9348,0.728134,0.742401,0.192399,0,nan,8.71693,0.132531,-0.146881,0.121313,-0.168613,0.121772,0.435283,0,30.7221,20.7605,0.328316,0.573887,0.57727,0.446732,0.799766,0.103601,6.70911,full
l0,mujoco,policy,0,/home/humanoid/Programs/Humanoid_Simulation/Locomanipulation_game/logs/skrl/locomanip_marl/paper00/checkpoints/agent_91200.pt,0,b003_d70_e10,3,0.7,0.1,0.615706,0.277877,-0.470729,0.496591,-0.360095,-0.245854,0.531671,1,0,0,0,nan,0.170088,0.306786,0.197835,0,0,0,0,0.307909,0.126684,0.139569,0.0666188,0.211068,0.116753,0.930429,0.70893,0.72259,0.207838,0,nan,9.61141,0.14206,-0.15499,0.127535,-0.160214,0.120174,0.663568,1,14.9993,25.6336,0.285845,0.554537,0.615439,0.491574,0.915442,0.115458,7.82415,full
l0,mujoco,policy,0,/home/humanoid/Programs/Humanoid_Simulation/Locomanipulation_game/logs/skrl/locomanip_marl/paper00/checkpoints/agent_91200.pt,0,b003_d70_e20,3,0.7,0.2,0.713554,0.298508,-0.470729,0.588558,-0.399363,-0.245854,0.531671,1,0,0,0,nan,0.248575,0.396247,0.210893,0,0,0,0,0.376359,0.164399,0.175907,0.176168,0.276637,0.140581,0.949233,0.701597,0.720275,0.228958,0,nan,8.20795,0.151057,-0.171908,0.122835,-0.218973,0.123668,0.813923,1,23.9009,24.8563,0.325352,0.538711,0.610597,0.69967,0.920296,0.111487,7.35696,full
l0,mujoco,policy,0,/home/humanoid/Programs/Humanoid_Simulation/Locomanipulation_game/logs/skrl/locomanip_marl/paper00/checkpoints/agent_91200.pt,0,b003_d80_e00,3,0.8,0,0.517857,0.257246,-0.570729,0.404624,-0.320827,-0.345854,0.431671,1,0,0,0,nan,0.200167,0.349369,0.235946,0,0,0,0,0.354811,0.140428,0.0648927,0.114843,0.230427,0.131571,0.925207,0.733103,0.74593,0.179277,0,nan,9.93547,0.143169,-0.151571,0.12613,-0.191819,0.12395,0.633751,0,30.3311,28.7377,0.392139,0.541515,0.614371,0.471741,0.984851,0.0966287,8.04335,full
l0,mujoco,policy,0,/home/humanoid/Programs/Humanoid_Simulation/Locomanipulation_game/logs/skrl/locomanip_marl/paper00/checkpoints/agent_91200.pt,0,b003_d80_e10,3,0.8,0.1,0.615706,0.277877,-0.570729,0.496591,-0.360095,-0.345854,0.431671,1,0,0,0,nan,0.268966,0.411054,0.27501,0,0,0,0,0.404907,0.162783,0.190877,0.0991202,0.285527,0.144087,0.915513,0.716282,0.732524,0.182989,0,nan,7.90412,0.132707,-0.145639,0.130277,-0.179615,0.127303,0.628853,1,35.3081,17.443,0.341202,0.631369,0.556123,0.409066,0.771212,0.095591,6.84456,full
l0,mujoco,policy,0,/home/humanoid/Programs/Humanoid_Simulation/Locomanipulation_game/logs/skrl/locomanip_marl/paper00/checkpoints/agent_91200.pt,0,b003_d80_e20,3,0.8,0.2,0.713554,0.298508,-0.570729,0.588558,-0.399363,-0.345854,0.431671,1,0,0,0,nan,0.295765,0.442694,0.210308,0,0,0,0,0.463066,0.244246,0.189585,0.190036,0.343169,0.152997,0.960355,0.693167,0.721767,0.238588,0,nan,9.45201,0.18231,-0.198018,0.129653,-0.232448,0.126096,1.50509,3,29.1998,30.9107,0.361183,0.876006,0.59583,0.592086,1,0.11186,6.48605,full
l0,mujoco,policy,0,/home/humanoid/Programs/Humanoid_Simulation/Locomanipulation_game/logs/skrl/locomanip_marl/paper00/checkpoints/agent_91200.pt,0,b003_d90_e00,3,0.9,0,0.517857,0.257246,-0.670729,0.404624,-0.320827,-0.445854,0.331671,1,0,0,0,nan,0.267165,0.41238,0.289066,0,0,0,0,0.418153,0.182115,0.201704,0.144129,0.283956,0.159592,0.909029,0.722543,0.73766,0.171369,0,nan,10.665,0.177591,-0.178293,0.126292,-0.256347,0.121976,0.515043,3,18.7247,24.2005,0.317632,0.842826,0.775126,0.571903,0.84994,0.11923,8.66954,full
l0,mujoco,policy,0,/home/humanoid/Programs/Humanoid_Simulation/Locomanipulation_game/logs/skrl/locomanip_marl/paper00/checkpoints/agent_91200.pt,0,b003_d90_e10,3,0.9,0.1,0.615706,0.277877,-0.670729,0.496591,-0.360095,-0.445854,0.331671,1,0,0,0,nan,0.327695,0.473129,0.262835,0,0,0,0,0.474855,0.245124,0.0418201,0.190629,0.347331,0.137959,0.9199,0.726793,0.737518,0.182382,0,nan,10.0488,0.161147,-0.156439,0.13014,-0.146018,0.125295,1.2834,3,29.7929,29.0474,0.323027,0.826852,0.644804,0.508654,0.741597,0.0973032,8.22252,full
l0,mujoco,policy,0,/home/humanoid/Programs/Humanoid_Simulation/Locomanipulation_game/logs/skrl/locomanip_marl/paper00/checkpoints/agent_91200.pt,0,b003_d90_e20,3,0.9,0.2,0.713554,0.298508,-0.670729,0.588558,-0.399363,-0.445854,0.331671,1,0,0,0,nan,0.409293,0.589449,0.300772,0,0,0,0,0.558063,0.260524,0.184151,0.0990868,0.422309,0.183314,0.980115,0.692035,0.702792,0.277324,0,nan,10.2607,0.253955,-0.268431,0.114088,-0.267254,0.109975,3.07535,7,38.1736,26.3769,0.343927,0.739814,0.682416,0.742548,0.95531,0.178078,8.62277,full
l0,mujoco,policy,0,/home/humanoid/Programs/Humanoid_Simulation/Locomanipulation_game/logs/skrl/locomanip_marl/paper00/checkpoints/agent_91200.pt,0,b004_d00_e00,4,0,0,0.301138,0.00301273,0.55551,0.351773,-0.211507,0.466139,1.46854,0,0,0,0,nan,0.0573453,0.0953253,0.280388,0,0,0,1,0.113921,0.140034,0.291357,0.106773,0.114046,0.161216,0.95421,0.753103,0.774474,0.179736,0,nan,11.6135,0.233755,-0.181168,0.128477,-0.192206,0.123897,1.69832,4,23.9371,17.2787,0.213334,0.858636,0.611994,0.770128,1,0.127845,9.81148,full
l0,mujoco,policy,0,/home/humanoid/Programs/Humanoid_Simulation/Locomanipulation_game/logs/skrl/locomanip_marl/paper00/checkpoints/agent_91200.pt,0,b004_d00_e10,4,0,0.1,0.391231,-0.0403822,0.55551,0.450185,-0.229257,0.466139,1.46854,0,0,0,0,nan,0.0387011,0.0813041,0.368454,0,0,0,1,0.0867604,0.118069,0.270877,0.369665,0.0902556,0.29798,0.927522,0.761208,0.775937,0.151585,0,nan,11.6445,0.166108,-0.139634,0.123102,-0.0778059,0.124647,1.33114,2,15.5387,18.1983,0.209923,0.804993,0.701743,0.412466,1,0.108203,9.84661,full
l0,mujoco,policy,0,/home/humanoid/Programs/Humanoid_Simulation/Locomanipulation_game/logs/skrl/locomanip_marl/paper00/checkpoints/agent_91200.pt,0,b004_d00_e20,4,0,0.2,0.481325,-0.0837771,0.55551,0.548597,-0.247006,0.466139,1.46854,0,0,0,0,nan,0.0633053,0.11179,0.592425,0,0,0,0,0.110489,0.0973952,0.390262,0.622278,0.101412,0.457462,0.919087,0.719172,0.731166,0.187922,0,nan,11.5506,0.163012,-0.204694,0.127062,-0.213278,0.126532,1.7278,2,12.2053,14.5201,0.206796,0.601442,0.639654,0.483804,1,0.108119,9.20411,full
l0,mujoco,policy,0,/home/humanoid/Programs/Humanoid_Simulation/Locomanipulation_game/logs/skrl/locomanip_marl/paper00/checkpoints/agent_91200.pt,0,b004_d100_e00,4,1,0,0.301138,0.00301273,-0.44449,0.351773,-0.211507,-0.533861,0.468539,1,0,0,0,nan,0.152472,0.20581,0.599603,0,0,0,0,0.142025,0.166132,0.492863,0.53297,0.184942,0.482594,0.951393,0.704767,0.72516,0.226232,0,nan,12.2043,0.153206,-0.102437,0.118447,-0.116415,0.121982,1.30667,1,26.4593,25.2713,0.25841,0.890498,0.519139,0.535761,0.967346,0.0872344,10.5411,full
l0,mujoco,policy,0,/home/humanoid/Programs/Humanoid_Simulation/Locomanipulation_game/logs/skrl/locomanip_marl/paper00/checkpoints/agent_91200.pt,0,b004_d100_e10,4,1,0.1,0.391231,-0.0403822,-0.44449,0.450185,-0.229257,-0.533861,0.468539,1,0,0,0,nan,0.219891,0.262122,1.74948,0,0,0,0,0.233636,0.254279,1.75973,0.0900234,0.248023,0.915435,0.930912,0.704902,0.713476,0.217436,0,nan,11.7371,0.134438,-0.142772,0.129104,-0.14504,0.127154,0.39608,1,20.1071,19.5366,0.293433,0.679947,0.718894,0.547977,0.964402,0.0936458,9.70279,full
l0,mujoco,policy,0,/home/humanoid/Programs/Humanoid_Simulation/Locomanipulation_game/logs/skrl/locomanip_marl/paper00/checkpoints/agent_91200.pt,0,b004_d100_e20,4,1,0.2,0.481325,-0.0837771,-0.44449,0.548597,-0.247006,-0.533861,0.468539,1,0,0,0,nan,0.245198,0.300405,0.479322,0,0,0,0,0.262157,0.287482,0.414691,0.123382,0.275046,0.314334,0.953086,0.69654,0.710606,0.24248,0,nan,11.5655,0.15296,-0.143937,0.126755,-0.191258,0.12835,0.407449,0,13.6891,13.9582,0.207541,0.62497,0.732539,0.504091,1,0.0790525,8.61229,full
l0,mujoco,policy,0,/home/humanoid/Programs/Humanoid_Simulation/Locomanipulation_game/logs/skrl/locomanip_marl/paper00/checkpoints/agent_91200.pt,0,b004_d10_e00,4,0.1,0,0.301138,0.00301273,0.45551,0.351773,-0.211507,0.366139,1.36854,0,0,0,0,nan,0.0764667,0.125966,0.425897,0,0,0,0,0.0986287,0.143561,0.369108,0.210179,0.115974,0.285569,0.915789,0.755167,0.766889,0.1489,0,nan,9.74326,0.15108,-0.159508,0.13024,-0.173286,0.125278,1.18174,2,10.9496,11.5962,0.152504,0.755234,0.601076,0.491172,0.817426,0.122093,8.29749,full
l0,mujoco,policy,0,/home/humanoid/Programs/Humanoid_Simulation/Locomanipulation_game/logs/skrl/locomanip_marl/paper00/checkpoints/agent_91200.pt,0,b004_d10_e10,4,0.1,0.1,0.391231,-0.0403822,0.45551,0.450185,-0.229257,0.366139,1.36854,0,0,0,0,nan,0.0643647,0.0975368,0.329086,0,0,0,1,0.0748983,0.124852,0.387956,0.317416,0.0985662,0.331132,0.916464,0.745781,0.760238,0.156226,0,nan,9.58771,0.144493,-0.125097,0.126031,-0.0693752,0.125385,0.395232,0,9.19038,11.5555,0.13586,0.462655,0.656205,0.651695,0.912272,0.0900631,8.12289,full
l0,mujoco,policy,0,/home/humanoid/Programs/Humanoid_Simulation/Locomanipulation_game/logs/skrl/locomanip_marl/paper00/checkpoints/agent_91200.pt,0,b004_d10_e20,4,0.1,0.2,0.481325,-0.0837771,0.45551,0.548597,-0.247006,0.366139,1.36854,0,0,0,0,nan,0.0558722,0.105091,0.618734,0,0,0,0,0.0682444,0.131823,0.636579,0.356086,0.0913328,0.488756,0.947194,0.727127,0.748836,0.198358,0,nan,12.97,0.147459,-0.133365,0.122335,-0.147535,0.123805,0.328836,0,10.2209,14.6667,0.152681,0.508942,0.86781,0.386469,0.883839,0.0904126,9.2061,full
l0,mujoco,policy,0,/home/humanoid/Programs/Humanoid_Simulation/Locomanipulation_game/logs/skrl/locomanip_marl/paper00/checkpoints/agent_91200.pt,0,b004_d20_e00,4,0.2,0,0.301138,0.00301273,0.35551,0.351773,-0.211507,0.266139,1.26854,0,0,0,0,nan,0.0756765,0.123389,0.633106,0,0,0,0,0.118457,0.179667,0.806581,0.368153,0.126833,0.602304,0.940485,0.740334,0.760683,0.179803,0,nan,9.11025,0.152557,-0.103765,0.127369,-0.120935,0.127793,0.400114,1,18.876,15.4479,0.188656,0.53504,0.56347,0.467735,0.993057,0.100515,7.56247,full
l0,mujoco,policy,0,/home/humanoid/Programs/Humanoid_Simulation/Locomanipulation_game/logs/skrl/locomanip_marl/paper00/checkpoints/agent_91200.pt,0,b004_d20_e10,4,0.2,0.1,0.391231,-0.0403822,0.35551,0.450185,-0.229257,0.266139,1.26854,0,0,0,0,nan,0.0877777,0.151886,0.673497,0,0,0,0,0.0944502,0.196413,0.656933,0.364895,0.135509,0.478273,0.927424,0.730001,0.747175,0.180248,0,nan,12.2665,0.161343,-0.184262,0.129901,-0.196484,0.126618,2.28856,3,15.7655,14.211,0.169898,0.902094,0.734695,0.446799,0.838156,0.115535,8.4586,full
l0,mujoco,policy,0,/home/humanoid/Programs/Humanoid_Simulation/Locomanipulation_game/logs/skrl/locomanip_marl/paper00/checkpoints/agent_91200.pt,0,b004_d20_e20,4,0.2,0.2,0.481325,-0.0837771,0.35551,0.548597,-0.247006,0.266139,1.26854,0,0,0,0,nan,0.0783181,0.138207,0.863895,0,0,0,0,0.0859053,0.171045,0.854814,0.449027,0.117443,0.654644,0.920473,0.713196,0.739859,0.180614,0,nan,11.4976,0.136442,-0.156595,0.123207,-0.177625,0.12288,0.977862,0,14.2399,11.8537,0.18857,0.614287,0.734443,0.359498,0.838289,0.101019,8.63511,full
l0,mujoco,policy,0,/home/humanoid/Programs/Humanoid_Simulation/Locomanipulation_game/logs/skrl/locomanip_marl/paper00/checkpoints/agent_91200.pt,0,b004_d30_e00,4,0.3,0,0.301138,0.00301273,0.25551,0.351773,-0.211507,0.166139,1.16854,0,0,0,0,nan,0.0762223,0.12356,0.503086,0,0,0,0,0.0913383,0.160544,0.460371,0.317427,0.118256,0.38004,0.92111,0.73643,0.751083,0.170027,0,nan,7.94655,0.134878,-0.133655,0.122287,-0.141934,0.122887,0.526501,0,15.9794,14.1531,0.178433,0.515475,0.616772,0.322927,0.84283,0.101751,6.03605,full
l0,mujoco,policy,0,/home/humanoid/Programs/Humanoid_Simulation/Locomanipulation_game/logs/skrl/locomanip_marl/paper00/checkpoints/agent_91200.pt,0,b004_d30_e10,4,0.3,0.1,0.391231,-0.0403822,0.25551,0.450185,-0.229257,0.166139,1.16854,0,0,0,0,nan,0.0207155,0.0604496,0.127545,0,0,1,1,0.107233,0.0882448,0.0942908,0.106822,0.0864414,0.0761645,0.910094,0.731134,0.762033,0.148061,0,nan,8.6171,0.114501,-0.098956,0.128263,-0.104621,0.12731,0.267453,1,19.4017,15.4106,0.252929,0.671393,0.609855,0.319359,0.814759,0.0919002,5.77789,full
l0,mujoco,policy,0,/home/humanoid/Programs/Humanoid_Simulation/Locomanipulation_game/logs/skrl/locomanip_marl/paper00/checkpoints/agent_91200.pt,0,b004_d30_e20,4,0.3,0.2,0.481325,-0.0837771,0.25551,0.548597,-0.247006,0.166139,1.16854,0,0,0,0,nan,0.0472195,0.102709,0.617859,0,0,0,0,0.114952,0.160673,0.577022,0.285028,0.122009,0.424798,0.920697,0.720357,0.745125,0.175572,0,nan,10.1904,0.136797,-0.203559,0.127911,-0.244744,0.127658,0.669229,3,14.5975,15.7768,0.136114,0.750039,0.630248,0.37363,0.778015,0.100134,8.32649,full
l0,mujoco,policy,0,/home/humanoid/Programs/Humanoid_Simulation/Locomanipulation_game/logs/skrl/locomanip_marl/paper00/checkpoints/agent_91200.pt,0,b004_d40_e00,4,0.4,0,0.301138,0.00301273,0.15551,0.351773,-0.211507,0.0661387,1.06854,0,1,1,1,1.3,0.0201262,0.0497945,0.15651,0,0,1,1,0.0882808,0.109213,0.0803289,0.0372475,0.0869465,0.0861369,0.934135,0.740389,0.754289,0.179846,0,nan,7.68643,0.119972,0.10437,0.124979,0.0987295,0.123143,0.388029,2,12.6841,15.5181,0.228188,0.465916,0.489731,0.335082,1,0.0933561,6.4144,full
l0,mujoco,policy,0,/home/humanoid/Programs/Humanoid_Simulation/Locomanipulation_game/logs/skrl/locomanip_marl/paper00/checkpoints/agent_91200.pt,0,b004_d40_e10,4,0.4,0.1,0.391231,-0.0403822,0.15551,0.450185,-0.229257,0.0661387,1.06854,0,0,0,0,nan,0.0463252,0.0959603,0.116147,0,0,0,1,0.127917,0.13605,0.103,0.107138,0.104884,0.0746633,0.91178,0.736088,0.757733,0.154046,0,nan,7.97887,0.118515,-0.0444983,0.126647,-0.0761454,0.127135,0.612689,0,13.9656,15.8122,0.219531,0.473118,0.524766,0.361058,0.858462,0.102732,5.67968,full
l0,mujoco,policy,0,/home/humanoid/Programs/Humanoid_Simulation/Locomanipulation_game/logs/skrl/locomanip_marl/paper00/checkpoints/agent_91200.pt,0,b004_d40_e20,4,0.4,0.2,0.481325,-0.0837771,0.15551,0.548597,-0.247006,0.0661387,1.06854,0,0,0,0,nan,0.0699988,0.112728,0.68031,0,0,0,0,0.153401,0.129878,0.0778867,0.646092,0.125168,0.368282,0.914536,0.706292,0.713676,0.20086,0,nan,8.9611,0.178355,-0.223552,0.126593,-0.255565,0.126662,2.70677,3,20.7915,22.2025,0.26006,0.892522,0.471982,0.571541,0.831354,0.112151,7.7188,full
l0,mujoco,policy,0,/home/humanoid/Programs/Humanoid_Simulation/Locomanipulation_game/logs/skrl/locomanip_marl/paper00/checkpoints/agent_91200.pt,0,b004_d50_e00,4,0.5,0,0.301138,0.00301273,0.0555097,0.351773,-0.211507,-0.0338613,0.968539,0,0,1,0,nan,0.0279213,0.0674482,0.149861,0,0,1,1,0.0888541,0.117546,0.0599224,0.10568,0.0848318,0.0792112,0.970052,0.739238,0.748924,0.221129,0,nan,9.51586,0.132443,-0.169774,0.114652,-0.190662,0.114634,1.35601,1,10.6493,14.9338,0.25246,0.703095,0.613946,0.439629,0.788946,0.0941102,6.45735,full
l0,mujoco,policy,0,/home/humanoid/Programs/Humanoid_Simulation/Locomanipulation_game/logs/skrl/locomanip_marl/paper00/checkpoints/agent_91200.pt,0,b004_d50_e10,4,0.5,0.1,0.391231,-0.0403822,0.0555097,0.450185,-0.229257,-0.0338613,0.968539,0,0,0,0,nan,0.07861,0.153112,0.65985,0,0,0,0,0.118202,0.211482,0.590202,0.438903,0.153275,0.508441,0.937155,0.713211,0.723116,0.21404,0,nan,9.94889,0.128634,-0.208454,0.130604,-0.216718,0.129081,0.866585,2,9.77628,11.2056,0.138675,0.663511,0.596543,0.616226,0.874225,0.126592,8.05313,full
l0,mujoco,policy,0,/home/humanoid/Programs/Humanoid_Simulation/Locomanipulation_game/logs/skrl/locomanip_marl/paper00/checkpoints/agent_91200.pt,0,b004_d50_e20,4,0.5,0.2,0.481325,-0.0837771,0.0555097,0.548597,-0.247006,-0.0338613,0.968539,0,0,0,0,nan,0.109361,0.16322,0.889681,0,0,0,0,0.164142,0.174094,0.618997,0.294645,0.151967,0.549858,0.922603,0.722579,0.760332,0.16227,0,nan,11.714,0.135835,-0.192755,0.128921,-0.204841,0.128538,0.684299,0,23.2059,19.8251,0.200348,0.485909,0.885509,0.439722,0.96374,0.0848767,6.68191,full
l0,mujoco,policy,0,/home/humanoid/Programs/Humanoid_Simulation/Locomanipulation_game/logs/skrl/locomanip_marl/paper00/checkpoints/agent_91200.pt,0,b004_d60_e00,4,0.6,0,0.301138,0.00301273,-0.0444903,0.351773,-0.211507,-0.133861,0.868539,1,0,0,0,nan,0.032205,0.0943599,0.145723,0,0,0,1,0.121816,0.120314,0.0648072,0.141266,0.110696,0.0810675,0.923511,0.724872,0.742955,0.180556,0,nan,8.35159,0.157997,-0.20509,0.119607,-0.265869,0.118197,3.00105,4,13.094,13.2249,0.221127,0.881515,0.698861,0.843392,1,0.113765,6.57883,full
l0,mujoco,policy,0,/home/humanoid/Programs/Humanoid_Simulation/Locomanipulation_game/logs/skrl/locomanip_marl/paper00/checkpoints/agent_91200.pt,0,b004_d60_e10,4,0.6,0.1,0.391231,-0.0403822,-0.0444903,0.450185,-0.229257,-0.133861,0.868539,1,0,0,0,nan,0.0787249,0.131992,0.132038,0,0,0,0,0.10864,0.129139,0.02945,0.0532052,0.106672,0.0689819,0.912375,0.720928,0.733224,0.179152,0,nan,10.0573,0.144883,-0.215945,0.128427,-0.243326,0.126675,0.747396,1,14.6786,12.7377,0.226378,0.858877,0.833645,0.530988,0.984423,0.0998159,7.6927,full
l0,mujoco,policy,0,/home/humanoid/Programs/Humanoid_Simulation/Locomanipulation_game/logs/skrl/locomanip_marl/paper00/checkpoints/agent_91200.pt,0,b004_d60_e20,4,0.6,0.2,0.481325,-0.0837771,-0.0444903,0.548597,-0.247006,-0.133861,0.868539,1,0,0,0,nan,0.0978837,0.166201,0.33914,0,0,0,0,0.2253,0.134521,0.394396,0.37564,0.15808,0.348121,0.905412,0.690146,0.728623,0.176788,0,nan,16.2068,0.177263,-0.200122,0.124708,-0.22934,0.120102,1.22345,3,22.364,22.8471,0.262752,0.882677,0.90252,0.679363,1,0.104292,8.65584,full
l0,mujoco,policy,0,/home/humanoid/Programs/Humanoid_Simulation/Locomanipulation_game/logs/skrl/locomanip_marl/paper00/checkpoints/agent_91200.pt,0,b004_d70_e00,4,0.7,0,0.301138,0.00301273,-0.14449,0.351773,-0.211507,-0.233861,0.768539,1,0,0,0,nan,0.030824,0.0770743,0.152796,0,0,1,1,0.102284,0.124635,0.137952,0.209098,0.089438,0.0966542,0.930594,0.72455,0.734071,0.196523,0,nan,8.35132,0.125352,0.105983,0.116441,0.099878,0.116013,0.40079,0,13.4383,14.9215,0.217833,0.540174,0.490163,0.378856,0.85835,0.0916703,7.74355,full
l0,mujoco,policy,0,/home/humanoid/Programs/Humanoid_Simulation/Locomanipulation_game/logs/skrl/locomanip_marl/paper00/checkpoints/agent_91200.pt,0,b004_d70_e10,4,0.7,0.1,0.391231,-0.0403822,-0.14449,0.450185,-0.229257,-0.233861,0.768539,1,0,0,0,nan,0.119421,0.158039,0.775052,0,0,0,0,0.173826,0.200163,0.555126,0.452789,0.173783,0.569466,0.916204,0.71146,0.735281,0.180922,0,nan,9.92181,0.137017,-0.185179,0.126463,-0.218072,0.124941,0.450138,2,8.97209,8.66935,0.151785,0.81183,0.639319,0.577478,0.935661,0.102634,6.89678,full
l0,mujoco,policy,0,/home/humanoid/Programs/Humanoid_Simulation/Locomanipulation_game/logs/skrl/locomanip_marl/paper00/checkpoints/agent_91200.pt,0,b004_d70_e20,4,0.7,0.2,0.481325,-0.0837771,-0.14449,0.548597,-0.247006,-0.233861,0.768539,1,0,0,0,nan,0.116105,0.137735,1.14027,0,0,0,0,0.134205,0.124409,1.14289,0.277251,0.13412,0.726864,0.921703,0.709809,0.72054,0.201163,0,nan,8.97826,0.110957,0.113295,0.12972,0.0948186,0.129366,0.675601,0,10.2437,10.9539,0.114855,0.406339,0.814467,0.401527,0.987232,0.0911296,6.84099,full
l0,mujoco,policy,0,/home/humanoid/Programs/Humanoid_Simulation/Locomanipulation_game/logs/skrl/locomanip_marl/paper00/checkpoints/agent_91200.pt,0,b004_d80_e00,4,0.8,0,0.301138,0.00301273,-0.24449,0.351773,-0.211507,-0.333861,0.668539,1,0,0,0,nan,0.122645,0.158439,0.190518,0,0,0,0,0.17204,0.20138,0.0797227,0.080384,0.174271,0.104935,0.94092,0.714839,0.73403,0.206891,0,nan,9.45108,0.217667,-0.164291,0.123256,-0.179191,0.123275,2.15557,6,13.2121,15.3482,0.247448,0.812427,0.729822,0.665843,0.977684,0.164459,7.30057,full
l0,mujoco,policy,0,/home/humanoid/Programs/Humanoid_Simulation/Locomanipulation_game/logs/skrl/locomanip_marl/paper00/checkpoints/agent_91200.pt,0,b004_d80_e10,4,0.8,0.1,0.391231,-0.0403822,-0.24449,0.450185,-0.229257,-0.333861,0.668539,1,0,0,0,nan,0.0917413,0.135999,0.701013,0,0,0,0,0.158854,0.18489,0.664712,0.111093,0.159379,0.402096,0.951218,0.709135,0.720519,0.230699,0,nan,11.054,0.17074,-0.217747,0.127955,-0.271558,0.124255,1.52718,4,17.5378,21.5794,0.187489,0.959177,0.648104,0.744499,0.978214,0.140694,9.16564,full
l0,mujoco,policy,0,/home/humanoid/Programs/Humanoid_Simulation/Locomanipulation_game/logs/skrl/locomanip_marl/paper00/checkpoints/agent_91200.pt,0,b004_d80_e20,4,0.8,0.2,0.481325,-0.0837771,-0.24449,0.548597,-0.247006,-0.333861,0.668539,1,0,0,0,nan,0.153994,0.210894,0.278464,0,0,0,0,0.240243,0.196985,0.260984,0.291469,0.205177,0.221033,0.891542,0.684805,0.71379,0.177751,0,nan,11.7637,0.156695,-0.251433,0.130624,-0.296841,0.129606,0.713836,3,27.0909,24.0861,0.291432,0.888683,0.83574,0.545348,0.860679,0.114122,8.73377,full
l0,mujoco,policy,0,/home/humanoid/Programs/Humanoid_Simulation/Locomanipulation_game/logs/skrl/locomanip_marl/paper00/checkpoints/agent_91200.pt,0,b004_d90_e00,4,0.9,0,0.301138,0.00301273,-0.34449,0.351773,-0.211507,-0.433861,0.568539,1,0,0,0,nan,0.114448,0.157937,0.214386,0,0,0,0,0.143221,0.170276,0.0771264,0.104337,0.150753,0.128314,0.900005,0.706047,0.716696,0.183309,0,nan,11.009,0.204307,-0.129729,0.120507,-0.161591,0.120948,0.672267,2,15.4488,15.6341,0.234641,0.781978,0.519267,0.811074,0.983727,0.124611,8.7652,full
l0,mujoco,policy,0,/home/humanoid/Programs/Humanoid_Simulation/Locomanipulation_game/logs/skrl/locomanip_marl/paper00/checkpoints/agent_91200.pt,0,b004_d90_e10,4,0.9,0.1,0.391231,-0.0403822,-0.34449,0.450185,-0.229257,-0.433861,0.568539,1,0,0,0,nan,0.135559,0.160993,0.251557,0,0,0,0,0.159643,0.172281,0.169108,0.0702469,0.153581,0.145352,0.932525,0.70632,0.716508,0.216016,0,nan,10.0713,0.13156,-0.145882,0.119071,-0.206733,0.119794,0.795731,1,23.5063,13.7149,0.213144,0.784851,0.697885,0.466512,0.824241,0.0920374,8.17232,full
l0,mujoco,policy,0,/home/humanoid/Programs/Humanoid_Simulation/Locomanipulation_game/logs/skrl/locomanip_marl/paper00/checkpoints/agent_91200.pt,0,b004_d90_e20,4,0.9,0.2,0.481325,-0.0837771,-0.34449,0.548597,-0.247006,-0.433861,0.568539,1,0,0,0,nan,0.171165,0.221139,0.256653,0,0,0,0,0.210673,0.240383,0.204452,0.164473,0.216391,0.163715,0.923723,0.700721,0.714118,0.209605,0,nan,12.0376,0.133095,-0.0944253,0.128329,-0.0912429,0.129438,0.626299,1,16.0687,12.8302,0.215305,0.706642,0.618354,0.619167,1,0.100072,7.4493,full
l0,mujoco,policy,0,/home/humanoid/Programs/Humanoid_Simulation/Locomanipulation_game/logs/skrl/locomanip_marl/paper00/checkpoints/agent_91200.pt,0,b005_d00_e00,5,0,0,0.368667,0.470579,0.722734,0.442714,0.0450648,0.64607,1.64847,0,0,0,0,nan,0.115857,0.194955,0.805719,0,0,0,0,0.154667,0.243559,0.26918,0.525807,0.186251,0.428709,0.921386,0.713173,0.734646,0.186739,0,nan,12.37,0.188005,-0.167202,0.124735,-0.184055,0.114745,0.593866,0,37.0745,73.1484,0.508665,0.555188,0.814525,0.501884,0.872864,0.0767171,10.4888,full
l0,mujoco,policy,0,/home/humanoid/Programs/Humanoid_Simulation/Locomanipulation_game/logs/skrl/locomanip_marl/paper00/checkpoints/agent_91200.pt,0,b005_d00_e10,5,0,0.1,0.443931,0.536422,0.722734,0.534373,0.0850488,0.64607,1.64847,0,0,0,0,nan,0.125238,0.172798,0.536135,0,0,0,0,0.201313,0.161569,0.411689,0.0730768,0.153418,0.283079,0.93916,0.714886,0.741316,0.197844,0,nan,12.5712,0.20066,-0.0939806,0.12904,-0.0708124,0.125784,0.933969,1,28.9946,28.0909,0.333896,0.722689,0.838451,0.51632,0.74605,0.0707572,9.63917,full
l0,mujoco,policy,0,/home/humanoid/Programs/Humanoid_Simulation/Locomanipulation_game/logs/skrl/locomanip_marl/paper00/checkpoints/agent_91200.pt,0,b005_d00_e20,5,0,0.2,0.519195,0.602265,0.722734,0.626031,0.125033,0.64607,1.64847,0,0,0,0,nan,0.292922,0.396312,0.945181,0,0,0,0,0.288304,0.29754,0.458859,0.0917467,0.366113,0.647552,0.916019,0.671185,0.705863,0.210156,0,nan,12.4044,0.189782,-0.100376,0.118544,-0.0385004,0.117608,1.15862,2,37.9342,168.009,0.736854,0.527858,0.778795,0.546675,0.924433,0.0568414,10.8598,full
l0,mujoco,policy,0,/home/humanoid/Programs/Humanoid_Simulation/Locomanipulation_game/logs/skrl/locomanip_marl/paper00/checkpoints/agent_91200.pt,0,b005_d100_e00,5,1,0,0.368667,0.470579,-0.277266,0.442714,0.0450648,-0.35393,0.64847,1,0,0,0,nan,0.0768773,0.138925,0.92812,0,0,0,0,0.104802,0.129441,0.17141,0.982593,0.119831,0.58117,0.938203,0.668789,0.696688,0.241515,0,nan,10.1607,0.149435,-0.171438,0.121891,-0.191499,0.122152,0.466371,3,17.7936,22.3725,0.24332,0.580129,0.69817,0.655416,1,0.105265,8.21264,full
l0,mujoco,policy,0,/home/humanoid/Programs/Humanoid_Simulation/Locomanipulation_game/logs/skrl/locomanip_marl/paper00/checkpoints/agent_91200.pt,0,b005_d100_e10,5,1,0.1,0.443931,0.536422,-0.277266,0.534373,0.0850488,-0.35393,0.64847,1,0,0,0,nan,0.155735,0.207531,0.855817,0,0,0,0,0.142353,0.210716,0.159717,0.78415,0.172986,0.514571,0.939385,0.679368,0.689393,0.249992,0,nan,9.53596,0.133889,-0.150177,0.127876,-0.180268,0.128395,0.419014,1,22.6546,18.2244,0.271425,0.523918,0.893119,0.55151,1,0.0766192,8.45944,full
l0,mujoco,policy,0,/home/humanoid/Programs/Humanoid_Simulation/Locomanipulation_game/logs/skrl/locomanip_marl/paper00/checkpoints/agent_91200.pt,0,b005_d100_e20,5,1,0.2,0.519195,0.602265,-0.277266,0.626031,0.125033,-0.35393,0.64847,1,0,0,0,nan,0.19793,0.24589,0.825731,0,0,0,0,0.181323,0.227638,0.190621,0.782238,0.208597,0.466616,0.936186,0.66598,0.676241,0.259945,0,nan,9.67148,0.140899,0.097289,0.125995,0.0878616,0.124824,0.718727,0,19.4213,19.4106,0.270281,0.493766,0.853353,0.451194,1,0.0835716,8.73463,full
l0,mujoco,policy,0,/home/humanoid/Programs/Humanoid_Simulation/Locomanipulation_game/logs/skrl/locomanip_marl/paper00/checkpoints/agent_91200.pt,0,b005_d10_e00,5,0.1,0,0.368667,0.470579,0.622734,0.442714,0.0450648,0.54607,1.54847,0,0,0,0,nan,0.0352348,0.103852,0.369021,0,0,0,0,0.0809491,0.0563286,0.475696,0.206285,0.0814923,0.201374,0.943046,0.705749,0.723302,0.219744,0,nan,12.6019,0.167911,-0.159922,0.126604,-0.194294,0.126446,0.277597,1,30.4943,36.8853,0.442424,0.49787,0.694143,0.475205,0.784121,0.0741207,10.6975,full
l0,mujoco,policy,0,/home/humanoid/Programs/Humanoid_Simulation/Locomanipulation_game/logs/skrl/locomanip_marl/paper00/checkpoints/agent_91200.pt,0,b005_d10_e10,5,0.1,0.1,0.443931,0.536422,0.622734,0.534373,0.0850488,0.54607,1.54847,0,0,0,0,nan,0.121744,0.254229,0.709416,0,0,0,0,0.179286,0.339345,0.794557,1.13114,0.236339,0.66546,0.934323,0.714175,0.733194,0.201129,0,nan,12.3005,0.20219,-0.135225,0.124785,-0.171144,0.117018,0.682685,0,46.1329,88.498,0.681967,0.476399,0.891378,0.439448,0.844929,0.0689411,9.23289,full
l0,mujoco,policy,0,/home/humanoid/Programs/Humanoid_Simulation/Locomanipulation_game/logs/skrl/locomanip_marl/paper00/checkpoints/agent_91200.pt,0,b005_d10_e20,5,0.1,0.2,0.519195,0.602265,0.622734,0.626031,0.125033,0.54607,1.54847,0,0,0,0,nan,0.240832,0.309282,0.646751,0,0,0,0,0.242647,0.280073,0.621827,0.396212,0.275115,0.358569,0.94475,0.673257,0.688649,0.2561,0,nan,13.3664,0.220381,-0.149445,0.118012,-0.170223,0.120401,1.30397,1,25.5395,40.2148,0.416428,0.621351,0.860492,0.561124,0.89597,0.0745539,11.3173,full
l0,mujoco,policy,0,/home/humanoid/Programs/Humanoid_Simulation/Locomanipulation_game/logs/skrl/locomanip_marl/paper00/checkpoints/agent_91200.pt,0,b005_d20_e00,5,0.2,0,0.368667,0.470579,0.522734,0.442714,0.0450648,0.44607,1.44847,0,0,0,0,nan,0.0261722,0.118122,0.430269,0,0,0,0,0.11615,0.0784315,0.367697,0.592445,0.09006,0.27909,0.968943,0.70009,0.734163,0.234781,0,nan,12.1642,0.19589,-0.116876,0.129299,-0.101741,0.125852,0.365744,0,44.643,71.3295,0.543014,0.507952,0.77141,0.370625,0.754514,0.0832068,9.88059,full
l0,mujoco,policy,0,/home/humanoid/Programs/Humanoid_Simulation/Locomanipulation_game/logs/skrl/locomanip_marl/paper00/checkpoints/agent_91200.pt,0,b005_d20_e10,5,0.2,0.1,0.443931,0.536422,0.522734,0.534373,0.0850488,0.44607,1.44847,0,0,0,0,nan,0.0980846,0.202214,0.666821,0,0,0,0,0.0740255,0.228107,0.524022,0.988853,0.176527,0.731,0.904414,0.679903,0.718278,0.186137,0,nan,13.8936,0.214706,-0.146307,0.127241,-0.209589,0.121018,0.807238,2,44.2953,65.8933,0.700227,0.61196,0.857385,0.588372,0.885792,0.0818001,10.2813,full
l0,mujoco,policy,0,/home/humanoid/Programs/Humanoid_Simulation/Locomanipulation_game/logs/skrl/locomanip_marl/paper00/checkpoints/agent_91200.pt,0,b005_d20_e20,5,0.2,0.2,0.519195,0.602265,0.522734,0.626031,0.125033,0.44607,1.44847,0,0,0,0,nan,0.175943,0.314401,1.05567,0,0,0,0,0.193507,0.39389,0.901175,1.58086,0.285778,1.14804,0.964938,0.698599,0.73333,0.231609,0,nan,14.1351,0.201686,-0.101054,0.128786,-0.0873908,0.124408,0.261566,0,34.2523,38.0989,0.438474,0.830319,0.8572,0.527747,0.782724,0.0642716,8.77967,full
l0,mujoco,policy,0,/home/humanoid/Programs/Humanoid_Simulation/Locomanipulation_game/logs/skrl/locomanip_marl/paper00/checkpoints/agent_91200.pt,0,b005_d30_e00,5,0.3,0,0.368667,0.470579,0.422734,0.442714,0.0450648,0.34607,1.34847,0,0,0,0,nan,0.0260905,0.0747285,0.574482,0,0,0,1,0.0878279,0.0996499,0.448322,0.112166,0.0861046,0.433844,0.92124,0.766404,0.774777,0.146463,0,nan,10.4661,0.172914,-0.100198,0.127343,-0.137415,0.11887,1.08487,3,30.4651,18.8763,0.359848,0.554814,0.686371,0.582348,0.850871,0.082183,8.51454,full
l0,mujoco,policy,0,/home/humanoid/Programs/Humanoid_Simulation/Locomanipulation_game/logs/skrl/locomanip_marl/paper00/checkpoints/agent_91200.pt,0,b005_d30_e10,5,0.3,0.1,0.443931,0.536422,0.422734,0.534373,0.0850488,0.34607,1.34847,0,0,0,0,nan,0.131346,0.257031,1.1066,0,0,0,0,0.107796,0.255918,0.18655,1.07055,0.206775,0.790115,0.954702,0.67227,0.723771,0.230931,0,nan,14.0077,0.206745,-0.102245,0.128293,-0.145245,0.126234,0.585083,0,34.4724,49.5988,0.564566,0.506566,0.770652,0.568951,0.850435,0.065224,9.03085,full
l0,mujoco,policy,0,/home/humanoid/Programs/Humanoid_Simulation/Locomanipulation_game/logs/skrl/locomanip_marl/paper00/checkpoints/agent_91200.pt,0,b005_d30_e20,5,0.3,0.2,0.519195,0.602265,0.422734,0.626031,0.125033,0.34607,1.34847,0,0,0,0,nan,0.0593592,0.159212,0.665048,0,0,0,0,0.087615,0.238387,0.218911,0.965943,0.113874,0.343287,0.922575,0.674499,0.740996,0.181579,0,nan,17.6422,0.192955,-0.13327,0.126612,-0.132109,0.12575,0.625881,1,35.1401,71.824,0.576142,0.510793,0.918437,0.530994,0.811366,0.0722265,9.24044,full
l0,mujoco,policy,0,/home/humanoid/Programs/Humanoid_Simulation/Locomanipulation_game/logs/skrl/locomanip_marl/paper00/checkpoints/agent_91200.pt,0,b005_d40_e00,5,0.4,0,0.368667,0.470579,0.322734,0.442714,0.0450648,0.24607,1.24847,0,0,0,0,nan,0.0196706,0.0916153,0.379938,0,0,0,1,0.099748,0.0634463,0.586717,0.184098,0.0799131,0.270724,0.920465,0.755943,0.764496,0.155968,0,nan,8.5357,0.163136,0.101949,0.129363,0.0855949,0.123425,1.01098,0,23.0812,15.6628,0.31437,0.655638,0.852928,0.448555,0.71051,0.0808458,7.23472,full
l0,mujoco,policy,0,/home/humanoid/Programs/Humanoid_Simulation/Locomanipulation_game/logs/skrl/locomanip_marl/paper00/checkpoints/agent_91200.pt,0,b005_d40_e10,5,0.4,0.1,0.443931,0.536422,0.322734,0.534373,0.0850488,0.24607,1.24847,0,0,0,0,nan,0.0684824,0.113699,0.420164,0,0,0,0,0.0997693,0.0981143,0.127084,0.561416,0.0926534,0.343051,0.970248,0.669837,0.695975,0.274273,0,nan,14.4845,0.158392,-0.162875,0.129616,-0.160894,0.123334,0.440047,1,28.2021,19.2207,0.291701,0.438811,0.637667,0.434817,0.775619,0.0991262,10.6745,full
l0,mujoco,policy,0,/home/humanoid/Programs/Humanoid_Simulation/Locomanipulation_game/logs/skrl/locomanip_marl/paper00/checkpoints/agent_91200.pt,0,b005_d40_e20,5,0.4,0.2,0.519195,0.602265,0.322734,0.626031,0.125033,0.24607,1.24847,0,0,0,0,nan,0.122413,0.204227,0.687679,0,0,0,0,0.145839,0.18255,0.166844,0.947514,0.158866,0.450547,0.937741,0.706922,0.715121,0.22262,0,nan,10.7649,0.175732,-0.112716,0.116129,-0.125683,0.11567,0.435131,0,20.7686,51.3354,0.322209,0.671119,0.906966,0.616867,0.842457,0.0650979,9.67509,full
l0,mujoco,policy,0,/home/humanoid/Programs/Humanoid_Simulation/Locomanipulation_game/logs/skrl/locomanip_marl/paper00/checkpoints/agent_91200.pt,0,b005_d50_e00,5,0.5,0,0.368667,0.470579,0.222734,0.442714,0.0450648,0.14607,1.14847,0,0,0,0,nan,0.0153222,0.0688933,0.428255,0,0,1,1,0.086485,0.120599,0.454931,0.0545193,0.0788922,0.269788,0.933664,0.729526,0.750645,0.18302,0,nan,10.2996,0.151864,-0.109957,0.12577,-0.124078,0.117002,0.380789,1,31.2761,24.2064,0.340986,0.444683,0.781499,0.489125,0.742534,0.0833689,8.37746,full
l0,mujoco,policy,0,/home/humanoid/Programs/Humanoid_Simulation/Locomanipulation_game/logs/skrl/locomanip_marl/paper00/checkpoints/agent_91200.pt,0,b005_d50_e10,5,0.5,0.1,0.443931,0.536422,0.222734,0.534373,0.0850488,0.14607,1.14847,0,0,0,0,nan,0.03273,0.0750331,0.196557,0,0,1,1,0.0925822,0.0932501,0.107255,0.172811,0.0807452,0.139095,0.9073,0.703566,0.712225,0.195075,0,nan,9.65272,0.115883,-0.0842515,0.129193,-0.116992,0.127343,0.226967,1,15.7733,16.8957,0.203234,0.435477,0.654145,0.56736,0.844511,0.0810669,8.56063,full
l0,mujoco,policy,0,/home/humanoid/Programs/Humanoid_Simulation/Locomanipulation_game/logs/skrl/locomanip_marl/paper00/checkpoints/agent_91200.pt,0,b005_d50_e20,5,0.5,0.2,0.519195,0.602265,0.222734,0.626031,0.125033,0.14607,1.14847,0,0,0,0,nan,0.123211,0.216801,0.893141,0,0,0,0,0.122906,0.202287,0.0835673,0.323053,0.148827,0.345523,0.964094,0.651692,0.713671,0.250424,0,nan,12.7429,0.175932,-0.0573598,0.112351,-0.0172509,0.111713,0.359555,3,39.6329,52.4181,0.494486,0.67749,0.763454,0.548376,0.897228,0.0604346,10.521,full
l0,mujoco,policy,0,/home/humanoid/Programs/Humanoid_Simulation/Locomanipulation_game/logs/skrl/locomanip_marl/paper00/checkpoints/agent_91200.pt,0,b005_d60_e00,5,0.6,0,0.368667,0.470579,0.122734,0.442714,0.0450648,0.0460702,1.04847,0,0,1,0,nan,0.0175968,0.0607254,0.234291,0,0,1,1,0.0626638,0.068097,0.285704,0.175415,0.074838,0.20772,0.94367,0.714764,0.730041,0.21363,0,nan,11.4592,0.144854,-0.130069,0.127058,-0.138058,0.122842,0.434121,0,27.801,15.181,0.306364,0.449824,0.714972,0.377662,0.775158,0.0934518,9.25647,full
l0,mujoco,policy,0,/home/humanoid/Programs/Humanoid_Simulation/Locomanipulation_game/logs/skrl/locomanip_marl/paper00/checkpoints/agent_91200.pt,0,b005_d60_e10,5,0.6,0.1,0.443931,0.536422,0.122734,0.534373,0.0850488,0.0460702,1.04847,0,0,0,0,nan,0.0331091,0.0814869,0.276708,0,0,0,1,0.0593603,0.108219,0.36298,0.519829,0.0873084,0.358011,0.919058,0.65789,0.691374,0.227685,0,nan,11.1037,0.132102,-0.155664,0.131063,-0.196121,0.126525,1.29817,3,60.5589,52.7153,0.58124,0.453414,0.75153,0.490147,0.891521,0.0918378,9.40985,full
l0,mujoco,policy,0,/home/humanoid/Programs/Humanoid_Simulation/Locomanipulation_game/logs/skrl/locomanip_marl/paper00/checkpoints/agent_91200.pt,0,b005_d60_e20,5,0.6,0.2,0.519195,0.602265,0.122734,0.626031,0.125033,0.0460702,1.04847,0,0,0,0,nan,0.0645597,0.147481,0.288463,0,0,0,0,0.0836039,0.163205,0.134092,0.183946,0.118493,0.195661,0.900107,0.676532,0.683879,0.216228,0,nan,11.4197,0.140894,-0.207351,0.11306,-0.254232,0.113013,0.624352,2,12.0653,15.3951,0.193971,0.721849,0.918215,0.762239,1,0.0842976,10.5809,full
l0,mujoco,policy,0,/home/humanoid/Programs/Humanoid_Simulation/Locomanipulation_game/logs/skrl/locomanip_marl/paper00/checkpoints/agent_91200.pt,0,b005_d70_e00,5,0.7,0,0.368667,0.470579,0.0227341,0.442714,0.0450648,-0.0539298,0.94847,0,0,0,0,nan,0.0237196,0.0982039,0.258036,0,0,0,1,0.0940948,0.126267,0.223615,0.188377,0.102397,0.178404,0.914657,0.67054,0.722574,0.192084,0,nan,12.6681,0.13735,-0.19884,0.126155,-0.229577,0.1246,1.33804,3,17.6212,24.2431,0.265884,0.680726,0.673701,0.421628,0.902587,0.110401,7.94301,full
l0,mujoco,policy,0,/home/humanoid/Programs/Humanoid_Simulation/Locomanipulation_game/logs/skrl/locomanip_marl/paper00/checkpoints/agent_91200.pt,0,b005_d70_e10,5,0.7,0.1,0.443931,0.536422,0.0227341,0.534373,0.0850488,-0.0539298,0.94847,0,0,0,0,nan,0.0379934,0.0812775,0.324167,0,0,0,1,0.0819127,0.105031,0.228873,0.304706,0.0915608,0.181458,0.940534,0.705894,0.735533,0.205,0,nan,10.4876,0.144393,-0.148161,0.129281,-0.193106,0.127482,1.23575,4,11.7539,16.3652,0.244888,0.59916,0.894358,0.74826,1,0.102025,6.68489,full
l0,mujoco,policy,0,/home/humanoid/Programs/Humanoid_Simulation/Locomanipulation_game/logs/skrl/locomanip_marl/paper00/checkpoints/agent_91200.pt,0,b005_d70_e20,5,0.7,0.2,0.519195,0.602265,0.0227341,0.626031,0.125033,-0.0539298,0.94847,0,0,0,0,nan,0.150693,0.206543,0.41228,0,0,0,0,0.152165,0.216276,0.183482,0.365791,0.17419,0.247735,0.912693,0.69058,0.694877,0.217816,0,nan,11.5536,0.182042,-0.245685,0.110583,-0.281922,0.112262,1.27428,3,13.7553,21.4762,0.222967,0.869598,0.877559,0.857328,0.90474,0.117483,10.925,full
l0,mujoco,policy,0,/home/humanoid/Programs/Humanoid_Simulation/Locomanipulation_game/logs/skrl/locomanip_marl/paper00/checkpoints/agent_91200.pt,0,b005_d80_e00,5,0.8,0,0.368667,0.470579,-0.0772659,0.442714,0.0450648,-0.15393,0.84847,1,0,0,0,nan,0.0253867,0.0791552,0.346578,0,0,0,1,0.0694401,0.0832641,0.201099,0.152172,0.0839111,0.204826,0.935178,0.686694,0.705293,0.229885,0,nan,10.2882,0.138018,-0.136473,0.125906,-0.131152,0.124881,0.599505,0,13.2346,26.4607,0.2094,0.491264,0.752701,0.448726,0.773579,0.0882791,8.63831,full
l0,mujoco,policy,0,/home/humanoid/Programs/Humanoid_Simulation/Locomanipulation_game/logs/skrl/locomanip_marl/paper00/checkpoints/agent_91200.pt,0,b005_d80_e10,5,0.8,0.1,0.443931,0.536422,-0.0772659,0.534373,0.0850488,-0.15393,0.84847,1,0,0,0,nan,0.0520011,0.118894,0.544178,0,0,0,0,0.0602234,0.126121,0.380604,0.540886,0.0957832,0.410523,0.937149,0.679391,0.696875,0.240274,0,nan,10.3769,0.140977,-0.132798,0.12952,-0.136018,0.127865,0.59233,0,15.9014,20.377,0.201994,0.524429,0.848953,0.612955,0.860853,0.0893753,7.44393,full
l0,mujoco,policy,0,/home/humanoid/Programs/Humanoid_Simulation/Locomanipulation_game/logs/skrl/locomanip_marl/paper00/checkpoints/agent_91200.pt,0,b005_d80_e20,5,0.8,0.2,0.519195,0.602265,-0.0772659,0.626031,0.125033,-0.15393,0.84847,1,0,0,0,nan,0.141064,0.233034,0.762796,0,0,0,0,0.165976,0.154125,0.12684,0.742121,0.171416,0.420443,0.939918,0.631442,0.64298,0.296939,0,nan,14.5451,0.163296,-0.134342,0.116282,-0.154442,0.116908,0.778852,1,44.1178,52.4391,0.518919,0.520841,0.724602,0.534731,1,0.122342,11.3399,full
l0,mujoco,policy,0,/home/humanoid/Programs/Humanoid_Simulation/Locomanipulation_game/logs/skrl/locomanip_marl/paper00/checkpoints/agent_91200.pt,0,b005_d90_e00,5,0.9,0,0.368667,0.470579,-0.177266,0.442714,0.0450648,-0.25393,0.74847,1,0,0,0,nan,0.0923145,0.126431,0.6707,0,0,0,0,0.125381,0.147786,0.164502,0.565203,0.114195,0.400909,0.960326,0.651337,0.669872,0.290454,0,nan,12.9883,0.160527,-0.154177,0.128408,-0.173979,0.125084,0.52027,2,21.1773,26.6243,0.264071,0.783627,0.745094,0.85412,0.794754,0.113199,10.5199,full
l0,mujoco,policy,0,/home/humanoid/Programs/Humanoid_Simulation/Locomanipulation_game/logs/skrl/locomanip_marl/paper00/checkpoints/agent_91200.pt,0,b005_d90_e10,5,0.9,0.1,0.443931,0.536422,-0.177266,0.534373,0.0850488,-0.25393,0.74847,1,0,0,0,nan,0.168908,0.21901,0.446566,0,0,0,0,0.153744,0.199576,0.319854,0.386431,0.181066,0.320251,0.945805,0.63445,0.641917,0.303888,0,nan,11.8664,0.160362,-0.228868,0.120225,-0.252784,0.120512,0.436274,4,12.8045,24.4315,0.196346,0.768268,0.618351,0.744091,0.915111,0.129363,10.5741,full
l0,mujoco,policy,0,/home/humanoid/Programs/Humanoid_Simulation/Locomanipulation_game/logs/skrl/locomanip_marl/paper00/checkpoints/agent_91200.pt,0,b005_d90_e20,5,0.9,0.2,0.519195,0.602265,-0.177266,0.626031,0.125033,-0.25393,0.74847,1,0,0,0,nan,0.218561,0.333064,1.2614,0,0,0,0,0.213692,0.342777,0.189973,1.16651,0.259824,0.688188,0.951794,0.640181,0.643436,0.308358,0,nan,13.7527,0.153268,-0.205775,0.119071,-0.211905,0.119141,0.278821,1,19.4991,29.2767,0.291139,0.559057,0.59772,0.549636,1,0.120594,10.9759,full
l0,mujoco,policy,0,/home/humanoid/Programs/Humanoid_Simulation/Locomanipulation_game/logs/skrl/locomanip_marl/paper00/checkpoints/agent_91200.pt,0,b006_d00_e00,6,0,0,0.134488,0.48107,0.230468,0.195907,-0.602885,0.763156,1.23287,0,0,0,0,nan,0.0739583,0.186078,0.506685,0,0,0,0,0.0413164,0.162175,0.48381,0.163431,0.0974492,0.27683,0.923544,0.740114,0.758914,0.16463,0,nan,10.3108,0.167662,0.0972187,0.106031,0.084508,0.105476,0.464709,0,26.5191,46.0627,0.426755,0.425224,0.764743,0.292013,0.655885,0.0774301,8.03174,full
l0,mujoco,policy,0,/home/humanoid/Programs/Humanoid_Simulation/Locomanipulation_game/logs/skrl/locomanip_marl/paper00/checkpoints/agent_91200.pt,0,b006_d00_e10,6,0,0.1,0.171936,0.573794,0.230468,0.235467,-0.694728,0.763156,1.23287,0,0,0,0,nan,0.10501,0.234456,0.593885,0,0,0,0,0.0517462,0.186915,0.211208,0.1818,0.132274,0.249169,0.937066,0.767675,0.776234,0.160832,0,nan,9.28669,0.165187,-0.149892,0.0952395,-0.160361,0.092786,0.992801,1,41.4731,51.775,0.515724,0.587735,0.566426,0.445767,0.899408,0.0811334,6.89759,full
