label,sim,kind,lambda_share,checkpoint,seed,goal_id,base_id,depth,ext,target_l_x,target_l_y,target_l_z,target_r_x,target_r_y,target_r_z,target_min_height,needs_crouch,success,success_l,success_r,t_success,closest,err_final_l,err_final_r,rot_final_l,rot_final_r,err_last1s,rot_last1s,pelvis_h_start,pelvis_h_min,pelvis_h_last1s,pelvis_drop_last1s,fell,t_fall,tilt_max_deg,angvel_rms,com_margin_min,com_margin_last1s,dcm_margin_min,dcm_margin_last1s,foot_slip_max,steps,ee_jitter_l,ee_jitter_r,ee_speed_rms,torque_knee_max,torque_ankle_max,torque_hip_max,torque_arm_max,cmd_drift_end,pitch_last1s_deg,feasible,solve_s,seed_name,min_dist,error,qp_failures,feet_ok,lowest,collide
golem_ik,kinematic,golem_ik,nan,,0,b000_d00_e00,0,0,0,0.335111,-0.124798,0.700641,0.148308,-0.10853,0.927873,1.70304,0,1,1,1,nan,0.013363,0.026726,1.38778e-16,0.000584513,4.18649e-16,0.013363,0.000292256,1.0024,1.0024,1.0024,0,0,nan,,,nan,nan,,,,,,,,,,,,,0,1,2.37131,arms_front_45,0.0189203,,2,,nan,
golem_ik,kinematic,golem_ik,nan,,0,b000_d00_e10,0,0,0.1,0.412656,-0.187938,0.700641,0.244935,-0.0827748,0.927873,1.70304,0,0,0,1,nan,0.0528616,0.104781,0.0009426,0.0022819,3.56819e-05,0.0528616,0.00115879,1.0024,1.0024,1.0024,0,0,nan,,,nan,nan,,,,,,,,,,,,,0,1,4.00777,home,0.0182721,,0,,nan,
golem_ik,kinematic,golem_ik,nan,,0,b000_d00_e20,0,0,0.2,0.490202,-0.251078,0.700641,0.341561,-0.0570198,0.927873,1.70304,0,0,0,0,nan,0.122817,0.1908,0.0548351,0.00413594,0.00131794,0.122817,0.00272694,1.0024,1.0024,1.0024,0,0,nan,,,nan,nan,,,,,,,,,,,,,0,1,4.01198,arms_front_45,0.0184788,,0,,nan,
golem_ik,kinematic,golem_ik,nan,,0,b000_d10_e00,0,0.1,0,0.335111,-0.124798,0.600641,0.148308,-0.10853,0.827873,1.60304,0,1,1,1,nan,1.99685e-05,3.97433e-05,1.93691e-07,3.90455e-05,6.21395e-08,1.99685e-05,1.95538e-05,1.0024,1.0024,1.0024,0,0,nan,,,nan,nan,,,,,,,,,,,,,0,1,1.2076,t_pose,0.0202513,,0,,nan,
golem_ik,kinematic,golem_ik,nan,,0,b000_d10_e10,0,0.1,0.1,0.412656,-0.187938,0.600641,0.244935,-0.0827748,0.827873,1.60304,0,0,0,1,nan,0.0362901,0.0725802,1.38778e-17,0.00162016,2.249e-16,0.0362901,0.000810081,1.0024,1.0024,1.0024,0,0,nan,,,nan,nan,,,,,,,,,,,,,0,1,4.0267,t_pose,0.0193779,,0,,nan,
golem_ik,kinematic,golem_ik,nan,,0,b000_d10_e20,0,0.1,0.2,0.490202,-0.251078,0.600641,0.341561,-0.0570198,0.827873,1.60304,0,0,0,1,nan,0.0800391,0.160075,3.36505e-06,0.0037491,3.70571e-07,0.0800391,0.00187474,1.0024,1.0024,1.0024,0,0,nan,,,nan,nan,,,,,,,,,,,,,0,1,4.00443,arms_front_45,0.0191609,,0,,nan,
golem_ik,kinematic,golem_ik,nan,,0,b000_d20_e00,0,0.2,0,0.335111,-0.124798,0.500641,0.148308,-0.10853,0.727873,1.50304,0,1,1,1,nan,0.0102627,1.18572e-16,0.0205254,2.54135e-16,0.0125153,0.0102627,0.00625764,1.0024,1.0024,1.0024,0,0,nan,,,nan,nan,,,,,,,,,,,,,0,1,4.0082,t_pose,0.0301633,,0,,nan,
golem_ik,kinematic,golem_ik,nan,,0,b000_d20_e10,0,0.2,0.1,0.412656,-0.187938,0.500641,0.244935,-0.0827748,0.727873,1.50304,0,1,1,1,nan,0.0243662,0.0487325,0,0.0084497,2.43638e-16,0.0243662,0.00422485,1.0024,1.0024,1.0024,0,0,nan,,,nan,nan,,,,,,,,,,,,,0,1,4.01421,t_pose,0.0199522,,0,,nan,
golem_ik,kinematic,golem_ik,nan,,0,b000_d20_e20,0,0.2,0.2,0.490202,-0.251078,0.500641,0.341561,-0.0570198,0.727873,1.50304,0,0,0,1,nan,0.0705182,0.141036,9.7382e-08,0.018108,3.76261e-08,0.0705182,0.00905401,1.0024,1.0024,1.0024,0,0,nan,,,nan,nan,,,,,,,,,,,,,0,1,2.17096,t_pose,0.0200551,,2,,nan,
golem_ik,kinematic,golem_ik,nan,,0,b000_d30_e00,0,0.3,0,0.335111,-0.124798,0.400641,0.148308,-0.10853,0.627873,1.40304,0,0,1,0,nan,0.0399153,8.88612e-17,0.0798305,2.49229e-16,0.0453479,0.0399153,0.022674,1.0024,1.0024,1.0024,0,0,nan,,,nan,nan,,,,,,,,,,,,,0,1,2.07396,t_pose,0.0399274,,2,,nan,
golem_ik,kinematic,golem_ik,nan,,0,b000_d30_e10,0,0.3,0.1,0.412656,-0.187938,0.400641,0.244935,-0.0827748,0.627873,1.40304,0,0,0,1,nan,0.0455889,0.0684377,0.0227401,0.0202125,0.0138018,0.0455889,0.0170071,1.0024,1.0024,1.0024,0,0,nan,,,nan,nan,,,,,,,,,,,,,0,1,2.0523,t_pose,0.0270337,,2,,nan,
golem_ik,kinematic,golem_ik,nan,,0,b000_d30_e20,0,0.3,0.2,0.490202,-0.251078,0.400641,0.341561,-0.0570198,0.627873,1.40304,0,0,0,1,nan,0.0773407,0.154681,1.24127e-16,0.0397899,2.25639e-16,0.0773407,0.019895,1.0024,1.0024,1.0024,0,0,nan,,,nan,nan,,,,,,,,,,,,,0,1,2.0551,t_pose,0.02,,2,,nan,
golem_ik,kinematic,golem_ik,nan,,0,b000_d40_e00,0,0.4,0,0.335111,-0.124798,0.300641,0.148308,-0.10853,0.527873,1.30304,0,0,1,0,nan,0.0501031,0.0362089,0.0639972,0.011186,0.0117653,0.0501031,0.0114757,1.0024,1.0024,1.0024,0,0,nan,,,nan,nan,,,,,,,,,,,,,0,1,4.00516,t_pose,-0.000318864,,1,,nan,
golem_ik,kinematic,golem_ik,nan,,0,b000_d40_e10,0,0.4,0.1,0.412656,-0.187938,0.300641,0.244935,-0.0827748,0.527873,1.30304,0,0,0,1,nan,0.0568212,0.0997938,0.0138486,0.0336247,0.00142947,0.0568212,0.0175271,1.0024,1.0024,1.0024,0,0,nan,,,nan,nan,,,,,,,,,,,,,0,1,4.00689,current,0.016083,,0,,nan,
golem_ik,kinematic,golem_ik,nan,,0,b000_d40_e20,0,0.4,0.2,0.490202,-0.251078,0.300641,0.341561,-0.0570198,0.527873,1.30304,0,0,0,1,nan,0.0942876,0.181951,0.00662441,0.0560807,0.00154996,0.0942876,0.0288153,1.0024,1.0024,1.0024,0,0,nan,,,nan,nan,,,,,,,,,,,,,0,1,4.01025,arms_front_45,0.0184548,,0,,nan,
golem_ik,kinematic,golem_ik,nan,,0,b000_d50_e00,0,0.5,0,0.335111,-0.124798,0.200641,0.148308,-0.10853,0.427873,1.20304,0,0,0,1,nan,0.0573265,0.065869,0.0487839,0.0307977,0.00593549,0.0573265,0.0183666,1.0024,1.0024,1.0024,0,0,nan,,,nan,nan,,,,,,,,,,,,,0,1,4.01225,current,0.0165554,,0,,nan,
golem_ik,kinematic,golem_ik,nan,,0,b000_d50_e10,0,0.5,0.1,0.412656,-0.187938,0.200641,0.244935,-0.0827748,0.427873,1.20304,0,0,0,1,nan,0.0696316,0.139263,1.38778e-17,0.0545505,2.39758e-16,0.0696316,0.0272752,1.0024,1.0024,1.0024,0,0,nan,,,nan,nan,,,,,,,,,,,,,0,1,4.02107,arms_front_45,0.0302419,,0,,nan,
golem_ik,kinematic,golem_ik,nan,,0,b000_d50_e20,0,0.5,0.2,0.490202,-0.251078,0.200641,0.341561,-0.0570198,0.427873,1.20304,0,0,0,1,nan,0.112012,0.217963,0.00606038,0.0778603,0.000654033,0.112012,0.0392572,1.0024,1.0024,1.0024,0,0,nan,,,nan,nan,,,,,,,,,,,,,0,1,4.00821,arms_front_45,0.0196241,,0,,nan,
golem_ik,kinematic,golem_ik,nan,,0,b000_d60_e00,0,0.6,0,0.335111,-0.124798,0.100641,0.148308,-0.10853,0.327873,1.10304,0,0,0,1,nan,0.0816382,0.122956,0.0403209,0.0606516,0.0220751,0.0816382,0.0413634,1.0024,1.0024,1.0024,0,0,nan,,,nan,nan,,,,,,,,,,,,,0,1,4.00811,t_pose,0.0204741,,0,,nan,
golem_ik,kinematic,golem_ik,nan,,0,b000_d60_e10,0,0.6,0.1,0.412656,-0.187938,0.100641,0.244935,-0.0827748,0.327873,1.10304,0,0,0,1,nan,0.0950757,0.189597,0.000554724,0.0824223,2.87594e-05,0.0950757,0.0412255,1.0024,1.0024,1.0024,0,0,nan,,,nan,nan,,,,,,,,,,,,,0,1,4.01238,t_pose,0.01997,,0,,nan,
golem_ik,kinematic,golem_ik,nan,,0,b000_d60_e20,0,0.6,0.2,0.490202,-0.251078,0.100641,0.341561,-0.0570198,0.327873,1.10304,0,0,0,1,nan,0.144925,0.262632,0.0272184,0.110175,0.00231761,0.144925,0.0562462,1.0024,1.0024,1.0024,0,0,nan,,,nan,nan,,,,,,,,,,,,,0,1,4.0242,t_pose,0.0181938,,0,,nan,
golem_ik,kinematic,golem_ik,nan,,0,b000_d70_e00,0,0.7,0,0.335111,-0.124798,0.000641036,0.148308,-0.10853,0.227873,1.00304,0,0,0,1,nan,0.116516,0.19018,0.0428508,0.101259,0.0162276,0.116516,0.0587433,1.0024,1.0024,1.0024,0,0,nan,,,nan,nan,,,,,,,,,,,,,0,1,4.00926,t_pose,0.0179932,,0,,nan,
golem_ik,kinematic,golem_ik,nan,,0,b000_d70_e10,0,0.7,0.1,0.412656,-0.187938,0.000641036,0.244935,-0.0827748,0.227873,1.00304,0,0,0,1,nan,0.136296,0.246847,0.0257444,0.12757,0.00630999,0.136296,0.06694,1.0024,1.0024,1.0024,0,0,nan,,,nan,nan,,,,,,,,,,,,,0,1,4.00919,arms_front_45,0.0194582,,0,,nan,
golem_ik,kinematic,golem_ik,nan,,0,b000_d70_e20,0,0.7,0.2,0.490202,-0.251078,0.000641036,0.341561,-0.0570198,0.227873,1.00304,0,0,0,0,nan,0.189941,0.314987,0.0648951,0.151016,0.0059934,0.189941,0.0785045,1.0024,1.0024,1.0024,0,0,nan,,,nan,nan,,,,,,,,,,,,,0,1,4.00669,current,0.0183396,,0,,nan,
golem_ik,kinematic,golem_ik,nan,,0,b000_d80_e00,0,0.8,0,0.335111,-0.124798,-0.099359,0.148308,-0.10853,0.127873,0.903041,0,0,0,0,nan,0.157083,0.262822,0.0513441,0.146984,0.0235624,0.157083,0.085273,1.0024,1.0024,1.0024,0,0,nan,,,nan,nan,,,,,,,,,,,,,0,1,4.02771,home,0.0191037,,0,,nan,
golem_ik,kinematic,golem_ik,nan,,0,b000_d80_e10,0,0.8,0.1,0.412656,-0.187938,-0.099359,0.244935,-0.0827748,0.127873,0.903041,0,0,0,0,nan,0.183406,0.316066,0.0507462,0.163677,0.0153485,0.183406,0.0895129,1.0024,1.0024,1.0024,0,0,nan,,,nan,nan,,,,,,,,,,,,,0,1,4.00368,current,0.0200426,,0,,nan,
golem_ik,kinematic,golem_ik,nan,,0,b000_d80_e20,0,0.8,0.2,0.490202,-0.251078,-0.099359,0.341561,-0.0570198,0.127873,0.903041,0,0,0,0,nan,0.241001,0.376612,0.10539,0.187584,0.0326362,0.241001,0.11011,1.0024,1.0024,1.0024,0,0,nan,,,nan,nan,,,,,,,,,,,,,0,1,4.00982,home,0.0196482,,0,,nan,
golem_ik,kinematic,golem_ik,nan,,0,b000_d90_e00,0,0.9,0,0.335111,-0.124798,-0.199359,0.148308,-0.10853,0.0278728,0.803041,1,0,0,0,nan,0.224648,0.33731,0.111986,0.180336,0.0722938,0.224648,0.126315,1.0024,1.0024,1.0024,0,0,nan,,,nan,nan,,,,,,,,,,,,,0,1,4.01183,arms_front_45,0.0189519,,0,,nan,
golem_ik,kinematic,golem_ik,nan,,0,b000_d90_e10,0,0.9,0.1,0.412656,-0.187938,-0.199359,0.244935,-0.0827748,0.0278728,0.803041,1,0,0,0,nan,0.249325,0.385749,0.1129,0.193694,0.0400768,0.249325,0.116885,1.0024,1.0024,1.0024,0,0,nan,,,nan,nan,,,,,,,,,,,,,0,1,4.01311,home,0.0196397,,0,,nan,
golem_ik,kinematic,golem_ik,nan,,0,b000_d90_e20,0,0.9,0.2,0.490202,-0.251078,-0.199359,0.341561,-0.0570198,0.0278728,0.803041,1,0,0,0,nan,0.300839,0.442164,0.159514,0.215857,0.0420476,0.300839,0.128952,1.0024,1.0024,1.0024,0,0,nan,,,nan,nan,,,,,,,,,,,,,0,1,4.00987,home,0.0200785,,0,,nan,
golem_ik,kinematic,golem_ik,nan,,0,b000_d100_e00,0,1,0,0.335111,-0.124798,-0.299359,0.148308,-0.10853,-0.0721272,0.703041,1,0,0,0,nan,0.30128,0.410078,0.192482,0.217708,0.128997,0.30128,0.173353,1.0024,1.0024,1.0024,0,0,nan,,,nan,nan,,,,,,,,,,,,,0,1,4.00983,home,0.015347,,0,,nan,
golem_ik,kinematic,golem_ik,nan,,0,b000_d100_e10,0,1,0.1,0.412656,-0.187938,-0.299359,0.244935,-0.0827748,-0.0721272,0.703041,1,0,0,0,nan,0.325648,0.457788,0.193507,0.223589,0.10377,0.325648,0.16368,1.0024,1.0024,1.0024,0,0,nan,,,nan,nan,,,,,,,,,,,,,0,1,4.00546,current,0.0190448,,0,,nan,
golem_ik,kinematic,golem_ik,nan,,0,b000_d100_e20,0,1,0.2,0.490202,-0.251078,-0.299359,0.341561,-0.0570198,-0.0721272,0.703041,1,0,0,0,nan,0.37327,0.513791,0.23275,0.232071,0.0672539,0.37327,0.149663,1.0024,1.0024,1.0024,0,0,nan,,,nan,nan,,,,,,,,,,,,,0,1,4.00785,current,0.0191992,,0,,nan,
golem_ik,kinematic,golem_ik,nan,,0,b001_d00_e00,1,0,0,0.206577,0.0532994,0.320031,0.138219,-0.0171031,0.933548,1.32243,0,1,1,1,nan,0.00844084,0.0101516,0.00673007,0.00405069,3.84637e-05,0.00844084,0.00204458,1.0024,1.0024,1.0024,0,0,nan,,,nan,nan,,,,,,,,,,,,,0,1,4.00978,t_pose,0.0108642,,0,,nan,
golem_ik,kinematic,golem_ik,nan,,0,b001_d00_e10,1,0,0.1,0.29747,0.011605,0.320031,0.21081,0.051675,0.933548,1.32243,0,1,1,1,nan,0.0235589,1.73472e-18,0.0471179,3.05478e-16,0.00213455,0.0235589,0.00106728,1.0024,1.0024,1.0024,0,0,nan,,,nan,nan,,,,,,,,,,,,,0,1,4.01534,current,0.0140505,,0,,nan,
golem_ik,kinematic,golem_ik,nan,,0,b001_d00_e20,1,0,0.2,0.388363,-0.0300894,0.320031,0.283402,0.120453,0.933548,1.32243,0,0,1,0,nan,0.0760116,0.0352528,0.11677,0.0216262,0.00182498,0.0760116,0.0117256,1.0024,1.0024,1.0024,0,0,nan,,,nan,nan,,,,,,,,,,,,,0,1,4.00446,home,0.0186656,,0,,nan,
golem_ik,kinematic,golem_ik,nan,,0,b001_d10_e00,1,0.1,0,0.206577,0.0532994,0.220031,0.138219,-0.0171031,0.833548,1.22243,0,1,1,1,nan,0.0142477,0.0284954,1.38778e-17,0.00905563,2.14913e-16,0.0142477,0.00452781,1.0024,1.0024,1.0024,0,0,nan,,,nan,nan,,,,,,,,,,,,,0,1,4.02041,arms_front_45,0.00919512,,0,,nan,
golem_ik,kinematic,golem_ik,nan,,0,b001_d10_e10,1,0.1,0.1,0.29747,0.011605,0.220031,0.21081,0.051675,0.833548,1.22243,0,1,1,1,nan,2.43842e-05,1.48863e-05,3.38822e-05,6.31322e-05,8.67471e-05,2.43842e-05,7.49396e-05,1.0024,1.0024,1.0024,0,0,nan,,,nan,nan,,,,,,,,,,,,,0,1,0.247778,home,0.0198988,,0,,nan,
golem_ik,kinematic,golem_ik,nan,,0,b001_d10_e20,1,0.1,0.2,0.388363,-0.0300894,0.220031,0.283402,0.120453,0.833548,1.22243,0,0,1,0,nan,0.0566357,0.0493347,0.0639367,0.0291239,0.000387247,0.0566357,0.0147556,1.0024,1.0024,1.0024,0,0,nan,,,nan,nan,,,,,,,,,,,,,0,1,4.0089,arms_front_45,0.0201656,,0,,nan,
golem_ik,kinematic,golem_ik,nan,,0,b001_d20_e00,1,0.2,0,0.206577,0.0532994,0.120031,0.138219,-0.0171031,0.733548,1.12243,0,1,1,1,nan,0.0167225,0.00629268,0.0271523,0.00206698,0.00379717,0.0167225,0.00293208,1.0024,1.0024,1.0024,0,0,nan,,,nan,nan,,,,,,,,,,,,,0,1,4.00645,arms_front_45,0.0079582,,0,,nan,
golem_ik,kinematic,golem_ik,nan,,0,b001_d20_e10,1,0.2,0.1,0.29747,0.011605,0.120031,0.21081,0.051675,0.733548,1.12243,0,1,1,1,nan,0.00360765,0.00721531,0,0.00414193,3.47207e-16,0.00360765,0.00207097,1.0024,1.0024,1.0024,0,0,nan,,,nan,nan,,,,,,,,,,,,,0,1,4.0032,home,0.0256334,,0,,nan,
golem_ik,kinematic,golem_ik,nan,,0,b001_d20_e20,1,0.2,0.2,0.388363,-0.0300894,0.120031,0.283402,0.120453,0.733548,1.12243,0,0,0,1,nan,0.0512409,0.0810387,0.021443,0.0449523,0.000290366,0.0512409,0.0226214,1.0024,1.0024,1.0024,0,0,nan,,,nan,nan,,,,,,,,,,,,,0,1,4.00746,home,0.0196743,,0,,nan,
golem_ik,kinematic,golem_ik,nan,,0,b001_d30_e00,1,0.3,0,0.206577,0.0532994,0.0200305,0.138219,-0.0171031,0.633548,1.02243,0,1,1,1,nan,0.0326052,0.0174957,0.0477146,0.0111766,0.000479224,0.0326052,0.00582793,1.0024,1.0024,1.0024,0,0,nan,,,nan,nan,,,,,,,,,,,,,0,1,4.00968,current,0.00356281,,0,,nan,
golem_ik,kinematic,golem_ik,nan,,0,b001_d30_e10,1,0.3,0.1,0.29747,0.011605,0.0200305,0.21081,0.051675,0.633548,1.02243,0,0,0,1,nan,0.0324285,0.064857,2.08167e-17,0.0347481,1.89968e-16,0.0324285,0.017374,1.0024,1.0024,1.0024,0,0,nan,,,nan,nan,,,,,,,,,,,,,0,1,4.00251,arms_front_45,0.0325133,,0,,nan,
golem_ik,kinematic,golem_ik,nan,,0,b001_d30_e20,1,0.3,0.2,0.388363,-0.0300894,0.0200305,0.283402,0.120453,0.633548,1.02243,0,0,0,1,nan,0.0651367,0.130273,6.93889e-17,0.0673621,1.9164e-16,0.0651367,0.0336811,1.0024,1.0024,1.0024,0,0,nan,,,nan,nan,,,,,,,,,,,,,0,1,4.00208,arms_front_45,0.0215765,,0,,nan,
golem_ik,kinematic,golem_ik,nan,,0,b001_d40_e00,1,0.4,0,0.206577,0.0532994,-0.0799695,0.138219,-0.0171031,0.533548,0.922431,0,0,0,0,nan,0.0792128,0.10385,0.0545752,0.0715636,0.000253768,0.0792128,0.0359087,1.0024,1.0024,1.0024,0,0,nan,,,nan,nan,,,,,,,,,,,,,0,1,4.01105,arms_front_45,0.0120484,,0,,nan,
golem_ik,kinematic,golem_ik,nan,,0,b001_d40_e10,1,0.4,0.1,0.29747,0.011605,-0.0799695,0.21081,0.051675,0.533548,0.922431,0,0,0,1,nan,0.0674483,0.134897,2.77556e-17,0.0675644,2.95799e-16,0.0674483,0.0337822,1.0024,1.0024,1.0024,0,0,nan,,,nan,nan,,,,,,,,,,,,,0,1,4.00697,home,0.0229606,,0,,nan,
golem_ik,kinematic,golem_ik,nan,,0,b001_d40_e20,1,0.4,0.2,0.388363,-0.0300894,-0.0799695,0.283402,0.120453,0.533548,0.922431,0,0,0,1,nan,0.0962026,0.192405,5.72196e-17,0.0928278,1.50354e-16,0.0962026,0.0464139,1.0024,1.0024,1.0024,0,0,nan,,,nan,nan,,,,,,,,,,,,,0,1,4.00255,arms_front_45,0.0302985,,0,,nan,
golem_ik,kinematic,golem_ik,nan,,0,b001_d50_e00,1,0.5,0,0.206577,0.0532994,-0.179969,0.138219,-0.0171031,0.433548,0.822431,1,0,0,1,nan,0.111396,0.190643,0.0321481,0.132204,0.00172458,0.111396,0.0669644,1.0024,1.0024,1.0024,0,0,nan,,,nan,nan,,,,,,,,,,,,,0,1,4.00871,arms_front_45,0.0182465,,0,,nan,
golem_ik,kinematic,golem_ik,nan,,0,b001_d50_e10,1,0.5,0.1,0.29747,0.011605,-0.179969,0.21081,0.051675,0.433548,0.822431,1,0,0,1,nan,0.106161,0.212322,5.19256e-14,0.113323,1.72843e-14,0.106161,0.0566613,1.0024,1.0024,1.0024,0,0,nan,,,nan,nan,,,,,,,,,,,,,0,1,4.00823,home,0.0186959,,0,,nan,
golem_ik,kinematic,golem_ik,nan,,0,b001_d50_e20,1,0.5,0.2,0.388363,-0.0300894,-0.179969,0.283402,0.120453,0.433548,0.822431,1,0,0,1,nan,0.131799,0.263597,8.32667e-17,0.119147,1.17303e-16,0.131799,0.0595735,1.0024,1.0024,1.0024,0,0,nan,,,nan,nan,,,,,,,,,,,,,0,1,4.00082,home,0.0402892,,0,,nan,
golem_ik,kinematic,golem_ik,nan,,0,b001_d60_e00,1,0.6,0,0.206577,0.0532994,-0.279969,0.138219,-0.0171031,0.333548,0.722431,1,0,0,0,nan,0.163305,0.274899,0.0517115,0.173989,0.00286686,0.163305,0.0884282,1.0024,1.0024,1.0024,0,0,nan,,,nan,nan,,,,,,,,,,,,,0,1,4.00806,home,0.0116369,,0,,nan,
golem_ik,kinematic,golem_ik,nan,,0,b001_d60_e10,1,0.6,0.1,0.29747,0.011605,-0.279969,0.21081,0.051675,0.333548,0.722431,1,0,0,1,nan,0.148116,0.296219,1.31031e-05,0.158195,5.22162e-06,0.148116,0.0791003,1.0024,1.0024,1.0024,0,0,nan,,,nan,nan,,,,,,,,,,,,,0,1,4.0118,arms_front_45,0.0180719,,0,,nan,
golem_ik,kinematic,golem_ik,nan,,0,b001_d60_e20,1,0.6,0.2,0.388363,-0.0300894,-0.279969,0.283402,0.120453,0.333548,0.722431,1,0,0,1,nan,0.170588,0.341135,4.11875e-05,0.145038,1.06122e-05,0.170588,0.0725242,1.0024,1.0024,1.0024,0,0,nan,,,nan,nan,,,,,,,,,,,,,0,1,4.00561,arms_front_45,0.0218931,,0,,nan,
golem_ik,kinematic,golem_ik,nan,,0,b001_d70_e00,1,0.7,0,0.206577,0.0532994,-0.379969,0.138219,-0.0171031,0.233548,0.622431,1,0,0,1,nan,0.196217,0.34865,0.043784,0.314554,0.0122876,0.196217,0.163421,1.0024,1.0024,1.0024,0,0,nan,,,nan,nan,,,,,,,,,,,,,0,1,4.00876,home,0.0191093,,0,,nan,
golem_ik,kinematic,golem_ik,nan,,0,b001_d70_e10,1,0.7,0.1,0.29747,0.011605,-0.379969,0.21081,0.051675,0.233548,0.622431,1,0,0,1,nan,0.213317,0.380013,0.0466204,0.222141,0.0270298,0.213317,0.124586,1.0024,1.0024,1.0024,0,0,nan,,,nan,nan,,,,,,,,,,,,,0,1,4.01244,home,0.0183752,,0,,nan,
golem_ik,kinematic,golem_ik,nan,,0,b001_d70_e20,1,0.7,0.2,0.388363,-0.0300894,-0.379969,0.283402,0.120453,0.233548,0.622431,1,0,0,1,nan,0.224925,0.420841,0.0290085,0.189829,0.018309,0.224925,0.104069,1.0024,1.0024,1.0024,0,0,nan,,,nan,nan,,,,,,,,,,,,,0,1,4.00663,arms_front_45,0.0184566,,0,,nan,
golem_ik,kinematic,golem_ik,nan,,0,b001_d80_e00,1,0.8,0,0.206577,0.0532994,-0.479969,0.138219,-0.0171031,0.133548,0.522431,1,0,0,0,nan,0.256565,0.442648,0.0704829,0.330305,0.0319517,0.256565,0.181128,1.0024,1.0024,1.0024,0,0,nan,,,nan,nan,,,,,,,,,,,,,0,1,4.00918,t_pose,0.017502,,0,,nan,
golem_ik,kinematic,golem_ik,nan,,0,b001_d80_e10,1,0.8,0.1,0.29747,0.011605,-0.479969,0.21081,0.051675,0.133548,0.522431,1,0,0,0,nan,0.287281,0.46877,0.105793,0.27863,0.0578508,0.287281,0.16824,1.0024,1.0024,1.0024,0,0,nan,,,nan,nan,,,,,,,,,,,,,0,1,4.00524,arms_front_45,0.0188041,,0,,nan,
golem_ik,kinematic,golem_ik,nan,,0,b001_d80_e20,1,0.8,0.2,0.388363,-0.0300894,-0.479969,0.283402,0.120453,0.133548,0.522431,1,0,0,0,nan,0.293709,0.504004,0.0834136,0.247649,0.0489092,0.293709,0.148279,1.0024,1.0024,1.0024,0,0,nan,,,nan,nan,,,,,,,,,,,,,0,1,4.01369,t_pose,0.0189591,,0,,nan,
golem_ik,kinematic,golem_ik,nan,,0,b001_d90_e00,1,0.9,0,0.206577,0.0532994,-0.579969,0.138219,-0.0171031,0.0335482,0.422431,1,0,0,0,nan,0.341488,0.536335,0.14664,0.373079,0.00795772,0.341488,0.190518,1.0024,1.0024,1.0024,0,0,nan,,,nan,nan,,,,,,,,,,,,,0,1,4.00238,home,0.0191297,,0,,nan,
golem_ik,kinematic,golem_ik,nan,,0,b001_d90_e10,1,0.9,0.1,0.29747,0.011605,-0.579969,0.21081,0.051675,0.0335482,0.422431,1,0,0,0,nan,0.360057,0.552089,0.168024,0.373226,0.0128204,0.360057,0.193023,1.0024,1.0024,1.0024,0,0,nan,,,nan,nan,,,,,,,,,,,,,0,1,4.00978,arms_front_45,0.0180357,,0,,nan,
golem_ik,kinematic,golem_ik,nan,,0,b001_d90_e20,1,0.9,0.2,0.388363,-0.0300894,-0.579969,0.283402,0.120453,0.0335482,0.422431,1,0,0,0,nan,0.365909,0.588695,0.143124,0.305424,0.082622,0.365909,0.194023,1.0024,1.0024,1.0024,0,0,nan,,,nan,nan,,,,,,,,,,,,,0,1,4.00677,arms_front_45,0.01986,,0,,nan,
golem_ik,kinematic,golem_ik,nan,,0,b001_d100_e00,1,1,0,0.206577,0.0532994,-0.679969,0.138219,-0.0171031,-0.0664518,0.322431,1,0,0,0,nan,0.41232,0.613936,0.210704,0.490416,0.0416835,0.41232,0.26605,1.0024,1.0024,1.0024,0,0,nan,,,nan,nan,,,,,,,,,,,,,0,1,4.01313,arms_front_45,0.0188641,,0,,nan,
golem_ik,kinematic,golem_ik,nan,,0,b001_d100_e10,1,1,0.1,0.29747,0.011605,-0.679969,0.21081,0.051675,-0.0664518,0.322431,1,0,0,0,nan,0.432931,0.637509,0.228354,0.448757,0.0179242,0.432931,0.233341,1.0024,1.0024,1.0024,0,0,nan,,,nan,nan,,,,,,,,,,,,,0,1,4.00719,arms_front_45,0.0171709,,0,,nan,
golem_ik,kinematic,golem_ik,nan,,0,b001_d100_e20,1,1,0.2,0.388363,-0.0300894,-0.679969,0.283402,0.120453,-0.0664518,0.322431,1,0,0,0,nan,0.439718,0.673763,0.205673,0.367746,0.116566,0.439718,0.242156,1.0024,1.0024,1.0024,0,0,nan,,,nan,nan,,,,,,,,,,,,,0,1,4.01171,arms_front_45,0.0185798,,0,,nan,
golem_ik,kinematic,golem_ik,nan,,0,b002_d00_e00,2,0,0,0.171553,0.227398,-0.0289307,0.512,-0.349882,0.26534,0.973469,0,1,1,1,nan,0.000406742,9.26434e-07,0.000812558,2.20261e-07,0.000803808,0.000406742,0.000402014,1.0024,1.0024,1.0024,0,0,nan,,,nan,nan,,,,,,,,,,,,,0,1,0.0867083,home,0.0577454,,0,,nan,
golem_ik,kinematic,golem_ik,nan,,0,b002_d00_e10,2,0,0.1,0.262316,0.269373,-0.0289307,0.605033,-0.386555,0.26534,0.973469,0,0,1,0,nan,0.0528881,0.0121308,0.0936453,0.0048091,0.00167712,0.0528881,0.00324311,1.0024,1.0024,1.0024,0,0,nan,,,nan,nan,,,,,,,,,,,,,0,1,4.00888,arms_front_45,0.0734689,,0,,nan,
golem_ik,kinematic,golem_ik,nan,,0,b002_d00_e20,2,0,0.2,0.35308,0.311349,-0.0289307,0.698066,-0.423227,0.26534,0.973469,0,0,0,0,nan,0.128561,0.0668143,0.190308,0.0256322,0.00352423,0.128561,0.0145782,1.0024,1.0024,1.0024,0,0,nan,,,nan,nan,,,,,,,,,,,,,0,1,4.01128,current,0.0764506,,0,,nan,
golem_ik,kinematic,golem_ik,nan,,0,b002_d10_e00,2,0.1,0,0.171553,0.227398,-0.128931,0.512,-0.349882,0.16534,0.873469,1,0,0,1,nan,0.0447431,0.0532188,0.0362673,0.0164403,0.000373697,0.0447431,0.00840702,1.0024,1.0024,1.0024,0,0,nan,,,nan,nan,,,,,,,,,,,,,0,1,4.01145,current,0.0594417,,0,,nan,
golem_ik,kinematic,golem_ik,nan,,0,b002_d10_e10,2,0.1,0.1,0.262316,0.269373,-0.128931,0.605033,-0.386555,0.16534,0.873469,1,0,0,0,nan,0.110042,0.0936582,0.126425,0.0319781,0.00155684,0.110042,0.0167675,1.0024,1.0024,1.0024,0,0,nan,,,nan,nan,,,,,,,,,,,,,0,1,4.0129,current,0.0667782,,0,,nan,
golem_ik,kinematic,golem_ik,nan,,0,b002_d10_e20,2,0.1,0.2,0.35308,0.311349,-0.128931,0.698066,-0.423227,0.16534,0.873469,1,0,0,0,nan,0.181283,0.143561,0.219004,0.0497249,0.0030004,0.181283,0.0263626,1.0024,1.0024,1.0024,0,0,nan,,,nan,nan,,,,,,,,,,,,,0,1,4.00656,arms_front_45,0.0711372,,0,,nan,
golem_ik,kinematic,golem_ik,nan,,0,b002_d20_e00,2,0.2,0,0.171553,0.227398,-0.228931,0.512,-0.349882,0.06534,0.773469,1,0,0,0,nan,0.116508,0.145101,0.0879147,0.03804,0.000391908,0.116508,0.019216,1.0024,1.0024,1.0024,0,0,nan,,,nan,nan,,,,,,,,,,,,,0,1,4.00312,current,0.0545662,,0,,nan,
golem_ik,kinematic,golem_ik,nan,,0,b002_d20_e10,2,0.2,0.1,0.262316,0.269373,-0.228931,0.605033,-0.386555,0.06534,0.773469,1,0,0,0,nan,0.175937,0.180205,0.171669,0.0534998,0.0012243,0.175937,0.0273621,1.0024,1.0024,1.0024,0,0,nan,,,nan,nan,,,,,,,,,,,,,0,1,4.00617,arms_front_45,0.0613428,,0,,nan,
golem_ik,kinematic,golem_ik,nan,,0,b002_d20_e20,2,0.2,0.2,0.35308,0.311349,-0.228931,0.698066,-0.423227,0.06534,0.773469,1,0,0,0,nan,0.24216,0.225215,0.259105,0.0701194,0.00236172,0.24216,0.0362406,1.0024,1.0024,1.0024,0,0,nan,,,nan,nan,,,,,,,,,,,,,0,1,4.00626,arms_front_45,0.0660659,,0,,nan,
golem_ik,kinematic,golem_ik,nan,,0,b002_d30_e00,2,0.3,0,0.171553,0.227398,-0.328931,0.512,-0.349882,-0.03466,0.673469,1,0,0,0,nan,0.194832,0.239546,0.150118,0.0550658,6.83969e-05,0.194832,0.0275671,1.0024,1.0024,1.0024,0,0,nan,,,nan,nan,,,,,,,,,,,,,0,1,4.01232,home,0.0513618,,0,,nan,
golem_ik,kinematic,golem_ik,nan,,0,b002_d30_e10,2,0.3,0.1,0.262316,0.269373,-0.328931,0.605033,-0.386555,-0.03466,0.673469,1,0,0,0,nan,0.248744,0.270279,0.22721,0.0710958,0.000584265,0.248744,0.03584,1.0024,1.0024,1.0024,0,0,nan,,,nan,nan,,,,,,,,,,,,,0,1,4.01174,arms_front_45,0.0571987,,0,,nan,
golem_ik,kinematic,golem_ik,nan,,0,b002_d30_e20,2,0.3,0.2,0.35308,0.311349,-0.328931,0.698066,-0.423227,-0.03466,0.673469,1,0,0,0,nan,0.309914,0.310806,0.309023,0.0876397,0.00152748,0.309914,0.0445836,1.0024,1.0024,1.0024,0,0,nan,,,nan,nan,,,,,,,,,,,,,0,1,4.00413,arms_front_45,0.0617104,,0,,nan,
golem_ik,kinematic,golem_ik,nan,,0,b002_d40_e00,2,0.4,0,0.171553,0.227398,-0.428931,0.512,-0.349882,-0.13466,0.573469,1,0,0,0,nan,0.278003,0.335684,0.220323,0.0709357,0.000982463,0.278003,0.0359591,1.0024,1.0024,1.0024,0,0,nan,,,nan,nan,,,,,,,,,,,,,0,1,4.00777,arms_front_45,0.0489286,,0,,nan,
golem_ik,kinematic,golem_ik,nan,,0,b002_d40_e10,2,0.4,0.1,0.262316,0.269373,-0.428931,0.605033,-0.386555,-0.13466,0.573469,1,0,0,0,nan,0.32694,0.362867,0.291012,0.08722,0.000383526,0.32694,0.0438018,1.0024,1.0024,1.0024,0,0,nan,,,nan,nan,,,,,,,,,,,,,0,1,4.00224,arms_front_45,0.053874,,0,,nan,
golem_ik,kinematic,golem_ik,nan,,0,b002_d40_e20,2,0.4,0.2,0.35308,0.311349,-0.428931,0.698066,-0.423227,-0.13466,0.573469,1,0,0,0,nan,0.38328,0.3994,0.36716,0.103499,0.000463348,0.38328,0.051981,1.0024,1.0024,1.0024,0,0,nan,,,nan,nan,,,,,,,,,,,,,0,1,4.01158,arms_front_45,0.0580495,,0,,nan,
golem_ik,kinematic,golem_ik,nan,,0,b002_d50_e00,2,0.5,0,0.171553,0.227398,-0.528931,0.512,-0.349882,-0.23466,0.473469,1,0,0,0,nan,0.364671,0.432805,0.296537,0.0871549,0.00229371,0.364671,0.0447243,1.0024,1.0024,1.0024,0,0,nan,,,nan,nan,,,,,,,,,,,,,0,1,4.00689,arms_front_45,0.0468051,,0,,nan,
golem_ik,kinematic,golem_ik,nan,,0,b002_d50_e10,2,0.5,0.1,0.262316,0.269373,-0.528931,0.605033,-0.386555,-0.23466,0.473469,1,0,0,0,nan,0.409217,0.457092,0.361342,0.102842,0.00167328,0.409217,0.0522576,1.0024,1.0024,1.0024,0,0,nan,,,nan,nan,,,,,,,,,,,,,0,1,4.01041,arms_front_45,0.0511156,,0,,nan,
golem_ik,kinematic,golem_ik,nan,,0,b002_d50_e20,2,0.5,0.2,0.35308,0.311349,-0.528931,0.698066,-0.423227,-0.23466,0.473469,1,0,0,0,nan,0.461135,0.49021,0.432059,0.118562,0.000890167,0.461135,0.0597262,1.0024,1.0024,1.0024,0,0,nan,,,nan,nan,,,,,,,,,,,,,0,1,4.01001,arms_front_45,0.0549279,,0,,nan,
golem_ik,kinematic,golem_ik,nan,,0,b002_d60_e00,2,0.6,0,0.171553,0.227398,-0.628931,0.512,-0.349882,-0.33466,0.373469,1,0,0,0,nan,0.45388,0.530477,0.377283,0.103515,0.00402149,0.45388,0.0537681,1.0024,1.0024,1.0024,0,0,nan,,,nan,nan,,,,,,,,,,,,,0,1,4.00428,arms_front_45,0.0448749,,0,,nan,
golem_ik,kinematic,golem_ik,nan,,0,b002_d60_e10,2,0.6,0.1,0.262316,0.269373,-0.628931,0.605033,-0.386555,-0.33466,0.373469,1,0,0,0,nan,0.494621,0.552434,0.436809,0.118573,0.00337048,0.494621,0.0609715,1.0024,1.0024,1.0024,0,0,nan,,,nan,nan,,,,,,,,,,,,,0,1,4.01078,arms_front_45,0.0486789,,0,,nan,
golem_ik,kinematic,golem_ik,nan,,0,b002_d60_e20,2,0.6,0.2,0.35308,0.311349,-0.628931,0.698066,-0.423227,-0.33466,0.373469,1,0,0,0,nan,0.54257,0.582664,0.502477,0.133423,0.00266488,0.54257,0.0680439,1.0024,1.0024,1.0024,0,0,nan,,,nan,nan,,,,,,,,,,,,,0,1,4.01083,arms_front_45,0.0521766,,0,,nan,
golem_ik,kinematic,golem_ik,nan,,0,b002_d70_e00,2,0.7,0,0.171553,0.227398,-0.728931,0.512,-0.349882,-0.43466,0.273469,1,0,0,0,nan,0.544985,0.628477,0.461493,0.117693,0.00627206,0.544985,0.0619825,1.0024,1.0024,1.0024,0,0,nan,,,nan,nan,,,,,,,,,,,,,0,1,4.00798,arms_front_45,0.0433275,,0,,nan,
golem_ik,kinematic,golem_ik,nan,,0,b002_d70_e10,2,0.7,0.1,0.262316,0.269373,-0.728931,0.605033,-0.386555,-0.43466,0.273469,1,0,0,0,nan,0.583946,0.649521,0.518371,0.13911,0.0167247,0.583946,0.0779176,1.0024,1.0024,1.0024,0,0,nan,,,nan,nan,,,,,,,,,,,,,0,1,4.0154,arms_front_45,0.0460557,,0,,nan,
golem_ik,kinematic,golem_ik,nan,,0,b002_d70_e20,2,0.7,0.2,0.35308,0.311349,-0.728931,0.698066,-0.423227,-0.43466,0.273469,1,0,0,0,nan,0.626849,0.676301,0.577398,0.146258,0.00501224,0.626849,0.075635,1.0024,1.0024,1.0024,0,0,nan,,,nan,nan,,,,,,,,,,,,,0,1,4.00915,arms_front_45,0.0499802,,0,,nan,
golem_ik,kinematic,golem_ik,nan,,0,b002_d80_e00,2,0.8,0,0.171553,0.227398,-0.828931,0.512,-0.349882,-0.53466,0.173469,1,0,0,0,nan,0.637594,0.726789,0.548399,0.128519,0.00916094,0.637594,0.0688399,1.0024,1.0024,1.0024,0,0,nan,,,nan,nan,,,,,,,,,,,,,0,1,4.00761,arms_front_45,0.0422376,,0,,nan,
golem_ik,kinematic,golem_ik,nan,,0,b002_d80_e10,2,0.8,0.1,0.262316,0.269373,-0.828931,0.605033,-0.386555,-0.53466,0.173469,1,0,0,0,nan,0.672247,0.745344,0.59915,0.148004,0.00928769,0.672247,0.0786458,1.0024,1.0024,1.0024,0,0,nan,,,nan,nan,,,,,,,,,,,,,0,1,4.00464,current,0.0447124,,0,,nan,
golem_ik,kinematic,golem_ik,nan,,0,b002_d80_e20,2,0.8,0.2,0.35308,0.311349,-0.828931,0.698066,-0.423227,-0.53466,0.173469,1,0,0,0,nan,0.713495,0.770952,0.656038,0.156747,0.0084046,0.713495,0.082576,1.0024,1.0024,1.0024,0,0,nan,,,nan,nan,,,,,,,,,,,,,0,1,4.00763,arms_front_45,0.0482594,,0,,nan,
golem_ik,kinematic,golem_ik,nan,,0,b002_d90_e00,2,0.9,0,0.171553,0.227398,-0.928931,0.512,-0.349882,-0.63466,0.0734693,1,0,0,0,nan,0.731646,0.825536,0.637756,0.129745,0.018034,0.731646,0.0738896,1.0024,1.0024,1.0024,0,0,nan,,,nan,nan,,,,,,,,,,,,,0,1,4.00599,t_pose,0.0423281,,0,,nan,
golem_ik,kinematic,golem_ik,nan,,0,b002_d90_e10,2,0.9,0.1,0.262316,0.269373,-0.928931,0.605033,-0.386555,-0.63466,0.0734693,1,0,0,0,nan,0.76358,0.842529,0.684632,0.150956,0.0132225,0.76358,0.0820892,1.0024,1.0024,1.0024,0,0,nan,,,nan,nan,,,,,,,,,,,,,0,1,4.00634,arms_front_45,0.0442862,,0,,nan,
golem_ik,kinematic,golem_ik,nan,,0,b002_d90_e20,2,0.9,0.2,0.35308,0.311349,-0.928931,0.698066,-0.423227,-0.63466,0.0734693,1,0,0,0,nan,0.802163,0.866573,0.737754,0.168349,0.0132998,0.802163,0.0908242,1.0024,1.0024,1.0024,0,0,nan,,,nan,nan,,,,,,,,,,,,,0,1,4.016,home,0.0465301,,0,,nan,
golem_ik,kinematic,golem_ik,nan,,0,b002_d100_e00,2,1,0,0.171553,0.227398,-1.02893,0.512,-0.349882,-0.73466,-0.0265307,1,0,0,0,nan,0.826448,0.924539,0.728358,0.132422,0.021373,0.826448,0.0768975,1.0024,1.0024,1.0024,0,0,nan,,,nan,nan,,,,,,,,,,,,,0,1,4.00503,t_pose,0.0422327,,0,,nan,
golem_ik,kinematic,golem_ik,nan,,0,b002_d100_e10,2,1,0.1,0.262316,0.269373,-1.02893,0.605033,-0.386555,-0.73466,-0.0265307,1,0,0,0,nan,0.856242,0.94026,0.772225,0.155336,0.0178223,0.856242,0.0865793,1.0024,1.0024,1.0024,0,0,nan,,,nan,nan,,,,,,,,,,,,,0,1,4.00633,arms_front_45,0.0437144,,0,,nan,
golem_ik,kinematic,golem_ik,nan,,0,b002_d100_e20,2,1,0.2,0.35308,0.311349,-1.02893,0.698066,-0.423227,-0.73466,-0.0265307,1,0,0,0,nan,0.892331,0.962634,0.822028,0.168165,0.0178152,0.892331,0.0929902,1.0024,1.0024,1.0024,0,0,nan,,,nan,nan,,,,,,,,,,,,,0,1,4.00696,arms_front_45,0.0462758,,0,,nan,
golem_ik,kinematic,golem_ik,nan,,0,b003_d00_e00,3,0,0,0.517857,0.257246,0.229271,0.404624,-0.320827,0.454146,1.23167,0,1,1,1,nan,0.00022537,0.000450738,2.19755e-09,0.00055684,7.02991e-10,0.00022537,0.00027842,1.0024,1.0024,1.0024,0,0,nan,,,nan,nan,,,,,,,,,,,,,0,1,0.13221,home,0.0678089,,0,,nan,
golem_ik,kinematic,golem_ik,nan,,0,b003_d00_e10,3,0,0.1,0.615706,0.277877,0.229271,0.496591,-0.360095,0.454146,1.23167,0,0,0,1,nan,0.0462636,0.0925271,7.85046e-17,0.000609549,1.88502e-16,0.0462636,0.000304775,1.0024,1.0024,1.0024,0,0,nan,,,nan,nan,,,,,,,,,,,,,0,1,4.0129,current,0.072372,,0,,nan,
golem_ik,kinematic,golem_ik,nan,,0,b003_d00_e20,3,0,0.2,0.713554,0.298508,0.229271,0.588558,-0.399363,0.454146,1.23167,0,0,0,0,nan,0.123526,0.187664,0.0593878,0.00164352,0.00143897,0.123526,0.00154125,1.0024,1.0024,1.0024,0,0,nan,,,nan,nan,,,,,,,,,,,,,0,1,4.00568,home,0.0721011,,0,,nan,
golem_ik,kinematic,golem_ik,nan,,0,b003_d10_e00,3,0.1,0,0.517857,0.257246,0.129271,0.404624,-0.320827,0.354146,1.13167,0,1,1,1,nan,0.0218908,0.0437815,1.35974e-16,0.000229497,5.0266e-16,0.0218908,0.000114748,1.0024,1.0024,1.0024,0,0,nan,,,nan,nan,,,,,,,,,,,,,0,1,4.00595,current,0.0655705,,0,,nan,
golem_ik,kinematic,golem_ik,nan,,0,b003_d10_e10,3,0.1,0.1,0.615706,0.277877,0.129271,0.496591,-0.360095,0.354146,1.13167,0,0,0,1,nan,0.0655023,0.131005,2.10822e-11,0.000150157,2.75941e-12,0.0655023,7.50786e-05,1.0024,1.0024,1.0024,0,0,nan,,,nan,nan,,,,,,,,,,,,,0,1,4.01374,current,0.0698312,,0,,nan,
golem_ik,kinematic,golem_ik,nan,,0,b003_d10_e20,3,0.1,0.2,0.713554,0.298508,0.129271,0.588558,-0.399363,0.354146,1.13167,0,0,0,0,nan,0.142911,0.221363,0.0644581,0.000430376,0.00134416,0.142911,0.000887268,1.0024,1.0024,1.0024,0,0,nan,,,nan,nan,,,,,,,,,,,,,0,1,4.00852,home,0.0731236,,0,,nan,
golem_ik,kinematic,golem_ik,nan,,0,b003_d20_e00,3,0.2,0,0.517857,0.257246,0.0292706,0.404624,-0.320827,0.254146,1.03167,0,0,0,1,nan,0.0505009,0.101002,0,0.00125726,6.82076e-17,0.0505009,0.000628632,1.0024,1.0024,1.0024,0,0,nan,,,nan,nan,,,,,,,,,,,,,0,1,4.00559,home,0.0601843,,0,,nan,
golem_ik,kinematic,golem_ik,nan,,0,b003_d20_e10,3,0.2,0.1,0.615706,0.277877,0.0292706,0.496591,-0.360095,0.254146,1.03167,0,0,0,1,nan,0.0908099,0.181361,0.00025865,0.0014213,1.57802e-05,0.0908099,0.00071854,1.0024,1.0024,1.0024,0,0,nan,,,nan,nan,,,,,,,,,,,,,0,1,4.00527,arms_front_45,0.0646139,,0,,nan,
golem_ik,kinematic,golem_ik,nan,,0,b003_d20_e20,3,0.2,0.2,0.713554,0.298508,0.0292706,0.588558,-0.399363,0.254146,1.03167,0,0,0,0,nan,0.175651,0.266106,0.0851948,0.0011077,0.00145723,0.175651,0.00128247,1.0024,1.0024,1.0024,0,0,nan,,,nan,nan,,,,,,,,,,,,,0,1,4.00667,current,0.0682529,,0,,nan,
golem_ik,kinematic,golem_ik,nan,,0,b003_d30_e00,3,0.3,0,0.517857,0.257246,-0.0707294,0.404624,-0.320827,0.154146,0.931671,0,0,0,1,nan,0.0838775,0.167755,6.25283e-11,0.00303844,9.76074e-12,0.0838775,0.00151922,1.0024,1.0024,1.0024,0,0,nan,,,nan,nan,,,,,,,,,,,,,0,1,4.00708,home,0.056001,,0,,nan,
golem_ik,kinematic,golem_ik,nan,,0,b003_d30_e10,3,0.3,0.1,0.615706,0.277877,-0.0707294,0.496591,-0.360095,0.154146,0.931671,0,0,0,1,nan,0.136187,0.241297,0.0310774,0.00322787,0.000287929,0.136187,0.0017579,1.0024,1.0024,1.0024,0,0,nan,,,nan,nan,,,,,,,,,,,,,0,1,4.00619,arms_front_45,0.0603058,,0,,nan,
golem_ik,kinematic,golem_ik,nan,,0,b003_d30_e20,3,0.3,0.2,0.713554,0.298508,-0.0707294,0.588558,-0.399363,0.154146,0.931671,0,0,0,0,nan,0.220185,0.320172,0.120199,0.00301532,0.00159158,0.220185,0.00230345,1.0024,1.0024,1.0024,0,0,nan,,,nan,nan,,,,,,,,,,,,,0,1,4.0099,home,0.0640471,,0,,nan,
golem_ik,kinematic,golem_ik,nan,,0,b003_d40_e00,3,0.4,0,0.517857,0.257246,-0.170729,0.404624,-0.320827,0.0541465,0.831671,1,0,0,1,nan,0.125711,0.241609,0.00981401,0.0054231,0.000221594,0.125711,0.00282235,1.0024,1.0024,1.0024,0,0,nan,,,nan,nan,,,,,,,,,,,,,0,1,4.00667,arms_front_45,0.0526959,,0,,nan,
golem_ik,kinematic,golem_ik,nan,,0,b003_d40_e10,3,0.4,0.1,0.615706,0.277877,-0.170729,0.496591,-0.360095,0.0541465,0.831671,1,0,0,0,nan,0.196838,0.308789,0.0848872,0.00550288,0.000540542,0.196838,0.00302171,1.0024,1.0024,1.0024,0,0,nan,,,nan,nan,,,,,,,,,,,,,0,1,4.01606,arms_front_45,0.0568112,,0,,nan,
golem_ik,kinematic,golem_ik,nan,,0,b003_d40_e20,3,0.4,0.2,0.713554,0.298508,-0.170729,0.588558,-0.399363,0.0541465,0.831671,1,0,0,0,nan,0.274674,0.381921,0.167427,0.00526982,0.00159684,0.274674,0.00343333,1.0024,1.0024,1.0024,0,0,nan,,,nan,nan,,,,,,,,,,,,,0,1,4.00756,home,0.0604928,,0,,nan,
golem_ik,kinematic,golem_ik,nan,,0,b003_d50_e00,3,0.5,0,0.517857,0.257246,-0.270729,0.404624,-0.320827,-0.0458535,0.731671,1,0,0,0,nan,0.200305,0.320724,0.079886,0.00823297,0.000132733,0.200305,0.00418285,1.0024,1.0024,1.0024,0,0,nan,,,nan,nan,,,,,,,,,,,,,0,1,4.01282,current,0.0503271,,0,,nan,
golem_ik,kinematic,golem_ik,nan,,0,b003_d50_e10,3,0.5,0.1,0.615706,0.277877,-0.270729,0.496591,-0.360095,-0.0458535,0.731671,1,0,0,0,nan,0.265534,0.382176,0.148892,0.00813591,0.000480126,0.265534,0.00430802,1.0024,1.0024,1.0024,0,0,nan,,,nan,nan,,,,,,,,,,,,,0,1,4.00647,home,0.0540891,,0,,nan,
golem_ik,kinematic,golem_ik,nan,,0,b003_d50_e20,3,0.5,0.2,0.713554,0.298508,-0.270729,0.588558,-0.399363,-0.0458535,0.731671,1,0,0,0,nan,0.337298,0.449924,0.224671,0.00781073,0.00137561,0.337298,0.00459317,1.0024,1.0024,1.0024,0,0,nan,,,nan,nan,,,,,,,,,,,,,0,1,4.009,arms_front_45,0.0574486,,0,,nan,
golem_ik,kinematic,golem_ik,nan,,0,b003_d60_e00,3,0.6,0,0.517857,0.257246,-0.370729,0.404624,-0.320827,-0.145854,0.631671,1,0,0,0,nan,0.281185,0.403865,0.158504,0.0253699,0.000573807,0.281185,0.0129719,1.0024,1.0024,1.0024,0,0,nan,,,nan,nan,,,,,,,,,,,,,0,1,4.00856,home,0.0474359,,0,,nan,
golem_ik,kinematic,golem_ik,nan,,0,b003_d60_e10,3,0.6,0.1,0.615706,0.277877,-0.370729,0.496591,-0.360095,-0.145854,0.631671,1,0,0,0,nan,0.340357,0.460176,0.220537,0.0110193,0.000178613,0.340357,0.00559894,1.0024,1.0024,1.0024,0,0,nan,,,nan,nan,,,,,,,,,,,,,0,1,4.00689,arms_front_45,0.0517322,,0,,nan,
golem_ik,kinematic,golem_ik,nan,,0,b003_d60_e20,3,0.6,0.2,0.713554,0.298508,-0.370729,0.588558,-0.399363,-0.145854,0.631671,1,0,0,0,nan,0.406443,0.522974,0.289912,0.0105644,0.000917618,0.406443,0.005741,1.0024,1.0024,1.0024,0,0,nan,,,nan,nan,,,,,,,,,,,,,0,1,4.00784,arms_front_45,0.054953,,0,,nan,
golem_ik,kinematic,golem_ik,nan,,0,b003_d70_e00,3,0.7,0,0.517857,0.257246,-0.470729,0.404624,-0.320827,-0.245854,0.531671,1,0,0,0,nan,0.366098,0.490271,0.241926,0.0441175,0.00138487,0.366098,0.0227512,1.0024,1.0024,1.0024,0,0,nan,,,nan,nan,,,,,,,,,,,,,0,1,4.00873,current,0.0452369,,0,,nan,
golem_ik,kinematic,golem_ik,nan,,0,b003_d70_e10,3,0.7,0.1,0.615706,0.277877,-0.470729,0.496591,-0.360095,-0.245854,0.531671,1,0,0,0,nan,0.419826,0.541738,0.297914,0.0208991,0.000809341,0.419826,0.0108542,1.0024,1.0024,1.0024,0,0,nan,,,nan,nan,,,,,,,,,,,,,0,1,4.00968,home,0.0496573,,0,,nan,
golem_ik,kinematic,golem_ik,nan,,0,b003_d70_e20,3,0.7,0.2,0.713554,0.298508,-0.470729,0.588558,-0.399363,-0.245854,0.531671,1,0,0,0,nan,0.480774,0.600104,0.361445,0.0134926,0.000618553,0.480774,0.00705556,1.0024,1.0024,1.0024,0,0,nan,,,nan,nan,,,,,,,,,,,,,0,1,4.00757,arms_front_45,0.0528468,,0,,nan,
golem_ik,kinematic,golem_ik,nan,,0,b003_d80_e00,3,0.8,0,0.517857,0.257246,-0.570729,0.404624,-0.320827,-0.345854,0.431671,1,0,0,0,nan,0.45392,0.579043,0.328796,0.0623133,0.00256541,0.45392,0.0324394,1.0024,1.0024,1.0024,0,0,nan,,,nan,nan,,,,,,,,,,,,,0,1,4.0115,current,0.0435949,,0,,nan,
golem_ik,kinematic,golem_ik,nan,,0,b003_d80_e10,3,0.8,0.1,0.615706,0.277877,-0.570729,0.496591,-0.360095,-0.345854,0.431671,1,0,0,0,nan,0.502938,0.626278,0.379598,0.0400084,0.00199705,0.502938,0.0210027,1.0024,1.0024,1.0024,0,0,nan,,,nan,nan,,,,,,,,,,,,,0,1,4.01006,home,0.0474853,,0,,nan,
golem_ik,kinematic,golem_ik,nan,,0,b003_d80_e20,3,0.8,0.2,0.713554,0.298508,-0.570729,0.588558,-0.399363,-0.345854,0.431671,1,0,0,0,nan,0.55923,0.680539,0.437921,0.0166195,0.001634,0.55923,0.00912677,1.0024,1.0024,1.0024,0,0,nan,,,nan,nan,,,,,,,,,,,,,0,1,4.01534,home,0.051163,,0,,nan,
golem_ik,kinematic,golem_ik,nan,,0,b003_d90_e00,3,0.9,0,0.517857,0.257246,-0.670729,0.404624,-0.320827,-0.445854,0.331671,1,0,0,0,nan,0.544686,0.669778,0.419595,0.0792102,0.0116232,0.544686,0.0454167,1.0024,1.0024,1.0024,0,0,nan,,,nan,nan,,,,,,,,,,,,,0,1,4.01871,current,0.0419638,,0,,nan,
golem_ik,kinematic,golem_ik,nan,,0,b003_d90_e10,3,0.9,0.1,0.615706,0.277877,-0.670729,0.496591,-0.360095,-0.445854,0.331671,1,0,0,0,nan,0.588888,0.713217,0.464559,0.0576809,0.00350938,0.588888,0.0305951,1.0024,1.0024,1.0024,0,0,nan,,,nan,nan,,,,,,,,,,,,,0,1,4.01012,current,0.0457826,,0,,nan,
golem_ik,kinematic,golem_ik,nan,,0,b003_d90_e20,3,0.9,0.2,0.713554,0.298508,-0.670729,0.588558,-0.399363,-0.445854,0.331671,1,0,0,0,nan,0.640966,0.763628,0.518304,0.0334042,0.00355998,0.640966,0.0184821,1.0024,1.0024,1.0024,0,0,nan,,,nan,nan,,,,,,,,,,,,,0,1,4.00754,current,0.0492192,,0,,nan,
golem_ik,kinematic,golem_ik,nan,,0,b003_d100_e00,3,1,0,0.517857,0.257246,-0.770729,0.404624,-0.320827,-0.545854,0.231671,1,0,0,0,nan,0.635512,0.761506,0.509519,0.0945936,0.0062247,0.635512,0.0504091,1.0024,1.0024,1.0024,0,0,nan,,,nan,nan,,,,,,,,,,,,,0,1,4.00872,home,0.0414229,,0,,nan,
golem_ik,kinematic,golem_ik,nan,,0,b003_d100_e10,3,1,0.1,0.615706,0.277877,-0.770729,0.496591,-0.360095,-0.545854,0.231671,1,0,0,0,nan,0.677058,0.802037,0.552079,0.0735743,0.00581816,0.677058,0.0396962,1.0024,1.0024,1.0024,0,0,nan,,,nan,nan,,,,,,,,,,,,,0,1,4.00508,home,0.0444276,,0,,nan,
golem_ik,kinematic,golem_ik,nan,,0,b003_d100_e20,3,1,0.2,0.713554,0.298508,-0.770729,0.588558,-0.399363,-0.545854,0.231671,1,0,0,0,nan,0.725416,0.849058,0.601773,0.0501601,0.00582317,0.725416,0.0279916,1.0024,1.0024,1.0024,0,0,nan,,,nan,nan,,,,,,,,,,,,,0,1,4.0097,home,0.0475252,,0,,nan,
golem_ik,kinematic,golem_ik,nan,,0,b004_d00_e00,4,0,0,0.301138,0.00301273,0.55551,0.351773,-0.211507,0.466139,1.46854,0,1,1,1,nan,0.00790849,0.00787706,0.00793991,0.00237068,0.00264979,0.00790849,0.00251024,1.0024,1.0024,1.0024,0,0,nan,,,nan,nan,,,,,,,,,,,,,0,1,4.01334,t_pose,0.0152816,,0,,nan,
golem_ik,kinematic,golem_ik,nan,,0,b004_d00_e10,4,0,0.1,0.391231,-0.0403822,0.55551,0.450185,-0.229257,0.466139,1.46854,0,1,1,1,nan,0.00753825,0.0122109,0.00286557,0.00197623,0.000973942,0.00753825,0.00147508,1.0024,1.0024,1.0024,0,0,nan,,,nan,nan,,,,,,,,,,,,,0,1,4.01007,t_pose,0.0137395,,0,,nan,
golem_ik,kinematic,golem_ik,nan,,0,b004_d00_e20,4,0,0.2,0.481325,-0.0837771,0.55551,0.548597,-0.247006,0.466139,1.46854,0,0,1,0,nan,0.0484218,0.0271458,0.0696978,0.00349455,0.0428066,0.0484218,0.0231506,1.0024,1.0024,1.0024,0,0,nan,,,nan,nan,,,,,,,,,,,,,0,1,4.01019,current,0.0142851,,0,,nan,
golem_ik,kinematic,golem_ik,nan,,0,b004_d10_e00,4,0.1,0,0.301138,0.00301273,0.45551,0.351773,-0.211507,0.366139,1.36854,0,1,1,1,nan,0.00982472,0.00982184,0.0098276,0.00296798,0.00328104,0.00982472,0.00312451,1.0024,1.0024,1.0024,0,0,nan,,,nan,nan,,,,,,,,,,,,,0,1,4.00805,current,0.0192558,,0,,nan,
golem_ik,kinematic,golem_ik,nan,,0,b004_d10_e10,4,0.1,0.1,0.391231,-0.0403822,0.45551,0.450185,-0.229257,0.366139,1.36854,0,1,1,1,nan,0.00699664,0.00699332,0.00699996,0.00198343,0.00227099,0.00699664,0.00212721,1.0024,1.0024,1.0024,0,0,nan,,,nan,nan,,,,,,,,,,,,,0,1,3.80172,home,0.0190564,,1,,nan,
golem_ik,kinematic,golem_ik,nan,,0,b004_d10_e20,4,0.1,0.2,0.481325,-0.0837771,0.45551,0.548597,-0.247006,0.366139,1.36854,0,0,1,0,nan,0.0442814,0.028456,0.0601068,0.00137709,0.0398099,0.0442814,0.0205935,1.0024,1.0024,1.0024,0,0,nan,,,nan,nan,,,,,,,,,,,,,0,1,4.00537,home,0.0270222,,0,,nan,
golem_ik,kinematic,golem_ik,nan,,0,b004_d20_e00,4,0.2,0,0.301138,0.00301273,0.35551,0.351773,-0.211507,0.266139,1.26854,0,1,1,1,nan,0.010274,0.0102746,0.0102733,0.00311671,0.00344268,0.010274,0.00327969,1.0024,1.0024,1.0024,0,0,nan,,,nan,nan,,,,,,,,,,,,,0,1,4.00484,home,0.02019,,0,,nan,
golem_ik,kinematic,golem_ik,nan,,0,b004_d20_e10,4,0.2,0.1,0.391231,-0.0403822,0.35551,0.450185,-0.229257,0.266139,1.26854,0,1,1,1,nan,0.00704441,0.00703959,0.00704923,0.00199563,0.00228391,0.00704441,0.00213977,1.0024,1.0024,1.0024,0,0,nan,,,nan,nan,,,,,,,,,,,,,0,1,4.00831,home,0.0191547,,0,,nan,
golem_ik,kinematic,golem_ik,nan,,0,b004_d20_e20,4,0.2,0.2,0.481325,-0.0837771,0.35551,0.548597,-0.247006,0.266139,1.26854,0,0,1,0,nan,0.0428191,0.0276254,0.0580127,0.000363051,0.0319468,0.0428191,0.0161549,1.0024,1.0024,1.0024,0,0,nan,,,nan,nan,,,,,,,,,,,,,0,1,4.01162,home,0.0167453,,0,,nan,
golem_ik,kinematic,golem_ik,nan,,0,b004_d30_e00,4,0.3,0,0.301138,0.00301273,0.25551,0.351773,-0.211507,0.166139,1.16854,0,1,1,1,nan,0.0100992,0.010098,0.0101004,0.00305773,0.00337778,0.0100992,0.00321775,1.0024,1.0024,1.0024,0,0,nan,,,nan,nan,,,,,,,,,,,,,0,1,4.00304,current,0.0198262,,0,,nan,
golem_ik,kinematic,golem_ik,nan,,0,b004_d30_e10,4,0.3,0.1,0.391231,-0.0403822,0.25551,0.450185,-0.229257,0.166139,1.16854,0,1,1,1,nan,0.00722037,0.00720888,0.00723186,0.00204543,0.00233828,0.00722037,0.00219186,1.0024,1.0024,1.0024,0,0,nan,,,nan,nan,,,,,,,,,,,,,0,1,4.00907,current,0.0195181,,0,,nan,
golem_ik,kinematic,golem_ik,nan,,0,b004_d30_e20,4,0.3,0.2,0.481325,-0.0837771,0.25551,0.548597,-0.247006,0.166139,1.16854,0,0,1,0,nan,0.0624764,0.046514,0.0784387,0.00142075,0.0332116,0.0624764,0.0173162,1.0024,1.0024,1.0024,0,0,nan,,,nan,nan,,,,,,,,,,,,,0,1,4.00962,arms_front_45,0.0171276,,0,,nan,
golem_ik,kinematic,golem_ik,nan,,0,b004_d40_e00,4,0.4,0,0.301138,0.00301273,0.15551,0.351773,-0.211507,0.0661387,1.06854,0,1,1,1,nan,0.00932018,0.00926424,0.00937611,0.00276616,0.0030517,0.00932018,0.00290893,1.0024,1.0024,1.0024,0,0,nan,,,nan,nan,,,,,,,,,,,,,0,1,4.01091,arms_front_45,0.0181971,,0,,nan,
golem_ik,kinematic,golem_ik,nan,,0,b004_d40_e10,4,0.4,0.1,0.391231,-0.0403822,0.15551,0.450185,-0.229257,0.0661387,1.06854,0,1,1,1,nan,0.0342432,0.0327843,0.0357021,0.00946333,0.0127783,0.0342432,0.0111208,1.0024,1.0024,1.0024,0,0,nan,,,nan,nan,,,,,,,,,,,,,0,1,4.0073,arms_front_45,0.0190698,,0,,nan,
golem_ik,kinematic,golem_ik,nan,,0,b004_d40_e20,4,0.4,0.2,0.481325,-0.0837771,0.15551,0.548597,-0.247006,0.0661387,1.06854,0,0,0,0,nan,0.1008,0.0846105,0.116989,0.00633156,0.0309276,0.1008,0.0186296,1.0024,1.0024,1.0024,0,0,nan,,,nan,nan,,,,,,,,,,,,,0,1,4.01003,current,0.0131727,,0,,nan,
golem_ik,kinematic,golem_ik,nan,,0,b004_d50_e00,4,0.5,0,0.301138,0.00301273,0.0555097,0.351773,-0.211507,-0.0338613,0.968539,0,1,1,1,nan,0.0400494,0.0455034,0.0345954,0.014218,0.0147736,0.0400494,0.0144958,1.0024,1.0024,1.0024,0,0,nan,,,nan,nan,,,,,,,,,,,,,0,1,4.00702,home,0.016562,,0,,nan,
golem_ik,kinematic,golem_ik,nan,,0,b004_d50_e10,4,0.5,0.1,0.391231,-0.0403822,0.0555097,0.450185,-0.229257,-0.0338613,0.968539,0,0,0,0,nan,0.0937671,0.087245,0.100289,0.0160631,0.0353369,0.0937671,0.0257,1.0024,1.0024,1.0024,0,0,nan,,,nan,nan,,,,,,,,,,,,,0,1,4.00797,arms_front_45,0.0203045,,0,,nan,
golem_ik,kinematic,golem_ik,nan,,0,b004_d50_e20,4,0.5,0.2,0.481325,-0.0837771,0.0555097,0.548597,-0.247006,-0.0338613,0.968539,0,0,0,0,nan,0.156107,0.139858,0.172356,0.00762639,0.0382892,0.156107,0.0229578,1.0024,1.0024,1.0024,0,0,nan,,,nan,nan,,,,,,,,,,,,,0,1,4.00805,arms_front_45,0.0112056,,0,,nan,
golem_ik,kinematic,golem_ik,nan,,0,b004_d60_e00,4,0.6,0,0.301138,0.00301273,-0.0444903,0.351773,-0.211507,-0.133861,0.868539,1,0,0,0,nan,0.116112,0.113006,0.119219,0.0348516,0.0506557,0.116112,0.0427536,1.0024,1.0024,1.0024,0,0,nan,,,nan,nan,,,,,,,,,,,,,0,1,4.00974,home,0.0170212,,0,,nan,
golem_ik,kinematic,golem_ik,nan,,0,b004_d60_e10,4,0.6,0.1,0.391231,-0.0403822,-0.0444903,0.450185,-0.229257,-0.133861,0.868539,1,0,0,0,nan,0.163515,0.154407,0.172622,0.0129928,0.0625532,0.163515,0.037773,1.0024,1.0024,1.0024,0,0,nan,,,nan,nan,,,,,,,,,,,,,0,1,4.00893,arms_front_45,0.0141208,,0,,nan,
golem_ik,kinematic,golem_ik,nan,,0,b004_d60_e20,4,0.6,0.2,0.481325,-0.0837771,-0.0444903,0.548597,-0.247006,-0.133861,0.868539,1,0,0,0,nan,0.224121,0.209777,0.238465,0.00717939,0.0766049,0.224121,0.0418922,1.0024,1.0024,1.0024,0,0,nan,,,nan,nan,,,,,,,,,,,,,0,1,4.01026,home,0.0172581,,0,,nan,
golem_ik,kinematic,golem_ik,nan,,0,b004_d70_e00,4,0.7,0,0.301138,0.00301273,-0.14449,0.351773,-0.211507,-0.233861,0.768539,1,0,0,0,nan,0.196637,0.182056,0.211219,0.00663814,0.0699294,0.196637,0.0382838,1.0024,1.0024,1.0024,0,0,nan,,,nan,nan,,,,,,,,,,,,,0,1,4.0136,arms_front_45,0.0175975,,0,,nan,
golem_ik,kinematic,golem_ik,nan,,0,b004_d70_e10,4,0.7,0.1,0.391231,-0.0403822,-0.14449,0.450185,-0.229257,-0.233861,0.768539,1,0,0,0,nan,0.245297,0.231601,0.258994,0.0176549,0.0808719,0.245297,0.0492634,1.0024,1.0024,1.0024,0,0,nan,,,nan,nan,,,,,,,,,,,,,0,1,4.02034,current,0.0172708,,0,,nan,
golem_ik,kinematic,golem_ik,nan,,0,b004_d70_e20,4,0.7,0.2,0.481325,-0.0837771,-0.14449,0.548597,-0.247006,-0.233861,0.768539,1,0,0,0,nan,0.304686,0.291968,0.317404,0.0321969,0.110597,0.304686,0.071397,1.0024,1.0024,1.0024,0,0,nan,,,nan,nan,,,,,,,,,,,,,0,1,4.01022,home,0.0188192,,0,,nan,
golem_ik,kinematic,golem_ik,nan,,0,b004_d80_e00,4,0.8,0,0.301138,0.00301273,-0.24449,0.351773,-0.211507,-0.333861,0.668539,1,0,0,0,nan,0.278908,0.260962,0.296854,0.029467,0.0882138,0.278908,0.0588404,1.0024,1.0024,1.0024,0,0,nan,,,nan,nan,,,,,,,,,,,,,0,1,4.00971,home,0.0121992,,0,,nan,
golem_ik,kinematic,golem_ik,nan,,0,b004_d80_e10,4,0.8,0.1,0.391231,-0.0403822,-0.24449,0.450185,-0.229257,-0.333861,0.668539,1,0,0,0,nan,0.326616,0.310731,0.342501,0.0125246,0.0960033,0.326616,0.054264,1.0024,1.0024,1.0024,0,0,nan,,,nan,nan,,,,,,,,,,,,,0,1,4.00939,arms_front_45,0.0191549,,0,,nan,
golem_ik,kinematic,golem_ik,nan,,0,b004_d80_e20,4,0.8,0.2,0.481325,-0.0837771,-0.24449,0.548597,-0.247006,-0.333861,0.668539,1,0,0,0,nan,0.38014,0.364345,0.395935,0.0196659,0.115139,0.38014,0.0674024,1.0024,1.0024,1.0024,0,0,nan,,,nan,nan,,,,,,,,,,,,,0,1,4.00786,home,0.0179012,,0,,nan,
golem_ik,kinematic,golem_ik,nan,,0,b004_d90_e00,4,0.9,0,0.301138,0.00301273,-0.34449,0.351773,-0.211507,-0.433861,0.568539,1,0,0,0,nan,0.370346,0.350408,0.390285,0.0418068,0.149349,0.370346,0.0955781,1.0024,1.0024,1.0024,0,0,nan,,,nan,nan,,,,,,,,,,,,,0,1,4.01288,current,0.0156566,,0,,nan,
golem_ik,kinematic,golem_ik,nan,,0,b004_d90_e10,4,0.9,0.1,0.391231,-0.0403822,-0.34449,0.450185,-0.229257,-0.433861,0.568539,1,0,0,0,nan,0.411406,0.394784,0.428028,0.0260872,0.101519,0.411406,0.0638033,1.0024,1.0024,1.0024,0,0,nan,,,nan,nan,,,,,,,,,,,,,0,1,4.00966,arms_front_45,0.0181285,,0,,nan,
golem_ik,kinematic,golem_ik,nan,,0,b004_d90_e20,4,0.9,0.2,0.481325,-0.0837771,-0.34449,0.548597,-0.247006,-0.433861,0.568539,1,0,0,0,nan,0.460204,0.443663,0.476746,0.0132608,0.113351,0.460204,0.0633059,1.0024,1.0024,1.0024,0,0,nan,,,nan,nan,,,,,,,,,,,,,0,1,4.00889,arms_front_45,0.0146008,,0,,nan,
golem_ik,kinematic,golem_ik,nan,,0,b004_d100_e00,4,1,0,0.301138,0.00301273,-0.44449,0.351773,-0.211507,-0.533861,0.468539,1,0,0,0,nan,0.466846,0.411346,0.522345,0.283321,0.0856562,0.466846,0.184488,1.0024,1.0024,1.0024,0,0,nan,,,nan,nan,,,,,,,,,,,,,0,1,4.00629,arms_front_45,0.0133674,,0,,nan,
golem_ik,kinematic,golem_ik,nan,,0,b004_d100_e10,4,1,0.1,0.391231,-0.0403822,-0.44449,0.450185,-0.229257,-0.533861,0.468539,1,0,0,0,nan,0.49933,0.482068,0.516593,0.0304989,0.123422,0.49933,0.0769607,1.0024,1.0024,1.0024,0,0,nan,,,nan,nan,,,,,,,,,,,,,0,1,4.0091,arms_front_45,0.0157994,,0,,nan,
golem_ik,kinematic,golem_ik,nan,,0,b004_d100_e20,4,1,0.2,0.481325,-0.0837771,-0.44449,0.548597,-0.247006,-0.533861,0.468539,1,0,0,0,nan,0.544911,0.527713,0.56211,0.0275499,0.134426,0.544911,0.0809881,1.0024,1.0024,1.0024,0,0,nan,,,nan,nan,,,,,,,,,,,,,0,1,4.01414,current,0.0184162,,0,,nan,
golem_ik,kinematic,golem_ik,nan,,0,b005_d00_e00,5,0,0,0.368667,0.470579,0.722734,0.442714,0.0450648,0.64607,1.64847,0,1,1,1,nan,9.8342e-06,7.28007e-06,1.23883e-05,8.27392e-06,1.12205e-05,9.8342e-06,9.74723e-06,1.0024,1.0024,1.0024,0,0,nan,,,nan,nan,,,,,,,,,,,,,0,1,0.179806,home,0.0240225,,0,,nan,
golem_ik,kinematic,golem_ik,nan,,0,b005_d00_e10,5,0,0.1,0.443931,0.536422,0.722734,0.534373,0.0850488,0.64607,1.64847,0,0,0,0,nan,0.0723448,0.0607046,0.0839851,0.000819905,0.000509181,0.0723448,0.000664543,1.0024,1.0024,1.0024,0,0,nan,,,nan,nan,,,,,,,,,,,,,0,1,4.01035,arms_front_45,0.0194845,,0,,nan,
golem_ik,kinematic,golem_ik,nan,,0,b005_d00_e20,5,0,0.2,0.519195,0.602265,0.722734,0.626031,0.125033,0.64607,1.64847,0,0,0,0,nan,0.164558,0.150772,0.178345,0.00173119,0.00028173,0.164558,0.00100646,1.0024,1.0024,1.0024,0,0,nan,,,nan,nan,,,,,,,,,,,,,0,1,4.01377,arms_front_45,0.0202171,,0,,nan,
golem_ik,kinematic,golem_ik,nan,,0,b005_d10_e00,5,0.1,0,0.368667,0.470579,0.622734,0.442714,0.0450648,0.54607,1.54847,0,1,1,1,nan,4.01256e-05,8.02503e-05,9.42625e-10,0.000234681,1.1257e-10,4.01256e-05,0.000117341,1.0024,1.0024,1.0024,0,0,nan,,,nan,nan,,,,,,,,,,,,,0,1,0.322599,home,0.0387214,,0,,nan,
golem_ik,kinematic,golem_ik,nan,,0,b005_d10_e10,5,0.1,0.1,0.443931,0.536422,0.622734,0.534373,0.0850488,0.54607,1.54847,0,0,1,0,nan,0.0398533,0.0214994,0.0582072,0.000170335,0.000344108,0.0398533,0.000257221,1.0024,1.0024,1.0024,0,0,nan,,,nan,nan,,,,,,,,,,,,,0,1,4.00697,arms_front_45,0.020044,,0,,nan,
golem_ik,kinematic,golem_ik,nan,,0,b005_d10_e20,5,0.1,0.2,0.519195,0.602265,0.622734,0.626031,0.125033,0.54607,1.54847,0,0,0,0,nan,0.136441,0.116831,0.156051,0.000765134,0.00119719,0.136441,0.00098116,1.0024,1.0024,1.0024,0,0,nan,,,nan,nan,,,,,,,,,,,,,0,1,4.00974,current,0.0199093,,0,,nan,
golem_ik,kinematic,golem_ik,nan,,0,b005_d20_e00,5,0.2,0,0.368667,0.470579,0.522734,0.442714,0.0450648,0.44607,1.44847,0,1,1,1,nan,0.000248463,0.000215737,0.000281188,0.000345618,0.000240104,0.000248463,0.000292861,1.0024,1.0024,1.0024,0,0,nan,,,nan,nan,,,,,,,,,,,,,0,1,0.160408,home,0.0475616,,0,,nan,
golem_ik,kinematic,golem_ik,nan,,0,b005_d20_e10,5,0.2,0.1,0.443931,0.536422,0.522734,0.534373,0.0850488,0.44607,1.44847,0,1,1,1,nan,0.0245865,1.12017e-07,0.049173,2.88482e-09,0.000794867,0.0245865,0.000397435,1.0024,1.0024,1.0024,0,0,nan,,,nan,nan,,,,,,,,,,,,,0,1,4.01603,arms_front_45,0.0226897,,0,,nan,
golem_ik,kinematic,golem_ik,nan,,0,b005_d20_e20,5,0.2,0.2,0.519195,0.602265,0.522734,0.626031,0.125033,0.44607,1.44847,0,0,0,0,nan,0.122626,0.0966146,0.148638,9.66295e-05,0.00230796,0.122626,0.00120229,1.0024,1.0024,1.0024,0,0,nan,,,nan,nan,,,,,,,,,,,,,0,1,4.0058,arms_front_45,0.0229844,,0,,nan,
golem_ik,kinematic,golem_ik,nan,,0,b005_d30_e00,5,0.3,0,0.368667,0.470579,0.422734,0.442714,0.0450648,0.34607,1.34847,0,1,1,1,nan,0.000178141,1.23637e-05,0.000343918,6.90481e-06,0.000318193,0.000178141,0.000162549,1.0024,1.0024,1.0024,0,0,nan,,,nan,nan,,,,,,,,,,,,,0,1,0.149234,home,0.0509192,,0,,nan,
golem_ik,kinematic,golem_ik,nan,,0,b005_d30_e10,5,0.3,0.1,0.443931,0.536422,0.422734,0.534373,0.0850488,0.34607,1.34847,0,0,1,0,nan,0.0293482,1.35737e-10,0.0586965,6.47002e-12,0.00200232,0.0293482,0.00100116,1.0024,1.0024,1.0024,0,0,nan,,,nan,nan,,,,,,,,,,,,,0,1,4.00175,t_pose,0.031278,,0,,nan,
golem_ik,kinematic,golem_ik,nan,,0,b005_d30_e20,5,0.3,0.2,0.519195,0.602265,0.422734,0.626031,0.125033,0.34607,1.34847,0,0,0,0,nan,0.123993,0.0914329,0.156554,0.000441047,0.00369229,0.123993,0.00206667,1.0024,1.0024,1.0024,0,0,nan,,,nan,nan,,,,,,,,,,,,,0,1,4.00881,arms_front_45,0.0310992,,0,,nan,
golem_ik,kinematic,golem_ik,nan,,0,b005_d40_e00,5,0.4,0,0.368667,0.470579,0.322734,0.442714,0.0450648,0.24607,1.24847,0,1,1,1,nan,0.000362543,4.51692e-15,0.000725085,7.70293e-16,0.00014608,0.000362543,7.30398e-05,1.0024,1.0024,1.0024,0,0,nan,,,nan,nan,,,,,,,,,,,,,0,1,0.172204,home,0.0402826,,0,,nan,
golem_ik,kinematic,golem_ik,nan,,0,b005_d40_e10,5,0.4,0.1,0.443931,0.536422,0.322734,0.534373,0.0850488,0.24607,1.24847,0,0,1,0,nan,0.0453948,0.00383175,0.0869579,4.47452e-05,0.011579,0.0453948,0.00581189,1.0024,1.0024,1.0024,0,0,nan,,,nan,nan,,,,,,,,,,,,,0,1,4.01004,arms_front_45,0.0432145,,0,,nan,
golem_ik,kinematic,golem_ik,nan,,0,b005_d40_e20,5,0.4,0.2,0.519195,0.602265,0.322734,0.626031,0.125033,0.24607,1.24847,0,0,0,0,nan,0.140367,0.101655,0.17908,0.00106605,0.0148225,0.140367,0.00794429,1.0024,1.0024,1.0024,0,0,nan,,,nan,nan,,,,,,,,,,,,,0,1,4.01169,t_pose,0.0392142,,0,,nan,
golem_ik,kinematic,golem_ik,nan,,0,b005_d50_e00,5,0.5,0,0.368667,0.470579,0.222734,0.442714,0.0450648,0.14607,1.14847,0,0,1,0,nan,0.0268266,0,0.0536531,5.42682e-16,0.015916,0.0268266,0.00795799,1.0024,1.0024,1.0024,0,0,nan,,,nan,nan,,,,,,,,,,,,,0,1,4.00076,home,0.0327821,,0,,nan,
golem_ik,kinematic,golem_ik,nan,,0,b005_d50_e10,5,0.5,0.1,0.443931,0.536422,0.222734,0.534373,0.0850488,0.14607,1.14847,0,0,1,0,nan,0.082152,0.0329668,0.131337,0.000596869,0.0285852,0.082152,0.014591,1.0024,1.0024,1.0024,0,0,nan,,,nan,nan,,,,,,,,,,,,,0,1,4.01247,arms_front_45,0.0383352,,0,,nan,
golem_ik,kinematic,golem_ik,nan,,0,b005_d50_e20,5,0.5,0.2,0.519195,0.602265,0.222734,0.626031,0.125033,0.14607,1.14847,0,0,0,0,nan,0.171494,0.126591,0.216398,0.00197374,0.0340482,0.171494,0.018011,1.0024,1.0024,1.0024,0,0,nan,,,nan,nan,,,,,,,,,,,,,0,1,4.01196,t_pose,0.0410678,,0,,nan,
golem_ik,kinematic,golem_ik,nan,,0,b005_d60_e00,5,0.6,0,0.368667,0.470579,0.122734,0.442714,0.0450648,0.0460702,1.04847,0,0,1,0,nan,0.0591114,1.83528e-05,0.118204,4.05975e-06,0.0511664,0.0591114,0.0255852,1.0024,1.0024,1.0024,0,0,nan,,,nan,nan,,,,,,,,,,,,,0,1,4.00783,arms_front_45,0.0266789,,0,,nan,
golem_ik,kinematic,golem_ik,nan,,0,b005_d60_e10,5,0.6,0.1,0.443931,0.536422,0.122734,0.534373,0.0850488,0.0460702,1.04847,0,0,0,0,nan,0.132241,0.0767926,0.187689,0.00174906,0.0524831,0.132241,0.0271161,1.0024,1.0024,1.0024,0,0,nan,,,nan,nan,,,,,,,,,,,,,0,1,4.00972,t_pose,0.0324877,,0,,nan,
golem_ik,kinematic,golem_ik,nan,,0,b005_d60_e20,5,0.6,0.2,0.519195,0.602265,0.122734,0.626031,0.125033,0.0460702,1.04847,0,0,0,0,nan,0.215096,0.164705,0.265487,0.00327541,0.0574511,0.215096,0.0303633,1.0024,1.0024,1.0024,0,0,nan,,,nan,nan,,,,,,,,,,,,,0,1,4.00531,arms_front_45,0.0373235,,0,,nan,
golem_ik,kinematic,golem_ik,nan,,0,b005_d70_e00,5,0.7,0,0.368667,0.470579,0.0227341,0.442714,0.0450648,-0.0539298,0.94847,0,0,0,0,nan,0.12542,0.0580921,0.192749,0.0106294,0.0913201,0.12542,0.0509748,1.0024,1.0024,1.0024,0,0,nan,,,nan,nan,,,,,,,,,,,,,0,1,4.01938,current,0.0295958,,0,,nan,
golem_ik,kinematic,golem_ik,nan,,0,b005_d70_e10,5,0.7,0.1,0.443931,0.536422,0.0227341,0.534373,0.0850488,-0.0539298,0.94847,0,0,0,0,nan,0.192461,0.132661,0.252262,0.0193572,0.0906303,0.192461,0.0549938,1.0024,1.0024,1.0024,0,0,nan,,,nan,nan,,,,,,,,,,,,,0,1,4.00866,current,0.0279129,,0,,nan,
golem_ik,kinematic,golem_ik,nan,,0,b005_d70_e20,5,0.7,0.2,0.519195,0.602265,0.0227341,0.626031,0.125033,-0.0539298,0.94847,0,0,0,0,nan,0.26889,0.21402,0.32376,0.00498555,0.0841407,0.26889,0.0445631,1.0024,1.0024,1.0024,0,0,nan,,,nan,nan,,,,,,,,,,,,,0,1,4.00932,t_pose,0.0323887,,0,,nan,
golem_ik,kinematic,golem_ik,nan,,0,b005_d80_e00,5,0.8,0,0.368667,0.470579,-0.0772659,0.442714,0.0450648,-0.15393,0.84847,1,0,0,0,nan,0.20153,0.131597,0.271464,0.029812,0.132689,0.20153,0.0812505,1.0024,1.0024,1.0024,0,0,nan,,,nan,nan,,,,,,,,,,,,,0,1,4.01173,current,0.0322179,,0,,nan,
golem_ik,kinematic,golem_ik,nan,,0,b005_d80_e10,5,0.8,0.1,0.443931,0.536422,-0.0772659,0.534373,0.0850488,-0.15393,0.84847,1,0,0,0,nan,0.261902,0.199337,0.324467,0.040472,0.129902,0.261902,0.085187,1.0024,1.0024,1.0024,0,0,nan,,,nan,nan,,,,,,,,,,,,,0,1,4.00768,t_pose,0.028126,,0,,nan,
golem_ik,kinematic,golem_ik,nan,,0,b005_d80_e20,5,0.8,0.2,0.519195,0.602265,-0.0772659,0.626031,0.125033,-0.15393,0.84847,1,0,0,0,nan,0.330588,0.27261,0.388567,0.0271754,0.123024,0.330588,0.0750997,1.0024,1.0024,1.0024,0,0,nan,,,nan,nan,,,,,,,,,,,,,0,1,4.00607,current,0.0287301,,0,,nan,
golem_ik,kinematic,golem_ik,nan,,0,b005_d90_e00,5,0.9,0,0.368667,0.470579,-0.177266,0.442714,0.0450648,-0.25393,0.74847,1,0,0,0,nan,0.283343,0.213549,0.353138,0.0583321,0.173061,0.283343,0.115697,1.0024,1.0024,1.0024,0,0,nan,,,nan,nan,,,,,,,,,,,,,0,1,4.00532,t_pose,0.0341526,,0,,nan,
golem_ik,kinematic,golem_ik,nan,,0,b005_d90_e10,5,0.9,0.1,0.443931,0.536422,-0.177266,0.534373,0.0850488,-0.25393,0.74847,1,0,0,0,nan,0.33682,0.272171,0.401469,0.0583811,0.166248,0.33682,0.112314,1.0024,1.0024,1.0024,0,0,nan,,,nan,nan,,,,,,,,,,,,,0,1,4.00425,t_pose,0.0297942,,0,,nan,
golem_ik,kinematic,golem_ik,nan,,0,b005_d90_e20,5,0.9,0.2,0.519195,0.602265,-0.177266,0.626031,0.125033,-0.25393,0.74847,1,0,0,0,nan,0.39954,0.33932,0.45976,0.0473563,0.159355,0.39954,0.103356,1.0024,1.0024,1.0024,0,0,nan,,,nan,nan,,,,,,,,,,,,,0,1,4.01007,t_pose,0.0279007,,0,,nan,
golem_ik,kinematic,golem_ik,nan,,0,b005_d100_e00,5,1,0,0.368667,0.470579,-0.277266,0.442714,0.0450648,-0.35393,0.64847,1,0,0,0,nan,0.366724,0.296258,0.43719,0.0781582,0.210648,0.366724,0.144403,1.0024,1.0024,1.0024,0,0,nan,,,nan,nan,,,,,,,,,,,,,0,1,4.00735,t_pose,0.0346224,,0,,nan,
golem_ik,kinematic,golem_ik,nan,,0,b005_d100_e10,5,1,0.1,0.443931,0.536422,-0.277266,0.534373,0.0850488,-0.35393,0.64847,1,0,0,0,nan,0.415842,0.349873,0.48181,0.0747679,0.200925,0.415842,0.137846,1.0024,1.0024,1.0024,0,0,nan,,,nan,nan,,,,,,,,,,,,,0,1,4.01137,t_pose,0.0313443,,0,,nan,
golem_ik,kinematic,golem_ik,nan,,0,b005_d100_e20,5,1,0.2,0.519195,0.602265,-0.277266,0.626031,0.125033,-0.35393,0.64847,1,0,0,0,nan,0.473631,0.411611,0.53565,0.0649084,0.19117,0.473631,0.128039,1.0024,1.0024,1.0024,0,0,nan,,,nan,nan,,,,,,,,,,,,,0,1,4.00836,t_pose,0.0288986,,0,,nan,
golem_ik,kinematic,golem_ik,nan,,0,b006_d00_e00,6,0,0,0.134488,0.48107,0.230468,0.195907,-0.602885,0.763156,1.23287,0,1,1,1,nan,0.000453607,7.82767e-07,0.000906431,1.90376e-07,0.00131249,0.000453607,0.000656339,1.0024,1.0024,1.0024,0,0,nan,,,nan,nan,,,,,,,,,,,,,0,1,0.162291,home,0.100722,,0,,nan,
golem_ik,kinematic,golem_ik,nan,,0,b006_d00_e10,6,0,0.1,0.171936,0.573794,0.230468,0.235467,-0.694728,0.763156,1.23287,0,0,1,0,nan,0.0358431,5.55112e-17,0.0716862,1.49041e-16,0.000561711,0.0358431,0.000280855,1.0024,1.0024,1.0024,0,0,nan,,,nan,nan,,,,,,,,,,,,,0,1,4.00836,arms_front_45,0.0915214,,0,,nan,
golem_ik,kinematic,golem_ik,nan,,0,b006_d00_e20,6,0,0.2,0.209383,0.666518,0.230468,0.275026,-0.78657,0.763156,1.23287,0,0,0,0,nan,0.108619,0.057832,0.159406,0.0309569,0.0011391,0.108619,0.016048,1.0024,1.0024,1.0024,0,0,nan,,,nan,nan,,,,,,,,,,,,,0,1,4.01059,arms_front_45,0.0824673,,0,,nan,
golem_ik,kinematic,golem_ik,nan,,0,b006_d10_e00,6,0.1,0,0.134488,0.48107,0.130468,0.195907,-0.602885,0.663156,1.13287,0,1,1,1,nan,2.68524e-05,7.75151e-06,4.59533e-05,4.51251e-06,7.11369e-05,2.68524e-05,3.78247e-05,1.0024,1.0024,1.0024,0,0,nan,,,nan,nan,,,,,,,,,,,,,0,1,0.152504,home,0.10431,,0,,nan,
golem_ik,kinematic,golem_ik,nan,,0,b006_d10_e10,6,0.1,0.1,0.171936,0.573794,0.130468,0.235467,-0.694728,0.663156,1.13287,0,1,1,1,nan,0.01441,0.00198032,0.0268397,0.000966357,0.000162601,0.01441,0.000564479,1.0024,1.0024,1.0024,0,0,nan,,,nan,nan,,,,,,,,,,,,,0,1,4.00485,arms_front_45,0.0798498,,0,,nan,
golem_ik,kinematic,golem_ik,nan,,0,b006_d10_e20,6,0.1,0.2,0.209383,0.666518,0.130468,0.275026,-0.78657,0.663156,1.13287,0,0,0,0,nan,0.102344,0.0843845,0.120303,0.0399266,0.000664423,0.102344,0.0202955,1.0024,1.0024,1.0024,0,0,nan,,,nan,nan,,,,,,,,,,,,,0,1,4.00629,arms_front_45,0.0803751,,0,,nan,
golem_ik,kinematic,golem_ik,nan,,0,b006_d20_e00,6,0.2,0,0.134488,0.48107,0.0304683,0.195907,-0.602885,0.563156,1.03287,0,1,1,1,nan,0.000199091,0.000374202,2.39799e-05,0.000243883,1.49848e-05,0.000199091,0.000129434,1.0024,1.0024,1.0024,0,0,nan,,,nan,nan,,,,,,,,,,,,,0,1,0.157698,home,0.0860391,,0,,nan,
golem_ik,kinematic,golem_ik,nan,,0,b006_d20_e10,6,0.2,0.1,0.171936,0.573794,0.0304683,0.235467,-0.694728,0.563156,1.03287,0,0,0,1,nan,0.0262168,0.0524336,0,0.0217811,1.82386e-16,0.0262168,0.0108906,1.0024,1.0024,1.0024,0,0,nan,,,nan,nan,,,,,,,,,,,,,0,1,4.00055,current,0.0800737,,0,,nan,
golem_ik,kinematic,golem_ik,nan,,0,b006_d20_e20,6,0.2,0.2,0.209383,0.666518,0.0304683,0.275026,-0.78657,0.563156,1.03287,0,0,0,0,nan,0.110672,0.127248,0.0940964,0.051703,0.000334489,0.110672,0.0260188,1.0024,1.0024,1.0024,0,0,nan,,,nan,nan,,,,,,,,,,,,,0,1,4.01155,arms_front_45,0.0798875,,0,,nan,
golem_ik,kinematic,golem_ik,nan,,0,b006_d30_e00,6,0.3,0,0.134488,0.48107,-0.0695317,0.195907,-0.602885,0.463156,0.932868,0,0,0,1,nan,0.0324628,0.0649256,0,0.025098,1.43899e-16,0.0324628,0.012549,1.0024,1.0024,1.0024,0,0,nan,,,nan,nan,,,,,,,,,,,,,0,1,4.00072,t_pose,0.0807166,,0,,nan,
golem_ik,kinematic,golem_ik,nan,,0,b006_d30_e10,6,0.3,0.1,0.171936,0.573794,-0.0695317,0.235467,-0.694728,0.463156,0.932868,0,0,0,1,nan,0.0595409,0.119082,2.77556e-17,0.0432709,2.64262e-16,0.0595409,0.0216355,1.0024,1.0024,1.0024,0,0,nan,,,nan,nan,,,,,,,,,,,,,0,1,4.00441,t_pose,0.0803246,,0,,nan,
golem_ik,kinematic,golem_ik,nan,,0,b006_d30_e20,6,0.3,0.2,0.209383,0.666518,-0.0695317,0.275026,-0.78657,0.463156,0.932868,0,0,0,0,nan,0.133844,0.185322,0.082367,0.0655094,0.000107399,0.133844,0.0328084,1.0024,1.0024,1.0024,0,0,nan,,,nan,nan,,,,,,,,,,,,,0,1,4.01247,arms_front_45,0.0800672,,0,,nan,
golem_ik,kinematic,golem_ik,nan,,0,b006_d40_e00,6,0.4,0,0.134488,0.48107,-0.169532,0.195907,-0.602885,0.363156,0.832868,1,0,0,1,nan,0.0745773,0.149155,0,0.0530513,1.94776e-16,0.0745773,0.0265257,1.0024,1.0024,1.0024,0,0,nan,,,nan,nan,,,,,,,,,,,,,0,1,4.00068,arms_front_45,0.0741326,,0,,nan,
golem_ik,kinematic,golem_ik,nan,,0,b006_d40_e10,6,0.4,0.1,0.171936,0.573794,-0.169532,0.235467,-0.694728,0.363156,0.832868,1,0,0,1,nan,0.098045,0.195663,0.000427122,0.0643418,2.76318e-05,0.098045,0.0321847,1.0024,1.0024,1.0024,0,0,nan,,,nan,nan,,,,,,,,,,,,,0,1,4.00996,arms_front_45,0.0805606,,0,,nan,
golem_ik,kinematic,golem_ik,nan,,0,b006_d40_e20,6,0.4,0.2,0.209383,0.666518,-0.169532,0.275026,-0.78657,0.363156,0.832868,1,0,0,0,nan,0.170084,0.254187,0.0859815,0.0801379,0.000107393,0.170084,0.0401226,1.0024,1.0024,1.0024,0,0,nan,,,nan,nan,,,,,,,,,,,,,0,1,4.00997,arms_front_45,0.0802644,,0,,nan,
golem_ik,kinematic,golem_ik,nan,,0,b006_d50_e00,6,0.5,0,0.134488,0.48107,-0.269532,0.195907,-0.602885,0.263156,0.732868,1,0,0,1,nan,0.118835,0.237671,2.77556e-17,0.0791015,1.7252e-16,0.118835,0.0395508,1.0024,1.0024,1.0024,0,0,nan,,,nan,nan,,,,,,,,,,,,,0,1,4.00063,home,0.0684279,,0,,nan,
golem_ik,kinematic,golem_ik,nan,,0,b006_d50_e10,6,0.5,0.1,0.171936,0.573794,-0.269532,0.235467,-0.694728,0.263156,0.732868,1,0,0,1,nan,0.145528,0.278362,0.0126926,0.084871,0.000446107,0.145528,0.0426585,1.0024,1.0024,1.0024,0,0,nan,,,nan,nan,,,,,,,,,,,,,0,1,4.01335,arms_front_45,0.0788146,,0,,nan,
golem_ik,kinematic,golem_ik,nan,,0,b006_d50_e20,6,0.5,0.2,0.209383,0.666518,-0.269532,0.275026,-0.78657,0.263156,0.732868,1,0,0,0,nan,0.217605,0.330431,0.10478,0.0952175,0.000437267,0.217605,0.0478274,1.0024,1.0024,1.0024,0,0,nan,,,nan,nan,,,,,,,,,,,,,0,1,4.00895,arms_front_45,0.0804569,,0,,nan,
golem_ik,kinematic,golem_ik,nan,,0,b006_d60_e00,6,0.6,0,0.134488,0.48107,-0.369532,0.195907,-0.602885,0.163156,0.632868,1,0,0,1,nan,0.164824,0.328824,0.000823858,0.103258,9.67195e-05,0.164824,0.0516773,1.0024,1.0024,1.0024,0,0,nan,,,nan,nan,,,,,,,,,,,,,0,1,4.01104,arms_front_45,0.0644201,,0,,nan,
golem_ik,kinematic,golem_ik,nan,,0,b006_d60_e10,6,0.6,0.1,0.171936,0.573794,-0.369532,0.235467,-0.694728,0.163156,0.632868,1,0,0,1,nan,0.206498,0.365019,0.0479781,0.104649,0.000982877,0.206498,0.0528158,1.0024,1.0024,1.0024,0,0,nan,,,nan,nan,,,,,,,,,,,,,0,1,4.01003,arms_front_45,0.0736594,,0,,nan,
golem_ik,kinematic,golem_ik,nan,,0,b006_d60_e20,6,0.6,0.2,0.209383,0.666518,-0.369532,0.275026,-0.78657,0.163156,0.632868,1,0,0,0,nan,0.27469,0.41178,0.137599,0.110464,0.0008365,0.27469,0.0556505,1.0024,1.0024,1.0024,0,0,nan,,,nan,nan,,,,,,,,,,,,,0,1,4.0127,t_pose,0.0806297,,0,,nan,
golem_ik,kinematic,golem_ik,nan,,0,b006_d70_e00,6,0.7,0,0.134488,0.48107,-0.469532,0.195907,-0.602885,0.063156,0.532868,1,0,0,1,nan,0.22481,0.421765,0.0278542,0.127096,0.0015595,0.22481,0.0643277,1.0024,1.0024,1.0024,0,0,nan,,,nan,nan,,,,,,,,,,,,,0,1,4.00658,arms_front_45,0.0629222,,0,,nan,
golem_ik,kinematic,golem_ik,nan,,0,b006_d70_e10,6,0.7,0.1,0.171936,0.573794,-0.469532,0.235467,-0.694728,0.063156,0.532868,1,0,0,0,nan,0.276607,0.454377,0.098836,0.123437,0.00166879,0.276607,0.0625528,1.0024,1.0024,1.0024,0,0,nan,,,nan,nan,,,,,,,,,,,,,0,1,4.01481,current,0.0697269,,0,,nan,
golem_ik,kinematic,golem_ik,nan,,0,b006_d70_e20,6,0.7,0.2,0.209383,0.666518,-0.469532,0.275026,-0.78657,0.063156,0.532868,1,0,0,0,nan,0.339699,0.49676,0.182638,0.125624,0.00175197,0.339699,0.0636882,1.0024,1.0024,1.0024,0,0,nan,,,nan,nan,,,,,,,,,,,,,0,1,4.01333,home,0.0774312,,0,,nan,
golem_ik,kinematic,golem_ik,nan,,0,b006_d80_e00,6,0.8,0,0.134488,0.48107,-0.569532,0.195907,-0.602885,-0.036844,0.432868,1,0,0,0,nan,0.313094,0.51598,0.110208,0.154619,0.0104123,0.313094,0.0825155,1.0024,1.0024,1.0024,0,0,nan,,,nan,nan,,,,,,,,,,,,,0,1,4.01858,home,0.0628755,,0,,nan,
golem_ik,kinematic,golem_ik,nan,,0,b006_d80_e10,6,0.8,0.1,0.171936,0.573794,-0.569532,0.235467,-0.694728,-0.036844,0.432868,1,0,0,0,nan,0.358745,0.545616,0.171874,0.149171,0.0116461,0.358745,0.0804083,1.0024,1.0024,1.0024,0,0,nan,,,nan,nan,,,,,,,,,,,,,0,1,4.01849,t_pose,0.0698945,,0,,nan,
golem_ik,kinematic,golem_ik,nan,,0,b006_d80_e20,6,0.8,0.2,0.209383,0.666518,-0.569532,0.275026,-0.78657,-0.036844,0.432868,1,0,0,0,nan,0.411458,0.5844,0.238515,0.140716,0.0151068,0.411458,0.0779113,1.0024,1.0024,1.0024,0,0,nan,,,nan,nan,,,,,,,,,,,,,0,1,4.00895,home,0.0741763,,0,,nan,
golem_ik,kinematic,golem_ik,nan,,0,b006_d90_e00,6,0.9,0,0.134488,0.48107,-0.669532,0.195907,-0.602885,-0.136844,0.332868,1,0,0,0,nan,0.395761,0.611176,0.180346,0.170648,0.0490793,0.395761,0.109864,1.0024,1.0024,1.0024,0,0,nan,,,nan,nan,,,,,,,,,,,,,0,1,4.00892,arms_front_45,0.0604355,,0,,nan,
golem_ik,kinematic,golem_ik,nan,,0,b006_d90_e10,6,0.9,0.1,0.171936,0.573794,-0.669532,0.235467,-0.694728,-0.136844,0.332868,1,0,0,0,nan,0.437684,0.638407,0.23696,0.159082,0.0446487,0.437684,0.101865,1.0024,1.0024,1.0024,0,0,nan,,,nan,nan,,,,,,,,,,,,,0,1,4.00779,home,0.0654152,,0,,nan,
golem_ik,kinematic,golem_ik,nan,,0,b006_d90_e20,6,0.9,0.2,0.209383,0.666518,-0.669532,0.275026,-0.78657,-0.136844,0.332868,1,0,0,0,nan,0.489101,0.674054,0.304148,0.156141,0.0363777,0.489101,0.0962595,1.0024,1.0024,1.0024,0,0,nan,,,nan,nan,,,,,,,,,,,,,0,1,4.00955,home,0.0718961,,0,,nan,
golem_ik,kinematic,golem_ik,nan,,0,b006_d100_e00,6,1,0,0.134488,0.48107,-0.769532,0.195907,-0.602885,-0.236844,0.232868,1,0,0,0,nan,0.486535,0.707083,0.265987,0.189424,0.0773349,0.486535,0.133379,1.0024,1.0024,1.0024,0,0,nan,,,nan,nan,,,,,,,,,,,,,0,1,4.00887,home,0.0594345,,0,,nan,
golem_ik,kinematic,golem_ik,nan,,0,b006_d100_e10,6,1,0.1,0.171936,0.573794,-0.769532,0.235467,-0.694728,-0.236844,0.232868,1,0,0,0,nan,0.524223,0.732246,0.3162,0.17885,0.0690241,0.524223,0.123937,1.0024,1.0024,1.0024,0,0,nan,,,nan,nan,,,,,,,,,,,,,0,1,4.0102,current,0.064837,,0,,nan,
golem_ik,kinematic,golem_ik,nan,,0,b006_d100_e20,6,1,0.2,0.209383,0.666518,-0.769532,0.275026,-0.78657,-0.236844,0.232868,1,0,0,0,nan,0.570998,0.765266,0.376729,0.172817,0.0584941,0.570998,0.115656,1.0024,1.0024,1.0024,0,0,nan,,,nan,nan,,,,,,,,,,,,,0,1,4.00765,home,0.0704342,,0,,nan,
golem_ik,kinematic,golem_ik,nan,,0,b007_d00_e00,7,0,0,0.396635,0.00753386,0.779411,0.376369,-0.557777,0.399578,1.40198,0,1,1,1,nan,0.000404109,0.000808216,1.99535e-09,0.000208555,2.61975e-10,0.000404109,0.000104278,1.0024,1.0024,1.0024,0,0,nan,,,nan,nan,,,,,,,,,,,,,0,1,0.173191,home,0.0188894,,0,,nan,
golem_ik,kinematic,golem_ik,nan,,0,b007_d00_e10,7,0,0.1,0.490893,-0.0258617,0.779411,0.444019,-0.631421,0.399578,1.40198,0,0,0,0,nan,0.0688914,0.0812231,0.0565598,0.00181977,0.00239723,0.0688914,0.0021085,1.0024,1.0024,1.0024,0,0,nan,,,nan,nan,,,,,,,,,,,,,0,1,4.00625,arms_front_45,0.0187861,,0,,nan,
golem_ik,kinematic,golem_ik,nan,,0,b007_d00_e20,7,0,0.2,0.585152,-0.0592573,0.779411,0.511669,-0.705065,0.399578,1.40198,0,0,0,0,nan,0.161968,0.167836,0.1561,0.00141271,0.00415958,0.161968,0.00278615,1.0024,1.0024,1.0024,0,0,nan,,,nan,nan,,,,,,,,,,,,,0,1,4.00577,t_pose,0.0199581,,0,,nan,
golem_ik,kinematic,golem_ik,nan,,0,b007_d10_e00,7,0.1,0,0.396635,0.00753386,0.679411,0.376369,-0.557777,0.299578,1.30198,0,1,1,1,nan,0.0198908,0.0397816,0,0.0190004,4.6892e-16,0.0198908,0.00950019,1.0024,1.0024,1.0024,0,0,nan,,,nan,nan,,,,,,,,,,,,,0,1,4.00992,current,0.0197512,,0,,nan,
golem_ik,kinematic,golem_ik,nan,,0,b007_d10_e10,7,0.1,0.1,0.490893,-0.0258617,0.679411,0.444019,-0.631421,0.299578,1.30198,0,0,1,0,nan,0.0533246,0.0344905,0.0721586,0.000182807,0.00646055,0.0533246,0.00332168,1.0024,1.0024,1.0024,0,0,nan,,,nan,nan,,,,,,,,,,,,,0,1,4.00596,current,0.0199907,,0,,nan,
golem_ik,kinematic,golem_ik,nan,,0,b007_d10_e20,7,0.1,0.2,0.585152,-0.0592573,0.679411,0.511669,-0.705065,0.299578,1.30198,0,0,0,0,nan,0.147767,0.126088,0.169447,0.00135884,0.0177102,0.147767,0.00953453,1.0024,1.0024,1.0024,0,0,nan,,,nan,nan,,,,,,,,,,,,,0,1,4.00659,arms_front_45,0.0195396,,0,,nan,
golem_ik,kinematic,golem_ik,nan,,0,b007_d20_e00,7,0.2,0,0.396635,0.00753386,0.579411,0.376369,-0.557777,0.199578,1.20198,0,1,1,1,nan,0.0301445,0.0435061,0.0167828,0.0209491,0.0040554,0.0301445,0.0125022,1.0024,1.0024,1.0024,0,0,nan,,,nan,nan,,,,,,,,,,,,,0,1,4.00069,t_pose,0.0264541,,0,,nan,
golem_ik,kinematic,golem_ik,nan,,0,b007_d20_e10,7,0.2,0.1,0.490893,-0.0258617,0.579411,0.444019,-0.631421,0.199578,1.20198,0,0,1,0,nan,0.0533825,0.00248864,0.104276,3.47637e-05,0.0167297,0.0533825,0.00838224,1.0024,1.0024,1.0024,0,0,nan,,,nan,nan,,,,,,,,,,,,,0,1,4.00739,t_pose,0.0200091,,0,,nan,
golem_ik,kinematic,golem_ik,nan,,0,b007_d20_e20,7,0.2,0.2,0.585152,-0.0592573,0.579411,0.511669,-0.705065,0.199578,1.20198,0,0,0,0,nan,0.146755,0.0970689,0.196441,0.000322143,0.0243142,0.146755,0.0123182,1.0024,1.0024,1.0024,0,0,nan,,,nan,nan,,,,,,,,,,,,,0,1,4.00777,current,0.0199606,,0,,nan,
golem_ik,kinematic,golem_ik,nan,,0,b007_d30_e00,7,0.3,0,0.396635,0.00753386,0.479411,0.376369,-0.557777,0.0995776,1.10198,0,0,1,0,nan,0.0494046,0.0299809,0.0688282,0.0179976,0.0188965,0.0494046,0.0184471,1.0024,1.0024,1.0024,0,0,nan,,,nan,nan,,,,,,,,,,,,,0,1,4.00069,home,0.0422479,,0,,nan,
golem_ik,kinematic,golem_ik,nan,,0,b007_d30_e10,7,0.3,0.1,0.490893,-0.0258617,0.479411,0.444019,-0.631421,0.0995776,1.10198,0,0,1,0,nan,0.0746876,2.32877e-06,0.149373,1.75599e-07,0.0300938,0.0746876,0.015047,1.0024,1.0024,1.0024,0,0,nan,,,nan,nan,,,,,,,,,,,,,0,1,4.00861,arms_front_45,0.0290929,,0,,nan,
golem_ik,kinematic,golem_ik,nan,,0,b007_d30_e20,7,0.3,0.2,0.585152,-0.0592573,0.479411,0.511669,-0.705065,0.0995776,1.10198,0,0,0,0,nan,0.15936,0.083154,0.235567,0.000482661,0.0354017,0.15936,0.0179422,1.0024,1.0024,1.0024,0,0,nan,,,nan,nan,,,,,,,,,,,,,0,1,4.00912,arms_front_45,0.0222894,,0,,nan,
golem_ik,kinematic,golem_ik,nan,,0,b007_d40_e00,7,0.4,0,0.396635,0.00753386,0.379411,0.376369,-0.557777,-0.000422442,1.00198,0,0,1,0,nan,0.0649794,1.04083e-17,0.129959,6.43591e-17,0.0359241,0.0649794,0.017962,1.0024,1.0024,1.0024,0,0,nan,,,nan,nan,,,,,,,,,,,,,0,1,4.00297,arms_front_45,0.0358825,,0,,nan,
golem_ik,kinematic,golem_ik,nan,,0,b007_d40_e10,7,0.4,0.1,0.490893,-0.0258617,0.379411,0.444019,-0.631421,-0.000422442,1.00198,0,0,1,0,nan,0.102362,0.000342626,0.204381,3.04961e-05,0.0447397,0.102362,0.0223851,1.0024,1.0024,1.0024,0,0,nan,,,nan,nan,,,,,,,,,,,,,0,1,4.00489,arms_front_45,0.0378324,,0,,nan,
golem_ik,kinematic,golem_ik,nan,,0,b007_d40_e20,7,0.4,0.2,0.585152,-0.0592573,0.379411,0.511669,-0.705065,-0.000422442,1.00198,0,0,0,0,nan,0.184998,0.085153,0.284843,0.001033,0.0493584,0.184998,0.0251957,1.0024,1.0024,1.0024,0,0,nan,,,nan,nan,,,,,,,,,,,,,0,1,4.00629,arms_front_45,0.0275433,,0,,nan,
golem_ik,kinematic,golem_ik,nan,,0,b007_d50_e00,7,0.5,0,0.396635,0.00753386,0.279411,0.376369,-0.557777,-0.100422,0.901978,0,0,1,0,nan,0.0991176,6.93889e-18,0.198235,3.02849e-16,0.0520877,0.0991176,0.0260438,1.0024,1.0024,1.0024,0,0,nan,,,nan,nan,,,,,,,,,,,,,0,1,4.00186,arms_front_45,0.0293229,,0,,nan,
golem_ik,kinematic,golem_ik,nan,,0,b007_d50_e10,7,0.5,0.1,0.490893,-0.0258617,0.279411,0.444019,-0.631421,-0.100422,0.901978,0,0,1,0,nan,0.140454,0.0137602,0.267148,0.000826461,0.0589659,0.140454,0.0298962,1.0024,1.0024,1.0024,0,0,nan,,,nan,nan,,,,,,,,,,,,,0,1,4.00627,arms_front_45,0.0420724,,0,,nan,
golem_ik,kinematic,golem_ik,nan,,0,b007_d50_e20,7,0.5,0.2,0.585152,-0.0592573,0.279411,0.511669,-0.705065,-0.100422,0.901978,0,0,0,0,nan,0.223059,0.103813,0.342305,0.00254431,0.0634309,0.223059,0.0329876,1.0024,1.0024,1.0024,0,0,nan,,,nan,nan,,,,,,,,,,,,,0,1,4.00879,home,0.0359239,,0,,nan,
golem_ik,kinematic,golem_ik,nan,,0,b007_d60_e00,7,0.6,0,0.396635,0.00753386,0.179411,0.376369,-0.557777,-0.200422,0.801978,1,0,1,0,nan,0.13726,0.00023171,0.274288,3.72427e-05,0.0661348,0.13726,0.033086,1.0024,1.0024,1.0024,0,0,nan,,,nan,nan,,,,,,,,,,,,,0,1,4.00851,arms_front_45,0.0268291,,0,,nan,
golem_ik,kinematic,golem_ik,nan,,0,b007_d60_e10,7,0.6,0.1,0.490893,-0.0258617,0.179411,0.444019,-0.631421,-0.200422,0.801978,1,0,1,0,nan,0.192868,0.0495959,0.336141,0.00241453,0.0717338,0.192868,0.0370742,1.0024,1.0024,1.0024,0,0,nan,,,nan,nan,,,,,,,,,,,,,0,1,4.00915,current,0.0383416,,0,,nan,
golem_ik,kinematic,golem_ik,nan,,0,b007_d60_e20,7,0.6,0.2,0.585152,-0.0592573,0.179411,0.511669,-0.705065,-0.200422,0.801978,1,0,0,0,nan,0.271835,0.136976,0.406695,0.00429251,0.0831385,0.271835,0.0437155,1.0024,1.0024,1.0024,0,0,nan,,,nan,nan,,,,,,,,,,,,,0,1,4.00568,home,0.0418076,,0,,nan,
golem_ik,kinematic,golem_ik,nan,,0,b007_d70_e00,7,0.7,0,0.396635,0.00753386,0.0794105,0.376369,-0.557777,-0.300422,0.701978,1,0,1,0,nan,0.193065,0.0303927,0.355738,0.00930522,0.0876183,0.193065,0.0484617,1.0024,1.0024,1.0024,0,0,nan,,,nan,nan,,,,,,,,,,,,,0,1,4.00615,arms_front_45,0.026514,,0,,nan,
golem_ik,kinematic,golem_ik,nan,,0,b007_d70_e10,7,0.7,0.1,0.490893,-0.0258617,0.0794105,0.444019,-0.631421,-0.300422,0.701978,1,0,0,0,nan,0.255461,0.0993062,0.411616,0.00569087,0.0848678,0.255461,0.0452793,1.0024,1.0024,1.0024,0,0,nan,,,nan,nan,,,,,,,,,,,,,0,1,4.00518,current,0.0352527,,0,,nan,
golem_ik,kinematic,golem_ik,nan,,0,b007_d70_e20,7,0.7,0.2,0.585152,-0.0592573,0.0794105,0.511669,-0.705065,-0.300422,0.701978,1,0,0,0,nan,0.329042,0.181504,0.476581,0.00630562,0.112464,0.329042,0.0593847,1.0024,1.0024,1.0024,0,0,nan,,,nan,nan,,,,,,,,,,,,,0,1,4.00633,current,0.0383436,,0,,nan,
golem_ik,kinematic,golem_ik,nan,,0,b007_d80_e00,7,0.8,0,0.396635,0.00753386,-0.0205895,0.376369,-0.557777,-0.400422,0.601978,1,0,0,0,nan,0.268282,0.0959086,0.440655,0.0276022,0.109834,0.268282,0.0687182,1.0024,1.0024,1.0024,0,0,nan,,,nan,nan,,,,,,,,,,,,,0,1,4.00772,arms_front_45,0.023681,,0,,nan,
golem_ik,kinematic,golem_ik,nan,,0,b007_d80_e10,7,0.8,0.1,0.490893,-0.0258617,-0.0205895,0.444019,-0.631421,-0.400422,0.601978,1,0,0,0,nan,0.326468,0.161186,0.49175,0.0147492,0.146135,0.326468,0.0804421,1.0024,1.0024,1.0024,0,0,nan,,,nan,nan,,,,,,,,,,,,,0,1,4.01947,current,0.0294346,,0,,nan,
golem_ik,kinematic,golem_ik,nan,,0,b007_d80_e20,7,0.8,0.2,0.585152,-0.0592573,-0.0205895,0.511669,-0.705065,-0.400422,0.601978,1,0,0,0,nan,0.39406,0.236898,0.551223,0.0131237,0.188059,0.39406,0.100591,1.0024,1.0024,1.0024,0,0,nan,,,nan,nan,,,,,,,,,,,,,0,1,4.01544,current,0.0346114,,0,,nan,
golem_ik,kinematic,golem_ik,nan,,0,b007_d90_e00,7,0.9,0,0.396635,0.00753386,-0.120589,0.376369,-0.557777,-0.500422,0.501978,1,0,0,0,nan,0.348728,0.169441,0.528015,0.0455272,0.148003,0.348728,0.096765,1.0024,1.0024,1.0024,0,0,nan,,,nan,nan,,,,,,,,,,,,,0,1,4.00951,current,0.0209425,,0,,nan,
golem_ik,kinematic,golem_ik,nan,,0,b007_d90_e10,7,0.9,0.1,0.490893,-0.0258617,-0.120589,0.444019,-0.631421,-0.500422,0.501978,1,0,0,0,nan,0.402155,0.229413,0.574896,0.0367512,0.178621,0.402155,0.107686,1.0024,1.0024,1.0024,0,0,nan,,,nan,nan,,,,,,,,,,,,,0,1,4.01652,home,0.0256845,,0,,nan,
golem_ik,kinematic,golem_ik,nan,,0,b007_d90_e20,7,0.9,0.2,0.585152,-0.0592573,-0.120589,0.511669,-0.705065,-0.500422,0.501978,1,0,0,0,nan,0.463457,0.297722,0.629192,0.0340913,0.166182,0.463457,0.100136,1.0024,1.0024,1.0024,0,0,nan,,,nan,nan,,,,,,,,,,,,,0,1,4.00947,home,0.0316369,,0,,nan,
golem_ik,kinematic,golem_ik,nan,,0,b007_d100_e00,7,1,0,0.396635,0.00753386,-0.220589,0.376369,-0.557777,-0.600422,0.401978,1,0,0,0,nan,0.432602,0.247738,0.617466,0.0607829,0.156986,0.432602,0.108884,1.0024,1.0024,1.0024,0,0,nan,,,nan,nan,,,,,,,,,,,,,0,1,4.0063,arms_front_45,0.0201674,,0,,nan,
golem_ik,kinematic,golem_ik,nan,,0,b007_d100_e10,7,1,0.1,0.490893,-0.0258617,-0.220589,0.444019,-0.631421,-0.600422,0.401978,1,0,0,0,nan,0.481845,0.303177,0.660513,0.0605911,0.160124,0.481845,0.110358,1.0024,1.0024,1.0024,0,0,nan,,,nan,nan,,,,,,,,,,,,,0,1,4.01066,home,0.0236179,,0,,nan,
golem_ik,kinematic,golem_ik,nan,,0,b007_d100_e20,7,1,0.2,0.585152,-0.0592573,-0.220589,0.511669,-0.705065,-0.600422,0.401978,1,0,0,0,nan,0.538904,0.366853,0.710956,0.0525243,0.187802,0.538904,0.120163,1.0024,1.0024,1.0024,0,0,nan,,,nan,nan,,,,,,,,,,,,,0,1,4.01076,current,0.0277445,,0,,nan,
golem_ik,kinematic,golem_ik,nan,,0,b008_d00_e00,8,0,0,0.500365,0.276514,0.313524,0.368302,-0.627643,0.449996,1.31592,0,1,1,1,nan,0.000183979,3.98432e-09,0.000367955,4.81245e-10,0.000433394,0.000183979,0.000216697,1.0024,1.0024,1.0024,0,0,nan,,,nan,nan,,,,,,,,,,,,,0,1,0.118973,home,0.0689137,,0,,nan,
golem_ik,kinematic,golem_ik,nan,,0,b008_d00_e10,8,0,0.1,0.597225,0.30138,0.313524,0.42921,-0.706954,0.449996,1.31592,0,0,0,0,nan,0.0774969,0.0555796,0.0994142,0.000165111,0.00182306,0.0774969,0.000994087,1.0024,1.0024,1.0024,0,0,nan,,,nan,nan,,,,,,,,,,,,,0,1,4.01207,arms_front_45,0.073318,,0,,nan,
golem_ik,kinematic,golem_ik,nan,,0,b008_d00_e20,8,0,0.2,0.694084,0.326246,0.313524,0.490118,-0.786265,0.449996,1.31592,0,0,0,0,nan,0.176324,0.153374,0.199274,0.000244542,0.00358902,0.176324,0.00191678,1.0024,1.0024,1.0024,0,0,nan,,,nan,nan,,,,,,,,,,,,,0,1,4.00628,arms_front_45,0.0735376,,0,,nan,
golem_ik,kinematic,golem_ik,nan,,0,b008_d10_e00,8,0.1,0,0.500365,0.276514,0.213524,0.368302,-0.627643,0.349996,1.21592,0,1,1,1,nan,0.00301777,0,0.00603554,2.89331e-16,0.00415537,0.00301777,0.00207768,1.0024,1.0024,1.0024,0,0,nan,,,nan,nan,,,,,,,,,,,,,0,1,4.00848,current,0.0680422,,0,,nan,
golem_ik,kinematic,golem_ik,nan,,0,b008_d10_e10,8,0.1,0.1,0.597225,0.30138,0.213524,0.42921,-0.706954,0.349996,1.21592,0,0,0,0,nan,0.0939253,0.0835141,0.104336,0.00053287,0.00107661,0.0939253,0.000804742,1.0024,1.0024,1.0024,0,0,nan,,,nan,nan,,,,,,,,,,,,,0,1,4.01169,arms_front_45,0.0770019,,0,,nan,
golem_ik,kinematic,golem_ik,nan,,0,b008_d10_e20,8,0.1,0.2,0.694084,0.326246,0.213524,0.490118,-0.786265,0.349996,1.21592,0,0,0,0,nan,0.190564,0.177589,0.203539,0.000814248,0.00227035,0.190564,0.0015423,1.0024,1.0024,1.0024,0,0,nan,,,nan,nan,,,,,,,,,,,,,0,1,4.01144,arms_front_45,0.0767961,,0,,nan,
golem_ik,kinematic,golem_ik,nan,,0,b008_d20_e00,8,0.2,0,0.500365,0.276514,0.113524,0.368302,-0.627643,0.249996,1.11592,0,1,1,1,nan,0.0342484,0.0395617,0.0289351,0.000469137,9.23969e-06,0.0342484,0.000239188,1.0024,1.0024,1.0024,0,0,nan,,,nan,nan,,,,,,,,,,,,,0,1,4.0048,arms_front_45,0.0666285,,0,,nan,
golem_ik,kinematic,golem_ik,nan,,0,b008_d20_e10,8,0.2,0.1,0.597225,0.30138,0.113524,0.42921,-0.706954,0.249996,1.11592,0,0,0,0,nan,0.124718,0.125071,0.124364,0.0011594,0.000293182,0.124718,0.00072629,1.0024,1.0024,1.0024,0,0,nan,,,nan,nan,,,,,,,,,,,,,0,1,4.01176,arms_front_45,0.0712418,,0,,nan,
golem_ik,kinematic,golem_ik,nan,,0,b008_d20_e20,8,0.2,0.2,0.694084,0.326246,0.113524,0.490118,-0.786265,0.249996,1.11592,0,0,0,0,nan,0.217527,0.214088,0.220967,0.00154725,0.000949186,0.217527,0.00124822,1.0024,1.0024,1.0024,0,0,nan,,,nan,nan,,,,,,,,,,,,,0,1,4.01878,arms_front_45,0.0747888,,0,,nan,
golem_ik,kinematic,golem_ik,nan,,0,b008_d30_e00,8,0.3,0,0.500365,0.276514,0.0135238,0.368302,-0.627643,0.149996,1.01592,0,0,0,0,nan,0.0842995,0.100464,0.068135,0.00780427,0.000592513,0.0842995,0.00419839,1.0024,1.0024,1.0024,0,0,nan,,,nan,nan,,,,,,,,,,,,,0,1,4.00566,t_pose,0.0614341,,0,,nan,
golem_ik,kinematic,golem_ik,nan,,0,b008_d30_e10,8,0.3,0.1,0.597225,0.30138,0.0135238,0.42921,-0.706954,0.149996,1.01592,0,0,0,0,nan,0.168096,0.177964,0.158228,0.00263254,0.000791972,0.168096,0.00171226,1.0024,1.0024,1.0024,0,0,nan,,,nan,nan,,,,,,,,,,,,,0,1,4.0093,t_pose,0.0665965,,0,,nan,
golem_ik,kinematic,golem_ik,nan,,0,b008_d30_e20,8,0.3,0.2,0.694084,0.326246,0.0135238,0.490118,-0.786265,0.149996,1.01592,0,0,0,0,nan,0.255969,0.261228,0.25071,0.00246784,0.000548695,0.255969,0.00150827,1.0024,1.0024,1.0024,0,0,nan,,,nan,nan,,,,,,,,,,,,,0,1,4.00607,arms_front_45,0.0699124,,0,,nan,
golem_ik,kinematic,golem_ik,nan,,0,b008_d40_e00,8,0.4,0,0.500365,0.276514,-0.0864762,0.368302,-0.627643,0.0499959,0.915924,0,0,0,0,nan,0.14627,0.172288,0.120253,0.0250318,0.0018848,0.14627,0.0134583,1.0024,1.0024,1.0024,0,0,nan,,,nan,nan,,,,,,,,,,,,,0,1,4.01053,t_pose,0.0571858,,0,,nan,
golem_ik,kinematic,golem_ik,nan,,0,b008_d40_e10,8,0.4,0.1,0.597225,0.30138,-0.0864762,0.42921,-0.706954,0.0499959,0.915924,0,0,0,0,nan,0.222597,0.241134,0.20406,0.0188052,0.0023316,0.222597,0.0105684,1.0024,1.0024,1.0024,0,0,nan,,,nan,nan,,,,,,,,,,,,,0,1,4.00747,t_pose,0.0620647,,0,,nan,
golem_ik,kinematic,golem_ik,nan,,0,b008_d40_e20,8,0.4,0.2,0.694084,0.326246,-0.0864762,0.490118,-0.786265,0.0499959,0.915924,0,0,0,0,nan,0.304461,0.317461,0.291461,0.00942287,0.00233681,0.304461,0.00587984,1.0024,1.0024,1.0024,0,0,nan,,,nan,nan,,,,,,,,,,,,,0,1,4.00952,t_pose,0.0661572,,0,,nan,
golem_ik,kinematic,golem_ik,nan,,0,b008_d50_e00,8,0.5,0,0.500365,0.276514,-0.186476,0.368302,-0.627643,-0.0500041,0.815924,1,0,0,0,nan,0.216695,0.250885,0.182504,0.0468286,0.00387084,0.216695,0.0253497,1.0024,1.0024,1.0024,0,0,nan,,,nan,nan,,,,,,,,,,,,,0,1,4.01276,t_pose,0.0541986,,0,,nan,
golem_ik,kinematic,golem_ik,nan,,0,b008_d50_e10,8,0.5,0.1,0.597225,0.30138,-0.186476,0.42921,-0.706954,-0.0500041,0.815924,1,0,0,0,nan,0.286095,0.312379,0.259811,0.0388797,0.00435726,0.286095,0.0216185,1.0024,1.0024,1.0024,0,0,nan,,,nan,nan,,,,,,,,,,,,,0,1,4.00699,t_pose,0.0585637,,0,,nan,
golem_ik,kinematic,golem_ik,nan,,0,b008_d50_e20,8,0.5,0.2,0.694084,0.326246,-0.186476,0.490118,-0.786265,-0.0500041,0.815924,1,0,0,0,nan,0.361834,0.381965,0.341702,0.0287739,0.00445299,0.361834,0.0166135,1.0024,1.0024,1.0024,0,0,nan,,,nan,nan,,,,,,,,,,,,,0,1,4.00596,t_pose,0.0624619,,0,,nan,
golem_ik,kinematic,golem_ik,nan,,0,b008_d60_e00,8,0.6,0,0.500365,0.276514,-0.286476,0.368302,-0.627643,-0.150004,0.715924,1,0,0,0,nan,0.293207,0.333942,0.252472,0.0709608,0.016029,0.293207,0.0434949,1.0024,1.0024,1.0024,0,0,nan,,,nan,nan,,,,,,,,,,,,,0,1,4.01219,current,0.050708,,0,,nan,
golem_ik,kinematic,golem_ik,nan,,0,b008_d60_e10,8,0.6,0.1,0.597225,0.30138,-0.286476,0.42921,-0.706954,-0.150004,0.715924,1,0,0,0,nan,0.356436,0.389307,0.323565,0.0606147,0.00680939,0.356436,0.033712,1.0024,1.0024,1.0024,0,0,nan,,,nan,nan,,,,,,,,,,,,,0,1,4.01273,t_pose,0.0558576,,0,,nan,
golem_ik,kinematic,golem_ik,nan,,0,b008_d60_e20,8,0.6,0.2,0.694084,0.326246,-0.286476,0.490118,-0.786265,-0.150004,0.715924,1,0,0,0,nan,0.426411,0.452904,0.399917,0.0494804,0.0068695,0.426411,0.0281749,1.0024,1.0024,1.0024,0,0,nan,,,nan,nan,,,,,,,,,,,,,0,1,4.01151,t_pose,0.0594608,,0,,nan,
golem_ik,kinematic,golem_ik,nan,,0,b008_d70_e00,8,0.7,0,0.500365,0.276514,-0.386476,0.368302,-0.627643,-0.250004,0.615924,1,0,0,0,nan,0.374461,0.420047,0.328876,0.0951319,0.052817,0.374461,0.0739744,1.0024,1.0024,1.0024,0,0,nan,,,nan,nan,,,,,,,,,,,,,0,1,4.00952,home,0.0487895,,0,,nan,
golem_ik,kinematic,golem_ik,nan,,0,b008_d70_e10,8,0.7,0.1,0.597225,0.30138,-0.386476,0.42921,-0.706954,-0.250004,0.615924,1,0,0,0,nan,0.432055,0.470469,0.393641,0.0844212,0.0158332,0.432055,0.0501272,1.0024,1.0024,1.0024,0,0,nan,,,nan,nan,,,,,,,,,,,,,0,1,4.01085,home,0.0516878,,0,,nan,
golem_ik,kinematic,golem_ik,nan,,0,b008_d70_e20,8,0.7,0.2,0.694084,0.326246,-0.386476,0.490118,-0.786265,-0.250004,0.615924,1,0,0,0,nan,0.496731,0.52874,0.464723,0.070519,0.00951175,0.496731,0.0400154,1.0024,1.0024,1.0024,0,0,nan,,,nan,nan,,,,,,,,,,,,,0,1,4.01125,t_pose,0.0570212,,0,,nan,
golem_ik,kinematic,golem_ik,nan,,0,b008_d80_e00,8,0.8,0,0.500365,0.276514,-0.486476,0.368302,-0.627643,-0.350004,0.515924,1,0,0,0,nan,0.459255,0.508427,0.410082,0.118721,0.086655,0.459255,0.102688,1.0024,1.0024,1.0024,0,0,nan,,,nan,nan,,,,,,,,,,,,,0,1,4.00645,current,0.0471817,,0,,nan,
golem_ik,kinematic,golem_ik,nan,,0,b008_d80_e10,8,0.8,0.1,0.597225,0.30138,-0.486476,0.42921,-0.706954,-0.350004,0.515924,1,0,0,0,nan,0.51177,0.554625,0.468915,0.106607,0.052851,0.51177,0.0797291,1.0024,1.0024,1.0024,0,0,nan,,,nan,nan,,,,,,,,,,,,,0,1,4.00474,current,0.0497925,,0,,nan,
golem_ik,kinematic,golem_ik,nan,,0,b008_d80_e20,8,0.8,0.2,0.694084,0.326246,-0.486476,0.490118,-0.786265,-0.350004,0.515924,1,0,0,0,nan,0.571617,0.608363,0.534871,0.0912291,0.0199922,0.571617,0.0556106,1.0024,1.0024,1.0024,0,0,nan,,,nan,nan,,,,,,,,,,,,,0,1,4.01249,t_pose,0.0550239,,0,,nan,
golem_ik,kinematic,golem_ik,nan,,0,b008_d90_e00,8,0.9,0,0.500365,0.276514,-0.586476,0.368302,-0.627643,-0.450004,0.415924,1,0,0,0,nan,0.546596,0.598553,0.494639,0.141107,0.119662,0.546596,0.130384,1.0024,1.0024,1.0024,0,0,nan,,,nan,nan,,,,,,,,,,,,,0,1,4.01008,current,0.0458581,,0,,nan,
golem_ik,kinematic,golem_ik,nan,,0,b008_d90_e10,8,0.9,0.1,0.597225,0.30138,-0.586476,0.42921,-0.706954,-0.450004,0.415924,1,0,0,0,nan,0.595121,0.641372,0.548869,0.128304,0.0882501,0.595121,0.108277,1.0024,1.0024,1.0024,0,0,nan,,,nan,nan,,,,,,,,,,,,,0,1,4.00926,home,0.047565,,0,,nan,
golem_ik,kinematic,golem_ik,nan,,0,b008_d90_e20,8,0.9,0.2,0.694084,0.326246,-0.586476,0.490118,-0.786265,-0.450004,0.415924,1,0,0,0,nan,0.650375,0.691186,0.609564,0.114992,0.0507488,0.650375,0.0828704,1.0024,1.0024,1.0024,0,0,nan,,,nan,nan,,,,,,,,,,,,,0,1,4.01783,current,0.0505847,,0,,nan,
golem_ik,kinematic,golem_ik,nan,,0,b008_d100_e00,8,1,0,0.500365,0.276514,-0.686476,0.368302,-0.627643,-0.550004,0.315924,1,0,0,0,nan,0.635875,0.690069,0.58168,0.162035,0.151695,0.635875,0.156865,1.0024,1.0024,1.0024,0,0,nan,,,nan,nan,,,,,,,,,,,,,0,1,4.00513,current,0.0447165,,0,,nan,
golem_ik,kinematic,golem_ik,nan,,0,b008_d100_e10,8,1,0.1,0.597225,0.30138,-0.686476,0.42921,-0.706954,-0.550004,0.315924,1,0,0,0,nan,0.680455,0.729613,0.631297,0.147979,0.117972,0.680455,0.132975,1.0024,1.0024,1.0024,0,0,nan,,,nan,nan,,,,,,,,,,,,,0,1,4.01412,current,0.0468946,,0,,nan,
golem_ik,kinematic,golem_ik,nan,,0,b008_d100_e20,8,1,0.2,0.694084,0.326246,-0.686476,0.490118,-0.786265,-0.550004,0.315924,1,0,0,0,nan,0.731998,0.776128,0.687869,0.133927,0.0817922,0.731998,0.10786,1.0024,1.0024,1.0024,0,0,nan,,,nan,nan,,,,,,,,,,,,,0,1,4.01399,current,0.0493142,,0,,nan,
golem_ik,kinematic,golem_ik,nan,,0,b009_d00_e00,9,0,0,0.337218,-0.0732474,0.584725,0.383214,-0.339721,0.268648,1.27105,0,1,1,1,nan,0.0069139,0.0138278,5.55112e-17,0.000131927,1.4145e-16,0.0069139,6.59636e-05,1.0024,1.0024,1.0024,0,0,nan,,,nan,nan,,,,,,,,,,,,,0,1,4.00037,t_pose,0.0401595,,0,,nan,
golem_ik,kinematic,golem_ik,nan,,0,b009_d00_e10,9,0,0.1,0.420822,-0.128114,0.584725,0.472651,-0.384453,0.268648,1.27105,0,0,0,1,nan,0.0257743,0.0515486,5.55112e-17,0.0238455,2.97187e-16,0.0257743,0.0119227,1.0024,1.0024,1.0024,0,0,nan,,,nan,nan,,,,,,,,,,,,,0,1,4.00753,home,0.0198217,,0,,nan,
golem_ik,kinematic,golem_ik,nan,,0,b009_d00_e20,9,0,0.2,0.504426,-0.182981,0.584725,0.562089,-0.429184,0.268648,1.27105,0,0,0,0,nan,0.0952453,0.122875,0.0676152,0.024402,0.00823075,0.0952453,0.0163164,1.0024,1.0024,1.0024,0,0,nan,,,nan,nan,,,,,,,,,,,,,0,1,4.01447,home,0.019523,,0,,nan,
golem_ik,kinematic,golem_ik,nan,,0,b009_d10_e00,9,0.1,0,0.337218,-0.0732474,0.484725,0.383214,-0.339721,0.168648,1.17105,0,1,1,1,nan,0.00589201,0.011784,5.55112e-17,0.00974228,2.76187e-16,0.00589201,0.00487114,1.0024,1.0024,1.0024,0,0,nan,,,nan,nan,,,,,,,,,,,,,0,1,4.00082,arms_front_45,0.041422,,0,,nan,
golem_ik,kinematic,golem_ik,nan,,0,b009_d10_e10,9,0.1,0.1,0.420822,-0.128114,0.484725,0.472651,-0.384453,0.168648,1.17105,0,0,0,1,nan,0.0340855,0.0561615,0.0120095,0.0351804,0.000238962,0.0340855,0.0177097,1.0024,1.0024,1.0024,0,0,nan,,,nan,nan,,,,,,,,,,,,,0,1,4.00595,arms_front_45,0.0346252,,0,,nan,
golem_ik,kinematic,golem_ik,nan,,0,b009_d10_e20,9,0.1,0.2,0.504426,-0.182981,0.484725,0.562089,-0.429184,0.168648,1.17105,0,0,0,0,nan,0.111026,0.120991,0.10106,0.0271425,0.00169291,0.111026,0.0144177,1.0024,1.0024,1.0024,0,0,nan,,,nan,nan,,,,,,,,,,,,,0,1,4.00857,arms_front_45,0.0227226,,0,,nan,
golem_ik,kinematic,golem_ik,nan,,0,b009_d20_e00,9,0.2,0,0.337218,-0.0732474,0.384725,0.383214,-0.339721,0.0686476,1.07105,0,1,1,1,nan,1.82645e-05,4.08538e-09,3.65249e-05,7.36983e-10,1.67315e-05,1.82645e-05,8.3661e-06,1.0024,1.0024,1.0024,0,0,nan,,,nan,nan,,,,,,,,,,,,,0,1,0.147098,home,0.0379587,,0,,nan,
golem_ik,kinematic,golem_ik,nan,,0,b009_d20_e10,9,0.2,0.1,0.420822,-0.128114,0.384725,0.472651,-0.384453,0.0686476,1.07105,0,0,0,0,nan,0.0590272,0.0519739,0.0660804,0.0279284,0.00157864,0.0590272,0.0147535,1.0024,1.0024,1.0024,0,0,nan,,,nan,nan,,,,,,,,,,,,,0,1,4.00329,arms_front_45,0.0415083,,0,,nan,
golem_ik,kinematic,golem_ik,nan,,0,b009_d20_e20,9,0.2,0.2,0.504426,-0.182981,0.384725,0.562089,-0.429184,0.0686476,1.07105,0,0,0,0,nan,0.137646,0.126997,0.148296,0.0444573,0.00305733,0.137646,0.0237573,1.0024,1.0024,1.0024,0,0,nan,,,nan,nan,,,,,,,,,,,,,0,1,4.00877,arms_front_45,0.0379517,,0,,nan,
golem_ik,kinematic,golem_ik,nan,,0,b009_d30_e00,9,0.3,0,0.337218,-0.0732474,0.284725,0.383214,-0.339721,-0.0313524,0.971048,0,0,1,0,nan,0.0313994,1.18572e-16,0.0627987,1.3747e-16,0.00518598,0.0313994,0.00259299,1.0024,1.0024,1.0024,0,0,nan,,,nan,nan,,,,,,,,,,,,,0,1,4.01191,arms_front_45,0.0320476,,0,,nan,
golem_ik,kinematic,golem_ik,nan,,0,b009_d30_e10,9,0.3,0.1,0.420822,-0.128114,0.284725,0.472651,-0.384453,-0.0313524,0.971048,0,0,0,0,nan,0.0920338,0.0535529,0.130515,0.018728,0.00348549,0.0920338,0.0111067,1.0024,1.0024,1.0024,0,0,nan,,,nan,nan,,,,,,,,,,,,,0,1,4.01295,arms_front_45,0.0383937,,0,,nan,
golem_ik,kinematic,golem_ik,nan,,0,b009_d30_e20,9,0.3,0.2,0.504426,-0.182981,0.284725,0.562089,-0.429184,-0.0313524,0.971048,0,0,0,0,nan,0.171634,0.137474,0.205794,0.0376044,0.0048471,0.171634,0.0212258,1.0024,1.0024,1.0024,0,0,nan,,,nan,nan,,,,,,,,,,,,,0,1,4.01006,arms_front_45,0.0407954,,0,,nan,
golem_ik,kinematic,golem_ik,nan,,0,b009_d40_e00,9,0.4,0,0.337218,-0.0732474,0.184725,0.383214,-0.339721,-0.131352,0.871048,1,0,1,0,nan,0.0712547,5.67582e-06,0.142504,4.81278e-07,0.0149331,0.0712547,0.0074668,1.0024,1.0024,1.0024,0,0,nan,,,nan,nan,,,,,,,,,,,,,0,1,4.00737,arms_front_45,0.0296961,,0,,nan,
golem_ik,kinematic,golem_ik,nan,,0,b009_d40_e10,9,0.4,0.1,0.420822,-0.128114,0.184725,0.472651,-0.384453,-0.131352,0.871048,1,0,0,0,nan,0.137731,0.072718,0.202744,0.0142291,0.011114,0.137731,0.0126715,1.0024,1.0024,1.0024,0,0,nan,,,nan,nan,,,,,,,,,,,,,0,1,4.00869,arms_front_45,0.0362123,,0,,nan,
golem_ik,kinematic,golem_ik,nan,,0,b009_d40_e20,9,0.4,0.2,0.504426,-0.182981,0.184725,0.562089,-0.429184,-0.131352,0.871048,1,0,0,0,nan,0.216151,0.160896,0.271405,0.0337307,0.00697602,0.216151,0.0203534,1.0024,1.0024,1.0024,0,0,nan,,,nan,nan,,,,,,,,,,,,,0,1,4.02145,arms_front_45,0.0377461,,0,,nan,
golem_ik,kinematic,golem_ik,nan,,0,b009_d50_e00,9,0.5,0,0.337218,-0.0732474,0.0847252,0.383214,-0.339721,-0.231352,0.771048,1,0,1,0,nan,0.135281,0.0438285,0.226734,0.0187759,0.0261339,0.135281,0.0224549,1.0024,1.0024,1.0024,0,0,nan,,,nan,nan,,,,,,,,,,,,,0,1,4.00829,arms_front_45,0.0345805,,0,,nan,
golem_ik,kinematic,golem_ik,nan,,0,b009_d50_e10,9,0.5,0.1,0.420822,-0.128114,0.0847252,0.472651,-0.384453,-0.231352,0.771048,1,0,0,0,nan,0.199567,0.118312,0.280822,0.0360174,0.0210948,0.199567,0.0285561,1.0024,1.0024,1.0024,0,0,nan,,,nan,nan,,,,,,,,,,,,,0,1,4.00751,arms_front_45,0.032902,,0,,nan,
golem_ik,kinematic,golem_ik,nan,,0,b009_d50_e20,9,0.5,0.2,0.504426,-0.182981,0.0847252,0.562089,-0.429184,-0.231352,0.771048,1,0,0,0,nan,0.272289,0.201241,0.343337,0.0500984,0.012542,0.272289,0.0313202,1.0024,1.0024,1.0024,0,0,nan,,,nan,nan,,,,,,,,,,,,,0,1,4.01221,arms_front_45,0.0355815,,0,,nan,
golem_ik,kinematic,golem_ik,nan,,0,b009_d60_e00,9,0.6,0,0.337218,-0.0732474,-0.0152748,0.383214,-0.339721,-0.331352,0.671048,1,0,0,0,nan,0.212005,0.109846,0.314163,0.0449846,0.0376641,0.212005,0.0413244,1.0024,1.0024,1.0024,0,0,nan,,,nan,nan,,,,,,,,,,,,,0,1,4.00664,arms_front_45,0.0330988,,0,,nan,
golem_ik,kinematic,golem_ik,nan,,0,b009_d60_e10,9,0.6,0.1,0.420822,-0.128114,-0.0152748,0.472651,-0.384453,-0.331352,0.671048,1,0,0,0,nan,0.270511,0.177892,0.36313,0.061929,0.0314697,0.270511,0.0466994,1.0024,1.0024,1.0024,0,0,nan,,,nan,nan,,,,,,,,,,,,,0,1,4.00615,arms_front_45,0.0297517,,0,,nan,
golem_ik,kinematic,golem_ik,nan,,0,b009_d60_e20,9,0.6,0.2,0.504426,-0.182981,-0.0152748,0.562089,-0.429184,-0.331352,0.671048,1,0,0,0,nan,0.337106,0.253948,0.420264,0.0732012,0.0226198,0.337106,0.0479105,1.0024,1.0024,1.0024,0,0,nan,,,nan,nan,,,,,,,,,,,,,0,1,4.00955,arms_front_45,0.0323062,,0,,nan,
golem_ik,kinematic,golem_ik,nan,,0,b009_d70_e00,9,0.7,0,0.337218,-0.0732474,-0.115275,0.383214,-0.339721,-0.431352,0.571048,1,0,0,0,nan,0.292685,0.181449,0.403922,0.0685739,0.0486927,0.292685,0.0586333,1.0024,1.0024,1.0024,0,0,nan,,,nan,nan,,,,,,,,,,,,,0,1,4.00598,arms_front_45,0.0302744,,0,,nan,
golem_ik,kinematic,golem_ik,nan,,0,b009_d70_e10,9,0.7,0.1,0.420822,-0.128114,-0.115275,0.472651,-0.384453,-0.431352,0.571048,1,0,0,0,nan,0.346676,0.244763,0.448588,0.0848909,0.0416293,0.346676,0.0632601,1.0024,1.0024,1.0024,0,0,nan,,,nan,nan,,,,,,,,,,,,,0,1,4.00763,arms_front_45,0.0271518,,0,,nan,
golem_ik,kinematic,golem_ik,nan,,0,b009_d70_e20,9,0.7,0.2,0.504426,-0.182981,-0.115275,0.562089,-0.429184,-0.431352,0.571048,1,0,0,0,nan,0.408079,0.31508,0.501078,0.0951795,0.0324885,0.408079,0.063834,1.0024,1.0024,1.0024,0,0,nan,,,nan,nan,,,,,,,,,,,,,0,1,4.01462,arms_front_45,0.0296499,,0,,nan,
golem_ik,kinematic,golem_ik,nan,,0,b009_d80_e00,9,0.8,0,0.337218,-0.0732474,-0.215275,0.383214,-0.339721,-0.531352,0.471048,1,0,0,0,nan,0.376977,0.25851,0.495444,0.0913302,0.058982,0.376977,0.0751561,1.0024,1.0024,1.0024,0,0,nan,,,nan,nan,,,,,,,,,,,,,0,1,4.00867,arms_front_45,0.0212378,,0,,nan,
golem_ik,kinematic,golem_ik,nan,,0,b009_d80_e10,9,0.8,0.1,0.420822,-0.128114,-0.215275,0.472651,-0.384453,-0.531352,0.471048,1,0,0,0,nan,0.426908,0.317363,0.536452,0.107783,0.0512128,0.426908,0.0794981,1.0024,1.0024,1.0024,0,0,nan,,,nan,nan,,,,,,,,,,,,,0,1,4.00986,arms_front_45,0.0240028,,0,,nan,
golem_ik,kinematic,golem_ik,nan,,0,b009_d80_e20,9,0.8,0.2,0.504426,-0.182981,-0.215275,0.562089,-0.429184,-0.531352,0.471048,1,0,0,0,nan,0.483908,0.382898,0.584917,0.116809,0.0418509,0.483908,0.0793298,1.0024,1.0024,1.0024,0,0,nan,,,nan,nan,,,,,,,,,,,,,0,1,4.00618,arms_front_45,0.0263896,,0,,nan,
golem_ik,kinematic,golem_ik,nan,,0,b009_d90_e00,9,0.9,0,0.337218,-0.0732474,-0.315275,0.383214,-0.339721,-0.631352,0.371048,1,0,0,0,nan,0.464102,0.339762,0.588441,0.117523,0.0668606,0.464102,0.092192,1.0024,1.0024,1.0024,0,0,nan,,,nan,nan,,,,,,,,,,,,,0,1,4.01011,arms_front_45,0.0214594,,0,,nan,
golem_ik,kinematic,golem_ik,nan,,0,b009_d90_e10,9,0.9,0.1,0.420822,-0.128114,-0.315275,0.472651,-0.384453,-0.631352,0.371048,1,0,0,0,nan,0.510344,0.394488,0.626201,0.131172,0.0598667,0.510344,0.0955194,1.0024,1.0024,1.0024,0,0,nan,,,nan,nan,,,,,,,,,,,,,0,1,4.01369,arms_front_45,0.0200146,,0,,nan,
golem_ik,kinematic,golem_ik,nan,,0,b009_d90_e20,9,0.9,0.2,0.504426,-0.182981,-0.315275,0.562089,-0.429184,-0.631352,0.371048,1,0,0,0,nan,0.563382,0.455614,0.67115,0.138745,0.050508,0.563382,0.0946266,1.0024,1.0024,1.0024,0,0,nan,,,nan,nan,,,,,,,,,,,,,0,1,4.0075,arms_front_45,0.0234905,,0,,nan,
golem_ik,kinematic,golem_ik,nan,,0,b009_d100_e00,9,1,0,0.337218,-0.0732474,-0.415275,0.383214,-0.339721,-0.731352,0.271048,1,0,0,0,nan,0.553578,0.424754,0.682402,0.14011,0.0752346,0.553578,0.107672,1.0024,1.0024,1.0024,0,0,nan,,,nan,nan,,,,,,,,,,,,,0,1,4.00952,arms_front_45,0.017846,,0,,nan,
golem_ik,kinematic,golem_ik,nan,,0,b009_d100_e10,9,1,0.1,0.420822,-0.128114,-0.415275,0.472651,-0.384453,-0.731352,0.271048,1,0,0,0,nan,0.59628,0.475065,0.717496,0.155263,0.0667564,0.59628,0.11101,1.0024,1.0024,1.0024,0,0,nan,,,nan,nan,,,,,,,,,,,,,0,1,4.00625,arms_front_45,0.019484,,0,,nan,
golem_ik,kinematic,golem_ik,nan,,0,b009_d100_e20,9,1,0.2,0.504426,-0.182981,-0.415275,0.562089,-0.429184,-0.731352,0.271048,1,0,0,0,nan,0.645784,0.532262,0.759306,0.160437,0.0583123,0.645784,0.109375,1.0024,1.0024,1.0024,0,0,nan,,,nan,nan,,,,,,,,,,,,,0,1,4.00989,arms_front_45,0.0212219,,0,,nan,
golem_ik,kinematic,golem_ik,nan,,0,b010_d00_e00,10,0,0,0.209989,0.481006,-0.00318804,0.151935,0.064209,0.767914,0.999212,0,1,1,1,nan,0.00530814,9.67054e-06,0.0106066,1.77893e-07,0.00155497,0.00530814,0.000777574,1.0024,1.0024,1.0024,0,0,nan,,,nan,nan,,,,,,,,,,,,,0,1,4.00912,t_pose,0.014074,,0,,nan,
golem_ik,kinematic,golem_ik,nan,,0,b010_d00_e10,10,0,0.1,0.263335,0.565588,-0.00318804,0.210139,0.145525,0.767914,0.999212,0,0,0,0,nan,0.0624699,0.065902,0.0590379,0.000752289,0.0011,0.0624699,0.000926146,1.0024,1.0024,1.0024,0,0,nan,,,nan,nan,,,,,,,,,,,,,0,1,4.00718,t_pose,0.0181471,,0,,nan,
golem_ik,kinematic,golem_ik,nan,,0,b010_d00_e20,10,0,0.2,0.316681,0.650171,-0.00318804,0.268343,0.226842,0.767914,0.999212,0,0,0,0,nan,0.145168,0.140099,0.150236,0.00102316,0.000700493,0.145168,0.000861827,1.0024,1.0024,1.0024,0,0,nan,,,nan,nan,,,,,,,,,,,,,0,1,4.00853,t_pose,0.0261917,,0,,nan,
golem_ik,kinematic,golem_ik,nan,,0,b010_d10_e00,10,0.1,0,0.209989,0.481006,-0.103188,0.151935,0.064209,0.667914,0.899212,0,0,0,1,nan,0.0604186,0.082191,0.0386461,0.00165912,0.00453071,0.0604186,0.00309491,1.0024,1.0024,1.0024,0,0,nan,,,nan,nan,,,,,,,,,,,,,0,1,4.01083,t_pose,0.0247009,,0,,nan,
golem_ik,kinematic,golem_ik,nan,,0,b010_d10_e10,10,0.1,0.1,0.263335,0.565588,-0.103188,0.210139,0.145525,0.667914,0.899212,0,0,0,0,nan,0.0973959,0.140285,0.0545068,0.00218231,0.000173851,0.0973959,0.00117808,1.0024,1.0024,1.0024,0,0,nan,,,nan,nan,,,,,,,,,,,,,0,1,4.01543,t_pose,0.0235306,,0,,nan,
golem_ik,kinematic,golem_ik,nan,,0,b010_d10_e20,10,0.1,0.2,0.316681,0.650171,-0.103188,0.268343,0.226842,0.667914,0.899212,0,0,0,0,nan,0.175205,0.207203,0.143207,0.00238644,0.000289164,0.175205,0.0013378,1.0024,1.0024,1.0024,0,0,nan,,,nan,nan,,,,,,,,,,,,,0,1,4.00719,t_pose,0.0291517,,0,,nan,
golem_ik,kinematic,golem_ik,nan,,0,b010_d20_e00,10,0.2,0,0.209989,0.481006,-0.203188,0.151935,0.064209,0.567914,0.799212,1,0,0,1,nan,0.0966479,0.168935,0.0243612,0.00384874,0.00450785,0.0966479,0.00417829,1.0024,1.0024,1.0024,0,0,nan,,,nan,nan,,,,,,,,,,,,,0,1,4.00758,t_pose,0.0226265,,0,,nan,
golem_ik,kinematic,golem_ik,nan,,0,b010_d20_e10,10,0.2,0.1,0.263335,0.565588,-0.203188,0.210139,0.145525,0.567914,0.799212,1,0,0,0,nan,0.148116,0.220503,0.0757303,0.00410291,0.000249943,0.148116,0.00217643,1.0024,1.0024,1.0024,0,0,nan,,,nan,nan,,,,,,,,,,,,,0,1,4.01404,t_pose,0.0317321,,0,,nan,
golem_ik,kinematic,golem_ik,nan,,0,b010_d20_e20,10,0.2,0.2,0.316681,0.650171,-0.203188,0.268343,0.226842,0.567914,0.799212,1,0,0,0,nan,0.208327,0.280967,0.135687,0.00415638,0.0819605,0.208327,0.0430584,1.0024,1.0024,1.0024,0,0,nan,,,nan,nan,,,,,,,,,,,,,0,1,4.00926,current,0.0268836,,0,,nan,
golem_ik,kinematic,golem_ik,nan,,0,b010_d30_e00,10,0.3,0,0.209989,0.481006,-0.303188,0.151935,0.064209,0.467914,0.699212,1,0,0,0,nan,0.161273,0.258742,0.0638037,0.00635054,0.010141,0.161273,0.00824577,1.0024,1.0024,1.0024,0,0,nan,,,nan,nan,,,,,,,,,,,,,0,1,4.00727,t_pose,0.0199921,,0,,nan,
golem_ik,kinematic,golem_ik,nan,,0,b010_d30_e10,10,0.3,0.1,0.263335,0.565588,-0.303188,0.210139,0.145525,0.467914,0.699212,1,0,0,0,nan,0.203889,0.304902,0.102877,0.00635717,0.0613887,0.203889,0.033873,1.0024,1.0024,1.0024,0,0,nan,,,nan,nan,,,,,,,,,,,,,0,1,4.01721,current,0.0433395,,0,,nan,
golem_ik,kinematic,golem_ik,nan,,0,b010_d30_e20,10,0.3,0.2,0.316681,0.650171,-0.303188,0.268343,0.226842,0.467914,0.699212,1,0,0,0,nan,0.242508,0.359766,0.12525,0.00621788,0.061487,0.242508,0.0338524,1.0024,1.0024,1.0024,0,0,nan,,,nan,nan,,,,,,,,,,,,,0,1,4.0057,current,0.0408378,,0,,nan,
golem_ik,kinematic,golem_ik,nan,,0,b010_d40_e00,10,0.4,0,0.209989,0.481006,-0.403188,0.151935,0.064209,0.367914,0.599212,1,0,0,0,nan,0.214788,0.350682,0.0788946,0.00999273,0.0325411,0.214788,0.0212669,1.0024,1.0024,1.0024,0,0,nan,,,nan,nan,,,,,,,,,,,,,0,1,4.00955,home,0.0199485,,0,,nan,
golem_ik,kinematic,golem_ik,nan,,0,b010_d40_e10,10,0.4,0.1,0.263335,0.565588,-0.403188,0.210139,0.145525,0.367914,0.599212,1,0,0,0,nan,0.228517,0.392359,0.064674,0.00877074,0.0325757,0.228517,0.0206732,1.0024,1.0024,1.0024,0,0,nan,,,nan,nan,,,,,,,,,,,,,0,1,4.01733,current,0.0389365,,0,,nan,
golem_ik,kinematic,golem_ik,nan,,0,b010_d40_e20,10,0.4,0.2,0.316681,0.650171,-0.403188,0.268343,0.226842,0.367914,0.599212,1,0,0,0,nan,0.277204,0.442395,0.112014,0.00846289,0.0367695,0.277204,0.0226162,1.0024,1.0024,1.0024,0,0,nan,,,nan,nan,,,,,,,,,,,,,0,1,4.01041,home,0.0403269,,0,,nan,
golem_ik,kinematic,golem_ik,nan,,0,b010_d50_e00,10,0.5,0,0.209989,0.481006,-0.503188,0.151935,0.064209,0.267914,0.499212,1,0,0,1,nan,0.239593,0.444159,0.0350285,0.021026,0.00671314,0.239593,0.0138696,1.0024,1.0024,1.0024,0,0,nan,,,nan,nan,,,,,,,,,,,,,0,1,4.00976,home,0.0186704,,0,,nan,
golem_ik,kinematic,golem_ik,nan,,0,b010_d50_e10,10,0.5,0.1,0.263335,0.565588,-0.503188,0.210139,0.145525,0.267914,0.499212,1,0,0,1,nan,0.261113,0.482094,0.0401309,0.0112741,0.00483281,0.261113,0.00805345,1.0024,1.0024,1.0024,0,0,nan,,,nan,nan,,,,,,,,,,,,,0,1,4.00445,home,0.0319457,,0,,nan,
golem_ik,kinematic,golem_ik,nan,,0,b010_d50_e20,10,0.5,0.2,0.316681,0.650171,-0.503188,0.268343,0.226842,0.267914,0.499212,1,0,0,0,nan,0.317653,0.527971,0.107335,0.0108006,0.0206713,0.317653,0.015736,1.0024,1.0024,1.0024,0,0,nan,,,nan,nan,,,,,,,,,,,,,0,1,4.01187,current,0.0373217,,0,,nan,
golem_ik,kinematic,golem_ik,nan,,0,b010_d60_e00,10,0.6,0,0.209989,0.481006,-0.603188,0.151935,0.064209,0.167914,0.399212,1,0,0,1,nan,0.278769,0.538822,0.0187165,0.0310754,0.00260941,0.278769,0.0168424,1.0024,1.0024,1.0024,0,0,nan,,,nan,nan,,,,,,,,,,,,,0,1,4.00629,home,0.0191158,,0,,nan,
golem_ik,kinematic,golem_ik,nan,,0,b010_d60_e10,10,0.6,0.1,0.263335,0.565588,-0.603188,0.210139,0.145525,0.167914,0.399212,1,0,0,1,nan,0.310862,0.573559,0.0481638,0.0137763,0.00404041,0.310862,0.00890834,1.0024,1.0024,1.0024,0,0,nan,,,nan,nan,,,,,,,,,,,,,0,1,4.01363,home,0.0228181,,0,,nan,
golem_ik,kinematic,golem_ik,nan,,0,b010_d60_e20,10,0.6,0.2,0.316681,0.650171,-0.603188,0.268343,0.226842,0.167914,0.399212,1,0,0,0,nan,0.367756,0.615844,0.119669,0.0131612,0.00650939,0.367756,0.0098353,1.0024,1.0024,1.0024,0,0,nan,,,nan,nan,,,,,,,,,,,,,0,1,4.00901,home,0.0318973,,0,,nan,
golem_ik,kinematic,golem_ik,nan,,0,b010_d70_e00,10,0.7,0,0.209989,0.481006,-0.703188,0.151935,0.064209,0.0679139,0.299212,1,0,0,1,nan,0.335935,0.634375,0.0374954,0.0473233,0.00522405,0.335935,0.0262737,1.0024,1.0024,1.0024,0,0,nan,,,nan,nan,,,,,,,,,,,,,0,1,4.00893,arms_front_45,0.0190831,,0,,nan,
golem_ik,kinematic,golem_ik,nan,,0,b010_d70_e10,10,0.7,0.1,0.263335,0.565588,-0.703188,0.210139,0.145525,0.0679139,0.299212,1,0,0,0,nan,0.368832,0.666335,0.0713289,0.019923,0.00442205,0.368832,0.0121725,1.0024,1.0024,1.0024,0,0,nan,,,nan,nan,,,,,,,,,,,,,0,1,4.0096,home,0.0197891,,0,,nan,
golem_ik,kinematic,golem_ik,nan,,0,b010_d70_e20,10,0.7,0.2,0.316681,0.650171,-0.703188,0.268343,0.226842,0.0679139,0.299212,1,0,0,0,nan,0.428187,0.705529,0.150844,0.0155155,0.00660846,0.428187,0.011062,1.0024,1.0024,1.0024,0,0,nan,,,nan,nan,,,,,,,,,,,,,0,1,4.00924,current,0.0240216,,0,,nan,
golem_ik,kinematic,golem_ik,nan,,0,b010_d80_e00,10,0.8,0,0.209989,0.481006,-0.803188,0.151935,0.064209,-0.0320861,0.199212,1,0,0,0,nan,0.395549,0.730579,0.0605185,0.0482867,0.00536617,0.395549,0.0268264,1.0024,1.0024,1.0024,0,0,nan,,,nan,nan,,,,,,,,,,,,,0,1,4.00515,current,0.0182738,,0,,nan,
golem_ik,kinematic,golem_ik,nan,,0,b010_d80_e10,10,0.8,0.1,0.263335,0.565588,-0.803188,0.210139,0.145525,-0.0320861,0.199212,1,0,0,0,nan,0.438833,0.760142,0.117525,0.0351974,0.00513155,0.438833,0.0201645,1.0024,1.0024,1.0024,0,0,nan,,,nan,nan,,,,,,,,,,,,,0,1,4.00672,arms_front_45,0.020045,,0,,nan,
golem_ik,kinematic,golem_ik,nan,,0,b010_d80_e20,10,0.8,0.2,0.316681,0.650171,-0.803188,0.268343,0.226842,-0.0320861,0.199212,1,0,0,0,nan,0.495161,0.796666,0.193656,0.0178984,0.00617442,0.495161,0.0120364,1.0024,1.0024,1.0024,0,0,nan,,,nan,nan,,,,,,,,,,,,,0,1,4.01032,home,0.0202311,,0,,nan,
golem_ik,kinematic,golem_ik,nan,,0,b010_d90_e00,10,0.9,0,0.209989,0.481006,-0.903188,0.151935,0.064209,-0.132086,0.099212,1,0,0,0,nan,0.475849,0.82733,0.124369,0.0554255,0.0187228,0.475849,0.0370742,1.0024,1.0024,1.0024,0,0,nan,,,nan,nan,,,,,,,,,,,,,0,1,4.01063,current,0.0195944,,0,,nan,
golem_ik,kinematic,golem_ik,nan,,0,b010_d90_e10,10,0.9,0.1,0.263335,0.565588,-0.903188,0.210139,0.145525,-0.132086,0.099212,1,0,0,0,nan,0.51604,0.85484,0.17724,0.0446404,0.00588998,0.51604,0.0252652,1.0024,1.0024,1.0024,0,0,nan,,,nan,nan,,,,,,,,,,,,,0,1,4.00756,arms_front_45,0.0185356,,0,,nan,
golem_ik,kinematic,golem_ik,nan,,0,b010_d90_e20,10,0.9,0.2,0.316681,0.650171,-0.903188,0.268343,0.226842,-0.132086,0.099212,1,0,0,0,nan,0.569222,0.888978,0.249466,0.0202805,0.00897057,0.569222,0.0146255,1.0024,1.0024,1.0024,0,0,nan,,,nan,nan,,,,,,,,,,,,,0,1,4.01127,current,0.0197425,,0,,nan,
golem_ik,kinematic,golem_ik,nan,,0,b010_d100_e00,10,1,0,0.209989,0.481006,-1.00319,0.151935,0.064209,-0.232086,-0.000788041,1,0,0,0,nan,0.564842,0.924516,0.205169,0.0615178,0.0518975,0.564842,0.0567076,1.0024,1.0024,1.0024,0,0,nan,,,nan,nan,,,,,,,,,,,,,0,1,4.00868,home,0.021091,,0,,nan,
golem_ik,kinematic,golem_ik,nan,,0,b010_d100_e10,10,1,0.1,0.263335,0.565588,-1.00319,0.210139,0.145525,-0.232086,-0.000788041,1,0,0,0,nan,0.600858,0.950247,0.25147,0.0526698,0.0406984,0.600858,0.0466841,1.0024,1.0024,1.0024,0,0,nan,,,nan,nan,,,,,,,,,,,,,0,1,4.01313,arms_front_45,0.0179307,,0,,nan,
golem_ik,kinematic,golem_ik,nan,,0,b010_d100_e20,10,1,0.2,0.316681,0.650171,-1.00319,0.268343,0.226842,-0.232086,-0.000788041,1,0,0,0,nan,0.649111,0.982238,0.315984,0.0253165,0.0227656,0.649111,0.024041,1.0024,1.0024,1.0024,0,0,nan,,,nan,nan,,,,,,,,,,,,,0,1,4.0076,home,0.0203255,,0,,nan,
golem_ik,kinematic,golem_ik,nan,,0,b011_d00_e00,11,0,0,0.234111,0.0923819,-0.0150226,0.332406,-0.00305841,0.751271,0.987377,0,1,1,1,nan,0.000309808,0.000286717,0.000332899,0.00199885,0.000383024,0.000309808,0.00119093,1.0024,1.0024,1.0024,0,0,nan,,,nan,nan,,,,,,,,,,,,,0,1,0.242685,home,0.0197615,,0,,nan,
golem_ik,kinematic,golem_ik,nan,,0,b011_d00_e10,11,0,0.1,0.331398,0.0692444,-0.0150226,0.424065,0.0369248,0.751271,0.987377,0,1,1,1,nan,0.0214127,0.0180465,0.0247789,0.000111924,0.000469279,0.0214127,0.000290602,1.0024,1.0024,1.0024,0,0,nan,,,nan,nan,,,,,,,,,,,,,0,1,4.01776,home,0.0197638,,0,,nan,
golem_ik,kinematic,golem_ik,nan,,0,b011_d00_e20,11,0,0.2,0.428684,0.046107,-0.0150226,0.515724,0.0769081,0.751271,0.987377,0,0,0,0,nan,0.0969449,0.0839675,0.109922,9.37834e-05,0.00188679,0.0969449,0.000990284,1.0024,1.0024,1.0024,0,0,nan,,,nan,nan,,,,,,,,,,,,,0,1,4.01942,current,0.0198998,,0,,nan,
golem_ik,kinematic,golem_ik,nan,,0,b011_d10_e00,11,0.1,0,0.234111,0.0923819,-0.115023,0.332406,-0.00305841,0.651271,0.887377,1,0,0,1,nan,0.0261227,0.0522453,1.24493e-16,0.000845016,4.66157e-16,0.0261227,0.000422508,1.0024,1.0024,1.0024,0,0,nan,,,nan,nan,,,,,,,,,,,,,0,1,4.00997,t_pose,0.0256685,,0,,nan,
golem_ik,kinematic,golem_ik,nan,,0,b011_d10_e10,11,0.1,0.1,0.331398,0.0692444,-0.115023,0.424065,0.0369248,0.651271,0.887377,1,0,0,1,nan,0.0498002,0.099599,1.49702e-06,0.00105783,1.54813e-07,0.0498002,0.00052899,1.0024,1.0024,1.0024,0,0,nan,,,nan,nan,,,,,,,,,,,,,0,1,4.00745,t_pose,0.0265679,,0,,nan,
golem_ik,kinematic,golem_ik,nan,,0,b011_d10_e20,11,0.1,0.2,0.428684,0.046107,-0.115023,0.515724,0.0769081,0.651271,0.887377,1,0,0,0,nan,0.113297,0.157964,0.0686306,0.000910308,0.000944085,0.113297,0.000927196,1.0024,1.0024,1.0024,0,0,nan,,,nan,nan,,,,,,,,,,,,,0,1,4.0074,t_pose,0.0199804,,0,,nan,
golem_ik,kinematic,golem_ik,nan,,0,b011_d20_e00,11,0.2,0,0.234111,0.0923819,-0.215023,0.332406,-0.00305841,0.551271,0.787377,1,0,0,1,nan,0.0721357,0.144271,5.55179e-17,0.00270706,2.55319e-16,0.0721357,0.00135353,1.0024,1.0024,1.0024,0,0,nan,,,nan,nan,,,,,,,,,,,,,0,1,4.00894,t_pose,0.0282615,,0,,nan,
golem_ik,kinematic,golem_ik,nan,,0,b011_d20_e10,11,0.2,0.1,0.331398,0.0692444,-0.215023,0.424065,0.0369248,0.551271,0.787377,1,0,0,1,nan,0.0928651,0.18573,4.44558e-08,0.00257173,6.46808e-09,0.0928651,0.00128587,1.0024,1.0024,1.0024,0,0,nan,,,nan,nan,,,,,,,,,,,,,0,1,4.00853,t_pose,0.0288622,,0,,nan,
golem_ik,kinematic,golem_ik,nan,,0,b011_d20_e20,11,0.2,0.2,0.428684,0.046107,-0.215023,0.515724,0.0769081,0.551271,0.787377,1,0,0,1,nan,0.139009,0.237743,0.0402754,0.00222309,0.000418474,0.139009,0.00132078,1.0024,1.0024,1.0024,0,0,nan,,,nan,nan,,,,,,,,,,,,,0,1,4.00956,t_pose,0.0199867,,0,,nan,
golem_ik,kinematic,golem_ik,nan,,0,b011_d30_e00,11,0.3,0,0.234111,0.0923819,-0.315023,0.332406,-0.00305841,0.451271,0.687377,1,0,0,1,nan,0.11912,0.238241,1.58698e-11,0.00489165,4.34391e-12,0.11912,0.00244583,1.0024,1.0024,1.0024,0,0,nan,,,nan,nan,,,,,,,,,,,,,0,1,4.00606,t_pose,0.0305531,,0,,nan,
golem_ik,kinematic,golem_ik,nan,,0,b011_d30_e10,11,0.3,0.1,0.331398,0.0692444,-0.315023,0.424065,0.0369248,0.451271,0.687377,1,0,0,1,nan,0.137507,0.274997,1.72853e-05,0.00445104,2.72358e-06,0.137507,0.00222688,1.0024,1.0024,1.0024,0,0,nan,,,nan,nan,,,,,,,,,,,,,0,1,4.00872,t_pose,0.0301432,,0,,nan,
golem_ik,kinematic,golem_ik,nan,,0,b011_d30_e20,11,0.3,0.2,0.428684,0.046107,-0.315023,0.515724,0.0769081,0.451271,0.687377,1,0,0,1,nan,0.176132,0.321726,0.0305385,0.00389297,0.000509776,0.176132,0.00220137,1.0024,1.0024,1.0024,0,0,nan,,,nan,nan,,,,,,,,,,,,,0,1,4.00646,arms_front_45,0.0246848,,0,,nan,
golem_ik,kinematic,golem_ik,nan,,0,b011_d40_e00,11,0.4,0,0.234111,0.0923819,-0.415023,0.332406,-0.00305841,0.351271,0.587377,1,0,0,1,nan,0.166766,0.333531,1.29675e-07,0.00724027,3.41332e-08,0.166766,0.00362015,1.0024,1.0024,1.0024,0,0,nan,,,nan,nan,,,,,,,,,,,,,0,1,4.00856,t_pose,0.0323437,,0,,nan,
golem_ik,kinematic,golem_ik,nan,,0,b011_d40_e10,11,0.4,0.1,0.331398,0.0692444,-0.415023,0.424065,0.0369248,0.351271,0.587377,1,0,0,1,nan,0.183657,0.36648,0.000833392,0.0065446,0.000122059,0.183657,0.00333333,1.0024,1.0024,1.0024,0,0,nan,,,nan,nan,,,,,,,,,,,,,0,1,4.00731,t_pose,0.0315019,,0,,nan,
golem_ik,kinematic,golem_ik,nan,,0,b011_d40_e20,11,0.4,0.2,0.428684,0.046107,-0.415023,0.515724,0.0769081,0.351271,0.587377,1,0,0,1,nan,0.227999,0.408769,0.047229,0.00578684,0.00263832,0.227999,0.00421258,1.0024,1.0024,1.0024,0,0,nan,,,nan,nan,,,,,,,,,,,,,0,1,4.01176,arms_front_45,0.0282473,,0,,nan,
golem_ik,kinematic,golem_ik,nan,,0,b011_d50_e00,11,0.5,0,0.234111,0.0923819,-0.515023,0.332406,-0.00305841,0.251271,0.487377,1,0,0,1,nan,0.214894,0.42978,7.28227e-06,0.00965508,2.43922e-06,0.214894,0.00482876,1.0024,1.0024,1.0024,0,0,nan,,,nan,nan,,,,,,,,,,,,,0,1,4.01081,arms_front_45,0.0219421,,0,,nan,
golem_ik,kinematic,golem_ik,nan,,0,b011_d50_e10,11,0.5,0.1,0.331398,0.0692444,-0.515023,0.424065,0.0369248,0.251271,0.487377,1,0,0,1,nan,0.233159,0.459599,0.00671942,0.008749,0.000892449,0.233159,0.00482073,1.0024,1.0024,1.0024,0,0,nan,,,nan,nan,,,,,,,,,,,,,0,1,4.00811,arms_front_45,0.0289041,,0,,nan,
golem_ik,kinematic,golem_ik,nan,,0,b011_d50_e20,11,0.5,0.2,0.428684,0.046107,-0.515023,0.515724,0.0769081,0.251271,0.487377,1,0,0,0,nan,0.28323,0.498124,0.068335,0.00780808,0.00292425,0.28323,0.00536617,1.0024,1.0024,1.0024,0,0,nan,,,nan,nan,,,,,,,,,,,,,0,1,4.00881,arms_front_45,0.0289072,,0,,nan,
golem_ik,kinematic,golem_ik,nan,,0,b011_d60_e00,11,0.6,0,0.234111,0.0923819,-0.615023,0.332406,-0.00305841,0.151271,0.387377,1,0,0,1,nan,0.264367,0.52669,0.00204463,0.0120357,0.000450784,0.264367,0.00624323,1.0024,1.0024,1.0024,0,0,nan,,,nan,nan,,,,,,,,,,,,,0,1,4.01071,arms_front_45,0.0200307,,0,,nan,
golem_ik,kinematic,golem_ik,nan,,0,b011_d60_e10,11,0.6,0.1,0.331398,0.0692444,-0.615023,0.424065,0.0369248,0.151271,0.387377,1,0,0,1,nan,0.293812,0.553878,0.0337458,0.0109992,0.00328981,0.293812,0.00714449,1.0024,1.0024,1.0024,0,0,nan,,,nan,nan,,,,,,,,,,,,,0,1,4.00453,t_pose,0.0307384,,0,,nan,
golem_ik,kinematic,golem_ik,nan,,0,b011_d60_e20,11,0.6,0.2,0.428684,0.046107,-0.615023,0.515724,0.0769081,0.151271,0.387377,1,0,0,0,nan,0.347711,0.589224,0.106197,0.00999467,0.00476414,0.347711,0.00737941,1.0024,1.0024,1.0024,0,0,nan,,,nan,nan,,,,,,,,,,,,,0,1,4.00803,t_pose,0.0331758,,0,,nan,
golem_ik,kinematic,golem_ik,nan,,0,b011_d70_e00,11,0.7,0,0.234111,0.0923819,-0.715023,0.332406,-0.00305841,0.051271,0.287377,1,0,0,1,nan,0.324712,0.624116,0.0253084,0.0143333,0.00318629,0.324712,0.00875981,1.0024,1.0024,1.0024,0,0,nan,,,nan,nan,,,,,,,,,,,,,0,1,4.00849,home,0.0200063,,0,,nan,
golem_ik,kinematic,golem_ik,nan,,0,b011_d70_e10,11,0.7,0.1,0.331398,0.0692444,-0.715023,0.424065,0.0369248,0.051271,0.287377,1,0,0,0,nan,0.36485,0.6491,0.0805998,0.0132878,0.00597791,0.36485,0.00963288,1.0024,1.0024,1.0024,0,0,nan,,,nan,nan,,,,,,,,,,,,,0,1,4.00945,t_pose,0.0267013,,0,,nan,
golem_ik,kinematic,golem_ik,nan,,0,b011_d70_e20,11,0.7,0.2,0.428684,0.046107,-0.715023,0.515724,0.0769081,0.051271,0.287377,1,0,0,0,nan,0.418005,0.681722,0.154288,0.0122613,0.00666361,0.418005,0.00946244,1.0024,1.0024,1.0024,0,0,nan,,,nan,nan,,,,,,,,,,,,,0,1,4.00794,t_pose,0.0332716,,0,,nan,
golem_ik,kinematic,golem_ik,nan,,0,b011_d80_e00,11,0.8,0,0.234111,0.0923819,-0.815023,0.332406,-0.00305841,-0.048729,0.187377,1,0,0,0,nan,0.401511,0.721897,0.0811249,0.0214351,0.00677551,0.401511,0.0141053,1.0024,1.0024,1.0024,0,0,nan,,,nan,nan,,,,,,,,,,,,,0,1,4.00717,home,0.019972,,0,,nan,
golem_ik,kinematic,golem_ik,nan,,0,b011_d80_e10,11,0.8,0.1,0.331398,0.0692444,-0.815023,0.424065,0.0369248,-0.048729,0.187377,1,0,0,0,nan,0.443456,0.745064,0.141848,0.0152105,0.00758297,0.443456,0.0113967,1.0024,1.0024,1.0024,0,0,nan,,,nan,nan,,,,,,,,,,,,,0,1,4.00549,current,0.0238433,,0,,nan,
golem_ik,kinematic,golem_ik,nan,,0,b011_d80_e20,11,0.8,0.2,0.428684,0.046107,-0.815023,0.515724,0.0769081,-0.048729,0.187377,1,0,0,0,nan,0.493967,0.775331,0.212602,0.0139103,0.00807592,0.493967,0.0109931,1.0024,1.0024,1.0024,0,0,nan,,,nan,nan,,,,,,,,,,,,,0,1,4.01155,home,0.0290418,,0,,nan,
golem_ik,kinematic,golem_ik,nan,,0,b011_d90_e00,11,0.9,0,0.234111,0.0923819,-0.915023,0.332406,-0.00305841,-0.148729,0.0873774,1,0,0,0,nan,0.487924,0.819986,0.155862,0.0303806,0.0205813,0.487924,0.0254809,1.0024,1.0024,1.0024,0,0,nan,,,nan,nan,,,,,,,,,,,,,0,1,4.01011,current,0.0200151,,0,,nan,
golem_ik,kinematic,golem_ik,nan,,0,b011_d90_e10,11,0.9,0.1,0.331398,0.0692444,-0.915023,0.424065,0.0369248,-0.148729,0.0873774,1,0,0,0,nan,0.52676,0.841574,0.211946,0.0171698,0.0100197,0.52676,0.0135948,1.0024,1.0024,1.0024,0,0,nan,,,nan,nan,,,,,,,,,,,,,0,1,4.00951,current,0.0214944,,0,,nan,
golem_ik,kinematic,golem_ik,nan,,0,b011_d90_e20,11,0.9,0.2,0.428684,0.046107,-0.915023,0.515724,0.0769081,-0.148729,0.0873774,1,0,0,0,nan,0.573967,0.86979,0.278145,0.0158038,0.0105573,0.573967,0.0131805,1.0024,1.0024,1.0024,0,0,nan,,,nan,nan,,,,,,,,,,,,,0,1,4.00946,current,0.0254543,,0,,nan,
golem_ik,kinematic,golem_ik,nan,,0,b011_d100_e00,11,1,0,0.234111,0.0923819,-1.01502,0.332406,-0.00305841,-0.248729,-0.0126226,1,0,0,0,nan,0.581316,0.918448,0.244184,0.023631,0.020295,0.581316,0.021963,1.0024,1.0024,1.0024,0,0,nan,,,nan,nan,,,,,,,,,,,,,0,1,4.0048,t_pose,0.0265481,,0,,nan,
golem_ik,kinematic,golem_ik,nan,,0,b011_d100_e10,11,1,0.1,0.331398,0.0692444,-1.01502,0.424065,0.0369248,-0.248729,-0.0126226,1,0,0,0,nan,0.614677,0.93854,0.290813,0.0189899,0.0350409,0.614677,0.0270154,1.0024,1.0024,1.0024,0,0,nan,,,nan,nan,,,,,,,,,,,,,0,1,4.00729,home,0.0199893,,0,,nan,
golem_ik,kinematic,golem_ik,nan,,0,b011_d100_e20,11,1,0.2,0.428684,0.046107,-1.01502,0.515724,0.0769081,-0.248729,-0.0126226,1,0,0,0,nan,0.657687,0.964956,0.350418,0.0175829,0.0188349,0.657687,0.0182089,1.0024,1.0024,1.0024,0,0,nan,,,nan,nan,,,,,,,,,,,,,0,1,4.0063,home,0.022729,,0,,nan,
golem_ik,kinematic,golem_ik,nan,,0,b012_d00_e00,12,0,0,0.174947,0.0174175,0.36274,0.30305,-0.286525,-0.018094,0.984306,0,1,1,1,nan,0.0187146,0.0244455,0.0129837,0.0143077,0.0064502,0.0187146,0.0103789,1.0024,1.0024,1.0024,0,0,nan,,,nan,nan,,,,,,,,,,,,,0,1,4.00582,t_pose,0.0167282,,0,,nan,
golem_ik,kinematic,golem_ik,nan,,0,b012_d00_e10,12,0,0.1,0.255071,-0.042416,0.36274,0.394006,-0.328083,-0.018094,0.984306,0,0,1,0,nan,0.0311656,0.00630322,0.0560279,0.00324812,0.00138377,0.0311656,0.00231594,1.0024,1.0024,1.0024,0,0,nan,,,nan,nan,,,,,,,,,,,,,0,1,4.00802,home,0.0148326,,0,,nan,
golem_ik,kinematic,golem_ik,nan,,0,b012_d00_e20,12,0,0.2,0.335196,-0.10225,0.36274,0.484961,-0.369641,-0.018094,0.984306,0,0,1,0,nan,0.0633903,0,0.126781,1.98209e-16,0.00849263,0.0633903,0.00424632,1.0024,1.0024,1.0024,0,0,nan,,,nan,nan,,,,,,,,,,,,,0,1,4.00695,arms_front_45,0.0291551,,0,,nan,
golem_ik,kinematic,golem_ik,nan,,0,b012_d10_e00,12,0.1,0,0.174947,0.0174175,0.26274,0.30305,-0.286525,-0.118094,0.884306,1,0,1,0,nan,0.0602625,0.0351154,0.0854097,0.0210512,0.00262892,0.0602625,0.0118401,1.0024,1.0024,1.0024,0,0,nan,,,nan,nan,,,,,,,,,,,,,0,1,4.0105,home,0.0162486,,0,,nan,
golem_ik,kinematic,golem_ik,nan,,0,b012_d10_e10,12,0.1,0.1,0.255071,-0.042416,0.26274,0.394006,-0.328083,-0.118094,0.884306,1,0,1,0,nan,0.0790348,0.0236572,0.134412,0.0132737,0.0032494,0.0790348,0.00826157,1.0024,1.0024,1.0024,0,0,nan,,,nan,nan,,,,,,,,,,,,,0,1,4.00949,current,0.0158495,,0,,nan,
golem_ik,kinematic,golem_ik,nan,,0,b012_d10_e20,12,0.1,0.2,0.335196,-0.10225,0.26274,0.484961,-0.369641,-0.118094,0.884306,1,0,1,0,nan,0.102649,0.00890925,0.196389,0.00337959,0.00534522,0.102649,0.00436241,1.0024,1.0024,1.0024,0,0,nan,,,nan,nan,,,,,,,,,,,,,0,1,4.0094,current,0.015632,,0,,nan,
golem_ik,kinematic,golem_ik,nan,,0,b012_d20_e00,12,0.2,0,0.174947,0.0174175,0.16274,0.30305,-0.286525,-0.218094,0.784306,1,0,1,0,nan,0.110661,0.0485406,0.172782,0.0280977,0.00320168,0.110661,0.0156497,1.0024,1.0024,1.0024,0,0,nan,,,nan,nan,,,,,,,,,,,,,0,1,4.00772,current,0.0196399,,0,,nan,
golem_ik,kinematic,golem_ik,nan,,0,b012_d20_e10,12,0.2,0.1,0.255071,-0.042416,0.16274,0.394006,-0.328083,-0.218094,0.784306,1,0,1,0,nan,0.130019,0.043675,0.216362,0.0222573,0.0070596,0.130019,0.0146584,1.0024,1.0024,1.0024,0,0,nan,,,nan,nan,,,,,,,,,,,,,0,1,4.01062,arms_front_45,0.00930106,,0,,nan,
golem_ik,kinematic,golem_ik,nan,,0,b012_d20_e20,12,0.2,0.2,0.335196,-0.10225,0.16274,0.484961,-0.369641,-0.218094,0.784306,1,0,1,0,nan,0.151626,0.0304786,0.272773,0.0140945,0.00717937,0.151626,0.0106369,1.0024,1.0024,1.0024,0,0,nan,,,nan,nan,,,,,,,,,,,,,0,1,4.01224,t_pose,0.0158626,,0,,nan,
golem_ik,kinematic,golem_ik,nan,,0,b012_d30_e00,12,0.3,0,0.174947,0.0174175,0.0627404,0.30305,-0.286525,-0.318094,0.684306,1,0,0,0,nan,0.17961,0.0668737,0.292346,0.121,0.0305104,0.17961,0.0757552,1.0024,1.0024,1.0024,0,0,nan,,,nan,nan,,,,,,,,,,,,,0,1,3.07472,arms_front_45,0.0176727,,1,,nan,
golem_ik,kinematic,golem_ik,nan,,0,b012_d30_e10,12,0.3,0.1,0.255071,-0.042416,0.0627404,0.394006,-0.328083,-0.318094,0.684306,1,0,0,0,nan,0.178603,0.0541629,0.303042,0.0287785,0.00958279,0.178603,0.0191806,1.0024,1.0024,1.0024,0,0,nan,,,nan,nan,,,,,,,,,,,,,0,1,4.00515,home,0.00859944,,0,,nan,
golem_ik,kinematic,golem_ik,nan,,0,b012_d30_e20,12,0.3,0.2,0.335196,-0.10225,0.0627404,0.484961,-0.369641,-0.318094,0.684306,1,0,0,0,nan,0.216371,0.0781322,0.35461,0.0310259,0.00711862,0.216371,0.0190723,1.0024,1.0024,1.0024,0,0,nan,,,nan,nan,,,,,,,,,,,,,0,1,4.00724,t_pose,0.0202347,,0,,nan,
golem_ik,kinematic,golem_ik,nan,,0,b012_d40_e00,12,0.4,0,0.174947,0.0174175,-0.0372596,0.30305,-0.286525,-0.418094,0.584306,1,0,0,0,nan,0.211426,0.0684127,0.354439,0.0393358,0.00557703,0.211426,0.0224564,1.0024,1.0024,1.0024,0,0,nan,,,nan,nan,,,,,,,,,,,,,0,1,2.13481,t_pose,0.0150276,,2,,nan,
golem_ik,kinematic,golem_ik,nan,,0,b012_d40_e10,12,0.4,0.1,0.255071,-0.042416,-0.0372596,0.394006,-0.328083,-0.418094,0.584306,1,0,0,0,nan,0.234662,0.0778853,0.391439,0.0227132,0.0123915,0.234662,0.0175523,1.0024,1.0024,1.0024,0,0,nan,,,nan,nan,,,,,,,,,,,,,0,1,2.16583,t_pose,0.00204933,,2,,nan,
golem_ik,kinematic,golem_ik,nan,,0,b012_d40_e20,12,0.4,0.2,0.335196,-0.10225,-0.0372596,0.484961,-0.369641,-0.418094,0.584306,1,0,0,0,nan,0.285909,0.132896,0.438922,0.0361353,0.00695381,0.285909,0.0215446,1.0024,1.0024,1.0024,0,0,nan,,,nan,nan,,,,,,,,,,,,,0,1,4.0084,t_pose,0.0208688,,0,,nan,
golem_ik,kinematic,golem_ik,nan,,0,b012_d50_e00,12,0.5,0,0.174947,0.0174175,-0.13726,0.30305,-0.286525,-0.518094,0.484306,1,0,0,0,nan,0.275471,0.103591,0.447351,0.0481767,0.0250367,0.275471,0.0366067,1.0024,1.0024,1.0024,0,0,nan,,,nan,nan,,,,,,,,,,,,,0,1,3.94269,t_pose,-0.0391507,,1,,nan,
golem_ik,kinematic,golem_ik,nan,,0,b012_d50_e10,12,0.5,0.1,0.255071,-0.042416,-0.13726,0.394006,-0.328083,-0.518094,0.484306,1,0,0,0,nan,0.315261,0.147193,0.483329,0.0449257,0.00939928,0.315261,0.0271625,1.0024,1.0024,1.0024,0,0,nan,,,nan,nan,,,,,,,,,,,,,0,1,4.00745,t_pose,0.019702,,0,,nan,
golem_ik,kinematic,golem_ik,nan,,0,b012_d50_e20,12,0.5,0.2,0.335196,-0.10225,-0.13726,0.484961,-0.369641,-0.518094,0.484306,1,0,0,0,nan,0.362772,0.199403,0.526141,0.038972,0.00577314,0.362772,0.0223726,1.0024,1.0024,1.0024,0,0,nan,,,nan,nan,,,,,,,,,,,,,0,1,4.0108,t_pose,0.0223135,,0,,nan,
golem_ik,kinematic,golem_ik,nan,,0,b012_d60_e00,12,0.6,0,0.174947,0.0174175,-0.23726,0.30305,-0.286525,-0.618094,0.384306,1,0,0,0,nan,0.370607,0.197408,0.543805,0.0520458,0.018832,0.370607,0.0354389,1.0024,1.0024,1.0024,0,0,nan,,,nan,nan,,,,,,,,,,,,,0,1,4.00928,t_pose,0.00878798,,0,,nan,
golem_ik,kinematic,golem_ik,nan,,0,b012_d60_e10,12,0.6,0.1,0.255071,-0.042416,-0.23726,0.394006,-0.328083,-0.618094,0.384306,1,0,0,0,nan,0.402711,0.229339,0.576082,0.0616396,0.0246859,0.402711,0.0431627,1.0024,1.0024,1.0024,0,0,nan,,,nan,nan,,,,,,,,,,,,,0,1,4.00844,t_pose,0.0199025,,0,,nan,
golem_ik,kinematic,golem_ik,nan,,0,b012_d60_e20,12,0.6,0.2,0.335196,-0.10225,-0.23726,0.484961,-0.369641,-0.618094,0.384306,1,0,0,0,nan,0.445162,0.27532,0.615005,0.0465049,0.0147074,0.445162,0.0306062,1.0024,1.0024,1.0024,0,0,nan,,,nan,nan,,,,,,,,,,,,,0,1,4.01165,t_pose,0.0186096,,0,,nan,
golem_ik,kinematic,golem_ik,nan,,0,b012_d70_e00,12,0.7,0,0.174947,0.0174175,-0.33726,0.30305,-0.286525,-0.718094,0.284306,1,0,0,0,nan,0.46332,0.286782,0.639858,0.0653606,0.0249244,0.46332,0.0451425,1.0024,1.0024,1.0024,0,0,nan,,,nan,nan,,,,,,,,,,,,,0,1,4.00292,arms_front_45,0.00390472,,0,,nan,
golem_ik,kinematic,golem_ik,nan,,0,b012_d70_e10,12,0.7,0.1,0.255071,-0.042416,-0.33726,0.394006,-0.328083,-0.718094,0.284306,1,0,0,0,nan,0.492218,0.315348,0.669087,0.0548367,0.0228652,0.492218,0.038851,1.0024,1.0024,1.0024,0,0,nan,,,nan,nan,,,,,,,,,,,,,0,1,4.0121,home,0.0100409,,0,,nan,
golem_ik,kinematic,golem_ik,nan,,0,b012_d70_e20,12,0.7,0.2,0.335196,-0.10225,-0.33726,0.484961,-0.369641,-0.718094,0.284306,1,0,0,0,nan,0.531579,0.357429,0.705728,0.0533839,0.0213577,0.531579,0.0373708,1.0024,1.0024,1.0024,0,0,nan,,,nan,nan,,,,,,,,,,,,,0,1,3.9161,t_pose,0.0151518,,2,,nan,
golem_ik,kinematic,golem_ik,nan,,0,b012_d80_e00,12,0.8,0,0.174947,0.0174175,-0.43726,0.30305,-0.286525,-0.818094,0.184306,1,0,0,0,nan,0.560412,0.383618,0.737206,0.0717852,0.0358463,0.560412,0.0538157,1.0024,1.0024,1.0024,0,0,nan,,,nan,nan,,,,,,,,,,,,,0,1,4.01029,arms_front_45,0.015638,,0,,nan,
golem_ik,kinematic,golem_ik,nan,,0,b012_d80_e10,12,0.8,0.1,0.255071,-0.042416,-0.43726,0.394006,-0.328083,-0.818094,0.184306,1,0,0,0,nan,0.585367,0.406929,0.763805,0.0652242,0.0262492,0.585367,0.0457367,1.0024,1.0024,1.0024,0,0,nan,,,nan,nan,,,,,,,,,,,,,0,1,4.00383,t_pose,0.011055,,0,,nan,
golem_ik,kinematic,golem_ik,nan,,0,b012_d80_e20,12,0.8,0.2,0.335196,-0.10225,-0.43726,0.484961,-0.369641,-0.818094,0.184306,1,0,0,0,nan,0.621096,0.444017,0.798174,0.0622828,0.0286243,0.621096,0.0454536,1.0024,1.0024,1.0024,0,0,nan,,,nan,nan,,,,,,,,,,,,,0,1,4.01133,t_pose,0.0179304,,0,,nan,
golem_ik,kinematic,golem_ik,nan,,0,b012_d90_e00,12,0.9,0,0.174947,0.0174175,-0.53726,0.30305,-0.286525,-0.918094,0.084306,1,0,0,0,nan,0.654761,0.47592,0.833602,0.0937821,0.0317274,0.654761,0.0627547,1.0024,1.0024,1.0024,0,0,nan,,,nan,nan,,,,,,,,,,,,,0,1,4.00926,home,0.00914815,,0,,nan,
golem_ik,kinematic,golem_ik,nan,,0,b012_d90_e10,12,0.9,0.1,0.255071,-0.042416,-0.53726,0.394006,-0.328083,-0.918094,0.084306,1,0,0,0,nan,0.680917,0.501741,0.860094,0.0732249,0.0434745,0.680917,0.0583497,1.0024,1.0024,1.0024,0,0,nan,,,nan,nan,,,,,,,,,,,,,0,1,4.01131,home,0.00729465,,0,,nan,
golem_ik,kinematic,golem_ik,nan,,0,b012_d90_e20,12,0.9,0.2,0.335196,-0.10225,-0.53726,0.484961,-0.369641,-0.918094,0.084306,1,0,0,0,nan,0.713642,0.535155,0.892129,0.0754419,0.0418069,0.713642,0.0586244,1.0024,1.0024,1.0024,0,0,nan,,,nan,nan,,,,,,,,,,,,,0,1,4.00886,t_pose,0.0199514,,0,,nan,
golem_ik,kinematic,golem_ik,nan,,0,b012_d100_e00,12,1,0,0.174947,0.0174175,-0.63726,0.30305,-0.286525,-1.01809,-0.015694,1,0,0,0,nan,0.752465,0.573249,0.93168,0.105826,0.0441644,0.752465,0.0749951,1.0024,1.0024,1.0024,0,0,nan,,,nan,nan,,,,,,,,,,,,,0,1,4.01651,current,0.0216776,,0,,nan,
golem_ik,kinematic,golem_ik,nan,,0,b012_d100_e10,12,1,0.1,0.255071,-0.042416,-0.63726,0.394006,-0.328083,-1.01809,-0.015694,1,0,0,0,nan,0.775139,0.595057,0.955221,0.0913515,0.0379696,0.775139,0.0646606,1.0024,1.0024,1.0024,0,0,nan,,,nan,nan,,,,,,,,,,,,,0,1,4.00523,t_pose,0.0128789,,0,,nan,
golem_ik,kinematic,golem_ik,nan,,0,b012_d100_e20,12,1,0.2,0.335196,-0.10225,-0.63726,0.484961,-0.369641,-1.01809,-0.015694,1,0,0,0,nan,0.80455,0.624093,0.985007,0.0791538,0.0337405,0.80455,0.0564472,1.0024,1.0024,1.0024,0,0,nan,,,nan,nan,,,,,,,,,,,,,0,1,4.01027,home,0.0110937,,0,,nan,
golem_ik,kinematic,golem_ik,nan,,0,b013_d00_e00,13,0,0,0.328027,0.309978,-0.000266357,0.360379,-0.137256,0.371189,1.00213,0,1,1,1,nan,0.00568284,5.25838e-18,0.0113657,1.49864e-16,0.00669964,0.00568284,0.00334982,1.0024,1.0024,1.0024,0,0,nan,,,nan,nan,,,,,,,,,,,,,0,1,4.01228,current,0.017039,,0,,nan,
golem_ik,kinematic,golem_ik,nan,,0,b013_d00_e10,13,0,0.1,0.417698,0.35424,-0.000266357,0.460334,-0.134259,0.371189,1.00213,0,0,0,1,nan,0.0310466,0.0620932,7.85046e-17,0.000502196,4.14612e-16,0.0310466,0.000251098,1.0024,1.0024,1.0024,0,0,nan,,,nan,nan,,,,,,,,,,,,,0,1,4.03768,t_pose,0.068705,,0,,nan,
golem_ik,kinematic,golem_ik,nan,,0,b013_d00_e20,13,0,0.2,0.507368,0.398502,-0.000266357,0.560289,-0.131263,0.371189,1.00213,0,0,0,0,nan,0.109199,0.135994,0.0824048,0.000488585,0.0443459,0.109199,0.0224173,1.0024,1.0024,1.0024,0,0,nan,,,nan,nan,,,,,,,,,,,,,0,1,4.00541,t_pose,0.0723916,,0,,nan,
golem_ik,kinematic,golem_ik,nan,,0,b013_d10_e00,13,0.1,0,0.328027,0.309978,-0.100266,0.360379,-0.137256,0.271189,0.902134,0,0,0,1,nan,0.039416,0.0788321,0,0.00142425,3.52271e-16,0.039416,0.000712126,1.0024,1.0024,1.0024,0,0,nan,,,nan,nan,,,,,,,,,,,,,0,1,4.0065,t_pose,0.0276649,,0,,nan,
golem_ik,kinematic,golem_ik,nan,,0,b013_d10_e10,13,0.1,0.1,0.417698,0.35424,-0.100266,0.460334,-0.134259,0.271189,0.902134,0,0,0,1,nan,0.0698219,0.136509,0.00313503,0.00175761,0.00169817,0.0698219,0.00172789,1.0024,1.0024,1.0024,0,0,nan,,,nan,nan,,,,,,,,,,,,,0,1,4.00531,arms_front_45,0.0634641,,0,,nan,
golem_ik,kinematic,golem_ik,nan,,0,b013_d10_e20,13,0.1,0.2,0.507368,0.398502,-0.100266,0.560289,-0.131263,0.271189,0.902134,0,0,0,0,nan,0.146244,0.203112,0.0893756,0.00170783,0.0450431,0.146244,0.0233755,1.0024,1.0024,1.0024,0,0,nan,,,nan,nan,,,,,,,,,,,,,0,1,4.00975,t_pose,0.0696581,,0,,nan,
golem_ik,kinematic,golem_ik,nan,,0,b013_d20_e00,13,0.2,0,0.328027,0.309978,-0.200266,0.360379,-0.137256,0.171189,0.802134,1,0,0,1,nan,0.0828121,0.165624,8.77708e-17,0.0035076,5.13517e-16,0.0828121,0.0017538,1.0024,1.0024,1.0024,0,0,nan,,,nan,nan,,,,,,,,,,,,,0,1,4.00935,t_pose,0.0247166,,0,,nan,
golem_ik,kinematic,golem_ik,nan,,0,b013_d20_e10,13,0.2,0.1,0.417698,0.35424,-0.200266,0.460334,-0.134259,0.171189,0.802134,1,0,0,1,nan,0.120302,0.216784,0.0238198,0.00356826,0.0111985,0.120302,0.00738338,1.0024,1.0024,1.0024,0,0,nan,,,nan,nan,,,,,,,,,,,,,0,1,4.0091,arms_front_45,0.0598274,,0,,nan,
golem_ik,kinematic,golem_ik,nan,,0,b013_d20_e20,13,0.2,0.2,0.507368,0.398502,-0.200266,0.560289,-0.131263,0.171189,0.802134,1,0,0,0,nan,0.19367,0.276932,0.110407,0.00338117,0.0496101,0.19367,0.0264957,1.0024,1.0024,1.0024,0,0,nan,,,nan,nan,,,,,,,,,,,,,0,1,4.01001,arms_front_45,0.0651343,,0,,nan,
golem_ik,kinematic,golem_ik,nan,,0,b013_d30_e00,13,0.3,0,0.328027,0.309978,-0.300266,0.360379,-0.137256,0.0711891,0.702134,1,0,0,1,nan,0.128916,0.255491,0.00233951,0.00596583,0.00107277,0.128916,0.0035193,1.0024,1.0024,1.0024,0,0,nan,,,nan,nan,,,,,,,,,,,,,0,1,4.00951,arms_front_45,0.0391869,,0,,nan,
golem_ik,kinematic,golem_ik,nan,,0,b013_d30_e10,13,0.3,0.1,0.417698,0.35424,-0.300266,0.460334,-0.134259,0.0711891,0.702134,1,0,0,0,nan,0.182563,0.301256,0.0638711,0.00575489,0.0247399,0.182563,0.0152474,1.0024,1.0024,1.0024,0,0,nan,,,nan,nan,,,,,,,,,,,,,0,1,4.00616,arms_front_45,0.0569846,,0,,nan,
golem_ik,kinematic,golem_ik,nan,,0,b013_d30_e20,13,0.3,0.2,0.507368,0.398502,-0.300266,0.560289,-0.131263,0.0711891,0.702134,1,0,0,0,nan,0.251193,0.355799,0.146587,0.00538981,0.0566006,0.251193,0.0309952,1.0024,1.0024,1.0024,0,0,nan,,,nan,nan,,,,,,,,,,,,,0,1,4.00698,arms_front_45,0.0618978,,0,,nan,
golem_ik,kinematic,golem_ik,nan,,0,b013_d40_e00,13,0.4,0,0.328027,0.309978,-0.400266,0.360379,-0.137256,-0.0288109,0.602134,1,0,0,0,nan,0.199768,0.347498,0.0520379,0.00862497,0.0164761,0.199768,0.0125505,1.0024,1.0024,1.0024,0,0,nan,,,nan,nan,,,,,,,,,,,,,0,1,4.0082,current,0.046558,,0,,nan,
golem_ik,kinematic,golem_ik,nan,,0,b013_d40_e10,13,0.4,0.1,0.417698,0.35424,-0.400266,0.460334,-0.134259,-0.0288109,0.602134,1,0,0,0,nan,0.254561,0.388785,0.120337,0.00816904,0.0382119,0.254561,0.0231905,1.0024,1.0024,1.0024,0,0,nan,,,nan,nan,,,,,,,,,,,,,0,1,4.01451,arms_front_45,0.0547344,,0,,nan,
golem_ik,kinematic,golem_ik,nan,,0,b013_d40_e20,13,0.4,0.2,0.507368,0.398502,-0.400266,0.560289,-0.131263,-0.0288109,0.602134,1,0,0,0,nan,0.317671,0.438504,0.196838,0.00761996,0.0649413,0.317671,0.0362806,1.0024,1.0024,1.0024,0,0,nan,,,nan,nan,,,,,,,,,,,,,0,1,4.01248,arms_front_45,0.0592509,,0,,nan,
golem_ik,kinematic,golem_ik,nan,,0,b013_d50_e00,13,0.5,0,0.328027,0.309978,-0.500266,0.360379,-0.137256,-0.128811,0.502134,1,0,0,0,nan,0.284198,0.44105,0.127346,0.0113608,0.032756,0.284198,0.0220584,1.0024,1.0024,1.0024,0,0,nan,,,nan,nan,,,,,,,,,,,,,0,1,4.0057,arms_front_45,0.0485022,,0,,nan,
golem_ik,kinematic,golem_ik,nan,,0,b013_d50_e10,13,0.5,0.1,0.417698,0.35424,-0.500266,0.460334,-0.134259,-0.128811,0.502134,1,0,0,0,nan,0.333728,0.478589,0.188867,0.0106947,0.0516946,0.333728,0.0311947,1.0024,1.0024,1.0024,0,0,nan,,,nan,nan,,,,,,,,,,,,,0,1,4.01326,arms_front_45,0.0529252,,0,,nan,
golem_ik,kinematic,golem_ik,nan,,0,b013_d50_e20,13,0.5,0.2,0.507368,0.398502,-0.500266,0.560289,-0.131263,-0.128811,0.502134,1,0,0,0,nan,0.391335,0.524156,0.258513,0.00997927,0.0753799,0.391335,0.0426796,1.0024,1.0024,1.0024,0,0,nan,,,nan,nan,,,,,,,,,,,,,0,1,4.00804,arms_front_45,0.0570686,,0,,nan,
golem_ik,kinematic,golem_ik,nan,,0,b013_d60_e00,13,0.6,0,0.328027,0.309978,-0.600266,0.360379,-0.137256,-0.228811,0.402134,1,0,0,0,nan,0.373472,0.535718,0.211227,0.0177338,0.0478763,0.373472,0.0328051,1.0024,1.0024,1.0024,0,0,nan,,,nan,nan,,,,,,,,,,,,,0,1,4.0093,t_pose,0.0449504,,0,,nan,
golem_ik,kinematic,golem_ik,nan,,0,b013_d60_e10,13,0.6,0.1,0.417698,0.35424,-0.600266,0.460334,-0.134259,-0.228811,0.402134,1,0,0,0,nan,0.417664,0.570119,0.265209,0.0132519,0.0663028,0.417664,0.0397774,1.0024,1.0024,1.0024,0,0,nan,,,nan,nan,,,,,,,,,,,,,0,1,4.00983,arms_front_45,0.0486109,,0,,nan,
golem_ik,kinematic,golem_ik,nan,,0,b013_d60_e20,13,0.6,0.2,0.507368,0.398502,-0.600266,0.560289,-0.131263,-0.228811,0.402134,1,0,0,0,nan,0.470218,0.612102,0.328334,0.0124073,0.0877924,0.470218,0.0500999,1.0024,1.0024,1.0024,0,0,nan,,,nan,nan,,,,,,,,,,,,,0,1,4.00583,arms_front_45,0.0520608,,0,,nan,
golem_ik,kinematic,golem_ik,nan,,0,b013_d70_e00,13,0.7,0,0.328027,0.309978,-0.700266,0.360379,-0.137256,-0.328811,0.302134,1,0,0,0,nan,0.465479,0.631279,0.299678,0.0261132,0.0596541,0.465479,0.0428836,1.0024,1.0024,1.0024,0,0,nan,,,nan,nan,,,,,,,,,,,,,0,1,4.00951,t_pose,0.0429884,,0,,nan,
golem_ik,kinematic,golem_ik,nan,,0,b013_d70_e10,13,0.7,0.1,0.417698,0.35424,-0.700266,0.460334,-0.134259,-0.328811,0.302134,1,0,0,0,nan,0.504918,0.662983,0.346852,0.015816,0.0802429,0.504918,0.0480294,1.0024,1.0024,1.0024,0,0,nan,,,nan,nan,,,,,,,,,,,,,0,1,4.00449,arms_front_45,0.0445557,,0,,nan,
golem_ik,kinematic,golem_ik,nan,,0,b013_d70_e20,13,0.7,0.2,0.507368,0.398502,-0.700266,0.560289,-0.131263,-0.328811,0.302134,1,0,0,0,nan,0.552997,0.701852,0.404143,0.0150111,0.101122,0.552997,0.0580667,1.0024,1.0024,1.0024,0,0,nan,,,nan,nan,,,,,,,,,,,,,0,1,4.01208,t_pose,0.0477984,,0,,nan,
golem_ik,kinematic,golem_ik,nan,,0,b013_d80_e00,13,0.8,0,0.328027,0.309978,-0.800266,0.360379,-0.137256,-0.428811,0.202134,1,0,0,0,nan,0.559128,0.727532,0.390724,0.034063,0.0711889,0.559128,0.052626,1.0024,1.0024,1.0024,0,0,nan,,,nan,nan,,,,,,,,,,,,,0,1,4.00903,t_pose,0.0420006,,0,,nan,
golem_ik,kinematic,golem_ik,nan,,0,b013_d80_e10,13,0.8,0.1,0.417698,0.35424,-0.800266,0.460334,-0.134259,-0.428811,0.202134,1,0,0,0,nan,0.594883,0.756891,0.432875,0.0186161,0.0857373,0.594883,0.0521767,1.0024,1.0024,1.0024,0,0,nan,,,nan,nan,,,,,,,,,,,,,0,1,4.00714,t_pose,0.0428173,,0,,nan,
golem_ik,kinematic,golem_ik,nan,,0,b013_d80_e20,13,0.8,0.2,0.507368,0.398502,-0.800266,0.560289,-0.131263,-0.428811,0.202134,1,0,0,0,nan,0.638709,0.793052,0.484366,0.0177855,0.108763,0.638709,0.063274,1.0024,1.0024,1.0024,0,0,nan,,,nan,nan,,,,,,,,,,,,,0,1,4.00594,t_pose,0.0447439,,0,,nan,
golem_ik,kinematic,golem_ik,nan,,0,b013_d90_e00,13,0.9,0,0.328027,0.309978,-0.900266,0.360379,-0.137256,-0.528811,0.102134,1,0,0,0,nan,0.653942,0.824325,0.483559,0.0414218,0.0824434,0.653942,0.0619326,1.0024,1.0024,1.0024,0,0,nan,,,nan,nan,,,,,,,,,,,,,0,1,4.00842,t_pose,0.0416382,,0,,nan,
golem_ik,kinematic,golem_ik,nan,,0,b013_d90_e10,13,0.9,0.1,0.417698,0.35424,-0.900266,0.460334,-0.134259,-0.528811,0.102134,1,0,0,0,nan,0.686631,0.851628,0.521635,0.0235029,0.0901203,0.686631,0.0568116,1.0024,1.0024,1.0024,0,0,nan,,,nan,nan,,,,,,,,,,,,,0,1,4.00994,t_pose,0.042036,,0,,nan,
golem_ik,kinematic,golem_ik,nan,,0,b013_d90_e20,13,0.9,0.2,0.507368,0.398502,-0.900266,0.560289,-0.131263,-0.528811,0.102134,1,0,0,0,nan,0.72689,0.885424,0.568356,0.0209074,0.109376,0.72689,0.0651419,1.0024,1.0024,1.0024,0,0,nan,,,nan,nan,,,,,,,,,,,,,0,1,4.0049,t_pose,0.0430903,,0,,nan,
golem_ik,kinematic,golem_ik,nan,,0,b013_d100_e00,13,1,0,0.328027,0.309978,-1.00027,0.360379,-0.137256,-0.628811,0.00213364,1,0,0,0,nan,0.749634,0.921554,0.577713,0.0479987,0.0935109,0.749634,0.0707548,1.0024,1.0024,1.0024,0,0,nan,,,nan,nan,,,,,,,,,,,,,0,1,4.01176,t_pose,0.0416025,,0,,nan,
golem_ik,kinematic,golem_ik,nan,,0,b013_d100_e10,13,1,0.1,0.417698,0.35424,-1.00027,0.460334,-0.134259,-0.628811,0.00213364,1,0,0,0,nan,0.779764,0.947057,0.612471,0.0299857,0.0947752,0.779764,0.0623805,1.0024,1.0024,1.0024,0,0,nan,,,nan,nan,,,,,,,,,,,,,0,1,4.0057,t_pose,0.0418075,,0,,nan,
golem_ik,kinematic,golem_ik,nan,,0,b013_d100_e20,13,1,0.2,0.507368,0.398502,-1.00027,0.560289,-0.131263,-0.628811,0.00213364,1,0,0,0,nan,0.817058,0.978771,0.655344,0.0246709,0.10788,0.817058,0.0662755,1.0024,1.0024,1.0024,0,0,nan,,,nan,nan,,,,,,,,,,,,,0,1,4.01058,t_pose,0.0425723,,0,,nan,
golem_ik,kinematic,golem_ik,nan,,0,b014_d00_e00,14,0,0,0.135888,0.176346,0.128366,0.10841,-0.639044,0.731395,1.13077,0,1,1,1,nan,2.26012e-05,7.17179e-09,4.51952e-05,2.51623e-09,0.000140973,2.26012e-05,7.04876e-05,1.0024,1.0024,1.0024,0,0,nan,,,nan,nan,,,,,,,,,,,,,0,1,0.0747595,home,0.0498512,,0,,nan,
golem_ik,kinematic,golem_ik,nan,,0,b014_d00_e10,14,0,0.1,0.23379,0.196725,0.128366,0.129971,-0.736692,0.731395,1.13077,0,0,1,0,nan,0.0322735,3.92523e-17,0.064547,2.32374e-16,0.000970404,0.0322735,0.000485202,1.0024,1.0024,1.0024,0,0,nan,,,nan,nan,,,,,,,,,,,,,0,1,4.01204,home,0.0505884,,0,,nan,
golem_ik,kinematic,golem_ik,nan,,0,b014_d00_e20,14,0,0.2,0.331691,0.217104,0.128366,0.151531,-0.83434,0.731395,1.13077,0,0,1,0,nan,0.0754661,3.92523e-17,0.150932,6.48251e-17,0.00255321,0.0754661,0.0012766,1.0024,1.0024,1.0024,0,0,nan,,,nan,nan,,,,,,,,,,,,,0,1,4.00995,arms_front_45,0.0543523,,0,,nan,
golem_ik,kinematic,golem_ik,nan,,0,b014_d10_e00,14,0.1,0,0.135888,0.176346,0.0283664,0.10841,-0.639044,0.631395,1.03077,0,1,1,1,nan,0.0021878,0.00437559,1.38778e-17,0.00271525,2.75303e-16,0.0021878,0.00135762,1.0024,1.0024,1.0024,0,0,nan,,,nan,nan,,,,,,,,,,,,,0,1,4.00062,arms_front_45,0.0653624,,0,,nan,
golem_ik,kinematic,golem_ik,nan,,0,b014_d10_e10,14,0.1,0.1,0.23379,0.196725,0.0283664,0.129971,-0.736692,0.631395,1.03077,0,1,1,1,nan,0.0191596,0.0172145,0.0211046,0.010259,0.000388327,0.0191596,0.00532366,1.0024,1.0024,1.0024,0,0,nan,,,nan,nan,,,,,,,,,,,,,0,1,4.00567,t_pose,0.0567622,,0,,nan,
golem_ik,kinematic,golem_ik,nan,,0,b014_d10_e20,14,0.1,0.2,0.331691,0.217104,0.0283664,0.151531,-0.83434,0.631395,1.03077,0,0,1,0,nan,0.0774464,0.0385373,0.116355,0.0204603,0.00219895,0.0774464,0.0113296,1.0024,1.0024,1.0024,0,0,nan,,,nan,nan,,,,,,,,,,,,,0,1,4.01055,t_pose,0.0503322,,0,,nan,
golem_ik,kinematic,golem_ik,nan,,0,b014_d20_e00,14,0.2,0,0.135888,0.176346,-0.0716336,0.10841,-0.639044,0.531395,0.930766,0,0,0,1,nan,0.04195,0.0839001,2.77556e-17,0.0502939,2.30271e-16,0.04195,0.0251469,1.0024,1.0024,1.0024,0,0,nan,,,nan,nan,,,,,,,,,,,,,0,1,4.00354,t_pose,0.0463345,,0,,nan,
golem_ik,kinematic,golem_ik,nan,,0,b014_d20_e10,14,0.2,0.1,0.23379,0.196725,-0.0716336,0.129971,-0.736692,0.531395,0.930766,0,0,0,1,nan,0.0522085,0.103377,0.00103984,0.0600229,3.00937e-05,0.0522085,0.0300265,1.0024,1.0024,1.0024,0,0,nan,,,nan,nan,,,,,,,,,,,,,0,1,4.00897,arms_front_45,0.0582686,,0,,nan,
golem_ik,kinematic,golem_ik,nan,,0,b014_d20_e20,14,0.2,0.2,0.331691,0.217104,-0.0716336,0.151531,-0.83434,0.531395,0.930766,0,0,0,0,nan,0.109812,0.124709,0.0949142,0.066037,0.00194624,0.109812,0.0339916,1.0024,1.0024,1.0024,0,0,nan,,,nan,nan,,,,,,,,,,,,,0,1,4.01266,t_pose,0.0506369,,0,,nan,
golem_ik,kinematic,golem_ik,nan,,0,b014_d30_e00,14,0.3,0,0.135888,0.176346,-0.171634,0.10841,-0.639044,0.431395,0.830766,1,0,0,1,nan,0.0830172,0.166034,6.44228e-14,0.0946124,1.05774e-14,0.0830172,0.0473062,1.0024,1.0024,1.0024,0,0,nan,,,nan,nan,,,,,,,,,,,,,0,1,4.01166,t_pose,0.028258,,0,,nan,
golem_ik,kinematic,golem_ik,nan,,0,b014_d30_e10,14,0.3,0.1,0.23379,0.196725,-0.171634,0.129971,-0.736692,0.431395,0.830766,1,0,0,1,nan,0.0952882,0.189816,0.000760552,0.106413,4.50839e-05,0.0952882,0.0532292,1.0024,1.0024,1.0024,0,0,nan,,,nan,nan,,,,,,,,,,,,,0,1,4.0082,arms_front_45,0.0590943,,0,,nan,
golem_ik,kinematic,golem_ik,nan,,0,b014_d30_e20,14,0.3,0.2,0.331691,0.217104,-0.171634,0.151531,-0.83434,0.431395,0.830766,1,0,0,0,nan,0.150015,0.21201,0.0880207,0.110354,0.00192788,0.150015,0.0561409,1.0024,1.0024,1.0024,0,0,nan,,,nan,nan,,,,,,,,,,,,,0,1,4.00965,t_pose,0.0512786,,0,,nan,
golem_ik,kinematic,golem_ik,nan,,0,b014_d40_e00,14,0.4,0,0.135888,0.176346,-0.271634,0.10841,-0.639044,0.331395,0.730766,1,0,0,1,nan,0.125356,0.250712,3.67269e-09,0.137125,7.4492e-10,0.125356,0.0685627,1.0024,1.0024,1.0024,0,0,nan,,,nan,nan,,,,,,,,,,,,,0,1,4.01092,arms_front_45,0.0200422,,0,,nan,
golem_ik,kinematic,golem_ik,nan,,0,b014_d40_e10,14,0.4,0.1,0.23379,0.196725,-0.271634,0.129971,-0.736692,0.331395,0.730766,1,0,0,1,nan,0.141616,0.276817,0.00641514,0.148521,0.000396171,0.141616,0.0744588,1.0024,1.0024,1.0024,0,0,nan,,,nan,nan,,,,,,,,,,,,,0,1,4.00963,arms_front_45,0.0586477,,0,,nan,
golem_ik,kinematic,golem_ik,nan,,0,b014_d40_e20,14,0.4,0.2,0.331691,0.217104,-0.271634,0.151531,-0.83434,0.331395,0.730766,1,0,0,0,nan,0.198317,0.300259,0.0963747,0.15208,0.0022171,0.198317,0.0771486,1.0024,1.0024,1.0024,0,0,nan,,,nan,nan,,,,,,,,,,,,,0,1,4.01176,arms_front_45,0.0518875,,0,,nan,
golem_ik,kinematic,golem_ik,nan,,0,b014_d50_e00,14,0.5,0,0.135888,0.176346,-0.371634,0.10841,-0.639044,0.231395,0.630766,1,0,0,1,nan,0.169222,0.338426,1.72593e-05,0.1765,2.722e-06,0.169222,0.0882511,1.0024,1.0024,1.0024,0,0,nan,,,nan,nan,,,,,,,,,,,,,0,1,4.008,t_pose,0.0199247,,0,,nan,
golem_ik,kinematic,golem_ik,nan,,0,b014_d50_e10,14,0.5,0.1,0.23379,0.196725,-0.371634,0.129971,-0.736692,0.231395,0.630766,1,0,0,1,nan,0.196678,0.364772,0.0285837,0.185862,0.00144127,0.196678,0.0936517,1.0024,1.0024,1.0024,0,0,nan,,,nan,nan,,,,,,,,,,,,,0,1,4.00514,t_pose,0.0571146,,0,,nan,
golem_ik,kinematic,golem_ik,nan,,0,b014_d50_e20,14,0.5,0.2,0.331691,0.217104,-0.371634,0.151531,-0.83434,0.231395,0.630766,1,0,0,0,nan,0.254438,0.389368,0.119507,0.190347,0.00303109,0.254438,0.0966892,1.0024,1.0024,1.0024,0,0,nan,,,nan,nan,,,,,,,,,,,,,0,1,4.00776,t_pose,0.0524722,,0,,nan,
golem_ik,kinematic,golem_ik,nan,,0,b014_d60_e00,14,0.6,0,0.135888,0.176346,-0.471634,0.10841,-0.639044,0.131395,0.530766,1,0,0,1,nan,0.218553,0.42889,0.00821498,0.210086,0.00147783,0.218553,0.105782,1.0024,1.0024,1.0024,0,0,nan,,,nan,nan,,,,,,,,,,,,,0,1,4.00605,current,0.0199653,,0,,nan,
golem_ik,kinematic,golem_ik,nan,,0,b014_d60_e10,14,0.6,0.1,0.23379,0.196725,-0.471634,0.129971,-0.736692,0.131395,0.530766,1,0,0,0,nan,0.264507,0.454288,0.0747259,0.218834,0.0179334,0.264507,0.118384,1.0024,1.0024,1.0024,0,0,nan,,,nan,nan,,,,,,,,,,,,,0,1,4.00482,arms_front_45,0.0548234,,0,,nan,
golem_ik,kinematic,golem_ik,nan,,0,b014_d60_e20,14,0.6,0.2,0.331691,0.217104,-0.471634,0.151531,-0.83434,0.131395,0.530766,1,0,0,0,nan,0.318921,0.479407,0.158434,0.224788,0.0216086,0.318921,0.123198,1.0024,1.0024,1.0024,0,0,nan,,,nan,nan,,,,,,,,,,,,,0,1,4.00429,arms_front_45,0.0516587,,0,,nan,
golem_ik,kinematic,golem_ik,nan,,0,b014_d70_e00,14,0.7,0,0.135888,0.176346,-0.571634,0.10841,-0.639044,0.0313954,0.430766,1,0,0,0,nan,0.298419,0.521256,0.0755823,0.239316,0.0307501,0.298419,0.135033,1.0024,1.0024,1.0024,0,0,nan,,,nan,nan,,,,,,,,,,,,,0,1,4.01285,current,0.0200475,,0,,nan,
golem_ik,kinematic,golem_ik,nan,,0,b014_d70_e10,14,0.7,0.1,0.23379,0.196725,-0.571634,0.129971,-0.736692,0.0313954,0.430766,1,0,0,0,nan,0.341529,0.545783,0.137275,0.248517,0.0419702,0.341529,0.145243,1.0024,1.0024,1.0024,0,0,nan,,,nan,nan,,,,,,,,,,,,,0,1,4.00602,home,0.0525682,,0,,nan,
golem_ik,kinematic,golem_ik,nan,,0,b014_d70_e20,14,0.7,0.2,0.331691,0.217104,-0.571634,0.151531,-0.83434,0.0313954,0.430766,1,0,0,0,nan,0.391192,0.57052,0.211864,0.255486,0.0470682,0.391192,0.151277,1.0024,1.0024,1.0024,0,0,nan,,,nan,nan,,,,,,,,,,,,,0,1,4.00882,arms_front_45,0.0505496,,0,,nan,
golem_ik,kinematic,golem_ik,nan,,0,b014_d80_e00,14,0.8,0,0.135888,0.176346,-0.671634,0.10841,-0.639044,-0.0686046,0.330766,1,0,0,0,nan,0.384835,0.615901,0.153769,0.264582,0.0648723,0.384835,0.164727,1.0024,1.0024,1.0024,0,0,nan,,,nan,nan,,,,,,,,,,,,,0,1,4.00535,home,0.0199932,,0,,nan,
golem_ik,kinematic,golem_ik,nan,,0,b014_d80_e10,14,0.8,0.1,0.23379,0.196725,-0.671634,0.129971,-0.736692,-0.0686046,0.330766,1,0,0,0,nan,0.4237,0.639047,0.208353,0.275527,0.0711726,0.4237,0.17335,1.0024,1.0024,1.0024,0,0,nan,,,nan,nan,,,,,,,,,,,,,0,1,4.01191,home,0.0505953,,0,,nan,
golem_ik,kinematic,golem_ik,nan,,0,b014_d80_e20,14,0.8,0.2,0.331691,0.217104,-0.671634,0.151531,-0.83434,-0.0686046,0.330766,1,0,0,0,nan,0.468925,0.66275,0.2751,0.282706,0.0746761,0.468925,0.178691,1.0024,1.0024,1.0024,0,0,nan,,,nan,nan,,,,,,,,,,,,,0,1,4.01276,arms_front_45,0.04937,,0,,nan,
golem_ik,kinematic,golem_ik,nan,,0,b014_d90_e00,14,0.9,0,0.135888,0.176346,-0.771634,0.10841,-0.639044,-0.168605,0.230766,1,0,0,0,nan,0.475162,0.713481,0.236843,0.282512,0.101891,0.475162,0.192201,1.0024,1.0024,1.0024,0,0,nan,,,nan,nan,,,,,,,,,,,,,0,1,4.01121,current,0.0226173,,0,,nan,
golem_ik,kinematic,golem_ik,nan,,0,b014_d90_e10,14,0.9,0.1,0.23379,0.196725,-0.771634,0.129971,-0.736692,-0.168605,0.230766,1,0,0,0,nan,0.509516,0.733675,0.285357,0.300008,0.103507,0.509516,0.201758,1.0024,1.0024,1.0024,0,0,nan,,,nan,nan,,,,,,,,,,,,,0,1,4.00574,current,0.0489163,,0,,nan,
golem_ik,kinematic,golem_ik,nan,,0,b014_d90_e20,14,0.9,0.2,0.331691,0.217104,-0.771634,0.151531,-0.83434,-0.168605,0.230766,1,0,0,0,nan,0.550835,0.756241,0.345429,0.307246,0.104222,0.550835,0.205734,1.0024,1.0024,1.0024,0,0,nan,,,nan,nan,,,,,,,,,,,,,0,1,4.011,current,0.0479847,,0,,nan,
golem_ik,kinematic,golem_ik,nan,,0,b014_d100_e00,14,1,0,0.135888,0.176346,-0.871634,0.10841,-0.639044,-0.268605,0.130766,1,0,0,0,nan,0.567317,0.81153,0.323104,0.307624,0.139819,0.567317,0.223721,1.0024,1.0024,1.0024,0,0,nan,,,nan,nan,,,,,,,,,,,,,0,1,4.00928,home,0.0325283,,0,,nan,
golem_ik,kinematic,golem_ik,nan,,0,b014_d100_e10,14,1,0.1,0.23379,0.196725,-0.871634,0.129971,-0.736692,-0.268605,0.130766,1,0,0,0,nan,0.59821,0.829743,0.366676,0.323019,0.137532,0.59821,0.230275,1.0024,1.0024,1.0024,0,0,nan,,,nan,nan,,,,,,,,,,,,,0,1,4.00898,current,0.047314,,0,,nan,
golem_ik,kinematic,golem_ik,nan,,0,b014_d100_e20,14,1,0.2,0.331691,0.217104,-0.871634,0.151531,-0.83434,-0.268605,0.130766,1,0,0,0,nan,0.635911,0.850748,0.421074,0.329102,0.135228,0.635911,0.232165,1.0024,1.0024,1.0024,0,0,nan,,,nan,nan,,,,,,,,,,,,,0,1,4.01241,home,0.0467622,,0,,nan,
golem_ik,kinematic,golem_ik,nan,,0,b015_d00_e00,15,0,0,0.202944,0.0581594,0.232972,0.151888,-0.398983,0.09541,1.09781,0,1,1,1,nan,0.0138754,0.0277507,3.10317e-17,0.00916077,1.48293e-16,0.0138754,0.00458039,1.0024,1.0024,1.0024,0,0,nan,,,nan,nan,,,,,,,,,,,,,0,1,4.00634,home,0.018816,,0,,nan,
golem_ik,kinematic,golem_ik,nan,,0,b015_d00_e10,15,0,0.1,0.294374,0.0176571,0.232972,0.203672,-0.484531,0.09541,1.09781,0,1,1,1,nan,1.05696e-05,1.72022e-08,2.11221e-05,4.80924e-09,8.38511e-05,1.05696e-05,4.1928e-05,1.0024,1.0024,1.0024,0,0,nan,,,nan,nan,,,,,,,,,,,,,0,1,0.11558,home,0.0291889,,0,,nan,
golem_ik,kinematic,golem_ik,nan,,0,b015_d00_e20,15,0,0.2,0.385805,-0.0228451,0.232972,0.255455,-0.570079,0.09541,1.09781,0,1,1,1,nan,0.0164769,1.24175e-16,0.0329539,3.66913e-16,0.0128353,0.0164769,0.00641766,1.0024,1.0024,1.0024,0,0,nan,,,nan,nan,,,,,,,,,,,,,0,1,4.00069,arms_front_45,0.0289946,,0,,nan,
golem_ik,kinematic,golem_ik,nan,,0,b015_d10_e00,15,0.1,0,0.202944,0.0581594,0.132972,0.151888,-0.398983,-0.00459004,0.99781,0,1,1,1,nan,0.00643689,0.00831006,0.00456371,0.00276574,0.00230968,0.00643689,0.00253771,1.0024,1.0024,1.0024,0,0,nan,,,nan,nan,,,,,,,,,,,,,0,1,4.0081,current,0.019214,,0,,nan,
golem_ik,kinematic,golem_ik,nan,,0,b015_d10_e10,15,0.1,0.1,0.294374,0.0176571,0.132972,0.203672,-0.484531,-0.00459004,0.99781,0,1,1,1,nan,0.0212104,0.00280574,0.0396151,0.00166044,0.0167819,0.0212104,0.00922118,1.0024,1.0024,1.0024,0,0,nan,,,nan,nan,,,,,,,,,,,,,0,1,4.00643,t_pose,0.0190811,,0,,nan,
golem_ik,kinematic,golem_ik,nan,,0,b015_d10_e20,15,0.1,0.2,0.385805,-0.0228451,0.132972,0.255455,-0.570079,-0.00459004,0.99781,0,0,1,0,nan,0.0720907,0.0491254,0.095056,0.0231418,0.03406,0.0720907,0.0286009,1.0024,1.0024,1.0024,0,0,nan,,,nan,nan,,,,,,,,,,,,,0,1,4.00066,current,0.0232369,,0,,nan,
golem_ik,kinematic,golem_ik,nan,,0,b015_d20_e00,15,0.2,0,0.202944,0.0581594,0.032972,0.151888,-0.398983,-0.10459,0.89781,0,0,0,0,nan,0.0724592,0.0549403,0.0899781,0.0308107,0.042951,0.0724592,0.0368809,1.0024,1.0024,1.0024,0,0,nan,,,nan,nan,,,,,,,,,,,,,0,1,4.00641,arms_front_45,0.0193596,,0,,nan,
golem_ik,kinematic,golem_ik,nan,,0,b015_d20_e10,15,0.2,0.1,0.294374,0.0176571,0.032972,0.203672,-0.484531,-0.10459,0.89781,0,0,0,0,nan,0.0962719,0.0723934,0.12015,0.0432576,0.0486386,0.0962719,0.0459481,1.0024,1.0024,1.0024,0,0,nan,,,nan,nan,,,,,,,,,,,,,0,1,4.01059,home,0.019122,,0,,nan,
golem_ik,kinematic,golem_ik,nan,,0,b015_d20_e20,15,0.2,0.2,0.385805,-0.0228451,0.032972,0.255455,-0.570079,-0.10459,0.89781,0,0,0,0,nan,0.139808,0.111567,0.16805,0.0537575,0.0575752,0.139808,0.0556663,1.0024,1.0024,1.0024,0,0,nan,,,nan,nan,,,,,,,,,,,,,0,1,4.01113,current,0.0199899,,0,,nan,
golem_ik,kinematic,golem_ik,nan,,0,b015_d30_e00,15,0.3,0,0.202944,0.0581594,-0.067028,0.151888,-0.398983,-0.20459,0.79781,1,0,0,0,nan,0.157578,0.136561,0.178595,0.0821869,0.0809243,0.157578,0.0815556,1.0024,1.0024,1.0024,0,0,nan,,,nan,nan,,,,,,,,,,,,,0,1,4.01074,t_pose,0.0200294,,0,,nan,
golem_ik,kinematic,golem_ik,nan,,0,b015_d30_e10,15,0.3,0.1,0.294374,0.0176571,-0.067028,0.203672,-0.484531,-0.20459,0.79781,1,0,0,0,nan,0.179283,0.152916,0.20565,0.0868387,0.0800611,0.179283,0.0834499,1.0024,1.0024,1.0024,0,0,nan,,,nan,nan,,,,,,,,,,,,,0,1,4.01271,current,0.0195026,,0,,nan,
golem_ik,kinematic,golem_ik,nan,,0,b015_d30_e20,15,0.3,0.2,0.385805,-0.0228451,-0.067028,0.255455,-0.570079,-0.20459,0.79781,1,0,0,0,nan,0.217093,0.186404,0.247782,0.0925788,0.0824272,0.217093,0.087503,1.0024,1.0024,1.0024,0,0,nan,,,nan,nan,,,,,,,,,,,,,0,1,4.00732,t_pose,0.0194422,,0,,nan,
golem_ik,kinematic,golem_ik,nan,,0,b015_d40_e00,15,0.4,0,0.202944,0.0581594,-0.167028,0.151888,-0.398983,-0.30459,0.69781,1,0,0,0,nan,0.246318,0.223549,0.269087,0.133156,0.115467,0.246318,0.124311,1.0024,1.0024,1.0024,0,0,nan,,,nan,nan,,,,,,,,,,,,,0,1,4.00735,t_pose,0.0193599,,0,,nan,
golem_ik,kinematic,golem_ik,nan,,0,b015_d40_e10,15,0.4,0.1,0.294374,0.0176571,-0.167028,0.203672,-0.484531,-0.30459,0.69781,1,0,0,0,nan,0.266333,0.238435,0.294232,0.132472,0.110224,0.266333,0.121348,1.0024,1.0024,1.0024,0,0,nan,,,nan,nan,,,,,,,,,,,,,0,1,4.01029,home,0.0199614,,0,,nan,
golem_ik,kinematic,golem_ik,nan,,0,b015_d40_e20,15,0.4,0.2,0.385805,-0.0228451,-0.167028,0.255455,-0.570079,-0.30459,0.69781,1,0,0,0,nan,0.300003,0.268102,0.331904,0.133578,0.107525,0.300003,0.120551,1.0024,1.0024,1.0024,0,0,nan,,,nan,nan,,,,,,,,,,,,,0,1,4.00595,home,0.0199444,,0,,nan,
golem_ik,kinematic,golem_ik,nan,,0,b015_d50_e00,15,0.5,0,0.202944,0.0581594,-0.267028,0.151888,-0.398983,-0.40459,0.59781,1,0,0,0,nan,0.336702,0.312275,0.361129,0.181706,0.146463,0.336702,0.164085,1.0024,1.0024,1.0024,0,0,nan,,,nan,nan,,,,,,,,,,,,,0,1,4.00702,arms_front_45,0.0198046,,0,,nan,
golem_ik,kinematic,golem_ik,nan,,0,b015_d50_e10,15,0.5,0.1,0.294374,0.0176571,-0.267028,0.203672,-0.484531,-0.40459,0.59781,1,0,0,0,nan,0.355341,0.325986,0.384696,0.177305,0.138731,0.355341,0.158018,1.0024,1.0024,1.0024,0,0,nan,,,nan,nan,,,,,,,,,,,,,0,1,4.00888,arms_front_45,0.0198426,,0,,nan,
golem_ik,kinematic,golem_ik,nan,,0,b015_d50_e20,15,0.5,0.2,0.385805,-0.0228451,-0.267028,0.255455,-0.570079,-0.40459,0.59781,1,0,0,0,nan,0.38586,0.352654,0.419066,0.176393,0.131958,0.38586,0.154175,1.0024,1.0024,1.0024,0,0,nan,,,nan,nan,,,,,,,,,,,,,0,1,4.01243,arms_front_45,0.0197906,,0,,nan,
golem_ik,kinematic,golem_ik,nan,,0,b015_d60_e00,15,0.6,0,0.202944,0.0581594,-0.367028,0.151888,-0.398983,-0.50459,0.49781,1,0,0,0,nan,0.428261,0.40206,0.454461,0.227543,0.174031,0.428261,0.200787,1.0024,1.0024,1.0024,0,0,nan,,,nan,nan,,,,,,,,,,,,,0,1,4.0098,current,0.0198211,,0,,nan,
golem_ik,kinematic,golem_ik,nan,,0,b015_d60_e10,15,0.6,0.1,0.294374,0.0176571,-0.367028,0.203672,-0.484531,-0.50459,0.49781,1,0,0,0,nan,0.445812,0.415044,0.47658,0.220016,0.164558,0.445812,0.192287,1.0024,1.0024,1.0024,0,0,nan,,,nan,nan,,,,,,,,,,,,,0,1,4.00794,t_pose,0.0199134,,0,,nan,
golem_ik,kinematic,golem_ik,nan,,0,b015_d60_e20,15,0.6,0.2,0.385805,-0.0228451,-0.367028,0.255455,-0.570079,-0.50459,0.49781,1,0,0,0,nan,0.474144,0.439885,0.508404,0.215637,0.155487,0.474144,0.185562,1.0024,1.0024,1.0024,0,0,nan,,,nan,nan,,,,,,,,,,,,,0,1,4.00497,arms_front_45,0.0199831,,0,,nan,
golem_ik,kinematic,golem_ik,nan,,0,b015_d70_e00,15,0.7,0,0.202944,0.0581594,-0.467028,0.151888,-0.398983,-0.60459,0.39781,1,0,0,0,nan,0.520908,0.492934,0.548881,0.269614,0.198369,0.520908,0.233991,1.0024,1.0024,1.0024,0,0,nan,,,nan,nan,,,,,,,,,,,,,0,1,4.01031,home,0.0198546,,0,,nan,
golem_ik,kinematic,golem_ik,nan,,0,b015_d70_e10,15,0.7,0.1,0.294374,0.0176571,-0.467028,0.203672,-0.484531,-0.60459,0.39781,1,0,0,0,nan,0.537493,0.505331,0.569654,0.259936,0.187656,0.537493,0.223796,1.0024,1.0024,1.0024,0,0,nan,,,nan,nan,,,,,,,,,,,,,0,1,4.00671,home,0.0200334,,0,,nan,
golem_ik,kinematic,golem_ik,nan,,0,b015_d70_e20,15,0.7,0.2,0.385805,-0.0228451,-0.467028,0.255455,-0.570079,-0.60459,0.39781,1,0,0,0,nan,0.563932,0.528592,0.599273,0.252657,0.17725,0.563932,0.214953,1.0024,1.0024,1.0024,0,0,nan,,,nan,nan,,,,,,,,,,,,,0,1,4.00847,home,0.0199312,,0,,nan,
golem_ik,kinematic,golem_ik,nan,,0,b015_d80_e00,15,0.8,0,0.202944,0.0581594,-0.567028,0.151888,-0.398983,-0.70459,0.29781,1,0,0,0,nan,0.614512,0.584776,0.644248,0.307979,0.219298,0.614512,0.263639,1.0024,1.0024,1.0024,0,0,nan,,,nan,nan,,,,,,,,,,,,,0,1,4.00467,home,0.0198843,,0,,nan,
golem_ik,kinematic,golem_ik,nan,,0,b015_d80_e10,15,0.8,0.1,0.294374,0.0176571,-0.567028,0.203672,-0.484531,-0.70459,0.29781,1,0,0,0,nan,0.630246,0.596731,0.663762,0.296582,0.207876,0.630246,0.252229,1.0024,1.0024,1.0024,0,0,nan,,,nan,nan,,,,,,,,,,,,,0,1,4.00877,current,0.0200394,,0,,nan,
golem_ik,kinematic,golem_ik,nan,,0,b015_d80_e20,15,0.8,0.2,0.385805,-0.0228451,-0.567028,0.255455,-0.570079,-0.70459,0.29781,1,0,0,0,nan,0.655042,0.618635,0.691448,0.286919,0.196423,0.655042,0.241671,1.0024,1.0024,1.0024,0,0,nan,,,nan,nan,,,,,,,,,,,,,0,1,4.00652,current,0.0199209,,0,,nan,
golem_ik,kinematic,golem_ik,nan,,0,b015_d90_e00,15,0.9,0,0.202944,0.0581594,-0.667028,0.151888,-0.398983,-0.80459,0.19781,1,0,0,0,nan,0.709028,0.677563,0.740494,0.342526,0.236363,0.709028,0.289445,1.0024,1.0024,1.0024,0,0,nan,,,nan,nan,,,,,,,,,,,,,0,1,4.00948,home,0.0199101,,0,,nan,
golem_ik,kinematic,golem_ik,nan,,0,b015_d90_e10,15,0.9,0.1,0.294374,0.0176571,-0.667028,0.203672,-0.484531,-0.80459,0.19781,1,0,0,0,nan,0.724003,0.689161,0.758845,0.32973,0.224589,0.724003,0.277159,1.0024,1.0024,1.0024,0,0,nan,,,nan,nan,,,,,,,,,,,,,0,1,4.00716,current,0.0199944,,0,,nan,
golem_ik,kinematic,golem_ik,nan,,0,b015_d90_e20,15,0.9,0.2,0.385805,-0.0228451,-0.667028,0.255455,-0.570079,-0.80459,0.19781,1,0,0,0,nan,0.747345,0.70988,0.784809,0.318135,0.212347,0.747345,0.265241,1.0024,1.0024,1.0024,0,0,nan,,,nan,nan,,,,,,,,,,,,,0,1,4.00832,current,0.0199746,,0,,nan,
golem_ik,kinematic,golem_ik,nan,,0,b015_d100_e00,15,1,0,0.202944,0.0581594,-0.767028,0.151888,-0.398983,-0.90459,0.09781,1,0,0,0,nan,0.804486,0.771275,0.837697,0.37315,0.248478,0.804486,0.310814,1.0024,1.0024,1.0024,0,0,nan,,,nan,nan,,,,,,,,,,,,,0,1,4.00985,current,0.0200034,,0,,nan,
golem_ik,kinematic,golem_ik,nan,,0,b015_d100_e10,15,1,0.1,0.294374,0.0176571,-0.767028,0.203672,-0.484531,-0.90459,0.09781,1,0,0,0,nan,0.818777,0.782566,0.854989,0.359164,0.236368,0.818777,0.297766,1.0024,1.0024,1.0024,0,0,nan,,,nan,nan,,,,,,,,,,,,,0,1,4.00789,home,0.0220038,,0,,nan,
golem_ik,kinematic,golem_ik,nan,,0,b015_d100_e20,15,1,0.2,0.385805,-0.0228451,-0.767028,0.255455,-0.570079,-0.90459,0.09781,1,0,0,0,nan,0.840848,0.802198,0.879497,0.346232,0.222685,0.840848,0.284459,1.0024,1.0024,1.0024,0,0,nan,,,nan,nan,,,,,,,,,,,,,0,1,4.00682,arms_front_45,0.0200055,,0,,nan,
golem_ik,kinematic,golem_ik,nan,,0,b016_d00_e00,16,0,0,0.365939,-0.0496886,0.386933,0.214269,-0.0719656,0.0431338,1.04553,0,0,0,0,nan,0.237142,0.228453,0.245831,0.010644,0.0276156,0.237142,0.0191298,1.0024,1.0024,1.0024,0,0,nan,,,nan,nan,,,,,,,,,,,,,0,1,4.0114,arms_front_45,0.0223265,,0,,nan,
golem_ik,kinematic,golem_ik,nan,,0,b016_d00_e10,16,0,0.1,0.453915,-0.0972299,0.386933,0.308503,-0.0384998,0.0431338,1.04553,0,0,0,0,nan,0.234875,0.225204,0.244547,0.0101284,0.00405783,0.234875,0.00709313,1.0024,1.0024,1.0024,0,0,nan,,,nan,nan,,,,,,,,,,,,,0,1,2.23756,arms_front_45,0.0128733,,2,,nan,
golem_ik,kinematic,golem_ik,nan,,0,b016_d00_e20,16,0,0.2,0.541892,-0.144771,0.386933,0.402737,-0.00503405,0.0431338,1.04553,0,0,0,0,nan,0.240008,0.245436,0.234581,0.0123034,0.0242163,0.240008,0.0182599,1.0024,1.0024,1.0024,0,0,nan,,,nan,nan,,,,,,,,,,,,,0,1,4.00997,arms_front_45,0.0057368,,0,,nan,
golem_ik,kinematic,golem_ik,nan,,0,b016_d10_e00,16,0.1,0,0.365939,-0.0496886,0.286933,0.214269,-0.0719656,-0.0568662,0.945534,0,0,0,0,nan,0.238048,0.241191,0.234906,0.0377192,0.0192937,0.238048,0.0285065,1.0024,1.0024,1.0024,0,0,nan,,,nan,nan,,,,,,,,,,,,,0,1,4.00478,arms_front_45,0.0215511,,0,,nan,
golem_ik,kinematic,golem_ik,nan,,0,b016_d10_e10,16,0.1,0.1,0.453915,-0.0972299,0.286933,0.308503,-0.0384998,-0.0568662,0.945534,0,0,0,0,nan,0.246986,0.240087,0.253886,0.0197172,0.0169652,0.246986,0.0183412,1.0024,1.0024,1.0024,0,0,nan,,,nan,nan,,,,,,,,,,,,,0,1,2.21832,arms_front_45,0.0210889,,2,,nan,
golem_ik,kinematic,golem_ik,nan,,0,b016_d10_e20,16,0.1,0.2,0.541892,-0.144771,0.286933,0.402737,-0.00503405,-0.0568662,0.945534,0,0,0,0,nan,0.25687,0.253548,0.260191,0.0239306,0.0231055,0.25687,0.0235181,1.0024,1.0024,1.0024,0,0,nan,,,nan,nan,,,,,,,,,,,,,0,1,3.58321,home,-0.000386378,,2,,nan,
golem_ik,kinematic,golem_ik,nan,,0,b016_d20_e00,16,0.2,0,0.365939,-0.0496886,0.186933,0.214269,-0.0719656,-0.156866,0.845534,1,0,0,0,nan,0.234254,0.209373,0.259134,0.0184666,0.0176191,0.234254,0.0180428,1.0024,1.0024,1.0024,0,0,nan,,,nan,nan,,,,,,,,,,,,,0,1,4.01112,arms_front_45,0.00744272,,0,,nan,
golem_ik,kinematic,golem_ik,nan,,0,b016_d20_e10,16,0.2,0.1,0.453915,-0.0972299,0.186933,0.308503,-0.0384998,-0.156866,0.845534,1,0,0,0,nan,0.253343,0.218884,0.287802,0.0412263,0.0177046,0.253343,0.0294654,1.0024,1.0024,1.0024,0,0,nan,,,nan,nan,,,,,,,,,,,,,0,1,4.00575,t_pose,0.0047575,,0,,nan,
golem_ik,kinematic,golem_ik,nan,,0,b016_d20_e20,16,0.2,0.2,0.541892,-0.144771,0.186933,0.402737,-0.00503405,-0.156866,0.845534,1,0,0,0,nan,0.275061,0.25944,0.290682,0.0469146,0.0241821,0.275061,0.0355483,1.0024,1.0024,1.0024,0,0,nan,,,nan,nan,,,,,,,,,,,,,0,1,4.01311,arms_front_45,0.00816894,,0,,nan,
golem_ik,kinematic,golem_ik,nan,,0,b016_d30_e00,16,0.3,0,0.365939,-0.0496886,0.0869328,0.214269,-0.0719656,-0.256866,0.745534,1,0,0,0,nan,0.254154,0.225586,0.282722,0.11646,0.0156294,0.254154,0.0660445,1.0024,1.0024,1.0024,0,0,nan,,,nan,nan,,,,,,,,,,,,,0,1,4.00537,home,0.0145033,,0,,nan,
golem_ik,kinematic,golem_ik,nan,,0,b016_d30_e10,16,0.3,0.1,0.453915,-0.0972299,0.0869328,0.308503,-0.0384998,-0.256866,0.745534,1,0,0,0,nan,0.278832,0.246404,0.31126,0.082252,0.0336792,0.278832,0.0579656,1.0024,1.0024,1.0024,0,0,nan,,,nan,nan,,,,,,,,,,,,,0,1,3.03318,t_pose,0.00311642,,2,,nan,
golem_ik,kinematic,golem_ik,nan,,0,b016_d30_e20,16,0.3,0.2,0.541892,-0.144771,0.0869328,0.402737,-0.00503405,-0.256866,0.745534,1,0,0,0,nan,0.307105,0.268833,0.345377,0.0422225,0.0372754,0.307105,0.0397489,1.0024,1.0024,1.0024,0,0,nan,,,nan,nan,,,,,,,,,,,,,0,1,3.73898,home,-0.000420615,,2,,nan,
golem_ik,kinematic,golem_ik,nan,,0,b016_d40_e00,16,0.4,0,0.365939,-0.0496886,-0.0130672,0.214269,-0.0719656,-0.356866,0.645534,1,0,0,0,nan,0.283807,0.211532,0.356081,0.121686,0.0442303,0.283807,0.0829582,1.0024,1.0024,1.0024,0,0,nan,,,nan,nan,,,,,,,,,,,,,0,1,3.19689,arms_front_45,0.0169926,,2,,nan,
golem_ik,kinematic,golem_ik,nan,,0,b016_d40_e10,16,0.4,0.1,0.453915,-0.0972299,-0.0130672,0.308503,-0.0384998,-0.356866,0.645534,1,0,0,0,nan,0.31945,0.258365,0.380534,0.091111,0.0478752,0.31945,0.0694931,1.0024,1.0024,1.0024,0,0,nan,,,nan,nan,,,,,,,,,,,,,0,1,3.39094,t_pose,0.00936164,,2,,nan,
golem_ik,kinematic,golem_ik,nan,,0,b016_d40_e20,16,0.4,0.2,0.541892,-0.144771,-0.0130672,0.402737,-0.00503405,-0.356866,0.645534,1,0,0,0,nan,0.369423,0.319041,0.419804,0.0815306,0.0403678,0.369423,0.0609492,1.0024,1.0024,1.0024,0,0,nan,,,nan,nan,,,,,,,,,,,,,0,1,4.01109,t_pose,0.0101594,,0,,nan,
golem_ik,kinematic,golem_ik,nan,,0,b016_d50_e00,16,0.5,0,0.365939,-0.0496886,-0.113067,0.214269,-0.0719656,-0.456866,0.545534,1,0,0,0,nan,0.334796,0.226309,0.443283,0.12349,0.0696858,0.334796,0.096588,1.0024,1.0024,1.0024,0,0,nan,,,nan,nan,,,,,,,,,,,,,0,1,4.00719,home,0.016027,,0,,nan,
golem_ik,kinematic,golem_ik,nan,,0,b016_d50_e10,16,0.5,0.1,0.453915,-0.0972299,-0.113067,0.308503,-0.0384998,-0.456866,0.545534,1,0,0,0,nan,0.377269,0.292243,0.462294,0.105994,0.0635694,0.377269,0.0847817,1.0024,1.0024,1.0024,0,0,nan,,,nan,nan,,,,,,,,,,,,,0,1,4.01009,arms_front_45,0.0177469,,0,,nan,
golem_ik,kinematic,golem_ik,nan,,0,b016_d50_e20,16,0.5,0.2,0.541892,-0.144771,-0.113067,0.402737,-0.00503405,-0.456866,0.545534,1,0,0,0,nan,0.427096,0.357443,0.496748,0.0897066,0.0563737,0.427096,0.0730401,1.0024,1.0024,1.0024,0,0,nan,,,nan,nan,,,,,,,,,,,,,0,1,4.01069,home,0.0158256,,0,,nan,
golem_ik,kinematic,golem_ik,nan,,0,b016_d60_e00,16,0.6,0,0.365939,-0.0496886,-0.213067,0.214269,-0.0719656,-0.556866,0.445534,1,0,0,0,nan,0.402858,0.275715,0.530001,0.128273,0.101249,0.402858,0.114761,1.0024,1.0024,1.0024,0,0,nan,,,nan,nan,,,,,,,,,,,,,0,1,4.00678,t_pose,0.0146936,,0,,nan,
golem_ik,kinematic,golem_ik,nan,,0,b016_d60_e10,16,0.6,0.1,0.453915,-0.0972299,-0.213067,0.308503,-0.0384998,-0.556866,0.445534,1,0,0,0,nan,0.44447,0.340487,0.548453,0.103801,0.0881828,0.44447,0.0959921,1.0024,1.0024,1.0024,0,0,nan,,,nan,nan,,,,,,,,,,,,,0,1,4.00926,current,0.0161871,,0,,nan,
golem_ik,kinematic,golem_ik,nan,,0,b016_d60_e20,16,0.6,0.2,0.541892,-0.144771,-0.213067,0.402737,-0.00503405,-0.556866,0.445534,1,0,0,0,nan,0.493097,0.405326,0.580867,0.0953368,0.0827967,0.493097,0.0890667,1.0024,1.0024,1.0024,0,0,nan,,,nan,nan,,,,,,,,,,,,,0,1,4.00967,t_pose,0.0169194,,0,,nan,
golem_ik,kinematic,golem_ik,nan,,0,b016_d70_e00,16,0.7,0,0.365939,-0.0496886,-0.313067,0.214269,-0.0719656,-0.656866,0.345534,1,0,0,0,nan,0.482324,0.343109,0.621538,0.133243,0.128079,0.482324,0.130661,1.0024,1.0024,1.0024,0,0,nan,,,nan,nan,,,,,,,,,,,,,0,1,4.01476,t_pose,0.0140663,,0,,nan,
golem_ik,kinematic,golem_ik,nan,,0,b016_d70_e10,16,0.7,0.1,0.453915,-0.0972299,-0.313067,0.308503,-0.0384998,-0.656866,0.345534,1,0,0,0,nan,0.522788,0.404137,0.641438,0.122529,0.106689,0.522788,0.114609,1.0024,1.0024,1.0024,0,0,nan,,,nan,nan,,,,,,,,,,,,,0,1,4.01115,arms_front_45,0.0203935,,0,,nan,
golem_ik,kinematic,golem_ik,nan,,0,b016_d70_e20,16,0.7,0.2,0.541892,-0.144771,-0.313067,0.402737,-0.00503405,-0.656866,0.345534,1,0,0,0,nan,0.567785,0.467109,0.66846,0.0980997,0.0987692,0.567785,0.0984345,1.0024,1.0024,1.0024,0,0,nan,,,nan,nan,,,,,,,,,,,,,0,1,4.00527,home,0.0192212,,0,,nan,
golem_ik,kinematic,golem_ik,nan,,0,b016_d80_e00,16,0.8,0,0.365939,-0.0496886,-0.413067,0.214269,-0.0719656,-0.756866,0.245534,1,0,0,0,nan,0.569245,0.422323,0.716167,0.137085,0.150284,0.569245,0.143685,1.0024,1.0024,1.0024,0,0,nan,,,nan,nan,,,,,,,,,,,,,0,1,4.00775,current,0.0148902,,0,,nan,
golem_ik,kinematic,golem_ik,nan,,0,b016_d80_e10,16,0.8,0.1,0.453915,-0.0972299,-0.413067,0.308503,-0.0384998,-0.756866,0.245534,1,0,0,0,nan,0.602465,0.471482,0.733447,0.122452,0.125943,0.602465,0.124198,1.0024,1.0024,1.0024,0,0,nan,,,nan,nan,,,,,,,,,,,,,0,1,4.00532,current,0.0129834,,0,,nan,
golem_ik,kinematic,golem_ik,nan,,0,b016_d80_e20,16,0.8,0.2,0.541892,-0.144771,-0.413067,0.402737,-0.00503405,-0.756866,0.245534,1,0,0,0,nan,0.646468,0.534629,0.758308,0.100556,0.127297,0.646468,0.113927,1.0024,1.0024,1.0024,0,0,nan,,,nan,nan,,,,,,,,,,,,,0,1,4.00912,t_pose,0.0178896,,0,,nan,
golem_ik,kinematic,golem_ik,nan,,0,b016_d90_e00,16,0.9,0,0.365939,-0.0496886,-0.513067,0.214269,-0.0719656,-0.856866,0.145534,1,0,0,0,nan,0.659178,0.507952,0.810403,0.135996,0.170139,0.659178,0.153067,1.0024,1.0024,1.0024,0,0,nan,,,nan,nan,,,,,,,,,,,,,0,1,4.01133,t_pose,0.0183423,,0,,nan,
golem_ik,kinematic,golem_ik,nan,,0,b016_d90_e10,16,0.9,0.1,0.453915,-0.0972299,-0.513067,0.308503,-0.0384998,-0.856866,0.145534,1,0,0,0,nan,0.689987,0.553106,0.826869,0.131881,0.151394,0.689987,0.141638,1.0024,1.0024,1.0024,0,0,nan,,,nan,nan,,,,,,,,,,,,,0,1,4.0064,t_pose,0.0149881,,0,,nan,
golem_ik,kinematic,golem_ik,nan,,0,b016_d90_e20,16,0.9,0.2,0.541892,-0.144771,-0.513067,0.402737,-0.00503405,-0.856866,0.145534,1,0,0,0,nan,0.729517,0.60802,0.851014,0.113383,0.147487,0.729517,0.130435,1.0024,1.0024,1.0024,0,0,nan,,,nan,nan,,,,,,,,,,,,,0,1,4.00465,t_pose,0.0171734,,0,,nan,
golem_ik,kinematic,golem_ik,nan,,0,b016_d100_e00,16,1,0,0.365939,-0.0496886,-0.613067,0.214269,-0.0719656,-0.956866,0.0455338,1,0,0,0,nan,0.750914,0.596501,0.905326,0.133199,0.192237,0.750914,0.162718,1.0024,1.0024,1.0024,0,0,nan,,,nan,nan,,,,,,,,,,,,,0,1,4.01,t_pose,0.0162744,,0,,nan,
golem_ik,kinematic,golem_ik,nan,,0,b016_d100_e10,16,1,0.1,0.453915,-0.0972299,-0.613067,0.308503,-0.0384998,-0.956866,0.0455338,1,0,0,0,nan,0.780071,0.636991,0.923151,0.14386,0.162538,0.780071,0.153199,1.0024,1.0024,1.0024,0,0,nan,,,nan,nan,,,,,,,,,,,,,0,1,4.00843,home,0.0170101,,0,,nan,
golem_ik,kinematic,golem_ik,nan,,0,b016_d100_e20,16,1,0.2,0.541892,-0.144771,-0.613067,0.402737,-0.00503405,-0.956866,0.0455338,1,0,0,0,nan,0.815953,0.686852,0.945055,0.126598,0.156579,0.815953,0.141589,1.0024,1.0024,1.0024,0,0,nan,,,nan,nan,,,,,,,,,,,,,0,1,4.00929,current,0.0169654,,0,,nan,
golem_ik,kinematic,golem_ik,nan,,0,b017_d00_e00,17,0,0,0.515958,0.3127,0.285,0.463065,-0.223381,0.60029,1.2874,0,1,1,1,nan,7.9634e-06,1.39215e-05,2.00532e-06,1.04173e-05,9.26867e-06,7.9634e-06,9.84296e-06,1.0024,1.0024,1.0024,0,0,nan,,,nan,nan,,,,,,,,,,,,,0,1,0.230373,home,0.0366965,,0,,nan,
golem_ik,kinematic,golem_ik,nan,,0,b017_d00_e10,17,0,0.1,0.611225,0.3431,0.285,0.561768,-0.239436,0.60029,1.2874,0,0,0,1,nan,0.0537348,0.0829007,0.0245689,0.000277808,0.00194741,0.0537348,0.00111261,1.0024,1.0024,1.0024,0,0,nan,,,nan,nan,,,,,,,,,,,,,0,1,4.00958,arms_front_45,0.0551609,,0,,nan,
golem_ik,kinematic,golem_ik,nan,,0,b017_d00_e20,17,0,0.2,0.706492,0.373499,0.285,0.66047,-0.255491,0.60029,1.2874,0,0,0,0,nan,0.150071,0.180033,0.120109,0.000478327,0.0059157,0.150071,0.00319701,1.0024,1.0024,1.0024,0,0,nan,,,nan,nan,,,,,,,,,,,,,0,1,4.00474,arms_front_45,0.0565888,,0,,nan,
golem_ik,kinematic,golem_ik,nan,,0,b017_d10_e00,17,0.1,0,0.515958,0.3127,0.185,0.463065,-0.223381,0.50029,1.1874,0,1,1,1,nan,0.0114172,0.0228344,1.59444e-16,8.95489e-05,2.13589e-16,0.0114172,4.47744e-05,1.0024,1.0024,1.0024,0,0,nan,,,nan,nan,,,,,,,,,,,,,0,1,4.00634,t_pose,0.0683951,,0,,nan,
golem_ik,kinematic,golem_ik,nan,,0,b017_d10_e10,17,0.1,0.1,0.611225,0.3431,0.185,0.561768,-0.239436,0.50029,1.1874,0,0,0,1,nan,0.0589354,0.11382,0.0040513,0.000354075,9.22114e-06,0.0589354,0.000181648,1.0024,1.0024,1.0024,0,0,nan,,,nan,nan,,,,,,,,,,,,,0,1,4.01016,arms_front_45,0.0578242,,0,,nan,
golem_ik,kinematic,golem_ik,nan,,0,b017_d10_e20,17,0.1,0.2,0.706492,0.373499,0.185,0.66047,-0.255491,0.50029,1.1874,0,0,0,0,nan,0.155066,0.207052,0.10308,0.000514852,2.3984e-05,0.155066,0.000269418,1.0024,1.0024,1.0024,0,0,nan,,,nan,nan,,,,,,,,,,,,,0,1,4.00897,arms_front_45,0.0596056,,0,,nan,
golem_ik,kinematic,golem_ik,nan,,0,b017_d20_e00,17,0.2,0,0.515958,0.3127,0.0849999,0.463065,-0.223381,0.40029,1.0874,0,0,0,1,nan,0.0363694,0.0727389,5.55112e-17,0.000255426,2.56111e-16,0.0363694,0.000127713,1.0024,1.0024,1.0024,0,0,nan,,,nan,nan,,,,,,,,,,,,,0,1,4.00712,t_pose,0.0711848,,0,,nan,
golem_ik,kinematic,golem_ik,nan,,0,b017_d20_e10,17,0.2,0.1,0.611225,0.3431,0.0849999,0.561768,-0.239436,0.40029,1.0874,0,0,0,1,nan,0.0801936,0.157433,0.00295438,0.000445997,4.8447e-05,0.0801936,0.000247222,1.0024,1.0024,1.0024,0,0,nan,,,nan,nan,,,,,,,,,,,,,0,1,4.01303,arms_front_45,0.0618214,,0,,nan,
golem_ik,kinematic,golem_ik,nan,,0,b017_d20_e20,17,0.2,0.2,0.706492,0.373499,0.0849999,0.66047,-0.255491,0.40029,1.0874,0,0,0,0,nan,0.173585,0.245641,0.101529,0.000562176,0.00059724,0.173585,0.000579708,1.0024,1.0024,1.0024,0,0,nan,,,nan,nan,,,,,,,,,,,,,0,1,4.00824,arms_front_45,0.0639566,,0,,nan,
golem_ik,kinematic,golem_ik,nan,,0,b017_d30_e00,17,0.3,0,0.515958,0.3127,-0.0150001,0.463065,-0.223381,0.30029,0.9874,0,0,0,1,nan,0.066768,0.133536,8.32667e-17,0.000414213,3.095e-16,0.066768,0.000207106,1.0024,1.0024,1.0024,0,0,nan,,,nan,nan,,,,,,,,,,,,,0,1,4.01143,t_pose,0.0660574,,0,,nan,
golem_ik,kinematic,golem_ik,nan,,0,b017_d30_e10,17,0.3,0.1,0.611225,0.3431,-0.0150001,0.561768,-0.239436,0.30029,0.9874,0,0,0,1,nan,0.114887,0.211596,0.0181789,0.000538312,0.000228507,0.114887,0.000383409,1.0024,1.0024,1.0024,0,0,nan,,,nan,nan,,,,,,,,,,,,,0,1,4.00667,arms_front_45,0.0679065,,0,,nan,
golem_ik,kinematic,golem_ik,nan,,0,b017_d30_e20,17,0.3,0.2,0.706492,0.373499,-0.0150001,0.66047,-0.255491,0.30029,0.9874,0,0,0,0,nan,0.204675,0.294236,0.115114,0.000611536,0.00129789,0.204675,0.000954711,1.0024,1.0024,1.0024,0,0,nan,,,nan,nan,,,,,,,,,,,,,0,1,4.00931,arms_front_45,0.0682185,,0,,nan,
golem_ik,kinematic,golem_ik,nan,,0,b017_d40_e00,17,0.4,0,0.515958,0.3127,-0.115,0.463065,-0.223381,0.20029,0.8874,1,0,0,1,nan,0.101318,0.202634,1.44959e-06,0.000551345,1.89732e-07,0.101318,0.000275767,1.0024,1.0024,1.0024,0,0,nan,,,nan,nan,,,,,,,,,,,,,0,1,4.00721,arms_front_45,0.0418866,,0,,nan,
golem_ik,kinematic,golem_ik,nan,,0,b017_d40_e10,17,0.4,0.1,0.611225,0.3431,-0.115,0.561768,-0.239436,0.20029,0.8874,1,0,0,0,nan,0.162339,0.274259,0.0504199,0.000620641,0.000881421,0.162339,0.000751031,1.0024,1.0024,1.0024,0,0,nan,,,nan,nan,,,,,,,,,,,,,0,1,4.00569,arms_front_45,0.0662094,,0,,nan,
golem_ik,kinematic,golem_ik,nan,,0,b017_d40_e20,17,0.4,0.2,0.706492,0.373499,-0.115,0.66047,-0.255491,0.20029,0.8874,1,0,0,0,nan,0.24709,0.351241,0.142939,0.000656179,0.00229568,0.24709,0.00147593,1.0024,1.0024,1.0024,0,0,nan,,,nan,nan,,,,,,,,,,,,,0,1,4.01273,arms_front_45,0.0700162,,0,,nan,
golem_ik,kinematic,golem_ik,nan,,0,b017_d50_e00,17,0.5,0,0.515958,0.3127,-0.215,0.463065,-0.223381,0.10029,0.7874,1,0,0,1,nan,0.146446,0.277979,0.0149135,0.000660754,0.000438372,0.146446,0.000549563,1.0024,1.0024,1.0024,0,0,nan,,,nan,nan,,,,,,,,,,,,,0,1,4.00897,arms_front_45,0.0564041,,0,,nan,
golem_ik,kinematic,golem_ik,nan,,0,b017_d50_e10,17,0.5,0.1,0.611225,0.3431,-0.215,0.561768,-0.239436,0.10029,0.7874,1,0,0,0,nan,0.220133,0.343659,0.0966071,0.000687446,0.00211109,0.220133,0.00139927,1.0024,1.0024,1.0024,0,0,nan,,,nan,nan,,,,,,,,,,,,,0,1,4.00628,arms_front_45,0.0627153,,0,,nan,
golem_ik,kinematic,golem_ik,nan,,0,b017_d50_e20,17,0.5,0.2,0.706492,0.373499,-0.215,0.66047,-0.255491,0.10029,0.7874,1,0,0,0,nan,0.299279,0.415184,0.183374,0.000691743,0.00367586,0.299279,0.0021838,1.0024,1.0024,1.0024,0,0,nan,,,nan,nan,,,,,,,,,,,,,0,1,4.00831,arms_front_45,0.0664644,,0,,nan,
golem_ik,kinematic,golem_ik,nan,,0,b017_d60_e00,17,0.6,0,0.515958,0.3127,-0.315,0.463065,-0.223381,0.000290358,0.6874,1,0,0,0,nan,0.218702,0.358034,0.0793707,0.000741739,0.00306492,0.218702,0.00190333,1.0024,1.0024,1.0024,0,0,nan,,,nan,nan,,,,,,,,,,,,,0,1,4.01107,t_pose,0.0560896,,0,,nan,
golem_ik,kinematic,golem_ik,nan,,0,b017_d60_e10,17,0.6,0.1,0.611225,0.3431,-0.315,0.561768,-0.239436,0.000290358,0.6874,1,0,0,0,nan,0.286162,0.418368,0.153957,0.000736806,0.00391891,0.286162,0.00232786,1.0024,1.0024,1.0024,0,0,nan,,,nan,nan,,,,,,,,,,,,,0,1,4.01074,current,0.0596947,,0,,nan,
golem_ik,kinematic,golem_ik,nan,,0,b017_d60_e20,17,0.6,0.2,0.706492,0.373499,-0.315,0.66047,-0.255491,0.000290358,0.6874,1,0,0,0,nan,0.359629,0.484794,0.234465,0.00071445,0.00543249,0.359629,0.00307347,1.0024,1.0024,1.0024,0,0,nan,,,nan,nan,,,,,,,,,,,,,0,1,4.00942,arms_front_45,0.0631851,,0,,nan,
golem_ik,kinematic,golem_ik,nan,,0,b017_d70_e00,17,0.7,0,0.515958,0.3127,-0.415,0.463065,-0.223381,-0.0997096,0.5874,1,0,0,0,nan,0.297034,0.44168,0.152389,0.000791256,0.00719112,0.297034,0.00399119,1.0024,1.0024,1.0024,0,0,nan,,,nan,nan,,,,,,,,,,,,,0,1,4.00668,t_pose,0.054009,,0,,nan,
golem_ik,kinematic,golem_ik,nan,,0,b017_d70_e10,17,0.7,0.1,0.611225,0.3431,-0.415,0.561768,-0.239436,-0.0997096,0.5874,1,0,0,0,nan,0.358837,0.49725,0.220423,0.000726984,0.00884269,0.358837,0.00478484,1.0024,1.0024,1.0024,0,0,nan,,,nan,nan,,,,,,,,,,,,,0,1,4.01101,t_pose,0.0577187,,0,,nan,
golem_ik,kinematic,golem_ik,nan,,0,b017_d70_e20,17,0.7,0.2,0.706492,0.373499,-0.415,0.66047,-0.255491,-0.0997096,0.5874,1,0,0,0,nan,0.426633,0.559016,0.294249,0.000715236,0.0139298,0.426633,0.00732252,1.0024,1.0024,1.0024,0,0,nan,,,nan,nan,,,,,,,,,,,,,0,1,4.00604,home,0.0592631,,0,,nan,
golem_ik,kinematic,golem_ik,nan,,0,b017_d80_e00,17,0.8,0,0.515958,0.3127,-0.515,0.463065,-0.223381,-0.19971,0.4874,1,0,0,0,nan,0.379864,0.528086,0.231642,0.000786831,0.0193328,0.379864,0.0100598,1.0024,1.0024,1.0024,0,0,nan,,,nan,nan,,,,,,,,,,,,,0,1,4.00901,t_pose,0.0523289,,0,,nan,
golem_ik,kinematic,golem_ik,nan,,0,b017_d80_e10,17,0.8,0.1,0.611225,0.3431,-0.515,0.561768,-0.239436,-0.19971,0.4874,1,0,0,0,nan,0.436366,0.579455,0.293277,0.000648207,0.0129742,0.436366,0.00681118,1.0024,1.0024,1.0024,0,0,nan,,,nan,nan,,,,,,,,,,,,,0,1,4.01074,t_pose,0.0557562,,0,,nan,
golem_ik,kinematic,golem_ik,nan,,0,b017_d80_e20,17,0.8,0.2,0.706492,0.373499,-0.515,0.66047,-0.255491,-0.19971,0.4874,1,0,0,0,nan,0.499562,0.636986,0.362139,0.000374818,0.0169387,0.499562,0.00865675,1.0024,1.0024,1.0024,0,0,nan,,,nan,nan,,,,,,,,,,,,,0,1,4.00691,t_pose,0.0590153,,0,,nan,
golem_ik,kinematic,golem_ik,nan,,0,b017_d90_e00,17,0.9,0,0.515958,0.3127,-0.615,0.463065,-0.223381,-0.29971,0.3874,1,0,0,0,nan,0.46603,0.616645,0.315414,0.000600517,0.0259931,0.46603,0.0132968,1.0024,1.0024,1.0024,0,0,nan,,,nan,nan,,,,,,,,,,,,,0,1,4.00962,t_pose,0.0509857,,0,,nan,
golem_ik,kinematic,golem_ik,nan,,0,b017_d90_e10,17,0.9,0.1,0.611225,0.3431,-0.615,0.561768,-0.239436,-0.29971,0.3874,1,0,0,0,nan,0.518189,0.66431,0.372069,0.000338364,0.0203914,0.518189,0.0103649,1.0024,1.0024,1.0024,0,0,nan,,,nan,nan,,,,,,,,,,,,,0,1,4.00925,t_pose,0.0541757,,0,,nan,
golem_ik,kinematic,golem_ik,nan,,0,b017_d90_e20,17,0.9,0.2,0.706492,0.373499,-0.615,0.66047,-0.255491,-0.29971,0.3874,1,0,0,0,nan,0.576889,0.718035,0.435743,0.000612018,0.0248422,0.576889,0.0127271,1.0024,1.0024,1.0024,0,0,nan,,,nan,nan,,,,,,,,,,,,,0,1,4.00695,t_pose,0.0572514,,0,,nan,
golem_ik,kinematic,golem_ik,nan,,0,b017_d100_e00,17,1,0,0.515958,0.3127,-0.715,0.463065,-0.223381,-0.39971,0.2874,1,0,0,0,nan,0.554889,0.706912,0.402866,0.000431197,0.0260871,0.554889,0.0132592,1.0024,1.0024,1.0024,0,0,nan,,,nan,nan,,,,,,,,,,,,,0,1,4.006,t_pose,0.0499398,,0,,nan,
golem_ik,kinematic,golem_ik,nan,,0,b017_d100_e10,17,1,0.1,0.611225,0.3431,-0.715,0.561768,-0.239436,-0.39971,0.2874,1,0,0,0,nan,0.602965,0.751306,0.454625,0.000775759,0.0279049,0.602965,0.0143403,1.0024,1.0024,1.0024,0,0,nan,,,nan,nan,,,,,,,,,,,,,0,1,4.00697,t_pose,0.0528786,,0,,nan,
golem_ik,kinematic,golem_ik,nan,,0,b017_d100_e20,17,1,0.2,0.706492,0.373499,-0.715,0.66047,-0.255491,-0.39971,0.2874,1,0,0,0,nan,0.657754,0.801615,0.513893,0.00167201,0.0334046,0.657754,0.0175383,1.0024,1.0024,1.0024,0,0,nan,,,nan,nan,,,,,,,,,,,,,0,1,4.00849,t_pose,0.055785,,0,,nan,
golem_ik,kinematic,golem_ik,nan,,0,b018_d00_e00,18,0,0,0.142559,0.417998,0.811668,0.426641,-0.126756,0.335782,1.33818,0,1,1,1,nan,0.000234205,0.000284242,0.000184168,0.000639163,0.000266009,0.000234205,0.000452586,1.0024,1.0024,1.0024,0,0,nan,,,nan,nan,,,,,,,,,,,,,0,1,0.198737,home,0.0894178,,0,,nan,
golem_ik,kinematic,golem_ik,nan,,0,b018_d00_e10,18,0,0.1,0.189259,0.506424,0.811668,0.526517,-0.121769,0.335782,1.33818,0,0,1,0,nan,0.0283445,2.77556e-17,0.0566889,2.25102e-16,0.0304309,0.0283445,0.0152154,1.0024,1.0024,1.0024,0,0,nan,,,nan,nan,,,,,,,,,,,,,0,1,4.00088,home,0.0789339,,0,,nan,
golem_ik,kinematic,golem_ik,nan,,0,b018_d00_e20,18,0,0.2,0.235958,0.59485,0.811668,0.626392,-0.116782,0.335782,1.33818,0,0,1,0,nan,0.0917452,0.0388344,0.144656,0.00987859,0.0719112,0.0917452,0.0408949,1.0024,1.0024,1.0024,0,0,nan,,,nan,nan,,,,,,,,,,,,,0,1,4.01422,arms_front_45,0.0735895,,0,,nan,
golem_ik,kinematic,golem_ik,nan,,0,b018_d10_e00,18,0.1,0,0.142559,0.417998,0.711668,0.426641,-0.126756,0.235782,1.23818,0,1,1,1,nan,0.00476972,0,0.00953943,3.51055e-16,0.00551852,0.00476972,0.00275926,1.0024,1.0024,1.0024,0,0,nan,,,nan,nan,,,,,,,,,,,,,0,1,4.00063,arms_front_45,0.0793585,,0,,nan,
golem_ik,kinematic,golem_ik,nan,,0,b018_d10_e10,18,0.1,0.1,0.189259,0.506424,0.711668,0.526517,-0.121769,0.235782,1.23818,0,0,1,0,nan,0.0428329,0,0.0856658,3.39473e-16,0.0458838,0.0428329,0.0229419,1.0024,1.0024,1.0024,0,0,nan,,,nan,nan,,,,,,,,,,,,,0,1,4.00076,t_pose,0.0792213,,0,,nan,
golem_ik,kinematic,golem_ik,nan,,0,b018_d10_e20,18,0.1,0.2,0.235958,0.59485,0.711668,0.626392,-0.116782,0.235782,1.23818,0,0,1,0,nan,0.0860226,0.00330768,0.168737,0.00121021,0.0836094,0.0860226,0.0424098,1.0024,1.0024,1.0024,0,0,nan,,,nan,nan,,,,,,,,,,,,,0,1,4.009,arms_front_45,0.0780628,,0,,nan,
golem_ik,kinematic,golem_ik,nan,,0,b018_d20_e00,18,0.2,0,0.142559,0.417998,0.611668,0.426641,-0.126756,0.135782,1.13818,0,0,1,0,nan,0.0299262,5.55112e-17,0.0598525,1.73964e-16,0.0344856,0.0299262,0.0172428,1.0024,1.0024,1.0024,0,0,nan,,,nan,nan,,,,,,,,,,,,,0,1,4.00077,current,0.0660261,,0,,nan,
golem_ik,kinematic,golem_ik,nan,,0,b018_d20_e10,18,0.2,0.1,0.189259,0.506424,0.611668,0.526517,-0.121769,0.135782,1.13818,0,0,1,0,nan,0.0653563,2.77556e-17,0.130713,2.58344e-16,0.0701877,0.0653563,0.0350939,1.0024,1.0024,1.0024,0,0,nan,,,nan,nan,,,,,,,,,,,,,0,1,4.00068,current,0.073045,,0,,nan,
golem_ik,kinematic,golem_ik,nan,,0,b018_d20_e20,18,0.2,0.2,0.235958,0.59485,0.611668,0.626392,-0.116782,0.135782,1.13818,0,0,1,0,nan,0.103871,6.28515e-06,0.207737,1.2225e-06,0.102949,0.103871,0.0514749,1.0024,1.0024,1.0024,0,0,nan,,,nan,nan,,,,,,,,,,,,,0,1,4.00518,arms_front_45,0.0717535,,0,,nan,
golem_ik,kinematic,golem_ik,nan,,0,b018_d30_e00,18,0.3,0,0.142559,0.417998,0.511668,0.426641,-0.126756,0.0357816,1.03818,0,0,1,0,nan,0.058242,2.77556e-17,0.116484,3.45652e-16,0.0649888,0.058242,0.0324944,1.0024,1.0024,1.0024,0,0,nan,,,nan,nan,,,,,,,,,,,,,0,1,4.00069,home,0.0564583,,0,,nan,
golem_ik,kinematic,golem_ik,nan,,0,b018_d30_e10,18,0.3,0.1,0.189259,0.506424,0.511668,0.526517,-0.121769,0.0357816,1.03818,0,0,1,0,nan,0.0919229,5.55112e-17,0.183846,2.58422e-16,0.0972163,0.0919229,0.0486082,1.0024,1.0024,1.0024,0,0,nan,,,nan,nan,,,,,,,,,,,,,0,1,4.00063,home,0.0694645,,0,,nan,
golem_ik,kinematic,golem_ik,nan,,0,b018_d30_e20,18,0.3,0.2,0.235958,0.59485,0.511668,0.626392,-0.116782,0.0357816,1.03818,0,0,1,0,nan,0.128398,2.72606e-10,0.256797,5.27331e-11,0.127101,0.128398,0.0635506,1.0024,1.0024,1.0024,0,0,nan,,,nan,nan,,,,,,,,,,,,,0,1,4.00321,arms_front_45,0.0685986,,0,,nan,
golem_ik,kinematic,golem_ik,nan,,0,b018_d40_e00,18,0.4,0,0.142559,0.417998,0.411668,0.426641,-0.126756,-0.0642184,0.938182,0,0,1,0,nan,0.0897936,0,0.179587,1.38474e-16,0.0949497,0.0897936,0.0474748,1.0024,1.0024,1.0024,0,0,nan,,,nan,nan,,,,,,,,,,,,,0,1,4.0007,home,0.0324413,,0,,nan,
golem_ik,kinematic,golem_ik,nan,,0,b018_d40_e10,18,0.4,0.1,0.189259,0.506424,0.411668,0.526517,-0.121769,-0.0642184,0.938182,0,0,1,0,nan,0.121686,1.89512e-12,0.243371,5.59848e-13,0.123957,0.121686,0.0619783,1.0024,1.0024,1.0024,0,0,nan,,,nan,nan,,,,,,,,,,,,,0,1,4.00655,t_pose,0.0654603,,0,,nan,
golem_ik,kinematic,golem_ik,nan,,0,b018_d40_e20,18,0.4,0.2,0.235958,0.59485,0.411668,0.626392,-0.116782,-0.0642184,0.938182,0,0,1,0,nan,0.156263,1.52743e-06,0.312525,3.60804e-07,0.151132,0.156263,0.0755661,1.0024,1.0024,1.0024,0,0,nan,,,nan,nan,,,,,,,,,,,,,0,1,4.00916,arms_front_45,0.0653691,,0,,nan,
golem_ik,kinematic,golem_ik,nan,,0,b018_d50_e00,18,0.5,0,0.142559,0.417998,0.311668,0.426641,-0.126756,-0.164218,0.838182,1,0,1,0,nan,0.123984,5.65442e-11,0.247968,2.00673e-11,0.132795,0.123984,0.0663973,1.0024,1.0024,1.0024,0,0,nan,,,nan,nan,,,,,,,,,,,,,0,1,4.00724,home,0.0184463,,0,,nan,
golem_ik,kinematic,golem_ik,nan,,0,b018_d50_e10,18,0.5,0.1,0.189259,0.506424,0.311668,0.526517,-0.121769,-0.164218,0.838182,1,0,1,0,nan,0.154428,1.65271e-08,0.308855,5.26545e-09,0.149111,0.154428,0.0745555,1.0024,1.0024,1.0024,0,0,nan,,,nan,nan,,,,,,,,,,,,,0,1,4.00353,current,0.0531223,,0,,nan,
golem_ik,kinematic,golem_ik,nan,,0,b018_d50_e20,18,0.5,0.2,0.235958,0.59485,0.311668,0.626392,-0.116782,-0.164218,0.838182,1,0,1,0,nan,0.187179,0.000149356,0.374209,3.27221e-05,0.173853,0.187179,0.0869428,1.0024,1.0024,1.0024,0,0,nan,,,nan,nan,,,,,,,,,,,,,0,1,4.0058,arms_front_45,0.0620817,,0,,nan,
golem_ik,kinematic,golem_ik,nan,,0,b018_d60_e00,18,0.6,0,0.142559,0.417998,0.211668,0.426641,-0.126756,-0.264218,0.738182,1,0,1,0,nan,0.161312,4.96569e-08,0.322624,1.78663e-08,0.171468,0.161312,0.0857339,1.0024,1.0024,1.0024,0,0,nan,,,nan,nan,,,,,,,,,,,,,0,1,4.00658,arms_front_45,0.0142853,,0,,nan,
golem_ik,kinematic,golem_ik,nan,,0,b018_d60_e10,18,0.6,0.1,0.189259,0.506424,0.211668,0.526517,-0.121769,-0.264218,0.738182,1,0,1,0,nan,0.189882,1.35501e-05,0.37975,3.7128e-06,0.171918,0.189882,0.0859611,1.0024,1.0024,1.0024,0,0,nan,,,nan,nan,,,,,,,,,,,,,0,1,4.00909,arms_front_45,0.0239713,,0,,nan,
golem_ik,kinematic,golem_ik,nan,,0,b018_d60_e20,18,0.6,0.2,0.235958,0.59485,0.211668,0.626392,-0.116782,-0.264218,0.738182,1,0,1,0,nan,0.222274,0.0032945,0.441253,0.000506538,0.194562,0.222274,0.0975343,1.0024,1.0024,1.0024,0,0,nan,,,nan,nan,,,,,,,,,,,,,0,1,4.00628,arms_front_45,0.0589293,,0,,nan,
golem_ik,kinematic,golem_ik,nan,,0,b018_d70_e00,18,0.7,0,0.142559,0.417998,0.111668,0.426641,-0.126756,-0.364218,0.638182,1,0,1,0,nan,0.201222,6.23898e-05,0.402382,1.57344e-05,0.215874,0.201222,0.107945,1.0024,1.0024,1.0024,0,0,nan,,,nan,nan,,,,,,,,,,,,,0,1,4.00607,current,0.0215938,,0,,nan,
golem_ik,kinematic,golem_ik,nan,,0,b018_d70_e10,18,0.7,0.1,0.189259,0.506424,0.111668,0.526517,-0.121769,-0.364218,0.638182,1,0,1,0,nan,0.227742,0.00146796,0.454016,0.000256088,0.203389,0.227742,0.101822,1.0024,1.0024,1.0024,0,0,nan,,,nan,nan,,,,,,,,,,,,,0,1,4.00865,arms_front_45,0.0194837,,0,,nan,
golem_ik,kinematic,golem_ik,nan,,0,b018_d70_e20,18,0.7,0.2,0.235958,0.59485,0.111668,0.626392,-0.116782,-0.364218,0.638182,1,0,1,0,nan,0.267935,0.0228236,0.513047,0.00210941,0.212945,0.267935,0.107527,1.0024,1.0024,1.0024,0,0,nan,,,nan,nan,,,,,,,,,,,,,0,1,4.00784,arms_front_45,0.0436911,,0,,nan,
golem_ik,kinematic,golem_ik,nan,,0,b018_d80_e00,18,0.8,0,0.142559,0.417998,0.0116685,0.426641,-0.126756,-0.464218,0.538182,1,0,1,0,nan,0.244456,0.00456316,0.484348,0.00073777,0.254087,0.244456,0.127412,1.0024,1.0024,1.0024,0,0,nan,,,nan,nan,,,,,,,,,,,,,0,1,4.01011,arms_front_45,0.018669,,0,,nan,
golem_ik,kinematic,golem_ik,nan,,0,b018_d80_e10,18,0.8,0.1,0.189259,0.506424,0.0116685,0.526517,-0.121769,-0.464218,0.538182,1,0,1,0,nan,0.277917,0.0229373,0.532896,0.00234138,0.233114,0.277917,0.117728,1.0024,1.0024,1.0024,0,0,nan,,,nan,nan,,,,,,,,,,,,,0,1,4.01218,arms_front_45,0.018256,,0,,nan,
golem_ik,kinematic,golem_ik,nan,,0,b018_d80_e20,18,0.8,0.2,0.235958,0.59485,0.0116685,0.626392,-0.116782,-0.464218,0.538182,1,0,0,0,nan,0.33017,0.0713662,0.588975,0.0076663,0.229025,0.33017,0.118346,1.0024,1.0024,1.0024,0,0,nan,,,nan,nan,,,,,,,,,,,,,0,1,4.00543,arms_front_45,0.0239922,,0,,nan,
golem_ik,kinematic,golem_ik,nan,,0,b018_d90_e00,18,0.9,0,0.142559,0.417998,-0.0883315,0.426641,-0.126756,-0.564218,0.438182,1,0,0,0,nan,0.314913,0.0599636,0.569862,0.0227243,0.291317,0.314913,0.15702,1.0024,1.0024,1.0024,0,0,nan,,,nan,nan,,,,,,,,,,,,,0,1,4.01031,t_pose,0.0184929,,0,,nan,
golem_ik,kinematic,golem_ik,nan,,0,b018_d90_e10,18,0.9,0.1,0.189259,0.506424,-0.0883315,0.526517,-0.121769,-0.564218,0.438182,1,0,0,0,nan,0.355384,0.0953965,0.615371,0.0286822,0.26116,0.355384,0.144921,1.0024,1.0024,1.0024,0,0,nan,,,nan,nan,,,,,,,,,,,,,0,1,4.00958,t_pose,0.0184302,,0,,nan,
golem_ik,kinematic,golem_ik,nan,,0,b018_d90_e20,18,0.9,0.2,0.235958,0.59485,-0.0883315,0.626392,-0.116782,-0.564218,0.438182,1,0,0,0,nan,0.406964,0.146427,0.667502,0.032213,0.251503,0.406964,0.141858,1.0024,1.0024,1.0024,0,0,nan,,,nan,nan,,,,,,,,,,,,,0,1,4.01079,t_pose,0.0199516,,0,,nan,
golem_ik,kinematic,golem_ik,nan,,0,b018_d100_e00,18,1,0,0.142559,0.417998,-0.188332,0.426641,-0.126756,-0.664218,0.338182,1,0,0,0,nan,0.404389,0.150778,0.658,0.0570809,0.326083,0.404389,0.191582,1.0024,1.0024,1.0024,0,0,nan,,,nan,nan,,,,,,,,,,,,,0,1,4.00794,t_pose,0.0190679,,0,,nan,
golem_ik,kinematic,golem_ik,nan,,0,b018_d100_e10,18,1,0.1,0.189259,0.506424,-0.188332,0.526517,-0.121769,-0.664218,0.338182,1,0,0,0,nan,0.441244,0.182609,0.69988,0.058298,0.293703,0.441244,0.176,1.0024,1.0024,1.0024,0,0,nan,,,nan,nan,,,,,,,,,,,,,0,1,4.00763,home,0.0193572,,0,,nan,
golem_ik,kinematic,golem_ik,nan,,0,b018_d100_e20,18,1,0.2,0.235958,0.59485,-0.188332,0.626392,-0.116782,-0.664218,0.338182,1,0,0,0,nan,0.488629,0.227936,0.749321,0.055753,0.274311,0.488629,0.165032,1.0024,1.0024,1.0024,0,0,nan,,,nan,nan,,,,,,,,,,,,,0,1,4.00431,t_pose,0.0195706,,0,,nan,
golem_ik,kinematic,golem_ik,nan,,0,b019_d00_e00,19,0,0,0.298014,0.514302,0.078747,0.34738,-0.383237,0.10938,1.08115,0,1,1,1,nan,0.00255902,1.42205e-16,0.00511804,4.30926e-16,0.00236026,0.00255902,0.00118013,1.0024,1.0024,1.0024,0,0,nan,,,nan,nan,,,,,,,,,,,,,0,1,4.00077,home,0.0724169,,0,,nan,
golem_ik,kinematic,golem_ik,nan,,0,b019_d00_e10,19,0,0.1,0.36113,0.591868,0.078747,0.430188,-0.439298,0.10938,1.08115,0,0,0,1,nan,0.0534359,0.0777873,0.0290845,0.00094958,0.000599445,0.0534359,0.000774513,1.0024,1.0024,1.0024,0,0,nan,,,nan,nan,,,,,,,,,,,,,0,1,4.00953,arms_front_45,0.0855031,,0,,nan,
golem_ik,kinematic,golem_ik,nan,,0,b019_d00_e20,19,0,0.2,0.424245,0.669433,0.078747,0.512996,-0.495359,0.10938,1.08115,0,0,0,0,nan,0.138525,0.16248,0.11457,0.0019433,0.00586332,0.138525,0.00390331,1.0024,1.0024,1.0024,0,0,nan,,,nan,nan,,,,,,,,,,,,,0,1,4.00704,t_pose,0.0910713,,0,,nan,
golem_ik,kinematic,golem_ik,nan,,0,b019_d10_e00,19,0.1,0,0.298014,0.514302,-0.021253,0.34738,-0.383237,0.00937994,0.981147,0,0,0,1,nan,0.0426943,0.0670756,0.0183129,0.00074917,0.000182587,0.0426943,0.000465878,1.0024,1.0024,1.0024,0,0,nan,,,nan,nan,,,,,,,,,,,,,0,1,4.01345,arms_front_45,0.0716155,,0,,nan,
golem_ik,kinematic,golem_ik,nan,,0,b019_d10_e10,19,0.1,0.1,0.36113,0.591868,-0.021253,0.430188,-0.439298,0.00937994,0.981147,0,0,0,0,nan,0.114265,0.138874,0.0896564,0.00156812,0.00137181,0.114265,0.00146997,1.0024,1.0024,1.0024,0,0,nan,,,nan,nan,,,,,,,,,,,,,0,1,4.01134,arms_front_45,0.0786445,,0,,nan,
golem_ik,kinematic,golem_ik,nan,,0,b019_d10_e20,19,0.1,0.2,0.424245,0.669433,-0.021253,0.512996,-0.495359,0.00937994,0.981147,0,0,0,0,nan,0.192424,0.216941,0.167906,0.00243974,0.00322863,0.192424,0.00283418,1.0024,1.0024,1.0024,0,0,nan,,,nan,nan,,,,,,,,,,,,,0,1,4.01017,arms_front_45,0.0840963,,0,,nan,
golem_ik,kinematic,golem_ik,nan,,0,b019_d20_e00,19,0.2,0,0.298014,0.514302,-0.121253,0.34738,-0.383237,-0.0906201,0.881147,1,0,0,0,nan,0.119574,0.143495,0.0956527,0.00144735,0.000526454,0.119574,0.000986904,1.0024,1.0024,1.0024,0,0,nan,,,nan,nan,,,,,,,,,,,,,0,1,4.0105,arms_front_45,0.0661895,,0,,nan,
golem_ik,kinematic,golem_ik,nan,,0,b019_d20_e10,19,0.2,0.1,0.36113,0.591868,-0.121253,0.430188,-0.439298,-0.0906201,0.881147,1,0,0,0,nan,0.1837,0.208173,0.159226,0.00215956,0.00171703,0.1837,0.00193829,1.0024,1.0024,1.0024,0,0,nan,,,nan,nan,,,,,,,,,,,,,0,1,4.01317,arms_front_45,0.0730149,,0,,nan,
golem_ik,kinematic,golem_ik,nan,,0,b019_d20_e20,19,0.2,0.2,0.424245,0.669433,-0.121253,0.512996,-0.495359,-0.0906201,0.881147,1,0,0,0,nan,0.255163,0.279816,0.23051,0.0029316,0.00343694,0.255163,0.00318427,1.0024,1.0024,1.0024,0,0,nan,,,nan,nan,,,,,,,,,,,,,0,1,4.01129,arms_front_45,0.0786074,,0,,nan,
golem_ik,kinematic,golem_ik,nan,,0,b019_d30_e00,19,0.3,0,0.298014,0.514302,-0.221253,0.34738,-0.383237,-0.19062,0.781147,1,0,0,0,nan,0.201891,0.225241,0.17854,0.00205398,0.000361218,0.201891,0.0012076,1.0024,1.0024,1.0024,0,0,nan,,,nan,nan,,,,,,,,,,,,,0,1,4.00631,arms_front_45,0.0620592,,0,,nan,
golem_ik,kinematic,golem_ik,nan,,0,b019_d30_e10,19,0.3,0.1,0.36113,0.591868,-0.221253,0.430188,-0.439298,-0.19062,0.781147,1,0,0,0,nan,0.259536,0.283665,0.235407,0.00269542,0.00165777,0.259536,0.0021766,1.0024,1.0024,1.0024,0,0,nan,,,nan,nan,,,,,,,,,,,,,0,1,4.01255,arms_front_45,0.0684612,,0,,nan,
golem_ik,kinematic,golem_ik,nan,,0,b019_d30_e20,19,0.3,0.2,0.424245,0.669433,-0.221253,0.512996,-0.495359,-0.19062,0.781147,1,0,0,0,nan,0.324839,0.349372,0.300307,0.00339058,0.00334627,0.324839,0.00336842,1.0024,1.0024,1.0024,0,0,nan,,,nan,nan,,,,,,,,,,,,,0,1,4.01213,arms_front_45,0.073946,,0,,nan,
golem_ik,kinematic,golem_ik,nan,,0,b019_d40_e00,19,0.4,0,0.298014,0.514302,-0.321253,0.34738,-0.383237,-0.29062,0.681147,1,0,0,0,nan,0.288048,0.310813,0.265282,0.0025686,0.000182538,0.288048,0.00137557,1.0024,1.0024,1.0024,0,0,nan,,,nan,nan,,,,,,,,,,,,,0,1,4.00968,arms_front_45,0.0588769,,0,,nan,
golem_ik,kinematic,golem_ik,nan,,0,b019_d40_e10,19,0.4,0.1,0.36113,0.591868,-0.321253,0.430188,-0.439298,-0.29062,0.681147,1,0,0,0,nan,0.340143,0.363831,0.316454,0.00316221,0.00125578,0.340143,0.00220899,1.0024,1.0024,1.0024,0,0,nan,,,nan,nan,,,,,,,,,,,,,0,1,4.00656,arms_front_45,0.0647809,,0,,nan,
golem_ik,kinematic,golem_ik,nan,,0,b019_d40_e20,19,0.4,0.2,0.424245,0.669433,-0.321253,0.512996,-0.495359,-0.29062,0.681147,1,0,0,0,nan,0.399932,0.424193,0.375672,0.00379225,0.00296148,0.399932,0.00337687,1.0024,1.0024,1.0024,0,0,nan,,,nan,nan,,,,,,,,,,,,,0,1,4.00858,arms_front_45,0.0700192,,0,,nan,
golem_ik,kinematic,golem_ik,nan,,0,b019_d50_e00,19,0.5,0,0.298014,0.514302,-0.421253,0.34738,-0.383237,-0.39062,0.581147,1,0,0,0,nan,0.376977,0.399187,0.354767,0.00299188,0.00100502,0.376977,0.00199845,1.0024,1.0024,1.0024,0,0,nan,,,nan,nan,,,,,,,,,,,,,0,1,4.00987,arms_front_45,0.056371,,0,,nan,
golem_ik,kinematic,golem_ik,nan,,0,b019_d50_e10,19,0.5,0.1,0.36113,0.591868,-0.421253,0.430188,-0.439298,-0.39062,0.581147,1,0,0,0,nan,0.42434,0.447557,0.401123,0.00354151,0.000560151,0.42434,0.00205083,1.0024,1.0024,1.0024,0,0,nan,,,nan,nan,,,,,,,,,,,,,0,1,4.00958,arms_front_45,0.0617829,,0,,nan,
golem_ik,kinematic,golem_ik,nan,,0,b019_d50_e20,19,0.5,0.2,0.424245,0.669433,-0.421253,0.512996,-0.495359,-0.39062,0.581147,1,0,0,0,nan,0.479262,0.50317,0.455354,0.00407898,0.00224805,0.479262,0.00316352,1.0024,1.0024,1.0024,0,0,nan,,,nan,nan,,,,,,,,,,,,,0,1,4.01107,current,0.0667766,,0,,nan,
golem_ik,kinematic,golem_ik,nan,,0,b019_d60_e00,19,0.6,0,0.298014,0.514302,-0.521253,0.34738,-0.383237,-0.49062,0.481147,1,0,0,0,nan,0.467956,0.489647,0.446264,0.0032596,0.00203779,0.467956,0.0026487,1.0024,1.0024,1.0024,0,0,nan,,,nan,nan,,,,,,,,,,,,,0,1,4.00718,t_pose,0.0548419,,0,,nan,
golem_ik,kinematic,golem_ik,nan,,0,b019_d60_e10,19,0.6,0.1,0.36113,0.591868,-0.521253,0.430188,-0.439298,-0.49062,0.481147,1,0,0,0,nan,0.511277,0.534017,0.488536,0.00371871,0.00037816,0.511277,0.00204843,1.0024,1.0024,1.0024,0,0,nan,,,nan,nan,,,,,,,,,,,,,0,1,4.00704,t_pose,0.0597974,,0,,nan,
golem_ik,kinematic,golem_ik,nan,,0,b019_d60_e20,19,0.6,0.2,0.424245,0.669433,-0.521253,0.512996,-0.495359,-0.49062,0.481147,1,0,0,0,nan,0.561921,0.585441,0.538401,0.0041944,0.00123515,0.561921,0.00271477,1.0024,1.0024,1.0024,0,0,nan,,,nan,nan,,,,,,,,,,,,,0,1,4.0069,home,0.0639495,,0,,nan,
golem_ik,kinematic,golem_ik,nan,,0,b019_d70_e00,19,0.7,0,0.298014,0.514302,-0.621253,0.34738,-0.383237,-0.59062,0.381147,1,0,0,0,nan,0.56049,0.581737,0.539242,0.00725771,0.00341739,0.56049,0.00533755,1.0024,1.0024,1.0024,0,0,nan,,,nan,nan,,,,,,,,,,,,,0,1,4.01081,home,0.0527623,,0,,nan,
golem_ik,kinematic,golem_ik,nan,,0,b019_d70_e10,19,0.7,0.1,0.36113,0.591868,-0.621253,0.430188,-0.439298,-0.59062,0.381147,1,0,0,0,nan,0.600332,0.622627,0.578037,0.00364114,0.00156728,0.600332,0.00260421,1.0024,1.0024,1.0024,0,0,nan,,,nan,nan,,,,,,,,,,,,,0,1,4.00723,t_pose,0.0577377,,0,,nan,
golem_ik,kinematic,golem_ik,nan,,0,b019_d70_e20,19,0.7,0.2,0.424245,0.669433,-0.621253,0.512996,-0.495359,-0.59062,0.381147,1,0,0,0,nan,0.647222,0.670347,0.624097,0.00415244,0.000316814,0.647222,0.00223463,1.0024,1.0024,1.0024,0,0,nan,,,nan,nan,,,,,,,,,,,,,0,1,4.01461,arms_front_45,0.0614543,,0,,nan,
golem_ik,kinematic,golem_ik,nan,,0,b019_d80_e00,19,0.8,0,0.298014,0.514302,-0.721253,0.34738,-0.383237,-0.69062,0.281147,1,0,0,0,nan,0.654272,0.675169,0.633375,0.0195803,0.00510564,0.654272,0.012343,1.0024,1.0024,1.0024,0,0,nan,,,nan,nan,,,,,,,,,,,,,0,1,4.01119,home,0.0513108,,0,,nan,
golem_ik,kinematic,golem_ik,nan,,0,b019_d80_e10,19,0.8,0.1,0.36113,0.591868,-0.721253,0.430188,-0.439298,-0.69062,0.281147,1,0,0,0,nan,0.691055,0.712935,0.669175,0.00317165,0.00305261,0.691055,0.00311213,1.0024,1.0024,1.0024,0,0,nan,,,nan,nan,,,,,,,,,,,,,0,1,4.00666,t_pose,0.0559894,,0,,nan,
golem_ik,kinematic,golem_ik,nan,,0,b019_d80_e20,19,0.8,0.2,0.424245,0.669433,-0.721253,0.512996,-0.495359,-0.69062,0.281147,1,0,0,0,nan,0.734651,0.757384,0.711917,0.00324397,0.00156222,0.734651,0.00240309,1.0024,1.0024,1.0024,0,0,nan,,,nan,nan,,,,,,,,,,,,,0,1,4.00715,t_pose,0.0599748,,0,,nan,
golem_ik,kinematic,golem_ik,nan,,0,b019_d90_e00,19,0.9,0,0.298014,0.514302,-0.821253,0.34738,-0.383237,-0.79062,0.181147,1,0,0,0,nan,0.749023,0.769639,0.728408,0.0312082,0.0072065,0.749023,0.0192073,1.0024,1.0024,1.0024,0,0,nan,,,nan,nan,,,,,,,,,,,,,0,1,4.00712,current,0.0500311,,0,,nan,
golem_ik,kinematic,golem_ik,nan,,0,b019_d90_e10,19,0.9,0.1,0.36113,0.591868,-0.821253,0.430188,-0.439298,-0.79062,0.181147,1,0,0,0,nan,0.783108,0.804611,0.761606,0.00312584,0.00538714,0.783108,0.00425649,1.0024,1.0024,1.0024,0,0,nan,,,nan,nan,,,,,,,,,,,,,0,1,4.00687,arms_front_45,0.053776,,0,,nan,
golem_ik,kinematic,golem_ik,nan,,0,b019_d90_e20,19,0.9,0.2,0.424245,0.669433,-0.821253,0.512996,-0.495359,-0.79062,0.181147,1,0,0,0,nan,0.823805,0.846175,0.801436,0.00224047,0.00345651,0.823805,0.00284849,1.0024,1.0024,1.0024,0,0,nan,,,nan,nan,,,,,,,,,,,,,0,1,4.00818,t_pose,0.0581868,,0,,nan,
golem_ik,kinematic,golem_ik,nan,,0,b019_d100_e00,19,1,0,0.298014,0.514302,-0.921253,0.34738,-0.383237,-0.89062,0.081147,1,0,0,0,nan,0.844541,0.864919,0.824164,0.0416058,0.00975767,0.844541,0.0256817,1.0024,1.0024,1.0024,0,0,nan,,,nan,nan,,,,,,,,,,,,,0,1,4.00967,current,0.0488816,,0,,nan,
golem_ik,kinematic,golem_ik,nan,,0,b019_d100_e10,19,1,0.1,0.36113,0.591868,-0.921253,0.430188,-0.439298,-0.89062,0.081147,1,0,0,0,nan,0.876277,0.897438,0.855115,0.00991608,0.00826855,0.876277,0.00909232,1.0024,1.0024,1.0024,0,0,nan,,,nan,nan,,,,,,,,,,,,,0,1,4.00784,home,0.0523976,,0,,nan,
golem_ik,kinematic,golem_ik,nan,,0,b019_d100_e20,19,1,0.2,0.424245,0.669433,-0.921253,0.512996,-0.495359,-0.89062,0.081147,1,0,0,0,nan,0.914383,0.936418,0.892348,0.00203231,0.00573443,0.914383,0.00388337,1.0024,1.0024,1.0024,0,0,nan,,,nan,nan,,,,,,,,,,,,,0,1,4.01188,t_pose,0.0566187,,0,,nan,
golem_ik,kinematic,golem_ik,nan,,0,b020_d00_e00,20,0,0,0.102095,0.708658,0.619258,0.293507,-0.0760956,0.00673925,1.00914,0,1,1,1,nan,0.000150726,2.33762e-06,0.000299114,1.28925e-07,0.000500529,0.000150726,0.000250329,1.0024,1.0024,1.0024,0,0,nan,,,nan,nan,,,,,,,,,,,,,0,1,0.137672,home,0.0297086,,0,,nan,
golem_ik,kinematic,golem_ik,nan,,0,b020_d00_e10,20,0,0.1,0.120012,0.80704,0.619258,0.39063,-0.0522822,0.00673925,1.00914,0,0,0,1,nan,0.06119,0.0799275,0.0424525,0.000290281,0.000510997,0.06119,0.000400639,1.0024,1.0024,1.0024,0,0,nan,,,nan,nan,,,,,,,,,,,,,0,1,4.00454,arms_front_45,0.0298043,,0,,nan,
golem_ik,kinematic,golem_ik,nan,,0,b020_d00_e20,20,0,0.2,0.137929,0.905422,0.619258,0.487754,-0.0284688,0.00673925,1.00914,0,0,0,0,nan,0.146157,0.176425,0.115889,0.000814796,0.00206771,0.146157,0.00144125,1.0024,1.0024,1.0024,0,0,nan,,,nan,nan,,,,,,,,,,,,,0,1,4.00619,arms_front_45,0.0364024,,0,,nan,
golem_ik,kinematic,golem_ik,nan,,0,b020_d10_e00,20,0.1,0,0.102095,0.708658,0.519258,0.293507,-0.0760956,-0.0932607,0.909139,0,0,1,0,nan,0.0304571,1.38778e-17,0.0609143,1.12654e-16,3.67957e-05,0.0304571,1.83978e-05,1.0024,1.0024,1.0024,0,0,nan,,,nan,nan,,,,,,,,,,,,,0,1,4.01215,arms_front_45,0.0224002,,0,,nan,
golem_ik,kinematic,golem_ik,nan,,0,b020_d10_e10,20,0.1,0.1,0.120012,0.80704,0.519258,0.39063,-0.0522822,-0.0932607,0.909139,0,0,0,0,nan,0.0882382,0.0590927,0.117384,0.000450362,0.000767799,0.0882382,0.00060908,1.0024,1.0024,1.0024,0,0,nan,,,nan,nan,,,,,,,,,,,,,0,1,4.00571,arms_front_45,0.0270654,,0,,nan,
golem_ik,kinematic,golem_ik,nan,,0,b020_d10_e20,20,0.1,0.2,0.137929,0.905422,0.519258,0.487754,-0.0284688,-0.0932607,0.909139,0,0,0,0,nan,0.170805,0.158321,0.183289,0.00127338,0.00225365,0.170805,0.00176352,1.0024,1.0024,1.0024,0,0,nan,,,nan,nan,,,,,,,,,,,,,0,1,4.00977,arms_front_45,0.032841,,0,,nan,
golem_ik,kinematic,golem_ik,nan,,0,b020_d20_e00,20,0.2,0,0.102095,0.708658,0.419258,0.293507,-0.0760956,-0.193261,0.809139,1,0,1,0,nan,0.0742061,2.62648e-12,0.148412,3.35542e-13,0.000665198,0.0742061,0.000332599,1.0024,1.0024,1.0024,0,0,nan,,,nan,nan,,,,,,,,,,,,,0,1,4.00614,arms_front_45,0.0237469,,0,,nan,
golem_ik,kinematic,golem_ik,nan,,0,b020_d20_e10,20,0.2,0.1,0.120012,0.80704,0.419258,0.39063,-0.0522822,-0.193261,0.809139,1,0,0,0,nan,0.126017,0.0537836,0.19825,0.000627733,0.000416073,0.126017,0.000521903,1.0024,1.0024,1.0024,0,0,nan,,,nan,nan,,,,,,,,,,,,,0,1,4.0122,home,0.0264404,,0,,nan,
golem_ik,kinematic,golem_ik,nan,,0,b020_d20_e20,20,0.2,0.2,0.137929,0.905422,0.419258,0.487754,-0.0284688,-0.193261,0.809139,1,0,0,0,nan,0.205637,0.153743,0.25753,0.00176567,0.00197281,0.205637,0.00186924,1.0024,1.0024,1.0024,0,0,nan,,,nan,nan,,,,,,,,,,,,,0,1,4.0081,current,0.0305077,,0,,nan,
golem_ik,kinematic,golem_ik,nan,,0,b020_d30_e00,20,0.3,0,0.102095,0.708658,0.319258,0.293507,-0.0760956,-0.293261,0.709139,1,0,1,0,nan,0.119475,4.35174e-05,0.238906,4.85484e-06,0.00176045,0.119475,0.000882653,1.0024,1.0024,1.0024,0,0,nan,,,nan,nan,,,,,,,,,,,,,0,1,4.00774,arms_front_45,0.025396,,0,,nan,
golem_ik,kinematic,golem_ik,nan,,0,b020_d30_e10,20,0.3,0.1,0.120012,0.80704,0.319258,0.39063,-0.0522822,-0.293261,0.709139,1,0,0,0,nan,0.174008,0.0647068,0.283309,0.00102079,0.000393416,0.174008,0.000707105,1.0024,1.0024,1.0024,0,0,nan,,,nan,nan,,,,,,,,,,,,,0,1,4.00655,arms_front_45,0.0266392,,0,,nan,
golem_ik,kinematic,golem_ik,nan,,0,b020_d30_e20,20,0.3,0.2,0.137929,0.905422,0.319258,0.487754,-0.0284688,-0.293261,0.709139,1,0,0,0,nan,0.250009,0.163138,0.336881,0.00241683,0.00129678,0.250009,0.00185681,1.0024,1.0024,1.0024,0,0,nan,,,nan,nan,,,,,,,,,,,,,0,1,4.00643,home,0.0293898,,0,,nan,
golem_ik,kinematic,golem_ik,nan,,0,b020_d40_e00,20,0.4,0,0.102095,0.708658,0.219258,0.293507,-0.0760956,-0.393261,0.609139,1,0,1,0,nan,0.169952,0.00843716,0.331468,0.000594152,0.00315521,0.169952,0.00187468,1.0024,1.0024,1.0024,0,0,nan,,,nan,nan,,,,,,,,,,,,,0,1,4.01095,arms_front_45,0.0270501,,0,,nan,
golem_ik,kinematic,golem_ik,nan,,0,b020_d40_e10,20,0.4,0.1,0.120012,0.80704,0.219258,0.39063,-0.0522822,-0.393261,0.609139,1,0,0,0,nan,0.231266,0.0911409,0.371392,0.00185113,0.00152823,0.231266,0.00168968,1.0024,1.0024,1.0024,0,0,nan,,,nan,nan,,,,,,,,,,,,,0,1,4.00856,arms_front_45,0.0273587,,0,,nan,
golem_ik,kinematic,golem_ik,nan,,0,b020_d40_e20,20,0.4,0.2,0.137929,0.905422,0.219258,0.487754,-0.0284688,-0.393261,0.609139,1,0,0,0,nan,0.303055,0.186029,0.420081,0.00331965,0.000313303,0.303055,0.00181647,1.0024,1.0024,1.0024,0,0,nan,,,nan,nan,,,,,,,,,,,,,0,1,4.01063,arms_front_45,0.0290268,,0,,nan,
golem_ik,kinematic,golem_ik,nan,,0,b020_d50_e00,20,0.5,0,0.102095,0.708658,0.119258,0.293507,-0.0760956,-0.493261,0.509139,1,0,1,0,nan,0.236396,0.0472879,0.425504,0.00227612,0.00472723,0.236396,0.00350168,1.0024,1.0024,1.0024,0,0,nan,,,nan,nan,,,,,,,,,,,,,0,1,4.00694,current,0.0286125,,0,,nan,
golem_ik,kinematic,golem_ik,nan,,0,b020_d50_e10,20,0.5,0.1,0.120012,0.80704,0.119258,0.39063,-0.0522822,-0.493261,0.509139,1,0,0,0,nan,0.296526,0.13135,0.461703,0.00331888,0.00287955,0.296526,0.00309922,1.0024,1.0024,1.0024,0,0,nan,,,nan,nan,,,,,,,,,,,,,0,1,4.00839,arms_front_45,0.0282845,,0,,nan,
golem_ik,kinematic,golem_ik,nan,,0,b020_d50_e20,20,0.5,0.2,0.137929,0.905422,0.119258,0.487754,-0.0284688,-0.493261,0.509139,1,0,0,0,nan,0.363735,0.221256,0.506214,0.00471626,0.000896594,0.363735,0.00280642,1.0024,1.0024,1.0024,0,0,nan,,,nan,nan,,,,,,,,,,,,,0,1,4.00764,arms_front_45,0.0291743,,0,,nan,
golem_ik,kinematic,golem_ik,nan,,0,b020_d60_e00,20,0.6,0,0.102095,0.708658,0.0192576,0.293507,-0.0760956,-0.593261,0.409139,1,0,0,0,nan,0.312098,0.103569,0.520628,0.0039686,0.00638971,0.312098,0.00517915,1.0024,1.0024,1.0024,0,0,nan,,,nan,nan,,,,,,,,,,,,,0,1,4.00872,t_pose,0.0309752,,0,,nan,
golem_ik,kinematic,golem_ik,nan,,0,b020_d60_e10,20,0.6,0.1,0.120012,0.80704,0.0192576,0.39063,-0.0522822,-0.593261,0.409139,1,0,0,0,nan,0.368343,0.182989,0.553697,0.00550229,0.00436894,0.368343,0.00493561,1.0024,1.0024,1.0024,0,0,nan,,,nan,nan,,,,,,,,,,,,,0,1,4.01158,t_pose,0.0302464,,0,,nan,
golem_ik,kinematic,golem_ik,nan,,0,b020_d60_e20,20,0.6,0.2,0.137929,0.905422,0.0192576,0.487754,-0.0284688,-0.593261,0.409139,1,0,0,0,nan,0.430949,0.267282,0.594615,0.00678955,0.00227141,0.430949,0.00453048,1.0024,1.0024,1.0024,0,0,nan,,,nan,nan,,,,,,,,,,,,,0,1,4.01217,arms_front_45,0.0295955,,0,,nan,
golem_ik,kinematic,golem_ik,nan,,0,b020_d70_e00,20,0.7,0,0.102095,0.708658,-0.0807424,0.293507,-0.0760956,-0.693261,0.309139,1,0,0,0,nan,0.393488,0.170409,0.616566,0.00564827,0.00809279,0.393488,0.00687053,1.0024,1.0024,1.0024,0,0,nan,,,nan,nan,,,,,,,,,,,,,0,1,4.01212,t_pose,0.0305269,,0,,nan,
golem_ik,kinematic,golem_ik,nan,,0,b020_d70_e10,20,0.7,0.1,0.120012,0.80704,-0.0807424,0.39063,-0.0522822,-0.693261,0.309139,1,0,0,0,nan,0.445328,0.243679,0.646977,0.00741308,0.00595222,0.445328,0.00668265,1.0024,1.0024,1.0024,0,0,nan,,,nan,nan,,,,,,,,,,,,,0,1,4.01123,t_pose,0.0312566,,0,,nan,
golem_ik,kinematic,golem_ik,nan,,0,b020_d70_e20,20,0.7,0.2,0.137929,0.905422,-0.0807424,0.487754,-0.0284688,-0.693261,0.309139,1,0,0,0,nan,0.503519,0.322239,0.684798,0.00905954,0.00382183,0.503519,0.00644068,1.0024,1.0024,1.0024,0,0,nan,,,nan,nan,,,,,,,,,,,,,0,1,4.00662,t_pose,0.0311727,,0,,nan,
golem_ik,kinematic,golem_ik,nan,,0,b020_d80_e00,20,0.8,0,0.102095,0.708658,-0.180742,0.293507,-0.0760956,-0.793261,0.209139,1,0,0,0,nan,0.478772,0.24441,0.713135,0.00687991,0.00983634,0.478772,0.00835812,1.0024,1.0024,1.0024,0,0,nan,,,nan,nan,,,,,,,,,,,,,0,1,4.00212,t_pose,0.0303739,,0,,nan,
golem_ik,kinematic,golem_ik,nan,,0,b020_d80_e10,20,0.8,0.1,0.120012,0.80704,-0.180742,0.39063,-0.0522822,-0.793261,0.209139,1,0,0,0,nan,0.526461,0.311657,0.741265,0.00937202,0.00765679,0.526461,0.00851441,1.0024,1.0024,1.0024,0,0,nan,,,nan,nan,,,,,,,,,,,,,0,1,4.00909,t_pose,0.0322541,,0,,nan,
golem_ik,kinematic,golem_ik,nan,,0,b020_d80_e20,20,0.8,0.2,0.137929,0.905422,-0.180742,0.487754,-0.0284688,-0.793261,0.209139,1,0,0,0,nan,0.580517,0.384643,0.77639,0.0112439,0.00554308,0.580517,0.0083935,1.0024,1.0024,1.0024,0,0,nan,,,nan,nan,,,,,,,,,,,,,0,1,4.00433,t_pose,0.0318669,,0,,nan,
golem_ik,kinematic,golem_ik,nan,,0,b020_d90_e00,20,0.9,0,0.102095,0.708658,-0.280742,0.293507,-0.0760956,-0.893261,0.109139,1,0,0,0,nan,0.567104,0.324008,0.810199,0.0259243,0.0116991,0.567104,0.0188117,1.0024,1.0024,1.0024,0,0,nan,,,nan,nan,,,,,,,,,,,,,0,1,4.01032,t_pose,0.030501,,0,,nan,
golem_ik,kinematic,golem_ik,nan,,0,b020_d90_e10,20,0.9,0.1,0.120012,0.80704,-0.280742,0.39063,-0.0522822,-0.893261,0.109139,1,0,0,0,nan,0.610822,0.385288,0.836356,0.010755,0.00956485,0.610822,0.0101599,1.0024,1.0024,1.0024,0,0,nan,,,nan,nan,,,,,,,,,,,,,0,1,4.00586,t_pose,0.0332402,,0,,nan,
golem_ik,kinematic,golem_ik,nan,,0,b020_d90_e20,20,0.9,0.2,0.137929,0.905422,-0.280742,0.487754,-0.0284688,-0.893261,0.109139,1,0,0,0,nan,0.661106,0.453089,0.869123,0.0134051,0.00757469,0.661106,0.0104899,1.0024,1.0024,1.0024,0,0,nan,,,nan,nan,,,,,,,,,,,,,0,1,4.00779,t_pose,0.0326403,,0,,nan,
golem_ik,kinematic,golem_ik,nan,,0,b020_d100_e00,20,1,0,0.102095,0.708658,-0.380742,0.293507,-0.0760956,-0.993261,0.00913925,1,0,0,0,nan,0.65914,0.410624,0.907657,0.0233598,0.0136806,0.65914,0.0185202,1.0024,1.0024,1.0024,0,0,nan,,,nan,nan,,,,,,,,,,,,,0,1,4.00812,home,0.030486,,0,,nan,
golem_ik,kinematic,golem_ik,nan,,0,b020_d100_e10,20,1,0.1,0.120012,0.80704,-0.380742,0.39063,-0.0522822,-0.993261,0.00913925,1,0,0,0,nan,0.697809,0.463522,0.932097,0.0200408,0.0117989,0.697809,0.0159198,1.0024,1.0024,1.0024,0,0,nan,,,nan,nan,,,,,,,,,,,,,0,1,4.01004,t_pose,0.0336717,,0,,nan,
golem_ik,kinematic,golem_ik,nan,,0,b020_d100_e20,20,1,0.2,0.137929,0.905422,-0.380742,0.487754,-0.0284688,-0.993261,0.00913925,1,0,0,0,nan,0.744558,0.526327,0.962789,0.0145116,0.00985724,0.744558,0.0121844,1.0024,1.0024,1.0024,0,0,nan,,,nan,nan,,,,,,,,,,,,,0,1,4.01098,t_pose,0.0334531,,0,,nan,
golem_ik,kinematic,golem_ik,nan,,0,b021_d00_e00,21,0,0,0.501491,-0.0015368,0.404817,0.183125,-0.702259,0.279299,1.2817,0,1,1,1,nan,0.000143523,5.97858e-06,0.000281067,1.81308e-06,0.000441724,0.000143523,0.000221769,1.0024,1.0024,1.0024,0,0,nan,,,nan,nan,,,,,,,,,,,,,0,1,0.132672,home,0.0360487,,0,,nan,
golem_ik,kinematic,golem_ik,nan,,0,b021_d00_e10,21,0,0.1,0.597319,-0.0301224,0.404817,0.2145,-0.79721,0.279299,1.2817,0,0,0,0,nan,0.0854079,0.0825164,0.0882994,0.000419516,0.00110368,0.0854079,0.000761598,1.0024,1.0024,1.0024,0,0,nan,,,nan,nan,,,,,,,,,,,,,0,1,4.01241,home,0.0294978,,0,,nan,
golem_ik,kinematic,golem_ik,nan,,0,b021_d00_e20,21,0,0.2,0.693146,-0.0587081,0.404817,0.245875,-0.89216,0.279299,1.2817,0,0,0,0,nan,0.183822,0.182019,0.185625,0.000925464,0.00210312,0.183822,0.00151429,1.0024,1.0024,1.0024,0,0,nan,,,nan,nan,,,,,,,,,,,,,0,1,4.00531,home,0.030089,,0,,nan,
golem_ik,kinematic,golem_ik,nan,,0,b021_d10_e00,21,0.1,0,0.501491,-0.0015368,0.304817,0.183125,-0.702259,0.179299,1.1817,0,1,1,1,nan,0.0144008,1.57411e-11,0.0288016,3.9719e-13,0.000559078,0.0144008,0.000279539,1.0024,1.0024,1.0024,0,0,nan,,,nan,nan,,,,,,,,,,,,,0,1,4.0104,home,0.0387976,,0,,nan,
golem_ik,kinematic,golem_ik,nan,,0,b021_d10_e10,21,0.1,0.1,0.597319,-0.0301224,0.304817,0.2145,-0.79721,0.179299,1.1817,0,0,0,0,nan,0.107712,0.0955403,0.119885,0.000267181,0.00207342,0.107712,0.0011703,1.0024,1.0024,1.0024,0,0,nan,,,nan,nan,,,,,,,,,,,,,0,1,4.00994,home,0.0354536,,0,,nan,
golem_ik,kinematic,golem_ik,nan,,0,b021_d10_e20,21,0.1,0.2,0.693146,-0.0587081,0.304817,0.245875,-0.89216,0.179299,1.1817,0,0,0,0,nan,0.203251,0.193303,0.213198,0.000321161,0.00332021,0.203251,0.00182069,1.0024,1.0024,1.0024,0,0,nan,,,nan,nan,,,,,,,,,,,,,0,1,4.00856,home,0.0350908,,0,,nan,
golem_ik,kinematic,golem_ik,nan,,0,b021_d20_e00,21,0.2,0,0.501491,-0.0015368,0.204817,0.183125,-0.702259,0.0792994,1.0817,0,0,1,0,nan,0.0554066,0.0313135,0.0794996,0.000384717,0.00187479,0.0554066,0.00112975,1.0024,1.0024,1.0024,0,0,nan,,,nan,nan,,,,,,,,,,,,,0,1,4.01016,home,0.0414417,,0,,nan,
golem_ik,kinematic,golem_ik,nan,,0,b021_d20_e10,21,0.2,0.1,0.597319,-0.0301224,0.204817,0.2145,-0.79721,0.0792994,1.0817,0,0,0,0,nan,0.143788,0.123417,0.164159,0.00124577,0.00348096,0.143788,0.00236337,1.0024,1.0024,1.0024,0,0,nan,,,nan,nan,,,,,,,,,,,,,0,1,4.01118,home,0.0416612,,0,,nan,
golem_ik,kinematic,golem_ik,nan,,0,b021_d20_e20,21,0.2,0.2,0.693146,-0.0587081,0.204817,0.245875,-0.89216,0.0792994,1.0817,0,0,0,0,nan,0.234987,0.217628,0.252347,0.00174674,0.00483767,0.234987,0.0032922,1.0024,1.0024,1.0024,0,0,nan,,,nan,nan,,,,,,,,,,,,,0,1,4.00949,home,0.0403495,,0,,nan,
golem_ik,kinematic,golem_ik,nan,,0,b021_d30_e00,21,0.3,0,0.501491,-0.0015368,0.104817,0.183125,-0.702259,-0.0207006,0.981699,0,0,0,0,nan,0.109725,0.0784628,0.140987,0.00144551,0.00375016,0.109725,0.00259784,1.0024,1.0024,1.0024,0,0,nan,,,nan,nan,,,,,,,,,,,,,0,1,4.00743,home,0.0375159,,0,,nan,
golem_ik,kinematic,golem_ik,nan,,0,b021_d30_e10,21,0.3,0.1,0.597319,-0.0301224,0.104817,0.2145,-0.79721,-0.0207006,0.981699,0,0,0,0,nan,0.191661,0.164395,0.218928,0.00267736,0.00530138,0.191661,0.00398937,1.0024,1.0024,1.0024,0,0,nan,,,nan,nan,,,,,,,,,,,,,0,1,4.00857,current,0.0397708,,0,,nan,
golem_ik,kinematic,golem_ik,nan,,0,b021_d30_e20,21,0.3,0.2,0.693146,-0.0587081,0.104817,0.245875,-0.89216,-0.0207006,0.981699,0,0,0,0,nan,0.277636,0.253797,0.301475,0.00348228,0.00665335,0.277636,0.00506782,1.0024,1.0024,1.0024,0,0,nan,,,nan,nan,,,,,,,,,,,,,0,1,4.00668,current,0.042004,,0,,nan,
golem_ik,kinematic,golem_ik,nan,,0,b021_d40_e00,21,0.4,0,0.501491,-0.0015368,0.00481707,0.183125,-0.702259,-0.120701,0.881699,1,0,0,0,nan,0.173822,0.136935,0.21071,0.00329262,0.0108218,0.173822,0.00705719,1.0024,1.0024,1.0024,0,0,nan,,,nan,nan,,,,,,,,,,,,,0,1,4.01222,current,0.034439,,0,,nan,
golem_ik,kinematic,golem_ik,nan,,0,b021_d40_e10,21,0.4,0.1,0.597319,-0.0301224,0.00481707,0.2145,-0.79721,-0.120701,0.881699,1,0,0,0,nan,0.249238,0.216361,0.282116,0.00462586,0.00745274,0.249238,0.0060393,1.0024,1.0024,1.0024,0,0,nan,,,nan,nan,,,,,,,,,,,,,0,1,4.00626,current,0.0367678,,0,,nan,
golem_ik,kinematic,golem_ik,nan,,0,b021_d40_e20,21,0.4,0.2,0.693146,-0.0587081,0.00481707,0.245875,-0.89216,-0.120701,0.881699,1,0,0,0,nan,0.329623,0.300287,0.35896,0.00558602,0.00872487,0.329623,0.00715545,1.0024,1.0024,1.0024,0,0,nan,,,nan,nan,,,,,,,,,,,,,0,1,4.00692,current,0.0387274,,0,,nan,
golem_ik,kinematic,golem_ik,nan,,0,b021_d50_e00,21,0.5,0,0.501491,-0.0015368,-0.0951829,0.183125,-0.702259,-0.220701,0.781699,1,0,0,0,nan,0.245516,0.204311,0.286721,0.0148836,0.0206331,0.245516,0.0177583,1.0024,1.0024,1.0024,0,0,nan,,,nan,nan,,,,,,,,,,,,,0,1,4.00791,current,0.0289461,,0,,nan,
golem_ik,kinematic,golem_ik,nan,,0,b021_d50_e10,21,0.5,0.1,0.597319,-0.0301224,-0.0951829,0.2145,-0.79721,-0.220701,0.781699,1,0,0,0,nan,0.314575,0.27719,0.351961,0.00711721,0.0156634,0.314575,0.0113903,1.0024,1.0024,1.0024,0,0,nan,,,nan,nan,,,,,,,,,,,,,0,1,4.01458,current,0.0340451,,0,,nan,
golem_ik,kinematic,golem_ik,nan,,0,b021_d50_e20,21,0.5,0.2,0.693146,-0.0587081,-0.0951829,0.245875,-0.89216,-0.220701,0.781699,1,0,0,0,nan,0.389408,0.355495,0.42332,0.00806807,0.011,0.389408,0.00953406,1.0024,1.0024,1.0024,0,0,nan,,,nan,nan,,,,,,,,,,,,,0,1,4.00864,home,0.0362947,,0,,nan,
golem_ik,kinematic,golem_ik,nan,,0,b021_d60_e00,21,0.6,0,0.501491,-0.0015368,-0.195183,0.183125,-0.702259,-0.320701,0.681699,1,0,0,0,nan,0.323324,0.279325,0.367323,0.0349202,0.0306586,0.323324,0.0327894,1.0024,1.0024,1.0024,0,0,nan,,,nan,nan,,,,,,,,,,,,,0,1,4.00739,current,0.0249511,,0,,nan,
golem_ik,kinematic,golem_ik,nan,,0,b021_d60_e10,21,0.6,0.1,0.597319,-0.0301224,-0.195183,0.2145,-0.79721,-0.320701,0.681699,1,0,0,0,nan,0.3862,0.34524,0.42716,0.0219717,0.0277999,0.3862,0.0248858,1.0024,1.0024,1.0024,0,0,nan,,,nan,nan,,,,,,,,,,,,,0,1,4.0134,t_pose,0.0350716,,0,,nan,
golem_ik,kinematic,golem_ik,nan,,0,b021_d60_e20,21,0.6,0.2,0.693146,-0.0587081,-0.195183,0.245875,-0.89216,-0.320701,0.681699,1,0,0,0,nan,0.455593,0.417923,0.493263,0.0108906,0.019412,0.455593,0.0151513,1.0024,1.0024,1.0024,0,0,nan,,,nan,nan,,,,,,,,,,,,,0,1,4.01249,current,0.0344898,,0,,nan,
golem_ik,kinematic,golem_ik,nan,,0,b021_d70_e00,21,0.7,0,0.501491,-0.0015368,-0.295183,0.183125,-0.702259,-0.420701,0.581699,1,0,0,0,nan,0.405377,0.359337,0.451418,0.054127,0.0424933,0.405377,0.0483102,1.0024,1.0024,1.0024,0,0,nan,,,nan,nan,,,,,,,,,,,,,0,1,4.00947,t_pose,0.0352472,,0,,nan,
golem_ik,kinematic,golem_ik,nan,,0,b021_d70_e10,21,0.7,0.1,0.597319,-0.0301224,-0.295183,0.2145,-0.79721,-0.420701,0.581699,1,0,0,0,nan,0.462906,0.419356,0.506455,0.0415543,0.0377252,0.462906,0.0396397,1.0024,1.0024,1.0024,0,0,nan,,,nan,nan,,,,,,,,,,,,,0,1,4.00882,t_pose,0.0351092,,0,,nan,
golem_ik,kinematic,golem_ik,nan,,0,b021_d70_e20,21,0.7,0.2,0.693146,-0.0587081,-0.295183,0.245875,-0.89216,-0.420701,0.581699,1,0,0,0,nan,0.527128,0.486417,0.567839,0.0253086,0.0314228,0.527128,0.0283657,1.0024,1.0024,1.0024,0,0,nan,,,nan,nan,,,,,,,,,,,,,0,1,4.00303,t_pose,0.035776,,0,,nan,
golem_ik,kinematic,golem_ik,nan,,0,b021_d80_e00,21,0.8,0,0.501491,-0.0015368,-0.395183,0.183125,-0.702259,-0.520701,0.481699,1,0,0,0,nan,0.490576,0.443073,0.538078,0.0748762,0.0514506,0.490576,0.0631634,1.0024,1.0024,1.0024,0,0,nan,,,nan,nan,,,,,,,,,,,,,0,1,4.00756,t_pose,0.0355962,,0,,nan,
golem_ik,kinematic,golem_ik,nan,,0,b021_d80_e10,21,0.8,0.1,0.597319,-0.0301224,-0.395183,0.2145,-0.79721,-0.520701,0.481699,1,0,0,0,nan,0.543493,0.498011,0.588975,0.0608306,0.0468137,0.543493,0.0538221,1.0024,1.0024,1.0024,0,0,nan,,,nan,nan,,,,,,,,,,,,,0,1,4.01036,t_pose,0.0352444,,0,,nan,
golem_ik,kinematic,golem_ik,nan,,0,b021_d80_e20,21,0.8,0.2,0.693146,-0.0587081,-0.395183,0.245875,-0.89216,-0.520701,0.481699,1,0,0,0,nan,0.60307,0.56001,0.64613,0.0443279,0.0407321,0.60307,0.04253,1.0024,1.0024,1.0024,0,0,nan,,,nan,nan,,,,,,,,,,,,,0,1,4.01153,t_pose,0.0356898,,0,,nan,
golem_ik,kinematic,golem_ik,nan,,0,b021_d90_e00,21,0.9,0,0.501491,-0.0015368,-0.495183,0.183125,-0.702259,-0.620701,0.381699,1,0,0,0,nan,0.578153,0.529509,0.626797,0.0945314,0.059403,0.578153,0.0769672,1.0024,1.0024,1.0024,0,0,nan,,,nan,nan,,,,,,,,,,,,,0,1,4.00746,t_pose,0.0359004,,0,,nan,
golem_ik,kinematic,golem_ik,nan,,0,b021_d90_e10,21,0.9,0.1,0.597319,-0.0301224,-0.495183,0.2145,-0.79721,-0.620701,0.381699,1,0,0,0,nan,0.627112,0.58016,0.674065,0.0789181,0.0548557,0.627112,0.0668869,1.0024,1.0024,1.0024,0,0,nan,,,nan,nan,,,,,,,,,,,,,0,1,4.01223,t_pose,0.0355569,,0,,nan,
golem_ik,kinematic,golem_ik,nan,,0,b021_d90_e20,21,0.9,0.2,0.693146,-0.0587081,-0.495183,0.245875,-0.89216,-0.620701,0.381699,1,0,0,0,nan,0.682604,0.637761,0.727447,0.0606563,0.0487877,0.682604,0.054722,1.0024,1.0024,1.0024,0,0,nan,,,nan,nan,,,,,,,,,,,,,0,1,4.00654,t_pose,0.0359496,,0,,nan,
golem_ik,kinematic,golem_ik,nan,,0,b021_d100_e00,21,1,0,0.501491,-0.0015368,-0.595183,0.183125,-0.702259,-0.720701,0.281699,1,0,0,0,nan,0.667584,0.618007,0.71716,0.112852,0.0662143,0.667584,0.089533,1.0024,1.0024,1.0024,0,0,nan,,,nan,nan,,,,,,,,,,,,,0,1,4.00659,t_pose,0.0362109,,0,,nan,
golem_ik,kinematic,golem_ik,nan,,0,b021_d100_e10,21,1,0.1,0.597319,-0.0301224,-0.595183,0.2145,-0.79721,-0.720701,0.281699,1,0,0,0,nan,0.713124,0.665013,0.761235,0.0957091,0.0616727,0.713124,0.0786909,1.0024,1.0024,1.0024,0,0,nan,,,nan,nan,,,,,,,,,,,,,0,1,4.00732,t_pose,0.0359781,,0,,nan,
golem_ik,kinematic,golem_ik,nan,,0,b021_d100_e20,21,1,0.2,0.693146,-0.0587081,-0.595183,0.245875,-0.89216,-0.720701,0.281699,1,0,0,0,nan,0.764989,0.718736,0.811242,0.0761727,0.0556409,0.764989,0.0659068,1.0024,1.0024,1.0024,0,0,nan,,,nan,nan,,,,,,,,,,,,,0,1,4.00894,t_pose,0.0363396,,0,,nan,
golem_ik,kinematic,golem_ik,nan,,0,b022_d00_e00,22,0,0,0.160291,0.102149,0.699964,0.134784,-0.574462,0.098392,1.10079,0,1,1,1,nan,0.000334658,0.000156073,0.000513244,0.000294507,0.000203197,0.000334658,0.000248852,1.0024,1.0024,1.0024,0,0,nan,,,nan,nan,,,,,,,,,,,,,0,1,0.300024,home,0.0236204,,0,,nan,
golem_ik,kinematic,golem_ik,nan,,0,b022_d00_e10,22,0,0.1,0.256426,0.0746147,0.699964,0.164923,-0.669812,0.098392,1.10079,0,1,1,1,nan,0.0192139,1.27192e-16,0.0384278,6.53492e-16,0.000904904,0.0192139,0.000452452,1.0024,1.0024,1.0024,0,0,nan,,,nan,nan,,,,,,,,,,,,,0,1,4.00586,t_pose,0.034525,,0,,nan,
golem_ik,kinematic,golem_ik,nan,,0,b022_d00_e20,22,0,0.2,0.35256,0.0470799,0.699964,0.195063,-0.765162,0.098392,1.10079,0,0,1,0,nan,0.06167,1.42205e-16,0.12334,5.04738e-16,0.00301066,0.06167,0.00150533,1.0024,1.0024,1.0024,0,0,nan,,,nan,nan,,,,,,,,,,,,,0,1,4.00967,arms_front_45,0.0470344,,0,,nan,
golem_ik,kinematic,golem_ik,nan,,0,b022_d10_e00,22,0.1,0,0.160291,0.102149,0.599964,0.134784,-0.574462,-0.00160801,1.00079,0,1,1,1,nan,0.0144024,2.77556e-17,0.0288048,4.43206e-16,0.000546912,0.0144024,0.000273456,1.0024,1.0024,1.0024,0,0,nan,,,nan,nan,,,,,,,,,,,,,0,1,4.0088,t_pose,0.02,,0,,nan,
golem_ik,kinematic,golem_ik,nan,,0,b022_d10_e10,22,0.1,0.1,0.256426,0.0746147,0.599964,0.164923,-0.669812,-0.00160801,1.00079,0,0,1,0,nan,0.049938,2.77556e-17,0.099876,5.10007e-16,0.00209482,0.049938,0.00104741,1.0024,1.0024,1.0024,0,0,nan,,,nan,nan,,,,,,,,,,,,,0,1,4.00841,t_pose,0.034779,,0,,nan,
golem_ik,kinematic,golem_ik,nan,,0,b022_d10_e20,22,0.1,0.2,0.35256,0.0470799,0.599964,0.195063,-0.765162,-0.00160801,1.00079,0,0,1,0,nan,0.088859,4.25994e-16,0.177718,4.70827e-16,0.0039522,0.088859,0.0019761,1.0024,1.0024,1.0024,0,0,nan,,,nan,nan,,,,,,,,,,,,,0,1,4.00356,t_pose,0.0326591,,0,,nan,
golem_ik,kinematic,golem_ik,nan,,0,b022_d20_e00,22,0.2,0,0.160291,0.102149,0.499964,0.134784,-0.574462,-0.101608,0.900792,0,0,1,0,nan,0.0572707,0.00807168,0.10647,0.000388344,0.0017448,0.0572707,0.00106657,1.0024,1.0024,1.0024,0,0,nan,,,nan,nan,,,,,,,,,,,,,0,1,4.00852,t_pose,0.0200915,,0,,nan,
golem_ik,kinematic,golem_ik,nan,,0,b022_d20_e10,22,0.2,0.1,0.256426,0.0746147,0.499964,0.164923,-0.669812,-0.101608,0.900792,0,0,1,0,nan,0.0849801,1.46951e-12,0.16996,5.95872e-13,0.00315545,0.0849801,0.00157772,1.0024,1.0024,1.0024,0,0,nan,,,nan,nan,,,,,,,,,,,,,0,1,4.00539,t_pose,0.0353731,,0,,nan,
golem_ik,kinematic,golem_ik,nan,,0,b022_d20_e20,22,0.2,0.2,0.35256,0.0470799,0.499964,0.195063,-0.765162,-0.101608,0.900792,0,0,1,0,nan,0.120491,7.06636e-11,0.240982,2.0597e-11,0.00483925,0.120491,0.00241962,1.0024,1.0024,1.0024,0,0,nan,,,nan,nan,,,,,,,,,,,,,0,1,4.00591,t_pose,0.0365296,,0,,nan,
golem_ik,kinematic,golem_ik,nan,,0,b022_d30_e00,22,0.3,0,0.160291,0.102149,0.399964,0.134784,-0.574462,-0.201608,0.800792,1,0,0,0,nan,0.136765,0.0840307,0.1895,0.0340803,0.00268946,0.136765,0.0183849,1.0024,1.0024,1.0024,0,0,nan,,,nan,nan,,,,,,,,,,,,,0,1,4.01055,t_pose,0.0271331,,0,,nan,
golem_ik,kinematic,golem_ik,nan,,0,b022_d30_e10,22,0.3,0.1,0.256426,0.0746147,0.399964,0.164923,-0.669812,-0.201608,0.800792,1,0,1,0,nan,0.146661,0.0468955,0.246427,0.0232288,0.00404235,0.146661,0.0136356,1.0024,1.0024,1.0024,0,0,nan,,,nan,nan,,,,,,,,,,,,,0,1,4.00621,t_pose,0.0335357,,0,,nan,
golem_ik,kinematic,golem_ik,nan,,0,b022_d30_e20,22,0.3,0.2,0.35256,0.0470799,0.399964,0.195063,-0.765162,-0.201608,0.800792,1,0,1,0,nan,0.158197,0.005196,0.311198,0.00292075,0.00561558,0.158197,0.00426816,1.0024,1.0024,1.0024,0,0,nan,,,nan,nan,,,,,,,,,,,,,0,1,4.00958,t_pose,0.042217,,0,,nan,
golem_ik,kinematic,golem_ik,nan,,0,b022_d40_e00,22,0.4,0,0.160291,0.102149,0.299964,0.134784,-0.574462,-0.301608,0.700792,1,0,0,0,nan,0.202967,0.129647,0.276288,0.0742965,0.00341122,0.202967,0.0388538,1.0024,1.0024,1.0024,0,0,nan,,,nan,nan,,,,,,,,,,,,,0,1,4.00453,t_pose,0.0766609,,0,,nan,
golem_ik,kinematic,golem_ik,nan,,0,b022_d40_e10,22,0.4,0.1,0.256426,0.0746147,0.299964,0.164923,-0.669812,-0.301608,0.700792,1,0,0,0,nan,0.201857,0.0760918,0.327623,0.0474316,0.00475045,0.201857,0.026091,1.0024,1.0024,1.0024,0,0,nan,,,nan,nan,,,,,,,,,,,,,0,1,4.00684,t_pose,0.0821657,,0,,nan,
golem_ik,kinematic,golem_ik,nan,,0,b022_d40_e20,22,0.4,0.2,0.35256,0.0470799,0.299964,0.195063,-0.765162,-0.301608,0.700792,1,0,1,0,nan,0.196774,0.00672655,0.386822,0.00422116,0.00625746,0.196774,0.00523931,1.0024,1.0024,1.0024,0,0,nan,,,nan,nan,,,,,,,,,,,,,0,1,4.01155,arms_front_45,0.0791047,,0,,nan,
golem_ik,kinematic,golem_ik,nan,,0,b022_d50_e00,22,0.5,0,0.160291,0.102149,0.199964,0.134784,-0.574462,-0.401608,0.600792,1,0,1,0,nan,0.205899,0.0460291,0.365769,0.0275042,0.00394626,0.205899,0.0157253,1.0024,1.0024,1.0024,0,0,nan,,,nan,nan,,,,,,,,,,,,,0,1,4.00645,current,0.0441658,,0,,nan,
golem_ik,kinematic,golem_ik,nan,,0,b022_d50_e10,22,0.5,0.1,0.256426,0.0746147,0.199964,0.164923,-0.669812,-0.401608,0.600792,1,0,1,0,nan,0.220352,0.0283474,0.412357,0.0178252,0.00529252,0.220352,0.0115589,1.0024,1.0024,1.0024,0,0,nan,,,nan,nan,,,,,,,,,,,,,0,1,4.00845,arms_front_45,0.0754587,,0,,nan,
golem_ik,kinematic,golem_ik,nan,,0,b022_d50_e20,22,0.5,0.2,0.35256,0.0470799,0.199964,0.195063,-0.765162,-0.401608,0.600792,1,0,1,0,nan,0.233326,7.30099e-06,0.466645,1.37771e-06,0.00676025,0.233326,0.00338081,1.0024,1.0024,1.0024,0,0,nan,,,nan,nan,,,,,,,,,,,,,0,1,4.01064,t_pose,0.0600234,,0,,nan,
golem_ik,kinematic,golem_ik,nan,,0,b022_d60_e00,22,0.6,0,0.160291,0.102149,0.0999637,0.134784,-0.574462,-0.501608,0.500792,1,0,1,0,nan,0.22863,3.26654e-05,0.457228,8.94196e-06,0.00432769,0.22863,0.00216832,1.0024,1.0024,1.0024,0,0,nan,,,nan,nan,,,,,,,,,,,,,0,1,4.00778,current,0.0377208,,0,,nan,
golem_ik,kinematic,golem_ik,nan,,0,b022_d60_e10,22,0.6,0.1,0.256426,0.0746147,0.0999637,0.164923,-0.669812,-0.501608,0.500792,1,0,1,0,nan,0.249906,3.98388e-05,0.499773,8.31104e-06,0.00568784,0.249906,0.00284808,1.0024,1.0024,1.0024,0,0,nan,,,nan,nan,,,,,,,,,,,,,0,1,4.01126,current,0.0560995,,0,,nan,
golem_ik,kinematic,golem_ik,nan,,0,b022_d60_e20,22,0.6,0.2,0.35256,0.0470799,0.0999637,0.195063,-0.765162,-0.501608,0.500792,1,0,1,0,nan,0.276875,0.00398205,0.549768,0.000540805,0.00713207,0.276875,0.00383644,1.0024,1.0024,1.0024,0,0,nan,,,nan,nan,,,,,,,,,,,,,0,1,4.00999,arms_front_45,0.0541215,,0,,nan,
golem_ik,kinematic,golem_ik,nan,,0,b022_d70_e00,22,0.7,0,0.160291,0.102149,-3.62515e-05,0.134784,-0.574462,-0.601608,0.400792,1,0,1,0,nan,0.275261,0.000349394,0.550172,7.258e-05,0.00458339,0.275261,0.00232799,1.0024,1.0024,1.0024,0,0,nan,,,nan,nan,,,,,,,,,,,,,0,1,4.00848,arms_front_45,0.0577985,,0,,nan,
golem_ik,kinematic,golem_ik,nan,,0,b022_d70_e10,22,0.7,0.1,0.256426,0.0746147,-3.62515e-05,0.164923,-0.669812,-0.601608,0.400792,1,0,1,0,nan,0.29877,0.00828235,0.589258,0.00108205,0.00595626,0.29877,0.00351915,1.0024,1.0024,1.0024,0,0,nan,,,nan,nan,,,,,,,,,,,,,0,1,4.01214,arms_front_45,0.0493682,,0,,nan,
golem_ik,kinematic,golem_ik,nan,,0,b022_d70_e20,22,0.7,0.2,0.35256,0.0470799,-3.62515e-05,0.195063,-0.765162,-0.601608,0.400792,1,0,1,0,nan,0.337699,0.0399035,0.635494,0.00288377,0.00738322,0.337699,0.0051335,1.0024,1.0024,1.0024,0,0,nan,,,nan,nan,,,,,,,,,,,,,0,1,4.00434,arms_front_45,0.042557,,0,,nan,
golem_ik,kinematic,golem_ik,nan,,0,b022_d80_e00,22,0.8,0,0.160291,0.102149,-0.100036,0.134784,-0.574462,-0.701608,0.300792,1,0,1,0,nan,0.338944,0.0336313,0.644256,0.00328186,0.00473426,0.338944,0.00400806,1.0024,1.0024,1.0024,0,0,nan,,,nan,nan,,,,,,,,,,,,,0,1,4.01169,arms_front_45,0.0434013,,0,,nan,
golem_ik,kinematic,golem_ik,nan,,0,b022_d80_e10,22,0.8,0.1,0.256426,0.0746147,-0.100036,0.164923,-0.669812,-0.701608,0.300792,1,0,0,0,nan,0.371298,0.0622342,0.680361,0.00400316,0.00611387,0.371298,0.00505852,1.0024,1.0024,1.0024,0,0,nan,,,nan,nan,,,,,,,,,,,,,0,1,4.00614,arms_front_45,0.0388537,,0,,nan,
golem_ik,kinematic,golem_ik,nan,,0,b022_d80_e20,22,0.8,0.2,0.35256,0.0470799,-0.100036,0.195063,-0.765162,-0.701608,0.300792,1,0,0,0,nan,0.415788,0.108277,0.7233,0.00458169,0.00752287,0.415788,0.00605228,1.0024,1.0024,1.0024,0,0,nan,,,nan,nan,,,,,,,,,,,,,0,1,4.00745,arms_front_45,0.0368876,,0,,nan,
golem_ik,kinematic,golem_ik,nan,,0,b022_d90_e00,22,0.9,0,0.160291,0.102149,-0.200036,0.134784,-0.574462,-0.801608,0.200792,1,0,0,0,nan,0.426291,0.113353,0.73923,0.0059705,0.00479155,0.426291,0.00538103,1.0024,1.0024,1.0024,0,0,nan,,,nan,nan,,,,,,,,,,,,,0,1,4.00413,arms_front_45,0.0370298,,0,,nan,
golem_ik,kinematic,golem_ik,nan,,0,b022_d90_e10,22,0.9,0.1,0.256426,0.0746147,-0.200036,0.164923,-0.669812,-0.801608,0.200792,1,0,0,0,nan,0.458826,0.144903,0.772749,0.00573551,0.00616875,0.458826,0.00595213,1.0024,1.0024,1.0024,0,0,nan,,,nan,nan,,,,,,,,,,,,,0,1,4.00652,arms_front_45,0.0351612,,0,,nan,
golem_ik,kinematic,golem_ik,nan,,0,b022_d90_e20,22,0.9,0.2,0.35256,0.0470799,-0.200036,0.195063,-0.765162,-0.801608,0.200792,1,0,0,0,nan,0.500884,0.188983,0.812785,0.00549542,0.00756313,0.500884,0.00652927,1.0024,1.0024,1.0024,0,0,nan,,,nan,nan,,,,,,,,,,,,,0,1,4.01081,arms_front_45,0.034535,,0,,nan,
golem_ik,kinematic,golem_ik,nan,,0,b022_d100_e00,22,1,0,0.160291,0.102149,-0.300036,0.134784,-0.574462,-0.901608,0.100792,1,0,0,0,nan,0.52082,0.206728,0.834912,0.00816838,0.00475675,0.52082,0.00646256,1.0024,1.0024,1.0024,0,0,nan,,,nan,nan,,,,,,,,,,,,,0,1,4.00983,arms_front_45,0.0357023,,0,,nan,
golem_ik,kinematic,golem_ik,nan,,0,b022_d100_e10,22,1,0.1,0.256426,0.0746147,-0.300036,0.164923,-0.669812,-0.901608,0.100792,1,0,0,0,nan,0.55084,0.235508,0.866172,0.00748935,0.00613187,0.55084,0.00681061,1.0024,1.0024,1.0024,0,0,nan,,,nan,nan,,,,,,,,,,,,,0,1,4.01244,arms_front_45,0.0343985,,0,,nan,
golem_ik,kinematic,golem_ik,nan,,0,b022_d100_e20,22,1,0.2,0.35256,0.0470799,-0.300036,0.195063,-0.765162,-0.901608,0.100792,1,0,0,0,nan,0.589596,0.27555,0.903643,0.00712161,0.00752016,0.589596,0.00732089,1.0024,1.0024,1.0024,0,0,nan,,,nan,nan,,,,,,,,,,,,,0,1,4.00488,arms_front_45,0.0341024,,0,,nan,
golem_ik,kinematic,golem_ik,nan,,0,b023_d00_e00,23,0,0,0.467644,-0.0164978,0.352469,0.214471,-0.0582117,-0.00157616,1.00082,0,1,1,1,nan,0.00025386,0.0005068,9.19883e-07,0.000841818,2.54663e-07,0.00025386,0.000421037,1.0024,1.0024,1.0024,0,0,nan,,,nan,nan,,,,,,,,,,,,,0,1,0.1295,home,0.0430812,,0,,nan,
golem_ik,kinematic,golem_ik,nan,,0,b023_d00_e10,23,0,0.1,0.561974,-0.0496913,0.352469,0.306705,-0.0195724,-0.00157616,1.00082,0,0,0,1,nan,0.0378327,0.0634613,0.012204,0.000783577,0.000227958,0.0378327,0.000505767,1.0024,1.0024,1.0024,0,0,nan,,,nan,nan,,,,,,,,,,,,,0,1,3.07934,t_pose,0.024479,,1,,nan,
golem_ik,kinematic,golem_ik,nan,,0,b023_d00_e20,23,0,0.2,0.656304,-0.0828849,0.352469,0.398938,0.0190669,-0.00157616,1.00082,0,0,0,0,nan,0.12116,0.162271,0.0800495,0.00208934,0.00197175,0.12116,0.00203055,1.0024,1.0024,1.0024,0,0,nan,,,nan,nan,,,,,,,,,,,,,0,1,3.11051,t_pose,0.0299928,,1,,nan,
golem_ik,kinematic,golem_ik,nan,,0,b023_d10_e00,23,0.1,0,0.467644,-0.0164978,0.252469,0.214471,-0.0582117,-0.101576,0.900824,0,1,1,1,nan,0.0201766,8.88612e-17,0.0403531,2.91178e-16,0.000358063,0.0201766,0.000179031,1.0024,1.0024,1.0024,0,0,nan,,,nan,nan,,,,,,,,,,,,,0,1,3.90561,t_pose,0.0194019,,1,,nan,
golem_ik,kinematic,golem_ik,nan,,0,b023_d10_e10,23,0.1,0.1,0.561974,-0.0496913,0.252469,0.306705,-0.0195724,-0.101576,0.900824,0,0,0,0,nan,0.0879842,0.085481,0.0904874,0.000751062,0.00135174,0.0879842,0.0010514,1.0024,1.0024,1.0024,0,0,nan,,,nan,nan,,,,,,,,,,,,,0,1,3.42583,t_pose,0.0211026,,1,,nan,
golem_ik,kinematic,golem_ik,nan,,0,b023_d10_e20,23,0.1,0.2,0.656304,-0.0828849,0.252469,0.398938,0.0190669,-0.101576,0.900824,0,0,0,0,nan,0.166241,0.181089,0.151392,0.00212857,0.00309911,0.166241,0.00261384,1.0024,1.0024,1.0024,0,0,nan,,,nan,nan,,,,,,,,,,,,,0,1,4.00509,t_pose,0.0251978,,0,,nan,
golem_ik,kinematic,golem_ik,nan,,0,b023_d20_e00,23,0.2,0,0.467644,-0.0164978,0.152469,0.214471,-0.0582117,-0.201576,0.800824,1,0,1,0,nan,0.0825462,0.0336952,0.131397,0.00024304,0.000352891,0.0825462,0.000297966,1.0024,1.0024,1.0024,0,0,nan,,,nan,nan,,,,,,,,,,,,,0,1,4.00837,home,0.0196288,,0,,nan,
golem_ik,kinematic,golem_ik,nan,,0,b023_d20_e10,23,0.2,0.1,0.561974,-0.0496913,0.152469,0.306705,-0.0195724,-0.201576,0.800824,1,0,0,0,nan,0.148444,0.122114,0.174774,0.000907458,0.00178097,0.148444,0.00134421,1.0024,1.0024,1.0024,0,0,nan,,,nan,nan,,,,,,,,,,,,,0,1,4.01229,t_pose,0.0197255,,0,,nan,
golem_ik,kinematic,golem_ik,nan,,0,b023_d20_e20,23,0.2,0.2,0.656304,-0.0828849,0.152469,0.398938,0.0190669,-0.201576,0.800824,1,0,0,0,nan,0.220924,0.21287,0.228977,0.00202436,0.00385241,0.220924,0.00293839,1.0024,1.0024,1.0024,0,0,nan,,,nan,nan,,,,,,,,,,,,,0,1,4.00431,t_pose,0.0222342,,0,,nan,
golem_ik,kinematic,golem_ik,nan,,0,b023_d30_e00,23,0.3,0,0.467644,-0.0164978,0.0524688,0.214471,-0.0582117,-0.301576,0.700824,1,0,0,0,nan,0.156675,0.0886054,0.224744,0.000759268,0.000528068,0.156675,0.000643668,1.0024,1.0024,1.0024,0,0,nan,,,nan,nan,,,,,,,,,,,,,0,1,4.00737,t_pose,0.0202105,,0,,nan,
golem_ik,kinematic,golem_ik,nan,,0,b023_d30_e10,23,0.3,0.1,0.561974,-0.0496913,0.0524688,0.306705,-0.0195724,-0.301576,0.700824,1,0,0,0,nan,0.216642,0.170396,0.262888,0.00111034,0.00222439,0.216642,0.00166737,1.0024,1.0024,1.0024,0,0,nan,,,nan,nan,,,,,,,,,,,,,0,1,4.0096,t_pose,0.0200136,,0,,nan,
golem_ik,kinematic,golem_ik,nan,,0,b023_d30_e20,23,0.3,0.2,0.656304,-0.0828849,0.0524688,0.398938,0.0190669,-0.301576,0.700824,1,0,0,0,nan,0.283475,0.25563,0.31132,0.00221654,0.00425178,0.283475,0.00323416,1.0024,1.0024,1.0024,0,0,nan,,,nan,nan,,,,,,,,,,,,,0,1,3.30592,t_pose,0.0203593,,1,,nan,
golem_ik,kinematic,golem_ik,nan,,0,b023_d40_e00,23,0.4,0,0.467644,-0.0164978,-0.0475312,0.214471,-0.0582117,-0.401576,0.600824,1,0,0,0,nan,0.236154,0.152799,0.319509,0.000960297,0.00234056,0.236154,0.00165043,1.0024,1.0024,1.0024,0,0,nan,,,nan,nan,,,,,,,,,,,,,0,1,4.00645,t_pose,0.0201068,,0,,nan,
golem_ik,kinematic,golem_ik,nan,,0,b023_d40_e10,23,0.4,0.1,0.561974,-0.0496913,-0.0475312,0.306705,-0.0195724,-0.401576,0.600824,1,0,0,0,nan,0.290615,0.227671,0.353559,0.00143434,0.00217789,0.290615,0.00180611,1.0024,1.0024,1.0024,0,0,nan,,,nan,nan,,,,,,,,,,,,,0,1,4.0096,t_pose,0.0200056,,0,,nan,
golem_ik,kinematic,golem_ik,nan,,0,b023_d40_e20,23,0.4,0.2,0.656304,-0.0828849,-0.0475312,0.398938,0.0190669,-0.401576,0.600824,1,0,0,0,nan,0.352422,0.307542,0.397302,0.00261612,0.00426337,0.352422,0.00343974,1.0024,1.0024,1.0024,0,0,nan,,,nan,nan,,,,,,,,,,,,,0,1,4.00981,t_pose,0.0199707,,0,,nan,
golem_ik,kinematic,golem_ik,nan,,0,b023_d50_e00,23,0.5,0,0.467644,-0.0164978,-0.147531,0.214471,-0.0582117,-0.501576,0.500824,1,0,0,0,nan,0.319429,0.223484,0.415374,0.0011567,0.00846176,0.319429,0.00480923,1.0024,1.0024,1.0024,0,0,nan,,,nan,nan,,,,,,,,,,,,,0,1,4.00746,t_pose,0.0201365,,0,,nan,
golem_ik,kinematic,golem_ik,nan,,0,b023_d50_e10,23,0.5,0.1,0.561974,-0.0496913,-0.147531,0.306705,-0.0195724,-0.501576,0.500824,1,0,0,0,nan,0.369339,0.29254,0.446139,0.0020262,0.00187044,0.369339,0.00194832,1.0024,1.0024,1.0024,0,0,nan,,,nan,nan,,,,,,,,,,,,,0,1,4.01086,t_pose,0.0207635,,0,,nan,
golem_ik,kinematic,golem_ik,nan,,0,b023_d50_e20,23,0.5,0.2,0.656304,-0.0828849,-0.147531,0.398938,0.0190669,-0.501576,0.500824,1,0,0,0,nan,0.426518,0.367135,0.485902,0.00313092,0.00415575,0.426518,0.00364333,1.0024,1.0024,1.0024,0,0,nan,,,nan,nan,,,,,,,,,,,,,0,1,4.01314,t_pose,0.0200031,,0,,nan,
golem_ik,kinematic,golem_ik,nan,,0,b023_d60_e00,23,0.6,0,0.467644,-0.0164978,-0.247531,0.214471,-0.0582117,-0.601576,0.400824,1,0,0,0,nan,0.406087,0.300141,0.512033,0.00188914,0.0138749,0.406087,0.00788203,1.0024,1.0024,1.0024,0,0,nan,,,nan,nan,,,,,,,,,,,,,0,1,4.00526,t_pose,0.0199131,,0,,nan,
golem_ik,kinematic,golem_ik,nan,,0,b023_d60_e10,23,0.6,0.1,0.561974,-0.0496913,-0.247531,0.306705,-0.0195724,-0.601576,0.400824,1,0,0,0,nan,0.451872,0.363688,0.540056,0.00269488,0.0043404,0.451872,0.00351764,1.0024,1.0024,1.0024,0,0,nan,,,nan,nan,,,,,,,,,,,,,0,1,4.00814,t_pose,0.0199946,,0,,nan,
golem_ik,kinematic,golem_ik,nan,,0,b023_d60_e20,23,0.6,0.2,0.656304,-0.0828849,-0.247531,0.398938,0.0190669,-0.601576,0.400824,1,0,0,0,nan,0.504808,0.433142,0.576475,0.00365905,0.00370314,0.504808,0.0036811,1.0024,1.0024,1.0024,0,0,nan,,,nan,nan,,,,,,,,,,,,,0,1,4.01245,t_pose,0.0208659,,0,,nan,
golem_ik,kinematic,golem_ik,nan,,0,b023_d70_e00,23,0.7,0,0.467644,-0.0164978,-0.347531,0.214471,-0.0582117,-0.701576,0.300824,1,0,0,0,nan,0.495382,0.38148,0.609283,0.00259587,0.019924,0.495382,0.0112599,1.0024,1.0024,1.0024,0,0,nan,,,nan,nan,,,,,,,,,,,,,0,1,4.01343,t_pose,0.0200674,,0,,nan,
golem_ik,kinematic,golem_ik,nan,,0,b023_d70_e10,23,0.7,0.1,0.561974,-0.0496913,-0.347531,0.306705,-0.0195724,-0.701576,0.300824,1,0,0,0,nan,0.537446,0.439894,0.634997,0.00327697,0.00988209,0.537446,0.00657953,1.0024,1.0024,1.0024,0,0,nan,,,nan,nan,,,,,,,,,,,,,0,1,4.00644,t_pose,0.0199809,,0,,nan,
golem_ik,kinematic,golem_ik,nan,,0,b023_d70_e20,23,0.7,0.2,0.656304,-0.0828849,-0.347531,0.398938,0.0190669,-0.701576,0.300824,1,0,0,0,nan,0.586497,0.504455,0.668539,0.0041489,0.00302235,0.586497,0.00358563,1.0024,1.0024,1.0024,0,0,nan,,,nan,nan,,,,,,,,,,,,,0,1,4.00359,t_pose,0.0226516,,0,,nan,
golem_ik,kinematic,golem_ik,nan,,0,b023_d80_e00,23,0.8,0,0.467644,-0.0164978,-0.447531,0.214471,-0.0582117,-0.801576,0.200824,1,0,0,0,nan,0.586662,0.466346,0.706979,0.00311059,0.0249166,0.586662,0.0140136,1.0024,1.0024,1.0024,0,0,nan,,,nan,nan,,,,,,,,,,,,,0,1,4.00245,t_pose,0.0200241,,0,,nan,
golem_ik,kinematic,golem_ik,nan,,0,b023_d80_e10,23,0.8,0.1,0.561974,-0.0496913,-0.447531,0.306705,-0.0195724,-0.801576,0.200824,1,0,0,0,nan,0.625413,0.520106,0.730721,0.00384425,0.0151933,0.625413,0.00951877,1.0024,1.0024,1.0024,0,0,nan,,,nan,nan,,,,,,,,,,,,,0,1,4.0028,t_pose,0.0200145,,0,,nan,
golem_ik,kinematic,golem_ik,nan,,0,b023_d80_e20,23,0.8,0.2,0.656304,-0.0828849,-0.447531,0.398938,0.0190669,-0.801576,0.200824,1,0,0,0,nan,0.670976,0.580168,0.761785,0.00465456,0.00410261,0.670976,0.00437858,1.0024,1.0024,1.0024,0,0,nan,,,nan,nan,,,,,,,,,,,,,0,1,4.00593,t_pose,0.0243484,,0,,nan,
golem_ik,kinematic,golem_ik,nan,,0,b023_d90_e00,23,0.9,0,0.467644,-0.0164978,-0.547531,0.214471,-0.0582117,-0.901576,0.100824,1,0,0,0,nan,0.679414,0.553803,0.805025,0.00357196,0.0292886,0.679414,0.0164303,1.0024,1.0024,1.0024,0,0,nan,,,nan,nan,,,,,,,,,,,,,0,1,4.01289,t_pose,0.0199965,,0,,nan,
golem_ik,kinematic,golem_ik,nan,,0,b023_d90_e10,23,0.9,0.1,0.561974,-0.0496913,-0.547531,0.306705,-0.0195724,-0.901576,0.100824,1,0,0,0,nan,0.715297,0.60353,0.827065,0.00445286,0.0194717,0.715297,0.0119623,1.0024,1.0024,1.0024,0,0,nan,,,nan,nan,,,,,,,,,,,,,0,1,4.00936,t_pose,0.0199914,,0,,nan,
golem_ik,kinematic,golem_ik,nan,,0,b023_d90_e20,23,0.9,0.2,0.656304,-0.0828849,-0.547531,0.398938,0.0190669,-0.901576,0.100824,1,0,0,0,nan,0.757698,0.659421,0.855974,0.00516436,0.00875597,0.757698,0.00696016,1.0024,1.0024,1.0024,0,0,nan,,,nan,nan,,,,,,,,,,,,,0,1,4.00724,t_pose,0.0232286,,0,,nan,
golem_ik,kinematic,golem_ik,nan,,0,b023_d100_e00,23,1,0,0.467644,-0.0164978,-0.647531,0.214471,-0.0582117,-1.00158,0.000823844,1,0,0,0,nan,0.773333,0.643301,0.903365,0.00500782,0.0324107,0.773333,0.0187093,1.0024,1.0024,1.0024,0,0,nan,,,nan,nan,,,,,,,,,,,,,0,1,4.00818,t_pose,0.0215027,,0,,nan,
golem_ik,kinematic,golem_ik,nan,,0,b023_d100_e10,23,1,0.1,0.561974,-0.0496913,-0.647531,0.306705,-0.0195724,-1.00158,0.000823844,1,0,0,0,nan,0.806668,0.689419,0.923918,0.00525024,0.0226508,0.806668,0.0139505,1.0024,1.0024,1.0024,0,0,nan,,,nan,nan,,,,,,,,,,,,,0,1,4.01037,t_pose,0.020489,,0,,nan,
golem_ik,kinematic,golem_ik,nan,,0,b023_d100_e20,23,1,0.2,0.656304,-0.0828849,-0.647531,0.398938,0.0190669,-1.00158,0.000823844,1,0,0,0,nan,0.846341,0.741712,0.95097,0.0066453,0.0111261,0.846341,0.00888571,1.0024,1.0024,1.0024,0,0,nan,,,nan,nan,,,,,,,,,,,,,0,1,4.00886,t_pose,0.0200146,,0,,nan,
golem_ik,kinematic,golem_ik,nan,,0,b024_d00_e00,24,0,0,0.277088,0.461229,0.452079,0.381309,-0.195742,0.410196,1.4126,0,1,1,1,nan,9.43658e-05,0.000171301,1.7431e-05,0.000370156,1.29269e-05,9.43658e-05,0.000191542,1.0024,1.0024,1.0024,0,0,nan,,,nan,nan,,,,,,,,,,,,,0,1,0.133581,home,0.0647463,,0,,nan,
golem_ik,kinematic,golem_ik,nan,,0,b024_d00_e10,24,0,0.1,0.343352,0.536123,0.452079,0.480536,-0.208151,0.410196,1.4126,0,1,1,1,nan,4.12539e-05,7.17306e-05,1.07772e-05,0.000245719,6.17174e-06,4.12539e-05,0.000125945,1.0024,1.0024,1.0024,0,0,nan,,,nan,nan,,,,,,,,,,,,,0,1,0.164005,home,0.0756529,,0,,nan,
golem_ik,kinematic,golem_ik,nan,,0,b024_d00_e20,24,0,0.2,0.409617,0.611016,0.452079,0.579763,-0.220559,0.410196,1.4126,0,1,1,1,nan,0.0226361,0.0236009,0.0216713,0.00461866,0.00139994,0.0226361,0.0030093,1.0024,1.0024,1.0024,0,0,nan,,,nan,nan,,,,,,,,,,,,,0,1,4.00431,home,0.0609317,,0,,nan,
golem_ik,kinematic,golem_ik,nan,,0,b024_d10_e00,24,0.1,0,0.277088,0.461229,0.352079,0.381309,-0.195742,0.310196,1.3126,0,1,1,1,nan,1.47743e-06,2.3856e-06,5.69252e-07,1.79741e-06,4.6596e-07,1.47743e-06,1.13168e-06,1.0024,1.0024,1.0024,0,0,nan,,,nan,nan,,,,,,,,,,,,,0,1,0.148086,home,0.0676121,,0,,nan,
golem_ik,kinematic,golem_ik,nan,,0,b024_d10_e10,24,0.1,0.1,0.343352,0.536123,0.352079,0.480536,-0.208151,0.310196,1.3126,0,1,1,1,nan,8.33866e-05,9.5004e-05,7.17692e-05,8.41332e-05,5.63116e-05,8.33866e-05,7.02224e-05,1.0024,1.0024,1.0024,0,0,nan,,,nan,nan,,,,,,,,,,,,,0,1,0.171748,home,0.0705592,,0,,nan,
golem_ik,kinematic,golem_ik,nan,,0,b024_d10_e20,24,0.1,0.2,0.409617,0.611016,0.352079,0.579763,-0.220559,0.310196,1.3126,0,1,1,1,nan,0.0324836,0.0230972,0.04187,0.00107754,0.00919633,0.0324836,0.00513694,1.0024,1.0024,1.0024,0,0,nan,,,nan,nan,,,,,,,,,,,,,0,1,4.00427,arms_front_45,0.0670341,,0,,nan,
golem_ik,kinematic,golem_ik,nan,,0,b024_d20_e00,24,0.2,0,0.277088,0.461229,0.252079,0.381309,-0.195742,0.210196,1.2126,0,1,1,1,nan,1.81779e-06,2.13115e-06,1.50443e-06,2.11406e-06,2.17291e-06,1.81779e-06,2.14349e-06,1.0024,1.0024,1.0024,0,0,nan,,,nan,nan,,,,,,,,,,,,,0,1,0.165111,home,0.0573939,,0,,nan,
golem_ik,kinematic,golem_ik,nan,,0,b024_d20_e10,24,0.2,0.1,0.343352,0.536123,0.252079,0.480536,-0.208151,0.210196,1.2126,0,1,1,1,nan,0.00284328,7.85046e-17,0.00568656,3.09784e-16,0.00266128,0.00284328,0.00133064,1.0024,1.0024,1.0024,0,0,nan,,,nan,nan,,,,,,,,,,,,,0,1,4.00053,current,0.0500413,,0,,nan,
golem_ik,kinematic,golem_ik,nan,,0,b024_d20_e20,24,0.2,0.2,0.409617,0.611016,0.252079,0.579763,-0.220559,0.210196,1.2126,0,0,1,0,nan,0.062965,0.0446089,0.0813211,0.000805055,0.0266626,0.062965,0.0137338,1.0024,1.0024,1.0024,0,0,nan,,,nan,nan,,,,,,,,,,,,,0,1,4.00676,current,0.0598009,,0,,nan,
golem_ik,kinematic,golem_ik,nan,,0,b024_d30_e00,24,0.3,0,0.277088,0.461229,0.152079,0.381309,-0.195742,0.110196,1.1126,0,1,1,1,nan,0.00838686,0,0.0167737,4.48741e-16,0.0113367,0.00838686,0.00566835,1.0024,1.0024,1.0024,0,0,nan,,,nan,nan,,,,,,,,,,,,,0,1,4.00075,current,0.0329551,,0,,nan,
golem_ik,kinematic,golem_ik,nan,,0,b024_d30_e10,24,0.3,0.1,0.343352,0.536123,0.152079,0.480536,-0.208151,0.110196,1.1126,0,0,1,0,nan,0.0332484,2.77556e-17,0.0664968,5.12367e-16,0.0322954,0.0332484,0.0161477,1.0024,1.0024,1.0024,0,0,nan,,,nan,nan,,,,,,,,,,,,,0,1,4.00065,home,0.0439977,,0,,nan,
golem_ik,kinematic,golem_ik,nan,,0,b024_d30_e20,24,0.3,0.2,0.409617,0.611016,0.152079,0.579763,-0.220559,0.110196,1.1126,0,0,0,0,nan,0.107702,0.0816444,0.133759,0.000796185,0.0501115,0.107702,0.0254538,1.0024,1.0024,1.0024,0,0,nan,,,nan,nan,,,,,,,,,,,,,0,1,4.0092,home,0.0529807,,0,,nan,
golem_ik,kinematic,golem_ik,nan,,0,b024_d40_e00,24,0.4,0,0.277088,0.461229,0.0520788,0.381309,-0.195742,0.0101956,1.0126,0,0,1,0,nan,0.0482822,1.38778e-17,0.0965643,4.86229e-16,0.053,0.0482822,0.0265,1.0024,1.0024,1.0024,0,0,nan,,,nan,nan,,,,,,,,,,,,,0,1,4.00113,current,0.0317209,,0,,nan,
golem_ik,kinematic,golem_ik,nan,,0,b024_d40_e10,24,0.4,0.1,0.343352,0.536123,0.0520788,0.480536,-0.208151,0.0101956,1.0126,0,0,0,0,nan,0.0953491,0.0513464,0.139352,0.000145278,0.0656799,0.0953491,0.0329126,1.0024,1.0024,1.0024,0,0,nan,,,nan,nan,,,,,,,,,,,,,0,1,4.01096,home,0.040034,,0,,nan,
golem_ik,kinematic,golem_ik,nan,,0,b024_d40_e20,24,0.4,0.2,0.409617,0.611016,0.0520788,0.579763,-0.220559,0.0101956,1.0126,0,0,0,0,nan,0.164852,0.131647,0.198057,0.000312746,0.0775439,0.164852,0.0389283,1.0024,1.0024,1.0024,0,0,nan,,,nan,nan,,,,,,,,,,,,,0,1,4.00907,current,0.0472314,,0,,nan,
golem_ik,kinematic,golem_ik,nan,,0,b024_d50_e00,24,0.5,0,0.277088,0.461229,-0.0479212,0.381309,-0.195742,-0.0898044,0.912596,0,0,0,0,nan,0.117327,0.0541287,0.180525,0.000862734,0.0990582,0.117327,0.0499605,1.0024,1.0024,1.0024,0,0,nan,,,nan,nan,,,,,,,,,,,,,0,1,4.01317,current,0.0334023,,0,,nan,
golem_ik,kinematic,golem_ik,nan,,0,b024_d50_e10,24,0.5,0.1,0.343352,0.536123,-0.0479212,0.480536,-0.208151,-0.0898044,0.912596,0,0,0,0,nan,0.168463,0.119069,0.217857,0.00110395,0.105644,0.168463,0.053374,1.0024,1.0024,1.0024,0,0,nan,,,nan,nan,,,,,,,,,,,,,0,1,4.01052,current,0.0389161,,0,,nan,
golem_ik,kinematic,golem_ik,nan,,0,b024_d50_e20,24,0.5,0.2,0.409617,0.611016,-0.0479212,0.579763,-0.220559,-0.0898044,0.912596,0,0,0,0,nan,0.230837,0.19197,0.269704,0.000742166,0.112396,0.230837,0.0565691,1.0024,1.0024,1.0024,0,0,nan,,,nan,nan,,,,,,,,,,,,,0,1,4.00967,current,0.0447104,,0,,nan,
golem_ik,kinematic,golem_ik,nan,,0,b024_d60_e00,24,0.6,0,0.277088,0.461229,-0.147921,0.381309,-0.195742,-0.189804,0.812596,1,0,0,0,nan,0.20152,0.136524,0.266516,0.00279663,0.144564,0.20152,0.0736801,1.0024,1.0024,1.0024,0,0,nan,,,nan,nan,,,,,,,,,,,,,0,1,4.01129,current,0.0340686,,0,,nan,
golem_ik,kinematic,golem_ik,nan,,0,b024_d60_e10,24,0.6,0.1,0.343352,0.536123,-0.147921,0.480536,-0.208151,-0.189804,0.812596,1,0,0,0,nan,0.247022,0.194203,0.299841,0.0027813,0.146371,0.247022,0.0745763,1.0024,1.0024,1.0024,0,0,nan,,,nan,nan,,,,,,,,,,,,,0,1,4.00546,current,0.0383539,,0,,nan,
golem_ik,kinematic,golem_ik,nan,,0,b024_d60_e20,24,0.6,0.2,0.409617,0.611016,-0.147921,0.579763,-0.220559,-0.189804,0.812596,1,0,0,0,nan,0.303296,0.260283,0.346308,0.00231715,0.148706,0.303296,0.0755117,1.0024,1.0024,1.0024,0,0,nan,,,nan,nan,,,,,,,,,,,,,0,1,4.01035,t_pose,0.0430609,,0,,nan,
golem_ik,kinematic,golem_ik,nan,,0,b024_d70_e00,24,0.7,0,0.277088,0.461229,-0.247921,0.381309,-0.195742,-0.289804,0.712596,1,0,0,0,nan,0.288615,0.223135,0.354095,0.00526431,0.188362,0.288615,0.0968133,1.0024,1.0024,1.0024,0,0,nan,,,nan,nan,,,,,,,,,,,,,0,1,4.00693,t_pose,0.0346414,,0,,nan,
golem_ik,kinematic,golem_ik,nan,,0,b024_d70_e10,24,0.7,0.1,0.343352,0.536123,-0.247921,0.480536,-0.208151,-0.289804,0.712596,1,0,0,0,nan,0.329538,0.274698,0.384379,0.00492317,0.186327,0.329538,0.0956249,1.0024,1.0024,1.0024,0,0,nan,,,nan,nan,,,,,,,,,,,,,0,1,4.00414,t_pose,0.0380771,,0,,nan,
golem_ik,kinematic,golem_ik,nan,,0,b024_d70_e20,24,0.7,0.2,0.409617,0.611016,-0.247921,0.579763,-0.220559,-0.289804,0.712596,1,0,0,0,nan,0.380637,0.334712,0.426561,0.00430075,0.184933,0.380637,0.0946171,1.0024,1.0024,1.0024,0,0,nan,,,nan,nan,,,,,,,,,,,,,0,1,4.01009,t_pose,0.0419612,,0,,nan,
golem_ik,kinematic,golem_ik,nan,,0,b024_d80_e00,24,0.8,0,0.277088,0.461229,-0.347921,0.381309,-0.195742,-0.389804,0.612596,1,0,0,0,nan,0.377861,0.312692,0.443029,0.010214,0.22972,0.377861,0.119967,1.0024,1.0024,1.0024,0,0,nan,,,nan,nan,,,,,,,,,,,,,0,1,4.00658,home,0.0351261,,0,,nan,
golem_ik,kinematic,golem_ik,nan,,0,b024_d80_e10,24,0.8,0.1,0.343352,0.536123,-0.347921,0.480536,-0.208151,-0.389804,0.612596,1,0,0,0,nan,0.415018,0.359112,0.470924,0.00740666,0.224557,0.415018,0.115982,1.0024,1.0024,1.0024,0,0,nan,,,nan,nan,,,,,,,,,,,,,0,1,4.01215,t_pose,0.0379538,,0,,nan,
golem_ik,kinematic,golem_ik,nan,,0,b024_d80_e20,24,0.8,0.2,0.409617,0.611016,-0.347921,0.579763,-0.220559,-0.389804,0.612596,1,0,0,0,nan,0.461728,0.413827,0.509629,0.00654654,0.220051,0.461728,0.113299,1.0024,1.0024,1.0024,0,0,nan,,,nan,nan,,,,,,,,,,,,,0,1,4.00455,t_pose,0.0412345,,0,,nan,
golem_ik,kinematic,golem_ik,nan,,0,b024_d90_e00,24,0.9,0,0.277088,0.461229,-0.447921,0.381309,-0.195742,-0.489804,0.512596,1,0,0,0,nan,0.468855,0.404532,0.533178,0.0288107,0.268159,0.468855,0.148485,1.0024,1.0024,1.0024,0,0,nan,,,nan,nan,,,,,,,,,,,,,0,1,4.01209,home,0.0355408,,0,,nan,
golem_ik,kinematic,golem_ik,nan,,0,b024_d90_e10,24,0.9,0.1,0.343352,0.536123,-0.447921,0.480536,-0.208151,-0.489804,0.512596,1,0,0,0,nan,0.502785,0.446438,0.559132,0.0101229,0.260452,0.502785,0.135288,1.0024,1.0024,1.0024,0,0,nan,,,nan,nan,,,,,,,,,,,,,0,1,4.01078,t_pose,0.0379381,,0,,nan,
golem_ik,kinematic,golem_ik,nan,,0,b024_d90_e20,24,0.9,0.2,0.409617,0.611016,-0.447921,0.579763,-0.220559,-0.489804,0.512596,1,0,0,0,nan,0.545758,0.496562,0.594953,0.00888967,0.253394,0.545758,0.131142,1.0024,1.0024,1.0024,0,0,nan,,,nan,nan,,,,,,,,,,,,,0,1,4.01144,t_pose,0.0408409,,0,,nan,
golem_ik,kinematic,golem_ik,nan,,0,b024_d100_e00,24,1,0,0.277088,0.461229,-0.547921,0.381309,-0.195742,-0.589804,0.412596,1,0,0,0,nan,0.561326,0.49821,0.624441,0.0431716,0.303382,0.561326,0.173277,1.0024,1.0024,1.0024,0,0,nan,,,nan,nan,,,,,,,,,,,,,0,1,4.00755,home,0.0359261,,0,,nan,
golem_ik,kinematic,golem_ik,nan,,0,b024_d100_e10,24,1,0.1,0.343352,0.536123,-0.547921,0.480536,-0.208151,-0.589804,0.412596,1,0,0,0,nan,0.592582,0.536395,0.64877,0.0178967,0.29363,0.592582,0.155763,1.0024,1.0024,1.0024,0,0,nan,,,nan,nan,,,,,,,,,,,,,0,1,4.00711,home,0.03804,,0,,nan,
golem_ik,kinematic,golem_ik,nan,,0,b024_d100_e20,24,1,0.2,0.409617,0.611016,-0.547921,0.579763,-0.220559,-0.589804,0.412596,1,0,0,0,nan,0.632126,0.582111,0.68214,0.0113684,0.284614,0.632126,0.147991,1.0024,1.0024,1.0024,0,0,nan,,,nan,nan,,,,,,,,,,,,,0,1,4.00924,t_pose,0.0407256,,0,,nan,
golem_ik,kinematic,golem_ik,nan,,0,b025_d00_e00,25,0,0,0.533341,0.124421,0.588362,0.404094,-0.510022,0.653878,1.59076,0,1,1,1,nan,0.000116845,0.000225076,8.61425e-06,0.000131466,7.83251e-06,0.000116845,6.96492e-05,1.0024,1.0024,1.0024,0,0,nan,,,nan,nan,,,,,,,,,,,,,0,1,0.126067,home,0.0370603,,0,,nan,
golem_ik,kinematic,golem_ik,nan,,0,b025_d00_e10,25,0,0.1,0.633243,0.119994,0.588362,0.478581,-0.576742,0.653878,1.59076,0,0,0,0,nan,0.0877658,0.0948963,0.0806352,0.00102182,0.000182663,0.0877658,0.00060224,1.0024,1.0024,1.0024,0,0,nan,,,nan,nan,,,,,,,,,,,,,0,1,4.01017,arms_front_45,0.0393865,,0,,nan,
golem_ik,kinematic,golem_ik,nan,,0,b025_d00_e20,25,0,0.2,0.733145,0.115566,0.588362,0.553068,-0.643463,0.653878,1.59076,0,0,0,0,nan,0.183846,0.192272,0.175419,0.00209947,0.000172247,0.183846,0.00113586,1.0024,1.0024,1.0024,0,0,nan,,,nan,nan,,,,,,,,,,,,,0,1,4.00956,arms_front_45,0.041117,,0,,nan,
golem_ik,kinematic,golem_ik,nan,,0,b025_d10_e00,25,0.1,0,0.533341,0.124421,0.488362,0.404094,-0.510022,0.553878,1.49076,0,1,1,1,nan,6.52704e-05,0.000110442,2.00988e-05,8.5989e-05,2.11663e-05,6.52704e-05,5.35776e-05,1.0024,1.0024,1.0024,0,0,nan,,,nan,nan,,,,,,,,,,,,,0,1,0.0980339,home,0.0439594,,0,,nan,
golem_ik,kinematic,golem_ik,nan,,0,b025_d10_e10,25,0.1,0.1,0.633243,0.119994,0.488362,0.478581,-0.576742,0.553878,1.49076,0,0,0,0,nan,0.067221,0.0800506,0.0543914,0.00122779,0.000185127,0.067221,0.000706461,1.0024,1.0024,1.0024,0,0,nan,,,nan,nan,,,,,,,,,,,,,0,1,4.01264,arms_front_45,0.0432633,,0,,nan,
golem_ik,kinematic,golem_ik,nan,,0,b025_d10_e20,25,0.1,0.2,0.733145,0.115566,0.488362,0.553068,-0.643463,0.553878,1.49076,0,0,0,0,nan,0.166028,0.179371,0.152684,0.00265409,0.000594304,0.166028,0.0016242,1.0024,1.0024,1.0024,0,0,nan,,,nan,nan,,,,,,,,,,,,,0,1,4.00823,arms_front_45,0.0445809,,0,,nan,
golem_ik,kinematic,golem_ik,nan,,0,b025_d20_e00,25,0.2,0,0.533341,0.124421,0.388362,0.404094,-0.510022,0.453878,1.39076,0,1,1,1,nan,8.81192e-05,0.000164557,1.16811e-05,0.000130796,8.18911e-06,8.81192e-05,6.94924e-05,1.0024,1.0024,1.0024,0,0,nan,,,nan,nan,,,,,,,,,,,,,0,1,0.0846288,home,0.0497161,,0,,nan,
golem_ik,kinematic,golem_ik,nan,,0,b025_d20_e10,25,0.2,0.1,0.633243,0.119994,0.388362,0.478581,-0.576742,0.453878,1.39076,0,0,0,1,nan,0.0623342,0.0807489,0.0439196,0.00158437,0.000463961,0.0623342,0.00102417,1.0024,1.0024,1.0024,0,0,nan,,,nan,nan,,,,,,,,,,,,,0,1,4.00616,t_pose,0.0482628,,0,,nan,
golem_ik,kinematic,golem_ik,nan,,0,b025_d20_e20,25,0.2,0.2,0.733145,0.115566,0.388362,0.553068,-0.643463,0.453878,1.39076,0,0,0,0,nan,0.161822,0.179952,0.143692,0.00332057,0.00212315,0.161822,0.00272186,1.0024,1.0024,1.0024,0,0,nan,,,nan,nan,,,,,,,,,,,,,0,1,4.01176,t_pose,0.0490131,,0,,nan,
golem_ik,kinematic,golem_ik,nan,,0,b025_d30_e00,25,0.3,0,0.533341,0.124421,0.288362,0.404094,-0.510022,0.353878,1.29076,0,1,1,1,nan,0.000466789,0.000933577,7.69204e-10,0.000927167,1.00497e-10,0.000466789,0.000463583,1.0024,1.0024,1.0024,0,0,nan,,,nan,nan,,,,,,,,,,,,,0,1,0.089922,home,0.0525611,,0,,nan,
golem_ik,kinematic,golem_ik,nan,,0,b025_d30_e10,25,0.3,0.1,0.633243,0.119994,0.288362,0.478581,-0.576742,0.353878,1.29076,0,0,0,0,nan,0.0748196,0.0968884,0.0527507,0.00225518,0.0064962,0.0748196,0.00437569,1.0024,1.0024,1.0024,0,0,nan,,,nan,nan,,,,,,,,,,,,,0,1,4.00495,t_pose,0.0529535,,0,,nan,
golem_ik,kinematic,golem_ik,nan,,0,b025_d30_e20,25,0.3,0.2,0.733145,0.115566,0.288362,0.553068,-0.643463,0.353878,1.29076,0,0,0,0,nan,0.172365,0.193943,0.150786,0.00419964,0.0149468,0.172365,0.0095732,1.0024,1.0024,1.0024,0,0,nan,,,nan,nan,,,,,,,,,,,,,0,1,4.01081,t_pose,0.0530455,,0,,nan,
golem_ik,kinematic,golem_ik,nan,,0,b025_d40_e00,25,0.4,0,0.533341,0.124421,0.188362,0.404094,-0.510022,0.253878,1.19076,0,1,1,1,nan,0.0181787,0.0363574,7.85046e-17,0.00180706,3.95859e-16,0.0181787,0.000903532,1.0024,1.0024,1.0024,0,0,nan,,,nan,nan,,,,,,,,,,,,,0,1,4.00852,arms_front_45,0.0521152,,0,,nan,
golem_ik,kinematic,golem_ik,nan,,0,b025_d40_e10,25,0.4,0.1,0.633243,0.119994,0.188362,0.478581,-0.576742,0.253878,1.19076,0,0,0,0,nan,0.104405,0.127347,0.0814623,0.0033259,0.0178048,0.104405,0.0105654,1.0024,1.0024,1.0024,0,0,nan,,,nan,nan,,,,,,,,,,,,,0,1,4.00593,home,0.0572084,,0,,nan,
golem_ik,kinematic,golem_ik,nan,,0,b025_d40_e20,25,0.4,0.2,0.733145,0.115566,0.188362,0.553068,-0.643463,0.253878,1.19076,0,0,0,0,nan,0.197411,0.220608,0.174214,0.00535311,0.030266,0.197411,0.0178096,1.0024,1.0024,1.0024,0,0,nan,,,nan,nan,,,,,,,,,,,,,0,1,4.00645,t_pose,0.0570431,,0,,nan,
golem_ik,kinematic,golem_ik,nan,,0,b025_d50_e00,25,0.5,0,0.533341,0.124421,0.0883619,0.404094,-0.510022,0.153878,1.09076,0,0,0,1,nan,0.0667177,0.0858757,0.0475597,0.00747755,0.0174386,0.0667177,0.0124581,1.0024,1.0024,1.0024,0,0,nan,,,nan,nan,,,,,,,,,,,,,0,1,4.00754,arms_front_45,0.0456586,,0,,nan,
golem_ik,kinematic,golem_ik,nan,,0,b025_d50_e10,25,0.5,0.1,0.633243,0.119994,0.0883619,0.478581,-0.576742,0.153878,1.09076,0,0,0,0,nan,0.148116,0.170388,0.125843,0.0098958,0.0360366,0.148116,0.0229662,1.0024,1.0024,1.0024,0,0,nan,,,nan,nan,,,,,,,,,,,,,0,1,4.00621,arms_front_45,0.0514079,,0,,nan,
golem_ik,kinematic,golem_ik,nan,,0,b025_d50_e20,25,0.5,0.2,0.733145,0.115566,0.0883619,0.553068,-0.643463,0.153878,1.09076,0,0,0,0,nan,0.235237,0.258677,0.211797,0.0072734,0.0493331,0.235237,0.0283032,1.0024,1.0024,1.0024,0,0,nan,,,nan,nan,,,,,,,,,,,,,0,1,4.01046,home,0.0554609,,0,,nan,
golem_ik,kinematic,golem_ik,nan,,0,b025_d60_e00,25,0.6,0,0.533341,0.124421,-0.0116381,0.404094,-0.510022,0.0538778,0.990762,0,0,0,0,nan,0.130326,0.146162,0.11449,0.0160667,0.0476658,0.130326,0.0318663,1.0024,1.0024,1.0024,0,0,nan,,,nan,nan,,,,,,,,,,,,,0,1,4.00534,arms_front_45,0.0416197,,0,,nan,
golem_ik,kinematic,golem_ik,nan,,0,b025_d60_e10,25,0.6,0.1,0.633243,0.119994,-0.0116381,0.478581,-0.576742,0.0538778,0.990762,0,0,0,0,nan,0.203458,0.22404,0.182877,0.0187316,0.0619561,0.203458,0.0403438,1.0024,1.0024,1.0024,0,0,nan,,,nan,nan,,,,,,,,,,,,,0,1,4.01113,arms_front_45,0.0470351,,0,,nan,
golem_ik,kinematic,golem_ik,nan,,0,b025_d60_e20,25,0.6,0.2,0.733145,0.115566,-0.0116381,0.553068,-0.643463,0.0538778,0.990762,0,0,0,0,nan,0.283708,0.306672,0.260744,0.016003,0.072196,0.283708,0.0440995,1.0024,1.0024,1.0024,0,0,nan,,,nan,nan,,,,,,,,,,,,,0,1,4.00751,arms_front_45,0.051102,,0,,nan,
golem_ik,kinematic,golem_ik,nan,,0,b025_d70_e00,25,0.7,0,0.533341,0.124421,-0.111638,0.404094,-0.510022,-0.0461222,0.890762,1,0,0,0,nan,0.201667,0.214514,0.188821,0.0263596,0.0836246,0.201667,0.0549921,1.0024,1.0024,1.0024,0,0,nan,,,nan,nan,,,,,,,,,,,,,0,1,4.00932,arms_front_45,0.0393279,,0,,nan,
golem_ik,kinematic,golem_ik,nan,,0,b025_d70_e10,25,0.7,0.1,0.633243,0.119994,-0.111638,0.478581,-0.576742,-0.0461222,0.890762,1,0,0,0,nan,0.267576,0.286086,0.249065,0.0280056,0.0929814,0.267576,0.0604935,1.0024,1.0024,1.0024,0,0,nan,,,nan,nan,,,,,,,,,,,,,0,1,4.00721,arms_front_45,0.0440177,,0,,nan,
golem_ik,kinematic,golem_ik,nan,,0,b025_d70_e20,25,0.7,0.2,0.733145,0.115566,-0.111638,0.553068,-0.643463,-0.0461222,0.890762,1,0,0,0,nan,0.341267,0.363101,0.319432,0.0253693,0.100048,0.341267,0.0627089,1.0024,1.0024,1.0024,0,0,nan,,,nan,nan,,,,,,,,,,,,,0,1,4.00926,arms_front_45,0.047793,,0,,nan,
golem_ik,kinematic,golem_ik,nan,,0,b025_d80_e00,25,0.8,0,0.533341,0.124421,-0.211638,0.404094,-0.510022,-0.146122,0.790762,1,0,0,0,nan,0.278415,0.288906,0.267925,0.0364828,0.121864,0.278415,0.0791737,1.0024,1.0024,1.0024,0,0,nan,,,nan,nan,,,,,,,,,,,,,0,1,4.01039,arms_front_45,0.0380976,,0,,nan,
golem_ik,kinematic,golem_ik,nan,,0,b025_d80_e10,25,0.8,0.1,0.633243,0.119994,-0.211638,0.478581,-0.576742,-0.146122,0.790762,1,0,0,0,nan,0.338196,0.354741,0.32165,0.0368059,0.126625,0.338196,0.0817156,1.0024,1.0024,1.0024,0,0,nan,,,nan,nan,,,,,,,,,,,,,0,1,4.00593,arms_front_45,0.0419652,,0,,nan,
golem_ik,kinematic,golem_ik,nan,,0,b025_d80_e20,25,0.8,0.2,0.733145,0.115566,-0.211638,0.553068,-0.643463,-0.146122,0.790762,1,0,0,0,nan,0.405949,0.426423,0.385475,0.0340653,0.130214,0.405949,0.0821396,1.0024,1.0024,1.0024,0,0,nan,,,nan,nan,,,,,,,,,,,,,0,1,4.00825,arms_front_45,0.0453113,,0,,nan,
golem_ik,kinematic,golem_ik,nan,,0,b025_d90_e00,25,0.9,0,0.533341,0.124421,-0.311638,0.404094,-0.510022,-0.246122,0.690762,1,0,0,0,nan,0.359158,0.367948,0.350368,0.0459015,0.160304,0.359158,0.103103,1.0024,1.0024,1.0024,0,0,nan,,,nan,nan,,,,,,,,,,,,,0,1,4.00959,arms_front_45,0.0375016,,0,,nan,
golem_ik,kinematic,golem_ik,nan,,0,b025_d90_e10,25,0.9,0.1,0.633243,0.119994,-0.311638,0.478581,-0.576742,-0.246122,0.690762,1,0,0,0,nan,0.41375,0.428635,0.398864,0.044915,0.161065,0.41375,0.10299,1.0024,1.0024,1.0024,0,0,nan,,,nan,nan,,,,,,,,,,,,,0,1,4.01375,arms_front_45,0.0405974,,0,,nan,
golem_ik,kinematic,golem_ik,nan,,0,b025_d90_e20,25,0.9,0.2,0.733145,0.115566,-0.311638,0.553068,-0.643463,-0.246122,0.690762,1,0,0,0,nan,0.476235,0.495365,0.457104,0.0418351,0.161338,0.476235,0.101586,1.0024,1.0024,1.0024,0,0,nan,,,nan,nan,,,,,,,,,,,,,0,1,4.00749,arms_front_45,0.0434627,,0,,nan,
golem_ik,kinematic,golem_ik,nan,,0,b025_d100_e00,25,1,0,0.533341,0.124421,-0.411638,0.404094,-0.510022,-0.346122,0.590762,1,0,0,0,nan,0.442957,0.450595,0.435318,0.0537302,0.197672,0.442957,0.125701,1.0024,1.0024,1.0024,0,0,nan,,,nan,nan,,,,,,,,,,,,,0,1,4.00845,arms_front_45,0.03721,,0,,nan,
golem_ik,kinematic,golem_ik,nan,,0,b025_d100_e10,25,1,0.1,0.633243,0.119994,-0.411638,0.478581,-0.576742,-0.346122,0.590762,1,0,0,0,nan,0.493133,0.506701,0.479565,0.0517854,0.195048,0.493133,0.123417,1.0024,1.0024,1.0024,0,0,nan,,,nan,nan,,,,,,,,,,,,,0,1,4.00614,arms_front_45,0.0396581,,0,,nan,
golem_ik,kinematic,golem_ik,nan,,0,b025_d100_e20,25,1,0.2,0.733145,0.115566,-0.411638,0.553068,-0.643463,-0.346122,0.590762,1,0,0,0,nan,0.550978,0.568898,0.533059,0.0484149,0.192347,0.550978,0.120381,1.0024,1.0024,1.0024,0,0,nan,,,nan,nan,,,,,,,,,,,,,0,1,4.0131,arms_front_45,0.0420667,,0,,nan,
golem_ik,kinematic,golem_ik,nan,,0,b026_d00_e00,26,0,0,0.418809,0.493693,0.574903,0.153394,0.101325,0.588338,1.5773,0,1,1,1,nan,0.0124495,0.0130806,0.0118185,0.00056888,0.00652692,0.0124495,0.0035479,1.0024,1.0024,1.0024,0,0,nan,,,nan,nan,,,,,,,,,,,,,0,1,4.00868,arms_front_45,0.012878,,0,,nan,
golem_ik,kinematic,golem_ik,nan,,0,b026_d00_e10,26,0,0.1,0.495936,0.557344,0.574903,0.205785,0.186502,0.588338,1.5773,0,0,0,0,nan,0.0777531,0.0887316,0.0667746,0.00422258,0.0318675,0.0777531,0.018045,1.0024,1.0024,1.0024,0,0,nan,,,nan,nan,,,,,,,,,,,,,0,1,4.00856,arms_front_45,0.0194305,,0,,nan,
golem_ik,kinematic,golem_ik,nan,,0,b026_d00_e20,26,0,0.2,0.573063,0.620995,0.574903,0.258177,0.271679,0.588338,1.5773,0,0,0,0,nan,0.152621,0.172022,0.13322,0.0072255,0.0346543,0.152621,0.0209399,1.0024,1.0024,1.0024,0,0,nan,,,nan,nan,,,,,,,,,,,,,0,1,4.01213,arms_front_45,0.0193337,,0,,nan,
golem_ik,kinematic,golem_ik,nan,,0,b026_d10_e00,26,0.1,0,0.418809,0.493693,0.474903,0.153394,0.101325,0.488338,1.4773,0,1,1,1,nan,0.0211203,0.020147,0.0220937,0.00315162,0.0125626,0.0211203,0.00785709,1.0024,1.0024,1.0024,0,0,nan,,,nan,nan,,,,,,,,,,,,,0,1,4.00424,arms_front_45,0.0194994,,0,,nan,
golem_ik,kinematic,golem_ik,nan,,0,b026_d10_e10,26,0.1,0.1,0.495936,0.557344,0.474903,0.205785,0.186502,0.488338,1.4773,0,0,0,0,nan,0.0767314,0.0866736,0.0667892,0.0120468,0.0287988,0.0767314,0.0204228,1.0024,1.0024,1.0024,0,0,nan,,,nan,nan,,,,,,,,,,,,,0,1,4.01066,arms_front_45,0.0247911,,0,,nan,
golem_ik,kinematic,golem_ik,nan,,0,b026_d10_e20,26,0.1,0.2,0.573063,0.620995,0.474903,0.258177,0.271679,0.488338,1.4773,0,0,0,0,nan,0.14897,0.170956,0.126984,0.0309807,0.0378766,0.14897,0.0344287,1.0024,1.0024,1.0024,0,0,nan,,,nan,nan,,,,,,,,,,,,,0,1,4.00562,arms_front_45,0.0196287,,0,,nan,
golem_ik,kinematic,golem_ik,nan,,0,b026_d20_e00,26,0.2,0,0.418809,0.493693,0.374903,0.153394,0.101325,0.388338,1.3773,0,1,1,1,nan,0.0230481,0.0279289,0.0181672,0.0140509,0.00855577,0.0230481,0.0113033,1.0024,1.0024,1.0024,0,0,nan,,,nan,nan,,,,,,,,,,,,,0,1,3.58705,arms_front_45,-2.2368e-05,,1,,nan,
golem_ik,kinematic,golem_ik,nan,,0,b026_d20_e10,26,0.2,0.1,0.495936,0.557344,0.374903,0.205785,0.186502,0.388338,1.3773,0,0,0,0,nan,0.0814538,0.100468,0.0624397,0.0387312,0.0406227,0.0814538,0.0396769,1.0024,1.0024,1.0024,0,0,nan,,,nan,nan,,,,,,,,,,,,,0,1,4.00673,arms_front_45,0.0171991,,0,,nan,
golem_ik,kinematic,golem_ik,nan,,0,b026_d20_e20,26,0.2,0.2,0.573063,0.620995,0.374903,0.258177,0.271679,0.388338,1.3773,0,0,0,0,nan,0.145701,0.171915,0.119486,0.050165,0.0500238,0.145701,0.0500944,1.0024,1.0024,1.0024,0,0,nan,,,nan,nan,,,,,,,,,,,,,0,1,4.00687,arms_front_45,0.0246813,,0,,nan,
golem_ik,kinematic,golem_ik,nan,,0,b026_d30_e00,26,0.3,0,0.418809,0.493693,0.274903,0.153394,0.101325,0.288338,1.2773,0,0,0,1,nan,0.0472897,0.0609886,0.0335908,0.0306577,0.0181892,0.0472897,0.0244234,1.0024,1.0024,1.0024,0,0,nan,,,nan,nan,,,,,,,,,,,,,0,1,4.00961,arms_front_45,0.0154906,,0,,nan,
golem_ik,kinematic,golem_ik,nan,,0,b026_d30_e10,26,0.3,0.1,0.495936,0.557344,0.274903,0.205785,0.186502,0.288338,1.2773,0,0,0,0,nan,0.0986435,0.117842,0.0794445,0.0532042,0.0475077,0.0986435,0.050356,1.0024,1.0024,1.0024,0,0,nan,,,nan,nan,,,,,,,,,,,,,0,1,4.00353,arms_front_45,0.0259422,,0,,nan,
golem_ik,kinematic,golem_ik,nan,,0,b026_d30_e20,26,0.3,0.2,0.573063,0.620995,0.274903,0.258177,0.271679,0.288338,1.2773,0,0,0,0,nan,0.162677,0.191885,0.133469,0.0704133,0.0238201,0.162677,0.0471167,1.0024,1.0024,1.0024,0,0,nan,,,nan,nan,,,,,,,,,,,,,0,1,4.01327,arms_front_45,0.01492,,0,,nan,
golem_ik,kinematic,golem_ik,nan,,0,b026_d40_e00,26,0.4,0,0.418809,0.493693,0.174903,0.153394,0.101325,0.188338,1.1773,0,0,0,0,nan,0.072097,0.0896926,0.0545015,0.0562564,0.0308253,0.072097,0.0435409,1.0024,1.0024,1.0024,0,0,nan,,,nan,nan,,,,,,,,,,,,,0,1,4.00607,arms_front_45,0.0123064,,0,,nan,
golem_ik,kinematic,golem_ik,nan,,0,b026_d40_e10,26,0.4,0.1,0.495936,0.557344,0.174903,0.205785,0.186502,0.188338,1.1773,0,0,0,0,nan,0.117701,0.153682,0.0817198,0.0750596,0.0297907,0.117701,0.0524252,1.0024,1.0024,1.0024,0,0,nan,,,nan,nan,,,,,,,,,,,,,0,1,4.00854,arms_front_45,0.0229637,,0,,nan,
golem_ik,kinematic,golem_ik,nan,,0,b026_d40_e20,26,0.4,0.2,0.573063,0.620995,0.174903,0.258177,0.271679,0.188338,1.1773,0,0,0,0,nan,0.192212,0.23183,0.152594,0.0921993,0.010644,0.192212,0.0514216,1.0024,1.0024,1.0024,0,0,nan,,,nan,nan,,,,,,,,,,,,,0,1,4.01309,t_pose,0.0190999,,0,,nan,
golem_ik,kinematic,golem_ik,nan,,0,b026_d50_e00,26,0.5,0,0.418809,0.493693,0.0749027,0.153394,0.101325,0.0883379,1.0773,0,0,0,1,nan,0.087144,0.15294,0.021348,0.0852468,0.00869351,0.087144,0.0469702,1.0024,1.0024,1.0024,0,0,nan,,,nan,nan,,,,,,,,,,,,,0,1,4.01198,t_pose,0.0196951,,0,,nan,
golem_ik,kinematic,golem_ik,nan,,0,b026_d50_e10,26,0.5,0.1,0.495936,0.557344,0.0749027,0.205785,0.186502,0.0883379,1.0773,0,0,0,0,nan,0.154484,0.213266,0.0957012,0.104901,0.000661197,0.154484,0.0527811,1.0024,1.0024,1.0024,0,0,nan,,,nan,nan,,,,,,,,,,,,,0,1,4.00736,arms_front_45,0.0214819,,0,,nan,
golem_ik,kinematic,golem_ik,nan,,0,b026_d50_e20,26,0.5,0.2,0.573063,0.620995,0.0749027,0.258177,0.271679,0.0883379,1.0773,0,0,0,0,nan,0.231835,0.28428,0.17939,0.122605,0.00136289,0.231835,0.0619837,1.0024,1.0024,1.0024,0,0,nan,,,nan,nan,,,,,,,,,,,,,0,1,4.0101,arms_front_45,0.0323279,,0,,nan,
golem_ik,kinematic,golem_ik,nan,,0,b026_d60_e00,26,0.6,0,0.418809,0.493693,-0.0250973,0.153394,0.101325,-0.0116621,0.977303,0,0,0,0,nan,0.144315,0.227908,0.0607216,0.128476,0.00631273,0.144315,0.0673944,1.0024,1.0024,1.0024,0,0,nan,,,nan,nan,,,,,,,,,,,,,0,1,4.00957,t_pose,0.0164533,,0,,nan,
golem_ik,kinematic,golem_ik,nan,,0,b026_d60_e10,26,0.6,0.1,0.495936,0.557344,-0.0250973,0.205785,0.186502,-0.0116621,0.977303,0,0,0,0,nan,0.207618,0.280998,0.134238,0.143877,0.00210573,0.207618,0.0729912,1.0024,1.0024,1.0024,0,0,nan,,,nan,nan,,,,,,,,,,,,,0,1,4.00289,arms_front_45,0.0209155,,0,,nan,
golem_ik,kinematic,golem_ik,nan,,0,b026_d60_e20,26,0.6,0.2,0.573063,0.620995,-0.0250973,0.258177,0.271679,-0.0116621,0.977303,0,0,0,0,nan,0.280931,0.345006,0.216856,0.15789,0.00288384,0.280931,0.080387,1.0024,1.0024,1.0024,0,0,nan,,,nan,nan,,,,,,,,,,,,,0,1,4.00736,arms_front_45,0.0251679,,0,,nan,
golem_ik,kinematic,golem_ik,nan,,0,b026_d70_e00,26,0.7,0,0.418809,0.493693,-0.125097,0.153394,0.101325,-0.111662,0.877303,1,0,0,0,nan,0.218279,0.306685,0.129872,0.1734,0.0285905,0.218279,0.100995,1.0024,1.0024,1.0024,0,0,nan,,,nan,nan,,,,,,,,,,,,,0,1,4.0112,t_pose,0.0185408,,0,,nan,
golem_ik,kinematic,golem_ik,nan,,0,b026_d70_e10,26,0.7,0.1,0.495936,0.557344,-0.125097,0.205785,0.186502,-0.111662,0.877303,1,0,0,0,nan,0.272091,0.354063,0.190118,0.184441,0.00523207,0.272091,0.0948364,1.0024,1.0024,1.0024,0,0,nan,,,nan,nan,,,,,,,,,,,,,0,1,4.00666,t_pose,0.0189504,,0,,nan,
golem_ik,kinematic,golem_ik,nan,,0,b026_d70_e20,26,0.7,0.2,0.573063,0.620995,-0.125097,0.258177,0.271679,-0.111662,0.877303,1,0,0,0,nan,0.339265,0.412089,0.26644,0.194727,0.00518643,0.339265,0.0999565,1.0024,1.0024,1.0024,0,0,nan,,,nan,nan,,,,,,,,,,,,,0,1,4.00355,arms_front_45,0.0212627,,0,,nan,
golem_ik,kinematic,golem_ik,nan,,0,b026_d80_e00,26,0.8,0,0.418809,0.493693,-0.225097,0.153394,0.101325,-0.211662,0.777303,1,0,0,0,nan,0.300523,0.388303,0.212742,0.217963,0.0536925,0.300523,0.135828,1.0024,1.0024,1.0024,0,0,nan,,,nan,nan,,,,,,,,,,,,,0,1,4.00539,arms_front_45,0.0177771,,0,,nan,
golem_ik,kinematic,golem_ik,nan,,0,b026_d80_e10,26,0.8,0.1,0.495936,0.557344,-0.225097,0.205785,0.186502,-0.211662,0.777303,1,0,0,0,nan,0.345796,0.431107,0.260485,0.22515,0.0273732,0.345796,0.126262,1.0024,1.0024,1.0024,0,0,nan,,,nan,nan,,,,,,,,,,,,,0,1,4.00814,t_pose,0.018137,,0,,nan,
golem_ik,kinematic,golem_ik,nan,,0,b026_d80_e20,26,0.8,0.2,0.573063,0.620995,-0.225097,0.258177,0.271679,-0.211662,0.777303,1,0,0,0,nan,0.40571,0.484086,0.327333,0.231919,0.00939173,0.40571,0.120656,1.0024,1.0024,1.0024,0,0,nan,,,nan,nan,,,,,,,,,,,,,0,1,4.00911,arms_front_45,0.0199996,,0,,nan,
golem_ik,kinematic,golem_ik,nan,,0,b026_d90_e00,26,0.9,0,0.418809,0.493693,-0.325097,0.153394,0.101325,-0.311662,0.677303,1,0,0,0,nan,0.385459,0.472138,0.29878,0.261176,0.0793519,0.385459,0.170264,1.0024,1.0024,1.0024,0,0,nan,,,nan,nan,,,,,,,,,,,,,0,1,4.01254,arms_front_45,0.0159961,,0,,nan,
golem_ik,kinematic,golem_ik,nan,,0,b026_d90_e10,26,0.9,0.1,0.495936,0.557344,-0.325097,0.205785,0.186502,-0.311662,0.677303,1,0,0,0,nan,0.426004,0.511265,0.340743,0.264882,0.0568779,0.426004,0.16088,1.0024,1.0024,1.0024,0,0,nan,,,nan,nan,,,,,,,,,,,,,0,1,4.00843,t_pose,0.0170022,,0,,nan,
golem_ik,kinematic,golem_ik,nan,,0,b026_d90_e20,26,0.9,0.2,0.573063,0.620995,-0.325097,0.258177,0.271679,-0.311662,0.677303,1,0,0,0,nan,0.479445,0.559972,0.398919,0.268565,0.0261003,0.479445,0.147333,1.0024,1.0024,1.0024,0,0,nan,,,nan,nan,,,,,,,,,,,,,0,1,4.01016,t_pose,0.0197354,,0,,nan,
golem_ik,kinematic,golem_ik,nan,,0,b026_d100_e00,26,1,0,0.418809,0.493693,-0.425097,0.153394,0.101325,-0.411662,0.577303,1,0,0,0,nan,0.473288,0.557847,0.388729,0.302133,0.11075,0.473288,0.206442,1.0024,1.0024,1.0024,0,0,nan,,,nan,nan,,,,,,,,,,,,,0,1,4.00814,arms_front_45,0.0188231,,0,,nan,
golem_ik,kinematic,golem_ik,nan,,0,b026_d100_e10,26,1,0.1,0.495936,0.557344,-0.425097,0.205785,0.186502,-0.411662,0.577303,1,0,0,0,nan,0.510645,0.593885,0.427405,0.303133,0.0988777,0.510645,0.201005,1.0024,1.0024,1.0024,0,0,nan,,,nan,nan,,,,,,,,,,,,,0,1,4.00782,arms_front_45,0.0208806,,0,,nan,
golem_ik,kinematic,golem_ik,nan,,0,b026_d100_e20,26,1,0.2,0.573063,0.620995,-0.425097,0.258177,0.271679,-0.411662,0.577303,1,0,0,0,nan,0.558334,0.639855,0.476813,0.301355,0.0539095,0.558334,0.177632,1.0024,1.0024,1.0024,0,0,nan,,,nan,nan,,,,,,,,,,,,,0,1,4.01195,t_pose,0.0188232,,0,,nan,
golem_ik,kinematic,golem_ik,nan,,0,b027_d00_e00,27,0,0,0.180925,0.601991,0.0864634,0.20117,-0.113084,0.953981,1.08886,0,1,1,1,nan,0.000361836,0.000198104,0.000525569,9.35732e-05,0.00040636,0.000361836,0.000249967,1.0024,1.0024,1.0024,0,0,nan,,,nan,nan,,,,,,,,,,,,,0,1,0.135909,home,0.02613,,0,,nan,
golem_ik,kinematic,golem_ik,nan,,0,b027_d00_e10,27,0,0.1,0.217949,0.694885,0.0864634,0.299692,-0.0959542,0.953981,1.08886,0,0,0,1,nan,0.0626551,0.0796817,0.0456286,0.0012356,0.00101391,0.0626551,0.00112475,1.0024,1.0024,1.0024,0,0,nan,,,nan,nan,,,,,,,,,,,,,0,1,4.0068,t_pose,0.025974,,0,,nan,
golem_ik,kinematic,golem_ik,nan,,0,b027_d00_e20,27,0,0.2,0.254974,0.787778,0.0864634,0.398214,-0.0788247,0.953981,1.08886,0,0,0,0,nan,0.134567,0.165839,0.103295,0.00320723,0.00244652,0.134567,0.00282687,1.0024,1.0024,1.0024,0,0,nan,,,nan,nan,,,,,,,,,,,,,0,1,4.01039,t_pose,0.0260768,,0,,nan,
golem_ik,kinematic,golem_ik,nan,,0,b027_d10_e00,27,0.1,0,0.180925,0.601991,-0.0135366,0.20117,-0.113084,0.853981,0.988863,0,0,0,1,nan,0.032835,0.06567,3.92523e-17,0.000194561,3.56088e-16,0.032835,9.72806e-05,1.0024,1.0024,1.0024,0,0,nan,,,nan,nan,,,,,,,,,,,,,0,1,4.01079,arms_front_45,0.0336035,,0,,nan,
golem_ik,kinematic,golem_ik,nan,,0,b027_d10_e10,27,0.1,0.1,0.217949,0.694885,-0.0135366,0.299692,-0.0959542,0.853981,0.988863,0,0,0,1,nan,0.0694814,0.138963,1.42557e-11,0.00121356,1.79605e-12,0.0694814,0.000606778,1.0024,1.0024,1.0024,0,0,nan,,,nan,nan,,,,,,,,,,,,,0,1,4.0099,arms_front_45,0.0312904,,0,,nan,
golem_ik,kinematic,golem_ik,nan,,0,b027_d10_e20,27,0.1,0.2,0.254974,0.787778,-0.0135366,0.398214,-0.0788247,0.853981,0.988863,0,0,0,1,nan,0.12379,0.218398,0.0291814,0.00287026,0.000735224,0.12379,0.00180274,1.0024,1.0024,1.0024,0,0,nan,,,nan,nan,,,,,,,,,,,,,0,1,4.00929,arms_front_45,0.0249806,,0,,nan,
golem_ik,kinematic,golem_ik,nan,,0,b027_d20_e00,27,0.2,0,0.180925,0.601991,-0.113537,0.20117,-0.113084,0.753981,0.888863,1,0,0,1,nan,0.0705536,0.141107,0,0.000380363,3.11655e-16,0.0705536,0.000190181,1.0024,1.0024,1.0024,0,0,nan,,,nan,nan,,,,,,,,,,,,,0,1,4.01457,arms_front_45,0.0382494,,0,,nan,
golem_ik,kinematic,golem_ik,nan,,0,b027_d20_e10,27,0.2,0.1,0.217949,0.694885,-0.113537,0.299692,-0.0959542,0.753981,0.888863,1,0,0,1,nan,0.103505,0.207009,1.4759e-13,0.000634944,3.20545e-14,0.103505,0.000317472,1.0024,1.0024,1.0024,0,0,nan,,,nan,nan,,,,,,,,,,,,,0,1,4.00816,arms_front_45,0.0387121,,0,,nan,
golem_ik,kinematic,golem_ik,nan,,0,b027_d20_e20,27,0.2,0.2,0.254974,0.787778,-0.113537,0.398214,-0.0788247,0.753981,0.888863,1,0,0,1,nan,0.139999,0.27986,0.000137379,0.00215841,1.74179e-05,0.139999,0.00108791,1.0024,1.0024,1.0024,0,0,nan,,,nan,nan,,,,,,,,,,,,,0,1,4.00891,arms_front_45,0.0351817,,0,,nan,
golem_ik,kinematic,golem_ik,nan,,0,b027_d30_e00,27,0.3,0,0.180925,0.601991,-0.213537,0.20117,-0.113084,0.653981,0.788863,1,0,0,1,nan,0.120323,0.222239,0.0184062,0.00157117,0.00415059,0.120323,0.00286088,1.0024,1.0024,1.0024,0,0,nan,,,nan,nan,,,,,,,,,,,,,0,1,4.01344,current,0.0186984,,0,,nan,
golem_ik,kinematic,golem_ik,nan,,0,b027_d30_e10,27,0.3,0.1,0.217949,0.694885,-0.213537,0.299692,-0.0959542,0.653981,0.788863,1,0,0,1,nan,0.140819,0.281637,6.4341e-11,0.000436954,1.82861e-11,0.140819,0.000218477,1.0024,1.0024,1.0024,0,0,nan,,,nan,nan,,,,,,,,,,,,,0,1,4.00969,arms_front_45,0.0453049,,0,,nan,
golem_ik,kinematic,golem_ik,nan,,0,b027_d30_e20,27,0.3,0.2,0.254974,0.787778,-0.213537,0.398214,-0.0788247,0.653981,0.788863,1,0,0,1,nan,0.174196,0.348373,1.85381e-05,0.00107726,3.61258e-06,0.174196,0.000540439,1.0024,1.0024,1.0024,0,0,nan,,,nan,nan,,,,,,,,,,,,,0,1,4.00871,arms_front_45,0.0440238,,0,,nan,
golem_ik,kinematic,golem_ik,nan,,0,b027_d40_e00,27,0.4,0,0.180925,0.601991,-0.313537,0.20117,-0.113084,0.553981,0.688863,1,0,0,1,nan,0.176653,0.307419,0.0458869,0.00320355,0.0217811,0.176653,0.0124923,1.0024,1.0024,1.0024,0,0,nan,,,nan,nan,,,,,,,,,,,,,0,1,4.00829,t_pose,0.020505,,0,,nan,
golem_ik,kinematic,golem_ik,nan,,0,b027_d40_e10,27,0.4,0.1,0.217949,0.694885,-0.313537,0.299692,-0.0959542,0.553981,0.688863,1,0,0,1,nan,0.180604,0.361208,1.31829e-09,0.00189833,4.42839e-10,0.180604,0.000949167,1.0024,1.0024,1.0024,0,0,nan,,,nan,nan,,,,,,,,,,,,,0,1,4.01159,arms_front_45,0.0281375,,0,,nan,
golem_ik,kinematic,golem_ik,nan,,0,b027_d40_e20,27,0.4,0.2,0.254974,0.787778,-0.313537,0.398214,-0.0788247,0.553981,0.688863,1,0,0,1,nan,0.21125,0.422429,7.19866e-05,0.00032106,1.75127e-05,0.21125,0.000169286,1.0024,1.0024,1.0024,0,0,nan,,,nan,nan,,,,,,,,,,,,,0,1,4.01015,arms_front_45,0.0516533,,0,,nan,
golem_ik,kinematic,golem_ik,nan,,0,b027_d50_e00,27,0.5,0,0.180925,0.601991,-0.413537,0.20117,-0.113084,0.453981,0.588863,1,0,0,0,nan,0.234126,0.395542,0.07271,0.00512736,0.0498293,0.234126,0.0274783,1.0024,1.0024,1.0024,0,0,nan,,,nan,nan,,,,,,,,,,,,,0,1,4.01201,t_pose,0.0209986,,0,,nan,
golem_ik,kinematic,golem_ik,nan,,0,b027_d50_e10,27,0.5,0.1,0.217949,0.694885,-0.413537,0.299692,-0.0959542,0.453981,0.588863,1,0,0,1,nan,0.230406,0.444518,0.0162934,0.00364023,0.00943665,0.230406,0.00653844,1.0024,1.0024,1.0024,0,0,nan,,,nan,nan,,,,,,,,,,,,,0,1,4.01132,arms_front_45,0.019677,,0,,nan,
golem_ik,kinematic,golem_ik,nan,,0,b027_d50_e20,27,0.5,0.2,0.254974,0.787778,-0.413537,0.398214,-0.0788247,0.453981,0.588863,1,0,0,1,nan,0.250616,0.50084,0.000390813,0.00196437,9.71393e-05,0.250616,0.00103075,1.0024,1.0024,1.0024,0,0,nan,,,nan,nan,,,,,,,,,,,,,0,1,4.00865,t_pose,0.0674374,,0,,nan,
golem_ik,kinematic,golem_ik,nan,,0,b027_d60_e00,27,0.6,0,0.180925,0.601991,-0.513537,0.20117,-0.113084,0.353981,0.488863,1,0,0,0,nan,0.276475,0.485847,0.0671025,0.00722182,0.0417718,0.276475,0.0244968,1.0024,1.0024,1.0024,0,0,nan,,,nan,nan,,,,,,,,,,,,,0,1,4.01064,arms_front_45,0.0190147,,0,,nan,
golem_ik,kinematic,golem_ik,nan,,0,b027_d60_e10,27,0.6,0.1,0.217949,0.694885,-0.513537,0.299692,-0.0959542,0.353981,0.488863,1,0,0,1,nan,0.269922,0.530692,0.00915219,0.00556297,0.00597219,0.269922,0.00576758,1.0024,1.0024,1.0024,0,0,nan,,,nan,nan,,,,,,,,,,,,,0,1,4.00815,t_pose,0.0199004,,0,,nan,
golem_ik,kinematic,golem_ik,nan,,0,b027_d60_e20,27,0.6,0.2,0.254974,0.787778,-0.513537,0.398214,-0.0788247,0.353981,0.488863,1,0,0,1,nan,0.292502,0.582693,0.00231054,0.00377703,0.000546138,0.292502,0.00216159,1.0024,1.0024,1.0024,0,0,nan,,,nan,nan,,,,,,,,,,,,,0,1,4.00243,t_pose,0.0548669,,0,,nan,
golem_ik,kinematic,golem_ik,nan,,0,b027_d70_e00,27,0.7,0,0.180925,0.601991,-0.613537,0.20117,-0.113084,0.253981,0.388863,1,0,0,0,nan,0.3276,0.577802,0.0773974,0.0093889,0.0523948,0.3276,0.0308919,1.0024,1.0024,1.0024,0,0,nan,,,nan,nan,,,,,,,,,,,,,0,1,4.00919,t_pose,0.0207337,,0,,nan,
golem_ik,kinematic,golem_ik,nan,,0,b027_d70_e10,27,0.7,0.1,0.217949,0.694885,-0.613537,0.299692,-0.0959542,0.253981,0.388863,1,0,0,1,nan,0.317282,0.619091,0.015473,0.00757847,0.0131689,0.317282,0.0103737,1.0024,1.0024,1.0024,0,0,nan,,,nan,nan,,,,,,,,,,,,,0,1,4.00663,t_pose,0.0193479,,0,,nan,
golem_ik,kinematic,golem_ik,nan,,0,b027_d70_e20,27,0.7,0.2,0.254974,0.787778,-0.613537,0.398214,-0.0788247,0.253981,0.388863,1,0,0,1,nan,0.357619,0.667285,0.0479528,0.00568757,0.0299183,0.357619,0.017803,1.0024,1.0024,1.0024,0,0,nan,,,nan,nan,,,,,,,,,,,,,0,1,4.00964,arms_front_45,0.0367916,,0,,nan,
golem_ik,kinematic,golem_ik,nan,,0,b027_d80_e00,27,0.8,0,0.180925,0.601991,-0.713537,0.20117,-0.113084,0.153981,0.288863,1,0,0,0,nan,0.383915,0.671034,0.0967958,0.0115593,0.0831099,0.383915,0.0473346,1.0024,1.0024,1.0024,0,0,nan,,,nan,nan,,,,,,,,,,,,,0,1,4.00327,home,0.0195104,,0,,nan,
golem_ik,kinematic,golem_ik,nan,,0,b027_d80_e10,27,0.8,0.1,0.217949,0.694885,-0.713537,0.299692,-0.0959542,0.153981,0.288863,1,0,0,0,nan,0.39787,0.709241,0.0865003,0.00961104,0.0712677,0.39787,0.0404394,1.0024,1.0024,1.0024,0,0,nan,,,nan,nan,,,,,,,,,,,,,0,1,4.00811,t_pose,0.0202129,,0,,nan,
golem_ik,kinematic,golem_ik,nan,,0,b027_d80_e20,27,0.8,0.2,0.254974,0.787778,-0.713537,0.398214,-0.0788247,0.153981,0.288863,1,0,0,0,nan,0.437447,0.754078,0.120816,0.00761677,0.0759898,0.437447,0.0418033,1.0024,1.0024,1.0024,0,0,nan,,,nan,nan,,,,,,,,,,,,,0,1,4.01085,t_pose,0.0390797,,0,,nan,
golem_ik,kinematic,golem_ik,nan,,0,b027_d90_e00,27,0.9,0,0.180925,0.601991,-0.813537,0.20117,-0.113084,0.0539807,0.188863,1,0,0,0,nan,0.466388,0.765263,0.167512,0.0136285,0.134445,0.466388,0.0740368,1.0024,1.0024,1.0024,0,0,nan,,,nan,nan,,,,,,,,,,,,,0,1,4.01199,t_pose,0.0200385,,0,,nan,
golem_ik,kinematic,golem_ik,nan,,0,b027_d90_e10,27,0.9,0.1,0.217949,0.694885,-0.813537,0.299692,-0.0959542,0.0539807,0.188863,1,0,0,0,nan,0.485307,0.800788,0.169826,0.0115824,0.122792,0.485307,0.0671871,1.0024,1.0024,1.0024,0,0,nan,,,nan,nan,,,,,,,,,,,,,0,1,4.00674,t_pose,0.0196863,,0,,nan,
golem_ik,kinematic,golem_ik,nan,,0,b027_d90_e20,27,0.9,0.2,0.254974,0.787778,-0.813537,0.398214,-0.0788247,0.0539807,0.188863,1,0,0,0,nan,0.521053,0.842657,0.199448,0.00948336,0.12438,0.521053,0.0669318,1.0024,1.0024,1.0024,0,0,nan,,,nan,nan,,,,,,,,,,,,,0,1,4.00744,t_pose,0.0370269,,0,,nan,
golem_ik,kinematic,golem_ik,nan,,0,b027_d100_e00,27,1,0,0.180925,0.601991,-0.913537,0.20117,-0.113084,-0.0460193,0.0888634,1,0,0,0,nan,0.554978,0.860296,0.24966,0.0155401,0.185972,0.554978,0.100756,1.0024,1.0024,1.0024,0,0,nan,,,nan,nan,,,,,,,,,,,,,0,1,4.00559,t_pose,0.0208256,,0,,nan,
golem_ik,kinematic,golem_ik,nan,,0,b027_d100_e10,27,1,0.1,0.217949,0.694885,-0.913537,0.299692,-0.0959542,-0.0460193,0.0888634,1,0,0,0,nan,0.574526,0.893466,0.255585,0.0133992,0.172247,0.574526,0.0928233,1.0024,1.0024,1.0024,0,0,nan,,,nan,nan,,,,,,,,,,,,,0,1,4.00844,t_pose,0.0198142,,0,,nan,
golem_ik,kinematic,golem_ik,nan,,0,b027_d100_e20,27,1,0.2,0.254974,0.787778,-0.913537,0.398214,-0.0788247,-0.0460193,0.0888634,1,0,0,0,nan,0.606838,0.932702,0.280974,0.0112356,0.173388,0.606838,0.0923116,1.0024,1.0024,1.0024,0,0,nan,,,nan,nan,,,,,,,,,,,,,0,1,4.01042,t_pose,0.0370206,,0,,nan,
golem_ik,kinematic,golem_ik,nan,,0,b028_d00_e00,28,0,0,0.138522,0.515675,0.42847,0.172338,-0.0656413,0.634143,1.43087,0,1,1,1,nan,0.02355,0,0.0471,1.58924e-16,0.0138577,0.02355,0.00692883,1.0024,1.0024,1.0024,0,0,nan,,,nan,nan,,,,,,,,,,,,,0,1,4.00976,arms_front_45,0.0177899,,0,,nan,
golem_ik,kinematic,golem_ik,nan,,0,b028_d00_e10,28,0,0.1,0.173783,0.609252,0.42847,0.262552,-0.0224973,0.634143,1.43087,0,1,1,1,nan,0.000190934,0.000375538,6.32902e-06,0.0015726,4.05305e-06,0.000190934,0.000788327,1.0024,1.0024,1.0024,0,0,nan,,,nan,nan,,,,,,,,,,,,,0,1,0.0982533,home,0.049444,,0,,nan,
golem_ik,kinematic,golem_ik,nan,,0,b028_d00_e20,28,0,0.2,0.209045,0.702829,0.42847,0.352766,0.0206467,0.634143,1.43087,0,1,1,1,nan,0.000370793,0.000739459,2.12749e-06,0.00159645,5.42814e-07,0.000370793,0.000798494,1.0024,1.0024,1.0024,0,0,nan,,,nan,nan,,,,,,,,,,,,,0,1,0.116126,home,0.0429703,,0,,nan,
golem_ik,kinematic,golem_ik,nan,,0,b028_d10_e00,28,0.1,0,0.138522,0.515675,0.32847,0.172338,-0.0656413,0.534143,1.33087,0,1,1,1,nan,0.0222485,0,0.0444971,1.54656e-16,0.0135403,0.0222485,0.00677013,1.0024,1.0024,1.0024,0,0,nan,,,nan,nan,,,,,,,,,,,,,0,1,3.044,arms_front_45,0.0196019,,1,,nan,
golem_ik,kinematic,golem_ik,nan,,0,b028_d10_e10,28,0.1,0.1,0.173783,0.609252,0.32847,0.262552,-0.0224973,0.534143,1.33087,0,1,1,1,nan,0.000180194,0.000131732,0.000228657,5.22755e-05,0.000567316,0.000180194,0.000309796,1.0024,1.0024,1.0024,0,0,nan,,,nan,nan,,,,,,,,,,,,,0,1,0.0896463,home,0.0576994,,0,,nan,
golem_ik,kinematic,golem_ik,nan,,0,b028_d10_e20,28,0.1,0.2,0.209045,0.702829,0.32847,0.352766,0.0206467,0.534143,1.33087,0,1,1,1,nan,1.92859e-05,3.85689e-05,2.94476e-09,7.30981e-05,8.45404e-10,1.92859e-05,3.65495e-05,1.0024,1.0024,1.0024,0,0,nan,,,nan,nan,,,,,,,,,,,,,0,1,0.114893,home,0.0517865,,0,,nan,
golem_ik,kinematic,golem_ik,nan,,0,b028_d20_e00,28,0.2,0,0.138522,0.515675,0.22847,0.172338,-0.0656413,0.434143,1.23087,0,1,1,1,nan,0.0194319,6.20634e-17,0.0388639,2.715e-16,0.0114337,0.0194319,0.00571686,1.0024,1.0024,1.0024,0,0,nan,,,nan,nan,,,,,,,,,,,,,0,1,4.01014,home,0.0169802,,0,,nan,
golem_ik,kinematic,golem_ik,nan,,0,b028_d20_e10,28,0.2,0.1,0.173783,0.609252,0.22847,0.262552,-0.0224973,0.434143,1.23087,0,1,1,1,nan,0.000130675,0.000207394,5.39564e-05,0.000312764,0.000144567,0.000130675,0.000228666,1.0024,1.0024,1.0024,0,0,nan,,,nan,nan,,,,,,,,,,,,,0,1,0.0937409,home,0.0613648,,0,,nan,
golem_ik,kinematic,golem_ik,nan,,0,b028_d20_e20,28,0.2,0.2,0.209045,0.702829,0.22847,0.352766,0.0206467,0.434143,1.23087,0,1,1,1,nan,0.00864508,0.0172902,1.38778e-17,0.000112083,1.30358e-16,0.00864508,5.60413e-05,1.0024,1.0024,1.0024,0,0,nan,,,nan,nan,,,,,,,,,,,,,0,1,4.00356,current,0.0612845,,0,,nan,
golem_ik,kinematic,golem_ik,nan,,0,b028_d30_e00,28,0.3,0,0.138522,0.515675,0.12847,0.172338,-0.0656413,0.334143,1.13087,0,1,1,1,nan,0.0178149,0,0.0356299,7.73573e-17,0.010393,0.0178149,0.00519649,1.0024,1.0024,1.0024,0,0,nan,,,nan,nan,,,,,,,,,,,,,0,1,4.00723,current,0.0144025,,0,,nan,
golem_ik,kinematic,golem_ik,nan,,0,b028_d30_e10,28,0.3,0.1,0.173783,0.609252,0.12847,0.262552,-0.0224973,0.334143,1.13087,0,1,1,1,nan,1.29154e-05,2.57808e-05,5.00128e-08,3.49694e-05,1.51211e-08,1.29154e-05,1.74923e-05,1.0024,1.0024,1.0024,0,0,nan,,,nan,nan,,,,,,,,,,,,,0,1,0.11236,home,0.0568644,,0,,nan,
golem_ik,kinematic,golem_ik,nan,,0,b028_d30_e20,28,0.3,0.2,0.209045,0.702829,0.12847,0.352766,0.0206467,0.334143,1.13087,0,0,0,1,nan,0.0304496,0.0608993,6.93889e-18,0.000909786,2.38212e-16,0.0304496,0.000454893,1.0024,1.0024,1.0024,0,0,nan,,,nan,nan,,,,,,,,,,,,,0,1,4.00628,current,0.0554625,,0,,nan,
golem_ik,kinematic,golem_ik,nan,,0,b028_d40_e00,28,0.4,0,0.138522,0.515675,0.0284695,0.172338,-0.0656413,0.234143,1.03087,0,1,1,1,nan,0.0187424,1.11076e-16,0.0374848,7.67448e-17,0.0114599,0.0187424,0.00572995,1.0024,1.0024,1.0024,0,0,nan,,,nan,nan,,,,,,,,,,,,,0,1,4.01381,t_pose,0.016329,,0,,nan,
golem_ik,kinematic,golem_ik,nan,,0,b028_d40_e10,28,0.4,0.1,0.173783,0.609252,0.0284695,0.262552,-0.0224973,0.234143,1.03087,0,1,1,1,nan,0.0206639,0.0413278,3.46945e-18,0.00159547,2.6709e-16,0.0206639,0.000797735,1.0024,1.0024,1.0024,0,0,nan,,,nan,nan,,,,,,,,,,,,,0,1,4.00915,home,0.054419,,0,,nan,
golem_ik,kinematic,golem_ik,nan,,0,b028_d40_e20,28,0.4,0.2,0.209045,0.702829,0.0284695,0.352766,0.0206467,0.234143,1.03087,0,0,0,1,nan,0.0584922,0.116984,2.9643e-17,0.00254318,1.72859e-16,0.0584922,0.00127159,1.0024,1.0024,1.0024,0,0,nan,,,nan,nan,,,,,,,,,,,,,0,1,4.01165,home,0.0487625,,0,,nan,
golem_ik,kinematic,golem_ik,nan,,0,b028_d50_e00,28,0.5,0,0.138522,0.515675,-0.0715305,0.172338,-0.0656413,0.134143,0.93087,0,0,0,1,nan,0.0394004,0.0650554,0.0137453,0.0180751,0.0037739,0.0394004,0.0109245,1.0024,1.0024,1.0024,0,0,nan,,,nan,nan,,,,,,,,,,,,,0,1,4.00611,current,0.0161103,,0,,nan,
golem_ik,kinematic,golem_ik,nan,,0,b028_d50_e10,28,0.5,0.1,0.173783,0.609252,-0.0715305,0.262552,-0.0224973,0.134143,0.93087,0,0,0,1,nan,0.0580803,0.116161,0,0.0150974,1.51158e-16,0.0580803,0.00754869,1.0024,1.0024,1.0024,0,0,nan,,,nan,nan,,,,,,,,,,,,,0,1,4.00067,current,0.0494748,,0,,nan,
golem_ik,kinematic,golem_ik,nan,,0,b028_d50_e20,28,0.5,0.2,0.209045,0.702829,-0.0715305,0.352766,0.0206467,0.134143,0.93087,0,0,0,1,nan,0.0913422,0.182684,1.42043e-07,0.0129704,1.84752e-08,0.0913422,0.00648522,1.0024,1.0024,1.0024,0,0,nan,,,nan,nan,,,,,,,,,,,,,0,1,4.00989,current,0.0390231,,0,,nan,
golem_ik,kinematic,golem_ik,nan,,0,b028_d60_e00,28,0.6,0,0.138522,0.515675,-0.17153,0.172338,-0.0656413,0.034143,0.83087,1,0,0,1,nan,0.0870598,0.154766,0.0193535,0.0475062,0.00437164,0.0870598,0.0259389,1.0024,1.0024,1.0024,0,0,nan,,,nan,nan,,,,,,,,,,,,,0,1,4.00658,current,0.0132269,,0,,nan,
golem_ik,kinematic,golem_ik,nan,,0,b028_d60_e10,28,0.6,0.1,0.173783,0.609252,-0.17153,0.262552,-0.0224973,0.034143,0.83087,1,0,0,1,nan,0.0991497,0.198297,2.06346e-06,0.0373252,3.06492e-07,0.0991497,0.0186628,1.0024,1.0024,1.0024,0,0,nan,,,nan,nan,,,,,,,,,,,,,0,1,4.00707,current,0.0381285,,0,,nan,
golem_ik,kinematic,golem_ik,nan,,0,b028_d60_e20,28,0.6,0.2,0.209045,0.702829,-0.17153,0.352766,0.0206467,0.034143,0.83087,1,0,0,1,nan,0.145326,0.256451,0.0342001,0.0321135,0.00124003,0.145326,0.0166768,1.0024,1.0024,1.0024,0,0,nan,,,nan,nan,,,,,,,,,,,,,0,1,4.01076,arms_front_45,0.0260198,,0,,nan,
golem_ik,kinematic,golem_ik,nan,,0,b028_d70_e00,28,0.7,0,0.138522,0.515675,-0.27153,0.172338,-0.0656413,-0.065857,0.73087,1,0,0,1,nan,0.140023,0.246243,0.0338028,0.0780007,0.0190225,0.140023,0.0485116,1.0024,1.0024,1.0024,0,0,nan,,,nan,nan,,,,,,,,,,,,,0,1,4.00746,home,0.0191168,,0,,nan,
golem_ik,kinematic,golem_ik,nan,,0,b028_d70_e10,28,0.7,0.1,0.173783,0.609252,-0.27153,0.262552,-0.0224973,-0.065857,0.73087,1,0,0,0,nan,0.171628,0.284522,0.0587347,0.0627413,0.0167548,0.171628,0.039748,1.0024,1.0024,1.0024,0,0,nan,,,nan,nan,,,,,,,,,,,,,0,1,4.00812,home,0.0199723,,0,,nan,
golem_ik,kinematic,golem_ik,nan,,0,b028_d70_e20,28,0.7,0.2,0.209045,0.702829,-0.27153,0.352766,0.0206467,-0.065857,0.73087,1,0,0,0,nan,0.221812,0.336037,0.107586,0.0537835,0.0190509,0.221812,0.0364172,1.0024,1.0024,1.0024,0,0,nan,,,nan,nan,,,,,,,,,,,,,0,1,4.00982,home,0.0215425,,0,,nan,
golem_ik,kinematic,golem_ik,nan,,0,b028_d80_e00,28,0.8,0,0.138522,0.515675,-0.37153,0.172338,-0.0656413,-0.165857,0.63087,1,0,0,0,nan,0.231441,0.338995,0.123888,0.107377,0.0589718,0.231441,0.0831745,1.0024,1.0024,1.0024,0,0,nan,,,nan,nan,,,,,,,,,,,,,0,1,4.00783,current,0.0195667,,0,,nan,
golem_ik,kinematic,golem_ik,nan,,0,b028_d80_e10,28,0.8,0.1,0.173783,0.609252,-0.37153,0.262552,-0.0224973,-0.165857,0.63087,1,0,0,0,nan,0.260229,0.373377,0.14708,0.0885668,0.0464994,0.260229,0.0675331,1.0024,1.0024,1.0024,0,0,nan,,,nan,nan,,,,,,,,,,,,,0,1,4.01118,t_pose,0.0199163,,0,,nan,
golem_ik,kinematic,golem_ik,nan,,0,b028_d80_e20,28,0.8,0.2,0.209045,0.702829,-0.37153,0.352766,0.0206467,-0.165857,0.63087,1,0,0,0,nan,0.304154,0.419788,0.18852,0.0798511,0.0446288,0.304154,0.06224,1.0024,1.0024,1.0024,0,0,nan,,,nan,nan,,,,,,,,,,,,,0,1,4.00976,current,0.0200015,,0,,nan,
golem_ik,kinematic,golem_ik,nan,,0,b028_d90_e00,28,0.9,0,0.138522,0.515675,-0.47153,0.172338,-0.0656413,-0.265857,0.53087,1,0,0,0,nan,0.324401,0.432768,0.216033,0.134691,0.0931092,0.324401,0.1139,1.0024,1.0024,1.0024,0,0,nan,,,nan,nan,,,,,,,,,,,,,0,1,4.00678,current,0.0197406,,0,,nan,
golem_ik,kinematic,golem_ik,nan,,0,b028_d90_e10,28,0.9,0.1,0.173783,0.609252,-0.47153,0.262552,-0.0224973,-0.265857,0.53087,1,0,0,0,nan,0.351185,0.464302,0.238067,0.113396,0.0755756,0.351185,0.0944856,1.0024,1.0024,1.0024,0,0,nan,,,nan,nan,,,,,,,,,,,,,0,1,4.00989,home,0.0199801,,0,,nan,
golem_ik,kinematic,golem_ik,nan,,0,b028_d90_e20,28,0.9,0.2,0.209045,0.702829,-0.47153,0.352766,0.0206467,-0.265857,0.53087,1,0,0,0,nan,0.390741,0.506565,0.274918,0.111102,0.074456,0.390741,0.0927789,1.0024,1.0024,1.0024,0,0,nan,,,nan,nan,,,,,,,,,,,,,0,1,4.01044,home,0.0227233,,0,,nan,
golem_ik,kinematic,golem_ik,nan,,0,b028_d100_e00,28,1,0,0.138522,0.515675,-0.57153,0.172338,-0.0656413,-0.365857,0.43087,1,0,0,0,nan,0.419044,0.527611,0.310476,0.157992,0.120382,0.419044,0.139187,1.0024,1.0024,1.0024,0,0,nan,,,nan,nan,,,,,,,,,,,,,0,1,4.01012,current,0.0202814,,0,,nan,
golem_ik,kinematic,golem_ik,nan,,0,b028_d100_e10,28,1,0.1,0.173783,0.609252,-0.57153,0.262552,-0.0224973,-0.365857,0.43087,1,0,0,0,nan,0.443867,0.556897,0.330837,0.144348,0.107552,0.443867,0.12595,1.0024,1.0024,1.0024,0,0,nan,,,nan,nan,,,,,,,,,,,,,0,1,4.00602,home,0.0239019,,0,,nan,
golem_ik,kinematic,golem_ik,nan,,0,b028_d100_e20,28,1,0.2,0.209045,0.702829,-0.57153,0.352766,0.0206467,-0.365857,0.43087,1,0,0,0,nan,0.479647,0.59532,0.363974,0.139959,0.100806,0.479647,0.120382,1.0024,1.0024,1.0024,0,0,nan,,,nan,nan,,,,,,,,,,,,,0,1,4.0082,current,0.0264914,,0,,nan,
golem_ik,kinematic,golem_ik,nan,,0,b029_d00_e00,29,0,0,0.448935,0.0236132,0.355062,0.353669,0.0173775,0.336978,1.33938,0,1,1,1,nan,0.00601798,0.00813028,0.00390569,0.000157962,7.46961e-05,0.00601798,0.000116329,1.0024,1.0024,1.0024,0,0,nan,,,nan,nan,,,,,,,,,,,,,0,1,4.0074,t_pose,0.014595,,0,,nan,
golem_ik,kinematic,golem_ik,nan,,0,b029_d00_e10,29,0,0.1,0.545301,-0.00309995,0.355062,0.444249,0.0597485,0.336978,1.33938,0,1,1,1,nan,0.0391711,0.0435627,0.0347794,0.00163514,0.000116272,0.0391711,0.000875704,1.0024,1.0024,1.0024,0,0,nan,,,nan,nan,,,,,,,,,,,,,0,1,4.01075,home,0.0187259,,0,,nan,
golem_ik,kinematic,golem_ik,nan,,0,b029_d00_e20,29,0,0.2,0.641667,-0.0298131,0.355062,0.534829,0.102119,0.336978,1.33938,0,0,0,0,nan,0.107212,0.133689,0.0807341,0.00317413,0.00255271,0.107212,0.00286342,1.0024,1.0024,1.0024,0,0,nan,,,nan,nan,,,,,,,,,,,,,0,1,4.01012,current,0.0124375,,0,,nan,
golem_ik,kinematic,golem_ik,nan,,0,b029_d10_e00,29,0.1,0,0.448935,0.0236132,0.255062,0.353669,0.0173775,0.236978,1.23938,0,1,1,1,nan,0.0369695,0.0293599,0.044579,0.00203204,0.015098,0.0369695,0.00856504,1.0024,1.0024,1.0024,0,0,nan,,,nan,nan,,,,,,,,,,,,,0,1,4.00478,home,0.0201647,,0,,nan,
golem_ik,kinematic,golem_ik,nan,,0,b029_d10_e10,29,0.1,0.1,0.545301,-0.00309995,0.255062,0.444249,0.0597485,0.236978,1.23938,0,0,0,1,nan,0.0443115,0.0595022,0.0291208,0.00187553,0.000469844,0.0443115,0.00117268,1.0024,1.0024,1.0024,0,0,nan,,,nan,nan,,,,,,,,,,,,,0,1,4.01108,current,0.0146286,,0,,nan,
golem_ik,kinematic,golem_ik,nan,,0,b029_d10_e20,29,0.1,0.2,0.641667,-0.0298131,0.255062,0.534829,0.102119,0.236978,1.23938,0,0,0,0,nan,0.125199,0.150815,0.0995823,0.00571091,0.00403504,0.125199,0.00487297,1.0024,1.0024,1.0024,0,0,nan,,,nan,nan,,,,,,,,,,,,,0,1,4.00856,arms_front_45,0.00722502,,0,,nan,
golem_ik,kinematic,golem_ik,nan,,0,b029_d20_e00,29,0.2,0,0.448935,0.0236132,0.155062,0.353669,0.0173775,0.136978,1.13938,0,1,1,1,nan,0.0147866,0.0163768,0.0131964,0.00137981,7.3109e-05,0.0147866,0.000726459,1.0024,1.0024,1.0024,0,0,nan,,,nan,nan,,,,,,,,,,,,,0,1,4.00588,current,0.0155401,,0,,nan,
golem_ik,kinematic,golem_ik,nan,,0,b029_d20_e10,29,0.2,0.1,0.545301,-0.00309995,0.155062,0.444249,0.0597485,0.136978,1.13938,0,0,0,0,nan,0.0749483,0.0944091,0.0554875,0.00289408,0.00059499,0.0749483,0.00174454,1.0024,1.0024,1.0024,0,0,nan,,,nan,nan,,,,,,,,,,,,,0,1,4.00932,current,0.0234758,,0,,nan,
golem_ik,kinematic,golem_ik,nan,,0,b029_d20_e20,29,0.2,0.2,0.641667,-0.0298131,0.155062,0.534829,0.102119,0.136978,1.13938,0,0,0,0,nan,0.159641,0.182938,0.136344,0.00462966,0.00144131,0.159641,0.00303548,1.0024,1.0024,1.0024,0,0,nan,,,nan,nan,,,,,,,,,,,,,0,1,4.01083,arms_front_45,0.0167033,,0,,nan,
golem_ik,kinematic,golem_ik,nan,,0,b029_d30_e00,29,0.3,0,0.448935,0.0236132,0.0550615,0.353669,0.0173775,0.0369778,1.03938,0,0,0,1,nan,0.0450653,0.0623062,0.0278244,0.00492404,0.000167296,0.0450653,0.00254567,1.0024,1.0024,1.0024,0,0,nan,,,nan,nan,,,,,,,,,,,,,0,1,4.01288,arms_front_45,0.0178485,,0,,nan,
golem_ik,kinematic,golem_ik,nan,,0,b029_d30_e10,29,0.3,0.1,0.545301,-0.00309995,0.0550615,0.444249,0.0597485,0.0369778,1.03938,0,0,0,0,nan,0.121841,0.141554,0.102128,0.00452764,0.00150021,0.121841,0.00301392,1.0024,1.0024,1.0024,0,0,nan,,,nan,nan,,,,,,,,,,,,,0,1,4.00767,current,0.0142508,,0,,nan,
golem_ik,kinematic,golem_ik,nan,,0,b029_d30_e20,29,0.3,0.2,0.641667,-0.0298131,0.0550615,0.534829,0.102119,0.0369778,1.03938,0,0,0,0,nan,0.204943,0.226685,0.183201,0.00492975,0.00149976,0.204943,0.00321476,1.0024,1.0024,1.0024,0,0,nan,,,nan,nan,,,,,,,,,,,,,0,1,4.00889,arms_front_45,0.0197033,,0,,nan,
golem_ik,kinematic,golem_ik,nan,,0,b029_d40_e00,29,0.4,0,0.448935,0.0236132,-0.0449385,0.353669,0.0173775,-0.0630222,0.939378,0,0,0,0,nan,0.114754,0.132297,0.0972112,0.0224206,0.00140692,0.114754,0.0119138,1.0024,1.0024,1.0024,0,0,nan,,,nan,nan,,,,,,,,,,,,,0,1,4.00942,arms_front_45,0.0243401,,0,,nan,
golem_ik,kinematic,golem_ik,nan,,0,b029_d40_e10,29,0.4,0.1,0.545301,-0.00309995,-0.0449385,0.444249,0.0597485,-0.0630222,0.939378,0,0,0,0,nan,0.183723,0.202127,0.165319,0.0187333,0.0021149,0.183723,0.0104241,1.0024,1.0024,1.0024,0,0,nan,,,nan,nan,,,,,,,,,,,,,0,1,4.00838,arms_front_45,0.0199502,,0,,nan,
golem_ik,kinematic,golem_ik,nan,,0,b029_d40_e20,29,0.4,0.2,0.641667,-0.0298131,-0.0449385,0.534829,0.102119,-0.0630222,0.939378,0,0,0,0,nan,0.260188,0.279994,0.240382,0.008237,0.0026216,0.260188,0.0054293,1.0024,1.0024,1.0024,0,0,nan,,,nan,nan,,,,,,,,,,,,,0,1,4.00845,current,0.0186706,,0,,nan,
golem_ik,kinematic,golem_ik,nan,,0,b029_d50_e00,29,0.5,0,0.448935,0.0236132,-0.144938,0.353669,0.0173775,-0.163022,0.839378,1,0,0,0,nan,0.193134,0.210612,0.175657,0.0459128,0.00324678,0.193134,0.0245798,1.0024,1.0024,1.0024,0,0,nan,,,nan,nan,,,,,,,,,,,,,0,1,4.01349,arms_front_45,0.0212206,,0,,nan,
golem_ik,kinematic,golem_ik,nan,,0,b029_d50_e10,29,0.5,0.1,0.545301,-0.00309995,-0.144938,0.444249,0.0597485,-0.163022,0.839378,1,0,0,0,nan,0.254641,0.272264,0.237018,0.0408231,0.00380188,0.254641,0.0223125,1.0024,1.0024,1.0024,0,0,nan,,,nan,nan,,,,,,,,,,,,,0,1,4.01122,arms_front_45,0.024702,,0,,nan,
golem_ik,kinematic,golem_ik,nan,,0,b029_d50_e20,29,0.5,0.2,0.641667,-0.0298131,-0.144938,0.534829,0.102119,-0.163022,0.839378,1,0,0,0,nan,0.324138,0.342611,0.305665,0.0309048,0.00484944,0.324138,0.0178771,1.0024,1.0024,1.0024,0,0,nan,,,nan,nan,,,,,,,,,,,,,0,1,4.0162,current,0.0202772,,0,,nan,
golem_ik,kinematic,golem_ik,nan,,0,b029_d60_e00,29,0.6,0,0.448935,0.0236132,-0.244938,0.353669,0.0173775,-0.263022,0.739378,1,0,0,0,nan,0.276374,0.293577,0.259171,0.0722197,0.00574323,0.276374,0.0389814,1.0024,1.0024,1.0024,0,0,nan,,,nan,nan,,,,,,,,,,,,,0,1,4.00884,arms_front_45,0.020108,,0,,nan,
golem_ik,kinematic,golem_ik,nan,,0,b029_d60_e10,29,0.6,0.1,0.545301,-0.00309995,-0.244938,0.444249,0.0597485,-0.263022,0.739378,1,0,0,0,nan,0.331665,0.348674,0.314656,0.0641003,0.005839,0.331665,0.0349696,1.0024,1.0024,1.0024,0,0,nan,,,nan,nan,,,,,,,,,,,,,0,1,4.01072,home,0.0220714,,0,,nan,
golem_ik,kinematic,golem_ik,nan,,0,b029_d60_e20,29,0.6,0.2,0.641667,-0.0298131,-0.244938,0.534829,0.102119,-0.263022,0.739378,1,0,0,0,nan,0.395086,0.412655,0.377517,0.0551741,0.00621245,0.395086,0.0306933,1.0024,1.0024,1.0024,0,0,nan,,,nan,nan,,,,,,,,,,,,,0,1,4.00831,home,0.0250619,,0,,nan,
golem_ik,kinematic,golem_ik,nan,,0,b029_d70_e00,29,0.7,0,0.448935,0.0236132,-0.344938,0.353669,0.0173775,-0.363022,0.639378,1,0,0,0,nan,0.362987,0.379615,0.346359,0.098798,0.00767551,0.362987,0.0532368,1.0024,1.0024,1.0024,0,0,nan,,,nan,nan,,,,,,,,,,,,,0,1,4.0088,current,0.0199302,,0,,nan,
golem_ik,kinematic,golem_ik,nan,,0,b029_d70_e10,29,0.7,0.1,0.545301,-0.00309995,-0.344938,0.444249,0.0597485,-0.363022,0.639378,1,0,0,0,nan,0.412965,0.429467,0.396463,0.0884835,0.00817653,0.412965,0.04833,1.0024,1.0024,1.0024,0,0,nan,,,nan,nan,,,,,,,,,,,,,0,1,4.00925,home,0.020448,,0,,nan,
golem_ik,kinematic,golem_ik,nan,,0,b029_d70_e20,29,0.7,0.2,0.641667,-0.0298131,-0.344938,0.534829,0.102119,-0.363022,0.639378,1,0,0,0,nan,0.471082,0.487962,0.454203,0.0786395,0.00839464,0.471082,0.0435171,1.0024,1.0024,1.0024,0,0,nan,,,nan,nan,,,,,,,,,,,,,0,1,4.00614,current,0.0229348,,0,,nan,
golem_ik,kinematic,golem_ik,nan,,0,b029_d80_e00,29,0.8,0,0.448935,0.0236132,-0.444938,0.353669,0.0173775,-0.463022,0.539378,1,0,0,0,nan,0.451994,0.467987,0.436002,0.124966,0.0103905,0.451994,0.0676783,1.0024,1.0024,1.0024,0,0,nan,,,nan,nan,,,,,,,,,,,,,0,1,4.00309,current,0.0199784,,0,,nan,
golem_ik,kinematic,golem_ik,nan,,0,b029_d80_e10,29,0.8,0.1,0.545301,-0.00309995,-0.444938,0.444249,0.0597485,-0.463022,0.539378,1,0,0,0,nan,0.497604,0.513502,0.481705,0.113114,0.0105354,0.497604,0.0618244,1.0024,1.0024,1.0024,0,0,nan,,,nan,nan,,,,,,,,,,,,,0,1,4.01148,current,0.0199717,,0,,nan,
golem_ik,kinematic,golem_ik,nan,,0,b029_d80_e20,29,0.8,0.2,0.641667,-0.0298131,-0.444938,0.534829,0.102119,-0.463022,0.539378,1,0,0,0,nan,0.551012,0.567241,0.534783,0.101462,0.0108118,0.551012,0.0561368,1.0024,1.0024,1.0024,0,0,nan,,,nan,nan,,,,,,,,,,,,,0,1,4.00724,current,0.0213425,,0,,nan,
golem_ik,kinematic,golem_ik,nan,,0,b029_d90_e00,29,0.9,0,0.448935,0.0236132,-0.544938,0.353669,0.0173775,-0.563022,0.439378,1,0,0,0,nan,0.542842,0.558135,0.527549,0.150458,0.0133836,0.542842,0.0819209,1.0024,1.0024,1.0024,0,0,nan,,,nan,nan,,,,,,,,,,,,,0,1,4.00628,current,0.0203943,,0,,nan,
golem_ik,kinematic,golem_ik,nan,,0,b029_d90_e10,29,0.9,0.1,0.545301,-0.00309995,-0.544938,0.444249,0.0597485,-0.563022,0.439378,1,0,0,0,nan,0.584745,0.600006,0.569483,0.137222,0.0133462,0.584745,0.0752842,1.0024,1.0024,1.0024,0,0,nan,,,nan,nan,,,,,,,,,,,,,0,1,4.00897,home,0.019975,,0,,nan,
golem_ik,kinematic,golem_ik,nan,,0,b029_d90_e20,29,0.9,0.2,0.641667,-0.0298131,-0.544938,0.534829,0.102119,-0.563022,0.439378,1,0,0,0,nan,0.634069,0.649668,0.61847,0.12438,0.0137088,0.634069,0.0690445,1.0024,1.0024,1.0024,0,0,nan,,,nan,nan,,,,,,,,,,,,,0,1,4.00597,current,0.020115,,0,,nan,
golem_ik,kinematic,golem_ik,nan,,0,b029_d100_e00,29,1,0,0.448935,0.0236132,-0.644938,0.353669,0.0173775,-0.663022,0.339378,1,0,0,0,nan,0.63509,0.649666,0.620513,0.174419,0.0163194,0.63509,0.0953693,1.0024,1.0024,1.0024,0,0,nan,,,nan,nan,,,,,,,,,,,,,0,1,4.01043,home,0.0213189,,0,,nan,
golem_ik,kinematic,golem_ik,nan,,0,b029_d100_e10,29,1,0.1,0.545301,-0.00309995,-0.644938,0.444249,0.0597485,-0.663022,0.339378,1,0,0,0,nan,0.673812,0.688424,0.6592,0.159878,0.016709,0.673812,0.0882936,1.0024,1.0024,1.0024,0,0,nan,,,nan,nan,,,,,,,,,,,,,0,1,4.00652,current,0.0200024,,0,,nan,
golem_ik,kinematic,golem_ik,nan,,0,b029_d100_e20,29,1,0.2,0.641667,-0.0298131,-0.644938,0.534829,0.102119,-0.663022,0.339378,1,0,0,0,nan,0.719609,0.734541,0.704676,0.145535,0.0170503,0.719609,0.0812929,1.0024,1.0024,1.0024,0,0,nan,,,nan,nan,,,,,,,,,,,,,0,1,4.00734,current,0.0199955,,0,,nan,
golem_ik,kinematic,golem_ik,nan,,0,b030_d00_e00,30,0,0,0.536572,0.226409,0.482384,0.214518,-0.239416,0.83298,1.48478,0,1,1,1,nan,1.62232e-05,3.15292e-05,9.17169e-07,2.30661e-05,2.7463e-06,1.62232e-05,1.29062e-05,1.0024,1.0024,1.0024,0,0,nan,,,nan,nan,,,,,,,,,,,,,0,1,0.158154,home,0.0614649,,0,,nan,
golem_ik,kinematic,golem_ik,nan,,0,b030_d00_e10,30,0,0.1,0.635523,0.240857,0.482384,0.306522,-0.278598,0.83298,1.48478,0,0,0,1,nan,0.0419805,0.083961,5.55112e-17,0.0145087,3.70694e-16,0.0419805,0.00725434,1.0024,1.0024,1.0024,0,0,nan,,,nan,nan,,,,,,,,,,,,,0,1,4.00362,arms_front_45,0.0528257,,0,,nan,
golem_ik,kinematic,golem_ik,nan,,0,b030_d00_e20,30,0,0.2,0.734474,0.255305,0.482384,0.398527,-0.31778,0.83298,1.48478,0,0,0,1,nan,0.0958339,0.182088,0.00957949,0.0268823,0.000101926,0.0958339,0.0134921,1.0024,1.0024,1.0024,0,0,nan,,,nan,nan,,,,,,,,,,,,,0,1,4.00914,arms_front_45,0.0559664,,0,,nan,
golem_ik,kinematic,golem_ik,nan,,0,b030_d10_e00,30,0.1,0,0.536572,0.226409,0.382384,0.214518,-0.239416,0.73298,1.38478,0,1,1,1,nan,0.00851049,0,0.017021,2.33257e-16,0.0106175,0.00851049,0.00530877,1.0024,1.0024,1.0024,0,0,nan,,,nan,nan,,,,,,,,,,,,,0,1,4.00049,t_pose,0.0562496,,0,,nan,
golem_ik,kinematic,golem_ik,nan,,0,b030_d10_e10,30,0.1,0.1,0.635523,0.240857,0.382384,0.306522,-0.278598,0.73298,1.38478,0,0,0,1,nan,0.0450799,0.0901598,0,0.021185,4.71382e-16,0.0450799,0.0105925,1.0024,1.0024,1.0024,0,0,nan,,,nan,nan,,,,,,,,,,,,,0,1,4.01179,arms_front_45,0.0544573,,0,,nan,
golem_ik,kinematic,golem_ik,nan,,0,b030_d10_e20,30,0.1,0.2,0.734474,0.255305,0.382384,0.398527,-0.31778,0.73298,1.38478,0,0,0,1,nan,0.0931997,0.186399,6.41711e-10,0.0359895,9.73642e-11,0.0931997,0.0179948,1.0024,1.0024,1.0024,0,0,nan,,,nan,nan,,,,,,,,,,,,,0,1,4.01162,arms_front_45,0.0576793,,0,,nan,
golem_ik,kinematic,golem_ik,nan,,0,b030_d20_e00,30,0.2,0,0.536572,0.226409,0.282384,0.214518,-0.239416,0.63298,1.28478,0,1,1,1,nan,0.0277472,0.0220548,0.0334395,0.00748551,0.019111,0.0277472,0.0132983,1.0024,1.0024,1.0024,0,0,nan,,,nan,nan,,,,,,,,,,,,,0,1,4.00449,arms_front_45,0.0516924,,0,,nan,
golem_ik,kinematic,golem_ik,nan,,0,b030_d20_e10,30,0.2,0.1,0.635523,0.240857,0.282384,0.306522,-0.278598,0.63298,1.28478,0,0,0,1,nan,0.0554376,0.110875,0,0.0301541,1.51017e-16,0.0554376,0.0150771,1.0024,1.0024,1.0024,0,0,nan,,,nan,nan,,,,,,,,,,,,,0,1,4.00974,arms_front_45,0.056594,,0,,nan,
golem_ik,kinematic,golem_ik,nan,,0,b030_d20_e20,30,0.2,0.2,0.734474,0.255305,0.282384,0.398527,-0.31778,0.63298,1.28478,0,0,0,1,nan,0.101905,0.20381,3.10796e-12,0.0458842,6.53493e-13,0.101905,0.0229421,1.0024,1.0024,1.0024,0,0,nan,,,nan,nan,,,,,,,,,,,,,0,1,4.00661,t_pose,0.0597995,,0,,nan,
golem_ik,kinematic,golem_ik,nan,,0,b030_d30_e00,30,0.3,0,0.536572,0.226409,0.182384,0.214518,-0.239416,0.53298,1.18478,0,0,0,1,nan,0.0412409,0.0614612,0.0210205,0.0218714,0.00996066,0.0412409,0.0159161,1.0024,1.0024,1.0024,0,0,nan,,,nan,nan,,,,,,,,,,,,,0,1,4.00058,home,0.048609,,0,,nan,
golem_ik,kinematic,golem_ik,nan,,0,b030_d30_e10,30,0.3,0.1,0.635523,0.240857,0.182384,0.306522,-0.278598,0.53298,1.18478,0,0,0,1,nan,0.0720647,0.144129,0,0.0414628,1.90362e-16,0.0720647,0.0207314,1.0024,1.0024,1.0024,0,0,nan,,,nan,nan,,,,,,,,,,,,,0,1,4.00081,t_pose,0.0577451,,0,,nan,
golem_ik,kinematic,golem_ik,nan,,0,b030_d30_e20,30,0.3,0.2,0.734474,0.255305,0.182384,0.398527,-0.31778,0.53298,1.18478,0,0,0,1,nan,0.116359,0.232718,1.23348e-12,0.0559615,3.39288e-13,0.116359,0.0279808,1.0024,1.0024,1.0024,0,0,nan,,,nan,nan,,,,,,,,,,,,,0,1,4.01102,arms_front_45,0.062185,,0,,nan,
golem_ik,kinematic,golem_ik,nan,,0,b030_d40_e00,30,0.4,0,0.536572,0.226409,0.0823839,0.214518,-0.239416,0.43298,1.08478,0,0,0,1,nan,0.0591439,0.116846,0.00144184,0.0444863,4.27741e-05,0.0591439,0.0222645,1.0024,1.0024,1.0024,0,0,nan,,,nan,nan,,,,,,,,,,,,,0,1,4.00982,t_pose,0.0433371,,0,,nan,
golem_ik,kinematic,golem_ik,nan,,0,b030_d40_e10,30,0.4,0.1,0.635523,0.240857,0.0823839,0.306522,-0.278598,0.43298,1.08478,0,0,0,1,nan,0.0956669,0.191334,0,0.0593561,3.29815e-16,0.0956669,0.029678,1.0024,1.0024,1.0024,0,0,nan,,,nan,nan,,,,,,,,,,,,,0,1,4.0006,arms_front_45,0.0518796,,0,,nan,
golem_ik,kinematic,golem_ik,nan,,0,b030_d40_e20,30,0.4,0.2,0.734474,0.255305,0.0823839,0.398527,-0.31778,0.43298,1.08478,0,0,0,1,nan,0.136758,0.273515,1.7005e-10,0.0703559,4.81094e-11,0.136758,0.035178,1.0024,1.0024,1.0024,0,0,nan,,,nan,nan,,,,,,,,,,,,,0,1,4.01221,arms_front_45,0.0582873,,0,,nan,
golem_ik,kinematic,golem_ik,nan,,0,b030_d50_e00,30,0.5,0,0.536572,0.226409,-0.0176161,0.214518,-0.239416,0.33298,0.984784,0,0,0,1,nan,0.0915312,0.183062,0,0.0733057,2.39497e-16,0.0915312,0.0366528,1.0024,1.0024,1.0024,0,0,nan,,,nan,nan,,,,,,,,,,,,,0,1,4.00072,t_pose,0.0403259,,0,,nan,
golem_ik,kinematic,golem_ik,nan,,0,b030_d50_e10,30,0.5,0.1,0.635523,0.240857,-0.0176161,0.306522,-0.278598,0.33298,0.984784,0,0,0,1,nan,0.124896,0.249792,0,0.0831936,3.16419e-16,0.124896,0.0415968,1.0024,1.0024,1.0024,0,0,nan,,,nan,nan,,,,,,,,,,,,,0,1,4.00058,t_pose,0.0477482,,0,,nan,
golem_ik,kinematic,golem_ik,nan,,0,b030_d50_e20,30,0.5,0.2,0.734474,0.255305,-0.0176161,0.398527,-0.31778,0.33298,0.984784,0,0,0,1,nan,0.162615,0.325229,2.21683e-07,0.0905214,5.79703e-08,0.162615,0.0452607,1.0024,1.0024,1.0024,0,0,nan,,,nan,nan,,,,,,,,,,,,,0,1,4.01072,arms_front_45,0.0538098,,0,,nan,
golem_ik,kinematic,golem_ik,nan,,0,b030_d60_e00,30,0.6,0,0.536572,0.226409,-0.117616,0.214518,-0.239416,0.23298,0.884784,1,0,0,1,nan,0.128225,0.256449,0,0.105602,2.31511e-16,0.128225,0.0528008,1.0024,1.0024,1.0024,0,0,nan,,,nan,nan,,,,,,,,,,,,,0,1,4.00077,t_pose,0.0386521,,0,,nan,
golem_ik,kinematic,golem_ik,nan,,0,b030_d60_e10,30,0.6,0.1,0.635523,0.240857,-0.117616,0.306522,-0.278598,0.23298,0.884784,1,0,0,1,nan,0.15823,0.316461,8.32667e-17,0.110775,3.11066e-16,0.15823,0.0553873,1.0024,1.0024,1.0024,0,0,nan,,,nan,nan,,,,,,,,,,,,,0,1,4.00125,home,0.0449194,,0,,nan,
golem_ik,kinematic,golem_ik,nan,,0,b030_d60_e20,30,0.6,0.2,0.734474,0.255305,-0.117616,0.398527,-0.31778,0.23298,0.884784,1,0,0,1,nan,0.192807,0.385536,7.7265e-05,0.114454,1.77556e-05,0.192807,0.0572357,1.0024,1.0024,1.0024,0,0,nan,,,nan,nan,,,,,,,,,,,,,0,1,4.00905,arms_front_45,0.0504002,,0,,nan,
golem_ik,kinematic,golem_ik,nan,,0,b030_d70_e00,30,0.7,0,0.536572,0.226409,-0.217616,0.214518,-0.239416,0.13298,0.784784,1,0,0,1,nan,0.173531,0.334776,0.0122864,0.139212,0.00737871,0.173531,0.0732951,1.0024,1.0024,1.0024,0,0,nan,,,nan,nan,,,,,,,,,,,,,0,1,4.01068,t_pose,0.019897,,0,,nan,
golem_ik,kinematic,golem_ik,nan,,0,b030_d70_e10,30,0.7,0.1,0.635523,0.240857,-0.217616,0.306522,-0.278598,0.13298,0.784784,1,0,0,1,nan,0.196144,0.389148,0.00314043,0.14021,0.00176713,0.196144,0.0709884,1.0024,1.0024,1.0024,0,0,nan,,,nan,nan,,,,,,,,,,,,,0,1,4.00768,arms_front_45,0.0361323,,0,,nan,
golem_ik,kinematic,golem_ik,nan,,0,b030_d70_e20,30,0.7,0.2,0.734474,0.255305,-0.217616,0.398527,-0.31778,0.13298,0.784784,1,0,0,1,nan,0.237276,0.452522,0.02203,0.140476,0.0112871,0.237276,0.0758816,1.0024,1.0024,1.0024,0,0,nan,,,nan,nan,,,,,,,,,,,,,0,1,4.00491,arms_front_45,0.0467454,,0,,nan,
golem_ik,kinematic,golem_ik,nan,,0,b030_d80_e00,30,0.8,0,0.536572,0.226409,-0.317616,0.214518,-0.239416,0.0329798,0.684784,1,0,0,0,nan,0.24128,0.416684,0.0658755,0.172642,0.035413,0.24128,0.104028,1.0024,1.0024,1.0024,0,0,nan,,,nan,nan,,,,,,,,,,,,,0,1,4.01224,arms_front_45,0.0199349,,0,,nan,
golem_ik,kinematic,golem_ik,nan,,0,b030_d80_e10,30,0.8,0.1,0.635523,0.240857,-0.317616,0.306522,-0.278598,0.0329798,0.684784,1,0,0,1,nan,0.249952,0.466346,0.0335587,0.170079,0.017878,0.249952,0.0939784,1.0024,1.0024,1.0024,0,0,nan,,,nan,nan,,,,,,,,,,,,,0,1,4.0055,arms_front_45,0.0220354,,0,,nan,
golem_ik,kinematic,golem_ik,nan,,0,b030_d80_e20,30,0.8,0.2,0.734474,0.255305,-0.317616,0.398527,-0.31778,0.0329798,0.684784,1,0,0,0,nan,0.298744,0.52472,0.072768,0.167295,0.0349319,0.298744,0.101113,1.0024,1.0024,1.0024,0,0,nan,,,nan,nan,,,,,,,,,,,,,0,1,4.00829,arms_front_45,0.0422764,,0,,nan,
golem_ik,kinematic,golem_ik,nan,,0,b030_d90_e00,30,0.9,0,0.536572,0.226409,-0.417616,0.214518,-0.239416,-0.0670202,0.584784,1,0,0,0,nan,0.293249,0.501317,0.0851819,0.20491,0.0544062,0.293249,0.129658,1.0024,1.0024,1.0024,0,0,nan,,,nan,nan,,,,,,,,,,,,,0,1,4.00969,arms_front_45,0.0197135,,0,,nan,
golem_ik,kinematic,golem_ik,nan,,0,b030_d90_e10,30,0.9,0.1,0.635523,0.240857,-0.417616,0.306522,-0.278598,-0.0670202,0.584784,1,0,0,0,nan,0.321513,0.547018,0.0960078,0.199378,0.0473992,0.321513,0.123389,1.0024,1.0024,1.0024,0,0,nan,,,nan,nan,,,,,,,,,,,,,0,1,4.00663,arms_front_45,0.027153,,0,,nan,
golem_ik,kinematic,golem_ik,nan,,0,b030_d90_e20,30,0.9,0.2,0.734474,0.255305,-0.417616,0.398527,-0.31778,-0.0670202,0.584784,1,0,0,0,nan,0.369257,0.601038,0.137476,0.19396,0.0614654,0.369257,0.127713,1.0024,1.0024,1.0024,0,0,nan,,,nan,nan,,,,,,,,,,,,,0,1,4.00447,arms_front_45,0.0414255,,0,,nan,
golem_ik,kinematic,golem_ik,nan,,0,b030_d100_e00,30,1,0,0.536572,0.226409,-0.517616,0.214518,-0.239416,-0.16702,0.484784,1,0,0,0,nan,0.376811,0.588109,0.165513,0.235384,0.095104,0.376811,0.165244,1.0024,1.0024,1.0024,0,0,nan,,,nan,nan,,,,,,,,,,,,,0,1,4.00871,current,0.0199886,,0,,nan,
golem_ik,kinematic,golem_ik,nan,,0,b030_d100_e10,30,1,0.1,0.635523,0.240857,-0.517616,0.306522,-0.278598,-0.16702,0.484784,1,0,0,0,nan,0.405801,0.630443,0.181158,0.227428,0.0861121,0.405801,0.15677,1.0024,1.0024,1.0024,0,0,nan,,,nan,nan,,,,,,,,,,,,,0,1,4.00954,arms_front_45,0.0311069,,0,,nan,
golem_ik,kinematic,golem_ik,nan,,0,b030_d100_e20,30,1,0.2,0.734474,0.255305,-0.517616,0.398527,-0.31778,-0.16702,0.484784,1,0,0,0,nan,0.448106,0.680664,0.215548,0.219799,0.0907944,0.448106,0.155297,1.0024,1.0024,1.0024,0,0,nan,,,nan,nan,,,,,,,,,,,,,0,1,4.0123,arms_front_45,0.0412076,,0,,nan,
golem_ik,kinematic,golem_ik,nan,,0,b031_d00_e00,31,0,0,0.285954,0.288785,0.392302,0.122994,-0.402344,0.801651,1.3947,0,1,1,1,nan,4.108e-06,4.59335e-08,8.17007e-06,1.46753e-08,3.2535e-05,4.108e-06,1.62748e-05,1.0024,1.0024,1.0024,0,0,nan,,,nan,nan,,,,,,,,,,,,,0,1,1.11323,t_pose,0.0870808,,0,,nan,
golem_ik,kinematic,golem_ik,nan,,0,b031_d00_e10,31,0,0.1,0.375677,0.33294,0.392302,0.166537,-0.492366,0.801651,1.3947,0,1,1,1,nan,0.000496812,4.13269e-07,0.00099321,1.12433e-07,0.00486087,0.000496812,0.00243049,1.0024,1.0024,1.0024,0,0,nan,,,nan,nan,,,,,,,,,,,,,0,1,1.13776,t_pose,0.0860571,,0,,nan,
golem_ik,kinematic,golem_ik,nan,,0,b031_d00_e20,31,0,0.2,0.465401,0.377096,0.392302,0.210079,-0.582388,0.801651,1.3947,0,1,1,1,nan,0.0227987,0.0239704,0.021627,0.0130859,0.00510672,0.0227987,0.00909631,1.0024,1.0024,1.0024,0,0,nan,,,nan,nan,,,,,,,,,,,,,0,1,4.00273,t_pose,0.0796465,,0,,nan,
golem_ik,kinematic,golem_ik,nan,,0,b031_d10_e00,31,0.1,0,0.285954,0.288785,0.292302,0.122994,-0.402344,0.701651,1.2947,0,1,1,1,nan,3.14681e-05,8.17313e-07,6.21189e-05,1.96548e-06,5.26732e-05,3.14681e-05,2.73193e-05,1.0024,1.0024,1.0024,0,0,nan,,,nan,nan,,,,,,,,,,,,,0,1,1.18494,t_pose,0.0826738,,0,,nan,
golem_ik,kinematic,golem_ik,nan,,0,b031_d10_e10,31,0.1,0.1,0.375677,0.33294,0.292302,0.166537,-0.492366,0.701651,1.2947,0,1,1,1,nan,0.000159196,1.00716e-07,0.000318292,8.97711e-08,0.000856886,0.000159196,0.000428488,1.0024,1.0024,1.0024,0,0,nan,,,nan,nan,,,,,,,,,,,,,0,1,1.23017,t_pose,0.0850714,,0,,nan,
golem_ik,kinematic,golem_ik,nan,,0,b031_d10_e20,31,0.1,0.2,0.465401,0.377096,0.292302,0.210079,-0.582388,0.701651,1.2947,0,1,1,1,nan,0.0206532,0.0413065,2.77556e-17,0.0163884,1.27818e-16,0.0206532,0.0081942,1.0024,1.0024,1.0024,0,0,nan,,,nan,nan,,,,,,,,,,,,,0,1,4.00662,t_pose,0.0909607,,0,,nan,
golem_ik,kinematic,golem_ik,nan,,0,b031_d20_e00,31,0.2,0,0.285954,0.288785,0.192302,0.122994,-0.402344,0.601651,1.1947,0,1,1,1,nan,2.78786e-05,1.36441e-05,4.21131e-05,3.01021e-05,0.000241252,2.78786e-05,0.000135677,1.0024,1.0024,1.0024,0,0,nan,,,nan,nan,,,,,,,,,,,,,0,1,1.143,t_pose,0.0841383,,0,,nan,
golem_ik,kinematic,golem_ik,nan,,0,b031_d20_e10,31,0.2,0.1,0.375677,0.33294,0.192302,0.166537,-0.492366,0.601651,1.1947,0,1,1,1,nan,5.84892e-05,6.62652e-05,5.07132e-05,0.000258846,0.000299724,5.84892e-05,0.000279285,1.0024,1.0024,1.0024,0,0,nan,,,nan,nan,,,,,,,,,,,,,0,1,1.14327,t_pose,0.0849784,,0,,nan,
golem_ik,kinematic,golem_ik,nan,,0,b031_d20_e20,31,0.2,0.2,0.465401,0.377096,0.192302,0.210079,-0.582388,0.601651,1.1947,0,1,1,1,nan,0.0155082,0.0310164,0,0.0130653,3.04739e-16,0.0155082,0.00653264,1.0024,1.0024,1.0024,0,0,nan,,,nan,nan,,,,,,,,,,,,,0,1,4.00758,t_pose,0.0946875,,0,,nan,
golem_ik,kinematic,golem_ik,nan,,0,b031_d30_e00,31,0.3,0,0.285954,0.288785,0.0923022,0.122994,-0.402344,0.501651,1.0947,0,1,1,1,nan,8.52194e-05,4.99903e-05,0.000120448,5.13181e-05,0.000541835,8.52194e-05,0.000296577,1.0024,1.0024,1.0024,0,0,nan,,,nan,nan,,,,,,,,,,,,,0,1,1.14711,t_pose,0.0762535,,0,,nan,
golem_ik,kinematic,golem_ik,nan,,0,b031_d30_e10,31,0.3,0.1,0.375677,0.33294,0.0923022,0.166537,-0.492366,0.501651,1.0947,0,1,1,1,nan,0.000178185,0.000353324,3.04693e-06,0.000319535,2.33994e-06,0.000178185,0.000160937,1.0024,1.0024,1.0024,0,0,nan,,,nan,nan,,,,,,,,,,,,,0,1,1.14563,t_pose,0.0903102,,0,,nan,
golem_ik,kinematic,golem_ik,nan,,0,b031_d30_e20,31,0.3,0.2,0.465401,0.377096,0.0923022,0.210079,-0.582388,0.501651,1.0947,0,0,0,1,nan,0.0332381,0.0664762,0,0.0216546,1.92793e-16,0.0332381,0.0108273,1.0024,1.0024,1.0024,0,0,nan,,,nan,nan,,,,,,,,,,,,,0,1,4.0105,t_pose,0.0849702,,0,,nan,
golem_ik,kinematic,golem_ik,nan,,0,b031_d40_e00,31,0.4,0,0.285954,0.288785,-0.00769778,0.122994,-0.402344,0.401651,0.994702,0,1,1,1,nan,0.000136772,0.000258083,1.54614e-05,0.000127533,5.01951e-06,0.000136772,6.62765e-05,1.0024,1.0024,1.0024,0,0,nan,,,nan,nan,,,,,,,,,,,,,0,1,1.16701,t_pose,0.0345842,,0,,nan,
golem_ik,kinematic,golem_ik,nan,,0,b031_d40_e10,31,0.4,0.1,0.375677,0.33294,-0.00769778,0.166537,-0.492366,0.401651,0.994702,0,1,1,1,nan,0.0215494,0.0430988,0,0.00745556,2.16048e-16,0.0215494,0.00372778,1.0024,1.0024,1.0024,0,0,nan,,,nan,nan,,,,,,,,,,,,,0,1,4.00345,t_pose,0.0746183,,0,,nan,
golem_ik,kinematic,golem_ik,nan,,0,b031_d40_e20,31,0.4,0.2,0.465401,0.377096,-0.00769778,0.210079,-0.582388,0.401651,0.994702,0,0,0,1,nan,0.0753809,0.118367,0.0323949,0.0274367,0.0203358,0.0753809,0.0238863,1.0024,1.0024,1.0024,0,0,nan,,,nan,nan,,,,,,,,,,,,,0,1,4.00922,t_pose,0.0797368,,0,,nan,
golem_ik,kinematic,golem_ik,nan,,0,b031_d50_e00,31,0.5,0,0.285954,0.288785,-0.107698,0.122994,-0.402344,0.301651,0.894702,0,0,0,1,nan,0.0362137,0.0627733,0.0096542,0.00157779,0.00739372,0.0362137,0.00448576,1.0024,1.0024,1.0024,0,0,nan,,,nan,nan,,,,,,,,,,,,,0,1,4.00901,home,0.021462,,0,,nan,
golem_ik,kinematic,golem_ik,nan,,0,b031_d50_e10,31,0.5,0.1,0.375677,0.33294,-0.107698,0.166537,-0.492366,0.301651,0.894702,0,0,0,1,nan,0.0777451,0.117374,0.0381158,0.0115221,0.0222861,0.0777451,0.0169041,1.0024,1.0024,1.0024,0,0,nan,,,nan,nan,,,,,,,,,,,,,0,1,4.0107,t_pose,0.0662282,,0,,nan,
golem_ik,kinematic,golem_ik,nan,,0,b031_d50_e20,31,0.5,0.2,0.465401,0.377096,-0.107698,0.210079,-0.582388,0.301651,0.894702,0,0,0,0,nan,0.137242,0.183406,0.0910777,0.0295242,0.0565323,0.137242,0.0430282,1.0024,1.0024,1.0024,0,0,nan,,,nan,nan,,,,,,,,,,,,,0,1,4.01018,t_pose,0.0744703,,0,,nan,
golem_ik,kinematic,golem_ik,nan,,0,b031_d60_e00,31,0.6,0,0.285954,0.288785,-0.207698,0.122994,-0.402344,0.201651,0.794702,1,0,0,1,nan,0.0850194,0.151777,0.0182621,0.00334715,0.0104492,0.0850194,0.00689818,1.0024,1.0024,1.0024,0,0,nan,,,nan,nan,,,,,,,,,,,,,0,1,4.00832,arms_front_45,0.0475614,,0,,nan,
golem_ik,kinematic,golem_ik,nan,,0,b031_d60_e10,31,0.6,0.1,0.375677,0.33294,-0.207698,0.166537,-0.492366,0.201651,0.794702,1,0,0,0,nan,0.14684,0.19926,0.0944186,0.00949515,0.0553168,0.14684,0.032406,1.0024,1.0024,1.0024,0,0,nan,,,nan,nan,,,,,,,,,,,,,0,1,4.01235,arms_front_45,0.0602933,,0,,nan,
golem_ik,kinematic,golem_ik,nan,,0,b031_d60_e20,31,0.6,0.2,0.465401,0.377096,-0.207698,0.210079,-0.582388,0.201651,0.794702,1,0,0,0,nan,0.208953,0.257638,0.160268,0.0330478,0.0972168,0.208953,0.0651323,1.0024,1.0024,1.0024,0,0,nan,,,nan,nan,,,,,,,,,,,,,0,1,4.00914,t_pose,0.0677341,,0,,nan,
golem_ik,kinematic,golem_ik,nan,,0,b031_d70_e00,31,0.7,0,0.285954,0.288785,-0.307698,0.122994,-0.402344,0.101651,0.694702,1,0,0,0,nan,0.150723,0.243416,0.0580302,0.004754,0.0355928,0.150723,0.0201734,1.0024,1.0024,1.0024,0,0,nan,,,nan,nan,,,,,,,,,,,,,0,1,4.00788,arms_front_45,0.0391393,,0,,nan,
golem_ik,kinematic,golem_ik,nan,,0,b031_d70_e10,31,0.7,0.1,0.375677,0.33294,-0.307698,0.166537,-0.492366,0.101651,0.694702,1,0,0,0,nan,0.206023,0.285666,0.12638,0.00698318,0.0776553,0.206023,0.0423192,1.0024,1.0024,1.0024,0,0,nan,,,nan,nan,,,,,,,,,,,,,0,1,4.00833,arms_front_45,0.0570356,,0,,nan,
golem_ik,kinematic,golem_ik,nan,,0,b031_d70_e20,31,0.7,0.2,0.465401,0.377096,-0.307698,0.210079,-0.582388,0.101651,0.694702,1,0,0,0,nan,0.269112,0.337415,0.200808,0.0241837,0.123563,0.269112,0.0738736,1.0024,1.0024,1.0024,0,0,nan,,,nan,nan,,,,,,,,,,,,,0,1,4.00739,arms_front_45,0.0630577,,0,,nan,
golem_ik,kinematic,golem_ik,nan,,0,b031_d80_e00,31,0.8,0,0.285954,0.288785,-0.407698,0.122994,-0.402344,0.00165052,0.594702,1,0,0,0,nan,0.22488,0.336869,0.112891,0.00587035,0.0707298,0.22488,0.0383001,1.0024,1.0024,1.0024,0,0,nan,,,nan,nan,,,,,,,,,,,,,0,1,4.00661,arms_front_45,0.0323169,,0,,nan,
golem_ik,kinematic,golem_ik,nan,,0,b031_d80_e10,31,0.8,0.1,0.375677,0.33294,-0.407698,0.166537,-0.492366,0.00165052,0.594702,1,0,0,0,nan,0.273954,0.374837,0.173071,0.00822142,0.108029,0.273954,0.0581251,1.0024,1.0024,1.0024,0,0,nan,,,nan,nan,,,,,,,,,,,,,0,1,4.00855,arms_front_45,0.0548745,,0,,nan,
golem_ik,kinematic,golem_ik,nan,,0,b031_d80_e20,31,0.8,0.2,0.465401,0.377096,-0.407698,0.210079,-0.582388,0.00165052,0.594702,1,0,0,0,nan,0.331324,0.421685,0.240964,0.0122674,0.1496,0.331324,0.0809339,1.0024,1.0024,1.0024,0,0,nan,,,nan,nan,,,,,,,,,,,,,0,1,4.0053,arms_front_45,0.0596828,,0,,nan,
golem_ik,kinematic,golem_ik,nan,,0,b031_d90_e00,31,0.9,0,0.285954,0.288785,-0.507698,0.122994,-0.402344,-0.0983495,0.494702,1,0,0,0,nan,0.304957,0.431618,0.178296,0.00675176,0.110515,0.304957,0.0586333,1.0024,1.0024,1.0024,0,0,nan,,,nan,nan,,,,,,,,,,,,,0,1,4.0124,arms_front_45,0.0390684,,0,,nan,
golem_ik,kinematic,golem_ik,nan,,0,b031_d90_e10,31,0.9,0.1,0.375677,0.33294,-0.507698,0.166537,-0.492366,-0.0983495,0.494702,1,0,0,0,nan,0.348554,0.466033,0.231075,0.0092062,0.142832,0.348554,0.0760191,1.0024,1.0024,1.0024,0,0,nan,,,nan,nan,,,,,,,,,,,,,0,1,4.01417,arms_front_45,0.0531579,,0,,nan,
golem_ik,kinematic,golem_ik,nan,,0,b031_d90_e20,31,0.9,0.2,0.465401,0.377096,-0.507698,0.210079,-0.582388,-0.0983495,0.494702,1,0,0,0,nan,0.400644,0.508845,0.292444,0.0118595,0.179586,0.400644,0.0957227,1.0024,1.0024,1.0024,0,0,nan,,,nan,nan,,,,,,,,,,,,,0,1,4.00661,arms_front_45,0.057513,,0,,nan,
golem_ik,kinematic,golem_ik,nan,,0,b031_d100_e00,31,1,0,0.285954,0.288785,-0.607698,0.122994,-0.402344,-0.198349,0.394702,1,0,0,0,nan,0.389288,0.527319,0.251257,0.00744572,0.151032,0.389288,0.0792388,1.0024,1.0024,1.0024,0,0,nan,,,nan,nan,,,,,,,,,,,,,0,1,4.01064,arms_front_45,0.0235586,,0,,nan,
golem_ik,kinematic,golem_ik,nan,,0,b031_d100_e10,31,1,0.1,0.375677,0.33294,-0.607698,0.166537,-0.492366,-0.198349,0.394702,1,0,0,0,nan,0.428228,0.558753,0.297703,0.00999296,0.178937,0.428228,0.0944649,1.0024,1.0024,1.0024,0,0,nan,,,nan,nan,,,,,,,,,,,,,0,1,4.01161,arms_front_45,0.0517795,,0,,nan,
golem_ik,kinematic,golem_ik,nan,,0,b031_d100_e20,31,1,0.2,0.465401,0.377096,-0.607698,0.210079,-0.582388,-0.198349,0.394702,1,0,0,0,nan,0.475577,0.598098,0.353056,0.0126882,0.211087,0.475577,0.111888,1.0024,1.0024,1.0024,0,0,nan,,,nan,nan,,,,,,,,,,,,,0,1,4.00849,arms_front_45,0.0557715,,0,,nan,
golem_ik,kinematic,golem_ik,nan,,0,b032_d00_e00,32,0,0,0.542297,0.322914,0.353394,0.242598,-0.627718,0.161043,1.16344,0,1,1,1,nan,0.000245197,0.00022419,0.000266204,0.000146872,0.000223234,0.000245197,0.000185053,1.0024,1.0024,1.0024,0,0,nan,,,nan,nan,,,,,,,,,,,,,0,1,0.0858014,home,0.0764564,,0,,nan,
golem_ik,kinematic,golem_ik,nan,,0,b032_d00_e10,32,0,0.1,0.637472,0.353601,0.353394,0.287731,-0.716954,0.161043,1.16344,0,0,0,0,nan,0.0930708,0.0981148,0.0880268,0.00112519,0.00151072,0.0930708,0.00131796,1.0024,1.0024,1.0024,0,0,nan,,,nan,nan,,,,,,,,,,,,,0,1,4.00474,arms_front_45,0.075972,,0,,nan,
golem_ik,kinematic,golem_ik,nan,,0,b032_d00_e20,32,0,0.2,0.732647,0.384288,0.353394,0.332864,-0.806189,0.161043,1.16344,0,0,0,0,nan,0.188168,0.196982,0.179355,0.00201221,0.00249221,0.188168,0.00225221,1.0024,1.0024,1.0024,0,0,nan,,,nan,nan,,,,,,,,,,,,,0,1,4.00391,arms_front_45,0.0763582,,0,,nan,
golem_ik,kinematic,golem_ik,nan,,0,b032_d10_e00,32,0.1,0,0.542297,0.322914,0.253394,0.242598,-0.627718,0.0610432,1.06344,0,0,1,0,nan,0.0402425,0.0239406,0.0565443,0.000446237,0.00273495,0.0402425,0.0015906,1.0024,1.0024,1.0024,0,0,nan,,,nan,nan,,,,,,,,,,,,,0,1,4.00796,arms_front_45,0.079354,,0,,nan,
golem_ik,kinematic,golem_ik,nan,,0,b032_d10_e10,32,0.1,0.1,0.637472,0.353601,0.253394,0.287731,-0.716954,0.0610432,1.06344,0,0,0,0,nan,0.128102,0.118817,0.137387,0.00193405,0.00322239,0.128102,0.00257822,1.0024,1.0024,1.0024,0,0,nan,,,nan,nan,,,,,,,,,,,,,0,1,4.00822,arms_front_45,0.0794098,,0,,nan,
golem_ik,kinematic,golem_ik,nan,,0,b032_d10_e20,32,0.1,0.2,0.732647,0.384288,0.253394,0.332864,-0.806189,0.0610432,1.06344,0,0,0,0,nan,0.218918,0.215008,0.222828,0.00310037,0.00439213,0.218918,0.00374625,1.0024,1.0024,1.0024,0,0,nan,,,nan,nan,,,,,,,,,,,,,0,1,4.00822,arms_front_45,0.0794087,,0,,nan,
golem_ik,kinematic,golem_ik,nan,,0,b032_d20_e00,32,0.2,0,0.542297,0.322914,0.153394,0.242598,-0.627718,-0.0389568,0.963443,0,0,0,0,nan,0.0943667,0.0636036,0.12513,0.00146726,0.015938,0.0943667,0.00870265,1.0024,1.0024,1.0024,0,0,nan,,,nan,nan,,,,,,,,,,,,,0,1,4.00928,arms_front_45,0.0744479,,0,,nan,
golem_ik,kinematic,golem_ik,nan,,0,b032_d20_e10,32,0.2,0.1,0.637472,0.353601,0.153394,0.287731,-0.716954,-0.0389568,0.963443,0,0,0,0,nan,0.175162,0.153163,0.19716,0.00311404,0.0124611,0.175162,0.00778757,1.0024,1.0024,1.0024,0,0,nan,,,nan,nan,,,,,,,,,,,,,0,1,4.00807,arms_front_45,0.0784431,,0,,nan,
golem_ik,kinematic,golem_ik,nan,,0,b032_d20_e20,32,0.2,0.2,0.732647,0.384288,0.153394,0.332864,-0.806189,-0.0389568,0.963443,0,0,0,0,nan,0.260743,0.245217,0.276269,0.00443549,0.00675989,0.260743,0.00559769,1.0024,1.0024,1.0024,0,0,nan,,,nan,nan,,,,,,,,,,,,,0,1,4.00439,arms_front_45,0.0814904,,0,,nan,
golem_ik,kinematic,golem_ik,nan,,0,b032_d30_e00,32,0.3,0,0.542297,0.322914,0.0533936,0.242598,-0.627718,-0.138957,0.863443,1,0,0,0,nan,0.158938,0.115898,0.201977,0.00401053,0.0359426,0.158938,0.0199766,1.0024,1.0024,1.0024,0,0,nan,,,nan,nan,,,,,,,,,,,,,0,1,4.00969,arms_front_45,0.0684657,,0,,nan,
golem_ik,kinematic,golem_ik,nan,,0,b032_d30_e10,32,0.3,0.1,0.637472,0.353601,0.0533936,0.287731,-0.716954,-0.138957,0.863443,1,0,0,0,nan,0.232619,0.199271,0.265966,0.00469103,0.0325162,0.232619,0.0186036,1.0024,1.0024,1.0024,0,0,nan,,,nan,nan,,,,,,,,,,,,,0,1,4.01318,arms_front_45,0.0729404,,0,,nan,
golem_ik,kinematic,golem_ik,nan,,0,b032_d30_e20,32,0.3,0.2,0.732647,0.384288,0.0533936,0.332864,-0.806189,-0.138957,0.863443,1,0,0,0,nan,0.312119,0.286286,0.337951,0.00604945,0.0217768,0.312119,0.0139131,1.0024,1.0024,1.0024,0,0,nan,,,nan,nan,,,,,,,,,,,,,0,1,4.00574,arms_front_45,0.0764315,,0,,nan,
golem_ik,kinematic,golem_ik,nan,,0,b032_d40_e00,32,0.4,0,0.542297,0.322914,-0.0466064,0.242598,-0.627718,-0.238957,0.763443,1,0,0,0,nan,0.231359,0.178733,0.283985,0.0163557,0.0593361,0.231359,0.0378459,1.0024,1.0024,1.0024,0,0,nan,,,nan,nan,,,,,,,,,,,,,0,1,4.00759,arms_front_45,0.062572,,0,,nan,
golem_ik,kinematic,golem_ik,nan,,0,b032_d40_e10,32,0.4,0.1,0.637472,0.353601,-0.0466064,0.287731,-0.716954,-0.238957,0.763443,1,0,0,0,nan,0.298212,0.255114,0.34131,0.00759917,0.0544538,0.298212,0.0310265,1.0024,1.0024,1.0024,0,0,nan,,,nan,nan,,,,,,,,,,,,,0,1,4.00493,arms_front_45,0.0682032,,0,,nan,
golem_ik,kinematic,golem_ik,nan,,0,b032_d40_e20,32,0.4,0.2,0.732647,0.384288,-0.0466064,0.332864,-0.806189,-0.238957,0.763443,1,0,0,0,nan,0.371784,0.336704,0.406864,0.00793728,0.0457794,0.371784,0.0268584,1.0024,1.0024,1.0024,0,0,nan,,,nan,nan,,,,,,,,,,,,,0,1,4.00339,arms_front_45,0.0719023,,0,,nan,
golem_ik,kinematic,golem_ik,nan,,0,b032_d50_e00,32,0.5,0,0.542297,0.322914,-0.146606,0.242598,-0.627718,-0.338957,0.663443,1,0,0,0,nan,0.310107,0.250726,0.369488,0.0340222,0.0842768,0.310107,0.0591495,1.0024,1.0024,1.0024,0,0,nan,,,nan,nan,,,,,,,,,,,,,0,1,4.01122,arms_front_45,0.0576598,,0,,nan,
golem_ik,kinematic,golem_ik,nan,,0,b032_d50_e10,32,0.5,0.1,0.637472,0.353601,-0.146606,0.287731,-0.716954,-0.338957,0.663443,1,0,0,0,nan,0.370362,0.319395,0.421328,0.0229871,0.0780514,0.370362,0.0505192,1.0024,1.0024,1.0024,0,0,nan,,,nan,nan,,,,,,,,,,,,,0,1,4.00672,arms_front_45,0.0633089,,0,,nan,
golem_ik,kinematic,golem_ik,nan,,0,b032_d50_e20,32,0.5,0.2,0.732647,0.384288,-0.146606,0.332864,-0.806189,-0.338957,0.663443,1,0,0,0,nan,0.438136,0.394993,0.481279,0.0105576,0.0694826,0.438136,0.0400201,1.0024,1.0024,1.0024,0,0,nan,,,nan,nan,,,,,,,,,,,,,0,1,4.01102,arms_front_45,0.0677513,,0,,nan,
golem_ik,kinematic,golem_ik,nan,,0,b032_d60_e00,32,0.6,0,0.542297,0.322914,-0.246606,0.242598,-0.627718,-0.438957,0.563443,1,0,0,0,nan,0.393194,0.328878,0.45751,0.056349,0.109801,0.393194,0.083075,1.0024,1.0024,1.0024,0,0,nan,,,nan,nan,,,,,,,,,,,,,0,1,4.00692,arms_front_45,0.0542667,,0,,nan,
golem_ik,kinematic,golem_ik,nan,,0,b032_d60_e10,32,0.6,0.1,0.637472,0.353601,-0.246606,0.287731,-0.716954,-0.438957,0.563443,1,0,0,0,nan,0.447826,0.390871,0.50478,0.0435679,0.102387,0.447826,0.0729777,1.0024,1.0024,1.0024,0,0,nan,,,nan,nan,,,,,,,,,,,,,0,1,4.00683,arms_front_45,0.059376,,0,,nan,
golem_ik,kinematic,golem_ik,nan,,0,b032_d60_e20,32,0.6,0.2,0.732647,0.384288,-0.246606,0.332864,-0.806189,-0.438957,0.563443,1,0,0,0,nan,0.510099,0.460312,0.559886,0.0290125,0.0934287,0.510099,0.0612206,1.0024,1.0024,1.0024,0,0,nan,,,nan,nan,,,,,,,,,,,,,0,1,4.00902,arms_front_45,0.0635624,,0,,nan,
golem_ik,kinematic,golem_ik,nan,,0,b032_d70_e00,32,0.7,0,0.542297,0.322914,-0.346606,0.242598,-0.627718,-0.538957,0.463443,1,0,0,0,nan,0.479366,0.411256,0.547475,0.0800341,0.136006,0.479366,0.10802,1.0024,1.0024,1.0024,0,0,nan,,,nan,nan,,,,,,,,,,,,,0,1,4.00975,arms_front_45,0.0518198,,0,,nan,
golem_ik,kinematic,golem_ik,nan,,0,b032_d70_e10,32,0.7,0.1,0.637472,0.353601,-0.346606,0.287731,-0.716954,-0.538957,0.463443,1,0,0,0,nan,0.529228,0.467598,0.590858,0.0656428,0.127355,0.529228,0.0964988,1.0024,1.0024,1.0024,0,0,nan,,,nan,nan,,,,,,,,,,,,,0,1,4.00982,arms_front_45,0.056367,,0,,nan,
golem_ik,kinematic,golem_ik,nan,,0,b032_d70_e20,32,0.7,0.2,0.732647,0.384288,-0.346606,0.332864,-0.806189,-0.538957,0.463443,1,0,0,0,nan,0.586617,0.531494,0.641739,0.050315,0.116716,0.586617,0.0835157,1.0024,1.0024,1.0024,0,0,nan,,,nan,nan,,,,,,,,,,,,,0,1,4.01163,arms_front_45,0.0602626,,0,,nan,
golem_ik,kinematic,golem_ik,nan,,0,b032_d80_e00,32,0.8,0,0.542297,0.322914,-0.446606,0.242598,-0.627718,-0.638957,0.363443,1,0,0,0,nan,0.567777,0.496682,0.638872,0.103634,0.161349,0.567777,0.132491,1.0024,1.0024,1.0024,0,0,nan,,,nan,nan,,,,,,,,,,,,,0,1,4.01206,arms_front_45,0.0499558,,0,,nan,
golem_ik,kinematic,golem_ik,nan,,0,b032_d80_e10,32,0.8,0.1,0.637472,0.353601,-0.446606,0.287731,-0.716954,-0.638957,0.363443,1,0,0,0,nan,0.613595,0.548249,0.678941,0.0878334,0.151023,0.613595,0.119428,1.0024,1.0024,1.0024,0,0,nan,,,nan,nan,,,,,,,,,,,,,0,1,4.0081,arms_front_45,0.0540078,,0,,nan,
golem_ik,kinematic,golem_ik,nan,,0,b032_d80_e20,32,0.8,0.2,0.732647,0.384288,-0.446606,0.332864,-0.806189,-0.638957,0.363443,1,0,0,0,nan,0.666719,0.607255,0.726183,0.0716062,0.138864,0.666719,0.105235,1.0024,1.0024,1.0024,0,0,nan,,,nan,nan,,,,,,,,,,,,,0,1,4.0086,arms_front_45,0.0575927,,0,,nan,
golem_ik,kinematic,golem_ik,nan,,0,b032_d90_e00,32,0.9,0,0.542297,0.322914,-0.546606,0.242598,-0.627718,-0.738957,0.263443,1,0,0,0,nan,0.657947,0.584405,0.731488,0.126307,0.185533,0.657947,0.15592,1.0024,1.0024,1.0024,0,0,nan,,,nan,nan,,,,,,,,,,,,,0,1,4.00665,arms_front_45,0.048473,,0,,nan,
golem_ik,kinematic,golem_ik,nan,,0,b032_d90_e10,32,0.9,0.1,0.637472,0.353601,-0.546606,0.287731,-0.716954,-0.738957,0.263443,1,0,0,0,nan,0.700296,0.631912,0.768679,0.109363,0.172988,0.700296,0.141176,1.0024,1.0024,1.0024,0,0,nan,,,nan,nan,,,,,,,,,,,,,0,1,4.00624,arms_front_45,0.0521053,,0,,nan,
golem_ik,kinematic,golem_ik,nan,,0,b032_d90_e20,32,0.9,0.2,0.732647,0.384288,-0.546606,0.332864,-0.806189,-0.738957,0.263443,1,0,0,0,nan,0.749684,0.686625,0.812743,0.0922928,0.159229,0.749684,0.125761,1.0024,1.0024,1.0024,0,0,nan,,,nan,nan,,,,,,,,,,,,,0,1,4.01184,arms_front_45,0.055398,,0,,nan,
golem_ik,kinematic,golem_ik,nan,,0,b032_d100_e00,32,1,0,0.542297,0.322914,-0.646606,0.242598,-0.627718,-0.838957,0.163443,1,0,0,0,nan,0.749516,0.673925,0.825106,0.147553,0.206692,0.749516,0.177123,1.0024,1.0024,1.0024,0,0,nan,,,nan,nan,,,,,,,,,,,,,0,1,4.00898,arms_front_45,0.0472424,,0,,nan,
golem_ik,kinematic,golem_ik,nan,,0,b032_d100_e10,32,1,0.1,0.637472,0.353601,-0.646606,0.287731,-0.716954,-0.838957,0.163443,1,0,0,0,nan,0.788907,0.717953,0.859861,0.129652,0.193043,0.788907,0.161347,1.0024,1.0024,1.0024,0,0,nan,,,nan,nan,,,,,,,,,,,,,0,1,4.00418,arms_front_45,0.0505152,,0,,nan,
golem_ik,kinematic,golem_ik,nan,,0,b032_d100_e20,32,1,0.2,0.732647,0.384288,-0.646606,0.332864,-0.806189,-0.838957,0.163443,1,0,0,0,nan,0.83507,0.768919,0.901221,0.111492,0.178123,0.83507,0.144808,1.0024,1.0024,1.0024,0,0,nan,,,nan,nan,,,,,,,,,,,,,0,1,4.01052,arms_front_45,0.0535038,,0,,nan,
golem_ik,kinematic,golem_ik,nan,,0,b033_d00_e00,33,0,0,0.324698,0.442419,0.047229,0.331269,0.0336119,0.818375,1.04963,0,1,1,1,nan,0.00398691,1.56141e-07,0.00797367,3.59936e-09,9.53935e-05,0.00398691,4.76985e-05,1.0024,1.0024,1.0024,0,0,nan,,,nan,nan,,,,,,,,,,,,,0,1,4.01299,current,0.0195136,,0,,nan,
golem_ik,kinematic,golem_ik,nan,,0,b033_d00_e10,33,0,0.1,0.398785,0.509584,0.047229,0.418949,0.0816969,0.818375,1.04963,0,0,0,0,nan,0.0792179,0.0750693,0.0833665,0.00149328,0.00115186,0.0792179,0.00132257,1.0024,1.0024,1.0024,0,0,nan,,,nan,nan,,,,,,,,,,,,,0,1,4.00801,home,0.019404,,0,,nan,
golem_ik,kinematic,golem_ik,nan,,0,b033_d00_e20,33,0,0.2,0.472872,0.576748,0.047229,0.506629,0.129782,0.818375,1.04963,0,0,0,0,nan,0.160439,0.15628,0.164597,0.00311465,0.00106089,0.160439,0.00208777,1.0024,1.0024,1.0024,0,0,nan,,,nan,nan,,,,,,,,,,,,,0,1,4.00582,t_pose,0.0196311,,0,,nan,
golem_ik,kinematic,golem_ik,nan,,0,b033_d10_e00,33,0.1,0,0.324698,0.442419,-0.052771,0.331269,0.0336119,0.718375,0.949629,0,0,0,1,nan,0.036936,0.073872,1.38778e-17,0.00143338,1.64591e-16,0.036936,0.000716692,1.0024,1.0024,1.0024,0,0,nan,,,nan,nan,,,,,,,,,,,,,0,1,4.01073,t_pose,0.0309665,,0,,nan,
golem_ik,kinematic,golem_ik,nan,,0,b033_d10_e10,33,0.1,0.1,0.398785,0.509584,-0.052771,0.418949,0.0816969,0.718375,0.949629,0,0,0,1,nan,0.0869745,0.141117,0.0328322,0.00281442,0.000179576,0.0869745,0.001497,1.0024,1.0024,1.0024,0,0,nan,,,nan,nan,,,,,,,,,,,,,0,1,4.01452,t_pose,0.0197956,,0,,nan,
golem_ik,kinematic,golem_ik,nan,,0,b033_d10_e20,33,0.1,0.2,0.472872,0.576748,-0.052771,0.506629,0.129782,0.718375,0.949629,0,0,0,0,nan,0.167038,0.215454,0.118622,0.00433075,0.000779672,0.167038,0.00255521,1.0024,1.0024,1.0024,0,0,nan,,,nan,nan,,,,,,,,,,,,,0,1,4.00763,home,0.0199339,,0,,nan,
golem_ik,kinematic,golem_ik,nan,,0,b033_d20_e00,33,0.2,0,0.324698,0.442419,-0.152771,0.331269,0.0336119,0.618375,0.849629,1,0,0,1,nan,0.0770783,0.154157,6.54614e-17,0.00294136,1.90903e-16,0.0770783,0.00147068,1.0024,1.0024,1.0024,0,0,nan,,,nan,nan,,,,,,,,,,,,,0,1,4.00998,t_pose,0.0409801,,0,,nan,
golem_ik,kinematic,golem_ik,nan,,0,b033_d20_e10,33,0.2,0.1,0.398785,0.509584,-0.152771,0.418949,0.0816969,0.618375,0.849629,1,0,0,1,nan,0.107286,0.214466,0.00010592,0.00422802,8.83312e-06,0.107286,0.00211843,1.0024,1.0024,1.0024,0,0,nan,,,nan,nan,,,,,,,,,,,,,0,1,4.0102,t_pose,0.022299,,0,,nan,
golem_ik,kinematic,golem_ik,nan,,0,b033_d20_e20,33,0.2,0.2,0.472872,0.576748,-0.152771,0.506629,0.129782,0.618375,0.849629,1,0,0,0,nan,0.182245,0.282359,0.0821319,0.00563958,0.000695712,0.182245,0.00316765,1.0024,1.0024,1.0024,0,0,nan,,,nan,nan,,,,,,,,,,,,,0,1,4.00895,t_pose,0.0199366,,0,,nan,
golem_ik,kinematic,golem_ik,nan,,0,b033_d30_e00,33,0.3,0,0.324698,0.442419,-0.252771,0.331269,0.0336119,0.518375,0.749629,1,0,0,1,nan,0.119448,0.238896,3.52342e-12,0.00444918,8.42458e-13,0.119448,0.00222459,1.0024,1.0024,1.0024,0,0,nan,,,nan,nan,,,,,,,,,,,,,0,1,4.01187,t_pose,0.0505279,,0,,nan,
golem_ik,kinematic,golem_ik,nan,,0,b033_d30_e10,33,0.3,0.1,0.398785,0.509584,-0.252771,0.418949,0.0816969,0.518375,0.749629,1,0,0,1,nan,0.146674,0.293238,0.000109134,0.00566116,1.34687e-05,0.146674,0.00283731,1.0024,1.0024,1.0024,0,0,nan,,,nan,nan,,,,,,,,,,,,,0,1,4.01038,t_pose,0.034332,,0,,nan,
golem_ik,kinematic,golem_ik,nan,,0,b033_d30_e20,33,0.3,0.2,0.472872,0.576748,-0.252771,0.506629,0.129782,0.518375,0.749629,1,0,0,0,nan,0.20671,0.35531,0.0581095,0.00697856,0.00053116,0.20671,0.00375486,1.0024,1.0024,1.0024,0,0,nan,,,nan,nan,,,,,,,,,,,,,0,1,4.00654,t_pose,0.0199962,,0,,nan,
golem_ik,kinematic,golem_ik,nan,,0,b033_d40_e00,33,0.4,0,0.324698,0.442419,-0.352771,0.331269,0.0336119,0.418375,0.649629,1,0,0,1,nan,0.163408,0.326816,1.00448e-07,0.00591175,2.51303e-08,0.163408,0.00295589,1.0024,1.0024,1.0024,0,0,nan,,,nan,nan,,,,,,,,,,,,,0,1,4.00922,t_pose,0.0554289,,0,,nan,
golem_ik,kinematic,golem_ik,nan,,0,b033_d40_e10,33,0.4,0.1,0.398785,0.509584,-0.352771,0.418949,0.0816969,0.418375,0.649629,1,0,0,1,nan,0.188468,0.376069,0.000867724,0.00706405,0.000118232,0.188468,0.00359114,1.0024,1.0024,1.0024,0,0,nan,,,nan,nan,,,,,,,,,,,,,0,1,4.00801,t_pose,0.042857,,0,,nan,
golem_ik,kinematic,golem_ik,nan,,0,b033_d40_e20,33,0.4,0.2,0.472872,0.576748,-0.352771,0.506629,0.129782,0.418375,0.649629,1,0,0,0,nan,0.246498,0.432978,0.0600183,0.00829934,0.00250428,0.246498,0.00540181,1.0024,1.0024,1.0024,0,0,nan,,,nan,nan,,,,,,,,,,,,,0,1,4.00715,t_pose,0.0295338,,0,,nan,
golem_ik,kinematic,golem_ik,nan,,0,b033_d50_e00,33,0.5,0,0.324698,0.442419,-0.452771,0.331269,0.0336119,0.318375,0.549629,1,0,0,1,nan,0.208548,0.417062,3.42416e-05,0.0073011,8.4999e-06,0.208548,0.0036548,1.0024,1.0024,1.0024,0,0,nan,,,nan,nan,,,,,,,,,,,,,0,1,4.00908,arms_front_45,0.0287753,,0,,nan,
golem_ik,kinematic,golem_ik,nan,,0,b033_d50_e10,33,0.5,0.1,0.398785,0.509584,-0.452771,0.418949,0.0816969,0.318375,0.549629,1,0,0,1,nan,0.233968,0.461972,0.00596374,0.00840348,0.000787157,0.233968,0.00459532,1.0024,1.0024,1.0024,0,0,nan,,,nan,nan,,,,,,,,,,,,,0,1,4.01296,t_pose,0.0418198,,0,,nan,
golem_ik,kinematic,golem_ik,nan,,0,b033_d50_e20,33,0.5,0.2,0.472872,0.576748,-0.452771,0.506629,0.129782,0.318375,0.549629,1,0,0,0,nan,0.296036,0.514341,0.0777308,0.00956839,0.004197,0.296036,0.0068827,1.0024,1.0024,1.0024,0,0,nan,,,nan,nan,,,,,,,,,,,,,0,1,4.006,t_pose,0.0396697,,0,,nan,
golem_ik,kinematic,golem_ik,nan,,0,b033_d60_e00,33,0.6,0,0.324698,0.442419,-0.552771,0.331269,0.0336119,0.218375,0.449629,1,0,0,1,nan,0.255372,0.509042,0.00170162,0.00859824,0.000344858,0.255372,0.00447155,1.0024,1.0024,1.0024,0,0,nan,,,nan,nan,,,,,,,,,,,,,0,1,4.00837,arms_front_45,0.02311,,0,,nan,
golem_ik,kinematic,golem_ik,nan,,0,b033_d60_e10,33,0.6,0.1,0.398785,0.509584,-0.552771,0.418949,0.0816969,0.218375,0.449629,1,0,0,1,nan,0.289989,0.550236,0.0297417,0.00966034,0.00317607,0.289989,0.00641821,1.0024,1.0024,1.0024,0,0,nan,,,nan,nan,,,,,,,,,,,,,0,1,4.00672,t_pose,0.0369909,,0,,nan,
golem_ik,kinematic,golem_ik,nan,,0,b033_d60_e20,33,0.6,0.2,0.472872,0.576748,-0.552771,0.506629,0.129782,0.218375,0.449629,1,0,0,0,nan,0.353186,0.598623,0.107748,0.0107728,0.00654345,0.353186,0.00865811,1.0024,1.0024,1.0024,0,0,nan,,,nan,nan,,,,,,,,,,,,,0,1,4.0064,t_pose,0.0406714,,0,,nan,
golem_ik,kinematic,golem_ik,nan,,0,b033_d70_e00,33,0.7,0,0.324698,0.442419,-0.652771,0.331269,0.0336119,0.118375,0.349629,1,0,0,1,nan,0.310281,0.602347,0.0182161,0.00979457,0.00284385,0.310281,0.00631921,1.0024,1.0024,1.0024,0,0,nan,,,nan,nan,,,,,,,,,,,,,0,1,4.00971,arms_front_45,0.0208005,,0,,nan,
golem_ik,kinematic,golem_ik,nan,,0,b033_d70_e10,33,0.7,0.1,0.398785,0.509584,-0.652771,0.418949,0.0816969,0.118375,0.349629,1,0,0,0,nan,0.356077,0.640341,0.0718119,0.0108318,0.0136654,0.356077,0.0122486,1.0024,1.0024,1.0024,0,0,nan,,,nan,nan,,,,,,,,,,,,,0,1,4.01445,t_pose,0.0305143,,0,,nan,
golem_ik,kinematic,golem_ik,nan,,0,b033_d70_e20,33,0.7,0.2,0.472872,0.576748,-0.652771,0.506629,0.129782,0.118375,0.349629,1,0,0,0,nan,0.416714,0.685231,0.148197,0.011909,0.011334,0.416714,0.0116215,1.0024,1.0024,1.0024,0,0,nan,,,nan,nan,,,,,,,,,,,,,0,1,4.00792,t_pose,0.0369181,,0,,nan,
golem_ik,kinematic,golem_ik,nan,,0,b033_d80_e00,33,0.8,0,0.324698,0.442419,-0.752771,0.331269,0.0336119,0.0183753,0.249629,1,0,0,0,nan,0.385802,0.696682,0.0749229,0.010893,0.0311228,0.385802,0.0210079,1.0024,1.0024,1.0024,0,0,nan,,,nan,nan,,,,,,,,,,,,,0,1,4.00946,home,0.0199701,,0,,nan,
golem_ik,kinematic,golem_ik,nan,,0,b033_d80_e10,33,0.8,0.1,0.398785,0.509584,-0.752771,0.418949,0.0816969,0.0183753,0.249629,1,0,0,0,nan,0.432337,0.731902,0.132771,0.0119383,0.0399843,0.432337,0.0259613,1.0024,1.0024,1.0024,0,0,nan,,,nan,nan,,,,,,,,,,,,,0,1,4.00606,t_pose,0.0249629,,0,,nan,
golem_ik,kinematic,golem_ik,nan,,0,b033_d80_e20,33,0.8,0.2,0.472872,0.576748,-0.752771,0.506629,0.129782,0.0183753,0.249629,1,0,0,0,nan,0.488491,0.773713,0.203268,0.0130314,0.0434259,0.488491,0.0282286,1.0024,1.0024,1.0024,0,0,nan,,,nan,nan,,,,,,,,,,,,,0,1,4.01383,t_pose,0.0308474,,0,,nan,
golem_ik,kinematic,golem_ik,nan,,0,b033_d90_e00,33,0.9,0,0.324698,0.442419,-0.852771,0.331269,0.0336119,-0.0816247,0.149629,1,0,0,0,nan,0.474595,0.791829,0.157361,0.0119023,0.0723253,0.474595,0.0421138,1.0024,1.0024,1.0024,0,0,nan,,,nan,nan,,,,,,,,,,,,,0,1,4.01054,arms_front_45,0.0200109,,0,,nan,
golem_ik,kinematic,golem_ik,nan,,0,b033_d90_e10,33,0.9,0.1,0.398785,0.509584,-0.852771,0.418949,0.0816969,-0.0816247,0.149629,1,0,0,0,nan,0.515348,0.824631,0.206066,0.0130225,0.0754867,0.515348,0.0442546,1.0024,1.0024,1.0024,0,0,nan,,,nan,nan,,,,,,,,,,,,,0,1,4.01289,t_pose,0.0214067,,0,,nan,
golem_ik,kinematic,golem_ik,nan,,0,b033_d90_e20,33,0.9,0.2,0.472872,0.576748,-0.852771,0.506629,0.129782,-0.0816247,0.149629,1,0,0,0,nan,0.566221,0.86372,0.268721,0.0141272,0.0756429,0.566221,0.0448851,1.0024,1.0024,1.0024,0,0,nan,,,nan,nan,,,,,,,,,,,,,0,1,4.01173,t_pose,0.0261005,,0,,nan,
golem_ik,kinematic,golem_ik,nan,,0,b033_d100_e00,33,1,0,0.324698,0.442419,-0.952771,0.331269,0.0336119,-0.181625,0.049629,1,0,0,0,nan,0.565352,0.887632,0.243073,0.0128868,0.113106,0.565352,0.0629963,1.0024,1.0024,1.0024,0,0,nan,,,nan,nan,,,,,,,,,,,,,0,1,4.00449,arms_front_45,0.0213628,,0,,nan,
golem_ik,kinematic,golem_ik,nan,,0,b033_d100_e10,33,1,0.1,0.398785,0.509584,-0.952771,0.418949,0.0816969,-0.181625,0.049629,1,0,0,0,nan,0.601913,0.918307,0.285518,0.0143065,0.112306,0.601913,0.063306,1.0024,1.0024,1.0024,0,0,nan,,,nan,nan,,,,,,,,,,,,,0,1,4.00546,t_pose,0.0200097,,0,,nan,
golem_ik,kinematic,golem_ik,nan,,0,b033_d100_e20,33,1,0.2,0.472872,0.576748,-0.952771,0.506629,0.129782,-0.181625,0.049629,1,0,0,0,nan,0.648079,0.95498,0.341177,0.0155474,0.109025,0.648079,0.0622864,1.0024,1.0024,1.0024,0,0,nan,,,nan,nan,,,,,,,,,,,,,0,1,4.01039,t_pose,0.0228616,,0,,nan,
golem_ik,kinematic,golem_ik,nan,,0,b034_d00_e00,34,0,0,0.381258,0.46419,0.492183,0.353874,-0.269883,0.13932,1.14172,0,1,1,1,nan,0.000119662,0.000239325,3.31375e-10,0.000683578,6.09844e-11,0.000119662,0.000341789,1.0024,1.0024,1.0024,0,0,nan,,,nan,nan,,,,,,,,,,,,,0,1,0.104014,home,0.0492303,,0,,nan,
golem_ik,kinematic,golem_ik,nan,,0,b034_d00_e10,34,0,0.1,0.458238,0.528019,0.492183,0.448428,-0.302434,0.13932,1.14172,0,1,1,1,nan,0.000419802,0.000839449,1.55788e-07,0.000734055,1.01272e-08,0.000419802,0.000367032,1.0024,1.0024,1.0024,0,0,nan,,,nan,nan,,,,,,,,,,,,,0,1,0.0913858,home,0.0640636,,0,,nan,
golem_ik,kinematic,golem_ik,nan,,0,b034_d00_e20,34,0,0.2,0.535217,0.591848,0.492183,0.542982,-0.334985,0.13932,1.14172,0,0,0,0,nan,0.085817,0.100251,0.0713831,0.000954803,0.000261965,0.085817,0.000608384,1.0024,1.0024,1.0024,0,0,nan,,,nan,nan,,,,,,,,,,,,,0,1,4.00479,arms_front_45,0.0763038,,0,,nan,
golem_ik,kinematic,golem_ik,nan,,0,b034_d10_e00,34,0.1,0,0.381258,0.46419,0.392183,0.353874,-0.269883,0.03932,1.04172,0,1,1,1,nan,2.00532e-05,4.00448e-05,6.15755e-08,0.000135013,5.43825e-09,2.00532e-05,6.75091e-05,1.0024,1.0024,1.0024,0,0,nan,,,nan,nan,,,,,,,,,,,,,0,1,0.0771179,home,0.0517111,,0,,nan,
golem_ik,kinematic,golem_ik,nan,,0,b034_d10_e10,34,0.1,0.1,0.458238,0.528019,0.392183,0.448428,-0.302434,0.03932,1.04172,0,1,1,1,nan,0.0236378,0.000866791,0.0464088,1.62038e-05,4.28297e-05,0.0236378,2.95168e-05,1.0024,1.0024,1.0024,0,0,nan,,,nan,nan,,,,,,,,,,,,,0,1,4.00383,arms_front_45,0.0652999,,0,,nan,
golem_ik,kinematic,golem_ik,nan,,0,b034_d10_e20,34,0.1,0.2,0.535217,0.591848,0.392183,0.542982,-0.334985,0.03932,1.04172,0,0,0,0,nan,0.112342,0.100277,0.124407,0.00167284,0.000327554,0.112342,0.0010002,1.0024,1.0024,1.0024,0,0,nan,,,nan,nan,,,,,,,,,,,,,0,1,4.0057,arms_front_45,0.0705782,,0,,nan,
golem_ik,kinematic,golem_ik,nan,,0,b034_d20_e00,34,0.2,0,0.381258,0.46419,0.292183,0.353874,-0.269883,-0.06068,0.94172,0,0,1,0,nan,0.0291585,0,0.058317,1.0547e-16,0.00910026,0.0291585,0.00455013,1.0024,1.0024,1.0024,0,0,nan,,,nan,nan,,,,,,,,,,,,,0,1,4.00412,home,0.0522773,,0,,nan,
golem_ik,kinematic,golem_ik,nan,,0,b034_d20_e10,34,0.2,0.1,0.458238,0.528019,0.292183,0.448428,-0.302434,-0.06068,0.94172,0,0,1,0,nan,0.0677752,0.0188128,0.116738,0.000467702,0.00510142,0.0677752,0.00278456,1.0024,1.0024,1.0024,0,0,nan,,,nan,nan,,,,,,,,,,,,,0,1,4.00999,current,0.0600614,,0,,nan,
golem_ik,kinematic,golem_ik,nan,,0,b034_d20_e20,34,0.2,0.2,0.535217,0.591848,0.292183,0.542982,-0.334985,-0.06068,0.94172,0,0,0,0,nan,0.151326,0.115549,0.187104,0.00268768,0.000323945,0.151326,0.00150581,1.0024,1.0024,1.0024,0,0,nan,,,nan,nan,,,,,,,,,,,,,0,1,4.01247,arms_front_45,0.065835,,0,,nan,
golem_ik,kinematic,golem_ik,nan,,0,b034_d30_e00,34,0.3,0,0.381258,0.46419,0.192183,0.353874,-0.269883,-0.16068,0.84172,1,0,1,0,nan,0.0728248,2.40429e-10,0.14565,3.44784e-11,0.0293006,0.0728248,0.0146503,1.0024,1.0024,1.0024,0,0,nan,,,nan,nan,,,,,,,,,,,,,0,1,4.00641,current,0.0493484,,0,,nan,
golem_ik,kinematic,golem_ik,nan,,0,b034_d30_e10,34,0.3,0.1,0.458238,0.528019,0.192183,0.448428,-0.302434,-0.16068,0.84172,1,0,0,0,nan,0.124716,0.0539808,0.195451,0.00548328,0.0208233,0.124716,0.0131533,1.0024,1.0024,1.0024,0,0,nan,,,nan,nan,,,,,,,,,,,,,0,1,4.01191,home,0.0557741,,0,,nan,
golem_ik,kinematic,golem_ik,nan,,0,b034_d30_e20,34,0.3,0.2,0.535217,0.591848,0.192183,0.542982,-0.334985,-0.16068,0.84172,1,0,0,0,nan,0.201317,0.145152,0.257482,0.00800779,0.00844488,0.201317,0.00822634,1.0024,1.0024,1.0024,0,0,nan,,,nan,nan,,,,,,,,,,,,,0,1,4.00906,home,0.061572,,0,,nan,
golem_ik,kinematic,golem_ik,nan,,0,b034_d40_e00,34,0.4,0,0.381258,0.46419,0.0921828,0.353874,-0.269883,-0.26068,0.74172,1,0,1,0,nan,0.132696,0.0295164,0.235876,0.00782578,0.0527919,0.132696,0.0303088,1.0024,1.0024,1.0024,0,0,nan,,,nan,nan,,,,,,,,,,,,,0,1,4.00235,t_pose,0.0477066,,0,,nan,
golem_ik,kinematic,golem_ik,nan,,0,b034_d40_e10,34,0.4,0.1,0.458238,0.528019,0.0921828,0.448428,-0.302434,-0.26068,0.74172,1,0,0,0,nan,0.192428,0.105442,0.279414,0.0195056,0.0405088,0.192428,0.0300072,1.0024,1.0024,1.0024,0,0,nan,,,nan,nan,,,,,,,,,,,,,0,1,4.00914,home,0.0528306,,0,,nan,
golem_ik,kinematic,golem_ik,nan,,0,b034_d40_e20,34,0.4,0.2,0.535217,0.591848,0.0921828,0.542982,-0.334985,-0.26068,0.74172,1,0,0,0,nan,0.261663,0.188833,0.334493,0.0243099,0.0263704,0.261663,0.0253401,1.0024,1.0024,1.0024,0,0,nan,,,nan,nan,,,,,,,,,,,,,0,1,4.00498,current,0.0578853,,0,,nan,
golem_ik,kinematic,golem_ik,nan,,0,b034_d50_e00,34,0.5,0,0.381258,0.46419,-0.00781718,0.353874,-0.269883,-0.36068,0.64172,1,0,0,0,nan,0.214091,0.100253,0.327928,0.0302379,0.0768241,0.214091,0.053531,1.0024,1.0024,1.0024,0,0,nan,,,nan,nan,,,,,,,,,,,,,0,1,4.00777,t_pose,0.0466813,,0,,nan,
golem_ik,kinematic,golem_ik,nan,,0,b034_d50_e10,34,0.5,0.1,0.458238,0.528019,-0.00781718,0.448428,-0.302434,-0.36068,0.64172,1,0,0,0,nan,0.26734,0.16792,0.36676,0.0393358,0.0619887,0.26734,0.0506623,1.0024,1.0024,1.0024,0,0,nan,,,nan,nan,,,,,,,,,,,,,0,1,4.00851,t_pose,0.0517542,,0,,nan,
golem_ik,kinematic,golem_ik,nan,,0,b034_d50_e20,34,0.5,0.2,0.535217,0.591848,-0.00781718,0.542982,-0.334985,-0.36068,0.64172,1,0,0,0,nan,0.330023,0.243849,0.416196,0.0438509,0.0457916,0.330023,0.0448213,1.0024,1.0024,1.0024,0,0,nan,,,nan,nan,,,,,,,,,,,,,0,1,4.01044,current,0.0551316,,0,,nan,
golem_ik,kinematic,golem_ik,nan,,0,b034_d60_e00,34,0.6,0,0.381258,0.46419,-0.107817,0.353874,-0.269883,-0.46068,0.54172,1,0,0,0,nan,0.299011,0.176741,0.421281,0.0556652,0.100124,0.299011,0.0778945,1.0024,1.0024,1.0024,0,0,nan,,,nan,nan,,,,,,,,,,,,,0,1,4.0098,t_pose,0.0460565,,0,,nan,
golem_ik,kinematic,golem_ik,nan,,0,b034_d60_e10,34,0.6,0.1,0.458238,0.528019,-0.107817,0.448428,-0.302434,-0.46068,0.54172,1,0,0,0,nan,0.347125,0.23786,0.456389,0.0618868,0.0833203,0.347125,0.0726035,1.0024,1.0024,1.0024,0,0,nan,,,nan,nan,,,,,,,,,,,,,0,1,4.00611,t_pose,0.0503806,,0,,nan,
golem_ik,kinematic,golem_ik,nan,,0,b034_d60_e20,34,0.6,0.2,0.535217,0.591848,-0.107817,0.542982,-0.334985,-0.46068,0.54172,1,0,0,0,nan,0.404248,0.307256,0.50124,0.0654116,0.0655534,0.404248,0.0654825,1.0024,1.0024,1.0024,0,0,nan,,,nan,nan,,,,,,,,,,,,,0,1,4.01372,home,0.0530029,,0,,nan,
golem_ik,kinematic,golem_ik,nan,,0,b034_d70_e00,34,0.7,0,0.381258,0.46419,-0.207817,0.353874,-0.269883,-0.56068,0.44172,1,0,0,0,nan,0.386441,0.257258,0.515624,0.0810831,0.122061,0.386441,0.101572,1.0024,1.0024,1.0024,0,0,nan,,,nan,nan,,,,,,,,,,,,,0,1,4.00996,t_pose,0.0456399,,0,,nan,
golem_ik,kinematic,golem_ik,nan,,0,b034_d70_e10,34,0.7,0.1,0.458238,0.528019,-0.207817,0.448428,-0.302434,-0.56068,0.44172,1,0,0,0,nan,0.430403,0.313099,0.547707,0.0850014,0.103904,0.430403,0.0944527,1.0024,1.0024,1.0024,0,0,nan,,,nan,nan,,,,,,,,,,,,,0,1,4.00764,t_pose,0.0493634,,0,,nan,
golem_ik,kinematic,golem_ik,nan,,0,b034_d70_e20,34,0.7,0.2,0.535217,0.591848,-0.207817,0.542982,-0.334985,-0.56068,0.44172,1,0,0,0,nan,0.482793,0.376775,0.58881,0.0865895,0.085851,0.482793,0.0862202,1.0024,1.0024,1.0024,0,0,nan,,,nan,nan,,,,,,,,,,,,,0,1,4.00545,t_pose,0.0529917,,0,,nan,
golem_ik,kinematic,golem_ik,nan,,0,b034_d80_e00,34,0.8,0,0.381258,0.46419,-0.307817,0.353874,-0.269883,-0.66068,0.34172,1,0,0,0,nan,0.475818,0.340879,0.610757,0.105091,0.142333,0.475818,0.123712,1.0024,1.0024,1.0024,0,0,nan,,,nan,nan,,,,,,,,,,,,,0,1,4.00761,t_pose,0.0453481,,0,,nan,
golem_ik,kinematic,golem_ik,nan,,0,b034_d80_e10,34,0.8,0.1,0.458238,0.528019,-0.307817,0.448428,-0.302434,-0.66068,0.34172,1,0,0,0,nan,0.51632,0.392319,0.640321,0.107328,0.123275,0.51632,0.115301,1.0024,1.0024,1.0024,0,0,nan,,,nan,nan,,,,,,,,,,,,,0,1,4.00809,t_pose,0.0485773,,0,,nan,
golem_ik,kinematic,golem_ik,nan,,0,b034_d80_e20,34,0.8,0.2,0.535217,0.591848,-0.307817,0.542982,-0.334985,-0.66068,0.34172,1,0,0,0,nan,0.564697,0.451169,0.678226,0.107626,0.104474,0.564697,0.10605,1.0024,1.0024,1.0024,0,0,nan,,,nan,nan,,,,,,,,,,,,,0,1,4.01403,t_pose,0.0517948,,0,,nan,
golem_ik,kinematic,golem_ik,nan,,0,b034_d90_e00,34,0.9,0,0.381258,0.46419,-0.407817,0.353874,-0.269883,-0.76068,0.24172,1,0,0,0,nan,0.566776,0.42701,0.706543,0.12711,0.160837,0.566776,0.143974,1.0024,1.0024,1.0024,0,0,nan,,,nan,nan,,,,,,,,,,,,,0,1,4.00839,t_pose,0.0451523,,0,,nan,
golem_ik,kinematic,golem_ik,nan,,0,b034_d90_e10,34,0.9,0.1,0.458238,0.528019,-0.407817,0.448428,-0.302434,-0.76068,0.24172,1,0,0,0,nan,0.604315,0.474666,0.733964,0.128117,0.141204,0.604315,0.134661,1.0024,1.0024,1.0024,0,0,nan,,,nan,nan,,,,,,,,,,,,,0,1,4.01165,t_pose,0.0479611,,0,,nan,
golem_ik,kinematic,golem_ik,nan,,0,b034_d90_e20,34,0.9,0.2,0.535217,0.591848,-0.407817,0.542982,-0.334985,-0.76068,0.24172,1,0,0,0,nan,0.649235,0.529338,0.769133,0.127395,0.121879,0.649235,0.124637,1.0024,1.0024,1.0024,0,0,nan,,,nan,nan,,,,,,,,,,,,,0,1,4.01162,t_pose,0.0508113,,0,,nan,
golem_ik,kinematic,golem_ik,nan,,0,b034_d100_e00,34,1,0,0.381258,0.46419,-0.507817,0.353874,-0.269883,-0.86068,0.14172,1,0,0,0,nan,0.659039,0.515209,0.802869,0.146813,0.17744,0.659039,0.162126,1.0024,1.0024,1.0024,0,0,nan,,,nan,nan,,,,,,,,,,,,,0,1,4.01051,t_pose,0.0449526,,0,,nan,
golem_ik,kinematic,golem_ik,nan,,0,b034_d100_e10,34,1,0.1,0.458238,0.528019,-0.507817,0.448428,-0.302434,-0.86068,0.14172,1,0,0,0,nan,0.693998,0.559552,0.828445,0.146935,0.157513,0.693998,0.152224,1.0024,1.0024,1.0024,0,0,nan,,,nan,nan,,,,,,,,,,,,,0,1,4.00984,t_pose,0.0474446,,0,,nan,
golem_ik,kinematic,golem_ik,nan,,0,b034_d100_e20,34,1,0.2,0.535217,0.591848,-0.507817,0.542982,-0.334985,-0.86068,0.14172,1,0,0,0,nan,0.735902,0.610557,0.861247,0.145458,0.137872,0.735902,0.141665,1.0024,1.0024,1.0024,0,0,nan,,,nan,nan,,,,,,,,,,,,,0,1,4.00694,t_pose,0.0499892,,0,,nan,
golem_ik,kinematic,golem_ik,nan,,0,b035_d00_e00,35,0,0,0.213983,0.680445,0.547195,0.50916,-0.047966,0.348541,1.35094,0,1,1,1,nan,0.000369165,0.000563918,0.000174411,0.00136472,0.000127678,0.000369165,0.000746201,1.0024,1.0024,1.0024,0,0,nan,,,nan,nan,,,,,,,,,,,,,0,1,0.108181,home,0.0447281,,0,,nan,
golem_ik,kinematic,golem_ik,nan,,0,b035_d00_e10,35,0,0.1,0.251276,0.773231,0.547195,0.607282,-0.0286766,0.348541,1.35094,0,0,0,0,nan,0.0746281,0.0711898,0.0780664,0.0015622,0.000275751,0.0746281,0.000918977,1.0024,1.0024,1.0024,0,0,nan,,,nan,nan,,,,,,,,,,,,,0,1,4.00692,arms_front_45,0.0404987,,0,,nan,
golem_ik,kinematic,golem_ik,nan,,0,b035_d00_e20,35,0,0.2,0.28857,0.866016,0.547195,0.705404,-0.00938715,0.348541,1.35094,0,0,0,0,nan,0.173206,0.169647,0.176765,0.00347284,0.000401907,0.173206,0.00193738,1.0024,1.0024,1.0024,0,0,nan,,,nan,nan,,,,,,,,,,,,,0,1,4.00957,arms_front_45,0.0407812,,0,,nan,
golem_ik,kinematic,golem_ik,nan,,0,b035_d10_e00,35,0.1,0,0.213983,0.680445,0.447195,0.50916,-0.047966,0.248541,1.25094,0,1,1,1,nan,0.00316751,1.27192e-16,0.00633503,1.16891e-16,0.00278872,0.00316751,0.00139436,1.0024,1.0024,1.0024,0,0,nan,,,nan,nan,,,,,,,,,,,,,0,1,4.012,arms_front_45,0.0460613,,0,,nan,
golem_ik,kinematic,golem_ik,nan,,0,b035_d10_e10,35,0.1,0.1,0.251276,0.773231,0.447195,0.607282,-0.0286766,0.248541,1.25094,0,0,0,0,nan,0.0802611,0.0605754,0.0999469,0.000825341,0.000811405,0.0802611,0.000818373,1.0024,1.0024,1.0024,0,0,nan,,,nan,nan,,,,,,,,,,,,,0,1,4.01075,arms_front_45,0.0458709,,0,,nan,
golem_ik,kinematic,golem_ik,nan,,0,b035_d10_e20,35,0.1,0.2,0.28857,0.866016,0.447195,0.705404,-0.00938715,0.248541,1.25094,0,0,0,0,nan,0.178135,0.16051,0.19576,0.00214112,0.00122574,0.178135,0.00168343,1.0024,1.0024,1.0024,0,0,nan,,,nan,nan,,,,,,,,,,,,,0,1,4.01294,arms_front_45,0.0453636,,0,,nan,
golem_ik,kinematic,golem_ik,nan,,0,b035_d20_e00,35,0.2,0,0.213983,0.680445,0.347195,0.50916,-0.047966,0.148541,1.15094,0,1,1,1,nan,0.023516,0,0.047032,1.60969e-16,0.000703876,0.023516,0.000351938,1.0024,1.0024,1.0024,0,0,nan,,,nan,nan,,,,,,,,,,,,,0,1,4.00706,arms_front_45,0.0431599,,0,,nan,
golem_ik,kinematic,golem_ik,nan,,0,b035_d20_e10,35,0.2,0.1,0.251276,0.773231,0.347195,0.607282,-0.0286766,0.148541,1.15094,0,0,0,0,nan,0.101017,0.0663137,0.135719,0.000317748,0.00164264,0.101017,0.000980195,1.0024,1.0024,1.0024,0,0,nan,,,nan,nan,,,,,,,,,,,,,0,1,4.00884,arms_front_45,0.0467003,,0,,nan,
golem_ik,kinematic,golem_ik,nan,,0,b035_d20_e20,35,0.2,0.2,0.28857,0.866016,0.347195,0.705404,-0.00938715,0.148541,1.15094,0,0,0,0,nan,0.196297,0.16544,0.227155,0.000965668,0.00223609,0.196297,0.00160088,1.0024,1.0024,1.0024,0,0,nan,,,nan,nan,,,,,,,,,,,,,0,1,4.00834,arms_front_45,0.0495381,,0,,nan,
golem_ik,kinematic,golem_ik,nan,,0,b035_d30_e00,35,0.3,0,0.213983,0.680445,0.247195,0.50916,-0.047966,0.0485406,1.05094,0,0,1,0,nan,0.0505705,7.58618e-06,0.101133,3.65218e-07,0.0018544,0.0505705,0.000927385,1.0024,1.0024,1.0024,0,0,nan,,,nan,nan,,,,,,,,,,,,,0,1,4.00608,arms_front_45,0.0391593,,0,,nan,
golem_ik,kinematic,golem_ik,nan,,0,b035_d30_e10,35,0.3,0.1,0.251276,0.773231,0.247195,0.607282,-0.0286766,0.0485406,1.05094,0,0,0,0,nan,0.13571,0.0880623,0.183358,0.000334727,0.00281715,0.13571,0.00157594,1.0024,1.0024,1.0024,0,0,nan,,,nan,nan,,,,,,,,,,,,,0,1,4.00981,arms_front_45,0.0425899,,0,,nan,
golem_ik,kinematic,golem_ik,nan,,0,b035_d30_e20,35,0.3,0.2,0.28857,0.866016,0.247195,0.705404,-0.00938715,0.0485406,1.05094,0,0,0,0,nan,0.226873,0.184219,0.269528,0.000286812,0.00347758,0.226873,0.0018822,1.0024,1.0024,1.0024,0,0,nan,,,nan,nan,,,,,,,,,,,,,0,1,4.00476,arms_front_45,0.0455043,,0,,nan,
golem_ik,kinematic,golem_ik,nan,,0,b035_d40_e00,35,0.4,0,0.213983,0.680445,0.147195,0.50916,-0.047966,-0.0514594,0.950941,0,0,1,0,nan,0.100321,0.0355797,0.165063,0.000558339,0.00343255,0.100321,0.00199544,1.0024,1.0024,1.0024,0,0,nan,,,nan,nan,,,,,,,,,,,,,0,1,4.00812,arms_front_45,0.0364701,,0,,nan,
golem_ik,kinematic,golem_ik,nan,,0,b035_d40_e10,35,0.4,0.1,0.251276,0.773231,0.147195,0.607282,-0.0286766,-0.0514594,0.950941,0,0,0,0,nan,0.182514,0.124301,0.240727,0.00143394,0.00431034,0.182514,0.00287214,1.0024,1.0024,1.0024,0,0,nan,,,nan,nan,,,,,,,,,,,,,0,1,4.01454,arms_front_45,0.039544,,0,,nan,
golem_ik,kinematic,golem_ik,nan,,0,b035_d40_e20,35,0.4,0.2,0.28857,0.866016,0.147195,0.705404,-0.00938715,-0.0514594,0.950941,0,0,0,0,nan,0.268569,0.215854,0.321283,0.00182116,0.00494837,0.268569,0.00338476,1.0024,1.0024,1.0024,0,0,nan,,,nan,nan,,,,,,,,,,,,,0,1,4.00834,arms_front_45,0.0423118,,0,,nan,
golem_ik,kinematic,golem_ik,nan,,0,b035_d50_e00,35,0.5,0,0.213983,0.680445,0.0471949,0.50916,-0.047966,-0.151459,0.850941,1,0,0,0,nan,0.163724,0.091003,0.236444,0.00206169,0.00532194,0.163724,0.00369181,1.0024,1.0024,1.0024,0,0,nan,,,nan,nan,,,,,,,,,,,,,0,1,4.01263,arms_front_45,0.0346637,,0,,nan,
golem_ik,kinematic,golem_ik,nan,,0,b035_d50_e10,35,0.5,0.1,0.251276,0.773231,0.0471949,0.607282,-0.0286766,-0.151459,0.850941,1,0,0,0,nan,0.239361,0.172839,0.305883,0.00313366,0.00605704,0.239361,0.00459535,1.0024,1.0024,1.0024,0,0,nan,,,nan,nan,,,,,,,,,,,,,0,1,4.01179,arms_front_45,0.0373669,,0,,nan,
golem_ik,kinematic,golem_ik,nan,,0,b035_d50_e20,35,0.5,0.2,0.28857,0.866016,0.0471949,0.705404,-0.00938715,-0.151459,0.850941,1,0,0,0,nan,0.319853,0.258839,0.380866,0.00370386,0.00661387,0.319853,0.00515886,1.0024,1.0024,1.0024,0,0,nan,,,nan,nan,,,,,,,,,,,,,0,1,4.00648,home,0.0400038,,0,,nan,
golem_ik,kinematic,golem_ik,nan,,0,b035_d60_e00,35,0.6,0,0.213983,0.680445,-0.0528051,0.50916,-0.047966,-0.251459,0.750941,1,0,0,0,nan,0.235035,0.156624,0.313446,0.012682,0.00740795,0.235035,0.010045,1.0024,1.0024,1.0024,0,0,nan,,,nan,nan,,,,,,,,,,,,,0,1,4.009,arms_front_45,0.0326394,,0,,nan,
golem_ik,kinematic,golem_ik,nan,,0,b035_d60_e10,35,0.6,0.1,0.251276,0.773231,-0.0528051,0.607282,-0.0286766,-0.251459,0.750941,1,0,0,0,nan,0.304276,0.231357,0.377196,0.00547499,0.00798005,0.304276,0.00672752,1.0024,1.0024,1.0024,0,0,nan,,,nan,nan,,,,,,,,,,,,,0,1,4.00766,arms_front_45,0.0358523,,0,,nan,
golem_ik,kinematic,golem_ik,nan,,0,b035_d60_e20,35,0.6,0.2,0.28857,0.866016,-0.0528051,0.705404,-0.00938715,-0.251459,0.750941,1,0,0,0,nan,0.379165,0.311449,0.446881,0.00598853,0.00842731,0.379165,0.00720792,1.0024,1.0024,1.0024,0,0,nan,,,nan,nan,,,,,,,,,,,,,0,1,4.01053,t_pose,0.0384237,,0,,nan,
golem_ik,kinematic,golem_ik,nan,,0,b035_d70_e00,35,0.7,0,0.213983,0.680445,-0.152805,0.50916,-0.047966,-0.351459,0.650941,1,0,0,0,nan,0.312908,0.231107,0.394709,0.037148,0.00959634,0.312908,0.0233721,1.0024,1.0024,1.0024,0,0,nan,,,nan,nan,,,,,,,,,,,,,0,1,4.01371,arms_front_45,0.0315883,,0,,nan,
golem_ik,kinematic,golem_ik,nan,,0,b035_d70_e10,35,0.7,0.1,0.251276,0.773231,-0.152805,0.607282,-0.0286766,-0.351459,0.650941,1,0,0,0,nan,0.375589,0.297817,0.453362,0.0190576,0.01002,0.375589,0.0145388,1.0024,1.0024,1.0024,0,0,nan,,,nan,nan,,,,,,,,,,,,,0,1,4.01039,arms_front_45,0.0348111,,0,,nan,
golem_ik,kinematic,golem_ik,nan,,0,b035_d70_e20,35,0.7,0.2,0.28857,0.866016,-0.152805,0.705404,-0.00938715,-0.351459,0.650941,1,0,0,0,nan,0.445094,0.372064,0.518124,0.00958105,0.0104044,0.445094,0.00999271,1.0024,1.0024,1.0024,0,0,nan,,,nan,nan,,,,,,,,,,,,,0,1,4.0086,arms_front_45,0.0366491,,0,,nan,
golem_ik,kinematic,golem_ik,nan,,0,b035_d80_e00,35,0.8,0,0.213983,0.680445,-0.252805,0.50916,-0.047966,-0.451459,0.550941,1,0,0,0,nan,0.395301,0.31137,0.479232,0.0622626,0.0118401,0.395301,0.0370514,1.0024,1.0024,1.0024,0,0,nan,,,nan,nan,,,,,,,,,,,,,0,1,4.00557,arms_front_45,0.0311477,,0,,nan,
golem_ik,kinematic,golem_ik,nan,,0,b035_d80_e10,35,0.8,0.1,0.251276,0.773231,-0.252805,0.607282,-0.0286766,-0.451459,0.550941,1,0,0,0,nan,0.452302,0.371238,0.533366,0.04651,0.0121711,0.452302,0.0293406,1.0024,1.0024,1.0024,0,0,nan,,,nan,nan,,,,,,,,,,,,,0,1,4.01474,arms_front_45,0.0339582,,0,,nan,
golem_ik,kinematic,golem_ik,nan,,0,b035_d80_e20,35,0.8,0.2,0.28857,0.866016,-0.252805,0.705404,-0.00938715,-0.451459,0.550941,1,0,0,0,nan,0.516448,0.43925,0.593647,0.0193618,0.0125484,0.516448,0.0159551,1.0024,1.0024,1.0024,0,0,nan,,,nan,nan,,,,,,,,,,,,,0,1,4.0069,arms_front_45,0.0356117,,0,,nan,
golem_ik,kinematic,golem_ik,nan,,0,b035_d90_e00,35,0.9,0,0.213983,0.680445,-0.352805,0.50916,-0.047966,-0.551459,0.450941,1,0,0,0,nan,0.480951,0.395618,0.566284,0.0874655,0.0141811,0.480951,0.0508233,1.0024,1.0024,1.0024,0,0,nan,,,nan,nan,,,,,,,,,,,,,0,1,4.00827,arms_front_45,0.0310316,,0,,nan,
golem_ik,kinematic,golem_ik,nan,,0,b035_d90_e10,35,0.9,0.1,0.251276,0.773231,-0.352805,0.607282,-0.0286766,-0.551459,0.450941,1,0,0,0,nan,0.533153,0.449881,0.616426,0.0706323,0.0144852,0.533153,0.0425588,1.0024,1.0024,1.0024,0,0,nan,,,nan,nan,,,,,,,,,,,,,0,1,4.01127,arms_front_45,0.0331006,,0,,nan,
golem_ik,kinematic,golem_ik,nan,,0,b035_d90_e20,35,0.9,0.2,0.28857,0.866016,-0.352805,0.705404,-0.00938715,-0.551459,0.450941,1,0,0,0,nan,0.592497,0.512338,0.672657,0.0441859,0.0150202,0.592497,0.029603,1.0024,1.0024,1.0024,0,0,nan,,,nan,nan,,,,,,,,,,,,,0,1,4.00742,arms_front_45,0.0347895,,0,,nan,
golem_ik,kinematic,golem_ik,nan,,0,b035_d100_e00,35,1,0,0.213983,0.680445,-0.452805,0.50916,-0.047966,-0.651459,0.350941,1,0,0,0,nan,0.569194,0.483064,0.655323,0.109987,0.0168556,0.569194,0.0634214,1.0024,1.0024,1.0024,0,0,nan,,,nan,nan,,,,,,,,,,,,,0,1,4.0074,arms_front_45,0.030984,,0,,nan,
golem_ik,kinematic,golem_ik,nan,,0,b035_d100_e10,35,1,0.1,0.251276,0.773231,-0.452805,0.607282,-0.0286766,-0.651459,0.350941,1,0,0,0,nan,0.617333,0.532724,0.701943,0.0901872,0.017247,0.617333,0.0537171,1.0024,1.0024,1.0024,0,0,nan,,,nan,nan,,,,,,,,,,,,,0,1,4.00802,arms_front_45,0.0324144,,0,,nan,
golem_ik,kinematic,golem_ik,nan,,0,b035_d100_e20,35,1,0.2,0.28857,0.866016,-0.452805,0.705404,-0.00938715,-0.651459,0.350941,1,0,0,0,nan,0.672457,0.590381,0.754533,0.064252,0.0178511,0.672457,0.0410516,1.0024,1.0024,1.0024,0,0,nan,,,nan,nan,,,,,,,,,,,,,0,1,4.0129,arms_front_45,0.0341286,,0,,nan,
golem_ik,kinematic,golem_ik,nan,,0,b036_d00_e00,36,0,0,0.135407,0.73304,0.327872,0.332659,-0.606425,0.238305,1.24071,0,1,1,1,nan,0.000393564,0.000439282,0.000347846,0.000197608,0.000283954,0.000393564,0.000240781,1.0024,1.0024,1.0024,0,0,nan,,,nan,nan,,,,,,,,,,,,,0,1,0.115325,home,0.105017,,0,,nan,
golem_ik,kinematic,golem_ik,nan,,0,b036_d00_e10,36,0,0.1,0.157958,0.830464,0.327872,0.391396,-0.687357,0.238305,1.24071,0,0,0,0,nan,0.0921118,0.093968,0.0902556,0.00157489,0.000501279,0.0921118,0.00103808,1.0024,1.0024,1.0024,0,0,nan,,,nan,nan,,,,,,,,,,,,,0,1,4.00907,t_pose,0.116252,,0,,nan,
golem_ik,kinematic,golem_ik,nan,,0,b036_d00_e20,36,0,0.2,0.180509,0.927888,0.327872,0.450133,-0.768289,0.238305,1.24071,0,0,0,0,nan,0.189354,0.192669,0.186038,0.00300617,0.00126743,0.189354,0.0021368,1.0024,1.0024,1.0024,0,0,nan,,,nan,nan,,,,,,,,,,,,,0,1,4.01107,t_pose,0.116269,,0,,nan,
golem_ik,kinematic,golem_ik,nan,,0,b036_d10_e00,36,0.1,0,0.135407,0.73304,0.227872,0.332659,-0.606425,0.138305,1.14071,0,1,1,1,nan,0.0317593,0.0245007,0.0390178,0.000622391,0.000105165,0.0317593,0.000363778,1.0024,1.0024,1.0024,0,0,nan,,,nan,nan,,,,,,,,,,,,,0,1,4.00802,t_pose,0.104993,,0,,nan,
golem_ik,kinematic,golem_ik,nan,,0,b036_d10_e10,36,0.1,0.1,0.157958,0.830464,0.227872,0.391396,-0.687357,0.138305,1.14071,0,0,0,0,nan,0.122907,0.118476,0.127338,0.00272788,1.08514e-05,0.122907,0.00136936,1.0024,1.0024,1.0024,0,0,nan,,,nan,nan,,,,,,,,,,,,,0,1,4.01168,t_pose,0.109239,,0,,nan,
golem_ik,kinematic,golem_ik,nan,,0,b036_d10_e20,36,0.1,0.2,0.180509,0.927888,0.227872,0.450133,-0.768289,0.138305,1.14071,0,0,0,0,nan,0.216257,0.213992,0.218522,0.00451346,0.000411474,0.216257,0.00246247,1.0024,1.0024,1.0024,0,0,nan,,,nan,nan,,,,,,,,,,,,,0,1,4.00835,t_pose,0.112363,,0,,nan,
golem_ik,kinematic,golem_ik,nan,,0,b036_d20_e00,36,0.2,0,0.135407,0.73304,0.127872,0.332659,-0.606425,0.0383054,1.04071,0,0,0,0,nan,0.0820135,0.0691931,0.0948339,0.00674986,0.000763645,0.0820135,0.00375675,1.0024,1.0024,1.0024,0,0,nan,,,nan,nan,,,,,,,,,,,,,0,1,4.00781,t_pose,0.097473,,0,,nan,
golem_ik,kinematic,golem_ik,nan,,0,b036_d20_e10,36,0.2,0.1,0.157958,0.830464,0.127872,0.391396,-0.687357,0.0383054,1.04071,0,0,0,0,nan,0.166462,0.156527,0.176398,0.00686538,0.000880146,0.166462,0.00387276,1.0024,1.0024,1.0024,0,0,nan,,,nan,nan,,,,,,,,,,,,,0,1,4.00796,t_pose,0.102551,,0,,nan,
golem_ik,kinematic,golem_ik,nan,,0,b036_d20_e20,36,0.2,0.2,0.180509,0.927888,0.127872,0.450133,-0.768289,0.0383054,1.04071,0,0,0,0,nan,0.254767,0.247442,0.262093,0.00638695,0.000673331,0.254767,0.00353014,1.0024,1.0024,1.0024,0,0,nan,,,nan,nan,,,,,,,,,,,,,0,1,4.00533,t_pose,0.106437,,0,,nan,
golem_ik,kinematic,golem_ik,nan,,0,b036_d30_e00,36,0.3,0,0.135407,0.73304,0.027872,0.332659,-0.606425,-0.0616946,0.940705,0,0,0,0,nan,0.144134,0.12785,0.160418,0.021366,0.00197253,0.144134,0.0116692,1.0024,1.0024,1.0024,0,0,nan,,,nan,nan,,,,,,,,,,,,,0,1,4.00723,t_pose,0.0909072,,0,,nan,
golem_ik,kinematic,golem_ik,nan,,0,b036_d30_e10,36,0.3,0.1,0.157958,0.830464,0.027872,0.391396,-0.687357,-0.0616946,0.940705,0,0,0,0,nan,0.22115,0.207104,0.235195,0.0225846,0.00213668,0.22115,0.0123606,1.0024,1.0024,1.0024,0,0,nan,,,nan,nan,,,,,,,,,,,,,0,1,4.00591,t_pose,0.0964436,,0,,nan,
golem_ik,kinematic,golem_ik,nan,,0,b036_d30_e20,36,0.3,0.2,0.180509,0.927888,0.027872,0.450133,-0.768289,-0.0616946,0.940705,0,0,0,0,nan,0.303431,0.291777,0.315084,0.0196387,0.00202547,0.303431,0.0108321,1.0024,1.0024,1.0024,0,0,nan,,,nan,nan,,,,,,,,,,,,,0,1,4.00968,t_pose,0.100849,,0,,nan,
golem_ik,kinematic,golem_ik,nan,,0,b036_d40_e00,36,0.4,0,0.135407,0.73304,-0.072128,0.332659,-0.606425,-0.161695,0.840705,1,0,0,0,nan,0.214556,0.195797,0.233314,0.0405938,0.00362937,0.214556,0.0221116,1.0024,1.0024,1.0024,0,0,nan,,,nan,nan,,,,,,,,,,,,,0,1,4.00791,t_pose,0.0853248,,0,,nan,
golem_ik,kinematic,golem_ik,nan,,0,b036_d40_e10,36,0.4,0.1,0.157958,0.830464,-0.072128,0.391396,-0.687357,-0.161695,0.840705,1,0,0,0,nan,0.284694,0.267674,0.301714,0.0409472,0.00373779,0.284694,0.0223425,1.0024,1.0024,1.0024,0,0,nan,,,nan,nan,,,,,,,,,,,,,0,1,4.00596,t_pose,0.0910274,,0,,nan,
golem_ik,kinematic,golem_ik,nan,,0,b036_d40_e20,36,0.4,0.2,0.180509,0.927888,-0.072128,0.450133,-0.768289,-0.161695,0.840705,1,0,0,0,nan,0.360905,0.345932,0.375879,0.0381494,0.00364274,0.360905,0.0208961,1.0024,1.0024,1.0024,0,0,nan,,,nan,nan,,,,,,,,,,,,,0,1,4.01068,t_pose,0.0957338,,0,,nan,
golem_ik,kinematic,golem_ik,nan,,0,b036_d50_e00,36,0.5,0,0.135407,0.73304,-0.172128,0.332659,-0.606425,-0.261695,0.740705,1,0,0,0,nan,0.290858,0.270053,0.311663,0.0616485,0.00561096,0.290858,0.0336297,1.0024,1.0024,1.0024,0,0,nan,,,nan,nan,,,,,,,,,,,,,0,1,4.00367,t_pose,0.0806306,,0,,nan,
golem_ik,kinematic,golem_ik,nan,,0,b036_d50_e10,36,0.5,0.1,0.157958,0.830464,-0.172128,0.391396,-0.687357,-0.261695,0.740705,1,0,0,0,nan,0.354933,0.335582,0.374284,0.0606049,0.00561563,0.354933,0.0331103,1.0024,1.0024,1.0024,0,0,nan,,,nan,nan,,,,,,,,,,,,,0,1,4.01043,t_pose,0.0863063,,0,,nan,
golem_ik,kinematic,golem_ik,nan,,0,b036_d50_e20,36,0.5,0.2,0.180509,0.927888,-0.172128,0.450133,-0.768289,-0.261695,0.740705,1,0,0,0,nan,0.425455,0.407866,0.443043,0.0572588,0.00550003,0.425455,0.0313794,1.0024,1.0024,1.0024,0,0,nan,,,nan,nan,,,,,,,,,,,,,0,1,4.01069,t_pose,0.0911462,,0,,nan,
golem_ik,kinematic,golem_ik,nan,,0,b036_d60_e00,36,0.6,0,0.135407,0.73304,-0.272128,0.332659,-0.606425,-0.361695,0.640705,1,0,0,0,nan,0.371475,0.348846,0.394104,0.0827004,0.00781463,0.371475,0.0452575,1.0024,1.0024,1.0024,0,0,nan,,,nan,nan,,,,,,,,,,,,,0,1,4.01384,t_pose,0.0766974,,0,,nan,
golem_ik,kinematic,golem_ik,nan,,0,b036_d60_e10,36,0.6,0.1,0.157958,0.830464,-0.272128,0.391396,-0.687357,-0.361695,0.640705,1,0,0,0,nan,0.430282,0.408977,0.451588,0.0803647,0.00772152,0.430282,0.0440431,1.0024,1.0024,1.0024,0,0,nan,,,nan,nan,,,,,,,,,,,,,0,1,4.01073,t_pose,0.0822387,,0,,nan,
golem_ik,kinematic,golem_ik,nan,,0,b036_d60_e20,36,0.6,0.2,0.180509,0.927888,-0.272128,0.450133,-0.768289,-0.361695,0.640705,1,0,0,0,nan,0.495634,0.475896,0.515372,0.0762798,0.0076311,0.495634,0.0419555,1.0024,1.0024,1.0024,0,0,nan,,,nan,nan,,,,,,,,,,,,,0,1,4.00598,t_pose,0.0871125,,0,,nan,
golem_ik,kinematic,golem_ik,nan,,0,b036_d70_e00,36,0.7,0,0.135407,0.73304,-0.372128,0.332659,-0.606425,-0.461695,0.540705,1,0,0,0,nan,0.455363,0.431072,0.479654,0.10271,0.0102083,0.455363,0.0564591,1.0024,1.0024,1.0024,0,0,nan,,,nan,nan,,,,,,,,,,,,,0,1,4.00666,t_pose,0.0734206,,0,,nan,
golem_ik,kinematic,golem_ik,nan,,0,b036_d70_e10,36,0.7,0.1,0.157958,0.830464,-0.372128,0.391396,-0.687357,-0.461695,0.540705,1,0,0,0,nan,0.509597,0.486584,0.532611,0.0993792,0.0100842,0.509597,0.0547317,1.0024,1.0024,1.0024,0,0,nan,,,nan,nan,,,,,,,,,,,,,0,1,4.01052,t_pose,0.0787836,,0,,nan,
golem_ik,kinematic,golem_ik,nan,,0,b036_d70_e20,36,0.7,0.2,0.180509,0.927888,-0.372128,0.450133,-0.768289,-0.461695,0.540705,1,0,0,0,nan,0.570315,0.548746,0.591885,0.094615,0.0100733,0.570315,0.0523441,1.0024,1.0024,1.0024,0,0,nan,,,nan,nan,,,,,,,,,,,,,0,1,4.00711,t_pose,0.0836179,,0,,nan,
golem_ik,kinematic,golem_ik,nan,,0,b036_d80_e00,36,0.8,0,0.135407,0.73304,-0.472128,0.332659,-0.606425,-0.561695,0.440705,1,0,0,0,nan,0.541796,0.515992,0.5676,0.121151,0.0128492,0.541796,0.067,1.0024,1.0024,1.0024,0,0,nan,,,nan,nan,,,,,,,,,,,,,0,1,4.0088,t_pose,0.0707255,,0,,nan,
golem_ik,kinematic,golem_ik,nan,,0,b036_d80_e10,36,0.8,0.1,0.157958,0.830464,-0.472128,0.391396,-0.687357,-0.561695,0.440705,1,0,0,0,nan,0.592044,0.567506,0.616582,0.117126,0.0127132,0.592044,0.0649197,1.0024,1.0024,1.0024,0,0,nan,,,nan,nan,,,,,,,,,,,,,0,1,4.01061,t_pose,0.0758692,,0,,nan,
golem_ik,kinematic,golem_ik,nan,,0,b036_d80_e20,36,0.8,0.2,0.180509,0.927888,-0.472128,0.450133,-0.768289,-0.561695,0.440705,1,0,0,0,nan,0.64863,0.625458,0.671801,0.111837,0.012771,0.64863,0.062304,1.0024,1.0024,1.0024,0,0,nan,,,nan,nan,,,,,,,,,,,,,0,1,4.00759,t_pose,0.0805952,,0,,nan,
golem_ik,kinematic,golem_ik,nan,,0,b036_d90_e00,36,0.9,0,0.135407,0.73304,-0.572128,0.332659,-0.606425,-0.661695,0.340705,1,0,0,0,nan,0.630253,0.603078,0.657427,0.137789,0.015785,0.630253,0.0767871,1.0024,1.0024,1.0024,0,0,nan,,,nan,nan,,,,,,,,,,,,,0,1,4.00565,t_pose,0.068523,,0,,nan,
golem_ik,kinematic,golem_ik,nan,,0,b036_d90_e10,36,0.9,0.1,0.157958,0.830464,-0.572128,0.391396,-0.687357,-0.661695,0.340705,1,0,0,0,nan,0.677011,0.651097,0.702926,0.133306,0.0159121,0.677011,0.0746088,1.0024,1.0024,1.0024,0,0,nan,,,nan,nan,,,,,,,,,,,,,0,1,4.01085,t_pose,0.0735002,,0,,nan,
golem_ik,kinematic,golem_ik,nan,,0,b036_d90_e20,36,0.9,0.2,0.180509,0.927888,-0.572128,0.450133,-0.768289,-0.661695,0.340705,1,0,0,0,nan,0.729914,0.705313,0.754515,0.127652,0.0160399,0.729914,0.0718461,1.0024,1.0024,1.0024,0,0,nan,,,nan,nan,,,,,,,,,,,,,0,1,4.00832,t_pose,0.0780683,,0,,nan,
golem_ik,kinematic,golem_ik,nan,,0,b036_d100_e00,36,1,0,0.135407,0.73304,-0.672128,0.332659,-0.606425,-0.761695,0.240705,1,0,0,0,nan,0.720398,0.692028,0.748768,0.152727,0.0192654,0.720398,0.0859962,1.0024,1.0024,1.0024,0,0,nan,,,nan,nan,,,,,,,,,,,,,0,1,4.0078,t_pose,0.0667802,,0,,nan,
golem_ik,kinematic,golem_ik,nan,,0,b036_d100_e10,36,1,0.1,0.157958,0.830464,-0.672128,0.391396,-0.687357,-0.761695,0.240705,1,0,0,0,nan,0.764035,0.736872,0.791197,0.147769,0.0194477,0.764035,0.0836083,1.0024,1.0024,1.0024,0,0,nan,,,nan,nan,,,,,,,,,,,,,0,1,4.00816,t_pose,0.0715095,,0,,nan,
golem_ik,kinematic,golem_ik,nan,,0,b036_d100_e20,36,1,0.2,0.180509,0.927888,-0.672128,0.450133,-0.768289,-0.761695,0.240705,1,0,0,0,nan,0.813666,0.787762,0.83957,0.141843,0.0201721,0.813666,0.0810074,1.0024,1.0024,1.0024,0,0,nan,,,nan,nan,,,,,,,,,,,,,0,1,4.00947,t_pose,0.0760161,,0,,nan,
golem_ik,kinematic,golem_ik,nan,,0,b037_d00_e00,37,0,0,0.259873,0.418353,0.20277,0.151722,-0.580921,0.683857,1.20517,0,1,1,1,nan,7.56047e-06,1.50303e-05,9.06762e-08,8.41479e-06,3.15938e-09,7.56047e-06,4.20897e-06,1.0024,1.0024,1.0024,0,0,nan,,,nan,nan,,,,,,,,,,,,,0,1,0.125676,home,0.0784098,,0,,nan,
golem_ik,kinematic,golem_ik,nan,,0,b037_d00_e10,37,0,0.1,0.32918,0.49044,0.20277,0.1848,-0.675292,0.683857,1.20517,0,1,1,1,nan,0.01176,0,0.02352,4.24046e-17,0.00770443,0.01176,0.00385222,1.0024,1.0024,1.0024,0,0,nan,,,nan,nan,,,,,,,,,,,,,0,1,4.00061,t_pose,0.0792774,,0,,nan,
golem_ik,kinematic,golem_ik,nan,,0,b037_d00_e20,37,0,0.2,0.398488,0.562526,0.20277,0.217877,-0.769663,0.683857,1.20517,0,0,1,0,nan,0.0701964,0.0237852,0.116608,0.000503019,0.0379507,0.0701964,0.0192268,1.0024,1.0024,1.0024,0,0,nan,,,nan,nan,,,,,,,,,,,,,0,1,4.00848,current,0.0793603,,0,,nan,
golem_ik,kinematic,golem_ik,nan,,0,b037_d10_e00,37,0.1,0,0.259873,0.418353,0.10277,0.151722,-0.580921,0.583857,1.10517,0,1,1,1,nan,1.87399e-05,8.2872e-06,2.91925e-05,1.43883e-06,4.43272e-05,1.87399e-05,2.2883e-05,1.0024,1.0024,1.0024,0,0,nan,,,nan,nan,,,,,,,,,,,,,0,1,0.102542,home,0.0654994,,0,,nan,
golem_ik,kinematic,golem_ik,nan,,0,b037_d10_e10,37,0.1,0.1,0.32918,0.49044,0.10277,0.1848,-0.675292,0.583857,1.10517,0,1,1,1,nan,0.00513325,5.72196e-17,0.0102665,3.03687e-16,0.00462159,0.00513325,0.00231079,1.0024,1.0024,1.0024,0,0,nan,,,nan,nan,,,,,,,,,,,,,0,1,4.00065,current,0.079461,,0,,nan,
golem_ik,kinematic,golem_ik,nan,,0,b037_d10_e20,37,0.1,0.2,0.398488,0.562526,0.10277,0.217877,-0.769663,0.583857,1.10517,0,0,0,0,nan,0.0879062,0.0719993,0.103813,0.00295649,0.0437676,0.0879062,0.0233621,1.0024,1.0024,1.0024,0,0,nan,,,nan,nan,,,,,,,,,,,,,0,1,4.01229,current,0.0794964,,0,,nan,
golem_ik,kinematic,golem_ik,nan,,0,b037_d20_e00,37,0.2,0,0.259873,0.418353,0.00277004,0.151722,-0.580921,0.483857,1.00517,0,1,1,1,nan,0.00712877,0.0142575,0,0.00499368,3.58092e-16,0.00712877,0.00249684,1.0024,1.0024,1.0024,0,0,nan,,,nan,nan,,,,,,,,,,,,,0,1,4.00063,current,0.0671134,,0,,nan,
golem_ik,kinematic,golem_ik,nan,,0,b037_d20_e10,37,0.2,0.1,0.32918,0.49044,0.00277004,0.1848,-0.675292,0.483857,1.00517,0,0,0,1,nan,0.0446149,0.0660801,0.0231497,0.015081,0.0126475,0.0446149,0.0138642,1.0024,1.0024,1.0024,0,0,nan,,,nan,nan,,,,,,,,,,,,,0,1,4.01177,arms_front_45,0.0778621,,0,,nan,
golem_ik,kinematic,golem_ik,nan,,0,b037_d20_e20,37,0.2,0.2,0.398488,0.562526,0.00277004,0.217877,-0.769663,0.483857,1.00517,0,0,0,0,nan,0.122599,0.133557,0.111641,0.0176931,0.0562291,0.122599,0.0369611,1.0024,1.0024,1.0024,0,0,nan,,,nan,nan,,,,,,,,,,,,,0,1,4.00634,current,0.0795994,,0,,nan,
golem_ik,kinematic,golem_ik,nan,,0,b037_d30_e00,37,0.3,0,0.259873,0.418353,-0.09723,0.151722,-0.580921,0.383857,0.90517,0,0,0,1,nan,0.0508268,0.101654,0,0.0373496,3.49267e-16,0.0508268,0.0186748,1.0024,1.0024,1.0024,0,0,nan,,,nan,nan,,,,,,,,,,,,,0,1,4.00893,arms_front_45,0.063177,,0,,nan,
golem_ik,kinematic,golem_ik,nan,,0,b037_d30_e10,37,0.3,0.1,0.32918,0.49044,-0.09723,0.1848,-0.675292,0.383857,0.90517,0,0,0,0,nan,0.102193,0.146178,0.0582074,0.0399073,0.034853,0.102193,0.0373802,1.0024,1.0024,1.0024,0,0,nan,,,nan,nan,,,,,,,,,,,,,0,1,4.00607,home,0.0719055,,0,,nan,
golem_ik,kinematic,golem_ik,nan,,0,b037_d30_e20,37,0.3,0.2,0.398488,0.562526,-0.09723,0.217877,-0.769663,0.383857,0.90517,0,0,0,0,nan,0.171619,0.204922,0.138317,0.0389179,0.0774282,0.171619,0.0581731,1.0024,1.0024,1.0024,0,0,nan,,,nan,nan,,,,,,,,,,,,,0,1,4.00999,current,0.0796766,,0,,nan,
golem_ik,kinematic,golem_ik,nan,,0,b037_d40_e00,37,0.4,0,0.259873,0.418353,-0.19723,0.151722,-0.580921,0.283857,0.80517,1,0,0,1,nan,0.119506,0.190994,0.0480183,0.070562,0.030286,0.119506,0.050424,1.0024,1.0024,1.0024,0,0,nan,,,nan,nan,,,,,,,,,,,,,0,1,4.00438,arms_front_45,0.0604828,,0,,nan,
golem_ik,kinematic,golem_ik,nan,,0,b037_d40_e10,37,0.4,0.1,0.32918,0.49044,-0.19723,0.1848,-0.675292,0.283857,0.80517,1,0,0,0,nan,0.16978,0.230457,0.109104,0.0679129,0.0678099,0.16978,0.0678614,1.0024,1.0024,1.0024,0,0,nan,,,nan,nan,,,,,,,,,,,,,0,1,4.00944,arms_front_45,0.0676532,,0,,nan,
golem_ik,kinematic,golem_ik,nan,,0,b037_d40_e20,37,0.4,0.2,0.398488,0.562526,-0.19723,0.217877,-0.769663,0.283857,0.80517,1,0,0,0,nan,0.231327,0.282542,0.180111,0.0634308,0.106799,0.231327,0.0851147,1.0024,1.0024,1.0024,0,0,nan,,,nan,nan,,,,,,,,,,,,,0,1,4.01004,home,0.0747994,,0,,nan,
golem_ik,kinematic,golem_ik,nan,,0,b037_d50_e00,37,0.5,0,0.259873,0.418353,-0.29723,0.151722,-0.580921,0.183857,0.70517,1,0,0,0,nan,0.199174,0.28181,0.116538,0.102508,0.0730553,0.199174,0.0877816,1.0024,1.0024,1.0024,0,0,nan,,,nan,nan,,,,,,,,,,,,,0,1,4.01174,arms_front_45,0.0584069,,0,,nan,
golem_ik,kinematic,golem_ik,nan,,0,b037_d50_e10,37,0.5,0.1,0.32918,0.49044,-0.29723,0.1848,-0.675292,0.183857,0.70517,1,0,0,0,nan,0.243701,0.317503,0.169898,0.0963089,0.106815,0.243701,0.101562,1.0024,1.0024,1.0024,0,0,nan,,,nan,nan,,,,,,,,,,,,,0,1,4.00763,arms_front_45,0.0644111,,0,,nan,
golem_ik,kinematic,golem_ik,nan,,0,b037_d50_e20,37,0.5,0.2,0.398488,0.562526,-0.29723,0.217877,-0.769663,0.183857,0.70517,1,0,0,0,nan,0.29863,0.364406,0.232853,0.0890099,0.141953,0.29863,0.115481,1.0024,1.0024,1.0024,0,0,nan,,,nan,nan,,,,,,,,,,,,,0,1,4.01076,arms_front_45,0.0706743,,0,,nan,
golem_ik,kinematic,golem_ik,nan,,0,b037_d60_e00,37,0.6,0,0.259873,0.418353,-0.39723,0.151722,-0.580921,0.083857,0.60517,1,0,0,0,nan,0.278241,0.373844,0.182639,0.132261,0.113217,0.278241,0.122739,1.0024,1.0024,1.0024,0,0,nan,,,nan,nan,,,,,,,,,,,,,0,1,4.01145,t_pose,0.0570945,,0,,nan,
golem_ik,kinematic,golem_ik,nan,,0,b037_d60_e10,37,0.6,0.1,0.32918,0.49044,-0.39723,0.1848,-0.675292,0.083857,0.60517,1,0,0,0,nan,0.320954,0.406572,0.235337,0.123686,0.147238,0.320954,0.135462,1.0024,1.0024,1.0024,0,0,nan,,,nan,nan,,,,,,,,,,,,,0,1,4.00666,arms_front_45,0.0618009,,0,,nan,
golem_ik,kinematic,golem_ik,nan,,0,b037_d60_e20,37,0.6,0.2,0.398488,0.562526,-0.39723,0.217877,-0.769663,0.083857,0.60517,1,0,0,0,nan,0.371192,0.449322,0.293062,0.11427,0.180309,0.371192,0.147289,1.0024,1.0024,1.0024,0,0,nan,,,nan,nan,,,,,,,,,,,,,0,1,4.01069,arms_front_45,0.0674093,,0,,nan,
golem_ik,kinematic,golem_ik,nan,,0,b037_d70_e00,37,0.7,0,0.259873,0.418353,-0.49723,0.151722,-0.580921,-0.016143,0.50517,1,0,0,0,nan,0.35956,0.466915,0.252205,0.159416,0.155879,0.35956,0.157648,1.0024,1.0024,1.0024,0,0,nan,,,nan,nan,,,,,,,,,,,,,0,1,4.00876,t_pose,0.055858,,0,,nan,
golem_ik,kinematic,golem_ik,nan,,0,b037_d70_e10,37,0.7,0.1,0.32918,0.49044,-0.49723,0.1848,-0.675292,-0.016143,0.50517,1,0,0,0,nan,0.398698,0.497211,0.300186,0.149319,0.185301,0.398698,0.16731,1.0024,1.0024,1.0024,0,0,nan,,,nan,nan,,,,,,,,,,,,,0,1,4.00507,current,0.0596674,,0,,nan,
golem_ik,kinematic,golem_ik,nan,,0,b037_d70_e20,37,0.7,0.2,0.398488,0.562526,-0.49723,0.217877,-0.769663,-0.016143,0.50517,1,0,0,0,nan,0.44667,0.536545,0.356796,0.138372,0.217525,0.44667,0.177949,1.0024,1.0024,1.0024,0,0,nan,,,nan,nan,,,,,,,,,,,,,0,1,4.00468,current,0.064797,,0,,nan,
golem_ik,kinematic,golem_ik,nan,,0,b037_d80_e00,37,0.8,0,0.259873,0.418353,-0.59723,0.151722,-0.580921,-0.116143,0.40517,1,0,0,0,nan,0.443711,0.560883,0.326539,0.183838,0.200636,0.443711,0.192237,1.0024,1.0024,1.0024,0,0,nan,,,nan,nan,,,,,,,,,,,,,0,1,4.01219,t_pose,0.0547565,,0,,nan,
golem_ik,kinematic,golem_ik,nan,,0,b037_d80_e10,37,0.8,0.1,0.32918,0.49044,-0.59723,0.1848,-0.675292,-0.116143,0.40517,1,0,0,0,nan,0.479263,0.589128,0.369397,0.172901,0.225698,0.479263,0.199299,1.0024,1.0024,1.0024,0,0,nan,,,nan,nan,,,,,,,,,,,,,0,1,4.00998,current,0.0577612,,0,,nan,
golem_ik,kinematic,golem_ik,nan,,0,b037_d80_e20,37,0.8,0.2,0.398488,0.562526,-0.59723,0.217877,-0.769663,-0.116143,0.40517,1,0,0,0,nan,0.523548,0.625585,0.421512,0.160899,0.252907,0.523548,0.206903,1.0024,1.0024,1.0024,0,0,nan,,,nan,nan,,,,,,,,,,,,,0,1,4.01095,current,0.0625065,,0,,nan,
golem_ik,kinematic,golem_ik,nan,,0,b037_d90_e00,37,0.9,0,0.259873,0.418353,-0.69723,0.151722,-0.580921,-0.216143,0.30517,1,0,0,0,nan,0.529975,0.655628,0.404322,0.205542,0.245954,0.529975,0.225748,1.0024,1.0024,1.0024,0,0,nan,,,nan,nan,,,,,,,,,,,,,0,1,4.01119,t_pose,0.0537008,,0,,nan,
golem_ik,kinematic,golem_ik,nan,,0,b037_d90_e10,37,0.9,0.1,0.32918,0.49044,-0.69723,0.1848,-0.675292,-0.216143,0.30517,1,0,0,0,nan,0.562562,0.682091,0.443034,0.194129,0.266931,0.562562,0.23053,1.0024,1.0024,1.0024,0,0,nan,,,nan,nan,,,,,,,,,,,,,0,1,4.00969,t_pose,0.0581592,,0,,nan,
golem_ik,kinematic,golem_ik,nan,,0,b037_d90_e20,37,0.9,0.2,0.398488,0.562526,-0.69723,0.217877,-0.769663,-0.216143,0.30517,1,0,0,0,nan,0.603417,0.716094,0.490741,0.181619,0.289871,0.603417,0.235745,1.0024,1.0024,1.0024,0,0,nan,,,nan,nan,,,,,,,,,,,,,0,1,4.01179,current,0.0605081,,0,,nan,
golem_ik,kinematic,golem_ik,nan,,0,b037_d100_e00,37,1,0,0.259873,0.418353,-0.79723,0.151722,-0.580921,-0.316143,0.20517,1,0,0,0,nan,0.617928,0.751051,0.484805,0.224648,0.290507,0.617928,0.257577,1.0024,1.0024,1.0024,0,0,nan,,,nan,nan,,,,,,,,,,,,,0,1,4.0087,t_pose,0.0527065,,0,,nan,
golem_ik,kinematic,golem_ik,nan,,0,b037_d100_e10,37,1,0.1,0.32918,0.49044,-0.79723,0.1848,-0.675292,-0.316143,0.20517,1,0,0,0,nan,0.648053,0.775938,0.520169,0.213036,0.307681,0.648053,0.260358,1.0024,1.0024,1.0024,0,0,nan,,,nan,nan,,,,,,,,,,,,,0,1,4.00786,t_pose,0.0569446,,0,,nan,
golem_ik,kinematic,golem_ik,nan,,0,b037_d100_e20,37,1,0.2,0.398488,0.562526,-0.79723,0.217877,-0.769663,-0.316143,0.20517,1,0,0,0,nan,0.68597,0.807816,0.564124,0.200427,0.326729,0.68597,0.263578,1.0024,1.0024,1.0024,0,0,nan,,,nan,nan,,,,,,,,,,,,,0,1,4.00969,current,0.058764,,0,,nan,
golem_ik,kinematic,golem_ik,nan,,0,b038_d00_e00,38,0,0,0.160423,0.681774,0.537277,0.281827,-0.377943,0.0992453,1.10165,0,1,1,1,nan,0.000464829,0.000929441,2.16507e-07,0.00319951,3.80298e-08,0.000464829,0.00159977,1.0024,1.0024,1.0024,0,0,nan,,,nan,nan,,,,,,,,,,,,,0,1,1.18275,t_pose,0.0980883,,0,,nan,
golem_ik,kinematic,golem_ik,nan,,0,b038_d00_e10,38,0,0.1,0.189208,0.777542,0.537277,0.359317,-0.441151,0.0992453,1.10165,0,0,0,1,nan,0.0304608,0.0609216,6.20634e-17,0.0143672,4.23782e-16,0.0304608,0.00718359,1.0024,1.0024,1.0024,0,0,nan,,,nan,nan,,,,,,,,,,,,,0,1,4.00987,arms_front_45,0.0834457,,0,,nan,
golem_ik,kinematic,golem_ik,nan,,0,b038_d00_e20,38,0,0.2,0.217994,0.873309,0.537277,0.436808,-0.504359,0.0992453,1.10165,0,0,0,0,nan,0.112845,0.158545,0.0671453,0.033812,0.00105132,0.112845,0.0174317,1.0024,1.0024,1.0024,0,0,nan,,,nan,nan,,,,,,,,,,,,,0,1,4.00532,arms_front_45,0.0821055,,0,,nan,
golem_ik,kinematic,golem_ik,nan,,0,b038_d10_e00,38,0.1,0,0.160423,0.681774,0.437277,0.281827,-0.377943,-0.000754705,1.00165,0,1,1,1,nan,0.000390371,4.77902e-05,0.000732951,1.21937e-05,0.000713465,0.000390371,0.00036283,1.0024,1.0024,1.0024,0,0,nan,,,nan,nan,,,,,,,,,,,,,0,1,1.19748,t_pose,0.0822203,,0,,nan,
golem_ik,kinematic,golem_ik,nan,,0,b038_d10_e10,38,0.1,0.1,0.189208,0.777542,0.437277,0.359317,-0.441151,-0.000754705,1.00165,0,0,0,0,nan,0.0567736,0.0599969,0.0535503,0.0181632,0.00103834,0.0567736,0.00960076,1.0024,1.0024,1.0024,0,0,nan,,,nan,nan,,,,,,,,,,,,,0,1,4.00778,t_pose,0.0798445,,0,,nan,
golem_ik,kinematic,golem_ik,nan,,0,b038_d10_e20,38,0.1,0.2,0.217994,0.873309,0.437277,0.436808,-0.504359,-0.000754705,1.00165,0,0,0,0,nan,0.141631,0.156659,0.126604,0.0416136,0.00227852,0.141631,0.0219461,1.0024,1.0024,1.0024,0,0,nan,,,nan,nan,,,,,,,,,,,,,0,1,4.00957,t_pose,0.0831997,,0,,nan,
golem_ik,kinematic,golem_ik,nan,,0,b038_d20_e00,38,0.2,0,0.160423,0.681774,0.337277,0.281827,-0.377943,-0.100755,0.901645,0,0,1,0,nan,0.0360825,0,0.0721651,1.86655e-16,0.0015903,0.0360825,0.000795148,1.0024,1.0024,1.0024,0,0,nan,,,nan,nan,,,,,,,,,,,,,0,1,4.00894,t_pose,0.0669443,,0,,nan,
golem_ik,kinematic,golem_ik,nan,,0,b038_d20_e10,38,0.2,0.1,0.189208,0.777542,0.337277,0.359317,-0.441151,-0.100755,0.901645,0,0,0,0,nan,0.102356,0.0757943,0.128917,0.026577,0.00269511,0.102356,0.0146361,1.0024,1.0024,1.0024,0,0,nan,,,nan,nan,,,,,,,,,,,,,0,1,4.00632,t_pose,0.074415,,0,,nan,
golem_ik,kinematic,golem_ik,nan,,0,b038_d20_e20,38,0.2,0.2,0.217994,0.873309,0.337277,0.436808,-0.504359,-0.100755,0.901645,0,0,0,0,nan,0.18198,0.169255,0.194704,0.0516796,0.0038245,0.18198,0.027752,1.0024,1.0024,1.0024,0,0,nan,,,nan,nan,,,,,,,,,,,,,0,1,4.01208,t_pose,0.0806315,,0,,nan,
golem_ik,kinematic,golem_ik,nan,,0,b038_d30_e00,38,0.3,0,0.160423,0.681774,0.237277,0.281827,-0.377943,-0.200755,0.801645,1,0,1,0,nan,0.0908579,0.0221422,0.159574,0.00968624,0.00363127,0.0908579,0.00665875,1.0024,1.0024,1.0024,0,0,nan,,,nan,nan,,,,,,,,,,,,,0,1,4.01009,t_pose,0.0632043,,0,,nan,
golem_ik,kinematic,golem_ik,nan,,0,b038_d30_e10,38,0.3,0.1,0.189208,0.777542,0.237277,0.359317,-0.441151,-0.200755,0.801645,1,0,0,0,nan,0.157932,0.105952,0.209913,0.0397825,0.00458333,0.157932,0.0221829,1.0024,1.0024,1.0024,0,0,nan,,,nan,nan,,,,,,,,,,,,,0,1,4.01113,t_pose,0.0700871,,0,,nan,
golem_ik,kinematic,golem_ik,nan,,0,b038_d30_e20,38,0.3,0.2,0.217994,0.873309,0.237277,0.436808,-0.504359,-0.200755,0.801645,1,0,0,0,nan,0.232137,0.194976,0.269298,0.0643062,0.00558217,0.232137,0.0349442,1.0024,1.0024,1.0024,0,0,nan,,,nan,nan,,,,,,,,,,,,,0,1,4.0105,t_pose,0.0760659,,0,,nan,
golem_ik,kinematic,golem_ik,nan,,0,b038_d40_e00,38,0.4,0,0.160423,0.681774,0.137277,0.281827,-0.377943,-0.300755,0.701645,1,0,0,0,nan,0.162297,0.0746997,0.249893,0.0344456,0.00576968,0.162297,0.0201077,1.0024,1.0024,1.0024,0,0,nan,,,nan,nan,,,,,,,,,,,,,0,1,4.01204,t_pose,0.0603216,,0,,nan,
golem_ik,kinematic,golem_ik,nan,,0,b038_d40_e10,38,0.4,0.1,0.189208,0.777542,0.137277,0.359317,-0.441151,-0.300755,0.701645,1,0,0,0,nan,0.222259,0.149582,0.294936,0.0592622,0.00658789,0.222259,0.0329251,1.0024,1.0024,1.0024,0,0,nan,,,nan,nan,,,,,,,,,,,,,0,1,4.00836,t_pose,0.066615,,0,,nan,
golem_ik,kinematic,golem_ik,nan,,0,b038_d40_e20,38,0.4,0.2,0.217994,0.873309,0.137277,0.436808,-0.504359,-0.300755,0.701645,1,0,0,0,nan,0.290572,0.23236,0.348784,0.0802101,0.00746404,0.290572,0.0438371,1.0024,1.0024,1.0024,0,0,nan,,,nan,nan,,,,,,,,,,,,,0,1,4.01227,t_pose,0.0722655,,0,,nan,
golem_ik,kinematic,golem_ik,nan,,0,b038_d50_e00,38,0.5,0,0.160423,0.681774,0.0372769,0.281827,-0.377943,-0.400755,0.601645,1,0,0,0,nan,0.240874,0.139497,0.342251,0.066633,0.00792032,0.240874,0.0372767,1.0024,1.0024,1.0024,0,0,nan,,,nan,nan,,,,,,,,,,,,,0,1,4.00812,t_pose,0.0580523,,0,,nan,
golem_ik,kinematic,golem_ik,nan,,0,b038_d50_e10,38,0.5,0.1,0.189208,0.777542,0.0372769,0.359317,-0.441151,-0.400755,0.601645,1,0,0,0,nan,0.294349,0.205802,0.382896,0.0855679,0.00863071,0.294349,0.0470993,1.0024,1.0024,1.0024,0,0,nan,,,nan,nan,,,,,,,,,,,,,0,1,4.00963,t_pose,0.063806,,0,,nan,
golem_ik,kinematic,golem_ik,nan,,0,b038_d50_e20,38,0.5,0.2,0.217994,0.873309,0.0372769,0.436808,-0.504359,-0.400755,0.601645,1,0,0,0,nan,0.356666,0.281346,0.431985,0.102297,0.00943231,0.356666,0.0558647,1.0024,1.0024,1.0024,0,0,nan,,,nan,nan,,,,,,,,,,,,,0,1,4.00481,t_pose,0.0691249,,0,,nan,
golem_ik,kinematic,golem_ik,nan,,0,b038_d60_e00,38,0.6,0,0.160423,0.681774,-0.0627231,0.281827,-0.377943,-0.500755,0.501645,1,0,0,0,nan,0.324068,0.212057,0.436079,0.102934,0.0100511,0.324068,0.0564924,1.0024,1.0024,1.0024,0,0,nan,,,nan,nan,,,,,,,,,,,,,0,1,4.00455,t_pose,0.0562455,,0,,nan,
golem_ik,kinematic,golem_ik,nan,,0,b038_d60_e10,38,0.6,0.1,0.189208,0.777542,-0.0627231,0.359317,-0.441151,-0.500755,0.501645,1,0,0,0,nan,0.372037,0.27103,0.473045,0.116262,0.0107258,0.372037,0.063494,1.0024,1.0024,1.0024,0,0,nan,,,nan,nan,,,,,,,,,,,,,0,1,4.00999,t_pose,0.0615457,,0,,nan,
golem_ik,kinematic,golem_ik,nan,,0,b038_d60_e20,38,0.6,0.2,0.217994,0.873309,-0.0627231,0.436808,-0.504359,-0.500755,0.501645,1,0,0,0,nan,0.428883,0.339727,0.518039,0.128744,0.0116054,0.428883,0.0701745,1.0024,1.0024,1.0024,0,0,nan,,,nan,nan,,,,,,,,,,,,,0,1,4.00874,t_pose,0.066564,,0,,nan,
golem_ik,kinematic,golem_ik,nan,,0,b038_d70_e00,38,0.7,0,0.160423,0.681774,-0.162723,0.281827,-0.377943,-0.600755,0.401645,1,0,0,0,nan,0.410388,0.289776,0.531,0.140863,0.0122887,0.410388,0.076576,1.0024,1.0024,1.0024,0,0,nan,,,nan,nan,,,,,,,,,,,,,0,1,4.01072,t_pose,0.0548474,,0,,nan,
golem_ik,kinematic,golem_ik,nan,,0,b038_d70_e10,38,0.7,0.1,0.189208,0.777542,-0.162723,0.359317,-0.441151,-0.600755,0.401645,1,0,0,0,nan,0.453798,0.342724,0.564873,0.149167,0.012735,0.453798,0.080951,1.0024,1.0024,1.0024,0,0,nan,,,nan,nan,,,,,,,,,,,,,0,1,4.00465,arms_front_45,0.0598033,,0,,nan,
golem_ik,kinematic,golem_ik,nan,,0,b038_d70_e20,38,0.7,0.2,0.217994,0.873309,-0.162723,0.436808,-0.504359,-0.600755,0.401645,1,0,0,0,nan,0.505856,0.405374,0.606338,0.157275,0.01352,0.505856,0.0853976,1.0024,1.0024,1.0024,0,0,nan,,,nan,nan,,,,,,,,,,,,,0,1,4.0117,arms_front_45,0.0645976,,0,,nan,
golem_ik,kinematic,golem_ik,nan,,0,b038_d80_e00,38,0.8,0,0.160423,0.681774,-0.262723,0.281827,-0.377943,-0.700755,0.301645,1,0,0,0,nan,0.498965,0.371158,0.626772,0.178681,0.014276,0.498965,0.0964785,1.0024,1.0024,1.0024,0,0,nan,,,nan,nan,,,,,,,,,,,,,0,1,4.00622,arms_front_45,0.0537446,,0,,nan,
golem_ik,kinematic,golem_ik,nan,,0,b038_d80_e10,38,0.8,0.1,0.189208,0.777542,-0.262723,0.359317,-0.441151,-0.700755,0.301645,1,0,0,0,nan,0.53857,0.419162,0.657977,0.1828,0.0150116,0.53857,0.0989058,1.0024,1.0024,1.0024,0,0,nan,,,nan,nan,,,,,,,,,,,,,0,1,4.01466,arms_front_45,0.0584083,,0,,nan,
golem_ik,kinematic,golem_ik,nan,,0,b038_d80_e20,38,0.8,0.2,0.217994,0.873309,-0.262723,0.436808,-0.504359,-0.700755,0.301645,1,0,0,0,nan,0.586469,0.476548,0.69639,0.187246,0.0159926,0.586469,0.101619,1.0024,1.0024,1.0024,0,0,nan,,,nan,nan,,,,,,,,,,,,,0,1,4.01113,arms_front_45,0.0629721,,0,,nan,
golem_ik,kinematic,golem_ik,nan,,0,b038_d90_e00,38,0.9,0,0.160423,0.681774,-0.362723,0.281827,-0.377943,-0.800755,0.201645,1,0,0,0,nan,0.589238,0.455286,0.723189,0.215372,0.0168217,0.589238,0.116097,1.0024,1.0024,1.0024,0,0,nan,,,nan,nan,,,,,,,,,,,,,0,1,4.00745,arms_front_45,0.0530251,,0,,nan,
golem_ik,kinematic,golem_ik,nan,,0,b038_d90_e10,38,0.9,0.1,0.189208,0.777542,-0.362723,0.359317,-0.441151,-0.800755,0.201645,1,0,0,0,nan,0.625667,0.499213,0.752122,0.216042,0.0177509,0.625667,0.116896,1.0024,1.0024,1.0024,0,0,nan,,,nan,nan,,,,,,,,,,,,,0,1,4.00915,arms_front_45,0.0574076,,0,,nan,
golem_ik,kinematic,golem_ik,nan,,0,b038_d90_e20,38,0.9,0.2,0.217994,0.873309,-0.362723,0.436808,-0.504359,-0.800755,0.201645,1,0,0,0,nan,0.669982,0.552073,0.787891,0.217427,0.0191547,0.669982,0.118291,1.0024,1.0024,1.0024,0,0,nan,,,nan,nan,,,,,,,,,,,,,0,1,4.00965,arms_front_45,0.0617836,,0,,nan,
golem_ik,kinematic,golem_ik,nan,,0,b038_d100_e00,38,1,0,0.160423,0.681774,-0.462723,0.281827,-0.377943,-0.900755,0.101645,1,0,0,0,nan,0.680887,0.541601,0.820173,0.250247,0.020239,0.680887,0.135243,1.0024,1.0024,1.0024,0,0,nan,,,nan,nan,,,,,,,,,,,,,0,1,4.00912,arms_front_45,0.0526657,,0,,nan,
golem_ik,kinematic,golem_ik,nan,,0,b038_d100_e10,38,1,0.1,0.189208,0.777542,-0.462723,0.359317,-0.441151,-0.900755,0.101645,1,0,0,0,nan,0.714643,0.582114,0.847172,0.248298,0.0218513,0.714643,0.135075,1.0024,1.0024,1.0024,0,0,nan,,,nan,nan,,,,,,,,,,,,,0,1,4.00474,arms_front_45,0.0569022,,0,,nan,
golem_ik,kinematic,golem_ik,nan,,0,b038_d100_e20,38,1,0.2,0.217994,0.873309,-0.462723,0.436808,-0.504359,-0.900755,0.101645,1,0,0,0,nan,0.755857,0.631076,0.880638,0.247207,0.0236582,0.755857,0.135433,1.0024,1.0024,1.0024,0,0,nan,,,nan,nan,,,,,,,,,,,,,0,1,4.00605,arms_front_45,0.0610451,,0,,nan,
golem_ik,kinematic,golem_ik,nan,,0,b039_d00_e00,39,0,0,0.251872,0.224723,0.606187,0.35166,-0.626263,0.425275,1.42767,0,1,1,1,nan,0.000437035,1.58979e-05,0.000858171,4.95087e-06,0.00119004,0.000437035,0.000597494,1.0024,1.0024,1.0024,0,0,nan,,,nan,nan,,,,,,,,,,,,,0,1,1.12758,t_pose,0.0924149,,0,,nan,
golem_ik,kinematic,golem_ik,nan,,0,b039_d00_e10,39,0,0.1,0.347539,0.253842,0.606187,0.410903,-0.706825,0.425275,1.42767,0,0,1,0,nan,0.0436038,1.24127e-16,0.0872075,5.54118e-16,0.00127258,0.0436038,0.000636291,1.0024,1.0024,1.0024,0,0,nan,,,nan,nan,,,,,,,,,,,,,0,1,4.00633,arms_front_45,0.0983729,,0,,nan,
golem_ik,kinematic,golem_ik,nan,,0,b039_d00_e20,39,0,0.2,0.443205,0.28296,0.606187,0.470146,-0.787387,0.425275,1.42767,0,0,1,0,nan,0.0935542,3.42194e-16,0.187108,2.55785e-16,0.00274406,0.0935542,0.00137203,1.0024,1.0024,1.0024,0,0,nan,,,nan,nan,,,,,,,,,,,,,0,1,4.00869,arms_front_45,0.0911169,,0,,nan,
golem_ik,kinematic,golem_ik,nan,,0,b039_d10_e00,39,0.1,0,0.251872,0.224723,0.506187,0.35166,-0.626263,0.325275,1.32767,0,1,1,1,nan,9.62178e-05,6.16388e-09,0.00019243,2.55974e-09,0.000158933,9.62178e-05,7.94676e-05,1.0024,1.0024,1.0024,0,0,nan,,,nan,nan,,,,,,,,,,,,,0,1,1.14527,t_pose,0.0962201,,0,,nan,
golem_ik,kinematic,golem_ik,nan,,0,b039_d10_e10,39,0.1,0.1,0.347539,0.253842,0.506187,0.410903,-0.706825,0.325275,1.32767,0,0,1,0,nan,0.0481093,5.55112e-17,0.0962186,2.91269e-16,0.000697457,0.0481093,0.000348729,1.0024,1.0024,1.0024,0,0,nan,,,nan,nan,,,,,,,,,,,,,0,1,4.01077,t_pose,0.100943,,0,,nan,
golem_ik,kinematic,golem_ik,nan,,0,b039_d10_e20,39,0.1,0.2,0.443205,0.28296,0.506187,0.470146,-0.787387,0.325275,1.32767,0,0,1,0,nan,0.0974515,1.48505e-08,0.194903,3.50109e-09,0.00163685,0.0974515,0.000818429,1.0024,1.0024,1.0024,0,0,nan,,,nan,nan,,,,,,,,,,,,,0,1,4.0071,t_pose,0.0940819,,0,,nan,
golem_ik,kinematic,golem_ik,nan,,0,b039_d20_e00,39,0.2,0,0.251872,0.224723,0.406187,0.35166,-0.626263,0.225275,1.22767,0,1,1,1,nan,0.0131099,2.77556e-17,0.0262199,3.53579e-16,7.30504e-05,0.0131099,3.65252e-05,1.0024,1.0024,1.0024,0,0,nan,,,nan,nan,,,,,,,,,,,,,0,1,4.00951,t_pose,0.0849066,,0,,nan,
golem_ik,kinematic,golem_ik,nan,,0,b039_d20_e10,39,0.2,0.1,0.347539,0.253842,0.406187,0.410903,-0.706825,0.225275,1.22767,0,0,1,0,nan,0.0601315,1.24127e-16,0.120263,3.64648e-16,1.31388e-05,0.0601315,6.56939e-06,1.0024,1.0024,1.0024,0,0,nan,,,nan,nan,,,,,,,,,,,,,0,1,4.0111,t_pose,0.109135,,0,,nan,
golem_ik,kinematic,golem_ik,nan,,0,b039_d20_e20,39,0.2,0.2,0.443205,0.28296,0.406187,0.470146,-0.787387,0.225275,1.22767,0,0,1,0,nan,0.107916,9.37809e-11,0.215833,1.99998e-11,0.000480412,0.107916,0.000240206,1.0024,1.0024,1.0024,0,0,nan,,,nan,nan,,,,,,,,,,,,,0,1,4.00949,t_pose,0.104691,,0,,nan,
golem_ik,kinematic,golem_ik,nan,,0,b039_d30_e00,39,0.3,0,0.251872,0.224723,0.306187,0.35166,-0.626263,0.125275,1.12767,0,0,1,0,nan,0.0347891,0,0.0695781,2.93574e-16,0.000700041,0.0347891,0.00035002,1.0024,1.0024,1.0024,0,0,nan,,,nan,nan,,,,,,,,,,,,,0,1,4.0102,t_pose,0.0948487,,0,,nan,
golem_ik,kinematic,golem_ik,nan,,0,b039_d30_e10,39,0.3,0.1,0.347539,0.253842,0.306187,0.410903,-0.706825,0.125275,1.12767,0,0,1,0,nan,0.0789141,0,0.157828,4.47524e-16,0.00100493,0.0789141,0.000502464,1.0024,1.0024,1.0024,0,0,nan,,,nan,nan,,,,,,,,,,,,,0,1,4.00859,t_pose,0.0976372,,0,,nan,
golem_ik,kinematic,golem_ik,nan,,0,b039_d30_e20,39,0.3,0.2,0.443205,0.28296,0.306187,0.470146,-0.787387,0.125275,1.12767,0,0,1,0,nan,0.124441,5.47629e-08,0.248881,1.08442e-08,0.000876187,0.124441,0.000438099,1.0024,1.0024,1.0024,0,0,nan,,,nan,nan,,,,,,,,,,,,,0,1,4.01132,t_pose,0.0954713,,0,,nan,
golem_ik,kinematic,golem_ik,nan,,0,b039_d40_e00,39,0.4,0,0.251872,0.224723,0.206187,0.35166,-0.626263,0.0252745,1.02767,0,0,1,0,nan,0.0625815,6.7987e-17,0.125163,2.21639e-16,0.00200169,0.0625815,0.00100084,1.0024,1.0024,1.0024,0,0,nan,,,nan,nan,,,,,,,,,,,,,0,1,4.01352,t_pose,0.0844428,,0,,nan,
golem_ik,kinematic,golem_ik,nan,,0,b039_d40_e10,39,0.4,0.1,0.347539,0.253842,0.206187,0.410903,-0.706825,0.0252745,1.02767,0,0,1,0,nan,0.10345,2.31675e-13,0.206901,6.17081e-14,0.00246541,0.10345,0.00123271,1.0024,1.0024,1.0024,0,0,nan,,,nan,nan,,,,,,,,,,,,,0,1,4.00873,t_pose,0.0860668,,0,,nan,
golem_ik,kinematic,golem_ik,nan,,0,b039_d40_e20,39,0.4,0.2,0.443205,0.28296,0.206187,0.470146,-0.787387,0.0252745,1.02767,0,0,1,0,nan,0.14637,0.000113942,0.292627,1.90031e-05,0.00252192,0.14637,0.00127046,1.0024,1.0024,1.0024,0,0,nan,,,nan,nan,,,,,,,,,,,,,0,1,4.01011,t_pose,0.0833907,,0,,nan,
golem_ik,kinematic,golem_ik,nan,,0,b039_d50_e00,39,0.5,0,0.251872,0.224723,0.106187,0.35166,-0.626263,-0.0747255,0.927675,0,0,1,0,nan,0.0951095,1.66236e-05,0.190202,1.01321e-05,0.00392189,0.0951095,0.00196601,1.0024,1.0024,1.0024,0,0,nan,,,nan,nan,,,,,,,,,,,,,0,1,4.0044,arms_front_45,0.0812245,,0,,nan,
golem_ik,kinematic,golem_ik,nan,,0,b039_d50_e10,39,0.5,0.1,0.347539,0.253842,0.106187,0.410903,-0.706825,-0.0747255,0.927675,0,0,1,0,nan,0.133804,0.0022151,0.265393,0.00120675,0.00437129,0.133804,0.00278902,1.0024,1.0024,1.0024,0,0,nan,,,nan,nan,,,,,,,,,,,,,0,1,4.00485,t_pose,0.0696552,,0,,nan,
golem_ik,kinematic,golem_ik,nan,,0,b039_d50_e20,39,0.5,0.2,0.443205,0.28296,0.106187,0.470146,-0.787387,-0.0747255,0.927675,0,0,1,0,nan,0.190526,0.035557,0.345496,0.015216,0.00447925,0.190526,0.00984764,1.0024,1.0024,1.0024,0,0,nan,,,nan,nan,,,,,,,,,,,,,0,1,4.00816,t_pose,0.066244,,0,,nan,
golem_ik,kinematic,golem_ik,nan,,0,b039_d60_e00,39,0.6,0,0.251872,0.224723,0.00618705,0.35166,-0.626263,-0.174725,0.827675,1,0,0,0,nan,0.158759,0.0551113,0.262408,0.0709343,0.00632789,0.158759,0.0386311,1.0024,1.0024,1.0024,0,0,nan,,,nan,nan,,,,,,,,,,,,,0,1,4.00998,home,0.0195182,,0,,nan,
golem_ik,kinematic,golem_ik,nan,,0,b039_d60_e10,39,0.6,0.1,0.347539,0.253842,0.00618705,0.410903,-0.706825,-0.174725,0.827675,1,0,0,0,nan,0.202053,0.0726851,0.33142,0.0630871,0.00665758,0.202053,0.0348723,1.0024,1.0024,1.0024,0,0,nan,,,nan,nan,,,,,,,,,,,,,0,1,4.01103,current,0.034624,,0,,nan,
golem_ik,kinematic,golem_ik,nan,,0,b039_d60_e20,39,0.6,0.2,0.443205,0.28296,0.00618705,0.470146,-0.787387,-0.174725,0.827675,1,0,0,0,nan,0.258056,0.110144,0.405967,0.0559689,0.00671882,0.258056,0.0313439,1.0024,1.0024,1.0024,0,0,nan,,,nan,nan,,,,,,,,,,,,,0,1,4.01272,t_pose,0.0618567,,0,,nan,
golem_ik,kinematic,golem_ik,nan,,0,b039_d70_e00,39,0.7,0,0.251872,0.224723,-0.093813,0.35166,-0.626263,-0.274725,0.727675,1,0,0,0,nan,0.238353,0.136611,0.340096,0.112502,0.0377518,0.238353,0.075127,1.0024,1.0024,1.0024,0,0,nan,,,nan,nan,,,,,,,,,,,,,0,1,4.00832,home,0.0198272,,0,,nan,
golem_ik,kinematic,golem_ik,nan,,0,b039_d70_e10,39,0.7,0.1,0.347539,0.253842,-0.093813,0.410903,-0.706825,-0.274725,0.727675,1,0,0,0,nan,0.279229,0.155057,0.403401,0.101796,0.00922681,0.279229,0.0555112,1.0024,1.0024,1.0024,0,0,nan,,,nan,nan,,,,,,,,,,,,,0,1,4.0068,current,0.0334915,,0,,nan,
golem_ik,kinematic,golem_ik,nan,,0,b039_d70_e20,39,0.7,0.2,0.443205,0.28296,-0.093813,0.470146,-0.787387,-0.274725,0.727675,1,0,0,0,nan,0.331032,0.189375,0.472689,0.108018,0.00918062,0.331032,0.0585994,1.0024,1.0024,1.0024,0,0,nan,,,nan,nan,,,,,,,,,,,,,0,1,4.01107,current,0.0410962,,0,,nan,
golem_ik,kinematic,golem_ik,nan,,0,b039_d80_e00,39,0.8,0,0.251872,0.224723,-0.193813,0.35166,-0.626263,-0.374725,0.627675,1,0,0,0,nan,0.328859,0.235148,0.42257,0.168481,0.0702559,0.328859,0.119368,1.0024,1.0024,1.0024,0,0,nan,,,nan,nan,,,,,,,,,,,,,0,1,4.00563,t_pose,0.0590347,,0,,nan,
golem_ik,kinematic,golem_ik,nan,,0,b039_d80_e10,39,0.8,0.1,0.347539,0.253842,-0.193813,0.410903,-0.706825,-0.374725,0.627675,1,0,0,0,nan,0.361025,0.242034,0.480016,0.142481,0.0324171,0.361025,0.0874492,1.0024,1.0024,1.0024,0,0,nan,,,nan,nan,,,,,,,,,,,,,0,1,4.01198,home,0.0328319,,0,,nan,
golem_ik,kinematic,golem_ik,nan,,0,b039_d80_e20,39,0.8,0.2,0.443205,0.28296,-0.193813,0.470146,-0.787387,-0.374725,0.627675,1,0,0,0,nan,0.40864,0.272776,0.544504,0.144981,0.0117807,0.40864,0.0783809,1.0024,1.0024,1.0024,0,0,nan,,,nan,nan,,,,,,,,,,,,,0,1,4.00913,home,0.0391038,,0,,nan,
golem_ik,kinematic,golem_ik,nan,,0,b039_d90_e00,39,0.9,0,0.251872,0.224723,-0.293813,0.35166,-0.626263,-0.474725,0.527675,1,0,0,0,nan,0.415345,0.322717,0.507972,0.215001,0.095167,0.415345,0.155084,1.0024,1.0024,1.0024,0,0,nan,,,nan,nan,,,,,,,,,,,,,0,1,4.01238,t_pose,0.057381,,0,,nan,
golem_ik,kinematic,golem_ik,nan,,0,b039_d90_e10,39,0.9,0.1,0.347539,0.253842,-0.293813,0.410903,-0.706825,-0.474725,0.527675,1,0,0,0,nan,0.447773,0.334823,0.560723,0.196451,0.061523,0.447773,0.128987,1.0024,1.0024,1.0024,0,0,nan,,,nan,nan,,,,,,,,,,,,,0,1,4.00733,t_pose,0.0566574,,0,,nan,
golem_ik,kinematic,golem_ik,nan,,0,b039_d90_e20,39,0.9,0.2,0.443205,0.28296,-0.293813,0.470146,-0.787387,-0.474725,0.527675,1,0,0,0,nan,0.489909,0.359425,0.620394,0.178687,0.0270296,0.489909,0.102858,1.0024,1.0024,1.0024,0,0,nan,,,nan,nan,,,,,,,,,,,,,0,1,4.00807,home,0.0374319,,0,,nan,
golem_ik,kinematic,golem_ik,nan,,0,b039_d100_e00,39,1,0,0.251872,0.224723,-0.393813,0.35166,-0.626263,-0.574725,0.427675,1,0,0,0,nan,0.503936,0.412198,0.595673,0.258168,0.117075,0.503936,0.187622,1.0024,1.0024,1.0024,0,0,nan,,,nan,nan,,,,,,,,,,,,,0,1,4.00893,t_pose,0.0563719,,0,,nan,
golem_ik,kinematic,golem_ik,nan,,0,b039_d100_e10,39,1,0.1,0.347539,0.253842,-0.393813,0.410903,-0.706825,-0.574725,0.427675,1,0,0,0,nan,0.534526,0.424666,0.644386,0.237785,0.0848657,0.534526,0.161325,1.0024,1.0024,1.0024,0,0,nan,,,nan,nan,,,,,,,,,,,,,0,1,4.01291,t_pose,0.0559445,,0,,nan,
golem_ik,kinematic,golem_ik,nan,,0,b039_d100_e20,39,1,0.2,0.443205,0.28296,-0.393813,0.470146,-0.787387,-0.574725,0.427675,1,0,0,0,nan,0.574745,0.449658,0.699832,0.221465,0.0549465,0.574745,0.138206,1.0024,1.0024,1.0024,0,0,nan,,,nan,nan,,,,,,,,,,,,,0,1,4.01127,t_pose,0.0565356,,0,,nan,
golem_ik,kinematic,golem_ik,nan,,0,b040_d00_e00,40,0,0,0.311102,-0.0177048,0.157874,0.155182,-0.128937,0.207568,1.16027,0,1,1,1,nan,0.0212161,8.09951e-17,0.0424321,1.08736e-16,0.0142853,0.0212161,0.00714266,1.0024,1.0024,1.0024,0,0,nan,,,nan,nan,,,,,,,,,,,,,0,1,4.01013,arms_front_45,0.0192225,,0,,nan,
golem_ik,kinematic,golem_ik,nan,,0,b040_d00_e10,40,0,0.1,0.399356,-0.064729,0.157874,0.254431,-0.116707,0.207568,1.16027,0,1,1,1,nan,0.00676629,0.0135326,6.20634e-17,0.000330271,2.82248e-16,0.00676629,0.000165135,1.0024,1.0024,1.0024,0,0,nan,,,nan,nan,,,,,,,,,,,,,0,1,4.00347,home,0.0386864,,0,,nan,
golem_ik,kinematic,golem_ik,nan,,0,b040_d00_e20,40,0,0.2,0.48761,-0.111753,0.157874,0.353681,-0.104476,0.207568,1.16027,0,0,0,1,nan,0.0560294,0.0978217,0.0142371,0.00167214,0.00323786,0.0560294,0.002455,1.0024,1.0024,1.0024,0,0,nan,,,nan,nan,,,,,,,,,,,,,0,1,4.00933,current,0.0182951,,0,,nan,
golem_ik,kinematic,golem_ik,nan,,0,b040_d10_e00,40,0.1,0,0.311102,-0.0177048,0.0578744,0.155182,-0.128937,0.107568,1.06027,0,1,1,1,nan,0.0160597,0.000217344,0.031902,4.03184e-05,0.0206015,0.0160597,0.0103209,1.0024,1.0024,1.0024,0,0,nan,,,nan,nan,,,,,,,,,,,,,0,1,4.00717,current,0.00609624,,0,,nan,
golem_ik,kinematic,golem_ik,nan,,0,b040_d10_e10,40,0.1,0.1,0.399356,-0.064729,0.0578744,0.254431,-0.116707,0.107568,1.06027,0,0,0,1,nan,0.0415526,0.0688098,0.0142955,0.00669107,0.00896245,0.0415526,0.00782676,1.0024,1.0024,1.0024,0,0,nan,,,nan,nan,,,,,,,,,,,,,0,1,4.00111,arms_front_45,0.0314871,,0,,nan,
golem_ik,kinematic,golem_ik,nan,,0,b040_d10_e20,40,0.1,0.2,0.48761,-0.111753,0.0578744,0.353681,-0.104476,0.107568,1.06027,0,0,0,1,nan,0.0951647,0.14674,0.0435893,0.00413237,0.020587,0.0951647,0.0123597,1.0024,1.0024,1.0024,0,0,nan,,,nan,nan,,,,,,,,,,,,,0,1,4.00957,home,0.0146278,,0,,nan,
golem_ik,kinematic,golem_ik,nan,,0,b040_d20_e00,40,0.2,0,0.311102,-0.0177048,-0.0421256,0.155182,-0.128937,0.00756786,0.960274,0,0,0,0,nan,0.0900244,0.0781769,0.101872,0.027842,0.0760722,0.0900244,0.0519571,1.0024,1.0024,1.0024,0,0,nan,,,nan,nan,,,,,,,,,,,,,0,1,4.00926,home,0.0175247,,0,,nan,
golem_ik,kinematic,golem_ik,nan,,0,b040_d20_e10,40,0.2,0.1,0.399356,-0.064729,-0.0421256,0.254431,-0.116707,0.00756786,0.960274,0,0,0,0,nan,0.11835,0.136358,0.100343,0.0229758,0.0626123,0.11835,0.0427941,1.0024,1.0024,1.0024,0,0,nan,,,nan,nan,,,,,,,,,,,,,0,1,4.00199,home,0.0246853,,0,,nan,
golem_ik,kinematic,golem_ik,nan,,0,b040_d20_e20,40,0.2,0.2,0.48761,-0.111753,-0.0421256,0.353681,-0.104476,0.00756786,0.960274,0,0,0,0,nan,0.164523,0.206138,0.122908,0.0207718,0.0733441,0.164523,0.047058,1.0024,1.0024,1.0024,0,0,nan,,,nan,nan,,,,,,,,,,,,,0,1,4.00376,current,0.0234729,,0,,nan,
golem_ik,kinematic,golem_ik,nan,,0,b040_d30_e00,40,0.3,0,0.311102,-0.0177048,-0.142126,0.155182,-0.128937,-0.0924321,0.860274,1,0,0,0,nan,0.174434,0.164483,0.184385,0.0630491,0.12935,0.174434,0.0961995,1.0024,1.0024,1.0024,0,0,nan,,,nan,nan,,,,,,,,,,,,,0,1,4.00331,current,0.018247,,0,,nan,
golem_ik,kinematic,golem_ik,nan,,0,b040_d30_e10,40,0.3,0.1,0.399356,-0.064729,-0.142126,0.254431,-0.116707,-0.0924321,0.860274,1,0,0,0,nan,0.199807,0.212396,0.187219,0.0477353,0.115669,0.199807,0.0817022,1.0024,1.0024,1.0024,0,0,nan,,,nan,nan,,,,,,,,,,,,,0,1,4.00308,home,0.0210221,,0,,nan,
golem_ik,kinematic,golem_ik,nan,,0,b040_d30_e20,40,0.3,0.2,0.48761,-0.111753,-0.142126,0.353681,-0.104476,-0.0924321,0.860274,1,0,0,0,nan,0.240659,0.274646,0.206671,0.0409,0.122426,0.240659,0.081663,1.0024,1.0024,1.0024,0,0,nan,,,nan,nan,,,,,,,,,,,,,0,1,4.01122,current,0.0257025,,0,,nan,
golem_ik,kinematic,golem_ik,nan,,0,b040_d40_e00,40,0.4,0,0.311102,-0.0177048,-0.242126,0.155182,-0.128937,-0.192432,0.760274,1,0,0,0,nan,0.261685,0.25297,0.270401,0.0988757,0.182713,0.261685,0.140794,1.0024,1.0024,1.0024,0,0,nan,,,nan,nan,,,,,,,,,,,,,0,1,4.00687,arms_front_45,0.0226351,,0,,nan,
golem_ik,kinematic,golem_ik,nan,,0,b040_d40_e10,40,0.4,0.1,0.399356,-0.064729,-0.242126,0.254431,-0.116707,-0.192432,0.760274,1,0,0,0,nan,0.284422,0.293993,0.274851,0.0870009,0.167238,0.284422,0.12712,1.0024,1.0024,1.0024,0,0,nan,,,nan,nan,,,,,,,,,,,,,0,1,4.00215,home,0.0200864,,0,,nan,
golem_ik,kinematic,golem_ik,nan,,0,b040_d40_e20,40,0.4,0.2,0.48761,-0.111753,-0.242126,0.353681,-0.104476,-0.192432,0.760274,1,0,0,0,nan,0.320916,0.349608,0.292225,0.0658272,0.170645,0.320916,0.118236,1.0024,1.0024,1.0024,0,0,nan,,,nan,nan,,,,,,,,,,,,,0,1,4.00923,current,0.022538,,0,,nan,
golem_ik,kinematic,golem_ik,nan,,0,b040_d50_e00,40,0.5,0,0.311102,-0.0177048,-0.342126,0.155182,-0.128937,-0.292432,0.660274,1,0,0,0,nan,0.351023,0.343088,0.358958,0.133275,0.227428,0.351023,0.180352,1.0024,1.0024,1.0024,0,0,nan,,,nan,nan,,,,,,,,,,,,,0,1,4.00921,current,0.0209015,,0,,nan,
golem_ik,kinematic,golem_ik,nan,,0,b040_d50_e10,40,0.5,0.1,0.399356,-0.064729,-0.342126,0.254431,-0.116707,-0.292432,0.660274,1,0,0,0,nan,0.371726,0.380165,0.363286,0.117622,0.216557,0.371726,0.16709,1.0024,1.0024,1.0024,0,0,nan,,,nan,nan,,,,,,,,,,,,,0,1,4.00655,current,0.0239414,,0,,nan,
golem_ik,kinematic,golem_ik,nan,,0,b040_d50_e20,40,0.5,0.2,0.48761,-0.111753,-0.342126,0.353681,-0.104476,-0.292432,0.660274,1,0,0,0,nan,0.404211,0.4292,0.379223,0.097332,0.217045,0.404211,0.157189,1.0024,1.0024,1.0024,0,0,nan,,,nan,nan,,,,,,,,,,,,,0,1,4.00921,home,0.0208692,,0,,nan,
golem_ik,kinematic,golem_ik,nan,,0,b040_d60_e00,40,0.6,0,0.311102,-0.0177048,-0.442126,0.155182,-0.128937,-0.392432,0.560274,1,0,0,0,nan,0.441185,0.434559,0.447812,0.165152,0.274191,0.441185,0.219671,1.0024,1.0024,1.0024,0,0,nan,,,nan,nan,,,,,,,,,,,,,0,1,4.00489,arms_front_45,0.0197689,,0,,nan,
golem_ik,kinematic,golem_ik,nan,,0,b040_d60_e10,40,0.6,0.1,0.399356,-0.064729,-0.442126,0.254431,-0.116707,-0.392432,0.560274,1,0,0,0,nan,0.460543,0.468487,0.452599,0.146998,0.262998,0.460543,0.204998,1.0024,1.0024,1.0024,0,0,nan,,,nan,nan,,,,,,,,,,,,,0,1,4.00855,home,0.0271394,,0,,nan,
golem_ik,kinematic,golem_ik,nan,,0,b040_d60_e20,40,0.6,0.2,0.48761,-0.111753,-0.442126,0.353681,-0.104476,-0.392432,0.560274,1,0,0,0,nan,0.490098,0.512698,0.467497,0.129418,0.260938,0.490098,0.195178,1.0024,1.0024,1.0024,0,0,nan,,,nan,nan,,,,,,,,,,,,,0,1,4.00411,home,0.0206577,,0,,nan,
golem_ik,kinematic,golem_ik,nan,,0,b040_d70_e00,40,0.7,0,0.311102,-0.0177048,-0.542126,0.155182,-0.128937,-0.492432,0.460274,1,0,0,0,nan,0.532975,0.527073,0.538878,0.194848,0.312951,0.532975,0.253899,1.0024,1.0024,1.0024,0,0,nan,,,nan,nan,,,,,,,,,,,,,0,1,4.00933,home,0.019485,,0,,nan,
golem_ik,kinematic,golem_ik,nan,,0,b040_d70_e10,40,0.7,0.1,0.399356,-0.064729,-0.542126,0.254431,-0.116707,-0.492432,0.460274,1,0,0,0,nan,0.550683,0.558485,0.542881,0.174474,0.305937,0.550683,0.240206,1.0024,1.0024,1.0024,0,0,nan,,,nan,nan,,,,,,,,,,,,,0,1,4.00658,current,0.0298114,,0,,nan,
golem_ik,kinematic,golem_ik,nan,,0,b040_d70_e20,40,0.7,0.2,0.48761,-0.111753,-0.542126,0.353681,-0.104476,-0.492432,0.460274,1,0,0,0,nan,0.578098,0.599239,0.556958,0.155011,0.301826,0.578098,0.228419,1.0024,1.0024,1.0024,0,0,nan,,,nan,nan,,,,,,,,,,,,,0,1,4.01143,current,0.0234076,,0,,nan,
golem_ik,kinematic,golem_ik,nan,,0,b040_d80_e00,40,0.8,0,0.311102,-0.0177048,-0.642126,0.155182,-0.128937,-0.592432,0.360274,1,0,0,0,nan,0.625273,0.620542,0.630004,0.221789,0.352576,0.625273,0.287183,1.0024,1.0024,1.0024,0,0,nan,,,nan,nan,,,,,,,,,,,,,0,1,4.00962,home,0.0205569,,0,,nan,
golem_ik,kinematic,golem_ik,nan,,0,b040_d80_e10,40,0.8,0.1,0.399356,-0.064729,-0.642126,0.254431,-0.116707,-0.592432,0.360274,1,0,0,0,nan,0.641954,0.649832,0.634075,0.199804,0.346051,0.641954,0.272928,1.0024,1.0024,1.0024,0,0,nan,,,nan,nan,,,,,,,,,,,,,0,1,4.01074,current,0.0320796,,0,,nan,
golem_ik,kinematic,golem_ik,nan,,0,b040_d80_e20,40,0.8,0.2,0.48761,-0.111753,-0.642126,0.353681,-0.104476,-0.592432,0.360274,1,0,0,0,nan,0.667617,0.687684,0.64755,0.178784,0.339333,0.667617,0.259058,1.0024,1.0024,1.0024,0,0,nan,,,nan,nan,,,,,,,,,,,,,0,1,4.00943,current,0.025834,,0,,nan,
golem_ik,kinematic,golem_ik,nan,,0,b040_d90_e00,40,0.9,0,0.311102,-0.0177048,-0.742126,0.155182,-0.128937,-0.692432,0.260274,1,0,0,0,nan,0.718226,0.714832,0.72162,0.246098,0.390356,0.718226,0.318227,1.0024,1.0024,1.0024,0,0,nan,,,nan,nan,,,,,,,,,,,,,0,1,4.01075,home,0.0201678,,0,,nan,
golem_ik,kinematic,golem_ik,nan,,0,b040_d90_e10,40,0.9,0.1,0.399356,-0.064729,-0.742126,0.254431,-0.116707,-0.692432,0.260274,1,0,0,0,nan,0.734223,0.742281,0.726165,0.222999,0.382217,0.734223,0.302608,1.0024,1.0024,1.0024,0,0,nan,,,nan,nan,,,,,,,,,,,,,0,1,4.01056,home,0.0331054,,0,,nan,
golem_ik,kinematic,golem_ik,nan,,0,b040_d90_e20,40,0.9,0.2,0.48761,-0.111753,-0.742126,0.353681,-0.104476,-0.692432,0.260274,1,0,0,0,nan,0.758454,0.777647,0.739262,0.20084,0.373056,0.758454,0.286948,1.0024,1.0024,1.0024,0,0,nan,,,nan,nan,,,,,,,,,,,,,0,1,4.00684,current,0.027971,,0,,nan,
golem_ik,kinematic,golem_ik,nan,,0,b040_d100_e00,40,1,0,0.311102,-0.0177048,-0.842126,0.155182,-0.128937,-0.792432,0.160274,1,0,0,0,nan,0.811994,0.809852,0.814135,0.267816,0.42448,0.811994,0.346148,1.0024,1.0024,1.0024,0,0,nan,,,nan,nan,,,,,,,,,,,,,0,1,4.01122,home,0.0194597,,0,,nan,
golem_ik,kinematic,golem_ik,nan,,0,b040_d100_e10,40,1,0.1,0.399356,-0.064729,-0.842126,0.254431,-0.116707,-0.792432,0.160274,1,0,0,0,nan,0.827404,0.835661,0.819147,0.244041,0.41442,0.827404,0.329231,1.0024,1.0024,1.0024,0,0,nan,,,nan,nan,,,,,,,,,,,,,0,1,4.01351,home,0.0337951,,0,,nan,
golem_ik,kinematic,golem_ik,nan,,0,b040_d100_e20,40,1,0.2,0.48761,-0.111753,-0.842126,0.353681,-0.104476,-0.792432,0.160274,1,0,0,0,nan,0.850386,0.86883,0.831941,0.221292,0.404068,0.850386,0.31268,1.0024,1.0024,1.0024,0,0,nan,,,nan,nan,,,,,,,,,,,,,0,1,4.01034,current,0.0298747,,0,,nan,
golem_ik,kinematic,golem_ik,nan,,0,b041_d00_e00,41,0,0,0.40413,0.036759,0.78974,0.106,-0.0217778,0.854167,1.79214,0,1,1,1,nan,0.000254588,0.000509175,6.638e-15,0.000309839,1.55456e-15,0.000254588,0.00015492,1.0024,1.0024,1.0024,0,0,nan,,,nan,nan,,,,,,,,,,,,,0,1,0.192303,home,0.0193891,,0,,nan,
golem_ik,kinematic,golem_ik,nan,,0,b041_d00_e10,41,0,0.1,0.50054,0.0102067,0.78974,0.170292,0.0548157,0.854167,1.79214,0,0,0,1,nan,0.0468723,0.080618,0.0131267,0.000255815,0.0081754,0.0468723,0.00421561,1.0024,1.0024,1.0024,0,0,nan,,,nan,nan,,,,,,,,,,,,,0,1,4.01214,current,0.018639,,0,,nan,
golem_ik,kinematic,golem_ik,nan,,0,b041_d00_e20,41,0,0.2,0.596951,-0.0163456,0.78974,0.234584,0.131409,0.854167,1.79214,0,0,0,0,nan,0.132958,0.165884,0.100032,0.00080942,0.0574988,0.132958,0.0291541,1.0024,1.0024,1.0024,0,0,nan,,,nan,nan,,,,,,,,,,,,,0,1,4.01189,arms_front_45,0.0143539,,0,,nan,
golem_ik,kinematic,golem_ik,nan,,0,b041_d10_e00,41,0.1,0,0.40413,0.036759,0.68974,0.106,-0.0217778,0.754167,1.69214,0,1,1,1,nan,0.0301022,0.0175277,0.0426768,0.00803013,0.0309744,0.0301022,0.0195023,1.0024,1.0024,1.0024,0,0,nan,,,nan,nan,,,,,,,,,,,,,0,1,0.702681,t_pose,-0.0403697,,4,,nan,
golem_ik,kinematic,golem_ik,nan,,0,b041_d10_e10,41,0.1,0.1,0.50054,0.0102067,0.68974,0.170292,0.0548157,0.754167,1.69214,0,0,1,0,nan,0.0578928,0.0319584,0.0838273,0.000245228,0.0334533,0.0578928,0.0168493,1.0024,1.0024,1.0024,0,0,nan,,,nan,nan,,,,,,,,,,,,,0,1,4.00573,t_pose,0.00255729,,0,,nan,
golem_ik,kinematic,golem_ik,nan,,0,b041_d10_e20,41,0.1,0.2,0.596951,-0.0163456,0.68974,0.234584,0.131409,0.754167,1.69214,0,0,0,0,nan,0.111349,0.123662,0.0990364,0.00133623,0.0942363,0.111349,0.0477863,1.0024,1.0024,1.0024,0,0,nan,,,nan,nan,,,,,,,,,,,,,0,1,4.00732,t_pose,0.00729883,,0,,nan,
golem_ik,kinematic,golem_ik,nan,,0,b041_d20_e00,41,0.2,0,0.40413,0.036759,0.58974,0.106,-0.0217778,0.654167,1.59214,0,0,1,0,nan,0.081114,5.59432e-17,0.162228,2.51806e-16,0.0543681,0.081114,0.027184,1.0024,1.0024,1.0024,0,0,nan,,,nan,nan,,,,,,,,,,,,,0,1,3.47065,current,0.022242,,1,,nan,
golem_ik,kinematic,golem_ik,nan,,0,b041_d20_e10,41,0.2,0.1,0.50054,0.0102067,0.58974,0.170292,0.0548157,0.654167,1.59214,0,0,1,0,nan,0.12004,0.0038642,0.236217,0.000220118,0.0865802,0.12004,0.0434002,1.0024,1.0024,1.0024,0,0,nan,,,nan,nan,,,,,,,,,,,,,0,1,4.00847,arms_front_45,0.018009,,0,,nan,
golem_ik,kinematic,golem_ik,nan,,0,b041_d20_e20,41,0.2,0.2,0.596951,-0.0163456,0.58974,0.234584,0.131409,0.654167,1.59214,0,0,0,0,nan,0.189614,0.0943494,0.284878,0.001679,0.150842,0.189614,0.0762607,1.0024,1.0024,1.0024,0,0,nan,,,nan,nan,,,,,,,,,,,,,0,1,4.00549,t_pose,0.0125804,,0,,nan,
golem_ik,kinematic,golem_ik,nan,,0,b041_d30_e00,41,0.3,0,0.40413,0.036759,0.48974,0.106,-0.0217778,0.554167,1.49214,0,0,1,0,nan,0.0836723,5.59432e-17,0.167345,2.72322e-16,0.0524248,0.0836723,0.0262124,1.0024,1.0024,1.0024,0,0,nan,,,nan,nan,,,,,,,,,,,,,0,1,4.00964,current,0.0169134,,0,,nan,
golem_ik,kinematic,golem_ik,nan,,0,b041_d30_e10,41,0.3,0.1,0.50054,0.0102067,0.48974,0.170292,0.0548157,0.554167,1.49214,0,0,1,0,nan,0.109362,0.00127559,0.217449,0.000125565,0.0749579,0.109362,0.0375417,1.0024,1.0024,1.0024,0,0,nan,,,nan,nan,,,,,,,,,,,,,0,1,3.50988,home,-4.85241e-05,,2,,nan,
golem_ik,kinematic,golem_ik,nan,,0,b041_d30_e20,41,0.3,0.2,0.596951,-0.0163456,0.48974,0.234584,0.131409,0.554167,1.49214,0,0,0,0,nan,0.181651,0.0796894,0.283613,0.00184502,0.147166,0.181651,0.0745057,1.0024,1.0024,1.0024,0,0,nan,,,nan,nan,,,,,,,,,,,,,0,1,4.00343,current,0.0110554,,0,,nan,
golem_ik,kinematic,golem_ik,nan,,0,b041_d40_e00,41,0.4,0,0.40413,0.036759,0.38974,0.106,-0.0217778,0.454167,1.39214,0,0,1,0,nan,0.110472,4.67647e-12,0.220943,1.09694e-12,0.0610519,0.110472,0.0305259,1.0024,1.0024,1.0024,0,0,nan,,,nan,nan,,,,,,,,,,,,,0,1,4.0103,arms_front_45,0.0159027,,0,,nan,
golem_ik,kinematic,golem_ik,nan,,0,b041_d40_e10,41,0.4,0.1,0.50054,0.0102067,0.38974,0.170292,0.0548157,0.454167,1.39214,0,0,1,0,nan,0.132378,0.000957967,0.263798,9.65831e-05,0.124962,0.132378,0.0625295,1.0024,1.0024,1.0024,0,0,nan,,,nan,nan,,,,,,,,,,,,,0,1,4.00776,arms_front_45,0.0191364,,0,,nan,
golem_ik,kinematic,golem_ik,nan,,0,b041_d40_e20,41,0.4,0.2,0.596951,-0.0163456,0.38974,0.234584,0.131409,0.454167,1.39214,0,0,0,0,nan,0.196374,0.0815701,0.311177,0.00780577,0.175552,0.196374,0.091679,1.0024,1.0024,1.0024,0,0,nan,,,nan,nan,,,,,,,,,,,,,0,1,4.00854,current,0.0160117,,0,,nan,
golem_ik,kinematic,golem_ik,nan,,0,b041_d50_e00,41,0.5,0,0.40413,0.036759,0.28974,0.106,-0.0217778,0.354167,1.29214,0,0,1,0,nan,0.144259,1.6647e-06,0.288517,3.41176e-07,0.0888647,0.144259,0.0444325,1.0024,1.0024,1.0024,0,0,nan,,,nan,nan,,,,,,,,,,,,,0,1,4.01049,home,0.0165963,,0,,nan,
golem_ik,kinematic,golem_ik,nan,,0,b041_d50_e10,41,0.5,0.1,0.50054,0.0102067,0.28974,0.170292,0.0548157,0.354167,1.29214,0,0,1,0,nan,0.164029,0.0155352,0.312522,0.00491658,0.168865,0.164029,0.0868906,1.0024,1.0024,1.0024,0,0,nan,,,nan,nan,,,,,,,,,,,,,0,1,4.00686,home,0.0179166,,0,,nan,
golem_ik,kinematic,golem_ik,nan,,0,b041_d50_e20,41,0.5,0.2,0.596951,-0.0163456,0.28974,0.234584,0.131409,0.354167,1.29214,0,0,0,0,nan,0.224393,0.10342,0.345366,0.0203056,0.234723,0.224393,0.127514,1.0024,1.0024,1.0024,0,0,nan,,,nan,nan,,,,,,,,,,,,,0,1,4.00314,home,0.0183638,,0,,nan,
golem_ik,kinematic,golem_ik,nan,,0,b041_d60_e00,41,0.6,0,0.40413,0.036759,0.18974,0.106,-0.0217778,0.254167,1.19214,0,0,1,0,nan,0.182976,0.00253721,0.363414,0.00125303,0.179342,0.182976,0.0902977,1.0024,1.0024,1.0024,0,0,nan,,,nan,nan,,,,,,,,,,,,,0,1,4.01079,arms_front_45,0.0188266,,0,,nan,
golem_ik,kinematic,golem_ik,nan,,0,b041_d60_e10,41,0.6,0.1,0.50054,0.0102067,0.18974,0.170292,0.0548157,0.254167,1.19214,0,0,0,0,nan,0.216374,0.0637318,0.369016,0.0240756,0.241736,0.216374,0.132906,1.0024,1.0024,1.0024,0,0,nan,,,nan,nan,,,,,,,,,,,,,0,1,4.00893,t_pose,0.0228986,,0,,nan,
golem_ik,kinematic,golem_ik,nan,,0,b041_d60_e20,41,0.6,0.2,0.596951,-0.0163456,0.18974,0.234584,0.131409,0.254167,1.19214,0,0,0,0,nan,0.266308,0.143705,0.38891,0.0419867,0.256605,0.266308,0.149296,1.0024,1.0024,1.0024,0,0,nan,,,nan,nan,,,,,,,,,,,,,0,1,4.01173,arms_front_45,0.0116495,,0,,nan,
golem_ik,kinematic,golem_ik,nan,,0,b041_d70_e00,41,0.7,0,0.40413,0.036759,0.0897402,0.106,-0.0217778,0.154167,1.09214,0,0,0,0,nan,0.239413,0.0696872,0.409139,0.0361822,0.188488,0.239413,0.112335,1.0024,1.0024,1.0024,0,0,nan,,,nan,nan,,,,,,,,,,,,,0,1,4.00602,home,0.0194333,,0,,nan,
golem_ik,kinematic,golem_ik,nan,,0,b041_d70_e10,41,0.7,0.1,0.50054,0.0102067,0.0897402,0.170292,0.0548157,0.154167,1.09214,0,0,0,0,nan,0.272423,0.126779,0.418067,0.0551174,0.241464,0.272423,0.148291,1.0024,1.0024,1.0024,0,0,nan,,,nan,nan,,,,,,,,,,,,,0,1,3.94461,arms_front_45,-0.000236239,,1,,nan,
golem_ik,kinematic,golem_ik,nan,,0,b041_d70_e20,41,0.7,0.2,0.596951,-0.0163456,0.0897402,0.234584,0.131409,0.154167,1.09214,0,0,0,0,nan,0.32106,0.197343,0.444778,0.070455,0.315466,0.32106,0.19296,1.0024,1.0024,1.0024,0,0,nan,,,nan,nan,,,,,,,,,,,,,0,1,4.00812,arms_front_45,0.0121811,,0,,nan,
golem_ik,kinematic,golem_ik,nan,,0,b041_d80_e00,41,0.8,0,0.40413,0.036759,-0.0102598,0.106,-0.0217778,0.0541665,0.99214,0,0,0,0,nan,0.30418,0.148691,0.459669,0.0797853,0.23072,0.30418,0.155253,1.0024,1.0024,1.0024,0,0,nan,,,nan,nan,,,,,,,,,,,,,0,1,4.00406,t_pose,0.0191623,,0,,nan,
golem_ik,kinematic,golem_ik,nan,,0,b041_d80_e10,41,0.8,0.1,0.50054,0.0102067,-0.0102598,0.170292,0.0548157,0.0541665,0.99214,0,0,0,0,nan,0.359385,0.197934,0.520836,0.092433,0.260562,0.359385,0.176498,1.0024,1.0024,1.0024,0,0,nan,,,nan,nan,,,,,,,,,,,,,0,1,4.00792,home,0.0208333,,0,,nan,
golem_ik,kinematic,golem_ik,nan,,0,b041_d80_e20,41,0.8,0.2,0.596951,-0.0163456,-0.0102598,0.234584,0.131409,0.0541665,0.99214,0,0,0,0,nan,0.383092,0.260398,0.505785,0.103576,0.400174,0.383092,0.251875,1.0024,1.0024,1.0024,0,0,nan,,,nan,nan,,,,,,,,,,,,,0,1,4.00408,arms_front_45,0.0233672,,0,,nan,
golem_ik,kinematic,golem_ik,nan,,0,b041_d90_e00,41,0.9,0,0.40413,0.036759,-0.11026,0.106,-0.0217778,-0.0458335,0.89214,1,0,0,0,nan,0.376537,0.230969,0.522105,0.124856,0.271713,0.376537,0.198285,1.0024,1.0024,1.0024,0,0,nan,,,nan,nan,,,,,,,,,,,,,0,1,4.01255,t_pose,0.019821,,0,,nan,
golem_ik,kinematic,golem_ik,nan,,0,b041_d90_e10,41,0.9,0.1,0.50054,0.0102067,-0.11026,0.170292,0.0548157,-0.0458335,0.89214,1,0,0,0,nan,0.425278,0.274331,0.576225,0.132268,0.292901,0.425278,0.212585,1.0024,1.0024,1.0024,0,0,nan,,,nan,nan,,,,,,,,,,,,,0,1,4.01542,t_pose,0.019019,,0,,nan,
golem_ik,kinematic,golem_ik,nan,,0,b041_d90_e20,41,0.9,0.2,0.596951,-0.0163456,-0.11026,0.234584,0.131409,-0.0458335,0.89214,1,0,0,0,nan,0.450482,0.330174,0.570791,0.139226,0.428872,0.450482,0.284049,1.0024,1.0024,1.0024,0,0,nan,,,nan,nan,,,,,,,,,,,,,0,1,4.00932,arms_front_45,0.0136746,,0,,nan,
golem_ik,kinematic,golem_ik,nan,,0,b041_d100_e00,41,1,0,0.40413,0.036759,-0.21026,0.106,-0.0217778,-0.145833,0.79214,1,0,0,0,nan,0.454317,0.315549,0.593084,0.169529,0.308622,0.454317,0.239075,1.0024,1.0024,1.0024,0,0,nan,,,nan,nan,,,,,,,,,,,,,0,1,4.00956,t_pose,0.0197098,,0,,nan,
golem_ik,kinematic,golem_ik,nan,,0,b041_d100_e10,41,1,0.1,0.50054,0.0102067,-0.21026,0.170292,0.0548157,-0.145833,0.79214,1,0,0,0,nan,0.497797,0.354413,0.641181,0.17264,0.32813,0.497797,0.250385,1.0024,1.0024,1.0024,0,0,nan,,,nan,nan,,,,,,,,,,,,,0,1,4.00635,home,0.0196356,,0,,nan,
golem_ik,kinematic,golem_ik,nan,,0,b041_d100_e20,41,1,0.2,0.596951,-0.0163456,-0.21026,0.234584,0.131409,-0.145833,0.79214,1,0,0,0,nan,0.551609,0.404891,0.698327,0.175702,0.349648,0.551609,0.262675,1.0024,1.0024,1.0024,0,0,nan,,,nan,nan,,,,,,,,,,,,,0,1,4.00639,home,0.0192403,,0,,nan,
golem_ik,kinematic,golem_ik,nan,,0,b042_d00_e00,42,0,0,0.141824,0.427813,0.697422,0.148311,0.0540322,0.491594,1.49399,0,1,1,1,nan,0.0345229,0.0307912,0.0382545,0.0191622,0.00508261,0.0345229,0.0121224,1.0024,1.0024,1.0024,0,0,nan,,,nan,nan,,,,,,,,,,,,,0,1,3.04836,arms_front_45,0.0142238,,1,,nan,
golem_ik,kinematic,golem_ik,nan,,0,b042_d00_e10,42,0,0.1,0.187041,0.517006,0.697422,0.207475,0.134652,0.491594,1.49399,0,1,1,1,nan,0.000306205,0.00055794,5.44699e-05,0.00444592,3.54018e-05,0.000306205,0.00224066,1.0024,1.0024,1.0024,0,0,nan,,,nan,nan,,,,,,,,,,,,,0,1,1.15496,arms_front_45,0.0239073,,1,,nan,
golem_ik,kinematic,golem_ik,nan,,0,b042_d00_e20,42,0,0.2,0.232259,0.606199,0.697422,0.26664,0.215271,0.491594,1.49399,0,1,1,1,nan,0.0209527,0,0.0419054,3.66304e-16,0.00049599,0.0209527,0.000247995,1.0024,1.0024,1.0024,0,0,nan,,,nan,nan,,,,,,,,,,,,,0,1,4.00809,arms_front_45,0.0201766,,0,,nan,
golem_ik,kinematic,golem_ik,nan,,0,b042_d10_e00,42,0.1,0,0.141824,0.427813,0.597422,0.148311,0.0540322,0.391594,1.39399,0,1,1,1,nan,0.0100446,2.77556e-17,0.0200892,1.41731e-16,0.00451193,0.0100446,0.00225597,1.0024,1.0024,1.0024,0,0,nan,,,nan,nan,,,,,,,,,,,,,0,1,3.04993,arms_front_45,0.022923,,1,,nan,
golem_ik,kinematic,golem_ik,nan,,0,b042_d10_e10,42,0.1,0.1,0.187041,0.517006,0.597422,0.207475,0.134652,0.391594,1.39399,0,1,1,1,nan,0.000101466,7.98181e-05,0.000123114,0.000582684,7.961e-05,0.000101466,0.000331147,1.0024,1.0024,1.0024,0,0,nan,,,nan,nan,,,,,,,,,,,,,0,1,2.10982,arms_front_45,0.0202851,,0,,nan,
golem_ik,kinematic,golem_ik,nan,,0,b042_d10_e20,42,0.1,0.2,0.232259,0.606199,0.597422,0.26664,0.215271,0.391594,1.39399,0,1,1,1,nan,0.0230948,1.77722e-16,0.0461897,1.80826e-16,0.000665895,0.0230948,0.000332948,1.0024,1.0024,1.0024,0,0,nan,,,nan,nan,,,,,,,,,,,,,0,1,4.00807,arms_front_45,0.0198318,,0,,nan,
golem_ik,kinematic,golem_ik,nan,,0,b042_d20_e00,42,0.2,0,0.141824,0.427813,0.497422,0.148311,0.0540322,0.291594,1.29399,0,1,1,1,nan,0.0194652,6.20634e-17,0.0389305,1.66075e-16,0.000844135,0.0194652,0.000422068,1.0024,1.0024,1.0024,0,0,nan,,,nan,nan,,,,,,,,,,,,,0,1,4.00557,t_pose,0.0256527,,0,,nan,
golem_ik,kinematic,golem_ik,nan,,0,b042_d20_e10,42,0.2,0.1,0.187041,0.517006,0.497422,0.207475,0.134652,0.291594,1.29399,0,1,1,1,nan,0.00397243,0,0.00794485,1.18793e-16,0.00398375,0.00397243,0.00199188,1.0024,1.0024,1.0024,0,0,nan,,,nan,nan,,,,,,,,,,,,,0,1,4.01106,arms_front_45,0.0263693,,0,,nan,
golem_ik,kinematic,golem_ik,nan,,0,b042_d20_e20,42,0.2,0.2,0.232259,0.606199,0.497422,0.26664,0.215271,0.291594,1.29399,0,0,1,0,nan,0.0360721,1.27192e-16,0.0721442,2.14108e-16,0.000759434,0.0360721,0.000379717,1.0024,1.0024,1.0024,0,0,nan,,,nan,nan,,,,,,,,,,,,,0,1,3.05175,arms_front_45,0.0349335,,1,,nan,
golem_ik,kinematic,golem_ik,nan,,0,b042_d30_e00,42,0.3,0,0.141824,0.427813,0.397422,0.148311,0.0540322,0.191594,1.19399,0,1,1,1,nan,1.31123e-05,2.54707e-06,2.36776e-05,4.04498e-06,6.40435e-05,1.31123e-05,3.40443e-05,1.0024,1.0024,1.0024,0,0,nan,,,nan,nan,,,,,,,,,,,,,0,1,1.19766,arms_front_45,0.0243027,,1,,nan,
golem_ik,kinematic,golem_ik,nan,,0,b042_d30_e10,42,0.3,0.1,0.187041,0.517006,0.397422,0.207475,0.134652,0.191594,1.19399,0,1,1,1,nan,0.0111018,0,0.0222036,2.42115e-16,0.00069922,0.0111018,0.00034961,1.0024,1.0024,1.0024,0,0,nan,,,nan,nan,,,,,,,,,,,,,0,1,4.00291,t_pose,0.0370069,,0,,nan,
golem_ik,kinematic,golem_ik,nan,,0,b042_d30_e20,42,0.3,0.2,0.232259,0.606199,0.397422,0.26664,0.215271,0.191594,1.19399,0,0,1,0,nan,0.0641034,0.0313534,0.0968534,0.0192865,0.00136773,0.0641034,0.0103271,1.0024,1.0024,1.0024,0,0,nan,,,nan,nan,,,,,,,,,,,,,0,1,4.00842,arms_front_45,0.0399176,,0,,nan,
golem_ik,kinematic,golem_ik,nan,,0,b042_d40_e00,42,0.4,0,0.141824,0.427813,0.297422,0.148311,0.0540322,0.0915939,1.09399,0,1,1,1,nan,0.00468608,0,0.00937216,2.54193e-16,0.00144598,0.00468608,0.00072299,1.0024,1.0024,1.0024,0,0,nan,,,nan,nan,,,,,,,,,,,,,0,1,4.01141,t_pose,0.0150829,,0,,nan,
golem_ik,kinematic,golem_ik,nan,,0,b042_d40_e10,42,0.4,0.1,0.187041,0.517006,0.297422,0.207475,0.134652,0.0915939,1.09399,0,0,1,0,nan,0.027247,4.34892e-06,0.0544897,2.71247e-06,0.0104502,0.027247,0.00522643,1.0024,1.0024,1.0024,0,0,nan,,,nan,nan,,,,,,,,,,,,,0,1,4.00993,arms_front_45,0.0342474,,0,,nan,
golem_ik,kinematic,golem_ik,nan,,0,b042_d40_e20,42,0.4,0.2,0.232259,0.606199,0.297422,0.26664,0.215271,0.0915939,1.09399,0,0,0,0,nan,0.0984663,0.0686282,0.128304,0.0427086,0.00721893,0.0984663,0.0249638,1.0024,1.0024,1.0024,0,0,nan,,,nan,nan,,,,,,,,,,,,,0,1,4.00525,arms_front_45,0.0352671,,0,,nan,
golem_ik,kinematic,golem_ik,nan,,0,b042_d50_e00,42,0.5,0,0.141824,0.427813,0.197422,0.148311,0.0540322,-0.0084061,0.993994,0,0,1,0,nan,0.0302346,0,0.0604691,1.70638e-16,0.0466046,0.0302346,0.0233023,1.0024,1.0024,1.0024,0,0,nan,,,nan,nan,,,,,,,,,,,,,0,1,4.00904,t_pose,0.0187527,,0,,nan,
golem_ik,kinematic,golem_ik,nan,,0,b042_d50_e10,42,0.5,0.1,0.187041,0.517006,0.197422,0.207475,0.134652,-0.0084061,0.993994,0,0,1,0,nan,0.0763055,0.0436826,0.108928,0.0273997,0.0436526,0.0763055,0.0355261,1.0024,1.0024,1.0024,0,0,nan,,,nan,nan,,,,,,,,,,,,,0,1,4.00569,t_pose,0.0316162,,0,,nan,
golem_ik,kinematic,golem_ik,nan,,0,b042_d50_e20,42,0.5,0.2,0.232259,0.606199,0.197422,0.26664,0.215271,-0.0084061,0.993994,0,0,0,0,nan,0.14137,0.106542,0.176199,0.0660544,0.0397876,0.14137,0.052921,1.0024,1.0024,1.0024,0,0,nan,,,nan,nan,,,,,,,,,,,,,0,1,4.00177,arms_front_45,0.0326156,,0,,nan,
golem_ik,kinematic,golem_ik,nan,,0,b042_d60_e00,42,0.6,0,0.141824,0.427813,0.0974223,0.148311,0.0540322,-0.108406,0.893994,0,0,0,0,nan,0.100137,0.0627291,0.137544,0.0390379,0.113444,0.100137,0.0762411,1.0024,1.0024,1.0024,0,0,nan,,,nan,nan,,,,,,,,,,,,,0,1,4.01156,arms_front_45,0.0212428,,0,,nan,
golem_ik,kinematic,golem_ik,nan,,0,b042_d60_e10,42,0.6,0.1,0.187041,0.517006,0.0974223,0.207475,0.134652,-0.108406,0.893994,0,0,0,0,nan,0.142345,0.10363,0.181061,0.0648819,0.0901453,0.142345,0.0775136,1.0024,1.0024,1.0024,0,0,nan,,,nan,nan,,,,,,,,,,,,,0,1,4.00338,t_pose,0.0295539,,0,,nan,
golem_ik,kinematic,golem_ik,nan,,0,b042_d60_e20,42,0.6,0.2,0.232259,0.606199,0.0974223,0.26664,0.215271,-0.108406,0.893994,0,0,0,0,nan,0.19943,0.158554,0.240306,0.097616,0.083646,0.19943,0.090631,1.0024,1.0024,1.0024,0,0,nan,,,nan,nan,,,,,,,,,,,,,0,1,4.00393,arms_front_45,0.0306188,,0,,nan,
golem_ik,kinematic,golem_ik,nan,,0,b042_d70_e00,42,0.7,0,0.141824,0.427813,-0.00257773,0.148311,0.0540322,-0.208406,0.793994,1,0,0,0,nan,0.174876,0.137954,0.211798,0.0862073,0.183477,0.174876,0.134842,1.0024,1.0024,1.0024,0,0,nan,,,nan,nan,,,,,,,,,,,,,0,1,4.0126,arms_front_45,0.0194369,,0,,nan,
golem_ik,kinematic,golem_ik,nan,,0,b042_d70_e10,42,0.7,0.1,0.187041,0.517006,-0.00257773,0.207475,0.134652,-0.208406,0.793994,1,0,0,0,nan,0.215687,0.172509,0.258866,0.10729,0.135287,0.215687,0.121288,1.0024,1.0024,1.0024,0,0,nan,,,nan,nan,,,,,,,,,,,,,0,1,4.01216,t_pose,0.0200266,,0,,nan,
golem_ik,kinematic,golem_ik,nan,,0,b042_d70_e20,42,0.7,0.2,0.232259,0.606199,-0.00257773,0.26664,0.215271,-0.208406,0.793994,1,0,0,0,nan,0.266692,0.220606,0.312778,0.134333,0.125272,0.266692,0.129802,1.0024,1.0024,1.0024,0,0,nan,,,nan,nan,,,,,,,,,,,,,0,1,4.00709,t_pose,0.0287986,,0,,nan,
golem_ik,kinematic,golem_ik,nan,,0,b042_d80_e00,42,0.8,0,0.141824,0.427813,-0.102578,0.148311,0.0540322,-0.308406,0.693994,1,0,0,0,nan,0.258078,0.217253,0.298902,0.135094,0.207305,0.258078,0.1712,1.0024,1.0024,1.0024,0,0,nan,,,nan,nan,,,,,,,,,,,,,0,1,4.00876,t_pose,0.0189673,,0,,nan,
golem_ik,kinematic,golem_ik,nan,,0,b042_d80_e10,42,0.8,0.1,0.187041,0.517006,-0.102578,0.207475,0.134652,-0.308406,0.693994,1,0,0,0,nan,0.288775,0.247182,0.330368,0.151871,0.204495,0.288775,0.178183,1.0024,1.0024,1.0024,0,0,nan,,,nan,nan,,,,,,,,,,,,,0,1,4.00788,current,0.0182765,,0,,nan,
golem_ik,kinematic,golem_ik,nan,,0,b042_d80_e20,42,0.8,0.2,0.232259,0.606199,-0.102578,0.26664,0.215271,-0.308406,0.693994,1,0,0,0,nan,0.339908,0.289763,0.390054,0.173731,0.164162,0.339908,0.168946,1.0024,1.0024,1.0024,0,0,nan,,,nan,nan,,,,,,,,,,,,,0,1,4.00675,t_pose,0.0271052,,0,,nan,
golem_ik,kinematic,golem_ik,nan,,0,b042_d90_e00,42,0.9,0,0.141824,0.427813,-0.202578,0.148311,0.0540322,-0.408406,0.593994,1,0,0,0,nan,0.329084,0.299353,0.358815,0.183753,0.404651,0.329084,0.294202,1.0024,1.0024,1.0024,0,0,nan,,,nan,nan,,,,,,,,,,,,,0,1,4.00938,current,0.0196984,,0,,nan,
golem_ik,kinematic,golem_ik,nan,,0,b042_d90_e10,42,0.9,0.1,0.187041,0.517006,-0.202578,0.207475,0.134652,-0.408406,0.593994,1,0,0,0,nan,0.37271,0.325885,0.419535,0.196695,0.191971,0.37271,0.194333,1.0024,1.0024,1.0024,0,0,nan,,,nan,nan,,,,,,,,,,,,,0,1,4.0089,current,0.0181146,,0,,nan,
golem_ik,kinematic,golem_ik,nan,,0,b042_d90_e20,42,0.9,0.2,0.232259,0.606199,-0.202578,0.26664,0.215271,-0.408406,0.593994,1,0,0,0,nan,0.412734,0.364085,0.461384,0.213935,0.175784,0.412734,0.194859,1.0024,1.0024,1.0024,0,0,nan,,,nan,nan,,,,,,,,,,,,,0,1,4.01304,current,0.0165824,,0,,nan,
golem_ik,kinematic,golem_ik,nan,,0,b042_d100_e00,42,1,0,0.141824,0.427813,-0.302578,0.148311,0.0540322,-0.508406,0.493994,1,0,0,0,nan,0.426821,0.383637,0.470004,0.230823,0.30021,0.426821,0.265516,1.0024,1.0024,1.0024,0,0,nan,,,nan,nan,,,,,,,,,,,,,0,1,4.01099,arms_front_45,0.0210165,,0,,nan,
golem_ik,kinematic,golem_ik,nan,,0,b042_d100_e10,42,1,0.1,0.187041,0.517006,-0.302578,0.207475,0.134652,-0.508406,0.493994,1,0,0,0,nan,0.449986,0.407618,0.492354,0.240381,0.379839,0.449986,0.31011,1.0024,1.0024,1.0024,0,0,nan,,,nan,nan,,,,,,,,,,,,,0,1,4.0097,current,0.0208678,,0,,nan,
golem_ik,kinematic,golem_ik,nan,,0,b042_d100_e20,42,1,0.2,0.232259,0.606199,-0.302578,0.26664,0.215271,-0.508406,0.493994,1,0,0,0,nan,0.498033,0.442326,0.553741,0.253555,0.232578,0.498033,0.243066,1.0024,1.0024,1.0024,0,0,nan,,,nan,nan,,,,,,,,,,,,,0,1,4.00904,arms_front_45,0.0200544,,0,,nan,
golem_ik,kinematic,golem_ik,nan,,0,b043_d00_e00,43,0,0,0.369098,0.309993,0.366687,0.294727,-0.181541,0.364303,1.3667,0,1,1,1,nan,6.14049e-06,1.70335e-06,1.05776e-05,3.55051e-07,1.74862e-05,6.14049e-06,8.92062e-06,1.0024,1.0024,1.0024,0,0,nan,,,nan,nan,,,,,,,,,,,,,0,1,0.0344238,home,0.0548345,,0,,nan,
golem_ik,kinematic,golem_ik,nan,,0,b043_d00_e10,43,0,0.1,0.460672,0.350169,0.366687,0.394088,-0.192828,0.364303,1.3667,0,1,1,1,nan,0.00367477,0.00734954,0,0.00409981,7.41984e-17,0.00367477,0.0020499,1.0024,1.0024,1.0024,0,0,nan,,,nan,nan,,,,,,,,,,,,,0,1,4.00077,arms_front_45,0.0631309,,0,,nan,
golem_ik,kinematic,golem_ik,nan,,0,b043_d00_e20,43,0,0.2,0.552247,0.390345,0.366687,0.493449,-0.204115,0.364303,1.3667,0,0,0,1,nan,0.0640102,0.0900311,0.0379893,0.0454743,0.0222623,0.0640102,0.0338683,1.0024,1.0024,1.0024,0,0,nan,,,nan,nan,,,,,,,,,,,,,0,1,4.00963,t_pose,0.0785352,,0,,nan,
golem_ik,kinematic,golem_ik,nan,,0,b043_d10_e00,43,0.1,0,0.369098,0.309993,0.266687,0.294727,-0.181541,0.264303,1.2667,0,1,1,1,nan,5.64439e-05,0.000105848,7.03962e-06,9.83024e-05,1.20431e-05,5.64439e-05,5.51728e-05,1.0024,1.0024,1.0024,0,0,nan,,,nan,nan,,,,,,,,,,,,,0,1,0.0298262,home,0.0494418,,0,,nan,
golem_ik,kinematic,golem_ik,nan,,0,b043_d10_e10,43,0.1,0.1,0.460672,0.350169,0.266687,0.394088,-0.192828,0.264303,1.2667,0,1,1,1,nan,0.0278498,0.0490065,0.00669311,0.0285046,0.00416906,0.0278498,0.0163368,1.0024,1.0024,1.0024,0,0,nan,,,nan,nan,,,,,,,,,,,,,0,1,4.0152,arms_front_45,0.0871604,,0,,nan,
golem_ik,kinematic,golem_ik,nan,,0,b043_d10_e20,43,0.1,0.2,0.552247,0.390345,0.266687,0.493449,-0.204115,0.264303,1.2667,0,0,0,0,nan,0.104024,0.12669,0.081358,0.0683553,0.0490975,0.104024,0.0587264,1.0024,1.0024,1.0024,0,0,nan,,,nan,nan,,,,,,,,,,,,,0,1,4.006,t_pose,0.0898564,,0,,nan,
golem_ik,kinematic,golem_ik,nan,,0,b043_d20_e00,43,0.2,0,0.369098,0.309993,0.166687,0.294727,-0.181541,0.164303,1.1667,0,1,1,1,nan,0.00509856,0.0101971,7.85046e-17,0.0060424,7.25387e-17,0.00509856,0.0030212,1.0024,1.0024,1.0024,0,0,nan,,,nan,nan,,,,,,,,,,,,,0,1,4.00068,arms_front_45,0.0838927,,0,,nan,
golem_ik,kinematic,golem_ik,nan,,0,b043_d20_e10,43,0.2,0.1,0.460672,0.350169,0.166687,0.394088,-0.192828,0.164303,1.1667,0,0,0,1,nan,0.0651803,0.0882863,0.0420743,0.0505581,0.0257083,0.0651803,0.0381332,1.0024,1.0024,1.0024,0,0,nan,,,nan,nan,,,,,,,,,,,,,0,1,4.01207,t_pose,0.0786247,,0,,nan,
golem_ik,kinematic,golem_ik,nan,,0,b043_d20_e20,43,0.2,0.2,0.552247,0.390345,0.166687,0.493449,-0.204115,0.164303,1.1667,0,0,0,0,nan,0.141338,0.16692,0.115756,0.0907815,0.0685433,0.141338,0.0796624,1.0024,1.0024,1.0024,0,0,nan,,,nan,nan,,,,,,,,,,,,,0,1,4.00745,t_pose,0.0765906,,0,,nan,
golem_ik,kinematic,golem_ik,nan,,0,b043_d30_e00,43,0.3,0,0.369098,0.309993,0.0666867,0.294727,-0.181541,0.0643031,1.0667,0,1,1,1,nan,0.0437071,0.047713,0.0397011,0.0256622,0.0242941,0.0437071,0.0249781,1.0024,1.0024,1.0024,0,0,nan,,,nan,nan,,,,,,,,,,,,,0,1,4.00067,home,0.0760192,,0,,nan,
golem_ik,kinematic,golem_ik,nan,,0,b043_d30_e10,43,0.3,0.1,0.460672,0.350169,0.0666867,0.394088,-0.192828,0.0643031,1.0667,0,0,0,0,nan,0.110618,0.126632,0.0946047,0.0676617,0.0562063,0.110618,0.061934,1.0024,1.0024,1.0024,0,0,nan,,,nan,nan,,,,,,,,,,,,,0,1,4.00969,t_pose,0.0601114,,0,,nan,
golem_ik,kinematic,golem_ik,nan,,0,b043_d30_e20,43,0.3,0.2,0.552247,0.390345,0.0666867,0.493449,-0.204115,0.0643031,1.0667,0,0,0,0,nan,0.183936,0.207007,0.160866,0.107808,0.0922542,0.183936,0.100031,1.0024,1.0024,1.0024,0,0,nan,,,nan,nan,,,,,,,,,,,,,0,1,4.0055,t_pose,0.0545968,,0,,nan,
golem_ik,kinematic,golem_ik,nan,,0,b043_d40_e00,43,0.4,0,0.369098,0.309993,-0.0333133,0.294727,-0.181541,-0.0356969,0.966703,0,0,0,0,nan,0.106971,0.102149,0.111794,0.0483729,0.0664321,0.106971,0.0574025,1.0024,1.0024,1.0024,0,0,nan,,,nan,nan,,,,,,,,,,,,,0,1,4.00053,t_pose,0.0498747,,0,,nan,
golem_ik,kinematic,golem_ik,nan,,0,b043_d40_e10,43,0.4,0.1,0.460672,0.350169,-0.0333133,0.394088,-0.192828,-0.0356969,0.966703,0,0,0,0,nan,0.166475,0.173896,0.159054,0.0832292,0.0913938,0.166475,0.0873115,1.0024,1.0024,1.0024,0,0,nan,,,nan,nan,,,,,,,,,,,,,0,1,4.00052,arms_front_45,0.0418334,,0,,nan,
golem_ik,kinematic,golem_ik,nan,,0,b043_d40_e20,43,0.4,0.2,0.552247,0.390345,-0.0333133,0.493449,-0.204115,-0.0356969,0.966703,0,0,0,0,nan,0.234799,0.251469,0.218128,0.120233,0.120717,0.234799,0.120475,1.0024,1.0024,1.0024,0,0,nan,,,nan,nan,,,,,,,,,,,,,0,1,4.00672,t_pose,0.0392566,,0,,nan,
golem_ik,kinematic,golem_ik,nan,,0,b043_d50_e00,43,0.5,0,0.369098,0.309993,-0.133313,0.294727,-0.181541,-0.135697,0.866703,1,0,0,0,nan,0.180259,0.170235,0.190282,0.0709005,0.109162,0.180259,0.0900314,1.0024,1.0024,1.0024,0,0,nan,,,nan,nan,,,,,,,,,,,,,0,1,4.00056,home,0.0284168,,0,,nan,
golem_ik,kinematic,golem_ik,nan,,0,b043_d50_e10,43,0.5,0.1,0.460672,0.350169,-0.133313,0.394088,-0.192828,-0.135697,0.866703,1,0,0,0,nan,0.232827,0.234096,0.231558,0.0994801,0.128212,0.232827,0.113846,1.0024,1.0024,1.0024,0,0,nan,,,nan,nan,,,,,,,,,,,,,0,1,4.00075,current,0.0249974,,0,,nan,
golem_ik,kinematic,golem_ik,nan,,0,b043_d50_e20,43,0.5,0.2,0.552247,0.390345,-0.133313,0.493449,-0.204115,-0.135697,0.866703,1,0,0,0,nan,0.29474,0.305129,0.284352,0.130834,0.151475,0.29474,0.141154,1.0024,1.0024,1.0024,0,0,nan,,,nan,nan,,,,,,,,,,,,,0,1,4.00854,arms_front_45,0.0253569,,0,,nan,
golem_ik,kinematic,golem_ik,nan,,0,b043_d60_e00,43,0.6,0,0.369098,0.309993,-0.233313,0.294727,-0.181541,-0.235697,0.766703,1,0,0,0,nan,0.26054,0.246694,0.274385,0.0963859,0.144106,0.26054,0.120246,1.0024,1.0024,1.0024,0,0,nan,,,nan,nan,,,,,,,,,,,,,0,1,4.01078,arms_front_45,0.0188336,,0,,nan,
golem_ik,kinematic,golem_ik,nan,,0,b043_d60_e10,43,0.6,0.1,0.460672,0.350169,-0.233313,0.394088,-0.192828,-0.235697,0.766703,1,0,0,0,nan,0.307169,0.303305,0.311033,0.120732,0.158038,0.307169,0.139385,1.0024,1.0024,1.0024,0,0,nan,,,nan,nan,,,,,,,,,,,,,0,1,4.0105,t_pose,0.0190886,,0,,nan,
golem_ik,kinematic,golem_ik,nan,,0,b043_d60_e20,43,0.6,0.2,0.552247,0.390345,-0.233313,0.493449,-0.204115,-0.235697,0.766703,1,0,0,0,nan,0.363032,0.36801,0.358053,0.146779,0.17835,0.363032,0.162564,1.0024,1.0024,1.0024,0,0,nan,,,nan,nan,,,,,,,,,,,,,0,1,4.01002,arms_front_45,0.0202219,,0,,nan,
golem_ik,kinematic,golem_ik,nan,,0,b043_d70_e00,43,0.7,0,0.369098,0.309993,-0.333313,0.294727,-0.181541,-0.335697,0.666703,1,0,0,0,nan,0.34579,0.328128,0.363452,0.128994,0.167521,0.34579,0.148257,1.0024,1.0024,1.0024,0,0,nan,,,nan,nan,,,,,,,,,,,,,0,1,4.00941,current,0.0197915,,0,,nan,
golem_ik,kinematic,golem_ik,nan,,0,b043_d70_e10,43,0.7,0.1,0.460672,0.350169,-0.333313,0.394088,-0.192828,-0.335697,0.666703,1,0,0,0,nan,0.387327,0.378946,0.395707,0.146767,0.180933,0.387327,0.16385,1.0024,1.0024,1.0024,0,0,nan,,,nan,nan,,,,,,,,,,,,,0,1,4.00986,arms_front_45,0.0195624,,0,,nan,
golem_ik,kinematic,golem_ik,nan,,0,b043_d70_e20,43,0.7,0.2,0.552247,0.390345,-0.333313,0.493449,-0.204115,-0.335697,0.666703,1,0,0,0,nan,0.437877,0.438228,0.437525,0.165395,0.200672,0.437877,0.183033,1.0024,1.0024,1.0024,0,0,nan,,,nan,nan,,,,,,,,,,,,,0,1,4.01266,current,0.0194481,,0,,nan,
golem_ik,kinematic,golem_ik,nan,,0,b043_d80_e00,43,0.8,0,0.369098,0.309993,-0.433313,0.294727,-0.181541,-0.435697,0.566703,1,0,0,0,nan,0.434312,0.413908,0.454716,0.158054,0.187893,0.434312,0.172973,1.0024,1.0024,1.0024,0,0,nan,,,nan,nan,,,,,,,,,,,,,0,1,4.00359,home,0.0198303,,0,,nan,
golem_ik,kinematic,golem_ik,nan,,0,b043_d80_e10,43,0.8,0.1,0.460672,0.350169,-0.433313,0.394088,-0.192828,-0.435697,0.566703,1,0,0,0,nan,0.471665,0.459746,0.483585,0.172132,0.200486,0.471665,0.186309,1.0024,1.0024,1.0024,0,0,nan,,,nan,nan,,,,,,,,,,,,,0,1,4.0113,t_pose,0.0198326,,0,,nan,
golem_ik,kinematic,golem_ik,nan,,0,b043_d80_e20,43,0.8,0.2,0.552247,0.390345,-0.433313,0.493449,-0.204115,-0.435697,0.566703,1,0,0,0,nan,0.517545,0.514065,0.521024,0.186399,0.220346,0.517545,0.203372,1.0024,1.0024,1.0024,0,0,nan,,,nan,nan,,,,,,,,,,,,,0,1,4.00727,t_pose,0.0199522,,0,,nan,
golem_ik,kinematic,golem_ik,nan,,0,b043_d90_e00,43,0.9,0,0.369098,0.309993,-0.533313,0.294727,-0.181541,-0.535697,0.466703,1,0,0,0,nan,0.525143,0.502665,0.547621,0.18475,0.205115,0.525143,0.194932,1.0024,1.0024,1.0024,0,0,nan,,,nan,nan,,,,,,,,,,,,,0,1,4.01058,t_pose,0.0199327,,0,,nan,
golem_ik,kinematic,golem_ik,nan,,0,b043_d90_e10,43,0.9,0.1,0.460672,0.350169,-0.533313,0.394088,-0.192828,-0.535697,0.466703,1,0,0,0,nan,0.559025,0.544301,0.573749,0.196927,0.217197,0.559025,0.207062,1.0024,1.0024,1.0024,0,0,nan,,,nan,nan,,,,,,,,,,,,,0,1,4.01271,t_pose,0.0202707,,0,,nan,
golem_ik,kinematic,golem_ik,nan,,0,b043_d90_e20,43,0.9,0.2,0.552247,0.390345,-0.533313,0.493449,-0.204115,-0.535697,0.466703,1,0,0,0,nan,0.60089,0.594354,0.607425,0.20692,0.238068,0.60089,0.222494,1.0024,1.0024,1.0024,0,0,nan,,,nan,nan,,,,,,,,,,,,,0,1,4.01179,t_pose,0.0201903,,0,,nan,
golem_ik,kinematic,golem_ik,nan,,0,b043_d100_e00,43,1,0,0.369098,0.309993,-0.633313,0.294727,-0.181541,-0.635697,0.366703,1,0,0,0,nan,0.61766,0.593737,0.641584,0.20751,0.220514,0.61766,0.214012,1.0024,1.0024,1.0024,0,0,nan,,,nan,nan,,,,,,,,,,,,,0,1,4.01075,t_pose,0.0197318,,0,,nan,
golem_ik,kinematic,golem_ik,nan,,0,b043_d100_e10,43,1,0.1,0.460672,0.350169,-0.633313,0.394088,-0.192828,-0.635697,0.366703,1,0,0,0,nan,0.648624,0.631808,0.665439,0.218537,0.23233,0.648624,0.225433,1.0024,1.0024,1.0024,0,0,nan,,,nan,nan,,,,,,,,,,,,,0,1,4.00917,t_pose,0.0201483,,0,,nan,
golem_ik,kinematic,golem_ik,nan,,0,b043_d100_e20,43,1,0.2,0.552247,0.390345,-0.633313,0.493449,-0.204115,-0.635697,0.366703,1,0,0,0,nan,0.687059,0.678138,0.69598,0.225314,0.254266,0.687059,0.23979,1.0024,1.0024,1.0024,0,0,nan,,,nan,nan,,,,,,,,,,,,,0,1,4.0075,t_pose,0.0199119,,0,,nan,
golem_ik,kinematic,golem_ik,nan,,0,b044_d00_e00,44,0,0,0.291045,0.434879,0.0291979,0.388381,-0.521729,0.660024,1.0316,0,1,1,1,nan,5.59971e-05,5.34535e-06,0.000106649,1.22723e-06,0.000160116,5.59971e-05,8.06716e-05,1.0024,1.0024,1.0024,0,0,nan,,,nan,nan,,,,,,,,,,,,,0,1,0.137011,home,0.0833204,,0,,nan,
golem_ik,kinematic,golem_ik,nan,,0,b044_d00_e10,44,0,0.1,0.362271,0.505071,0.0291979,0.460443,-0.591062,0.660024,1.0316,0,0,0,0,nan,0.0695349,0.0610638,0.078006,0.000197853,0.000282964,0.0695349,0.000240408,1.0024,1.0024,1.0024,0,0,nan,,,nan,nan,,,,,,,,,,,,,0,1,4.00899,arms_front_45,0.0871818,,0,,nan,
golem_ik,kinematic,golem_ik,nan,,0,b044_d00_e20,44,0,0.2,0.433497,0.575263,0.0291979,0.532505,-0.660394,0.660024,1.0316,0,0,0,0,nan,0.155884,0.139237,0.17253,0.000234273,0.000965669,0.155884,0.000599971,1.0024,1.0024,1.0024,0,0,nan,,,nan,nan,,,,,,,,,,,,,0,1,4.00788,arms_front_45,0.0930834,,0,,nan,
golem_ik,kinematic,golem_ik,nan,,0,b044_d10_e00,44,0.1,0,0.291045,0.434879,-0.0708021,0.388381,-0.521729,0.560024,0.931598,0,0,0,1,nan,0.0339475,0.0678949,0,0.000399896,3.24302e-16,0.0339475,0.000199948,1.0024,1.0024,1.0024,0,0,nan,,,nan,nan,,,,,,,,,,,,,0,1,4.0082,t_pose,0.0735605,,0,,nan,
golem_ik,kinematic,golem_ik,nan,,0,b044_d10_e10,44,0.1,0.1,0.362271,0.505071,-0.0708021,0.460443,-0.591062,0.560024,0.931598,0,0,0,0,nan,0.0909611,0.130945,0.0509769,0.000539595,0.000569046,0.0909611,0.00055432,1.0024,1.0024,1.0024,0,0,nan,,,nan,nan,,,,,,,,,,,,,0,1,4.01072,arms_front_45,0.0808879,,0,,nan,
golem_ik,kinematic,golem_ik,nan,,0,b044_d10_e20,44,0.1,0.2,0.433497,0.575263,-0.0708021,0.532505,-0.660394,0.560024,0.931598,0,0,0,0,nan,0.175561,0.201969,0.149154,0.000532507,0.00179905,0.175561,0.00116578,1.0024,1.0024,1.0024,0,0,nan,,,nan,nan,,,,,,,,,,,,,0,1,4.00511,arms_front_45,0.0870323,,0,,nan,
golem_ik,kinematic,golem_ik,nan,,0,b044_d20_e00,44,0.2,0,0.291045,0.434879,-0.170802,0.388381,-0.521729,0.460024,0.831598,1,0,0,1,nan,0.0756564,0.151313,1.94998e-12,0.000957095,2.57806e-13,0.0756564,0.000478547,1.0024,1.0024,1.0024,0,0,nan,,,nan,nan,,,,,,,,,,,,,0,1,4.00948,t_pose,0.0688022,,0,,nan,
golem_ik,kinematic,golem_ik,nan,,0,b044_d20_e10,44,0.2,0.1,0.362271,0.505071,-0.170802,0.460443,-0.591062,0.460024,0.831598,1,0,0,1,nan,0.12372,0.207525,0.0399145,0.000986804,0.000761939,0.12372,0.000874371,1.0024,1.0024,1.0024,0,0,nan,,,nan,nan,,,,,,,,,,,,,0,1,4.00624,t_pose,0.076038,,0,,nan,
golem_ik,kinematic,golem_ik,nan,,0,b044_d20_e20,44,0.2,0.2,0.433497,0.575263,-0.170802,0.532505,-0.660394,0.460024,0.831598,1,0,0,0,nan,0.205835,0.272025,0.139645,0.000919145,0.00260076,0.205835,0.00175995,1.0024,1.0024,1.0024,0,0,nan,,,nan,nan,,,,,,,,,,,,,0,1,4.00779,t_pose,0.0821384,,0,,nan,
golem_ik,kinematic,golem_ik,nan,,0,b044_d30_e00,44,0.3,0,0.291045,0.434879,-0.270802,0.388381,-0.521729,0.360024,0.731598,1,0,0,1,nan,0.119277,0.238551,3.19307e-06,0.00157157,4.82386e-07,0.119277,0.000786024,1.0024,1.0024,1.0024,0,0,nan,,,nan,nan,,,,,,,,,,,,,0,1,4.00735,t_pose,0.0650859,,0,,nan,
golem_ik,kinematic,golem_ik,nan,,0,b044_d30_e10,44,0.3,0.1,0.362271,0.505071,-0.270802,0.460443,-0.591062,0.360024,0.731598,1,0,0,1,nan,0.167445,0.289002,0.0458878,0.00150384,0.00469924,0.167445,0.00310154,1.0024,1.0024,1.0024,0,0,nan,,,nan,nan,,,,,,,,,,,,,0,1,4.00588,home,0.0714379,,0,,nan,
golem_ik,kinematic,golem_ik,nan,,0,b044_d30_e20,44,0.3,0.2,0.433497,0.575263,-0.270802,0.532505,-0.660394,0.360024,0.731598,1,0,0,0,nan,0.246146,0.347717,0.144576,0.0013712,0.00359425,0.246146,0.00248273,1.0024,1.0024,1.0024,0,0,nan,,,nan,nan,,,,,,,,,,,,,0,1,4.00901,t_pose,0.0777305,,0,,nan,
golem_ik,kinematic,golem_ik,nan,,0,b044_d40_e00,44,0.4,0,0.291045,0.434879,-0.370802,0.388381,-0.521729,0.260024,0.631598,1,0,0,1,nan,0.166017,0.328487,0.00354683,0.00221025,0.00146936,0.166017,0.00183981,1.0024,1.0024,1.0024,0,0,nan,,,nan,nan,,,,,,,,,,,,,0,1,4.00677,arms_front_45,0.061821,,0,,nan,
golem_ik,kinematic,golem_ik,nan,,0,b044_d40_e10,44,0.4,0.1,0.362271,0.505071,-0.370802,0.460443,-0.591062,0.260024,0.631598,1,0,0,0,nan,0.223406,0.374083,0.0727279,0.00205844,0.020119,0.223406,0.0110887,1.0024,1.0024,1.0024,0,0,nan,,,nan,nan,,,,,,,,,,,,,0,1,4.01112,arms_front_45,0.0680618,,0,,nan,
golem_ik,kinematic,golem_ik,nan,,0,b044_d40_e20,44,0.4,0.2,0.433497,0.575263,-0.370802,0.532505,-0.660394,0.260024,0.631598,1,0,0,0,nan,0.296528,0.427751,0.165304,0.0018656,0.0340197,0.296528,0.0179426,1.0024,1.0024,1.0024,0,0,nan,,,nan,nan,,,,,,,,,,,,,0,1,4.00812,home,0.0736046,,0,,nan,
golem_ik,kinematic,golem_ik,nan,,0,b044_d50_e00,44,0.5,0,0.291045,0.434879,-0.470802,0.388381,-0.521729,0.160024,0.531598,1,0,0,1,nan,0.230301,0.420375,0.040227,0.00284836,0.016384,0.230301,0.00961617,1.0024,1.0024,1.0024,0,0,nan,,,nan,nan,,,,,,,,,,,,,0,1,4.00867,home,0.0593568,,0,,nan,
golem_ik,kinematic,golem_ik,nan,,0,b044_d50_e10,44,0.5,0.1,0.362271,0.505071,-0.470802,0.460443,-0.591062,0.160024,0.531598,1,0,0,0,nan,0.288321,0.461874,0.114768,0.00262751,0.035512,0.288321,0.0190698,1.0024,1.0024,1.0024,0,0,nan,,,nan,nan,,,,,,,,,,,,,0,1,4.0137,home,0.0651281,,0,,nan,
golem_ik,kinematic,golem_ik,nan,,0,b044_d50_e20,44,0.5,0.2,0.433497,0.575263,-0.470802,0.532505,-0.660394,0.160024,0.531598,1,0,0,0,nan,0.356045,0.511145,0.200945,0.00237869,0.0531741,0.356045,0.0277764,1.0024,1.0024,1.0024,0,0,nan,,,nan,nan,,,,,,,,,,,,,0,1,4.00637,current,0.0704308,,0,,nan,
golem_ik,kinematic,golem_ik,nan,,0,b044_d60_e00,44,0.6,0,0.291045,0.434879,-0.570802,0.388381,-0.521729,0.0600235,0.431598,1,0,0,0,nan,0.306241,0.513712,0.0987701,0.00346823,0.0398806,0.306241,0.0216744,1.0024,1.0024,1.0024,0,0,nan,,,nan,nan,,,,,,,,,,,,,0,1,4.01047,current,0.0574109,,0,,nan,
golem_ik,kinematic,golem_ik,nan,,0,b044_d60_e10,44,0.6,0.1,0.362271,0.505071,-0.570802,0.460443,-0.591062,0.0600235,0.431598,1,0,0,0,nan,0.360266,0.551729,0.168803,0.00318987,0.0571977,0.360266,0.0301938,1.0024,1.0024,1.0024,0,0,nan,,,nan,nan,,,,,,,,,,,,,0,1,4.00769,current,0.0627433,,0,,nan,
golem_ik,kinematic,golem_ik,nan,,0,b044_d60_e20,44,0.6,0.2,0.433497,0.575263,-0.570802,0.532505,-0.660394,0.0600235,0.431598,1,0,0,0,nan,0.422756,0.597176,0.248335,0.00288637,0.0754099,0.422756,0.0391481,1.0024,1.0024,1.0024,0,0,nan,,,nan,nan,,,,,,,,,,,,,0,1,4.00442,current,0.0677263,,0,,nan,
golem_ik,kinematic,golem_ik,nan,,0,b044_d70_e00,44,0.7,0,0.291045,0.434879,-0.670802,0.388381,-0.521729,-0.0399765,0.331598,1,0,0,0,nan,0.38783,0.608153,0.167508,0.00405205,0.0686932,0.38783,0.0363726,1.0024,1.0024,1.0024,0,0,nan,,,nan,nan,,,,,,,,,,,,,0,1,4.00993,current,0.0557947,,0,,nan,
golem_ik,kinematic,golem_ik,nan,,0,b044_d70_e10,44,0.7,0.1,0.362271,0.505071,-0.670802,0.460443,-0.591062,-0.0399765,0.331598,1,0,0,0,nan,0.437508,0.643187,0.231829,0.00371993,0.0840196,0.437508,0.0438698,1.0024,1.0024,1.0024,0,0,nan,,,nan,nan,,,,,,,,,,,,,0,1,4.00967,current,0.0607326,,0,,nan,
golem_ik,kinematic,golem_ik,nan,,0,b044_d70_e20,44,0.7,0.2,0.433497,0.575263,-0.670802,0.532505,-0.660394,-0.0399765,0.331598,1,0,0,0,nan,0.495133,0.685297,0.30497,0.00335375,0.102003,0.495133,0.0526785,1.0024,1.0024,1.0024,0,0,nan,,,nan,nan,,,,,,,,,,,,,0,1,4.01353,current,0.0654115,,0,,nan,
golem_ik,kinematic,golem_ik,nan,,0,b044_d80_e00,44,0.8,0,0.291045,0.434879,-0.770802,0.388381,-0.521729,-0.139976,0.231598,1,0,0,0,nan,0.472805,0.70345,0.24216,0.00456749,0.100237,0.472805,0.0524024,1.0024,1.0024,1.0024,0,0,nan,,,nan,nan,,,,,,,,,,,,,0,1,4.00918,current,0.0544365,,0,,nan,
golem_ik,kinematic,golem_ik,nan,,0,b044_d80_e10,44,0.8,0.1,0.362271,0.505071,-0.770802,0.460443,-0.591062,-0.139976,0.231598,1,0,0,0,nan,0.518663,0.735908,0.301417,0.00417082,0.114998,0.518663,0.0595842,1.0024,1.0024,1.0024,0,0,nan,,,nan,nan,,,,,,,,,,,,,0,1,4.01208,current,0.0590255,,0,,nan,
golem_ik,kinematic,golem_ik,nan,,0,b044_d80_e20,44,0.8,0.2,0.433497,0.575263,-0.770802,0.532505,-0.660394,-0.139976,0.231598,1,0,0,0,nan,0.571948,0.775094,0.368802,0.00371474,0.133697,0.571948,0.0687057,1.0024,1.0024,1.0024,0,0,nan,,,nan,nan,,,,,,,,,,,,,0,1,4.01284,current,0.0634229,,0,,nan,
golem_ik,kinematic,golem_ik,nan,,0,b044_d90_e00,44,0.9,0,0.291045,0.434879,-0.870802,0.388381,-0.521729,-0.239976,0.131598,1,0,0,0,nan,0.560153,0.799423,0.320883,0.00496384,0.134059,0.560153,0.0695113,1.0024,1.0024,1.0024,0,0,nan,,,nan,nan,,,,,,,,,,,,,0,1,4.00661,current,0.0532875,,0,,nan,
golem_ik,kinematic,golem_ik,nan,,0,b044_d90_e10,44,0.9,0.1,0.362271,0.505071,-0.870802,0.460443,-0.591062,-0.239976,0.131598,1,0,0,0,nan,0.602732,0.82964,0.375825,0.00446193,0.150697,0.602732,0.0775793,1.0024,1.0024,1.0024,0,0,nan,,,nan,nan,,,,,,,,,,,,,0,1,4.00576,home,0.0575704,,0,,nan,
golem_ik,kinematic,golem_ik,nan,,0,b044_d90_e20,44,0.9,0.2,0.433497,0.575263,-0.870802,0.532505,-0.660394,-0.239976,0.131598,1,0,0,0,nan,0.652156,0.866252,0.43806,0.00389934,0.169871,0.652156,0.0868849,1.0024,1.0024,1.0024,0,0,nan,,,nan,nan,,,,,,,,,,,,,0,1,4.00949,home,0.0617093,,0,,nan,
golem_ik,kinematic,golem_ik,nan,,0,b044_d100_e00,44,1,0,0.291045,0.434879,-0.970802,0.388381,-0.521729,-0.339976,0.0315979,1,0,0,0,nan,0.649414,0.89594,0.402889,0.00512216,0.173279,0.649414,0.0892007,1.0024,1.0024,1.0024,0,0,nan,,,nan,nan,,,,,,,,,,,,,0,1,4.00574,home,0.0523167,,0,,nan,
golem_ik,kinematic,golem_ik,nan,,0,b044_d100_e10,44,1,0.1,0.362271,0.505071,-0.970802,0.460443,-0.591062,-0.339976,0.0315979,1,0,0,0,nan,0.688887,0.924192,0.453582,0.00457464,0.189799,0.688887,0.0971866,1.0024,1.0024,1.0024,0,0,nan,,,nan,nan,,,,,,,,,,,,,0,1,4.00946,home,0.0563216,,0,,nan,
golem_ik,kinematic,golem_ik,nan,,0,b044_d100_e20,44,1,0.2,0.433497,0.575263,-0.970802,0.532505,-0.660394,-0.339976,0.0315979,1,0,0,0,nan,0.734966,0.958526,0.511407,0.00392981,0.207929,0.734966,0.10593,1.0024,1.0024,1.0024,0,0,nan,,,nan,nan,,,,,,,,,,,,,0,1,4.00691,current,0.060222,,0,,nan,
golem_ik,kinematic,golem_ik,nan,,0,b045_d00_e00,45,0,0,0.500394,0.310559,0.632642,0.464769,-0.284026,0.281881,1.28428,0,1,1,1,nan,0.000307854,0.000604465,1.12425e-05,9.94644e-05,3.66962e-06,0.000307854,5.1567e-05,1.0024,1.0024,1.0024,0,0,nan,,,nan,nan,,,,,,,,,,,,,0,1,0.0780215,home,0.062541,,0,,nan,
golem_ik,kinematic,golem_ik,nan,,0,b045_d00_e10,45,0,0.1,0.595505,0.341446,0.632642,0.560746,-0.312103,0.281881,1.28428,0,0,0,1,nan,0.0574677,0.0809207,0.0340147,0.00246933,0.00361783,0.0574677,0.00304358,1.0024,1.0024,1.0024,0,0,nan,,,nan,nan,,,,,,,,,,,,,0,1,4.00699,t_pose,0.0643323,,0,,nan,
golem_ik,kinematic,golem_ik,nan,,0,b045_d00_e20,45,0,0.2,0.690615,0.372332,0.632642,0.656724,-0.340181,0.281881,1.28428,0,0,0,0,nan,0.153743,0.176782,0.130704,0.00748806,0.0145626,0.153743,0.0110253,1.0024,1.0024,1.0024,0,0,nan,,,nan,nan,,,,,,,,,,,,,0,1,4.00537,arms_front_45,0.0656968,,0,,nan,
golem_ik,kinematic,golem_ik,nan,,0,b045_d10_e00,45,0.1,0,0.500394,0.310559,0.532642,0.464769,-0.284026,0.181881,1.18428,0,1,1,1,nan,0.000172142,8.9746e-05,0.000254537,2.5596e-05,0.000165551,0.000172142,9.55735e-05,1.0024,1.0024,1.0024,0,0,nan,,,nan,nan,,,,,,,,,,,,,0,1,0.0692396,home,0.0691026,,0,,nan,
golem_ik,kinematic,golem_ik,nan,,0,b045_d10_e10,45,0.1,0.1,0.595505,0.341446,0.532642,0.560746,-0.312103,0.181881,1.18428,0,0,0,0,nan,0.0647038,0.0618976,0.0675101,0.00898345,0.00594076,0.0647038,0.0074621,1.0024,1.0024,1.0024,0,0,nan,,,nan,nan,,,,,,,,,,,,,0,1,4.00848,arms_front_45,0.0668213,,0,,nan,
golem_ik,kinematic,golem_ik,nan,,0,b045_d10_e20,45,0.1,0.2,0.690615,0.372332,0.532642,0.656724,-0.340181,0.181881,1.18428,0,0,0,0,nan,0.160035,0.16022,0.15985,0.0214862,0.0164033,0.160035,0.0189448,1.0024,1.0024,1.0024,0,0,nan,,,nan,nan,,,,,,,,,,,,,0,1,4.00705,arms_front_45,0.0690475,,0,,nan,
golem_ik,kinematic,golem_ik,nan,,0,b045_d20_e00,45,0.2,0,0.500394,0.310559,0.432642,0.464769,-0.284026,0.0818814,1.08428,0,1,1,1,nan,0.015921,1.24127e-16,0.031842,2.67584e-16,0.00109431,0.015921,0.000547157,1.0024,1.0024,1.0024,0,0,nan,,,nan,nan,,,,,,,,,,,,,0,1,4.01474,t_pose,0.0689821,,0,,nan,
golem_ik,kinematic,golem_ik,nan,,0,b045_d20_e10,45,0.2,0.1,0.595505,0.341446,0.432642,0.560746,-0.312103,0.0818814,1.08428,0,0,0,0,nan,0.0891846,0.0641466,0.114223,0.0167975,0.00765582,0.0891846,0.0122267,1.0024,1.0024,1.0024,0,0,nan,,,nan,nan,,,,,,,,,,,,,0,1,4.01031,t_pose,0.0692331,,0,,nan,
golem_ik,kinematic,golem_ik,nan,,0,b045_d20_e20,45,0.2,0.2,0.690615,0.372332,0.432642,0.656724,-0.340181,0.0818814,1.08428,0,0,0,0,nan,0.180731,0.16054,0.200922,0.0354162,0.0176816,0.180731,0.0265489,1.0024,1.0024,1.0024,0,0,nan,,,nan,nan,,,,,,,,,,,,,0,1,4.00738,arms_front_45,0.0713808,,0,,nan,
golem_ik,kinematic,golem_ik,nan,,0,b045_d30_e00,45,0.3,0,0.500394,0.310559,0.332642,0.464769,-0.284026,-0.0181186,0.984281,0,0,1,0,nan,0.0492569,0.00168669,0.0968272,0.000739874,0.00246255,0.0492569,0.00160121,1.0024,1.0024,1.0024,0,0,nan,,,nan,nan,,,,,,,,,,,,,0,1,4.00872,arms_front_45,0.0633323,,0,,nan,
golem_ik,kinematic,golem_ik,nan,,0,b045_d30_e10,45,0.3,0.1,0.595505,0.341446,0.332642,0.560746,-0.312103,-0.0181186,0.984281,0,0,0,0,nan,0.128635,0.0854996,0.17177,0.0299211,0.00723661,0.128635,0.0185789,1.0024,1.0024,1.0024,0,0,nan,,,nan,nan,,,,,,,,,,,,,0,1,4.01018,t_pose,0.0685121,,0,,nan,
golem_ik,kinematic,golem_ik,nan,,0,b045_d30_e20,45,0.3,0.2,0.690615,0.372332,0.332642,0.656724,-0.340181,-0.0181186,0.984281,0,0,0,0,nan,0.214582,0.176937,0.252227,0.0519743,0.0160761,0.214582,0.0340252,1.0024,1.0024,1.0024,0,0,nan,,,nan,nan,,,,,,,,,,,,,0,1,4.01278,t_pose,0.0726016,,0,,nan,
golem_ik,kinematic,golem_ik,nan,,0,b045_d40_e00,45,0.4,0,0.500394,0.310559,0.232642,0.464769,-0.284026,-0.118119,0.884281,1,0,1,0,nan,0.106614,0.0434778,0.169751,0.0208102,0.00399595,0.106614,0.0124031,1.0024,1.0024,1.0024,0,0,nan,,,nan,nan,,,,,,,,,,,,,0,1,4.01271,arms_front_45,0.0533594,,0,,nan,
golem_ik,kinematic,golem_ik,nan,,0,b045_d40_e10,45,0.4,0.1,0.595505,0.341446,0.232642,0.560746,-0.312103,-0.118119,0.884281,1,0,0,0,nan,0.179547,0.12122,0.237873,0.0488847,0.00607561,0.179547,0.0274802,1.0024,1.0024,1.0024,0,0,nan,,,nan,nan,,,,,,,,,,,,,0,1,4.01023,arms_front_45,0.0640697,,0,,nan,
golem_ik,kinematic,golem_ik,nan,,0,b045_d40_e20,45,0.4,0.2,0.690615,0.372332,0.232642,0.656724,-0.340181,-0.118119,0.884281,1,0,0,0,nan,0.259369,0.206587,0.312151,0.0707767,0.0139635,0.259369,0.0423701,1.0024,1.0024,1.0024,0,0,nan,,,nan,nan,,,,,,,,,,,,,0,1,4.00889,arms_front_45,0.0680307,,0,,nan,
golem_ik,kinematic,golem_ik,nan,,0,b045_d50_e00,45,0.5,0,0.500394,0.310559,0.132642,0.464769,-0.284026,-0.218119,0.784281,1,0,0,0,nan,0.171291,0.0941005,0.248482,0.0460404,0.00540575,0.171291,0.0257231,1.0024,1.0024,1.0024,0,0,nan,,,nan,nan,,,,,,,,,,,,,0,1,4.01068,arms_front_45,0.0481744,,0,,nan,
golem_ik,kinematic,golem_ik,nan,,0,b045_d50_e10,45,0.5,0.1,0.595505,0.341446,0.132642,0.560746,-0.312103,-0.218119,0.784281,1,0,0,0,nan,0.238646,0.166833,0.310458,0.0712787,0.00739182,0.238646,0.0393353,1.0024,1.0024,1.0024,0,0,nan,,,nan,nan,,,,,,,,,,,,,0,1,4.00706,arms_front_45,0.0579383,,0,,nan,
golem_ik,kinematic,golem_ik,nan,,0,b045_d50_e20,45,0.5,0.2,0.690615,0.372332,0.132642,0.656724,-0.340181,-0.218119,0.784281,1,0,0,0,nan,0.312983,0.246942,0.379024,0.0919921,0.00957268,0.312983,0.0507824,1.0024,1.0024,1.0024,0,0,nan,,,nan,nan,,,,,,,,,,,,,0,1,4.01183,arms_front_45,0.0645846,,0,,nan,
golem_ik,kinematic,golem_ik,nan,,0,b045_d60_e00,45,0.6,0,0.500394,0.310559,0.032642,0.464769,-0.284026,-0.318119,0.684281,1,0,0,0,nan,0.240537,0.149585,0.331488,0.0712271,0.00666641,0.240537,0.0389468,1.0024,1.0024,1.0024,0,0,nan,,,nan,nan,,,,,,,,,,,,,0,1,4.00975,arms_front_45,0.0459926,,0,,nan,
golem_ik,kinematic,golem_ik,nan,,0,b045_d60_e10,45,0.6,0.1,0.595505,0.341446,0.032642,0.560746,-0.312103,-0.318119,0.684281,1,0,0,0,nan,0.303729,0.219414,0.388044,0.0942654,0.0085928,0.303729,0.0514291,1.0024,1.0024,1.0024,0,0,nan,,,nan,nan,,,,,,,,,,,,,0,1,4.00942,arms_front_45,0.0537132,,0,,nan,
golem_ik,kinematic,golem_ik,nan,,0,b045_d60_e20,45,0.6,0.2,0.690615,0.372332,0.032642,0.656724,-0.340181,-0.318119,0.684281,1,0,0,0,nan,0.373378,0.295397,0.45136,0.113673,0.0106743,0.373378,0.0621734,1.0024,1.0024,1.0024,0,0,nan,,,nan,nan,,,,,,,,,,,,,0,1,4.00843,arms_front_45,0.0606073,,0,,nan,
golem_ik,kinematic,golem_ik,nan,,0,b045_d70_e00,45,0.7,0,0.500394,0.310559,-0.067358,0.464769,-0.284026,-0.418119,0.584281,1,0,0,0,nan,0.314017,0.210351,0.417682,0.0946515,0.00777273,0.314017,0.0512121,1.0024,1.0024,1.0024,0,0,nan,,,nan,nan,,,,,,,,,,,,,0,1,4.00403,arms_front_45,0.0447082,,0,,nan,
golem_ik,kinematic,golem_ik,nan,,0,b045_d70_e10,45,0.7,0.1,0.595505,0.341446,-0.067358,0.560746,-0.312103,-0.418119,0.584281,1,0,0,0,nan,0.373709,0.277914,0.469505,0.116426,0.00966182,0.373709,0.0630437,1.0024,1.0024,1.0024,0,0,nan,,,nan,nan,,,,,,,,,,,,,0,1,4.00539,arms_front_45,0.0507902,,0,,nan,
golem_ik,kinematic,golem_ik,nan,,0,b045_d70_e20,45,0.7,0.2,0.690615,0.372332,-0.067358,0.656724,-0.340181,-0.418119,0.584281,1,0,0,0,nan,0.439321,0.350557,0.528085,0.135195,0.0116776,0.439321,0.0734362,1.0024,1.0024,1.0024,0,0,nan,,,nan,nan,,,,,,,,,,,,,0,1,4.00831,arms_front_45,0.0568199,,0,,nan,
golem_ik,kinematic,golem_ik,nan,,0,b045_d80_e00,45,0.8,0,0.500394,0.310559,-0.167358,0.464769,-0.284026,-0.518119,0.484281,1,0,0,0,nan,0.391867,0.277441,0.506293,0.116939,0.00873304,0.391867,0.0628361,1.0024,1.0024,1.0024,0,0,nan,,,nan,nan,,,,,,,,,,,,,0,1,4.00878,arms_front_45,0.0432248,,0,,nan,
golem_ik,kinematic,golem_ik,nan,,0,b045_d80_e10,45,0.8,0.1,0.595505,0.341446,-0.167358,0.560746,-0.312103,-0.518119,0.484281,1,0,0,0,nan,0.448043,0.342095,0.553992,0.137735,0.0106053,0.448043,0.0741702,1.0024,1.0024,1.0024,0,0,nan,,,nan,nan,,,,,,,,,,,,,0,1,4.00901,arms_front_45,0.0485065,,0,,nan,
golem_ik,kinematic,golem_ik,nan,,0,b045_d80_e20,45,0.8,0.2,0.690615,0.372332,-0.167358,0.656724,-0.340181,-0.518119,0.484281,1,0,0,0,nan,0.509909,0.411481,0.608337,0.156138,0.0125938,0.509909,0.0843657,1.0024,1.0024,1.0024,0,0,nan,,,nan,nan,,,,,,,,,,,,,0,1,4.00772,arms_front_45,0.0538995,,0,,nan,
golem_ik,kinematic,golem_ik,nan,,0,b045_d90_e00,45,0.9,0,0.500394,0.310559,-0.267358,0.464769,-0.284026,-0.618119,0.384281,1,0,0,0,nan,0.473683,0.350601,0.596765,0.139279,0.00957835,0.473683,0.0744285,1.0024,1.0024,1.0024,0,0,nan,,,nan,nan,,,,,,,,,,,,,0,1,4.01397,arms_front_45,0.0418027,,0,,nan,
golem_ik,kinematic,golem_ik,nan,,0,b045_d90_e10,45,0.9,0.1,0.595505,0.341446,-0.267358,0.560746,-0.312103,-0.618119,0.384281,1,0,0,0,nan,0.526314,0.411761,0.640867,0.159104,0.0114663,0.526314,0.0852853,1.0024,1.0024,1.0024,0,0,nan,,,nan,nan,,,,,,,,,,,,,0,1,4.01193,arms_front_45,0.0466358,,0,,nan,
golem_ik,kinematic,golem_ik,nan,,0,b045_d90_e20,45,0.9,0.2,0.690615,0.372332,-0.267358,0.656724,-0.340181,-0.618119,0.384281,1,0,0,0,nan,0.584522,0.477606,0.691438,0.176602,0.0134651,0.584522,0.0950336,1.0024,1.0024,1.0024,0,0,nan,,,nan,nan,,,,,,,,,,,,,0,1,4.00856,arms_front_45,0.0516122,,0,,nan,
golem_ik,kinematic,golem_ik,nan,,0,b045_d100_e00,45,1,0,0.500394,0.310559,-0.367358,0.464769,-0.284026,-0.718119,0.284281,1,0,0,0,nan,0.558687,0.428681,0.688693,0.161317,0.0103653,0.558687,0.0858411,1.0024,1.0024,1.0024,0,0,nan,,,nan,nan,,,,,,,,,,,,,0,1,4.01035,arms_front_45,0.0407979,,0,,nan,
golem_ik,kinematic,golem_ik,nan,,0,b045_d100_e10,45,1,0.1,0.595505,0.341446,-0.367358,0.560746,-0.312103,-0.718119,0.284281,1,0,0,0,nan,0.608038,0.486428,0.729648,0.180479,0.0123474,0.608038,0.0964131,1.0024,1.0024,1.0024,0,0,nan,,,nan,nan,,,,,,,,,,,,,0,1,4.01111,arms_front_45,0.0451618,,0,,nan,
golem_ik,kinematic,golem_ik,nan,,0,b045_d100_e20,45,1,0.2,0.690615,0.372332,-0.367358,0.656724,-0.340181,-0.718119,0.284281,1,0,0,0,nan,0.662798,0.548736,0.77686,0.19684,0.0144424,0.662798,0.105641,1.0024,1.0024,1.0024,0,0,nan,,,nan,nan,,,,,,,,,,,,,0,1,4.01129,arms_front_45,0.0497547,,0,,nan,
golem_ik,kinematic,golem_ik,nan,,0,b046_d00_e00,46,0,0,0.221642,0.42574,-0.008111,0.439965,-0.0369652,0.332225,0.994289,0,1,1,1,nan,0.000241331,0.000409792,7.28697e-05,0.000287647,5.80775e-05,0.000241331,0.000172862,1.0024,1.0024,1.0024,0,0,nan,,,nan,nan,,,,,,,,,,,,,0,1,0.087214,home,0.0686886,,0,,nan,
golem_ik,kinematic,golem_ik,nan,,0,b046_d00_e10,46,0,0.1,0.284025,0.503895,-0.008111,0.536922,-0.0124829,0.332225,0.994289,0,1,1,1,nan,0.0371201,0.0457107,0.0285294,0.00049372,0.00547526,0.0371201,0.00298449,1.0024,1.0024,1.0024,0,0,nan,,,nan,nan,,,,,,,,,,,,,0,1,4.01336,t_pose,0.0483792,,0,,nan,
golem_ik,kinematic,golem_ik,nan,,0,b046_d00_e20,46,0,0.2,0.346409,0.582051,-0.008111,0.633879,0.0119995,0.332225,0.994289,0,0,0,0,nan,0.121582,0.117414,0.12575,0.00156097,0.0215221,0.121582,0.0115415,1.0024,1.0024,1.0024,0,0,nan,,,nan,nan,,,,,,,,,,,,,0,1,4.01265,t_pose,0.0460638,,0,,nan,
golem_ik,kinematic,golem_ik,nan,,0,b046_d10_e00,46,0.1,0,0.221642,0.42574,-0.108111,0.439965,-0.0369652,0.232225,0.894289,0,0,0,1,nan,0.0338581,0.0677162,2.77556e-17,0.000378974,2.9749e-16,0.0338581,0.000189487,1.0024,1.0024,1.0024,0,0,nan,,,nan,nan,,,,,,,,,,,,,0,1,4.00922,t_pose,0.0584654,,0,,nan,
golem_ik,kinematic,golem_ik,nan,,0,b046_d10_e10,46,0.1,0.1,0.284025,0.503895,-0.108111,0.536922,-0.0124829,0.232225,0.894289,0,0,0,0,nan,0.0906167,0.122544,0.0586897,0.00108022,0.0142635,0.0906167,0.00767183,1.0024,1.0024,1.0024,0,0,nan,,,nan,nan,,,,,,,,,,,,,0,1,4.00852,t_pose,0.0553301,,0,,nan,
golem_ik,kinematic,golem_ik,nan,,0,b046_d10_e20,46,0.1,0.2,0.346409,0.582051,-0.108111,0.633879,0.0119995,0.232225,0.894289,0,0,0,0,nan,0.168741,0.186866,0.150616,0.00211521,0.0306534,0.168741,0.0163843,1.0024,1.0024,1.0024,0,0,nan,,,nan,nan,,,,,,,,,,,,,0,1,4.00784,t_pose,0.0528993,,0,,nan,
golem_ik,kinematic,golem_ik,nan,,0,b046_d20_e00,46,0.2,0,0.221642,0.42574,-0.208111,0.439965,-0.0369652,0.132225,0.794289,1,0,0,1,nan,0.0897301,0.156316,0.0231447,0.000659132,0.00774265,0.0897301,0.00420089,1.0024,1.0024,1.0024,0,0,nan,,,nan,nan,,,,,,,,,,,,,0,1,4.01003,t_pose,0.0512103,,0,,nan,
golem_ik,kinematic,golem_ik,nan,,0,b046_d20_e10,46,0.2,0.1,0.284025,0.503895,-0.208111,0.536922,-0.0124829,0.132225,0.794289,1,0,0,0,nan,0.153991,0.204778,0.103205,0.00147,0.0287331,0.153991,0.0151015,1.0024,1.0024,1.0024,0,0,nan,,,nan,nan,,,,,,,,,,,,,0,1,4.01112,t_pose,0.0514674,,0,,nan,
golem_ik,kinematic,golem_ik,nan,,0,b046_d20_e20,46,0.2,0.2,0.346409,0.582051,-0.208111,0.633879,0.0119995,0.132225,0.794289,1,0,0,0,nan,0.225822,0.26266,0.188983,0.00252045,0.0447282,0.225822,0.0236243,1.0024,1.0024,1.0024,0,0,nan,,,nan,nan,,,,,,,,,,,,,0,1,4.00628,t_pose,0.0521373,,0,,nan,
golem_ik,kinematic,golem_ik,nan,,0,b046_d30_e00,46,0.3,0,0.221642,0.42574,-0.308111,0.439965,-0.0369652,0.0322252,0.694289,1,0,0,0,nan,0.166548,0.247598,0.0854973,0.000777339,0.0291167,0.166548,0.014947,1.0024,1.0024,1.0024,0,0,nan,,,nan,nan,,,,,,,,,,,,,0,1,4.01161,arms_front_45,0.0483465,,0,,nan,
golem_ik,kinematic,golem_ik,nan,,0,b046_d30_e10,46,0.3,0.1,0.284025,0.503895,-0.308111,0.536922,-0.0124829,0.0322252,0.694289,1,0,0,0,nan,0.2247,0.290847,0.158553,0.00169702,0.0467545,0.2247,0.0242258,1.0024,1.0024,1.0024,0,0,nan,,,nan,nan,,,,,,,,,,,,,0,1,4.00978,arms_front_45,0.0482286,,0,,nan,
golem_ik,kinematic,golem_ik,nan,,0,b046_d30_e20,46,0.3,0.2,0.346409,0.582051,-0.308111,0.633879,0.0119995,0.0322252,0.694289,1,0,0,0,nan,0.290633,0.343202,0.238064,0.00278519,0.0610666,0.290633,0.0319259,1.0024,1.0024,1.0024,0,0,nan,,,nan,nan,,,,,,,,,,,,,0,1,4.00658,arms_front_45,0.0487781,,0,,nan,
golem_ik,kinematic,golem_ik,nan,,0,b046_d40_e00,46,0.4,0,0.221642,0.42574,-0.408111,0.439965,-0.0369652,-0.0677748,0.594289,1,0,0,0,nan,0.248158,0.340738,0.155577,0.000779663,0.0521035,0.248158,0.0264416,1.0024,1.0024,1.0024,0,0,nan,,,nan,nan,,,,,,,,,,,,,0,1,4.00705,arms_front_45,0.0455505,,0,,nan,
golem_ik,kinematic,golem_ik,nan,,0,b046_d40_e10,46,0.4,0.1,0.284025,0.503895,-0.408111,0.536922,-0.0124829,-0.0677748,0.594289,1,0,0,0,nan,0.300986,0.379688,0.222285,0.00179551,0.0665025,0.300986,0.034149,1.0024,1.0024,1.0024,0,0,nan,,,nan,nan,,,,,,,,,,,,,0,1,4.00933,arms_front_45,0.0454514,,0,,nan,
golem_ik,kinematic,golem_ik,nan,,0,b046_d40_e20,46,0.4,0.2,0.346409,0.582051,-0.408111,0.633879,0.0119995,-0.0677748,0.594289,1,0,0,0,nan,0.361564,0.427319,0.295809,0.00293095,0.0787154,0.361564,0.0408232,1.0024,1.0024,1.0024,0,0,nan,,,nan,nan,,,,,,,,,,,,,0,1,4.00703,arms_front_45,0.0459572,,0,,nan,
golem_ik,kinematic,golem_ik,nan,,0,b046_d50_e00,46,0.5,0,0.221642,0.42574,-0.508111,0.439965,-0.0369652,-0.167775,0.494289,1,0,0,0,nan,0.333396,0.435215,0.231576,0.00070139,0.0750837,0.333396,0.0378925,1.0024,1.0024,1.0024,0,0,nan,,,nan,nan,,,,,,,,,,,,,0,1,4.00983,arms_front_45,0.0432086,,0,,nan,
golem_ik,kinematic,golem_ik,nan,,0,b046_d50_e10,46,0.5,0.1,0.284025,0.503895,-0.508111,0.536922,-0.0124829,-0.167775,0.494289,1,0,0,0,nan,0.381581,0.470583,0.292578,0.00180149,0.0867347,0.381581,0.0442681,1.0024,1.0024,1.0024,0,0,nan,,,nan,nan,,,,,,,,,,,,,0,1,4.01154,arms_front_45,0.0431498,,0,,nan,
golem_ik,kinematic,golem_ik,nan,,0,b046_d50_e20,46,0.5,0.2,0.346409,0.582051,-0.508111,0.633879,0.0119995,-0.167775,0.494289,1,0,0,0,nan,0.437358,0.514173,0.360542,0.00299688,0.0968503,0.437358,0.0499236,1.0024,1.0024,1.0024,0,0,nan,,,nan,nan,,,,,,,,,,,,,0,1,4.01119,arms_front_45,0.0436157,,0,,nan,
golem_ik,kinematic,golem_ik,nan,,0,b046_d60_e00,46,0.6,0,0.221642,0.42574,-0.608111,0.439965,-0.0369652,-0.267775,0.394289,1,0,0,0,nan,0.421426,0.530681,0.312172,0.000586844,0.0975505,0.421426,0.0490687,1.0024,1.0024,1.0024,0,0,nan,,,nan,nan,,,,,,,,,,,,,0,1,4.01066,arms_front_45,0.041312,,0,,nan,
golem_ik,kinematic,golem_ik,nan,,0,b046_d60_e10,46,0.6,0.1,0.284025,0.503895,-0.608111,0.536922,-0.0124829,-0.267775,0.394289,1,0,0,0,nan,0.465548,0.563034,0.368063,0.00177961,0.106848,0.465548,0.0543138,1.0024,1.0024,1.0024,0,0,nan,,,nan,nan,,,,,,,,,,,,,0,1,4.00523,arms_front_45,0.0412483,,0,,nan,
golem_ik,kinematic,golem_ik,nan,,0,b046_d60_e20,46,0.6,0.2,0.346409,0.582051,-0.608111,0.633879,0.0119995,-0.267775,0.394289,1,0,0,0,nan,0.51704,0.603149,0.43093,0.0030614,0.1149,0.51704,0.0589808,1.0024,1.0024,1.0024,0,0,nan,,,nan,nan,,,,,,,,,,,,,0,1,4.00998,arms_front_45,0.0416841,,0,,nan,
golem_ik,kinematic,golem_ik,nan,,0,b046_d70_e00,46,0.7,0,0.221642,0.42574,-0.708111,0.439965,-0.0369652,-0.367775,0.294289,1,0,0,0,nan,0.511581,0.626896,0.396266,0.000519315,0.118954,0.511581,0.0597368,1.0024,1.0024,1.0024,0,0,nan,,,nan,nan,,,,,,,,,,,,,0,1,4.00769,arms_front_45,0.03987,,0,,nan,
golem_ik,kinematic,golem_ik,nan,,0,b046_d70_e10,46,0.7,0.1,0.284025,0.503895,-0.708111,0.536922,-0.0124829,-0.367775,0.294289,1,0,0,0,nan,0.552135,0.656683,0.447587,0.00177448,0.125845,0.552135,0.0638098,1.0024,1.0024,1.0024,0,0,nan,,,nan,nan,,,,,,,,,,,,,0,1,4.00845,arms_front_45,0.0398504,,0,,nan,
golem_ik,kinematic,golem_ik,nan,,0,b046_d70_e20,46,0.7,0.2,0.346409,0.582051,-0.708111,0.633879,0.0119995,-0.367775,0.294289,1,0,0,0,nan,0.599837,0.693794,0.505881,0.00316486,0.132103,0.599837,0.0676339,1.0024,1.0024,1.0024,0,0,nan,,,nan,nan,,,,,,,,,,,,,0,1,4.0044,arms_front_45,0.0402006,,0,,nan,
golem_ik,kinematic,golem_ik,nan,,0,b046_d80_e00,46,0.8,0,0.221642,0.42574,-0.808111,0.439965,-0.0369652,-0.467775,0.194289,1,0,0,0,nan,0.603373,0.723692,0.483055,0.000577975,0.138421,0.603373,0.0694993,1.0024,1.0024,1.0024,0,0,nan,,,nan,nan,,,,,,,,,,,,,0,1,4.01037,arms_front_45,0.0365966,,0,,nan,
golem_ik,kinematic,golem_ik,nan,,0,b046_d80_e10,46,0.8,0.1,0.284025,0.503895,-0.808111,0.536922,-0.0124829,-0.467775,0.194289,1,0,0,0,nan,0.640855,0.751274,0.530436,0.00194849,0.143592,0.640855,0.0727701,1.0024,1.0024,1.0024,0,0,nan,,,nan,nan,,,,,,,,,,,,,0,1,4.00831,arms_front_45,0.0387791,,0,,nan,
golem_ik,kinematic,golem_ik,nan,,0,b046_d80_e20,46,0.8,0.2,0.346409,0.582051,-0.808111,0.633879,0.0119995,-0.467775,0.194289,1,0,0,0,nan,0.685191,0.785771,0.584612,0.00347243,0.148006,0.685191,0.0757391,1.0024,1.0024,1.0024,0,0,nan,,,nan,nan,,,,,,,,,,,,,0,1,4.00755,arms_front_45,0.0390838,,0,,nan,
golem_ik,kinematic,golem_ik,nan,,0,b046_d90_e00,46,0.9,0,0.221642,0.42574,-0.908111,0.439965,-0.0369652,-0.567775,0.094289,1,0,0,0,nan,0.696542,0.820949,0.572135,0.00099872,0.155494,0.696542,0.0782462,1.0024,1.0024,1.0024,0,0,nan,,,nan,nan,,,,,,,,,,,,,0,1,4.00621,arms_front_45,0.0256734,,0,,nan,
golem_ik,kinematic,golem_ik,nan,,0,b046_d90_e10,46,0.9,0.1,0.284025,0.503895,-0.908111,0.536922,-0.0124829,-0.567775,0.094289,1,0,0,0,nan,0.73131,0.84662,0.616001,0.00241359,0.158958,0.73131,0.0806856,1.0024,1.0024,1.0024,0,0,nan,,,nan,nan,,,,,,,,,,,,,0,1,4.00589,arms_front_45,0.0381567,,0,,nan,
golem_ik,kinematic,golem_ik,nan,,0,b046_d90_e20,46,0.9,0.2,0.346409,0.582051,-0.908111,0.633879,0.0119995,-0.567775,0.094289,1,0,0,0,nan,0.772661,0.878827,0.666496,0.00406792,0.16167,0.772661,0.082869,1.0024,1.0024,1.0024,0,0,nan,,,nan,nan,,,,,,,,,,,,,0,1,4.00919,arms_front_45,0.0384183,,0,,nan,
golem_ik,kinematic,golem_ik,nan,,0,b046_d100_e00,46,1,0,0.221642,0.42574,-1.00811,0.439965,-0.0369652,-0.667775,-0.005711,1,0,0,0,nan,0.790701,0.91858,0.662823,0.0018894,0.172475,0.790701,0.087182,1.0024,1.0024,1.0024,0,0,nan,,,nan,nan,,,,,,,,,,,,,0,1,4.0136,arms_front_45,0.0198533,,0,,nan,
golem_ik,kinematic,golem_ik,nan,,0,b046_d100_e10,46,1,0.1,0.284025,0.503895,-1.00811,0.536922,-0.0124829,-0.667775,-0.005711,1,0,0,0,nan,0.823267,0.942582,0.703952,0.00339201,0.170764,0.823267,0.0870781,1.0024,1.0024,1.0024,0,0,nan,,,nan,nan,,,,,,,,,,,,,0,1,4.01035,arms_front_45,0.0381119,,0,,nan,
golem_ik,kinematic,golem_ik,nan,,0,b046_d100_e20,46,1,0.2,0.346409,0.582051,-1.00811,0.633879,0.0119995,-0.667775,-0.005711,1,0,0,0,nan,0.861935,0.972771,0.751099,0.00507175,0.172234,0.861935,0.0886528,1.0024,1.0024,1.0024,0,0,nan,,,nan,nan,,,,,,,,,,,,,0,1,4.00402,arms_front_45,0.0382796,,0,,nan,
golem_ik,kinematic,golem_ik,nan,,0,b047_d00_e00,47,0,0,0.152113,0.179927,0.0189607,0.324117,-0.316525,0.151832,1.02136,0,1,1,1,nan,0.0146219,0.0292438,0,0.0213767,1.3335e-16,0.0146219,0.0106884,1.0024,1.0024,1.0024,0,0,nan,,,nan,nan,,,,,,,,,,,,,0,1,4.01073,home,0.0122247,,0,,nan,
golem_ik,kinematic,golem_ik,nan,,0,b047_d00_e10,47,0,0.1,0.249989,0.200431,0.0189607,0.412847,-0.362644,0.151832,1.02136,0,1,1,1,nan,2.13578e-05,4.14051e-05,1.31043e-06,0.000121117,1.78862e-07,2.13578e-05,6.06481e-05,1.0024,1.0024,1.0024,0,0,nan,,,nan,nan,,,,,,,,,,,,,0,1,1.16344,t_pose,0.0360677,,0,,nan,
golem_ik,kinematic,golem_ik,nan,,0,b047_d00_e20,47,0,0.2,0.347864,0.220935,0.0189607,0.501577,-0.408763,0.151832,1.02136,0,0,1,0,nan,0.0326569,3.44717e-16,0.0653138,2.10639e-16,0.0167571,0.0326569,0.00837857,1.0024,1.0024,1.0024,0,0,nan,,,nan,nan,,,,,,,,,,,,,0,1,4.00846,current,0.0528632,,0,,nan,
golem_ik,kinematic,golem_ik,nan,,0,b047_d10_e00,47,0.1,0,0.152113,0.179927,-0.0810393,0.324117,-0.316525,0.0518318,0.921361,0,1,1,1,nan,7.2709e-05,0.000144855,5.62853e-07,0.000218604,8.84437e-08,7.2709e-05,0.000109346,1.0024,1.0024,1.0024,0,0,nan,,,nan,nan,,,,,,,,,,,,,0,1,0.0599067,home,0.0207433,,0,,nan,
golem_ik,kinematic,golem_ik,nan,,0,b047_d10_e10,47,0.1,0.1,0.249989,0.200431,-0.0810393,0.412847,-0.362644,0.0518318,0.921361,0,1,1,1,nan,0.0301682,0.0169302,0.0434062,0.00033848,0.0125158,0.0301682,0.00642716,1.0024,1.0024,1.0024,0,0,nan,,,nan,nan,,,,,,,,,,,,,0,1,4.00692,t_pose,0.042173,,0,,nan,
golem_ik,kinematic,golem_ik,nan,,0,b047_d10_e20,47,0.1,0.2,0.347864,0.220935,-0.0810393,0.501577,-0.408763,0.0518318,0.921361,0,0,0,0,nan,0.0925141,0.0659645,0.119064,0.00148984,0.0308783,0.0925141,0.0161841,1.0024,1.0024,1.0024,0,0,nan,,,nan,nan,,,,,,,,,,,,,0,1,4.01265,home,0.0474023,,0,,nan,
golem_ik,kinematic,golem_ik,nan,,0,b047_d20_e00,47,0.2,0,0.152113,0.179927,-0.181039,0.324117,-0.316525,-0.0481682,0.821361,1,0,0,1,nan,0.0635724,0.0783866,0.0487582,0.00112465,0.0126956,0.0635724,0.00691011,1.0024,1.0024,1.0024,0,0,nan,,,nan,nan,,,,,,,,,,,,,0,1,4.00794,t_pose,0.0368047,,0,,nan,
golem_ik,kinematic,golem_ik,nan,,0,b047_d20_e10,47,0.2,0.1,0.249989,0.200431,-0.181039,0.412847,-0.362644,-0.0481682,0.821361,1,0,0,0,nan,0.109806,0.108186,0.111426,0.00190584,0.0289997,0.109806,0.0154528,1.0024,1.0024,1.0024,0,0,nan,,,nan,nan,,,,,,,,,,,,,0,1,4.0089,t_pose,0.0412754,,0,,nan,
golem_ik,kinematic,golem_ik,nan,,0,b047_d20_e20,47,0.2,0.2,0.347864,0.220935,-0.181039,0.501577,-0.408763,-0.0481682,0.821361,1,0,0,0,nan,0.166056,0.15093,0.181182,0.00304218,0.0448242,0.166056,0.0239332,1.0024,1.0024,1.0024,0,0,nan,,,nan,nan,,,,,,,,,,,,,0,1,4.00753,t_pose,0.0461129,,0,,nan,
golem_ik,kinematic,golem_ik,nan,,0,b047_d30_e00,47,0.3,0,0.152113,0.179927,-0.281039,0.324117,-0.316525,-0.148168,0.721361,1,0,0,0,nan,0.152778,0.175676,0.129881,0.00224282,0.028689,0.152778,0.0154659,1.0024,1.0024,1.0024,0,0,nan,,,nan,nan,,,,,,,,,,,,,0,1,4.00769,t_pose,0.0370725,,0,,nan,
golem_ik,kinematic,golem_ik,nan,,0,b047_d30_e10,47,0.3,0.1,0.249989,0.200431,-0.281039,0.412847,-0.362644,-0.148168,0.721361,1,0,0,0,nan,0.193963,0.201658,0.186269,0.00316732,0.0432376,0.193963,0.0232025,1.0024,1.0024,1.0024,0,0,nan,,,nan,nan,,,,,,,,,,,,,0,1,4.00546,t_pose,0.0407167,,0,,nan,
golem_ik,kinematic,golem_ik,nan,,0,b047_d30_e20,47,0.3,0.2,0.347864,0.220935,-0.281039,0.501577,-0.408763,-0.148168,0.721361,1,0,0,0,nan,0.24484,0.239405,0.250275,0.00433541,0.0577775,0.24484,0.0310564,1.0024,1.0024,1.0024,0,0,nan,,,nan,nan,,,,,,,,,,,,,0,1,4.00998,t_pose,0.0447548,,0,,nan,
golem_ik,kinematic,golem_ik,nan,,0,b047_d40_e00,47,0.4,0,0.152113,0.179927,-0.381039,0.324117,-0.316525,-0.248168,0.621361,1,0,0,0,nan,0.244795,0.273615,0.215974,0.00314576,0.0428352,0.244795,0.0229905,1.0024,1.0024,1.0024,0,0,nan,,,nan,nan,,,,,,,,,,,,,0,1,4.00856,t_pose,0.0373083,,0,,nan,
golem_ik,kinematic,golem_ik,nan,,0,b047_d40_e10,47,0.4,0.1,0.249989,0.200431,-0.381039,0.412847,-0.362644,-0.248168,0.621361,1,0,0,0,nan,0.281588,0.296616,0.266561,0.00419126,0.0563849,0.281588,0.0302881,1.0024,1.0024,1.0024,0,0,nan,,,nan,nan,,,,,,,,,,,,,0,1,4.01364,t_pose,0.0403567,,0,,nan,
golem_ik,kinematic,golem_ik,nan,,0,b047_d40_e20,47,0.4,0.2,0.347864,0.220935,-0.381039,0.501577,-0.408763,-0.248168,0.621361,1,0,0,0,nan,0.3277,0.330334,0.325065,0.00540186,0.070014,0.3277,0.0377079,1.0024,1.0024,1.0024,0,0,nan,,,nan,nan,,,,,,,,,,,,,0,1,4.00832,t_pose,0.0437821,,0,,nan,
golem_ik,kinematic,golem_ik,nan,,0,b047_d50_e00,47,0.5,0,0.152113,0.179927,-0.481039,0.324117,-0.316525,-0.348168,0.521361,1,0,0,0,nan,0.338622,0.371997,0.305247,0.0038811,0.056175,0.338622,0.030028,1.0024,1.0024,1.0024,0,0,nan,,,nan,nan,,,,,,,,,,,,,0,1,4.00567,t_pose,0.0375139,,0,,nan,
golem_ik,kinematic,golem_ik,nan,,0,b047_d50_e10,47,0.5,0.1,0.249989,0.200431,-0.481039,0.412847,-0.362644,-0.348168,0.521361,1,0,0,0,nan,0.371725,0.392615,0.350835,0.00501652,0.0689133,0.371725,0.0369649,1.0024,1.0024,1.0024,0,0,nan,,,nan,nan,,,,,,,,,,,,,0,1,4.00524,t_pose,0.0401194,,0,,nan,
golem_ik,kinematic,golem_ik,nan,,0,b047_d50_e20,47,0.5,0.2,0.347864,0.220935,-0.481039,0.501577,-0.408763,-0.348168,0.521361,1,0,0,0,nan,0.413692,0.423035,0.404349,0.00625022,0.0817212,0.413692,0.0439857,1.0024,1.0024,1.0024,0,0,nan,,,nan,nan,,,,,,,,,,,,,0,1,4.00714,t_pose,0.0430719,,0,,nan,
golem_ik,kinematic,golem_ik,nan,,0,b047_d60_e00,47,0.6,0,0.152113,0.179927,-0.581039,0.324117,-0.316525,-0.448168,0.421361,1,0,0,0,nan,0.433672,0.470694,0.39665,0.00444143,0.0678337,0.433672,0.0361375,1.0024,1.0024,1.0024,0,0,nan,,,nan,nan,,,,,,,,,,,,,0,1,4.00794,t_pose,0.0377015,,0,,nan,
golem_ik,kinematic,golem_ik,nan,,0,b047_d60_e10,47,0.6,0.1,0.249989,0.200431,-0.581039,0.412847,-0.362644,-0.448168,0.421361,1,0,0,0,nan,0.46369,0.489366,0.438014,0.00561825,0.0802122,0.46369,0.0429152,1.0024,1.0024,1.0024,0,0,nan,,,nan,nan,,,,,,,,,,,,,0,1,4.00521,t_pose,0.0399709,,0,,nan,
golem_ik,kinematic,golem_ik,nan,,0,b047_d60_e20,47,0.6,0.2,0.347864,0.220935,-0.581039,0.501577,-0.408763,-0.448168,0.421361,1,0,0,0,nan,0.502076,0.517049,0.487102,0.00684358,0.0920136,0.502076,0.0494286,1.0024,1.0024,1.0024,0,0,nan,,,nan,nan,,,,,,,,,,,,,0,1,4.00674,t_pose,0.0425528,,0,,nan,
golem_ik,kinematic,golem_ik,nan,,0,b047_d70_e00,47,0.7,0,0.152113,0.179927,-0.681039,0.324117,-0.316525,-0.548168,0.321361,1,0,0,0,nan,0.529623,0.569624,0.489623,0.00474955,0.0761052,0.529623,0.0404274,1.0024,1.0024,1.0024,0,0,nan,,,nan,nan,,,,,,,,,,,,,0,1,4.00998,t_pose,0.0378893,,0,,nan,
golem_ik,kinematic,golem_ik,nan,,0,b047_d70_e10,47,0.7,0.1,0.249989,0.200431,-0.681039,0.412847,-0.362644,-0.548168,0.321361,1,0,0,0,nan,0.557035,0.58668,0.52739,0.00591405,0.0888102,0.557035,0.0473621,1.0024,1.0024,1.0024,0,0,nan,,,nan,nan,,,,,,,,,,,,,0,1,4.00852,t_pose,0.039898,,0,,nan,
golem_ik,kinematic,golem_ik,nan,,0,b047_d70_e20,47,0.7,0.2,0.347864,0.220935,-0.681039,0.501577,-0.408763,-0.548168,0.321361,1,0,0,0,nan,0.592341,0.612061,0.57262,0.00709208,0.100261,0.592341,0.0536763,1.0024,1.0024,1.0024,0,0,nan,,,nan,nan,,,,,,,,,,,,,0,1,4.01158,t_pose,0.0421848,,0,,nan,
golem_ik,kinematic,golem_ik,nan,,0,b047_d80_e00,47,0.8,0,0.152113,0.179927,-0.781039,0.324117,-0.316525,-0.648168,0.221361,1,0,0,0,nan,0.626302,0.668733,0.583872,0.00462658,0.0809102,0.626302,0.0427684,1.0024,1.0024,1.0024,0,0,nan,,,nan,nan,,,,,,,,,,,,,0,1,4.00948,t_pose,0.0381038,,0,,nan,
golem_ik,kinematic,golem_ik,nan,,0,b047_d80_e10,47,0.8,0.1,0.249989,0.200431,-0.781039,0.412847,-0.362644,-0.648168,0.221361,1,0,0,0,nan,0.65148,0.684426,0.618534,0.00585264,0.0941902,0.65148,0.0500214,1.0024,1.0024,1.0024,0,0,nan,,,nan,nan,,,,,,,,,,,,,0,1,4.00755,t_pose,0.0398858,,0,,nan,
golem_ik,kinematic,golem_ik,nan,,0,b047_d80_e20,47,0.8,0.2,0.347864,0.220935,-0.781039,0.501577,-0.408763,-0.648168,0.221361,1,0,0,0,nan,0.684115,0.707849,0.66038,0.00695554,0.105744,0.684115,0.0563495,1.0024,1.0024,1.0024,0,0,nan,,,nan,nan,,,,,,,,,,,,,0,1,4.00782,t_pose,0.0419332,,0,,nan,
golem_ik,kinematic,golem_ik,nan,,0,b047_d90_e00,47,0.9,0,0.152113,0.179927,-0.881039,0.324117,-0.316525,-0.748168,0.121361,1,0,0,0,nan,0.723556,0.767984,0.679129,0.00414585,0.0825513,0.723556,0.0433486,1.0024,1.0024,1.0024,0,0,nan,,,nan,nan,,,,,,,,,,,,,0,1,4.01242,t_pose,0.038326,,0,,nan,
golem_ik,kinematic,golem_ik,nan,,0,b047_d90_e10,47,0.9,0.1,0.249989,0.200431,-0.881039,0.412847,-0.362644,-0.748168,0.121361,1,0,0,0,nan,0.746828,0.782519,0.711137,0.00521074,0.0965159,0.746828,0.0508633,1.0024,1.0024,1.0024,0,0,nan,,,nan,nan,,,,,,,,,,,,,0,1,4.00915,t_pose,0.0399504,,0,,nan,
golem_ik,kinematic,golem_ik,nan,,0,b047_d90_e20,47,0.9,0.2,0.347864,0.220935,-0.881039,0.501577,-0.408763,-0.748168,0.121361,1,0,0,0,nan,0.777138,0.80426,0.750015,0.00615745,0.108325,0.777138,0.0572414,1.0024,1.0024,1.0024,0,0,nan,,,nan,nan,,,,,,,,,,,,,0,1,4.00646,t_pose,0.041807,,0,,nan,
golem_ik,kinematic,golem_ik,nan,,0,b047_d100_e00,47,1,0,0.152113,0.179927,-0.981039,0.324117,-0.316525,-0.848168,0.0213607,1,0,0,0,nan,0.821314,0.867368,0.77526,0.00285532,0.0813004,0.821314,0.0420779,1.0024,1.0024,1.0024,0,0,nan,,,nan,nan,,,,,,,,,,,,,0,1,4.01021,t_pose,0.0386236,,0,,nan,
golem_ik,kinematic,golem_ik,nan,,0,b047_d100_e10,47,1,0.1,0.249989,0.200431,-0.981039,0.412847,-0.362644,-0.848168,0.0213607,1,0,0,0,nan,0.842926,0.880901,0.804952,0.00388929,0.0958464,0.842926,0.0498678,1.0024,1.0024,1.0024,0,0,nan,,,nan,nan,,,,,,,,,,,,,0,1,4.00691,t_pose,0.0400931,,0,,nan,
golem_ik,kinematic,golem_ik,nan,,0,b047_d100_e20,47,1,0.2,0.347864,0.220935,-0.981039,0.501577,-0.408763,-0.848168,0.0213607,1,0,0,0,nan,0.871182,0.901178,0.841187,0.00489173,0.108164,0.871182,0.0565281,1.0024,1.0024,1.0024,0,0,nan,,,nan,nan,,,,,,,,,,,,,0,1,4.00918,t_pose,0.0417607,,0,,nan,
golem_ik,kinematic,golem_ik,nan,,0,b048_d00_e00,48,0,0,0.392027,0.498184,0.65749,0.206317,-0.659991,0.649847,1.65225,0,1,1,1,nan,0.000398971,1.06692e-06,0.000796875,1.12952e-07,0.00182192,0.000398971,0.000911017,1.0024,1.0024,1.0024,0,0,nan,,,nan,nan,,,,,,,,,,,,,0,1,0.219607,home,0.0857515,,0,,nan,
golem_ik,kinematic,golem_ik,nan,,0,b048_d00_e10,48,0,0.1,0.466611,0.564797,0.65749,0.243697,-0.752742,0.649847,1.65225,0,0,0,0,nan,0.0724126,0.0666783,0.0781468,0.000913647,0.00762725,0.0724126,0.00427045,1.0024,1.0024,1.0024,0,0,nan,,,nan,nan,,,,,,,,,,,,,0,1,4.00449,arms_front_45,0.0878222,,0,,nan,
golem_ik,kinematic,golem_ik,nan,,0,b048_d00_e20,48,0,0.2,0.541196,0.631409,0.65749,0.281078,-0.845493,0.649847,1.65225,0,0,0,0,nan,0.167203,0.161295,0.17311,0.00258699,0.0232789,0.167203,0.012933,1.0024,1.0024,1.0024,0,0,nan,,,nan,nan,,,,,,,,,,,,,0,1,4.00899,arms_front_45,0.0893305,,0,,nan,
golem_ik,kinematic,golem_ik,nan,,0,b048_d10_e00,48,0.1,0,0.392027,0.498184,0.55749,0.206317,-0.659991,0.549847,1.55225,0,1,1,1,nan,0.000206501,4.68716e-05,0.000366131,1.22138e-05,0.000464359,0.000206501,0.000238286,1.0024,1.0024,1.0024,0,0,nan,,,nan,nan,,,,,,,,,,,,,0,1,0.18457,home,0.0950036,,0,,nan,
golem_ik,kinematic,golem_ik,nan,,0,b048_d10_e10,48,0.1,0.1,0.466611,0.564797,0.55749,0.243697,-0.752742,0.549847,1.55225,0,0,1,0,nan,0.04559,0.0401789,0.0510012,0.000889932,0.002018,0.04559,0.00145396,1.0024,1.0024,1.0024,0,0,nan,,,nan,nan,,,,,,,,,,,,,0,1,4.01448,current,0.0790891,,0,,nan,
golem_ik,kinematic,golem_ik,nan,,0,b048_d10_e20,48,0.1,0.2,0.541196,0.631409,0.55749,0.281078,-0.845493,0.549847,1.55225,0,0,0,0,nan,0.143978,0.138464,0.149491,0.00321748,0.0113166,0.143978,0.00726702,1.0024,1.0024,1.0024,0,0,nan,,,nan,nan,,,,,,,,,,,,,0,1,4.01119,current,0.0795552,,0,,nan,
golem_ik,kinematic,golem_ik,nan,,0,b048_d20_e00,48,0.2,0,0.392027,0.498184,0.45749,0.206317,-0.659991,0.449847,1.45225,0,1,1,1,nan,3.11255e-05,1.27901e-05,4.94608e-05,3.63581e-06,5.09534e-05,3.11255e-05,2.72946e-05,1.0024,1.0024,1.0024,0,0,nan,,,nan,nan,,,,,,,,,,,,,0,1,0.171187,home,0.097206,,0,,nan,
golem_ik,kinematic,golem_ik,nan,,0,b048_d20_e10,48,0.2,0.1,0.466611,0.564797,0.45749,0.243697,-0.752742,0.449847,1.45225,0,1,1,1,nan,0.0372584,0.0308041,0.0437128,0.00283173,0.00636847,0.0372584,0.0046001,1.0024,1.0024,1.0024,0,0,nan,,,nan,nan,,,,,,,,,,,,,0,1,4.01063,home,0.0802637,,0,,nan,
golem_ik,kinematic,golem_ik,nan,,0,b048_d20_e20,48,0.2,0.2,0.541196,0.631409,0.45749,0.281078,-0.845493,0.449847,1.45225,0,0,0,0,nan,0.136671,0.130305,0.143038,0.0104627,0.018324,0.136671,0.0143933,1.0024,1.0024,1.0024,0,0,nan,,,nan,nan,,,,,,,,,,,,,0,1,4.00693,home,0.0802397,,0,,nan,
golem_ik,kinematic,golem_ik,nan,,0,b048_d30_e00,48,0.3,0,0.392027,0.498184,0.35749,0.206317,-0.659991,0.349847,1.35225,0,1,1,1,nan,3.28745e-06,1.57174e-06,5.00317e-06,3.51764e-07,2.19912e-06,3.28745e-06,1.27544e-06,1.0024,1.0024,1.0024,0,0,nan,,,nan,nan,,,,,,,,,,,,,0,1,0.168985,home,0.0871021,,0,,nan,
golem_ik,kinematic,golem_ik,nan,,0,b048_d30_e10,48,0.3,0.1,0.466611,0.564797,0.35749,0.243697,-0.752742,0.349847,1.35225,0,0,1,0,nan,0.0525611,0.0457606,0.0593617,0.0112933,0.0160277,0.0525611,0.0136605,1.0024,1.0024,1.0024,0,0,nan,,,nan,nan,,,,,,,,,,,,,0,1,4.00066,home,0.0812488,,0,,nan,
golem_ik,kinematic,golem_ik,nan,,0,b048_d30_e20,48,0.3,0.2,0.541196,0.631409,0.35749,0.281078,-0.845493,0.349847,1.35225,0,0,0,0,nan,0.147822,0.141038,0.154606,0.0274932,0.034368,0.147822,0.0309306,1.0024,1.0024,1.0024,0,0,nan,,,nan,nan,,,,,,,,,,,,,0,1,4.00935,home,0.0811247,,0,,nan,
golem_ik,kinematic,golem_ik,nan,,0,b048_d40_e00,48,0.4,0,0.392027,0.498184,0.25749,0.206317,-0.659991,0.249847,1.25225,0,1,1,1,nan,0.00872719,0.00415184,0.0133025,0.00190411,0.00591406,0.00872719,0.00390909,1.0024,1.0024,1.0024,0,0,nan,,,nan,nan,,,,,,,,,,,,,0,1,4.0007,arms_front_45,0.0816115,,0,,nan,
golem_ik,kinematic,golem_ik,nan,,0,b048_d40_e10,48,0.4,0.1,0.466611,0.564797,0.25749,0.243697,-0.752742,0.249847,1.25225,0,0,0,0,nan,0.0884943,0.0826114,0.0943771,0.029846,0.0341479,0.0884943,0.031997,1.0024,1.0024,1.0024,0,0,nan,,,nan,nan,,,,,,,,,,,,,0,1,4.00198,home,0.0820451,,0,,nan,
golem_ik,kinematic,golem_ik,nan,,0,b048_d40_e20,48,0.4,0.2,0.541196,0.631409,0.25749,0.281078,-0.845493,0.249847,1.25225,0,0,0,0,nan,0.176187,0.169789,0.182585,0.0492514,0.0547381,0.176187,0.0519948,1.0024,1.0024,1.0024,0,0,nan,,,nan,nan,,,,,,,,,,,,,0,1,4.00634,current,0.0818438,,0,,nan,
golem_ik,kinematic,golem_ik,nan,,0,b048_d50_e00,48,0.5,0,0.392027,0.498184,0.15749,0.206317,-0.659991,0.149847,1.15225,0,0,0,0,nan,0.0698513,0.067674,0.0720285,0.0353067,0.0356233,0.0698513,0.035465,1.0024,1.0024,1.0024,0,0,nan,,,nan,nan,,,,,,,,,,,,,0,1,4.00048,home,0.0699239,,0,,nan,
golem_ik,kinematic,golem_ik,nan,,0,b048_d50_e10,48,0.5,0.1,0.466611,0.564797,0.15749,0.243697,-0.752742,0.149847,1.15225,0,0,0,0,nan,0.139202,0.134844,0.14356,0.0585093,0.060274,0.139202,0.0593916,1.0024,1.0024,1.0024,0,0,nan,,,nan,nan,,,,,,,,,,,,,0,1,4.00606,home,0.0821369,,0,,nan,
golem_ik,kinematic,golem_ik,nan,,0,b048_d50_e20,48,0.5,0.2,0.541196,0.631409,0.15749,0.281078,-0.845493,0.149847,1.15225,0,0,0,0,nan,0.218543,0.213062,0.224023,0.0766738,0.0797768,0.218543,0.0782253,1.0024,1.0024,1.0024,0,0,nan,,,nan,nan,,,,,,,,,,,,,0,1,4.01337,home,0.0823942,,0,,nan,
golem_ik,kinematic,golem_ik,nan,,0,b048_d60_e00,48,0.6,0,0.392027,0.498184,0.0574898,0.206317,-0.659991,0.0498471,1.05225,0,0,0,0,nan,0.138911,0.138994,0.138829,0.0766002,0.0716149,0.138911,0.0741076,1.0024,1.0024,1.0024,0,0,nan,,,nan,nan,,,,,,,,,,,,,0,1,4.0071,home,0.0619299,,0,,nan,
golem_ik,kinematic,golem_ik,nan,,0,b048_d60_e10,48,0.6,0.1,0.466611,0.564797,0.0574898,0.243697,-0.752742,0.0498471,1.05225,0,0,0,0,nan,0.199957,0.197274,0.202641,0.0939133,0.0916863,0.199957,0.0927998,1.0024,1.0024,1.0024,0,0,nan,,,nan,nan,,,,,,,,,,,,,0,1,4.01132,current,0.073767,,0,,nan,
golem_ik,kinematic,golem_ik,nan,,0,b048_d60_e20,48,0.6,0.2,0.541196,0.631409,0.0574898,0.281078,-0.845493,0.0498471,1.05225,0,0,0,0,nan,0.271591,0.267281,0.275901,0.108724,0.108478,0.271591,0.108601,1.0024,1.0024,1.0024,0,0,nan,,,nan,nan,,,,,,,,,,,,,0,1,4.00967,home,0.0826396,,0,,nan,
golem_ik,kinematic,golem_ik,nan,,0,b048_d70_e00,48,0.7,0,0.392027,0.498184,-0.0425102,0.206317,-0.659991,-0.0501529,0.952247,0,0,0,0,nan,0.21284,0.214714,0.210966,0.120824,0.109863,0.21284,0.115343,1.0024,1.0024,1.0024,0,0,nan,,,nan,nan,,,,,,,,,,,,,0,1,4.01,home,0.0568953,,0,,nan,
golem_ik,kinematic,golem_ik,nan,,0,b048_d70_e10,48,0.7,0.1,0.466611,0.564797,-0.0425102,0.243697,-0.752742,-0.0501529,0.952247,0,0,0,0,nan,0.267601,0.266469,0.268733,0.132794,0.125707,0.267601,0.129251,1.0024,1.0024,1.0024,0,0,nan,,,nan,nan,,,,,,,,,,,,,0,1,4.00947,home,0.0674694,,0,,nan,
golem_ik,kinematic,golem_ik,nan,,0,b048_d70_e20,48,0.7,0.2,0.541196,0.631409,-0.0425102,0.281078,-0.845493,-0.0501529,0.952247,0,0,0,0,nan,0.332649,0.329551,0.335747,0.143712,0.139333,0.332649,0.141523,1.0024,1.0024,1.0024,0,0,nan,,,nan,nan,,,,,,,,,,,,,0,1,4.01375,current,0.0761737,,0,,nan,
golem_ik,kinematic,golem_ik,nan,,0,b048_d80_e00,48,0.8,0,0.392027,0.498184,-0.14251,0.206317,-0.659991,-0.150153,0.852247,1,0,0,0,nan,0.289958,0.292917,0.286999,0.167599,0.147983,0.289958,0.157791,1.0024,1.0024,1.0024,0,0,nan,,,nan,nan,,,,,,,,,,,,,0,1,4.00474,arms_front_45,0.0538717,,0,,nan,
golem_ik,kinematic,golem_ik,nan,,0,b048_d80_e10,48,0.8,0.1,0.466611,0.564797,-0.14251,0.243697,-0.752742,-0.150153,0.852247,1,0,0,0,nan,0.340067,0.34013,0.340004,0.173444,0.160277,0.340067,0.16686,1.0024,1.0024,1.0024,0,0,nan,,,nan,nan,,,,,,,,,,,,,0,1,4.01002,arms_front_45,0.0629528,,0,,nan,
golem_ik,kinematic,golem_ik,nan,,0,b048_d80_e20,48,0.8,0.2,0.541196,0.631409,-0.14251,0.281078,-0.845493,-0.150153,0.852247,1,0,0,0,nan,0.399722,0.397708,0.401737,0.180263,0.170823,0.399722,0.175543,1.0024,1.0024,1.0024,0,0,nan,,,nan,nan,,,,,,,,,,,,,0,1,4.00561,arms_front_45,0.0710131,,0,,nan,
golem_ik,kinematic,golem_ik,nan,,0,b048_d90_e00,48,0.9,0,0.392027,0.498184,-0.24251,0.206317,-0.659991,-0.250153,0.752247,1,0,0,0,nan,0.373357,0.380579,0.366134,0.225517,0.18454,0.373357,0.205029,1.0024,1.0024,1.0024,0,0,nan,,,nan,nan,,,,,,,,,,,,,0,1,4.00701,arms_front_45,0.0495176,,0,,nan,
golem_ik,kinematic,golem_ik,nan,,0,b048_d90_e10,48,0.9,0.1,0.466611,0.564797,-0.24251,0.243697,-0.752742,-0.250153,0.752247,1,0,0,0,nan,0.41669,0.418096,0.415284,0.218094,0.19401,0.41669,0.206052,1.0024,1.0024,1.0024,0,0,nan,,,nan,nan,,,,,,,,,,,,,0,1,4.00904,arms_front_45,0.0590563,,0,,nan,
golem_ik,kinematic,golem_ik,nan,,0,b048_d90_e20,48,0.9,0.2,0.541196,0.631409,-0.24251,0.281078,-0.845493,-0.250153,0.752247,1,0,0,0,nan,0.471531,0.470515,0.472548,0.218917,0.201913,0.471531,0.210415,1.0024,1.0024,1.0024,0,0,nan,,,nan,nan,,,,,,,,,,,,,0,1,4.00936,arms_front_45,0.0667654,,0,,nan,
golem_ik,kinematic,golem_ik,nan,,0,b048_d100_e00,48,1,0,0.392027,0.498184,-0.34251,0.206317,-0.659991,-0.350153,0.652247,1,0,0,0,nan,0.455396,0.4629,0.447893,0.277713,0.218628,0.455396,0.248171,1.0024,1.0024,1.0024,0,0,nan,,,nan,nan,,,,,,,,,,,,,0,1,4.01124,t_pose,0.0587505,,0,,nan,
golem_ik,kinematic,golem_ik,nan,,0,b048_d100_e10,48,1,0.1,0.466611,0.564797,-0.34251,0.243697,-0.752742,-0.350153,0.652247,1,0,0,0,nan,0.498536,0.503257,0.493814,0.26875,0.225959,0.498536,0.247354,1.0024,1.0024,1.0024,0,0,nan,,,nan,nan,,,,,,,,,,,,,0,1,4.01076,arms_front_45,0.0551143,,0,,nan,
golem_ik,kinematic,golem_ik,nan,,0,b048_d100_e20,48,1,0.2,0.541196,0.631409,-0.34251,0.281078,-0.845493,-0.350153,0.652247,1,0,0,0,nan,0.547991,0.548723,0.547259,0.262068,0.231681,0.547991,0.246874,1.0024,1.0024,1.0024,0,0,nan,,,nan,nan,,,,,,,,,,,,,0,1,4.0045,arms_front_45,0.0626303,,0,,nan,
golem_ik,kinematic,golem_ik,nan,,0,b049_d00_e00,49,0,0,0.304574,0.454202,0.0607214,0.203067,-0.253309,0.116768,1.06312,0,1,1,1,nan,0.000478608,0.000946547,1.06685e-05,0.00230191,3.87647e-06,0.000478608,0.0011529,1.0024,1.0024,1.0024,0,0,nan,,,nan,nan,,,,,,,,,,,,,0,1,0.0902157,home,0.0888571,,0,,nan,
golem_ik,kinematic,golem_ik,nan,,0,b049_d00_e10,49,0,0.1,0.375103,0.525094,0.0607214,0.29185,-0.299326,0.116768,1.06312,0,0,0,1,nan,0.0314127,0.0628255,0,0.00776771,1.79873e-16,0.0314127,0.00388386,1.0024,1.0024,1.0024,0,0,nan,,,nan,nan,,,,,,,,,,,,,0,1,4.00431,t_pose,0.0885573,,0,,nan,
golem_ik,kinematic,golem_ik,nan,,0,b049_d00_e20,49,0,0.2,0.445631,0.595986,0.0607214,0.380633,-0.345342,0.116768,1.06312,0,0,0,1,nan,0.0716494,0.143299,1.35862e-09,0.0134875,2.10578e-10,0.0716494,0.00674377,1.0024,1.0024,1.0024,0,0,nan,,,nan,nan,,,,,,,,,,,,,0,1,4.0104,t_pose,0.0955177,,0,,nan,
golem_ik,kinematic,golem_ik,nan,,0,b049_d10_e00,49,0.1,0,0.304574,0.454202,-0.0392786,0.203067,-0.253309,0.0167678,0.963121,0,0,0,1,nan,0.0310587,0.0621174,7.85813e-17,0.00913094,2.0588e-16,0.0310587,0.00456547,1.0024,1.0024,1.0024,0,0,nan,,,nan,nan,,,,,,,,,,,,,0,1,4.00517,t_pose,0.073864,,0,,nan,
golem_ik,kinematic,golem_ik,nan,,0,b049_d10_e10,49,0.1,0.1,0.375103,0.525094,-0.0392786,0.29185,-0.299326,0.0167678,0.963121,0,0,0,1,nan,0.0641791,0.128358,6.76241e-13,0.01581,9.09342e-14,0.0641791,0.00790501,1.0024,1.0024,1.0024,0,0,nan,,,nan,nan,,,,,,,,,,,,,0,1,4.00826,t_pose,0.0791438,,0,,nan,
golem_ik,kinematic,golem_ik,nan,,0,b049_d10_e20,49,0.1,0.2,0.445631,0.595986,-0.0392786,0.380633,-0.345342,0.0167678,0.963121,0,0,0,1,nan,0.113504,0.20202,0.0249869,0.0230164,0.000577941,0.113504,0.0117971,1.0024,1.0024,1.0024,0,0,nan,,,nan,nan,,,,,,,,,,,,,0,1,4.00839,arms_front_45,0.0708627,,0,,nan,
golem_ik,kinematic,golem_ik,nan,,0,b049_d20_e00,49,0.2,0,0.304574,0.454202,-0.139279,0.203067,-0.253309,-0.0832322,0.863121,1,0,0,1,nan,0.0717729,0.141504,0.00204208,0.0183432,4.17213e-05,0.0717729,0.00919247,1.0024,1.0024,1.0024,0,0,nan,,,nan,nan,,,,,,,,,,,,,0,1,4.00857,t_pose,0.0529297,,0,,nan,
golem_ik,kinematic,golem_ik,nan,,0,b049_d20_e10,49,0.2,0.1,0.375103,0.525094,-0.139279,0.29185,-0.299326,-0.0832322,0.863121,1,0,0,1,nan,0.122563,0.20117,0.0439562,0.0230209,0.000457066,0.122563,0.011739,1.0024,1.0024,1.0024,0,0,nan,,,nan,nan,,,,,,,,,,,,,0,1,4.00838,t_pose,0.0579565,,0,,nan,
golem_ik,kinematic,golem_ik,nan,,0,b049_d20_e20,49,0.2,0.2,0.445631,0.595986,-0.139279,0.380633,-0.345342,-0.0832322,0.863121,1,0,0,0,nan,0.184315,0.2686,0.10003,0.0258081,0.00173918,0.184315,0.0137736,1.0024,1.0024,1.0024,0,0,nan,,,nan,nan,,,,,,,,,,,,,0,1,4.00959,t_pose,0.0653172,,0,,nan,
golem_ik,kinematic,golem_ik,nan,,0,b049_d30_e00,49,0.3,0,0.304574,0.454202,-0.239279,0.203067,-0.253309,-0.183232,0.763121,1,0,0,0,nan,0.160107,0.225577,0.0946364,0.0252263,0.00012659,0.160107,0.0126764,1.0024,1.0024,1.0024,0,0,nan,,,nan,nan,,,,,,,,,,,,,0,1,4.00633,t_pose,0.0478624,,0,,nan,
golem_ik,kinematic,golem_ik,nan,,0,b049_d30_e10,49,0.3,0.1,0.375103,0.525094,-0.239279,0.29185,-0.299326,-0.183232,0.763121,1,0,0,0,nan,0.205695,0.279491,0.131898,0.0286447,0.000823324,0.205695,0.014734,1.0024,1.0024,1.0024,0,0,nan,,,nan,nan,,,,,,,,,,,,,0,1,4.00634,t_pose,0.0549053,,0,,nan,
golem_ik,kinematic,golem_ik,nan,,0,b049_d30_e20,49,0.3,0.2,0.445631,0.595986,-0.239279,0.380633,-0.345342,-0.183232,0.763121,1,0,0,0,nan,0.261203,0.341231,0.181176,0.0307448,0.00228409,0.261203,0.0165145,1.0024,1.0024,1.0024,0,0,nan,,,nan,nan,,,,,,,,,,,,,0,1,4.00923,t_pose,0.061565,,0,,nan,
golem_ik,kinematic,golem_ik,nan,,0,b049_d40_e00,49,0.4,0,0.304574,0.454202,-0.339279,0.203067,-0.253309,-0.283232,0.663121,1,0,0,0,nan,0.251629,0.313058,0.190199,0.0297823,0.000701526,0.251629,0.0152419,1.0024,1.0024,1.0024,0,0,nan,,,nan,nan,,,,,,,,,,,,,0,1,4.00478,t_pose,0.0466555,,0,,nan,
golem_ik,kinematic,golem_ik,nan,,0,b049_d40_e10,49,0.4,0.1,0.375103,0.525094,-0.339279,0.29185,-0.299326,-0.283232,0.663121,1,0,0,0,nan,0.292403,0.361991,0.222814,0.0327545,0.000666816,0.292403,0.0167107,1.0024,1.0024,1.0024,0,0,nan,,,nan,nan,,,,,,,,,,,,,0,1,4.00895,t_pose,0.0527221,,0,,nan,
golem_ik,kinematic,golem_ik,nan,,0,b049_d40_e20,49,0.4,0.2,0.445631,0.595986,-0.339279,0.380633,-0.345342,-0.283232,0.663121,1,0,0,0,nan,0.342604,0.418645,0.266562,0.0346274,0.00236785,0.342604,0.0184976,1.0024,1.0024,1.0024,0,0,nan,,,nan,nan,,,,,,,,,,,,,0,1,4.00297,t_pose,0.0585917,,0,,nan,
golem_ik,kinematic,golem_ik,nan,,0,b049_d50_e00,49,0.5,0,0.304574,0.454202,-0.439279,0.203067,-0.253309,-0.383232,0.563121,1,0,0,0,nan,0.344923,0.403036,0.286809,0.0327592,0.00159052,0.344923,0.0171749,1.0024,1.0024,1.0024,0,0,nan,,,nan,nan,,,,,,,,,,,,,0,1,4.00679,t_pose,0.0458339,,0,,nan,
golem_ik,kinematic,golem_ik,nan,,0,b049_d50_e10,49,0.5,0.1,0.375103,0.525094,-0.439279,0.29185,-0.299326,-0.383232,0.563121,1,0,0,0,nan,0.381715,0.447672,0.315758,0.035665,0.000247929,0.381715,0.0179565,1.0024,1.0024,1.0024,0,0,nan,,,nan,nan,,,,,,,,,,,,,0,1,4.00839,t_pose,0.0511463,,0,,nan,
golem_ik,kinematic,golem_ik,nan,,0,b049_d50_e20,49,0.5,0.2,0.445631,0.595986,-0.439279,0.380633,-0.345342,-0.383232,0.563121,1,0,0,0,nan,0.427404,0.499823,0.354985,0.0375563,0.00205143,0.427404,0.0198038,1.0024,1.0024,1.0024,0,0,nan,,,nan,nan,,,,,,,,,,,,,0,1,4.00353,t_pose,0.056443,,0,,nan,
golem_ik,kinematic,golem_ik,nan,,0,b049_d60_e00,49,0.6,0,0.304574,0.454202,-0.539279,0.203067,-0.253309,-0.483232,0.463121,1,0,0,0,nan,0.439503,0.494865,0.384141,0.0346484,0.00276072,0.439503,0.0187045,1.0024,1.0024,1.0024,0,0,nan,,,nan,nan,,,,,,,,,,,,,0,1,4.00277,t_pose,0.045303,,0,,nan,
golem_ik,kinematic,golem_ik,nan,,0,b049_d60_e10,49,0.6,0.1,0.375103,0.525094,-0.539279,0.29185,-0.299326,-0.483232,0.463121,1,0,0,0,nan,0.47297,0.535797,0.410142,0.0376358,0.00117847,0.47297,0.0194072,1.0024,1.0024,1.0024,0,0,nan,,,nan,nan,,,,,,,,,,,,,0,1,4.01128,t_pose,0.0500773,,0,,nan,
golem_ik,kinematic,golem_ik,nan,,0,b049_d60_e20,49,0.6,0.2,0.445631,0.595986,-0.539279,0.380633,-0.345342,-0.483232,0.463121,1,0,0,0,nan,0.514807,0.583978,0.445635,0.0396558,0.00180707,0.514807,0.0207315,1.0024,1.0024,1.0024,0,0,nan,,,nan,nan,,,,,,,,,,,,,0,1,4.00714,t_pose,0.0548561,,0,,nan,
golem_ik,kinematic,golem_ik,nan,,0,b049_d70_e00,49,0.7,0,0.304574,0.454202,-0.639279,0.203067,-0.253309,-0.583232,0.363121,1,0,0,0,nan,0.535015,0.588037,0.481993,0.0367844,0.00400769,0.535015,0.020396,1.0024,1.0024,1.0024,0,0,nan,,,nan,nan,,,,,,,,,,,,,0,1,4.00715,arms_front_45,0.0450383,,0,,nan,
golem_ik,kinematic,golem_ik,nan,,0,b049_d70_e10,49,0.7,0.1,0.375103,0.525094,-0.639279,0.29185,-0.299326,-0.583232,0.363121,1,0,0,0,nan,0.565668,0.625764,0.505572,0.0401411,0.00227218,0.565668,0.0212066,1.0024,1.0024,1.0024,0,0,nan,,,nan,nan,,,,,,,,,,,,,0,1,4.00876,arms_front_45,0.0492927,,0,,nan,
golem_ik,kinematic,golem_ik,nan,,0,b049_d70_e20,49,0.7,0.2,0.445631,0.595986,-0.639279,0.380633,-0.345342,-0.583232,0.363121,1,0,0,0,nan,0.604199,0.670446,0.537952,0.0423838,0.00242435,0.604199,0.0224041,1.0024,1.0024,1.0024,0,0,nan,,,nan,nan,,,,,,,,,,,,,0,1,4.00823,arms_front_45,0.0537071,,0,,nan,
golem_ik,kinematic,golem_ik,nan,,0,b049_d80_e00,49,0.8,0,0.304574,0.454202,-0.739279,0.203067,-0.253309,-0.683232,0.263121,1,0,0,0,nan,0.631309,0.682353,0.580266,0.0368146,0.00608444,0.631309,0.0214495,1.0024,1.0024,1.0024,0,0,nan,,,nan,nan,,,,,,,,,,,,,0,1,4.00516,arms_front_45,0.0450811,,0,,nan,
golem_ik,kinematic,golem_ik,nan,,0,b049_d80_e10,49,0.8,0.1,0.375103,0.525094,-0.739279,0.29185,-0.299326,-0.683232,0.263121,1,0,0,0,nan,0.659568,0.7173,0.601836,0.0403504,0.00456666,0.659568,0.0224585,1.0024,1.0024,1.0024,0,0,nan,,,nan,nan,,,,,,,,,,,,,0,1,4.00928,arms_front_45,0.0489176,,0,,nan,
golem_ik,kinematic,golem_ik,nan,,0,b049_d80_e20,49,0.8,0.2,0.445631,0.595986,-0.739279,0.380633,-0.345342,-0.683232,0.263121,1,0,0,0,nan,0.695252,0.758896,0.631607,0.0428857,0.00482069,0.695252,0.0238532,1.0024,1.0024,1.0024,0,0,nan,,,nan,nan,,,,,,,,,,,,,0,1,4.00807,arms_front_45,0.0530042,,0,,nan,
golem_ik,kinematic,golem_ik,nan,,0,b049_d90_e00,49,0.9,0,0.304574,0.454202,-0.839279,0.203067,-0.253309,-0.783232,0.163121,1,0,0,0,nan,0.728199,0.77751,0.678889,0.0366525,0.00892902,0.728199,0.0227908,1.0024,1.0024,1.0024,0,0,nan,,,nan,nan,,,,,,,,,,,,,0,1,4.00582,arms_front_45,0.0452707,,0,,nan,
golem_ik,kinematic,golem_ik,nan,,0,b049_d90_e10,49,0.9,0.1,0.375103,0.525094,-0.839279,0.29185,-0.299326,-0.783232,0.163121,1,0,0,0,nan,0.754409,0.810031,0.698787,0.0403663,0.00796096,0.754409,0.0241636,1.0024,1.0024,1.0024,0,0,nan,,,nan,nan,,,,,,,,,,,,,0,1,4.01122,arms_front_45,0.0488411,,0,,nan,
golem_ik,kinematic,golem_ik,nan,,0,b049_d90_e20,49,0.9,0.2,0.445631,0.595986,-0.839279,0.380633,-0.345342,-0.783232,0.163121,1,0,0,0,nan,0.78761,0.848897,0.726323,0.0431497,0.00825888,0.78761,0.0257043,1.0024,1.0024,1.0024,0,0,nan,,,nan,nan,,,,,,,,,,,,,0,1,4.01306,arms_front_45,0.0525663,,0,,nan,
golem_ik,kinematic,golem_ik,nan,,0,b049_d100_e00,49,1,0,0.304574,0.454202,-0.939279,0.203067,-0.253309,-0.883232,0.0631214,1,0,0,0,nan,0.825599,0.873336,0.777862,0.0365381,0.0130908,0.825599,0.0248145,1.0024,1.0024,1.0024,0,0,nan,,,nan,nan,,,,,,,,,,,,,0,1,4.00885,arms_front_45,0.0456919,,0,,nan,
golem_ik,kinematic,golem_ik,nan,,0,b049_d100_e10,49,1,0.1,0.375103,0.525094,-0.939279,0.29185,-0.299326,-0.883232,0.0631214,1,0,0,0,nan,0.850001,0.903727,0.796276,0.0403016,0.0119186,0.850001,0.0261101,1.0024,1.0024,1.0024,0,0,nan,,,nan,nan,,,,,,,,,,,,,0,1,4.00527,arms_front_45,0.0488557,,0,,nan,
golem_ik,kinematic,golem_ik,nan,,0,b049_d100_e20,49,1,0.2,0.445631,0.595986,-0.939279,0.380633,-0.345342,-0.883232,0.0631214,1,0,0,0,nan,0.881024,0.940169,0.821878,0.0432769,0.0122381,0.881024,0.0277575,1.0024,1.0024,1.0024,0,0,nan,,,nan,nan,,,,,,,,,,,,,0,1,4.00536,arms_front_45,0.0522681,,0,,nan,
golem_ik,kinematic,golem_ik,nan,,0,b050_d00_e00,50,0,0,0.504096,0.399894,0.285144,0.408618,-0.472562,0.192536,1.19494,0,1,1,1,nan,0.000178218,0.000354122,2.31363e-06,0.0002084,1.09184e-06,0.000178218,0.000104746,1.0024,1.0024,1.0024,0,0,nan,,,nan,nan,,,,,,,,,,,,,0,1,0.127711,home,0.0813714,,0,,nan,
golem_ik,kinematic,golem_ik,nan,,0,b050_d00_e10,50,0,0.1,0.593554,0.444585,0.285144,0.486928,-0.534751,0.192536,1.19494,0,0,0,0,nan,0.0854564,0.0956651,0.0752477,8.87445e-05,0.000867175,0.0854564,0.00047796,1.0024,1.0024,1.0024,0,0,nan,,,nan,nan,,,,,,,,,,,,,0,1,4.01027,t_pose,0.0893997,,0,,nan,
golem_ik,kinematic,golem_ik,nan,,0,b050_d00_e20,50,0,0.2,0.683012,0.489276,0.285144,0.565239,-0.596941,0.192536,1.19494,0,0,0,0,nan,0.180542,0.192976,0.168107,8.65519e-05,0.00148859,0.180542,0.000787571,1.0024,1.0024,1.0024,0,0,nan,,,nan,nan,,,,,,,,,,,,,0,1,4.01049,t_pose,0.089446,,0,,nan,
golem_ik,kinematic,golem_ik,nan,,0,b050_d10_e00,50,0.1,0,0.504096,0.399894,0.185144,0.408618,-0.472562,0.0925357,1.09494,0,1,1,1,nan,0.0361794,0.0346699,0.0376889,0.000247871,0.000844989,0.0361794,0.00054643,1.0024,1.0024,1.0024,0,0,nan,,,nan,nan,,,,,,,,,,,,,0,1,4.00856,t_pose,0.0866772,,0,,nan,
golem_ik,kinematic,golem_ik,nan,,0,b050_d10_e10,50,0.1,0.1,0.593554,0.444585,0.185144,0.486928,-0.534751,0.0925357,1.09494,0,0,0,0,nan,0.123422,0.126019,0.120825,0.000596283,0.00221284,0.123422,0.00140456,1.0024,1.0024,1.0024,0,0,nan,,,nan,nan,,,,,,,,,,,,,0,1,4.01037,t_pose,0.0905837,,0,,nan,
golem_ik,kinematic,golem_ik,nan,,0,b050_d10_e20,50,0.1,0.2,0.683012,0.489276,0.185144,0.565239,-0.596941,0.0925357,1.09494,0,0,0,0,nan,0.213799,0.21952,0.208078,0.000636911,0.00312154,0.213799,0.00187922,1.0024,1.0024,1.0024,0,0,nan,,,nan,nan,,,,,,,,,,,,,0,1,4.00707,t_pose,0.0918692,,0,,nan,
golem_ik,kinematic,golem_ik,nan,,0,b050_d20_e00,50,0.2,0,0.504096,0.399894,0.0851438,0.408618,-0.472562,-0.00746435,0.994936,0,0,0,0,nan,0.0927679,0.0838238,0.101712,0.000896317,0.00527901,0.0927679,0.00308766,1.0024,1.0024,1.0024,0,0,nan,,,nan,nan,,,,,,,,,,,,,0,1,4.01087,home,0.079064,,0,,nan,
golem_ik,kinematic,golem_ik,nan,,0,b050_d20_e10,50,0.2,0.1,0.593554,0.444585,0.0851438,0.486928,-0.534751,-0.00746435,0.994936,0,0,0,0,nan,0.173227,0.16899,0.177463,0.00135524,0.00421476,0.173227,0.002785,1.0024,1.0024,1.0024,0,0,nan,,,nan,nan,,,,,,,,,,,,,0,1,4.01224,t_pose,0.0844142,,0,,nan,
golem_ik,kinematic,golem_ik,nan,,0,b050_d20_e20,50,0.2,0.2,0.683012,0.489276,0.0851438,0.565239,-0.596941,-0.00746435,0.994936,0,0,0,0,nan,0.25807,0.257559,0.258581,0.00151888,0.00521121,0.25807,0.00336505,1.0024,1.0024,1.0024,0,0,nan,,,nan,nan,,,,,,,,,,,,,0,1,4.01287,t_pose,0.0879339,,0,,nan,
golem_ik,kinematic,golem_ik,nan,,0,b050_d30_e00,50,0.3,0,0.504096,0.399894,-0.0148562,0.408618,-0.472562,-0.107464,0.894936,0,0,0,0,nan,0.159486,0.14387,0.175101,0.00193309,0.0204668,0.159486,0.0111999,1.0024,1.0024,1.0024,0,0,nan,,,nan,nan,,,,,,,,,,,,,0,1,4.01183,current,0.0722005,,0,,nan,
golem_ik,kinematic,golem_ik,nan,,0,b050_d30_e10,50,0.3,0.1,0.593554,0.444585,-0.0148562,0.486928,-0.534751,-0.107464,0.894936,0,0,0,0,nan,0.232656,0.222496,0.242816,0.00238564,0.0135302,0.232656,0.00795793,1.0024,1.0024,1.0024,0,0,nan,,,nan,nan,,,,,,,,,,,,,0,1,4.01273,current,0.078573,,0,,nan,
golem_ik,kinematic,golem_ik,nan,,0,b050_d30_e20,50,0.3,0.2,0.683012,0.489276,-0.0148562,0.565239,-0.596941,-0.107464,0.894936,0,0,0,0,nan,0.311668,0.305572,0.317764,0.00258243,0.00772479,0.311668,0.00515361,1.0024,1.0024,1.0024,0,0,nan,,,nan,nan,,,,,,,,,,,,,0,1,4.01409,t_pose,0.0828568,,0,,nan,
golem_ik,kinematic,golem_ik,nan,,0,b050_d40_e00,50,0.4,0,0.504096,0.399894,-0.114856,0.408618,-0.472562,-0.207464,0.794936,1,0,0,0,nan,0.233589,0.212261,0.254916,0.00328464,0.0397307,0.233589,0.0215076,1.0024,1.0024,1.0024,0,0,nan,,,nan,nan,,,,,,,,,,,,,0,1,4.01007,current,0.0672623,,0,,nan,
golem_ik,kinematic,golem_ik,nan,,0,b050_d40_e10,50,0.4,0.1,0.593554,0.444585,-0.114856,0.486928,-0.534751,-0.207464,0.794936,1,0,0,0,nan,0.300035,0.284516,0.315554,0.00365563,0.0335208,0.300035,0.0185882,1.0024,1.0024,1.0024,0,0,nan,,,nan,nan,,,,,,,,,,,,,0,1,4.00955,current,0.0733135,,0,,nan,
golem_ik,kinematic,golem_ik,nan,,0,b050_d40_e20,50,0.4,0.2,0.683012,0.489276,-0.114856,0.565239,-0.596941,-0.207464,0.794936,1,0,0,0,nan,0.37299,0.362001,0.383978,0.00382238,0.0211592,0.37299,0.0124908,1.0024,1.0024,1.0024,0,0,nan,,,nan,nan,,,,,,,,,,,,,0,1,4.00695,current,0.07793,,0,,nan,
golem_ik,kinematic,golem_ik,nan,,0,b050_d50_e00,50,0.5,0,0.504096,0.399894,-0.214856,0.408618,-0.472562,-0.307464,0.694936,1,0,0,0,nan,0.312963,0.286968,0.338958,0.00485628,0.061081,0.312963,0.0329686,1.0024,1.0024,1.0024,0,0,nan,,,nan,nan,,,,,,,,,,,,,0,1,4.00684,current,0.0633789,,0,,nan,
golem_ik,kinematic,golem_ik,nan,,0,b050_d50_e10,50,0.5,0.1,0.593554,0.444585,-0.214856,0.486928,-0.534751,-0.307464,0.694936,1,0,0,0,nan,0.373504,0.353312,0.393697,0.00510137,0.053905,0.373504,0.0295032,1.0024,1.0024,1.0024,0,0,nan,,,nan,nan,,,,,,,,,,,,,0,1,4.0078,current,0.0687819,,0,,nan,
golem_ik,kinematic,golem_ik,nan,,0,b050_d50_e20,50,0.5,0.2,0.683012,0.489276,-0.214856,0.565239,-0.596941,-0.307464,0.694936,1,0,0,0,nan,0.440822,0.425383,0.456262,0.00517876,0.0433085,0.440822,0.0242436,1.0024,1.0024,1.0024,0,0,nan,,,nan,nan,,,,,,,,,,,,,0,1,4.00942,current,0.0739383,,0,,nan,
golem_ik,kinematic,golem_ik,nan,,0,b050_d60_e00,50,0.6,0,0.504096,0.399894,-0.314856,0.408618,-0.472562,-0.407464,0.594936,1,0,0,0,nan,0.396192,0.366458,0.425926,0.00654317,0.0828211,0.396192,0.0446821,1.0024,1.0024,1.0024,0,0,nan,,,nan,nan,,,,,,,,,,,,,0,1,4.01003,current,0.0602658,,0,,nan,
golem_ik,kinematic,golem_ik,nan,,0,b050_d60_e10,50,0.6,0.1,0.593554,0.444585,-0.314856,0.486928,-0.534751,-0.407464,0.594936,1,0,0,0,nan,0.451609,0.427464,0.475754,0.00663261,0.0745054,0.451609,0.040569,1.0024,1.0024,1.0024,0,0,nan,,,nan,nan,,,,,,,,,,,,,0,1,4.01135,current,0.0651608,,0,,nan,
golem_ik,kinematic,golem_ik,nan,,0,b050_d60_e20,50,0.6,0.2,0.683012,0.489276,-0.314856,0.565239,-0.596941,-0.407464,0.594936,1,0,0,0,nan,0.513853,0.494465,0.533241,0.00657953,0.0643289,0.513853,0.0354542,1.0024,1.0024,1.0024,0,0,nan,,,nan,nan,,,,,,,,,,,,,0,1,4.00649,current,0.0703363,,0,,nan,
golem_ik,kinematic,golem_ik,nan,,0,b050_d70_e00,50,0.7,0,0.504096,0.399894,-0.414856,0.408618,-0.472562,-0.507464,0.494936,1,0,0,0,nan,0.482322,0.449601,0.515042,0.00823303,0.10405,0.482322,0.0561417,1.0024,1.0024,1.0024,0,0,nan,,,nan,nan,,,,,,,,,,,,,0,1,4.00683,current,0.0577053,,0,,nan,
golem_ik,kinematic,golem_ik,nan,,0,b050_d70_e10,50,0.7,0.1,0.593554,0.444585,-0.414856,0.486928,-0.534751,-0.507464,0.494936,1,0,0,0,nan,0.5333,0.505853,0.560747,0.00815066,0.0947753,0.5333,0.051463,1.0024,1.0024,1.0024,0,0,nan,,,nan,nan,,,,,,,,,,,,,0,1,4.00542,home,0.062187,,0,,nan,
golem_ik,kinematic,golem_ik,nan,,0,b050_d70_e20,50,0.7,0.2,0.683012,0.489276,-0.414856,0.565239,-0.596941,-0.507464,0.494936,1,0,0,0,nan,0.591017,0.568202,0.613832,0.00795595,0.0844778,0.591017,0.0462169,1.0024,1.0024,1.0024,0,0,nan,,,nan,nan,,,,,,,,,,,,,0,1,4.01032,current,0.0669465,,0,,nan,
golem_ik,kinematic,golem_ik,nan,,0,b050_d80_e00,50,0.8,0,0.504096,0.399894,-0.514856,0.408618,-0.472562,-0.607464,0.394936,1,0,0,0,nan,0.570689,0.535569,0.60581,0.00983408,0.124383,0.570689,0.0671083,1.0024,1.0024,1.0024,0,0,nan,,,nan,nan,,,,,,,,,,,,,0,1,4.00609,current,0.0555276,,0,,nan,
golem_ik,kinematic,golem_ik,nan,,0,b050_d80_e10,50,0.8,0.1,0.593554,0.444585,-0.514856,0.486928,-0.534751,-0.607464,0.394936,1,0,0,0,nan,0.61781,0.587615,0.648005,0.00958664,0.114226,0.61781,0.0619065,1.0024,1.0024,1.0024,0,0,nan,,,nan,nan,,,,,,,,,,,,,0,1,4.00702,current,0.0596986,,0,,nan,
golem_ik,kinematic,golem_ik,nan,,0,b050_d80_e20,50,0.8,0.2,0.683012,0.489276,-0.514856,0.565239,-0.596941,-0.607464,0.394936,1,0,0,0,nan,0.671509,0.64575,0.697269,0.00924144,0.103868,0.671509,0.0565548,1.0024,1.0024,1.0024,0,0,nan,,,nan,nan,,,,,,,,,,,,,0,1,4.00704,home,0.064074,,0,,nan,
golem_ik,kinematic,golem_ik,nan,,0,b050_d90_e00,50,0.9,0,0.504096,0.399894,-0.614856,0.408618,-0.472562,-0.707464,0.294936,1,0,0,0,nan,0.660828,0.623759,0.697897,0.0113121,0.143885,0.660828,0.0775984,1.0024,1.0024,1.0024,0,0,nan,,,nan,nan,,,,,,,,,,,,,0,1,4.00563,home,0.0535851,,0,,nan,
golem_ik,kinematic,golem_ik,nan,,0,b050_d90_e10,50,0.9,0.1,0.593554,0.444585,-0.614856,0.486928,-0.534751,-0.707464,0.294936,1,0,0,0,nan,0.704581,0.6721,0.737062,0.0109395,0.132759,0.704581,0.0718494,1.0024,1.0024,1.0024,0,0,nan,,,nan,nan,,,,,,,,,,,,,0,1,4.0122,home,0.0575586,,0,,nan,
golem_ik,kinematic,golem_ik,nan,,0,b050_d90_e20,50,0.9,0.2,0.683012,0.489276,-0.614856,0.565239,-0.596941,-0.707464,0.294936,1,0,0,0,nan,0.754697,0.726424,0.78297,0.0106035,0.121985,0.754697,0.0662944,1.0024,1.0024,1.0024,0,0,nan,,,nan,nan,,,,,,,,,,,,,0,1,4.00685,current,0.0616388,,0,,nan,
golem_ik,kinematic,golem_ik,nan,,0,b050_d100_e00,50,1,0,0.504096,0.399894,-0.714856,0.408618,-0.472562,-0.807464,0.194936,1,0,0,0,nan,0.752369,0.71372,0.791017,0.0128141,0.161795,0.752369,0.0873046,1.0024,1.0024,1.0024,0,0,nan,,,nan,nan,,,,,,,,,,,,,0,1,4.01516,home,0.0519506,,0,,nan,
golem_ik,kinematic,golem_ik,nan,,0,b050_d100_e10,50,1,0.1,0.593554,0.444585,-0.714856,0.486928,-0.534751,-0.807464,0.194936,1,0,0,0,nan,0.793163,0.758779,0.827547,0.0124429,0.149662,0.793163,0.0810523,1.0024,1.0024,1.0024,0,0,nan,,,nan,nan,,,,,,,,,,,,,0,1,4.00802,home,0.0557588,,0,,nan,
golem_ik,kinematic,golem_ik,nan,,0,b050_d100_e20,50,1,0.2,0.683012,0.489276,-0.714856,0.565239,-0.596941,-0.807464,0.194936,1,0,0,0,nan,0.840096,0.809681,0.870511,0.01214,0.138778,0.840096,0.0754592,1.0024,1.0024,1.0024,0,0,nan,,,nan,nan,,,,,,,,,,,,,0,1,4.00925,home,0.0595506,,0,,nan,
golem_ik,kinematic,golem_ik,nan,,0,b051_d00_e00,51,0,0,0.360628,0.0493353,0.482668,0.490345,0.0206634,0.413815,1.41621,0,1,1,1,nan,0.0258537,0.0302074,0.0215,0.00582307,0.00229168,0.0258537,0.00405737,1.0024,1.0024,1.0024,0,0,nan,,,nan,nan,,,,,,,,,,,,,0,1,4.00854,home,0.0072397,,0,,nan,
golem_ik,kinematic,golem_ik,nan,,0,b051_d00_e10,51,0,0.1,0.457079,0.0229311,0.482668,0.584903,0.0532002,0.413815,1.41621,0,0,0,0,nan,0.0819869,0.0726498,0.091324,0.0156265,0.00508142,0.0819869,0.010354,1.0024,1.0024,1.0024,0,0,nan,,,nan,nan,,,,,,,,,,,,,0,1,2.27283,arms_front_45,-0.000409448,,3,,nan,
golem_ik,kinematic,golem_ik,nan,,0,b051_d00_e20,51,0,0.2,0.55353,-0.00347316,0.482668,0.679462,0.0857371,0.413815,1.41621,0,0,0,0,nan,0.166988,0.145398,0.188578,0.0401194,0.013269,0.166988,0.0266942,1.0024,1.0024,1.0024,0,0,nan,,,nan,nan,,,,,,,,,,,,,0,1,3.53362,home,-0.000436711,,3,,nan,
golem_ik,kinematic,golem_ik,nan,,0,b051_d10_e00,51,0.1,0,0.360628,0.0493353,0.382668,0.490345,0.0206634,0.313815,1.31621,0,1,1,1,nan,0.0181091,0.0206865,0.0155317,0.00225964,0.00164962,0.0181091,0.00195463,1.0024,1.0024,1.0024,0,0,nan,,,nan,nan,,,,,,,,,,,,,0,1,3.50905,t_pose,-4.47963e-05,,1,,nan,
golem_ik,kinematic,golem_ik,nan,,0,b051_d10_e10,51,0.1,0.1,0.457079,0.0229311,0.382668,0.584903,0.0532002,0.313815,1.31621,0,0,0,0,nan,0.0837659,0.0690138,0.098518,0.0265577,0.00423243,0.0837659,0.0153951,1.0024,1.0024,1.0024,0,0,nan,,,nan,nan,,,,,,,,,,,,,0,1,2.78024,arms_front_45,-0.000540319,,4,,nan,
golem_ik,kinematic,golem_ik,nan,,0,b051_d10_e20,51,0.1,0.2,0.55353,-0.00347316,0.382668,0.679462,0.0857371,0.313815,1.31621,0,0,0,0,nan,0.171038,0.143308,0.198768,0.056006,0.0110321,0.171038,0.033519,1.0024,1.0024,1.0024,0,0,nan,,,nan,nan,,,,,,,,,,,,,0,1,4.0091,home,0.00807961,,0,,nan,
golem_ik,kinematic,golem_ik,nan,,0,b051_d20_e00,51,0.2,0,0.360628,0.0493353,0.282668,0.490345,0.0206634,0.213815,1.21621,0,1,1,1,nan,0.0277927,0.0230945,0.0324909,0.00206734,0.00344252,0.0277927,0.00275493,1.0024,1.0024,1.0024,0,0,nan,,,nan,nan,,,,,,,,,,,,,0,1,3.74771,t_pose,5.30754e-07,,1,,nan,
golem_ik,kinematic,golem_ik,nan,,0,b051_d20_e10,51,0.2,0.1,0.457079,0.0229311,0.282668,0.584903,0.0532002,0.213815,1.21621,0,0,0,0,nan,0.105248,0.0836535,0.126842,0.0210009,0.0177307,0.105248,0.0193658,1.0024,1.0024,1.0024,0,0,nan,,,nan,nan,,,,,,,,,,,,,0,1,4.00971,arms_front_45,0.0158753,,0,,nan,
golem_ik,kinematic,golem_ik,nan,,0,b051_d20_e20,51,0.2,0.2,0.55353,-0.00347316,0.282668,0.679462,0.0857371,0.213815,1.21621,0,0,0,0,nan,0.182714,0.145312,0.220115,0.0551486,0.0296211,0.182714,0.0423849,1.0024,1.0024,1.0024,0,0,nan,,,nan,nan,,,,,,,,,,,,,0,1,4.01029,home,0.0133289,,0,,nan,
golem_ik,kinematic,golem_ik,nan,,0,b051_d30_e00,51,0.3,0,0.360628,0.0493353,0.182668,0.490345,0.0206634,0.113815,1.11621,0,0,1,0,nan,0.0579301,0.0418619,0.0739984,0.0175403,0.0116069,0.0579301,0.0145736,1.0024,1.0024,1.0024,0,0,nan,,,nan,nan,,,,,,,,,,,,,0,1,3.7458,t_pose,-0.000189196,,1,,nan,
golem_ik,kinematic,golem_ik,nan,,0,b051_d30_e10,51,0.3,0.1,0.457079,0.0229311,0.182668,0.584903,0.0532002,0.113815,1.11621,0,0,0,0,nan,0.127272,0.0889208,0.165623,0.0309211,0.025545,0.127272,0.0282331,1.0024,1.0024,1.0024,0,0,nan,,,nan,nan,,,,,,,,,,,,,0,1,4.00917,t_pose,0.0133605,,0,,nan,
golem_ik,kinematic,golem_ik,nan,,0,b051_d30_e20,51,0.3,0.2,0.55353,-0.00347316,0.182668,0.679462,0.0857371,0.113815,1.11621,0,0,0,0,nan,0.204682,0.156365,0.253,0.0655005,0.0456771,0.204682,0.0555888,1.0024,1.0024,1.0024,0,0,nan,,,nan,nan,,,,,,,,,,,,,0,1,4.01085,arms_front_45,0.0171346,,0,,nan,
golem_ik,kinematic,golem_ik,nan,,0,b051_d40_e00,51,0.4,0,0.360628,0.0493353,0.0826678,0.490345,0.0206634,0.0138148,1.01621,0,0,0,0,nan,0.0957858,0.0568003,0.134771,0.0232063,0.0248803,0.0957858,0.0240433,1.0024,1.0024,1.0024,0,0,nan,,,nan,nan,,,,,,,,,,,,,0,1,3.61858,t_pose,-4.26179e-05,,1,,nan,
golem_ik,kinematic,golem_ik,nan,,0,b051_d40_e10,51,0.4,0.1,0.457079,0.0229311,0.0826678,0.584903,0.0532002,0.0138148,1.01621,0,0,0,0,nan,0.16227,0.107978,0.216562,0.0354448,0.0375821,0.16227,0.0365135,1.0024,1.0024,1.0024,0,0,nan,,,nan,nan,,,,,,,,,,,,,0,1,4.00964,arms_front_45,0.0206403,,0,,nan,
golem_ik,kinematic,golem_ik,nan,,0,b051_d40_e20,51,0.4,0.2,0.55353,-0.00347316,0.0826678,0.679462,0.0857371,0.0138148,1.01621,0,0,0,0,nan,0.240691,0.18301,0.298373,0.0654539,0.0433799,0.240691,0.0544169,1.0024,1.0024,1.0024,0,0,nan,,,nan,nan,,,,,,,,,,,,,0,1,4.01022,current,0.0206352,,0,,nan,
golem_ik,kinematic,golem_ik,nan,,0,b051_d50_e00,51,0.5,0,0.360628,0.0493353,-0.0173322,0.490345,0.0206634,-0.0861852,0.916215,0,0,0,0,nan,0.142315,0.0809243,0.203705,0.0234291,0.0362854,0.142315,0.0298572,1.0024,1.0024,1.0024,0,0,nan,,,nan,nan,,,,,,,,,,,,,0,1,4.00811,current,0.0142343,,0,,nan,
golem_ik,kinematic,golem_ik,nan,,0,b051_d50_e10,51,0.5,0.1,0.457079,0.0229311,-0.0173322,0.584903,0.0532002,-0.0861852,0.916215,0,0,0,0,nan,0.210733,0.145416,0.27605,0.0436768,0.0401331,0.210733,0.0419049,1.0024,1.0024,1.0024,0,0,nan,,,nan,nan,,,,,,,,,,,,,0,1,4.01472,arms_front_45,0.0146389,,0,,nan,
golem_ik,kinematic,golem_ik,nan,,0,b051_d50_e20,51,0.5,0.2,0.55353,-0.00347316,-0.0173322,0.679462,0.0857371,-0.0861852,0.916215,0,0,0,0,nan,0.288652,0.223425,0.353879,0.064413,0.0405527,0.288652,0.0524829,1.0024,1.0024,1.0024,0,0,nan,,,nan,nan,,,,,,,,,,,,,0,1,4.00682,arms_front_45,0.0197622,,0,,nan,
golem_ik,kinematic,golem_ik,nan,,0,b051_d60_e00,51,0.6,0,0.360628,0.0493353,-0.117332,0.490345,0.0206634,-0.186185,0.816215,1,0,0,0,nan,0.207231,0.138811,0.275652,0.0285512,0.0483081,0.207231,0.0384296,1.0024,1.0024,1.0024,0,0,nan,,,nan,nan,,,,,,,,,,,,,0,1,4.00444,current,0.0157009,,0,,nan,
golem_ik,kinematic,golem_ik,nan,,0,b051_d60_e10,51,0.6,0.1,0.457079,0.0229311,-0.117332,0.584903,0.0532002,-0.186185,0.816215,1,0,0,0,nan,0.274028,0.205048,0.343008,0.0466777,0.0540292,0.274028,0.0503535,1.0024,1.0024,1.0024,0,0,nan,,,nan,nan,,,,,,,,,,,,,0,1,4.00749,arms_front_45,0.019257,,0,,nan,
golem_ik,kinematic,golem_ik,nan,,0,b051_d60_e20,51,0.6,0.2,0.55353,-0.00347316,-0.117332,0.679462,0.0857371,-0.186185,0.816215,1,0,0,0,nan,0.346327,0.277364,0.41529,0.0712579,0.0548098,0.346327,0.0630339,1.0024,1.0024,1.0024,0,0,nan,,,nan,nan,,,,,,,,,,,,,0,1,4.0126,arms_front_45,0.0183092,,0,,nan,
golem_ik,kinematic,golem_ik,nan,,0,b051_d70_e00,51,0.7,0,0.360628,0.0493353,-0.217332,0.490345,0.0206634,-0.286185,0.716215,1,0,0,0,nan,0.283863,0.213968,0.353759,0.0165133,0.0639675,0.283863,0.0402404,1.0024,1.0024,1.0024,0,0,nan,,,nan,nan,,,,,,,,,,,,,0,1,4.00915,arms_front_45,0.0169194,,0,,nan,
golem_ik,kinematic,golem_ik,nan,,0,b051_d70_e10,51,0.7,0.1,0.457079,0.0229311,-0.217332,0.584903,0.0532002,-0.286185,0.716215,1,0,0,0,nan,0.344574,0.274109,0.415038,0.0512998,0.0664871,0.344574,0.0588934,1.0024,1.0024,1.0024,0,0,nan,,,nan,nan,,,,,,,,,,,,,0,1,4.01332,arms_front_45,0.017444,,0,,nan,
golem_ik,kinematic,golem_ik,nan,,0,b051_d70_e20,51,0.7,0.2,0.55353,-0.00347316,-0.217332,0.679462,0.0857371,-0.286185,0.716215,1,0,0,0,nan,0.411937,0.341334,0.482539,0.078334,0.0683802,0.411937,0.0733571,1.0024,1.0024,1.0024,0,0,nan,,,nan,nan,,,,,,,,,,,,,0,1,4.0102,current,0.0179772,,0,,nan,
golem_ik,kinematic,golem_ik,nan,,0,b051_d80_e00,51,0.8,0,0.360628,0.0493353,-0.317332,0.490345,0.0206634,-0.386185,0.616215,1,0,0,0,nan,0.367596,0.298171,0.437021,0.00915381,0.0791763,0.367596,0.044165,1.0024,1.0024,1.0024,0,0,nan,,,nan,nan,,,,,,,,,,,,,0,1,4.01329,arms_front_45,0.0205796,,0,,nan,
golem_ik,kinematic,golem_ik,nan,,0,b051_d80_e10,51,0.8,0.1,0.457079,0.0229311,-0.317332,0.584903,0.0532002,-0.386185,0.616215,1,0,0,0,nan,0.421795,0.351103,0.492487,0.0349737,0.0823262,0.421795,0.05865,1.0024,1.0024,1.0024,0,0,nan,,,nan,nan,,,,,,,,,,,,,0,1,4.00757,arms_front_45,0.0189678,,0,,nan,
golem_ik,kinematic,golem_ik,nan,,0,b051_d80_e20,51,0.8,0.2,0.55353,-0.00347316,-0.317332,0.679462,0.0857371,-0.386185,0.616215,1,0,0,0,nan,0.48378,0.412472,0.555088,0.0709288,0.0827456,0.48378,0.0768372,1.0024,1.0024,1.0024,0,0,nan,,,nan,nan,,,,,,,,,,,,,0,1,4.00589,home,0.018227,,0,,nan,
golem_ik,kinematic,golem_ik,nan,,0,b051_d90_e00,51,0.9,0,0.360628,0.0493353,-0.417332,0.490345,0.0206634,-0.486185,0.516215,1,0,0,0,nan,0.454849,0.386285,0.523412,0.0112843,0.0939041,0.454849,0.0525942,1.0024,1.0024,1.0024,0,0,nan,,,nan,nan,,,,,,,,,,,,,0,1,4.013,arms_front_45,0.0191213,,0,,nan,
golem_ik,kinematic,golem_ik,nan,,0,b051_d90_e10,51,0.9,0.1,0.457079,0.0229311,-0.417332,0.584903,0.0532002,-0.486185,0.516215,1,0,0,0,nan,0.504048,0.433879,0.574217,0.0128407,0.0961522,0.504048,0.0544964,1.0024,1.0024,1.0024,0,0,nan,,,nan,nan,,,,,,,,,,,,,0,1,4.01188,arms_front_45,0.0206202,,0,,nan,
golem_ik,kinematic,golem_ik,nan,,0,b051_d90_e20,51,0.9,0.2,0.55353,-0.00347316,-0.417332,0.679462,0.0857371,-0.486185,0.516215,1,0,0,0,nan,0.560711,0.489495,0.631927,0.0494609,0.0965406,0.560711,0.0730008,1.0024,1.0024,1.0024,0,0,nan,,,nan,nan,,,,,,,,,,,,,0,1,4.00819,arms_front_45,0.0203412,,0,,nan,
golem_ik,kinematic,golem_ik,nan,,0,b051_d100_e00,51,1,0,0.360628,0.0493353,-0.517332,0.490345,0.0206634,-0.586185,0.416215,1,0,0,0,nan,0.544599,0.477206,0.611993,0.0135792,0.111909,0.544599,0.0627442,1.0024,1.0024,1.0024,0,0,nan,,,nan,nan,,,,,,,,,,,,,0,1,4.01062,current,0.0173631,,0,,nan,
golem_ik,kinematic,golem_ik,nan,,0,b051_d100_e10,51,1,0.1,0.457079,0.0229311,-0.517332,0.584903,0.0532002,-0.586185,0.416215,1,0,0,0,nan,0.589514,0.520381,0.658647,0.01469,0.106425,0.589514,0.0605574,1.0024,1.0024,1.0024,0,0,nan,,,nan,nan,,,,,,,,,,,,,0,1,4.01045,arms_front_45,0.0203559,,0,,nan,
golem_ik,kinematic,golem_ik,nan,,0,b051_d100_e20,51,1,0.2,0.55353,-0.00347316,-0.517332,0.679462,0.0857371,-0.586185,0.416215,1,0,0,0,nan,0.6415,0.570689,0.71231,0.0246675,0.109408,0.6415,0.0670378,1.0024,1.0024,1.0024,0,0,nan,,,nan,nan,,,,,,,,,,,,,0,1,4.00782,arms_front_45,0.0183981,,0,,nan,
golem_ik,kinematic,golem_ik,nan,,0,b052_d00_e00,52,0,0,0.15735,0.707194,0.612383,0.406853,-0.0108723,0.444218,1.44662,0,1,1,1,nan,0.000255127,0.000510229,2.54097e-08,0.000833694,5.67922e-09,0.000255127,0.00041685,1.0024,1.0024,1.0024,0,0,nan,,,nan,nan,,,,,,,,,,,,,0,1,0.199091,home,0.0651087,,0,,nan,
golem_ik,kinematic,golem_ik,nan,,0,b052_d00_e10,52,0,0.1,0.18444,0.803454,0.612383,0.501611,0.0210793,0.444218,1.44662,0,0,0,1,nan,0.0454188,0.0908376,2.97084e-08,0.00192489,1.70565e-09,0.0454188,0.000962447,1.0024,1.0024,1.0024,0,0,nan,,,nan,nan,,,,,,,,,,,,,0,1,4.01212,current,0.0390975,,0,,nan,
golem_ik,kinematic,golem_ik,nan,,0,b052_d00_e20,52,0,0.2,0.211529,0.899715,0.612383,0.596369,0.053031,0.444218,1.44662,0,0,0,0,nan,0.138676,0.187814,0.0895373,0.00415102,0.000111245,0.138676,0.00213113,1.0024,1.0024,1.0024,0,0,nan,,,nan,nan,,,,,,,,,,,,,0,1,4.01018,current,0.0276483,,0,,nan,
golem_ik,kinematic,golem_ik,nan,,0,b052_d10_e00,52,0.1,0,0.15735,0.707194,0.512383,0.406853,-0.0108723,0.344218,1.34662,0,1,1,1,nan,3.37278e-05,6.60771e-05,1.37843e-06,6.1637e-05,8.90789e-07,3.37278e-05,3.12639e-05,1.0024,1.0024,1.0024,0,0,nan,,,nan,nan,,,,,,,,,,,,,0,1,0.17452,home,0.0644175,,0,,nan,
golem_ik,kinematic,golem_ik,nan,,0,b052_d10_e10,52,0.1,0.1,0.18444,0.803454,0.512383,0.501611,0.0210793,0.344218,1.34662,0,0,0,1,nan,0.0360936,0.0720892,9.7866e-05,0.00186937,2.89226e-06,0.0360936,0.00093613,1.0024,1.0024,1.0024,0,0,nan,,,nan,nan,,,,,,,,,,,,,0,1,4.00263,home,0.0377467,,0,,nan,
golem_ik,kinematic,golem_ik,nan,,0,b052_d10_e20,52,0.1,0.2,0.211529,0.899715,0.512383,0.596369,0.053031,0.344218,1.34662,0,0,0,0,nan,0.134172,0.17151,0.0968335,0.00664973,0.000954724,0.134172,0.00380223,1.0024,1.0024,1.0024,0,0,nan,,,nan,nan,,,,,,,,,,,,,0,1,4.00677,home,0.0330567,,0,,nan,
golem_ik,kinematic,golem_ik,nan,,0,b052_d20_e00,52,0.2,0,0.15735,0.707194,0.412383,0.406853,-0.0108723,0.244218,1.24662,0,1,1,1,nan,7.37709e-06,1.36028e-05,1.15137e-06,7.29778e-06,7.23862e-07,7.37709e-06,4.01082e-06,1.0024,1.0024,1.0024,0,0,nan,,,nan,nan,,,,,,,,,,,,,0,1,0.17239,home,0.0535831,,0,,nan,
golem_ik,kinematic,golem_ik,nan,,0,b052_d20_e10,52,0.2,0.1,0.18444,0.803454,0.412383,0.501611,0.0210793,0.244218,1.24662,0,0,0,1,nan,0.0472965,0.0692541,0.0253389,0.00586856,0.000531009,0.0472965,0.00319979,1.0024,1.0024,1.0024,0,0,nan,,,nan,nan,,,,,,,,,,,,,0,1,4.00778,arms_front_45,0.0421818,,0,,nan,
golem_ik,kinematic,golem_ik,nan,,0,b052_d20_e20,52,0.2,0.2,0.211529,0.899715,0.412383,0.596369,0.053031,0.244218,1.24662,0,0,0,0,nan,0.144259,0.169183,0.119335,0.0165975,0.00212978,0.144259,0.00936363,1.0024,1.0024,1.0024,0,0,nan,,,nan,nan,,,,,,,,,,,,,0,1,4.00683,current,0.0392345,,0,,nan,
golem_ik,kinematic,golem_ik,nan,,0,b052_d30_e00,52,0.3,0,0.15735,0.707194,0.312383,0.406853,-0.0108723,0.144218,1.14662,0,1,1,1,nan,0.000461001,0.000518925,0.000403077,0.000615261,0.000346419,0.000461001,0.00048084,1.0024,1.0024,1.0024,0,0,nan,,,nan,nan,,,,,,,,,,,,,0,1,0.1749,home,0.0411334,,0,,nan,
golem_ik,kinematic,golem_ik,nan,,0,b052_d30_e10,52,0.3,0.1,0.18444,0.803454,0.312383,0.501611,0.0210793,0.144218,1.14662,0,0,0,0,nan,0.0755814,0.0835742,0.0675886,0.0122667,0.00376372,0.0755814,0.00801519,1.0024,1.0024,1.0024,0,0,nan,,,nan,nan,,,,,,,,,,,,,0,1,4.01239,home,0.0395558,,0,,nan,
golem_ik,kinematic,golem_ik,nan,,0,b052_d30_e20,52,0.3,0.2,0.211529,0.899715,0.312383,0.596369,0.053031,0.144218,1.14662,0,0,0,0,nan,0.168399,0.181093,0.155705,0.0249858,0.00386152,0.168399,0.0144236,1.0024,1.0024,1.0024,0,0,nan,,,nan,nan,,,,,,,,,,,,,0,1,4.00756,t_pose,0.0416527,,0,,nan,
golem_ik,kinematic,golem_ik,nan,,0,b052_d40_e00,52,0.4,0,0.15735,0.707194,0.212383,0.406853,-0.0108723,0.0442178,1.04662,0,0,1,0,nan,0.0393475,0.0229968,0.0556981,0.00542019,0.0167005,0.0393475,0.0110604,1.0024,1.0024,1.0024,0,0,nan,,,nan,nan,,,,,,,,,,,,,0,1,4.00083,current,0.0339061,,0,,nan,
golem_ik,kinematic,golem_ik,nan,,0,b052_d40_e10,52,0.4,0.1,0.18444,0.803454,0.212383,0.501611,0.0210793,0.0442178,1.04662,0,0,0,0,nan,0.118753,0.11309,0.124416,0.0212207,0.0209996,0.118753,0.0211101,1.0024,1.0024,1.0024,0,0,nan,,,nan,nan,,,,,,,,,,,,,0,1,4.00776,current,0.0338785,,0,,nan,
golem_ik,kinematic,golem_ik,nan,,0,b052_d40_e20,52,0.4,0.2,0.211529,0.899715,0.212383,0.596369,0.053031,0.0442178,1.04662,0,0,0,0,nan,0.205362,0.206568,0.204155,0.0351219,0.0203861,0.205362,0.027754,1.0024,1.0024,1.0024,0,0,nan,,,nan,nan,,,,,,,,,,,,,0,1,4.00975,current,0.0381551,,0,,nan,
golem_ik,kinematic,golem_ik,nan,,0,b052_d50_e00,52,0.5,0,0.15735,0.707194,0.112383,0.406853,-0.0108723,-0.0557822,0.946618,0,0,0,0,nan,0.102371,0.0706443,0.134098,0.0174542,0.0484554,0.102371,0.0329548,1.0024,1.0024,1.0024,0,0,nan,,,nan,nan,,,,,,,,,,,,,0,1,4.00072,arms_front_45,0.0362238,,0,,nan,
golem_ik,kinematic,golem_ik,nan,,0,b052_d50_e10,52,0.5,0.1,0.18444,0.803454,0.112383,0.501611,0.0210793,-0.0557822,0.946618,0,0,0,0,nan,0.174075,0.155089,0.193061,0.0327231,0.0475442,0.174075,0.0401337,1.0024,1.0024,1.0024,0,0,nan,,,nan,nan,,,,,,,,,,,,,0,1,4.00215,current,0.0342794,,0,,nan,
golem_ik,kinematic,golem_ik,nan,,0,b052_d50_e20,52,0.5,0.2,0.211529,0.899715,0.112383,0.596369,0.053031,-0.0557822,0.946618,0,0,0,0,nan,0.253755,0.243612,0.263899,0.0473309,0.0421587,0.253755,0.0447448,1.0024,1.0024,1.0024,0,0,nan,,,nan,nan,,,,,,,,,,,,,0,1,4.00407,current,0.0353155,,0,,nan,
golem_ik,kinematic,golem_ik,nan,,0,b052_d60_e00,52,0.6,0,0.15735,0.707194,0.0123832,0.406853,-0.0108723,-0.155782,0.846618,1,0,0,0,nan,0.172699,0.128509,0.216889,0.0309675,0.0846581,0.172699,0.0578128,1.0024,1.0024,1.0024,0,0,nan,,,nan,nan,,,,,,,,,,,,,0,1,4.00453,current,0.0374313,,0,,nan,
golem_ik,kinematic,golem_ik,nan,,0,b052_d60_e10,52,0.6,0.1,0.18444,0.803454,0.0123832,0.501611,0.0210793,-0.155782,0.846618,1,0,0,0,nan,0.23796,0.207242,0.268678,0.0460003,0.0783757,0.23796,0.062188,1.0024,1.0024,1.0024,0,0,nan,,,nan,nan,,,,,,,,,,,,,0,1,4.00614,current,0.0355954,,0,,nan,
golem_ik,kinematic,golem_ik,nan,,0,b052_d60_e20,52,0.6,0.2,0.211529,0.899715,0.0123832,0.596369,0.053031,-0.155782,0.846618,1,0,0,0,nan,0.311081,0.290131,0.332032,0.0598907,0.0702121,0.311081,0.0650514,1.0024,1.0024,1.0024,0,0,nan,,,nan,nan,,,,,,,,,,,,,0,1,4.00607,t_pose,0.0349882,,0,,nan,
golem_ik,kinematic,golem_ik,nan,,0,b052_d70_e00,52,0.7,0,0.15735,0.707194,-0.0876168,0.406853,-0.0108723,-0.255782,0.746618,1,0,0,0,nan,0.24863,0.194727,0.302534,0.0460257,0.121461,0.24863,0.0837433,1.0024,1.0024,1.0024,0,0,nan,,,nan,nan,,,,,,,,,,,,,0,1,4.00567,current,0.0383442,,0,,nan,
golem_ik,kinematic,golem_ik,nan,,0,b052_d70_e10,52,0.7,0.1,0.18444,0.803454,-0.0876168,0.501611,0.0210793,-0.255782,0.746618,1,0,0,0,nan,0.308095,0.267291,0.348898,0.060295,0.110786,0.308095,0.0855405,1.0024,1.0024,1.0024,0,0,nan,,,nan,nan,,,,,,,,,,,,,0,1,4.01047,t_pose,0.0362518,,0,,nan,
golem_ik,kinematic,golem_ik,nan,,0,b052_d70_e20,52,0.7,0.2,0.211529,0.899715,-0.0876168,0.596369,0.053031,-0.255782,0.746618,1,0,0,0,nan,0.375508,0.344882,0.406133,0.070234,0.0996741,0.375508,0.084954,1.0024,1.0024,1.0024,0,0,nan,,,nan,nan,,,,,,,,,,,,,0,1,4.00988,t_pose,0.0355383,,0,,nan,
golem_ik,kinematic,golem_ik,nan,,0,b052_d80_e00,52,0.8,0,0.15735,0.707194,-0.187617,0.406853,-0.0108723,-0.355782,0.646618,1,0,0,0,nan,0.328445,0.266604,0.390286,0.0580121,0.157001,0.328445,0.107507,1.0024,1.0024,1.0024,0,0,nan,,,nan,nan,,,,,,,,,,,,,0,1,4.00827,t_pose,0.0390201,,0,,nan,
golem_ik,kinematic,golem_ik,nan,,0,b052_d80_e10,52,0.8,0.1,0.18444,0.803454,-0.187617,0.501611,0.0210793,-0.355782,0.646618,1,0,0,0,nan,0.38313,0.333861,0.4324,0.0694063,0.142928,0.38313,0.106167,1.0024,1.0024,1.0024,0,0,nan,,,nan,nan,,,,,,,,,,,,,0,1,4.01168,t_pose,0.0368842,,0,,nan,
golem_ik,kinematic,golem_ik,nan,,0,b052_d80_e20,52,0.8,0.2,0.211529,0.899715,-0.187617,0.596369,0.053031,-0.355782,0.646618,1,0,0,0,nan,0.445544,0.406487,0.484602,0.0788344,0.129082,0.445544,0.103958,1.0024,1.0024,1.0024,0,0,nan,,,nan,nan,,,,,,,,,,,,,0,1,4.0102,t_pose,0.0358536,,0,,nan,
golem_ik,kinematic,golem_ik,nan,,0,b052_d90_e00,52,0.9,0,0.15735,0.707194,-0.287617,0.406853,-0.0108723,-0.455782,0.546618,1,0,0,0,nan,0.411764,0.343813,0.479714,0.0654333,0.190344,0.411764,0.127889,1.0024,1.0024,1.0024,0,0,nan,,,nan,nan,,,,,,,,,,,,,0,1,4.00546,t_pose,0.0395298,,0,,nan,
golem_ik,kinematic,golem_ik,nan,,0,b052_d90_e10,52,0.9,0.1,0.18444,0.803454,-0.287617,0.501611,0.0210793,-0.455782,0.546618,1,0,0,0,nan,0.462205,0.406009,0.518401,0.0763367,0.173607,0.462205,0.124972,1.0024,1.0024,1.0024,0,0,nan,,,nan,nan,,,,,,,,,,,,,0,1,4.00931,t_pose,0.0374454,,0,,nan,
golem_ik,kinematic,golem_ik,nan,,0,b052_d90_e20,52,0.9,0.2,0.211529,0.899715,-0.287617,0.596369,0.053031,-0.455782,0.546618,1,0,0,0,nan,0.520141,0.473863,0.566419,0.0854382,0.157372,0.520141,0.121405,1.0024,1.0024,1.0024,0,0,nan,,,nan,nan,,,,,,,,,,,,,0,1,4.0074,t_pose,0.0362365,,0,,nan,
golem_ik,kinematic,golem_ik,nan,,0,b052_d100_e00,52,1,0,0.15735,0.707194,-0.387617,0.406853,-0.0108723,-0.555782,0.446618,1,0,0,0,nan,0.497867,0.425215,0.570519,0.0704092,0.221158,0.497867,0.145784,1.0024,1.0024,1.0024,0,0,nan,,,nan,nan,,,,,,,,,,,,,0,1,4.00698,t_pose,0.0399284,,0,,nan,
golem_ik,kinematic,golem_ik,nan,,0,b052_d100_e10,52,1,0.1,0.18444,0.803454,-0.387617,0.501611,0.0210793,-0.555782,0.446618,1,0,0,0,nan,0.54455,0.482723,0.606377,0.0810977,0.202281,0.54455,0.14169,1.0024,1.0024,1.0024,0,0,nan,,,nan,nan,,,,,,,,,,,,,0,1,4.00772,t_pose,0.0379324,,0,,nan,
golem_ik,kinematic,golem_ik,nan,,0,b052_d100_e20,52,1,0.2,0.211529,0.899715,-0.387617,0.596369,0.053031,-0.555782,0.446618,1,0,0,0,nan,0.598467,0.546074,0.65086,0.0900379,0.18413,0.598467,0.137084,1.0024,1.0024,1.0024,0,0,nan,,,nan,nan,,,,,,,,,,,,,0,1,4.00786,t_pose,0.0366328,,0,,nan,
golem_ik,kinematic,golem_ik,nan,,0,b053_d00_e00,53,0,0,0.233957,0.158444,0.299176,0.360442,-0.0180849,0.57161,1.30158,0,1,1,1,nan,4.14539e-05,1.67447e-05,6.6163e-05,2.95713e-05,9.08495e-05,4.14539e-05,6.02104e-05,1.0024,1.0024,1.0024,0,0,nan,,,nan,nan,,,,,,,,,,,,,0,1,0.0947399,home,0.0246398,,0,,nan,
golem_ik,kinematic,golem_ik,nan,,0,b053_d00_e10,53,0,0.1,0.333859,0.162878,0.299176,0.454513,0.0158369,0.57161,1.30158,0,1,1,1,nan,1.9794e-05,2.03286e-08,3.95677e-05,6.92589e-09,3.90865e-05,1.9794e-05,1.95467e-05,1.0024,1.0024,1.0024,0,0,nan,,,nan,nan,,,,,,,,,,,,,0,1,0.111819,home,0.0337042,,0,,nan,
golem_ik,kinematic,golem_ik,nan,,0,b053_d00_e20,53,0,0.2,0.433761,0.167313,0.299176,0.548584,0.0497587,0.57161,1.30158,0,0,1,0,nan,0.0297002,1.24127e-16,0.0594005,1.45871e-16,0.000811182,0.0297002,0.000405591,1.0024,1.0024,1.0024,0,0,nan,,,nan,nan,,,,,,,,,,,,,0,1,4.00524,current,0.0200003,,0,,nan,
golem_ik,kinematic,golem_ik,nan,,0,b053_d10_e00,53,0.1,0,0.233957,0.158444,0.199176,0.360442,-0.0180849,0.47161,1.20158,0,1,1,1,nan,2.14715e-05,1.64773e-06,4.12952e-05,1.96677e-06,4.82539e-05,2.14715e-05,2.51103e-05,1.0024,1.0024,1.0024,0,0,nan,,,nan,nan,,,,,,,,,,,,,0,1,0.0956566,home,0.0216271,,0,,nan,
golem_ik,kinematic,golem_ik,nan,,0,b053_d10_e10,53,0.1,0.1,0.333859,0.162878,0.199176,0.454513,0.0158369,0.47161,1.20158,0,1,1,1,nan,2.02505e-05,2.12205e-07,4.02889e-05,8.7453e-08,3.70485e-05,2.02505e-05,1.8568e-05,1.0024,1.0024,1.0024,0,0,nan,,,nan,nan,,,,,,,,,,,,,0,1,0.112648,home,0.0295305,,0,,nan,
golem_ik,kinematic,golem_ik,nan,,0,b053_d10_e20,53,0.1,0.2,0.433761,0.167313,0.199176,0.548584,0.0497587,0.47161,1.20158,0,1,1,1,nan,0.0235553,6.20634e-17,0.0471107,2.28468e-16,0.00103704,0.0235553,0.000518522,1.0024,1.0024,1.0024,0,0,nan,,,nan,nan,,,,,,,,,,,,,0,1,4.01021,home,0.0241286,,0,,nan,
golem_ik,kinematic,golem_ik,nan,,0,b053_d20_e00,53,0.2,0,0.233957,0.158444,0.0991762,0.360442,-0.0180849,0.37161,1.10158,0,1,1,1,nan,0.0103323,0.0206645,6.05913e-17,0.0132365,5.48403e-16,0.0103323,0.00661827,1.0024,1.0024,1.0024,0,0,nan,,,nan,nan,,,,,,,,,,,,,0,1,4.00688,arms_front_45,0.0167056,,0,,nan,
golem_ik,kinematic,golem_ik,nan,,0,b053_d20_e10,53,0.2,0.1,0.333859,0.162878,0.0991762,0.454513,0.0158369,0.37161,1.10158,0,1,1,1,nan,0.00234136,0.00468272,6.54614e-17,0.0029736,8.56666e-16,0.00234136,0.0014868,1.0024,1.0024,1.0024,0,0,nan,,,nan,nan,,,,,,,,,,,,,0,1,4.01097,t_pose,0.0195375,,0,,nan,
golem_ik,kinematic,golem_ik,nan,,0,b053_d20_e20,53,0.2,0.2,0.433761,0.167313,0.0991762,0.548584,0.0497587,0.37161,1.10158,0,0,1,0,nan,0.0307445,0.00904254,0.0524464,0.00263711,0.00526798,0.0307445,0.00395255,1.0024,1.0024,1.0024,0,0,nan,,,nan,nan,,,,,,,,,,,,,0,1,4.00672,arms_front_45,0.0321585,,0,,nan,
golem_ik,kinematic,golem_ik,nan,,0,b053_d30_e00,53,0.3,0,0.233957,0.158444,-0.000823814,0.360442,-0.0180849,0.27161,1.00158,0,0,0,1,nan,0.0253473,0.0506947,5.55112e-17,0.0216809,8.32847e-16,0.0253473,0.0108405,1.0024,1.0024,1.0024,0,0,nan,,,nan,nan,,,,,,,,,,,,,0,1,4.00716,current,0.0177491,,0,,nan,
golem_ik,kinematic,golem_ik,nan,,0,b053_d30_e10,53,0.3,0.1,0.333859,0.162878,-0.000823814,0.454513,0.0158369,0.27161,1.00158,0,1,1,1,nan,0.0119585,0.023917,1.04083e-17,0.0149047,6.76163e-16,0.0119585,0.00745234,1.0024,1.0024,1.0024,0,0,nan,,,nan,nan,,,,,,,,,,,,,0,1,4.00056,arms_front_45,0.0259368,,0,,nan,
golem_ik,kinematic,golem_ik,nan,,0,b053_d30_e20,53,0.3,0.2,0.433761,0.167313,-0.000823814,0.548584,0.0497587,0.27161,1.00158,0,0,0,0,nan,0.0768509,0.0727742,0.0809275,0.0186904,0.0192479,0.0768509,0.0189692,1.0024,1.0024,1.0024,0,0,nan,,,nan,nan,,,,,,,,,,,,,0,1,4.0074,arms_front_45,0.0357369,,0,,nan,
golem_ik,kinematic,golem_ik,nan,,0,b053_d40_e00,53,0.4,0,0.233957,0.158444,-0.100824,0.360442,-0.0180849,0.17161,0.901576,0,0,0,1,nan,0.0346709,0.0693417,2.08167e-17,0.037127,8.53798e-16,0.0346709,0.0185635,1.0024,1.0024,1.0024,0,0,nan,,,nan,nan,,,,,,,,,,,,,0,1,4.00509,home,0.0180615,,0,,nan,
golem_ik,kinematic,golem_ik,nan,,0,b053_d40_e10,53,0.4,0.1,0.333859,0.162878,-0.100824,0.454513,0.0158369,0.17161,0.901576,0,0,0,0,nan,0.0742989,0.0959692,0.0526286,0.0316029,0.0213494,0.0742989,0.0264762,1.0024,1.0024,1.0024,0,0,nan,,,nan,nan,,,,,,,,,,,,,0,1,4.00058,home,0.0216692,,0,,nan,
golem_ik,kinematic,golem_ik,nan,,0,b053_d40_e20,53,0.4,0.2,0.433761,0.167313,-0.100824,0.548584,0.0497587,0.17161,0.901576,0,0,0,0,nan,0.136011,0.146033,0.125989,0.0344601,0.0401691,0.136011,0.0373146,1.0024,1.0024,1.0024,0,0,nan,,,nan,nan,,,,,,,,,,,,,0,1,4.00903,arms_front_45,0.0338771,,0,,nan,
golem_ik,kinematic,golem_ik,nan,,0,b053_d50_e00,53,0.5,0,0.233957,0.158444,-0.200824,0.360442,-0.0180849,0.0716105,0.801576,1,0,0,0,nan,0.112009,0.155499,0.0685179,0.0662595,0.0461957,0.112009,0.0562276,1.0024,1.0024,1.0024,0,0,nan,,,nan,nan,,,,,,,,,,,,,0,1,4.00805,current,0.0185159,,0,,nan,
golem_ik,kinematic,golem_ik,nan,,0,b053_d50_e10,53,0.5,0.1,0.333859,0.162878,-0.200824,0.454513,0.0158369,0.0716105,0.801576,1,0,0,0,nan,0.149577,0.182937,0.116217,0.0539884,0.0583115,0.149577,0.0561499,1.0024,1.0024,1.0024,0,0,nan,,,nan,nan,,,,,,,,,,,,,0,1,4.00061,home,0.0227455,,0,,nan,
golem_ik,kinematic,golem_ik,nan,,0,b053_d50_e20,53,0.5,0.2,0.433761,0.167313,-0.200824,0.548584,0.0497587,0.0716105,0.801576,1,0,0,0,nan,0.204354,0.226533,0.182176,0.0522373,0.0669475,0.204354,0.0595924,1.0024,1.0024,1.0024,0,0,nan,,,nan,nan,,,,,,,,,,,,,0,1,4.00598,arms_front_45,0.0322678,,0,,nan,
golem_ik,kinematic,golem_ik,nan,,0,b053_d60_e00,53,0.6,0,0.233957,0.158444,-0.300824,0.360442,-0.0180849,-0.0283895,0.701576,1,0,0,0,nan,0.196584,0.247799,0.145369,0.0924454,0.0888671,0.196584,0.0906562,1.0024,1.0024,1.0024,0,0,nan,,,nan,nan,,,,,,,,,,,,,0,1,4.01232,t_pose,0.0194689,,0,,nan,
golem_ik,kinematic,golem_ik,nan,,0,b053_d60_e10,53,0.6,0.1,0.333859,0.162878,-0.300824,0.454513,0.0158369,-0.0283895,0.701576,1,0,0,0,nan,0.230664,0.27289,0.188439,0.0784299,0.0968847,0.230664,0.0876573,1.0024,1.0024,1.0024,0,0,nan,,,nan,nan,,,,,,,,,,,,,0,1,4.00545,arms_front_45,0.0244522,,0,,nan,
golem_ik,kinematic,golem_ik,nan,,0,b053_d60_e20,53,0.6,0.2,0.433761,0.167313,-0.300824,0.548584,0.0497587,-0.0283895,0.701576,1,0,0,0,nan,0.279214,0.31157,0.246858,0.0715823,0.101904,0.279214,0.0867432,1.0024,1.0024,1.0024,0,0,nan,,,nan,nan,,,,,,,,,,,,,0,1,4.00834,arms_front_45,0.027121,,0,,nan,
golem_ik,kinematic,golem_ik,nan,,0,b053_d70_e00,53,0.7,0,0.233957,0.158444,-0.400824,0.360442,-0.0180849,-0.12839,0.601576,1,0,0,0,nan,0.285183,0.342002,0.228364,0.116622,0.130274,0.285183,0.123448,1.0024,1.0024,1.0024,0,0,nan,,,nan,nan,,,,,,,,,,,,,0,1,4.00796,current,0.019935,,0,,nan,
golem_ik,kinematic,golem_ik,nan,,0,b053_d70_e10,53,0.7,0.1,0.333859,0.162878,-0.400824,0.454513,0.0158369,-0.12839,0.601576,1,0,0,0,nan,0.315841,0.364833,0.266849,0.101855,0.134445,0.315841,0.11815,1.0024,1.0024,1.0024,0,0,nan,,,nan,nan,,,,,,,,,,,,,0,1,4.00392,arms_front_45,0.02537,,0,,nan,
golem_ik,kinematic,golem_ik,nan,,0,b053_d70_e20,53,0.7,0.2,0.433761,0.167313,-0.400824,0.548584,0.0497587,-0.12839,0.601576,1,0,0,0,nan,0.359191,0.399646,0.318737,0.0916023,0.138595,0.359191,0.115099,1.0024,1.0024,1.0024,0,0,nan,,,nan,nan,,,,,,,,,,,,,0,1,4.00924,arms_front_45,0.0249675,,0,,nan,
golem_ik,kinematic,golem_ik,nan,,0,b053_d80_e00,53,0.8,0,0.233957,0.158444,-0.500824,0.360442,-0.0180849,-0.22839,0.501576,1,0,0,0,nan,0.375621,0.437282,0.313959,0.139291,0.173041,0.375621,0.156166,1.0024,1.0024,1.0024,0,0,nan,,,nan,nan,,,,,,,,,,,,,0,1,4.01026,arms_front_45,0.0199958,,0,,nan,
golem_ik,kinematic,golem_ik,nan,,0,b053_d80_e10,53,0.8,0.1,0.333859,0.162878,-0.500824,0.454513,0.0158369,-0.22839,0.501576,1,0,0,0,nan,0.40345,0.458185,0.348716,0.123884,0.17344,0.40345,0.148662,1.0024,1.0024,1.0024,0,0,nan,,,nan,nan,,,,,,,,,,,,,0,1,4.00368,arms_front_45,0.026716,,0,,nan,
golem_ik,kinematic,golem_ik,nan,,0,b053_d80_e20,53,0.8,0.2,0.433761,0.167313,-0.500824,0.548584,0.0497587,-0.22839,0.501576,1,0,0,0,nan,0.442765,0.489877,0.395653,0.111306,0.174097,0.442765,0.142701,1.0024,1.0024,1.0024,0,0,nan,,,nan,nan,,,,,,,,,,,,,0,1,4.00921,arms_front_45,0.0251085,,0,,nan,
golem_ik,kinematic,golem_ik,nan,,0,b053_d90_e00,53,0.9,0,0.233957,0.158444,-0.600824,0.360442,-0.0180849,-0.32839,0.401576,1,0,0,0,nan,0.467284,0.533228,0.401341,0.161036,0.214811,0.467284,0.187924,1.0024,1.0024,1.0024,0,0,nan,,,nan,nan,,,,,,,,,,,,,0,1,4.00744,home,0.0237202,,0,,nan,
golem_ik,kinematic,golem_ik,nan,,0,b053_d90_e10,53,0.9,0.1,0.333859,0.162878,-0.600824,0.454513,0.0158369,-0.32839,0.401576,1,0,0,0,nan,0.492869,0.5526,0.433137,0.144273,0.211864,0.492869,0.178068,1.0024,1.0024,1.0024,0,0,nan,,,nan,nan,,,,,,,,,,,,,0,1,4.01274,arms_front_45,0.0281542,,0,,nan,
golem_ik,kinematic,golem_ik,nan,,0,b053_d90_e20,53,0.9,0.2,0.433761,0.167313,-0.600824,0.548584,0.0497587,-0.32839,0.401576,1,0,0,0,nan,0.528878,0.581712,0.476043,0.12999,0.209266,0.528878,0.169628,1.0024,1.0024,1.0024,0,0,nan,,,nan,nan,,,,,,,,,,,,,0,1,4.01015,arms_front_45,0.0258146,,0,,nan,
golem_ik,kinematic,golem_ik,nan,,0,b053_d100_e00,53,1,0,0.233957,0.158444,-0.700824,0.360442,-0.0180849,-0.42839,0.301576,1,0,0,0,nan,0.559986,0.629781,0.490191,0.18057,0.254367,0.559986,0.217468,1.0024,1.0024,1.0024,0,0,nan,,,nan,nan,,,,,,,,,,,,,0,1,4.00752,home,0.0274471,,0,,nan,
golem_ik,kinematic,golem_ik,nan,,0,b053_d100_e10,53,1,0.1,0.333859,0.162878,-0.700824,0.454513,0.0158369,-0.42839,0.301576,1,0,0,0,nan,0.583719,0.647847,0.519591,0.163086,0.248587,0.583719,0.205837,1.0024,1.0024,1.0024,0,0,nan,,,nan,nan,,,,,,,,,,,,,0,1,4.00921,home,0.0295566,,0,,nan,
golem_ik,kinematic,golem_ik,nan,,0,b053_d100_e20,53,1,0.2,0.433761,0.167313,-0.700824,0.548584,0.0497587,-0.42839,0.301576,1,0,0,0,nan,0.617035,0.674794,0.559276,0.147211,0.242478,0.617035,0.194845,1.0024,1.0024,1.0024,0,0,nan,,,nan,nan,,,,,,,,,,,,,0,1,4.00611,arms_front_45,0.0268428,,0,,nan,
golem_ik,kinematic,golem_ik,nan,,0,b054_d00_e00,54,0,0,0.389733,0.566475,0.270986,0.409001,0.0659859,0.660796,1.27339,0,1,1,1,nan,0.000344846,0.000481217,0.000208474,0.000325935,0.000391345,0.000344846,0.00035864,1.0024,1.0024,1.0024,0,0,nan,,,nan,nan,,,,,,,,,,,,,0,1,0.11653,home,0.0196404,,0,,nan,
golem_ik,kinematic,golem_ik,nan,,0,b054_d00_e10,54,0,0.1,0.457892,0.639649,0.270986,0.497601,0.112354,0.660796,1.27339,0,0,0,0,nan,0.084739,0.0918247,0.0776532,0.00176673,0.000740581,0.084739,0.00125366,1.0024,1.0024,1.0024,0,0,nan,,,nan,nan,,,,,,,,,,,,,0,1,4.01094,t_pose,0.0192853,,0,,nan,
golem_ik,kinematic,golem_ik,nan,,0,b054_d00_e20,54,0,0.2,0.52605,0.712823,0.270986,0.586201,0.158722,0.660796,1.27339,0,0,0,0,nan,0.179467,0.189003,0.169931,0.00391221,0.000826835,0.179467,0.00236952,1.0024,1.0024,1.0024,0,0,nan,,,nan,nan,,,,,,,,,,,,,0,1,4.00929,t_pose,0.0197995,,0,,nan,
golem_ik,kinematic,golem_ik,nan,,0,b054_d10_e00,54,0.1,0,0.389733,0.566475,0.170986,0.409001,0.0659859,0.560796,1.17339,0,1,1,1,nan,0.0163608,0.0327217,1.30923e-16,0.000299252,4.856e-16,0.0163608,0.000149626,1.0024,1.0024,1.0024,0,0,nan,,,nan,nan,,,,,,,,,,,,,0,1,3.11669,arms_front_45,0.0298376,,1,,nan,
golem_ik,kinematic,golem_ik,nan,,0,b054_d10_e10,54,0.1,0.1,0.457892,0.639649,0.170986,0.497601,0.112354,0.560796,1.17339,0,0,0,1,nan,0.0859632,0.12357,0.0483558,0.00154439,5.22896e-05,0.0859632,0.000798339,1.0024,1.0024,1.0024,0,0,nan,,,nan,nan,,,,,,,,,,,,,0,1,4.00649,t_pose,0.0201075,,0,,nan,
golem_ik,kinematic,golem_ik,nan,,0,b054_d10_e20,54,0.1,0.2,0.52605,0.712823,0.170986,0.586201,0.158722,0.560796,1.17339,0,0,0,0,nan,0.180293,0.216711,0.143874,0.00322201,0.000508543,0.180293,0.00186528,1.0024,1.0024,1.0024,0,0,nan,,,nan,nan,,,,,,,,,,,,,0,1,4.01024,t_pose,0.019851,,0,,nan,
golem_ik,kinematic,golem_ik,nan,,0,b054_d20_e00,54,0.2,0,0.389733,0.566475,0.0709858,0.409001,0.0659859,0.460796,1.07339,0,0,0,1,nan,0.0418269,0.0836539,5.55112e-17,0.000184622,3.20599e-16,0.0418269,9.23111e-05,1.0024,1.0024,1.0024,0,0,nan,,,nan,nan,,,,,,,,,,,,,0,1,4.00943,arms_front_45,0.0402892,,0,,nan,
golem_ik,kinematic,golem_ik,nan,,0,b054_d20_e10,54,0.2,0.1,0.457892,0.639649,0.0709858,0.497601,0.112354,0.460796,1.07339,0,0,0,1,nan,0.101433,0.168032,0.0348342,0.00105504,0.000559863,0.101433,0.000807451,1.0024,1.0024,1.0024,0,0,nan,,,nan,nan,,,,,,,,,,,,,0,1,4.00743,t_pose,0.0224372,,0,,nan,
golem_ik,kinematic,golem_ik,nan,,0,b054_d20_e20,54,0.2,0.2,0.52605,0.712823,0.0709858,0.586201,0.158722,0.460796,1.07339,0,0,0,0,nan,0.194955,0.256015,0.133895,0.00238859,0.0102596,0.194955,0.00632412,1.0024,1.0024,1.0024,0,0,nan,,,nan,nan,,,,,,,,,,,,,0,1,4.00883,t_pose,0.02288,,0,,nan,
golem_ik,kinematic,golem_ik,nan,,0,b054_d30_e00,54,0.3,0,0.389733,0.566475,-0.0290142,0.409001,0.0659859,0.360796,0.973386,0,0,0,1,nan,0.072703,0.145406,1.83656e-13,0.000518906,2.81085e-14,0.072703,0.000259453,1.0024,1.0024,1.0024,0,0,nan,,,nan,nan,,,,,,,,,,,,,0,1,4.00858,arms_front_45,0.0403408,,0,,nan,
golem_ik,kinematic,golem_ik,nan,,0,b054_d30_e10,54,0.3,0.1,0.457892,0.639649,-0.0290142,0.497601,0.112354,0.360796,0.973386,0,0,0,1,nan,0.134316,0.223004,0.0456267,0.000186782,0.00370151,0.134316,0.00194414,1.0024,1.0024,1.0024,0,0,nan,,,nan,nan,,,,,,,,,,,,,0,1,3.06004,arms_front_45,0.033194,,1,,nan,
golem_ik,kinematic,golem_ik,nan,,0,b054_d30_e20,54,0.3,0.2,0.52605,0.712823,-0.0290142,0.586201,0.158722,0.360796,0.973386,0,0,0,0,nan,0.223986,0.305319,0.142653,0.00131572,0.0175548,0.223986,0.00943525,1.0024,1.0024,1.0024,0,0,nan,,,nan,nan,,,,,,,,,,,,,0,1,4.00288,t_pose,0.0316997,,0,,nan,
golem_ik,kinematic,golem_ik,nan,,0,b054_d40_e00,54,0.4,0,0.389733,0.566475,-0.129014,0.409001,0.0659859,0.260796,0.873386,1,0,0,1,nan,0.107681,0.215353,9.87809e-06,0.00176821,1.24326e-06,0.107681,0.000884727,1.0024,1.0024,1.0024,0,0,nan,,,nan,nan,,,,,,,,,,,,,0,1,4.00739,t_pose,0.0407209,,0,,nan,
golem_ik,kinematic,golem_ik,nan,,0,b054_d40_e10,54,0.4,0.1,0.457892,0.639649,-0.129014,0.497601,0.112354,0.260796,0.873386,1,0,0,0,nan,0.179635,0.286436,0.0728346,0.00107446,0.013459,0.179635,0.00726675,1.0024,1.0024,1.0024,0,0,nan,,,nan,nan,,,,,,,,,,,,,0,1,4.009,t_pose,0.0429095,,0,,nan,
golem_ik,kinematic,golem_ik,nan,,0,b054_d40_e20,54,0.4,0.2,0.52605,0.712823,-0.129014,0.586201,0.158722,0.260796,0.873386,1,0,0,0,nan,0.264486,0.363001,0.165971,3.04124e-05,0.0284498,0.264486,0.0142401,1.0024,1.0024,1.0024,0,0,nan,,,nan,nan,,,,,,,,,,,,,0,1,4.00342,t_pose,0.0400656,,0,,nan,
golem_ik,kinematic,golem_ik,nan,,0,b054_d50_e00,54,0.5,0,0.389733,0.566475,-0.229014,0.409001,0.0659859,0.160796,0.773386,1,0,0,1,nan,0.163184,0.291411,0.0349582,0.00345176,0.012721,0.163184,0.00808637,1.0024,1.0024,1.0024,0,0,nan,,,nan,nan,,,,,,,,,,,,,0,1,4.00778,arms_front_45,0.0342149,,0,,nan,
golem_ik,kinematic,golem_ik,nan,,0,b054_d50_e10,54,0.5,0.1,0.457892,0.639649,-0.229014,0.497601,0.112354,0.160796,0.773386,1,0,0,0,nan,0.235721,0.356506,0.114936,0.00267798,0.0303851,0.235721,0.0165316,1.0024,1.0024,1.0024,0,0,nan,,,nan,nan,,,,,,,,,,,,,0,1,4.01304,arms_front_45,0.0390731,,0,,nan,
golem_ik,kinematic,golem_ik,nan,,0,b054_d50_e20,54,0.5,0.2,0.52605,0.712823,-0.229014,0.586201,0.158722,0.160796,0.773386,1,0,0,0,nan,0.314755,0.42757,0.20194,0.00163245,0.0431792,0.314755,0.0224058,1.0024,1.0024,1.0024,0,0,nan,,,nan,nan,,,,,,,,,,,,,0,1,4.0076,t_pose,0.041256,,0,,nan,
golem_ik,kinematic,golem_ik,nan,,0,b054_d60_e00,54,0.6,0,0.389733,0.566475,-0.329014,0.409001,0.0659859,0.0607956,0.673386,1,0,0,0,nan,0.236403,0.372081,0.100724,0.00545047,0.0418222,0.236403,0.0236363,1.0024,1.0024,1.0024,0,0,nan,,,nan,nan,,,,,,,,,,,,,0,1,4.0084,arms_front_45,0.0280165,,0,,nan,
golem_ik,kinematic,golem_ik,nan,,0,b054_d60_e10,54,0.6,0.1,0.457892,0.639649,-0.329014,0.497601,0.112354,0.0607956,0.673386,1,0,0,0,nan,0.301185,0.431808,0.170562,0.0045498,0.0551185,0.301185,0.0298342,1.0024,1.0024,1.0024,0,0,nan,,,nan,nan,,,,,,,,,,,,,0,1,4.00373,arms_front_45,0.0333908,,0,,nan,
golem_ik,kinematic,golem_ik,nan,,0,b054_d60_e20,54,0.6,0.2,0.52605,0.712823,-0.329014,0.586201,0.158722,0.0607956,0.673386,1,0,0,0,nan,0.373663,0.497738,0.249588,0.00344813,0.0652504,0.373663,0.0343493,1.0024,1.0024,1.0024,0,0,nan,,,nan,nan,,,,,,,,,,,,,0,1,4.0092,arms_front_45,0.0377649,,0,,nan,
golem_ik,kinematic,golem_ik,nan,,0,b054_d70_e00,54,0.7,0,0.389733,0.566475,-0.429014,0.409001,0.0659859,-0.0392044,0.573386,1,0,0,0,nan,0.315392,0.456254,0.174529,0.00780726,0.0765811,0.315392,0.0421942,1.0024,1.0024,1.0024,0,0,nan,,,nan,nan,,,,,,,,,,,,,0,1,4.01021,t_pose,0.0263388,,0,,nan,
golem_ik,kinematic,golem_ik,nan,,0,b054_d70_e10,54,0.7,0.1,0.457892,0.639649,-0.429014,0.497601,0.112354,-0.0392044,0.573386,1,0,0,0,nan,0.373449,0.511216,0.235682,0.0066085,0.0857195,0.373449,0.046164,1.0024,1.0024,1.0024,0,0,nan,,,nan,nan,,,,,,,,,,,,,0,1,4.01206,arms_front_45,0.0277313,,0,,nan,
golem_ik,kinematic,golem_ik,nan,,0,b054_d70_e20,54,0.7,0.2,0.52605,0.712823,-0.429014,0.586201,0.158722,-0.0392044,0.573386,1,0,0,0,nan,0.439864,0.572466,0.307261,0.00543134,0.0920785,0.439864,0.0487549,1.0024,1.0024,1.0024,0,0,nan,,,nan,nan,,,,,,,,,,,,,0,1,4.01218,arms_front_45,0.0327901,,0,,nan,
golem_ik,kinematic,golem_ik,nan,,0,b054_d80_e00,54,0.8,0,0.389733,0.566475,-0.529014,0.409001,0.0659859,-0.139204,0.473386,1,0,0,0,nan,0.398287,0.543157,0.253416,0.013253,0.113857,0.398287,0.0635548,1.0024,1.0024,1.0024,0,0,nan,,,nan,nan,,,,,,,,,,,,,0,1,4.00728,t_pose,0.0214897,,0,,nan,
golem_ik,kinematic,golem_ik,nan,,0,b054_d80_e10,54,0.8,0.1,0.457892,0.639649,-0.529014,0.497601,0.112354,-0.139204,0.473386,1,0,0,0,nan,0.450743,0.593878,0.307607,0.00878594,0.119404,0.450743,0.0640952,1.0024,1.0024,1.0024,0,0,nan,,,nan,nan,,,,,,,,,,,,,0,1,4.012,t_pose,0.0239729,,0,,nan,
golem_ik,kinematic,golem_ik,nan,,0,b054_d80_e20,54,0.8,0.2,0.52605,0.712823,-0.529014,0.586201,0.158722,-0.139204,0.473386,1,0,0,0,nan,0.511689,0.65089,0.372487,0.00755623,0.121657,0.511689,0.0646068,1.0024,1.0024,1.0024,0,0,nan,,,nan,nan,,,,,,,,,,,,,0,1,4.00938,arms_front_45,0.0282304,,0,,nan,
golem_ik,kinematic,golem_ik,nan,,0,b054_d90_e00,54,0.9,0,0.389733,0.566475,-0.629014,0.409001,0.0659859,-0.239204,0.373386,1,0,0,0,nan,0.484091,0.632212,0.335969,0.0195158,0.150931,0.484091,0.0852234,1.0024,1.0024,1.0024,0,0,nan,,,nan,nan,,,,,,,,,,,,,0,1,4.00707,t_pose,0.0200495,,0,,nan,
golem_ik,kinematic,golem_ik,nan,,0,b054_d90_e10,54,0.9,0.1,0.457892,0.639649,-0.629014,0.497601,0.112354,-0.239204,0.373386,1,0,0,0,nan,0.531865,0.679144,0.384586,0.0126287,0.153245,0.531865,0.0829371,1.0024,1.0024,1.0024,0,0,nan,,,nan,nan,,,,,,,,,,,,,0,1,4.00756,t_pose,0.023119,,0,,nan,
golem_ik,kinematic,golem_ik,nan,,0,b054_d90_e20,54,0.9,0.2,0.52605,0.712823,-0.629014,0.586201,0.158722,-0.239204,0.373386,1,0,0,0,nan,0.587914,0.732341,0.443488,0.00973709,0.152916,0.587914,0.0813266,1.0024,1.0024,1.0024,0,0,nan,,,nan,nan,,,,,,,,,,,,,0,1,4.00915,t_pose,0.0249981,,0,,nan,
golem_ik,kinematic,golem_ik,nan,,0,b054_d100_e00,54,1,0,0.389733,0.566475,-0.729014,0.409001,0.0659859,-0.339204,0.273386,1,0,0,0,nan,0.572041,0.722962,0.42112,0.0258245,0.187784,0.572041,0.106804,1.0024,1.0024,1.0024,0,0,nan,,,nan,nan,,,,,,,,,,,,,0,1,4.00777,t_pose,0.019913,,0,,nan,
golem_ik,kinematic,golem_ik,nan,,0,b054_d100_e10,54,1,0.1,0.457892,0.639649,-0.729014,0.497601,0.112354,-0.339204,0.273386,1,0,0,0,nan,0.615899,0.766536,0.465262,0.0185426,0.186256,0.615899,0.102399,1.0024,1.0024,1.0024,0,0,nan,,,nan,nan,,,,,,,,,,,,,0,1,4.01289,t_pose,0.0199922,,0,,nan,
golem_ik,kinematic,golem_ik,nan,,0,b054_d100_e20,54,1,0.2,0.52605,0.712823,-0.729014,0.586201,0.158722,-0.339204,0.273386,1,0,0,0,nan,0.667656,0.816262,0.51905,0.0122561,0.184119,0.667656,0.0981877,1.0024,1.0024,1.0024,0,0,nan,,,nan,nan,,,,,,,,,,,,,0,1,4.01147,t_pose,0.0226427,,0,,nan,
golem_ik,kinematic,golem_ik,nan,,0,b055_d00_e00,55,0,0,0.417168,0.454463,0.265145,0.488078,0.00282713,0.596881,1.26755,0,1,1,1,nan,0.00015301,1.17348e-07,0.000305902,5.86397e-08,0.00029099,0.00015301,0.000145524,1.0024,1.0024,1.0024,0,0,nan,,,nan,nan,,,,,,,,,,,,,0,1,0.0896459,home,0.0259056,,0,,nan,
golem_ik,kinematic,golem_ik,nan,,0,b055_d00_e10,55,0,0.1,0.497764,0.51366,0.265145,0.583616,0.0323625,0.596881,1.26755,0,0,0,0,nan,0.0762133,0.0618209,0.0906056,0.015953,0.00209761,0.0762133,0.00902528,1.0024,1.0024,1.0024,0,0,nan,,,nan,nan,,,,,,,,,,,,,0,1,4.00718,t_pose,0.0238542,,0,,nan,
golem_ik,kinematic,golem_ik,nan,,0,b055_d00_e20,55,0,0.2,0.578361,0.572856,0.265145,0.679155,0.0618979,0.596881,1.26755,0,0,0,0,nan,0.172081,0.156235,0.187927,0.0356296,0.00459683,0.172081,0.0201132,1.0024,1.0024,1.0024,0,0,nan,,,nan,nan,,,,,,,,,,,,,0,1,4.00608,t_pose,0.0254462,,0,,nan,
golem_ik,kinematic,golem_ik,nan,,0,b055_d10_e00,55,0.1,0,0.417168,0.454463,0.165145,0.488078,0.00282713,0.496881,1.16755,0,1,1,1,nan,0.0052157,0.0104314,1.22431e-16,0.00301696,2.2358e-16,0.0052157,0.00150848,1.0024,1.0024,1.0024,0,0,nan,,,nan,nan,,,,,,,,,,,,,0,1,4.00046,current,0.0365235,,0,,nan,
golem_ik,kinematic,golem_ik,nan,,0,b055_d10_e10,55,0.1,0.1,0.497764,0.51366,0.165145,0.583616,0.0323625,0.496881,1.16755,0,0,0,0,nan,0.0860334,0.0968658,0.0752009,0.0248119,0.0043771,0.0860334,0.0145945,1.0024,1.0024,1.0024,0,0,nan,,,nan,nan,,,,,,,,,,,,,0,1,4.0107,t_pose,0.0290795,,0,,nan,
golem_ik,kinematic,golem_ik,nan,,0,b055_d10_e20,55,0.1,0.2,0.578361,0.572856,0.165145,0.679155,0.0618979,0.496881,1.16755,0,0,0,0,nan,0.180758,0.186854,0.174662,0.0430182,0.0111113,0.180758,0.0270647,1.0024,1.0024,1.0024,0,0,nan,,,nan,nan,,,,,,,,,,,,,0,1,4.00959,t_pose,0.0302756,,0,,nan,
golem_ik,kinematic,golem_ik,nan,,0,b055_d20_e00,55,0.2,0,0.417168,0.454463,0.0651452,0.488078,0.00282713,0.396881,1.06755,0,0,0,1,nan,0.0319798,0.0639596,1.51788e-17,0.0169522,1.01753e-16,0.0319798,0.00847609,1.0024,1.0024,1.0024,0,0,nan,,,nan,nan,,,,,,,,,,,,,0,1,4.0005,arms_front_45,0.0447115,,0,,nan,
golem_ik,kinematic,golem_ik,nan,,0,b055_d20_e10,55,0.2,0.1,0.497764,0.51366,0.0651452,0.583616,0.0323625,0.396881,1.06755,0,0,0,0,nan,0.111176,0.144141,0.0782098,0.0351427,0.012385,0.111176,0.0237639,1.0024,1.0024,1.0024,0,0,nan,,,nan,nan,,,,,,,,,,,,,0,1,4.01222,t_pose,0.0384854,,0,,nan,
golem_ik,kinematic,golem_ik,nan,,0,b055_d20_e20,55,0.2,0.2,0.578361,0.572856,0.0651452,0.679155,0.0618979,0.396881,1.06755,0,0,0,0,nan,0.202847,0.228862,0.176832,0.0513805,0.0245831,0.202847,0.0379818,1.0024,1.0024,1.0024,0,0,nan,,,nan,nan,,,,,,,,,,,,,0,1,4.00669,t_pose,0.03736,,0,,nan,
golem_ik,kinematic,golem_ik,nan,,0,b055_d30_e00,55,0.3,0,0.417168,0.454463,-0.0348548,0.488078,0.00282713,0.296881,0.967545,0,0,0,1,nan,0.0675826,0.127893,0.00727253,0.0303959,0.00216772,0.0675826,0.0162818,1.0024,1.0024,1.0024,0,0,nan,,,nan,nan,,,,,,,,,,,,,0,1,4.01127,t_pose,0.0506059,,0,,nan,
golem_ik,kinematic,golem_ik,nan,,0,b055_d30_e10,55,0.3,0.1,0.497764,0.51366,-0.0348548,0.583616,0.0323625,0.296881,0.967545,0,0,0,0,nan,0.150316,0.201567,0.0990643,0.0456266,0.0235,0.150316,0.0345633,1.0024,1.0024,1.0024,0,0,nan,,,nan,nan,,,,,,,,,,,,,0,1,4.00387,t_pose,0.0478214,,0,,nan,
golem_ik,kinematic,golem_ik,nan,,0,b055_d30_e20,55,0.3,0.2,0.578361,0.572856,-0.0348548,0.679155,0.0618979,0.296881,0.967545,0,0,0,0,nan,0.237347,0.280653,0.194042,0.0601199,0.0393314,0.237347,0.0497256,1.0024,1.0024,1.0024,0,0,nan,,,nan,nan,,,,,,,,,,,,,0,1,4.00872,t_pose,0.0446414,,0,,nan,
golem_ik,kinematic,golem_ik,nan,,0,b055_d40_e00,55,0.4,0,0.417168,0.454463,-0.134855,0.488078,0.00282713,0.196881,0.867545,1,0,0,1,nan,0.124039,0.199806,0.048273,0.0423223,0.0164408,0.124039,0.0293815,1.0024,1.0024,1.0024,0,0,nan,,,nan,nan,,,,,,,,,,,,,0,1,4.01262,t_pose,0.050231,,0,,nan,
golem_ik,kinematic,golem_ik,nan,,0,b055_d40_e10,55,0.4,0.1,0.497764,0.51366,-0.134855,0.583616,0.0323625,0.196881,0.867545,1,0,0,0,nan,0.200727,0.267193,0.134261,0.0555902,0.0386544,0.200727,0.0471223,1.0024,1.0024,1.0024,0,0,nan,,,nan,nan,,,,,,,,,,,,,0,1,4.00537,t_pose,0.0497351,,0,,nan,
golem_ik,kinematic,golem_ik,nan,,0,b055_d40_e20,55,0.4,0.2,0.578361,0.572856,-0.134855,0.679155,0.0618979,0.196881,0.867545,1,0,0,0,nan,0.282461,0.340617,0.224305,0.0687626,0.0559176,0.282461,0.0623401,1.0024,1.0024,1.0024,0,0,nan,,,nan,nan,,,,,,,,,,,,,0,1,4.00409,t_pose,0.0495731,,0,,nan,
golem_ik,kinematic,golem_ik,nan,,0,b055_d50_e00,55,0.5,0,0.417168,0.454463,-0.234855,0.488078,0.00282713,0.0968809,0.767545,1,0,0,0,nan,0.188928,0.27774,0.100115,0.0528389,0.0355862,0.188928,0.0442125,1.0024,1.0024,1.0024,0,0,nan,,,nan,nan,,,,,,,,,,,,,0,1,4.00981,t_pose,0.048363,,0,,nan,
golem_ik,kinematic,golem_ik,nan,,0,b055_d50_e10,55,0.5,0.1,0.497764,0.51366,-0.234855,0.583616,0.0323625,0.0968809,0.767545,1,0,0,0,nan,0.259873,0.339322,0.180424,0.0650184,0.056739,0.259873,0.0608787,1.0024,1.0024,1.0024,0,0,nan,,,nan,nan,,,,,,,,,,,,,0,1,4.00784,t_pose,0.0470315,,0,,nan,
golem_ik,kinematic,golem_ik,nan,,0,b055_d50_e20,55,0.5,0.2,0.578361,0.572856,-0.234855,0.679155,0.0618979,0.0968809,0.767545,1,0,0,0,nan,0.336337,0.407309,0.265364,0.0772693,0.0742423,0.336337,0.0757558,1.0024,1.0024,1.0024,0,0,nan,,,nan,nan,,,,,,,,,,,,,0,1,4.00841,t_pose,0.0463593,,0,,nan,
golem_ik,kinematic,golem_ik,nan,,0,b055_d60_e00,55,0.6,0,0.417168,0.454463,-0.334855,0.488078,0.00282713,-0.00311915,0.667545,1,0,0,0,nan,0.261863,0.360195,0.163531,0.0627414,0.0604245,0.261863,0.0615829,1.0024,1.0024,1.0024,0,0,nan,,,nan,nan,,,,,,,,,,,,,0,1,4.00719,t_pose,0.044032,,0,,nan,
golem_ik,kinematic,golem_ik,nan,,0,b055_d60_e10,55,0.6,0.1,0.497764,0.51366,-0.334855,0.583616,0.0323625,-0.00311915,0.667545,1,0,0,0,nan,0.325936,0.416525,0.235347,0.0740247,0.0761287,0.325936,0.0750767,1.0024,1.0024,1.0024,0,0,nan,,,nan,nan,,,,,,,,,,,,,0,1,4.01241,t_pose,0.0445172,,0,,nan,
golem_ik,kinematic,golem_ik,nan,,0,b055_d60_e20,55,0.6,0.2,0.578361,0.572856,-0.334855,0.679155,0.0618979,-0.00311915,0.667545,1,0,0,0,nan,0.397305,0.479427,0.315182,0.0852369,0.093526,0.397305,0.0893815,1.0024,1.0024,1.0024,0,0,nan,,,nan,nan,,,,,,,,,,,,,0,1,4.00838,t_pose,0.0436397,,0,,nan,
golem_ik,kinematic,golem_ik,nan,,0,b055_d70_e00,55,0.7,0,0.417168,0.454463,-0.434855,0.488078,0.00282713,-0.103119,0.567545,1,0,0,0,nan,0.340619,0.445969,0.235268,0.0718704,0.0894684,0.340619,0.0806694,1.0024,1.0024,1.0024,0,0,nan,,,nan,nan,,,,,,,,,,,,,0,1,4.01,t_pose,0.0412582,,0,,nan,
golem_ik,kinematic,golem_ik,nan,,0,b055_d70_e10,55,0.7,0.1,0.497764,0.51366,-0.434855,0.583616,0.0323625,-0.103119,0.567545,1,0,0,0,nan,0.398681,0.497645,0.299718,0.082222,0.0993745,0.398681,0.0907983,1.0024,1.0024,1.0024,0,0,nan,,,nan,nan,,,,,,,,,,,,,0,1,4.00674,t_pose,0.0418164,,0,,nan,
golem_ik,kinematic,golem_ik,nan,,0,b055_d70_e20,55,0.7,0.2,0.578361,0.572856,-0.434855,0.679155,0.0618979,-0.103119,0.567545,1,0,0,0,nan,0.464077,0.555916,0.372239,0.0923815,0.112661,0.464077,0.102521,1.0024,1.0024,1.0024,0,0,nan,,,nan,nan,,,,,,,,,,,,,0,1,4.00662,t_pose,0.0413951,,0,,nan,
golem_ik,kinematic,golem_ik,nan,,0,b055_d80_e00,55,0.8,0,0.417168,0.454463,-0.534855,0.488078,0.00282713,-0.203119,0.467545,1,0,0,0,nan,0.423464,0.534288,0.312639,0.0808163,0.120455,0.423464,0.100636,1.0024,1.0024,1.0024,0,0,nan,,,nan,nan,,,,,,,,,,,,,0,1,4.00756,t_pose,0.039516,,0,,nan,
golem_ik,kinematic,golem_ik,nan,,0,b055_d80_e10,55,0.8,0.1,0.497764,0.51366,-0.534855,0.583616,0.0323625,-0.203119,0.467545,1,0,0,0,nan,0.476337,0.581852,0.370822,0.089886,0.125885,0.476337,0.107886,1.0024,1.0024,1.0024,0,0,nan,,,nan,nan,,,,,,,,,,,,,0,1,4.00976,t_pose,0.0395786,,0,,nan,
golem_ik,kinematic,golem_ik,nan,,0,b055_d80_e20,55,0.8,0.2,0.578361,0.572856,-0.534855,0.679155,0.0618979,-0.203119,0.467545,1,0,0,0,nan,0.536626,0.63596,0.437293,0.0990789,0.133389,0.536626,0.116234,1.0024,1.0024,1.0024,0,0,nan,,,nan,nan,,,,,,,,,,,,,0,1,4.01116,t_pose,0.0395029,,0,,nan,
golem_ik,kinematic,golem_ik,nan,,0,b055_d90_e00,55,0.9,0,0.417168,0.454463,-0.634855,0.488078,0.00282713,-0.303119,0.367545,1,0,0,0,nan,0.509336,0.624665,0.394007,0.090887,0.151756,0.509336,0.121321,1.0024,1.0024,1.0024,0,0,nan,,,nan,nan,,,,,,,,,,,,,0,1,4.00729,t_pose,0.038384,,0,,nan,
golem_ik,kinematic,golem_ik,nan,,0,b055_d90_e10,55,0.9,0.1,0.497764,0.51366,-0.634855,0.583616,0.0323625,-0.303119,0.367545,1,0,0,0,nan,0.557705,0.668472,0.446938,0.0963061,0.153263,0.557705,0.124784,1.0024,1.0024,1.0024,0,0,nan,,,nan,nan,,,,,,,,,,,,,0,1,4.011,t_pose,0.0381231,,0,,nan,
golem_ik,kinematic,golem_ik,nan,,0,b055_d90_e20,55,0.9,0.2,0.578361,0.572856,-0.634855,0.679155,0.0618979,-0.303119,0.367545,1,0,0,0,nan,0.613479,0.718872,0.508086,0.10491,0.156864,0.613479,0.130887,1.0024,1.0024,1.0024,0,0,nan,,,nan,nan,,,,,,,,,,,,,0,1,4.00369,t_pose,0.0378573,,0,,nan,
golem_ik,kinematic,golem_ik,nan,,0,b055_d100_e00,55,1,0,0.417168,0.454463,-0.734855,0.488078,0.00282713,-0.403119,0.267545,1,0,0,0,nan,0.597457,0.716552,0.478363,0.100983,0.182185,0.597457,0.141584,1.0024,1.0024,1.0024,0,0,nan,,,nan,nan,,,,,,,,,,,,,0,1,4.01068,t_pose,0.037656,,0,,nan,
golem_ik,kinematic,golem_ik,nan,,0,b055_d100_e10,55,1,0.1,0.497764,0.51366,-0.734855,0.583616,0.0323625,-0.403119,0.267545,1,0,0,0,nan,0.641962,0.757038,0.526886,0.101718,0.180354,0.641962,0.141036,1.0024,1.0024,1.0024,0,0,nan,,,nan,nan,,,,,,,,,,,,,0,1,4.00772,t_pose,0.0371633,,0,,nan,
golem_ik,kinematic,golem_ik,nan,,0,b055_d100_e20,55,1,0.2,0.578361,0.572856,-0.734855,0.679155,0.0618979,-0.403119,0.267545,1,0,0,0,nan,0.693753,0.804119,0.583387,0.109505,0.180251,0.693753,0.144878,1.0024,1.0024,1.0024,0,0,nan,,,nan,nan,,,,,,,,,,,,,0,1,4.01187,t_pose,0.0368569,,0,,nan,
golem_ik,kinematic,golem_ik,nan,,0,b056_d00_e00,56,0,0,0.203692,0.664391,0.186342,0.273196,-0.295989,0.685792,1.18874,0,1,1,1,nan,0.000228356,0.000456711,5.22213e-10,0.000265217,2.05547e-10,0.000228356,0.000132609,1.0024,1.0024,1.0024,0,0,nan,,,nan,nan,,,,,,,,,,,,,0,1,1.07475,t_pose,0.0710069,,0,,nan,
golem_ik,kinematic,golem_ik,nan,,0,b056_d00_e10,56,0,0.1,0.240389,0.757414,0.186342,0.361132,-0.343604,0.685792,1.18874,0,0,0,1,nan,0.0454714,0.0909428,5.55112e-17,0.000576254,9.34813e-17,0.0454714,0.000288127,1.0024,1.0024,1.0024,0,0,nan,,,nan,nan,,,,,,,,,,,,,0,1,4.00706,arms_front_45,0.0458338,,0,,nan,
golem_ik,kinematic,golem_ik,nan,,0,b056_d00_e20,56,0,0.2,0.277087,0.850438,0.186342,0.449068,-0.39122,0.685792,1.18874,0,0,0,1,nan,0.0922201,0.184383,5.7356e-05,0.00168101,4.46291e-06,0.0922201,0.000842736,1.0024,1.0024,1.0024,0,0,nan,,,nan,nan,,,,,,,,,,,,,0,1,4.0096,arms_front_45,0.0625102,,0,,nan,
golem_ik,kinematic,golem_ik,nan,,0,b056_d10_e00,56,0.1,0,0.203692,0.664391,0.0863418,0.273196,-0.295989,0.585792,1.08874,0,0,0,1,nan,0.0255948,0.0511897,0,0.000302754,2.25086e-16,0.0255948,0.000151377,1.0024,1.0024,1.0024,0,0,nan,,,nan,nan,,,,,,,,,,,,,0,1,4.00638,t_pose,0.0842207,,0,,nan,
golem_ik,kinematic,golem_ik,nan,,0,b056_d10_e10,56,0.1,0.1,0.240389,0.757414,0.0863418,0.361132,-0.343604,0.585792,1.08874,0,0,0,1,nan,0.0676814,0.135363,0,0.000158881,2.68725e-16,0.0676814,7.94404e-05,1.0024,1.0024,1.0024,0,0,nan,,,nan,nan,,,,,,,,,,,,,0,1,4.00875,t_pose,0.0838005,,0,,nan,
golem_ik,kinematic,golem_ik,nan,,0,b056_d10_e20,56,0.1,0.2,0.277087,0.850438,0.0863418,0.449068,-0.39122,0.585792,1.08874,0,0,0,1,nan,0.111686,0.223371,2.5764e-07,0.000542661,3.90469e-08,0.111686,0.00027135,1.0024,1.0024,1.0024,0,0,nan,,,nan,nan,,,,,,,,,,,,,0,1,4.00972,arms_front_45,0.0661143,,0,,nan,
golem_ik,kinematic,golem_ik,nan,,0,b056_d20_e00,56,0.2,0,0.203692,0.664391,-0.0136582,0.273196,-0.295989,0.485792,0.988742,0,0,0,1,nan,0.0569519,0.113904,5.55112e-17,0.00143957,1.39163e-16,0.0569519,0.000719785,1.0024,1.0024,1.0024,0,0,nan,,,nan,nan,,,,,,,,,,,,,0,1,4.00774,t_pose,0.0868364,,0,,nan,
golem_ik,kinematic,golem_ik,nan,,0,b056_d20_e10,56,0.2,0.1,0.240389,0.757414,-0.0136582,0.361132,-0.343604,0.485792,0.988742,0,0,0,1,nan,0.0954306,0.190861,2.14563e-15,0.00144304,7.51771e-16,0.0954306,0.00072152,1.0024,1.0024,1.0024,0,0,nan,,,nan,nan,,,,,,,,,,,,,0,1,4.00975,arms_front_45,0.0624394,,0,,nan,
golem_ik,kinematic,golem_ik,nan,,0,b056_d20_e20,56,0.2,0.2,0.277087,0.850438,-0.0136582,0.449068,-0.39122,0.485792,0.988742,0,0,0,1,nan,0.136437,0.272874,1.19314e-06,0.000951558,2.14202e-07,0.136437,0.000475886,1.0024,1.0024,1.0024,0,0,nan,,,nan,nan,,,,,,,,,,,,,0,1,4.01087,arms_front_45,0.0722957,,0,,nan,
golem_ik,kinematic,golem_ik,nan,,0,b056_d30_e00,56,0.3,0,0.203692,0.664391,-0.113658,0.273196,-0.295989,0.385792,0.888742,1,0,0,1,nan,0.0949247,0.185045,0.00480436,0.00330173,0.00261513,0.0949247,0.00295843,1.0024,1.0024,1.0024,0,0,nan,,,nan,nan,,,,,,,,,,,,,0,1,4.01308,arms_front_45,0.0384062,,0,,nan,
golem_ik,kinematic,golem_ik,nan,,0,b056_d30_e10,56,0.3,0.1,0.240389,0.757414,-0.113658,0.361132,-0.343604,0.385792,0.888742,1,0,0,1,nan,0.127565,0.255131,7.73525e-12,0.00326102,2.55339e-12,0.127565,0.00163051,1.0024,1.0024,1.0024,0,0,nan,,,nan,nan,,,,,,,,,,,,,0,1,4.01103,arms_front_45,0.0544041,,0,,nan,
golem_ik,kinematic,golem_ik,nan,,0,b056_d30_e20,56,0.3,0.2,0.277087,0.850438,-0.113658,0.449068,-0.39122,0.385792,0.888742,1,0,0,1,nan,0.165568,0.331099,3.63994e-05,0.00282316,6.45469e-06,0.165568,0.00141481,1.0024,1.0024,1.0024,0,0,nan,,,nan,nan,,,,,,,,,,,,,0,1,4.00883,arms_front_45,0.0718947,,0,,nan,
golem_ik,kinematic,golem_ik,nan,,0,b056_d40_e00,56,0.4,0,0.203692,0.664391,-0.213658,0.273196,-0.295989,0.285792,0.788742,1,0,0,1,nan,0.131188,0.262376,3.23996e-11,0.00571469,1.23374e-11,0.131188,0.00285734,1.0024,1.0024,1.0024,0,0,nan,,,nan,nan,,,,,,,,,,,,,0,1,4.00941,arms_front_45,0.0278475,,0,,nan,
golem_ik,kinematic,golem_ik,nan,,0,b056_d40_e10,56,0.4,0.1,0.240389,0.757414,-0.213658,0.361132,-0.343604,0.285792,0.788742,1,0,0,1,nan,0.163106,0.326212,9.89537e-08,0.00552317,2.71095e-08,0.163106,0.0027616,1.0024,1.0024,1.0024,0,0,nan,,,nan,nan,,,,,,,,,,,,,0,1,4.00731,arms_front_45,0.0463845,,0,,nan,
golem_ik,kinematic,golem_ik,nan,,0,b056_d40_e20,56,0.4,0.2,0.277087,0.850438,-0.213658,0.449068,-0.39122,0.285792,0.788742,1,0,0,1,nan,0.198724,0.396418,0.00103046,0.00503227,0.000160735,0.198724,0.0025965,1.0024,1.0024,1.0024,0,0,nan,,,nan,nan,,,,,,,,,,,,,0,1,4.00885,arms_front_45,0.067403,,0,,nan,
golem_ik,kinematic,golem_ik,nan,,0,b056_d50_e00,56,0.5,0,0.203692,0.664391,-0.313658,0.273196,-0.295989,0.185792,0.688742,1,0,0,1,nan,0.172133,0.344265,1.31249e-07,0.00850207,4.06354e-08,0.172133,0.00425105,1.0024,1.0024,1.0024,0,0,nan,,,nan,nan,,,,,,,,,,,,,0,1,4.00662,arms_front_45,0.0213343,,0,,nan,
golem_ik,kinematic,golem_ik,nan,,0,b056_d50_e10,56,0.5,0.1,0.240389,0.757414,-0.313658,0.361132,-0.343604,0.185792,0.688742,1,0,0,1,nan,0.20134,0.402561,0.000119145,0.0081131,2.69956e-05,0.20134,0.00407005,1.0024,1.0024,1.0024,0,0,nan,,,nan,nan,,,,,,,,,,,,,0,1,4.01056,home,0.0527066,,0,,nan,
golem_ik,kinematic,golem_ik,nan,,0,b056_d50_e20,56,0.5,0.2,0.277087,0.850438,-0.313658,0.449068,-0.39122,0.185792,0.688742,1,0,0,1,nan,0.240342,0.467451,0.0132329,0.0075066,0.00163568,0.240342,0.00457114,1.0024,1.0024,1.0024,0,0,nan,,,nan,nan,,,,,,,,,,,,,0,1,4.01086,home,0.0708987,,0,,nan,
golem_ik,kinematic,golem_ik,nan,,0,b056_d60_e00,56,0.6,0,0.203692,0.664391,-0.413658,0.273196,-0.295989,0.0857922,0.588742,1,0,0,1,nan,0.21488,0.429537,0.000223811,0.0150813,5.32657e-05,0.21488,0.00756728,1.0024,1.0024,1.0024,0,0,nan,,,nan,nan,,,,,,,,,,,,,0,1,4.00735,home,0.0436816,,0,,nan,
golem_ik,kinematic,golem_ik,nan,,0,b056_d60_e10,56,0.6,0.1,0.240389,0.757414,-0.413658,0.361132,-0.343604,0.0857922,0.588742,1,0,0,1,nan,0.245343,0.482994,0.00769269,0.0109133,0.00215037,0.245343,0.00653183,1.0024,1.0024,1.0024,0,0,nan,,,nan,nan,,,,,,,,,,,,,0,1,4.01138,current,0.056048,,0,,nan,
golem_ik,kinematic,golem_ik,nan,,0,b056_d60_e20,56,0.6,0.2,0.277087,0.850438,-0.413658,0.449068,-0.39122,0.0857922,0.588742,1,0,0,0,nan,0.303431,0.543067,0.0637952,0.0101627,0.0222416,0.303431,0.0162021,1.0024,1.0024,1.0024,0,0,nan,,,nan,nan,,,,,,,,,,,,,0,1,4.00547,home,0.0673959,,0,,nan,
golem_ik,kinematic,golem_ik,nan,,0,b056_d70_e00,56,0.7,0,0.203692,0.664391,-0.513658,0.273196,-0.295989,-0.0142078,0.488742,1,0,0,0,nan,0.283751,0.517498,0.0500036,0.0303735,0.0268317,0.283751,0.0286026,1.0024,1.0024,1.0024,0,0,nan,,,nan,nan,,,,,,,,,,,,,0,1,4.01344,home,0.0516352,,0,,nan,
golem_ik,kinematic,golem_ik,nan,,0,b056_d70_e10,56,0.7,0.1,0.240389,0.757414,-0.513658,0.361132,-0.343604,-0.0142078,0.488742,1,0,0,0,nan,0.325715,0.566619,0.0848099,0.0138231,0.0393279,0.325715,0.0265755,1.0024,1.0024,1.0024,0,0,nan,,,nan,nan,,,,,,,,,,,,,0,1,4.00933,home,0.0563984,,0,,nan,
golem_ik,kinematic,golem_ik,nan,,0,b056_d70_e20,56,0.7,0.2,0.277087,0.850438,-0.513658,0.449068,-0.39122,-0.0142078,0.488742,1,0,0,0,nan,0.379047,0.622373,0.135721,0.0129287,0.0518984,0.379047,0.0324135,1.0024,1.0024,1.0024,0,0,nan,,,nan,nan,,,,,,,,,,,,,0,1,4.00695,home,0.0630541,,0,,nan,
golem_ik,kinematic,golem_ik,nan,,0,b056_d80_e00,56,0.8,0,0.203692,0.664391,-0.613658,0.273196,-0.295989,-0.114208,0.388742,1,0,0,0,nan,0.370309,0.607554,0.133063,0.0454587,0.0685266,0.370309,0.0569927,1.0024,1.0024,1.0024,0,0,nan,,,nan,nan,,,,,,,,,,,,,0,1,4.0097,current,0.0549511,,0,,nan,
golem_ik,kinematic,golem_ik,nan,,0,b056_d80_e10,56,0.8,0.1,0.240389,0.757414,-0.613658,0.361132,-0.343604,-0.114208,0.388742,1,0,0,0,nan,0.409787,0.652729,0.166845,0.0226693,0.076774,0.409787,0.0497216,1.0024,1.0024,1.0024,0,0,nan,,,nan,nan,,,,,,,,,,,,,0,1,4.00877,current,0.0564601,,0,,nan,
golem_ik,kinematic,golem_ik,nan,,0,b056_d80_e20,56,0.8,0.2,0.277087,0.850438,-0.613658,0.449068,-0.39122,-0.114208,0.388742,1,0,0,0,nan,0.458904,0.704662,0.213145,0.0157412,0.0847005,0.458904,0.0502208,1.0024,1.0024,1.0024,0,0,nan,,,nan,nan,,,,,,,,,,,,,0,1,4.00468,current,0.0602899,,0,,nan,
golem_ik,kinematic,golem_ik,nan,,0,b056_d90_e00,56,0.9,0,0.203692,0.664391,-0.713658,0.273196,-0.295989,-0.214208,0.288742,1,0,0,0,nan,0.459409,0.699185,0.219633,0.0599874,0.108453,0.459409,0.0842201,1.0024,1.0024,1.0024,0,0,nan,,,nan,nan,,,,,,,,,,,,,0,1,4.00718,current,0.0547691,,0,,nan,
golem_ik,kinematic,golem_ik,nan,,0,b056_d90_e10,56,0.9,0.1,0.240389,0.757414,-0.713658,0.361132,-0.343604,-0.214208,0.288742,1,0,0,0,nan,0.496358,0.740915,0.2518,0.0371965,0.113645,0.496358,0.075421,1.0024,1.0024,1.0024,0,0,nan,,,nan,nan,,,,,,,,,,,,,0,1,4.00635,current,0.055776,,0,,nan,
golem_ik,kinematic,golem_ik,nan,,0,b056_d90_e20,56,0.9,0.2,0.277087,0.850438,-0.713658,0.449068,-0.39122,-0.214208,0.288742,1,0,0,0,nan,0.541842,0.789379,0.294306,0.0186214,0.118047,0.541842,0.0683341,1.0024,1.0024,1.0024,0,0,nan,,,nan,nan,,,,,,,,,,,,,0,1,4.00842,current,0.0583274,,0,,nan,
golem_ik,kinematic,golem_ik,nan,,0,b056_d100_e00,56,1,0,0.203692,0.664391,-0.813658,0.273196,-0.295989,-0.314208,0.188742,1,0,0,0,nan,0.550133,0.792036,0.308229,0.0737158,0.145486,0.550133,0.109601,1.0024,1.0024,1.0024,0,0,nan,,,nan,nan,,,,,,,,,,,,,0,1,4.00761,current,0.053441,,0,,nan,
golem_ik,kinematic,golem_ik,nan,,0,b056_d100_e10,56,1,0.1,0.240389,0.757414,-0.813658,0.361132,-0.343604,-0.314208,0.188742,1,0,0,0,nan,0.584794,0.830795,0.338792,0.0510146,0.14861,0.584794,0.0998125,1.0024,1.0024,1.0024,0,0,nan,,,nan,nan,,,,,,,,,,,,,0,1,4.01067,current,0.054652,,0,,nan,
golem_ik,kinematic,golem_ik,nan,,0,b056_d100_e20,56,1,0.2,0.277087,0.850438,-0.813658,0.449068,-0.39122,-0.314208,0.188742,1,0,0,0,nan,0.627136,0.876043,0.378229,0.0285411,0.150522,0.627136,0.0895314,1.0024,1.0024,1.0024,0,0,nan,,,nan,nan,,,,,,,,,,,,,0,1,4.01115,current,0.0566851,,0,,nan,
golem_ik,kinematic,golem_ik,nan,,0,b057_d00_e00,57,0,0,0.3823,0.372952,0.539144,0.167114,-0.0685982,0.703685,1.54154,0,1,1,1,nan,0.0177664,1.66533e-16,0.0355328,3.31963e-16,0.0101496,0.0177664,0.00507482,1.0024,1.0024,1.0024,0,0,nan,,,nan,nan,,,,,,,,,,,,,0,1,4.00895,t_pose,0.0191306,,0,,nan,
golem_ik,kinematic,golem_ik,nan,,0,b057_d00_e10,57,0,0.1,0.468493,0.423656,0.539144,0.257425,-0.0256561,0.703685,1.54154,0,1,1,1,nan,1.15915e-05,2.31307e-05,5.22726e-08,2.82744e-05,1.98943e-08,1.15915e-05,1.41472e-05,1.0024,1.0024,1.0024,0,0,nan,,,nan,nan,,,,,,,,,,,,,0,1,0.270313,home,0.0254556,,0,,nan,
golem_ik,kinematic,golem_ik,nan,,0,b057_d00_e20,57,0,0.2,0.554685,0.47436,0.539144,0.347735,0.0172859,0.703685,1.54154,0,0,0,1,nan,0.0313345,0.0626691,6.93889e-18,0.000831824,2.65281e-16,0.0313345,0.000415912,1.0024,1.0024,1.0024,0,0,nan,,,nan,nan,,,,,,,,,,,,,0,1,4.00948,current,0.0226826,,0,,nan,
golem_ik,kinematic,golem_ik,nan,,0,b057_d10_e00,57,0.1,0,0.3823,0.372952,0.439144,0.167114,-0.0685982,0.603685,1.44154,0,0,1,0,nan,0.0382141,1.24127e-16,0.0764282,5.54733e-16,0.018015,0.0382141,0.00900751,1.0024,1.0024,1.0024,0,0,nan,,,nan,nan,,,,,,,,,,,,,0,1,4.00694,current,0.0130195,,0,,nan,
golem_ik,kinematic,golem_ik,nan,,0,b057_d10_e10,57,0.1,0.1,0.468493,0.423656,0.439144,0.257425,-0.0256561,0.603685,1.44154,0,1,1,1,nan,6.86562e-06,1.35941e-05,1.3714e-07,1.38057e-05,1.26801e-07,6.86562e-06,6.96627e-06,1.0024,1.0024,1.0024,0,0,nan,,,nan,nan,,,,,,,,,,,,,0,1,0.26023,home,0.0320116,,0,,nan,
golem_ik,kinematic,golem_ik,nan,,0,b057_d10_e20,57,0.1,0.2,0.554685,0.47436,0.439144,0.347735,0.0172859,0.603685,1.44154,0,0,0,1,nan,0.0277734,0.0555467,5.59432e-17,0.00122127,1.00605e-16,0.0277734,0.000610634,1.0024,1.0024,1.0024,0,0,nan,,,nan,nan,,,,,,,,,,,,,0,1,4.01212,current,0.0376765,,0,,nan,
golem_ik,kinematic,golem_ik,nan,,0,b057_d20_e00,57,0.2,0,0.3823,0.372952,0.339144,0.167114,-0.0685982,0.503685,1.34154,0,0,1,0,nan,0.0364828,0,0.0729655,3.27512e-16,0.0252063,0.0364828,0.0126031,1.0024,1.0024,1.0024,0,0,nan,,,nan,nan,,,,,,,,,,,,,0,1,4.0069,arms_front_45,0.0208804,,0,,nan,
golem_ik,kinematic,golem_ik,nan,,0,b057_d20_e10,57,0.2,0.1,0.468493,0.423656,0.339144,0.257425,-0.0256561,0.503685,1.34154,0,1,1,1,nan,0.000204673,0.00039527,1.40758e-05,0.000335098,9.37989e-06,0.000204673,0.000172239,1.0024,1.0024,1.0024,0,0,nan,,,nan,nan,,,,,,,,,,,,,0,1,0.261875,home,0.0431598,,0,,nan,
golem_ik,kinematic,golem_ik,nan,,0,b057_d20_e20,57,0.2,0.2,0.554685,0.47436,0.339144,0.347735,0.0172859,0.503685,1.34154,0,0,0,1,nan,0.0327365,0.0654731,1.1533e-16,0.00524062,2.14009e-16,0.0327365,0.00262031,1.0024,1.0024,1.0024,0,0,nan,,,nan,nan,,,,,,,,,,,,,0,1,4.01047,home,0.0546547,,0,,nan,
golem_ik,kinematic,golem_ik,nan,,0,b057_d30_e00,57,0.3,0,0.3823,0.372952,0.239144,0.167114,-0.0685982,0.403685,1.24154,0,0,1,0,nan,0.03202,5.55112e-17,0.06404,3.21657e-16,0.0124299,0.03202,0.00621493,1.0024,1.0024,1.0024,0,0,nan,,,nan,nan,,,,,,,,,,,,,0,1,3.77823,home,-4.74415e-05,,2,,nan,
golem_ik,kinematic,golem_ik,nan,,0,b057_d30_e10,57,0.3,0.1,0.468493,0.423656,0.239144,0.257425,-0.0256561,0.403685,1.24154,0,1,1,1,nan,0.00495024,0.00990049,0,0.00293592,1.16871e-16,0.00495024,0.00146796,1.0024,1.0024,1.0024,0,0,nan,,,nan,nan,,,,,,,,,,,,,0,1,4.00051,arms_front_45,0.0328298,,0,,nan,
golem_ik,kinematic,golem_ik,nan,,0,b057_d30_e20,57,0.3,0.2,0.554685,0.47436,0.239144,0.347735,0.0172859,0.403685,1.24154,0,0,0,1,nan,0.0480669,0.0961338,2.08167e-17,0.0200002,3.17343e-16,0.0480669,0.0100001,1.0024,1.0024,1.0024,0,0,nan,,,nan,nan,,,,,,,,,,,,,0,1,4.00072,current,0.0649314,,0,,nan,
golem_ik,kinematic,golem_ik,nan,,0,b057_d40_e00,57,0.4,0,0.3823,0.372952,0.139144,0.167114,-0.0685982,0.303685,1.14154,0,0,1,0,nan,0.0328496,0.00840442,0.0572947,0.00423996,0.0242132,0.0328496,0.0142266,1.0024,1.0024,1.0024,0,0,nan,,,nan,nan,,,,,,,,,,,,,0,1,4.00925,home,0.0160001,,0,,nan,
golem_ik,kinematic,golem_ik,nan,,0,b057_d40_e10,57,0.4,0.1,0.468493,0.423656,0.139144,0.257425,-0.0256561,0.303685,1.14154,0,0,0,1,nan,0.0344317,0.0688635,6.93889e-18,0.0269999,3.32725e-16,0.0344317,0.0135,1.0024,1.0024,1.0024,0,0,nan,,,nan,nan,,,,,,,,,,,,,0,1,4.00319,arms_front_45,0.0474161,,0,,nan,
golem_ik,kinematic,golem_ik,nan,,0,b057_d40_e20,57,0.4,0.2,0.554685,0.47436,0.139144,0.347735,0.0172859,0.303685,1.14154,0,0,0,1,nan,0.0719849,0.14397,1.38778e-17,0.0432159,1.6446e-16,0.0719849,0.021608,1.0024,1.0024,1.0024,0,0,nan,,,nan,nan,,,,,,,,,,,,,0,1,4.00073,current,0.0641355,,0,,nan,
golem_ik,kinematic,golem_ik,nan,,0,b057_d50_e00,57,0.5,0,0.3823,0.372952,0.0391436,0.167114,-0.0685982,0.203685,1.04154,0,0,0,0,nan,0.0815816,0.0871243,0.076039,0.0465298,0.0239141,0.0815816,0.035222,1.0024,1.0024,1.0024,0,0,nan,,,nan,nan,,,,,,,,,,,,,0,1,4.00406,home,0.0175048,,0,,nan,
golem_ik,kinematic,golem_ik,nan,,0,b057_d50_e10,57,0.5,0.1,0.468493,0.423656,0.0391436,0.257425,-0.0256561,0.203685,1.04154,0,0,0,1,nan,0.0690501,0.1381,1.04083e-17,0.0612292,3.20927e-16,0.0690501,0.0306146,1.0024,1.0024,1.0024,0,0,nan,,,nan,nan,,,,,,,,,,,,,0,1,4.00185,arms_front_45,0.0351873,,0,,nan,
golem_ik,kinematic,golem_ik,nan,,0,b057_d50_e20,57,0.5,0.2,0.554685,0.47436,0.0391436,0.347735,0.0172859,0.203685,1.04154,0,0,0,1,nan,0.101843,0.203686,1.11022e-16,0.0733126,2.40947e-16,0.101843,0.0366563,1.0024,1.0024,1.0024,0,0,nan,,,nan,nan,,,,,,,,,,,,,0,1,4.00489,home,0.0594107,,0,,nan,
golem_ik,kinematic,golem_ik,nan,,0,b057_d60_e00,57,0.6,0,0.3823,0.372952,-0.0608564,0.167114,-0.0685982,0.103685,0.941544,0,0,0,1,nan,0.108985,0.16917,0.0488,0.0932859,0.0295974,0.108985,0.0614417,1.0024,1.0024,1.0024,0,0,nan,,,nan,nan,,,,,,,,,,,,,0,1,4.00835,home,0.0173761,,0,,nan,
golem_ik,kinematic,golem_ik,nan,,0,b057_d60_e10,57,0.6,0.1,0.468493,0.423656,-0.0608564,0.257425,-0.0256561,0.103685,0.941544,0,0,0,1,nan,0.108538,0.213619,0.00345751,0.0999937,0.00175107,0.108538,0.0508724,1.0024,1.0024,1.0024,0,0,nan,,,nan,nan,,,,,,,,,,,,,0,1,4.0132,arms_front_45,0.0178654,,0,,nan,
golem_ik,kinematic,golem_ik,nan,,0,b057_d60_e20,57,0.6,0.2,0.554685,0.47436,-0.0608564,0.347735,0.0172859,0.103685,0.941544,0,0,0,1,nan,0.15051,0.271531,0.0294891,0.107609,0.0144877,0.15051,0.0610482,1.0024,1.0024,1.0024,0,0,nan,,,nan,nan,,,,,,,,,,,,,0,1,4.00421,home,0.0298625,,0,,nan,
golem_ik,kinematic,golem_ik,nan,,0,b057_d70_e00,57,0.7,0,0.3823,0.372952,-0.160856,0.167114,-0.0685982,0.00368522,0.841544,1,0,0,0,nan,0.157994,0.253842,0.0621456,0.137816,0.0295591,0.157994,0.0836876,1.0024,1.0024,1.0024,0,0,nan,,,nan,nan,,,,,,,,,,,,,0,1,4.00892,home,0.0171162,,0,,nan,
golem_ik,kinematic,golem_ik,nan,,0,b057_d70_e10,57,0.7,0.1,0.468493,0.423656,-0.160856,0.257425,-0.0256561,0.00368522,0.841544,1,0,0,1,nan,0.170322,0.293122,0.047522,0.141669,0.0136413,0.170322,0.077655,1.0024,1.0024,1.0024,0,0,nan,,,nan,nan,,,,,,,,,,,,,0,1,4.01121,home,0.015724,,0,,nan,
golem_ik,kinematic,golem_ik,nan,,0,b057_d70_e20,57,0.7,0.2,0.554685,0.47436,-0.160856,0.347735,0.0172859,0.00368522,0.841544,1,0,0,0,nan,0.220549,0.345354,0.0957433,0.142489,0.0380035,0.220549,0.0902462,1.0024,1.0024,1.0024,0,0,nan,,,nan,nan,,,,,,,,,,,,,0,1,4.00817,current,0.0148702,,0,,nan,
golem_ik,kinematic,golem_ik,nan,,0,b057_d80_e00,57,0.8,0,0.3823,0.372952,-0.260856,0.167114,-0.0685982,-0.0963148,0.741544,1,0,0,0,nan,0.233366,0.340235,0.126496,0.181758,0.0809377,0.233366,0.131348,1.0024,1.0024,1.0024,0,0,nan,,,nan,nan,,,,,,,,,,,,,0,1,4.01226,arms_front_45,0.016587,,0,,nan,
golem_ik,kinematic,golem_ik,nan,,0,b057_d80_e10,57,0.8,0.1,0.468493,0.423656,-0.260856,0.257425,-0.0256561,-0.0963148,0.741544,1,0,0,0,nan,0.253631,0.375289,0.131973,0.187518,0.0535274,0.253631,0.120523,1.0024,1.0024,1.0024,0,0,nan,,,nan,nan,,,,,,,,,,,,,0,1,4.00426,home,0.0203826,,0,,nan,
golem_ik,kinematic,golem_ik,nan,,0,b057_d80_e20,57,0.8,0.2,0.554685,0.47436,-0.260856,0.347735,0.0172859,-0.0963148,0.741544,1,0,0,0,nan,0.297666,0.423022,0.172311,0.181499,0.0729868,0.297666,0.127243,1.0024,1.0024,1.0024,0,0,nan,,,nan,nan,,,,,,,,,,,,,0,1,4.00878,arms_front_45,0.0176064,,0,,nan,
golem_ik,kinematic,golem_ik,nan,,0,b057_d90_e00,57,0.9,0,0.3823,0.372952,-0.360856,0.167114,-0.0685982,-0.196315,0.641544,1,0,0,0,nan,0.318221,0.427339,0.209103,0.226585,0.131575,0.318221,0.17908,1.0024,1.0024,1.0024,0,0,nan,,,nan,nan,,,,,,,,,,,,,0,1,4.00935,arms_front_45,0.0192258,,0,,nan,
golem_ik,kinematic,golem_ik,nan,,0,b057_d90_e10,57,0.9,0.1,0.468493,0.423656,-0.360856,0.257425,-0.0256561,-0.196315,0.641544,1,0,0,0,nan,0.338188,0.460772,0.215604,0.225229,0.10276,0.338188,0.163995,1.0024,1.0024,1.0024,0,0,nan,,,nan,nan,,,,,,,,,,,,,0,1,4.00253,current,0.0170317,,0,,nan,
golem_ik,kinematic,golem_ik,nan,,0,b057_d90_e20,57,0.9,0.2,0.554685,0.47436,-0.360856,0.347735,0.0172859,-0.196315,0.641544,1,0,0,0,nan,0.37878,0.503844,0.253716,0.221095,0.114474,0.37878,0.167785,1.0024,1.0024,1.0024,0,0,nan,,,nan,nan,,,,,,,,,,,,,0,1,4.00788,arms_front_45,0.0225848,,0,,nan,
golem_ik,kinematic,golem_ik,nan,,0,b057_d100_e00,57,1,0,0.3823,0.372952,-0.460856,0.167114,-0.0685982,-0.296315,0.541544,1,0,0,0,nan,0.406072,0.516687,0.295458,0.265039,0.176418,0.406072,0.220728,1.0024,1.0024,1.0024,0,0,nan,,,nan,nan,,,,,,,,,,,,,0,1,4.00983,arms_front_45,0.0160646,,0,,nan,
golem_ik,kinematic,golem_ik,nan,,0,b057_d100_e10,57,1,0.1,0.468493,0.423656,-0.460856,0.257425,-0.0256561,-0.296315,0.541544,1,0,0,0,nan,0.424968,0.548339,0.301598,0.257747,0.147295,0.424968,0.202521,1.0024,1.0024,1.0024,0,0,nan,,,nan,nan,,,,,,,,,,,,,0,1,4.00795,current,0.0109307,,0,,nan,
golem_ik,kinematic,golem_ik,nan,,0,b057_d100_e20,57,1,0.2,0.554685,0.47436,-0.460856,0.347735,0.0172859,-0.296315,0.541544,1,0,0,0,nan,0.461874,0.587651,0.336097,0.255426,0.145815,0.461874,0.200621,1.0024,1.0024,1.0024,0,0,nan,,,nan,nan,,,,,,,,,,,,,0,1,4.00791,home,0.0159496,,0,,nan,
golem_ik,kinematic,golem_ik,nan,,0,b058_d00_e00,58,0,0,0.503244,0.305474,0.667998,0.112636,-0.338179,0.197634,1.20003,0,1,1,1,nan,0.000324885,0.000649767,3.00968e-09,0.00062642,1.11223e-09,0.000324885,0.000313211,1.0024,1.0024,1.0024,0,0,nan,,,nan,nan,,,,,,,,,,,,,0,1,0.141178,home,0.0323035,,0,,nan,
golem_ik,kinematic,golem_ik,nan,,0,b058_d00_e10,58,0,0.1,0.598684,0.335327,0.667998,0.163606,-0.424214,0.197634,1.20003,0,0,0,1,nan,0.0459153,0.0918305,2.77556e-17,0.000623146,1.74838e-16,0.0459153,0.000311573,1.0024,1.0024,1.0024,0,0,nan,,,nan,nan,,,,,,,,,,,,,0,1,4.00781,current,0.0519595,,0,,nan,
golem_ik,kinematic,golem_ik,nan,,0,b058_d00_e20,58,0,0.2,0.694124,0.365181,0.667998,0.214577,-0.510249,0.197634,1.20003,0,0,0,1,nan,0.0930525,0.186105,7.31469e-15,0.00171496,1.60296e-15,0.0930525,0.000857482,1.0024,1.0024,1.0024,0,0,nan,,,nan,nan,,,,,,,,,,,,,0,1,4.00954,current,0.0638318,,0,,nan,
golem_ik,kinematic,golem_ik,nan,,0,b058_d10_e00,58,0.1,0,0.503244,0.305474,0.567998,0.112636,-0.338179,0.0976338,1.10003,0,1,1,1,nan,2.03128e-05,4.05533e-05,7.22903e-08,2.67636e-05,2.8985e-08,2.03128e-05,1.33963e-05,1.0024,1.0024,1.0024,0,0,nan,,,nan,nan,,,,,,,,,,,,,0,1,0.123727,home,0.0221089,,0,,nan,
golem_ik,kinematic,golem_ik,nan,,0,b058_d10_e10,58,0.1,0.1,0.598684,0.335327,0.567998,0.163606,-0.424214,0.0976338,1.10003,0,0,0,1,nan,0.0322203,0.0644406,0,0.000978993,2.99869e-16,0.0322203,0.000489497,1.0024,1.0024,1.0024,0,0,nan,,,nan,nan,,,,,,,,,,,,,0,1,4.00382,current,0.0485479,,0,,nan,
golem_ik,kinematic,golem_ik,nan,,0,b058_d10_e20,58,0.1,0.2,0.694124,0.365181,0.567998,0.214577,-0.510249,0.0976338,1.10003,0,0,0,1,nan,0.0811926,0.162385,1.38158e-10,0.00267095,2.43543e-11,0.0811926,0.00133547,1.0024,1.0024,1.0024,0,0,nan,,,nan,nan,,,,,,,,,,,,,0,1,4.00814,arms_front_45,0.0671805,,0,,nan,
golem_ik,kinematic,golem_ik,nan,,0,b058_d20_e00,58,0.2,0,0.503244,0.305474,0.467998,0.112636,-0.338179,-0.00236615,1.00003,0,1,1,1,nan,8.43351e-05,3.2409e-10,0.00016867,4.91593e-11,0.000708219,8.43351e-05,0.000354109,1.0024,1.0024,1.0024,0,0,nan,,,nan,nan,,,,,,,,,,,,,0,1,0.159542,home,0.0328828,,0,,nan,
golem_ik,kinematic,golem_ik,nan,,0,b058_d20_e10,58,0.2,0.1,0.598684,0.335327,0.467998,0.163606,-0.424214,-0.00236615,1.00003,0,0,0,1,nan,0.0371484,0.0528113,0.0214855,0.00125465,0.0110851,0.0371484,0.0061699,1.0024,1.0024,1.0024,0,0,nan,,,nan,nan,,,,,,,,,,,,,0,1,4.01115,home,0.051786,,0,,nan,
golem_ik,kinematic,golem_ik,nan,,0,b058_d20_e20,58,0.2,0.2,0.694124,0.365181,0.467998,0.214577,-0.510249,-0.00236615,1.00003,0,0,0,0,nan,0.105921,0.152376,0.0594657,0.00361246,0.0260495,0.105921,0.014831,1.0024,1.0024,1.0024,0,0,nan,,,nan,nan,,,,,,,,,,,,,0,1,4.00996,home,0.0650583,,0,,nan,
golem_ik,kinematic,golem_ik,nan,,0,b058_d30_e00,58,0.3,0,0.503244,0.305474,0.367998,0.112636,-0.338179,-0.102366,0.900034,0,0,1,0,nan,0.0368379,0,0.0736759,3.27043e-16,0.0377339,0.0368379,0.0188669,1.0024,1.0024,1.0024,0,0,nan,,,nan,nan,,,,,,,,,,,,,0,1,4.00137,home,0.0477272,,0,,nan,
golem_ik,kinematic,golem_ik,nan,,0,b058_d30_e10,58,0.3,0.1,0.598684,0.335327,0.367998,0.163606,-0.424214,-0.102366,0.900034,0,0,0,0,nan,0.0805657,0.0590833,0.102048,0.00670669,0.0490861,0.0805657,0.0278964,1.0024,1.0024,1.0024,0,0,nan,,,nan,nan,,,,,,,,,,,,,0,1,4.01052,home,0.0532524,,0,,nan,
golem_ik,kinematic,golem_ik,nan,,0,b058_d30_e20,58,0.3,0.2,0.694124,0.365181,0.367998,0.214577,-0.510249,-0.102366,0.900034,0,0,0,0,nan,0.148223,0.157175,0.13927,0.0130544,0.0593593,0.148223,0.0362068,1.0024,1.0024,1.0024,0,0,nan,,,nan,nan,,,,,,,,,,,,,0,1,4.01023,current,0.0626886,,0,,nan,
golem_ik,kinematic,golem_ik,nan,,0,b058_d40_e00,58,0.4,0,0.503244,0.305474,0.267998,0.112636,-0.338179,-0.202366,0.800034,1,0,1,0,nan,0.0795324,0.00137369,0.157691,0.000458685,0.0729667,0.0795324,0.0367127,1.0024,1.0024,1.0024,0,0,nan,,,nan,nan,,,,,,,,,,,,,0,1,4.01293,home,0.0486056,,0,,nan,
golem_ik,kinematic,golem_ik,nan,,0,b058_d40_e10,58,0.4,0.1,0.598684,0.335327,0.267998,0.163606,-0.424214,-0.202366,0.800034,1,0,0,0,nan,0.136684,0.0875256,0.185843,0.0213368,0.0826338,0.136684,0.0519853,1.0024,1.0024,1.0024,0,0,nan,,,nan,nan,,,,,,,,,,,,,0,1,4.00591,arms_front_45,0.0538112,,0,,nan,
golem_ik,kinematic,golem_ik,nan,,0,b058_d40_e20,58,0.4,0.2,0.694124,0.365181,0.267998,0.214577,-0.510249,-0.202366,0.800034,1,0,0,0,nan,0.200682,0.179509,0.221856,0.0331779,0.0902324,0.200682,0.0617051,1.0024,1.0024,1.0024,0,0,nan,,,nan,nan,,,,,,,,,,,,,0,1,4.00627,current,0.0609053,,0,,nan,
golem_ik,kinematic,golem_ik,nan,,0,b058_d50_e00,58,0.5,0,0.503244,0.305474,0.167998,0.112636,-0.338179,-0.302366,0.700034,1,0,0,0,nan,0.152329,0.0588224,0.245836,0.0252045,0.102903,0.152329,0.0640535,1.0024,1.0024,1.0024,0,0,nan,,,nan,nan,,,,,,,,,,,,,0,1,4.00578,arms_front_45,0.0484656,,0,,nan,
golem_ik,kinematic,golem_ik,nan,,0,b058_d50_e10,58,0.5,0.1,0.598684,0.335327,0.167998,0.163606,-0.424214,-0.302366,0.700034,1,0,0,0,nan,0.203117,0.133609,0.272626,0.0448889,0.111647,0.203117,0.0782677,1.0024,1.0024,1.0024,0,0,nan,,,nan,nan,,,,,,,,,,,,,0,1,4.00968,arms_front_45,0.0533521,,0,,nan,
golem_ik,kinematic,golem_ik,nan,,0,b058_d50_e20,58,0.5,0.2,0.694124,0.365181,0.167998,0.214577,-0.510249,-0.302366,0.700034,1,0,0,0,nan,0.262196,0.217379,0.307013,0.0577637,0.117914,0.262196,0.0878389,1.0024,1.0024,1.0024,0,0,nan,,,nan,nan,,,,,,,,,,,,,0,1,4.00707,arms_front_45,0.0590727,,0,,nan,
golem_ik,kinematic,golem_ik,nan,,0,b058_d60_e00,58,0.6,0,0.503244,0.305474,0.0679981,0.112636,-0.338179,-0.402366,0.600034,1,0,0,0,nan,0.231897,0.126839,0.336955,0.0606369,0.12826,0.231897,0.0944485,1.0024,1.0024,1.0024,0,0,nan,,,nan,nan,,,,,,,,,,,,,0,1,4.0061,arms_front_45,0.0470719,,0,,nan,
golem_ik,kinematic,golem_ik,nan,,0,b058_d60_e10,58,0.6,0.1,0.598684,0.335327,0.0679981,0.163606,-0.424214,-0.402366,0.600034,1,0,0,0,nan,0.27697,0.191908,0.362031,0.0757712,0.136772,0.27697,0.106271,1.0024,1.0024,1.0024,0,0,nan,,,nan,nan,,,,,,,,,,,,,0,1,4.01073,arms_front_45,0.0516714,,0,,nan,
golem_ik,kinematic,golem_ik,nan,,0,b058_d60_e20,58,0.6,0.2,0.694124,0.365181,0.0679981,0.214577,-0.510249,-0.402366,0.600034,1,0,0,0,nan,0.331008,0.267427,0.39459,0.0867519,0.142782,0.331008,0.114767,1.0024,1.0024,1.0024,0,0,nan,,,nan,nan,,,,,,,,,,,,,0,1,4.01096,arms_front_45,0.0568228,,0,,nan,
golem_ik,kinematic,golem_ik,nan,,0,b058_d70_e00,58,0.7,0,0.503244,0.305474,-0.0320019,0.112636,-0.338179,-0.502366,0.500034,1,0,0,0,nan,0.315835,0.201212,0.430458,0.101151,0.151075,0.315835,0.126113,1.0024,1.0024,1.0024,0,0,nan,,,nan,nan,,,,,,,,,,,,,0,1,4.00652,arms_front_45,0.0445346,,0,,nan,
golem_ik,kinematic,golem_ik,nan,,0,b058_d70_e10,58,0.7,0.1,0.598684,0.335327,-0.0320019,0.163606,-0.424214,-0.502366,0.500034,1,0,0,0,nan,0.35618,0.258541,0.453819,0.111158,0.160001,0.35618,0.13558,1.0024,1.0024,1.0024,0,0,nan,,,nan,nan,,,,,,,,,,,,,0,1,4.00918,arms_front_45,0.0491327,,0,,nan,
golem_ik,kinematic,golem_ik,nan,,0,b058_d70_e20,58,0.7,0.2,0.694124,0.365181,-0.0320019,0.214577,-0.510249,-0.502366,0.500034,1,0,0,0,nan,0.405552,0.32667,0.484434,0.118947,0.16635,0.405552,0.142648,1.0024,1.0024,1.0024,0,0,nan,,,nan,nan,,,,,,,,,,,,,0,1,4.00648,arms_front_45,0.0543018,,0,,nan,
golem_ik,kinematic,golem_ik,nan,,0,b058_d80_e00,58,0.8,0,0.503244,0.305474,-0.132002,0.112636,-0.338179,-0.602366,0.400034,1,0,0,0,nan,0.402847,0.279689,0.526005,0.144262,0.175003,0.402847,0.159632,1.0024,1.0024,1.0024,0,0,nan,,,nan,nan,,,,,,,,,,,,,0,1,4.01506,arms_front_45,0.0416402,,0,,nan,
golem_ik,kinematic,golem_ik,nan,,0,b058_d80_e10,58,0.8,0.1,0.598684,0.335327,-0.132002,0.163606,-0.424214,-0.602366,0.400034,1,0,0,0,nan,0.439248,0.330968,0.547528,0.148929,0.183291,0.439248,0.16611,1.0024,1.0024,1.0024,0,0,nan,,,nan,nan,,,,,,,,,,,,,0,1,4.00915,arms_front_45,0.0467428,,0,,nan,
golem_ik,kinematic,golem_ik,nan,,0,b058_d80_e20,58,0.8,0.2,0.694124,0.365181,-0.132002,0.214577,-0.510249,-0.602366,0.400034,1,0,0,0,nan,0.484488,0.392803,0.576173,0.153035,0.18991,0.484488,0.171472,1.0024,1.0024,1.0024,0,0,nan,,,nan,nan,,,,,,,,,,,,,0,1,4.00653,arms_front_45,0.0520343,,0,,nan,
golem_ik,kinematic,golem_ik,nan,,0,b058_d90_e00,58,0.9,0,0.503244,0.305474,-0.232002,0.112636,-0.338179,-0.702366,0.300034,1,0,0,0,nan,0.492175,0.361551,0.622798,0.18886,0.200543,0.492175,0.194701,1.0024,1.0024,1.0024,0,0,nan,,,nan,nan,,,,,,,,,,,,,0,1,4.0075,arms_front_45,0.0396036,,0,,nan,
golem_ik,kinematic,golem_ik,nan,,0,b058_d90_e10,58,0.9,0.1,0.598684,0.335327,-0.232002,0.163606,-0.424214,-0.702366,0.300034,1,0,0,0,nan,0.525139,0.407681,0.642597,0.188107,0.207112,0.525139,0.197609,1.0024,1.0024,1.0024,0,0,nan,,,nan,nan,,,,,,,,,,,,,0,1,4.00921,arms_front_45,0.0449164,,0,,nan,
golem_ik,kinematic,golem_ik,nan,,0,b058_d90_e20,58,0.9,0.2,0.694124,0.365181,-0.232002,0.214577,-0.510249,-0.702366,0.300034,1,0,0,0,nan,0.566725,0.464169,0.669281,0.188179,0.212823,0.566725,0.200501,1.0024,1.0024,1.0024,0,0,nan,,,nan,nan,,,,,,,,,,,,,0,1,4.01401,arms_front_45,0.0503156,,0,,nan,
golem_ik,kinematic,golem_ik,nan,,0,b058_d100_e00,58,1,0,0.503244,0.305474,-0.332002,0.112636,-0.338179,-0.802366,0.200034,1,0,0,0,nan,0.583264,0.446332,0.720197,0.232411,0.224107,0.583264,0.228259,1.0024,1.0024,1.0024,0,0,nan,,,nan,nan,,,,,,,,,,,,,0,1,4.01107,arms_front_45,0.0385464,,0,,nan,
golem_ik,kinematic,golem_ik,nan,,0,b058_d100_e10,58,1,0.1,0.598684,0.335327,-0.332002,0.163606,-0.424214,-0.802366,0.200034,1,0,0,0,nan,0.613308,0.488037,0.73858,0.227754,0.229503,0.613308,0.228628,1.0024,1.0024,1.0024,0,0,nan,,,nan,nan,,,,,,,,,,,,,0,1,4.00875,arms_front_45,0.0437275,,0,,nan,
golem_ik,kinematic,golem_ik,nan,,0,b058_d100_e20,58,1,0.2,0.694124,0.365181,-0.332002,0.214577,-0.510249,-0.802366,0.200034,1,0,0,0,nan,0.651616,0.539768,0.763464,0.223812,0.233768,0.651616,0.22879,1.0024,1.0024,1.0024,0,0,nan,,,nan,nan,,,,,,,,,,,,,0,1,4.01007,arms_front_45,0.0490419,,0,,nan,
golem_ik,kinematic,golem_ik,nan,,0,b059_d00_e00,59,0,0,0.201633,0.513441,0.0228627,0.409784,-0.0246636,0.553229,1.02526,0,1,1,1,nan,7.75374e-05,0.000155047,2.72503e-08,0.000110432,5.5098e-09,7.75374e-05,5.5219e-05,1.0024,1.0024,1.0024,0,0,nan,,,nan,nan,,,,,,,,,,,,,0,1,0.115327,home,0.0478206,,0,,nan,
golem_ik,kinematic,golem_ik,nan,,0,b059_d00_e10,59,0,0.1,0.249949,0.600994,0.0228627,0.505537,0.00417001,0.553229,1.02526,0,0,0,1,nan,0.0366393,0.0646989,0.00857982,0.00122508,0.00189529,0.0366393,0.00156019,1.0024,1.0024,1.0024,0,0,nan,,,nan,nan,,,,,,,,,,,,,0,1,4.00533,arms_front_45,0.0311553,,0,,nan,
golem_ik,kinematic,golem_ik,nan,,0,b059_d00_e20,59,0,0.2,0.298265,0.688547,0.0228627,0.60129,0.0330037,0.553229,1.02526,0,0,0,0,nan,0.124558,0.142538,0.106579,0.0027079,0.0227362,0.124558,0.0127221,1.0024,1.0024,1.0024,0,0,nan,,,nan,nan,,,,,,,,,,,,,0,1,4.00847,arms_front_45,0.0315747,,0,,nan,
golem_ik,kinematic,golem_ik,nan,,0,b059_d10_e00,59,0.1,0,0.201633,0.513441,-0.0771373,0.409784,-0.0246636,0.453229,0.925263,0,0,0,1,nan,0.0362024,0.0724047,5.92859e-17,0.00131305,5.82418e-16,0.0362024,0.000656524,1.0024,1.0024,1.0024,0,0,nan,,,nan,nan,,,,,,,,,,,,,0,1,4.00522,current,0.0536732,,0,,nan,
golem_ik,kinematic,golem_ik,nan,,0,b059_d10_e10,59,0.1,0.1,0.249949,0.600994,-0.0771373,0.505537,0.00417001,0.453229,0.925263,0,0,0,1,nan,0.074923,0.135136,0.0147103,0.00253126,0.00543577,0.074923,0.00398351,1.0024,1.0024,1.0024,0,0,nan,,,nan,nan,,,,,,,,,,,,,0,1,4.00759,current,0.0429809,,0,,nan,
golem_ik,kinematic,golem_ik,nan,,0,b059_d10_e20,59,0.1,0.2,0.298265,0.688547,-0.0771373,0.60129,0.0330037,0.453229,0.925263,0,0,0,0,nan,0.15763,0.20584,0.109419,0.00389774,0.0354881,0.15763,0.0196929,1.0024,1.0024,1.0024,0,0,nan,,,nan,nan,,,,,,,,,,,,,0,1,4.00892,home,0.0400725,,0,,nan,
golem_ik,kinematic,golem_ik,nan,,0,b059_d20_e00,59,0.2,0,0.201633,0.513441,-0.177137,0.409784,-0.0246636,0.353229,0.825263,1,0,0,1,nan,0.0780966,0.156193,2.08167e-17,0.00275648,3.24802e-16,0.0780966,0.00137824,1.0024,1.0024,1.0024,0,0,nan,,,nan,nan,,,,,,,,,,,,,0,1,4.0042,home,0.0482194,,0,,nan,
golem_ik,kinematic,golem_ik,nan,,0,b059_d20_e10,59,0.2,0.1,0.249949,0.600994,-0.177137,0.505537,0.00417001,0.353229,0.825263,1,0,0,1,nan,0.128151,0.212133,0.0441684,0.00388838,0.0208938,0.128151,0.0123911,1.0024,1.0024,1.0024,0,0,nan,,,nan,nan,,,,,,,,,,,,,0,1,4.0083,home,0.049521,,0,,nan,
golem_ik,kinematic,golem_ik,nan,,0,b059_d20_e20,59,0.2,0.2,0.298265,0.688547,-0.177137,0.60129,0.0330037,0.353229,0.825263,1,0,0,0,nan,0.20384,0.276343,0.131336,0.00515174,0.0542085,0.20384,0.0296801,1.0024,1.0024,1.0024,0,0,nan,,,nan,nan,,,,,,,,,,,,,0,1,4.0102,home,0.0491093,,0,,nan,
golem_ik,kinematic,golem_ik,nan,,0,b059_d30_e00,59,0.3,0,0.201633,0.513441,-0.277137,0.409784,-0.0246636,0.253229,0.725263,1,0,0,1,nan,0.132617,0.243704,0.0215303,0.00416701,0.0127243,0.132617,0.00844564,1.0024,1.0024,1.0024,0,0,nan,,,nan,nan,,,,,,,,,,,,,0,1,4.01129,arms_front_45,0.046403,,0,,nan,
golem_ik,kinematic,golem_ik,nan,,0,b059_d30_e10,59,0.3,0.1,0.249949,0.600994,-0.277137,0.505537,0.00417001,0.253229,0.725263,1,0,0,0,nan,0.192132,0.293916,0.0903469,0.00523538,0.0481212,0.192132,0.0266783,1.0024,1.0024,1.0024,0,0,nan,,,nan,nan,,,,,,,,,,,,,0,1,4.00928,current,0.0462057,,0,,nan,
golem_ik,kinematic,golem_ik,nan,,0,b059_d30_e20,59,0.3,0.2,0.298265,0.688547,-0.277137,0.60129,0.0330037,0.253229,0.725263,1,0,0,0,nan,0.2606,0.35238,0.16882,0.00641199,0.0799671,0.2606,0.0431895,1.0024,1.0024,1.0024,0,0,nan,,,nan,nan,,,,,,,,,,,,,0,1,4.01256,current,0.0473631,,0,,nan,
golem_ik,kinematic,golem_ik,nan,,0,b059_d40_e00,59,0.4,0,0.201633,0.513441,-0.377137,0.409784,-0.0246636,0.153229,0.625263,1,0,0,0,nan,0.210567,0.333842,0.0872931,0.00551275,0.0529862,0.210567,0.0292495,1.0024,1.0024,1.0024,0,0,nan,,,nan,nan,,,,,,,,,,,,,0,1,4.00615,arms_front_45,0.0475364,,0,,nan,
golem_ik,kinematic,golem_ik,nan,,0,b059_d40_e10,59,0.4,0.1,0.249949,0.600994,-0.377137,0.505537,0.00417001,0.153229,0.625263,1,0,0,0,nan,0.263419,0.379237,0.1476,0.00653333,0.0830611,0.263419,0.0447972,1.0024,1.0024,1.0024,0,0,nan,,,nan,nan,,,,,,,,,,,,,0,1,4.00809,current,0.0451603,,0,,nan,
golem_ik,kinematic,golem_ik,nan,,0,b059_d40_e20,59,0.4,0.2,0.298265,0.688547,-0.377137,0.60129,0.0330037,0.153229,0.625263,1,0,0,0,nan,0.32537,0.432679,0.218061,0.00763763,0.111475,0.32537,0.0595564,1.0024,1.0024,1.0024,0,0,nan,,,nan,nan,,,,,,,,,,,,,0,1,4.01318,current,0.045017,,0,,nan,
golem_ik,kinematic,golem_ik,nan,,0,b059_d50_e00,59,0.5,0,0.201633,0.513441,-0.477137,0.409784,-0.0246636,0.0532289,0.525263,1,0,0,0,nan,0.29188,0.425885,0.157875,0.00677547,0.0961345,0.29188,0.051455,1.0024,1.0024,1.0024,0,0,nan,,,nan,nan,,,,,,,,,,,,,0,1,4.00697,arms_front_45,0.0486617,,0,,nan,
golem_ik,kinematic,golem_ik,nan,,0,b059_d50_e10,59,0.5,0.1,0.249949,0.600994,-0.477137,0.505537,0.00417001,0.0532289,0.525263,1,0,0,0,nan,0.339663,0.467212,0.212113,0.00775772,0.121973,0.339663,0.0648652,1.0024,1.0024,1.0024,0,0,nan,,,nan,nan,,,,,,,,,,,,,0,1,4.00953,current,0.0450941,,0,,nan,
golem_ik,kinematic,golem_ik,nan,,0,b059_d50_e20,59,0.5,0.2,0.298265,0.688547,-0.477137,0.60129,0.0330037,0.0532289,0.525263,1,0,0,0,nan,0.396098,0.516287,0.27591,0.00880242,0.146659,0.396098,0.0777308,1.0024,1.0024,1.0024,0,0,nan,,,nan,nan,,,,,,,,,,,,,0,1,4.00789,home,0.0438336,,0,,nan,
golem_ik,kinematic,golem_ik,nan,,0,b059_d60_e00,59,0.6,0,0.201633,0.513441,-0.577137,0.409784,-0.0246636,-0.0467711,0.425263,1,0,0,0,nan,0.37536,0.519348,0.231372,0.00794312,0.139383,0.37536,0.0736631,1.0024,1.0024,1.0024,0,0,nan,,,nan,nan,,,,,,,,,,,,,0,1,4.01124,arms_front_45,0.0323457,,0,,nan,
golem_ik,kinematic,golem_ik,nan,,0,b059_d60_e10,59,0.6,0.1,0.249949,0.600994,-0.577137,0.505537,0.00417001,-0.0467711,0.425263,1,0,0,0,nan,0.419364,0.557215,0.281512,0.00889634,0.162186,0.419364,0.0855411,1.0024,1.0024,1.0024,0,0,nan,,,nan,nan,,,,,,,,,,,,,0,1,4.01381,home,0.0451891,,0,,nan,
golem_ik,kinematic,golem_ik,nan,,0,b059_d60_e20,59,0.6,0.2,0.298265,0.688547,-0.577137,0.60129,0.0330037,-0.0467711,0.425263,1,0,0,0,nan,0.471274,0.60249,0.340057,0.00989263,0.18355,0.471274,0.0967211,1.0024,1.0024,1.0024,0,0,nan,,,nan,nan,,,,,,,,,,,,,0,1,4.01092,home,0.0432633,,0,,nan,
golem_ik,kinematic,golem_ik,nan,,0,b059_d70_e00,59,0.7,0,0.201633,0.513441,-0.677137,0.409784,-0.0246636,-0.146771,0.325263,1,0,0,0,nan,0.459745,0.613889,0.305601,0.00902259,0.190404,0.459745,0.0997133,1.0024,1.0024,1.0024,0,0,nan,,,nan,nan,,,,,,,,,,,,,0,1,4.01053,current,0.020021,,0,,nan,
golem_ik,kinematic,golem_ik,nan,,0,b059_d70_e10,59,0.7,0.1,0.249949,0.600994,-0.677137,0.505537,0.00417001,-0.146771,0.325263,1,0,0,0,nan,0.501625,0.648793,0.354457,0.00995192,0.201899,0.501625,0.105925,1.0024,1.0024,1.0024,0,0,nan,,,nan,nan,,,,,,,,,,,,,0,1,4.01074,current,0.0450635,,0,,nan,
golem_ik,kinematic,golem_ik,nan,,0,b059_d70_e20,59,0.7,0.2,0.298265,0.688547,-0.677137,0.60129,0.0330037,-0.146771,0.325263,1,0,0,0,nan,0.549847,0.690751,0.408943,0.0109132,0.220564,0.549847,0.115739,1.0024,1.0024,1.0024,0,0,nan,,,nan,nan,,,,,,,,,,,,,0,1,4.00621,current,0.0428573,,0,,nan,
golem_ik,kinematic,golem_ik,nan,,0,b059_d80_e00,59,0.8,0,0.201633,0.513441,-0.777137,0.409784,-0.0246636,-0.246771,0.225263,1,0,0,0,nan,0.546006,0.70927,0.382742,0.00995894,0.243648,0.546006,0.126803,1.0024,1.0024,1.0024,0,0,nan,,,nan,nan,,,,,,,,,,,,,0,1,4.00738,arms_front_45,0.0200296,,0,,nan,
golem_ik,kinematic,golem_ik,nan,,0,b059_d80_e10,59,0.8,0.1,0.249949,0.600994,-0.777137,0.505537,0.00417001,-0.246771,0.225263,1,0,0,0,nan,0.585968,0.741613,0.430323,0.0109591,0.240032,0.585968,0.125496,1.0024,1.0024,1.0024,0,0,nan,,,nan,nan,,,,,,,,,,,,,0,1,4.0092,home,0.0445954,,0,,nan,
golem_ik,kinematic,golem_ik,nan,,0,b059_d80_e20,59,0.8,0.2,0.298265,0.688547,-0.777137,0.60129,0.0330037,-0.246771,0.225263,1,0,0,0,nan,0.631126,0.780667,0.481586,0.0119184,0.256559,0.631126,0.134239,1.0024,1.0024,1.0024,0,0,nan,,,nan,nan,,,,,,,,,,,,,0,1,4.01384,home,0.0423984,,0,,nan,
golem_ik,kinematic,golem_ik,nan,,0,b059_d90_e00,59,0.9,0,0.201633,0.513441,-0.877137,0.409784,-0.0246636,-0.346771,0.125263,1,0,0,0,nan,0.63459,0.805317,0.463862,0.010823,0.290495,0.63459,0.150659,1.0024,1.0024,1.0024,0,0,nan,,,nan,nan,,,,,,,,,,,,,0,1,4.01058,arms_front_45,0.0199858,,0,,nan,
golem_ik,kinematic,golem_ik,nan,,0,b059_d90_e10,59,0.9,0.1,0.249949,0.600994,-0.877137,0.505537,0.00417001,-0.346771,0.125263,1,0,0,0,nan,0.672128,0.835433,0.508823,0.0119912,0.275961,0.672128,0.143976,1.0024,1.0024,1.0024,0,0,nan,,,nan,nan,,,,,,,,,,,,,0,1,4.00537,home,0.0346048,,0,,nan,
golem_ik,kinematic,golem_ik,nan,,0,b059_d90_e20,59,0.9,0.2,0.298265,0.688547,-0.877137,0.60129,0.0330037,-0.346771,0.125263,1,0,0,0,nan,0.71464,0.871931,0.55735,0.0129631,0.290697,0.71464,0.15183,1.0024,1.0024,1.0024,0,0,nan,,,nan,nan,,,,,,,,,,,,,0,1,4.00623,home,0.041936,,0,,nan,
golem_ik,kinematic,golem_ik,nan,,0,b059_d100_e00,59,1,0,0.201633,0.513441,-0.977137,0.409784,-0.0246636,-0.446771,0.0252627,1,0,0,0,nan,0.724838,0.901906,0.54777,0.0117059,0.332211,0.724838,0.171958,1.0024,1.0024,1.0024,0,0,nan,,,nan,nan,,,,,,,,,,,,,0,1,4.00784,arms_front_45,0.0199579,,0,,nan,
golem_ik,kinematic,golem_ik,nan,,0,b059_d100_e10,59,1,0.1,0.249949,0.600994,-0.977137,0.505537,0.00417001,-0.446771,0.0252627,1,0,0,0,nan,0.760009,0.93007,0.589947,0.0131649,0.310686,0.760009,0.161926,1.0024,1.0024,1.0024,0,0,nan,,,nan,nan,,,,,,,,,,,,,0,1,4.01001,home,0.0265294,,0,,nan,
golem_ik,kinematic,golem_ik,nan,,0,b059_d100_e20,59,1,0.2,0.298265,0.688547,-0.977137,0.60129,0.0330037,-0.446771,0.0252627,1,0,0,0,nan,0.800086,0.964309,0.635864,0.0141958,0.322562,0.800086,0.168379,1.0024,1.0024,1.0024,0,0,nan,,,nan,nan,,,,,,,,,,,,,0,1,4.01317,home,0.0414246,,0,,nan,
golem_ik,kinematic,golem_ik,nan,,0,b060_d00_e00,60,0,0,0.400279,0.547036,0.635349,0.241356,-0.332816,0.578267,1.58067,0,1,1,1,nan,0.0158541,5.15463e-05,0.0316566,7.75606e-07,0.00710447,0.0158541,0.00355262,1.0024,1.0024,1.0024,0,0,nan,,,nan,nan,,,,,,,,,,,,,0,1,4.01167,t_pose,0.0194842,,0,,nan,
golem_ik,kinematic,golem_ik,nan,,0,b060_d00_e10,60,0,0.1,0.471105,0.617632,0.635349,0.320761,-0.3936,0.578267,1.58067,0,0,0,1,nan,0.0659721,0.0943867,0.0375575,0.000977937,0.0232181,0.0659721,0.012098,1.0024,1.0024,1.0024,0,0,nan,,,nan,nan,,,,,,,,,,,,,0,1,4.00658,t_pose,0.0374034,,0,,nan,
golem_ik,kinematic,golem_ik,nan,,0,b060_d00_e20,60,0,0.2,0.541931,0.688227,0.635349,0.400167,-0.454385,0.578267,1.58067,0,0,0,0,nan,0.156859,0.190313,0.123405,0.00219664,0.0772497,0.156859,0.0397232,1.0024,1.0024,1.0024,0,0,nan,,,nan,nan,,,,,,,,,,,,,0,1,4.00839,t_pose,0.0464136,,0,,nan,
golem_ik,kinematic,golem_ik,nan,,0,b060_d10_e00,60,0.1,0,0.400279,0.547036,0.535349,0.241356,-0.332816,0.478267,1.48067,0,0,1,0,nan,0.0279243,1.66533e-16,0.0558486,3.30773e-16,0.0372901,0.0279243,0.0186451,1.0024,1.0024,1.0024,0,0,nan,,,nan,nan,,,,,,,,,,,,,0,1,4.00895,arms_front_45,0.01556,,0,,nan,
golem_ik,kinematic,golem_ik,nan,,0,b060_d10_e10,60,0.1,0.1,0.471105,0.617632,0.535349,0.320761,-0.3936,0.478267,1.48067,0,0,0,0,nan,0.0612259,0.0718699,0.050582,0.000998499,0.0748012,0.0612259,0.0378999,1.0024,1.0024,1.0024,0,0,nan,,,nan,nan,,,,,,,,,,,,,0,1,4.00981,t_pose,0.0218039,,0,,nan,
golem_ik,kinematic,golem_ik,nan,,0,b060_d10_e20,60,0.1,0.2,0.541931,0.688227,0.535349,0.400167,-0.454385,0.478267,1.48067,0,0,0,0,nan,0.153394,0.170758,0.13603,0.00248601,0.0830772,0.153394,0.0427816,1.0024,1.0024,1.0024,0,0,nan,,,nan,nan,,,,,,,,,,,,,0,1,4.0117,t_pose,0.0277987,,0,,nan,
golem_ik,kinematic,golem_ik,nan,,0,b060_d20_e00,60,0.2,0,0.400279,0.547036,0.435349,0.241356,-0.332816,0.378267,1.38067,0,0,1,0,nan,0.0505837,7.89732e-10,0.101167,8.99496e-11,0.0674062,0.0505837,0.0337031,1.0024,1.0024,1.0024,0,0,nan,,,nan,nan,,,,,,,,,,,,,0,1,3.91546,t_pose,-0.000139001,,1,,nan,
golem_ik,kinematic,golem_ik,nan,,0,b060_d20_e10,60,0.2,0.1,0.471105,0.617632,0.435349,0.320761,-0.3936,0.378267,1.38067,0,0,0,0,nan,0.0658475,0.0647233,0.0669717,0.00111521,0.102774,0.0658475,0.0519446,1.0024,1.0024,1.0024,0,0,nan,,,nan,nan,,,,,,,,,,,,,0,1,4.00717,arms_front_45,0.024988,,0,,nan,
golem_ik,kinematic,golem_ik,nan,,0,b060_d20_e20,60,0.2,0.2,0.541931,0.688227,0.435349,0.400167,-0.454385,0.378267,1.38067,0,0,0,0,nan,0.158204,0.164581,0.151827,0.00286158,0.0911498,0.158204,0.0470057,1.0024,1.0024,1.0024,0,0,nan,,,nan,nan,,,,,,,,,,,,,0,1,4.00875,t_pose,0.0239532,,0,,nan,
golem_ik,kinematic,golem_ik,nan,,0,b060_d30_e00,60,0.3,0,0.400279,0.547036,0.335349,0.241356,-0.332816,0.278267,1.28067,0,0,1,0,nan,0.0264334,1.57036e-07,0.0528666,1.63656e-08,0.069249,0.0264334,0.0346245,1.0024,1.0024,1.0024,0,0,nan,,,nan,nan,,,,,,,,,,,,,0,1,3.80084,t_pose,-0.0441382,,1,,nan,
golem_ik,kinematic,golem_ik,nan,,0,b060_d30_e10,60,0.3,0.1,0.471105,0.617632,0.335349,0.320761,-0.3936,0.278267,1.28067,0,0,0,0,nan,0.0938915,0.0734458,0.114337,0.00147519,0.0992179,0.0938915,0.0503465,1.0024,1.0024,1.0024,0,0,nan,,,nan,nan,,,,,,,,,,,,,0,1,4.00991,arms_front_45,0.0213398,,0,,nan,
golem_ik,kinematic,golem_ik,nan,,0,b060_d30_e20,60,0.3,0.2,0.541931,0.688227,0.335349,0.400167,-0.454385,0.278267,1.28067,0,0,0,0,nan,0.177775,0.172118,0.183432,0.00341557,0.109009,0.177775,0.0562124,1.0024,1.0024,1.0024,0,0,nan,,,nan,nan,,,,,,,,,,,,,0,1,4.01293,t_pose,0.0226033,,0,,nan,
golem_ik,kinematic,golem_ik,nan,,0,b060_d40_e00,60,0.4,0,0.400279,0.547036,0.235349,0.241356,-0.332816,0.178267,1.18067,0,0,1,0,nan,0.0575487,0.00417323,0.110924,0.00015022,0.115619,0.0575487,0.0578845,1.0024,1.0024,1.0024,0,0,nan,,,nan,nan,,,,,,,,,,,,,0,1,4.01018,current,0.00963861,,0,,nan,
golem_ik,kinematic,golem_ik,nan,,0,b060_d40_e10,60,0.4,0.1,0.471105,0.617632,0.235349,0.320761,-0.3936,0.178267,1.18067,0,0,0,0,nan,0.127526,0.0974104,0.157641,0.00217113,0.176716,0.127526,0.0894434,1.0024,1.0024,1.0024,0,0,nan,,,nan,nan,,,,,,,,,,,,,0,1,4.00614,home,0.0192174,,0,,nan,
golem_ik,kinematic,golem_ik,nan,,0,b060_d40_e20,60,0.4,0.2,0.541931,0.688227,0.235349,0.400167,-0.454385,0.178267,1.18067,0,0,0,0,nan,0.207891,0.19296,0.222822,0.00420939,0.171061,0.207891,0.0876353,1.0024,1.0024,1.0024,0,0,nan,,,nan,nan,,,,,,,,,,,,,0,1,4.01287,arms_front_45,0.0217629,,0,,nan,
golem_ik,kinematic,golem_ik,nan,,0,b060_d50_e00,60,0.5,0,0.400279,0.547036,0.135349,0.241356,-0.332816,0.0782666,1.08067,0,0,1,0,nan,0.0871107,0.0468678,0.127354,0.00113449,0.10113,0.0871107,0.0511321,1.0024,1.0024,1.0024,0,0,nan,,,nan,nan,,,,,,,,,,,,,0,1,4.01124,home,0.0221582,,0,,nan,
golem_ik,kinematic,golem_ik,nan,,0,b060_d50_e10,60,0.5,0.1,0.471105,0.617632,0.135349,0.320761,-0.3936,0.0782666,1.08067,0,0,0,0,nan,0.155724,0.135038,0.17641,0.00321115,0.141519,0.155724,0.072365,1.0024,1.0024,1.0024,0,0,nan,,,nan,nan,,,,,,,,,,,,,0,1,4.00646,home,0.0162414,,0,,nan,
golem_ik,kinematic,golem_ik,nan,,0,b060_d50_e20,60,0.5,0.2,0.541931,0.688227,0.135349,0.400167,-0.454385,0.0782666,1.08067,0,0,0,0,nan,0.238051,0.226035,0.250067,0.00525623,0.189724,0.238051,0.0974903,1.0024,1.0024,1.0024,0,0,nan,,,nan,nan,,,,,,,,,,,,,0,1,4.00895,current,0.0200735,,0,,nan,
golem_ik,kinematic,golem_ik,nan,,0,b060_d60_e00,60,0.6,0,0.400279,0.547036,0.0353489,0.241356,-0.332816,-0.0217334,0.980667,0,0,0,0,nan,0.130833,0.102654,0.159012,0.00256385,0.135457,0.130833,0.0690104,1.0024,1.0024,1.0024,0,0,nan,,,nan,nan,,,,,,,,,,,,,0,1,4.00743,current,0.0139135,,0,,nan,
golem_ik,kinematic,golem_ik,nan,,0,b060_d60_e10,60,0.6,0.1,0.471105,0.617632,0.0353489,0.320761,-0.3936,-0.0217334,0.980667,0,0,0,0,nan,0.199585,0.184259,0.21491,0.00454215,0.172392,0.199585,0.0884672,1.0024,1.0024,1.0024,0,0,nan,,,nan,nan,,,,,,,,,,,,,0,1,4.00901,current,0.0182791,,0,,nan,
golem_ik,kinematic,golem_ik,nan,,0,b060_d60_e20,60,0.6,0.2,0.541931,0.688227,0.0353489,0.400167,-0.454385,-0.0217334,0.980667,0,0,0,0,nan,0.276286,0.269886,0.282686,0.00652282,0.205423,0.276286,0.105973,1.0024,1.0024,1.0024,0,0,nan,,,nan,nan,,,,,,,,,,,,,0,1,4.01004,current,0.0142704,,0,,nan,
golem_ik,kinematic,golem_ik,nan,,0,b060_d70_e00,60,0.7,0,0.400279,0.547036,-0.0646511,0.241356,-0.332816,-0.121733,0.880667,1,0,0,0,nan,0.181963,0.167935,0.195991,0.00423119,0.174834,0.181963,0.0895328,1.0024,1.0024,1.0024,0,0,nan,,,nan,nan,,,,,,,,,,,,,0,1,4.01008,current,0.016161,,0,,nan,
golem_ik,kinematic,golem_ik,nan,,0,b060_d70_e10,60,0.7,0.1,0.471105,0.617632,-0.0646511,0.320761,-0.3936,-0.121733,0.880667,1,0,0,0,nan,0.248665,0.242945,0.254384,0.0060789,0.216623,0.248665,0.111351,1.0024,1.0024,1.0024,0,0,nan,,,nan,nan,,,,,,,,,,,,,0,1,4.01102,current,0.0206208,,0,,nan,
golem_ik,kinematic,golem_ik,nan,,0,b060_d70_e20,60,0.7,0.2,0.541931,0.688227,-0.0646511,0.400167,-0.454385,-0.121733,0.880667,1,0,0,0,nan,0.321681,0.32291,0.320453,0.00796407,0.246047,0.321681,0.127006,1.0024,1.0024,1.0024,0,0,nan,,,nan,nan,,,,,,,,,,,,,0,1,4.01082,current,0.0163218,,0,,nan,
golem_ik,kinematic,golem_ik,nan,,0,b060_d80_e00,60,0.8,0,0.400279,0.547036,-0.164651,0.241356,-0.332816,-0.221733,0.780667,1,0,0,0,nan,0.247211,0.240396,0.254026,0.00602068,0.190547,0.247211,0.0982839,1.0024,1.0024,1.0024,0,0,nan,,,nan,nan,,,,,,,,,,,,,0,1,4.00586,current,0.01577,,0,,nan,
golem_ik,kinematic,golem_ik,nan,,0,b060_d80_e10,60,0.8,0.1,0.471105,0.617632,-0.164651,0.320761,-0.3936,-0.221733,0.780667,1,0,0,0,nan,0.309209,0.309186,0.309231,0.0077431,0.231437,0.309209,0.11959,1.0024,1.0024,1.0024,0,0,nan,,,nan,nan,,,,,,,,,,,,,0,1,4.00717,home,0.0162694,,0,,nan,
golem_ik,kinematic,golem_ik,nan,,0,b060_d80_e20,60,0.8,0.2,0.541931,0.688227,-0.164651,0.400167,-0.454385,-0.221733,0.780667,1,0,0,0,nan,0.377494,0.383564,0.371425,0.00954602,0.276237,0.377494,0.142892,1.0024,1.0024,1.0024,0,0,nan,,,nan,nan,,,,,,,,,,,,,0,1,4.00835,home,0.0242061,,0,,nan,
golem_ik,kinematic,golem_ik,nan,,0,b060_d90_e00,60,0.9,0,0.400279,0.547036,-0.264651,0.241356,-0.332816,-0.321733,0.680667,1,0,0,0,nan,0.322924,0.318267,0.327582,0.00785556,0.203666,0.322924,0.105761,1.0024,1.0024,1.0024,0,0,nan,,,nan,nan,,,,,,,,,,,,,0,1,4.00862,current,0.0195625,,0,,nan,
golem_ik,kinematic,golem_ik,nan,,0,b060_d90_e10,60,0.9,0.1,0.471105,0.617632,-0.264651,0.320761,-0.3936,-0.321733,0.680667,1,0,0,0,nan,0.379284,0.381392,0.377176,0.00948591,0.245825,0.379284,0.127655,1.0024,1.0024,1.0024,0,0,nan,,,nan,nan,,,,,,,,,,,,,0,1,4.00684,home,0.0204634,,0,,nan,
golem_ik,kinematic,golem_ik,nan,,0,b060_d90_e20,60,0.9,0.2,0.541931,0.688227,-0.264651,0.400167,-0.454385,-0.321733,0.680667,1,0,0,0,nan,0.44264,0.450478,0.434802,0.0112391,0.281193,0.44264,0.146216,1.0024,1.0024,1.0024,0,0,nan,,,nan,nan,,,,,,,,,,,,,0,1,4.00947,home,0.019627,,0,,nan,
golem_ik,kinematic,golem_ik,nan,,0,b060_d100_e00,60,1,0,0.400279,0.547036,-0.364651,0.241356,-0.332816,-0.421733,0.580667,1,0,0,0,nan,0.404976,0.400236,0.409716,0.00970095,0.211679,0.404976,0.11069,1.0024,1.0024,1.0024,0,0,nan,,,nan,nan,,,,,,,,,,,,,0,1,4.01015,current,0.019586,,0,,nan,
golem_ik,kinematic,golem_ik,nan,,0,b060_d100_e10,60,1,0.1,0.471105,0.617632,-0.364651,0.320761,-0.3936,-0.421733,0.580667,1,0,0,0,nan,0.456135,0.458299,0.453972,0.0112829,0.251213,0.456135,0.131248,1.0024,1.0024,1.0024,0,0,nan,,,nan,nan,,,,,,,,,,,,,0,1,4.01225,home,0.0195053,,0,,nan,
golem_ik,kinematic,golem_ik,nan,,0,b060_d100_e20,60,1,0.2,0.541931,0.688227,-0.364651,0.400167,-0.454385,-0.421733,0.580667,1,0,0,0,nan,0.514348,0.522495,0.5062,0.0130182,0.288831,0.514348,0.150925,1.0024,1.0024,1.0024,0,0,nan,,,nan,nan,,,,,,,,,,,,,0,1,4.01223,home,0.02085,,0,,nan,
golem_ik,kinematic,golem_ik,nan,,0,b061_d00_e00,61,0,0,0.249453,0.1671,0.907954,0.175732,-0.617975,0.36984,1.37224,0,1,1,1,nan,5.65158e-05,0.000110276,2.7559e-06,7.65093e-05,6.10138e-06,5.65158e-05,4.13053e-05,1.0024,1.0024,1.0024,0,0,nan,,,nan,nan,,,,,,,,,,,,,0,1,0.149166,home,0.0277531,,0,,nan,
golem_ik,kinematic,golem_ik,nan,,0,b061_d00_e10,61,0,0.1,0.349163,0.174711,0.907954,0.210759,-0.71164,0.36984,1.37224,0,1,1,1,nan,0.028633,0.0242432,0.0330229,0.000380432,0.014639,0.028633,0.00750972,1.0024,1.0024,1.0024,0,0,nan,,,nan,nan,,,,,,,,,,,,,0,1,4.0143,current,0.0322104,,0,,nan,
golem_ik,kinematic,golem_ik,nan,,0,b061_d00_e20,61,0,0.2,0.448872,0.182322,0.907954,0.245786,-0.805304,0.36984,1.37224,0,0,0,0,nan,0.105294,0.0880207,0.122568,0.00108486,0.0467933,0.105294,0.0239391,1.0024,1.0024,1.0024,0,0,nan,,,nan,nan,,,,,,,,,,,,,0,1,4.00713,current,0.0351676,,0,,nan,
golem_ik,kinematic,golem_ik,nan,,0,b061_d10_e00,61,0.1,0,0.249453,0.1671,0.807954,0.175732,-0.617975,0.26984,1.27224,0,1,1,1,nan,4.63923e-05,9.27582e-07,9.1857e-05,1.99521e-07,0.000519039,4.63923e-05,0.000259619,1.0024,1.0024,1.0024,0,0,nan,,,nan,nan,,,,,,,,,,,,,0,1,0.124794,home,0.0334207,,0,,nan,
golem_ik,kinematic,golem_ik,nan,,0,b061_d10_e10,61,0.1,0.1,0.349163,0.174711,0.807954,0.210759,-0.71164,0.26984,1.27224,0,0,1,0,nan,0.0309927,0,0.0619855,3.71884e-16,0.0292393,0.0309927,0.0146197,1.0024,1.0024,1.0024,0,0,nan,,,nan,nan,,,,,,,,,,,,,0,1,4.00207,current,0.035974,,0,,nan,
golem_ik,kinematic,golem_ik,nan,,0,b061_d10_e20,61,0.1,0.2,0.448872,0.182322,0.807954,0.245786,-0.805304,0.26984,1.27224,0,0,1,0,nan,0.0832564,0.0198261,0.146687,0.0002012,0.0603817,0.0832564,0.0302915,1.0024,1.0024,1.0024,0,0,nan,,,nan,nan,,,,,,,,,,,,,0,1,4.00716,home,0.0366353,,0,,nan,
golem_ik,kinematic,golem_ik,nan,,0,b061_d20_e00,61,0.2,0,0.249453,0.1671,0.707954,0.175732,-0.617975,0.16984,1.17224,0,1,1,1,nan,0.0149293,2.77556e-17,0.0298587,4.06591e-16,0.0158636,0.0149293,0.00793181,1.0024,1.0024,1.0024,0,0,nan,,,nan,nan,,,,,,,,,,,,,0,1,4.00432,home,0.041361,,0,,nan,
golem_ik,kinematic,golem_ik,nan,,0,b061_d20_e10,61,0.2,0.1,0.349163,0.174711,0.707954,0.210759,-0.71164,0.16984,1.17224,0,0,1,0,nan,0.0511537,0,0.102307,3.08397e-16,0.048635,0.0511537,0.0243175,1.0024,1.0024,1.0024,0,0,nan,,,nan,nan,,,,,,,,,,,,,0,1,4.00311,current,0.0449724,,0,,nan,
golem_ik,kinematic,golem_ik,nan,,0,b061_d20_e20,61,0.2,0.2,0.448872,0.182322,0.707954,0.245786,-0.805304,0.16984,1.17224,0,0,1,0,nan,0.0911542,5.55112e-17,0.182308,2.66993e-16,0.0770977,0.0911542,0.0385489,1.0024,1.0024,1.0024,0,0,nan,,,nan,nan,,,,,,,,,,,,,0,1,4.00497,current,0.0439175,,0,,nan,
golem_ik,kinematic,golem_ik,nan,,0,b061_d30_e00,61,0.3,0,0.249453,0.1671,0.607954,0.175732,-0.617975,0.0698399,1.07224,0,0,1,0,nan,0.041967,1.14439e-16,0.083934,3.25798e-16,0.0426745,0.041967,0.0213372,1.0024,1.0024,1.0024,0,0,nan,,,nan,nan,,,,,,,,,,,,,0,1,4.00673,current,0.051197,,0,,nan,
golem_ik,kinematic,golem_ik,nan,,0,b061_d30_e10,61,0.3,0.1,0.349163,0.174711,0.607954,0.210759,-0.71164,0.0698399,1.07224,0,0,1,0,nan,0.0760224,0,0.152045,3.63866e-16,0.0702585,0.0760224,0.0351292,1.0024,1.0024,1.0024,0,0,nan,,,nan,nan,,,,,,,,,,,,,0,1,4.00123,home,0.055026,,0,,nan,
golem_ik,kinematic,golem_ik,nan,,0,b061_d30_e20,61,0.3,0.2,0.448872,0.182322,0.607954,0.245786,-0.805304,0.0698399,1.07224,0,0,1,0,nan,0.113805,7.6388e-09,0.227611,1.45063e-09,0.0954872,0.113805,0.0477436,1.0024,1.0024,1.0024,0,0,nan,,,nan,nan,,,,,,,,,,,,,0,1,4.00821,current,0.0534541,,0,,nan,
golem_ik,kinematic,golem_ik,nan,,0,b061_d40_e00,61,0.4,0,0.249453,0.1671,0.507954,0.175732,-0.617975,-0.0301601,0.97224,0,0,1,0,nan,0.0747114,2.77556e-17,0.149423,2.53448e-16,0.0733287,0.0747114,0.0366644,1.0024,1.0024,1.0024,0,0,nan,,,nan,nan,,,,,,,,,,,,,0,1,4.00678,home,0.0561247,,0,,nan,
golem_ik,kinematic,golem_ik,nan,,0,b061_d40_e10,61,0.4,0.1,0.349163,0.174711,0.507954,0.210759,-0.71164,-0.0301601,0.97224,0,0,1,0,nan,0.105258,0,0.210517,3.56901e-16,0.0936243,0.105258,0.0468121,1.0024,1.0024,1.0024,0,0,nan,,,nan,nan,,,,,,,,,,,,,0,1,4.00085,home,0.0585124,,0,,nan,
golem_ik,kinematic,golem_ik,nan,,0,b061_d40_e20,61,0.4,0.2,0.448872,0.182322,0.507954,0.245786,-0.805304,-0.0301601,0.97224,0,0,1,0,nan,0.140595,3.27487e-07,0.281189,7.35354e-08,0.114157,0.140595,0.0570784,1.0024,1.0024,1.0024,0,0,nan,,,nan,nan,,,,,,,,,,,,,0,1,4.00646,current,0.0626339,,0,,nan,
golem_ik,kinematic,golem_ik,nan,,0,b061_d50_e00,61,0.5,0,0.249453,0.1671,0.407954,0.175732,-0.617975,-0.13016,0.87224,1,0,1,0,nan,0.111573,1.03852e-16,0.223145,3.812e-16,0.105954,0.111573,0.0529771,1.0024,1.0024,1.0024,0,0,nan,,,nan,nan,,,,,,,,,,,,,0,1,3.10374,current,0.0438493,,1,,nan,
golem_ik,kinematic,golem_ik,nan,,0,b061_d50_e10,61,0.5,0.1,0.349163,0.174711,0.407954,0.210759,-0.71164,-0.13016,0.87224,1,0,1,0,nan,0.13893,8.32667e-17,0.27786,3.15619e-16,0.119845,0.13893,0.0599223,1.0024,1.0024,1.0024,0,0,nan,,,nan,nan,,,,,,,,,,,,,0,1,3.08842,home,0.0495304,,1,,nan,
golem_ik,kinematic,golem_ik,nan,,0,b061_d50_e20,61,0.5,0.2,0.448872,0.182322,0.407954,0.245786,-0.805304,-0.13016,0.87224,1,0,1,0,nan,0.171205,1.61719e-05,0.342393,3.63696e-06,0.134624,0.171205,0.0673136,1.0024,1.0024,1.0024,0,0,nan,,,nan,nan,,,,,,,,,,,,,0,1,4.00822,home,0.0564438,,0,,nan,
golem_ik,kinematic,golem_ik,nan,,0,b061_d60_e00,61,0.6,0,0.249453,0.1671,0.307954,0.175732,-0.617975,-0.23016,0.77224,1,0,1,0,nan,0.151192,6.24305e-07,0.302383,2.55666e-07,0.138821,0.151192,0.0694108,1.0024,1.0024,1.0024,0,0,nan,,,nan,nan,,,,,,,,,,,,,0,1,4.00808,current,0.040728,,0,,nan,
golem_ik,kinematic,golem_ik,nan,,0,b061_d60_e10,61,0.6,0.1,0.349163,0.174711,0.307954,0.210759,-0.71164,-0.23016,0.77224,1,0,1,0,nan,0.175873,8.34634e-07,0.351746,2.82624e-07,0.147287,0.175873,0.0736438,1.0024,1.0024,1.0024,0,0,nan,,,nan,nan,,,,,,,,,,,,,0,1,3.09754,current,0.0447262,,1,,nan,
golem_ik,kinematic,golem_ik,nan,,0,b061_d60_e20,61,0.6,0.2,0.448872,0.182322,0.307954,0.245786,-0.805304,-0.23016,0.77224,1,0,1,0,nan,0.2056,0.000473987,0.410727,9.31946e-05,0.157067,0.2056,0.0785799,1.0024,1.0024,1.0024,0,0,nan,,,nan,nan,,,,,,,,,,,,,0,1,4.00816,current,0.0516262,,0,,nan,
golem_ik,kinematic,golem_ik,nan,,0,b061_d70_e00,61,0.7,0,0.249453,0.1671,0.207954,0.175732,-0.617975,-0.33016,0.67224,1,0,1,0,nan,0.192763,2.49304e-05,0.385501,9.37591e-06,0.170766,0.192763,0.0853877,1.0024,1.0024,1.0024,0,0,nan,,,nan,nan,,,,,,,,,,,,,0,1,3.10945,current,0.0422813,,1,,nan,
golem_ik,kinematic,golem_ik,nan,,0,b061_d70_e10,61,0.7,0.1,0.349163,0.174711,0.207954,0.210759,-0.71164,-0.33016,0.67224,1,0,1,0,nan,0.215317,0.000220011,0.430414,5.70155e-05,0.174749,0.215317,0.0874028,1.0024,1.0024,1.0024,0,0,nan,,,nan,nan,,,,,,,,,,,,,0,1,4.01283,current,0.0434568,,0,,nan,
golem_ik,kinematic,golem_ik,nan,,0,b061_d70_e20,61,0.7,0.2,0.448872,0.182322,0.207954,0.245786,-0.805304,-0.33016,0.67224,1,0,1,0,nan,0.253142,0.0217467,0.484537,0.011869,0.180237,0.253142,0.0960532,1.0024,1.0024,1.0024,0,0,nan,,,nan,nan,,,,,,,,,,,,,0,1,4.01076,home,0.0470041,,0,,nan,
golem_ik,kinematic,golem_ik,nan,,0,b061_d80_e00,61,0.8,0,0.249453,0.1671,0.107954,0.175732,-0.617975,-0.43016,0.57224,1,0,1,0,nan,0.254454,0.0374194,0.471489,0.0232562,0.201034,0.254454,0.112145,1.0024,1.0024,1.0024,0,0,nan,,,nan,nan,,,,,,,,,,,,,0,1,4.01008,home,0.0233438,,0,,nan,
golem_ik,kinematic,golem_ik,nan,,0,b061_d80_e10,61,0.8,0.1,0.349163,0.174711,0.107954,0.210759,-0.71164,-0.43016,0.57224,1,0,0,0,nan,0.281745,0.05081,0.512679,0.0309963,0.201369,0.281745,0.116183,1.0024,1.0024,1.0024,0,0,nan,,,nan,nan,,,,,,,,,,,,,0,1,4.01067,current,0.0341409,,0,,nan,
golem_ik,kinematic,golem_ik,nan,,0,b061_d80_e20,61,0.8,0.2,0.448872,0.182322,0.107954,0.245786,-0.805304,-0.43016,0.57224,1,0,0,0,nan,0.324462,0.0863339,0.56259,0.0484065,0.203254,0.324462,0.12583,1.0024,1.0024,1.0024,0,0,nan,,,nan,nan,,,,,,,,,,,,,0,1,4.00899,home,0.0395089,,0,,nan,
golem_ik,kinematic,golem_ik,nan,,0,b061_d90_e00,61,0.9,0,0.249453,0.1671,0.0079538,0.175732,-0.617975,-0.53016,0.47224,1,0,0,0,nan,0.337888,0.116085,0.55969,0.072494,0.229166,0.337888,0.15083,1.0024,1.0024,1.0024,0,0,nan,,,nan,nan,,,,,,,,,,,,,0,1,4.00784,current,0.0198804,,0,,nan,
golem_ik,kinematic,golem_ik,nan,,0,b061_d90_e10,61,0.9,0.1,0.349163,0.174711,0.0079538,0.210759,-0.71164,-0.53016,0.47224,1,0,0,0,nan,0.362014,0.126297,0.59773,0.0764599,0.226567,0.362014,0.151514,1.0024,1.0024,1.0024,0,0,nan,,,nan,nan,,,,,,,,,,,,,0,1,4.01175,current,0.0277242,,0,,nan,
golem_ik,kinematic,golem_ik,nan,,0,b061_d90_e20,61,0.9,0.2,0.448872,0.182322,0.0079538,0.245786,-0.805304,-0.53016,0.47224,1,0,0,0,nan,0.401687,0.159387,0.643987,0.0899582,0.225466,0.401687,0.157712,1.0024,1.0024,1.0024,0,0,nan,,,nan,nan,,,,,,,,,,,,,0,1,4.00776,current,0.0359682,,0,,nan,
golem_ik,kinematic,golem_ik,nan,,0,b061_d100_e00,61,1,0,0.249453,0.1671,-0.0920462,0.175732,-0.617975,-0.63016,0.37224,1,0,0,0,nan,0.423551,0.197446,0.649655,0.121379,0.254905,0.423551,0.188142,1.0024,1.0024,1.0024,0,0,nan,,,nan,nan,,,,,,,,,,,,,0,1,4.00679,home,0.0197928,,0,,nan,
golem_ik,kinematic,golem_ik,nan,,0,b061_d100_e10,61,1,0.1,0.349163,0.174711,-0.0920462,0.210759,-0.71164,-0.63016,0.37224,1,0,0,0,nan,0.446455,0.207913,0.684997,0.123858,0.249962,0.446455,0.18691,1.0024,1.0024,1.0024,0,0,nan,,,nan,nan,,,,,,,,,,,,,0,1,4.01046,home,0.0247973,,0,,nan,
golem_ik,kinematic,golem_ik,nan,,0,b061_d100_e20,61,1,0.2,0.448872,0.182322,-0.0920462,0.245786,-0.805304,-0.63016,0.37224,1,0,0,0,nan,0.483015,0.237958,0.728071,0.133508,0.24642,0.483015,0.189964,1.0024,1.0024,1.0024,0,0,nan,,,nan,nan,,,,,,,,,,,,,0,1,4.01147,home,0.0350254,,0,,nan,
golem_ik,kinematic,golem_ik,nan,,0,b062_d00_e00,62,0,0,0.45666,0.0592565,0.410319,0.121686,-0.512181,-0.0116985,0.990701,0,1,1,1,nan,3.97981e-05,5.73715e-06,7.38591e-05,2.1933e-05,5.80958e-05,3.97981e-05,4.00144e-05,1.0024,1.0024,1.0024,0,0,nan,,,nan,nan,,,,,,,,,,,,,0,1,0.0815244,home,0.0401346,,0,,nan,
golem_ik,kinematic,golem_ik,nan,,0,b062_d00_e10,62,0,0.1,0.554821,0.0401678,0.410319,0.153382,-0.607025,-0.0116985,0.990701,0,0,1,0,nan,0.0395432,0.0189216,0.0601648,0.000164805,0.000109979,0.0395432,0.000137392,1.0024,1.0024,1.0024,0,0,nan,,,nan,nan,,,,,,,,,,,,,0,1,4.01314,t_pose,0.0365338,,0,,nan,
golem_ik,kinematic,golem_ik,nan,,0,b062_d00_e20,62,0,0.2,0.652982,0.0210791,0.410319,0.185078,-0.701869,-0.0116985,0.990701,0,0,0,0,nan,0.125664,0.118314,0.133014,0.000954767,0.00046711,0.125664,0.000710938,1.0024,1.0024,1.0024,0,0,nan,,,nan,nan,,,,,,,,,,,,,0,1,4.01081,t_pose,0.0375814,,0,,nan,
golem_ik,kinematic,golem_ik,nan,,0,b062_d10_e00,62,0.1,0,0.45666,0.0592565,0.310319,0.121686,-0.512181,-0.111699,0.890701,1,0,1,0,nan,0.0399504,6.20634e-17,0.0799008,1.903e-16,0.00103424,0.0399504,0.00051712,1.0024,1.0024,1.0024,0,0,nan,,,nan,nan,,,,,,,,,,,,,0,1,4.01284,t_pose,0.0411559,,0,,nan,
golem_ik,kinematic,golem_ik,nan,,0,b062_d10_e10,62,0.1,0.1,0.554821,0.0401678,0.310319,0.153382,-0.607025,-0.111699,0.890701,1,0,1,0,nan,0.0841614,0.032263,0.13606,0.000115613,0.000909651,0.0841614,0.000512632,1.0024,1.0024,1.0024,0,0,nan,,,nan,nan,,,,,,,,,,,,,0,1,4.00961,t_pose,0.0425979,,0,,nan,
golem_ik,kinematic,golem_ik,nan,,0,b062_d10_e20,62,0.1,0.2,0.652982,0.0210791,0.310319,0.185078,-0.701869,-0.111699,0.890701,1,0,0,0,nan,0.165624,0.129745,0.201502,0.000487701,0.000287997,0.165624,0.000387849,1.0024,1.0024,1.0024,0,0,nan,,,nan,nan,,,,,,,,,,,,,0,1,4.0109,t_pose,0.0426353,,0,,nan,
golem_ik,kinematic,golem_ik,nan,,0,b062_d20_e00,62,0.2,0,0.45666,0.0592565,0.210319,0.121686,-0.512181,-0.211699,0.790701,1,0,1,0,nan,0.0839364,1.66868e-07,0.167873,1.76827e-08,0.00269379,0.0839364,0.0013469,1.0024,1.0024,1.0024,0,0,nan,,,nan,nan,,,,,,,,,,,,,0,1,4.00864,t_pose,0.048158,,0,,nan,
golem_ik,kinematic,golem_ik,nan,,0,b062_d20_e10,62,0.2,0.1,0.554821,0.0401678,0.210319,0.153382,-0.607025,-0.211699,0.790701,1,0,0,0,nan,0.139632,0.0617095,0.217554,8.32565e-05,0.00225728,0.139632,0.00117027,1.0024,1.0024,1.0024,0,0,nan,,,nan,nan,,,,,,,,,,,,,0,1,4.01254,t_pose,0.0488382,,0,,nan,
golem_ik,kinematic,golem_ik,nan,,0,b062_d20_e20,62,0.2,0.2,0.652982,0.0210791,0.210319,0.185078,-0.701869,-0.211699,0.790701,1,0,0,0,nan,0.215844,0.155185,0.276503,6.31499e-05,0.00149124,0.215844,0.000777195,1.0024,1.0024,1.0024,0,0,nan,,,nan,nan,,,,,,,,,,,,,0,1,4.00685,t_pose,0.0478699,,0,,nan,
golem_ik,kinematic,golem_ik,nan,,0,b062_d30_e00,62,0.3,0,0.45666,0.0592565,0.110319,0.121686,-0.512181,-0.311699,0.690701,1,0,1,0,nan,0.139973,0.0212803,0.258667,0.000371292,0.00472016,0.139973,0.00254573,1.0024,1.0024,1.0024,0,0,nan,,,nan,nan,,,,,,,,,,,,,0,1,4.00953,arms_front_45,0.040334,,0,,nan,
golem_ik,kinematic,golem_ik,nan,,0,b062_d30_e10,62,0.3,0.1,0.554821,0.0401678,0.110319,0.153382,-0.607025,-0.311699,0.690701,1,0,0,0,nan,0.204069,0.10511,0.303027,0.000613265,0.00398463,0.204069,0.00229895,1.0024,1.0024,1.0024,0,0,nan,,,nan,nan,,,,,,,,,,,,,0,1,4.01226,t_pose,0.0446827,,0,,nan,
golem_ik,kinematic,golem_ik,nan,,0,b062_d30_e20,62,0.3,0.2,0.652982,0.0210791,0.110319,0.185078,-0.701869,-0.311699,0.690701,1,0,0,0,nan,0.274796,0.193207,0.356384,0.000830455,0.00303691,0.274796,0.00193368,1.0024,1.0024,1.0024,0,0,nan,,,nan,nan,,,,,,,,,,,,,0,1,4.01078,t_pose,0.047808,,0,,nan,
golem_ik,kinematic,golem_ik,nan,,0,b062_d40_e00,62,0.4,0,0.45666,0.0592565,0.0103189,0.121686,-0.512181,-0.411699,0.590701,1,0,0,0,nan,0.217189,0.0829604,0.351417,0.0010623,0.00695072,0.217189,0.00400651,1.0024,1.0024,1.0024,0,0,nan,,,nan,nan,,,,,,,,,,,,,0,1,4.00954,arms_front_45,0.0374694,,0,,nan,
golem_ik,kinematic,golem_ik,nan,,0,b062_d40_e10,62,0.4,0.1,0.554821,0.0401678,0.0103189,0.153382,-0.607025,-0.411699,0.590701,1,0,0,0,nan,0.275656,0.159928,0.391384,0.00156726,0.00595194,0.275656,0.0037596,1.0024,1.0024,1.0024,0,0,nan,,,nan,nan,,,,,,,,,,,,,0,1,4.00877,t_pose,0.0412481,,0,,nan,
golem_ik,kinematic,golem_ik,nan,,0,b062_d40_e20,62,0.4,0.2,0.652982,0.0210791,0.0103189,0.185078,-0.701869,-0.411699,0.590701,1,0,0,0,nan,0.340984,0.242013,0.439954,0.0019485,0.0048181,0.340984,0.0033833,1.0024,1.0024,1.0024,0,0,nan,,,nan,nan,,,,,,,,,,,,,0,1,4.00721,t_pose,0.0442244,,0,,nan,
golem_ik,kinematic,golem_ik,nan,,0,b062_d50_e00,62,0.5,0,0.45666,0.0592565,-0.0896811,0.121686,-0.512181,-0.511699,0.490701,1,0,0,0,nan,0.299643,0.15371,0.445576,0.00236342,0.00926943,0.299643,0.00581643,1.0024,1.0024,1.0024,0,0,nan,,,nan,nan,,,,,,,,,,,,,0,1,4.01124,arms_front_45,0.0356567,,0,,nan,
golem_ik,kinematic,golem_ik,nan,,0,b062_d50_e10,62,0.5,0.1,0.554821,0.0401678,-0.0896811,0.153382,-0.607025,-0.511699,0.490701,1,0,0,0,nan,0.352822,0.22376,0.481883,0.00284607,0.00805,0.352822,0.00544803,1.0024,1.0024,1.0024,0,0,nan,,,nan,nan,,,,,,,,,,,,,0,1,4.00736,arms_front_45,0.0384214,,0,,nan,
golem_ik,kinematic,golem_ik,nan,,0,b062_d50_e20,62,0.5,0.2,0.652982,0.0210791,-0.0896811,0.185078,-0.701869,-0.511699,0.490701,1,0,0,0,nan,0.413057,0.299762,0.526351,0.0032625,0.00674368,0.413057,0.00500309,1.0024,1.0024,1.0024,0,0,nan,,,nan,nan,,,,,,,,,,,,,0,1,4.00432,arms_front_45,0.0410676,,0,,nan,
golem_ik,kinematic,golem_ik,nan,,0,b062_d60_e00,62,0.6,0,0.45666,0.0592565,-0.189681,0.121686,-0.512181,-0.611699,0.390701,1,0,0,0,nan,0.3858,0.230823,0.540776,0.00413315,0.0115912,0.3858,0.00786216,1.0024,1.0024,1.0024,0,0,nan,,,nan,nan,,,,,,,,,,,,,0,1,4.00672,arms_front_45,0.0346264,,0,,nan,
golem_ik,kinematic,golem_ik,nan,,0,b062_d60_e10,62,0.6,0.1,0.554821,0.0401678,-0.189681,0.153382,-0.607025,-0.611699,0.390701,1,0,0,0,nan,0.434284,0.29457,0.573997,0.00458179,0.0101855,0.434284,0.00738367,1.0024,1.0024,1.0024,0,0,nan,,,nan,nan,,,,,,,,,,,,,0,1,4.00989,arms_front_45,0.0368245,,0,,nan,
golem_ik,kinematic,golem_ik,nan,,0,b062_d60_e20,62,0.6,0.2,0.652982,0.0210791,-0.189681,0.185078,-0.701869,-0.611699,0.390701,1,0,0,0,nan,0.489849,0.364765,0.614933,0.00504782,0.00871822,0.489849,0.00688302,1.0024,1.0024,1.0024,0,0,nan,,,nan,nan,,,,,,,,,,,,,0,1,4.0078,arms_front_45,0.0390832,,0,,nan,
golem_ik,kinematic,golem_ik,nan,,0,b062_d70_e00,62,0.7,0,0.45666,0.0592565,-0.289681,0.121686,-0.512181,-0.711699,0.290701,1,0,0,0,nan,0.474677,0.312619,0.636735,0.00628439,0.0194568,0.474677,0.0128706,1.0024,1.0024,1.0024,0,0,nan,,,nan,nan,,,,,,,,,,,,,0,1,4.01174,current,0.033909,,0,,nan,
golem_ik,kinematic,golem_ik,nan,,0,b062_d70_e10,62,0.7,0.1,0.554821,0.0401678,-0.289681,0.153382,-0.607025,-0.711699,0.290701,1,0,0,0,nan,0.519065,0.370771,0.667358,0.00670735,0.0122843,0.519065,0.00949581,1.0024,1.0024,1.0024,0,0,nan,,,nan,nan,,,,,,,,,,,,,0,1,4.00811,arms_front_45,0.035803,,0,,nan,
golem_ik,kinematic,golem_ik,nan,,0,b062_d70_e20,62,0.7,0.2,0.652982,0.0210791,-0.289681,0.185078,-0.701869,-0.711699,0.290701,1,0,0,0,nan,0.570422,0.435606,0.705239,0.00719071,0.0106672,0.570422,0.00892896,1.0024,1.0024,1.0024,0,0,nan,,,nan,nan,,,,,,,,,,,,,0,1,4.01246,arms_front_45,0.0376738,,0,,nan,
golem_ik,kinematic,golem_ik,nan,,0,b062_d80_e00,62,0.8,0,0.45666,0.0592565,-0.389681,0.121686,-0.512181,-0.811699,0.190701,1,0,0,0,nan,0.565608,0.397896,0.733319,0.00885827,0.0284033,0.565608,0.0186308,1.0024,1.0024,1.0024,0,0,nan,,,nan,nan,,,,,,,,,,,,,0,1,4.01196,current,0.0336969,,0,,nan,
golem_ik,kinematic,golem_ik,nan,,0,b062_d80_e10,62,0.8,0.1,0.554821,0.0401678,-0.389681,0.153382,-0.607025,-0.811699,0.190701,1,0,0,0,nan,0.606427,0.451153,0.761701,0.00929409,0.0142833,0.606427,0.0117887,1.0024,1.0024,1.0024,0,0,nan,,,nan,nan,,,,,,,,,,,,,0,1,4.01133,arms_front_45,0.0351945,,0,,nan,
golem_ik,kinematic,golem_ik,nan,,0,b062_d80_e20,62,0.8,0.2,0.652982,0.0210791,-0.389681,0.185078,-0.701869,-0.811699,0.190701,1,0,0,0,nan,0.654038,0.511155,0.79692,0.0100854,0.0124814,0.654038,0.0112834,1.0024,1.0024,1.0024,0,0,nan,,,nan,nan,,,,,,,,,,,,,0,1,4.0074,arms_front_45,0.0367162,,0,,nan,
golem_ik,kinematic,golem_ik,nan,,0,b062_d90_e00,62,0.9,0,0.45666,0.0592565,-0.489681,0.121686,-0.512181,-0.911699,0.0907015,1,0,0,0,nan,0.658137,0.485875,0.830399,0.0123054,0.0366471,0.658137,0.0244763,1.0024,1.0024,1.0024,0,0,nan,,,nan,nan,,,,,,,,,,,,,0,1,4.00972,home,0.0337194,,0,,nan,
golem_ik,kinematic,golem_ik,nan,,0,b062_d90_e10,62,0.9,0.1,0.554821,0.0401678,-0.489681,0.153382,-0.607025,-0.911699,0.0907015,1,0,0,0,nan,0.695836,0.534844,0.856828,0.0127219,0.0161357,0.695836,0.0144288,1.0024,1.0024,1.0024,0,0,nan,,,nan,nan,,,,,,,,,,,,,0,1,4.00746,arms_front_45,0.0349028,,0,,nan,
golem_ik,kinematic,golem_ik,nan,,0,b062_d90_e20,62,0.9,0.2,0.652982,0.0210791,-0.489681,0.185078,-0.701869,-0.911699,0.0907015,1,0,0,0,nan,0.740104,0.590494,0.889714,0.0134687,0.0141397,0.740104,0.0138042,1.0024,1.0024,1.0024,0,0,nan,,,nan,nan,,,,,,,,,,,,,0,1,4.01059,arms_front_45,0.0360996,,0,,nan,
golem_ik,kinematic,golem_ik,nan,,0,b062_d100_e00,62,1,0,0.45666,0.0592565,-0.589681,0.121686,-0.512181,-1.0117,-0.00929852,1,0,0,0,nan,0.751848,0.575803,0.927892,0.0156822,0.0442748,0.751848,0.0299785,1.0024,1.0024,1.0024,0,0,nan,,,nan,nan,,,,,,,,,,,,,0,1,4.00666,arms_front_45,0.0341275,,0,,nan,
golem_ik,kinematic,golem_ik,nan,,0,b062_d100_e10,62,1,0.1,0.554821,0.0401678,-0.589681,0.153382,-0.607025,-1.0117,-0.00929852,1,0,0,0,nan,0.786874,0.621158,0.95259,0.0164063,0.0180463,0.786874,0.0172263,1.0024,1.0024,1.0024,0,0,nan,,,nan,nan,,,,,,,,,,,,,0,1,4.00732,current,0.0345287,,0,,nan,
golem_ik,kinematic,golem_ik,nan,,0,b062_d100_e20,62,1,0.2,0.652982,0.0210791,-0.589681,0.185078,-0.701869,-1.0117,-0.00929852,1,0,0,0,nan,0.828134,0.67285,0.983418,0.0167523,0.0157188,0.828134,0.0162356,1.0024,1.0024,1.0024,0,0,nan,,,nan,nan,,,,,,,,,,,,,0,1,4.01006,arms_front_45,0.035714,,0,,nan,
golem_ik,kinematic,golem_ik,nan,,0,b063_d00_e00,63,0,0,0.353343,0.0179479,0.25103,0.2689,-0.290377,0.613624,1.25343,0,1,1,1,nan,1.60116e-06,2.38029e-06,8.22028e-07,2.52195e-06,1.33933e-06,1.60116e-06,1.93064e-06,1.0024,1.0024,1.0024,0,0,nan,,,nan,nan,,,,,,,,,,,,,0,1,0.119526,home,0.0560746,,0,,nan,
golem_ik,kinematic,golem_ik,nan,,0,b063_d00_e10,63,0,0.1,0.447183,-0.016607,0.25103,0.357285,-0.337155,0.613624,1.25343,0,1,1,1,nan,0.000111445,0.000220097,2.793e-06,0.000192707,1.33774e-06,0.000111445,9.70223e-05,1.0024,1.0024,1.0024,0,0,nan,,,nan,nan,,,,,,,,,,,,,0,1,0.138577,home,0.0495098,,0,,nan,
golem_ik,kinematic,golem_ik,nan,,0,b063_d00_e20,63,0,0.2,0.541023,-0.051162,0.25103,0.445669,-0.383933,0.613624,1.25343,0,0,0,1,nan,0.0342441,0.0684882,0,0.000913981,1.80383e-16,0.0342441,0.000456991,1.0024,1.0024,1.0024,0,0,nan,,,nan,nan,,,,,,,,,,,,,0,1,4.00754,arms_front_45,0.0376062,,0,,nan,
golem_ik,kinematic,golem_ik,nan,,0,b063_d10_e00,63,0.1,0,0.353343,0.0179479,0.15103,0.2689,-0.290377,0.513624,1.15343,0,1,1,1,nan,3.66e-06,7.05771e-06,2.62295e-07,6.2883e-06,4.85496e-07,3.66e-06,3.3869e-06,1.0024,1.0024,1.0024,0,0,nan,,,nan,nan,,,,,,,,,,,,,0,1,0.121835,home,0.0479462,,0,,nan,
golem_ik,kinematic,golem_ik,nan,,0,b063_d10_e10,63,0.1,0.1,0.447183,-0.016607,0.15103,0.357285,-0.337155,0.513624,1.15343,0,1,1,1,nan,0.00900659,0.0180132,0,1.32745e-05,1.24566e-16,0.00900659,6.63727e-06,1.0024,1.0024,1.0024,0,0,nan,,,nan,nan,,,,,,,,,,,,,0,1,4.00907,arms_front_45,0.0393839,,0,,nan,
golem_ik,kinematic,golem_ik,nan,,0,b063_d10_e20,63,0.1,0.2,0.541023,-0.051162,0.15103,0.445669,-0.383933,0.513624,1.15343,0,0,0,1,nan,0.0526256,0.105251,0,0.000617806,1.17884e-16,0.0526256,0.000308903,1.0024,1.0024,1.0024,0,0,nan,,,nan,nan,,,,,,,,,,,,,0,1,4.00736,arms_front_45,0.0410372,,0,,nan,
golem_ik,kinematic,golem_ik,nan,,0,b063_d20_e00,63,0.2,0,0.353343,0.0179479,0.0510299,0.2689,-0.290377,0.413624,1.05343,0,1,1,1,nan,0.000275558,0.000551116,1.39001e-13,0.000698234,5.05614e-14,0.000275558,0.000349117,1.0024,1.0024,1.0024,0,0,nan,,,nan,nan,,,,,,,,,,,,,0,1,0.143242,home,0.0289289,,0,,nan,
golem_ik,kinematic,golem_ik,nan,,0,b063_d20_e10,63,0.2,0.1,0.447183,-0.016607,0.0510299,0.357285,-0.337155,0.413624,1.05343,0,0,0,1,nan,0.0368186,0.0736372,0,0.000409348,2.70289e-16,0.0368186,0.000204674,1.0024,1.0024,1.0024,0,0,nan,,,nan,nan,,,,,,,,,,,,,0,1,4.00859,arms_front_45,0.0354434,,0,,nan,
golem_ik,kinematic,golem_ik,nan,,0,b063_d20_e20,63,0.2,0.2,0.541023,-0.051162,0.0510299,0.445669,-0.383933,0.413624,1.05343,0,0,0,1,nan,0.0771233,0.154247,1.19929e-08,0.000157852,2.57776e-09,0.0771233,7.89275e-05,1.0024,1.0024,1.0024,0,0,nan,,,nan,nan,,,,,,,,,,,,,0,1,4.00971,arms_front_45,0.0374598,,0,,nan,
golem_ik,kinematic,golem_ik,nan,,0,b063_d30_e00,63,0.3,0,0.353343,0.0179479,-0.0489701,0.2689,-0.290377,0.313624,0.95343,0,0,0,1,nan,0.0362667,0.0725334,0,0.0011985,2.85245e-16,0.0362667,0.000599251,1.0024,1.0024,1.0024,0,0,nan,,,nan,nan,,,,,,,,,,,,,0,1,4.0054,arms_front_45,0.0247956,,0,,nan,
golem_ik,kinematic,golem_ik,nan,,0,b063_d30_e10,63,0.3,0.1,0.447183,-0.016607,-0.0489701,0.357285,-0.337155,0.313624,0.95343,0,0,0,1,nan,0.069601,0.139202,0,0.00148026,4.05817e-16,0.069601,0.000740128,1.0024,1.0024,1.0024,0,0,nan,,,nan,nan,,,,,,,,,,,,,0,1,4.01164,arms_front_45,0.0293589,,0,,nan,
golem_ik,kinematic,golem_ik,nan,,0,b063_d30_e20,63,0.3,0.2,0.541023,-0.051162,-0.0489701,0.445669,-0.383933,0.313624,0.95343,0,0,0,1,nan,0.106645,0.213079,0.000210751,0.00120037,0.000101376,0.106645,0.000650874,1.0024,1.0024,1.0024,0,0,nan,,,nan,nan,,,,,,,,,,,,,0,1,4.00883,arms_front_45,0.0337696,,0,,nan,
golem_ik,kinematic,golem_ik,nan,,0,b063_d40_e00,63,0.4,0,0.353343,0.0179479,-0.14897,0.2689,-0.290377,0.213624,0.85343,1,0,0,1,nan,0.0762392,0.152478,0,0.00305841,2.35837e-16,0.0762392,0.00152921,1.0024,1.0024,1.0024,0,0,nan,,,nan,nan,,,,,,,,,,,,,0,1,4.01129,arms_front_45,0.0214596,,0,,nan,
golem_ik,kinematic,golem_ik,nan,,0,b063_d40_e10,63,0.4,0.1,0.447183,-0.016607,-0.14897,0.357285,-0.337155,0.213624,0.85343,1,0,0,1,nan,0.106123,0.212246,2.65152e-09,0.003093,7.29766e-10,0.106123,0.0015465,1.0024,1.0024,1.0024,0,0,nan,,,nan,nan,,,,,,,,,,,,,0,1,4.01087,arms_front_45,0.0253831,,0,,nan,
golem_ik,kinematic,golem_ik,nan,,0,b063_d40_e20,63,0.4,0.2,0.541023,-0.051162,-0.14897,0.445669,-0.383933,0.213624,0.85343,1,0,0,1,nan,0.164558,0.279738,0.0493773,0.00272771,0.0272108,0.164558,0.0149693,1.0024,1.0024,1.0024,0,0,nan,,,nan,nan,,,,,,,,,,,,,0,1,4.01117,arms_front_45,0.0293776,,0,,nan,
golem_ik,kinematic,golem_ik,nan,,0,b063_d50_e00,63,0.5,0,0.353343,0.0179479,-0.24897,0.2689,-0.290377,0.113624,0.75343,1,0,0,1,nan,0.138138,0.237233,0.0390425,0.00535338,0.0245105,0.138138,0.014932,1.0024,1.0024,1.0024,0,0,nan,,,nan,nan,,,,,,,,,,,,,0,1,4.01494,arms_front_45,0.0200582,,0,,nan,
golem_ik,kinematic,golem_ik,nan,,0,b063_d50_e10,63,0.5,0.1,0.447183,-0.016607,-0.24897,0.357285,-0.337155,0.113624,0.75343,1,0,0,0,nan,0.179385,0.290927,0.0678436,0.00512766,0.0416261,0.179385,0.0233769,1.0024,1.0024,1.0024,0,0,nan,,,nan,nan,,,,,,,,,,,,,0,1,4.00872,arms_front_45,0.0227422,,0,,nan,
golem_ik,kinematic,golem_ik,nan,,0,b063_d50_e20,63,0.5,0.2,0.541023,-0.051162,-0.24897,0.445669,-0.383933,0.113624,0.75343,1,0,0,0,nan,0.234023,0.352579,0.115467,0.00461236,0.0660147,0.234023,0.0353135,1.0024,1.0024,1.0024,0,0,nan,,,nan,nan,,,,,,,,,,,,,0,1,4.00591,arms_front_45,0.0261397,,0,,nan,
golem_ik,kinematic,golem_ik,nan,,0,b063_d60_e00,63,0.6,0,0.353343,0.0179479,-0.34897,0.2689,-0.290377,0.0136242,0.65343,1,0,0,0,nan,0.224966,0.325368,0.124565,0.00800855,0.0780215,0.224966,0.043015,1.0024,1.0024,1.0024,0,0,nan,,,nan,nan,,,,,,,,,,,,,0,1,4.00862,current,0.0199991,,0,,nan,
golem_ik,kinematic,golem_ik,nan,,0,b063_d60_e10,63,0.6,0.1,0.447183,-0.016607,-0.34897,0.357285,-0.337155,0.0136242,0.65343,1,0,0,0,nan,0.26099,0.373871,0.148109,0.00746372,0.0908681,0.26099,0.0491659,1.0024,1.0024,1.0024,0,0,nan,,,nan,nan,,,,,,,,,,,,,0,1,4.00894,arms_front_45,0.0209031,,0,,nan,
golem_ik,kinematic,golem_ik,nan,,0,b063_d60_e20,63,0.6,0.2,0.541023,-0.051162,-0.34897,0.445669,-0.383933,0.0136242,0.65343,1,0,0,0,nan,0.3094,0.430279,0.18852,0.00676682,0.109278,0.3094,0.0580226,1.0024,1.0024,1.0024,0,0,nan,,,nan,nan,,,,,,,,,,,,,0,1,4.01055,arms_front_45,0.0237407,,0,,nan,
golem_ik,kinematic,golem_ik,nan,,0,b063_d70_e00,63,0.7,0,0.353343,0.0179479,-0.44897,0.2689,-0.290377,-0.0863758,0.55343,1,0,0,0,nan,0.313384,0.415811,0.210956,0.0187796,0.131318,0.313384,0.0750486,1.0024,1.0024,1.0024,0,0,nan,,,nan,nan,,,,,,,,,,,,,0,1,4.00723,current,0.022835,,0,,nan,
golem_ik,kinematic,golem_ik,nan,,0,b063_d70_e10,63,0.7,0.1,0.447183,-0.016607,-0.44897,0.357285,-0.337155,-0.0863758,0.55343,1,0,0,0,nan,0.345501,0.46,0.231002,0.0100095,0.140724,0.345501,0.0753668,1.0024,1.0024,1.0024,0,0,nan,,,nan,nan,,,,,,,,,,,,,0,1,4.0107,home,0.0210156,,0,,nan,
golem_ik,kinematic,golem_ik,nan,,0,b063_d70_e20,63,0.7,0.2,0.541023,-0.051162,-0.44897,0.445669,-0.383933,-0.0863758,0.55343,1,0,0,0,nan,0.388954,0.511794,0.266114,0.00910364,0.154323,0.388954,0.0817132,1.0024,1.0024,1.0024,0,0,nan,,,nan,nan,,,,,,,,,,,,,0,1,4.01308,home,0.0218762,,0,,nan,
golem_ik,kinematic,golem_ik,nan,,0,b063_d80_e00,63,0.8,0,0.353343,0.0179479,-0.54897,0.2689,-0.290377,-0.186376,0.45343,1,0,0,0,nan,0.40305,0.50804,0.29806,0.0345682,0.183541,0.40305,0.109055,1.0024,1.0024,1.0024,0,0,nan,,,nan,nan,,,,,,,,,,,,,0,1,4.01401,current,0.0261727,,0,,nan,
golem_ik,kinematic,golem_ik,nan,,0,b063_d80_e10,63,0.8,0.1,0.447183,-0.016607,-0.54897,0.357285,-0.337155,-0.186376,0.45343,1,0,0,0,nan,0.432105,0.548487,0.315723,0.0126805,0.189921,0.432105,0.101301,1.0024,1.0024,1.0024,0,0,nan,,,nan,nan,,,,,,,,,,,,,0,1,4.00937,current,0.0223927,,0,,nan,
golem_ik,kinematic,golem_ik,nan,,0,b063_d80_e20,63,0.8,0.2,0.541023,-0.051162,-0.54897,0.445669,-0.383933,-0.186376,0.45343,1,0,0,0,nan,0.471587,0.596283,0.34689,0.0115945,0.19947,0.471587,0.105532,1.0024,1.0024,1.0024,0,0,nan,,,nan,nan,,,,,,,,,,,,,0,1,4.00686,arms_front_45,0.0226263,,0,,nan,
golem_ik,kinematic,golem_ik,nan,,0,b063_d90_e00,63,0.9,0,0.353343,0.0179479,-0.64897,0.2689,-0.290377,-0.286376,0.35343,1,0,0,0,nan,0.493755,0.601611,0.385898,0.0492984,0.233895,0.493755,0.141597,1.0024,1.0024,1.0024,0,0,nan,,,nan,nan,,,,,,,,,,,,,0,1,4.01041,current,0.0289978,,0,,nan,
golem_ik,kinematic,golem_ik,nan,,0,b063_d90_e10,63,0.9,0.1,0.447183,-0.016607,-0.64897,0.357285,-0.337155,-0.286376,0.35343,1,0,0,0,nan,0.520347,0.638795,0.401899,0.0159791,0.237525,0.520347,0.126752,1.0024,1.0024,1.0024,0,0,nan,,,nan,nan,,,,,,,,,,,,,0,1,4.00976,home,0.0240185,,0,,nan,
golem_ik,kinematic,golem_ik,nan,,0,b063_d90_e20,63,0.9,0.2,0.541023,-0.051162,-0.64897,0.445669,-0.383933,-0.286376,0.35343,1,0,0,0,nan,0.556585,0.683095,0.430074,0.014179,0.243573,0.556585,0.128876,1.0024,1.0024,1.0024,0,0,nan,,,nan,nan,,,,,,,,,,,,,0,1,4.01117,arms_front_45,0.0237224,,0,,nan,
golem_ik,kinematic,golem_ik,nan,,0,b063_d100_e00,63,1,0,0.353343,0.0179479,-0.74897,0.2689,-0.290377,-0.386376,0.25343,1,0,0,0,nan,0.58539,0.696205,0.474574,0.0624607,0.281556,0.58539,0.172009,1.0024,1.0024,1.0024,0,0,nan,,,nan,nan,,,,,,,,,,,,,0,1,4.01077,current,0.0314727,,0,,nan,
golem_ik,kinematic,golem_ik,nan,,0,b063_d100_e10,63,1,0.1,0.447183,-0.016607,-0.74897,0.357285,-0.337155,-0.386376,0.25343,1,0,0,0,nan,0.609934,0.730496,0.489373,0.0307435,0.282741,0.609934,0.156742,1.0024,1.0024,1.0024,0,0,nan,,,nan,nan,,,,,,,,,,,,,0,1,4.0074,home,0.0267315,,0,,nan,
golem_ik,kinematic,golem_ik,nan,,0,b063_d100_e20,63,1,0.2,0.541023,-0.051162,-0.74897,0.445669,-0.383933,-0.386376,0.25343,1,0,0,0,nan,0.643501,0.771783,0.515218,0.0169554,0.285765,0.643501,0.15136,1.0024,1.0024,1.0024,0,0,nan,,,nan,nan,,,,,,,,,,,,,0,1,4.0083,arms_front_45,0.0251836,,0,,nan,
golem_ik,kinematic,golem_ik,nan,,0,b064_d00_e00,64,0,0,0.403837,0.304089,0.803039,0.532815,-0.227595,0.267431,1.26983,0,1,1,1,nan,0.000115938,1.79646e-05,0.000213911,7.33035e-06,4.81168e-05,0.000115938,2.77236e-05,1.0024,1.0024,1.0024,0,0,nan,,,nan,nan,,,,,,,,,,,,,0,1,0.126217,home,0.0639969,,0,,nan,
golem_ik,kinematic,golem_ik,nan,,0,b064_d00_e10,64,0,0.1,0.497117,0.340129,0.803039,0.631719,-0.242359,0.267431,1.26983,0,0,0,0,nan,0.0814841,0.0692698,0.0936983,0.00112448,0.000214159,0.0814841,0.000669319,1.0024,1.0024,1.0024,0,0,nan,,,nan,nan,,,,,,,,,,,,,0,1,4.01018,arms_front_45,0.0594052,,0,,nan,
golem_ik,kinematic,golem_ik,nan,,0,b064_d00_e20,64,0,0.2,0.590397,0.376169,0.803039,0.730623,-0.257123,0.267431,1.26983,0,0,0,0,nan,0.171546,0.15282,0.190272,0.00241765,0.000229203,0.171546,0.00132343,1.0024,1.0024,1.0024,0,0,nan,,,nan,nan,,,,,,,,,,,,,0,1,4.00854,arms_front_45,0.0625921,,0,,nan,
golem_ik,kinematic,golem_ik,nan,,0,b064_d10_e00,64,0.1,0,0.403837,0.304089,0.703039,0.532815,-0.227595,0.167431,1.16983,0,1,1,1,nan,0.0183555,7.85046e-17,0.036711,3.26797e-16,0.000193664,0.0183555,9.68321e-05,1.0024,1.0024,1.0024,0,0,nan,,,nan,nan,,,,,,,,,,,,,0,1,4.01052,arms_front_45,0.0656421,,0,,nan,
golem_ik,kinematic,golem_ik,nan,,0,b064_d10_e10,64,0.1,0.1,0.497117,0.340129,0.703039,0.631719,-0.242359,0.167431,1.16983,0,0,1,0,nan,0.0719438,0.0171326,0.126755,0.000249181,0.000467145,0.0719438,0.000358163,1.0024,1.0024,1.0024,0,0,nan,,,nan,nan,,,,,,,,,,,,,0,1,4.01126,arms_front_45,0.063361,,0,,nan,
golem_ik,kinematic,golem_ik,nan,,0,b064_d10_e20,64,0.1,0.2,0.590397,0.376169,0.703039,0.730623,-0.257123,0.167431,1.16983,0,0,0,0,nan,0.163227,0.10721,0.219244,0.00152219,0.000542446,0.163227,0.00103232,1.0024,1.0024,1.0024,0,0,nan,,,nan,nan,,,,,,,,,,,,,0,1,4.00828,t_pose,0.0664716,,0,,nan,
golem_ik,kinematic,golem_ik,nan,,0,b064_d20_e00,64,0.2,0,0.403837,0.304089,0.603039,0.532815,-0.227595,0.0674305,1.06983,0,0,1,0,nan,0.0441721,1.11022e-16,0.0883443,1.15521e-16,0.000568906,0.0441721,0.000284453,1.0024,1.0024,1.0024,0,0,nan,,,nan,nan,,,,,,,,,,,,,0,1,4.00647,arms_front_45,0.0601856,,0,,nan,
golem_ik,kinematic,golem_ik,nan,,0,b064_d20_e10,64,0.2,0.1,0.497117,0.340129,0.603039,0.631719,-0.242359,0.0674305,1.06983,0,0,1,0,nan,0.0860347,4.09407e-06,0.172065,3.61296e-07,0.000833813,0.0860347,0.000417087,1.0024,1.0024,1.0024,0,0,nan,,,nan,nan,,,,,,,,,,,,,0,1,4.00488,arms_front_45,0.0643301,,0,,nan,
golem_ik,kinematic,golem_ik,nan,,0,b064_d20_e20,64,0.2,0.2,0.590397,0.376169,0.603039,0.730623,-0.257123,0.0674305,1.06983,0,0,0,0,nan,0.166824,0.074196,0.259451,0.000896084,0.00092727,0.166824,0.000911677,1.0024,1.0024,1.0024,0,0,nan,,,nan,nan,,,,,,,,,,,,,0,1,4.00722,arms_front_45,0.067636,,0,,nan,
golem_ik,kinematic,golem_ik,nan,,0,b064_d30_e00,64,0.3,0,0.403837,0.304089,0.503039,0.532815,-0.227595,-0.0325695,0.969831,0,0,1,0,nan,0.0751786,0,0.150357,1.5242e-16,0.00109491,0.0751786,0.000547454,1.0024,1.0024,1.0024,0,0,nan,,,nan,nan,,,,,,,,,,,,,0,1,4.00678,arms_front_45,0.0558997,,0,,nan,
golem_ik,kinematic,golem_ik,nan,,0,b064_d30_e10,64,0.3,0.1,0.497117,0.340129,0.503039,0.631719,-0.242359,-0.0325695,0.969831,0,0,1,0,nan,0.11376,2.15975e-06,0.227517,2.6258e-07,0.00131038,0.11376,0.000655323,1.0024,1.0024,1.0024,0,0,nan,,,nan,nan,,,,,,,,,,,,,0,1,4.01065,arms_front_45,0.0600172,,0,,nan,
golem_ik,kinematic,golem_ik,nan,,0,b064_d30_e20,64,0.3,0.2,0.590397,0.376169,0.503039,0.730623,-0.257123,-0.0325695,0.969831,0,0,0,0,nan,0.182596,0.0558436,0.309349,0.000615957,0.0013894,0.182596,0.00100268,1.0024,1.0024,1.0024,0,0,nan,,,nan,nan,,,,,,,,,,,,,0,1,4.00324,arms_front_45,0.0634562,,0,,nan,
golem_ik,kinematic,golem_ik,nan,,0,b064_d40_e00,64,0.4,0,0.403837,0.304089,0.403039,0.532815,-0.227595,-0.132569,0.869831,1,0,1,0,nan,0.11014,1.53134e-15,0.220281,5.12576e-16,0.00173138,0.11014,0.00086569,1.0024,1.0024,1.0024,0,0,nan,,,nan,nan,,,,,,,,,,,,,0,1,4.00889,arms_front_45,0.0526012,,0,,nan,
golem_ik,kinematic,golem_ik,nan,,0,b064_d40_e10,64,0.4,0.1,0.497117,0.340129,0.403039,0.631719,-0.242359,-0.132569,0.869831,1,0,1,0,nan,0.145591,5.13127e-05,0.291131,6.4181e-06,0.00187696,0.145591,0.000941688,1.0024,1.0024,1.0024,0,0,nan,,,nan,nan,,,,,,,,,,,,,0,1,4.01023,arms_front_45,0.0565059,,0,,nan,
golem_ik,kinematic,golem_ik,nan,,0,b064_d40_e20,64,0.4,0.2,0.590397,0.376169,0.403039,0.730623,-0.257123,-0.132569,0.869831,1,0,0,0,nan,0.210516,0.0536624,0.36737,0.000706606,0.00191943,0.210516,0.00131302,1.0024,1.0024,1.0024,0,0,nan,,,nan,nan,,,,,,,,,,,,,0,1,4.00687,arms_front_45,0.0599049,,0,,nan,
golem_ik,kinematic,golem_ik,nan,,0,b064_d50_e00,64,0.5,0,0.403837,0.304089,0.303039,0.532815,-0.227595,-0.232569,0.769831,1,0,1,0,nan,0.148091,9.65067e-09,0.296182,2.30006e-09,0.00243775,0.148091,0.00121888,1.0024,1.0024,1.0024,0,0,nan,,,nan,nan,,,,,,,,,,,,,0,1,4.00661,arms_front_45,0.0500801,,0,,nan,
golem_ik,kinematic,golem_ik,nan,,0,b064_d50_e10,64,0.5,0.1,0.497117,0.340129,0.303039,0.631719,-0.242359,-0.232569,0.769831,1,0,1,0,nan,0.181437,0.0016538,0.361221,0.000169114,0.00250729,0.181437,0.0013382,1.0024,1.0024,1.0024,0,0,nan,,,nan,nan,,,,,,,,,,,,,0,1,4.00786,arms_front_45,0.0536812,,0,,nan,
golem_ik,kinematic,golem_ik,nan,,0,b064_d50_e20,64,0.5,0.2,0.590397,0.376169,0.303039,0.730623,-0.257123,-0.232569,0.769831,1,0,0,0,nan,0.249896,0.0676996,0.432092,0.00104287,0.00250139,0.249896,0.00177213,1.0024,1.0024,1.0024,0,0,nan,,,nan,nan,,,,,,,,,,,,,0,1,4.00998,arms_front_45,0.0569333,,0,,nan,
golem_ik,kinematic,golem_ik,nan,,0,b064_d60_e00,64,0.6,0,0.403837,0.304089,0.203039,0.532815,-0.227595,-0.332569,0.669831,1,0,1,0,nan,0.188336,6.08279e-05,0.376611,1.13332e-05,0.00317925,0.188336,0.00159529,1.0024,1.0024,1.0024,0,0,nan,,,nan,nan,,,,,,,,,,,,,0,1,4.01032,arms_front_45,0.0481422,,0,,nan,
golem_ik,kinematic,golem_ik,nan,,0,b064_d60_e10,64,0.6,0.1,0.497117,0.340129,0.203039,0.631719,-0.242359,-0.332569,0.669831,1,0,1,0,nan,0.226464,0.0165085,0.43642,0.00104799,0.00317502,0.226464,0.00211151,1.0024,1.0024,1.0024,0,0,nan,,,nan,nan,,,,,,,,,,,,,0,1,4.00668,arms_front_45,0.0514173,,0,,nan,
golem_ik,kinematic,golem_ik,nan,,0,b064_d60_e20,64,0.6,0.2,0.590397,0.376169,0.203039,0.730623,-0.257123,-0.332569,0.669831,1,0,0,0,nan,0.299428,0.0965641,0.502291,0.00137576,0.00311665,0.299428,0.0022462,1.0024,1.0024,1.0024,0,0,nan,,,nan,nan,,,,,,,,,,,,,0,1,4.00798,arms_front_45,0.0544653,,0,,nan,
golem_ik,kinematic,golem_ik,nan,,0,b064_d70_e00,64,0.7,0,0.403837,0.304089,0.103039,0.532815,-0.227595,-0.432569,0.569831,1,0,1,0,nan,0.233403,0.00613373,0.460673,0.000682847,0.0132981,0.233403,0.00699048,1.0024,1.0024,1.0024,0,0,nan,,,nan,nan,,,,,,,,,,,,,0,1,4.00667,arms_front_45,0.0461191,,0,,nan,
golem_ik,kinematic,golem_ik,nan,,0,b064_d70_e10,64,0.7,0.1,0.497117,0.340129,0.103039,0.631719,-0.242359,-0.432569,0.569831,1,0,0,0,nan,0.286103,0.0565453,0.51566,0.0019987,0.00385679,0.286103,0.00292775,1.0024,1.0024,1.0024,0,0,nan,,,nan,nan,,,,,,,,,,,,,0,1,4.00729,arms_front_45,0.0496004,,0,,nan,
golem_ik,kinematic,golem_ik,nan,,0,b064_d70_e20,64,0.7,0.2,0.590397,0.376169,0.103039,0.730623,-0.257123,-0.432569,0.569831,1,0,0,0,nan,0.357816,0.138678,0.576954,0.00186975,0.00374765,0.357816,0.0028087,1.0024,1.0024,1.0024,0,0,nan,,,nan,nan,,,,,,,,,,,,,0,1,4.00889,arms_front_45,0.052421,,0,,nan,
golem_ik,kinematic,golem_ik,nan,,0,b064_d80_e00,64,0.8,0,0.403837,0.304089,0.00303937,0.532815,-0.227595,-0.532569,0.469831,1,0,0,0,nan,0.301723,0.0557738,0.547673,0.015313,0.02715,0.301723,0.0212315,1.0024,1.0024,1.0024,0,0,nan,,,nan,nan,,,,,,,,,,,,,0,1,4.01288,current,0.0450411,,0,,nan,
golem_ik,kinematic,golem_ik,nan,,0,b064_d80_e10,64,0.8,0.1,0.497117,0.340129,0.00303937,0.631719,-0.242359,-0.532569,0.469831,1,0,0,0,nan,0.358612,0.119089,0.598136,0.0210331,0.00710946,0.358612,0.0140713,1.0024,1.0024,1.0024,0,0,nan,,,nan,nan,,,,,,,,,,,,,0,1,4.00615,home,0.0481556,,0,,nan,
golem_ik,kinematic,golem_ik,nan,,0,b064_d80_e20,64,0.8,0.2,0.590397,0.376169,0.00303937,0.730623,-0.257123,-0.532569,0.469831,1,0,0,0,nan,0.424452,0.193644,0.655261,0.0197827,0.00438126,0.424452,0.012082,1.0024,1.0024,1.0024,0,0,nan,,,nan,nan,,,,,,,,,,,,,0,1,4.01265,home,0.0508734,,0,,nan,
golem_ik,kinematic,golem_ik,nan,,0,b064_d90_e00,64,0.9,0,0.403837,0.304089,-0.0969606,0.532815,-0.227595,-0.632569,0.369831,1,0,0,0,nan,0.387423,0.13797,0.636876,0.0435855,0.0417766,0.387423,0.042681,1.0024,1.0024,1.0024,0,0,nan,,,nan,nan,,,,,,,,,,,,,0,1,4.00753,home,0.0439693,,0,,nan,
golem_ik,kinematic,golem_ik,nan,,0,b064_d90_e10,64,0.9,0.1,0.497117,0.340129,-0.0969606,0.631719,-0.242359,-0.632569,0.369831,1,0,0,0,nan,0.4381,0.192817,0.683383,0.044407,0.0207823,0.4381,0.0325947,1.0024,1.0024,1.0024,0,0,nan,,,nan,nan,,,,,,,,,,,,,0,1,4.00558,home,0.0466858,,0,,nan,
golem_ik,kinematic,golem_ik,nan,,0,b064_d90_e20,64,0.9,0.2,0.590397,0.376169,-0.0969606,0.730623,-0.257123,-0.632569,0.369831,1,0,0,0,nan,0.497835,0.259121,0.736549,0.0414462,0.00501452,0.497835,0.0232304,1.0024,1.0024,1.0024,0,0,nan,,,nan,nan,,,,,,,,,,,,,0,1,4.01257,home,0.0494587,,0,,nan,
golem_ik,kinematic,golem_ik,nan,,0,b064_d100_e00,64,1,0,0.403837,0.304089,-0.196961,0.532815,-0.227595,-0.732569,0.269831,1,0,0,0,nan,0.475743,0.22374,0.727747,0.0742963,0.0558819,0.475743,0.0650891,1.0024,1.0024,1.0024,0,0,nan,,,nan,nan,,,,,,,,,,,,,0,1,4.01393,current,0.0431363,,0,,nan,
golem_ik,kinematic,golem_ik,nan,,0,b064_d100_e10,64,1,0.1,0.497117,0.340129,-0.196961,0.631719,-0.242359,-0.732569,0.269831,1,0,0,0,nan,0.52153,0.272218,0.770841,0.0708001,0.0347785,0.52153,0.0527893,1.0024,1.0024,1.0024,0,0,nan,,,nan,nan,,,,,,,,,,,,,0,1,4.01193,home,0.0455268,,0,,nan,
golem_ik,kinematic,golem_ik,nan,,0,b064_d100_e20,64,1,0.2,0.590397,0.376169,-0.196961,0.730623,-0.257123,-0.732569,0.269831,1,0,0,0,nan,0.576023,0.331672,0.820375,0.0653096,0.01436,0.576023,0.0398348,1.0024,1.0024,1.0024,0,0,nan,,,nan,nan,,,,,,,,,,,,,0,1,4.00958,home,0.0480417,,0,,nan,
golem_ik,kinematic,golem_ik,nan,,0,b065_d00_e00,65,0,0,0.20982,0.0660324,0.252691,0.219042,-0.343427,0.904187,1.25509,0,1,1,1,nan,0.000948941,0.00189788,1.38778e-16,0.000611309,2.15599e-16,0.000948941,0.000305655,1.0024,1.0024,1.0024,0,0,nan,,,nan,nan,,,,,,,,,,,,,0,1,4.00693,arms_front_45,0.0185994,,0,,nan,
golem_ik,kinematic,golem_ik,nan,,0,b065_d00_e10,65,0,0.1,0.302956,0.0296218,0.252691,0.293671,-0.409989,0.904187,1.25509,0,1,1,1,nan,0.012407,6.36906e-17,0.024814,2.40697e-16,8.54967e-05,0.012407,4.27484e-05,1.0024,1.0024,1.0024,0,0,nan,,,nan,nan,,,,,,,,,,,,,0,1,2.06476,arms_front_45,0.0262715,,2,,nan,
golem_ik,kinematic,golem_ik,nan,,0,b065_d00_e20,65,0,0.2,0.396092,-0.00678887,0.252691,0.368299,-0.476552,0.904187,1.25509,0,0,1,0,nan,0.0451387,6.07153e-18,0.0902773,1.15098e-16,0.000333905,0.0451387,0.000166952,1.0024,1.0024,1.0024,0,0,nan,,,nan,nan,,,,,,,,,,,,,0,1,4.00754,arms_front_45,0.0292092,,0,,nan,
golem_ik,kinematic,golem_ik,nan,,0,b065_d10_e00,65,0.1,0,0.20982,0.0660324,0.152691,0.219042,-0.343427,0.804187,1.15509,0,1,1,1,nan,0.000283005,3.55084e-05,0.000530501,3.9501e-05,0.000916098,0.000283005,0.000477799,1.0024,1.0024,1.0024,0,0,nan,,,nan,nan,,,,,,,,,,,,,0,1,0.121832,home,0.0242199,,0,,nan,
golem_ik,kinematic,golem_ik,nan,,0,b065_d10_e10,65,0.1,0.1,0.302956,0.0296218,0.152691,0.293671,-0.409989,0.804187,1.15509,0,1,1,1,nan,9.20052e-06,1.62968e-07,1.82381e-05,4.55755e-08,2.11812e-05,9.20052e-06,1.06134e-05,1.0024,1.0024,1.0024,0,0,nan,,,nan,nan,,,,,,,,,,,,,0,1,0.112954,home,0.0234648,,0,,nan,
golem_ik,kinematic,golem_ik,nan,,0,b065_d10_e20,65,0.1,0.2,0.396092,-0.00678887,0.152691,0.368299,-0.476552,0.804187,1.15509,0,1,1,1,nan,0.020082,0.0169338,0.0232302,0.00687734,0.000112425,0.020082,0.00349488,1.0024,1.0024,1.0024,0,0,nan,,,nan,nan,,,,,,,,,,,,,0,1,2.167,arms_front_45,0.02645,,2,,nan,
golem_ik,kinematic,golem_ik,nan,,0,b065_d20_e00,65,0.2,0,0.20982,0.0660324,0.052691,0.219042,-0.343427,0.704187,1.05509,0,1,1,1,nan,0.0102157,0.0204315,5.55112e-17,0.01402,2.04749e-16,0.0102157,0.00701001,1.0024,1.0024,1.0024,0,0,nan,,,nan,nan,,,,,,,,,,,,,0,1,3.05776,t_pose,0.0132702,,1,,nan,
golem_ik,kinematic,golem_ik,nan,,0,b065_d20_e10,65,0.2,0.1,0.302956,0.0296218,0.052691,0.293671,-0.409989,0.704187,1.05509,0,1,1,1,nan,0.0200939,0.0401878,0,0.0214103,3.85053e-16,0.0200939,0.0107051,1.0024,1.0024,1.0024,0,0,nan,,,nan,nan,,,,,,,,,,,,,0,1,4.0071,arms_front_45,0.0173614,,0,,nan,
golem_ik,kinematic,golem_ik,nan,,0,b065_d20_e20,65,0.2,0.2,0.396092,-0.00678887,0.052691,0.368299,-0.476552,0.704187,1.05509,0,0,0,1,nan,0.0418588,0.0837175,0,0.0366842,1.6797e-16,0.0418588,0.0183421,1.0024,1.0024,1.0024,0,0,nan,,,nan,nan,,,,,,,,,,,,,0,1,3.05216,t_pose,0.0216514,,1,,nan,
golem_ik,kinematic,golem_ik,nan,,0,b065_d30_e00,65,0.3,0,0.20982,0.0660324,-0.047309,0.219042,-0.343427,0.604187,0.955091,0,0,0,1,nan,0.0500579,0.100116,0,0.0574505,3.36605e-16,0.0500579,0.0287252,1.0024,1.0024,1.0024,0,0,nan,,,nan,nan,,,,,,,,,,,,,0,1,3.0585,home,0.017857,,1,,nan,
golem_ik,kinematic,golem_ik,nan,,0,b065_d30_e10,65,0.3,0.1,0.302956,0.0296218,-0.047309,0.293671,-0.409989,0.604187,0.955091,0,0,0,1,nan,0.0588719,0.117744,0,0.0670592,1.83026e-16,0.0588719,0.0335296,1.0024,1.0024,1.0024,0,0,nan,,,nan,nan,,,,,,,,,,,,,0,1,4.00664,home,0.0179643,,0,,nan,
golem_ik,kinematic,golem_ik,nan,,0,b065_d30_e20,65,0.3,0.2,0.396092,-0.00678887,-0.047309,0.368299,-0.476552,0.604187,0.955091,0,0,0,1,nan,0.0782099,0.15642,1.4896e-14,0.0710602,2.38786e-15,0.0782099,0.0355301,1.0024,1.0024,1.0024,0,0,nan,,,nan,nan,,,,,,,,,,,,,0,1,4.01028,current,0.0202167,,0,,nan,
golem_ik,kinematic,golem_ik,nan,,0,b065_d40_e00,65,0.4,0,0.20982,0.0660324,-0.147309,0.219042,-0.343427,0.504187,0.855091,1,0,0,1,nan,0.0918589,0.183718,5.55112e-17,0.103826,1.46297e-16,0.0918589,0.0519128,1.0024,1.0024,1.0024,0,0,nan,,,nan,nan,,,,,,,,,,,,,0,1,4.00409,home,0.0191968,,0,,nan,
golem_ik,kinematic,golem_ik,nan,,0,b065_d40_e10,65,0.4,0.1,0.302956,0.0296218,-0.147309,0.293671,-0.409989,0.504187,0.855091,1,0,0,1,nan,0.100827,0.201655,2.137e-15,0.106287,8.14251e-16,0.100827,0.0531434,1.0024,1.0024,1.0024,0,0,nan,,,nan,nan,,,,,,,,,,,,,0,1,4.00775,t_pose,0.0210444,,0,,nan,
golem_ik,kinematic,golem_ik,nan,,0,b065_d40_e20,65,0.4,0.2,0.396092,-0.00678887,-0.147309,0.368299,-0.476552,0.504187,0.855091,1,0,0,1,nan,0.117153,0.234307,1.51233e-09,0.106781,2.82389e-10,0.117153,0.0533905,1.0024,1.0024,1.0024,0,0,nan,,,nan,nan,,,,,,,,,,,,,0,1,4.00533,home,0.0194122,,0,,nan,
golem_ik,kinematic,golem_ik,nan,,0,b065_d50_e00,65,0.5,0,0.20982,0.0660324,-0.247309,0.219042,-0.343427,0.404187,0.755091,1,0,0,1,nan,0.135795,0.27159,1.0362e-09,0.149797,3.50479e-10,0.135795,0.0748987,1.0024,1.0024,1.0024,0,0,nan,,,nan,nan,,,,,,,,,,,,,0,1,3.06715,current,0.0192269,,1,,nan,
golem_ik,kinematic,golem_ik,nan,,0,b065_d50_e10,65,0.5,0.1,0.302956,0.0296218,-0.247309,0.293671,-0.409989,0.404187,0.755091,1,0,0,1,nan,0.143945,0.28789,8.88274e-10,0.147377,2.85434e-10,0.143945,0.0736883,1.0024,1.0024,1.0024,0,0,nan,,,nan,nan,,,,,,,,,,,,,0,1,3.06747,current,0.0193931,,1,,nan,
golem_ik,kinematic,golem_ik,nan,,0,b065_d50_e20,65,0.5,0.2,0.396092,-0.00678887,-0.247309,0.368299,-0.476552,0.404187,0.755091,1,0,0,1,nan,0.158956,0.31791,2.01049e-06,0.14283,3.91691e-07,0.158956,0.0714152,1.0024,1.0024,1.0024,0,0,nan,,,nan,nan,,,,,,,,,,,,,0,1,4.01094,arms_front_45,0.0196999,,0,,nan,
golem_ik,kinematic,golem_ik,nan,,0,b065_d60_e00,65,0.6,0,0.20982,0.0660324,-0.347309,0.219042,-0.343427,0.304187,0.655091,1,0,0,1,nan,0.180722,0.361442,1.72555e-06,0.193274,6.48783e-07,0.180722,0.0966371,1.0024,1.0024,1.0024,0,0,nan,,,nan,nan,,,,,,,,,,,,,0,1,4.01088,arms_front_45,0.0196027,,0,,nan,
golem_ik,kinematic,golem_ik,nan,,0,b065_d60_e10,65,0.6,0.1,0.302956,0.0296218,-0.347309,0.293671,-0.409989,0.304187,0.655091,1,0,0,1,nan,0.188428,0.376848,7.15991e-06,0.186531,2.41219e-06,0.188428,0.0932667,1.0024,1.0024,1.0024,0,0,nan,,,nan,nan,,,,,,,,,,,,,0,1,4.00558,home,0.019687,,0,,nan,
golem_ik,kinematic,golem_ik,nan,,0,b065_d60_e20,65,0.6,0.2,0.396092,-0.00678887,-0.347309,0.368299,-0.476552,0.304187,0.655091,1,0,0,1,nan,0.202254,0.404233,0.000275182,0.180122,4.8992e-05,0.202254,0.0900854,1.0024,1.0024,1.0024,0,0,nan,,,nan,nan,,,,,,,,,,,,,0,1,4.00526,arms_front_45,0.020134,,0,,nan,
golem_ik,kinematic,golem_ik,nan,,0,b065_d70_e00,65,0.7,0,0.20982,0.0660324,-0.447309,0.219042,-0.343427,0.204187,0.555091,1,0,0,1,nan,0.226413,0.452614,0.000212106,0.233601,8.5004e-05,0.226413,0.116843,1.0024,1.0024,1.0024,0,0,nan,,,nan,nan,,,,,,,,,,,,,0,1,4.01207,arms_front_45,0.020216,,0,,nan,
golem_ik,kinematic,golem_ik,nan,,0,b065_d70_e10,65,0.7,0.1,0.302956,0.0296218,-0.447309,0.293671,-0.409989,0.204187,0.555091,1,0,0,1,nan,0.233874,0.467343,0.000405421,0.22341,0.000107114,0.233874,0.111758,1.0024,1.0024,1.0024,0,0,nan,,,nan,nan,,,,,,,,,,,,,0,1,4.00599,arms_front_45,0.0202589,,0,,nan,
golem_ik,kinematic,golem_ik,nan,,0,b065_d70_e20,65,0.7,0.2,0.396092,-0.00678887,-0.447309,0.368299,-0.476552,0.204187,0.555091,1,0,0,1,nan,0.249524,0.492867,0.00617998,0.214816,0.000878863,0.249524,0.107847,1.0024,1.0024,1.0024,0,0,nan,,,nan,nan,,,,,,,,,,,,,0,1,4.00584,arms_front_45,0.020144,,0,,nan,
golem_ik,kinematic,golem_ik,nan,,0,b065_d80_e00,65,0.8,0,0.20982,0.0660324,-0.547309,0.219042,-0.343427,0.104187,0.455091,1,0,0,1,nan,0.274373,0.544943,0.00380389,0.270046,0.00118499,0.274373,0.135616,1.0024,1.0024,1.0024,0,0,nan,,,nan,nan,,,,,,,,,,,,,0,1,4.00629,arms_front_45,0.0199477,,0,,nan,
golem_ik,kinematic,golem_ik,nan,,0,b065_d80_e10,65,0.8,0.1,0.302956,0.0296218,-0.547309,0.293671,-0.409989,0.104187,0.455091,1,0,0,1,nan,0.28393,0.558998,0.00886202,0.257642,0.00175113,0.28393,0.129697,1.0024,1.0024,1.0024,0,0,nan,,,nan,nan,,,,,,,,,,,,,0,1,4.00674,arms_front_45,0.0202395,,0,,nan,
golem_ik,kinematic,golem_ik,nan,,0,b065_d80_e20,65,0.8,0.2,0.396092,-0.00678887,-0.547309,0.368299,-0.476552,0.104187,0.455091,1,0,0,1,nan,0.313198,0.582993,0.0434033,0.246787,0.0177992,0.313198,0.132293,1.0024,1.0024,1.0024,0,0,nan,,,nan,nan,,,,,,,,,,,,,0,1,4.00834,arms_front_45,0.0200574,,0,,nan,
golem_ik,kinematic,golem_ik,nan,,0,b065_d90_e00,65,0.9,0,0.20982,0.0660324,-0.647309,0.219042,-0.343427,0.00418738,0.355091,1,0,0,0,nan,0.3495,0.63827,0.0607308,0.302862,0.03658,0.3495,0.169721,1.0024,1.0024,1.0024,0,0,nan,,,nan,nan,,,,,,,,,,,,,0,1,4.00975,arms_front_45,0.0210401,,0,,nan,
golem_ik,kinematic,golem_ik,nan,,0,b065_d90_e10,65,0.9,0.1,0.302956,0.0296218,-0.647309,0.293671,-0.409989,0.00418738,0.355091,1,0,0,0,nan,0.365992,0.651715,0.0802692,0.288802,0.0436821,0.365992,0.166242,1.0024,1.0024,1.0024,0,0,nan,,,nan,nan,,,,,,,,,,,,,0,1,4.00843,arms_front_45,0.0198826,,0,,nan,
golem_ik,kinematic,golem_ik,nan,,0,b065_d90_e20,65,0.9,0.2,0.396092,-0.00678887,-0.647309,0.368299,-0.476552,0.00418738,0.355091,1,0,0,0,nan,0.397231,0.674354,0.120109,0.276127,0.0555566,0.397231,0.165842,1.0024,1.0024,1.0024,0,0,nan,,,nan,nan,,,,,,,,,,,,,0,1,4.00918,arms_front_45,0.020004,,0,,nan,
golem_ik,kinematic,golem_ik,nan,,0,b065_d100_e00,65,1,0,0.20982,0.0660324,-0.747309,0.219042,-0.343427,-0.0958126,0.255091,1,0,0,0,nan,0.440721,0.732491,0.14895,0.331937,0.0884486,0.440721,0.210193,1.0024,1.0024,1.0024,0,0,nan,,,nan,nan,,,,,,,,,,,,,0,1,4.00812,arms_front_45,0.023416,,0,,nan,
golem_ik,kinematic,golem_ik,nan,,0,b065_d100_e10,65,1,0.1,0.302956,0.0296218,-0.747309,0.293671,-0.409989,-0.0958126,0.255091,1,0,0,0,nan,0.455864,0.745396,0.166331,0.316779,0.0904577,0.455864,0.203619,1.0024,1.0024,1.0024,0,0,nan,,,nan,nan,,,,,,,,,,,,,0,1,4.00711,arms_front_45,0.0200578,,0,,nan,
golem_ik,kinematic,golem_ik,nan,,0,b065_d100_e20,65,1,0.2,0.396092,-0.00678887,-0.747309,0.368299,-0.476552,-0.0958126,0.255091,1,0,0,0,nan,0.483934,0.766794,0.201074,0.30272,0.0959441,0.483934,0.199332,1.0024,1.0024,1.0024,0,0,nan,,,nan,nan,,,,,,,,,,,,,0,1,4.00797,arms_front_45,0.0200093,,0,,nan,
golem_ik,kinematic,golem_ik,nan,,0,b066_d00_e00,66,0,0,0.488451,0.140891,0.179694,0.130739,-0.33985,0.0518005,1.0542,0,1,1,1,nan,0.000108463,0.000216908,1.67023e-08,9.62659e-05,6.0429e-09,0.000108463,4.8136e-05,1.0024,1.0024,1.0024,0,0,nan,,,nan,nan,,,,,,,,,,,,,0,1,0.0723495,home,0.058924,,0,,nan,
golem_ik,kinematic,golem_ik,nan,,0,b066_d00_e10,66,0,0.1,0.58844,0.139424,0.179694,0.187065,-0.422478,0.0518005,1.0542,0,0,0,1,nan,0.0427265,0.085453,6.93889e-18,0.00098351,2.01575e-16,0.0427265,0.000491755,1.0024,1.0024,1.0024,0,0,nan,,,nan,nan,,,,,,,,,,,,,0,1,4.01179,t_pose,0.0604138,,0,,nan,
golem_ik,kinematic,golem_ik,nan,,0,b066_d00_e20,66,0,0.2,0.688429,0.137956,0.179694,0.243391,-0.505106,0.0518005,1.0542,0,0,0,1,nan,0.088949,0.177824,7.4207e-05,0.0023247,5.61748e-06,0.088949,0.00116516,1.0024,1.0024,1.0024,0,0,nan,,,nan,nan,,,,,,,,,,,,,0,1,4.01119,t_pose,0.0616391,,0,,nan,
golem_ik,kinematic,golem_ik,nan,,0,b066_d10_e00,66,0.1,0,0.488451,0.140891,0.0796944,0.130739,-0.33985,-0.0481995,0.9542,0,1,1,1,nan,0.024344,0.0486881,2.77556e-17,0.000303805,2.11791e-16,0.024344,0.000151902,1.0024,1.0024,1.0024,0,0,nan,,,nan,nan,,,,,,,,,,,,,0,1,4.00729,arms_front_45,0.0510664,,0,,nan,
golem_ik,kinematic,golem_ik,nan,,0,b066_d10_e10,66,0.1,0.1,0.58844,0.139424,0.0796944,0.187065,-0.422478,-0.0481995,0.9542,0,0,0,1,nan,0.0706074,0.131537,0.00967744,0.00115928,0.00197595,0.0706074,0.00156762,1.0024,1.0024,1.0024,0,0,nan,,,nan,nan,,,,,,,,,,,,,0,1,4.00878,t_pose,0.0552844,,0,,nan,
golem_ik,kinematic,golem_ik,nan,,0,b066_d10_e20,66,0.1,0.2,0.688429,0.137956,0.0796944,0.243391,-0.505106,-0.0481995,0.9542,0,0,0,0,nan,0.142774,0.218445,0.0671031,0.00233223,0.0140728,0.142774,0.00820249,1.0024,1.0024,1.0024,0,0,nan,,,nan,nan,,,,,,,,,,,,,0,1,4.00742,t_pose,0.0586838,,0,,nan,
golem_ik,kinematic,golem_ik,nan,,0,b066_d20_e00,66,0.2,0,0.488451,0.140891,-0.0203056,0.130739,-0.33985,-0.1482,0.8542,1,0,0,0,nan,0.0850632,0.112428,0.0576982,0.000414757,0.00690311,0.0850632,0.00365893,1.0024,1.0024,1.0024,0,0,nan,,,nan,nan,,,,,,,,,,,,,0,1,4.00908,t_pose,0.047244,,0,,nan,
golem_ik,kinematic,golem_ik,nan,,0,b066_d20_e10,66,0.2,0.1,0.58844,0.139424,-0.0203056,0.187065,-0.422478,-0.1482,0.8542,1,0,0,0,nan,0.14192,0.188233,0.0956082,0.00119963,0.0147909,0.14192,0.00799525,1.0024,1.0024,1.0024,0,0,nan,,,nan,nan,,,,,,,,,,,,,0,1,4.00801,t_pose,0.0512579,,0,,nan,
golem_ik,kinematic,golem_ik,nan,,0,b066_d20_e20,66,0.2,0.2,0.688429,0.137956,-0.0203056,0.243391,-0.505106,-0.1482,0.8542,1,0,0,0,nan,0.207629,0.269205,0.146053,0.00226567,0.0255241,0.207629,0.0138949,1.0024,1.0024,1.0024,0,0,nan,,,nan,nan,,,,,,,,,,,,,0,1,4.00674,t_pose,0.0546712,,0,,nan,
golem_ik,kinematic,golem_ik,nan,,0,b066_d30_e00,66,0.3,0,0.488451,0.140891,-0.120306,0.130739,-0.33985,-0.2482,0.7542,1,0,0,0,nan,0.168763,0.184197,0.153329,0.000293281,0.0156426,0.168763,0.00796794,1.0024,1.0024,1.0024,0,0,nan,,,nan,nan,,,,,,,,,,,,,0,1,4.00532,t_pose,0.0445697,,0,,nan,
golem_ik,kinematic,golem_ik,nan,,0,b066_d30_e10,66,0.3,0.1,0.58844,0.139424,-0.120306,0.187065,-0.422478,-0.2482,0.7542,1,0,0,0,nan,0.219624,0.253323,0.185925,0.00107729,0.0242065,0.219624,0.0126419,1.0024,1.0024,1.0024,0,0,nan,,,nan,nan,,,,,,,,,,,,,0,1,4.00832,t_pose,0.0481888,,0,,nan,
golem_ik,kinematic,golem_ik,nan,,0,b066_d30_e20,66,0.3,0.2,0.688429,0.137956,-0.120306,0.243391,-0.505106,-0.2482,0.7542,1,0,0,0,nan,0.27932,0.328369,0.230271,0.00209142,0.0344309,0.27932,0.0182612,1.0024,1.0024,1.0024,0,0,nan,,,nan,nan,,,,,,,,,,,,,0,1,4.00932,t_pose,0.0514304,,0,,nan,
golem_ik,kinematic,golem_ik,nan,,0,b066_d40_e00,66,0.4,0,0.488451,0.140891,-0.220306,0.130739,-0.33985,-0.3482,0.6542,1,0,0,0,nan,0.256006,0.261893,0.250119,2.63638e-05,0.0224255,0.256006,0.0112259,1.0024,1.0024,1.0024,0,0,nan,,,nan,nan,,,,,,,,,,,,,0,1,4.00505,t_pose,0.0427104,,0,,nan,
golem_ik,kinematic,golem_ik,nan,,0,b066_d40_e10,66,0.4,0.1,0.58844,0.139424,-0.220306,0.187065,-0.422478,-0.3482,0.6542,1,0,0,0,nan,0.301812,0.324957,0.278668,0.00079946,0.031441,0.301812,0.0161202,1.0024,1.0024,1.0024,0,0,nan,,,nan,nan,,,,,,,,,,,,,0,1,4.00914,t_pose,0.0458845,,0,,nan,
golem_ik,kinematic,golem_ik,nan,,0,b066_d40_e20,66,0.4,0.2,0.688429,0.137956,-0.220306,0.243391,-0.505106,-0.3482,0.6542,1,0,0,0,nan,0.356221,0.394375,0.318067,0.00180594,0.0413846,0.356221,0.0215953,1.0024,1.0024,1.0024,0,0,nan,,,nan,nan,,,,,,,,,,,,,0,1,4.01217,t_pose,0.0488608,,0,,nan,
golem_ik,kinematic,golem_ik,nan,,0,b066_d50_e00,66,0.5,0,0.488451,0.140891,-0.320306,0.130739,-0.33985,-0.4482,0.5542,1,0,0,0,nan,0.345817,0.343986,0.347648,0.0004899,0.0277114,0.345817,0.0141006,1.0024,1.0024,1.0024,0,0,nan,,,nan,nan,,,,,,,,,,,,,0,1,4.00775,t_pose,0.0414207,,0,,nan,
golem_ik,kinematic,golem_ik,nan,,0,b066_d50_e10,66,0.5,0.1,0.58844,0.139424,-0.320306,0.187065,-0.422478,-0.4482,0.5542,1,0,0,0,nan,0.387346,0.401672,0.373021,0.000404038,0.0369732,0.387346,0.0186886,1.0024,1.0024,1.0024,0,0,nan,,,nan,nan,,,,,,,,,,,,,0,1,4.0063,t_pose,0.0441706,,0,,nan,
golem_ik,kinematic,golem_ik,nan,,0,b066_d50_e20,66,0.5,0.2,0.688429,0.137956,-0.320306,0.243391,-0.505106,-0.4482,0.5542,1,0,0,0,nan,0.437145,0.465902,0.408389,0.00144803,0.0467345,0.437145,0.0240913,1.0024,1.0024,1.0024,0,0,nan,,,nan,nan,,,,,,,,,,,,,0,1,4.00872,t_pose,0.0468545,,0,,nan,
golem_ik,kinematic,golem_ik,nan,,0,b066_d60_e00,66,0.6,0,0.488451,0.140891,-0.420306,0.130739,-0.33985,-0.5482,0.4542,1,0,0,0,nan,0.437537,0.429383,0.445692,0.00100991,0.0319279,0.437537,0.0164689,1.0024,1.0024,1.0024,0,0,nan,,,nan,nan,,,,,,,,,,,,,0,1,4.00475,t_pose,0.0405539,,0,,nan,
golem_ik,kinematic,golem_ik,nan,,0,b066_d60_e10,66,0.6,0.1,0.58844,0.139424,-0.420306,0.187065,-0.422478,-0.5482,0.4542,1,0,0,0,nan,0.475429,0.482346,0.468511,0.00022533,0.041246,0.475429,0.0207357,1.0024,1.0024,1.0024,0,0,nan,,,nan,nan,,,,,,,,,,,,,0,1,4.00848,t_pose,0.0429331,,0,,nan,
golem_ik,kinematic,golem_ik,nan,,0,b066_d60_e20,66,0.6,0.2,0.688429,0.137956,-0.420306,0.243391,-0.505106,-0.5482,0.4542,1,0,0,0,nan,0.521215,0.541876,0.500553,0.00121189,0.0508312,0.521215,0.0260215,1.0024,1.0024,1.0024,0,0,nan,,,nan,nan,,,,,,,,,,,,,0,1,4.00682,t_pose,0.0453402,,0,,nan,
golem_ik,kinematic,golem_ik,nan,,0,b066_d70_e00,66,0.7,0,0.488451,0.140891,-0.520306,0.130739,-0.33985,-0.6482,0.3542,1,0,0,0,nan,0.530703,0.5173,0.544105,0.00153926,0.0352821,0.530703,0.0184107,1.0024,1.0024,1.0024,0,0,nan,,,nan,nan,,,,,,,,,,,,,0,1,4.01242,t_pose,0.0400237,,0,,nan,
golem_ik,kinematic,golem_ik,nan,,0,b066_d70_e10,66,0.7,0.1,0.58844,0.139424,-0.520306,0.187065,-0.422478,-0.6482,0.3542,1,0,0,0,nan,0.565481,0.566131,0.56483,0.000772867,0.0444333,0.565481,0.0226031,1.0024,1.0024,1.0024,0,0,nan,,,nan,nan,,,,,,,,,,,,,0,1,4.00625,t_pose,0.042065,,0,,nan,
golem_ik,kinematic,golem_ik,nan,,0,b066_d70_e20,66,0.7,0.2,0.688429,0.137956,-0.520306,0.243391,-0.505106,-0.6482,0.3542,1,0,0,0,nan,0.607767,0.621444,0.594091,0.0013681,0.0537526,0.607767,0.0275604,1.0024,1.0024,1.0024,0,0,nan,,,nan,nan,,,,,,,,,,,,,0,1,4.00983,t_pose,0.0442114,,0,,nan,
golem_ik,kinematic,golem_ik,nan,,0,b066_d80_e00,66,0.8,0,0.488451,0.140891,-0.620306,0.130739,-0.33985,-0.7482,0.2542,1,0,0,0,nan,0.624986,0.607177,0.642796,0.00223373,0.0379344,0.624986,0.020084,1.0024,1.0024,1.0024,0,0,nan,,,nan,nan,,,,,,,,,,,,,0,1,4.00769,t_pose,0.0397423,,0,,nan,
golem_ik,kinematic,golem_ik,nan,,0,b066_d80_e10,66,0.8,0.1,0.58844,0.139424,-0.620306,0.187065,-0.422478,-0.7482,0.2542,1,0,0,0,nan,0.657086,0.652395,0.661778,0.00181974,0.0467898,0.657086,0.0243048,1.0024,1.0024,1.0024,0,0,nan,,,nan,nan,,,,,,,,,,,,,0,1,4.00918,t_pose,0.041531,,0,,nan,
golem_ik,kinematic,golem_ik,nan,,0,b066_d80_e20,66,0.8,0.2,0.688429,0.137956,-0.620306,0.243391,-0.505106,-0.7482,0.2542,1,0,0,0,nan,0.696317,0.703945,0.68869,0.00258893,0.0557225,0.696317,0.0291557,1.0024,1.0024,1.0024,0,0,nan,,,nan,nan,,,,,,,,,,,,,0,1,4.01111,t_pose,0.0434625,,0,,nan,
golem_ik,kinematic,golem_ik,nan,,0,b066_d90_e00,66,0.9,0,0.488451,0.140891,-0.720306,0.130739,-0.33985,-0.8482,0.1542,1,0,0,0,nan,0.720166,0.698627,0.741705,0.00365013,0.0398028,0.720166,0.0217265,1.0024,1.0024,1.0024,0,0,nan,,,nan,nan,,,,,,,,,,,,,0,1,4.01105,t_pose,0.0397345,,0,,nan,
golem_ik,kinematic,golem_ik,nan,,0,b066_d90_e10,66,0.9,0.1,0.58844,0.139424,-0.720306,0.187065,-0.422478,-0.8482,0.1542,1,0,0,0,nan,0.749948,0.74068,0.759217,0.00382565,0.0481904,0.749948,0.026008,1.0024,1.0024,1.0024,0,0,nan,,,nan,nan,,,,,,,,,,,,,0,1,4.00697,t_pose,0.0413048,,0,,nan,
golem_ik,kinematic,golem_ik,nan,,0,b066_d90_e20,66,0.9,0.2,0.688429,0.137956,-0.720306,0.243391,-0.505106,-0.8482,0.1542,1,0,0,0,nan,0.786496,0.788871,0.784122,0.00478643,0.0566447,0.786496,0.0307156,1.0024,1.0024,1.0024,0,0,nan,,,nan,nan,,,,,,,,,,,,,0,1,4.00953,t_pose,0.0430128,,0,,nan,
golem_ik,kinematic,golem_ik,nan,,0,b066_d100_e00,66,1,0,0.488451,0.140891,-0.820306,0.130739,-0.33985,-0.9482,0.0542005,1,0,0,0,nan,0.816067,0.791343,0.840791,0.00584523,0.0408851,0.816067,0.0233652,1.0024,1.0024,1.0024,0,0,nan,,,nan,nan,,,,,,,,,,,,,0,1,4.00561,t_pose,0.0398518,,0,,nan,
golem_ik,kinematic,golem_ik,nan,,0,b066_d100_e10,66,1,0.1,0.58844,0.139424,-0.820306,0.187065,-0.422478,-0.9482,0.0542005,1,0,0,0,nan,0.843818,0.830594,0.857041,0.00614981,0.0488315,0.843818,0.0274907,1.0024,1.0024,1.0024,0,0,nan,,,nan,nan,,,,,,,,,,,,,0,1,4.00737,t_pose,0.0411929,,0,,nan,
golem_ik,kinematic,golem_ik,nan,,0,b066_d100_e20,66,1,0.2,0.688429,0.137956,-0.820306,0.243391,-0.505106,-0.9482,0.0542005,1,0,0,0,nan,0.877994,0.875776,0.880212,0.00711815,0.0568433,0.877994,0.0319807,1.0024,1.0024,1.0024,0,0,nan,,,nan,nan,,,,,,,,,,,,,0,1,4.00668,t_pose,0.0426925,,0,,nan,
golem_ik,kinematic,golem_ik,nan,,0,b067_d00_e00,67,0,0,0.425902,0.477929,0.672774,0.124015,-0.607387,0.801364,1.67517,0,1,1,1,nan,0.000451633,0.000232636,0.00067063,8.64529e-05,0.00143609,0.000451633,0.000761269,1.0024,1.0024,1.0024,0,0,nan,,,nan,nan,,,,,,,,,,,,,0,1,0.197455,home,0.0887634,,0,,nan,
golem_ik,kinematic,golem_ik,nan,,0,b067_d00_e10,67,0,0.1,0.504962,0.539162,0.672774,0.150081,-0.70393,0.801364,1.67517,0,0,0,0,nan,0.0804189,0.0871786,0.0736592,0.00110918,0.000135621,0.0804189,0.000622401,1.0024,1.0024,1.0024,0,0,nan,,,nan,nan,,,,,,,,,,,,,0,1,4.00533,arms_front_45,0.0850797,,0,,nan,
golem_ik,kinematic,golem_ik,nan,,0,b067_d00_e20,67,0,0.2,0.584022,0.600395,0.672774,0.176147,-0.800473,0.801364,1.67517,0,0,0,0,nan,0.16963,0.181041,0.158219,0.00214647,0.000178815,0.16963,0.00116264,1.0024,1.0024,1.0024,0,0,nan,,,nan,nan,,,,,,,,,,,,,0,1,4.00464,arms_front_45,0.0871913,,0,,nan,
golem_ik,kinematic,golem_ik,nan,,0,b067_d10_e00,67,0.1,0,0.425902,0.477929,0.572774,0.124015,-0.607387,0.701364,1.57517,0,1,1,1,nan,0.00011685,4.52194e-05,0.00018848,4.39061e-05,0.00030801,0.00011685,0.000175958,1.0024,1.0024,1.0024,0,0,nan,,,nan,nan,,,,,,,,,,,,,0,1,0.129175,home,0.105155,,0,,nan,
golem_ik,kinematic,golem_ik,nan,,0,b067_d10_e10,67,0.1,0.1,0.504962,0.539162,0.572774,0.150081,-0.70393,0.701364,1.57517,0,0,0,1,nan,0.040324,0.0578802,0.0227679,0.000520292,8.40967e-05,0.040324,0.000302194,1.0024,1.0024,1.0024,0,0,nan,,,nan,nan,,,,,,,,,,,,,0,1,4.0106,arms_front_45,0.089882,,0,,nan,
golem_ik,kinematic,golem_ik,nan,,0,b067_d10_e20,67,0.1,0.2,0.584022,0.600395,0.572774,0.176147,-0.800473,0.701364,1.57517,0,0,0,0,nan,0.13468,0.15559,0.113771,0.0013367,0.000690274,0.13468,0.00101349,1.0024,1.0024,1.0024,0,0,nan,,,nan,nan,,,,,,,,,,,,,0,1,4.01084,arms_front_45,0.0913227,,0,,nan,
golem_ik,kinematic,golem_ik,nan,,0,b067_d20_e00,67,0.2,0,0.425902,0.477929,0.472774,0.124015,-0.607387,0.601364,1.47517,0,1,1,1,nan,0.000458305,0.000830006,8.66036e-05,0.000904191,6.77143e-05,0.000458305,0.000485953,1.0024,1.0024,1.0024,0,0,nan,,,nan,nan,,,,,,,,,,,,,0,1,0.100393,home,0.112525,,0,,nan,
golem_ik,kinematic,golem_ik,nan,,0,b067_d20_e10,67,0.2,0.1,0.504962,0.539162,0.472774,0.150081,-0.70393,0.601364,1.47517,0,1,1,1,nan,0.0219666,0.0439332,6.75892e-16,0.000206489,2.21657e-16,0.0219666,0.000103244,1.0024,1.0024,1.0024,0,0,nan,,,nan,nan,,,,,,,,,,,,,0,1,4.01145,t_pose,0.0944938,,0,,nan,
golem_ik,kinematic,golem_ik,nan,,0,b067_d20_e20,67,0.2,0.2,0.584022,0.600395,0.472774,0.176147,-0.800473,0.601364,1.47517,0,0,0,0,nan,0.112727,0.143578,0.0818766,0.000708923,0.000939364,0.112727,0.000824144,1.0024,1.0024,1.0024,0,0,nan,,,nan,nan,,,,,,,,,,,,,0,1,4.00961,arms_front_45,0.0952035,,0,,nan,
golem_ik,kinematic,golem_ik,nan,,0,b067_d30_e00,67,0.3,0,0.425902,0.477929,0.372774,0.124015,-0.607387,0.501364,1.37517,0,1,1,1,nan,5.95375e-05,0.000113767,5.30767e-06,0.000151048,4.71766e-06,5.95375e-05,7.78826e-05,1.0024,1.0024,1.0024,0,0,nan,,,nan,nan,,,,,,,,,,,,,0,1,0.0856199,home,0.112308,,0,,nan,
golem_ik,kinematic,golem_ik,nan,,0,b067_d30_e10,67,0.3,0.1,0.504962,0.539162,0.372774,0.150081,-0.70393,0.501364,1.37517,0,1,1,1,nan,0.0232176,0.0464351,0,8.30711e-06,6.7516e-17,0.0232176,4.15356e-06,1.0024,1.0024,1.0024,0,0,nan,,,nan,nan,,,,,,,,,,,,,0,1,4.00917,t_pose,0.0983871,,0,,nan,
golem_ik,kinematic,golem_ik,nan,,0,b067_d30_e20,67,0.3,0.2,0.584022,0.600395,0.372774,0.176147,-0.800473,0.501364,1.37517,0,0,0,0,nan,0.105038,0.145711,0.0643661,0.000161672,0.0011052,0.105038,0.000633435,1.0024,1.0024,1.0024,0,0,nan,,,nan,nan,,,,,,,,,,,,,0,1,4.00751,arms_front_45,0.0985691,,0,,nan,
golem_ik,kinematic,golem_ik,nan,,0,b067_d40_e00,67,0.4,0,0.425902,0.477929,0.272774,0.124015,-0.607387,0.401364,1.27517,0,1,1,1,nan,6.62778e-06,1.31952e-05,6.03243e-08,1.25173e-05,1.42996e-08,6.62778e-06,6.26582e-06,1.0024,1.0024,1.0024,0,0,nan,,,nan,nan,,,,,,,,,,,,,0,1,0.0818057,home,0.102734,,0,,nan,
golem_ik,kinematic,golem_ik,nan,,0,b067_d40_e10,67,0.4,0.1,0.504962,0.539162,0.272774,0.150081,-0.70393,0.401364,1.27517,0,0,0,1,nan,0.0326031,0.0652061,5.55112e-17,0.000273478,2.5703e-16,0.0326031,0.000136739,1.0024,1.0024,1.0024,0,0,nan,,,nan,nan,,,,,,,,,,,,,0,1,4.00816,t_pose,0.101334,,0,,nan,
golem_ik,kinematic,golem_ik,nan,,0,b067_d40_e20,67,0.4,0.2,0.584022,0.600395,0.272774,0.176147,-0.800473,0.401364,1.27517,0,0,0,0,nan,0.112236,0.161878,0.0625948,0.000427378,0.00142132,0.112236,0.000924349,1.0024,1.0024,1.0024,0,0,nan,,,nan,nan,,,,,,,,,,,,,0,1,4.00691,arms_front_45,0.101236,,0,,nan,
golem_ik,kinematic,golem_ik,nan,,0,b067_d50_e00,67,0.5,0,0.425902,0.477929,0.172774,0.124015,-0.607387,0.301364,1.17517,0,1,1,1,nan,0.00489008,0.00978016,1.11022e-16,0.00273124,3.07938e-17,0.00489008,0.00136562,1.0024,1.0024,1.0024,0,0,nan,,,nan,nan,,,,,,,,,,,,,0,1,4.0112,t_pose,0.0949267,,0,,nan,
golem_ik,kinematic,golem_ik,nan,,0,b067_d50_e10,67,0.5,0.1,0.504962,0.539162,0.172774,0.150081,-0.70393,0.301364,1.17517,0,0,0,1,nan,0.0494301,0.0988603,4.16175e-12,0.000799424,4.07329e-13,0.0494301,0.000399712,1.0024,1.0024,1.0024,0,0,nan,,,nan,nan,,,,,,,,,,,,,0,1,4.00683,t_pose,0.0985234,,0,,nan,
golem_ik,kinematic,golem_ik,nan,,0,b067_d50_e20,67,0.5,0.2,0.584022,0.600395,0.172774,0.176147,-0.800473,0.301364,1.17517,0,0,0,0,nan,0.134036,0.191179,0.0768933,0.00116352,0.00428434,0.134036,0.00272393,1.0024,1.0024,1.0024,0,0,nan,,,nan,nan,,,,,,,,,,,,,0,1,4.00839,arms_front_45,0.101482,,0,,nan,
golem_ik,kinematic,golem_ik,nan,,0,b067_d60_e00,67,0.6,0,0.425902,0.477929,0.0727744,0.124015,-0.607387,0.201364,1.07517,0,0,0,1,nan,0.0311851,0.0623702,0,0.000880488,2.15304e-16,0.0311851,0.000440244,1.0024,1.0024,1.0024,0,0,nan,,,nan,nan,,,,,,,,,,,,,0,1,4.00662,t_pose,0.0864541,,0,,nan,
golem_ik,kinematic,golem_ik,nan,,0,b067_d60_e10,67,0.6,0.1,0.504962,0.539162,0.0727744,0.150081,-0.70393,0.201364,1.07517,0,0,0,1,nan,0.0817372,0.145265,0.0182098,0.00164577,0.0037243,0.0817372,0.00268503,1.0024,1.0024,1.0024,0,0,nan,,,nan,nan,,,,,,,,,,,,,0,1,4.01329,arms_front_45,0.0915015,,0,,nan,
golem_ik,kinematic,golem_ik,nan,,0,b067_d60_e20,67,0.6,0.2,0.584022,0.600395,0.0727744,0.176147,-0.800473,0.201364,1.07517,0,0,0,0,nan,0.169875,0.232153,0.107598,0.00210824,0.0152601,0.169875,0.00868417,1.0024,1.0024,1.0024,0,0,nan,,,nan,nan,,,,,,,,,,,,,0,1,4.00327,arms_front_45,0.0954726,,0,,nan,
golem_ik,kinematic,golem_ik,nan,,0,b067_d70_e00,67,0.7,0,0.425902,0.477929,-0.0272256,0.124015,-0.607387,0.101364,0.975174,0,0,0,1,nan,0.063396,0.126124,0.000668348,0.00209827,0.000247744,0.063396,0.00117301,1.0024,1.0024,1.0024,0,0,nan,,,nan,nan,,,,,,,,,,,,,0,1,4.01341,arms_front_45,0.0798294,,0,,nan,
golem_ik,kinematic,golem_ik,nan,,0,b067_d70_e10,67,0.7,0.1,0.504962,0.539162,-0.0272256,0.150081,-0.70393,0.101364,0.975174,0,0,0,0,nan,0.135251,0.202072,0.0684306,0.00280708,0.0146703,0.135251,0.00873868,1.0024,1.0024,1.0024,0,0,nan,,,nan,nan,,,,,,,,,,,,,0,1,4.00388,arms_front_45,0.0854673,,0,,nan,
golem_ik,kinematic,golem_ik,nan,,0,b067_d70_e20,67,0.7,0.2,0.584022,0.600395,-0.0272256,0.176147,-0.800473,0.101364,0.975174,0,0,0,0,nan,0.217404,0.283093,0.151714,0.00327412,0.0276145,0.217404,0.0154443,1.0024,1.0024,1.0024,0,0,nan,,,nan,nan,,,,,,,,,,,,,0,1,4.00488,arms_front_45,0.0899074,,0,,nan,
golem_ik,kinematic,golem_ik,nan,,0,b067_d80_e00,67,0.8,0,0.425902,0.477929,-0.127226,0.124015,-0.607387,0.00136424,0.875174,1,0,0,0,nan,0.129114,0.197766,0.0604626,0.00364204,0.0162092,0.129114,0.00992564,1.0024,1.0024,1.0024,0,0,nan,,,nan,nan,,,,,,,,,,,,,0,1,4.00598,arms_front_45,0.0745091,,0,,nan,
golem_ik,kinematic,golem_ik,nan,,0,b067_d80_e10,67,0.8,0.1,0.504962,0.539162,-0.127226,0.150081,-0.70393,0.00136424,0.875174,1,0,0,0,nan,0.198407,0.267133,0.12968,0.00422922,0.0299717,0.198407,0.0171004,1.0024,1.0024,1.0024,0,0,nan,,,nan,nan,,,,,,,,,,,,,0,1,4.00855,arms_front_45,0.0802206,,0,,nan,
golem_ik,kinematic,golem_ik,nan,,0,b067_d80_e20,67,0.8,0.2,0.584022,0.600395,-0.127226,0.176147,-0.800473,0.00136424,0.875174,1,0,0,0,nan,0.274353,0.342304,0.206403,0.00463639,0.043133,0.274353,0.0238847,1.0024,1.0024,1.0024,0,0,nan,,,nan,nan,,,,,,,,,,,,,0,1,4.00854,arms_front_45,0.0849013,,0,,nan,
golem_ik,kinematic,golem_ik,nan,,0,b067_d90_e00,67,0.9,0,0.425902,0.477929,-0.227226,0.124015,-0.607387,-0.0986358,0.775174,1,0,0,0,nan,0.206755,0.275257,0.138253,0.00539887,0.0383342,0.206755,0.0218665,1.0024,1.0024,1.0024,0,0,nan,,,nan,nan,,,,,,,,,,,,,0,1,4.00648,t_pose,0.0703909,,0,,nan,
golem_ik,kinematic,golem_ik,nan,,0,b067_d90_e10,67,0.9,0.1,0.504962,0.539162,-0.227226,0.150081,-0.70393,-0.0986358,0.775174,1,0,0,0,nan,0.268681,0.338647,0.198714,0.00583901,0.0478821,0.268681,0.0268605,1.0024,1.0024,1.0024,0,0,nan,,,nan,nan,,,,,,,,,,,,,0,1,4.00654,arms_front_45,0.0757372,,0,,nan,
golem_ik,kinematic,golem_ik,nan,,0,b067_d90_e20,67,0.9,0.2,0.584022,0.600395,-0.227226,0.176147,-0.800473,-0.0986358,0.775174,1,0,0,0,nan,0.338728,0.408262,0.269194,0.00614875,0.0603727,0.338728,0.0332607,1.0024,1.0024,1.0024,0,0,nan,,,nan,nan,,,,,,,,,,,,,0,1,4.01274,arms_front_45,0.0804817,,0,,nan,
golem_ik,kinematic,golem_ik,nan,,0,b067_d100_e00,67,1,0,0.425902,0.477929,-0.327226,0.124015,-0.607387,-0.198636,0.675174,1,0,0,0,nan,0.289391,0.357118,0.221664,0.0072734,0.0633919,0.289391,0.0353326,1.0024,1.0024,1.0024,0,0,nan,,,nan,nan,,,,,,,,,,,,,0,1,4.0084,t_pose,0.0668462,,0,,nan,
golem_ik,kinematic,golem_ik,nan,,0,b067_d100_e10,67,1,0.1,0.504962,0.539162,-0.327226,0.150081,-0.70393,-0.198636,0.675174,1,0,0,0,nan,0.344687,0.41519,0.274184,0.00756176,0.0656426,0.344687,0.0366022,1.0024,1.0024,1.0024,0,0,nan,,,nan,nan,,,,,,,,,,,,,0,1,4.00537,arms_front_45,0.0719367,,0,,nan,
golem_ik,kinematic,golem_ik,nan,,0,b067_d100_e20,67,1,0.2,0.584022,0.600395,-0.327226,0.176147,-0.800473,-0.198636,0.675174,1,0,0,0,nan,0.409057,0.479678,0.338436,0.0077514,0.0803711,0.409057,0.0440612,1.0024,1.0024,1.0024,0,0,nan,,,nan,nan,,,,,,,,,,,,,0,1,4.00537,arms_front_45,0.0766128,,0,,nan,
golem_ik,kinematic,golem_ik,nan,,0,b068_d00_e00,68,0,0,0.291984,0.128299,0.856022,0.125523,-0.51171,0.727269,1.72967,0,1,1,1,nan,8.89678e-05,2.82108e-08,0.000177907,4.18252e-09,0.000396232,8.89678e-05,0.000198118,1.0024,1.0024,1.0024,0,0,nan,,,nan,nan,,,,,,,,,,,,,0,1,0.129421,home,0.0427272,,0,,nan,
golem_ik,kinematic,golem_ik,nan,,0,b068_d00_e10,68,0,0.1,0.391756,0.121547,0.856022,0.158152,-0.606237,0.727269,1.72967,0,1,1,1,nan,0.01131,0.02262,2.23773e-16,0.00330225,2.79393e-16,0.01131,0.00165113,1.0024,1.0024,1.0024,0,0,nan,,,nan,nan,,,,,,,,,,,,,0,1,4.00914,home,0.0351619,,0,,nan,
golem_ik,kinematic,golem_ik,nan,,0,b068_d00_e20,68,0,0.2,0.491528,0.114795,0.856022,0.19078,-0.700764,0.727269,1.72967,0,0,0,0,nan,0.0754955,0.0974662,0.0535248,0.0171441,0.0114773,0.0754955,0.0143107,1.0024,1.0024,1.0024,0,0,nan,,,nan,nan,,,,,,,,,,,,,0,1,4.00959,arms_front_45,0.0380365,,0,,nan,
golem_ik,kinematic,golem_ik,nan,,0,b068_d10_e00,68,0.1,0,0.291984,0.128299,0.756022,0.125523,-0.51171,0.627269,1.62967,0,1,1,1,nan,1.2698e-06,7.92484e-07,1.74713e-06,4.93391e-07,6.03194e-06,1.2698e-06,3.26266e-06,1.0024,1.0024,1.0024,0,0,nan,,,nan,nan,,,,,,,,,,,,,0,1,0.0995395,home,0.0545918,,0,,nan,
golem_ik,kinematic,golem_ik,nan,,0,b068_d10_e10,68,0.1,0.1,0.391756,0.121547,0.756022,0.158152,-0.606237,0.627269,1.62967,0,1,1,1,nan,3.11166e-05,3.09915e-05,3.12416e-05,2.28636e-05,7.17033e-05,3.11166e-05,4.72835e-05,1.0024,1.0024,1.0024,0,0,nan,,,nan,nan,,,,,,,,,,,,,0,1,0.103646,home,0.0483977,,0,,nan,
golem_ik,kinematic,golem_ik,nan,,0,b068_d10_e20,68,0.1,0.2,0.491528,0.114795,0.756022,0.19078,-0.700764,0.627269,1.62967,0,1,1,1,nan,0.0355502,0.0418287,0.0292717,0.00936778,0.0103422,0.0355502,0.00985498,1.0024,1.0024,1.0024,0,0,nan,,,nan,nan,,,,,,,,,,,,,0,1,4.00723,arms_front_45,0.0426603,,0,,nan,
golem_ik,kinematic,golem_ik,nan,,0,b068_d20_e00,68,0.2,0,0.291984,0.128299,0.656022,0.125523,-0.51171,0.527269,1.52967,0,1,1,1,nan,0.000257173,0.000297014,0.000217332,0.000328203,0.000332122,0.000257173,0.000330163,1.0024,1.0024,1.0024,0,0,nan,,,nan,nan,,,,,,,,,,,,,0,1,0.0810738,home,0.0635489,,0,,nan,
golem_ik,kinematic,golem_ik,nan,,0,b068_d20_e10,68,0.2,0.1,0.391756,0.121547,0.656022,0.158152,-0.606237,0.527269,1.52967,0,1,1,1,nan,3.48793e-05,3.44797e-05,3.52789e-05,3.49873e-05,5.01768e-05,3.48793e-05,4.25821e-05,1.0024,1.0024,1.0024,0,0,nan,,,nan,nan,,,,,,,,,,,,,0,1,0.0854526,home,0.0603713,,0,,nan,
golem_ik,kinematic,golem_ik,nan,,0,b068_d20_e20,68,0.2,0.2,0.491528,0.114795,0.656022,0.19078,-0.700764,0.527269,1.52967,0,1,1,1,nan,0.0150431,1.26271e-05,0.0300735,3.69197e-06,0.0143103,0.0150431,0.00715702,1.0024,1.0024,1.0024,0,0,nan,,,nan,nan,,,,,,,,,,,,,0,1,4.00851,t_pose,0.0486236,,0,,nan,
golem_ik,kinematic,golem_ik,nan,,0,b068_d30_e00,68,0.3,0,0.291984,0.128299,0.556022,0.125523,-0.51171,0.427269,1.42967,0,1,1,1,nan,9.43291e-06,1.61149e-05,2.75092e-06,4.16758e-05,6.14156e-06,9.43291e-06,2.39087e-05,1.0024,1.0024,1.0024,0,0,nan,,,nan,nan,,,,,,,,,,,,,0,1,0.0785768,home,0.0718904,,0,,nan,
golem_ik,kinematic,golem_ik,nan,,0,b068_d30_e10,68,0.3,0.1,0.391756,0.121547,0.556022,0.158152,-0.606237,0.427269,1.42967,0,1,1,1,nan,0.000169035,9.27404e-05,0.000245329,6.41719e-05,0.000116767,0.000169035,9.04695e-05,1.0024,1.0024,1.0024,0,0,nan,,,nan,nan,,,,,,,,,,,,,0,1,0.0785837,home,0.069843,,0,,nan,
golem_ik,kinematic,golem_ik,nan,,0,b068_d30_e20,68,0.3,0.2,0.491528,0.114795,0.556022,0.19078,-0.700764,0.427269,1.42967,0,0,1,0,nan,0.0271966,0,0.0543932,9.99723e-17,0.030334,0.0271966,0.015167,1.0024,1.0024,1.0024,0,0,nan,,,nan,nan,,,,,,,,,,,,,0,1,4.00054,t_pose,0.0636853,,0,,nan,
golem_ik,kinematic,golem_ik,nan,,0,b068_d40_e00,68,0.4,0,0.291984,0.128299,0.456022,0.125523,-0.51171,0.327269,1.32967,0,1,1,1,nan,0.000176107,0.000179103,0.000173112,0.000504806,0.000238455,0.000176107,0.000371631,1.0024,1.0024,1.0024,0,0,nan,,,nan,nan,,,,,,,,,,,,,0,1,0.0735061,home,0.067249,,0,,nan,
golem_ik,kinematic,golem_ik,nan,,0,b068_d40_e10,68,0.4,0.1,0.391756,0.121547,0.456022,0.158152,-0.606237,0.327269,1.32967,0,1,1,1,nan,0.0147493,0,0.0294986,1.96411e-16,0.0184651,0.0147493,0.00923256,1.0024,1.0024,1.0024,0,0,nan,,,nan,nan,,,,,,,,,,,,,0,1,4.00047,t_pose,0.0792184,,0,,nan,
golem_ik,kinematic,golem_ik,nan,,0,b068_d40_e20,68,0.4,0.2,0.491528,0.114795,0.456022,0.19078,-0.700764,0.327269,1.32967,0,0,1,0,nan,0.0486193,6.93889e-17,0.0972386,1.0068e-16,0.0583047,0.0486193,0.0291523,1.0024,1.0024,1.0024,0,0,nan,,,nan,nan,,,,,,,,,,,,,0,1,4.00068,t_pose,0.0718184,,0,,nan,
golem_ik,kinematic,golem_ik,nan,,0,b068_d50_e00,68,0.5,0,0.291984,0.128299,0.356022,0.125523,-0.51171,0.227269,1.22967,0,0,1,0,nan,0.0265176,6.20634e-17,0.0530352,1.07535e-16,0.0320672,0.0265176,0.0160336,1.0024,1.0024,1.0024,0,0,nan,,,nan,nan,,,,,,,,,,,,,0,1,4.00054,t_pose,0.0663454,,0,,nan,
golem_ik,kinematic,golem_ik,nan,,0,b068_d50_e10,68,0.5,0.1,0.391756,0.121547,0.356022,0.158152,-0.606237,0.227269,1.22967,0,0,1,0,nan,0.0480443,1.38778e-17,0.0960886,1.86775e-16,0.0602546,0.0480443,0.0301273,1.0024,1.0024,1.0024,0,0,nan,,,nan,nan,,,,,,,,,,,,,0,1,4.00069,arms_front_45,0.068377,,0,,nan,
golem_ik,kinematic,golem_ik,nan,,0,b068_d50_e20,68,0.5,0.2,0.491528,0.114795,0.356022,0.19078,-0.700764,0.227269,1.22967,0,0,1,0,nan,0.0766872,1.38778e-17,0.153374,3.67929e-16,0.0945445,0.0766872,0.0472723,1.0024,1.0024,1.0024,0,0,nan,,,nan,nan,,,,,,,,,,,,,0,1,4.00068,arms_front_45,0.0700862,,0,,nan,
golem_ik,kinematic,golem_ik,nan,,0,b068_d60_e00,68,0.6,0,0.291984,0.128299,0.256022,0.125523,-0.51171,0.127269,1.12967,0,0,1,0,nan,0.0678737,2.77556e-17,0.135747,1.28463e-16,0.0807867,0.0678737,0.0403934,1.0024,1.0024,1.0024,0,0,nan,,,nan,nan,,,,,,,,,,,,,0,1,4.00073,arms_front_45,0.0570444,,0,,nan,
golem_ik,kinematic,golem_ik,nan,,0,b068_d60_e10,68,0.6,0.1,0.391756,0.121547,0.256022,0.158152,-0.606237,0.127269,1.12967,0,0,1,0,nan,0.0851002,2.77556e-17,0.1702,1.27417e-16,0.105799,0.0851002,0.0528995,1.0024,1.0024,1.0024,0,0,nan,,,nan,nan,,,,,,,,,,,,,0,1,4.00044,home,0.0555335,,0,,nan,
golem_ik,kinematic,golem_ik,nan,,0,b068_d60_e20,68,0.6,0.2,0.491528,0.114795,0.256022,0.19078,-0.700764,0.127269,1.12967,0,0,1,0,nan,0.109411,0.000105402,0.218717,1.26773e-05,0.13566,0.109411,0.0678365,1.0024,1.0024,1.0024,0,0,nan,,,nan,nan,,,,,,,,,,,,,0,1,4.011,arms_front_45,0.0628063,,0,,nan,
golem_ik,kinematic,golem_ik,nan,,0,b068_d70_e00,68,0.7,0,0.291984,0.128299,0.156022,0.125523,-0.51171,0.0272692,1.02967,0,0,1,0,nan,0.110459,3.92523e-17,0.220919,1.181e-16,0.130129,0.110459,0.0650647,1.0024,1.0024,1.0024,0,0,nan,,,nan,nan,,,,,,,,,,,,,0,1,4.00065,current,0.0480321,,0,,nan,
golem_ik,kinematic,golem_ik,nan,,0,b068_d70_e10,68,0.7,0.1,0.391756,0.121547,0.156022,0.158152,-0.606237,0.0272692,1.02967,0,0,1,0,nan,0.124481,6.7987e-17,0.248962,2.45796e-16,0.153042,0.124481,0.0765212,1.0024,1.0024,1.0024,0,0,nan,,,nan,nan,,,,,,,,,,,,,0,1,4.00065,arms_front_45,0.0561458,,0,,nan,
golem_ik,kinematic,golem_ik,nan,,0,b068_d70_e20,68,0.7,0.2,0.491528,0.114795,0.156022,0.19078,-0.700764,0.0272692,1.02967,0,0,1,0,nan,0.154237,0.0180726,0.290402,0.000817512,0.179399,0.154237,0.090108,1.0024,1.0024,1.0024,0,0,nan,,,nan,nan,,,,,,,,,,,,,0,1,4.00902,arms_front_45,0.0543561,,0,,nan,
golem_ik,kinematic,golem_ik,nan,,0,b068_d80_e00,68,0.8,0,0.291984,0.128299,0.0560223,0.125523,-0.51171,-0.0727308,0.929669,0,0,1,0,nan,0.153743,3.64165e-05,0.30745,6.21155e-06,0.179774,0.153743,0.0898903,1.0024,1.0024,1.0024,0,0,nan,,,nan,nan,,,,,,,,,,,,,0,1,4.00732,arms_front_45,0.0507644,,0,,nan,
golem_ik,kinematic,golem_ik,nan,,0,b068_d80_e10,68,0.8,0.1,0.391756,0.121547,0.0560223,0.158152,-0.606237,-0.0727308,0.929669,0,0,1,0,nan,0.169195,0.00768517,0.330706,0.000561453,0.200928,0.169195,0.100745,1.0024,1.0024,1.0024,0,0,nan,,,nan,nan,,,,,,,,,,,,,0,1,4.00915,arms_front_45,0.0479158,,0,,nan,
golem_ik,kinematic,golem_ik,nan,,0,b068_d80_e20,68,0.8,0.2,0.491528,0.114795,0.0560223,0.19078,-0.700764,-0.0727308,0.929669,0,0,0,0,nan,0.218453,0.0703806,0.366525,0.00173063,0.224318,0.218453,0.113025,1.0024,1.0024,1.0024,0,0,nan,,,nan,nan,,,,,,,,,,,,,0,1,4.01061,arms_front_45,0.0484713,,0,,nan,
golem_ik,kinematic,golem_ik,nan,,0,b068_d90_e00,68,0.9,0,0.291984,0.128299,-0.0439777,0.125523,-0.51171,-0.172731,0.829669,1,0,1,0,nan,0.209977,0.0251338,0.39482,0.00739605,0.229302,0.209977,0.118349,1.0024,1.0024,1.0024,0,0,nan,,,nan,nan,,,,,,,,,,,,,0,1,4.01273,arms_front_45,0.042388,,0,,nan,
golem_ik,kinematic,golem_ik,nan,,0,b068_d90_e10,68,0.9,0.1,0.391756,0.121547,-0.0439777,0.158152,-0.606237,-0.172731,0.829669,1,0,0,0,nan,0.244191,0.0739021,0.41448,0.0140644,0.248713,0.244191,0.131389,1.0024,1.0024,1.0024,0,0,nan,,,nan,nan,,,,,,,,,,,,,0,1,4.01063,arms_front_45,0.0435739,,0,,nan,
golem_ik,kinematic,golem_ik,nan,,0,b068_d90_e20,68,0.9,0.2,0.491528,0.114795,-0.0439777,0.19078,-0.700764,-0.172731,0.829669,1,0,0,0,nan,0.291588,0.137316,0.44586,0.015125,0.269409,0.291588,0.142267,1.0024,1.0024,1.0024,0,0,nan,,,nan,nan,,,,,,,,,,,,,0,1,4.01285,home,0.0453804,,0,,nan,
golem_ik,kinematic,golem_ik,nan,,0,b068_d100_e00,68,1,0,0.291984,0.128299,-0.143978,0.125523,-0.51171,-0.272731,0.729669,1,0,0,0,nan,0.298785,0.114766,0.482805,0.0351704,0.278167,0.298785,0.156669,1.0024,1.0024,1.0024,0,0,nan,,,nan,nan,,,,,,,,,,,,,0,1,4.00576,arms_front_45,0.0416932,,0,,nan,
golem_ik,kinematic,golem_ik,nan,,0,b068_d100_e10,68,1,0.1,0.391756,0.121547,-0.143978,0.158152,-0.606237,-0.272731,0.729669,1,0,0,0,nan,0.328356,0.156956,0.499756,0.035196,0.29574,0.328356,0.165468,1.0024,1.0024,1.0024,0,0,nan,,,nan,nan,,,,,,,,,,,,,0,1,4.00268,arms_front_45,0.0423807,,0,,nan,
golem_ik,kinematic,golem_ik,nan,,0,b068_d100_e20,68,1,0.2,0.491528,0.114795,-0.143978,0.19078,-0.700764,-0.272731,0.729669,1,0,0,0,nan,0.370065,0.212501,0.52763,0.032863,0.313869,0.370065,0.173366,1.0024,1.0024,1.0024,0,0,nan,,,nan,nan,,,,,,,,,,,,,0,1,4.01291,arms_front_45,0.0442809,,0,,nan,
golem_ik,kinematic,golem_ik,nan,,0,b069_d00_e00,69,0,0,0.22836,0.637854,0.711895,0.380109,-0.0641838,0.418318,1.42072,0,1,1,1,nan,0.000283928,0.000567856,3.05068e-10,0.000835624,8.20787e-11,0.000283928,0.000417812,1.0024,1.0024,1.0024,0,0,nan,,,nan,nan,,,,,,,,,,,,,0,1,0.147263,home,0.056111,,0,,nan,
golem_ik,kinematic,golem_ik,nan,,0,b069_d00_e10,69,0,0.1,0.270616,0.728487,0.711895,0.47776,-0.0426359,0.418318,1.42072,0,0,0,1,nan,0.0443114,0.0886229,5.59432e-17,0.00101652,1.82226e-16,0.0443114,0.000508259,1.0024,1.0024,1.0024,0,0,nan,,,nan,nan,,,,,,,,,,,,,0,1,4.00861,arms_front_45,0.0612024,,0,,nan,
golem_ik,kinematic,golem_ik,nan,,0,b069_d00_e20,69,0,0.2,0.312873,0.81912,0.711895,0.575411,-0.021088,0.418318,1.42072,0,0,0,1,nan,0.11208,0.180429,0.0437316,0.00176166,3.33341e-05,0.11208,0.000897497,1.0024,1.0024,1.0024,0,0,nan,,,nan,nan,,,,,,,,,,,,,0,1,4.0041,arms_front_45,0.0362788,,0,,nan,
golem_ik,kinematic,golem_ik,nan,,0,b069_d10_e00,69,0.1,0,0.22836,0.637854,0.611895,0.380109,-0.0641838,0.318318,1.32072,0,1,1,1,nan,0.000413739,0.000785537,4.19414e-05,0.000304285,2.06101e-05,0.000413739,0.000162448,1.0024,1.0024,1.0024,0,0,nan,,,nan,nan,,,,,,,,,,,,,0,1,0.128083,home,0.0473038,,0,,nan,
golem_ik,kinematic,golem_ik,nan,,0,b069_d10_e10,69,0.1,0.1,0.270616,0.728487,0.611895,0.47776,-0.0426359,0.318318,1.32072,0,0,0,1,nan,0.026575,0.0531499,1.67111e-16,0.000424379,2.46145e-16,0.026575,0.000212189,1.0024,1.0024,1.0024,0,0,nan,,,nan,nan,,,,,,,,,,,,,0,1,4.00898,arms_front_45,0.0554435,,0,,nan,
golem_ik,kinematic,golem_ik,nan,,0,b069_d10_e20,69,0.1,0.2,0.312873,0.81912,0.611895,0.575411,-0.021088,0.318318,1.32072,0,0,0,0,nan,0.102523,0.149532,0.0555147,0.000997046,0.000285424,0.102523,0.000641235,1.0024,1.0024,1.0024,0,0,nan,,,nan,nan,,,,,,,,,,,,,0,1,4.00795,arms_front_45,0.0416727,,0,,nan,
golem_ik,kinematic,golem_ik,nan,,0,b069_d20_e00,69,0.2,0,0.22836,0.637854,0.511895,0.380109,-0.0641838,0.218318,1.22072,0,1,1,1,nan,6.60638e-05,0.000100853,3.12745e-05,3.72684e-05,2.39696e-05,6.60638e-05,3.0619e-05,1.0024,1.0024,1.0024,0,0,nan,,,nan,nan,,,,,,,,,,,,,0,1,0.132164,home,0.0410665,,0,,nan,
golem_ik,kinematic,golem_ik,nan,,0,b069_d20_e10,69,0.2,0.1,0.270616,0.728487,0.511895,0.47776,-0.0426359,0.218318,1.22072,0,1,1,1,nan,0.0162378,0.0324756,5.59432e-17,0.000129173,4.05413e-16,0.0162378,6.45866e-05,1.0024,1.0024,1.0024,0,0,nan,,,nan,nan,,,,,,,,,,,,,0,1,4.00817,arms_front_45,0.0465565,,0,,nan,
golem_ik,kinematic,golem_ik,nan,,0,b069_d20_e20,69,0.2,0.2,0.312873,0.81912,0.511895,0.575411,-0.021088,0.218318,1.22072,0,0,0,0,nan,0.107349,0.13173,0.0829686,0.000424049,0.000871829,0.107349,0.000647939,1.0024,1.0024,1.0024,0,0,nan,,,nan,nan,,,,,,,,,,,,,0,1,4.00555,current,0.0472587,,0,,nan,
golem_ik,kinematic,golem_ik,nan,,0,b069_d30_e00,69,0.3,0,0.22836,0.637854,0.411895,0.380109,-0.0641838,0.118318,1.12072,0,1,1,1,nan,7.98238e-06,1.96857e-06,1.39962e-05,7.28232e-07,1.01542e-05,7.98238e-06,5.44123e-06,1.0024,1.0024,1.0024,0,0,nan,,,nan,nan,,,,,,,,,,,,,0,1,0.1525,home,0.0360495,,0,,nan,
golem_ik,kinematic,golem_ik,nan,,0,b069_d30_e10,69,0.3,0.1,0.270616,0.728487,0.411895,0.47776,-0.0426359,0.118318,1.12072,0,1,1,1,nan,0.0352765,0.0282082,0.0423448,8.78126e-06,0.00612549,0.0352765,0.00306713,1.0024,1.0024,1.0024,0,0,nan,,,nan,nan,,,,,,,,,,,,,0,1,4.00772,t_pose,0.0427548,,0,,nan,
golem_ik,kinematic,golem_ik,nan,,0,b069_d30_e20,69,0.3,0.2,0.312873,0.81912,0.411895,0.575411,-0.021088,0.118318,1.12072,0,0,0,0,nan,0.126812,0.128078,0.125546,5.32957e-05,0.0106929,0.126812,0.00537308,1.0024,1.0024,1.0024,0,0,nan,,,nan,nan,,,,,,,,,,,,,0,1,4.00791,t_pose,0.0450797,,0,,nan,
golem_ik,kinematic,golem_ik,nan,,0,b069_d40_e00,69,0.4,0,0.22836,0.637854,0.311895,0.380109,-0.0641838,0.0183182,1.02072,0,1,1,1,nan,0.0216867,0,0.0433734,3.29139e-16,0.0130662,0.0216867,0.0065331,1.0024,1.0024,1.0024,0,0,nan,,,nan,nan,,,,,,,,,,,,,0,1,4.00057,t_pose,0.0390551,,0,,nan,
golem_ik,kinematic,golem_ik,nan,,0,b069_d40_e10,69,0.4,0.1,0.270616,0.728487,0.311895,0.47776,-0.0426359,0.0183182,1.02072,0,0,1,0,nan,0.0738821,0.0407981,0.106966,0.0001856,0.0225881,0.0738821,0.0113869,1.0024,1.0024,1.0024,0,0,nan,,,nan,nan,,,,,,,,,,,,,0,1,4.0032,t_pose,0.0411534,,0,,nan,
golem_ik,kinematic,golem_ik,nan,,0,b069_d40_e20,69,0.4,0.2,0.312873,0.81912,0.311895,0.575411,-0.021088,0.0183182,1.02072,0,0,0,0,nan,0.160105,0.138868,0.181342,0.000557478,0.0270844,0.160105,0.013821,1.0024,1.0024,1.0024,0,0,nan,,,nan,nan,,,,,,,,,,,,,0,1,4.00512,t_pose,0.0423396,,0,,nan,
golem_ik,kinematic,golem_ik,nan,,0,b069_d50_e00,69,0.5,0,0.22836,0.637854,0.211895,0.380109,-0.0641838,-0.0816818,0.920718,0,0,1,0,nan,0.0627072,0,0.125414,1.73601e-16,0.0420517,0.0627072,0.0210259,1.0024,1.0024,1.0024,0,0,nan,,,nan,nan,,,,,,,,,,,,,0,1,4.00054,t_pose,0.0375483,,0,,nan,
golem_ik,kinematic,golem_ik,nan,,0,b069_d50_e10,69,0.5,0.1,0.270616,0.728487,0.211895,0.47776,-0.0426359,-0.0816818,0.920718,0,0,0,0,nan,0.124666,0.0693019,0.180029,0.000581563,0.0453216,0.124666,0.0229516,1.0024,1.0024,1.0024,0,0,nan,,,nan,nan,,,,,,,,,,,,,0,1,4.00109,t_pose,0.0394061,,0,,nan,
golem_ik,kinematic,golem_ik,nan,,0,b069_d50_e20,69,0.5,0.2,0.312873,0.81912,0.211895,0.575411,-0.021088,-0.0816818,0.920718,0,0,0,0,nan,0.205042,0.163499,0.246584,0.0012021,0.0472567,0.205042,0.0242294,1.0024,1.0024,1.0024,0,0,nan,,,nan,nan,,,,,,,,,,,,,0,1,4.00713,t_pose,0.0405924,,0,,nan,
golem_ik,kinematic,golem_ik,nan,,0,b069_d60_e00,69,0.6,0,0.22836,0.637854,0.111895,0.380109,-0.0641838,-0.181682,0.820718,1,0,1,0,nan,0.120209,0.0291887,0.211229,0.00394131,0.074137,0.120209,0.0390391,1.0024,1.0024,1.0024,0,0,nan,,,nan,nan,,,,,,,,,,,,,0,1,4.00739,arms_front_45,0.0368975,,0,,nan,
golem_ik,kinematic,golem_ik,nan,,0,b069_d60_e10,69,0.6,0.1,0.270616,0.728487,0.111895,0.47776,-0.0426359,-0.181682,0.820718,1,0,0,0,nan,0.18552,0.111962,0.259078,0.00446619,0.0721353,0.18552,0.0383007,1.0024,1.0024,1.0024,0,0,nan,,,nan,nan,,,,,,,,,,,,,0,1,4.01033,arms_front_45,0.037922,,0,,nan,
golem_ik,kinematic,golem_ik,nan,,0,b069_d60_e20,69,0.6,0.2,0.312873,0.81912,0.111895,0.575411,-0.021088,-0.181682,0.820718,1,0,0,0,nan,0.259628,0.200647,0.31861,0.00206703,0.0694698,0.259628,0.0357684,1.0024,1.0024,1.0024,0,0,nan,,,nan,nan,,,,,,,,,,,,,0,1,4.0095,t_pose,0.0393661,,0,,nan,
golem_ik,kinematic,golem_ik,nan,,0,b069_d70_e00,69,0.7,0,0.22836,0.637854,0.0118948,0.380109,-0.0641838,-0.281682,0.720718,1,0,0,0,nan,0.197758,0.0960177,0.299499,0.0209405,0.106568,0.197758,0.0637543,1.0024,1.0024,1.0024,0,0,nan,,,nan,nan,,,,,,,,,,,,,0,1,4.00947,arms_front_45,0.0366335,,0,,nan,
golem_ik,kinematic,golem_ik,nan,,0,b069_d70_e10,69,0.7,0.1,0.270616,0.728487,0.0118948,0.47776,-0.0426359,-0.281682,0.720718,1,0,0,0,nan,0.255395,0.168597,0.342193,0.0217416,0.100396,0.255395,0.0610689,1.0024,1.0024,1.0024,0,0,nan,,,nan,nan,,,,,,,,,,,,,0,1,4.00593,arms_front_45,0.0371101,,0,,nan,
golem_ik,kinematic,golem_ik,nan,,0,b069_d70_e20,69,0.7,0.2,0.312873,0.81912,0.0118948,0.575411,-0.021088,-0.281682,0.720718,1,0,0,0,nan,0.322579,0.249353,0.395805,0.0160318,0.0943499,0.322579,0.0551908,1.0024,1.0024,1.0024,0,0,nan,,,nan,nan,,,,,,,,,,,,,0,1,4.00594,arms_front_45,0.0381636,,0,,nan,
golem_ik,kinematic,golem_ik,nan,,0,b069_d80_e00,69,0.8,0,0.22836,0.637854,-0.0881052,0.380109,-0.0641838,-0.381682,0.620718,1,0,0,0,nan,0.28049,0.171425,0.389554,0.0455293,0.137915,0.28049,0.0917223,1.0024,1.0024,1.0024,0,0,nan,,,nan,nan,,,,,,,,,,,,,0,1,4.00678,arms_front_45,0.0365555,,0,,nan,
golem_ik,kinematic,golem_ik,nan,,0,b069_d80_e10,69,0.8,0.1,0.270616,0.728487,-0.0881052,0.47776,-0.0426359,-0.381682,0.620718,1,0,0,0,nan,0.331833,0.235471,0.428196,0.044182,0.128524,0.331833,0.0863529,1.0024,1.0024,1.0024,0,0,nan,,,nan,nan,,,,,,,,,,,,,0,1,4.01059,arms_front_45,0.0366581,,0,,nan,
golem_ik,kinematic,golem_ik,nan,,0,b069_d80_e20,69,0.8,0.2,0.312873,0.81912,-0.0881052,0.575411,-0.021088,-0.381682,0.620718,1,0,0,0,nan,0.392755,0.308562,0.476948,0.0380925,0.119658,0.392755,0.0788751,1.0024,1.0024,1.0024,0,0,nan,,,nan,nan,,,,,,,,,,,,,0,1,4.00918,arms_front_45,0.0372493,,0,,nan,
golem_ik,kinematic,golem_ik,nan,,0,b069_d90_e00,69,0.9,0,0.22836,0.637854,-0.188105,0.380109,-0.0641838,-0.481682,0.520718,1,0,0,0,nan,0.366617,0.252229,0.481004,0.0739078,0.167416,0.366617,0.120662,1.0024,1.0024,1.0024,0,0,nan,,,nan,nan,,,,,,,,,,,,,0,1,4.0096,arms_front_45,0.0365644,,0,,nan,
golem_ik,kinematic,golem_ik,nan,,0,b069_d90_e10,69,0.9,0.1,0.270616,0.728487,-0.188105,0.47776,-0.0426359,-0.481682,0.520718,1,0,0,0,nan,0.41284,0.309315,0.516365,0.0696568,0.155574,0.41284,0.112616,1.0024,1.0024,1.0024,0,0,nan,,,nan,nan,,,,,,,,,,,,,0,1,4.00695,arms_front_45,0.0363933,,0,,nan,
golem_ik,kinematic,golem_ik,nan,,0,b069_d90_e20,69,0.9,0.2,0.312873,0.81912,-0.188105,0.575411,-0.021088,-0.481682,0.520718,1,0,0,0,nan,0.46834,0.375609,0.561071,0.062105,0.144472,0.46834,0.103288,1.0024,1.0024,1.0024,0,0,nan,,,nan,nan,,,,,,,,,,,,,0,1,4.00986,arms_front_45,0.03664,,0,,nan,
golem_ik,kinematic,golem_ik,nan,,0,b069_d100_e00,69,1,0,0.22836,0.637854,-0.288105,0.380109,-0.0641838,-0.581682,0.420718,1,0,0,0,nan,0.455165,0.336733,0.573596,0.103865,0.194672,0.455165,0.149269,1.0024,1.0024,1.0024,0,0,nan,,,nan,nan,,,,,,,,,,,,,0,1,4.01065,arms_front_45,0.0365933,,0,,nan,
golem_ik,kinematic,golem_ik,nan,,0,b069_d100_e10,69,1,0.1,0.270616,0.728487,-0.288105,0.47776,-0.0426359,-0.581682,0.420718,1,0,0,0,nan,0.497161,0.388089,0.606233,0.0963518,0.181006,0.497161,0.138679,1.0024,1.0024,1.0024,0,0,nan,,,nan,nan,,,,,,,,,,,,,0,1,4.00759,arms_front_45,0.0362369,,0,,nan,
golem_ik,kinematic,golem_ik,nan,,0,b069_d100_e20,69,1,0.2,0.312873,0.81912,-0.288105,0.575411,-0.021088,-0.581682,0.420718,1,0,0,0,nan,0.548023,0.448528,0.647518,0.0868503,0.168177,0.548023,0.127514,1.0024,1.0024,1.0024,0,0,nan,,,nan,nan,,,,,,,,,,,,,0,1,4.00821,arms_front_45,0.0362509,,0,,nan,
golem_ik,kinematic,golem_ik,nan,,0,b070_d00_e00,70,0,0,0.314963,0.483611,0.563481,0.198996,-0.434312,0.58525,1.56588,0,1,1,1,nan,0.000376378,0.00071018,4.25754e-05,0.00173332,2.9982e-05,0.000376378,0.00088165,1.0024,1.0024,1.0024,0,0,nan,,,nan,nan,,,,,,,,,,,,,0,1,0.171558,home,0.0689521,,0,,nan,
golem_ik,kinematic,golem_ik,nan,,0,b070_d00_e10,70,0,0.1,0.383401,0.556523,0.563481,0.256076,-0.51642,0.58525,1.56588,0,1,1,1,nan,0.00202274,5.55112e-17,0.00404549,3.82696e-16,0.00250905,0.00202274,0.00125453,1.0024,1.0024,1.0024,0,0,nan,,,nan,nan,,,,,,,,,,,,,0,1,4.00059,t_pose,0.0805949,,0,,nan,
golem_ik,kinematic,golem_ik,nan,,0,b070_d00_e20,70,0,0.2,0.45184,0.629435,0.563481,0.313156,-0.598529,0.58525,1.56588,0,0,0,0,nan,0.0689191,0.0714895,0.0663487,0.00150877,0.0383984,0.0689191,0.0199536,1.0024,1.0024,1.0024,0,0,nan,,,nan,nan,,,,,,,,,,,,,0,1,4.00966,current,0.0806354,,0,,nan,
golem_ik,kinematic,golem_ik,nan,,0,b070_d10_e00,70,0.1,0,0.314963,0.483611,0.463481,0.198996,-0.434312,0.48525,1.46588,0,1,1,1,nan,3.95518e-05,7.59963e-05,3.10731e-06,0.000189411,7.45231e-07,3.95518e-05,9.50781e-05,1.0024,1.0024,1.0024,0,0,nan,,,nan,nan,,,,,,,,,,,,,0,1,0.157103,home,0.0771973,,0,,nan,
golem_ik,kinematic,golem_ik,nan,,0,b070_d10_e10,70,0.1,0.1,0.383401,0.556523,0.463481,0.256076,-0.51642,0.48525,1.46588,0,1,1,1,nan,9.58607e-05,0.000131963,5.97584e-05,3.36347e-05,0.000187465,9.58607e-05,0.00011055,1.0024,1.0024,1.0024,0,0,nan,,,nan,nan,,,,,,,,,,,,,0,1,0.146885,home,0.0843542,,0,,nan,
golem_ik,kinematic,golem_ik,nan,,0,b070_d10_e20,70,0.1,0.2,0.45184,0.629435,0.463481,0.313156,-0.598529,0.48525,1.46588,0,0,0,1,nan,0.0361347,0.059176,0.0130934,0.00112681,0.00645836,0.0361347,0.00379258,1.0024,1.0024,1.0024,0,0,nan,,,nan,nan,,,,,,,,,,,,,0,1,4.00851,arms_front_45,0.0824782,,0,,nan,
golem_ik,kinematic,golem_ik,nan,,0,b070_d20_e00,70,0.2,0,0.314963,0.483611,0.363481,0.198996,-0.434312,0.38525,1.36588,0,1,1,1,nan,2.48098e-05,3.32228e-05,1.63967e-05,4.62938e-05,4.10732e-05,2.48098e-05,4.36835e-05,1.0024,1.0024,1.0024,0,0,nan,,,nan,nan,,,,,,,,,,,,,0,1,0.158809,home,0.075656,,0,,nan,
golem_ik,kinematic,golem_ik,nan,,0,b070_d20_e10,70,0.2,0.1,0.383401,0.556523,0.363481,0.256076,-0.51642,0.38525,1.36588,0,1,1,1,nan,2.1415e-05,9.4828e-06,3.33471e-05,1.40886e-06,8.04557e-05,2.1415e-05,4.09323e-05,1.0024,1.0024,1.0024,0,0,nan,,,nan,nan,,,,,,,,,,,,,0,1,0.167069,home,0.0882509,,0,,nan,
golem_ik,kinematic,golem_ik,nan,,0,b070_d20_e20,70,0.2,0.2,0.45184,0.629435,0.363481,0.313156,-0.598529,0.38525,1.36588,0,0,0,1,nan,0.0318196,0.0628102,0.000829124,0.00103219,0.00041617,0.0318196,0.000724181,1.0024,1.0024,1.0024,0,0,nan,,,nan,nan,,,,,,,,,,,,,0,1,4.00651,arms_front_45,0.0985653,,0,,nan,
golem_ik,kinematic,golem_ik,nan,,0,b070_d30_e00,70,0.3,0,0.314963,0.483611,0.263481,0.198996,-0.434312,0.28525,1.26588,0,1,1,1,nan,2.39742e-06,1.0246e-07,4.69239e-06,2.02443e-08,9.2645e-06,2.39742e-06,4.64237e-06,1.0024,1.0024,1.0024,0,0,nan,,,nan,nan,,,,,,,,,,,,,0,1,2.1361,arms_front_45,0.0671327,,0,,nan,
golem_ik,kinematic,golem_ik,nan,,0,b070_d30_e10,70,0.3,0.1,0.383401,0.556523,0.263481,0.256076,-0.51642,0.28525,1.26588,0,1,1,1,nan,0.000152893,0.000239341,6.64449e-05,8.61063e-05,0.000222689,0.000152893,0.000154398,1.0024,1.0024,1.0024,0,0,nan,,,nan,nan,,,,,,,,,,,,,0,1,0.146749,home,0.0836216,,0,,nan,
golem_ik,kinematic,golem_ik,nan,,0,b070_d30_e20,70,0.3,0.2,0.45184,0.629435,0.263481,0.313156,-0.598529,0.28525,1.26588,0,0,0,1,nan,0.0410836,0.0821672,0,0.00110861,5.11597e-16,0.0410836,0.000554305,1.0024,1.0024,1.0024,0,0,nan,,,nan,nan,,,,,,,,,,,,,0,1,4.01142,current,0.0838118,,0,,nan,
golem_ik,kinematic,golem_ik,nan,,0,b070_d40_e00,70,0.4,0,0.314963,0.483611,0.163481,0.198996,-0.434312,0.18525,1.16588,0,1,1,1,nan,7.72007e-05,5.18631e-05,0.000102538,7.48743e-06,0.000153423,7.72007e-05,8.04553e-05,1.0024,1.0024,1.0024,0,0,nan,,,nan,nan,,,,,,,,,,,,,0,1,2.15732,arms_front_45,0.0656474,,0,,nan,
golem_ik,kinematic,golem_ik,nan,,0,b070_d40_e10,70,0.4,0.1,0.383401,0.556523,0.163481,0.256076,-0.51642,0.18525,1.16588,0,1,1,1,nan,0.013034,0.0260681,1.24127e-16,0.000251055,3.17551e-16,0.013034,0.000125527,1.0024,1.0024,1.0024,0,0,nan,,,nan,nan,,,,,,,,,,,,,0,1,4.00703,arms_front_45,0.0942807,,0,,nan,
golem_ik,kinematic,golem_ik,nan,,0,b070_d40_e20,70,0.4,0.2,0.45184,0.629435,0.163481,0.313156,-0.598529,0.18525,1.16588,0,0,0,1,nan,0.0602224,0.115932,0.00451312,0.00121424,0.000449798,0.0602224,0.000832017,1.0024,1.0024,1.0024,0,0,nan,,,nan,nan,,,,,,,,,,,,,0,1,4.00561,current,0.0825182,,0,,nan,
golem_ik,kinematic,golem_ik,nan,,0,b070_d50_e00,70,0.5,0,0.314963,0.483611,0.0634813,0.198996,-0.434312,0.0852503,1.06588,0,1,1,1,nan,0.000589892,0.00117978,0,0.000257474,2.90543e-16,0.000589892,0.000128737,1.0024,1.0024,1.0024,0,0,nan,,,nan,nan,,,,,,,,,,,,,0,1,4.00286,arms_front_45,0.0709024,,0,,nan,
golem_ik,kinematic,golem_ik,nan,,0,b070_d50_e10,70,0.5,0.1,0.383401,0.556523,0.0634813,0.256076,-0.51642,0.0852503,1.06588,0,0,0,1,nan,0.0394003,0.0788005,0,0.000499727,5.40322e-16,0.0394003,0.000249863,1.0024,1.0024,1.0024,0,0,nan,,,nan,nan,,,,,,,,,,,,,0,1,4.00482,arms_front_45,0.0890493,,0,,nan,
golem_ik,kinematic,golem_ik,nan,,0,b070_d50_e20,70,0.5,0.2,0.45184,0.629435,0.0634813,0.313156,-0.598529,0.0852503,1.06588,0,0,0,0,nan,0.108016,0.16211,0.053922,0.0012331,0.00131015,0.108016,0.00127162,1.0024,1.0024,1.0024,0,0,nan,,,nan,nan,,,,,,,,,,,,,0,1,4.01034,current,0.0897045,,0,,nan,
golem_ik,kinematic,golem_ik,nan,,0,b070_d60_e00,70,0.6,0,0.314963,0.483611,-0.0365187,0.198996,-0.434312,-0.0147497,0.965881,0,0,0,1,nan,0.0359999,0.0719998,9.9032e-14,0.000112147,8.40529e-15,0.0359999,5.60733e-05,1.0024,1.0024,1.0024,0,0,nan,,,nan,nan,,,,,,,,,,,,,0,1,4.00649,t_pose,0.0813111,,0,,nan,
golem_ik,kinematic,golem_ik,nan,,0,b070_d60_e10,70,0.6,0.1,0.383401,0.556523,-0.0365187,0.256076,-0.51642,-0.0147497,0.965881,0,0,0,1,nan,0.0933107,0.14195,0.0446713,0.000499472,0.000591705,0.0933107,0.000545589,1.0024,1.0024,1.0024,0,0,nan,,,nan,nan,,,,,,,,,,,,,0,1,4.00564,current,0.0858433,,0,,nan,
golem_ik,kinematic,golem_ik,nan,,0,b070_d60_e20,70,0.6,0.2,0.45184,0.629435,-0.0365187,0.313156,-0.598529,-0.0147497,0.965881,0,0,0,0,nan,0.167037,0.218504,0.11557,0.00109881,0.00215459,0.167037,0.0016267,1.0024,1.0024,1.0024,0,0,nan,,,nan,nan,,,,,,,,,,,,,0,1,4.00832,current,0.0912876,,0,,nan,
golem_ik,kinematic,golem_ik,nan,,0,b070_d70_e00,70,0.7,0,0.314963,0.483611,-0.136519,0.198996,-0.434312,-0.11475,0.865881,1,0,0,0,nan,0.109493,0.150079,0.0689065,0.000121062,0.000118236,0.109493,0.000119649,1.0024,1.0024,1.0024,0,0,nan,,,nan,nan,,,,,,,,,,,,,0,1,4.00792,t_pose,0.0715373,,0,,nan,
golem_ik,kinematic,golem_ik,nan,,0,b070_d70_e10,70,0.7,0.1,0.383401,0.556523,-0.136519,0.256076,-0.51642,-0.11475,0.865881,1,0,0,0,nan,0.167669,0.212944,0.122394,0.000251103,0.00102877,0.167669,0.000639936,1.0024,1.0024,1.0024,0,0,nan,,,nan,nan,,,,,,,,,,,,,0,1,4.00644,t_pose,0.0806034,,0,,nan,
golem_ik,kinematic,golem_ik,nan,,0,b070_d70_e20,70,0.7,0.2,0.45184,0.629435,-0.136519,0.313156,-0.598529,-0.11475,0.865881,1,0,0,0,nan,0.234405,0.283044,0.185765,0.000788789,0.0025767,0.234405,0.00168274,1.0024,1.0024,1.0024,0,0,nan,,,nan,nan,,,,,,,,,,,,,0,1,4.01174,t_pose,0.0880102,,0,,nan,
golem_ik,kinematic,golem_ik,nan,,0,b070_d80_e00,70,0.8,0,0.314963,0.483611,-0.236519,0.198996,-0.434312,-0.21475,0.765881,1,0,0,0,nan,0.195717,0.233126,0.158308,0.00061394,0.000243076,0.195717,0.000428508,1.0024,1.0024,1.0024,0,0,nan,,,nan,nan,,,,,,,,,,,,,0,1,4.00724,t_pose,0.0671712,,0,,nan,
golem_ik,kinematic,golem_ik,nan,,0,b070_d80_e10,70,0.8,0.1,0.383401,0.556523,-0.236519,0.256076,-0.51642,-0.21475,0.765881,1,0,0,0,nan,0.247633,0.28984,0.205427,0.000208458,0.000944835,0.247633,0.000576647,1.0024,1.0024,1.0024,0,0,nan,,,nan,nan,,,,,,,,,,,,,0,1,4.00467,t_pose,0.0755461,,0,,nan,
golem_ik,kinematic,golem_ik,nan,,0,b070_d80_e20,70,0.8,0.2,0.45184,0.629435,-0.236519,0.313156,-0.598529,-0.21475,0.765881,1,0,0,0,nan,0.30816,0.354037,0.262284,0.000314565,0.00258493,0.30816,0.00144975,1.0024,1.0024,1.0024,0,0,nan,,,nan,nan,,,,,,,,,,,,,0,1,4.00949,t_pose,0.0827083,,0,,nan,
golem_ik,kinematic,golem_ik,nan,,0,b070_d90_e00,70,0.9,0,0.314963,0.483611,-0.336519,0.198996,-0.434312,-0.31475,0.665881,1,0,0,0,nan,0.284984,0.319726,0.250242,0.00129266,0.000984764,0.284984,0.00113871,1.0024,1.0024,1.0024,0,0,nan,,,nan,nan,,,,,,,,,,,,,0,1,4.00985,t_pose,0.0638202,,0,,nan,
golem_ik,kinematic,golem_ik,nan,,0,b070_d90_e10,70,0.9,0.1,0.383401,0.556523,-0.336519,0.256076,-0.51642,-0.31475,0.665881,1,0,0,0,nan,0.331671,0.371157,0.292186,0.000842061,0.000489837,0.331671,0.000665949,1.0024,1.0024,1.0024,0,0,nan,,,nan,nan,,,,,,,,,,,,,0,1,4.00864,t_pose,0.0715097,,0,,nan,
golem_ik,kinematic,golem_ik,nan,,0,b070_d90_e20,70,0.9,0.2,0.45184,0.629435,-0.336519,0.313156,-0.598529,-0.31475,0.665881,1,0,0,0,nan,0.386783,0.430075,0.343491,0.000352463,0.00231292,0.386783,0.00133269,1.0024,1.0024,1.0024,0,0,nan,,,nan,nan,,,,,,,,,,,,,0,1,4.00652,t_pose,0.0783305,,0,,nan,
golem_ik,kinematic,golem_ik,nan,,0,b070_d100_e00,70,1,0,0.314963,0.483611,-0.436519,0.198996,-0.434312,-0.41475,0.565881,1,0,0,0,nan,0.376421,0.408922,0.34392,0.00214104,0.00191304,0.376421,0.00202704,1.0024,1.0024,1.0024,0,0,nan,,,nan,nan,,,,,,,,,,,,,0,1,4.01121,t_pose,0.0612186,,0,,nan,
golem_ik,kinematic,golem_ik,nan,,0,b070_d100_e10,70,1,0.1,0.383401,0.556523,-0.436519,0.256076,-0.51642,-0.41475,0.565881,1,0,0,0,nan,0.418726,0.45583,0.381623,0.00170057,0.000180823,0.418726,0.000940696,1.0024,1.0024,1.0024,0,0,nan,,,nan,nan,,,,,,,,,,,,,0,1,4.00813,t_pose,0.0682896,,0,,nan,
golem_ik,kinematic,golem_ik,nan,,0,b070_d100_e20,70,1,0.2,0.45184,0.629435,-0.436519,0.313156,-0.598529,-0.41475,0.565881,1,0,0,0,nan,0.469154,0.510094,0.428214,0.0010046,0.00168101,0.469154,0.00134281,1.0024,1.0024,1.0024,0,0,nan,,,nan,nan,,,,,,,,,,,,,0,1,4.00773,home,0.0733951,,0,,nan,
golem_ik,kinematic,golem_ik,nan,,0,b071_d00_e00,71,0,0,0.401962,0.116647,0.816451,0.153362,-0.48655,0.887578,1.81885,0,1,1,1,nan,0.000118233,9.96749e-05,0.00013679,2.50405e-05,9.70574e-05,0.000118233,6.10489e-05,1.0024,1.0024,1.0024,0,0,nan,,,nan,nan,,,,,,,,,,,,,0,1,0.168122,home,0.0330187,,0,,nan,
golem_ik,kinematic,golem_ik,nan,,0,b071_d00_e10,71,0,0.1,0.501658,0.108856,0.816451,0.194631,-0.577637,0.887578,1.81885,0,0,0,0,nan,0.0638378,0.0743343,0.0533413,0.00125089,0.000543832,0.0638378,0.000897363,1.0024,1.0024,1.0024,0,0,nan,,,nan,nan,,,,,,,,,,,,,0,1,4.00523,arms_front_45,0.0307934,,0,,nan,
golem_ik,kinematic,golem_ik,nan,,0,b071_d00_e20,71,0,0.2,0.601354,0.101065,0.816451,0.235901,-0.668724,0.887578,1.81885,0,0,0,0,nan,0.141283,0.156626,0.125939,0.00238125,0.00165587,0.141283,0.00201856,1.0024,1.0024,1.0024,0,0,nan,,,nan,nan,,,,,,,,,,,,,0,1,4.00863,arms_front_45,0.0328027,,0,,nan,
golem_ik,kinematic,golem_ik,nan,,0,b071_d10_e00,71,0.1,0,0.401962,0.116647,0.716451,0.153362,-0.48655,0.787578,1.71885,0,1,1,1,nan,0.000420336,4.60484e-13,0.000840673,7.17037e-14,0.00189741,0.000420336,0.000948704,1.0024,1.0024,1.0024,0,0,nan,,,nan,nan,,,,,,,,,,,,,0,1,0.173519,home,0.0540069,,0,,nan,
golem_ik,kinematic,golem_ik,nan,,0,b071_d10_e10,71,0.1,0.1,0.501658,0.108856,0.716451,0.194631,-0.577637,0.787578,1.71885,0,1,1,1,nan,0.01011,0.0202201,1.11022e-16,0.000265224,4.04842e-16,0.01011,0.000132612,1.0024,1.0024,1.0024,0,0,nan,,,nan,nan,,,,,,,,,,,,,0,1,4.00824,arms_front_45,0.0322694,,0,,nan,
golem_ik,kinematic,golem_ik,nan,,0,b071_d10_e20,71,0.1,0.2,0.601354,0.101065,0.716451,0.235901,-0.668724,0.787578,1.71885,0,0,0,0,nan,0.087471,0.109213,0.065729,0.00128523,0.00106661,0.087471,0.00117592,1.0024,1.0024,1.0024,0,0,nan,,,nan,nan,,,,,,,,,,,,,0,1,4.01294,arms_front_45,0.0346147,,0,,nan,
golem_ik,kinematic,golem_ik,nan,,0,b071_d20_e00,71,0.2,0,0.401962,0.116647,0.616451,0.153362,-0.48655,0.687578,1.61885,0,1,1,1,nan,1.06338e-05,1.93346e-07,2.10742e-05,3.88681e-08,4.6012e-05,1.06338e-05,2.30254e-05,1.0024,1.0024,1.0024,0,0,nan,,,nan,nan,,,,,,,,,,,,,0,1,0.113921,home,0.0647455,,0,,nan,
golem_ik,kinematic,golem_ik,nan,,0,b071_d20_e10,71,0.2,0.1,0.501658,0.108856,0.616451,0.194631,-0.577637,0.687578,1.61885,0,1,1,1,nan,0.000120045,8.25018e-06,0.00023184,6.69089e-07,0.000666323,0.000120045,0.000333496,1.0024,1.0024,1.0024,0,0,nan,,,nan,nan,,,,,,,,,,,,,0,1,0.125993,home,0.0494383,,0,,nan,
golem_ik,kinematic,golem_ik,nan,,0,b071_d20_e20,71,0.2,0.2,0.601354,0.101065,0.616451,0.235901,-0.668724,0.687578,1.61885,0,0,0,1,nan,0.0454245,0.074207,0.016642,0.000561263,0.000325262,0.0454245,0.000443263,1.0024,1.0024,1.0024,0,0,nan,,,nan,nan,,,,,,,,,,,,,0,1,4.00938,t_pose,0.0374676,,0,,nan,
golem_ik,kinematic,golem_ik,nan,,0,b071_d30_e00,71,0.3,0,0.401962,0.116647,0.516451,0.153362,-0.48655,0.587578,1.51885,0,1,1,1,nan,5.04117e-05,8.04539e-06,9.2778e-05,1.59983e-06,0.000353117,5.04117e-05,0.000177359,1.0024,1.0024,1.0024,0,0,nan,,,nan,nan,,,,,,,,,,,,,0,1,0.0903711,home,0.0731082,,0,,nan,
golem_ik,kinematic,golem_ik,nan,,0,b071_d30_e10,71,0.3,0.1,0.501658,0.108856,0.516451,0.194631,-0.577637,0.587578,1.51885,0,1,1,1,nan,3.00661e-05,5.09189e-05,9.21322e-06,1.0021e-05,1.44158e-05,3.00661e-05,1.22184e-05,1.0024,1.0024,1.0024,0,0,nan,,,nan,nan,,,,,,,,,,,,,0,1,0.0938475,home,0.0604908,,0,,nan,
golem_ik,kinematic,golem_ik,nan,,0,b071_d30_e20,71,0.3,0.2,0.601354,0.101065,0.516451,0.235901,-0.668724,0.587578,1.51885,0,0,0,1,nan,0.0268881,0.0537761,1.24127e-16,0.000147721,3.52366e-16,0.0268881,7.38605e-05,1.0024,1.0024,1.0024,0,0,nan,,,nan,nan,,,,,,,,,,,,,0,1,4.01121,t_pose,0.0411067,,0,,nan,
golem_ik,kinematic,golem_ik,nan,,0,b071_d40_e00,71,0.4,0,0.401962,0.116647,0.416451,0.153362,-0.48655,0.487578,1.41885,0,1,1,1,nan,2.20613e-05,5.88722e-06,3.82353e-05,1.43425e-06,0.000127201,2.20613e-05,6.43175e-05,1.0024,1.0024,1.0024,0,0,nan,,,nan,nan,,,,,,,,,,,,,0,1,0.080965,home,0.0675438,,0,,nan,
golem_ik,kinematic,golem_ik,nan,,0,b071_d40_e10,71,0.4,0.1,0.501658,0.108856,0.416451,0.194631,-0.577637,0.487578,1.41885,0,1,1,1,nan,8.65746e-05,0.000170468,2.68092e-06,3.43955e-05,8.45164e-07,8.65746e-05,1.76203e-05,1.0024,1.0024,1.0024,0,0,nan,,,nan,nan,,,,,,,,,,,,,0,1,0.0860391,home,0.0667529,,0,,nan,
golem_ik,kinematic,golem_ik,nan,,0,b071_d40_e20,71,0.4,0.2,0.601354,0.101065,0.416451,0.235901,-0.668724,0.487578,1.41885,0,1,1,1,nan,0.0246997,0.0493995,2.77556e-17,0.000116622,2.92056e-16,0.0246997,5.8311e-05,1.0024,1.0024,1.0024,0,0,nan,,,nan,nan,,,,,,,,,,,,,0,1,4.00619,t_pose,0.0455754,,0,,nan,
golem_ik,kinematic,golem_ik,nan,,0,b071_d50_e00,71,0.5,0,0.401962,0.116647,0.316451,0.153362,-0.48655,0.387578,1.31885,0,1,1,1,nan,2.08556e-05,2.62072e-05,1.55039e-05,1.38725e-05,5.60057e-05,2.08556e-05,3.49391e-05,1.0024,1.0024,1.0024,0,0,nan,,,nan,nan,,,,,,,,,,,,,0,1,0.077075,home,0.0575539,,0,,nan,
golem_ik,kinematic,golem_ik,nan,,0,b071_d50_e10,71,0.5,0.1,0.501658,0.108856,0.316451,0.194631,-0.577637,0.387578,1.31885,0,1,1,1,nan,0.000116444,0.00023196,9.28619e-07,6.39072e-05,2.07404e-07,0.000116444,3.20573e-05,1.0024,1.0024,1.0024,0,0,nan,,,nan,nan,,,,,,,,,,,,,0,1,0.0849965,home,0.0602965,,0,,nan,
golem_ik,kinematic,golem_ik,nan,,0,b071_d50_e20,71,0.5,0.2,0.601354,0.101065,0.316451,0.235901,-0.668724,0.387578,1.31885,0,0,0,1,nan,0.0307082,0.0614163,0,0.00045023,2.52493e-16,0.0307082,0.000225115,1.0024,1.0024,1.0024,0,0,nan,,,nan,nan,,,,,,,,,,,,,0,1,4.00928,t_pose,0.0505279,,0,,nan,
golem_ik,kinematic,golem_ik,nan,,0,b071_d60_e00,71,0.6,0,0.401962,0.116647,0.216451,0.153362,-0.48655,0.287578,1.21885,0,1,1,1,nan,3.50751e-06,6.90586e-06,1.09159e-07,3.16505e-06,1.34269e-07,3.50751e-06,1.64966e-06,1.0024,1.0024,1.0024,0,0,nan,,,nan,nan,,,,,,,,,,,,,0,1,0.0818291,home,0.0494835,,0,,nan,
golem_ik,kinematic,golem_ik,nan,,0,b071_d60_e10,71,0.6,0.1,0.501658,0.108856,0.216451,0.194631,-0.577637,0.287578,1.21885,0,1,1,1,nan,0.00010984,0.000219678,2.56963e-09,8.41405e-05,5.59178e-10,0.00010984,4.20705e-05,1.0024,1.0024,1.0024,0,0,nan,,,nan,nan,,,,,,,,,,,,,0,1,0.0993035,home,0.0529051,,0,,nan,
golem_ik,kinematic,golem_ik,nan,,0,b071_d60_e20,71,0.6,0.2,0.601354,0.101065,0.216451,0.235901,-0.668724,0.287578,1.21885,0,0,0,1,nan,0.0444489,0.0888977,4.5826e-08,0.00104718,4.19862e-09,0.0444489,0.000523591,1.0024,1.0024,1.0024,0,0,nan,,,nan,nan,,,,,,,,,,,,,0,1,4.01346,t_pose,0.0555305,,0,,nan,
golem_ik,kinematic,golem_ik,nan,,0,b071_d70_e00,71,0.7,0,0.401962,0.116647,0.116451,0.153362,-0.48655,0.187578,1.11885,0,1,1,1,nan,0.000383298,0.000760961,5.63482e-06,0.000294508,1.57575e-06,0.000383298,0.000148042,1.0024,1.0024,1.0024,0,0,nan,,,nan,nan,,,,,,,,,,,,,0,1,0.0917273,home,0.0429123,,0,,nan,
golem_ik,kinematic,golem_ik,nan,,0,b071_d70_e10,71,0.7,0.1,0.501658,0.108856,0.116451,0.194631,-0.577637,0.187578,1.11885,0,1,1,1,nan,0.0221186,0.0442371,2.77556e-17,0.000818471,1.89951e-16,0.0221186,0.000409235,1.0024,1.0024,1.0024,0,0,nan,,,nan,nan,,,,,,,,,,,,,0,1,4.01157,home,0.047786,,0,,nan,
golem_ik,kinematic,golem_ik,nan,,0,b071_d70_e20,71,0.7,0.2,0.601354,0.101065,0.116451,0.235901,-0.668724,0.187578,1.11885,0,0,0,1,nan,0.0822764,0.129971,0.0345823,0.00201234,0.0104014,0.0822764,0.00620689,1.0024,1.0024,1.0024,0,0,nan,,,nan,nan,,,,,,,,,,,,,0,1,4.00415,t_pose,0.0523487,,0,,nan,
golem_ik,kinematic,golem_ik,nan,,0,b071_d80_e00,71,0.8,0,0.401962,0.116647,0.0164514,0.153362,-0.48655,0.0875777,1.01885,0,1,1,1,nan,0.0175632,0.0336855,0.00144086,0.00416458,0.000828003,0.0175632,0.00249629,1.0024,1.0024,1.0024,0,0,nan,,,nan,nan,,,,,,,,,,,,,0,1,4.00062,current,0.0404903,,0,,nan,
golem_ik,kinematic,golem_ik,nan,,0,b071_d80_e10,71,0.8,0.1,0.501658,0.108856,0.0164514,0.194631,-0.577637,0.0875777,1.01885,0,0,0,1,nan,0.0713639,0.103671,0.0390571,0.00403655,0.0187478,0.0713639,0.0113922,1.0024,1.0024,1.0024,0,0,nan,,,nan,nan,,,,,,,,,,,,,0,1,4.00746,arms_front_45,0.0441753,,0,,nan,
golem_ik,kinematic,golem_ik,nan,,0,b071_d80_e20,71,0.8,0.2,0.601354,0.101065,0.0164514,0.235901,-0.668724,0.0875777,1.01885,0,0,0,0,nan,0.139995,0.182356,0.0976333,0.00335338,0.0368912,0.139995,0.0201223,1.0024,1.0024,1.0024,0,0,nan,,,nan,nan,,,,,,,,,,,,,0,1,4.00774,t_pose,0.048173,,0,,nan,
golem_ik,kinematic,golem_ik,nan,,0,b071_d90_e00,71,0.9,0,0.401962,0.116647,-0.0835486,0.153362,-0.48655,-0.0124223,0.918851,0,0,0,0,nan,0.100717,0.113543,0.0878913,0.0217828,0.0505562,0.100717,0.0361695,1.0024,1.0024,1.0024,0,0,nan,,,nan,nan,,,,,,,,,,,,,0,1,4.00058,t_pose,0.0383048,,0,,nan,
golem_ik,kinematic,golem_ik,nan,,0,b071_d90_e10,71,0.9,0.1,0.501658,0.108856,-0.0835486,0.194631,-0.577637,-0.0124223,0.918851,0,0,0,0,nan,0.14664,0.173764,0.119517,0.0181554,0.0600688,0.14664,0.0391121,1.0024,1.0024,1.0024,0,0,nan,,,nan,nan,,,,,,,,,,,,,0,1,4.00996,t_pose,0.0423374,,0,,nan,
golem_ik,kinematic,golem_ik,nan,,0,b071_d90_e20,71,0.9,0.2,0.601354,0.101065,-0.0835486,0.235901,-0.668724,-0.0124223,0.918851,0,0,0,0,nan,0.206851,0.244223,0.169479,0.0115442,0.0711222,0.206851,0.0413332,1.0024,1.0024,1.0024,0,0,nan,,,nan,nan,,,,,,,,,,,,,0,1,4.00479,arms_front_45,0.045034,,0,,nan,
golem_ik,kinematic,golem_ik,nan,,0,b071_d100_e00,71,1,0,0.401962,0.116647,-0.183549,0.153362,-0.48655,-0.112422,0.818851,1,0,0,0,nan,0.187061,0.198629,0.175493,0.0455079,0.0998539,0.187061,0.0726809,1.0024,1.0024,1.0024,0,0,nan,,,nan,nan,,,,,,,,,,,,,0,1,4.00586,home,0.0372954,,0,,nan,
golem_ik,kinematic,golem_ik,nan,,0,b071_d100_e10,71,1,0.1,0.501658,0.108856,-0.183549,0.194631,-0.577637,-0.112422,0.818851,1,0,0,0,nan,0.227136,0.251132,0.20314,0.0375986,0.103487,0.227136,0.070543,1.0024,1.0024,1.0024,0,0,nan,,,nan,nan,,,,,,,,,,,,,0,1,4.01023,arms_front_45,0.0404938,,0,,nan,
golem_ik,kinematic,golem_ik,nan,,0,b071_d100_e20,71,1,0.2,0.601354,0.101065,-0.183549,0.235901,-0.668724,-0.112422,0.818851,1,0,0,0,nan,0.280574,0.3143,0.246847,0.0290278,0.108781,0.280574,0.0689044,1.0024,1.0024,1.0024,0,0,nan,,,nan,nan,,,,,,,,,,,,,0,1,4.00908,arms_front_45,0.0429883,,0,,nan,
golem_ik,kinematic,golem_ik,nan,,0,b072_d00_e00,72,0,0,0.287312,0.0324748,0.169446,0.309556,-0.626739,0.538499,1.17185,0,1,1,1,nan,5.66983e-05,4.54386e-07,0.000112942,1.32756e-07,0.000266756,5.66983e-05,0.000133444,1.0024,1.0024,1.0024,0,0,nan,,,nan,nan,,,,,,,,,,,,,0,1,1.14986,t_pose,0.0574737,,0,,nan,
golem_ik,kinematic,golem_ik,nan,,0,b072_d00_e10,72,0,0.1,0.380086,-0.00484806,0.169446,0.363859,-0.71071,0.538499,1.17185,0,0,1,0,nan,0.0347818,2.86098e-17,0.0695636,6.11499e-17,0.000863763,0.0347818,0.000431882,1.0024,1.0024,1.0024,0,0,nan,,,nan,nan,,,,,,,,,,,,,0,1,4.01046,current,0.0346834,,0,,nan,
golem_ik,kinematic,golem_ik,nan,,0,b072_d00_e20,72,0,0.2,0.47286,-0.0421709,0.169446,0.418162,-0.794681,0.538499,1.17185,0,0,0,0,nan,0.10955,0.0507751,0.168326,0.0123156,0.00197964,0.10955,0.00714761,1.0024,1.0024,1.0024,0,0,nan,,,nan,nan,,,,,,,,,,,,,0,1,4.0111,t_pose,0.0428897,,0,,nan,
golem_ik,kinematic,golem_ik,nan,,0,b072_d10_e00,72,0.1,0,0.287312,0.0324748,0.069446,0.309556,-0.626739,0.438499,1.07185,0,1,1,1,nan,5.6653e-05,1.94107e-15,0.000113306,5.36639e-16,0.000243292,5.6653e-05,0.000121646,1.0024,1.0024,1.0024,0,0,nan,,,nan,nan,,,,,,,,,,,,,0,1,1.2353,t_pose,0.0473188,,0,,nan,
golem_ik,kinematic,golem_ik,nan,,0,b072_d10_e10,72,0.1,0.1,0.380086,-0.00484806,0.069446,0.363859,-0.71071,0.438499,1.07185,0,0,1,0,nan,0.0385368,0.0157146,0.0613591,0.000391984,0.000695506,0.0385368,0.000543745,1.0024,1.0024,1.0024,0,0,nan,,,nan,nan,,,,,,,,,,,,,0,1,4.0095,t_pose,0.0341329,,0,,nan,
golem_ik,kinematic,golem_ik,nan,,0,b072_d10_e20,72,0.1,0.2,0.47286,-0.0421709,0.069446,0.418162,-0.794681,0.438499,1.07185,0,0,0,0,nan,0.128193,0.0951477,0.161239,0.0105195,0.0017443,0.128193,0.00613188,1.0024,1.0024,1.0024,0,0,nan,,,nan,nan,,,,,,,,,,,,,0,1,4.00837,t_pose,0.0382937,,0,,nan,
golem_ik,kinematic,golem_ik,nan,,0,b072_d20_e00,72,0.2,0,0.287312,0.0324748,-0.030554,0.309556,-0.626739,0.338499,0.971846,0,1,1,1,nan,0.00956476,0.0191295,0,0.000271342,2.84926e-16,0.00956476,0.000135671,1.0024,1.0024,1.0024,0,0,nan,,,nan,nan,,,,,,,,,,,,,0,1,4.00953,arms_front_45,0.0232606,,0,,nan,
golem_ik,kinematic,golem_ik,nan,,0,b072_d20_e10,72,0.2,0.1,0.380086,-0.00484806,-0.030554,0.363859,-0.71071,0.338499,0.971846,0,0,0,0,nan,0.075968,0.0828859,0.0690501,0.00168927,0.000687479,0.075968,0.00118837,1.0024,1.0024,1.0024,0,0,nan,,,nan,nan,,,,,,,,,,,,,0,1,4.00762,t_pose,0.0275318,,0,,nan,
golem_ik,kinematic,golem_ik,nan,,0,b072_d20_e20,72,0.2,0.2,0.47286,-0.0421709,-0.030554,0.418162,-0.794681,0.338499,0.971846,0,0,0,0,nan,0.161249,0.154618,0.167879,0.0100019,0.00162085,0.161249,0.00581139,1.0024,1.0024,1.0024,0,0,nan,,,nan,nan,,,,,,,,,,,,,0,1,4.01128,t_pose,0.032748,,0,,nan,
golem_ik,kinematic,golem_ik,nan,,0,b072_d30_e00,72,0.3,0,0.287312,0.0324748,-0.130554,0.309556,-0.626739,0.238499,0.871846,1,0,0,1,nan,0.0509098,0.101618,0.000201038,0.00101077,3.8695e-06,0.0509098,0.000507322,1.0024,1.0024,1.0024,0,0,nan,,,nan,nan,,,,,,,,,,,,,0,1,4.00242,t_pose,0.0198784,,0,,nan,
golem_ik,kinematic,golem_ik,nan,,0,b072_d30_e10,72,0.3,0.1,0.380086,-0.00484806,-0.130554,0.363859,-0.71071,0.238499,0.871846,1,0,0,0,nan,0.125154,0.158184,0.0921238,0.00254805,0.000772738,0.125154,0.00166039,1.0024,1.0024,1.0024,0,0,nan,,,nan,nan,,,,,,,,,,,,,0,1,4.0089,t_pose,0.0231844,,0,,nan,
golem_ik,kinematic,golem_ik,nan,,0,b072_d30_e20,72,0.3,0.2,0.47286,-0.0421709,-0.130554,0.418162,-0.794681,0.238499,0.871846,1,0,0,0,nan,0.205668,0.223422,0.187913,0.00632605,0.00156725,0.205668,0.00394665,1.0024,1.0024,1.0024,0,0,nan,,,nan,nan,,,,,,,,,,,,,0,1,4.00689,t_pose,0.0271229,,0,,nan,
golem_ik,kinematic,golem_ik,nan,,0,b072_d40_e00,72,0.4,0,0.287312,0.0324748,-0.230554,0.309556,-0.626739,0.138499,0.771846,1,0,0,1,nan,0.114785,0.188967,0.0406031,0.00110665,0.000255402,0.114785,0.000681026,1.0024,1.0024,1.0024,0,0,nan,,,nan,nan,,,,,,,,,,,,,0,1,4.01155,t_pose,0.0197194,,0,,nan,
golem_ik,kinematic,golem_ik,nan,,0,b072_d40_e10,72,0.4,0.1,0.380086,-0.00484806,-0.230554,0.363859,-0.71071,0.138499,0.771846,1,0,0,0,nan,0.184036,0.238998,0.129075,0.00298133,0.000873374,0.184036,0.00192735,1.0024,1.0024,1.0024,0,0,nan,,,nan,nan,,,,,,,,,,,,,0,1,4.00965,t_pose,0.0208641,,0,,nan,
golem_ik,kinematic,golem_ik,nan,,0,b072_d40_e20,72,0.4,0.2,0.47286,-0.0421709,-0.230554,0.418162,-0.794681,0.138499,0.771846,1,0,0,0,nan,0.259223,0.298107,0.22034,0.0050979,0.00153221,0.259223,0.00331506,1.0024,1.0024,1.0024,0,0,nan,,,nan,nan,,,,,,,,,,,,,0,1,4.00777,t_pose,0.0241082,,0,,nan,
golem_ik,kinematic,golem_ik,nan,,0,b072_d50_e00,72,0.5,0,0.287312,0.0324748,-0.330554,0.309556,-0.626739,0.0384986,0.671846,1,0,0,0,nan,0.187562,0.279128,0.0959964,0.00116007,0.000424613,0.187562,0.000792342,1.0024,1.0024,1.0024,0,0,nan,,,nan,nan,,,,,,,,,,,,,0,1,4.00655,t_pose,0.0200414,,0,,nan,
golem_ik,kinematic,golem_ik,nan,,0,b072_d50_e10,72,0.5,0.1,0.380086,-0.00484806,-0.330554,0.363859,-0.71071,0.0384986,0.671846,1,0,0,0,nan,0.250849,0.323857,0.177841,0.00302396,0.000917525,0.250849,0.00197074,1.0024,1.0024,1.0024,0,0,nan,,,nan,nan,,,,,,,,,,,,,0,1,4.00947,t_pose,0.020037,,0,,nan,
golem_ik,kinematic,golem_ik,nan,,0,b072_d50_e20,72,0.5,0.2,0.47286,-0.0421709,-0.330554,0.418162,-0.794681,0.0384986,0.671846,1,0,0,0,nan,0.320573,0.377434,0.263712,0.00524542,0.00144993,0.320573,0.00334767,1.0024,1.0024,1.0024,0,0,nan,,,nan,nan,,,,,,,,,,,,,0,1,4.00232,t_pose,0.0221054,,0,,nan,
golem_ik,kinematic,golem_ik,nan,,0,b072_d60_e00,72,0.6,0,0.287312,0.0324748,-0.430554,0.309556,-0.626739,-0.0615014,0.571846,1,0,0,0,nan,0.26627,0.371441,0.161099,0.000743129,0.000420453,0.26627,0.000581791,1.0024,1.0024,1.0024,0,0,nan,,,nan,nan,,,,,,,,,,,,,0,1,4.00523,t_pose,0.0204436,,0,,nan,
golem_ik,kinematic,golem_ik,nan,,0,b072_d60_e10,72,0.6,0.1,0.380086,-0.00484806,-0.430554,0.363859,-0.71071,-0.0615014,0.571846,1,0,0,0,nan,0.324024,0.411788,0.236261,0.00280795,0.000839468,0.324024,0.00182371,1.0024,1.0024,1.0024,0,0,nan,,,nan,nan,,,,,,,,,,,,,0,1,4.00354,t_pose,0.0200057,,0,,nan,
golem_ik,kinematic,golem_ik,nan,,0,b072_d60_e20,72,0.6,0.2,0.47286,-0.0421709,-0.430554,0.418162,-0.794681,-0.0615014,0.571846,1,0,0,0,nan,0.388478,0.460541,0.316415,0.00511947,0.00123974,0.388478,0.00317961,1.0024,1.0024,1.0024,0,0,nan,,,nan,nan,,,,,,,,,,,,,0,1,4.01035,t_pose,0.020645,,0,,nan,
golem_ik,kinematic,golem_ik,nan,,0,b072_d70_e00,72,0.7,0,0.287312,0.0324748,-0.530554,0.309556,-0.626739,-0.161501,0.471846,1,0,0,0,nan,0.349404,0.465284,0.233524,0.000129191,0.000181425,0.349404,0.000155308,1.0024,1.0024,1.0024,0,0,nan,,,nan,nan,,,,,,,,,,,,,0,1,4.01429,t_pose,0.0214745,,0,,nan,
golem_ik,kinematic,golem_ik,nan,,0,b072_d70_e10,72,0.7,0.1,0.380086,-0.00484806,-0.530554,0.363859,-0.71071,-0.161501,0.471846,1,0,0,0,nan,0.402178,0.50198,0.302377,0.00237103,0.000534409,0.402178,0.00145272,1.0024,1.0024,1.0024,0,0,nan,,,nan,nan,,,,,,,,,,,,,0,1,4.01008,t_pose,0.0201905,,0,,nan,
golem_ik,kinematic,golem_ik,nan,,0,b072_d70_e20,72,0.7,0.2,0.47286,-0.0421709,-0.530554,0.418162,-0.794681,-0.161501,0.471846,1,0,0,0,nan,0.461763,0.546648,0.376878,0.00472168,0.000813268,0.461763,0.00276747,1.0024,1.0024,1.0024,0,0,nan,,,nan,nan,,,,,,,,,,,,,0,1,4.0063,t_pose,0.0200044,,0,,nan,
golem_ik,kinematic,golem_ik,nan,,0,b072_d80_e00,72,0.8,0,0.287312,0.0324748,-0.630554,0.309556,-0.626739,-0.261501,0.371846,1,0,0,0,nan,0.435822,0.560203,0.31144,0.000617621,0.000111662,0.435822,0.000364641,1.0024,1.0024,1.0024,0,0,nan,,,nan,nan,,,,,,,,,,,,,0,1,4.01191,arms_front_45,0.0213644,,0,,nan,
golem_ik,kinematic,golem_ik,nan,,0,b072_d80_e10,72,0.8,0.1,0.380086,-0.00484806,-0.630554,0.363859,-0.71071,-0.261501,0.371846,1,0,0,0,nan,0.484203,0.593849,0.374558,0.00170083,9.90044e-05,0.484203,0.000899919,1.0024,1.0024,1.0024,0,0,nan,,,nan,nan,,,,,,,,,,,,,0,1,4.0117,t_pose,0.0219503,,0,,nan,
golem_ik,kinematic,golem_ik,nan,,0,b072_d80_e20,72,0.8,0.2,0.47286,-0.0421709,-0.630554,0.418162,-0.794681,-0.261501,0.371846,1,0,0,0,nan,0.539368,0.635031,0.443705,0.00406699,0.000162018,0.539368,0.0021145,1.0024,1.0024,1.0024,0,0,nan,,,nan,nan,,,,,,,,,,,,,0,1,4.01166,t_pose,0.0203754,,0,,nan,
golem_ik,kinematic,golem_ik,nan,,0,b072_d90_e00,72,0.9,0,0.287312,0.0324748,-0.730554,0.309556,-0.626739,-0.361501,0.271846,1,0,0,0,nan,0.524727,0.65595,0.393505,0.00149162,0.000754921,0.524727,0.00112327,1.0024,1.0024,1.0024,0,0,nan,,,nan,nan,,,,,,,,,,,,,0,1,4.00579,arms_front_45,0.0215853,,0,,nan,
golem_ik,kinematic,golem_ik,nan,,0,b072_d90_e10,72,0.9,0.1,0.380086,-0.00484806,-0.730554,0.363859,-0.71071,-0.361501,0.271846,1,0,0,0,nan,0.569239,0.686979,0.451498,0.000881478,0.000591103,0.569239,0.000736291,1.0024,1.0024,1.0024,0,0,nan,,,nan,nan,,,,,,,,,,,,,0,1,4.00759,arms_front_45,0.0227354,,0,,nan,
golem_ik,kinematic,golem_ik,nan,,0,b072_d90_e20,72,0.9,0.2,0.47286,-0.0421709,-0.730554,0.418162,-0.794681,-0.361501,0.271846,1,0,0,0,nan,0.620421,0.725145,0.515697,0.00326521,0.000461324,0.620421,0.00186327,1.0024,1.0024,1.0024,0,0,nan,,,nan,nan,,,,,,,,,,,,,0,1,4.01344,arms_front_45,0.02079,,0,,nan,
golem_ik,kinematic,golem_ik,nan,,0,b072_d100_e00,72,1,0,0.287312,0.0324748,-0.830554,0.309556,-0.626739,-0.461501,0.171846,1,0,0,0,nan,0.615537,0.752338,0.478736,0.00253109,0.00175212,0.615537,0.00214161,1.0024,1.0024,1.0024,0,0,nan,,,nan,nan,,,,,,,,,,,,,0,1,4.00984,arms_front_45,0.0220826,,0,,nan,
golem_ik,kinematic,golem_ik,nan,,0,b072_d100_e10,72,1,0.1,0.380086,-0.00484806,-0.830554,0.363859,-0.71071,-0.461501,0.171846,1,0,0,0,nan,0.656659,0.781115,0.532202,0.000183248,0.00161834,0.656659,0.000900796,1.0024,1.0024,1.0024,0,0,nan,,,nan,nan,,,,,,,,,,,,,0,1,4.01193,arms_front_45,0.0242612,,0,,nan,
golem_ik,kinematic,golem_ik,nan,,0,b072_d100_e20,72,1,0.2,0.47286,-0.0421709,-0.830554,0.418162,-0.794681,-0.461501,0.171846,1,0,0,0,nan,0.704277,0.816647,0.591907,0.00211726,0.00165134,0.704277,0.0018843,1.0024,1.0024,1.0024,0,0,nan,,,nan,nan,,,,,,,,,,,,,0,1,4.00826,arms_front_45,0.0221122,,0,,nan,
golem_ik,kinematic,golem_ik,nan,,0,b073_d00_e00,73,0,0,0.463442,0.219885,0.614618,0.11588,-0.700342,0.645176,1.61702,0,1,1,1,nan,2.62431e-05,1.47666e-07,5.23386e-05,1.09458e-07,3.67039e-06,2.62431e-05,1.88992e-06,1.0024,1.0024,1.0024,0,0,nan,,,nan,nan,,,,,,,,,,,,,0,1,0.19462,home,0.0262725,,0,,nan,
golem_ik,kinematic,golem_ik,nan,,0,b073_d00_e10,73,0,0.1,0.562262,0.235201,0.614618,0.136415,-0.79821,0.645176,1.61702,0,0,1,0,nan,0.0625649,0.0410393,0.0840905,0.00993558,0.00180421,0.0625649,0.00586989,1.0024,1.0024,1.0024,0,0,nan,,,nan,nan,,,,,,,,,,,,,0,1,4.0085,arms_front_45,0.03962,,0,,nan,
golem_ik,kinematic,golem_ik,nan,,0,b073_d00_e20,73,0,0.2,0.661083,0.250516,0.614618,0.15695,-0.896079,0.645176,1.61702,0,0,0,0,nan,0.156061,0.132428,0.179695,0.0253203,0.00402686,0.156061,0.0146736,1.0024,1.0024,1.0024,0,0,nan,,,nan,nan,,,,,,,,,,,,,0,1,4.00947,arms_front_45,0.0450225,,0,,nan,
golem_ik,kinematic,golem_ik,nan,,0,b073_d10_e00,73,0.1,0,0.463442,0.219885,0.514618,0.11588,-0.700342,0.545176,1.51702,0,1,1,1,nan,1.7732e-05,1.98792e-06,3.34762e-05,4.6713e-06,4.68064e-05,1.7732e-05,2.57388e-05,1.0024,1.0024,1.0024,0,0,nan,,,nan,nan,,,,,,,,,,,,,0,1,0.177537,home,0.0351602,,0,,nan,
golem_ik,kinematic,golem_ik,nan,,0,b073_d10_e10,73,0.1,0.1,0.562262,0.235201,0.514618,0.136415,-0.79821,0.545176,1.51702,0,0,1,0,nan,0.0360046,0.0121282,0.0598809,0.0018566,0.00180327,0.0360046,0.00182993,1.0024,1.0024,1.0024,0,0,nan,,,nan,nan,,,,,,,,,,,,,0,1,4.00699,arms_front_45,0.0476483,,0,,nan,
golem_ik,kinematic,golem_ik,nan,,0,b073_d10_e20,73,0.1,0.2,0.661083,0.250516,0.514618,0.15695,-0.896079,0.545176,1.51702,0,0,0,0,nan,0.134102,0.109588,0.158616,0.0151459,0.00707804,0.134102,0.011112,1.0024,1.0024,1.0024,0,0,nan,,,nan,nan,,,,,,,,,,,,,0,1,4.00732,home,0.0519424,,0,,nan,
golem_ik,kinematic,golem_ik,nan,,0,b073_d20_e00,73,0.2,0,0.463442,0.219885,0.414618,0.11588,-0.700342,0.445176,1.41702,0,1,1,1,nan,0.000178339,3.50418e-05,0.000321636,3.33965e-05,0.000146886,0.000178339,9.01412e-05,1.0024,1.0024,1.0024,0,0,nan,,,nan,nan,,,,,,,,,,,,,0,1,0.172043,home,0.0443467,,0,,nan,
golem_ik,kinematic,golem_ik,nan,,0,b073_d20_e10,73,0.2,0.1,0.562262,0.235201,0.414618,0.136415,-0.79821,0.445176,1.41702,0,0,1,0,nan,0.0275729,0.00391802,0.0512278,0.000365721,0.00365581,0.0275729,0.00201076,1.0024,1.0024,1.0024,0,0,nan,,,nan,nan,,,,,,,,,,,,,0,1,4.01167,arms_front_45,0.0580318,,0,,nan,
golem_ik,kinematic,golem_ik,nan,,0,b073_d20_e20,73,0.2,0.2,0.661083,0.250516,0.414618,0.15695,-0.896079,0.445176,1.41702,0,0,0,0,nan,0.12726,0.103187,0.151333,0.00702892,0.0137863,0.12726,0.0104076,1.0024,1.0024,1.0024,0,0,nan,,,nan,nan,,,,,,,,,,,,,0,1,4.01084,current,0.0604804,,0,,nan,
golem_ik,kinematic,golem_ik,nan,,0,b073_d30_e00,73,0.3,0,0.463442,0.219885,0.314618,0.11588,-0.700342,0.345176,1.31702,0,1,1,1,nan,7.66232e-05,8.56608e-06,0.00014468,5.76555e-06,6.58707e-05,7.66232e-05,3.58181e-05,1.0024,1.0024,1.0024,0,0,nan,,,nan,nan,,,,,,,,,,,,,0,1,0.180178,home,0.0403306,,0,,nan,
golem_ik,kinematic,golem_ik,nan,,0,b073_d30_e10,73,0.3,0.1,0.562262,0.235201,0.314618,0.136415,-0.79821,0.345176,1.31702,0,0,1,0,nan,0.0386046,0.0157907,0.0614184,0.000295886,0.00970062,0.0386046,0.00499825,1.0024,1.0024,1.0024,0,0,nan,,,nan,nan,,,,,,,,,,,,,0,1,4.0057,current,0.0646997,,0,,nan,
golem_ik,kinematic,golem_ik,nan,,0,b073_d30_e20,73,0.3,0.2,0.661083,0.250516,0.314618,0.15695,-0.896079,0.345176,1.31702,0,0,0,0,nan,0.136169,0.113404,0.158935,0.0021991,0.0197588,0.136169,0.0109789,1.0024,1.0024,1.0024,0,0,nan,,,nan,nan,,,,,,,,,,,,,0,1,4.00478,arms_front_45,0.0649661,,0,,nan,
golem_ik,kinematic,golem_ik,nan,,0,b073_d40_e00,73,0.4,0,0.463442,0.219885,0.214618,0.11588,-0.700342,0.245176,1.21702,0,1,1,1,nan,0.00419886,3.92523e-17,0.00839772,2.00248e-16,0.00296538,0.00419886,0.00148269,1.0024,1.0024,1.0024,0,0,nan,,,nan,nan,,,,,,,,,,,,,0,1,4.00075,home,0.0412955,,0,,nan,
golem_ik,kinematic,golem_ik,nan,,0,b073_d40_e10,73,0.4,0.1,0.562262,0.235201,0.214618,0.136415,-0.79821,0.245176,1.21702,0,0,1,0,nan,0.0688763,0.0446249,0.0931276,0.000505518,0.0247624,0.0688763,0.012634,1.0024,1.0024,1.0024,0,0,nan,,,nan,nan,,,,,,,,,,,,,0,1,4.0032,current,0.0695507,,0,,nan,
golem_ik,kinematic,golem_ik,nan,,0,b073_d40_e20,73,0.4,0.2,0.661083,0.250516,0.214618,0.15695,-0.896079,0.245176,1.21702,0,0,0,0,nan,0.161144,0.138175,0.184112,0.00181204,0.0381748,0.161144,0.0199934,1.0024,1.0024,1.0024,0,0,nan,,,nan,nan,,,,,,,,,,,,,0,1,4.00559,current,0.0691849,,0,,nan,
golem_ik,kinematic,golem_ik,nan,,0,b073_d50_e00,73,0.5,0,0.463442,0.219885,0.114618,0.11588,-0.700342,0.145176,1.11702,0,0,1,0,nan,0.036127,0.00415665,0.0680973,3.43157e-06,0.0294464,0.036127,0.0147249,1.0024,1.0024,1.0024,0,0,nan,,,nan,nan,,,,,,,,,,,,,0,1,4.01004,current,0.0587884,,0,,nan,
golem_ik,kinematic,golem_ik,nan,,0,b073_d50_e10,73,0.5,0.1,0.562262,0.235201,0.114618,0.136415,-0.79821,0.145176,1.11702,0,0,0,0,nan,0.114853,0.0880483,0.141657,0.000398311,0.0489841,0.114853,0.0246912,1.0024,1.0024,1.0024,0,0,nan,,,nan,nan,,,,,,,,,,,,,0,1,4.00617,current,0.0636234,,0,,nan,
golem_ik,kinematic,golem_ik,nan,,0,b073_d50_e20,73,0.5,0.2,0.661083,0.250516,0.114618,0.15695,-0.896079,0.145176,1.11702,0,0,0,0,nan,0.200181,0.176026,0.224336,0.00126094,0.0624176,0.200181,0.0318393,1.0024,1.0024,1.0024,0,0,nan,,,nan,nan,,,,,,,,,,,,,0,1,4.0023,home,0.0673485,,0,,nan,
golem_ik,kinematic,golem_ik,nan,,0,b073_d60_e00,73,0.6,0,0.463442,0.219885,0.0146176,0.11588,-0.700342,0.0451765,1.01702,0,0,0,0,nan,0.102366,0.0670006,0.137732,0.000359789,0.0652638,0.102366,0.0328118,1.0024,1.0024,1.0024,0,0,nan,,,nan,nan,,,,,,,,,,,,,0,1,4.01095,current,0.0541001,,0,,nan,
golem_ik,kinematic,golem_ik,nan,,0,b073_d60_e10,73,0.6,0.1,0.562262,0.235201,0.0146176,0.136415,-0.79821,0.0451765,1.01702,0,0,0,0,nan,0.172572,0.143319,0.201824,0.000191223,0.0801308,0.172572,0.040161,1.0024,1.0024,1.0024,0,0,nan,,,nan,nan,,,,,,,,,,,,,0,1,4.00564,home,0.058791,,0,,nan,
golem_ik,kinematic,golem_ik,nan,,0,b073_d60_e20,73,0.6,0.2,0.661083,0.250516,0.0146176,0.15695,-0.896079,0.0451765,1.01702,0,0,0,0,nan,0.250678,0.225042,0.276314,0.000408185,0.0912661,0.250678,0.0458371,1.0024,1.0024,1.0024,0,0,nan,,,nan,nan,,,,,,,,,,,,,0,1,4.00668,current,0.0626679,,0,,nan,
golem_ik,kinematic,golem_ik,nan,,0,b073_d70_e00,73,0.7,0,0.463442,0.219885,-0.0853824,0.11588,-0.700342,-0.0548235,0.917018,0,0,0,0,nan,0.176085,0.138717,0.213453,0.00142598,0.105391,0.176085,0.0534082,1.0024,1.0024,1.0024,0,0,nan,,,nan,nan,,,,,,,,,,,,,0,1,4.00943,home,0.050604,,0,,nan,
golem_ik,kinematic,golem_ik,nan,,0,b073_d70_e10,73,0.7,0.1,0.562262,0.235201,-0.0853824,0.136415,-0.79821,-0.0548235,0.917018,0,0,0,0,nan,0.238901,0.207838,0.269964,0.00128384,0.115376,0.238901,0.0583301,1.0024,1.0024,1.0024,0,0,nan,,,nan,nan,,,,,,,,,,,,,0,1,4.00811,current,0.0549685,,0,,nan,
golem_ik,kinematic,golem_ik,nan,,0,b073_d70_e20,73,0.7,0.2,0.661083,0.250516,-0.0853824,0.15695,-0.896079,-0.0548235,0.917018,0,0,0,0,nan,0.310204,0.28325,0.337157,0.000808612,0.123245,0.310204,0.0620269,1.0024,1.0024,1.0024,0,0,nan,,,nan,nan,,,,,,,,,,,,,0,1,4.00964,home,0.0587424,,0,,nan,
golem_ik,kinematic,golem_ik,nan,,0,b073_d80_e00,73,0.8,0,0.463442,0.219885,-0.185382,0.11588,-0.700342,-0.154824,0.817018,1,0,0,0,nan,0.255019,0.216805,0.293233,0.00305075,0.14691,0.255019,0.0749804,1.0024,1.0024,1.0024,0,0,nan,,,nan,nan,,,,,,,,,,,,,0,1,4.00751,home,0.048048,,0,,nan,
golem_ik,kinematic,golem_ik,nan,,0,b073_d80_e10,73,0.8,0.1,0.562262,0.235201,-0.185382,0.136415,-0.79821,-0.154824,0.817018,1,0,0,0,nan,0.311585,0.27944,0.343729,0.00283998,0.152462,0.311585,0.0776508,1.0024,1.0024,1.0024,0,0,nan,,,nan,nan,,,,,,,,,,,,,0,1,4.00678,home,0.051957,,0,,nan,
golem_ik,kinematic,golem_ik,nan,,0,b073_d80_e20,73,0.8,0.2,0.661083,0.250516,-0.185382,0.15695,-0.896079,-0.154824,0.817018,1,0,0,0,nan,0.376768,0.348862,0.404674,0.0023932,0.156879,0.376768,0.0796359,1.0024,1.0024,1.0024,0,0,nan,,,nan,nan,,,,,,,,,,,,,0,1,4.0066,arms_front_45,0.0554136,,0,,nan,
golem_ik,kinematic,golem_ik,nan,,0,b073_d90_e00,73,0.9,0,0.463442,0.219885,-0.285382,0.11588,-0.700342,-0.254824,0.717018,1,0,0,0,nan,0.337722,0.299503,0.37594,0.00511754,0.188098,0.337722,0.0966077,1.0024,1.0024,1.0024,0,0,nan,,,nan,nan,,,,,,,,,,,,,0,1,4.01278,current,0.0461188,,0,,nan,
golem_ik,kinematic,golem_ik,nan,,0,b073_d90_e10,73,0.9,0.1,0.562262,0.235201,-0.285382,0.136415,-0.79821,-0.254824,0.717018,1,0,0,0,nan,0.389036,0.356443,0.421629,0.00479609,0.189789,0.389036,0.0972927,1.0024,1.0024,1.0024,0,0,nan,,,nan,nan,,,,,,,,,,,,,0,1,4.00673,arms_front_45,0.0494742,,0,,nan,
golem_ik,kinematic,golem_ik,nan,,0,b073_d90_e20,73,0.9,0.2,0.661083,0.250516,-0.285382,0.15695,-0.896079,-0.254824,0.717018,1,0,0,0,nan,0.448832,0.420372,0.477292,0.00439164,0.190927,0.448832,0.0976591,1.0024,1.0024,1.0024,0,0,nan,,,nan,nan,,,,,,,,,,,,,0,1,4.00507,arms_front_45,0.0526557,,0,,nan,
golem_ik,kinematic,golem_ik,nan,,0,b073_d100_e00,73,1,0,0.463442,0.219885,-0.385382,0.11588,-0.700342,-0.354824,0.617018,1,0,0,0,nan,0.423257,0.385601,0.460914,0.00790503,0.227871,0.423257,0.117888,1.0024,1.0024,1.0024,0,0,nan,,,nan,nan,,,,,,,,,,,,,0,1,4.00966,arms_front_45,0.0444786,,0,,nan,
golem_ik,kinematic,golem_ik,nan,,0,b073_d100_e10,73,1,0.1,0.562262,0.235201,-0.385382,0.136415,-0.79821,-0.354824,0.617018,1,0,0,0,nan,0.470145,0.437588,0.502702,0.00726048,0.226255,0.470145,0.116758,1.0024,1.0024,1.0024,0,0,nan,,,nan,nan,,,,,,,,,,,,,0,1,4.01391,arms_front_45,0.0474206,,0,,nan,
golem_ik,kinematic,golem_ik,nan,,0,b073_d100_e20,73,1,0.2,0.661083,0.250516,-0.385382,0.15695,-0.896079,-0.354824,0.617018,1,0,0,0,nan,0.525246,0.496588,0.553904,0.00700404,0.224419,0.525246,0.115711,1.0024,1.0024,1.0024,0,0,nan,,,nan,nan,,,,,,,,,,,,,0,1,4.01241,arms_front_45,0.0502183,,0,,nan,
golem_ik,kinematic,golem_ik,nan,,0,b074_d00_e00,74,0,0,0.465272,0.42549,0.296723,0.302656,-0.481438,0.0560329,1.05843,0,1,1,1,nan,0.000166953,0.000265407,6.84995e-05,0.000270368,4.72242e-05,0.000166953,0.000158796,1.0024,1.0024,1.0024,0,0,nan,,,nan,nan,,,,,,,,,,,,,0,1,0.121244,home,0.0804291,,0,,nan,
golem_ik,kinematic,golem_ik,nan,,0,b074_d00_e10,74,0,0.1,0.551162,0.476704,0.296723,0.369873,-0.555478,0.0560329,1.05843,0,0,0,0,nan,0.0737776,0.0687144,0.0788407,0.00384057,0.0104045,0.0737776,0.00712251,1.0024,1.0024,1.0024,0,0,nan,,,nan,nan,,,,,,,,,,,,,0,1,4.00814,arms_front_45,0.0827667,,0,,nan,
golem_ik,kinematic,golem_ik,nan,,0,b074_d00_e20,74,0,0.2,0.637053,0.527918,0.296723,0.43709,-0.629518,0.0560329,1.05843,0,0,0,0,nan,0.16505,0.165753,0.164347,0.00390192,0.0297379,0.16505,0.0168199,1.0024,1.0024,1.0024,0,0,nan,,,nan,nan,,,,,,,,,,,,,0,1,4.01395,arms_front_45,0.0827575,,0,,nan,
golem_ik,kinematic,golem_ik,nan,,0,b074_d10_e00,74,0.1,0,0.465272,0.42549,0.196723,0.302656,-0.481438,-0.0439671,0.958433,0,0,1,0,nan,0.0438523,0.016168,0.0715365,0.00367579,0.0011664,0.0438523,0.0024211,1.0024,1.0024,1.0024,0,0,nan,,,nan,nan,,,,,,,,,,,,,0,1,4.00924,arms_front_45,0.0782276,,0,,nan,
golem_ik,kinematic,golem_ik,nan,,0,b074_d10_e10,74,0.1,0.1,0.551162,0.476704,0.196723,0.369873,-0.555478,-0.0439671,0.958433,0,0,0,0,nan,0.121588,0.102387,0.140789,0.0152013,0.00308064,0.121588,0.00914096,1.0024,1.0024,1.0024,0,0,nan,,,nan,nan,,,,,,,,,,,,,0,1,4.00714,arms_front_45,0.0824053,,0,,nan,
golem_ik,kinematic,golem_ik,nan,,0,b074_d10_e20,74,0.1,0.2,0.637053,0.527918,0.196723,0.43709,-0.629518,-0.0439671,0.958433,0,0,0,0,nan,0.20563,0.193766,0.217494,0.01953,0.0197327,0.20563,0.0196313,1.0024,1.0024,1.0024,0,0,nan,,,nan,nan,,,,,,,,,,,,,0,1,4.00501,arms_front_45,0.0825134,,0,,nan,
golem_ik,kinematic,golem_ik,nan,,0,b074_d20_e00,74,0.2,0,0.465272,0.42549,0.0967228,0.302656,-0.481438,-0.143967,0.858433,1,0,0,0,nan,0.112034,0.0736958,0.150372,0.0215838,0.0017052,0.112034,0.0116445,1.0024,1.0024,1.0024,0,0,nan,,,nan,nan,,,,,,,,,,,,,0,1,4.01047,arms_front_45,0.0684762,,0,,nan,
golem_ik,kinematic,golem_ik,nan,,0,b074_d20_e10,74,0.2,0.1,0.551162,0.476704,0.0967228,0.369873,-0.555478,-0.143967,0.858433,1,0,0,0,nan,0.181603,0.150804,0.212402,0.0323502,0.00358777,0.181603,0.017969,1.0024,1.0024,1.0024,0,0,nan,,,nan,nan,,,,,,,,,,,,,0,1,4.00628,arms_front_45,0.0783975,,0,,nan,
golem_ik,kinematic,golem_ik,nan,,0,b074_d20_e20,74,0.2,0.2,0.637053,0.527918,0.0967228,0.43709,-0.629518,-0.143967,0.858433,1,0,0,0,nan,0.25858,0.235214,0.281947,0.0377936,0.00598891,0.25858,0.0218912,1.0024,1.0024,1.0024,0,0,nan,,,nan,nan,,,,,,,,,,,,,0,1,4.00489,arms_front_45,0.0821092,,0,,nan,
golem_ik,kinematic,golem_ik,nan,,0,b074_d30_e00,74,0.3,0,0.465272,0.42549,-0.00327717,0.302656,-0.481438,-0.243967,0.758433,1,0,0,0,nan,0.187501,0.140891,0.234111,0.0460428,0.00172489,0.187501,0.0238838,1.0024,1.0024,1.0024,0,0,nan,,,nan,nan,,,,,,,,,,,,,0,1,4.00904,arms_front_45,0.0618625,,0,,nan,
golem_ik,kinematic,golem_ik,nan,,0,b074_d30_e10,74,0.3,0.1,0.551162,0.476704,-0.00327717,0.369873,-0.555478,-0.243967,0.758433,1,0,0,0,nan,0.24997,0.210037,0.289904,0.0540764,0.00367822,0.24997,0.0288773,1.0024,1.0024,1.0024,0,0,nan,,,nan,nan,,,,,,,,,,,,,0,1,4.00731,arms_front_45,0.071461,,0,,nan,
golem_ik,kinematic,golem_ik,nan,,0,b074_d30_e20,74,0.3,0.2,0.637053,0.527918,-0.00327717,0.43709,-0.629518,-0.243967,0.758433,1,0,0,0,nan,0.32044,0.287442,0.353438,0.0587325,0.00602082,0.32044,0.0323767,1.0024,1.0024,1.0024,0,0,nan,,,nan,nan,,,,,,,,,,,,,0,1,4.00757,arms_front_45,0.0787406,,0,,nan,
golem_ik,kinematic,golem_ik,nan,,0,b074_d40_e00,74,0.4,0,0.465272,0.42549,-0.103277,0.302656,-0.481438,-0.343967,0.658433,1,0,0,0,nan,0.268175,0.215025,0.321324,0.0747003,0.00134894,0.268175,0.0380246,1.0024,1.0024,1.0024,0,0,nan,,,nan,nan,,,,,,,,,,,,,0,1,4.00609,arms_front_45,0.0573503,,0,,nan,
golem_ik,kinematic,golem_ik,nan,,0,b074_d40_e10,74,0.4,0.1,0.551162,0.476704,-0.103277,0.369873,-0.555478,-0.343967,0.658433,1,0,0,0,nan,0.324484,0.277172,0.371796,0.0786519,0.00341406,0.324484,0.041033,1.0024,1.0024,1.0024,0,0,nan,,,nan,nan,,,,,,,,,,,,,0,1,4.00791,arms_front_45,0.0662166,,0,,nan,
golem_ik,kinematic,golem_ik,nan,,0,b074_d40_e20,74,0.4,0.2,0.637053,0.527918,-0.103277,0.43709,-0.629518,-0.343967,0.658433,1,0,0,0,nan,0.389052,0.348122,0.429981,0.0817414,0.00575217,0.389052,0.0437468,1.0024,1.0024,1.0024,0,0,nan,,,nan,nan,,,,,,,,,,,,,0,1,4.00807,arms_front_45,0.0734053,,0,,nan,
golem_ik,kinematic,golem_ik,nan,,0,b074_d50_e00,74,0.5,0,0.465272,0.42549,-0.203277,0.302656,-0.481438,-0.443967,0.558433,1,0,0,0,nan,0.352755,0.294453,0.411056,0.105689,0.000681032,0.352755,0.0531852,1.0024,1.0024,1.0024,0,0,nan,,,nan,nan,,,,,,,,,,,,,0,1,4.0091,arms_front_45,0.0542364,,0,,nan,
golem_ik,kinematic,golem_ik,nan,,0,b074_d50_e10,74,0.5,0.1,0.551162,0.476704,-0.203277,0.369873,-0.555478,-0.443967,0.558433,1,0,0,0,nan,0.403598,0.3502,0.456996,0.104681,0.00285448,0.403598,0.0537678,1.0024,1.0024,1.0024,0,0,nan,,,nan,nan,,,,,,,,,,,,,0,1,4.00809,arms_front_45,0.0622995,,0,,nan,
golem_ik,kinematic,golem_ik,nan,,0,b074_d50_e20,74,0.5,0.2,0.637053,0.527918,-0.203277,0.43709,-0.629518,-0.443967,0.558433,1,0,0,0,nan,0.462937,0.4154,0.510473,0.106006,0.00519401,0.462937,0.0556002,1.0024,1.0024,1.0024,0,0,nan,,,nan,nan,,,,,,,,,,,,,0,1,4.00882,arms_front_45,0.0691447,,0,,nan,
golem_ik,kinematic,golem_ik,nan,,0,b074_d60_e00,74,0.6,0,0.465272,0.42549,-0.303277,0.302656,-0.481438,-0.543967,0.458433,1,0,0,0,nan,0.440099,0.377542,0.502656,0.13702,0.00023384,0.440099,0.0686269,1.0024,1.0024,1.0024,0,0,nan,,,nan,nan,,,,,,,,,,,,,0,1,4.00934,arms_front_45,0.0520726,,0,,nan,
golem_ik,kinematic,golem_ik,nan,,0,b074_d60_e10,74,0.6,0.1,0.551162,0.476704,-0.303277,0.369873,-0.555478,-0.543967,0.458433,1,0,0,0,nan,0.486383,0.428041,0.544726,0.132544,0.00199901,0.486383,0.0672713,1.0024,1.0024,1.0024,0,0,nan,,,nan,nan,,,,,,,,,,,,,0,1,4.00679,arms_front_45,0.059326,,0,,nan,
golem_ik,kinematic,golem_ik,nan,,0,b074_d60_e20,74,0.6,0.2,0.637053,0.527918,-0.303277,0.43709,-0.629518,-0.543967,0.458433,1,0,0,0,nan,0.540992,0.487909,0.594075,0.131149,0.00429251,0.540992,0.0677206,1.0024,1.0024,1.0024,0,0,nan,,,nan,nan,,,,,,,,,,,,,0,1,4.00792,arms_front_45,0.0658368,,0,,nan,
golem_ik,kinematic,golem_ik,nan,,0,b074_d70_e00,74,0.7,0,0.465272,0.42549,-0.403277,0.302656,-0.481438,-0.643967,0.358433,1,0,0,0,nan,0.529506,0.463338,0.595673,0.167642,0.00142292,0.529506,0.0845325,1.0024,1.0024,1.0024,0,0,nan,,,nan,nan,,,,,,,,,,,,,0,1,4.00669,arms_front_45,0.0505913,,0,,nan,
golem_ik,kinematic,golem_ik,nan,,0,b074_d70_e10,74,0.7,0.1,0.551162,0.476704,-0.403277,0.369873,-0.555478,-0.643967,0.358433,1,0,0,0,nan,0.571989,0.509559,0.634418,0.160679,0.000815537,0.571989,0.0807475,1.0024,1.0024,1.0024,0,0,nan,,,nan,nan,,,,,,,,,,,,,0,1,4.00976,arms_front_45,0.0571587,,0,,nan,
golem_ik,kinematic,golem_ik,nan,,0,b074_d70_e20,74,0.7,0.2,0.637053,0.527918,-0.403277,0.43709,-0.629518,-0.643967,0.358433,1,0,0,0,nan,0.622377,0.564605,0.68015,0.156305,0.00297112,0.622377,0.0796379,1.0024,1.0024,1.0024,0,0,nan,,,nan,nan,,,,,,,,,,,,,0,1,4.00648,arms_front_45,0.0632469,,0,,nan,
golem_ik,kinematic,golem_ik,nan,,0,b074_d80_e00,74,0.8,0,0.465272,0.42549,-0.503277,0.302656,-0.481438,-0.743967,0.258433,1,0,0,0,nan,0.620524,0.55126,0.689787,0.196859,0.00303108,0.620524,0.0999453,1.0024,1.0024,1.0024,0,0,nan,,,nan,nan,,,,,,,,,,,,,0,1,4.00853,arms_front_45,0.0496078,,0,,nan,
golem_ik,kinematic,golem_ik,nan,,0,b074_d80_e10,74,0.8,0.1,0.551162,0.476704,-0.503277,0.369873,-0.555478,-0.743967,0.258433,1,0,0,0,nan,0.659771,0.593881,0.72566,0.187663,0.00100821,0.659771,0.0943356,1.0024,1.0024,1.0024,0,0,nan,,,nan,nan,,,,,,,,,,,,,0,1,4.00656,arms_front_45,0.0554484,,0,,nan,
golem_ik,kinematic,golem_ik,nan,,0,b074_d80_e20,74,0.8,0.2,0.637053,0.527918,-0.503277,0.43709,-0.629518,-0.743967,0.258433,1,0,0,0,nan,0.706475,0.644737,0.768213,0.180245,0.00150515,0.706475,0.0908753,1.0024,1.0024,1.0024,0,0,nan,,,nan,nan,,,,,,,,,,,,,0,1,4.01163,arms_front_45,0.060968,,0,,nan,
golem_ik,kinematic,golem_ik,nan,,0,b074_d90_e00,74,0.9,0,0.465272,0.42549,-0.603277,0.302656,-0.481438,-0.843967,0.158433,1,0,0,0,nan,0.712856,0.640942,0.784771,0.223787,0.00505459,0.712856,0.114421,1.0024,1.0024,1.0024,0,0,nan,,,nan,nan,,,,,,,,,,,,,0,1,4.0081,arms_front_45,0.0488352,,0,,nan,
golem_ik,kinematic,golem_ik,nan,,0,b074_d90_e10,74,0.9,0.1,0.551162,0.476704,-0.603277,0.369873,-0.555478,-0.843967,0.158433,1,0,0,0,nan,0.749319,0.680495,0.818143,0.212574,0.0030163,0.749319,0.107795,1.0024,1.0024,1.0024,0,0,nan,,,nan,nan,,,,,,,,,,,,,0,1,4.0063,arms_front_45,0.0539995,,0,,nan,
golem_ik,kinematic,golem_ik,nan,,0,b074_d90_e20,74,0.9,0.2,0.637053,0.527918,-0.603277,0.43709,-0.629518,-0.843967,0.158433,1,0,0,0,nan,0.792856,0.72782,0.857893,0.202451,0.00169349,0.792856,0.102072,1.0024,1.0024,1.0024,0,0,nan,,,nan,nan,,,,,,,,,,,,,0,1,4.01017,arms_front_45,0.0588982,,0,,nan,
golem_ik,kinematic,golem_ik,nan,,0,b074_d100_e00,74,1,0,0.465272,0.42549,-0.703277,0.302656,-0.481438,-0.943967,0.0584329,1,0,0,0,nan,0.806293,0.732133,0.880454,0.247705,0.00739511,0.806293,0.12755,1.0024,1.0024,1.0024,0,0,nan,,,nan,nan,,,,,,,,,,,,,0,1,4.00246,arms_front_45,0.0481028,,0,,nan,
golem_ik,kinematic,golem_ik,nan,,0,b074_d100_e10,74,1,0.1,0.551162,0.476704,-0.703277,0.369873,-0.555478,-0.943967,0.0584329,1,0,0,0,nan,0.84033,0.769026,0.911635,0.234718,0.00538358,0.84033,0.120051,1.0024,1.0024,1.0024,0,0,nan,,,nan,nan,,,,,,,,,,,,,0,1,4.01067,arms_front_45,0.0526542,,0,,nan,
golem_ik,kinematic,golem_ik,nan,,0,b074_d100_e20,74,1,0.2,0.637053,0.527918,-0.703277,0.43709,-0.629518,-0.943967,0.0584329,1,0,0,0,nan,0.881075,0.813251,0.948899,0.222418,0.0038047,0.881075,0.113111,1.0024,1.0024,1.0024,0,0,nan,,,nan,nan,,,,,,,,,,,,,0,1,4.01094,arms_front_45,0.0570022,,0,,nan,
golem_ik,kinematic,golem_ik,nan,,0,b075_d00_e00,75,0,0,0.320814,0.306058,0.419308,0.409534,-0.0330965,0.146422,1.14882,0,1,1,1,nan,0.02348,0.04696,1.38778e-17,0.0291608,3.04701e-16,0.02348,0.0145804,1.0024,1.0024,1.0024,0,0,nan,,,nan,nan,,,,,,,,,,,,,0,1,4.00069,t_pose,0.0458341,,0,,nan,
golem_ik,kinematic,golem_ik,nan,,0,b075_d00_e10,75,0,0.1,0.410524,0.350239,0.419308,0.505813,-0.00606947,0.146422,1.14882,0,0,1,0,nan,0.0314697,5.55112e-17,0.0629395,1.73993e-16,0.00964004,0.0314697,0.00482002,1.0024,1.0024,1.0024,0,0,nan,,,nan,nan,,,,,,,,,,,,,0,1,4.00372,arms_front_45,0.0432676,,0,,nan,
golem_ik,kinematic,golem_ik,nan,,0,b075_d00_e20,75,0,0.2,0.500235,0.394421,0.419308,0.602091,0.0209576,0.146422,1.14882,0,0,1,0,nan,0.0773621,5.1077e-08,0.154724,5.48801e-09,0.0286853,0.0773621,0.0143426,1.0024,1.0024,1.0024,0,0,nan,,,nan,nan,,,,,,,,,,,,,0,1,4.00711,arms_front_45,0.0436282,,0,,nan,
golem_ik,kinematic,golem_ik,nan,,0,b075_d10_e00,75,0.1,0,0.320814,0.306058,0.319308,0.409534,-0.0330965,0.046422,1.04882,0,1,1,1,nan,0.016838,0,0.0336761,2.3094e-16,0.000588072,0.016838,0.000294036,1.0024,1.0024,1.0024,0,0,nan,,,nan,nan,,,,,,,,,,,,,0,1,4.0082,t_pose,0.0327374,,0,,nan,
golem_ik,kinematic,golem_ik,nan,,0,b075_d10_e10,75,0.1,0.1,0.410524,0.350239,0.319308,0.505813,-0.00606947,0.046422,1.04882,0,0,1,0,nan,0.0559742,7.85046e-17,0.111948,1.56343e-16,0.0030893,0.0559742,0.00154465,1.0024,1.0024,1.0024,0,0,nan,,,nan,nan,,,,,,,,,,,,,0,1,4.01126,t_pose,0.0372477,,0,,nan,
golem_ik,kinematic,golem_ik,nan,,0,b075_d10_e20,75,0.1,0.2,0.500235,0.394421,0.319308,0.602091,0.0209576,0.046422,1.04882,0,0,1,0,nan,0.0981904,0.000164288,0.196217,1.33192e-05,0.0169762,0.0981904,0.00849474,1.0024,1.0024,1.0024,0,0,nan,,,nan,nan,,,,,,,,,,,,,0,1,4.00968,arms_front_45,0.0406913,,0,,nan,
golem_ik,kinematic,golem_ik,nan,,0,b075_d20_e00,75,0.2,0,0.320814,0.306058,0.219308,0.409534,-0.0330965,-0.053578,0.948822,0,0,1,0,nan,0.0517183,0,0.103437,2.92623e-16,0.00116071,0.0517183,0.000580353,1.0024,1.0024,1.0024,0,0,nan,,,nan,nan,,,,,,,,,,,,,0,1,4.00849,t_pose,0.0275169,,0,,nan,
golem_ik,kinematic,golem_ik,nan,,0,b075_d20_e10,75,0.2,0.1,0.410524,0.350239,0.219308,0.505813,-0.00606947,-0.053578,0.948822,0,0,1,0,nan,0.0870782,5.00183e-14,0.174156,8.34674e-15,0.00289696,0.0870782,0.00144848,1.0024,1.0024,1.0024,0,0,nan,,,nan,nan,,,,,,,,,,,,,0,1,4.00586,t_pose,0.0325519,,0,,nan,
golem_ik,kinematic,golem_ik,nan,,0,b075_d20_e20,75,0.2,0.2,0.500235,0.394421,0.219308,0.602091,0.0209576,-0.053578,0.948822,0,0,1,0,nan,0.134312,0.0174103,0.251214,0.000526719,0.00520695,0.134312,0.00286683,1.0024,1.0024,1.0024,0,0,nan,,,nan,nan,,,,,,,,,,,,,0,1,4.0064,arms_front_45,0.0365659,,0,,nan,
golem_ik,kinematic,golem_ik,nan,,0,b075_d30_e00,75,0.3,0,0.320814,0.306058,0.119308,0.409534,-0.0330965,-0.153578,0.848822,1,0,1,0,nan,0.0901607,2.72302e-16,0.180321,1.45726e-16,0.00110732,0.0901607,0.000553658,1.0024,1.0024,1.0024,0,0,nan,,,nan,nan,,,,,,,,,,,,,0,1,4.00967,t_pose,0.0249686,,0,,nan,
golem_ik,kinematic,golem_ik,nan,,0,b075_d30_e10,75,0.3,0.1,0.410524,0.350239,0.119308,0.505813,-0.00606947,-0.153578,0.848822,1,0,1,0,nan,0.122214,0.000233876,0.244193,2.30906e-05,0.00281313,0.122214,0.00141811,1.0024,1.0024,1.0024,0,0,nan,,,nan,nan,,,,,,,,,,,,,0,1,4.00543,arms_front_45,0.0286104,,0,,nan,
golem_ik,kinematic,golem_ik,nan,,0,b075_d30_e20,75,0.3,0.2,0.500235,0.394421,0.119308,0.602091,0.0209576,-0.153578,0.848822,1,0,0,0,nan,0.188476,0.0619668,0.314986,0.00136449,0.00498212,0.188476,0.0031733,1.0024,1.0024,1.0024,0,0,nan,,,nan,nan,,,,,,,,,,,,,0,1,4.00987,arms_front_45,0.033218,,0,,nan,
golem_ik,kinematic,golem_ik,nan,,0,b075_d40_e00,75,0.4,0,0.320814,0.306058,0.019308,0.409534,-0.0330965,-0.253578,0.748822,1,0,1,0,nan,0.131329,0.000325916,0.262332,3.35836e-05,0.000541634,0.131329,0.000287609,1.0024,1.0024,1.0024,0,0,nan,,,nan,nan,,,,,,,,,,,,,0,1,4.00754,arms_front_45,0.0239339,,0,,nan,
golem_ik,kinematic,golem_ik,nan,,0,b075_d40_e10,75,0.4,0.1,0.410524,0.350239,0.019308,0.505813,-0.00606947,-0.253578,0.748822,1,0,1,0,nan,0.182144,0.0441313,0.320157,0.00116317,0.00231857,0.182144,0.00174087,1.0024,1.0024,1.0024,0,0,nan,,,nan,nan,,,,,,,,,,,,,0,1,4.00523,arms_front_45,0.0268764,,0,,nan,
golem_ik,kinematic,golem_ik,nan,,0,b075_d40_e20,75,0.4,0.2,0.500235,0.394421,0.019308,0.602091,0.0209576,-0.253578,0.748822,1,0,0,0,nan,0.251996,0.118817,0.385175,0.00254622,0.00444565,0.251996,0.00349594,1.0024,1.0024,1.0024,0,0,nan,,,nan,nan,,,,,,,,,,,,,0,1,4.00895,arms_front_45,0.0305724,,0,,nan,
golem_ik,kinematic,golem_ik,nan,,0,b075_d50_e00,75,0.5,0,0.320814,0.306058,-0.080692,0.409534,-0.0330965,-0.353578,0.648822,1,0,0,0,nan,0.203348,0.0586698,0.348027,0.00148052,0.000406914,0.203348,0.000943716,1.0024,1.0024,1.0024,0,0,nan,,,nan,nan,,,,,,,,,,,,,0,1,4.00642,arms_front_45,0.0245502,,0,,nan,
golem_ik,kinematic,golem_ik,nan,,0,b075_d50_e10,75,0.5,0.1,0.410524,0.350239,-0.080692,0.505813,-0.00606947,-0.353578,0.648822,1,0,0,0,nan,0.258941,0.117268,0.400615,0.00262853,0.00148481,0.258941,0.00205667,1.0024,1.0024,1.0024,0,0,nan,,,nan,nan,,,,,,,,,,,,,0,1,4.0061,arms_front_45,0.0263499,,0,,nan,
golem_ik,kinematic,golem_ik,nan,,0,b075_d50_e20,75,0.5,0.2,0.500235,0.394421,-0.080692,0.602091,0.0209576,-0.353578,0.648822,1,0,0,0,nan,0.322612,0.18479,0.460434,0.00394395,0.00362974,0.322612,0.00378684,1.0024,1.0024,1.0024,0,0,nan,,,nan,nan,,,,,,,,,,,,,0,1,4.01124,arms_front_45,0.0290361,,0,,nan,
golem_ik,kinematic,golem_ik,nan,,0,b075_d60_e00,75,0.6,0,0.320814,0.306058,-0.180692,0.409534,-0.0330965,-0.453578,0.548822,1,0,0,0,nan,0.290517,0.144598,0.436436,0.0032008,0.00162502,0.290517,0.00241291,1.0024,1.0024,1.0024,0,0,nan,,,nan,nan,,,,,,,,,,,,,0,1,4.00525,arms_front_45,0.025495,,0,,nan,
golem_ik,kinematic,golem_ik,nan,,0,b075_d60_e10,75,0.6,0.1,0.410524,0.350239,-0.180692,0.505813,-0.00606947,-0.453578,0.548822,1,0,0,0,nan,0.340587,0.196664,0.48451,0.00426444,0.000391415,0.340587,0.00232793,1.0024,1.0024,1.0024,0,0,nan,,,nan,nan,,,,,,,,,,,,,0,1,4.00877,arms_front_45,0.0264208,,0,,nan,
golem_ik,kinematic,golem_ik,nan,,0,b075_d60_e20,75,0.6,0.2,0.500235,0.394421,-0.180692,0.602091,0.0209576,-0.453578,0.548822,1,0,0,0,nan,0.398695,0.257685,0.539706,0.00539134,0.00257811,0.398695,0.00398472,1.0024,1.0024,1.0024,0,0,nan,,,nan,nan,,,,,,,,,,,,,0,1,4.01099,current,0.0282146,,0,,nan,
golem_ik,kinematic,golem_ik,nan,,0,b075_d70_e00,75,0.7,0,0.320814,0.306058,-0.280692,0.409534,-0.0330965,-0.553578,0.448822,1,0,0,0,nan,0.380392,0.233897,0.526887,0.0048701,0.0030241,0.380392,0.0039471,1.0024,1.0024,1.0024,0,0,nan,,,nan,nan,,,,,,,,,,,,,0,1,4.00967,home,0.0265588,,0,,nan,
golem_ik,kinematic,golem_ik,nan,,0,b075_d70_e10,75,0.7,0.1,0.410524,0.350239,-0.280692,0.505813,-0.00606947,-0.553578,0.448822,1,0,0,0,nan,0.42577,0.280474,0.571067,0.005875,0.000903776,0.42577,0.00338939,1.0024,1.0024,1.0024,0,0,nan,,,nan,nan,,,,,,,,,,,,,0,1,4.0103,home,0.0268136,,0,,nan,
golem_ik,kinematic,golem_ik,nan,,0,b075_d70_e20,75,0.7,0.2,0.500235,0.394421,-0.280692,0.602091,0.0209576,-0.553578,0.448822,1,0,0,0,nan,0.478995,0.33582,0.622171,0.00700939,0.00130892,0.478995,0.00415916,1.0024,1.0024,1.0024,0,0,nan,,,nan,nan,,,,,,,,,,,,,0,1,4.00903,home,0.0279505,,0,,nan,
golem_ik,kinematic,golem_ik,nan,,0,b075_d80_e00,75,0.8,0,0.320814,0.306058,-0.380692,0.409534,-0.0330965,-0.653578,0.348822,1,0,0,0,nan,0.472199,0.325497,0.618902,0.00661074,0.00456872,0.472199,0.00558973,1.0024,1.0024,1.0024,0,0,nan,,,nan,nan,,,,,,,,,,,,,0,1,4.00539,home,0.0276489,,0,,nan,
golem_ik,kinematic,golem_ik,nan,,0,b075_d80_e10,75,0.8,0.1,0.410524,0.350239,-0.380692,0.505813,-0.00606947,-0.653578,0.348822,1,0,0,0,nan,0.513605,0.367502,0.659708,0.00761166,0.00239193,0.513605,0.00500179,1.0024,1.0024,1.0024,0,0,nan,,,nan,nan,,,,,,,,,,,,,0,1,4.01159,home,0.0274225,,0,,nan,
golem_ik,kinematic,golem_ik,nan,,0,b075_d80_e20,75,0.8,0.2,0.500235,0.394421,-0.380692,0.602091,0.0209576,-0.653578,0.348822,1,0,0,0,nan,0.562566,0.417936,0.707196,0.00893027,0.000148115,0.562566,0.00453919,1.0024,1.0024,1.0024,0,0,nan,,,nan,nan,,,,,,,,,,,,,0,1,4.01083,arms_front_45,0.0280622,,0,,nan,
golem_ik,kinematic,golem_ik,nan,,0,b075_d90_e00,75,0.9,0,0.320814,0.306058,-0.480692,0.409534,-0.0330965,-0.753578,0.248822,1,0,0,0,nan,0.565451,0.418763,0.712138,0.00842359,0.00628729,0.565451,0.00735544,1.0024,1.0024,1.0024,0,0,nan,,,nan,nan,,,,,,,,,,,,,0,1,4.00776,home,0.0287089,,0,,nan,
golem_ik,kinematic,golem_ik,nan,,0,b075_d90_e10,75,0.9,0.1,0.410524,0.350239,-0.480692,0.505813,-0.00606947,-0.753578,0.248822,1,0,0,0,nan,0.603464,0.45692,0.750007,0.00982224,0.00406358,0.603464,0.00694291,1.0024,1.0024,1.0024,0,0,nan,,,nan,nan,,,,,,,,,,,,,0,1,4.0106,arms_front_45,0.0281632,,0,,nan,
golem_ik,kinematic,golem_ik,nan,,0,b075_d90_e20,75,0.9,0.2,0.500235,0.394421,-0.480692,0.602091,0.0209576,-0.753578,0.248822,1,0,0,0,nan,0.648723,0.50315,0.794295,0.0109848,0.00186804,0.648723,0.0064264,1.0024,1.0024,1.0024,0,0,nan,,,nan,nan,,,,,,,,,,,,,0,1,4.00375,arms_front_45,0.0283359,,0,,nan,
golem_ik,kinematic,golem_ik,nan,,0,b075_d100_e00,75,1,0,0.320814,0.306058,-0.580692,0.409534,-0.0330965,-0.853578,0.148822,1,0,0,0,nan,0.659783,0.513225,0.80634,0.0107508,0.00811848,0.659783,0.00943464,1.0024,1.0024,1.0024,0,0,nan,,,nan,nan,,,,,,,,,,,,,0,1,4.01388,arms_front_45,0.0297543,,0,,nan,
golem_ik,kinematic,golem_ik,nan,,0,b075_d100_e10,75,1,0.1,0.410524,0.350239,-0.580692,0.505813,-0.00606947,-0.853578,0.148822,1,0,0,0,nan,0.694907,0.548175,0.841639,0.011946,0.00595314,0.694907,0.00894956,1.0024,1.0024,1.0024,0,0,nan,,,nan,nan,,,,,,,,,,,,,0,1,4.00981,arms_front_45,0.0289132,,0,,nan,
golem_ik,kinematic,golem_ik,nan,,0,b075_d100_e20,75,1,0.2,0.500235,0.394421,-0.580692,0.602091,0.0209576,-0.853578,0.148822,1,0,0,0,nan,0.736932,0.590776,0.883088,0.0132918,0.00385636,0.736932,0.00857406,1.0024,1.0024,1.0024,0,0,nan,,,nan,nan,,,,,,,,,,,,,0,1,4.00808,arms_front_45,0.0287398,,0,,nan,
golem_ik,kinematic,golem_ik,nan,,0,b076_d00_e00,76,0,0,0.318006,0.343772,-0.0030258,0.403883,-0.217957,0.809136,0.999374,0,1,1,1,nan,0.000187328,0.000371306,3.34935e-06,0.000424304,7.33384e-07,0.000187328,0.000212519,1.0024,1.0024,1.0024,0,0,nan,,,nan,nan,,,,,,,,,,,,,0,1,0.0902882,home,0.0500798,,0,,nan,
golem_ik,kinematic,golem_ik,nan,,0,b076_d00_e10,76,0,0.1,0.403169,0.396185,-0.0030258,0.502418,-0.235009,0.809136,0.999374,0,0,0,0,nan,0.0646719,0.0658661,0.0634776,0.000656718,0.00106287,0.0646719,0.000859794,1.0024,1.0024,1.0024,0,0,nan,,,nan,nan,,,,,,,,,,,,,0,1,4.00748,arms_front_45,0.0474338,,0,,nan,
golem_ik,kinematic,golem_ik,nan,,0,b076_d00_e20,76,0,0.2,0.488333,0.448597,-0.0030258,0.600953,-0.252062,0.809136,0.999374,0,0,0,0,nan,0.143488,0.140407,0.14657,0.00214902,0.00304119,0.143488,0.00259511,1.0024,1.0024,1.0024,0,0,nan,,,nan,nan,,,,,,,,,,,,,0,1,4.01196,arms_front_45,0.0504252,,0,,nan,
golem_ik,kinematic,golem_ik,nan,,0,b076_d10_e00,76,0.1,0,0.318006,0.343772,-0.103026,0.403883,-0.217957,0.709136,0.899374,0,0,0,1,nan,0.0406681,0.0813363,1.24127e-16,0.000207076,2.80415e-16,0.0406681,0.000103538,1.0024,1.0024,1.0024,0,0,nan,,,nan,nan,,,,,,,,,,,,,0,1,4.00873,arms_front_45,0.0610837,,0,,nan,
golem_ik,kinematic,golem_ik,nan,,0,b076_d10_e10,76,0.1,0.1,0.403169,0.396185,-0.103026,0.502418,-0.235009,0.709136,0.899374,0,0,0,1,nan,0.0752543,0.139682,0.0108265,0.000584676,0.00027164,0.0752543,0.000428158,1.0024,1.0024,1.0024,0,0,nan,,,nan,nan,,,,,,,,,,,,,0,1,4.01089,arms_front_45,0.050926,,0,,nan,
golem_ik,kinematic,golem_ik,nan,,0,b076_d10_e20,76,0.1,0.2,0.488333,0.448597,-0.103026,0.600953,-0.252062,0.709136,0.899374,0,0,0,0,nan,0.153801,0.206899,0.100703,0.00199389,0.00266659,0.153801,0.00233024,1.0024,1.0024,1.0024,0,0,nan,,,nan,nan,,,,,,,,,,,,,0,1,4.00545,arms_front_45,0.0536525,,0,,nan,
golem_ik,kinematic,golem_ik,nan,,0,b076_d20_e00,76,0.2,0,0.318006,0.343772,-0.203026,0.403883,-0.217957,0.609136,0.799374,1,0,0,1,nan,0.0838842,0.167768,0,0.00111534,1.52101e-16,0.0838842,0.000557671,1.0024,1.0024,1.0024,0,0,nan,,,nan,nan,,,,,,,,,,,,,0,1,4.01025,arms_front_45,0.0576105,,0,,nan,
golem_ik,kinematic,golem_ik,nan,,0,b076_d20_e10,76,0.2,0.1,0.403169,0.396185,-0.203026,0.502418,-0.235009,0.609136,0.799374,1,0,0,1,nan,0.109767,0.219509,2.37646e-05,8.74616e-05,3.01162e-06,0.109767,4.52366e-05,1.0024,1.0024,1.0024,0,0,nan,,,nan,nan,,,,,,,,,,,,,0,1,4.00954,arms_front_45,0.064127,,0,,nan,
golem_ik,kinematic,golem_ik,nan,,0,b076_d20_e20,76,0.2,0.2,0.488333,0.448597,-0.203026,0.600953,-0.252062,0.609136,0.799374,1,0,0,0,nan,0.174776,0.280228,0.0693242,0.00137661,0.00853034,0.174776,0.00495348,1.0024,1.0024,1.0024,0,0,nan,,,nan,nan,,,,,,,,,,,,,0,1,4.01067,t_pose,0.0615229,,0,,nan,
golem_ik,kinematic,golem_ik,nan,,0,b076_d30_e00,76,0.3,0,0.318006,0.343772,-0.303026,0.403883,-0.217957,0.509136,0.699374,1,0,0,1,nan,0.128686,0.257372,2.91238e-11,0.00249833,8.42761e-12,0.128686,0.00124917,1.0024,1.0024,1.0024,0,0,nan,,,nan,nan,,,,,,,,,,,,,0,1,4.00629,arms_front_45,0.0549917,,0,,nan,
golem_ik,kinematic,golem_ik,nan,,0,b076_d30_e10,76,0.3,0.1,0.403169,0.396185,-0.303026,0.502418,-0.235009,0.509136,0.699374,1,0,0,1,nan,0.151855,0.303642,6.69698e-05,0.0012125,1.12005e-05,0.151855,0.000611849,1.0024,1.0024,1.0024,0,0,nan,,,nan,nan,,,,,,,,,,,,,0,1,4.0067,arms_front_45,0.0608799,,0,,nan,
golem_ik,kinematic,golem_ik,nan,,0,b076_d30_e20,76,0.3,0.2,0.488333,0.448597,-0.303026,0.600953,-0.252062,0.509136,0.699374,1,0,0,0,nan,0.208196,0.358702,0.0576901,0.000370832,0.0136252,0.208196,0.00699802,1.0024,1.0024,1.0024,0,0,nan,,,nan,nan,,,,,,,,,,,,,0,1,4.00665,t_pose,0.0668717,,0,,nan,
golem_ik,kinematic,golem_ik,nan,,0,b076_d40_e00,76,0.4,0,0.318006,0.343772,-0.403026,0.403883,-0.217957,0.409136,0.599374,1,0,0,1,nan,0.174595,0.349189,1.13376e-07,0.00418385,3.32839e-08,0.174595,0.00209194,1.0024,1.0024,1.0024,0,0,nan,,,nan,nan,,,,,,,,,,,,,0,1,4.00766,arms_front_45,0.0529677,,0,,nan,
golem_ik,kinematic,golem_ik,nan,,0,b076_d40_e10,76,0.4,0.1,0.403169,0.396185,-0.403026,0.502418,-0.235009,0.409136,0.599374,1,0,0,1,nan,0.195804,0.390914,0.000693905,0.00265641,0.000122479,0.195804,0.00138944,1.0024,1.0024,1.0024,0,0,nan,,,nan,nan,,,,,,,,,,,,,0,1,4.00725,arms_front_45,0.0582888,,0,,nan,
golem_ik,kinematic,golem_ik,nan,,0,b076_d40_e20,76,0.4,0.2,0.488333,0.448597,-0.403026,0.600953,-0.252062,0.409136,0.599374,1,0,0,0,nan,0.253493,0.441094,0.0658909,0.00093149,0.0218285,0.253493,0.01138,1.0024,1.0024,1.0024,0,0,nan,,,nan,nan,,,,,,,,,,,,,0,1,4.01002,t_pose,0.0638857,,0,,nan,
golem_ik,kinematic,golem_ik,nan,,0,b076_d50_e00,76,0.5,0,0.318006,0.343772,-0.503026,0.403883,-0.217957,0.309136,0.499374,1,0,0,1,nan,0.221313,0.442598,2.71423e-05,0.0060438,7.32471e-06,0.221313,0.00302556,1.0024,1.0024,1.0024,0,0,nan,,,nan,nan,,,,,,,,,,,,,0,1,4.00863,arms_front_45,0.0513702,,0,,nan,
golem_ik,kinematic,golem_ik,nan,,0,b076_d50_e10,76,0.5,0.1,0.403169,0.396185,-0.503026,0.502418,-0.235009,0.309136,0.499374,1,0,0,1,nan,0.243839,0.480528,0.00714993,0.00430793,0.00118389,0.243839,0.00274591,1.0024,1.0024,1.0024,0,0,nan,,,nan,nan,,,,,,,,,,,,,0,1,4.01062,t_pose,0.056811,,0,,nan,
golem_ik,kinematic,golem_ik,nan,,0,b076_d50_e20,76,0.5,0.2,0.488333,0.448597,-0.503026,0.600953,-0.252062,0.309136,0.499374,1,0,0,0,nan,0.30859,0.526498,0.0906824,0.00244184,0.0359184,0.30859,0.0191801,1.0024,1.0024,1.0024,0,0,nan,,,nan,nan,,,,,,,,,,,,,0,1,4.01321,t_pose,0.0614062,,0,,nan,
golem_ik,kinematic,golem_ik,nan,,0,b076_d60_e00,76,0.6,0,0.318006,0.343772,-0.603026,0.403883,-0.217957,0.209136,0.399374,1,0,0,1,nan,0.269908,0.537197,0.00261862,0.00798679,0.00060608,0.269908,0.00429643,1.0024,1.0024,1.0024,0,0,nan,,,nan,nan,,,,,,,,,,,,,0,1,4.00617,t_pose,0.0506744,,0,,nan,
golem_ik,kinematic,golem_ik,nan,,0,b076_d60_e10,76,0.6,0.1,0.403169,0.396185,-0.603026,0.502418,-0.235009,0.209136,0.399374,1,0,0,1,nan,0.310645,0.571902,0.0493877,0.00607507,0.0241775,0.310645,0.0151263,1.0024,1.0024,1.0024,0,0,nan,,,nan,nan,,,,,,,,,,,,,0,1,4.00494,t_pose,0.0550832,,0,,nan,
golem_ik,kinematic,golem_ik,nan,,0,b076_d60_e20,76,0.6,0.2,0.488333,0.448597,-0.603026,0.600953,-0.252062,0.209136,0.399374,1,0,0,0,nan,0.370977,0.614244,0.12771,0.00408719,0.0550003,0.370977,0.0295437,1.0024,1.0024,1.0024,0,0,nan,,,nan,nan,,,,,,,,,,,,,0,1,4.00821,t_pose,0.0593318,,0,,nan,
golem_ik,kinematic,golem_ik,nan,,0,b076_d70_e00,76,0.7,0,0.318006,0.343772,-0.703026,0.403883,-0.217957,0.109136,0.299374,1,0,0,1,nan,0.336533,0.632679,0.0403876,0.00994095,0.0214027,0.336533,0.0156718,1.0024,1.0024,1.0024,0,0,nan,,,nan,nan,,,,,,,,,,,,,0,1,4.01225,t_pose,0.0496133,,0,,nan,
golem_ik,kinematic,golem_ik,nan,,0,b076_d70_e10,76,0.7,0.1,0.403169,0.396185,-0.703026,0.502418,-0.235009,0.109136,0.299374,1,0,0,0,nan,0.382198,0.664643,0.0997525,0.00789641,0.0486431,0.382198,0.0282698,1.0024,1.0024,1.0024,0,0,nan,,,nan,nan,,,,,,,,,,,,,0,1,4.01331,t_pose,0.0536488,,0,,nan,
golem_ik,kinematic,golem_ik,nan,,0,b076_d70_e20,76,0.7,0.2,0.488333,0.448597,-0.703026,0.600953,-0.252062,0.109136,0.299374,1,0,0,0,nan,0.438754,0.703837,0.173671,0.0058182,0.0767022,0.438754,0.0412602,1.0024,1.0024,1.0024,0,0,nan,,,nan,nan,,,,,,,,,,,,,0,1,4.01068,t_pose,0.0575838,,0,,nan,
golem_ik,kinematic,golem_ik,nan,,0,b076_d80_e00,76,0.8,0,0.318006,0.343772,-0.803026,0.403883,-0.217957,0.00913627,0.199374,1,0,0,0,nan,0.41217,0.728854,0.0954871,0.011867,0.0470481,0.41217,0.0294576,1.0024,1.0024,1.0024,0,0,nan,,,nan,nan,,,,,,,,,,,,,0,1,4.00691,t_pose,0.0487328,,0,,nan,
golem_ik,kinematic,golem_ik,nan,,0,b076_d80_e10,76,0.8,0.1,0.403169,0.396185,-0.803026,0.502418,-0.235009,0.00913627,0.199374,1,0,0,0,nan,0.457194,0.758457,0.155931,0.00973188,0.0729131,0.457194,0.0413225,1.0024,1.0024,1.0024,0,0,nan,,,nan,nan,,,,,,,,,,,,,0,1,4.00912,t_pose,0.0524459,,0,,nan,
golem_ik,kinematic,golem_ik,nan,,0,b076_d80_e20,76,0.8,0.2,0.488333,0.448597,-0.803026,0.600953,-0.252062,0.00913627,0.199374,1,0,0,0,nan,0.510738,0.794905,0.226571,0.00759385,0.0985761,0.510738,0.053085,1.0024,1.0024,1.0024,0,0,nan,,,nan,nan,,,,,,,,,,,,,0,1,4.00961,t_pose,0.0560996,,0,,nan,
golem_ik,kinematic,golem_ik,nan,,0,b076_d90_e00,76,0.9,0,0.318006,0.343772,-0.903026,0.403883,-0.217957,-0.0908637,0.0993742,1,0,0,0,nan,0.492717,0.825575,0.159859,0.0137703,0.0712703,0.492717,0.0425203,1.0024,1.0024,1.0024,0,0,nan,,,nan,nan,,,,,,,,,,,,,0,1,4.00696,t_pose,0.0479991,,0,,nan,
golem_ik,kinematic,golem_ik,nan,,0,b076_d90_e10,76,0.9,0.1,0.403169,0.396185,-0.903026,0.502418,-0.235009,-0.0908637,0.0993742,1,0,0,0,nan,0.5364,0.85313,0.219671,0.0116268,0.0959356,0.5364,0.0537812,1.0024,1.0024,1.0024,0,0,nan,,,nan,nan,,,,,,,,,,,,,0,1,4.00884,t_pose,0.0514382,,0,,nan,
golem_ik,kinematic,golem_ik,nan,,0,b076_d90_e20,76,0.9,0.2,0.488333,0.448597,-0.903026,0.600953,-0.252062,-0.0908637,0.0993742,1,0,0,0,nan,0.586946,0.887167,0.286725,0.00949581,0.119552,0.586946,0.0645241,1.0024,1.0024,1.0024,0,0,nan,,,nan,nan,,,,,,,,,,,,,0,1,4.01339,t_pose,0.0548445,,0,,nan,
golem_ik,kinematic,golem_ik,nan,,0,b076_d100_e00,76,1,0,0.318006,0.343772,-1.00303,0.403883,-0.217957,-0.190864,-0.000625797,1,0,0,0,nan,0.580172,0.922739,0.237605,0.0157533,0.0987508,0.580172,0.057252,1.0024,1.0024,1.0024,0,0,nan,,,nan,nan,,,,,,,,,,,,,0,1,4.00989,t_pose,0.0473979,,0,,nan,
golem_ik,kinematic,golem_ik,nan,,0,b076_d100_e10,76,1,0.1,0.403169,0.396185,-1.00303,0.502418,-0.235009,-0.190864,-0.000625797,1,0,0,0,nan,0.619183,0.948501,0.289865,0.0136125,0.115395,0.619183,0.0645036,1.0024,1.0024,1.0024,0,0,nan,,,nan,nan,,,,,,,,,,,,,0,1,4.00869,t_pose,0.0505933,,0,,nan,
golem_ik,kinematic,golem_ik,nan,,0,b076_d100_e20,76,1,0.2,0.488333,0.448597,-1.00303,0.600953,-0.252062,-0.190864,-0.000625797,1,0,0,0,nan,0.666628,0.98041,0.352846,0.0114986,0.137437,0.666628,0.0744677,1.0024,1.0024,1.0024,0,0,nan,,,nan,nan,,,,,,,,,,,,,0,1,4.01161,t_pose,0.0537753,,0,,nan,
golem_ik,kinematic,golem_ik,nan,,0,b077_d00_e00,77,0,0,0.356101,0.228601,0.41695,0.377879,-0.0317119,0.622585,1.41935,0,0,0,1,nan,0.0974645,0.154124,0.0408048,0.0811862,0.0217016,0.0974645,0.0514439,1.0024,1.0024,1.0024,0,0,nan,,,nan,nan,,,,,,,,,,,,,0,1,4.00054,t_pose,0.0383756,,0,,nan,
golem_ik,kinematic,golem_ik,nan,,0,b077_d00_e10,77,0,0.1,0.453638,0.250661,0.41695,0.473451,-0.00228533,0.622585,1.41935,0,0,0,1,nan,0.0355992,0.0711984,1.34441e-17,0.0302241,2.62883e-16,0.0355992,0.0151121,1.0024,1.0024,1.0024,0,0,nan,,,nan,nan,,,,,,,,,,,,,0,1,4.00064,arms_front_45,0.0266174,,0,,nan,
golem_ik,kinematic,golem_ik,nan,,0,b077_d00_e20,77,0,0.2,0.551174,0.272721,0.41695,0.569023,0.0271412,0.622585,1.41935,0,0,1,0,nan,0.0408269,6.30687e-08,0.0816537,2.69428e-09,0.00142762,0.0408269,0.000713812,1.0024,1.0024,1.0024,0,0,nan,,,nan,nan,,,,,,,,,,,,,0,1,4.00774,arms_front_45,0.0217391,,0,,nan,
golem_ik,kinematic,golem_ik,nan,,0,b077_d10_e00,77,0.1,0,0.356101,0.228601,0.31695,0.377879,-0.0317119,0.522585,1.31935,0,0,0,1,nan,0.0613561,0.0959796,0.0267326,0.0571318,0.0162452,0.0613561,0.0366885,1.0024,1.0024,1.0024,0,0,nan,,,nan,nan,,,,,,,,,,,,,0,1,4.00062,t_pose,0.0495492,,0,,nan,
golem_ik,kinematic,golem_ik,nan,,0,b077_d10_e10,77,0.1,0.1,0.453638,0.250661,0.31695,0.473451,-0.00228533,0.522585,1.31935,0,1,1,1,nan,0.0150716,0.0301433,2.12504e-17,0.0155177,3.03494e-16,0.0150716,0.00775883,1.0024,1.0024,1.0024,0,0,nan,,,nan,nan,,,,,,,,,,,,,0,1,4.00059,home,0.0369064,,0,,nan,
golem_ik,kinematic,golem_ik,nan,,0,b077_d10_e20,77,0.1,0.2,0.551174,0.272721,0.31695,0.569023,0.0271412,0.522585,1.31935,0,0,1,0,nan,0.033267,0.00639767,0.0601364,1.59921e-05,0.000720455,0.033267,0.000368223,1.0024,1.0024,1.0024,0,0,nan,,,nan,nan,,,,,,,,,,,,,0,1,4.01184,arms_front_45,0.024947,,0,,nan,
golem_ik,kinematic,golem_ik,nan,,0,b077_d20_e00,77,0.2,0,0.356101,0.228601,0.21695,0.377879,-0.0317119,0.422585,1.21935,0,1,1,1,nan,0.0115838,0.0231677,1.38778e-17,0.0142611,2.08731e-16,0.0115838,0.00713055,1.0024,1.0024,1.0024,0,0,nan,,,nan,nan,,,,,,,,,,,,,0,1,4.00067,current,0.0439559,,0,,nan,
golem_ik,kinematic,golem_ik,nan,,0,b077_d20_e10,77,0.2,0.1,0.453638,0.250661,0.21695,0.473451,-0.00228533,0.422585,1.21935,0,1,1,1,nan,0.000395333,0.000696972,9.36934e-05,0.00275116,8.88173e-05,0.000395333,0.00141999,1.0024,1.0024,1.0024,0,0,nan,,,nan,nan,,,,,,,,,,,,,0,1,0.0727518,home,0.0432116,,0,,nan,
golem_ik,kinematic,golem_ik,nan,,0,b077_d20_e20,77,0.2,0.2,0.551174,0.272721,0.21695,0.569023,0.0271412,0.422585,1.21935,0,0,1,0,nan,0.0452325,0.0359423,0.0545226,3.06863e-05,0.000320771,0.0452325,0.000175729,1.0024,1.0024,1.0024,0,0,nan,,,nan,nan,,,,,,,,,,,,,0,1,4.00986,arms_front_45,0.0295308,,0,,nan,
golem_ik,kinematic,golem_ik,nan,,0,b077_d30_e00,77,0.3,0,0.356101,0.228601,0.11695,0.377879,-0.0317119,0.322585,1.11935,0,1,1,1,nan,0.000228176,0.0004227,3.36522e-05,0.00139492,1.86053e-05,0.000228176,0.00070676,1.0024,1.0024,1.0024,0,0,nan,,,nan,nan,,,,,,,,,,,,,0,1,0.0599005,home,0.0305868,,0,,nan,
golem_ik,kinematic,golem_ik,nan,,0,b077_d30_e10,77,0.3,0.1,0.453638,0.250661,0.11695,0.473451,-0.00228533,0.322585,1.11935,0,1,1,1,nan,3.59283e-05,7.17176e-05,1.39092e-07,4.74042e-05,2.61917e-08,3.59283e-05,2.37152e-05,1.0024,1.0024,1.0024,0,0,nan,,,nan,nan,,,,,,,,,,,,,0,1,0.0726254,home,0.0401472,,0,,nan,
golem_ik,kinematic,golem_ik,nan,,0,b077_d30_e20,77,0.3,0.2,0.551174,0.272721,0.11695,0.569023,0.0271412,0.322585,1.11935,0,0,0,0,nan,0.0725748,0.0798944,0.0652553,4.91277e-05,2.08318e-05,0.0725748,3.49798e-05,1.0024,1.0024,1.0024,0,0,nan,,,nan,nan,,,,,,,,,,,,,0,1,4.00899,arms_front_45,0.0351831,,0,,nan,
golem_ik,kinematic,golem_ik,nan,,0,b077_d40_e00,77,0.4,0,0.356101,0.228601,0.01695,0.377879,-0.0317119,0.222585,1.01935,0,1,1,1,nan,0.000136965,0.000273624,3.0634e-07,0.000211908,8.32864e-08,0.000136965,0.000105995,1.0024,1.0024,1.0024,0,0,nan,,,nan,nan,,,,,,,,,,,,,0,1,0.0555465,home,0.0239109,,0,,nan,
golem_ik,kinematic,golem_ik,nan,,0,b077_d40_e10,77,0.4,0.1,0.453638,0.250661,0.01695,0.473451,-0.00228533,0.222585,1.01935,0,0,0,1,nan,0.0300075,0.0594407,0.000574334,0.000110286,1.43775e-05,0.0300075,6.23317e-05,1.0024,1.0024,1.0024,0,0,nan,,,nan,nan,,,,,,,,,,,,,0,1,4.00688,arms_front_45,0.041201,,0,,nan,
golem_ik,kinematic,golem_ik,nan,,0,b077_d40_e20,77,0.4,0.2,0.551174,0.272721,0.01695,0.569023,0.0271412,0.222585,1.01935,0,0,0,0,nan,0.113525,0.135528,0.0915218,0.000250083,0.000594269,0.113525,0.000422176,1.0024,1.0024,1.0024,0,0,nan,,,nan,nan,,,,,,,,,,,,,0,1,4.00643,t_pose,0.0416399,,0,,nan,
golem_ik,kinematic,golem_ik,nan,,0,b077_d50_e00,77,0.5,0,0.356101,0.228601,-0.08305,0.377879,-0.0317119,0.122585,0.91935,0,0,0,1,nan,0.0353864,0.0707727,0,0.00021341,2.22126e-16,0.0353864,0.000106705,1.0024,1.0024,1.0024,0,0,nan,,,nan,nan,,,,,,,,,,,,,0,1,4.00613,t_pose,0.0232487,,0,,nan,
golem_ik,kinematic,golem_ik,nan,,0,b077_d50_e10,77,0.5,0.1,0.453638,0.250661,-0.08305,0.473451,-0.00228533,0.122585,0.91935,0,0,0,1,nan,0.0886809,0.131354,0.0460076,0.000386372,0.00089028,0.0886809,0.000638326,1.0024,1.0024,1.0024,0,0,nan,,,nan,nan,,,,,,,,,,,,,0,1,4.01505,arms_front_45,0.0378699,,0,,nan,
golem_ik,kinematic,golem_ik,nan,,0,b077_d50_e20,77,0.5,0.2,0.551174,0.272721,-0.08305,0.569023,0.0271412,0.122585,0.91935,0,0,0,0,nan,0.166041,0.20029,0.131791,0.000567668,0.00179967,0.166041,0.00118367,1.0024,1.0024,1.0024,0,0,nan,,,nan,nan,,,,,,,,,,,,,0,1,4.00668,t_pose,0.0404297,,0,,nan,
golem_ik,kinematic,golem_ik,nan,,0,b077_d60_e00,77,0.6,0,0.356101,0.228601,-0.18305,0.377879,-0.0317119,0.0225851,0.81935,1,0,0,1,nan,0.0937891,0.155618,0.0319605,0.000603242,0.000959605,0.0937891,0.000781424,1.0024,1.0024,1.0024,0,0,nan,,,nan,nan,,,,,,,,,,,,,0,1,4.01165,arms_front_45,0.0269678,,0,,nan,
golem_ik,kinematic,golem_ik,nan,,0,b077_d60_e10,77,0.6,0.1,0.453638,0.250661,-0.18305,0.473451,-0.00228533,0.0225851,0.81935,1,0,0,0,nan,0.157017,0.209556,0.104479,0.000787873,0.00247611,0.157017,0.00163199,1.0024,1.0024,1.0024,0,0,nan,,,nan,nan,,,,,,,,,,,,,0,1,4.00551,t_pose,0.0329148,,0,,nan,
golem_ik,kinematic,golem_ik,nan,,0,b077_d60_e20,77,0.6,0.2,0.551174,0.272721,-0.18305,0.569023,0.0271412,0.0225851,0.81935,1,0,0,0,nan,0.227719,0.27205,0.183388,0.000981014,0.00324054,0.227719,0.00211078,1.0024,1.0024,1.0024,0,0,nan,,,nan,nan,,,,,,,,,,,,,0,1,4.00748,t_pose,0.0372892,,0,,nan,
golem_ik,kinematic,golem_ik,nan,,0,b077_d70_e00,77,0.7,0,0.356101,0.228601,-0.28305,0.377879,-0.0317119,-0.0774149,0.71935,1,0,0,0,nan,0.175049,0.243944,0.106154,0.00109661,0.0032421,0.175049,0.00216936,1.0024,1.0024,1.0024,0,0,nan,,,nan,nan,,,,,,,,,,,,,0,1,4.0097,t_pose,0.0237755,,0,,nan,
golem_ik,kinematic,golem_ik,nan,,0,b077_d70_e10,77,0.7,0.1,0.453638,0.250661,-0.28305,0.473451,-0.00228533,-0.0774149,0.71935,1,0,0,0,nan,0.231921,0.292323,0.171519,0.0012759,0.00430715,0.231921,0.00279153,1.0024,1.0024,1.0024,0,0,nan,,,nan,nan,,,,,,,,,,,,,0,1,4.00707,t_pose,0.0287284,,0,,nan,
golem_ik,kinematic,golem_ik,nan,,0,b077_d70_e20,77,0.7,0.2,0.551174,0.272721,-0.28305,0.569023,0.0271412,-0.0774149,0.71935,1,0,0,0,nan,0.296578,0.349155,0.244002,0.00146498,0.00493701,0.296578,0.00320099,1.0024,1.0024,1.0024,0,0,nan,,,nan,nan,,,,,,,,,,,,,0,1,4.01124,t_pose,0.0333479,,0,,nan,
golem_ik,kinematic,golem_ik,nan,,0,b077_d80_e00,77,0.8,0,0.356101,0.228601,-0.38305,0.377879,-0.0317119,-0.177415,0.61935,1,0,0,0,nan,0.26055,0.334733,0.186367,0.00165122,0.0105981,0.26055,0.00612466,1.0024,1.0024,1.0024,0,0,nan,,,nan,nan,,,,,,,,,,,,,0,1,4.01366,arms_front_45,0.0218918,,0,,nan,
golem_ik,kinematic,golem_ik,nan,,0,b077_d80_e10,77,0.8,0.1,0.453638,0.250661,-0.38305,0.473451,-0.00228533,-0.177415,0.61935,1,0,0,0,nan,0.311868,0.378449,0.245288,0.00181844,0.00633454,0.311868,0.00407649,1.0024,1.0024,1.0024,0,0,nan,,,nan,nan,,,,,,,,,,,,,0,1,4.0145,t_pose,0.0255467,,0,,nan,
golem_ik,kinematic,golem_ik,nan,,0,b077_d80_e20,77,0.8,0.2,0.551174,0.272721,-0.38305,0.569023,0.0271412,-0.177415,0.61935,1,0,0,0,nan,0.371105,0.430357,0.311853,0.00200474,0.00689537,0.371105,0.00445006,1.0024,1.0024,1.0024,0,0,nan,,,nan,nan,,,,,,,,,,,,,0,1,4.0064,t_pose,0.0293807,,0,,nan,
golem_ik,kinematic,golem_ik,nan,,0,b077_d90_e00,77,0.9,0,0.356101,0.228601,-0.48305,0.377879,-0.0317119,-0.277415,0.51935,1,0,0,0,nan,0.349284,0.427298,0.27127,0.00223666,0.0227415,0.349284,0.0124891,1.0024,1.0024,1.0024,0,0,nan,,,nan,nan,,,,,,,,,,,,,0,1,4.00934,arms_front_45,0.0201095,,0,,nan,
golem_ik,kinematic,golem_ik,nan,,0,b077_d90_e10,77,0.9,0.1,0.453638,0.250661,-0.48305,0.473451,-0.00228533,-0.277415,0.51935,1,0,0,0,nan,0.395765,0.467094,0.324436,0.0023912,0.0087061,0.395765,0.00554865,1.0024,1.0024,1.0024,0,0,nan,,,nan,nan,,,,,,,,,,,,,0,1,4.00489,current,0.0233364,,0,,nan,
golem_ik,kinematic,golem_ik,nan,,0,b077_d90_e20,77,0.9,0.2,0.551174,0.272721,-0.48305,0.569023,0.0271412,-0.277415,0.51935,1,0,0,0,nan,0.450104,0.514729,0.385479,0.00260549,0.009104,0.450104,0.00585475,1.0024,1.0024,1.0024,0,0,nan,,,nan,nan,,,,,,,,,,,,,0,1,4.00775,t_pose,0.0263158,,0,,nan,
golem_ik,kinematic,golem_ik,nan,,0,b077_d100_e00,77,1,0,0.356101,0.228601,-0.58305,0.377879,-0.0317119,-0.377415,0.41935,1,0,0,0,nan,0.44032,0.521186,0.359454,0.00284354,0.0336532,0.44032,0.0182484,1.0024,1.0024,1.0024,0,0,nan,,,nan,nan,,,,,,,,,,,,,0,1,4.00539,arms_front_45,0.0219018,,0,,nan,
golem_ik,kinematic,golem_ik,nan,,0,b077_d100_e10,77,1,0.1,0.453638,0.250661,-0.58305,0.473451,-0.00228533,-0.377415,0.41935,1,0,0,0,nan,0.482597,0.557647,0.407548,0.00300849,0.0185741,0.482597,0.0107913,1.0024,1.0024,1.0024,0,0,nan,,,nan,nan,,,,,,,,,,,,,0,1,4.005,arms_front_45,0.0222124,,0,,nan,
golem_ik,kinematic,golem_ik,nan,,0,b077_d100_e20,77,1,0.2,0.551174,0.272721,-0.58305,0.569023,0.0271412,-0.377415,0.41935,1,0,0,0,nan,0.532624,0.601586,0.463663,0.00321368,0.0117996,0.532624,0.00750662,1.0024,1.0024,1.0024,0,0,nan,,,nan,nan,,,,,,,,,,,,,0,1,4.01491,arms_front_45,0.024279,,0,,nan,
golem_ik,kinematic,golem_ik,nan,,0,b078_d00_e00,78,0,0,0.16361,0.0435632,0.0160153,0.410377,-0.375092,0.629234,1.01842,0,1,1,1,nan,1.07365e-05,2.14729e-05,4.50549e-11,3.52347e-05,8.31014e-12,1.07365e-05,1.76174e-05,1.0024,1.0024,1.0024,0,0,nan,,,nan,nan,,,,,,,,,,,,,0,1,0.332505,home,0.0332672,,0,,nan,
golem_ik,kinematic,golem_ik,nan,,0,b078_d00_e10,78,0,0.1,0.247887,-0.010264,0.0160153,0.497879,-0.423501,0.629234,1.01842,0,1,1,1,nan,0.00770518,1.43186e-16,0.0154104,3.97157e-16,0.00073711,0.00770518,0.000368555,1.0024,1.0024,1.0024,0,0,nan,,,nan,nan,,,,,,,,,,,,,0,1,4.00402,current,0.0324799,,0,,nan,
golem_ik,kinematic,golem_ik,nan,,0,b078_d00_e20,78,0,0.2,0.332164,-0.0640913,0.0160153,0.585381,-0.47191,0.629234,1.01842,0,0,0,0,nan,0.0882748,0.0666535,0.109896,0.0122639,0.00239042,0.0882748,0.00732714,1.0024,1.0024,1.0024,0,0,nan,,,nan,nan,,,,,,,,,,,,,0,1,4.00918,t_pose,0.0352685,,0,,nan,
golem_ik,kinematic,golem_ik,nan,,0,b078_d10_e00,78,0.1,0,0.16361,0.0435632,-0.0839847,0.410377,-0.375092,0.529234,0.918415,0,1,1,1,nan,0.00769195,0.0153839,0,0.00023628,3.78652e-17,0.00769195,0.00011814,1.0024,1.0024,1.0024,0,0,nan,,,nan,nan,,,,,,,,,,,,,0,1,4.00957,t_pose,0.0199856,,0,,nan,
golem_ik,kinematic,golem_ik,nan,,0,b078_d10_e10,78,0.1,0.1,0.247887,-0.010264,-0.0839847,0.497879,-0.423501,0.529234,0.918415,0,0,0,1,nan,0.0372797,0.0655501,0.00900926,0.00176237,0.000753741,0.0372797,0.00125806,1.0024,1.0024,1.0024,0,0,nan,,,nan,nan,,,,,,,,,,,,,0,1,4.00876,current,0.0203631,,0,,nan,
golem_ik,kinematic,golem_ik,nan,,0,b078_d10_e20,78,0.1,0.2,0.332164,-0.0640913,-0.0839847,0.585381,-0.47191,0.529234,0.918415,0,0,0,0,nan,0.10834,0.12859,0.0880897,0.0122849,0.00158533,0.10834,0.00693514,1.0024,1.0024,1.0024,0,0,nan,,,nan,nan,,,,,,,,,,,,,0,1,4.00493,t_pose,0.0268429,,0,,nan,
golem_ik,kinematic,golem_ik,nan,,0,b078_d20_e00,78,0.2,0,0.16361,0.0435632,-0.183985,0.410377,-0.375092,0.429234,0.818415,1,0,0,1,nan,0.0529639,0.105928,1.8411e-16,0.000974229,3.41723e-16,0.0529639,0.000487115,1.0024,1.0024,1.0024,0,0,nan,,,nan,nan,,,,,,,,,,,,,0,1,4.00726,t_pose,0.0203786,,0,,nan,
golem_ik,kinematic,golem_ik,nan,,0,b078_d20_e10,78,0.2,0.1,0.247887,-0.010264,-0.183985,0.497879,-0.423501,0.429234,0.818415,1,0,0,1,nan,0.0800192,0.14829,0.0117482,0.00234938,0.00232074,0.0800192,0.00233506,1.0024,1.0024,1.0024,0,0,nan,,,nan,nan,,,,,,,,,,,,,0,1,4.00909,current,0.0193889,,0,,nan,
golem_ik,kinematic,golem_ik,nan,,0,b078_d20_e20,78,0.2,0.2,0.332164,-0.0640913,-0.183985,0.585381,-0.47191,0.429234,0.818415,1,0,0,0,nan,0.142011,0.202665,0.0813564,0.009288,0.00110606,0.142011,0.00519703,1.0024,1.0024,1.0024,0,0,nan,,,nan,nan,,,,,,,,,,,,,0,1,4.01005,t_pose,0.0212798,,0,,nan,
golem_ik,kinematic,golem_ik,nan,,0,b078_d30_e00,78,0.3,0,0.16361,0.0435632,-0.283985,0.410377,-0.375092,0.329234,0.718415,1,0,0,1,nan,0.100124,0.200248,5.47072e-07,0.00143184,4.00933e-07,0.100124,0.000716119,1.0024,1.0024,1.0024,0,0,nan,,,nan,nan,,,,,,,,,,,,,0,1,4.01205,t_pose,0.020637,,0,,nan,
golem_ik,kinematic,golem_ik,nan,,0,b078_d30_e10,78,0.3,0.1,0.247887,-0.010264,-0.283985,0.497879,-0.423501,0.329234,0.718415,1,0,0,1,nan,0.118477,0.236206,0.000748525,0.00325652,3.43221e-05,0.118477,0.00164542,1.0024,1.0024,1.0024,0,0,nan,,,nan,nan,,,,,,,,,,,,,0,1,4.00516,t_pose,0.0188944,,0,,nan,
golem_ik,kinematic,golem_ik,nan,,0,b078_d30_e20,78,0.3,0.2,0.332164,-0.0640913,-0.283985,0.585381,-0.47191,0.329234,0.718415,1,0,0,0,nan,0.187443,0.284681,0.0902043,0.00543904,0.000786352,0.187443,0.0031127,1.0024,1.0024,1.0024,0,0,nan,,,nan,nan,,,,,,,,,,,,,0,1,4.00809,arms_front_45,0.0195378,,0,,nan,
golem_ik,kinematic,golem_ik,nan,,0,b078_d40_e00,78,0.4,0,0.16361,0.0435632,-0.383985,0.410377,-0.375092,0.229234,0.618415,1,0,0,1,nan,0.156499,0.295989,0.0170086,0.00176851,0.00800034,0.156499,0.00488443,1.0024,1.0024,1.0024,0,0,nan,,,nan,nan,,,,,,,,,,,,,0,1,4.00936,current,0.0198935,,0,,nan,
golem_ik,kinematic,golem_ik,nan,,0,b078_d40_e10,78,0.4,0.1,0.247887,-0.010264,-0.383985,0.497879,-0.423501,0.229234,0.618415,1,0,0,1,nan,0.174609,0.327768,0.0214514,0.0053798,0.000385331,0.174609,0.00288256,1.0024,1.0024,1.0024,0,0,nan,,,nan,nan,,,,,,,,,,,,,0,1,4.00895,arms_front_45,0.0171379,,0,,nan,
golem_ik,kinematic,golem_ik,nan,,0,b078_d40_e20,78,0.4,0.2,0.332164,-0.0640913,-0.383985,0.585381,-0.47191,0.229234,0.618415,1,0,0,0,nan,0.242277,0.370513,0.114042,0.00633887,0.000316078,0.242277,0.00332747,1.0024,1.0024,1.0024,0,0,nan,,,nan,nan,,,,,,,,,,,,,0,1,4.01152,t_pose,0.0194345,,0,,nan,
golem_ik,kinematic,golem_ik,nan,,0,b078_d50_e00,78,0.5,0,0.16361,0.0435632,-0.483985,0.410377,-0.375092,0.129234,0.518415,1,0,0,1,nan,0.197337,0.392076,0.00259832,0.00135237,0.000242863,0.197337,0.000797616,1.0024,1.0024,1.0024,0,0,nan,,,nan,nan,,,,,,,,,,,,,0,1,4.00612,arms_front_45,0.0206446,,0,,nan,
golem_ik,kinematic,golem_ik,nan,,0,b078_d50_e10,78,0.5,0.1,0.247887,-0.010264,-0.483985,0.497879,-0.423501,0.129234,0.518415,1,0,0,0,nan,0.242379,0.421065,0.0636927,0.00304164,0.00100506,0.242379,0.00202335,1.0024,1.0024,1.0024,0,0,nan,,,nan,nan,,,,,,,,,,,,,0,1,4.00463,t_pose,0.0203113,,0,,nan,
golem_ik,kinematic,golem_ik,nan,,0,b078_d50_e20,78,0.5,0.2,0.332164,-0.0640913,-0.483985,0.585381,-0.47191,0.129234,0.518415,1,0,0,0,nan,0.305259,0.459132,0.151386,0.00655819,0.00052295,0.305259,0.00354057,1.0024,1.0024,1.0024,0,0,nan,,,nan,nan,,,,,,,,,,,,,0,1,4.00382,t_pose,0.0194855,,0,,nan,
golem_ik,kinematic,golem_ik,nan,,0,b078_d60_e00,78,0.6,0,0.16361,0.0435632,-0.583985,0.410377,-0.375092,0.0292339,0.418415,1,0,0,1,nan,0.266999,0.488672,0.0453258,0.000790986,0.00187997,0.266999,0.00133548,1.0024,1.0024,1.0024,0,0,nan,,,nan,nan,,,,,,,,,,,,,0,1,4.01318,arms_front_45,0.0199028,,0,,nan,
golem_ik,kinematic,golem_ik,nan,,0,b078_d60_e10,78,0.6,0.1,0.247887,-0.010264,-0.583985,0.497879,-0.423501,0.0292339,0.418415,1,0,0,0,nan,0.317005,0.515427,0.118584,0.00333053,0.00175426,0.317005,0.0025424,1.0024,1.0024,1.0024,0,0,nan,,,nan,nan,,,,,,,,,,,,,0,1,4.01128,arms_front_45,0.0194545,,0,,nan,
golem_ik,kinematic,golem_ik,nan,,0,b078_d60_e20,78,0.6,0.2,0.332164,-0.0640913,-0.583985,0.585381,-0.47191,0.0292339,0.418415,1,0,0,0,nan,0.375066,0.549879,0.200253,0.00501489,0.00189441,0.375066,0.00345465,1.0024,1.0024,1.0024,0,0,nan,,,nan,nan,,,,,,,,,,,,,0,1,4.01192,t_pose,0.0198474,,0,,nan,
golem_ik,kinematic,golem_ik,nan,,0,b078_d70_e00,78,0.7,0,0.16361,0.0435632,-0.683985,0.410377,-0.375092,-0.0707661,0.318415,1,0,0,0,nan,0.350517,0.586026,0.115009,0.000406125,0.00324907,0.350517,0.0018276,1.0024,1.0024,1.0024,0,0,nan,,,nan,nan,,,,,,,,,,,,,0,1,4.00934,arms_front_45,0.0198512,,0,,nan,
golem_ik,kinematic,golem_ik,nan,,0,b078_d70_e10,78,0.7,0.1,0.247887,-0.010264,-0.683985,0.497879,-0.423501,-0.0707661,0.318415,1,0,0,0,nan,0.396927,0.610606,0.183247,0.0023912,0.00312412,0.396927,0.00275766,1.0024,1.0024,1.0024,0,0,nan,,,nan,nan,,,,,,,,,,,,,0,1,4.00959,arms_front_45,0.0199317,,0,,nan,
golem_ik,kinematic,golem_ik,nan,,0,b078_d70_e20,78,0.7,0.2,0.332164,-0.0640913,-0.683985,0.585381,-0.47191,-0.0707661,0.318415,1,0,0,0,nan,0.450471,0.642473,0.258469,0.00487578,0.00305092,0.450471,0.00396335,1.0024,1.0024,1.0024,0,0,nan,,,nan,nan,,,,,,,,,,,,,0,1,4.00695,arms_front_45,0.0197235,,0,,nan,
golem_ik,kinematic,golem_ik,nan,,0,b078_d80_e00,78,0.8,0,0.16361,0.0435632,-0.783985,0.410377,-0.375092,-0.170766,0.218415,1,0,0,0,nan,0.438562,0.683895,0.193229,0.000900064,0.00514993,0.438562,0.003025,1.0024,1.0024,1.0024,0,0,nan,,,nan,nan,,,,,,,,,,,,,0,1,4.00851,arms_front_45,0.0199192,,0,,nan,
golem_ik,kinematic,golem_ik,nan,,0,b078_d80_e10,78,0.8,0.1,0.247887,-0.010264,-0.783985,0.497879,-0.423501,-0.170766,0.218415,1,0,0,0,nan,0.480853,0.706518,0.255189,0.00160283,0.00512596,0.480853,0.0033644,1.0024,1.0024,1.0024,0,0,nan,,,nan,nan,,,,,,,,,,,,,0,1,4.00833,arms_front_45,0.0201302,,0,,nan,
golem_ik,kinematic,golem_ik,nan,,0,b078_d80_e20,78,0.8,0.2,0.332164,-0.0640913,-0.783985,0.585381,-0.47191,-0.170766,0.218415,1,0,0,0,nan,0.530232,0.736155,0.324309,0.00421423,0.005239,0.530232,0.00472662,1.0024,1.0024,1.0024,0,0,nan,,,nan,nan,,,,,,,,,,,,,0,1,4.0092,arms_front_45,0.0197669,,0,,nan,
golem_ik,kinematic,golem_ik,nan,,0,b078_d90_e00,78,0.9,0,0.16361,0.0435632,-0.883985,0.410377,-0.375092,-0.270766,0.118415,1,0,0,0,nan,0.529268,0.78214,0.276395,0.00173692,0.00783978,0.529268,0.00478835,1.0024,1.0024,1.0024,0,0,nan,,,nan,nan,,,,,,,,,,,,,0,1,4.00526,arms_front_45,0.0199477,,0,,nan,
golem_ik,kinematic,golem_ik,nan,,0,b078_d90_e10,78,0.9,0.1,0.247887,-0.010264,-0.883985,0.497879,-0.423501,-0.270766,0.118415,1,0,0,0,nan,0.567828,0.803022,0.332633,0.000923572,0.00781276,0.567828,0.00436816,1.0024,1.0024,1.0024,0,0,nan,,,nan,nan,,,,,,,,,,,,,0,1,4.00718,arms_front_45,0.0200227,,0,,nan,
golem_ik,kinematic,golem_ik,nan,,0,b078_d90_e20,78,0.9,0.2,0.332164,-0.0640913,-0.883985,0.585381,-0.47191,-0.270766,0.118415,1,0,0,0,nan,0.613422,0.830691,0.396152,0.00349553,0.00794937,0.613422,0.00572245,1.0024,1.0024,1.0024,0,0,nan,,,nan,nan,,,,,,,,,,,,,0,1,4.00188,arms_front_45,0.0197934,,0,,nan,
golem_ik,kinematic,golem_ik,nan,,0,b078_d100_e00,78,1,0,0.16361,0.0435632,-0.983985,0.410377,-0.375092,-0.370766,0.0184153,1,0,0,0,nan,0.621779,0.880673,0.362885,0.00269153,0.0105213,0.621779,0.0066064,1.0024,1.0024,1.0024,0,0,nan,,,nan,nan,,,,,,,,,,,,,0,1,4.00738,arms_front_45,0.0200056,,0,,nan,
golem_ik,kinematic,golem_ik,nan,,0,b078_d100_e10,78,1,0.1,0.247887,-0.010264,-0.983985,0.497879,-0.423501,-0.370766,0.0184153,1,0,0,0,nan,0.657113,0.90005,0.414177,0.000341427,0.0105149,0.657113,0.00542814,1.0024,1.0024,1.0024,0,0,nan,,,nan,nan,,,,,,,,,,,,,0,1,4.01033,arms_front_45,0.0200916,,0,,nan,
golem_ik,kinematic,golem_ik,nan,,0,b078_d100_e20,78,1,0.2,0.332164,-0.0640913,-0.983985,0.585381,-0.47191,-0.370766,0.0184153,1,0,0,0,nan,0.699322,0.925964,0.47268,0.00231826,0.0105605,0.699322,0.00643939,1.0024,1.0024,1.0024,0,0,nan,,,nan,nan,,,,,,,,,,,,,0,1,4.00857,arms_front_45,0.0201333,,0,,nan,
golem_ik,kinematic,golem_ik,nan,,0,b079_d00_e00,79,0,0,0.246347,0.565942,0.761278,0.449147,-0.159077,0.705143,1.70754,0,1,1,1,nan,9.12097e-05,0.000163272,1.91473e-05,0.000190107,1.52882e-05,9.12097e-05,0.000102697,1.0024,1.0024,1.0024,0,0,nan,,,nan,nan,,,,,,,,,,,,,0,1,0.136972,home,0.0488442,,0,,nan,
golem_ik,kinematic,golem_ik,nan,,0,b079_d00_e10,79,0,0.1,0.297131,0.652087,0.761278,0.549117,-0.161529,0.705143,1.70754,0,0,0,0,nan,0.0575666,0.0647336,0.0503996,0.000573253,0.000642538,0.0575666,0.000607895,1.0024,1.0024,1.0024,0,0,nan,,,nan,nan,,,,,,,,,,,,,0,1,4.00554,t_pose,0.0410483,,0,,nan,
golem_ik,kinematic,golem_ik,nan,,0,b079_d00_e20,79,0,0.2,0.347915,0.738232,0.761278,0.649087,-0.163981,0.705143,1.70754,0,0,0,0,nan,0.146881,0.152527,0.141235,0.00187934,0.00158061,0.146881,0.00172998,1.0024,1.0024,1.0024,0,0,nan,,,nan,nan,,,,,,,,,,,,,0,1,4.00836,t_pose,0.0436319,,0,,nan,
golem_ik,kinematic,golem_ik,nan,,0,b079_d10_e00,79,0.1,0,0.246347,0.565942,0.661278,0.449147,-0.159077,0.605143,1.60754,0,1,1,1,nan,1.6597e-05,3.30962e-05,9.78004e-08,6.82452e-05,1.64968e-08,1.6597e-05,3.41308e-05,1.0024,1.0024,1.0024,0,0,nan,,,nan,nan,,,,,,,,,,,,,0,1,0.112822,home,0.058659,,0,,nan,
golem_ik,kinematic,golem_ik,nan,,0,b079_d10_e10,79,0.1,0.1,0.297131,0.652087,0.661278,0.549117,-0.161529,0.605143,1.60754,0,1,1,1,nan,0.0171293,0.0203209,0.0139376,0.000337247,0.000157639,0.0171293,0.000247443,1.0024,1.0024,1.0024,0,0,nan,,,nan,nan,,,,,,,,,,,,,0,1,4.01035,t_pose,0.0443033,,0,,nan,
golem_ik,kinematic,golem_ik,nan,,0,b079_d10_e20,79,0.1,0.2,0.347915,0.738232,0.661278,0.649087,-0.163981,0.605143,1.60754,0,0,0,0,nan,0.111871,0.11401,0.109732,0.00217421,0.00107721,0.111871,0.00162571,1.0024,1.0024,1.0024,0,0,nan,,,nan,nan,,,,,,,,,,,,,0,1,4.00899,t_pose,0.0467457,,0,,nan,
golem_ik,kinematic,golem_ik,nan,,0,b079_d20_e00,79,0.2,0,0.246347,0.565942,0.561278,0.449147,-0.159077,0.505143,1.50754,0,1,1,1,nan,0.000148856,0.000131565,0.000166148,0.000164354,0.000138427,0.000148856,0.00015139,1.0024,1.0024,1.0024,0,0,nan,,,nan,nan,,,,,,,,,,,,,0,1,0.0860353,home,0.0666504,,0,,nan,
golem_ik,kinematic,golem_ik,nan,,0,b079_d20_e10,79,0.2,0.1,0.297131,0.652087,0.561278,0.549117,-0.161529,0.505143,1.50754,0,1,1,1,nan,5.34642e-05,4.83092e-05,5.86191e-05,3.09131e-05,5.21003e-05,5.34642e-05,4.15067e-05,1.0024,1.0024,1.0024,0,0,nan,,,nan,nan,,,,,,,,,,,,,0,1,0.110255,home,0.0536962,,0,,nan,
golem_ik,kinematic,golem_ik,nan,,0,b079_d20_e20,79,0.2,0.2,0.347915,0.738232,0.561278,0.649087,-0.163981,0.505143,1.50754,0,0,0,0,nan,0.0905661,0.0889651,0.092167,0.00232277,0.000745852,0.0905661,0.00153431,1.0024,1.0024,1.0024,0,0,nan,,,nan,nan,,,,,,,,,,,,,0,1,4.00985,t_pose,0.0505655,,0,,nan,
golem_ik,kinematic,golem_ik,nan,,0,b079_d30_e00,79,0.3,0,0.246347,0.565942,0.461278,0.449147,-0.159077,0.405143,1.40754,0,1,1,1,nan,0.00021111,0.000157098,0.000265122,0.000121368,0.000120682,0.00021111,0.000121025,1.0024,1.0024,1.0024,0,0,nan,,,nan,nan,,,,,,,,,,,,,0,1,0.0736136,home,0.0592744,,0,,nan,
golem_ik,kinematic,golem_ik,nan,,0,b079_d30_e10,79,0.3,0.1,0.297131,0.652087,0.461278,0.549117,-0.161529,0.405143,1.40754,0,1,1,1,nan,2.38239e-05,5.9795e-06,4.16682e-05,2.05878e-06,3.83483e-05,2.38239e-05,2.02035e-05,1.0024,1.0024,1.0024,0,0,nan,,,nan,nan,,,,,,,,,,,,,0,1,0.0996161,home,0.0598694,,0,,nan,
golem_ik,kinematic,golem_ik,nan,,0,b079_d30_e20,79,0.3,0.2,0.347915,0.738232,0.461278,0.649087,-0.163981,0.405143,1.40754,0,0,0,0,nan,0.0852728,0.0808614,0.0896841,0.0106442,0.000547612,0.0852728,0.0055959,1.0024,1.0024,1.0024,0,0,nan,,,nan,nan,,,,,,,,,,,,,0,1,4.0082,arms_front_45,0.0545835,,0,,nan,
golem_ik,kinematic,golem_ik,nan,,0,b079_d40_e00,79,0.4,0,0.246347,0.565942,0.361278,0.449147,-0.159077,0.305143,1.30754,0,1,1,1,nan,2.20595e-05,9.7177e-06,3.44014e-05,7.34062e-06,5.87595e-05,2.20595e-05,3.30501e-05,1.0024,1.0024,1.0024,0,0,nan,,,nan,nan,,,,,,,,,,,,,0,1,0.0693569,home,0.051458,,0,,nan,
golem_ik,kinematic,golem_ik,nan,,0,b079_d40_e10,79,0.4,0.1,0.297131,0.652087,0.361278,0.549117,-0.161529,0.305143,1.30754,0,1,1,1,nan,0.00305477,0.000710461,0.00539908,0.000222206,0.000487487,0.00305477,0.000354846,1.0024,1.0024,1.0024,0,0,nan,,,nan,nan,,,,,,,,,,,,,0,1,4.00968,current,0.0584925,,0,,nan,
golem_ik,kinematic,golem_ik,nan,,0,b079_d40_e20,79,0.4,0.2,0.347915,0.738232,0.361278,0.649087,-0.163981,0.305143,1.30754,0,0,0,0,nan,0.0980547,0.0936743,0.102435,0.0231257,0.000409137,0.0980547,0.0117674,1.0024,1.0024,1.0024,0,0,nan,,,nan,nan,,,,,,,,,,,,,0,1,4.00657,t_pose,0.0594351,,0,,nan,
golem_ik,kinematic,golem_ik,nan,,0,b079_d50_e00,79,0.5,0,0.246347,0.565942,0.261278,0.449147,-0.159077,0.205143,1.20754,0,1,1,1,nan,0.000349174,0.000169076,0.000529272,9.88167e-05,0.00043142,0.000349174,0.000265118,1.0024,1.0024,1.0024,0,0,nan,,,nan,nan,,,,,,,,,,,,,0,1,0.068733,home,0.0463852,,0,,nan,
golem_ik,kinematic,golem_ik,nan,,0,b079_d50_e10,79,0.5,0.1,0.297131,0.652087,0.261278,0.549117,-0.161529,0.205143,1.20754,0,1,1,1,nan,0.0398682,0.0405655,0.0391709,0.0166636,0.00435384,0.0398682,0.0105087,1.0024,1.0024,1.0024,0,0,nan,,,nan,nan,,,,,,,,,,,,,0,1,4.00537,current,0.0575128,,0,,nan,
golem_ik,kinematic,golem_ik,nan,,0,b079_d50_e20,79,0.5,0.2,0.347915,0.738232,0.261278,0.649087,-0.163981,0.205143,1.20754,0,0,0,0,nan,0.127342,0.124596,0.130088,0.0415496,0.00675384,0.127342,0.0241517,1.0024,1.0024,1.0024,0,0,nan,,,nan,nan,,,,,,,,,,,,,0,1,4.01237,current,0.0639485,,0,,nan,
golem_ik,kinematic,golem_ik,nan,,0,b079_d60_e00,79,0.6,0,0.246347,0.565942,0.161278,0.449147,-0.159077,0.105143,1.10754,0,1,1,1,nan,0.0251667,0.0289413,0.0213922,0.0155775,0.00713486,0.0251667,0.0113562,1.0024,1.0024,1.0024,0,0,nan,,,nan,nan,,,,,,,,,,,,,0,1,4.00083,t_pose,0.0405727,,0,,nan,
golem_ik,kinematic,golem_ik,nan,,0,b079_d60_e10,79,0.6,0.1,0.297131,0.652087,0.161278,0.549117,-0.161529,0.105143,1.10754,0,0,0,0,nan,0.0927011,0.0933596,0.0920425,0.0430287,0.020243,0.0927011,0.0316359,1.0024,1.0024,1.0024,0,0,nan,,,nan,nan,,,,,,,,,,,,,0,1,4.01076,current,0.0493187,,0,,nan,
golem_ik,kinematic,golem_ik,nan,,0,b079_d60_e20,79,0.6,0.2,0.347915,0.738232,0.161278,0.649087,-0.163981,0.105143,1.10754,0,0,0,0,nan,0.171359,0.169075,0.173643,0.065761,0.0248581,0.171359,0.0453095,1.0024,1.0024,1.0024,0,0,nan,,,nan,nan,,,,,,,,,,,,,0,1,4.01176,current,0.0565909,,0,,nan,
golem_ik,kinematic,golem_ik,nan,,0,b079_d70_e00,79,0.7,0,0.246347,0.565942,0.0612785,0.449147,-0.159077,0.00514256,1.00754,0,0,0,0,nan,0.0949728,0.0933818,0.0965637,0.0502476,0.037222,0.0949728,0.0437348,1.0024,1.0024,1.0024,0,0,nan,,,nan,nan,,,,,,,,,,,,,0,1,4.00872,current,0.0370785,,0,,nan,
golem_ik,kinematic,golem_ik,nan,,0,b079_d70_e10,79,0.7,0.1,0.297131,0.652087,0.0612785,0.549117,-0.161529,0.00514256,1.00754,0,0,0,0,nan,0.155325,0.153513,0.157137,0.0736171,0.0451076,0.155325,0.0593623,1.0024,1.0024,1.0024,0,0,nan,,,nan,nan,,,,,,,,,,,,,0,1,4.00261,current,0.0443192,,0,,nan,
golem_ik,kinematic,golem_ik,nan,,0,b079_d70_e20,79,0.7,0.2,0.347915,0.738232,0.0612785,0.649087,-0.163981,0.00514256,1.00754,0,0,0,0,nan,0.226362,0.222979,0.229745,0.0933668,0.0481412,0.226362,0.070754,1.0024,1.0024,1.0024,0,0,nan,,,nan,nan,,,,,,,,,,,,,0,1,4.0043,current,0.0510602,,0,,nan,
golem_ik,kinematic,golem_ik,nan,,0,b079_d80_e00,79,0.8,0,0.246347,0.565942,-0.0387215,0.449147,-0.159077,-0.0948574,0.907543,0,0,0,0,nan,0.168021,0.159123,0.176919,0.0825278,0.072405,0.168021,0.0774664,1.0024,1.0024,1.0024,0,0,nan,,,nan,nan,,,,,,,,,,,,,0,1,4.00706,arms_front_45,0.035443,,0,,nan,
golem_ik,kinematic,golem_ik,nan,,0,b079_d80_e10,79,0.8,0.1,0.297131,0.652087,-0.0387215,0.549117,-0.161529,-0.0948574,0.907543,0,0,0,0,nan,0.223937,0.217924,0.22995,0.10402,0.0750115,0.223937,0.0895158,1.0024,1.0024,1.0024,0,0,nan,,,nan,nan,,,,,,,,,,,,,0,1,4.00709,current,0.0413808,,0,,nan,
golem_ik,kinematic,golem_ik,nan,,0,b079_d80_e20,79,0.8,0.2,0.347915,0.738232,-0.0387215,0.649087,-0.163981,-0.0948574,0.907543,0,0,0,0,nan,0.289112,0.283352,0.294871,0.121655,0.0751914,0.289112,0.0984234,1.0024,1.0024,1.0024,0,0,nan,,,nan,nan,,,,,,,,,,,,,0,1,4.00553,current,0.0473204,,0,,nan,
golem_ik,kinematic,golem_ik,nan,,0,b079_d90_e00,79,0.9,0,0.246347,0.565942,-0.138722,0.449147,-0.159077,-0.194857,0.807543,1,0,0,0,nan,0.244084,0.227531,0.260638,0.110711,0.108892,0.244084,0.109801,1.0024,1.0024,1.0024,0,0,nan,,,nan,nan,,,,,,,,,,,,,0,1,4.01101,arms_front_45,0.0348004,,0,,nan,
golem_ik,kinematic,golem_ik,nan,,0,b079_d90_e10,79,0.9,0.1,0.297131,0.652087,-0.138722,0.549117,-0.161529,-0.194857,0.807543,1,0,0,0,nan,0.296786,0.285625,0.307946,0.131741,0.107065,0.296786,0.119403,1.0024,1.0024,1.0024,0,0,nan,,,nan,nan,,,,,,,,,,,,,0,1,4.00854,arms_front_45,0.0398306,,0,,nan,
golem_ik,kinematic,golem_ik,nan,,0,b079_d90_e20,79,0.9,0.2,0.347915,0.738232,-0.138722,0.649087,-0.163981,-0.194857,0.807543,1,0,0,0,nan,0.357479,0.348434,0.366523,0.14853,0.104364,0.357479,0.126447,1.0024,1.0024,1.0024,0,0,nan,,,nan,nan,,,,,,,,,,,,,0,1,4.0116,arms_front_45,0.0450311,,0,,nan,
golem_ik,kinematic,golem_ik,nan,,0,b079_d100_e00,79,1,0,0.246347,0.565942,-0.238722,0.449147,-0.159077,-0.294857,0.707543,1,0,0,0,nan,0.323739,0.300679,0.346799,0.13551,0.144765,0.323739,0.140138,1.0024,1.0024,1.0024,0,0,nan,,,nan,nan,,,,,,,,,,,,,0,1,4.01089,arms_front_45,0.0347152,,0,,nan,
golem_ik,kinematic,golem_ik,nan,,0,b079_d100_e10,79,1,0.1,0.297131,0.652087,-0.238722,0.549117,-0.161529,-0.294857,0.707543,1,0,0,0,nan,0.37337,0.35711,0.38963,0.156577,0.139399,0.37337,0.147988,1.0024,1.0024,1.0024,0,0,nan,,,nan,nan,,,,,,,,,,,,,0,1,4.00868,arms_front_45,0.0389424,,0,,nan,
golem_ik,kinematic,golem_ik,nan,,0,b079_d100_e20,79,1,0.2,0.347915,0.738232,-0.238722,0.649087,-0.163981,-0.294857,0.707543,1,0,0,0,nan,0.430342,0.417731,0.442953,0.173623,0.13403,0.430342,0.153826,1.0024,1.0024,1.0024,0,0,nan,,,nan,nan,,,,,,,,,,,,,0,1,4.00863,arms_front_45,0.0434558,,0,,nan,
golem_ik,kinematic,golem_ik,nan,,0,b080_d00_e00,80,0,0,0.332565,0.241825,0.521602,0.301776,-0.147493,0.131668,1.13407,0,1,1,1,nan,9.22464e-05,2.14245e-05,0.000163068,5.21151e-05,0.000895828,9.22464e-05,0.000473972,1.0024,1.0024,1.0024,0,0,nan,,,nan,nan,,,,,,,,,,,,,0,1,0.130597,home,0.0214057,,0,,nan,
golem_ik,kinematic,golem_ik,nan,,0,b080_d00_e10,80,0,0.1,0.428812,0.268962,0.521602,0.401776,-0.147305,0.131668,1.13407,0,1,1,1,nan,1.04282e-05,2.05442e-05,3.12076e-07,2.22779e-05,4.80775e-08,1.04282e-05,1.1163e-05,1.0024,1.0024,1.0024,0,0,nan,,,nan,nan,,,,,,,,,,,,,0,1,0.139266,home,0.0368312,,0,,nan,
golem_ik,kinematic,golem_ik,nan,,0,b080_d00_e20,80,0,0.2,0.52506,0.296099,0.521602,0.501776,-0.147117,0.131668,1.13407,0,1,1,1,nan,0.0159384,5.55112e-17,0.0318769,3.24799e-16,0.000763375,0.0159384,0.000381688,1.0024,1.0024,1.0024,0,0,nan,,,nan,nan,,,,,,,,,,,,,0,1,4.00664,current,0.0542898,,0,,nan,
golem_ik,kinematic,golem_ik,nan,,0,b080_d10_e00,80,0.1,0,0.332565,0.241825,0.421602,0.301776,-0.147493,0.0316679,1.03407,0,1,1,1,nan,8.36981e-07,1.19379e-06,4.80169e-07,2.65198e-06,7.46746e-07,8.36981e-07,1.69936e-06,1.0024,1.0024,1.0024,0,0,nan,,,nan,nan,,,,,,,,,,,,,0,1,0.120503,home,0.0331788,,0,,nan,
golem_ik,kinematic,golem_ik,nan,,0,b080_d10_e10,80,0.1,0.1,0.428812,0.268962,0.421602,0.401776,-0.147305,0.0316679,1.03407,0,1,1,1,nan,0.00846166,0,0.0169233,3.16581e-16,0.00102515,0.00846166,0.000512576,1.0024,1.0024,1.0024,0,0,nan,,,nan,nan,,,,,,,,,,,,,0,1,4.00041,home,0.0479313,,0,,nan,
golem_ik,kinematic,golem_ik,nan,,0,b080_d10_e20,80,0.1,0.2,0.52506,0.296099,0.421602,0.501776,-0.147117,0.0316679,1.03407,0,0,1,0,nan,0.0450857,5.90092e-16,0.0901715,4.97454e-16,0.0044155,0.0450857,0.00220775,1.0024,1.0024,1.0024,0,0,nan,,,nan,nan,,,,,,,,,,,,,0,1,4.00794,current,0.0501373,,0,,nan,
golem_ik,kinematic,golem_ik,nan,,0,b080_d20_e00,80,0.2,0,0.332565,0.241825,0.321602,0.301776,-0.147493,-0.0683321,0.934068,0,1,1,1,nan,0.0186269,0,0.0372537,2.91787e-16,0.00469094,0.0186269,0.00234547,1.0024,1.0024,1.0024,0,0,nan,,,nan,nan,,,,,,,,,,,,,0,1,4.00051,arms_front_45,0.0441496,,0,,nan,
golem_ik,kinematic,golem_ik,nan,,0,b080_d20_e10,80,0.2,0.1,0.428812,0.268962,0.321602,0.401776,-0.147305,-0.0683321,0.934068,0,0,1,0,nan,0.0463278,0,0.0926557,3.63209e-16,0.00896648,0.0463278,0.00448324,1.0024,1.0024,1.0024,0,0,nan,,,nan,nan,,,,,,,,,,,,,0,1,4.00837,current,0.0460533,,0,,nan,
golem_ik,kinematic,golem_ik,nan,,0,b080_d20_e20,80,0.2,0.2,0.52506,0.296099,0.321602,0.501776,-0.147117,-0.0683321,0.934068,0,0,1,0,nan,0.0823724,0.00669826,0.158046,0.00238181,0.0136731,0.0823724,0.00802745,1.0024,1.0024,1.0024,0,0,nan,,,nan,nan,,,,,,,,,,,,,0,1,4.00928,home,0.0474013,,0,,nan,
golem_ik,kinematic,golem_ik,nan,,0,b080_d30_e00,80,0.3,0,0.332565,0.241825,0.221602,0.301776,-0.147493,-0.168332,0.834068,1,0,1,0,nan,0.0625787,2.77556e-17,0.125157,4.26091e-16,0.0162403,0.0625787,0.00812013,1.0024,1.0024,1.0024,0,0,nan,,,nan,nan,,,,,,,,,,,,,0,1,4.00855,home,0.0431042,,0,,nan,
golem_ik,kinematic,golem_ik,nan,,0,b080_d30_e10,80,0.3,0.1,0.428812,0.268962,0.221602,0.401776,-0.147305,-0.168332,0.834068,1,0,1,0,nan,0.0872176,0.00021022,0.174225,0.000112414,0.0205498,0.0872176,0.0103311,1.0024,1.0024,1.0024,0,0,nan,,,nan,nan,,,,,,,,,,,,,0,1,4.00744,current,0.0441703,,0,,nan,
golem_ik,kinematic,golem_ik,nan,,0,b080_d30_e20,80,0.3,0.2,0.52506,0.296099,0.221602,0.501776,-0.147117,-0.168332,0.834068,1,0,0,0,nan,0.142185,0.0516984,0.232672,0.0244983,0.0217198,0.142185,0.0231091,1.0024,1.0024,1.0024,0,0,nan,,,nan,nan,,,,,,,,,,,,,0,1,4.00754,t_pose,0.0488064,,0,,nan,
golem_ik,kinematic,golem_ik,nan,,0,b080_d40_e00,80,0.4,0,0.332565,0.241825,0.121602,0.301776,-0.147493,-0.268332,0.734068,1,0,1,0,nan,0.118874,0.0217806,0.215967,0.019063,0.0294993,0.118874,0.0242811,1.0024,1.0024,1.0024,0,0,nan,,,nan,nan,,,,,,,,,,,,,0,1,4.00853,current,0.0382196,,0,,nan,
golem_ik,kinematic,golem_ik,nan,,0,b080_d40_e10,80,0.4,0.1,0.428812,0.268962,0.121602,0.401776,-0.147305,-0.268332,0.734068,1,0,0,0,nan,0.156672,0.0537029,0.25964,0.0360678,0.0323763,0.156672,0.034222,1.0024,1.0024,1.0024,0,0,nan,,,nan,nan,,,,,,,,,,,,,0,1,4.01056,t_pose,0.045256,,0,,nan,
golem_ik,kinematic,golem_ik,nan,,0,b080_d40_e20,80,0.4,0.2,0.52506,0.296099,0.121602,0.501776,-0.147117,-0.268332,0.734068,1,0,0,0,nan,0.210634,0.108833,0.312434,0.0572259,0.0325695,0.210634,0.0448977,1.0024,1.0024,1.0024,0,0,nan,,,nan,nan,,,,,,,,,,,,,0,1,4.0062,t_pose,0.0473585,,0,,nan,
golem_ik,kinematic,golem_ik,nan,,0,b080_d50_e00,80,0.5,0,0.332565,0.241825,0.0216023,0.301776,-0.147493,-0.368332,0.634068,1,0,0,0,nan,0.199697,0.0908754,0.308519,0.0566697,0.0412133,0.199697,0.0489415,1.0024,1.0024,1.0024,0,0,nan,,,nan,nan,,,,,,,,,,,,,0,1,4.00853,t_pose,0.0324718,,0,,nan,
golem_ik,kinematic,golem_ik,nan,,0,b080_d50_e10,80,0.5,0.1,0.428812,0.268962,0.0216023,0.401776,-0.147305,-0.368332,0.634068,1,0,0,0,nan,0.235763,0.123671,0.347854,0.0713208,0.0428136,0.235763,0.0570672,1.0024,1.0024,1.0024,0,0,nan,,,nan,nan,,,,,,,,,,,,,0,1,4.01369,t_pose,0.0421781,,0,,nan,
golem_ik,kinematic,golem_ik,nan,,0,b080_d50_e20,80,0.5,0.2,0.52506,0.296099,0.0216023,0.501776,-0.147117,-0.368332,0.634068,1,0,0,0,nan,0.284866,0.173834,0.395897,0.0879008,0.0428453,0.284866,0.065373,1.0024,1.0024,1.0024,0,0,nan,,,nan,nan,,,,,,,,,,,,,0,1,4.0026,t_pose,0.0461008,,0,,nan,
golem_ik,kinematic,golem_ik,nan,,0,b080_d60_e00,80,0.6,0,0.332565,0.241825,-0.0783977,0.301776,-0.147493,-0.468332,0.534068,1,0,0,0,nan,0.28872,0.175003,0.402437,0.104008,0.0505368,0.28872,0.0772726,1.0024,1.0024,1.0024,0,0,nan,,,nan,nan,,,,,,,,,,,,,0,1,4.01167,t_pose,0.0317075,,0,,nan,
golem_ik,kinematic,golem_ik,nan,,0,b080_d60_e10,80,0.6,0.1,0.428812,0.268962,-0.0783977,0.401776,-0.147305,-0.468332,0.534068,1,0,0,0,nan,0.320806,0.203418,0.438193,0.111652,0.0521086,0.320806,0.0818801,1.0024,1.0024,1.0024,0,0,nan,,,nan,nan,,,,,,,,,,,,,0,1,4.01025,t_pose,0.039494,,0,,nan,
golem_ik,kinematic,golem_ik,nan,,0,b080_d60_e20,80,0.6,0.2,0.52506,0.296099,-0.0783977,0.501776,-0.147117,-0.468332,0.534068,1,0,0,0,nan,0.364877,0.247574,0.48218,0.121722,0.05216,0.364877,0.0869412,1.0024,1.0024,1.0024,0,0,nan,,,nan,nan,,,,,,,,,,,,,0,1,4.00892,t_pose,0.0450425,,0,,nan,
golem_ik,kinematic,golem_ik,nan,,0,b080_d70_e00,80,0.7,0,0.332565,0.241825,-0.178398,0.301776,-0.147493,-0.568332,0.434068,1,0,0,0,nan,0.379417,0.261399,0.497435,0.152819,0.0585326,0.379417,0.105676,1.0024,1.0024,1.0024,0,0,nan,,,nan,nan,,,,,,,,,,,,,0,1,4.00471,t_pose,0.0324766,,0,,nan,
golem_ik,kinematic,golem_ik,nan,,0,b080_d70_e10,80,0.7,0.1,0.428812,0.268962,-0.178398,0.401776,-0.147305,-0.568332,0.434068,1,0,0,0,nan,0.408454,0.286748,0.530161,0.155605,0.0601772,0.408454,0.107891,1.0024,1.0024,1.0024,0,0,nan,,,nan,nan,,,,,,,,,,,,,0,1,4.00916,t_pose,0.038172,,0,,nan,
golem_ik,kinematic,golem_ik,nan,,0,b080_d70_e20,80,0.7,0.2,0.52506,0.296099,-0.178398,0.501776,-0.147117,-0.568332,0.434068,1,0,0,0,nan,0.448405,0.326149,0.570661,0.160207,0.060279,0.448405,0.110243,1.0024,1.0024,1.0024,0,0,nan,,,nan,nan,,,,,,,,,,,,,0,1,4.00838,t_pose,0.0441839,,0,,nan,
golem_ik,kinematic,golem_ik,nan,,0,b080_d80_e00,80,0.8,0,0.332565,0.241825,-0.278398,0.301776,-0.147493,-0.668332,0.334068,1,0,0,0,nan,0.471186,0.349101,0.593271,0.199662,0.0650897,0.471186,0.132376,1.0024,1.0024,1.0024,0,0,nan,,,nan,nan,,,,,,,,,,,,,0,1,4.01069,t_pose,0.0333278,,0,,nan,
golem_ik,kinematic,golem_ik,nan,,0,b080_d80_e10,80,0.8,0.1,0.428812,0.268962,-0.278398,0.401776,-0.147305,-0.668332,0.334068,1,0,0,0,nan,0.497822,0.372233,0.62341,0.198903,0.0668033,0.497822,0.132853,1.0024,1.0024,1.0024,0,0,nan,,,nan,nan,,,,,,,,,,,,,0,1,4.00606,t_pose,0.0381577,,0,,nan,
golem_ik,kinematic,golem_ik,nan,,0,b080_d80_e20,80,0.8,0.2,0.52506,0.296099,-0.278398,0.501776,-0.147117,-0.668332,0.334068,1,0,0,0,nan,0.534428,0.407957,0.660898,0.19989,0.0668364,0.534428,0.133363,1.0024,1.0024,1.0024,0,0,nan,,,nan,nan,,,,,,,,,,,,,0,1,4.00778,t_pose,0.0435621,,0,,nan,
golem_ik,kinematic,golem_ik,nan,,0,b080_d90_e00,80,0.9,0,0.332565,0.241825,-0.378398,0.301776,-0.147493,-0.768332,0.234068,1,0,0,0,nan,0.563884,0.437982,0.689787,0.243894,0.0698653,0.563884,0.15688,1.0024,1.0024,1.0024,0,0,nan,,,nan,nan,,,,,,,,,,,,,0,1,4.01109,t_pose,0.034168,,0,,nan,
golem_ik,kinematic,golem_ik,nan,,0,b080_d90_e10,80,0.9,0.1,0.428812,0.268962,-0.378398,0.401776,-0.147305,-0.768332,0.234068,1,0,0,0,nan,0.588571,0.459416,0.717727,0.240409,0.0709911,0.588571,0.1557,1.0024,1.0024,1.0024,0,0,nan,,,nan,nan,,,,,,,,,,,,,0,1,4.00757,t_pose,0.038605,,0,,nan,
golem_ik,kinematic,golem_ik,nan,,0,b080_d90_e20,80,0.9,0.2,0.52506,0.296099,-0.378398,0.501776,-0.147117,-0.768332,0.234068,1,0,0,0,nan,0.622405,0.492185,0.752625,0.239224,0.0701971,0.622405,0.15471,1.0024,1.0024,1.0024,0,0,nan,,,nan,nan,,,,,,,,,,,,,0,1,4.00527,t_pose,0.0434777,,0,,nan,
golem_ik,kinematic,golem_ik,nan,,0,b080_d100_e00,80,1,0,0.332565,0.241825,-0.478398,0.301776,-0.147493,-0.868332,0.134068,1,0,0,0,nan,0.657455,0.527953,0.786958,0.285383,0.0709012,0.657455,0.178142,1.0024,1.0024,1.0024,0,0,nan,,,nan,nan,,,,,,,,,,,,,0,1,4.01097,t_pose,0.0353146,,0,,nan,
golem_ik,kinematic,golem_ik,nan,,0,b080_d100_e10,80,1,0.1,0.428812,0.268962,-0.478398,0.401776,-0.147305,-0.868332,0.134068,1,0,0,0,nan,0.680495,0.548,0.812991,0.280258,0.0717071,0.680495,0.175983,1.0024,1.0024,1.0024,0,0,nan,,,nan,nan,,,,,,,,,,,,,0,1,4.00805,t_pose,0.0395144,,0,,nan,
golem_ik,kinematic,golem_ik,nan,,0,b080_d100_e20,80,1,0.2,0.52506,0.296099,-0.478398,0.501776,-0.147117,-0.868332,0.134068,1,0,0,0,nan,0.711937,0.578335,0.845539,0.277281,0.0718966,0.711937,0.174589,1.0024,1.0024,1.0024,0,0,nan,,,nan,nan,,,,,,,,,,,,,0,1,4.01156,t_pose,0.0436936,,0,,nan,
golem_ik,kinematic,golem_ik,nan,,0,b081_d00_e00,81,0,0,0.157371,0.0918612,-0.061293,0.404178,-0.249202,0.110526,0.941107,0,1,1,1,nan,0.000254559,0.000482683,2.64342e-05,0.00205364,6.10961e-05,0.000254559,0.00105737,1.0024,1.0024,1.0024,0,0,nan,,,nan,nan,,,,,,,,,,,,,0,1,0.0687571,home,0.0298914,,0,,nan,
golem_ik,kinematic,golem_ik,nan,,0,b081_d00_e10,81,0,0.1,0.251547,0.0582304,-0.061293,0.501186,-0.273477,0.110526,0.941107,0,1,1,1,nan,0.032812,0.020105,0.0455189,0.000331777,0.00491918,0.032812,0.00262548,1.0024,1.0024,1.0024,0,0,nan,,,nan,nan,,,,,,,,,,,,,0,1,4.01089,t_pose,0.0199538,,0,,nan,
golem_ik,kinematic,golem_ik,nan,,0,b081_d00_e20,81,0,0.2,0.345722,0.0245996,-0.061293,0.598195,-0.297753,0.110526,0.941107,0,0,0,0,nan,0.104721,0.0767253,0.132717,0.00174772,0.0188052,0.104721,0.0102765,1.0024,1.0024,1.0024,0,0,nan,,,nan,nan,,,,,,,,,,,,,0,1,4.00919,t_pose,0.0241339,,0,,nan,
golem_ik,kinematic,golem_ik,nan,,0,b081_d10_e00,81,0.1,0,0.157371,0.0918612,-0.161293,0.404178,-0.249202,0.0105263,0.841107,1,0,0,1,nan,0.0507385,0.070714,0.0307631,0.00091374,0.000738764,0.0507385,0.000826252,1.0024,1.0024,1.0024,0,0,nan,,,nan,nan,,,,,,,,,,,,,0,1,4.01107,home,0.0181177,,0,,nan,
golem_ik,kinematic,golem_ik,nan,,0,b081_d10_e10,81,0.1,0.1,0.251547,0.0582304,-0.161293,0.501186,-0.273477,0.0105263,0.841107,1,0,0,0,nan,0.105746,0.107708,0.103784,0.00153688,0.00874445,0.105746,0.00514067,1.0024,1.0024,1.0024,0,0,nan,,,nan,nan,,,,,,,,,,,,,0,1,4.00965,t_pose,0.0200709,,0,,nan,
golem_ik,kinematic,golem_ik,nan,,0,b081_d10_e20,81,0.1,0.2,0.345722,0.0245996,-0.161293,0.598195,-0.297753,0.0105263,0.841107,1,0,0,0,nan,0.170461,0.157172,0.183749,0.00311289,0.022915,0.170461,0.013014,1.0024,1.0024,1.0024,0,0,nan,,,nan,nan,,,,,,,,,,,,,0,1,4.00853,t_pose,0.0213677,,0,,nan,
golem_ik,kinematic,golem_ik,nan,,0,b081_d20_e00,81,0.2,0,0.157371,0.0918612,-0.261293,0.404178,-0.249202,-0.0894737,0.741107,1,0,0,0,nan,0.13639,0.166364,0.106415,0.000648808,0.00218469,0.13639,0.00141675,1.0024,1.0024,1.0024,0,0,nan,,,nan,nan,,,,,,,,,,,,,0,1,4.0057,t_pose,0.0197792,,0,,nan,
golem_ik,kinematic,golem_ik,nan,,0,b081_d20_e10,81,0.2,0.1,0.251547,0.0582304,-0.261293,0.501186,-0.273477,-0.0894737,0.741107,1,0,0,0,nan,0.185079,0.19848,0.171678,0.00236853,0.00420329,0.185079,0.00328591,1.0024,1.0024,1.0024,0,0,nan,,,nan,nan,,,,,,,,,,,,,0,1,4.00774,t_pose,0.0203619,,0,,nan,
golem_ik,kinematic,golem_ik,nan,,0,b081_d20_e20,81,0.2,0.2,0.345722,0.0245996,-0.261293,0.598195,-0.297753,-0.0894737,0.741107,1,0,0,0,nan,0.243296,0.242247,0.244345,0.00416308,0.027432,0.243296,0.0157975,1.0024,1.0024,1.0024,0,0,nan,,,nan,nan,,,,,,,,,,,,,0,1,4.00687,t_pose,0.0199957,,0,,nan,
golem_ik,kinematic,golem_ik,nan,,0,b081_d30_e00,81,0.3,0,0.157371,0.0918612,-0.361293,0.404178,-0.249202,-0.189474,0.641107,1,0,0,0,nan,0.225629,0.262882,0.188376,0.00103161,0.0100424,0.225629,0.00553699,1.0024,1.0024,1.0024,0,0,nan,,,nan,nan,,,,,,,,,,,,,0,1,4.00993,t_pose,0.0200123,,0,,nan,
golem_ik,kinematic,golem_ik,nan,,0,b081_d30_e10,81,0.3,0.1,0.251547,0.0582304,-0.361293,0.501186,-0.273477,-0.189474,0.641107,1,0,0,0,nan,0.268957,0.291426,0.246488,0.00287165,0.00529272,0.268957,0.00408219,1.0024,1.0024,1.0024,0,0,nan,,,nan,nan,,,,,,,,,,,,,0,1,4.00366,arms_front_45,0.0221455,,0,,nan,
golem_ik,kinematic,golem_ik,nan,,0,b081_d30_e20,81,0.3,0.2,0.345722,0.0245996,-0.361293,0.598195,-0.297753,-0.189474,0.641107,1,0,0,0,nan,0.321662,0.330582,0.312743,0.00486236,0.00861136,0.321662,0.00673686,1.0024,1.0024,1.0024,0,0,nan,,,nan,nan,,,,,,,,,,,,,0,1,4.01168,t_pose,0.0213258,,0,,nan,
golem_ik,kinematic,golem_ik,nan,,0,b081_d40_e00,81,0.4,0,0.157371,0.0918612,-0.461293,0.404178,-0.249202,-0.289474,0.541107,1,0,0,0,nan,0.317504,0.360206,0.274803,0.00115789,0.0226067,0.317504,0.0118823,1.0024,1.0024,1.0024,0,0,nan,,,nan,nan,,,,,,,,,,,,,0,1,4.01074,t_pose,0.0200103,,0,,nan,
golem_ik,kinematic,golem_ik,nan,,0,b081_d40_e10,81,0.4,0.1,0.251547,0.0582304,-0.461293,0.501186,-0.273477,-0.289474,0.541107,1,0,0,0,nan,0.356201,0.385844,0.326559,0.00314735,0.0121727,0.356201,0.00766004,1.0024,1.0024,1.0024,0,0,nan,,,nan,nan,,,,,,,,,,,,,0,1,4.00978,t_pose,0.0231095,,0,,nan,
golem_ik,kinematic,golem_ik,nan,,0,b081_d40_e20,81,0.4,0.2,0.345722,0.0245996,-0.461293,0.598195,-0.297753,-0.289474,0.541107,1,0,0,0,nan,0.40407,0.421176,0.386963,0.00528319,0.00841755,0.40407,0.00685037,1.0024,1.0024,1.0024,0,0,nan,,,nan,nan,,,,,,,,,,,,,0,1,4.00691,arms_front_45,0.0222359,,0,,nan,
golem_ik,kinematic,golem_ik,nan,,0,b081_d50_e00,81,0.5,0,0.157371,0.0918612,-0.561293,0.404178,-0.249202,-0.389474,0.441107,1,0,0,0,nan,0.411117,0.458101,0.364132,0.00109336,0.036546,0.411117,0.0188197,1.0024,1.0024,1.0024,0,0,nan,,,nan,nan,,,,,,,,,,,,,0,1,4.00701,t_pose,0.0209986,,0,,nan,
golem_ik,kinematic,golem_ik,nan,,0,b081_d50_e10,81,0.5,0.1,0.251547,0.0582304,-0.561293,0.501186,-0.273477,-0.389474,0.441107,1,0,0,0,nan,0.446008,0.48131,0.410707,0.00321058,0.0243843,0.446008,0.0137974,1.0024,1.0024,1.0024,0,0,nan,,,nan,nan,,,,,,,,,,,,,0,1,4.00427,t_pose,0.0231325,,0,,nan,
golem_ik,kinematic,golem_ik,nan,,0,b081_d50_e20,81,0.5,0.2,0.345722,0.0245996,-0.561293,0.598195,-0.297753,-0.389474,0.441107,1,0,0,0,nan,0.489596,0.513476,0.465716,0.00541574,0.0134076,0.489596,0.00941167,1.0024,1.0024,1.0024,0,0,nan,,,nan,nan,,,,,,,,,,,,,0,1,4.01318,t_pose,0.024745,,0,,nan,
golem_ik,kinematic,golem_ik,nan,,0,b081_d60_e00,81,0.6,0,0.157371,0.0918612,-0.661293,0.404178,-0.249202,-0.489474,0.341107,1,0,0,0,nan,0.505929,0.556379,0.45548,0.000848883,0.0506495,0.505929,0.0257492,1.0024,1.0024,1.0024,0,0,nan,,,nan,nan,,,,,,,,,,,,,0,1,4.00581,t_pose,0.0230405,,0,,nan,
golem_ik,kinematic,golem_ik,nan,,0,b081_d60_e10,81,0.6,0.1,0.251547,0.0582304,-0.661293,0.501186,-0.273477,-0.489474,0.341107,1,0,0,0,nan,0.537675,0.577564,0.497786,0.00304308,0.0374173,0.537675,0.0202302,1.0024,1.0024,1.0024,0,0,nan,,,nan,nan,,,,,,,,,,,,,0,1,4.01208,t_pose,0.0237005,,0,,nan,
golem_ik,kinematic,golem_ik,nan,,0,b081_d60_e20,81,0.6,0.2,0.345722,0.0245996,-0.661293,0.598195,-0.297753,-0.489474,0.341107,1,0,0,0,nan,0.577611,0.607054,0.548167,0.00524186,0.024608,0.577611,0.0149249,1.0024,1.0024,1.0024,0,0,nan,,,nan,nan,,,,,,,,,,,,,0,1,4.00984,t_pose,0.0264481,,0,,nan,
golem_ik,kinematic,golem_ik,nan,,0,b081_d70_e00,81,0.7,0,0.157371,0.0918612,-0.761293,0.404178,-0.249202,-0.589474,0.241107,1,0,0,0,nan,0.601624,0.654943,0.548306,0.000573596,0.0642493,0.601624,0.0324115,1.0024,1.0024,1.0024,0,0,nan,,,nan,nan,,,,,,,,,,,,,0,1,4.00818,t_pose,0.025067,,0,,nan,
golem_ik,kinematic,golem_ik,nan,,0,b081_d70_e10,81,0.7,0.1,0.251547,0.0582304,-0.761293,0.501186,-0.273477,-0.589474,0.241107,1,0,0,0,nan,0.630734,0.674423,0.587046,0.00260061,0.0502904,0.630734,0.0264455,1.0024,1.0024,1.0024,0,0,nan,,,nan,nan,,,,,,,,,,,,,0,1,4.00986,t_pose,0.0246531,,0,,nan,
golem_ik,kinematic,golem_ik,nan,,0,b081_d70_e20,81,0.7,0.2,0.345722,0.0245996,-0.761293,0.598195,-0.297753,-0.589474,0.241107,1,0,0,0,nan,0.667545,0.701634,0.633456,0.00476563,0.0366129,0.667545,0.0206892,1.0024,1.0024,1.0024,0,0,nan,,,nan,nan,,,,,,,,,,,,,0,1,4.00911,t_pose,0.0281258,,0,,nan,
golem_ik,kinematic,golem_ik,nan,,0,b081_d80_e00,81,0.8,0,0.157371,0.0918612,-0.861293,0.404178,-0.249202,-0.689474,0.141107,1,0,0,0,nan,0.697997,0.753733,0.642261,0.00128671,0.0769233,0.697997,0.039105,1.0024,1.0024,1.0024,0,0,nan,,,nan,nan,,,,,,,,,,,,,0,1,4.00219,t_pose,0.0270941,,0,,nan,
golem_ik,kinematic,golem_ik,nan,,0,b081_d80_e10,81,0.8,0.1,0.251547,0.0582304,-0.861293,0.501186,-0.273477,-0.689474,0.141107,1,0,0,0,nan,0.724871,0.771762,0.677981,0.00214936,0.0624601,0.724871,0.0323047,1.0024,1.0024,1.0024,0,0,nan,,,nan,nan,,,,,,,,,,,,,0,1,4.00598,t_pose,0.0258889,,0,,nan,
golem_ik,kinematic,golem_ik,nan,,0,b081_d80_e20,81,0.8,0.2,0.345722,0.0245996,-0.861293,0.598195,-0.297753,-0.689474,0.141107,1,0,0,0,nan,0.758989,0.797014,0.720963,0.00412036,0.0481677,0.758989,0.0261441,1.0024,1.0024,1.0024,0,0,nan,,,nan,nan,,,,,,,,,,,,,0,1,4.0068,t_pose,0.0282334,,0,,nan,
golem_ik,kinematic,golem_ik,nan,,0,b081_d90_e00,81,0.9,0,0.157371,0.0918612,-0.961293,0.404178,-0.249202,-0.789474,0.041107,1,0,0,0,nan,0.794913,0.852715,0.737111,0.00299865,0.0883265,0.794913,0.0456626,1.0024,1.0024,1.0024,0,0,nan,,,nan,nan,,,,,,,,,,,,,0,1,4.01125,t_pose,0.029206,,0,,nan,
golem_ik,kinematic,golem_ik,nan,,0,b081_d90_e10,81,0.9,0.1,0.251547,0.0582304,-0.961293,0.501186,-0.273477,-0.789474,0.041107,1,0,0,0,nan,0.81987,0.869497,0.770243,0.0027423,0.0734768,0.81987,0.0381095,1.0024,1.0024,1.0024,0,0,nan,,,nan,nan,,,,,,,,,,,,,0,1,4.00736,t_pose,0.0273962,,0,,nan,
golem_ik,kinematic,golem_ik,nan,,0,b081_d90_e20,81,0.9,0.2,0.345722,0.0245996,-0.961293,0.598195,-0.297753,-0.789474,0.041107,1,0,0,0,nan,0.851648,0.893051,0.810245,0.00396706,0.058728,0.851648,0.0313475,1.0024,1.0024,1.0024,0,0,nan,,,nan,nan,,,,,,,,,,,,,0,1,4.00716,t_pose,0.0286299,,0,,nan,
golem_ik,kinematic,golem_ik,nan,,0,b081_d100_e00,81,1,0,0.157371,0.0918612,-1.06129,0.404178,-0.249202,-0.889474,-0.058893,1,0,0,0,nan,0.89228,0.951866,0.832694,0.00545754,0.0982099,0.89228,0.0518337,1.0024,1.0024,1.0024,0,0,nan,,,nan,nan,,,,,,,,,,,,,0,1,4.01024,t_pose,0.0313935,,0,,nan,
golem_ik,kinematic,golem_ik,nan,,0,b081_d100_e10,81,1,0.1,0.251547,0.0582304,-1.06129,0.501186,-0.273477,-0.889474,-0.058893,1,0,0,0,nan,0.915589,0.967583,0.863594,0.00521438,0.0828201,0.915589,0.0440173,1.0024,1.0024,1.0024,0,0,nan,,,nan,nan,,,,,,,,,,,,,0,1,4.01439,t_pose,0.0292172,,0,,nan,
golem_ik,kinematic,golem_ik,nan,,0,b081_d100_e20,81,1,0.2,0.345722,0.0245996,-1.06129,0.598195,-0.297753,-0.889474,-0.058893,1,0,0,0,nan,0.945328,0.989663,0.900994,0.00566535,0.0674978,0.945328,0.0365816,1.0024,1.0024,1.0024,0,0,nan,,,nan,nan,,,,,,,,,,,,,0,1,4.00866,t_pose,0.029545,,0,,nan,
golem_ik,kinematic,golem_ik,nan,,0,b082_d00_e00,82,0,0,0.306669,0.243686,0.631678,0.450343,-0.201959,0.483024,1.48542,0,1,1,1,nan,6.24037e-06,1.08865e-08,1.24699e-05,3.31616e-09,3.73504e-05,6.24037e-06,1.86769e-05,1.0024,1.0024,1.0024,0,0,nan,,,nan,nan,,,,,,,,,,,,,0,1,1.20069,t_pose,0.0293476,,0,,nan,
golem_ik,kinematic,golem_ik,nan,,0,b082_d00_e10,82,0,0.1,0.402135,0.273455,0.631678,0.549635,-0.213842,0.483024,1.48542,0,1,1,1,nan,0.00275264,0,0.00550528,1.45937e-16,0.00155529,0.00275264,0.000777646,1.0024,1.0024,1.0024,0,0,nan,,,nan,nan,,,,,,,,,,,,,0,1,4.00089,arms_front_45,0.0628305,,0,,nan,
golem_ik,kinematic,golem_ik,nan,,0,b082_d00_e20,82,0,0.2,0.497602,0.303223,0.631678,0.648926,-0.225726,0.483024,1.48542,0,0,1,0,nan,0.0508929,4.05193e-09,0.101786,4.02164e-10,0.0246531,0.0508929,0.0123266,1.0024,1.0024,1.0024,0,0,nan,,,nan,nan,,,,,,,,,,,,,0,1,4.00814,arms_front_45,0.0621369,,0,,nan,
golem_ik,kinematic,golem_ik,nan,,0,b082_d10_e00,82,0.1,0,0.306669,0.243686,0.531678,0.450343,-0.201959,0.383024,1.38542,0,1,1,1,nan,0.000163869,0.000308639,1.90987e-05,0.00011498,8.10286e-05,0.000163869,9.80044e-05,1.0024,1.0024,1.0024,0,0,nan,,,nan,nan,,,,,,,,,,,,,0,1,0.210764,home,0.0465781,,0,,nan,
golem_ik,kinematic,golem_ik,nan,,0,b082_d10_e10,82,0.1,0.1,0.402135,0.273455,0.531678,0.549635,-0.213842,0.383024,1.38542,0,1,1,1,nan,0.000109271,4.52784e-07,0.00021809,2.8086e-07,0.00022846,0.000109271,0.000114371,1.0024,1.0024,1.0024,0,0,nan,,,nan,nan,,,,,,,,,,,,,0,1,0.134362,home,0.0604639,,0,,nan,
golem_ik,kinematic,golem_ik,nan,,0,b082_d10_e20,82,0.1,0.2,0.497602,0.303223,0.531678,0.648926,-0.225726,0.383024,1.38542,0,0,1,0,nan,0.047961,1.24127e-16,0.095922,3.33255e-16,0.0151589,0.047961,0.00757946,1.0024,1.0024,1.0024,0,0,nan,,,nan,nan,,,,,,,,,,,,,0,1,4.00338,arms_front_45,0.063716,,0,,nan,
golem_ik,kinematic,golem_ik,nan,,0,b082_d20_e00,82,0.2,0,0.306669,0.243686,0.431678,0.450343,-0.201959,0.283024,1.28542,0,0,1,0,nan,0.0336408,2.77556e-17,0.0672816,2.96393e-16,0.0207741,0.0336408,0.0103871,1.0024,1.0024,1.0024,0,0,nan,,,nan,nan,,,,,,,,,,,,,0,1,4.00067,current,0.0562187,,0,,nan,
golem_ik,kinematic,golem_ik,nan,,0,b082_d20_e10,82,0.2,0.1,0.402135,0.273455,0.431678,0.549635,-0.213842,0.283024,1.28542,0,1,1,1,nan,0.00560843,5.55112e-17,0.0112169,4.64668e-16,0.000288836,0.00560843,0.000144418,1.0024,1.0024,1.0024,0,0,nan,,,nan,nan,,,,,,,,,,,,,0,1,4.00822,current,0.0625678,,0,,nan,
golem_ik,kinematic,golem_ik,nan,,0,b082_d20_e20,82,0.2,0.2,0.497602,0.303223,0.431678,0.648926,-0.225726,0.283024,1.28542,0,0,1,0,nan,0.0539446,1.94223e-14,0.107889,3.21265e-15,0.00721102,0.0539446,0.00360551,1.0024,1.0024,1.0024,0,0,nan,,,nan,nan,,,,,,,,,,,,,0,1,4.008,t_pose,0.0664938,,0,,nan,
golem_ik,kinematic,golem_ik,nan,,0,b082_d30_e00,82,0.3,0,0.306669,0.243686,0.331678,0.450343,-0.201959,0.183024,1.18542,0,1,1,1,nan,0.00385652,2.77556e-17,0.00771305,9.55229e-17,0.00319819,0.00385652,0.00159909,1.0024,1.0024,1.0024,0,0,nan,,,nan,nan,,,,,,,,,,,,,0,1,4.00045,arms_front_45,0.0406473,,0,,nan,
golem_ik,kinematic,golem_ik,nan,,0,b082_d30_e10,82,0.3,0.1,0.402135,0.273455,0.331678,0.549635,-0.213842,0.183024,1.18542,0,1,1,1,nan,0.0227088,1.11022e-16,0.0454176,2.16509e-16,0.000728731,0.0227088,0.000364366,1.0024,1.0024,1.0024,0,0,nan,,,nan,nan,,,,,,,,,,,,,0,1,4.00866,arms_front_45,0.0551539,,0,,nan,
golem_ik,kinematic,golem_ik,nan,,0,b082_d30_e20,82,0.3,0.2,0.497602,0.303223,0.331678,0.648926,-0.225726,0.183024,1.18542,0,0,1,0,nan,0.0685938,7.10451e-11,0.137188,1.09544e-11,0.00258719,0.0685938,0.0012936,1.0024,1.0024,1.0024,0,0,nan,,,nan,nan,,,,,,,,,,,,,0,1,4.01181,arms_front_45,0.069749,,0,,nan,
golem_ik,kinematic,golem_ik,nan,,0,b082_d40_e00,82,0.4,0,0.306669,0.243686,0.231678,0.450343,-0.201959,0.0830242,1.08542,0,1,1,1,nan,0.0063668,1.14439e-16,0.0127336,1.43438e-16,0.000286819,0.0063668,0.00014341,1.0024,1.0024,1.0024,0,0,nan,,,nan,nan,,,,,,,,,,,,,0,1,4.00447,arms_front_45,0.0419131,,0,,nan,
golem_ik,kinematic,golem_ik,nan,,0,b082_d40_e10,82,0.4,0.1,0.402135,0.273455,0.231678,0.549635,-0.213842,0.0830242,1.08542,0,0,1,0,nan,0.0467491,1.00074e-16,0.0934982,1.87713e-16,0.000933718,0.0467491,0.000466859,1.0024,1.0024,1.0024,0,0,nan,,,nan,nan,,,,,,,,,,,,,0,1,4.00893,arms_front_45,0.0560731,,0,,nan,
golem_ik,kinematic,golem_ik,nan,,0,b082_d40_e20,82,0.4,0.2,0.497602,0.303223,0.231678,0.648926,-0.225726,0.0830242,1.08542,0,0,1,0,nan,0.0901543,0.00108492,0.179224,0.00039683,0.00241788,0.0901543,0.00140736,1.0024,1.0024,1.0024,0,0,nan,,,nan,nan,,,,,,,,,,,,,0,1,4.00947,arms_front_45,0.0643613,,0,,nan,
golem_ik,kinematic,golem_ik,nan,,0,b082_d50_e00,82,0.5,0,0.306669,0.243686,0.131678,0.450343,-0.201959,-0.0169758,0.985424,0,0,1,0,nan,0.0396709,8.32667e-17,0.0793419,1.31075e-16,2.19867e-05,0.0396709,1.09933e-05,1.0024,1.0024,1.0024,0,0,nan,,,nan,nan,,,,,,,,,,,,,0,1,4.01117,arms_front_45,0.0451509,,0,,nan,
golem_ik,kinematic,golem_ik,nan,,0,b082_d50_e10,82,0.5,0.1,0.402135,0.273455,0.131678,0.549635,-0.213842,-0.0169758,0.985424,0,0,1,0,nan,0.0763092,4.47974e-12,0.152618,7.41901e-13,0.000722458,0.0763092,0.000361229,1.0024,1.0024,1.0024,0,0,nan,,,nan,nan,,,,,,,,,,,,,0,1,4.00616,arms_front_45,0.055824,,0,,nan,
golem_ik,kinematic,golem_ik,nan,,0,b082_d50_e20,82,0.5,0.2,0.497602,0.303223,0.131678,0.648926,-0.225726,-0.0169758,0.985424,0,0,1,0,nan,0.133795,0.0357211,0.231869,0.00763759,0.00199859,0.133795,0.00481809,1.0024,1.0024,1.0024,0,0,nan,,,nan,nan,,,,,,,,,,,,,0,1,4.00284,arms_front_45,0.0598364,,0,,nan,
golem_ik,kinematic,golem_ik,nan,,0,b082_d60_e00,82,0.6,0,0.306669,0.243686,0.031678,0.450343,-0.201959,-0.116976,0.885424,1,0,1,0,nan,0.077029,3.3486e-12,0.154058,5.32465e-13,0.000704433,0.077029,0.000352216,1.0024,1.0024,1.0024,0,0,nan,,,nan,nan,,,,,,,,,,,,,0,1,4.00852,arms_front_45,0.0471384,,0,,nan,
golem_ik,kinematic,golem_ik,nan,,0,b082_d60_e10,82,0.6,0.1,0.402135,0.273455,0.031678,0.549635,-0.213842,-0.116976,0.885424,1,0,1,0,nan,0.118471,0.0167031,0.220239,0.000439023,7.85552e-05,0.118471,0.000258789,1.0024,1.0024,1.0024,0,0,nan,,,nan,nan,,,,,,,,,,,,,0,1,4.01465,arms_front_45,0.0522895,,0,,nan,
golem_ik,kinematic,golem_ik,nan,,0,b082_d60_e20,82,0.6,0.2,0.497602,0.303223,0.031678,0.648926,-0.225726,-0.116976,0.885424,1,0,0,0,nan,0.192233,0.0913236,0.293142,0.0156046,0.00128143,0.192233,0.00844303,1.0024,1.0024,1.0024,0,0,nan,,,nan,nan,,,,,,,,,,,,,0,1,4.00437,current,0.0562265,,0,,nan,
golem_ik,kinematic,golem_ik,nan,,0,b082_d70_e00,82,0.7,0,0.306669,0.243686,-0.068322,0.450343,-0.201959,-0.216976,0.785424,1,0,1,0,nan,0.133954,0.033484,0.234424,0.000606312,0.0018487,0.133954,0.00122751,1.0024,1.0024,1.0024,0,0,nan,,,nan,nan,,,,,,,,,,,,,0,1,4.00774,arms_front_45,0.0457043,,0,,nan,
golem_ik,kinematic,golem_ik,nan,,0,b082_d70_e10,82,0.7,0.1,0.402135,0.273455,-0.068322,0.549635,-0.213842,-0.216976,0.785424,1,0,0,0,nan,0.19252,0.0907242,0.294316,0.00202116,0.000942531,0.19252,0.00148185,1.0024,1.0024,1.0024,0,0,nan,,,nan,nan,,,,,,,,,,,,,0,1,4.00866,arms_front_45,0.0495989,,0,,nan,
golem_ik,kinematic,golem_ik,nan,,0,b082_d70_e20,82,0.7,0.2,0.497602,0.303223,-0.068322,0.648926,-0.225726,-0.216976,0.785424,1,0,0,0,nan,0.259366,0.157434,0.361299,0.00818589,0.000277261,0.259366,0.00423157,1.0024,1.0024,1.0024,0,0,nan,,,nan,nan,,,,,,,,,,,,,0,1,4.00868,current,0.053253,,0,,nan,
golem_ik,kinematic,golem_ik,nan,,0,b082_d80_e00,82,0.8,0,0.306669,0.243686,-0.168322,0.450343,-0.201959,-0.316976,0.685424,1,0,0,0,nan,0.219789,0.120706,0.318871,0.00200336,0.00332038,0.219789,0.00266187,1.0024,1.0024,1.0024,0,0,nan,,,nan,nan,,,,,,,,,,,,,0,1,4.00644,arms_front_45,0.0441193,,0,,nan,
golem_ik,kinematic,golem_ik,nan,,0,b082_d80_e10,82,0.8,0.1,0.402135,0.273455,-0.168322,0.549635,-0.213842,-0.316976,0.685424,1,0,0,0,nan,0.272213,0.171134,0.373293,0.00345932,0.00225763,0.272213,0.00285848,1.0024,1.0024,1.0024,0,0,nan,,,nan,nan,,,,,,,,,,,,,0,1,4.00624,arms_front_45,0.0475471,,0,,nan,
golem_ik,kinematic,golem_ik,nan,,0,b082_d80_e20,82,0.8,0.2,0.497602,0.303223,-0.168322,0.648926,-0.225726,-0.316976,0.685424,1,0,0,0,nan,0.333001,0.231092,0.43491,0.00529995,0.000970737,0.333001,0.00313534,1.0024,1.0024,1.0024,0,0,nan,,,nan,nan,,,,,,,,,,,,,0,1,4.00857,arms_front_45,0.0508068,,0,,nan,
golem_ik,kinematic,golem_ik,nan,,0,b082_d90_e00,82,0.9,0,0.306669,0.243686,-0.268322,0.450343,-0.201959,-0.416976,0.585424,1,0,0,0,nan,0.308687,0.211056,0.406318,0.00318284,0.00500457,0.308687,0.00409371,1.0024,1.0024,1.0024,0,0,nan,,,nan,nan,,,,,,,,,,,,,0,1,4.01114,home,0.0430732,,0,,nan,
golem_ik,kinematic,golem_ik,nan,,0,b082_d90_e10,82,0.9,0.1,0.402135,0.273455,-0.268322,0.549635,-0.213842,-0.416976,0.585424,1,0,0,0,nan,0.355954,0.255893,0.456016,0.00468746,0.00378332,0.355954,0.00423539,1.0024,1.0024,1.0024,0,0,nan,,,nan,nan,,,,,,,,,,,,,0,1,4.00768,arms_front_45,0.0459701,,0,,nan,
golem_ik,kinematic,golem_ik,nan,,0,b082_d90_e20,82,0.9,0.2,0.497602,0.303223,-0.268322,0.648926,-0.225726,-0.416976,0.585424,1,0,0,0,nan,0.411427,0.310012,0.512842,0.00647937,0.00241479,0.411427,0.00444708,1.0024,1.0024,1.0024,0,0,nan,,,nan,nan,,,,,,,,,,,,,0,1,4.01273,arms_front_45,0.0489116,,0,,nan,
golem_ik,kinematic,golem_ik,nan,,0,b082_d100_e00,82,1,0,0.306669,0.243686,-0.368322,0.450343,-0.201959,-0.516976,0.485424,1,0,0,0,nan,0.399872,0.303733,0.49601,0.0100703,0.00681473,0.399872,0.0084425,1.0024,1.0024,1.0024,0,0,nan,,,nan,nan,,,,,,,,,,,,,0,1,4.01229,current,0.042206,,0,,nan,
golem_ik,kinematic,golem_ik,nan,,0,b082_d100_e10,82,1,0.1,0.402135,0.273455,-0.368322,0.549635,-0.213842,-0.516976,0.485424,1,0,0,0,nan,0.442706,0.343781,0.541632,0.00569722,0.00545768,0.442706,0.00557745,1.0024,1.0024,1.0024,0,0,nan,,,nan,nan,,,,,,,,,,,,,0,1,4.00569,arms_front_45,0.0447426,,0,,nan,
golem_ik,kinematic,golem_ik,nan,,0,b082_d100_e20,82,1,0.2,0.497602,0.303223,-0.368322,0.648926,-0.225726,-0.516976,0.485424,1,0,0,0,nan,0.493558,0.392906,0.59421,0.00746626,0.00401648,0.493558,0.00574137,1.0024,1.0024,1.0024,0,0,nan,,,nan,nan,,,,,,,,,,,,,0,1,4.00673,arms_front_45,0.0473838,,0,,nan,
golem_ik,kinematic,golem_ik,nan,,0,b083_d00_e00,83,0,0,0.242293,0.57785,0.531333,0.337434,0.00966525,0.11931,1.12171,0,1,1,1,nan,0.000266847,3.14756e-05,0.000502219,1.65209e-05,0.000358567,0.000266847,0.000187544,1.0024,1.0024,1.0024,0,0,nan,,,nan,nan,,,,,,,,,,,,,0,1,1.33627,t_pose,0.048501,,0,,nan,
golem_ik,kinematic,golem_ik,nan,,0,b083_d00_e10,83,0,0.1,0.291402,0.664961,0.531333,0.428026,0.0520102,0.11931,1.12171,0,1,1,1,nan,0.0341825,0.0259123,0.0424527,0.0328514,0.00215088,0.0341825,0.0175011,1.0024,1.0024,1.0024,0,0,nan,,,nan,nan,,,,,,,,,,,,,0,1,4.00499,arms_front_45,0.0396574,,0,,nan,
golem_ik,kinematic,golem_ik,nan,,0,b083_d00_e20,83,0,0.2,0.340511,0.752072,0.531333,0.518618,0.0943552,0.11931,1.12171,0,0,0,0,nan,0.118802,0.109349,0.128255,0.0502372,0.0127308,0.118802,0.031484,1.0024,1.0024,1.0024,0,0,nan,,,nan,nan,,,,,,,,,,,,,0,1,4.01126,arms_front_45,0.0427386,,0,,nan,
golem_ik,kinematic,golem_ik,nan,,0,b083_d10_e00,83,0.1,0,0.242293,0.57785,0.431333,0.337434,0.00966525,0.0193098,1.02171,0,1,1,1,nan,0.0130656,0,0.0261313,7.12829e-17,0.000427527,0.0130656,0.000213763,1.0024,1.0024,1.0024,0,0,nan,,,nan,nan,,,,,,,,,,,,,0,1,4.01127,t_pose,0.0287055,,0,,nan,
golem_ik,kinematic,golem_ik,nan,,0,b083_d10_e10,83,0.1,0.1,0.291402,0.664961,0.431333,0.428026,0.0520102,0.0193098,1.02171,0,0,1,0,nan,0.0561368,0.0134575,0.0988161,0.0051295,0.0021312,0.0561368,0.00363035,1.0024,1.0024,1.0024,0,0,nan,,,nan,nan,,,,,,,,,,,,,0,1,4.00697,t_pose,0.0342727,,0,,nan,
golem_ik,kinematic,golem_ik,nan,,0,b083_d10_e20,83,0.1,0.2,0.340511,0.752072,0.431333,0.518618,0.0943552,0.0193098,1.02171,0,0,0,0,nan,0.142421,0.107095,0.177748,0.0351693,0.00591912,0.142421,0.0205442,1.0024,1.0024,1.0024,0,0,nan,,,nan,nan,,,,,,,,,,,,,0,1,4.01028,t_pose,0.0380276,,0,,nan,
golem_ik,kinematic,golem_ik,nan,,0,b083_d20_e00,83,0.2,0,0.242293,0.57785,0.331333,0.337434,0.00966525,-0.0806902,0.92171,0,0,1,0,nan,0.049438,6.20634e-17,0.0988761,1.94647e-16,0.00106157,0.049438,0.000530784,1.0024,1.0024,1.0024,0,0,nan,,,nan,nan,,,,,,,,,,,,,0,1,4.0056,t_pose,0.0239886,,0,,nan,
golem_ik,kinematic,golem_ik,nan,,0,b083_d20_e10,83,0.2,0.1,0.291402,0.664961,0.331333,0.428026,0.0520102,-0.0806902,0.92171,0,0,1,0,nan,0.106654,0.0485457,0.164762,0.0234818,0.00267574,0.106654,0.0130788,1.0024,1.0024,1.0024,0,0,nan,,,nan,nan,,,,,,,,,,,,,0,1,4.0109,t_pose,0.028578,,0,,nan,
golem_ik,kinematic,golem_ik,nan,,0,b083_d20_e20,83,0.2,0.2,0.340511,0.752072,0.331333,0.518618,0.0943552,-0.0806902,0.92171,0,0,0,0,nan,0.18545,0.133333,0.237567,0.0557963,0.00487871,0.18545,0.0303375,1.0024,1.0024,1.0024,0,0,nan,,,nan,nan,,,,,,,,,,,,,0,1,4.00981,t_pose,0.0330193,,0,,nan,
golem_ik,kinematic,golem_ik,nan,,0,b083_d30_e00,83,0.3,0,0.242293,0.57785,0.231333,0.337434,0.00966525,-0.18069,0.82171,1,0,1,0,nan,0.107755,0.0367002,0.178811,0.0219443,0.00106871,0.107755,0.0115065,1.0024,1.0024,1.0024,0,0,nan,,,nan,nan,,,,,,,,,,,,,0,1,4.0111,t_pose,0.0209083,,0,,nan,
golem_ik,kinematic,golem_ik,nan,,0,b083_d30_e10,83,0.3,0.1,0.291402,0.664961,0.231333,0.428026,0.0520102,-0.18069,0.82171,1,0,0,0,nan,0.169122,0.100153,0.238092,0.0541818,0.00274651,0.169122,0.0284642,1.0024,1.0024,1.0024,0,0,nan,,,nan,nan,,,,,,,,,,,,,0,1,4.00911,t_pose,0.024664,,0,,nan,
golem_ik,kinematic,golem_ik,nan,,0,b083_d30_e20,83,0.3,0.2,0.340511,0.752072,0.231333,0.518618,0.0943552,-0.18069,0.82171,1,0,0,0,nan,0.240035,0.175218,0.304852,0.0840595,0.00487307,0.240035,0.0444663,1.0024,1.0024,1.0024,0,0,nan,,,nan,nan,,,,,,,,,,,,,0,1,4.0064,t_pose,0.0285732,,0,,nan,
golem_ik,kinematic,golem_ik,nan,,0,b083_d40_e00,83,0.4,0,0.242293,0.57785,0.131333,0.337434,0.00966525,-0.28069,0.72171,1,0,0,0,nan,0.186367,0.108992,0.263742,0.0666664,0.000517885,0.186367,0.0335921,1.0024,1.0024,1.0024,0,0,nan,,,nan,nan,,,,,,,,,,,,,0,1,4.0076,t_pose,0.0199558,,0,,nan,
golem_ik,kinematic,golem_ik,nan,,0,b083_d40_e10,83,0.4,0.1,0.291402,0.664961,0.131333,0.428026,0.0520102,-0.28069,0.72171,1,0,0,0,nan,0.239844,0.162687,0.317001,0.0927021,0.00237985,0.239844,0.047541,1.0024,1.0024,1.0024,0,0,nan,,,nan,nan,,,,,,,,,,,,,0,1,4.00759,t_pose,0.0220598,,0,,nan,
golem_ik,kinematic,golem_ik,nan,,0,b083_d40_e20,83,0.4,0.2,0.340511,0.752072,0.131333,0.518618,0.0943552,-0.28069,0.72171,1,0,0,0,nan,0.303467,0.228821,0.378113,0.118387,0.00452286,0.303467,0.0614547,1.0024,1.0024,1.0024,0,0,nan,,,nan,nan,,,,,,,,,,,,,0,1,4.00912,t_pose,0.0253499,,0,,nan,
golem_ik,kinematic,golem_ik,nan,,0,b083_d50_e00,83,0.5,0,0.242293,0.57785,0.0313327,0.337434,0.00966525,-0.38069,0.62171,1,0,0,0,nan,0.269224,0.186418,0.35203,0.114578,0.000371362,0.269224,0.0574746,1.0024,1.0024,1.0024,0,0,nan,,,nan,nan,,,,,,,,,,,,,0,1,4.01083,t_pose,0.0200052,,0,,nan,
golem_ik,kinematic,golem_ik,nan,,0,b083_d50_e10,83,0.5,0.1,0.291402,0.664961,0.0313327,0.428026,0.0520102,-0.38069,0.62171,1,0,0,0,nan,0.316305,0.2325,0.400109,0.135432,0.00165468,0.316305,0.0685433,1.0024,1.0024,1.0024,0,0,nan,,,nan,nan,,,,,,,,,,,,,0,1,4.00952,t_pose,0.0202905,,0,,nan,
golem_ik,kinematic,golem_ik,nan,,0,b083_d50_e20,83,0.5,0.2,0.340511,0.752072,0.0313327,0.518618,0.0943552,-0.38069,0.62171,1,0,0,0,nan,0.373554,0.291003,0.456106,0.156666,0.00386543,0.373554,0.0802656,1.0024,1.0024,1.0024,0,0,nan,,,nan,nan,,,,,,,,,,,,,0,1,4.00883,t_pose,0.0230079,,0,,nan,
golem_ik,kinematic,golem_ik,nan,,0,b083_d60_e00,83,0.6,0,0.242293,0.57785,-0.0686673,0.337434,0.00966525,-0.48069,0.52171,1,0,0,0,nan,0.35488,0.267115,0.442645,0.163522,0.00148174,0.35488,0.0825017,1.0024,1.0024,1.0024,0,0,nan,,,nan,nan,,,,,,,,,,,,,0,1,4.01134,t_pose,0.0200314,,0,,nan,
golem_ik,kinematic,golem_ik,nan,,0,b083_d60_e10,83,0.6,0.1,0.291402,0.664961,-0.0686673,0.428026,0.0520102,-0.48069,0.52171,1,0,0,0,nan,0.396881,0.307317,0.486445,0.180035,0.000684677,0.396881,0.09036,1.0024,1.0024,1.0024,0,0,nan,,,nan,nan,,,,,,,,,,,,,0,1,4.01142,t_pose,0.0199161,,0,,nan,
golem_ik,kinematic,golem_ik,nan,,0,b083_d60_e20,83,0.6,0.2,0.340511,0.752072,-0.0686673,0.518618,0.0943552,-0.48069,0.52171,1,0,0,0,nan,0.448664,0.359494,0.537835,0.197067,0.00293852,0.448664,0.100003,1.0024,1.0024,1.0024,0,0,nan,,,nan,nan,,,,,,,,,,,,,0,1,4.00927,t_pose,0.0212839,,0,,nan,
golem_ik,kinematic,golem_ik,nan,,0,b083_d70_e00,83,0.7,0,0.242293,0.57785,-0.168667,0.337434,0.00966525,-0.58069,0.42171,1,0,0,0,nan,0.442544,0.350078,0.535009,0.212234,0.00286881,0.442544,0.107551,1.0024,1.0024,1.0024,0,0,nan,,,nan,nan,,,,,,,,,,,,,0,1,4.01116,t_pose,0.0199868,,0,,nan,
golem_ik,kinematic,golem_ik,nan,,0,b083_d70_e10,83,0.7,0.1,0.291402,0.664961,-0.168667,0.428026,0.0520102,-0.58069,0.42171,1,0,0,0,nan,0.480436,0.385732,0.575139,0.22499,0.000672938,0.480436,0.112832,1.0024,1.0024,1.0024,0,0,nan,,,nan,nan,,,,,,,,,,,,,0,1,4.01028,t_pose,0.0200116,,0,,nan,
golem_ik,kinematic,golem_ik,nan,,0,b083_d70_e20,83,0.7,0.2,0.340511,0.752072,-0.168667,0.518618,0.0943552,-0.58069,0.42171,1,0,0,0,nan,0.527619,0.43272,0.622518,0.238196,0.00169544,0.527619,0.119945,1.0024,1.0024,1.0024,0,0,nan,,,nan,nan,,,,,,,,,,,,,0,1,4.01424,t_pose,0.0200005,,0,,nan,
golem_ik,kinematic,golem_ik,nan,,0,b083_d80_e00,83,0.8,0,0.242293,0.57785,-0.268667,0.337434,0.00966525,-0.68069,0.32171,1,0,0,0,nan,0.531715,0.434767,0.628662,0.259822,0.0047504,0.531715,0.132286,1.0024,1.0024,1.0024,0,0,nan,,,nan,nan,,,,,,,,,,,,,0,1,4.00646,t_pose,0.019997,,0,,nan,
golem_ik,kinematic,golem_ik,nan,,0,b083_d80_e10,83,0.8,0.1,0.291402,0.664961,-0.268667,0.428026,0.0520102,-0.68069,0.32171,1,0,0,0,nan,0.566261,0.466869,0.665653,0.269251,0.00299601,0.566261,0.136124,1.0024,1.0024,1.0024,0,0,nan,,,nan,nan,,,,,,,,,,,,,0,1,4.01163,t_pose,0.0204016,,0,,nan,
golem_ik,kinematic,golem_ik,nan,,0,b083_d80_e20,83,0.8,0.2,0.340511,0.752072,-0.268667,0.518618,0.0943552,-0.68069,0.32171,1,0,0,0,nan,0.609593,0.509597,0.70959,0.279045,0.00245181,0.609593,0.140748,1.0024,1.0024,1.0024,0,0,nan,,,nan,nan,,,,,,,,,,,,,0,1,4.00832,t_pose,0.019983,,0,,nan,
golem_ik,kinematic,golem_ik,nan,,0,b083_d90_e00,83,0.9,0,0.242293,0.57785,-0.368667,0.337434,0.00966525,-0.78069,0.22171,1,0,0,0,nan,0.622095,0.520881,0.72331,0.30562,0.00766779,0.622095,0.156644,1.0024,1.0024,1.0024,0,0,nan,,,nan,nan,,,,,,,,,,,,,0,1,4.01237,t_pose,0.0206913,,0,,nan,
golem_ik,kinematic,golem_ik,nan,,0,b083_d90_e10,83,0.9,0.1,0.291402,0.664961,-0.368667,0.428026,0.0520102,-0.78069,0.22171,1,0,0,0,nan,0.653901,0.550161,0.757641,0.312138,0.00624644,0.653901,0.159192,1.0024,1.0024,1.0024,0,0,nan,,,nan,nan,,,,,,,,,,,,,0,1,4.00761,t_pose,0.0232798,,0,,nan,
golem_ik,kinematic,golem_ik,nan,,0,b083_d90_e20,83,0.9,0.2,0.340511,0.752072,-0.368667,0.518618,0.0943552,-0.78069,0.22171,1,0,0,0,nan,0.693979,0.589332,0.798626,0.319097,0.00649648,0.693979,0.162797,1.0024,1.0024,1.0024,0,0,nan,,,nan,nan,,,,,,,,,,,,,0,1,4.00755,t_pose,0.0221498,,0,,nan,
golem_ik,kinematic,golem_ik,nan,,0,b083_d100_e00,83,1,0,0.242293,0.57785,-0.468667,0.337434,0.00966525,-0.88069,0.12171,1,0,0,0,nan,0.713526,0.608208,0.818844,0.349309,0.0123331,0.713526,0.180821,1.0024,1.0024,1.0024,0,0,nan,,,nan,nan,,,,,,,,,,,,,0,1,4.00863,t_pose,0.0237614,,0,,nan,
golem_ik,kinematic,golem_ik,nan,,0,b083_d100_e10,83,1,0.1,0.291402,0.664961,-0.468667,0.428026,0.0520102,-0.88069,0.12171,1,0,0,0,nan,0.743033,0.635195,0.850872,0.353364,0.0113308,0.743033,0.182347,1.0024,1.0024,1.0024,0,0,nan,,,nan,nan,,,,,,,,,,,,,0,1,4.01215,t_pose,0.0267359,,0,,nan,
golem_ik,kinematic,golem_ik,nan,,0,b083_d100_e20,83,1,0.2,0.340511,0.752072,-0.468667,0.518618,0.0943552,-0.88069,0.12171,1,0,0,0,nan,0.780323,0.671405,0.889242,0.357827,0.0114796,0.780323,0.184653,1.0024,1.0024,1.0024,0,0,nan,,,nan,nan,,,,,,,,,,,,,0,1,4.01051,t_pose,0.0252356,,0,,nan,
golem_ik,kinematic,golem_ik,nan,,0,b084_d00_e00,84,0,0,0.17743,0.420395,0.165405,0.293661,-0.244861,0.853066,1.16781,0,1,1,1,nan,0.000238185,0.000475871,4.99769e-07,0.000463431,7.03659e-08,0.000238185,0.000231751,1.0024,1.0024,1.0024,0,0,nan,,,nan,nan,,,,,,,,,,,,,0,1,0.128509,home,0.0433605,,0,,nan,
golem_ik,kinematic,golem_ik,nan,,0,b084_d00_e10,84,0,0.1,0.232018,0.504182,0.165405,0.388634,-0.276168,0.853066,1.16781,0,1,1,1,nan,0.00554776,0,0.0110955,7.30872e-17,0.00284096,0.00554776,0.00142048,1.0024,1.0024,1.0024,0,0,nan,,,nan,nan,,,,,,,,,,,,,0,1,4.0128,current,0.0500873,,0,,nan,
golem_ik,kinematic,golem_ik,nan,,0,b084_d00_e20,84,0,0.2,0.286606,0.587968,0.165405,0.483608,-0.307474,0.853066,1.16781,0,0,1,0,nan,0.0418822,2.7125e-09,0.0837644,2.1338e-10,0.00163608,0.0418822,0.000818038,1.0024,1.0024,1.0024,0,0,nan,,,nan,nan,,,,,,,,,,,,,0,1,4.01097,current,0.054456,,0,,nan,
golem_ik,kinematic,golem_ik,nan,,0,b084_d10_e00,84,0.1,0,0.17743,0.420395,0.0654052,0.293661,-0.244861,0.753066,1.06781,0,1,1,1,nan,2.37855e-06,8.63743e-07,3.89335e-06,1.93459e-07,3.5647e-06,2.37855e-06,1.87908e-06,1.0024,1.0024,1.0024,0,0,nan,,,nan,nan,,,,,,,,,,,,,0,1,0.102427,home,0.0506001,,0,,nan,
golem_ik,kinematic,golem_ik,nan,,0,b084_d10_e10,84,0.1,0.1,0.232018,0.504182,0.0654052,0.388634,-0.276168,0.753066,1.06781,0,1,1,1,nan,0.000289927,0.00040143,0.000178424,9.54797e-05,0.00016237,0.000289927,0.000128925,1.0024,1.0024,1.0024,0,0,nan,,,nan,nan,,,,,,,,,,,,,0,1,0.112689,home,0.0578134,,0,,nan,
golem_ik,kinematic,golem_ik,nan,,0,b084_d10_e20,84,0.1,0.2,0.286606,0.587968,0.0654052,0.483608,-0.307474,0.753066,1.06781,0,1,1,1,nan,0.0361903,0.0470089,0.0253717,0.00274072,0.000632023,0.0361903,0.00168637,1.0024,1.0024,1.0024,0,0,nan,,,nan,nan,,,,,,,,,,,,,0,1,4.01078,home,0.0581616,,0,,nan,
golem_ik,kinematic,golem_ik,nan,,0,b084_d20_e00,84,0.2,0,0.17743,0.420395,-0.0345948,0.293661,-0.244861,0.653066,0.967805,0,1,1,1,nan,0.00392286,0.00784572,0,0.00245835,1.59317e-16,0.00392286,0.00122918,1.0024,1.0024,1.0024,0,0,nan,,,nan,nan,,,,,,,,,,,,,0,1,4.00058,home,0.0606215,,0,,nan,
golem_ik,kinematic,golem_ik,nan,,0,b084_d20_e10,84,0.2,0.1,0.232018,0.504182,-0.0345948,0.388634,-0.276168,0.653066,0.967805,0,0,0,1,nan,0.0272033,0.0544066,1.24127e-16,0.0116024,4.23524e-16,0.0272033,0.00580121,1.0024,1.0024,1.0024,0,0,nan,,,nan,nan,,,,,,,,,,,,,0,1,4.01127,current,0.0680892,,0,,nan,
golem_ik,kinematic,golem_ik,nan,,0,b084_d20_e20,84,0.2,0.2,0.286606,0.587968,-0.0345948,0.483608,-0.307474,0.653066,0.967805,0,0,0,1,nan,0.0578912,0.115782,1.4782e-09,0.01487,1.61716e-10,0.0578912,0.00743501,1.0024,1.0024,1.0024,0,0,nan,,,nan,nan,,,,,,,,,,,,,0,1,4.01021,current,0.0672141,,0,,nan,
golem_ik,kinematic,golem_ik,nan,,0,b084_d30_e00,84,0.3,0,0.17743,0.420395,-0.134595,0.293661,-0.244861,0.553066,0.867805,1,0,0,1,nan,0.0485957,0.0971915,0,0.0299694,3.20806e-16,0.0485957,0.0149847,1.0024,1.0024,1.0024,0,0,nan,,,nan,nan,,,,,,,,,,,,,0,1,4.00731,arms_front_45,0.0664921,,0,,nan,
golem_ik,kinematic,golem_ik,nan,,0,b084_d30_e10,84,0.3,0.1,0.232018,0.504182,-0.134595,0.388634,-0.276168,0.553066,0.867805,1,0,0,1,nan,0.0691502,0.1383,0,0.0326559,3.93308e-16,0.0691502,0.016328,1.0024,1.0024,1.0024,0,0,nan,,,nan,nan,,,,,,,,,,,,,0,1,4.00783,current,0.0744118,,0,,nan,
golem_ik,kinematic,golem_ik,nan,,0,b084_d30_e20,84,0.3,0.2,0.286606,0.587968,-0.134595,0.483608,-0.307474,0.553066,0.867805,1,0,0,1,nan,0.0961243,0.192248,2.57852e-08,0.032293,4.24346e-09,0.0961243,0.0161465,1.0024,1.0024,1.0024,0,0,nan,,,nan,nan,,,,,,,,,,,,,0,1,4.00958,current,0.0766523,,0,,nan,
golem_ik,kinematic,golem_ik,nan,,0,b084_d40_e00,84,0.4,0,0.17743,0.420395,-0.234595,0.293661,-0.244861,0.453066,0.767805,1,0,0,1,nan,0.094201,0.188402,6.20634e-17,0.0559738,2.60749e-16,0.094201,0.0279869,1.0024,1.0024,1.0024,0,0,nan,,,nan,nan,,,,,,,,,,,,,0,1,4.01006,arms_front_45,0.0601387,,0,,nan,
golem_ik,kinematic,golem_ik,nan,,0,b084_d40_e10,84,0.4,0.1,0.232018,0.504182,-0.234595,0.388634,-0.276168,0.453066,0.767805,1,0,0,1,nan,0.112697,0.225395,1.19874e-13,0.054837,3.49706e-14,0.112697,0.0274185,1.0024,1.0024,1.0024,0,0,nan,,,nan,nan,,,,,,,,,,,,,0,1,4.00946,arms_front_45,0.0670859,,0,,nan,
golem_ik,kinematic,golem_ik,nan,,0,b084_d40_e20,84,0.4,0.2,0.286606,0.587968,-0.234595,0.483608,-0.307474,0.453066,0.767805,1,0,0,1,nan,0.136837,0.273664,8.90484e-06,0.0517344,1.69975e-06,0.136837,0.0258681,1.0024,1.0024,1.0024,0,0,nan,,,nan,nan,,,,,,,,,,,,,0,1,4.00865,arms_front_45,0.0771205,,0,,nan,
golem_ik,kinematic,golem_ik,nan,,0,b084_d50_e00,84,0.5,0,0.17743,0.420395,-0.334595,0.293661,-0.244861,0.353066,0.667805,1,0,0,1,nan,0.140552,0.281103,8.75175e-10,0.0796597,3.15973e-10,0.140552,0.0398299,1.0024,1.0024,1.0024,0,0,nan,,,nan,nan,,,,,,,,,,,,,0,1,4.0085,arms_front_45,0.0547229,,0,,nan,
golem_ik,kinematic,golem_ik,nan,,0,b084_d50_e10,84,0.5,0.1,0.232018,0.504182,-0.334595,0.388634,-0.276168,0.353066,0.667805,1,0,0,1,nan,0.157389,0.314778,1.62495e-07,0.0762841,4.68637e-08,0.157389,0.0381421,1.0024,1.0024,1.0024,0,0,nan,,,nan,nan,,,,,,,,,,,,,0,1,4.00435,arms_front_45,0.0619925,,0,,nan,
golem_ik,kinematic,golem_ik,nan,,0,b084_d50_e20,84,0.5,0.2,0.286606,0.587968,-0.334595,0.483608,-0.307474,0.353066,0.667805,1,0,0,1,nan,0.180913,0.358526,0.00330118,0.071337,0.00164282,0.180913,0.0364899,1.0024,1.0024,1.0024,0,0,nan,,,nan,nan,,,,,,,,,,,,,0,1,4.00861,current,0.0731479,,0,,nan,
golem_ik,kinematic,golem_ik,nan,,0,b084_d60_e00,84,0.6,0,0.17743,0.420395,-0.434595,0.293661,-0.244861,0.253066,0.567805,1,0,0,1,nan,0.187508,0.375013,3.53188e-06,0.100879,1.20169e-06,0.187508,0.05044,1.0024,1.0024,1.0024,0,0,nan,,,nan,nan,,,,,,,,,,,,,0,1,4.0095,arms_front_45,0.05475,,0,,nan,
golem_ik,kinematic,golem_ik,nan,,0,b084_d60_e10,84,0.6,0.1,0.232018,0.504182,-0.434595,0.388634,-0.276168,0.253066,0.567805,1,0,0,1,nan,0.203014,0.405908,0.00012057,0.0962366,3.15693e-05,0.203014,0.0481341,1.0024,1.0024,1.0024,0,0,nan,,,nan,nan,,,,,,,,,,,,,0,1,4.01023,current,0.0641557,,0,,nan,
golem_ik,kinematic,golem_ik,nan,,0,b084_d60_e20,84,0.6,0.2,0.286606,0.587968,-0.434595,0.483608,-0.307474,0.253066,0.567805,1,0,0,1,nan,0.235957,0.445933,0.0259804,0.0901259,0.0128047,0.235957,0.0514653,1.0024,1.0024,1.0024,0,0,nan,,,nan,nan,,,,,,,,,,,,,0,1,4.01426,current,0.0698172,,0,,nan,
golem_ik,kinematic,golem_ik,nan,,0,b084_d70_e00,84,0.7,0,0.17743,0.420395,-0.534595,0.293661,-0.244861,0.153066,0.467805,1,0,0,1,nan,0.23514,0.469906,0.000373886,0.119771,0.0001081,0.23514,0.0599395,1.0024,1.0024,1.0024,0,0,nan,,,nan,nan,,,,,,,,,,,,,0,1,4.01222,current,0.0564245,,0,,nan,
golem_ik,kinematic,golem_ik,nan,,0,b084_d70_e10,84,0.7,0.1,0.232018,0.504182,-0.534595,0.388634,-0.276168,0.153066,0.467805,1,0,0,1,nan,0.255191,0.498418,0.0119643,0.114433,0.00608513,0.255191,0.060259,1.0024,1.0024,1.0024,0,0,nan,,,nan,nan,,,,,,,,,,,,,0,1,4.01422,current,0.0616578,,0,,nan,
golem_ik,kinematic,golem_ik,nan,,0,b084_d70_e20,84,0.7,0.2,0.286606,0.587968,-0.534595,0.483608,-0.307474,0.153066,0.467805,1,0,0,0,nan,0.301864,0.535302,0.0684265,0.107639,0.0335691,0.301864,0.070604,1.0024,1.0024,1.0024,0,0,nan,,,nan,nan,,,,,,,,,,,,,0,1,4.01236,current,0.0669463,,0,,nan,
golem_ik,kinematic,golem_ik,nan,,0,b084_d80_e00,84,0.8,0,0.17743,0.420395,-0.634595,0.293661,-0.244861,0.0530656,0.367805,1,0,0,0,nan,0.308598,0.565603,0.0515929,0.136589,0.0316244,0.308598,0.0841067,1.0024,1.0024,1.0024,0,0,nan,,,nan,nan,,,,,,,,,,,,,0,1,4.01161,arms_front_45,0.0544676,,0,,nan,
golem_ik,kinematic,golem_ik,nan,,0,b084_d80_e10,84,0.8,0.1,0.232018,0.504182,-0.634595,0.388634,-0.276168,0.0530656,0.367805,1,0,0,0,nan,0.338084,0.592041,0.0841267,0.130882,0.0478586,0.338084,0.0893701,1.0024,1.0024,1.0024,0,0,nan,,,nan,nan,,,,,,,,,,,,,0,1,4.00748,arms_front_45,0.059425,,0,,nan,
golem_ik,kinematic,golem_ik,nan,,0,b084_d80_e20,84,0.8,0.2,0.286606,0.587968,-0.634595,0.483608,-0.307474,0.0530656,0.367805,1,0,0,0,nan,0.380555,0.626228,0.134882,0.123692,0.0688311,0.380555,0.0962617,1.0024,1.0024,1.0024,0,0,nan,,,nan,nan,,,,,,,,,,,,,0,1,4.00492,current,0.0644326,,0,,nan,
golem_ik,kinematic,golem_ik,nan,,0,b084_d90_e00,84,0.9,0,0.17743,0.420395,-0.734595,0.293661,-0.244861,-0.0469344,0.267805,1,0,0,0,nan,0.399423,0.661956,0.13689,0.151587,0.083073,0.399423,0.11733,1.0024,1.0024,1.0024,0,0,nan,,,nan,nan,,,,,,,,,,,,,0,1,4.00668,arms_front_45,0.0527054,,0,,nan,
golem_ik,kinematic,golem_ik,nan,,0,b084_d90_e10,84,0.9,0.1,0.232018,0.504182,-0.734595,0.388634,-0.276168,-0.0469344,0.267805,1,0,0,0,nan,0.425544,0.68657,0.164518,0.145603,0.0935696,0.425544,0.119586,1.0024,1.0024,1.0024,0,0,nan,,,nan,nan,,,,,,,,,,,,,0,1,4.00608,current,0.0574776,,0,,nan,
golem_ik,kinematic,golem_ik,nan,,0,b084_d90_e20,84,0.9,0.2,0.286606,0.587968,-0.734595,0.483608,-0.307474,-0.0469344,0.267805,1,0,0,0,nan,0.46341,0.718408,0.208413,0.138195,0.108068,0.46341,0.123132,1.0024,1.0024,1.0024,0,0,nan,,,nan,nan,,,,,,,,,,,,,0,1,4.00883,current,0.0622465,,0,,nan,
golem_ik,kinematic,golem_ik,nan,,0,b084_d100_e00,84,1,0,0.17743,0.420395,-0.834595,0.293661,-0.244861,-0.146934,0.167805,1,0,0,0,nan,0.491208,0.75884,0.223576,0.164863,0.133504,0.491208,0.149184,1.0024,1.0024,1.0024,0,0,nan,,,nan,nan,,,,,,,,,,,,,0,1,4.01108,arms_front_45,0.051146,,0,,nan,
golem_ik,kinematic,golem_ik,nan,,0,b084_d100_e10,84,1,0.1,0.232018,0.504182,-0.834595,0.388634,-0.276168,-0.146934,0.167805,1,0,0,0,nan,0.51486,0.781847,0.247873,0.158743,0.139466,0.51486,0.149105,1.0024,1.0024,1.0024,0,0,nan,,,nan,nan,,,,,,,,,,,,,0,1,4.00931,arms_front_45,0.0557412,,0,,nan,
golem_ik,kinematic,golem_ik,nan,,0,b084_d100_e20,84,1,0.2,0.286606,0.587968,-0.834595,0.483608,-0.307474,-0.146934,0.167805,1,0,0,0,nan,0.54914,0.811624,0.286657,0.151274,0.148653,0.54914,0.149963,1.0024,1.0024,1.0024,0,0,nan,,,nan,nan,,,,,,,,,,,,,0,1,4.01043,arms_front_45,0.060273,,0,,nan,
golem_ik,kinematic,golem_ik,nan,,0,b085_d00_e00,85,0,0,0.246057,0.348495,0.725708,0.422548,-0.516101,0.280081,1.28248,0,1,1,1,nan,2.56051e-05,9.71265e-08,5.1113e-05,5.50306e-08,3.68243e-05,2.56051e-05,1.84397e-05,1.0024,1.0024,1.0024,0,0,nan,,,nan,nan,,,,,,,,,,,,,0,1,0.142855,home,0.0928079,,0,,nan,
golem_ik,kinematic,golem_ik,nan,,0,b085_d00_e10,85,0,0.1,0.323589,0.411652,0.725708,0.497955,-0.581781,0.280081,1.28248,0,0,1,0,nan,0.0416756,1.24127e-16,0.0833511,1.89644e-16,0.00192508,0.0416756,0.000962538,1.0024,1.0024,1.0024,0,0,nan,,,nan,nan,,,,,,,,,,,,,0,1,4.01054,arms_front_45,0.0923352,,0,,nan,
golem_ik,kinematic,golem_ik,nan,,0,b085_d00_e20,85,0,0.2,0.401121,0.474809,0.725708,0.573362,-0.647461,0.280081,1.28248,0,0,1,0,nan,0.0917425,0.00274386,0.180741,8.36614e-05,0.0044043,0.0917425,0.00224398,1.0024,1.0024,1.0024,0,0,nan,,,nan,nan,,,,,,,,,,,,,0,1,4.00705,arms_front_45,0.0800654,,0,,nan,
golem_ik,kinematic,golem_ik,nan,,0,b085_d10_e00,85,0.1,0,0.246057,0.348495,0.625708,0.422548,-0.516101,0.180081,1.18248,0,1,1,1,nan,0.0114496,2.77556e-17,0.0228993,2.6318e-16,0.000316921,0.0114496,0.000158461,1.0024,1.0024,1.0024,0,0,nan,,,nan,nan,,,,,,,,,,,,,0,1,4.0106,arms_front_45,0.0959886,,0,,nan,
golem_ik,kinematic,golem_ik,nan,,0,b085_d10_e10,85,0.1,0.1,0.323589,0.411652,0.625708,0.497955,-0.581781,0.180081,1.18248,0,0,1,0,nan,0.0570502,0,0.1141,3.56813e-16,0.00193251,0.0570502,0.000966253,1.0024,1.0024,1.0024,0,0,nan,,,nan,nan,,,,,,,,,,,,,0,1,4.01073,arms_front_45,0.100771,,0,,nan,
golem_ik,kinematic,golem_ik,nan,,0,b085_d10_e20,85,0.1,0.2,0.401121,0.474809,0.625708,0.573362,-0.647461,0.180081,1.18248,0,0,1,0,nan,0.103768,6.06821e-07,0.207535,8.04151e-08,0.00395826,0.103768,0.00197917,1.0024,1.0024,1.0024,0,0,nan,,,nan,nan,,,,,,,,,,,,,0,1,4.00936,arms_front_45,0.0899537,,0,,nan,
golem_ik,kinematic,golem_ik,nan,,0,b085_d20_e00,85,0.2,0,0.246057,0.348495,0.525708,0.422548,-0.516101,0.0800808,1.08248,0,0,1,0,nan,0.0365338,5.55112e-17,0.0730675,2.67751e-16,0.000532992,0.0365338,0.000266496,1.0024,1.0024,1.0024,0,0,nan,,,nan,nan,,,,,,,,,,,,,0,1,4.00574,arms_front_45,0.0924219,,0,,nan,
golem_ik,kinematic,golem_ik,nan,,0,b085_d20_e10,85,0.2,0.1,0.323589,0.411652,0.525708,0.497955,-0.581781,0.0800808,1.08248,0,0,1,0,nan,0.0788976,0,0.157795,3.00428e-16,0.00175572,0.0788976,0.000877861,1.0024,1.0024,1.0024,0,0,nan,,,nan,nan,,,,,,,,,,,,,0,1,4.0099,arms_front_45,0.0971614,,0,,nan,
golem_ik,kinematic,golem_ik,nan,,0,b085_d20_e20,85,0.2,0.2,0.401121,0.474809,0.525708,0.573362,-0.647461,0.0800808,1.08248,0,0,1,0,nan,0.123048,1.62891e-07,0.246097,2.8897e-08,0.00342933,0.123048,0.00171468,1.0024,1.0024,1.0024,0,0,nan,,,nan,nan,,,,,,,,,,,,,0,1,4.01306,arms_front_45,0.0958481,,0,,nan,
golem_ik,kinematic,golem_ik,nan,,0,b085_d30_e00,85,0.3,0,0.246057,0.348495,0.425708,0.422548,-0.516101,-0.0199192,0.982481,0,0,1,0,nan,0.0671559,5.55112e-17,0.134312,1.97261e-16,0.000234508,0.0671559,0.000117254,1.0024,1.0024,1.0024,0,0,nan,,,nan,nan,,,,,,,,,,,,,0,1,4.00436,arms_front_45,0.0808294,,0,,nan,
golem_ik,kinematic,golem_ik,nan,,0,b085_d30_e10,85,0.3,0.1,0.323589,0.411652,0.425708,0.497955,-0.581781,-0.0199192,0.982481,0,0,1,0,nan,0.10611,1.99068e-15,0.212221,7.29846e-16,0.00126205,0.10611,0.000631024,1.0024,1.0024,1.0024,0,0,nan,,,nan,nan,,,,,,,,,,,,,0,1,4.01156,arms_front_45,0.0804548,,0,,nan,
golem_ik,kinematic,golem_ik,nan,,0,b085_d30_e20,85,0.3,0.2,0.401121,0.474809,0.425708,0.573362,-0.647461,-0.0199192,0.982481,0,0,1,0,nan,0.147414,2.19806e-06,0.294826,4.09311e-07,0.0027097,0.147414,0.00135505,1.0024,1.0024,1.0024,0,0,nan,,,nan,nan,,,,,,,,,,,,,0,1,4.00359,arms_front_45,0.0931381,,0,,nan,
golem_ik,kinematic,golem_ik,nan,,0,b085_d40_e00,85,0.4,0,0.246057,0.348495,0.325708,0.422548,-0.516101,-0.119919,0.882481,1,0,1,0,nan,0.101964,2.00148e-16,0.203929,5.92503e-17,0.000567154,0.101964,0.000283577,1.0024,1.0024,1.0024,0,0,nan,,,nan,nan,,,,,,,,,,,,,0,1,4.00573,arms_front_45,0.0591867,,0,,nan,
golem_ik,kinematic,golem_ik,nan,,0,b085_d40_e10,85,0.4,0.1,0.323589,0.411652,0.325708,0.497955,-0.581781,-0.119919,0.882481,1,0,1,0,nan,0.137627,4.50451e-12,0.275254,1.30685e-12,0.000415312,0.137627,0.000207656,1.0024,1.0024,1.0024,0,0,nan,,,nan,nan,,,,,,,,,,,,,0,1,4.00635,arms_front_45,0.0707808,,0,,nan,
golem_ik,kinematic,golem_ik,nan,,0,b085_d40_e20,85,0.4,0.2,0.401121,0.474809,0.325708,0.573362,-0.647461,-0.119919,0.882481,1,0,1,0,nan,0.176092,0.000107793,0.352077,1.81304e-05,0.00175082,0.176092,0.000884475,1.0024,1.0024,1.0024,0,0,nan,,,nan,nan,,,,,,,,,,,,,0,1,4.00601,arms_front_45,0.0854268,,0,,nan,
golem_ik,kinematic,golem_ik,nan,,0,b085_d50_e00,85,0.5,0,0.246057,0.348495,0.225708,0.422548,-0.516101,-0.219919,0.782481,1,0,1,0,nan,0.139902,2.03185e-12,0.279804,6.64806e-13,0.00178762,0.139902,0.000893809,1.0024,1.0024,1.0024,0,0,nan,,,nan,nan,,,,,,,,,,,,,0,1,4.01184,arms_front_45,0.0514203,,0,,nan,
golem_ik,kinematic,golem_ik,nan,,0,b085_d50_e10,85,0.5,0.1,0.323589,0.411652,0.225708,0.497955,-0.581781,-0.219919,0.782481,1,0,1,0,nan,0.172537,1.50549e-06,0.345072,3.59838e-07,0.000756528,0.172537,0.000378444,1.0024,1.0024,1.0024,0,0,nan,,,nan,nan,,,,,,,,,,,,,0,1,4.01025,arms_front_45,0.0642445,,0,,nan,
golem_ik,kinematic,golem_ik,nan,,0,b085_d50_e20,85,0.5,0.2,0.401121,0.474809,0.225708,0.573362,-0.647461,-0.219919,0.782481,1,0,1,0,nan,0.210026,0.00371696,0.416335,0.000494198,0.000552639,0.210026,0.000523418,1.0024,1.0024,1.0024,0,0,nan,,,nan,nan,,,,,,,,,,,,,0,1,4.0089,arms_front_45,0.0811626,,0,,nan,
golem_ik,kinematic,golem_ik,nan,,0,b085_d60_e00,85,0.6,0,0.246057,0.348495,0.125708,0.422548,-0.516101,-0.319919,0.682481,1,0,1,0,nan,0.180186,4.66202e-06,0.360366,1.35379e-06,0.00332189,0.180186,0.00166162,1.0024,1.0024,1.0024,0,0,nan,,,nan,nan,,,,,,,,,,,,,0,1,4.00956,arms_front_45,0.0484962,,0,,nan,
golem_ik,kinematic,golem_ik,nan,,0,b085_d60_e10,85,0.6,0.1,0.323589,0.411652,0.125708,0.497955,-0.581781,-0.319919,0.682481,1,0,1,0,nan,0.210663,0.00112005,0.420206,0.000216823,0.00219226,0.210663,0.00120454,1.0024,1.0024,1.0024,0,0,nan,,,nan,nan,,,,,,,,,,,,,0,1,4.00884,arms_front_45,0.0619803,,0,,nan,
golem_ik,kinematic,golem_ik,nan,,0,b085_d60_e20,85,0.6,0.2,0.401121,0.474809,0.125708,0.573362,-0.647461,-0.319919,0.682481,1,0,1,0,nan,0.259148,0.0320034,0.486293,0.0105702,0.00085432,0.259148,0.00571224,1.0024,1.0024,1.0024,0,0,nan,,,nan,nan,,,,,,,,,,,,,0,1,4.01139,arms_front_45,0.0784561,,0,,nan,
golem_ik,kinematic,golem_ik,nan,,0,b085_d70_e00,85,0.7,0,0.246057,0.348495,0.0257082,0.422548,-0.516101,-0.419919,0.582481,1,0,1,0,nan,0.226818,0.00916371,0.444472,0.00431141,0.00506875,0.226818,0.00469008,1.0024,1.0024,1.0024,0,0,nan,,,nan,nan,,,,,,,,,,,,,0,1,4.00826,arms_front_45,0.0398995,,0,,nan,
golem_ik,kinematic,golem_ik,nan,,0,b085_d70_e10,85,0.7,0.1,0.323589,0.411652,0.0257082,0.497955,-0.581781,-0.419919,0.582481,1,0,1,0,nan,0.267794,0.0360797,0.499508,0.0152343,0.00382081,0.267794,0.00952758,1.0024,1.0024,1.0024,0,0,nan,,,nan,nan,,,,,,,,,,,,,0,1,4.01541,arms_front_45,0.0571708,,0,,nan,
golem_ik,kinematic,golem_ik,nan,,0,b085_d70_e20,85,0.7,0.2,0.401121,0.474809,0.0257082,0.573362,-0.647461,-0.419919,0.582481,1,0,0,0,nan,0.32557,0.0902707,0.560869,0.0314946,0.00242191,0.32557,0.0169583,1.0024,1.0024,1.0024,0,0,nan,,,nan,nan,,,,,,,,,,,,,0,1,4.0098,arms_front_45,0.0723381,,0,,nan,
golem_ik,kinematic,golem_ik,nan,,0,b085_d80_e00,85,0.8,0,0.246057,0.348495,-0.0742918,0.422548,-0.516101,-0.519919,0.482481,1,0,0,0,nan,0.299837,0.0683824,0.531291,0.0298507,0.00693982,0.299837,0.0183952,1.0024,1.0024,1.0024,0,0,nan,,,nan,nan,,,,,,,,,,,,,0,1,4.01321,arms_front_45,0.0406128,,0,,nan,
golem_ik,kinematic,golem_ik,nan,,0,b085_d80_e10,85,0.8,0.1,0.323589,0.411652,-0.0742918,0.497955,-0.581781,-0.519919,0.482481,1,0,0,0,nan,0.342672,0.103243,0.582101,0.0385944,0.00557167,0.342672,0.0220831,1.0024,1.0024,1.0024,0,0,nan,,,nan,nan,,,,,,,,,,,,,0,1,4.01076,arms_front_45,0.0555525,,0,,nan,
golem_ik,kinematic,golem_ik,nan,,0,b085_d80_e20,85,0.8,0.2,0.401121,0.474809,-0.0742918,0.573362,-0.647461,-0.519919,0.482481,1,0,0,0,nan,0.398802,0.15841,0.639194,0.0523109,0.00409568,0.398802,0.0282033,1.0024,1.0024,1.0024,0,0,nan,,,nan,nan,,,,,,,,,,,,,0,1,4.01093,arms_front_45,0.0677465,,0,,nan,
golem_ik,kinematic,golem_ik,nan,,0,b085_d90_e00,85,0.9,0,0.246057,0.348495,-0.174292,0.422548,-0.516101,-0.619919,0.382481,1,0,0,0,nan,0.389462,0.158707,0.620217,0.0675114,0.00885905,0.389462,0.0381852,1.0024,1.0024,1.0024,0,0,nan,,,nan,nan,,,,,,,,,,,,,0,1,4.01001,arms_front_45,0.0405572,,0,,nan,
golem_ik,kinematic,golem_ik,nan,,0,b085_d90_e10,85,0.9,0.1,0.323589,0.411652,-0.174292,0.497955,-0.581781,-0.619919,0.382481,1,0,0,0,nan,0.428097,0.188882,0.667311,0.0656924,0.00737692,0.428097,0.0365346,1.0024,1.0024,1.0024,0,0,nan,,,nan,nan,,,,,,,,,,,,,0,1,4.01057,arms_front_45,0.0525038,,0,,nan,
golem_ik,kinematic,golem_ik,nan,,0,b085_d90_e20,85,0.9,0.2,0.401121,0.474809,-0.174292,0.573362,-0.647461,-0.619919,0.382481,1,0,0,0,nan,0.477934,0.235298,0.72057,0.0700592,0.0058175,0.477934,0.0379384,1.0024,1.0024,1.0024,0,0,nan,,,nan,nan,,,,,,,,,,,,,0,1,4.00663,arms_front_45,0.0637022,,0,,nan,
golem_ik,kinematic,golem_ik,nan,,0,b085_d100_e00,85,1,0,0.246057,0.348495,-0.274292,0.422548,-0.516101,-0.719919,0.282481,1,0,0,0,nan,0.480669,0.250535,0.710804,0.103384,0.0107568,0.480669,0.0570704,1.0024,1.0024,1.0024,0,0,nan,,,nan,nan,,,,,,,,,,,,,0,1,4.00804,arms_front_45,0.0406459,,0,,nan,
golem_ik,kinematic,golem_ik,nan,,0,b085_d100_e10,85,1,0.1,0.323589,0.411652,-0.274292,0.497955,-0.581781,-0.719919,0.282481,1,0,0,0,nan,0.51614,0.277654,0.754625,0.0957201,0.009174,0.51614,0.052447,1.0024,1.0024,1.0024,0,0,nan,,,nan,nan,,,,,,,,,,,,,0,1,4.00666,arms_front_45,0.0504551,,0,,nan,
golem_ik,kinematic,golem_ik,nan,,0,b085_d100_e20,85,1,0.2,0.401121,0.474809,-0.274292,0.573362,-0.647461,-0.719919,0.282481,1,0,0,0,nan,0.561623,0.318799,0.804447,0.091744,0.00752575,0.561623,0.0496349,1.0024,1.0024,1.0024,0,0,nan,,,nan,nan,,,,,,,,,,,,,0,1,4.00998,arms_front_45,0.0599316,,0,,nan,
golem_ik,kinematic,golem_ik,nan,,0,b086_d00_e00,86,0,0,0.17723,0.508211,0.0136441,0.212157,-0.714612,0.46297,1.01604,0,1,1,1,nan,3.55471e-05,2.40858e-05,4.70084e-05,2.6448e-06,3.9479e-05,3.55471e-05,2.10619e-05,1.0024,1.0024,1.0024,0,0,nan,,,nan,nan,,,,,,,,,,,,,0,1,0.0936556,home,0.0773246,,0,,nan,
golem_ik,kinematic,golem_ik,nan,,0,b086_d00_e10,86,0,0.1,0.221384,0.597936,0.0136441,0.247226,-0.808261,0.46297,1.01604,0,0,0,0,nan,0.074259,0.057281,0.0912369,0.000527998,0.000488963,0.074259,0.00050848,1.0024,1.0024,1.0024,0,0,nan,,,nan,nan,,,,,,,,,,,,,0,1,4.00939,arms_front_45,0.0943152,,0,,nan,
golem_ik,kinematic,golem_ik,nan,,0,b086_d00_e20,86,0,0.2,0.265537,0.68766,0.0136441,0.282295,-0.90191,0.46297,1.01604,0,0,0,0,nan,0.162345,0.133565,0.191125,0.0016171,0.000942164,0.162345,0.00127963,1.0024,1.0024,1.0024,0,0,nan,,,nan,nan,,,,,,,,,,,,,0,1,4.00842,arms_front_45,0.10087,,0,,nan,
golem_ik,kinematic,golem_ik,nan,,0,b086_d10_e00,86,0.1,0,0.17723,0.508211,-0.0863559,0.212157,-0.714612,0.36297,0.916044,0,0,0,1,nan,0.0345615,0.0691226,4.40136e-07,0.000169638,1.57287e-08,0.0345615,8.4827e-05,1.0024,1.0024,1.0024,0,0,nan,,,nan,nan,,,,,,,,,,,,,0,1,4.00921,arms_front_45,0.0785615,,0,,nan,
golem_ik,kinematic,golem_ik,nan,,0,b086_d10_e10,86,0.1,0.1,0.221384,0.597936,-0.0863559,0.247226,-0.808261,0.36297,0.916044,0,0,0,0,nan,0.112153,0.129591,0.0947146,0.000809279,0.000256761,0.112153,0.00053302,1.0024,1.0024,1.0024,0,0,nan,,,nan,nan,,,,,,,,,,,,,0,1,4.00604,arms_front_45,0.0872113,,0,,nan,
golem_ik,kinematic,golem_ik,nan,,0,b086_d10_e20,86,0.1,0.2,0.265537,0.68766,-0.0863559,0.282295,-0.90191,0.36297,0.916044,0,0,0,0,nan,0.196349,0.198565,0.194133,0.00183148,0.00038205,0.196349,0.00110676,1.0024,1.0024,1.0024,0,0,nan,,,nan,nan,,,,,,,,,,,,,0,1,4.01055,arms_front_45,0.0941072,,0,,nan,
golem_ik,kinematic,golem_ik,nan,,0,b086_d20_e00,86,0.2,0,0.17723,0.508211,-0.186356,0.212157,-0.714612,0.26297,0.816044,1,0,0,1,nan,0.0860906,0.154492,0.0176892,4.60382e-05,0.000246427,0.0860906,0.000146232,1.0024,1.0024,1.0024,0,0,nan,,,nan,nan,,,,,,,,,,,,,0,1,4.00823,arms_front_45,0.0730957,,0,,nan,
golem_ik,kinematic,golem_ik,nan,,0,b086_d20_e10,86,0.2,0.1,0.221384,0.597936,-0.186356,0.247226,-0.808261,0.26297,0.816044,1,0,0,0,nan,0.16087,0.208198,0.113543,0.000798973,0.00118861,0.16087,0.000993789,1.0024,1.0024,1.0024,0,0,nan,,,nan,nan,,,,,,,,,,,,,0,1,4.00619,arms_front_45,0.0813558,,0,,nan,
golem_ik,kinematic,golem_ik,nan,,0,b086_d20_e20,86,0.2,0.2,0.265537,0.68766,-0.186356,0.282295,-0.90191,0.26297,0.816044,1,0,0,0,nan,0.240544,0.270608,0.21048,0.00182896,0.00182471,0.240544,0.00182684,1.0024,1.0024,1.0024,0,0,nan,,,nan,nan,,,,,,,,,,,,,0,1,4.00756,arms_front_45,0.0882586,,0,,nan,
golem_ik,kinematic,golem_ik,nan,,0,b086_d30_e00,86,0.3,0,0.17723,0.508211,-0.286356,0.212157,-0.714612,0.16297,0.716044,1,0,0,0,nan,0.149625,0.243276,0.0559738,0.000326414,0.00118893,0.149625,0.000757671,1.0024,1.0024,1.0024,0,0,nan,,,nan,nan,,,,,,,,,,,,,0,1,4.00356,arms_front_45,0.0687924,,0,,nan,
golem_ik,kinematic,golem_ik,nan,,0,b086_d30_e10,86,0.3,0.1,0.221384,0.597936,-0.286356,0.247226,-0.808261,0.16297,0.716044,1,0,0,0,nan,0.218929,0.291345,0.146513,0.000555684,0.0025553,0.218929,0.00155549,1.0024,1.0024,1.0024,0,0,nan,,,nan,nan,,,,,,,,,,,,,0,1,4.01053,arms_front_45,0.0765429,,0,,nan,
golem_ik,kinematic,golem_ik,nan,,0,b086_d30_e20,86,0.3,0.2,0.265537,0.68766,-0.286356,0.282295,-0.90191,0.16297,0.716044,1,0,0,0,nan,0.293687,0.348006,0.239367,0.00163195,0.00355668,0.293687,0.00259431,1.0024,1.0024,1.0024,0,0,nan,,,nan,nan,,,,,,,,,,,,,0,1,4.00809,arms_front_45,0.083258,,0,,nan,
golem_ik,kinematic,golem_ik,nan,,0,b086_d40_e00,86,0.4,0,0.17723,0.508211,-0.386356,0.212157,-0.714612,0.0629698,0.616044,1,0,0,0,nan,0.220995,0.334449,0.107542,0.000866316,0.00297156,0.220995,0.00191894,1.0024,1.0024,1.0024,0,0,nan,,,nan,nan,,,,,,,,,,,,,0,1,4.0109,arms_front_45,0.0653518,,0,,nan,
golem_ik,kinematic,golem_ik,nan,,0,b086_d40_e10,86,0.4,0.1,0.221384,0.597936,-0.386356,0.247226,-0.808261,0.0629698,0.616044,1,0,0,0,nan,0.284775,0.377816,0.191734,0.000138538,0.00449862,0.284775,0.00231858,1.0024,1.0024,1.0024,0,0,nan,,,nan,nan,,,,,,,,,,,,,0,1,4.00196,arms_front_45,0.0725677,,0,,nan,
golem_ik,kinematic,golem_ik,nan,,0,b086_d40_e20,86,0.4,0.2,0.265537,0.68766,-0.386356,0.282295,-0.90191,0.0629698,0.616044,1,0,0,0,nan,0.354491,0.429497,0.279484,0.00127498,0.00571554,0.354491,0.00349526,1.0024,1.0024,1.0024,0,0,nan,,,nan,nan,,,,,,,,,,,,,0,1,4.01238,arms_front_45,0.0789953,,0,,nan,
golem_ik,kinematic,golem_ik,nan,,0,b086_d50_e00,86,0.5,0,0.17723,0.508211,-0.486356,0.212157,-0.714612,-0.0370302,0.516044,1,0,0,0,nan,0.298857,0.427345,0.170368,0.00151277,0.0169626,0.298857,0.00923767,1.0024,1.0024,1.0024,0,0,nan,,,nan,nan,,,,,,,,,,,,,0,1,4.00979,arms_front_45,0.0625554,,0,,nan,
golem_ik,kinematic,golem_ik,nan,,0,b086_d50_e10,86,0.5,0.1,0.221384,0.597936,-0.486356,0.247226,-0.808261,-0.0370302,0.516044,1,0,0,0,nan,0.356933,0.466765,0.247101,0.000402265,0.00970598,0.356933,0.00505412,1.0024,1.0024,1.0024,0,0,nan,,,nan,nan,,,,,,,,,,,,,0,1,4.00716,arms_front_45,0.0692568,,0,,nan,
golem_ik,kinematic,golem_ik,nan,,0,b086_d50_e20,86,0.5,0.2,0.265537,0.68766,-0.486356,0.282295,-0.90191,-0.0370302,0.516044,1,0,0,0,nan,0.421713,0.514142,0.329284,0.000791837,0.00838973,0.421713,0.00459078,1.0024,1.0024,1.0024,0,0,nan,,,nan,nan,,,,,,,,,,,,,0,1,4.00664,arms_front_45,0.0753526,,0,,nan,
golem_ik,kinematic,golem_ik,nan,,0,b086_d60_e00,86,0.6,0,0.17723,0.508211,-0.586356,0.212157,-0.714612,-0.13703,0.416044,1,0,0,0,nan,0.381832,0.521517,0.242148,0.00222108,0.0365763,0.381832,0.0193987,1.0024,1.0024,1.0024,0,0,nan,,,nan,nan,,,,,,,,,,,,,0,1,4.00864,arms_front_45,0.0602489,,0,,nan,
golem_ik,kinematic,golem_ik,nan,,0,b086_d60_e10,86,0.6,0.1,0.221384,0.597936,-0.586356,0.247226,-0.808261,-0.13703,0.416044,1,0,0,0,nan,0.434457,0.557596,0.311318,0.0010277,0.0287234,0.434457,0.0148756,1.0024,1.0024,1.0024,0,0,nan,,,nan,nan,,,,,,,,,,,,,0,1,4.01102,arms_front_45,0.0664698,,0,,nan,
golem_ik,kinematic,golem_ik,nan,,0,b086_d60_e20,86,0.6,0.2,0.265537,0.68766,-0.586356,0.282295,-0.90191,-0.13703,0.416044,1,0,0,0,nan,0.494239,0.601248,0.387229,0.000221793,0.0182758,0.494239,0.00924877,1.0024,1.0024,1.0024,0,0,nan,,,nan,nan,,,,,,,,,,,,,0,1,4.00829,arms_front_45,0.0722195,,0,,nan,
golem_ik,kinematic,golem_ik,nan,,0,b086_d70_e00,86,0.7,0,0.17723,0.508211,-0.686356,0.212157,-0.714612,-0.23703,0.316044,1,0,0,0,nan,0.468267,0.616656,0.319878,0.00296496,0.0585637,0.468267,0.0307643,1.0024,1.0024,1.0024,0,0,nan,,,nan,nan,,,,,,,,,,,,,0,1,4.01054,arms_front_45,0.0583115,,0,,nan,
golem_ik,kinematic,golem_ik,nan,,0,b086_d70_e10,86,0.7,0.1,0.221384,0.597936,-0.686356,0.247226,-0.808261,-0.23703,0.316044,1,0,0,0,nan,0.516209,0.649884,0.382534,0.00173418,0.049397,0.516209,0.0255656,1.0024,1.0024,1.0024,0,0,nan,,,nan,nan,,,,,,,,,,,,,0,1,4.0086,arms_front_45,0.0640829,,0,,nan,
golem_ik,kinematic,golem_ik,nan,,0,b086_d70_e20,86,0.7,0.2,0.265537,0.68766,-0.686356,0.282295,-0.90191,-0.23703,0.316044,1,0,0,0,nan,0.571332,0.690297,0.452367,0.000584932,0.0384678,0.571332,0.0195264,1.0024,1.0024,1.0024,0,0,nan,,,nan,nan,,,,,,,,,,,,,0,1,4.01067,arms_front_45,0.0694807,,0,,nan,
golem_ik,kinematic,golem_ik,nan,,0,b086_d80_e00,86,0.8,0,0.17723,0.508211,-0.786356,0.212157,-0.714612,-0.33703,0.216044,1,0,0,0,nan,0.55715,0.712546,0.401754,0.00372136,0.0811486,0.55715,0.042435,1.0024,1.0024,1.0024,0,0,nan,,,nan,nan,,,,,,,,,,,,,0,1,4.00448,current,0.0568202,,0,,nan,
golem_ik,kinematic,golem_ik,nan,,0,b086_d80_e10,86,0.8,0.1,0.221384,0.597936,-0.786356,0.247226,-0.808261,-0.33703,0.216044,1,0,0,0,nan,0.601108,0.743316,0.458901,0.00253823,0.0706126,0.601108,0.0365754,1.0024,1.0024,1.0024,0,0,nan,,,nan,nan,,,,,,,,,,,,,0,1,4.00782,arms_front_45,0.0620076,,0,,nan,
golem_ik,kinematic,golem_ik,nan,,0,b086_d80_e20,86,0.8,0.2,0.265537,0.68766,-0.786356,0.282295,-0.90191,-0.33703,0.216044,1,0,0,0,nan,0.652095,0.780901,0.523289,0.00144498,0.0589197,0.652095,0.0301823,1.0024,1.0024,1.0024,0,0,nan,,,nan,nan,,,,,,,,,,,,,0,1,4.01035,arms_front_45,0.0670808,,0,,nan,
golem_ik,kinematic,golem_ik,nan,,0,b086_d90_e00,86,0.9,0,0.17723,0.508211,-0.886356,0.212157,-0.714612,-0.43703,0.116044,1,0,0,0,nan,0.647848,0.809027,0.486668,0.00453082,0.10319,0.647848,0.0538604,1.0024,1.0024,1.0024,0,0,nan,,,nan,nan,,,,,,,,,,,,,0,1,4.00643,current,0.0553555,,0,,nan,
golem_ik,kinematic,golem_ik,nan,,0,b086_d90_e10,86,0.9,0.1,0.221384,0.597936,-0.886356,0.247226,-0.808261,-0.43703,0.116044,1,0,0,0,nan,0.68841,0.837667,0.539152,0.00336767,0.0914749,0.68841,0.0474213,1.0024,1.0024,1.0024,0,0,nan,,,nan,nan,,,,,,,,,,,,,0,1,4.00918,home,0.0603476,,0,,nan,
golem_ik,kinematic,golem_ik,nan,,0,b086_d90_e20,86,0.9,0.2,0.265537,0.68766,-0.886356,0.282295,-0.90191,-0.43703,0.116044,1,0,0,0,nan,0.735757,0.872769,0.598745,0.00250371,0.0789379,0.735757,0.0407208,1.0024,1.0024,1.0024,0,0,nan,,,nan,nan,,,,,,,,,,,,,0,1,4.00549,current,0.0650964,,0,,nan,
golem_ik,kinematic,golem_ik,nan,,0,b086_d100_e00,86,1,0,0.17723,0.508211,-0.986356,0.212157,-0.714612,-0.53703,0.0160441,1,0,0,0,nan,0.739949,0.90599,0.573909,0.00555589,0.123965,0.739949,0.0647604,1.0024,1.0024,1.0024,0,0,nan,,,nan,nan,,,,,,,,,,,,,0,1,4.01097,home,0.0540144,,0,,nan,
golem_ik,kinematic,golem_ik,nan,,0,b086_d100_e10,86,1,0.1,0.221384,0.597936,-0.986356,0.247226,-0.808261,-0.53703,0.0160441,1,0,0,0,nan,0.777591,0.932766,0.622415,0.00466234,0.111244,0.777591,0.0579531,1.0024,1.0024,1.0024,0,0,nan,,,nan,nan,,,,,,,,,,,,,0,1,4.00808,home,0.0586655,,0,,nan,
golem_ik,kinematic,golem_ik,nan,,0,b086_d100_e20,86,1,0.2,0.265537,0.68766,-0.986356,0.282295,-0.90191,-0.53703,0.0160441,1,0,0,0,nan,0.821738,0.965679,0.677796,0.00421658,0.0979039,0.821738,0.0510602,1.0024,1.0024,1.0024,0,0,nan,,,nan,nan,,,,,,,,,,,,,0,1,4.01055,home,0.0631162,,0,,nan,
golem_ik,kinematic,golem_ik,nan,,0,b087_d00_e00,87,0,0,0.155648,0.0724258,0.158656,0.253433,-0.657009,0.542978,1.16106,0,1,1,1,nan,0.00927018,0.0185404,5.55112e-17,0.00555105,2.28449e-16,0.00927018,0.00277553,1.0024,1.0024,1.0024,0,0,nan,,,nan,nan,,,,,,,,,,,,,0,1,4.00685,t_pose,0.0140981,,0,,nan,
golem_ik,kinematic,golem_ik,nan,,0,b087_d00_e10,87,0,0.1,0.245592,0.0287198,0.158656,0.298008,-0.746525,0.542978,1.16106,0,0,1,0,nan,0.0327941,2.77556e-17,0.0655881,1.6929e-16,0.000508112,0.0327941,0.000254056,1.0024,1.0024,1.0024,0,0,nan,,,nan,nan,,,,,,,,,,,,,0,1,4.00566,arms_front_45,0.0347091,,0,,nan,
golem_ik,kinematic,golem_ik,nan,,0,b087_d00_e20,87,0,0.2,0.335535,-0.0149863,0.158656,0.342583,-0.836041,0.542978,1.16106,0,0,1,0,nan,0.0821724,5.95012e-13,0.164345,1.05365e-13,0.00137881,0.0821724,0.000689403,1.0024,1.0024,1.0024,0,0,nan,,,nan,nan,,,,,,,,,,,,,0,1,4.00719,arms_front_45,0.0228633,,0,,nan,
golem_ik,kinematic,golem_ik,nan,,0,b087_d10_e00,87,0.1,0,0.155648,0.0724258,0.0586561,0.253433,-0.657009,0.442978,1.06106,0,1,1,1,nan,0.0262072,0.0296209,0.0227934,0.00895164,0.00735771,0.0262072,0.00815467,1.0024,1.0024,1.0024,0,0,nan,,,nan,nan,,,,,,,,,,,,,0,1,3.05523,home,0.0188004,,1,,nan,
golem_ik,kinematic,golem_ik,nan,,0,b087_d10_e10,87,0.1,0.1,0.245592,0.0287198,0.0586561,0.298008,-0.746525,0.442978,1.06106,0,0,1,0,nan,0.028549,4.235e-17,0.0570981,1.78396e-16,0.000816534,0.028549,0.000408267,1.0024,1.0024,1.0024,0,0,nan,,,nan,nan,,,,,,,,,,,,,0,1,4.01096,arms_front_45,0.0317399,,0,,nan,
golem_ik,kinematic,golem_ik,nan,,0,b087_d10_e20,87,0.1,0.2,0.335535,-0.0149863,0.0586561,0.342583,-0.836041,0.442978,1.06106,0,0,1,0,nan,0.0825588,0.00810298,0.157015,0.000351205,0.00219044,0.0825588,0.00127082,1.0024,1.0024,1.0024,0,0,nan,,,nan,nan,,,,,,,,,,,,,0,1,4.01162,arms_front_45,0.0251517,,0,,nan,
golem_ik,kinematic,golem_ik,nan,,0,b087_d20_e00,87,0.2,0,0.155648,0.0724258,-0.0413439,0.253433,-0.657009,0.342978,0.961056,0,1,1,1,nan,0.0101569,0.0152013,0.00511248,0.00739463,0.00194206,0.0101569,0.00466834,1.0024,1.0024,1.0024,0,0,nan,,,nan,nan,,,,,,,,,,,,,0,1,3.05271,home,0.019071,,1,,nan,
golem_ik,kinematic,golem_ik,nan,,0,b087_d20_e10,87,0.2,0.1,0.245592,0.0287198,-0.0413439,0.298008,-0.746525,0.342978,0.961056,0,0,1,0,nan,0.0497907,0.0347245,0.064857,0.0122241,0.00132996,0.0497907,0.00677701,1.0024,1.0024,1.0024,0,0,nan,,,nan,nan,,,,,,,,,,,,,0,1,4.00994,current,0.0193457,,0,,nan,
golem_ik,kinematic,golem_ik,nan,,0,b087_d20_e20,87,0.2,0.2,0.335535,-0.0149863,-0.0413439,0.342583,-0.836041,0.342978,0.961056,0,0,0,0,nan,0.121896,0.080124,0.163667,0.0153437,0.00314955,0.121896,0.00924661,1.0024,1.0024,1.0024,0,0,nan,,,nan,nan,,,,,,,,,,,,,0,1,4.01051,t_pose,0.0209985,,0,,nan,
golem_ik,kinematic,golem_ik,nan,,0,b087_d30_e00,87,0.3,0,0.155648,0.0724258,-0.141344,0.253433,-0.657009,0.242978,0.861056,1,0,0,1,nan,0.053637,0.107249,2.50128e-05,0.04928,1.64597e-06,0.053637,0.0246408,1.0024,1.0024,1.0024,0,0,nan,,,nan,nan,,,,,,,,,,,,,0,1,4.01163,t_pose,0.0200046,,0,,nan,
golem_ik,kinematic,golem_ik,nan,,0,b087_d30_e10,87,0.3,0.1,0.245592,0.0287198,-0.141344,0.298008,-0.746525,0.242978,0.861056,1,0,0,0,nan,0.107176,0.125368,0.0889839,0.0447719,0.00960499,0.107176,0.0271885,1.0024,1.0024,1.0024,0,0,nan,,,nan,nan,,,,,,,,,,,,,0,1,4.00794,t_pose,0.0201968,,0,,nan,
golem_ik,kinematic,golem_ik,nan,,0,b087_d30_e20,87,0.3,0.2,0.335535,-0.0149863,-0.141344,0.342583,-0.836041,0.242978,0.861056,1,0,0,0,nan,0.173448,0.162943,0.183954,0.0402381,0.00668847,0.173448,0.0234633,1.0024,1.0024,1.0024,0,0,nan,,,nan,nan,,,,,,,,,,,,,0,1,4.00426,current,0.0198439,,0,,nan,
golem_ik,kinematic,golem_ik,nan,,0,b087_d40_e00,87,0.4,0,0.155648,0.0724258,-0.241344,0.253433,-0.657009,0.142978,0.761056,1,0,0,1,nan,0.122891,0.200314,0.0454684,0.0881337,0.0111529,0.122891,0.0496433,1.0024,1.0024,1.0024,0,0,nan,,,nan,nan,,,,,,,,,,,,,0,1,4.00798,t_pose,0.0200177,,0,,nan,
golem_ik,kinematic,golem_ik,nan,,0,b087_d40_e10,87,0.4,0.1,0.245592,0.0287198,-0.241344,0.298008,-0.746525,0.142978,0.761056,1,0,0,0,nan,0.173209,0.217214,0.129205,0.0775531,0.0226382,0.173209,0.0500956,1.0024,1.0024,1.0024,0,0,nan,,,nan,nan,,,,,,,,,,,,,0,1,4.01211,t_pose,0.0201568,,0,,nan,
golem_ik,kinematic,golem_ik,nan,,0,b087_d40_e20,87,0.4,0.2,0.335535,-0.0149863,-0.241344,0.342583,-0.836041,0.142978,0.761056,1,0,0,0,nan,0.23406,0.24996,0.218161,0.0677012,0.0275928,0.23406,0.047647,1.0024,1.0024,1.0024,0,0,nan,,,nan,nan,,,,,,,,,,,,,0,1,4.0082,t_pose,0.0199802,,0,,nan,
golem_ik,kinematic,golem_ik,nan,,0,b087_d50_e00,87,0.5,0,0.155648,0.0724258,-0.341344,0.253433,-0.657009,0.042978,0.661056,1,0,0,0,nan,0.199626,0.294306,0.104945,0.123558,0.0287273,0.199626,0.0761425,1.0024,1.0024,1.0024,0,0,nan,,,nan,nan,,,,,,,,,,,,,0,1,4.01021,t_pose,0.022675,,0,,nan,
golem_ik,kinematic,golem_ik,nan,,0,b087_d50_e10,87,0.5,0.1,0.245592,0.0287198,-0.341344,0.298008,-0.746525,0.042978,0.661056,1,0,0,0,nan,0.245714,0.310136,0.181291,0.109004,0.0387527,0.245714,0.0738783,1.0024,1.0024,1.0024,0,0,nan,,,nan,nan,,,,,,,,,,,,,0,1,4.005,t_pose,0.0200018,,0,,nan,
golem_ik,kinematic,golem_ik,nan,,0,b087_d50_e20,87,0.5,0.2,0.335535,-0.0149863,-0.341344,0.342583,-0.836041,0.042978,0.661056,1,0,0,0,nan,0.301643,0.339369,0.263917,0.0968314,0.0442468,0.301643,0.0705391,1.0024,1.0024,1.0024,0,0,nan,,,nan,nan,,,,,,,,,,,,,0,1,4.00356,t_pose,0.0200191,,0,,nan,
golem_ik,kinematic,golem_ik,nan,,0,b087_d60_e00,87,0.6,0,0.155648,0.0724258,-0.441344,0.253433,-0.657009,-0.057022,0.561056,1,0,0,0,nan,0.280762,0.389067,0.172458,0.155558,0.0491098,0.280762,0.102334,1.0024,1.0024,1.0024,0,0,nan,,,nan,nan,,,,,,,,,,,,,0,1,4.00576,t_pose,0.025456,,0,,nan,
golem_ik,kinematic,golem_ik,nan,,0,b087_d60_e10,87,0.6,0.1,0.245592,0.0287198,-0.441344,0.298008,-0.746525,-0.057022,0.561056,1,0,0,0,nan,0.323129,0.403977,0.242281,0.138501,0.0568253,0.323129,0.0976632,1.0024,1.0024,1.0024,0,0,nan,,,nan,nan,,,,,,,,,,,,,0,1,4.00506,t_pose,0.0200043,,0,,nan,
golem_ik,kinematic,golem_ik,nan,,0,b087_d60_e20,87,0.6,0.2,0.335535,-0.0149863,-0.441344,0.342583,-0.836041,-0.057022,0.561056,1,0,0,0,nan,0.374839,0.430849,0.318829,0.123658,0.0614085,0.374839,0.0925334,1.0024,1.0024,1.0024,0,0,nan,,,nan,nan,,,,,,,,,,,,,0,1,4.00904,t_pose,0.0199959,,0,,nan,
golem_ik,kinematic,golem_ik,nan,,0,b087_d70_e00,87,0.7,0,0.155648,0.0724258,-0.541344,0.253433,-0.657009,-0.157022,0.461056,1,0,0,0,nan,0.365202,0.484558,0.245846,0.184284,0.0697757,0.365202,0.12703,1.0024,1.0024,1.0024,0,0,nan,,,nan,nan,,,,,,,,,,,,,0,1,4.00743,t_pose,0.0293317,,0,,nan,
golem_ik,kinematic,golem_ik,nan,,0,b087_d70_e10,87,0.7,0.1,0.245592,0.0287198,-0.541344,0.298008,-0.746525,-0.157022,0.461056,1,0,0,0,nan,0.404342,0.498647,0.310037,0.166037,0.0753765,0.404342,0.120707,1.0024,1.0024,1.0024,0,0,nan,,,nan,nan,,,,,,,,,,,,,0,1,4.00651,t_pose,0.0205155,,0,,nan,
golem_ik,kinematic,golem_ik,nan,,0,b087_d70_e20,87,0.7,0.2,0.335535,-0.0149863,-0.541344,0.342583,-0.836041,-0.157022,0.461056,1,0,0,0,nan,0.452297,0.523577,0.381016,0.149588,0.0786496,0.452297,0.114119,1.0024,1.0024,1.0024,0,0,nan,,,nan,nan,,,,,,,,,,,,,0,1,4.01154,t_pose,0.0218076,,0,,nan,
golem_ik,kinematic,golem_ik,nan,,0,b087_d80_e00,87,0.8,0,0.155648,0.0724258,-0.641344,0.253433,-0.657009,-0.257022,0.361056,1,0,0,0,nan,0.452235,0.580717,0.323753,0.210037,0.0891361,0.452235,0.149586,1.0024,1.0024,1.0024,0,0,nan,,,nan,nan,,,,,,,,,,,,,0,1,4.00452,t_pose,0.0333107,,0,,nan,
golem_ik,kinematic,golem_ik,nan,,0,b087_d80_e10,87,0.8,0.1,0.245592,0.0287198,-0.641344,0.298008,-0.746525,-0.257022,0.361056,1,0,0,0,nan,0.488596,0.594152,0.38304,0.190939,0.0930593,0.488596,0.141999,1.0024,1.0024,1.0024,0,0,nan,,,nan,nan,,,,,,,,,,,,,0,1,4.00873,t_pose,0.0250526,,0,,nan,
golem_ik,kinematic,golem_ik,nan,,0,b087_d80_e20,87,0.8,0.2,0.335535,-0.0149863,-0.641344,0.342583,-0.836041,-0.257022,0.361056,1,0,0,0,nan,0.533168,0.617321,0.449015,0.173616,0.0951832,0.533168,0.1344,1.0024,1.0024,1.0024,0,0,nan,,,nan,nan,,,,,,,,,,,,,0,1,4.00512,t_pose,0.0247558,,0,,nan,
golem_ik,kinematic,golem_ik,nan,,0,b087_d90_e00,87,0.9,0,0.155648,0.0724258,-0.741344,0.253433,-0.657009,-0.357022,0.261056,1,0,0,0,nan,0.541357,0.677451,0.405262,0.233034,0.106551,0.541357,0.169792,1.0024,1.0024,1.0024,0,0,nan,,,nan,nan,,,,,,,,,,,,,0,1,4.00971,t_pose,0.0361827,,0,,nan,
golem_ik,kinematic,golem_ik,nan,,0,b087_d90_e10,87,0.9,0.1,0.245592,0.0287198,-0.741344,0.298008,-0.746525,-0.357022,0.261056,1,0,0,0,nan,0.575247,0.690266,0.460228,0.213629,0.109358,0.575247,0.161493,1.0024,1.0024,1.0024,0,0,nan,,,nan,nan,,,,,,,,,,,,,0,1,4.0097,t_pose,0.0292711,,0,,nan,
golem_ik,kinematic,golem_ik,nan,,0,b087_d90_e20,87,0.9,0.2,0.335535,-0.0149863,-0.741344,0.342583,-0.836041,-0.357022,0.261056,1,0,0,0,nan,0.616802,0.711894,0.521709,0.195744,0.110594,0.616802,0.153169,1.0024,1.0024,1.0024,0,0,nan,,,nan,nan,,,,,,,,,,,,,0,1,4.01323,t_pose,0.0276778,,0,,nan,
golem_ik,kinematic,golem_ik,nan,,0,b087_d100_e00,87,1,0,0.155648,0.0724258,-0.841344,0.253433,-0.657009,-0.457022,0.161056,1,0,0,0,nan,0.632187,0.774696,0.489679,0.253543,0.121941,0.632187,0.187742,1.0024,1.0024,1.0024,0,0,nan,,,nan,nan,,,,,,,,,,,,,0,1,4.0054,t_pose,0.0369584,,0,,nan,
golem_ik,kinematic,golem_ik,nan,,0,b087_d100_e10,87,1,0.1,0.245592,0.0287198,-0.841344,0.298008,-0.746525,-0.457022,0.161056,1,0,0,0,nan,0.663841,0.786888,0.540795,0.233992,0.12398,0.663841,0.178986,1.0024,1.0024,1.0024,0,0,nan,,,nan,nan,,,,,,,,,,,,,0,1,4.01176,t_pose,0.0327136,,0,,nan,
golem_ik,kinematic,golem_ik,nan,,0,b087_d100_e20,87,1,0.2,0.335535,-0.0149863,-0.841344,0.342583,-0.836041,-0.457022,0.161056,1,0,0,0,nan,0.702702,0.80717,0.598234,0.215815,0.124661,0.702702,0.170238,1.0024,1.0024,1.0024,0,0,nan,,,nan,nan,,,,,,,,,,,,,0,1,4.01259,t_pose,0.0303357,,0,,nan,
golem_ik,kinematic,golem_ik,nan,,0,b088_d00_e00,88,0,0,0.328976,0.348281,0.238246,0.290252,-0.38404,0.0509317,1.05333,0,1,1,1,nan,0.000144696,3.65764e-05,0.000252816,4.69881e-05,0.00014523,0.000144696,9.61093e-05,1.0024,1.0024,1.0024,0,0,nan,,,nan,nan,,,,,,,,,,,,,0,1,0.0695319,home,0.0793857,,0,,nan,
golem_ik,kinematic,golem_ik,nan,,0,b088_d00_e10,88,0,0.1,0.414399,0.400271,0.238246,0.367844,-0.447123,0.0509317,1.05333,0,1,1,1,nan,0.0128519,1.35974e-16,0.0257038,2.92457e-16,0.000546242,0.0128519,0.000273121,1.0024,1.0024,1.0024,0,0,nan,,,nan,nan,,,,,,,,,,,,,0,1,4.00499,arms_front_45,0.0843592,,0,,nan,
golem_ik,kinematic,golem_ik,nan,,0,b088_d00_e20,88,0,0.2,0.499822,0.452261,0.238246,0.445436,-0.510207,0.0509317,1.05333,0,0,1,0,nan,0.072227,0.0400025,0.104452,0.00829117,0.0040486,0.072227,0.00616988,1.0024,1.0024,1.0024,0,0,nan,,,nan,nan,,,,,,,,,,,,,0,1,4.00819,arms_front_45,0.0797969,,0,,nan,
golem_ik,kinematic,golem_ik,nan,,0,b088_d10_e00,88,0.1,0,0.328976,0.348281,0.138246,0.290252,-0.38404,-0.0490683,0.953332,0,1,1,1,nan,0.0165724,1.00074e-16,0.0331449,2.33187e-16,0.000273376,0.0165724,0.000136688,1.0024,1.0024,1.0024,0,0,nan,,,nan,nan,,,,,,,,,,,,,0,1,4.00504,arms_front_45,0.0699317,,0,,nan,
golem_ik,kinematic,golem_ik,nan,,0,b088_d10_e10,88,0.1,0.1,0.414399,0.400271,0.138246,0.367844,-0.447123,-0.0490683,0.953332,0,0,1,0,nan,0.0525198,0.00957021,0.0954694,0.00329516,0.00144582,0.0525198,0.00237049,1.0024,1.0024,1.0024,0,0,nan,,,nan,nan,,,,,,,,,,,,,0,1,4.00564,current,0.0776939,,0,,nan,
golem_ik,kinematic,golem_ik,nan,,0,b088_d10_e20,88,0.1,0.2,0.499822,0.452261,0.138246,0.445436,-0.510207,-0.0490683,0.953332,0,0,0,0,nan,0.126258,0.0860225,0.166493,0.0222509,0.00339972,0.126258,0.0128253,1.0024,1.0024,1.0024,0,0,nan,,,nan,nan,,,,,,,,,,,,,0,1,4.00894,arms_front_45,0.0801656,,0,,nan,
golem_ik,kinematic,golem_ik,nan,,0,b088_d20_e00,88,0.2,0,0.328976,0.348281,0.0382462,0.290252,-0.38404,-0.149068,0.853332,1,0,1,0,nan,0.0709641,0.0244552,0.117473,0.0115595,0.000423114,0.0709641,0.0059913,1.0024,1.0024,1.0024,0,0,nan,,,nan,nan,,,,,,,,,,,,,0,1,4.00992,arms_front_45,0.0652844,,0,,nan,
golem_ik,kinematic,golem_ik,nan,,0,b088_d20_e10,88,0.2,0.1,0.414399,0.400271,0.0382462,0.367844,-0.447123,-0.149068,0.853332,1,0,0,0,nan,0.125412,0.0783639,0.172459,0.0302598,0.00174928,0.125412,0.0160046,1.0024,1.0024,1.0024,0,0,nan,,,nan,nan,,,,,,,,,,,,,0,1,4.0081,arms_front_45,0.0727116,,0,,nan,
golem_ik,kinematic,golem_ik,nan,,0,b088_d20_e20,88,0.2,0.2,0.499822,0.452261,0.0382462,0.445436,-0.510207,-0.149068,0.853332,1,0,0,0,nan,0.19108,0.14568,0.23648,0.0450132,0.0036514,0.19108,0.0243323,1.0024,1.0024,1.0024,0,0,nan,,,nan,nan,,,,,,,,,,,,,0,1,4.00768,arms_front_45,0.0789627,,0,,nan,
golem_ik,kinematic,golem_ik,nan,,0,b088_d30_e00,88,0.3,0,0.328976,0.348281,-0.0617538,0.290252,-0.38404,-0.249068,0.753332,1,0,0,0,nan,0.155566,0.105456,0.205677,0.04955,1.3339e-05,0.155566,0.0247817,1.0024,1.0024,1.0024,0,0,nan,,,nan,nan,,,,,,,,,,,,,0,1,4.01068,arms_front_45,0.0617804,,0,,nan,
golem_ik,kinematic,golem_ik,nan,,0,b088_d30_e10,88,0.3,0.1,0.414399,0.400271,-0.0617538,0.367844,-0.447123,-0.249068,0.753332,1,0,0,0,nan,0.204014,0.153441,0.254587,0.0617778,0.00155644,0.204014,0.0316671,1.0024,1.0024,1.0024,0,0,nan,,,nan,nan,,,,,,,,,,,,,0,1,4.00792,arms_front_45,0.0686003,,0,,nan,
golem_ik,kinematic,golem_ik,nan,,0,b088_d30_e20,88,0.3,0.2,0.499822,0.452261,-0.0617538,0.445436,-0.510207,-0.249068,0.753332,1,0,0,0,nan,0.263017,0.213569,0.312466,0.0720973,0.00350817,0.263017,0.0378027,1.0024,1.0024,1.0024,0,0,nan,,,nan,nan,,,,,,,,,,,,,0,1,4.01057,arms_front_45,0.0745772,,0,,nan,
golem_ik,kinematic,golem_ik,nan,,0,b088_d40_e00,88,0.4,0,0.328976,0.348281,-0.161754,0.290252,-0.38404,-0.349068,0.653332,1,0,0,0,nan,0.242965,0.189398,0.296533,0.0868306,0.000785265,0.242965,0.0438079,1.0024,1.0024,1.0024,0,0,nan,,,nan,nan,,,,,,,,,,,,,0,1,4.00739,arms_front_45,0.0590779,,0,,nan,
golem_ik,kinematic,golem_ik,nan,,0,b088_d40_e10,88,0.4,0.1,0.414399,0.400271,-0.161754,0.367844,-0.447123,-0.349068,0.653332,1,0,0,0,nan,0.286641,0.232868,0.340414,0.0943448,0.00098167,0.286641,0.0476632,1.0024,1.0024,1.0024,0,0,nan,,,nan,nan,,,,,,,,,,,,,0,1,4.0067,arms_front_45,0.0653032,,0,,nan,
golem_ik,kinematic,golem_ik,nan,,0,b088_d40_e20,88,0.4,0.2,0.499822,0.452261,-0.161754,0.445436,-0.510207,-0.349068,0.653332,1,0,0,0,nan,0.340127,0.287267,0.392988,0.100809,0.00303048,0.340127,0.0519196,1.0024,1.0024,1.0024,0,0,nan,,,nan,nan,,,,,,,,,,,,,0,1,4.01058,arms_front_45,0.0709296,,0,,nan,
golem_ik,kinematic,golem_ik,nan,,0,b088_d50_e00,88,0.5,0,0.328976,0.348281,-0.261754,0.290252,-0.38404,-0.449068,0.553332,1,0,0,0,nan,0.332503,0.275742,0.389265,0.122023,0.00183805,0.332503,0.0619307,1.0024,1.0024,1.0024,0,0,nan,,,nan,nan,,,,,,,,,,,,,0,1,4.00829,t_pose,0.0568353,,0,,nan,
golem_ik,kinematic,golem_ik,nan,,0,b088_d50_e10,88,0.5,0.1,0.414399,0.400271,-0.261754,0.367844,-0.447123,-0.449068,0.553332,1,0,0,0,nan,0.372264,0.315569,0.428959,0.126108,0.000131988,0.372264,0.0631202,1.0024,1.0024,1.0024,0,0,nan,,,nan,nan,,,,,,,,,,,,,0,1,4.00546,arms_front_45,0.0626316,,0,,nan,
golem_ik,kinematic,golem_ik,nan,,0,b088_d50_e20,88,0.5,0.2,0.499822,0.452261,-0.261754,0.445436,-0.510207,-0.449068,0.553332,1,0,0,0,nan,0.421129,0.36529,0.476969,0.129455,0.00229532,0.421129,0.0658752,1.0024,1.0024,1.0024,0,0,nan,,,nan,nan,,,,,,,,,,,,,0,1,4.00786,arms_front_45,0.067891,,0,,nan,
golem_ik,kinematic,golem_ik,nan,,0,b088_d60_e00,88,0.6,0,0.328976,0.348281,-0.361754,0.290252,-0.38404,-0.549068,0.453332,1,0,0,0,nan,0.423732,0.364103,0.48336,0.154468,0.0030383,0.423732,0.0787531,1.0024,1.0024,1.0024,0,0,nan,,,nan,nan,,,,,,,,,,,,,0,1,4.00912,t_pose,0.0551473,,0,,nan,
golem_ik,kinematic,golem_ik,nan,,0,b088_d60_e10,88,0.6,0.1,0.414399,0.400271,-0.361754,0.367844,-0.447123,-0.549068,0.453332,1,0,0,0,nan,0.460201,0.40086,0.519542,0.156064,0.000890933,0.460201,0.0784772,1.0024,1.0024,1.0024,0,0,nan,,,nan,nan,,,,,,,,,,,,,0,1,4.00997,t_pose,0.0603655,,0,,nan,
golem_ik,kinematic,golem_ik,nan,,0,b088_d60_e20,88,0.6,0.2,0.499822,0.452261,-0.361754,0.445436,-0.510207,-0.549068,0.453332,1,0,0,0,nan,0.505147,0.446672,0.563621,0.156991,0.00141005,0.505147,0.0792007,1.0024,1.0024,1.0024,0,0,nan,,,nan,nan,,,,,,,,,,,,,0,1,4.00535,arms_front_45,0.065366,,0,,nan,
golem_ik,kinematic,golem_ik,nan,,0,b088_d70_e00,88,0.7,0,0.328976,0.348281,-0.461754,0.290252,-0.38404,-0.649068,0.353332,1,0,0,0,nan,0.516323,0.454168,0.578478,0.183898,0.00427138,0.516323,0.0940847,1.0024,1.0024,1.0024,0,0,nan,,,nan,nan,,,,,,,,,,,,,0,1,4.01059,t_pose,0.0538256,,0,,nan,
golem_ik,kinematic,golem_ik,nan,,0,b088_d70_e10,88,0.7,0.1,0.414399,0.400271,-0.461754,0.367844,-0.447123,-0.649068,0.353332,1,0,0,0,nan,0.549978,0.488274,0.611681,0.183633,0.00199988,0.549978,0.0928164,1.0024,1.0024,1.0024,0,0,nan,,,nan,nan,,,,,,,,,,,,,0,1,4.01215,t_pose,0.058631,,0,,nan,
golem_ik,kinematic,golem_ik,nan,,0,b088_d70_e20,88,0.7,0.2,0.499822,0.452261,-0.461754,0.445436,-0.510207,-0.649068,0.353332,1,0,0,0,nan,0.591556,0.530749,0.652363,0.182801,0.000634519,0.591556,0.0917177,1.0024,1.0024,1.0024,0,0,nan,,,nan,nan,,,,,,,,,,,,,0,1,4.00602,arms_front_45,0.0632721,,0,,nan,
golem_ik,kinematic,golem_ik,nan,,0,b088_d80_e00,88,0.8,0,0.328976,0.348281,-0.561754,0.290252,-0.38404,-0.749068,0.253332,1,0,0,0,nan,0.610033,0.545681,0.674384,0.210244,0.00548673,0.610033,0.107865,1.0024,1.0024,1.0024,0,0,nan,,,nan,nan,,,,,,,,,,,,,0,1,4.01035,t_pose,0.0528293,,0,,nan,
golem_ik,kinematic,golem_ik,nan,,0,b088_d80_e10,88,0.8,0.1,0.414399,0.400271,-0.561754,0.367844,-0.447123,-0.749068,0.253332,1,0,0,0,nan,0.641249,0.57746,0.705039,0.20858,0.00321507,0.641249,0.105898,1.0024,1.0024,1.0024,0,0,nan,,,nan,nan,,,,,,,,,,,,,0,1,4.01351,t_pose,0.0572751,,0,,nan,
golem_ik,kinematic,golem_ik,nan,,0,b088_d80_e20,88,0.8,0.2,0.499822,0.452261,-0.561754,0.445436,-0.510207,-0.749068,0.253332,1,0,0,0,nan,0.679901,0.617039,0.742763,0.20652,0.00113183,0.679901,0.103826,1.0024,1.0024,1.0024,0,0,nan,,,nan,nan,,,,,,,,,,,,,0,1,4.0095,arms_front_45,0.0615395,,0,,nan,
golem_ik,kinematic,golem_ik,nan,,0,b088_d90_e00,88,0.9,0,0.328976,0.348281,-0.661754,0.290252,-0.38404,-0.849068,0.153332,1,0,0,0,nan,0.704674,0.638431,0.770917,0.233506,0.00678653,0.704674,0.120146,1.0024,1.0024,1.0024,0,0,nan,,,nan,nan,,,,,,,,,,,,,0,1,4.00714,t_pose,0.0520899,,0,,nan,
golem_ik,kinematic,golem_ik,nan,,0,b088_d90_e10,88,0.9,0.1,0.414399,0.400271,-0.661754,0.367844,-0.447123,-0.849068,0.153332,1,0,0,0,nan,0.733763,0.66815,0.799377,0.230761,0.00473781,0.733763,0.11775,1.0024,1.0024,1.0024,0,0,nan,,,nan,nan,,,,,,,,,,,,,0,1,4.01212,t_pose,0.0562455,,0,,nan,
golem_ik,kinematic,golem_ik,nan,,0,b088_d90_e20,88,0.9,0.2,0.499822,0.452261,-0.661754,0.445436,-0.510207,-0.849068,0.153332,1,0,0,0,nan,0.769843,0.705186,0.8345,0.227914,0.0023826,0.769843,0.115148,1.0024,1.0024,1.0024,0,0,nan,,,nan,nan,,,,,,,,,,,,,0,1,4.00858,arms_front_45,0.0600821,,0,,nan,
golem_ik,kinematic,golem_ik,nan,,0,b088_d100_e00,88,1,0,0.328976,0.348281,-0.761754,0.290252,-0.38404,-0.949068,0.0533317,1,0,0,0,nan,0.800119,0.732259,0.867979,0.253637,0.00851833,0.800119,0.131078,1.0024,1.0024,1.0024,0,0,nan,,,nan,nan,,,,,,,,,,,,,0,1,4.00897,t_pose,0.0516281,,0,,nan,
golem_ik,kinematic,golem_ik,nan,,0,b088_d100_e10,88,1,0.1,0.414399,0.400271,-0.761754,0.367844,-0.447123,-0.949068,0.0533317,1,0,0,0,nan,0.827325,0.76013,0.894519,0.250116,0.00677107,0.827325,0.128444,1.0024,1.0024,1.0024,0,0,nan,,,nan,nan,,,,,,,,,,,,,0,1,4.01041,t_pose,0.0554644,,0,,nan,
golem_ik,kinematic,golem_ik,nan,,0,b088_d100_e20,88,1,0.2,0.499822,0.452261,-0.761754,0.445436,-0.510207,-0.949068,0.0533317,1,0,0,0,nan,0.861119,0.794909,0.927329,0.246836,0.00389059,0.861119,0.125363,1.0024,1.0024,1.0024,0,0,nan,,,nan,nan,,,,,,,,,,,,,0,1,4.00822,arms_front_45,0.058306,,0,,nan,
golem_ik,kinematic,golem_ik,nan,,0,b089_d00_e00,89,0,0,0.267075,0.211342,0.689842,0.474656,-0.0707183,0.193262,1.19566,0,1,1,1,nan,0.000312042,4.44329e-06,0.000619641,9.53777e-06,0.00047458,0.000312042,0.000242059,1.0024,1.0024,1.0024,0,0,nan,,,nan,nan,,,,,,,,,,,,,0,1,1.17702,t_pose,0.0533932,,0,,nan,
golem_ik,kinematic,golem_ik,nan,,0,b089_d00_e10,89,0,0.1,0.364381,0.234398,0.689842,0.573354,-0.0546361,0.193262,1.19566,0,0,1,0,nan,0.0404587,5.55112e-17,0.0809173,8.18944e-16,0.000174653,0.0404587,8.73267e-05,1.0024,1.0024,1.0024,0,0,nan,,,nan,nan,,,,,,,,,,,,,0,1,4.00976,arms_front_45,0.0520882,,0,,nan,
golem_ik,kinematic,golem_ik,nan,,0,b089_d00_e20,89,0,0.2,0.461687,0.257454,0.689842,0.672052,-0.0385539,0.193262,1.19566,0,0,1,0,nan,0.0869295,1.65147e-07,0.173859,1.93391e-08,0.000530866,0.0869295,0.000265443,1.0024,1.0024,1.0024,0,0,nan,,,nan,nan,,,,,,,,,,,,,0,1,4.00968,arms_front_45,0.0520551,,0,,nan,
golem_ik,kinematic,golem_ik,nan,,0,b089_d10_e00,89,0.1,0,0.267075,0.211342,0.589842,0.474656,-0.0707183,0.093262,1.09566,0,1,1,1,nan,0.0208752,1.27192e-16,0.0417504,8.88969e-16,2.2716e-05,0.0208752,1.1358e-05,1.0024,1.0024,1.0024,0,0,nan,,,nan,nan,,,,,,,,,,,,,0,1,4.0063,arms_front_45,0.0435662,,0,,nan,
golem_ik,kinematic,golem_ik,nan,,0,b089_d10_e10,89,0.1,0.1,0.364381,0.234398,0.589842,0.573354,-0.0546361,0.093262,1.09566,0,0,1,0,nan,0.0627462,0,0.125492,8.92857e-16,0.000221173,0.0627462,0.000110586,1.0024,1.0024,1.0024,0,0,nan,,,nan,nan,,,,,,,,,,,,,0,1,4.00843,arms_front_45,0.0473806,,0,,nan,
golem_ik,kinematic,golem_ik,nan,,0,b089_d10_e20,89,0.1,0.2,0.461687,0.257454,0.589842,0.672052,-0.0385539,0.093262,1.09566,0,0,1,0,nan,0.106552,4.01637e-09,0.213105,7.12062e-10,0.000568137,0.106552,0.000284069,1.0024,1.0024,1.0024,0,0,nan,,,nan,nan,,,,,,,,,,,,,0,1,4.00995,arms_front_45,0.0505111,,0,,nan,
golem_ik,kinematic,golem_ik,nan,,0,b089_d20_e00,89,0.2,0,0.267075,0.211342,0.489842,0.474656,-0.0707183,-0.006738,0.995662,0,0,1,0,nan,0.0520963,8.32667e-17,0.104193,1.02389e-15,2.56023e-05,0.0520963,1.28012e-05,1.0024,1.0024,1.0024,0,0,nan,,,nan,nan,,,,,,,,,,,,,0,1,4.00611,arms_front_45,0.0403987,,0,,nan,
golem_ik,kinematic,golem_ik,nan,,0,b089_d20_e10,89,0.2,0.1,0.364381,0.234398,0.489842,0.573354,-0.0546361,-0.006738,0.995662,0,0,1,0,nan,0.0904647,0,0.180929,1.03396e-15,0.000252811,0.0904647,0.000126405,1.0024,1.0024,1.0024,0,0,nan,,,nan,nan,,,,,,,,,,,,,0,1,4.00863,arms_front_45,0.0438663,,0,,nan,
golem_ik,kinematic,golem_ik,nan,,0,b089_d20_e20,89,0.2,0.2,0.461687,0.257454,0.489842,0.672052,-0.0385539,-0.006738,0.995662,0,0,1,0,nan,0.131336,1.48424e-07,0.262672,3.18703e-08,0.00060061,0.131336,0.000300321,1.0024,1.0024,1.0024,0,0,nan,,,nan,nan,,,,,,,,,,,,,0,1,4.00714,arms_front_45,0.0468995,,0,,nan,
golem_ik,kinematic,golem_ik,nan,,0,b089_d30_e00,89,0.3,0,0.267075,0.211342,0.389842,0.474656,-0.0707183,-0.106738,0.895662,0,0,1,0,nan,0.0874781,0,0.174956,8.52061e-16,5.82935e-06,0.0874781,2.91468e-06,1.0024,1.0024,1.0024,0,0,nan,,,nan,nan,,,,,,,,,,,,,0,1,4.00775,arms_front_45,0.038371,,0,,nan,
golem_ik,kinematic,golem_ik,nan,,0,b089_d30_e10,89,0.3,0.1,0.364381,0.234398,0.389842,0.573354,-0.0546361,-0.106738,0.895662,0,0,1,0,nan,0.122496,4.98769e-12,0.244993,1.6161e-12,0.000263282,0.122496,0.000131641,1.0024,1.0024,1.0024,0,0,nan,,,nan,nan,,,,,,,,,,,,,0,1,4.00853,arms_front_45,0.041342,,0,,nan,
golem_ik,kinematic,golem_ik,nan,,0,b089_d30_e20,89,0.3,0.2,0.461687,0.257454,0.389842,0.672052,-0.0385539,-0.106738,0.895662,0,0,1,0,nan,0.160672,0.000519562,0.320824,0.000276209,0.000619675,0.160672,0.000447942,1.0024,1.0024,1.0024,0,0,nan,,,nan,nan,,,,,,,,,,,,,0,1,4.00832,arms_front_45,0.0441093,,0,,nan,
golem_ik,kinematic,golem_ik,nan,,0,b089_d40_e00,89,0.4,0,0.267075,0.211342,0.289842,0.474656,-0.0707183,-0.206738,0.795662,1,0,1,0,nan,0.128447,0.00501904,0.251874,0.00419135,4.85062e-05,0.128447,0.00211993,1.0024,1.0024,1.0024,0,0,nan,,,nan,nan,,,,,,,,,,,,,0,1,4.01403,arms_front_45,0.0371149,,0,,nan,
golem_ik,kinematic,golem_ik,nan,,0,b089_d40_e10,89,0.4,0.1,0.364381,0.234398,0.289842,0.573354,-0.0546361,-0.206738,0.795662,1,0,1,0,nan,0.158215,0.000633697,0.315797,0.000375514,0.000251688,0.158215,0.000313601,1.0024,1.0024,1.0024,0,0,nan,,,nan,nan,,,,,,,,,,,,,0,1,4.00344,arms_front_45,0.0395761,,0,,nan,
golem_ik,kinematic,golem_ik,nan,,0,b089_d40_e20,89,0.4,0.2,0.461687,0.257454,0.289842,0.672052,-0.0385539,-0.206738,0.795662,1,0,1,0,nan,0.201175,0.0163685,0.385981,0.00904049,0.000621242,0.201175,0.00483087,1.0024,1.0024,1.0024,0,0,nan,,,nan,nan,,,,,,,,,,,,,0,1,4.01241,arms_front_45,0.0420051,,0,,nan,
golem_ik,kinematic,golem_ik,nan,,0,b089_d50_e00,89,0.5,0,0.267075,0.211342,0.189842,0.474656,-0.0707183,-0.306738,0.695662,1,0,1,0,nan,0.171299,0.00923247,0.333365,0.00551831,0.000113885,0.171299,0.0028161,1.0024,1.0024,1.0024,0,0,nan,,,nan,nan,,,,,,,,,,,,,0,1,4.01035,t_pose,0.0334078,,0,,nan,
golem_ik,kinematic,golem_ik,nan,,0,b089_d50_e10,89,0.5,0.1,0.364381,0.234398,0.189842,0.573354,-0.0546361,-0.306738,0.695662,1,0,1,0,nan,0.207065,0.0222865,0.391843,0.0136937,0.000220188,0.207065,0.00695695,1.0024,1.0024,1.0024,0,0,nan,,,nan,nan,,,,,,,,,,,,,0,1,4.00914,t_pose,0.0363442,,0,,nan,
golem_ik,kinematic,golem_ik,nan,,0,b089_d50_e20,89,0.5,0.2,0.461687,0.257454,0.189842,0.672052,-0.0385539,-0.306738,0.695662,1,0,0,0,nan,0.262333,0.0678642,0.456801,0.0396709,0.000604665,0.262333,0.0201378,1.0024,1.0024,1.0024,0,0,nan,,,nan,nan,,,,,,,,,,,,,0,1,4.00943,arms_front_45,0.0404446,,0,,nan,
golem_ik,kinematic,golem_ik,nan,,0,b089_d60_e00,89,0.6,0,0.267075,0.211342,0.0898422,0.474656,-0.0707183,-0.406738,0.595662,1,0,0,0,nan,0.251138,0.0839911,0.418285,0.0516266,0.000191389,0.251138,0.025909,1.0024,1.0024,1.0024,0,0,nan,,,nan,nan,,,,,,,,,,,,,0,1,4.00791,arms_front_45,0.0199617,,0,,nan,
golem_ik,kinematic,golem_ik,nan,,0,b089_d60_e10,89,0.6,0.1,0.364381,0.234398,0.0898422,0.573354,-0.0546361,-0.406738,0.595662,1,0,0,0,nan,0.287252,0.102532,0.471972,0.0640486,0.000172792,0.287252,0.0321107,1.0024,1.0024,1.0024,0,0,nan,,,nan,nan,,,,,,,,,,,,,0,1,4.01059,arms_front_45,0.0357431,,0,,nan,
golem_ik,kinematic,golem_ik,nan,,0,b089_d60_e20,89,0.6,0.2,0.461687,0.257454,0.0898422,0.672052,-0.0385539,-0.406738,0.595662,1,0,0,0,nan,0.336182,0.140178,0.532185,0.0838535,0.000573603,0.336182,0.0422136,1.0024,1.0024,1.0024,0,0,nan,,,nan,nan,,,,,,,,,,,,,0,1,4.00393,arms_front_45,0.0393019,,0,,nan,
golem_ik,kinematic,golem_ik,nan,,0,b089_d70_e00,89,0.7,0,0.267075,0.211342,-0.0101578,0.474656,-0.0707183,-0.506738,0.495662,1,0,0,0,nan,0.325004,0.144185,0.505824,0.0900932,0.000275034,0.325004,0.0451841,1.0024,1.0024,1.0024,0,0,nan,,,nan,nan,,,,,,,,,,,,,0,1,4.0108,home,0.0225666,,0,,nan,
golem_ik,kinematic,golem_ik,nan,,0,b089_d70_e10,89,0.7,0.1,0.364381,0.234398,-0.0101578,0.573354,-0.0546361,-0.506738,0.495662,1,0,0,0,nan,0.370408,0.185506,0.555309,0.115402,0.000118281,0.370408,0.05776,1.0024,1.0024,1.0024,0,0,nan,,,nan,nan,,,,,,,,,,,,,0,1,4.01277,arms_front_45,0.0356743,,0,,nan,
golem_ik,kinematic,golem_ik,nan,,0,b089_d70_e20,89,0.7,0.2,0.461687,0.257454,-0.0101578,0.672052,-0.0385539,-0.506738,0.495662,1,0,0,0,nan,0.414312,0.217369,0.611254,0.130738,0.000537618,0.414312,0.0656379,1.0024,1.0024,1.0024,0,0,nan,,,nan,nan,,,,,,,,,,,,,0,1,4.00501,arms_front_45,0.0384758,,0,,nan,
golem_ik,kinematic,golem_ik,nan,,0,b089_d80_e00,89,0.8,0,0.267075,0.211342,-0.110158,0.474656,-0.0707183,-0.606738,0.395662,1,0,0,0,nan,0.402208,0.209035,0.59538,0.140369,0.000354565,0.402208,0.0703615,1.0024,1.0024,1.0024,0,0,nan,,,nan,nan,,,,,,,,,,,,,0,1,4.01094,home,0.0222598,,0,,nan,
golem_ik,kinematic,golem_ik,nan,,0,b089_d80_e10,89,0.8,0.1,0.364381,0.234398,-0.110158,0.573354,-0.0546361,-0.606738,0.395662,1,0,0,0,nan,0.453182,0.265172,0.641192,0.163414,8.78785e-05,0.453182,0.0817508,1.0024,1.0024,1.0024,0,0,nan,,,nan,nan,,,,,,,,,,,,,0,1,4.01102,home,0.0364987,,0,,nan,
golem_ik,kinematic,golem_ik,nan,,0,b089_d80_e20,89,0.8,0.2,0.461687,0.257454,-0.110158,0.672052,-0.0385539,-0.606738,0.395662,1,0,0,0,nan,0.495564,0.297817,0.693312,0.178333,0.000537939,0.495564,0.0894354,1.0024,1.0024,1.0024,0,0,nan,,,nan,nan,,,,,,,,,,,,,0,1,4.01029,arms_front_45,0.0378934,,0,,nan,
golem_ik,kinematic,golem_ik,nan,,0,b089_d90_e00,89,0.9,0,0.267075,0.211342,-0.210158,0.474656,-0.0707183,-0.706738,0.295662,1,0,0,0,nan,0.48531,0.284097,0.686522,0.185809,0.000397454,0.48531,0.0931034,1.0024,1.0024,1.0024,0,0,nan,,,nan,nan,,,,,,,,,,,,,0,1,4.00384,current,0.0159269,,0,,nan,
golem_ik,kinematic,golem_ik,nan,,0,b089_d90_e10,89,0.9,0.1,0.364381,0.234398,-0.210158,0.573354,-0.0546361,-0.706738,0.295662,1,0,0,0,nan,0.529989,0.330872,0.729105,0.200407,0.000189981,0.529989,0.100299,1.0024,1.0024,1.0024,0,0,nan,,,nan,nan,,,,,,,,,,,,,0,1,4.00454,home,0.0196965,,0,,nan,
golem_ik,kinematic,golem_ik,nan,,0,b089_d90_e20,89,0.9,0.2,0.461687,0.257454,-0.210158,0.672052,-0.0385539,-0.706738,0.295662,1,0,0,0,nan,0.579219,0.380628,0.777809,0.225364,0.000658541,0.579219,0.113011,1.0024,1.0024,1.0024,0,0,nan,,,nan,nan,,,,,,,,,,,,,0,1,4.0113,arms_front_45,0.0375047,,0,,nan,
golem_ik,kinematic,golem_ik,nan,,0,b089_d100_e00,89,1,0,0.267075,0.211342,-0.310158,0.474656,-0.0707183,-0.806738,0.195662,1,0,0,0,nan,0.570572,0.362216,0.778928,0.240576,0.000440992,0.570572,0.120508,1.0024,1.0024,1.0024,0,0,nan,,,nan,nan,,,,,,,,,,,,,0,1,4.00816,current,0.0147274,,0,,nan,
golem_ik,kinematic,golem_ik,nan,,0,b089_d100_e10,89,1,0.1,0.364381,0.234398,-0.310158,0.573354,-0.0546361,-0.806738,0.195662,1,0,0,0,nan,0.60982,0.400974,0.818665,0.253208,0.00045827,0.60982,0.126833,1.0024,1.0024,1.0024,0,0,nan,,,nan,nan,,,,,,,,,,,,,0,1,4.0102,current,0.0218455,,0,,nan,
golem_ik,kinematic,golem_ik,nan,,0,b089_d100_e20,89,1,0.2,0.461687,0.257454,-0.310158,0.672052,-0.0385539,-0.806738,0.195662,1,0,0,0,nan,0.659968,0.455602,0.864335,0.264678,0.00141864,0.659968,0.133048,1.0024,1.0024,1.0024,0,0,nan,,,nan,nan,,,,,,,,,,,,,0,1,4.01168,home,0.0203107,,0,,nan,
golem_ik,kinematic,golem_ik,nan,,0,b090_d00_e00,90,0,0,0.497,0.194424,0.699344,0.252692,-0.449228,0.774816,1.70174,0,1,1,1,nan,0.000224606,0.000449208,3.8699e-09,0.000262854,6.33678e-10,0.000224606,0.000131427,1.0024,1.0024,1.0024,0,0,nan,,,nan,nan,,,,,,,,,,,,,0,1,0.171274,home,0.0466102,,0,,nan,
golem_ik,kinematic,golem_ik,nan,,0,b090_d00_e10,90,0,0.1,0.596567,0.203713,0.699344,0.316968,-0.525835,0.774816,1.70174,0,0,0,1,nan,0.046175,0.0899103,0.00243973,0.00162511,6.78061e-05,0.046175,0.000846457,1.0024,1.0024,1.0024,0,0,nan,,,nan,nan,,,,,,,,,,,,,0,1,4.0078,arms_front_45,0.0473821,,0,,nan,
golem_ik,kinematic,golem_ik,nan,,0,b090_d00_e20,90,0,0.2,0.696135,0.213001,0.699344,0.381244,-0.602442,0.774816,1.70174,0,0,0,0,nan,0.134499,0.182455,0.0865429,0.00355317,0.00902186,0.134499,0.00628751,1.0024,1.0024,1.0024,0,0,nan,,,nan,nan,,,,,,,,,,,,,0,1,4.00847,current,0.0495163,,0,,nan,
golem_ik,kinematic,golem_ik,nan,,0,b090_d10_e00,90,0.1,0,0.497,0.194424,0.599344,0.252692,-0.449228,0.674816,1.60174,0,1,1,1,nan,0.000393804,0.000708765,7.88442e-05,0.000475123,5.09363e-05,0.000393804,0.00026303,1.0024,1.0024,1.0024,0,0,nan,,,nan,nan,,,,,,,,,,,,,0,1,0.137285,home,0.0678676,,0,,nan,
golem_ik,kinematic,golem_ik,nan,,0,b090_d10_e10,90,0.1,0.1,0.596567,0.203713,0.599344,0.316968,-0.525835,0.674816,1.60174,0,0,0,1,nan,0.0285688,0.0571377,0,0.00119012,1.15574e-16,0.0285688,0.000595062,1.0024,1.0024,1.0024,0,0,nan,,,nan,nan,,,,,,,,,,,,,0,1,4.00936,t_pose,0.0512522,,0,,nan,
golem_ik,kinematic,golem_ik,nan,,0,b090_d10_e20,90,0.1,0.2,0.696135,0.213001,0.599344,0.381244,-0.602442,0.674816,1.60174,0,0,0,1,nan,0.100259,0.153951,0.0465674,0.00335806,0.00932054,0.100259,0.0063393,1.0024,1.0024,1.0024,0,0,nan,,,nan,nan,,,,,,,,,,,,,0,1,4.0058,current,0.0528952,,0,,nan,
golem_ik,kinematic,golem_ik,nan,,0,b090_d20_e00,90,0.2,0,0.497,0.194424,0.499344,0.252692,-0.449228,0.574816,1.50174,0,1,1,1,nan,7.72549e-05,0.00013788,1.66303e-05,0.0001304,1.64445e-05,7.72549e-05,7.34222e-05,1.0024,1.0024,1.0024,0,0,nan,,,nan,nan,,,,,,,,,,,,,0,1,0.120033,home,0.0772309,,0,,nan,
golem_ik,kinematic,golem_ik,nan,,0,b090_d20_e10,90,0.2,0.1,0.596567,0.203713,0.499344,0.316968,-0.525835,0.574816,1.50174,0,1,1,1,nan,0.0197123,0.0394246,1.57009e-16,0.000916974,3.14149e-16,0.0197123,0.000458487,1.0024,1.0024,1.0024,0,0,nan,,,nan,nan,,,,,,,,,,,,,0,1,4.00753,t_pose,0.0555907,,0,,nan,
golem_ik,kinematic,golem_ik,nan,,0,b090_d20_e20,90,0.2,0.2,0.696135,0.213001,0.499344,0.381244,-0.602442,0.574816,1.50174,0,0,0,1,nan,0.083227,0.138694,0.0277601,0.00330651,0.00909447,0.083227,0.00620049,1.0024,1.0024,1.0024,0,0,nan,,,nan,nan,,,,,,,,,,,,,0,1,4.00991,arms_front_45,0.0567681,,0,,nan,
golem_ik,kinematic,golem_ik,nan,,0,b090_d30_e00,90,0.3,0,0.497,0.194424,0.399344,0.252692,-0.449228,0.474816,1.40174,0,1,1,1,nan,2.41615e-05,4.5187e-05,3.13607e-06,4.46634e-05,2.87506e-06,2.41615e-05,2.37692e-05,1.0024,1.0024,1.0024,0,0,nan,,,nan,nan,,,,,,,,,,,,,0,1,0.10694,home,0.0814467,,0,,nan,
golem_ik,kinematic,golem_ik,nan,,0,b090_d30_e10,90,0.3,0.1,0.596567,0.203713,0.399344,0.316968,-0.525835,0.474816,1.40174,0,1,1,1,nan,0.0190375,0.038075,1.11022e-16,0.000955348,2.10193e-16,0.0190375,0.000477674,1.0024,1.0024,1.0024,0,0,nan,,,nan,nan,,,,,,,,,,,,,0,1,4.00571,arms_front_45,0.0601908,,0,,nan,
golem_ik,kinematic,golem_ik,nan,,0,b090_d30_e20,90,0.3,0.2,0.696135,0.213001,0.399344,0.381244,-0.602442,0.474816,1.40174,0,0,0,1,nan,0.0848921,0.137535,0.0322495,0.00349157,0.0142389,0.0848921,0.00886524,1.0024,1.0024,1.0024,0,0,nan,,,nan,nan,,,,,,,,,,,,,0,1,4.00721,arms_front_45,0.060805,,0,,nan,
golem_ik,kinematic,golem_ik,nan,,0,b090_d40_e00,90,0.4,0,0.497,0.194424,0.299344,0.252692,-0.449228,0.374816,1.30174,0,1,1,1,nan,5.36571e-05,0.000105095,2.21884e-06,8.45009e-05,1.32191e-06,5.36571e-05,4.29114e-05,1.0024,1.0024,1.0024,0,0,nan,,,nan,nan,,,,,,,,,,,,,0,1,0.0977552,home,0.073808,,0,,nan,
golem_ik,kinematic,golem_ik,nan,,0,b090_d40_e10,90,0.4,0.1,0.596567,0.203713,0.299344,0.316968,-0.525835,0.374816,1.30174,0,0,0,1,nan,0.0265783,0.0531567,1.11022e-16,0.00139025,1.2661e-16,0.0265783,0.000695123,1.0024,1.0024,1.0024,0,0,nan,,,nan,nan,,,,,,,,,,,,,0,1,4.00894,arms_front_45,0.0648812,,0,,nan,
golem_ik,kinematic,golem_ik,nan,,0,b090_d40_e20,90,0.4,0.2,0.696135,0.213001,0.299344,0.381244,-0.602442,0.374816,1.30174,0,0,0,0,nan,0.102569,0.15052,0.0546178,0.00396551,0.0280298,0.102569,0.0159977,1.0024,1.0024,1.0024,0,0,nan,,,nan,nan,,,,,,,,,,,,,0,1,4.00974,arms_front_45,0.0648213,,0,,nan,
golem_ik,kinematic,golem_ik,nan,,0,b090_d50_e00,90,0.5,0,0.497,0.194424,0.199344,0.252692,-0.449228,0.274816,1.20174,0,1,1,1,nan,0.000326023,0.000651621,4.2457e-07,0.000366112,1.34661e-07,0.000326023,0.000183124,1.0024,1.0024,1.0024,0,0,nan,,,nan,nan,,,,,,,,,,,,,0,1,0.0999746,home,0.0660958,,0,,nan,
golem_ik,kinematic,golem_ik,nan,,0,b090_d50_e10,90,0.5,0.1,0.596567,0.203713,0.199344,0.316968,-0.525835,0.274816,1.20174,0,0,0,1,nan,0.0464463,0.0835069,0.00938566,0.00220971,0.00562321,0.0464463,0.00391646,1.0024,1.0024,1.0024,0,0,nan,,,nan,nan,,,,,,,,,,,,,0,1,4.01052,arms_front_45,0.0686682,,0,,nan,
golem_ik,kinematic,golem_ik,nan,,0,b090_d50_e20,90,0.5,0.2,0.696135,0.213001,0.199344,0.381244,-0.602442,0.274816,1.20174,0,0,0,0,nan,0.131942,0.176887,0.0869963,0.00532296,0.0472577,0.131942,0.0262903,1.0024,1.0024,1.0024,0,0,nan,,,nan,nan,,,,,,,,,,,,,0,1,4.00991,arms_front_45,0.0686777,,0,,nan,
golem_ik,kinematic,golem_ik,nan,,0,b090_d60_e00,90,0.6,0,0.497,0.194424,0.0993442,0.252692,-0.449228,0.174816,1.10174,0,1,1,1,nan,0.0213072,0.0426143,0,0.00107707,1.01103e-16,0.0213072,0.000538536,1.0024,1.0024,1.0024,0,0,nan,,,nan,nan,,,,,,,,,,,,,0,1,4.00904,arms_front_45,0.059047,,0,,nan,
golem_ik,kinematic,golem_ik,nan,,0,b090_d60_e10,90,0.6,0.1,0.596567,0.203713,0.0993442,0.316968,-0.525835,0.174816,1.10174,0,0,0,1,nan,0.0856522,0.127111,0.0441936,0.00332487,0.025434,0.0856522,0.0143794,1.0024,1.0024,1.0024,0,0,nan,,,nan,nan,,,,,,,,,,,,,0,1,4.0062,arms_front_45,0.0632108,,0,,nan,
golem_ik,kinematic,golem_ik,nan,,0,b090_d60_e20,90,0.6,0.2,0.696135,0.213001,0.0993442,0.381244,-0.602442,0.174816,1.10174,0,0,0,0,nan,0.169106,0.21528,0.122931,0.00662359,0.0660648,0.169106,0.0363442,1.0024,1.0024,1.0024,0,0,nan,,,nan,nan,,,,,,,,,,,,,0,1,4.00771,arms_front_45,0.0664982,,0,,nan,
golem_ik,kinematic,golem_ik,nan,,0,b090_d70_e00,90,0.7,0,0.497,0.194424,-0.000655842,0.252692,-0.449228,0.0748163,1.00174,0,0,0,1,nan,0.0585534,0.104096,0.0130111,0.00253335,0.00690002,0.0585534,0.00471668,1.0024,1.0024,1.0024,0,0,nan,,,nan,nan,,,,,,,,,,,,,0,1,4.00597,arms_front_45,0.0545466,,0,,nan,
golem_ik,kinematic,golem_ik,nan,,0,b090_d70_e10,90,0.7,0.1,0.596567,0.203713,-0.000655842,0.316968,-0.525835,0.0748163,1.00174,0,0,0,0,nan,0.132416,0.181649,0.0831821,0.00461944,0.0424155,0.132416,0.0235175,1.0024,1.0024,1.0024,0,0,nan,,,nan,nan,,,,,,,,,,,,,0,1,4.00312,arms_front_45,0.0587107,,0,,nan,
golem_ik,kinematic,golem_ik,nan,,0,b090_d70_e20,90,0.7,0.2,0.696135,0.213001,-0.000655842,0.381244,-0.602442,0.0748163,1.00174,0,0,0,0,nan,0.213111,0.264035,0.162187,0.00686608,0.0815111,0.213111,0.0441886,1.0024,1.0024,1.0024,0,0,nan,,,nan,nan,,,,,,,,,,,,,0,1,4.00999,arms_front_45,0.062162,,0,,nan,
golem_ik,kinematic,golem_ik,nan,,0,b090_d80_e00,90,0.8,0,0.497,0.194424,-0.100656,0.252692,-0.449228,-0.0251837,0.901744,0,0,0,0,nan,0.126049,0.174057,0.0780405,0.00403891,0.0379657,0.126049,0.0210023,1.0024,1.0024,1.0024,0,0,nan,,,nan,nan,,,,,,,,,,,,,0,1,4.00373,arms_front_45,0.0511784,,0,,nan,
golem_ik,kinematic,golem_ik,nan,,0,b090_d80_e10,90,0.8,0.1,0.596567,0.203713,-0.100656,0.316968,-0.525835,-0.0251837,0.901744,0,0,0,0,nan,0.192181,0.244919,0.139444,0.00598807,0.0649071,0.192181,0.0354476,1.0024,1.0024,1.0024,0,0,nan,,,nan,nan,,,,,,,,,,,,,0,1,4.00811,arms_front_45,0.0551055,,0,,nan,
golem_ik,kinematic,golem_ik,nan,,0,b090_d80_e20,90,0.8,0.2,0.696135,0.213001,-0.100656,0.381244,-0.602442,-0.0251837,0.901744,0,0,0,0,nan,0.265931,0.321431,0.210431,0.00809279,0.0943943,0.265931,0.0512436,1.0024,1.0024,1.0024,0,0,nan,,,nan,nan,,,,,,,,,,,,,0,1,4.01087,arms_front_45,0.0585134,,0,,nan,
golem_ik,kinematic,golem_ik,nan,,0,b090_d90_e00,90,0.9,0,0.497,0.194424,-0.200656,0.252692,-0.449228,-0.125184,0.801744,1,0,0,0,nan,0.201957,0.250318,0.153596,0.00550904,0.0693013,0.201957,0.0374052,1.0024,1.0024,1.0024,0,0,nan,,,nan,nan,,,,,,,,,,,,,0,1,4.00754,arms_front_45,0.0486755,,0,,nan,
golem_ik,kinematic,golem_ik,nan,,0,b090_d90_e10,90,0.9,0.1,0.596567,0.203713,-0.200656,0.316968,-0.525835,-0.125184,0.801744,1,0,0,0,nan,0.261168,0.31504,0.207297,0.00735168,0.0890891,0.261168,0.0482204,1.0024,1.0024,1.0024,0,0,nan,,,nan,nan,,,,,,,,,,,,,0,1,4.0071,arms_front_45,0.0522605,,0,,nan,
golem_ik,kinematic,golem_ik,nan,,0,b090_d90_e20,90,0.9,0.2,0.696135,0.213001,-0.200656,0.381244,-0.602442,-0.125184,0.801744,1,0,0,0,nan,0.328567,0.385913,0.271221,0.00933225,0.112085,0.328567,0.0607089,1.0024,1.0024,1.0024,0,0,nan,,,nan,nan,,,,,,,,,,,,,0,1,4.00903,arms_front_45,0.0555013,,0,,nan,
golem_ik,kinematic,golem_ik,nan,,0,b090_d100_e00,90,1,0,0.497,0.194424,-0.300656,0.252692,-0.449228,-0.225184,0.701744,1,0,0,0,nan,0.283429,0.331272,0.235586,0.00689585,0.0994604,0.283429,0.0531781,1.0024,1.0024,1.0024,0,0,nan,,,nan,nan,,,,,,,,,,,,,0,1,4.00868,arms_front_45,0.0468099,,0,,nan,
golem_ik,kinematic,golem_ik,nan,,0,b090_d100_e10,90,1,0.1,0.596567,0.203713,-0.300656,0.316968,-0.525835,-0.225184,0.701744,1,0,0,0,nan,0.336746,0.390506,0.282986,0.00866,0.113389,0.336746,0.0610243,1.0024,1.0024,1.0024,0,0,nan,,,nan,nan,,,,,,,,,,,,,0,1,4.00998,arms_front_45,0.050028,,0,,nan,
golem_ik,kinematic,golem_ik,nan,,0,b090_d100_e20,90,1,0.2,0.696135,0.213001,-0.300656,0.381244,-0.602442,-0.225184,0.701744,1,0,0,0,nan,0.398349,0.45614,0.340559,0.0105471,0.130788,0.398349,0.0706676,1.0024,1.0024,1.0024,0,0,nan,,,nan,nan,,,,,,,,,,,,,0,1,4.00961,arms_front_45,0.0530426,,0,,nan,
golem_ik,kinematic,golem_ik,nan,,0,b091_d00_e00,91,0,0,0.301093,0.524636,0.763189,0.271932,-0.107418,0.370465,1.37286,0,1,1,1,nan,0.000509904,1.24127e-16,0.00101981,2.07192e-16,0.00065928,0.000509904,0.00032964,1.0024,1.0024,1.0024,0,0,nan,,,nan,nan,,,,,,,,,,,,,0,1,4.01001,current,0.0195547,,0,,nan,
golem_ik,kinematic,golem_ik,nan,,0,b091_d00_e10,91,0,0.1,0.363541,0.602739,0.763189,0.370833,-0.0926363,0.370465,1.37286,0,0,0,1,nan,0.0337428,0.0674857,6.20634e-17,0.000948628,5.04076e-16,0.0337428,0.000474314,1.0024,1.0024,1.0024,0,0,nan,,,nan,nan,,,,,,,,,,,,,0,1,4.00652,current,0.0722672,,0,,nan,
golem_ik,kinematic,golem_ik,nan,,0,b091_d00_e20,91,0,0.2,0.425989,0.680843,0.763189,0.469735,-0.0778547,0.370465,1.37286,0,0,0,1,nan,0.0980127,0.155204,0.0408211,0.00263922,0.0244043,0.0980127,0.0135217,1.0024,1.0024,1.0024,0,0,nan,,,nan,nan,,,,,,,,,,,,,0,1,4.0038,t_pose,0.0598469,,0,,nan,
golem_ik,kinematic,golem_ik,nan,,0,b091_d10_e00,91,0.1,0,0.301093,0.524636,0.663189,0.271932,-0.107418,0.270465,1.27286,0,1,1,1,nan,0.000126104,2.04278e-05,0.00023178,3.46713e-05,0.000148863,0.000126104,9.17674e-05,1.0024,1.0024,1.0024,0,0,nan,,,nan,nan,,,,,,,,,,,,,0,1,0.0769038,home,0.0199745,,0,,nan,
golem_ik,kinematic,golem_ik,nan,,0,b091_d10_e10,91,0.1,0.1,0.363541,0.602739,0.663189,0.370833,-0.0926363,0.270465,1.27286,0,1,1,1,nan,0.0283093,0.022902,0.0337166,0.000455699,0.0211372,0.0283093,0.0107965,1.0024,1.0024,1.0024,0,0,nan,,,nan,nan,,,,,,,,,,,,,0,1,4.00394,t_pose,0.0557313,,0,,nan,
golem_ik,kinematic,golem_ik,nan,,0,b091_d10_e20,91,0.1,0.2,0.425989,0.680843,0.663189,0.469735,-0.0778547,0.270465,1.27286,0,0,0,0,nan,0.104816,0.116484,0.0931473,0.00257105,0.0574792,0.104816,0.0300251,1.0024,1.0024,1.0024,0,0,nan,,,nan,nan,,,,,,,,,,,,,0,1,3.04322,current,0.0530983,,1,,nan,
golem_ik,kinematic,golem_ik,nan,,0,b091_d20_e00,91,0.2,0,0.301093,0.524636,0.563189,0.271932,-0.107418,0.170465,1.17286,0,1,1,1,nan,0.000366018,6.67688e-07,0.000731369,9.12834e-08,0.00262242,0.000366018,0.00131126,1.0024,1.0024,1.0024,0,0,nan,,,nan,nan,,,,,,,,,,,,,0,1,0.0783963,home,0.0412657,,0,,nan,
golem_ik,kinematic,golem_ik,nan,,0,b091_d20_e10,91,0.2,0.1,0.363541,0.602739,0.563189,0.370833,-0.0926363,0.170465,1.17286,0,1,1,1,nan,0.0219857,0,0.0439713,3.65464e-16,0.0271594,0.0219857,0.0135797,1.0024,1.0024,1.0024,0,0,nan,,,nan,nan,,,,,,,,,,,,,0,1,4.00066,arms_front_45,0.0486446,,0,,nan,
golem_ik,kinematic,golem_ik,nan,,0,b091_d20_e20,91,0.2,0.2,0.425989,0.680843,0.563189,0.469735,-0.0778547,0.170465,1.17286,0,0,0,0,nan,0.111258,0.0910263,0.131489,0.00266847,0.0804647,0.111258,0.0415666,1.0024,1.0024,1.0024,0,0,nan,,,nan,nan,,,,,,,,,,,,,0,1,3.0436,arms_front_45,0.0486695,,1,,nan,
golem_ik,kinematic,golem_ik,nan,,0,b091_d30_e00,91,0.3,0,0.301093,0.524636,0.463189,0.271932,-0.107418,0.0704646,1.07286,0,1,1,1,nan,0.000181689,6.80024e-09,0.00036337,1.31613e-09,0.00160307,0.000181689,0.000801538,1.0024,1.0024,1.0024,0,0,nan,,,nan,nan,,,,,,,,,,,,,0,1,0.0985489,home,0.0361286,,0,,nan,
golem_ik,kinematic,golem_ik,nan,,0,b091_d30_e10,91,0.3,0.1,0.363541,0.602739,0.463189,0.370833,-0.0926363,0.0704646,1.07286,0,0,1,0,nan,0.0338554,0,0.0677109,2.1723e-16,0.0387169,0.0338554,0.0193584,1.0024,1.0024,1.0024,0,0,nan,,,nan,nan,,,,,,,,,,,,,0,1,4.0004,t_pose,0.0582101,,0,,nan,
golem_ik,kinematic,golem_ik,nan,,0,b091_d30_e20,91,0.3,0.2,0.425989,0.680843,0.463189,0.469735,-0.0778547,0.0704646,1.07286,0,0,0,0,nan,0.11662,0.0817288,0.151512,0.00962641,0.0869024,0.11662,0.0482644,1.0024,1.0024,1.0024,0,0,nan,,,nan,nan,,,,,,,,,,,,,0,1,3.04517,current,0.0557598,,1,,nan,
golem_ik,kinematic,golem_ik,nan,,0,b091_d40_e00,91,0.4,0,0.301093,0.524636,0.363189,0.271932,-0.107418,-0.0295354,0.972865,0,1,1,1,nan,0.0200747,0,0.0401494,1.00487e-16,0.0189636,0.0200747,0.00948182,1.0024,1.0024,1.0024,0,0,nan,,,nan,nan,,,,,,,,,,,,,0,1,4.00063,arms_front_45,0.0321764,,0,,nan,
golem_ik,kinematic,golem_ik,nan,,0,b091_d40_e10,91,0.4,0.1,0.363541,0.602739,0.363189,0.370833,-0.0926363,-0.0295354,0.972865,0,0,1,0,nan,0.0560426,5.76925e-13,0.112085,5.5744e-14,0.0565713,0.0560426,0.0282856,1.0024,1.0024,1.0024,0,0,nan,,,nan,nan,,,,,,,,,,,,,0,1,4.00255,arms_front_45,0.0524488,,0,,nan,
golem_ik,kinematic,golem_ik,nan,,0,b091_d40_e20,91,0.4,0.2,0.425989,0.680843,0.363189,0.469735,-0.0778547,-0.0295354,0.972865,0,0,0,0,nan,0.139616,0.0897117,0.189521,0.0166026,0.0982841,0.139616,0.0574433,1.0024,1.0024,1.0024,0,0,nan,,,nan,nan,,,,,,,,,,,,,0,1,4.00875,t_pose,0.0558028,,0,,nan,
golem_ik,kinematic,golem_ik,nan,,0,b091_d50_e00,91,0.5,0,0.301093,0.524636,0.263189,0.271932,-0.107418,-0.129535,0.872865,1,0,1,0,nan,0.0547893,0,0.109579,7.58747e-17,0.0426961,0.0547893,0.0213481,1.0024,1.0024,1.0024,0,0,nan,,,nan,nan,,,,,,,,,,,,,0,1,4.00052,home,0.0255562,,0,,nan,
golem_ik,kinematic,golem_ik,nan,,0,b091_d50_e10,91,0.5,0.1,0.363541,0.602739,0.263189,0.370833,-0.0926363,-0.129535,0.872865,1,0,1,0,nan,0.0969134,0.0216606,0.172166,0.00613376,0.0747232,0.0969134,0.0404285,1.0024,1.0024,1.0024,0,0,nan,,,nan,nan,,,,,,,,,,,,,0,1,4.01153,t_pose,0.0437811,,0,,nan,
golem_ik,kinematic,golem_ik,nan,,0,b091_d50_e20,91,0.5,0.2,0.425989,0.680843,0.263189,0.469735,-0.0778547,-0.129535,0.872865,1,0,0,0,nan,0.177764,0.113331,0.242197,0.0266886,0.110956,0.177764,0.0688225,1.0024,1.0024,1.0024,0,0,nan,,,nan,nan,,,,,,,,,,,,,0,1,4.00481,t_pose,0.0508932,,0,,nan,
golem_ik,kinematic,golem_ik,nan,,0,b091_d60_e00,91,0.6,0,0.301093,0.524636,0.163189,0.271932,-0.107418,-0.229535,0.772865,1,0,1,0,nan,0.094599,0,0.189198,9.23218e-17,0.0602617,0.094599,0.0301309,1.0024,1.0024,1.0024,0,0,nan,,,nan,nan,,,,,,,,,,,,,0,1,4.00053,home,0.0240301,,0,,nan,
golem_ik,kinematic,golem_ik,nan,,0,b091_d60_e10,91,0.6,0.1,0.363541,0.602739,0.163189,0.370833,-0.0926363,-0.229535,0.772865,1,0,0,0,nan,0.153367,0.0633056,0.243428,0.0192505,0.0896921,0.153367,0.0544713,1.0024,1.0024,1.0024,0,0,nan,,,nan,nan,,,,,,,,,,,,,0,1,4.00731,t_pose,0.0373896,,0,,nan,
golem_ik,kinematic,golem_ik,nan,,0,b091_d60_e20,91,0.6,0.2,0.425989,0.680843,0.163189,0.469735,-0.0778547,-0.229535,0.772865,1,0,0,0,nan,0.227894,0.149613,0.306175,0.0391339,0.12223,0.227894,0.0806821,1.0024,1.0024,1.0024,0,0,nan,,,nan,nan,,,,,,,,,,,,,0,1,4.00953,t_pose,0.0473465,,0,,nan,
golem_ik,kinematic,golem_ik,nan,,0,b091_d70_e00,91,0.7,0,0.301093,0.524636,0.0631888,0.271932,-0.107418,-0.329535,0.672865,1,0,1,0,nan,0.157516,0.0396452,0.275386,0.0133382,0.0702596,0.157516,0.0417989,1.0024,1.0024,1.0024,0,0,nan,,,nan,nan,,,,,,,,,,,,,0,1,4.01215,t_pose,0.024218,,0,,nan,
golem_ik,kinematic,golem_ik,nan,,0,b091_d70_e10,91,0.7,0.1,0.363541,0.602739,0.0631888,0.370833,-0.0926363,-0.329535,0.672865,1,0,0,0,nan,0.218771,0.115083,0.322458,0.0345509,0.100268,0.218771,0.0674097,1.0024,1.0024,1.0024,0,0,nan,,,nan,nan,,,,,,,,,,,,,0,1,4.00407,t_pose,0.0340216,,0,,nan,
golem_ik,kinematic,golem_ik,nan,,0,b091_d70_e20,91,0.7,0.2,0.425989,0.680843,0.0631888,0.469735,-0.0778547,-0.329535,0.672865,1,0,0,0,nan,0.287376,0.196158,0.378593,0.0526621,0.130693,0.287376,0.0916773,1.0024,1.0024,1.0024,0,0,nan,,,nan,nan,,,,,,,,,,,,,0,1,4.01101,t_pose,0.0448309,,0,,nan,
golem_ik,kinematic,golem_ik,nan,,0,b091_d80_e00,91,0.8,0,0.301093,0.524636,-0.0368112,0.271932,-0.107418,-0.429535,0.572865,1,0,0,0,nan,0.235543,0.105122,0.365965,0.0317118,0.0739481,0.235543,0.05283,1.0024,1.0024,1.0024,0,0,nan,,,nan,nan,,,,,,,,,,,,,0,1,4.0103,t_pose,0.0247749,,0,,nan,
golem_ik,kinematic,golem_ik,nan,,0,b091_d80_e10,91,0.8,0.1,0.363541,0.602739,-0.0368112,0.370833,-0.0926363,-0.429535,0.572865,1,0,0,0,nan,0.29127,0.175342,0.407198,0.0497162,0.103957,0.29127,0.0768367,1.0024,1.0024,1.0024,0,0,nan,,,nan,nan,,,,,,,,,,,,,0,1,4.01025,t_pose,0.0320547,,0,,nan,
golem_ik,kinematic,golem_ik,nan,,0,b091_d80_e20,91,0.8,0.2,0.425989,0.680843,-0.0368112,0.469735,-0.0778547,-0.429535,0.572865,1,0,0,0,nan,0.354316,0.251226,0.457406,0.0660221,0.134558,0.354316,0.10029,1.0024,1.0024,1.0024,0,0,nan,,,nan,nan,,,,,,,,,,,,,0,1,4.01095,t_pose,0.0428356,,0,,nan,
golem_ik,kinematic,golem_ik,nan,,0,b091_d90_e00,91,0.9,0,0.301093,0.524636,-0.136811,0.271932,-0.107418,-0.529535,0.472865,1,0,0,0,nan,0.318569,0.178138,0.459,0.0478924,0.0825366,0.318569,0.0652145,1.0024,1.0024,1.0024,0,0,nan,,,nan,nan,,,,,,,,,,,,,0,1,4.01202,t_pose,0.0256347,,0,,nan,
golem_ik,kinematic,golem_ik,nan,,0,b091_d90_e10,91,0.9,0.1,0.363541,0.602739,-0.136811,0.370833,-0.0926363,-0.529535,0.472865,1,0,0,0,nan,0.369244,0.242823,0.495665,0.0637381,0.107554,0.369244,0.0856463,1.0024,1.0024,1.0024,0,0,nan,,,nan,nan,,,,,,,,,,,,,0,1,4.00703,t_pose,0.0309285,,0,,nan,
golem_ik,kinematic,golem_ik,nan,,0,b091_d90_e20,91,0.9,0.2,0.425989,0.680843,-0.136811,0.469735,-0.0778547,-0.529535,0.472865,1,0,0,0,nan,0.427243,0.313526,0.54096,0.0785927,0.137259,0.427243,0.107926,1.0024,1.0024,1.0024,0,0,nan,,,nan,nan,,,,,,,,,,,,,0,1,4.00596,t_pose,0.039428,,0,,nan,
golem_ik,kinematic,golem_ik,nan,,0,b091_d100_e00,91,1,0,0.301093,0.524636,-0.236811,0.271932,-0.107418,-0.629535,0.372865,1,0,0,0,nan,0.405297,0.256993,0.553602,0.0618532,0.0973487,0.405297,0.0796009,1.0024,1.0024,1.0024,0,0,nan,,,nan,nan,,,,,,,,,,,,,0,1,4.00949,t_pose,0.0269191,,0,,nan,
golem_ik,kinematic,golem_ik,nan,,0,b091_d100_e10,91,1,0.1,0.363541,0.602739,-0.236811,0.370833,-0.0926363,-0.629535,0.372865,1,0,0,0,nan,0.451428,0.316251,0.586604,0.0761599,0.122935,0.451428,0.0995476,1.0024,1.0024,1.0024,0,0,nan,,,nan,nan,,,,,,,,,,,,,0,1,4.00703,t_pose,0.0302717,,0,,nan,
golem_ik,kinematic,golem_ik,nan,,0,b091_d100_e20,91,1,0.2,0.425989,0.680843,-0.236811,0.469735,-0.0778547,-0.629535,0.372865,1,0,0,0,nan,0.504826,0.381868,0.627783,0.0896203,0.151394,0.504826,0.120507,1.0024,1.0024,1.0024,0,0,nan,,,nan,nan,,,,,,,,,,,,,0,1,4.01218,t_pose,0.0367796,,0,,nan,
golem_ik,kinematic,golem_ik,nan,,0,b092_d00_e00,92,0,0,0.338031,0.426906,0.811715,0.40692,-0.236534,0.8064,1.8088,0,1,1,1,nan,0.000307286,0.000525643,8.89294e-05,0.00210755,1.09776e-05,0.000307286,0.00105927,1.0024,1.0024,1.0024,0,0,nan,,,nan,nan,,,,,,,,,,,,,0,1,0.179826,home,0.0449027,,0,,nan,
golem_ik,kinematic,golem_ik,nan,,0,b092_d00_e10,92,0,0.1,0.415172,0.49054,0.811715,0.504637,-0.25778,0.8064,1.8088,0,0,0,0,nan,0.0658678,0.0670606,0.0646751,0.0041367,0.000796472,0.0658678,0.00246659,1.0024,1.0024,1.0024,0,0,nan,,,nan,nan,,,,,,,,,,,,,0,1,4.00708,arms_front_45,0.0489864,,0,,nan,
golem_ik,kinematic,golem_ik,nan,,0,b092_d00_e20,92,0,0.2,0.492312,0.554174,0.811715,0.602354,-0.279026,0.8064,1.8088,0,0,0,0,nan,0.148611,0.149221,0.148,0.00870088,0.00238888,0.148611,0.00554488,1.0024,1.0024,1.0024,0,0,nan,,,nan,nan,,,,,,,,,,,,,0,1,4.0102,arms_front_45,0.0520043,,0,,nan,
golem_ik,kinematic,golem_ik,nan,,0,b092_d10_e00,92,0.1,0,0.338031,0.426906,0.711715,0.40692,-0.236534,0.7064,1.7088,0,1,1,1,nan,3.37904e-05,6.17895e-05,5.79128e-06,0.000182179,8.87712e-07,3.37904e-05,9.15333e-05,1.0024,1.0024,1.0024,0,0,nan,,,nan,nan,,,,,,,,,,,,,0,1,0.133887,home,0.0505432,,0,,nan,
golem_ik,kinematic,golem_ik,nan,,0,b092_d10_e10,92,0.1,0.1,0.415172,0.49054,0.711715,0.504637,-0.25778,0.7064,1.7088,0,1,1,1,nan,0.0126575,0.0127653,0.0125496,0.000326026,0.000248333,0.0126575,0.00028718,1.0024,1.0024,1.0024,0,0,nan,,,nan,nan,,,,,,,,,,,,,0,1,4.01405,arms_front_45,0.0521958,,0,,nan,
golem_ik,kinematic,golem_ik,nan,,0,b092_d10_e20,92,0.1,0.2,0.492312,0.554174,0.711715,0.602354,-0.279026,0.7064,1.7088,0,0,0,0,nan,0.102187,0.101771,0.102603,0.0023775,0.00233115,0.102187,0.00235433,1.0024,1.0024,1.0024,0,0,nan,,,nan,nan,,,,,,,,,,,,,0,1,4.00822,arms_front_45,0.0551466,,0,,nan,
golem_ik,kinematic,golem_ik,nan,,0,b092_d20_e00,92,0.2,0,0.338031,0.426906,0.611715,0.40692,-0.236534,0.6064,1.6088,0,1,1,1,nan,0.000252772,3.31002e-07,0.000505213,7.82378e-07,0.00187573,0.000252772,0.000938258,1.0024,1.0024,1.0024,0,0,nan,,,nan,nan,,,,,,,,,,,,,0,1,0.107329,home,0.0601293,,0,,nan,
golem_ik,kinematic,golem_ik,nan,,0,b092_d20_e10,92,0.2,0.1,0.415172,0.49054,0.611715,0.504637,-0.25778,0.6064,1.6088,0,1,1,1,nan,0.000203566,0.000146354,0.000260778,0.000130404,3.85886e-05,0.000203566,8.44963e-05,1.0024,1.0024,1.0024,0,0,nan,,,nan,nan,,,,,,,,,,,,,0,1,0.110746,home,0.0585231,,0,,nan,
golem_ik,kinematic,golem_ik,nan,,0,b092_d20_e20,92,0.2,0.2,0.492312,0.554174,0.611715,0.602354,-0.279026,0.6064,1.6088,0,0,0,0,nan,0.0686467,0.0667327,0.0705608,0.00136533,0.00497848,0.0686467,0.00317191,1.0024,1.0024,1.0024,0,0,nan,,,nan,nan,,,,,,,,,,,,,0,1,4.0134,arms_front_45,0.0588906,,0,,nan,
golem_ik,kinematic,golem_ik,nan,,0,b092_d30_e00,92,0.3,0,0.338031,0.426906,0.511715,0.40692,-0.236534,0.5064,1.5088,0,1,1,1,nan,1.05098e-05,1.76097e-05,3.40996e-06,0.000102861,8.29804e-07,1.05098e-05,5.18455e-05,1.0024,1.0024,1.0024,0,0,nan,,,nan,nan,,,,,,,,,,,,,0,1,0.0854065,home,0.0618284,,0,,nan,
golem_ik,kinematic,golem_ik,nan,,0,b092_d30_e10,92,0.3,0.1,0.415172,0.49054,0.511715,0.504637,-0.25778,0.5064,1.5088,0,1,1,1,nan,0.000190343,8.91808e-05,0.000291506,5.22855e-05,8.10182e-05,0.000190343,6.66519e-05,1.0024,1.0024,1.0024,0,0,nan,,,nan,nan,,,,,,,,,,,,,0,1,0.0895269,home,0.0647156,,0,,nan,
golem_ik,kinematic,golem_ik,nan,,0,b092_d30_e20,92,0.3,0.2,0.492312,0.554174,0.511715,0.602354,-0.279026,0.5064,1.5088,0,0,1,0,nan,0.0527517,0.0468694,0.058634,0.00274922,0.0120207,0.0527517,0.00738495,1.0024,1.0024,1.0024,0,0,nan,,,nan,nan,,,,,,,,,,,,,0,1,4.00839,arms_front_45,0.0623648,,0,,nan,
golem_ik,kinematic,golem_ik,nan,,0,b092_d40_e00,92,0.4,0,0.338031,0.426906,0.411715,0.40692,-0.236534,0.4064,1.4088,0,1,1,1,nan,0.000439226,0.000720531,0.000157921,0.0021086,3.53259e-05,0.000439226,0.00107196,1.0024,1.0024,1.0024,0,0,nan,,,nan,nan,,,,,,,,,,,,,0,1,0.0694866,home,0.050985,,0,,nan,
golem_ik,kinematic,golem_ik,nan,,0,b092_d40_e10,92,0.4,0.1,0.415172,0.49054,0.411715,0.504637,-0.25778,0.4064,1.4088,0,1,1,1,nan,3.54072e-06,9.4679e-07,6.13465e-06,7.61159e-07,3.6317e-06,3.54072e-06,2.19643e-06,1.0024,1.0024,1.0024,0,0,nan,,,nan,nan,,,,,,,,,,,,,0,1,0.0817196,home,0.066646,,0,,nan,
golem_ik,kinematic,golem_ik,nan,,0,b092_d40_e20,92,0.4,0.2,0.492312,0.554174,0.411715,0.602354,-0.279026,0.4064,1.4088,0,0,1,0,nan,0.0590013,0.0489949,0.0690078,0.00953829,0.0223493,0.0590013,0.0159438,1.0024,1.0024,1.0024,0,0,nan,,,nan,nan,,,,,,,,,,,,,0,1,4.00934,arms_front_45,0.0653069,,0,,nan,
golem_ik,kinematic,golem_ik,nan,,0,b092_d50_e00,92,0.5,0,0.338031,0.426906,0.311715,0.40692,-0.236534,0.3064,1.3088,0,1,1,1,nan,0.000151949,0.000102137,0.000201761,0.000292928,9.4645e-05,0.000151949,0.000193786,1.0024,1.0024,1.0024,0,0,nan,,,nan,nan,,,,,,,,,,,,,0,1,0.0602171,home,0.0436374,,0,,nan,
golem_ik,kinematic,golem_ik,nan,,0,b092_d50_e10,92,0.5,0.1,0.415172,0.49054,0.311715,0.504637,-0.25778,0.3064,1.3088,0,1,1,1,nan,0.00884088,0,0.0176818,4.5548e-16,0.0086089,0.00884088,0.00430445,1.0024,1.0024,1.0024,0,0,nan,,,nan,nan,,,,,,,,,,,,,0,1,4.00044,arms_front_45,0.0533728,,0,,nan,
golem_ik,kinematic,golem_ik,nan,,0,b092_d50_e20,92,0.5,0.2,0.492312,0.554174,0.311715,0.602354,-0.279026,0.3064,1.3088,0,0,0,0,nan,0.0856796,0.073191,0.0981682,0.0226384,0.0400772,0.0856796,0.0313578,1.0024,1.0024,1.0024,0,0,nan,,,nan,nan,,,,,,,,,,,,,0,1,4.00541,arms_front_45,0.0639219,,0,,nan,
golem_ik,kinematic,golem_ik,nan,,0,b092_d60_e00,92,0.6,0,0.338031,0.426906,0.211715,0.40692,-0.236534,0.2064,1.2088,0,1,1,1,nan,0.00580121,0,0.0116024,4.67895e-16,0.00714265,0.00580121,0.00357132,1.0024,1.0024,1.0024,0,0,nan,,,nan,nan,,,,,,,,,,,,,0,1,4.00057,arms_front_45,0.0284456,,0,,nan,
golem_ik,kinematic,golem_ik,nan,,0,b092_d60_e10,92,0.6,0.1,0.415172,0.49054,0.211715,0.504637,-0.25778,0.2064,1.2088,0,0,1,0,nan,0.0539022,0.0393576,0.0684468,0.0186499,0.0360742,0.0539022,0.027362,1.0024,1.0024,1.0024,0,0,nan,,,nan,nan,,,,,,,,,,,,,0,1,4.00058,arms_front_45,0.0437806,,0,,nan,
golem_ik,kinematic,golem_ik,nan,,0,b092_d60_e20,92,0.6,0.2,0.492312,0.554174,0.211715,0.602354,-0.279026,0.2064,1.2088,0,0,0,0,nan,0.127674,0.114646,0.140702,0.0444478,0.0643969,0.127674,0.0544223,1.0024,1.0024,1.0024,0,0,nan,,,nan,nan,,,,,,,,,,,,,0,1,4.00998,arms_front_45,0.0549459,,0,,nan,
golem_ik,kinematic,golem_ik,nan,,0,b092_d70_e00,92,0.7,0,0.338031,0.426906,0.111715,0.40692,-0.236534,0.1064,1.1088,0,0,0,0,nan,0.0591619,0.0501559,0.0681678,0.0291184,0.041784,0.0591619,0.0354512,1.0024,1.0024,1.0024,0,0,nan,,,nan,nan,,,,,,,,,,,,,0,1,4.0004,home,0.0400698,,0,,nan,
golem_ik,kinematic,golem_ik,nan,,0,b092_d70_e10,92,0.7,0.1,0.415172,0.49054,0.111715,0.504637,-0.25778,0.1064,1.1088,0,0,0,0,nan,0.11309,0.102003,0.124178,0.0519923,0.0664753,0.11309,0.0592338,1.0024,1.0024,1.0024,0,0,nan,,,nan,nan,,,,,,,,,,,,,0,1,4.00857,arms_front_45,0.039332,,0,,nan,
golem_ik,kinematic,golem_ik,nan,,0,b092_d70_e20,92,0.7,0.2,0.492312,0.554174,0.111715,0.602354,-0.279026,0.1064,1.1088,0,0,0,0,nan,0.180003,0.168368,0.191639,0.073226,0.0918321,0.180003,0.0825291,1.0024,1.0024,1.0024,0,0,nan,,,nan,nan,,,,,,,,,,,,,0,1,4.00753,arms_front_45,0.0488444,,0,,nan,
golem_ik,kinematic,golem_ik,nan,,0,b092_d80_e00,92,0.8,0,0.338031,0.426906,0.0117147,0.40692,-0.236534,0.0063997,1.0088,0,0,0,0,nan,0.122237,0.125285,0.119188,0.0725491,0.0655509,0.122237,0.06905,1.0024,1.0024,1.0024,0,0,nan,,,nan,nan,,,,,,,,,,,,,0,1,4.0075,arms_front_45,0.0376534,,0,,nan,
golem_ik,kinematic,golem_ik,nan,,0,b092_d80_e10,92,0.8,0.1,0.415172,0.49054,0.0117147,0.504637,-0.25778,0.0063997,1.0088,0,0,0,0,nan,0.176369,0.171357,0.181381,0.0896447,0.0944014,0.176369,0.092023,1.0024,1.0024,1.0024,0,0,nan,,,nan,nan,,,,,,,,,,,,,0,1,4.00974,arms_front_45,0.0398854,,0,,nan,
golem_ik,kinematic,golem_ik,nan,,0,b092_d80_e20,92,0.8,0.2,0.492312,0.554174,0.0117147,0.602354,-0.279026,0.0063997,1.0088,0,0,0,0,nan,0.239069,0.230679,0.24746,0.106137,0.118584,0.239069,0.112361,1.0024,1.0024,1.0024,0,0,nan,,,nan,nan,,,,,,,,,,,,,0,1,4.00683,arms_front_45,0.0457724,,0,,nan,
golem_ik,kinematic,golem_ik,nan,,0,b092_d90_e00,92,0.9,0,0.338031,0.426906,-0.0882853,0.40692,-0.236534,-0.0936003,0.9088,0,0,0,0,nan,0.191221,0.203237,0.179204,0.115586,0.0903248,0.191221,0.102955,1.0024,1.0024,1.0024,0,0,nan,,,nan,nan,,,,,,,,,,,,,0,1,4.00777,t_pose,0.0374996,,0,,nan,
golem_ik,kinematic,golem_ik,nan,,0,b092_d90_e10,92,0.9,0.1,0.415172,0.49054,-0.0882853,0.504637,-0.25778,-0.0936003,0.9088,0,0,0,0,nan,0.243215,0.24532,0.241109,0.128418,0.117965,0.243215,0.123191,1.0024,1.0024,1.0024,0,0,nan,,,nan,nan,,,,,,,,,,,,,0,1,4.00847,arms_front_45,0.0413266,,0,,nan,
golem_ik,kinematic,golem_ik,nan,,0,b092_d90_e20,92,0.9,0.2,0.492312,0.554174,-0.0882853,0.602354,-0.279026,-0.0936003,0.9088,0,0,0,0,nan,0.303021,0.299171,0.306871,0.140785,0.142229,0.303021,0.141507,1.0024,1.0024,1.0024,0,0,nan,,,nan,nan,,,,,,,,,,,,,0,1,4.00922,arms_front_45,0.0445081,,0,,nan,
golem_ik,kinematic,golem_ik,nan,,0,b092_d100_e00,92,1,0,0.338031,0.426906,-0.188285,0.40692,-0.236534,-0.1936,0.8088,1,0,0,0,nan,0.266476,0.283733,0.249218,0.157418,0.114686,0.266476,0.136052,1.0024,1.0024,1.0024,0,0,nan,,,nan,nan,,,,,,,,,,,,,0,1,4.01397,t_pose,0.0358773,,0,,nan,
golem_ik,kinematic,golem_ik,nan,,0,b092_d100_e10,92,1,0.1,0.415172,0.49054,-0.188285,0.504637,-0.25778,-0.1936,0.8088,1,0,0,0,nan,0.314464,0.322763,0.306166,0.166445,0.138104,0.314464,0.152274,1.0024,1.0024,1.0024,0,0,nan,,,nan,nan,,,,,,,,,,,,,0,1,4.01164,arms_front_45,0.0410814,,0,,nan,
golem_ik,kinematic,golem_ik,nan,,0,b092_d100_e20,92,1,0.2,0.492312,0.554174,-0.188285,0.602354,-0.279026,-0.1936,0.8088,1,0,0,0,nan,0.371421,0.372322,0.37052,0.175484,0.162646,0.371421,0.169065,1.0024,1.0024,1.0024,0,0,nan,,,nan,nan,,,,,,,,,,,,,0,1,4.00426,arms_front_45,0.0434747,,0,,nan,
golem_ik,kinematic,golem_ik,nan,,0,b093_d00_e00,93,0,0,0.450791,0.394103,0.491822,0.541455,-0.207956,0.308366,1.31077,0,1,1,1,nan,3.0428e-05,1.09547e-09,6.08549e-05,1.9373e-10,6.81666e-05,3.0428e-05,3.40834e-05,1.0024,1.0024,1.0024,0,0,nan,,,nan,nan,,,,,,,,,,,,,0,1,0.132747,home,0.0705268,,0,,nan,
golem_ik,kinematic,golem_ik,nan,,0,b093_d00_e10,93,0,0.1,0.538568,0.442012,0.491822,0.640849,-0.218951,0.308366,1.31077,0,0,1,0,nan,0.0603197,0.028375,0.0922644,0.000234118,2.8876e-05,0.0603197,0.000131497,1.0024,1.0024,1.0024,0,0,nan,,,nan,nan,,,,,,,,,,,,,0,1,4.01079,current,0.0653034,,0,,nan,
golem_ik,kinematic,golem_ik,nan,,0,b093_d00_e20,93,0,0.2,0.626345,0.48992,0.491822,0.740242,-0.229946,0.308366,1.31077,0,0,0,0,nan,0.158956,0.127766,0.190145,0.00115977,0.000370535,0.158956,0.000765151,1.0024,1.0024,1.0024,0,0,nan,,,nan,nan,,,,,,,,,,,,,0,1,4.00869,current,0.0654317,,0,,nan,
golem_ik,kinematic,golem_ik,nan,,0,b093_d10_e00,93,0.1,0,0.450791,0.394103,0.391822,0.541455,-0.207956,0.208366,1.21077,0,1,1,1,nan,0.0135671,0,0.0271341,3.74408e-16,0.000291266,0.0135671,0.000145633,1.0024,1.0024,1.0024,0,0,nan,,,nan,nan,,,,,,,,,,,,,0,1,4.00877,arms_front_45,0.0665553,,0,,nan,
golem_ik,kinematic,golem_ik,nan,,0,b093_d10_e10,93,0.1,0.1,0.538568,0.442012,0.391822,0.640849,-0.218951,0.208366,1.21077,0,0,1,0,nan,0.0740519,0.0285523,0.119551,0.000483075,0.000869913,0.0740519,0.000676494,1.0024,1.0024,1.0024,0,0,nan,,,nan,nan,,,,,,,,,,,,,0,1,4.00832,home,0.0693299,,0,,nan,
golem_ik,kinematic,golem_ik,nan,,0,b093_d10_e20,93,0.1,0.2,0.626345,0.48992,0.391822,0.740242,-0.229946,0.208366,1.21077,0,0,0,0,nan,0.170913,0.127921,0.213905,0.00209744,0.000997815,0.170913,0.00154763,1.0024,1.0024,1.0024,0,0,nan,,,nan,nan,,,,,,,,,,,,,0,1,4.01457,current,0.0689596,,0,,nan,
golem_ik,kinematic,golem_ik,nan,,0,b093_d20_e00,93,0.2,0,0.450791,0.394103,0.291822,0.541455,-0.207956,0.108366,1.11077,0,0,1,0,nan,0.0368965,1.24127e-16,0.073793,3.28897e-16,0.00133268,0.0368965,0.000666338,1.0024,1.0024,1.0024,0,0,nan,,,nan,nan,,,,,,,,,,,,,0,1,4.0073,arms_front_45,0.0605868,,0,,nan,
golem_ik,kinematic,golem_ik,nan,,0,b093_d20_e10,93,0.2,0.1,0.538568,0.442012,0.291822,0.640849,-0.218951,0.108366,1.11077,0,0,1,0,nan,0.102994,0.0458911,0.160096,0.0011387,0.00222952,0.102994,0.00168411,1.0024,1.0024,1.0024,0,0,nan,,,nan,nan,,,,,,,,,,,,,0,1,4.01276,current,0.0646958,,0,,nan,
golem_ik,kinematic,golem_ik,nan,,0,b093_d20_e20,93,0.2,0.2,0.626345,0.48992,0.291822,0.740242,-0.229946,0.108366,1.11077,0,0,0,0,nan,0.196197,0.142762,0.249633,0.00330864,0.00265719,0.196197,0.00298292,1.0024,1.0024,1.0024,0,0,nan,,,nan,nan,,,,,,,,,,,,,0,1,4.01098,home,0.0678881,,0,,nan,
golem_ik,kinematic,golem_ik,nan,,0,b093_d30_e00,93,0.3,0,0.450791,0.394103,0.191822,0.541455,-0.207956,0.00836639,1.01077,0,0,1,0,nan,0.0660517,7.48029e-06,0.132096,6.89745e-07,0.00314791,0.0660517,0.0015743,1.0024,1.0024,1.0024,0,0,nan,,,nan,nan,,,,,,,,,,,,,0,1,4.013,home,0.0559311,,0,,nan,
golem_ik,kinematic,golem_ik,nan,,0,b093_d30_e10,93,0.3,0.1,0.538568,0.442012,0.191822,0.640849,-0.218951,0.00836639,1.01077,0,0,0,0,nan,0.146051,0.0803411,0.211761,0.0103455,0.00411935,0.146051,0.00723241,1.0024,1.0024,1.0024,0,0,nan,,,nan,nan,,,,,,,,,,,,,0,1,4.006,current,0.0600625,,0,,nan,
golem_ik,kinematic,golem_ik,nan,,0,b093_d30_e20,93,0.3,0.2,0.626345,0.48992,0.191822,0.740242,-0.229946,0.00836639,1.01077,0,0,0,0,nan,0.233738,0.171676,0.295801,0.0142532,0.00467552,0.233738,0.00946438,1.0024,1.0024,1.0024,0,0,nan,,,nan,nan,,,,,,,,,,,,,0,1,4.00771,home,0.0634634,,0,,nan,
golem_ik,kinematic,golem_ik,nan,,0,b093_d40_e00,93,0.4,0,0.450791,0.394103,0.0918221,0.541455,-0.207956,-0.0916336,0.910766,0,0,0,0,nan,0.126568,0.0537613,0.199375,0.0147978,0.0114691,0.126568,0.0131334,1.0024,1.0024,1.0024,0,0,nan,,,nan,nan,,,,,,,,,,,,,0,1,4.0096,home,0.0522705,,0,,nan,
golem_ik,kinematic,golem_ik,nan,,0,b093_d40_e10,93,0.4,0.1,0.538568,0.442012,0.0918221,0.640849,-0.218951,-0.0916336,0.910766,0,0,0,0,nan,0.201558,0.130684,0.272432,0.0267458,0.00650063,0.201558,0.0166232,1.0024,1.0024,1.0024,0,0,nan,,,nan,nan,,,,,,,,,,,,,0,1,4.00868,home,0.056306,,0,,nan,
golem_ik,kinematic,golem_ik,nan,,0,b093_d40_e20,93,0.4,0.2,0.626345,0.48992,0.0918221,0.740242,-0.229946,-0.0916336,0.910766,0,0,0,0,nan,0.282688,0.214578,0.350799,0.0330539,0.0070533,0.282688,0.0200536,1.0024,1.0024,1.0024,0,0,nan,,,nan,nan,,,,,,,,,,,,,0,1,4.01028,t_pose,0.0603025,,0,,nan,
golem_ik,kinematic,golem_ik,nan,,0,b093_d50_e00,93,0.5,0,0.450791,0.394103,-0.00817788,0.541455,-0.207956,-0.191634,0.810766,1,0,0,0,nan,0.199055,0.123811,0.274298,0.0399094,0.0290362,0.199055,0.0344728,1.0024,1.0024,1.0024,0,0,nan,,,nan,nan,,,,,,,,,,,,,0,1,4.01256,current,0.0490279,,0,,nan,
golem_ik,kinematic,golem_ik,nan,,0,b093_d50_e10,93,0.5,0.1,0.538568,0.442012,-0.00817788,0.640849,-0.218951,-0.191634,0.810766,1,0,0,0,nan,0.266224,0.192152,0.340296,0.0487089,0.014968,0.266224,0.0318384,1.0024,1.0024,1.0024,0,0,nan,,,nan,nan,,,,,,,,,,,,,0,1,4.01133,current,0.0532271,,0,,nan,
golem_ik,kinematic,golem_ik,nan,,0,b093_d50_e20,93,0.5,0.2,0.626345,0.48992,-0.00817788,0.740242,-0.229946,-0.191634,0.810766,1,0,0,0,nan,0.340984,0.268893,0.413074,0.0560879,0.00972255,0.340984,0.0329052,1.0024,1.0024,1.0024,0,0,nan,,,nan,nan,,,,,,,,,,,,,0,1,4.0085,current,0.0565779,,0,,nan,
golem_ik,kinematic,golem_ik,nan,,0,b093_d60_e00,93,0.6,0,0.450791,0.394103,-0.108178,0.541455,-0.207956,-0.291634,0.710766,1,0,0,0,nan,0.277277,0.199864,0.35469,0.0686351,0.0500097,0.277277,0.0593224,1.0024,1.0024,1.0024,0,0,nan,,,nan,nan,,,,,,,,,,,,,0,1,4.00638,current,0.0469812,,0,,nan,
golem_ik,kinematic,golem_ik,nan,,0,b093_d60_e10,93,0.6,0.1,0.538568,0.442012,-0.108178,0.640849,-0.218951,-0.291634,0.710766,1,0,0,0,nan,0.337865,0.26142,0.41431,0.0743981,0.0358009,0.337865,0.0550995,1.0024,1.0024,1.0024,0,0,nan,,,nan,nan,,,,,,,,,,,,,0,1,4.01084,current,0.0510092,,0,,nan,
golem_ik,kinematic,golem_ik,nan,,0,b093_d60_e20,93,0.6,0.2,0.626345,0.48992,-0.108178,0.740242,-0.229946,-0.291634,0.710766,1,0,0,0,nan,0.406436,0.331473,0.481398,0.0800797,0.0181088,0.406436,0.0490943,1.0024,1.0024,1.0024,0,0,nan,,,nan,nan,,,,,,,,,,,,,0,1,4.00847,current,0.0536281,,0,,nan,
golem_ik,kinematic,golem_ik,nan,,0,b093_d70_e00,93,0.7,0,0.450791,0.394103,-0.208178,0.541455,-0.207956,-0.391634,0.610766,1,0,0,0,nan,0.359409,0.279975,0.438843,0.0973201,0.072075,0.359409,0.0846975,1.0024,1.0024,1.0024,0,0,nan,,,nan,nan,,,,,,,,,,,,,0,1,4.01149,current,0.045693,,0,,nan,
golem_ik,kinematic,golem_ik,nan,,0,b093_d70_e10,93,0.7,0.1,0.538568,0.442012,-0.208178,0.640849,-0.218951,-0.391634,0.610766,1,0,0,0,nan,0.414635,0.336186,0.493083,0.101593,0.0567889,0.414635,0.079191,1.0024,1.0024,1.0024,0,0,nan,,,nan,nan,,,,,,,,,,,,,0,1,4.00663,current,0.0492613,,0,,nan,
golem_ik,kinematic,golem_ik,nan,,0,b093_d70_e20,93,0.7,0.2,0.626345,0.48992,-0.208178,0.740242,-0.229946,-0.391634,0.610766,1,0,0,0,nan,0.477615,0.400416,0.554813,0.105212,0.0388327,0.477615,0.0720226,1.0024,1.0024,1.0024,0,0,nan,,,nan,nan,,,,,,,,,,,,,0,1,4.00905,current,0.0518516,,0,,nan,
golem_ik,kinematic,golem_ik,nan,,0,b093_d80_e00,93,0.8,0,0.450791,0.394103,-0.308178,0.541455,-0.207956,-0.491634,0.510766,1,0,0,0,nan,0.444465,0.363212,0.525718,0.125951,0.0939745,0.444465,0.109963,1.0024,1.0024,1.0024,0,0,nan,,,nan,nan,,,,,,,,,,,,,0,1,4.00809,current,0.044827,,0,,nan,
golem_ik,kinematic,golem_ik,nan,,0,b093_d80_e10,93,0.8,0.1,0.538568,0.442012,-0.308178,0.640849,-0.218951,-0.491634,0.510766,1,0,0,0,nan,0.495191,0.414971,0.575411,0.128632,0.0775576,0.495191,0.103095,1.0024,1.0024,1.0024,0,0,nan,,,nan,nan,,,,,,,,,,,,,0,1,4.0096,current,0.0479233,,0,,nan,
golem_ik,kinematic,golem_ik,nan,,0,b093_d80_e20,93,0.8,0.2,0.626345,0.48992,-0.308178,0.740242,-0.229946,-0.491634,0.510766,1,0,0,0,nan,0.553367,0.474297,0.632437,0.131061,0.0594576,0.553367,0.0952591,1.0024,1.0024,1.0024,0,0,nan,,,nan,nan,,,,,,,,,,,,,0,1,4.00863,current,0.0503715,,0,,nan,
golem_ik,kinematic,golem_ik,nan,,0,b093_d90_e00,93,0.9,0,0.450791,0.394103,-0.408178,0.541455,-0.207956,-0.591634,0.410766,1,0,0,0,nan,0.531797,0.448952,0.614641,0.153645,0.115221,0.531797,0.134433,1.0024,1.0024,1.0024,0,0,nan,,,nan,nan,,,,,,,,,,,,,0,1,4.00821,current,0.0443042,,0,,nan,
golem_ik,kinematic,golem_ik,nan,,0,b093_d90_e10,93,0.9,0.1,0.538568,0.442012,-0.408178,0.640849,-0.218951,-0.591634,0.410766,1,0,0,0,nan,0.578704,0.496944,0.660465,0.155335,0.0977935,0.578704,0.126564,1.0024,1.0024,1.0024,0,0,nan,,,nan,nan,,,,,,,,,,,,,0,1,4.00605,current,0.0469442,,0,,nan,
golem_ik,kinematic,golem_ik,nan,,0,b093_d90_e20,93,0.9,0.2,0.626345,0.48992,-0.408178,0.740242,-0.229946,-0.591634,0.410766,1,0,0,0,nan,0.632688,0.552006,0.713371,0.156831,0.0793205,0.632688,0.118076,1.0024,1.0024,1.0024,0,0,nan,,,nan,nan,,,,,,,,,,,,,0,1,4.01167,current,0.0491665,,0,,nan,
golem_ik,kinematic,golem_ik,nan,,0,b093_d100_e00,93,1,0,0.450791,0.394103,-0.508178,0.541455,-0.207956,-0.691634,0.310766,1,0,0,0,nan,0.620907,0.536649,0.705164,0.18002,0.135186,0.620907,0.157603,1.0024,1.0024,1.0024,0,0,nan,,,nan,nan,,,,,,,,,,,,,0,1,4.00809,current,0.0439258,,0,,nan,
golem_ik,kinematic,golem_ik,nan,,0,b093_d100_e10,93,1,0.1,0.538568,0.442012,-0.508178,0.640849,-0.218951,-0.691634,0.310766,1,0,0,0,nan,0.664517,0.581371,0.747663,0.181149,0.116971,0.664517,0.14906,1.0024,1.0024,1.0024,0,0,nan,,,nan,nan,,,,,,,,,,,,,0,1,4.01111,current,0.0461859,,0,,nan,
golem_ik,kinematic,golem_ik,nan,,0,b093_d100_e20,93,1,0.2,0.626345,0.48992,-0.508178,0.740242,-0.229946,-0.691634,0.310766,1,0,0,0,nan,0.714832,0.632711,0.796953,0.182108,0.0981379,0.714832,0.140123,1.0024,1.0024,1.0024,0,0,nan,,,nan,nan,,,,,,,,,,,,,0,1,4.00241,current,0.0481843,,0,,nan,
golem_ik,kinematic,golem_ik,nan,,0,b094_d00_e00,94,0,0,0.505877,0.0880829,0.633446,0.124947,-0.452829,0.382359,1.38476,0,1,1,1,nan,0.0047527,0.00950539,5.72196e-17,0.00012043,3.42287e-16,0.0047527,6.02149e-05,1.0024,1.0024,1.0024,0,0,nan,,,nan,nan,,,,,,,,,,,,,0,1,4.00654,t_pose,0.0455321,,0,,nan,
golem_ik,kinematic,golem_ik,nan,,0,b094_d00_e10,94,0,0.1,0.605182,0.0763093,0.633446,0.162881,-0.545355,0.382359,1.38476,0,0,0,1,nan,0.0515305,0.103059,2.46269e-06,0.00136477,2.51861e-07,0.0515305,0.000682509,1.0024,1.0024,1.0024,0,0,nan,,,nan,nan,,,,,,,,,,,,,0,1,4.01279,t_pose,0.0473679,,0,,nan,
golem_ik,kinematic,golem_ik,nan,,0,b094_d00_e20,94,0,0.2,0.704486,0.0645357,0.633446,0.200814,-0.637881,0.382359,1.38476,0,0,0,1,nan,0.0918653,0.183712,1.83375e-05,0.003089,1.57336e-06,0.0918653,0.00154529,1.0024,1.0024,1.0024,0,0,nan,,,nan,nan,,,,,,,,,,,,,0,1,4.00765,t_pose,0.0361474,,0,,nan,
golem_ik,kinematic,golem_ik,nan,,0,b094_d10_e00,94,0.1,0,0.505877,0.0880829,0.533446,0.124947,-0.452829,0.282359,1.28476,0,1,1,1,nan,1.11024e-05,2.21257e-05,7.90543e-08,8.0393e-06,2.02973e-08,1.11024e-05,4.0298e-06,1.0024,1.0024,1.0024,0,0,nan,,,nan,nan,,,,,,,,,,,,,0,1,1.22053,t_pose,0.0580451,,0,,nan,
golem_ik,kinematic,golem_ik,nan,,0,b094_d10_e10,94,0.1,0.1,0.605182,0.0763093,0.533446,0.162881,-0.545355,0.282359,1.28476,0,0,0,1,nan,0.0325421,0.0650841,1.14439e-16,0.000807379,2.36607e-16,0.0325421,0.000403689,1.0024,1.0024,1.0024,0,0,nan,,,nan,nan,,,,,,,,,,,,,0,1,4.00626,t_pose,0.0377343,,0,,nan,
golem_ik,kinematic,golem_ik,nan,,0,b094_d10_e20,94,0.1,0.2,0.704486,0.0645357,0.533446,0.200814,-0.637881,0.282359,1.28476,0,0,0,1,nan,0.0818403,0.16368,1.07952e-06,0.00196441,5.54871e-07,0.0818403,0.000982481,1.0024,1.0024,1.0024,0,0,nan,,,nan,nan,,,,,,,,,,,,,0,1,4.01003,t_pose,0.0392557,,0,,nan,
golem_ik,kinematic,golem_ik,nan,,0,b094_d20_e00,94,0.2,0,0.505877,0.0880829,0.433446,0.124947,-0.452829,0.182359,1.18476,0,1,1,1,nan,1.95633e-05,3.42655e-05,4.86122e-06,1.94975e-05,1.08524e-05,1.95633e-05,1.51749e-05,1.0024,1.0024,1.0024,0,0,nan,,,nan,nan,,,,,,,,,,,,,0,1,0.14558,home,0.062864,,0,,nan,
golem_ik,kinematic,golem_ik,nan,,0,b094_d20_e10,94,0.2,0.1,0.605182,0.0763093,0.433446,0.162881,-0.545355,0.182359,1.18476,0,0,0,1,nan,0.0288465,0.0576931,1.14439e-16,0.000358646,2.9225e-16,0.0288465,0.000179323,1.0024,1.0024,1.0024,0,0,nan,,,nan,nan,,,,,,,,,,,,,0,1,4.00901,t_pose,0.0420371,,0,,nan,
golem_ik,kinematic,golem_ik,nan,,0,b094_d20_e20,94,0.2,0.2,0.704486,0.0645357,0.433446,0.200814,-0.637881,0.182359,1.18476,0,0,0,1,nan,0.0903908,0.157298,0.0234838,0.00105935,0.0121607,0.0903908,0.00661001,1.0024,1.0024,1.0024,0,0,nan,,,nan,nan,,,,,,,,,,,,,0,1,4.00326,t_pose,0.0430242,,0,,nan,
golem_ik,kinematic,golem_ik,nan,,0,b094_d30_e00,94,0.3,0,0.505877,0.0880829,0.333446,0.124947,-0.452829,0.0823593,1.08476,0,1,1,1,nan,7.9517e-06,1.58523e-05,5.10755e-08,8.95212e-06,3.48236e-08,7.9517e-06,4.49347e-06,1.0024,1.0024,1.0024,0,0,nan,,,nan,nan,,,,,,,,,,,,,0,1,0.136437,home,0.0623761,,0,,nan,
golem_ik,kinematic,golem_ik,nan,,0,b094_d30_e10,94,0.3,0.1,0.605182,0.0763093,0.333446,0.162881,-0.545355,0.0823593,1.08476,0,0,0,1,nan,0.0482406,0.0665926,0.0298886,8.37543e-06,0.0164696,0.0482406,0.00823898,1.0024,1.0024,1.0024,0,0,nan,,,nan,nan,,,,,,,,,,,,,0,1,4.00755,home,0.0468472,,0,,nan,
golem_ik,kinematic,golem_ik,nan,,0,b094_d30_e20,94,0.3,0.2,0.704486,0.0645357,0.333446,0.200814,-0.637881,0.0823593,1.08476,0,0,0,0,nan,0.124156,0.164942,0.0833692,0.00022045,0.0388304,0.124156,0.0195254,1.0024,1.0024,1.0024,0,0,nan,,,nan,nan,,,,,,,,,,,,,0,1,4.00947,arms_front_45,0.0472039,,0,,nan,
golem_ik,kinematic,golem_ik,nan,,0,b094_d40_e00,94,0.4,0,0.505877,0.0880829,0.233446,0.124947,-0.452829,-0.0176407,0.984759,0,0,1,0,nan,0.0315319,7.57696e-06,0.0630563,2.20578e-07,0.0369999,0.0315319,0.0185,1.0024,1.0024,1.0024,0,0,nan,,,nan,nan,,,,,,,,,,,,,0,1,4.01099,arms_front_45,0.0543325,,0,,nan,
golem_ik,kinematic,golem_ik,nan,,0,b094_d40_e10,94,0.4,0.1,0.605182,0.0763093,0.233446,0.162881,-0.545355,-0.0176407,0.984759,0,0,0,0,nan,0.0980687,0.0911051,0.105032,0.000556544,0.0569126,0.0980687,0.0287346,1.0024,1.0024,1.0024,0,0,nan,,,nan,nan,,,,,,,,,,,,,0,1,4.00397,home,0.0519916,,0,,nan,
golem_ik,kinematic,golem_ik,nan,,0,b094_d40_e20,94,0.4,0.2,0.704486,0.0645357,0.233446,0.200814,-0.637881,-0.0176407,0.984759,0,0,0,0,nan,0.170596,0.186176,0.155016,0.000717155,0.0743317,0.170596,0.0375244,1.0024,1.0024,1.0024,0,0,nan,,,nan,nan,,,,,,,,,,,,,0,1,4.01469,home,0.0515232,,0,,nan,
golem_ik,kinematic,golem_ik,nan,,0,b094_d50_e00,94,0.5,0,0.505877,0.0880829,0.133446,0.124947,-0.452829,-0.117641,0.884759,1,0,1,0,nan,0.0902009,0.0423333,0.138069,0.000632143,0.0751952,0.0902009,0.0379137,1.0024,1.0024,1.0024,0,0,nan,,,nan,nan,,,,,,,,,,,,,0,1,4.0058,home,0.0469617,,0,,nan,
golem_ik,kinematic,golem_ik,nan,,0,b094_d50_e10,94,0.5,0.1,0.605182,0.0763093,0.133446,0.162881,-0.545355,-0.117641,0.884759,1,0,0,0,nan,0.155564,0.129541,0.181587,0.00147094,0.0944094,0.155564,0.0479402,1.0024,1.0024,1.0024,0,0,nan,,,nan,nan,,,,,,,,,,,,,0,1,4.0106,current,0.0509438,,0,,nan,
golem_ik,kinematic,golem_ik,nan,,0,b094_d50_e20,94,0.5,0.2,0.704486,0.0645357,0.133446,0.200814,-0.637881,-0.117641,0.884759,1,0,0,0,nan,0.224914,0.219876,0.229953,0.00188137,0.109471,0.224914,0.0556763,1.0024,1.0024,1.0024,0,0,nan,,,nan,nan,,,,,,,,,,,,,0,1,4.00955,current,0.0540948,,0,,nan,
golem_ik,kinematic,golem_ik,nan,,0,b094_d60_e00,94,0.6,0,0.505877,0.0880829,0.0334456,0.124947,-0.452829,-0.217641,0.784759,1,0,0,0,nan,0.158143,0.0992484,0.217037,0.00192986,0.108517,0.158143,0.0552232,1.0024,1.0024,1.0024,0,0,nan,,,nan,nan,,,,,,,,,,,,,0,1,4.0091,current,0.0428299,,0,,nan,
golem_ik,kinematic,golem_ik,nan,,0,b094_d60_e10,94,0.6,0.1,0.605182,0.0763093,0.0334456,0.162881,-0.545355,-0.217641,0.784759,1,0,0,0,nan,0.219916,0.179697,0.260136,0.00282082,0.127553,0.219916,0.0651868,1.0024,1.0024,1.0024,0,0,nan,,,nan,nan,,,,,,,,,,,,,0,1,4.00571,current,0.0466796,,0,,nan,
golem_ik,kinematic,golem_ik,nan,,0,b094_d60_e20,94,0.6,0.2,0.704486,0.0645357,0.0334456,0.200814,-0.637881,-0.217641,0.784759,1,0,0,0,nan,0.285926,0.264493,0.30736,0.00333758,0.141905,0.285926,0.0726214,1.0024,1.0024,1.0024,0,0,nan,,,nan,nan,,,,,,,,,,,,,0,1,4.00881,current,0.0499109,,0,,nan,
golem_ik,kinematic,golem_ik,nan,,0,b094_d70_e00,94,0.7,0,0.505877,0.0880829,-0.0665544,0.124947,-0.452829,-0.317641,0.684759,1,0,0,0,nan,0.232838,0.165601,0.300076,0.0037805,0.136971,0.232838,0.0703757,1.0024,1.0024,1.0024,0,0,nan,,,nan,nan,,,,,,,,,,,,,0,1,4.00669,current,0.0400103,,0,,nan,
golem_ik,kinematic,golem_ik,nan,,0,b094_d70_e10,94,0.7,0.1,0.605182,0.0763093,-0.0665544,0.162881,-0.545355,-0.317641,0.684759,1,0,0,0,nan,0.290304,0.239338,0.341269,0.00458676,0.155948,0.290304,0.0802673,1.0024,1.0024,1.0024,0,0,nan,,,nan,nan,,,,,,,,,,,,,0,1,4.00911,current,0.0434827,,0,,nan,
golem_ik,kinematic,golem_ik,nan,,0,b094_d70_e20,94,0.7,0.2,0.704486,0.0645357,-0.0665544,0.200814,-0.637881,-0.317641,0.684759,1,0,0,0,nan,0.352691,0.318343,0.387038,0.00510203,0.170397,0.352691,0.0877495,1.0024,1.0024,1.0024,0,0,nan,,,nan,nan,,,,,,,,,,,,,0,1,4.00797,current,0.0465716,,0,,nan,
golem_ik,kinematic,golem_ik,nan,,0,b094_d80_e00,94,0.8,0,0.505877,0.0880829,-0.166554,0.124947,-0.452829,-0.417641,0.584759,1,0,0,0,nan,0.312844,0.239066,0.386622,0.00707365,0.160788,0.312844,0.0839308,1.0024,1.0024,1.0024,0,0,nan,,,nan,nan,,,,,,,,,,,,,0,1,4.01032,current,0.0381361,,0,,nan,
golem_ik,kinematic,golem_ik,nan,,0,b094_d80_e10,94,0.8,0.1,0.605182,0.0763093,-0.166554,0.162881,-0.545355,-0.417641,0.584759,1,0,0,0,nan,0.365853,0.306487,0.42522,0.00672543,0.179553,0.365853,0.0931391,1.0024,1.0024,1.0024,0,0,nan,,,nan,nan,,,,,,,,,,,,,0,1,4.00904,current,0.0411606,,0,,nan,
golem_ik,kinematic,golem_ik,nan,,0,b094_d80_e20,94,0.8,0.2,0.704486,0.0645357,-0.166554,0.200814,-0.637881,-0.417641,0.584759,1,0,0,0,nan,0.424435,0.379823,0.469046,0.00716779,0.194358,0.424435,0.100763,1.0024,1.0024,1.0024,0,0,nan,,,nan,nan,,,,,,,,,,,,,0,1,4.00711,current,0.0439826,,0,,nan,
golem_ik,kinematic,golem_ik,nan,,0,b094_d90_e00,94,0.9,0,0.505877,0.0880829,-0.266554,0.124947,-0.452829,-0.517641,0.484759,1,0,0,0,nan,0.397237,0.318383,0.476091,0.0247871,0.179972,0.397237,0.10238,1.0024,1.0024,1.0024,0,0,nan,,,nan,nan,,,,,,,,,,,,,0,1,4.01144,current,0.0375421,,0,,nan,
golem_ik,kinematic,golem_ik,nan,,0,b094_d90_e10,94,0.9,0.1,0.605182,0.0763093,-0.266554,0.162881,-0.545355,-0.517641,0.484759,1,0,0,0,nan,0.445757,0.379552,0.511961,0.0100438,0.198624,0.445757,0.104334,1.0024,1.0024,1.0024,0,0,nan,,,nan,nan,,,,,,,,,,,,,0,1,4.01109,current,0.0394674,,0,,nan,
golem_ik,kinematic,golem_ik,nan,,0,b094_d90_e20,94,0.9,0.2,0.704486,0.0645357,-0.266554,0.200814,-0.637881,-0.517641,0.484759,1,0,0,0,nan,0.500538,0.447535,0.55354,0.00959372,0.213862,0.500538,0.111728,1.0024,1.0024,1.0024,0,0,nan,,,nan,nan,,,,,,,,,,,,,0,1,4.00395,current,0.04203,,0,,nan,
golem_ik,kinematic,golem_ik,nan,,0,b094_d100_e00,94,1,0,0.505877,0.0880829,-0.366554,0.124947,-0.452829,-0.617641,0.384759,1,0,0,0,nan,0.485163,0.402074,0.568252,0.0441585,0.199401,0.485163,0.12178,1.0024,1.0024,1.0024,0,0,nan,,,nan,nan,,,,,,,,,,,,,0,1,4.00829,home,0.0372562,,0,,nan,
golem_ik,kinematic,golem_ik,nan,,0,b094_d100_e10,94,1,0.1,0.605182,0.0763093,-0.366554,0.162881,-0.545355,-0.617641,0.384759,1,0,0,0,nan,0.529514,0.457574,0.601455,0.0226477,0.218026,0.529514,0.120337,1.0024,1.0024,1.0024,0,0,nan,,,nan,nan,,,,,,,,,,,,,0,1,4.00804,home,0.0383391,,0,,nan,
golem_ik,kinematic,golem_ik,nan,,0,b094_d100_e20,94,1,0.2,0.704486,0.0645357,-0.366554,0.200814,-0.637881,-0.617641,0.384759,1,0,0,0,nan,0.580433,0.520351,0.640515,0.0127327,0.233444,0.580433,0.123088,1.0024,1.0024,1.0024,0,0,nan,,,nan,nan,,,,,,,,,,,,,0,1,4.00661,home,0.0406159,,0,,nan,
golem_ik,kinematic,golem_ik,nan,,0,b095_d00_e00,95,0,0,0.200806,0.0486598,0.938782,0.516275,-0.156777,0.595718,1.59812,0,1,1,1,nan,0.000498745,0.000997489,0,0.000746382,2.19718e-16,0.000498745,0.000373191,1.0024,1.0024,1.0024,0,0,nan,,,nan,nan,,,,,,,,,,,,,0,1,0.183365,home,0.0193583,,0,,nan,
golem_ik,kinematic,golem_ik,nan,,0,b095_d00_e10,95,0,0.1,0.290427,0.00429681,0.938782,0.616261,-0.158466,0.595718,1.59812,0,0,0,0,nan,0.0657118,0.0547659,0.0766576,0.00142475,0.00126763,0.0657118,0.00134619,1.0024,1.0024,1.0024,0,0,nan,,,nan,nan,,,,,,,,,,,,,0,1,4.00984,arms_front_45,0.0191277,,0,,nan,
golem_ik,kinematic,golem_ik,nan,,0,b095_d00_e20,95,0,0.2,0.380048,-0.0400662,0.938782,0.716246,-0.160154,0.595718,1.59812,0,0,0,0,nan,0.146542,0.119386,0.173699,0.00185716,0.00297455,0.146542,0.00241585,1.0024,1.0024,1.0024,0,0,nan,,,nan,nan,,,,,,,,,,,,,0,1,4.00681,arms_front_45,0.0193347,,0,,nan,
golem_ik,kinematic,golem_ik,nan,,0,b095_d10_e00,95,0.1,0,0.200806,0.0486598,0.838782,0.516275,-0.156777,0.495718,1.49812,0,1,1,1,nan,0.00033329,0.000520949,0.00014563,0.00277565,0.000102373,0.00033329,0.00143901,1.0024,1.0024,1.0024,0,0,nan,,,nan,nan,,,,,,,,,,,,,0,1,0.103809,home,0.0210469,,0,,nan,
golem_ik,kinematic,golem_ik,nan,,0,b095_d10_e10,95,0.1,0.1,0.290427,0.00429681,0.838782,0.616261,-0.158466,0.495718,1.49812,0,0,1,0,nan,0.0299039,1.04083e-17,0.0598078,1.93774e-16,0.00101631,0.0299039,0.000508153,1.0024,1.0024,1.0024,0,0,nan,,,nan,nan,,,,,,,,,,,,,0,1,4.01398,t_pose,0.0244942,,0,,nan,
golem_ik,kinematic,golem_ik,nan,,0,b095_d10_e20,95,0.1,0.2,0.380048,-0.0400662,0.838782,0.716246,-0.160154,0.495718,1.49812,0,0,0,0,nan,0.106016,0.0529051,0.159128,0.000802169,0.00278441,0.106016,0.00179329,1.0024,1.0024,1.0024,0,0,nan,,,nan,nan,,,,,,,,,,,,,0,1,4.00671,home,0.019457,,0,,nan,
golem_ik,kinematic,golem_ik,nan,,0,b095_d20_e00,95,0.2,0,0.200806,0.0486598,0.738782,0.516275,-0.156777,0.395718,1.39812,0,1,1,1,nan,0.0028004,0.0056008,1.11022e-16,0.00223526,1.75608e-16,0.0028004,0.00111763,1.0024,1.0024,1.0024,0,0,nan,,,nan,nan,,,,,,,,,,,,,0,1,4.00984,current,0.0186612,,0,,nan,
golem_ik,kinematic,golem_ik,nan,,0,b095_d20_e10,95,0.2,0.1,0.290427,0.00429681,0.738782,0.616261,-0.158466,0.395718,1.39812,0,0,1,0,nan,0.0294035,1.56125e-17,0.0588071,1.99061e-16,0.000999626,0.0294035,0.000499813,1.0024,1.0024,1.0024,0,0,nan,,,nan,nan,,,,,,,,,,,,,0,1,4.00746,t_pose,0.037046,,0,,nan,
golem_ik,kinematic,golem_ik,nan,,0,b095_d20_e20,95,0.2,0.2,0.380048,-0.0400662,0.738782,0.716246,-0.160154,0.395718,1.39812,0,0,1,0,nan,0.0797801,0.00130844,0.158252,4.46009e-05,0.00276863,0.0797801,0.00140662,1.0024,1.0024,1.0024,0,0,nan,,,nan,nan,,,,,,,,,,,,,0,1,4.01197,t_pose,0.0200054,,0,,nan,
golem_ik,kinematic,golem_ik,nan,,0,b095_d30_e00,95,0.3,0,0.200806,0.0486598,0.638782,0.516275,-0.156777,0.295718,1.29812,0,1,1,1,nan,0.00605343,0.0121069,5.55112e-17,0.00360881,1.52462e-16,0.00605343,0.0018044,1.0024,1.0024,1.0024,0,0,nan,,,nan,nan,,,,,,,,,,,,,0,1,4.01338,home,0.0177979,,0,,nan,
golem_ik,kinematic,golem_ik,nan,,0,b095_d30_e10,95,0.3,0.1,0.290427,0.00429681,0.638782,0.616261,-0.158466,0.295718,1.29812,0,0,1,0,nan,0.0368595,2.60209e-17,0.0737191,3.35426e-17,0.00121953,0.0368595,0.000609767,1.0024,1.0024,1.0024,0,0,nan,,,nan,nan,,,,,,,,,,,,,0,1,4.00808,t_pose,0.0403871,,0,,nan,
golem_ik,kinematic,golem_ik,nan,,0,b095_d30_e20,95,0.3,0.2,0.380048,-0.0400662,0.638782,0.716246,-0.160154,0.295718,1.29812,0,0,1,0,nan,0.0855707,5.61146e-11,0.171141,9.96471e-12,0.00293218,0.0855707,0.00146609,1.0024,1.0024,1.0024,0,0,nan,,,nan,nan,,,,,,,,,,,,,0,1,4.00627,t_pose,0.0333945,,0,,nan,
golem_ik,kinematic,golem_ik,nan,,0,b095_d40_e00,95,0.4,0,0.200806,0.0486598,0.538782,0.516275,-0.156777,0.195718,1.19812,0,1,1,1,nan,0.0228438,0.0329261,0.0127615,0.0105226,0.000871182,0.0228438,0.00569691,1.0024,1.0024,1.0024,0,0,nan,,,nan,nan,,,,,,,,,,,,,0,1,4.00731,t_pose,0.0169721,,0,,nan,
golem_ik,kinematic,golem_ik,nan,,0,b095_d40_e10,95,0.4,0.1,0.290427,0.00429681,0.538782,0.616261,-0.158466,0.195718,1.19812,0,0,1,0,nan,0.051742,3.46945e-18,0.103484,2.13563e-16,0.00162674,0.051742,0.000813371,1.0024,1.0024,1.0024,0,0,nan,,,nan,nan,,,,,,,,,,,,,0,1,4.01029,arms_front_45,0.0405494,,0,,nan,
golem_ik,kinematic,golem_ik,nan,,0,b095_d40_e20,95,0.4,0.2,0.380048,-0.0400662,0.538782,0.716246,-0.160154,0.195718,1.19812,0,0,1,0,nan,0.0985438,1.03414e-11,0.197088,2.20977e-12,0.00324348,0.0985438,0.00162174,1.0024,1.0024,1.0024,0,0,nan,,,nan,nan,,,,,,,,,,,,,0,1,4.00908,t_pose,0.0429035,,0,,nan,
golem_ik,kinematic,golem_ik,nan,,0,b095_d50_e00,95,0.5,0,0.200806,0.0486598,0.438782,0.516275,-0.156777,0.095718,1.09812,0,0,1,0,nan,0.0506002,0.0335844,0.067616,0.020511,0.0126211,0.0506002,0.0165661,1.0024,1.0024,1.0024,0,0,nan,,,nan,nan,,,,,,,,,,,,,0,1,4.01,t_pose,0.0175391,,0,,nan,
golem_ik,kinematic,golem_ik,nan,,0,b095_d50_e10,95,0.5,0.1,0.290427,0.00429681,0.438782,0.616261,-0.158466,0.095718,1.09812,0,0,1,0,nan,0.0741893,1.04083e-17,0.148379,1.87657e-16,0.0156099,0.0741893,0.00780494,1.0024,1.0024,1.0024,0,0,nan,,,nan,nan,,,,,,,,,,,,,0,1,4.00783,home,0.0359582,,0,,nan,
golem_ik,kinematic,golem_ik,nan,,0,b095_d50_e20,95,0.5,0.2,0.380048,-0.0400662,0.438782,0.716246,-0.160154,0.095718,1.09812,0,0,1,0,nan,0.117691,7.50283e-10,0.235381,1.58205e-10,0.0127623,0.117691,0.00638116,1.0024,1.0024,1.0024,0,0,nan,,,nan,nan,,,,,,,,,,,,,0,1,4.00593,current,0.0403716,,0,,nan,
golem_ik,kinematic,golem_ik,nan,,0,b095_d60_e00,95,0.6,0,0.200806,0.0486598,0.338782,0.516275,-0.156777,-0.00428203,0.998118,0,0,1,0,nan,0.0802822,0.0250919,0.135473,0.00791926,0.0355561,0.0802822,0.0217377,1.0024,1.0024,1.0024,0,0,nan,,,nan,nan,,,,,,,,,,,,,0,1,4.0123,t_pose,0.0148347,,0,,nan,
golem_ik,kinematic,golem_ik,nan,,0,b095_d60_e10,95,0.6,0.1,0.290427,0.00429681,0.338782,0.616261,-0.158466,-0.00428203,0.998118,0,0,1,0,nan,0.103302,3.5497e-16,0.206605,3.29534e-16,0.037276,0.103302,0.018638,1.0024,1.0024,1.0024,0,0,nan,,,nan,nan,,,,,,,,,,,,,0,1,4.00758,current,0.0246932,,0,,nan,
golem_ik,kinematic,golem_ik,nan,,0,b095_d60_e20,95,0.6,0.2,0.380048,-0.0400662,0.338782,0.716246,-0.160154,-0.00428203,0.998118,0,0,1,0,nan,0.142963,1.98398e-06,0.285924,3.66977e-07,0.0345441,0.142963,0.0172722,1.0024,1.0024,1.0024,0,0,nan,,,nan,nan,,,,,,,,,,,,,0,1,4.00703,current,0.0355044,,0,,nan,
golem_ik,kinematic,golem_ik,nan,,0,b095_d70_e00,95,0.7,0,0.200806,0.0486598,0.238782,0.516275,-0.156777,-0.104282,0.898118,0,0,1,0,nan,0.121835,0.0327088,0.210961,0.0205294,0.0645867,0.121835,0.0425581,1.0024,1.0024,1.0024,0,0,nan,,,nan,nan,,,,,,,,,,,,,0,1,4.00619,home,0.0194194,,0,,nan,
golem_ik,kinematic,golem_ik,nan,,0,b095_d70_e10,95,0.7,0.1,0.290427,0.00429681,0.238782,0.616261,-0.158466,-0.104282,0.898118,0,0,1,0,nan,0.137012,2.8552e-08,0.274023,9.17525e-09,0.0633507,0.137012,0.0316754,1.0024,1.0024,1.0024,0,0,nan,,,nan,nan,,,,,,,,,,,,,0,1,4.00608,home,0.02,,0,,nan,
golem_ik,kinematic,golem_ik,nan,,0,b095_d70_e20,95,0.7,0.2,0.380048,-0.0400662,0.238782,0.716246,-0.160154,-0.104282,0.898118,0,0,1,0,nan,0.18437,0.022682,0.346059,0.0119861,0.0592502,0.18437,0.0356181,1.0024,1.0024,1.0024,0,0,nan,,,nan,nan,,,,,,,,,,,,,0,1,4.00494,home,0.0281127,,0,,nan,
golem_ik,kinematic,golem_ik,nan,,0,b095_d80_e00,95,0.8,0,0.200806,0.0486598,0.138782,0.516275,-0.156777,-0.204282,0.798118,1,0,1,0,nan,0.165994,0.0406624,0.291325,0.0271867,0.0961732,0.165994,0.0616799,1.0024,1.0024,1.0024,0,0,nan,,,nan,nan,,,,,,,,,,,,,0,1,4.01181,arms_front_45,0.0188282,,0,,nan,
golem_ik,kinematic,golem_ik,nan,,0,b095_d80_e10,95,0.8,0.1,0.290427,0.00429681,0.138782,0.616261,-0.158466,-0.204282,0.798118,1,0,1,0,nan,0.197181,0.0465283,0.347833,0.0290021,0.0917421,0.197181,0.0603721,1.0024,1.0024,1.0024,0,0,nan,,,nan,nan,,,,,,,,,,,,,0,1,4.00923,current,0.0249959,,0,,nan,
golem_ik,kinematic,golem_ik,nan,,0,b095_d80_e20,95,0.8,0.2,0.380048,-0.0400662,0.138782,0.716246,-0.160154,-0.204282,0.798118,1,0,0,0,nan,0.25111,0.0887958,0.413425,0.0512804,0.0856737,0.25111,0.0684771,1.0024,1.0024,1.0024,0,0,nan,,,nan,nan,,,,,,,,,,,,,0,1,4.01146,current,0.0221048,,0,,nan,
golem_ik,kinematic,golem_ik,nan,,0,b095_d90_e00,95,0.9,0,0.200806,0.0486598,0.0387824,0.516275,-0.156777,-0.304282,0.698118,1,0,0,0,nan,0.24535,0.115637,0.375063,0.0843389,0.128182,0.24535,0.106261,1.0024,1.0024,1.0024,0,0,nan,,,nan,nan,,,,,,,,,,,,,0,1,4.008,home,0.0195314,,0,,nan,
golem_ik,kinematic,golem_ik,nan,,0,b095_d90_e10,95,0.9,0.1,0.290427,0.00429681,0.0387824,0.616261,-0.158466,-0.304282,0.698118,1,0,0,0,nan,0.277837,0.129431,0.426243,0.0806437,0.120853,0.277837,0.100748,1.0024,1.0024,1.0024,0,0,nan,,,nan,nan,,,,,,,,,,,,,0,1,4.01016,current,0.0282971,,0,,nan,
golem_ik,kinematic,golem_ik,nan,,0,b095_d90_e20,95,0.9,0.2,0.380048,-0.0400662,0.0387824,0.716246,-0.160154,-0.304282,0.698118,1,0,0,0,nan,0.325236,0.164198,0.486273,0.0977565,0.112737,0.325236,0.105247,1.0024,1.0024,1.0024,0,0,nan,,,nan,nan,,,,,,,,,,,,,0,1,4.00621,current,0.0204116,,0,,nan,
golem_ik,kinematic,golem_ik,nan,,0,b095_d100_e00,95,1,0,0.200806,0.0486598,-0.0612176,0.516275,-0.156777,-0.404282,0.598118,1,0,0,0,nan,0.330623,0.199945,0.461301,0.140171,0.159347,0.330623,0.149759,1.0024,1.0024,1.0024,0,0,nan,,,nan,nan,,,,,,,,,,,,,0,1,4.01241,current,0.0195909,,0,,nan,
golem_ik,kinematic,golem_ik,nan,,0,b095_d100_e10,95,1,0.1,0.290427,0.00429681,-0.0612176,0.616261,-0.158466,-0.404282,0.598118,1,0,0,0,nan,0.361093,0.214093,0.508093,0.132595,0.149574,0.361093,0.141085,1.0024,1.0024,1.0024,0,0,nan,,,nan,nan,,,,,,,,,,,,,0,1,4.00847,current,0.0286531,,0,,nan,
golem_ik,kinematic,golem_ik,nan,,0,b095_d100_e20,95,1,0.2,0.380048,-0.0400662,-0.0612176,0.716246,-0.160154,-0.404282,0.598118,1,0,0,0,nan,0.4036,0.243855,0.563345,0.145395,0.139533,0.4036,0.142464,1.0024,1.0024,1.0024,0,0,nan,,,nan,nan,,,,,,,,,,,,,0,1,4.00974,current,0.0231969,,0,,nan,
