label,step,transitions,depth_level,reach_rate,crouch_reach_rate,goal_position_error_cm,goal_orientation_error_rad,best_error_cm,pelvis_drop_cm,target_drop_cm,walk_error_m_s,falls
l1,24,98304,0,nan,nan,nan,nan,nan,nan,nan,nan,0
l1,264,1.08134e+06,0,nan,nan,nan,nan,nan,nan,nan,0.710763,1
l1,504,2.06438e+06,0,nan,nan,nan,nan,nan,nan,nan,0.705767,1
l1,744,3.04742e+06,0,nan,nan,nan,nan,nan,nan,nan,0.716326,1
l1,984,4.03046e+06,0,nan,nan,nan,nan,nan,nan,nan,0.713149,1
l1,1224,5.0135e+06,0,nan,nan,nan,nan,nan,nan,nan,0.726267,1
l1,1464,5.99654e+06,0,nan,nan,nan,nan,nan,nan,nan,0.744604,1
l1,1704,6.97958e+06,0,nan,nan,nan,nan,nan,nan,nan,0.738621,1
l1,1944,7.96262e+06,0,nan,nan,nan,nan,nan,nan,nan,0.757492,1
l1,2184,8.94566e+06,0,nan,nan,nan,nan,nan,nan,nan,0.766948,1
l1,2424,9.9287e+06,0,nan,nan,nan,nan,nan,nan,nan,0.753064,1
l1,2664,1.09117e+07,0,nan,nan,nan,nan,nan,nan,nan,0.753387,1
l1,2904,1.18948e+07,0,nan,nan,nan,nan,nan,nan,nan,0.741288,1
l1,3144,1.28778e+07,0,nan,nan,nan,nan,nan,nan,nan,0.721865,1
l1,3384,1.38609e+07,0,nan,nan,nan,nan,nan,nan,nan,0.687853,1
l1,3624,1.48439e+07,0,nan,nan,nan,nan,nan,nan,nan,0.689191,1
l1,3864,1.58269e+07,0,nan,nan,nan,nan,nan,nan,nan,0.625559,1
l1,4104,1.681e+07,0,nan,nan,nan,nan,nan,nan,nan,0.610989,0.99822
l1,4344,1.7793e+07,0,nan,nan,nan,nan,nan,nan,nan,0.511528,0.973328
l1,4584,1.87761e+07,0,nan,nan,nan,nan,nan,nan,nan,0.461174,0.882294
l1,4824,1.97591e+07,0,nan,nan,nan,nan,nan,nan,nan,0.444326,0.683716
l1,5064,2.07421e+07,0,nan,nan,nan,nan,nan,nan,nan,0.424208,0.54012
l1,5304,2.17252e+07,0,nan,nan,nan,nan,nan,nan,nan,0.385928,0.353302
l1,5544,2.27082e+07,0,nan,nan,nan,nan,nan,nan,nan,0.374413,0.254944
l1,5784,2.36913e+07,0,nan,nan,nan,nan,nan,nan,nan,0.357024,0.204254
l1,6024,2.46743e+07,0,nan,nan,nan,nan,nan,nan,nan,0.346971,0.162923
l1,6264,2.56573e+07,0,nan,nan,nan,nan,nan,nan,nan,0.350803,0.173584
l1,6504,2.66404e+07,0,nan,nan,nan,nan,nan,nan,nan,0.320239,0.149323
l1,6744,2.76234e+07,0,nan,nan,nan,nan,nan,nan,nan,0.331483,0.124522
l1,6984,2.86065e+07,0,nan,nan,nan,nan,nan,nan,nan,0.321494,0.117666
l1,7224,2.95895e+07,0,nan,nan,nan,nan,nan,nan,nan,0.329045,0.0644124
l1,7464,3.05725e+07,0,nan,nan,nan,nan,nan,nan,nan,0.323457,0.0401713
l1,7704,3.15556e+07,0,nan,nan,nan,nan,nan,nan,nan,0.295539,0.0424093
l1,7944,3.25386e+07,0,nan,nan,48.1796,1.28574,nan,12.9924,0,0.307324,0.117625
l1,8184,3.35217e+07,0,0,nan,46.672,1.21798,12.801,11.9653,0,0.297518,0.479187
l1,8424,3.45047e+07,0,0,nan,48.857,1.19228,20.4886,11.5528,0,0.302952,0.714447
l1,8664,3.54877e+07,0,0,nan,49.0931,1.15558,21.6312,11.8818,0,0.28445,0.837952
l1,8904,3.64708e+07,0,0,nan,49.3404,1.17475,27.4186,11.7195,0,0.309349,0.910868
l1,9144,3.74538e+07,0,0,nan,48.222,1.18519,22.1717,11.7084,0,0.30907,0.915344
l1,9384,3.84369e+07,0,0,nan,47.8688,1.16789,28.5516,12.0612,0,0.314872,0.90683
l1,9624,3.94199e+07,0,0,nan,50.649,1.19573,21.5483,11.5836,0,0.331393,0.909871
l1,9864,4.04029e+07,0,0,nan,48.7464,1.14199,23.0101,9.5882,0,0.323041,0.893321
l1,10104,4.1386e+07,0,0,nan,55.2991,1.15506,24.02,8.97598,0,0.333133,0.865977
l1,10344,4.2369e+07,0,0,nan,57.1032,1.20247,27.8473,8.7879,0,0.363518,0.833384
l1,10584,4.33521e+07,0,0,nan,56.1224,1.20375,23.8095,8.25139,0,0.360722,0.792308
l1,10824,4.43351e+07,0,0,nan,52.5045,1.16188,25.78,7.63182,0,0.368635,0.744598
l1,11064,4.53181e+07,0,0,nan,54.1618,1.18201,25.717,6.92286,0,0.331647,0.69165
l1,11304,4.63012e+07,0,0,nan,49.7847,1.133,25.4175,6.99484,0,0.340384,0.642171
l1,11544,4.72842e+07,0,0,nan,52.5009,1.10802,25.0123,5.81788,0,0.342608,0.568013
l1,11784,4.82673e+07,0.000244141,0,nan,50.9803,1.09175,25.9333,5.3424,0,0.33358,0.486348
l1,12024,4.92503e+07,0.000488281,0,nan,52.9736,1.12998,25.1368,6.03964,0,0.342997,0.414408
l1,12264,5.02333e+07,0.000732422,0,nan,46.5381,1.06321,24.6965,5.439,0,0.3542,0.346812
l1,12504,5.12164e+07,0.00084432,0,nan,49.3886,1.11515,24.3319,5.65853,0,0.323041,0.300212
l1,12744,5.21994e+07,0.0012207,0,nan,45.4265,1.02432,23.7453,5.49027,0,0.333148,0.258413
l1,12984,5.31825e+07,0.00232951,0,nan,45.2365,1.07235,23.644,5.52137,0,0.352124,0.22934
l1,13224,5.41655e+07,0.00292969,0,nan,42.3201,1.05544,22.1204,5.4365,0,0.350249,0.202779
l1,13464,5.51485e+07,0.00413005,0,nan,39.4808,1.07295,22.1421,5.58941,0,0.336379,0.188151
l1,13704,5.61316e+07,0.00531006,0,nan,42.7779,1.07116,22.683,5.28133,0.0393371,0.334293,0.178009
l1,13944,5.71146e+07,0.00737508,0,nan,38.2059,1.07104,22.1658,4.94898,0,0.33754,0.160187
l1,14184,5.80977e+07,0.00976562,0,nan,40.3325,1.10187,22.1803,5.28606,0.0819353,0.311057,0.153534
l1,14424,5.90807e+07,0.0126953,0,nan,39.0353,1.05975,20.6293,5.15357,0,0.309791,0.147369
l1,14664,6.00637e+07,0.0161743,0,0,36.9306,1.06489,21.3243,5.2413,0.193943,0.345521,0.12736
l1,14904,6.10468e+07,0.0181376,0,nan,37.8768,1.09831,23.0133,4.92827,0,0.328335,0.120158
l1,15144,6.20298e+07,0.0209961,0,nan,34.9812,1.08508,21.1607,5.08546,0.0365092,0.342684,0.114227
l1,15384,6.30129e+07,0.026001,0,nan,36.2101,1.07576,20.8974,4.8532,0,0.326225,0.100708
l1,15624,6.39959e+07,0.0292765,0,nan,35.6709,1.07603,22.6523,4.82934,0,0.319219,0.0897013
l1,15864,6.49789e+07,0.0327047,0,nan,37.3259,1.05658,22.2066,4.97644,0.0771491,0.319753,0.080363
l1,16104,6.5962e+07,0.038442,0,0,33.3485,1.01189,20.3595,5.09828,0.208084,0.315445,0.072408
l1,16344,6.6945e+07,0.0415751,0,nan,34.2342,1.03371,21.9987,4.89865,0.241597,0.299286,0.0675151
l1,16584,6.79281e+07,0.0461019,0,nan,33.8522,1.04367,20.2479,5.09289,0.120176,0.317163,0.0705566
l1,16824,6.89111e+07,0.0529175,0,nan,30.7877,0.981781,19.0732,5.16824,0.397342,0.327817,0.0600688
l1,17064,6.98941e+07,0.0565389,0,nan,31.0526,1.04544,19.2753,5.10613,0.136754,0.33951,0.0553894
l1,17304,7.08772e+07,0.0598043,0,nan,34.2807,1.06704,21.5483,5.07016,0.0726756,0.317325,0.0496114
l1,17544,7.18602e+07,0.0660909,0,nan,33.2261,1.02715,21.9,5.05207,0.0324247,0.320134,0.0457764
l1,17784,7.28433e+07,0.0695801,0,nan,32.5789,1.00934,21.0079,5.02955,0.53366,0.307343,0.0493368
l1,18024,7.38263e+07,0.0753072,0,nan,30.456,1.02148,19.8979,5.12015,0.469859,0.321327,0.0473531
l1,18264,7.48093e+07,0.084432,0,0,31.3819,1.00452,21.5548,5.21579,0.26802,0.317754,0.0464274
l1,18504,7.57924e+07,0.0892334,0,0,28.4777,1.01608,17.8049,5.34979,0.440728,0.287782,0.0451152
l1,18744,7.67754e+07,0.0946554,0,0,30.4138,1.04442,20.4429,5.51247,0.360101,0.316248,0.038208
l1,18984,7.77585e+07,0.101267,0,nan,31.167,1.0812,20.0307,5.54886,0.655878,0.308683,0.0371297
l1,19224,7.87415e+07,0.105815,0,nan,31.0145,1.08632,20.5536,5.68967,0.39754,0.325049,0.0369873
l1,19464,7.97245e+07,0.112691,0,0,29.9233,1.10406,19.5927,5.92322,0.878504,0.326974,0.0365702
l1,19704,8.07076e+07,0.118764,0,0,27.2474,0.984656,18.0895,5.57581,0.397264,0.309153,0.0402934
l1,19944,8.16906e+07,0.125885,0,0,27.6919,1.03338,17.8251,5.79705,0.909539,0.308475,0.0404154
l1,20184,8.26737e+07,0.133097,0,nan,29.0262,1.00744,19.5207,5.81002,0.247891,0.340665,0.0346171
l1,20424,8.36567e+07,0.139374,0,nan,28.5811,1.02212,18.9231,5.97419,0.577878,0.291578,0.0305379
l1,20664,8.46397e+07,0.146444,0,0,26.7729,0.994752,16.8153,6.12755,0.734615,0.339407,0.0322571
l1,20904,8.56228e+07,0.153768,0,0,29.0492,1.00235,19.6938,6.13951,0.600419,0.310515,0.0341187
l1,21144,8.66058e+07,0.161448,0,nan,26.3823,0.963361,17.2674,6.23966,0.962234,0.317654,0.035319
l1,21384,8.75889e+07,0.171173,0,0,25.5386,0.970163,17.0518,6.28856,0.899141,0.320626,0.0363973
l1,21624,8.85719e+07,0.179474,0,0,26.0184,0.95752,17.0241,6.29046,1.12813,0.330033,0.0332845
l1,21864,8.95549e+07,0.191945,0,0,26.3107,1.06554,17.6766,6.2466,1.13319,0.30458,0.0296326
l1,22104,9.0538e+07,0.204549,0,nan,27.4926,0.974175,17.2598,6.19251,0.466034,0.330218,0.0297648
l1,22344,9.1521e+07,0.217804,0,0,27.8046,1.07986,18.4543,6.24457,0.892544,0.311108,0.027242
l1,22584,9.25041e+07,0.229635,0,nan,26.7194,1.00044,17.9412,6.23976,0.698822,0.314175,0.0271606
l1,22824,9.34871e+07,0.245453,0,0,26.2813,1.00301,17.3073,6.47585,1.00581,0.323894,0.0279032
l1,23064,9.44701e+07,0.259745,0,0,26.9557,1.07047,17.6638,6.43625,1.71441,0.319215,0.0308634
l1,23304,9.54532e+07,0.281657,0,0,25.0702,1.03543,16.5514,6.34783,1.0515,0.329602,0.0325521
l1,23544,9.64362e+07,0.303507,0,0,26.1715,1.03461,16.5046,6.32722,1.3239,0.310801,0.0297648
l1,23784,9.74193e+07,0.325521,0,0,24.5756,1.07427,15.602,6.31759,1.58991,0.334237,0.0268962
l1,24024,9.84023e+07,0.344543,0,nan,24.7611,0.966307,15.8922,6.41691,1.71963,0.333239,0.021108
l1,24264,9.93853e+07,0.360341,0,0,24.202,1.0012,15.9872,6.28717,2.13354,0.324637,0.0175171
l1,24504,1.00368e+08,0.377167,0,0,25.5408,1.0128,16.2275,6.47366,1.78261,0.352211,0.0191243
l1,24744,1.01351e+08,0.397522,0,0,25.3171,0.98238,16.0746,6.73021,1.9573,0.340433,0.0204671
l1,24984,1.02334e+08,0.412923,0,0,25.9162,0.954403,17.3721,6.53868,1.18282,0.316411,0.0233053
l1,25224,1.03318e+08,0.428172,0,0,24.1397,0.993448,15.5864,6.47186,2.14263,0.311818,0.0238037
l1,25464,1.04301e+08,0.448781,0,0,24.2614,0.947776,15.0047,6.71419,2.45617,0.319242,0.019338
l1,25704,1.05284e+08,0.47229,0,0,24.1787,1.02266,14.5547,6.92316,2.47902,0.332002,0.0197042
l1,25944,1.06267e+08,0.494385,0,0,24.9983,1.0417,15.6281,7.08478,2.54926,0.349022,0.019755
l1,26184,1.0725e+08,0.511912,0,0,22.6995,0.994922,14.2913,7.21629,2.28706,0.32026,0.0191549
l1,26424,1.08233e+08,0.538147,0,0,23.6933,0.963771,15.8087,7.29706,2.22619,0.303593,0.0218302
l1,26664,1.09216e+08,0.570526,0,0,22.7463,0.91272,13.6354,7.3057,2.84667,0.309901,0.0202433
l1,26904,1.10199e+08,0.609344,0,0,21.6801,0.971546,12.7847,7.37792,2.66633,0.306964,0.0174764
l1,27144,1.11182e+08,0.656108,0,0,22.0476,1.01379,12.8549,7.26425,3.52429,0.329008,0.0163981
l1,27384,1.12165e+08,0.703512,0,0,21.9893,0.939408,13.0058,7.26439,2.60256,0.318364,0.0167033
l1,27624,1.13148e+08,0.74707,0,0,21.4961,0.942558,13.0955,7.21708,2.44668,0.317108,0.015564
l1,27864,1.14131e+08,0.79366,0,0,21.2081,0.980091,12.6884,7.28896,3.4303,0.312491,0.0161133
l1,28104,1.15114e+08,0.848724,0,0,20.7579,0.983164,12.7576,7.19137,3.87252,0.328477,0.0166321
l1,28344,1.16097e+08,0.900787,0,0,19.451,0.947258,11.638,7.21643,3.45324,0.323149,0.0179952
l1,28584,1.1708e+08,0.963226,0,0,18.8575,0.891096,11.2342,7.203,4.98326,0.322856,0.0174357
l1,28824,1.18063e+08,1.01579,0,0,19.3466,0.977147,11.7172,7.46425,4.40435,0.316717,0.0148214
l1,29064,1.19046e+08,1.076,0,0,19.2353,0.960006,11.3422,7.36794,4.16567,0.326214,0.014211
l1,29304,1.20029e+08,1.13962,0,0,20.0867,0.943711,11.9425,7.27429,4.29598,0.322428,0.0154521
l1,29544,1.21012e+08,1.20066,0,0,19.9664,0.906246,11.6874,7.36376,5.72938,0.320732,0.0150146
l1,29784,1.21995e+08,1.26148,0,0,19.2457,0.890211,11.0796,7.51529,5.42852,0.326164,0.0163676
l1,30024,1.22978e+08,1.33493,0,0,18.7844,0.891969,10.8022,7.47238,5.58973,0.308957,0.017863
l1,30264,1.23961e+08,1.412,0,0,18.6486,0.906792,10.9371,7.7212,7.6607,0.320054,0.0123393
l1,30504,1.24944e+08,1.49321,0,0,18.0704,0.85622,9.76689,7.63837,5.57803,0.307088,0.012207
l1,30744,1.25927e+08,1.56933,0,0,16.8191,0.885437,9.69676,7.73065,8.36379,0.326623,0.010732
l1,30984,1.2691e+08,1.645,0,0,16.6403,0.83793,9.23676,7.86606,7.27847,0.306684,0.00983683
l1,31224,1.27894e+08,1.7293,0,0,17.5186,0.861511,9.75713,8.08256,7.65127,0.323289,0.0101929
l1,31464,1.28877e+08,1.81711,0,0,16.141,0.84682,8.92743,8.27224,9.33742,0.309429,0.0123901
l1,31704,1.2986e+08,1.89315,0,0,16.5918,0.858519,8.98379,8.3548,8.58873,0.310822,0.0127767
l1,31944,1.30843e+08,1.97076,0,0,16.2549,0.838645,9.31892,8.50212,8.08985,0.320205,0.0115255
l1,32184,1.31826e+08,2.05531,0.0026243,0,16.8477,0.892193,9.43939,8.58649,10.3932,0.322928,0.0121562
l1,32424,1.32809e+08,2.13348,0.00917176,0,16.01,0.859795,9.07266,8.61959,9.86118,0.296631,0.0115458
l1,32664,1.33792e+08,2.22114,0,0,15.4819,0.825881,7.93378,8.48517,9.85581,0.325734,0.0111491
l1,32904,1.34775e+08,2.30206,0,0,16.3385,0.891093,8.55093,8.60373,9.37895,0.30324,0.0107727
l1,33144,1.35758e+08,2.38235,0,0,15.8098,0.863213,8.38952,8.54173,11.8719,0.302859,0.010498
l1,33384,1.36741e+08,2.46682,0,0,15.2991,0.846768,8.24659,8.62199,10.1792,0.322481,0.008962
l1,33624,1.37724e+08,2.55284,0,0,15.5839,0.883688,7.69578,8.5688,11.3047,0.3061,0.00938924
l1,33864,1.38707e+08,2.64473,0,0,15.5062,0.849299,8.23347,8.91212,13.1208,0.298743,0.00917562
l1,34104,1.3969e+08,2.72791,0,0,15.6325,0.811125,7.99633,9.35418,12.0012,0.291735,0.00815837
l1,34344,1.40673e+08,2.81664,0,0,14.835,0.846086,7.67777,9.47771,13.9236,0.312925,0.0100505
l1,34584,1.41656e+08,2.90667,0,0,14.963,0.859269,7.6967,10.0159,14.0192,0.3045,0.00926717
l1,34824,1.42639e+08,2.99273,0,0,14.1839,0.797234,7.43845,10.1916,15.2863,0.296112,0.0084432
l1,35064,1.43622e+08,3.07732,0,0,13.7428,0.786362,6.25386,10.3879,13.5545,0.304224,0.00917562
l1,35304,1.44605e+08,3.163,0,0,13.6768,0.850914,6.6982,10.7627,14.814,0.300991,0.00856527
l1,35544,1.45588e+08,3.24744,0,0,13.636,0.825292,6.51966,10.8103,14.7853,0.30114,0.00815837
l1,35784,1.46571e+08,3.33576,0,0,13.9408,0.756725,6.87183,10.5676,15.3529,0.297204,0.00756836
l1,36024,1.47554e+08,3.4242,0,0,14.7073,0.789498,7.40256,10.7258,15.7234,0.302324,0.00958252
l1,36264,1.48537e+08,3.51104,0,0,14.1643,0.792657,7.08371,10.9772,18.4893,0.336973,0.00854492
l1,36504,1.4952e+08,3.59549,0,0,13.2142,0.788645,6.22107,11.1074,17.4649,0.327909,0.00968425
l1,36744,1.50503e+08,3.68313,0,0,14.0933,0.788343,6.51641,11.238,18.3597,0.297205,0.0103455
l1,36984,1.51486e+08,3.76644,0,0,14.8694,0.771506,7.22519,11.3426,17.8644,0.301723,0.0118306
l1,37224,1.5247e+08,3.85578,0.00266099,0,14.2247,0.784542,7.20653,11.3264,18.482,0.304991,0.0123291
l1,37464,1.53453e+08,3.95,0,0,15.591,0.822498,6.40015,12.157,18.9085,0.298699,0.010437
l1,37704,1.54436e+08,4.03679,0.00451067,0,13.6855,0.776613,6.20738,11.6237,18.0832,0.289914,0.0114034
l1,37944,1.55419e+08,4.12562,0,0,12.7856,0.789771,6.16826,12.1,20.4283,0.320597,0.0097758
l1,38184,1.56402e+08,4.21079,0.00455911,0,13.1193,0.778525,6.35925,12.6279,22.3118,0.315473,0.00693766
l1,38424,1.57385e+08,4.29821,0.00745911,0,12.9371,0.72069,5.95209,12.8025,18.375,0.295007,0.00708008
l1,38664,1.58368e+08,4.38483,0.00398724,0,12.8051,0.72577,6.04983,12.853,21.8461,0.332316,0.00693766
l1,38904,1.59351e+08,4.46958,0.0094833,0,12.5925,0.72931,5.47421,13.1957,21.0579,0.29452,0.00633748
l1,39144,1.60334e+08,4.55528,0.010262,0,13.9669,0.716761,6.70712,13.2674,21.8954,0.299977,0.006663
l1,39384,1.61317e+08,4.63886,0.00692263,0,12.2969,0.708899,5.39859,12.8295,20.6578,0.317846,0.00763957
l1,39624,1.623e+08,4.71933,0,0,12.8952,0.703033,5.69098,13.1214,23.3539,0.29509,0.00795492
l1,39864,1.63283e+08,4.80954,0.00777648,0,12.2852,0.723249,5.61165,12.7948,21.6512,0.30402,0.00915527
l1,40104,1.64266e+08,4.89139,0,0,12.5248,0.737852,5.71732,13.7826,24.8363,0.301984,0.0122375
l1,40344,1.65249e+08,4.96859,0,0,13.048,0.770886,6.08024,13.9271,24.4769,0.307976,0.014801
l1,40584,1.66232e+08,5.05885,0,0,12.645,0.678423,5.91051,13.6939,23.1267,0.33259,0.0145162
l1,40824,1.67215e+08,5.14682,0.00442424,0,11.8751,0.68537,5.29844,14.2147,24.2618,0.303175,0.0138957
l1,41064,1.68198e+08,5.23222,0.00743106,0,12.954,0.707159,6.21475,13.9517,23.067,0.307778,0.01238
l1,41304,1.69181e+08,5.32426,0.0151003,0,12.721,0.710114,6.05761,14.3704,23.6566,0.307674,0.00793457
l1,41544,1.70164e+08,5.41351,0.0166744,0,12.6246,0.672895,5.51149,15.164,26.0629,0.313435,0.00997925
l1,41784,1.71147e+08,5.4922,0.00586396,0,12.6748,0.752948,6.07466,15.1579,24.1302,0.31312,0.0134277
l1,42024,1.7213e+08,5.5687,0.0122125,0,14.2636,0.733938,6.6731,15.4681,24.4989,0.310531,0.0156555
l1,42264,1.73113e+08,5.64406,0.0519376,0,11.5522,0.617852,4.83682,16.3305,28.2366,0.31865,0.0177917
l1,42504,1.74096e+08,5.73543,0.0179143,0,12.5228,0.658477,5.57722,16.3244,27.9282,0.308573,0.016215
l1,42744,1.75079e+08,5.82146,0.00460648,0,11.9338,0.597882,5.31629,15.9378,30.8133,0.318179,0.0133057
l1,42984,1.76062e+08,5.90385,0.0171397,0,12.7133,0.620828,5.83744,16.0062,27.6735,0.309563,0.0128682
l1,43224,1.77046e+08,5.99039,0.00475651,0,11.6655,0.686623,5.05235,15.5311,28.7204,0.32091,0.0119731
l1,43464,1.78029e+08,6.07957,0.0337318,0.0283956,12.244,0.631801,5.91704,15.855,30.4366,0.32675,0.0111084
l1,43704,1.79012e+08,6.16104,0.00459644,0,12.13,0.657192,5.54662,15.3849,27.6757,0.312816,0.012085
l1,43944,1.79995e+08,6.24403,0.0244301,0,12.8175,0.650686,6.40249,15.6066,31.6865,0.3272,0.0122986
l1,44184,1.80978e+08,6.32429,0.0107235,0,11.2341,0.623436,4.91371,15.2446,30.0565,0.318158,0.0126953
l1,44424,1.81961e+08,6.40933,0.0123493,0,12.3799,0.604938,5.06328,15.4641,30.6324,0.322031,0.0136414
l1,44664,1.82944e+08,6.49487,0,0,11.6647,0.66315,5.27312,15.9476,30.2585,0.322498,0.0121257
l1,44904,1.83927e+08,6.58144,0.0370206,0,13.0457,0.553197,5.74358,15.8356,31.087,0.297911,0.0103251
l1,45144,1.8491e+08,6.66283,0.0145682,0,13.8968,0.623877,7.5388,16.1177,32.819,0.298574,0.00927734
l1,45384,1.85893e+08,6.75156,0.00743039,0,12.1913,0.661671,5.63736,15.8418,30.5788,0.30255,0.00805664
l1,45624,1.86876e+08,6.83121,0.0148637,0,12.5173,0.628455,5.81098,15.964,34.3454,0.309851,0.00830078
l1,45864,1.87859e+08,6.91063,0.011505,0,11.8362,0.580656,5.65188,15.9694,33.5435,0.296624,0.0084432
l1,46104,1.88842e+08,6.98507,0.00399829,0,13.009,0.592395,6.33667,16.1576,33.0966,0.324528,0.00683594
l1,46344,1.89825e+08,7.06472,0.0210187,0,13.6141,0.607152,6.4276,16.7866,34.4657,0.303629,0.00806681
l1,46584,1.90808e+08,7.15185,0.0195318,0.0130646,13.6557,0.618332,7.21686,16.4154,34.5312,0.322466,0.00820923
l1,46824,1.91791e+08,7.22973,0.0199183,0.0121317,12.4116,0.607789,6.02708,16.2888,32.9355,0.287105,0.00913493
l1,47064,1.92774e+08,7.30213,0.0273756,0,13.8922,0.669471,6.88849,16.282,34.3937,0.267863,0.0109863
l1,47304,1.93757e+08,7.37173,0.0211297,0,12.7757,0.671406,6.51518,16.8326,34.3222,0.3054,0.0103251
l1,47544,1.9474e+08,7.45483,0.0173706,0,13.3137,0.605942,7.25861,16.9902,39.4647,0.292074,0.00967407
l1,47784,1.95723e+08,7.53212,0.014462,0,13.7707,0.647136,6.97384,16.8033,36.0075,0.289355,0.00923665
l1,48024,1.96706e+08,7.61053,0.0123134,0,12.7961,0.613666,5.60115,16.9902,37.3374,0.29979,0.00876872
l1,48264,1.97689e+08,7.68161,0.00858001,0,13.835,0.622777,6.92417,17.3587,37.0352,0.323009,0.0101318
l1,48504,1.98672e+08,7.7578,0.0104825,0,14.2615,0.641414,7.87704,17.7531,39.7645,0.301204,0.0113627
l1,48744,1.99655e+08,7.83279,0.014969,0,14.0073,0.638903,6.97083,17.0081,38.0038,0.303877,0.0126953
l1,48984,2.00638e+08,7.90625,0.00838415,0,14.9719,0.622765,8.3155,17.7646,40.7207,0.306952,0.0164998
l1,49224,2.01622e+08,7.97351,0.0372671,0.0110538,13.5186,0.644368,7.31888,17.6391,40.2816,0.304661,0.0163574
l1,49464,2.02605e+08,8.04808,0.00577979,0,13.5985,0.599579,7.48973,17.44,38.7219,0.30461,0.0149028
l1,49704,2.03588e+08,8.11741,0.0145744,0,13.777,0.653791,7.37241,17.835,36.6913,0.319867,0.0114339
l1,49944,2.04571e+08,8.18907,0.00484653,0,15.3818,0.615118,8.91962,18.7439,41.4573,0.307715,0.00749715
l1,50184,2.05554e+08,8.26091,0.0134665,0,14.7879,0.582082,7.89725,18.0872,44.0228,0.303918,0.00703939
l1,50424,2.06537e+08,8.32782,0,0,14.2724,0.654064,7.3953,18.1691,39.3575,0.297275,0.0108846
l1,50664,2.0752e+08,8.38831,0.0113493,0.012501,13.386,0.62235,6.76248,18.0276,38.3243,0.304229,0.013326
l1,50904,2.08503e+08,8.45296,0.00888607,0,16.5513,0.63534,10.3066,18.6668,45.5491,0.31979,0.0153198
l1,51144,2.09486e+08,8.50871,0.0237664,0.0257132,13.6102,0.582731,7.48343,18.0475,41.8332,0.294189,0.0151367
l1,51384,2.10469e+08,8.57231,0.0306375,0,14.5049,0.621387,8.02625,17.7293,38.9464,0.310844,0.0140177
l1,51624,2.11452e+08,8.63344,0.0284954,0.0174764,14.5615,0.617655,8.20271,18.1587,43.5305,0.303032,0.012207
l1,51864,2.12435e+08,8.68789,0.0114895,0,15.5406,0.606288,8.48775,18.534,44.2832,0.326919,0.0107625
l1,52104,2.13418e+08,8.74179,0.0765907,0.00707881,12.0311,0.58836,5.71434,18.0826,38.1623,0.290344,0.00850423
l1,52344,2.14401e+08,8.79602,0.0344131,0,14.7939,0.600204,8.45576,18.7159,42.4719,0.307916,0.0071106
l1,52584,2.15384e+08,8.85493,0.0109493,0,13.9137,0.585017,7.75335,19.1877,41.7121,0.310528,0.00728353
l1,52824,2.16367e+08,8.90141,0.00760291,0.00680735,15.5866,0.594489,9.13081,19.715,45.7507,0.302439,0.00961304
l1,53064,2.1735e+08,8.95172,0.01428,0,15.229,0.601864,9.14145,19.7967,41.7908,0.335694,0.0120646
l1,53304,2.18333e+08,9.00191,0.0459611,0,14.472,0.553924,8.11069,19.6804,42.7577,0.317604,0.0144043
l1,53544,2.19316e+08,9.04264,0.0227408,0,15.3364,0.570258,8.89907,19.6765,43.7932,0.305935,0.0162964
l1,53784,2.20299e+08,9.0855,0.0180078,0,16.5279,0.600881,9.72199,20.0329,44.6945,0.307941,0.0166423
l1,54024,2.21282e+08,9.12772,0.0455771,0.0448263,14.4979,0.554811,7.94992,19.489,43.611,0.295038,0.016449
l1,54264,2.22265e+08,9.17726,0.0344567,0,13.1118,0.538782,6.77676,19.4681,41.8463,0.319448,0.01533
l1,54504,2.23248e+08,9.21996,0.0240642,0,16.9817,0.628651,9.90564,19.8528,48.6819,0.303807,0.0152079
l1,54744,2.24231e+08,9.26534,0.0494746,0,14.6484,0.551234,8.33175,19.601,43.098,0.314855,0.0131327
l1,54984,2.25214e+08,9.29776,0,0,13.8812,0.570711,7.48679,19.6816,45.1178,0.288211,0.0126241
l1,55224,2.26198e+08,9.32629,0.015338,0.00526448,16.7033,0.63478,10.1165,19.3491,46.14,0.308073,0.0108134
l1,55464,2.27181e+08,9.35403,0.00922604,0,15.8119,0.578267,8.83625,19.5405,43.8579,0.310963,0.00937907
l1,55704,2.28164e+08,9.38888,0.0543718,0,16.0187,0.569996,9.32883,19.8765,46.5387,0.292702,0.0107422
l1,55944,2.29147e+08,9.41604,0.0101376,0,15.0444,0.584888,8.76372,19.9553,43.2303,0.307453,0.00973511
l1,56184,2.3013e+08,9.45048,0.0512281,0.0270373,17.4514,0.622398,11.3026,20.5299,50.9219,0.300387,0.0102132
l1,56424,2.31113e+08,9.47287,0.0241179,0,14.235,0.625159,8.99115,20.1962,45.4822,0.314714,0.010376
l1,56664,2.32096e+08,9.50219,0.0223544,0,15.9678,0.593102,9.87073,20.6551,48.4601,0.285893,0.00980632
l1,56904,2.33079e+08,9.53122,0.0167974,0,15.1561,0.588204,9.0277,20.643,46.3879,0.309706,0.0106201
l1,57144,2.34062e+08,9.55142,0.0353801,0,14.627,0.594395,7.59155,20.4064,46.1932,0.317408,0.0114848
l1,57384,2.35045e+08,9.56989,0,0,15.3084,0.587009,8.97563,20.5152,49.0028,0.309325,0.0157572
l1,57624,2.36028e+08,9.58815,0.0134713,0,15.7458,0.600076,9.42139,20.6807,47.6392,0.296437,0.0173136
l1,57864,2.37011e+08,9.57376,0.0126807,0,15.4073,0.601581,8.12206,20.4389,43.8686,0.298392,0.0485636
l1,58104,2.37994e+08,9.57899,0.0473344,0.0491306,16.5931,0.610103,10.6336,21.2671,50.3561,0.311074,0.061849
l1,58344,2.38977e+08,9.58938,0.00515137,0.00969268,19.2203,0.660325,10.3581,20.1431,48.6427,0.308374,0.0657145
l1,58584,2.3996e+08,9.59238,0.0175359,0.0138101,15.6884,0.590543,9.38719,20.7486,46.1102,0.278617,0.0766296
l1,58824,2.40943e+08,9.60368,0.0278564,0,16.1129,0.614425,9.27638,21.1386,48.3263,0.283668,0.0547384
l1,59064,2.41926e+08,9.60784,0.0391983,0.0112962,15.6117,0.542679,8.74358,20.8157,47.2317,0.304692,0.0471395
l1,59304,2.42909e+08,9.6101,0.0200899,0.00374398,17.3019,0.644103,10.9583,21.1942,48.3509,0.296162,0.0487671
l1,59544,2.43892e+08,9.61347,0.0178101,0,15.5011,0.548583,9.14717,20.8684,45.9261,0.287417,0.0502625
l1,59784,2.44875e+08,9.62185,0.00377739,0,16.11,0.607384,9.22258,20.2815,43.3416,0.321485,0.0490417
l1,60024,2.45858e+08,9.64263,0.0585892,0,13.8914,0.538001,7.42305,20.8772,44.0311,0.300831,0.0430094
l1,60264,2.46841e+08,9.65465,0.0194592,0.0215688,15.3717,0.535233,9.06963,21.1097,47.6696,0.289886,0.0344543
l1,60504,2.47824e+08,9.66304,0.024938,0,14.4862,0.577782,8.47113,20.7274,45.0099,0.311653,0.0277913
l1,60744,2.48807e+08,9.67137,0.0294967,0.0149019,15.4526,0.575963,9.29544,21.41,47.7763,0.308868,0.0229899
l1,60984,2.4979e+08,9.6815,0.0323644,0.0132318,15.7283,0.579892,9.45423,21.63,50.2543,0.320309,0.0248311
l1,61224,2.50774e+08,9.6947,0.0430436,0.0144288,15.0794,0.548537,8.63926,21.3299,50.2479,0.321471,0.0268453
l1,61464,2.51757e+08,9.71238,0.020116,0,15.4117,0.53199,9.27777,21.1826,49.4332,0.29713,0.020518
l1,61704,2.5274e+08,9.71697,0.0297564,0.0130609,17.118,0.568593,10.877,22.2072,53.7769,0.283448,0.0203756
l1,61944,2.53723e+08,9.7305,0.0238028,0.0187433,15.1401,0.522427,9.06561,21.4593,47.4516,0.304068,0.0180257
l1,62184,2.54706e+08,9.74464,0.0276548,0.0135819,16.4075,0.551974,10.1805,21.7944,50.6649,0.30479,0.0155029
l1,62424,2.55689e+08,9.75821,0.0107759,0,13.4729,0.511871,7.45213,21.3261,48.0145,0.366217,0.0150655
l1,62664,2.56672e+08,9.76968,0.00363781,0,15.6389,0.559967,9.58541,21.8228,51.6343,0.305655,0.010966
l1,62904,2.57655e+08,9.77692,0.0242057,0.0146143,16.3755,0.562473,10.181,21.8676,53.3002,0.31198,0.00867717
l1,63144,2.58638e+08,9.7881,0.0327273,0,15.81,0.539517,9.3305,21.6111,50.6053,0.301876,0.00927734
l1,63384,2.59621e+08,9.80124,0.0298766,0.0133707,15.9329,0.533092,9.4004,21.2099,48.8343,0.286134,0.00780233
l1,63624,2.60604e+08,9.81612,0.0341684,0.0124235,15.1676,0.539415,9.09704,21.4144,49.7508,0.297647,0.00912476
l1,63864,2.61587e+08,9.82159,0.0186062,0.0113379,17.6631,0.548091,11.3799,21.914,51.0776,0.307785,0.0121765
l1,64104,2.6257e+08,9.82544,0.0180657,0,15.3273,0.462748,9.98434,21.4387,49.8171,0.291945,0.013916
l1,64344,2.63553e+08,9.83159,0.0489794,0.00796741,15.8917,0.538246,9.70655,21.79,52.7146,0.330212,0.0170085
l1,64584,2.64536e+08,9.83484,0.0286738,0.013089,16.9327,0.566426,10.911,22.116,52.8464,0.284036,0.0177511
l1,64824,2.65519e+08,9.84255,0.0403568,0.00891821,15.5238,0.547409,9.38175,21.7101,50.6824,0.315239,0.0188192
l1,65064,2.66502e+08,9.8403,0.036092,0,18.7255,0.545812,11.7484,21.6662,55.1607,0.316208,0.018453
l1,65304,2.67485e+08,9.83909,0.0327526,0,14.2179,0.506954,8.65223,21.0745,43.97,0.300659,0.0178528
l1,65544,2.68468e+08,9.83781,0.0355648,0.00493002,16.3216,0.579187,10.2876,22.4117,52.2491,0.318254,0.0216675
l1,65784,2.69451e+08,9.82714,0.0444202,0,14.9007,0.583274,9.48761,21.9189,48.1722,0.300237,0.0314229
l1,66024,2.70434e+08,9.81701,0.0475414,0.0139006,15.3102,0.58979,7.95285,22.2987,51.8744,0.302603,0.0429077
l1,66264,2.71417e+08,9.8047,0.0419041,0.00608273,14.0728,0.528177,7.81014,21.8844,46.4496,0.298721,0.0548299
l1,66504,2.724e+08,9.80363,0.0491626,0.0568234,15.178,0.522262,8.71823,22.0384,48.9116,0.305097,0.0577189
l1,66744,2.73383e+08,9.80089,0.043943,0,16.5929,0.522466,9.71942,21.9336,51.7701,0.300522,0.0495605
l1,66984,2.74366e+08,9.80561,0.0371963,0.00931333,13.3182,0.490833,7.80848,21.2937,47.7729,0.300924,0.0413818
l1,67224,2.7535e+08,9.8069,0.0214114,0.0107792,13.9672,0.532354,8.25656,21.4675,46.5535,0.288641,0.0329793
l1,67464,2.76333e+08,9.80571,0.0509812,0.00514403,15.3798,0.539818,9.46066,22.137,50.5967,0.273738,0.0350037
l1,67704,2.77316e+08,9.80403,0.0275478,0.0344932,15.1732,0.562648,9.45156,22.4859,50.5284,0.325208,0.0403748
l1,67944,2.78299e+08,9.79949,0.0582026,0.00678183,16.2966,0.501426,9.845,22.1353,47.9058,0.285043,0.0465597
l1,68184,2.79282e+08,9.79021,0.0357585,0.0127768,16.2635,0.579738,9.85907,22.6031,50.9136,0.297546,0.0517883
l1,68424,2.80265e+08,9.78885,0.0369141,0.00831025,19.6539,0.636471,10.1812,22.0307,49.4208,0.296619,0.0535177
l1,68664,2.81248e+08,9.78538,0.0647729,0.0521333,15.6779,0.545059,9.31377,21.8253,48.4899,0.29554,0.0528158
l1,68904,2.82231e+08,9.77536,0.0365065,0.0113208,15.2659,0.535225,9.31001,22.1179,48.409,0.301185,0.0603333
l1,69144,2.83214e+08,9.77675,0.055908,0.0131855,15.945,0.521203,9.83098,22.4211,52.9891,0.290558,0.0543213
l1,69384,2.84197e+08,9.78467,0.0396225,0.0123455,13.2713,0.520462,7.12904,21.5435,45.0326,0.30016,0.0443013
l1,69624,2.8518e+08,9.79265,0.0208375,0,13.8093,0.491172,7.71687,22.171,45.8812,0.296424,0.0358683
l1,69864,2.86163e+08,9.7993,0.0452466,0.0232773,13.9812,0.510604,8.45154,22.6563,47.0597,0.307299,0.0186869
l1,70104,2.87146e+08,9.80608,0.0350144,0.0240314,14.7241,0.55282,7.76471,22.1239,49.3642,0.31838,0.00926717
l1,70344,2.88129e+08,9.81459,0.0452598,0,14.7967,0.490182,9.20184,22.6867,49.2277,0.291321,0.00763957
l1,70584,2.89112e+08,9.8228,0.0515127,0.00997672,15.3408,0.507594,9.18688,22.5886,50.0598,0.308506,0.00838216
l1,70824,2.90095e+08,9.83344,0.0437492,0,14.4804,0.473799,8.44781,22.4849,47.6882,0.309467,0.00661214
l1,71064,2.91078e+08,9.8406,0.044986,0.00863858,13.9508,0.482812,8.01641,22.797,48.6175,0.291292,0.00617472
l1,71304,2.92061e+08,9.84804,0.0566414,0.0161677,14.4629,0.591593,8.42332,22.7374,51.9263,0.302662,0.00585938
l1,71544,2.93044e+08,9.85803,0.0538751,0,15.7378,0.541788,9.3511,22.1208,50.3711,0.292451,0.00610352
l1,71784,2.94027e+08,9.86113,0.0481684,0.0409139,15.0502,0.524373,8.17139,21.3584,46.9065,0.302385,0.00765991
l1,72024,2.9501e+08,9.86544,0.0603468,0,13.1996,0.54136,7.53201,21.1487,43.2816,0.299471,0.00838216
l1,72264,2.95993e+08,9.87229,0.104264,0.0345066,14.7237,0.516213,8.75348,21.2738,50.116,0.294322,0.00976562
l1,72504,2.96976e+08,9.87891,0.0343484,0.0117371,15.6441,0.519584,9.64076,21.5776,50.8705,0.307365,0.0102437
l1,72744,2.97959e+08,9.87742,0.05761,0.0189325,15.2415,0.484633,9.67315,21.8009,49.0318,0.300915,0.0110881
l1,72984,2.98942e+08,9.87726,0.0568601,0.0268474,14.8405,0.511228,8.75287,21.554,49.6162,0.306031,0.0149943
l1,73224,2.99926e+08,9.87644,0.0560707,0,14.4064,0.502358,8.93503,21.8145,53.1662,0.296904,0.0161845
l1,73464,3.00909e+08,9.87598,0.0806234,0.00739068,15.7897,0.494594,9.06776,21.8189,51.3996,0.294183,0.0189107
l1,73704,3.01892e+08,9.87459,0.0667278,0.00818554,14.0302,0.493246,7.92286,21.229,44.3381,0.288332,0.0228577
l1,73944,3.02875e+08,9.87912,0.0394876,0.0100303,15.5661,0.501025,9.36238,21.8257,50.5251,0.290771,0.0197245
l1,74184,3.03858e+08,9.88211,0.0643934,0,13.7704,0.500906,7.93423,21.414,46.2827,0.31837,0.0180562
l1,74424,3.04841e+08,9.88456,0.0472114,0.0178493,16.8264,0.529354,9.93872,21.7948,51.5524,0.280269,0.0163269
l1,74664,3.05824e+08,9.88479,0.098294,0.0369102,12.9045,0.496597,7.14952,20.9579,44.774,0.284092,0.0108337
l1,74904,3.06807e+08,9.88528,0.0463679,0.00875949,15.1955,0.485703,9.57964,21.4284,49.4451,0.293097,0.00834147
l1,75144,3.0779e+08,9.88432,0.0617553,0,14.9652,0.514011,9.1915,20.9783,49.5503,0.259745,0.00865682
l1,75384,3.08773e+08,9.88775,0.0765303,0.0111698,15.9364,0.537784,9.35427,21.0049,48.7895,0.298302,0.00846354
l1,75624,3.09756e+08,9.88727,0.0370019,0.0127554,14.9184,0.502884,8.41847,21.4387,50.9917,0.29035,0.011617
l1,75864,3.10739e+08,9.88678,0.0367293,0,14.465,0.503106,8.63685,21.6854,51.769,0.305621,0.0116984
l1,76104,3.11722e+08,9.88733,0.0612784,0,14.79,0.501192,8.68748,21.2946,46.1325,0.301537,0.012675
l1,76344,3.12705e+08,9.88679,0.0655748,0.00460034,14.8476,0.473585,8.91971,21.3189,47.6155,0.302346,0.0119324
l1,76584,3.13688e+08,9.88705,0.0496446,0.0382032,14.8184,0.516188,9.91633,21.714,51.3494,0.272449,0.00917562
l1,76824,3.14671e+08,9.88877,0.0147812,0,15.8934,0.505096,9.99834,22.0168,53.4788,0.297364,0.009847
l1,77064,3.15654e+08,9.89033,0.0517669,0.00850375,14.9626,0.512784,9.29026,21.3828,49.0403,0.288091,0.00875854
l1,77304,3.16637e+08,9.89466,0.049782,0.0174948,14.098,0.511934,8.07349,21.4841,48.9617,0.305043,0.00864665
l1,77544,3.1762e+08,9.89688,0.056669,0.0194679,13.3365,0.510139,7.27087,21.0169,47.6715,0.283595,0.00976562
l1,77784,3.18603e+08,9.89894,0.0271859,0.0186613,14.6495,0.570876,8.57001,21.787,47.0569,0.298636,0.00859578
l1,78024,3.19586e+08,9.90135,0.068453,0.00610874,15.3515,0.522354,9.10749,21.4393,47.6642,0.309406,0.00924683
l1,78264,3.20569e+08,9.90116,0.0616666,0.0328272,15.4691,0.539784,8.595,21.4521,52.3978,0.304639,0.0101318
l1,78504,3.21552e+08,9.90068,0.0555545,0,14.2711,0.52954,7.47573,21.3992,45.6853,0.299085,0.0115967
l1,78744,3.22535e+08,9.90045,0.0226163,0.0140726,15.0012,0.539364,8.6877,22.0282,51.9892,0.31079,0.0118408
l1,78984,3.23518e+08,9.89905,0.0272731,0.00709999,13.8487,0.542884,7.46119,21.3763,47.071,0.318616,0.0123189
l1,79224,3.24502e+08,9.89717,0.0248895,0.0060024,14.8822,0.478171,8.85834,20.9359,46.6697,0.299621,0.0103556
l1,79464,3.25485e+08,9.89773,0.0567737,0.0149365,14.9533,0.50683,8.90666,20.946,46.4823,0.273256,0.00880941
l1,79704,3.26468e+08,9.90121,0.0469167,0.00515464,13.8562,0.493486,8.0041,20.5597,45.2618,0.289865,0.0078125
l1,79944,3.27451e+08,9.90112,0.0548907,0.00726958,15.0809,0.531883,8.85188,21.3067,52.4174,0.304332,0.00750732
l1,80184,3.28434e+08,9.90188,0.0615277,0.00575871,14.6973,0.533703,9.01983,21.7581,51.3634,0.28674,0.00756836
l1,80424,3.29417e+08,9.90147,0.076488,0.0714286,14.6723,0.495448,9.33448,21.8585,49.1246,0.275708,0.00886027
l1,80664,3.304e+08,9.90052,0.0519151,0.0105591,13.1834,0.486045,7.31974,21.5005,47.8419,0.293166,0.0101217
l1,80904,3.31383e+08,9.9022,0.0427003,0,14.0014,0.537726,7.43718,21.4444,47.0892,0.317424,0.00926717
l1,81144,3.32366e+08,9.90575,0.0454433,0.0127674,15.7947,0.526018,9.33043,21.8846,50.7661,0.319353,0.0090332
l1,81384,3.33349e+08,9.9046,0.0593079,0.0252651,14.6888,0.477314,8.48997,21.0089,44.9657,0.296234,0.00849406
l1,81624,3.34332e+08,9.90545,0.0830532,0.0207179,14.5208,0.494342,8.85012,20.8065,47.0892,0.292044,0.00830078
l1,81864,3.35315e+08,9.90894,0.0269565,0,15.3298,0.561026,8.67434,21.7432,52.2685,0.308921,0.00719198
l1,82104,3.36298e+08,9.90784,0.0638241,0.0216497,15.0698,0.495989,9.00961,20.5514,48.4649,0.302532,0.00788371
l1,82344,3.37281e+08,9.90647,0.0458309,0.0151776,15.5985,0.507536,9.00197,21.1348,49.9865,0.296539,0.00922648
l1,82584,3.38264e+08,9.9059,0.0448294,0.0222134,13.8627,0.524131,8.14538,21.3141,48.9686,0.288511,0.0118103
l1,82824,3.39247e+08,9.90408,0.0868841,0.0047507,14.7172,0.510085,8.63251,21.4399,48.8332,0.282623,0.0143941
l1,83064,3.4023e+08,9.90336,0.0622075,0.0130481,15.6631,0.479796,10.0546,21.7783,53.8606,0.294094,0.0132955
l1,83304,3.41213e+08,9.90001,0.0497118,0.0160565,14.2939,0.496586,8.40213,21.716,48.7234,0.288504,0.0150146
l1,83544,3.42196e+08,9.90167,0.0310138,0.00903614,15.0191,0.570055,8.51604,22.315,50.252,0.293227,0.0134888
l1,83784,3.43179e+08,9.89886,0.113043,0.0298492,15.5065,0.509413,8.86222,22.1461,49.864,0.297916,0.01356
l1,84024,3.44162e+08,9.89818,0.0760594,0.00565398,13.5326,0.47668,7.77169,21.4639,47.5102,0.281432,0.0149943
l1,84264,3.45145e+08,9.89772,0.0691554,0.0245368,12.8214,0.47443,6.96535,21.4331,48.1058,0.32639,0.014445
l1,84504,3.46128e+08,9.89795,0.0933932,0.0416667,13.4788,0.494775,7.24023,21.2996,45.3491,0.294546,0.0152486
l1,84744,3.47111e+08,9.89724,0.077644,0.0115146,15.0241,0.448163,8.91312,21.7326,49.198,0.310992,0.0157369
l1,84984,3.48094e+08,9.89784,0.0738402,0.0326843,14.7184,0.491881,8.55605,21.7609,50.8019,0.310855,0.0153707
l1,85224,3.49078e+08,9.89888,0.0962652,0.00903459,15.1787,0.514246,8.66992,21.9922,51.3121,0.297647,0.0140889
l1,85464,3.50061e+08,9.89783,0.0922784,0.0357842,13.2276,0.481999,7.12036,21.5514,44.3456,0.28104,0.0128377
l1,85704,3.51044e+08,9.89862,0.0504537,0,14.3965,0.487105,8.07833,21.7894,49.8684,0.306384,0.0126139
l1,85944,3.52027e+08,9.89804,0.061753,0.0177603,15.1933,0.512883,9.07015,22.2052,50.7746,0.293272,0.0129598
l1,86184,3.5301e+08,9.89805,0.0670851,0.00651254,13.6651,0.493627,7.82227,22.2961,47.7392,0.290872,0.0124512
l1,86424,3.53993e+08,9.90081,0.0767697,0.0228758,15.2846,0.523948,8.14096,22.7451,51.968,0.294003,0.0110067
l1,86664,3.54976e+08,9.90108,0.082351,0.0199377,14.1518,0.498773,8.22483,22.3924,49.2255,0.294223,0.0106506
l1,86904,3.55959e+08,9.904,0.0655567,0.00841751,12.6558,0.530078,7.25007,22.1099,51.3656,0.281225,0.00807699
l1,87144,3.56942e+08,9.90857,0.0537681,0.00807537,14.8085,0.540781,8.91199,22.5124,50.5346,0.284156,0.00756836
l1,87384,3.57925e+08,9.91089,0.0494186,0.0106339,15.7616,0.510987,9.6921,22.6372,54.0421,0.294708,0.0101013
l1,87624,3.58908e+08,9.90914,0.0448312,0,13.6599,0.486773,7.78306,21.7733,44.5355,0.310385,0.0112101
l1,87864,3.59891e+08,9.91291,0.100327,0.0278305,14.3049,0.49755,8.47313,22.9547,47.3186,0.303197,0.0113525
l1,88104,3.60874e+08,9.91264,0.0446642,0.0089172,16.7655,0.495004,9.97097,23.1456,49.9957,0.303589,0.0113932
l1,88344,3.61857e+08,9.91187,0.0990216,0.0441153,13.6424,0.523157,7.54355,22.7023,48.4612,0.320159,0.0115051
l1,88584,3.6284e+08,9.91072,0.0945579,0.00841717,14.222,0.556113,8.27835,22.9632,48.4957,0.295277,0.0099589
l1,88824,3.63823e+08,9.91039,0.0856507,0.0411413,14.8371,0.471054,9.13636,23.4099,51.5678,0.293091,0.0108846
l1,89064,3.64806e+08,9.90805,0.0502792,0.0297536,16.6567,0.535169,11.3223,24.0114,52.6691,0.300034,0.013326
l1,89304,3.65789e+08,9.91025,0.080157,0.0498862,15.7568,0.53275,9.11147,23.4769,48.2195,0.29695,0.0125936
l1,89544,3.66772e+08,9.91185,0.0206993,0.00657534,14.2834,0.54032,8.41303,23.209,49.1193,0.287662,0.0122782
l1,89784,3.67755e+08,9.90882,0.106672,0.0204159,13.5054,0.453096,7.45952,23.3751,51.3081,0.306513,0.0123596
l1,90024,3.68738e+08,9.90891,0.0520488,0.0420984,13.3825,0.521837,7.49241,23.4808,53.6322,0.309377,0.0122172
l1,90264,3.69721e+08,9.90865,0.162072,0.0268059,13.0381,0.471233,7.4926,23.5917,50.4687,0.327595,0.012146
l1,90504,3.70704e+08,9.91428,0.0708109,0.0474174,14.6378,0.497787,8.8884,23.4223,48.5073,0.319763,0.0120951
l1,90744,3.71687e+08,9.91714,0.0476772,0.0172335,13.3898,0.486735,7.40725,23.8223,48.5714,0.291726,0.0117493
l1,90984,3.7267e+08,9.92032,0.0805711,0.019904,13.2414,0.434879,7.33664,23.7238,48.3446,0.325172,0.0108439
l0.5,24,98304,0,nan,nan,nan,nan,nan,nan,nan,nan,0
l0.5,264,1.08134e+06,0,nan,nan,nan,nan,nan,nan,nan,0.70989,1
l0.5,504,2.06438e+06,0,nan,nan,nan,nan,nan,nan,nan,0.71261,1
l0.5,744,3.04742e+06,0,nan,nan,nan,nan,nan,nan,nan,0.715327,1
l0.5,984,4.03046e+06,0,nan,nan,nan,nan,nan,nan,nan,0.708808,1
l0.5,1224,5.0135e+06,0,nan,nan,nan,nan,nan,nan,nan,0.705198,1
l0.5,1464,5.99654e+06,0,nan,nan,nan,nan,nan,nan,nan,0.700792,1
l0.5,1704,6.97958e+06,0,nan,nan,nan,nan,nan,nan,nan,0.688397,1
l0.5,1944,7.96262e+06,0,nan,nan,nan,nan,nan,nan,nan,0.705706,1
l0.5,2184,8.94566e+06,0,nan,nan,nan,nan,nan,nan,nan,0.705049,1
l0.5,2424,9.9287e+06,0,nan,nan,nan,nan,nan,nan,nan,0.698396,1
l0.5,2664,1.09117e+07,0,nan,nan,nan,nan,nan,nan,nan,0.687025,1
l0.5,2904,1.18948e+07,0,nan,nan,nan,nan,nan,nan,nan,0.680182,1
l0.5,3144,1.28778e+07,0,nan,nan,nan,nan,nan,nan,nan,0.627328,1
l0.5,3384,1.38609e+07,0,nan,nan,nan,nan,nan,nan,nan,0.577912,1
l0.5,3624,1.48439e+07,0,nan,nan,nan,nan,nan,nan,nan,0.53498,1
l0.5,3864,1.58269e+07,0,nan,nan,nan,nan,nan,nan,nan,0.512939,0.994059
l0.5,4104,1.681e+07,0,nan,nan,nan,nan,nan,nan,nan,0.422865,0.906352
l0.5,4344,1.7793e+07,0,nan,nan,nan,nan,nan,nan,nan,0.404171,0.724141
l0.5,4584,1.87761e+07,0,nan,nan,nan,nan,nan,nan,nan,0.362784,0.47052
l0.5,4824,1.97591e+07,0,nan,nan,nan,nan,nan,nan,nan,0.355536,0.312429
l0.5,5064,2.07421e+07,0,nan,nan,nan,nan,nan,nan,nan,0.32421,0.224935
l0.5,5304,2.17252e+07,0,nan,nan,nan,nan,nan,nan,nan,0.326256,0.155029
l0.5,5544,2.27082e+07,0,nan,nan,nan,nan,nan,nan,nan,0.324938,0.113475
l0.5,5784,2.36913e+07,0,nan,nan,nan,nan,nan,nan,nan,0.308816,0.0835775
l0.5,6024,2.46743e+07,0,nan,nan,nan,nan,nan,nan,nan,0.31349,0.0696716
l0.5,6264,2.56573e+07,0,nan,nan,nan,nan,nan,nan,nan,0.302007,0.0635274
l0.5,6504,2.66404e+07,0,nan,nan,nan,nan,nan,nan,nan,0.307871,0.0563863
l0.5,6744,2.76234e+07,0,nan,nan,nan,nan,nan,nan,nan,0.318437,0.0560099
l0.5,6984,2.86065e+07,0,nan,nan,nan,nan,nan,nan,nan,0.309335,0.0531209
l0.5,7224,2.95895e+07,0,nan,nan,nan,nan,nan,nan,nan,0.3014,0.0518188
l0.5,7464,3.05725e+07,0,nan,nan,55.4162,1.42538,nan,18.6675,0,0.295181,0.0690409
l0.5,7704,3.15556e+07,0,nan,nan,48.3921,1.10861,nan,13.7014,0,0.278765,0.432414
l0.5,7944,3.25386e+07,0,0,nan,51.0374,1.10393,17.4544,13.355,0,0.284032,0.679637
l0.5,8184,3.35217e+07,0,0,nan,48.2733,1.04728,11.3082,12.473,0,0.298357,0.813588
l0.5,8424,3.45047e+07,0,0,nan,50.275,1.07634,21.1725,11.8322,0,0.302501,0.895579
l0.5,8664,3.54877e+07,0,0,nan,49.6586,1.1001,18.385,11.7067,0,0.302674,0.912252
l0.5,8904,3.64708e+07,0,0,nan,49.6565,1.02661,21.7176,11.3588,0,0.302779,0.908498
l0.5,9144,3.74538e+07,0,0,nan,49.3927,1.09183,19.8763,11.4252,0,0.298695,0.910431
l0.5,9384,3.84369e+07,0,0,nan,49.8741,1.10562,16.9901,11.0907,0,0.30845,0.906657
l0.5,9624,3.94199e+07,0,0,nan,46.6446,1.0679,20.8284,10.8347,0,0.307089,0.895518
l0.5,9864,4.04029e+07,0,0,nan,52.7731,1.05126,18.1533,10.6121,0,0.300729,0.885752
l0.5,10104,4.1386e+07,0,0,nan,50.9862,1.05283,19.8891,9.05559,0,0.312991,0.883036
l0.5,10344,4.2369e+07,0,0,nan,51.4172,1.04563,18.9138,8.5186,0,0.306164,0.871846
l0.5,10584,4.33521e+07,0,0,nan,51.0028,1.07349,19.4881,8.54789,0,0.324675,0.848053
l0.5,10824,4.43351e+07,0,0,nan,47.9197,1.01705,20.2838,7.86558,0,0.318986,0.831909
l0.5,11064,4.53181e+07,0,0,nan,51.7688,1.02647,20.4633,6.77422,0,0.356537,0.794678
l0.5,11304,4.63012e+07,0,0,nan,50.5519,1.04857,22.1418,6.80106,0,0.334625,0.745616
l0.5,11544,4.72842e+07,0,0,nan,45.4041,0.966005,21.0056,6.02973,0,0.311545,0.686401
l0.5,11784,4.82673e+07,0.000244141,0,nan,47.5934,1.00285,18.936,5.91674,0,0.317837,0.610524
l0.5,12024,4.92503e+07,0.000244141,0,nan,46.4696,1.00266,21.6111,5.31427,0,0.315799,0.554484
l0.5,12264,5.02333e+07,0.000244141,0,nan,44.0932,0.959643,21.5356,5.04585,0,0.333395,0.485148
l0.5,12504,5.12164e+07,0.000732422,0,nan,40.8435,0.900354,18.9681,5.09881,0,0.319579,0.426849
l0.5,12744,5.21994e+07,0.0012207,0,nan,39.0853,0.963263,17.821,5.16001,0,0.357619,0.368652
l0.5,12984,5.31825e+07,0.00195312,0,nan,42.2923,0.943766,20.9274,5.29139,0,0.305365,0.325999
l0.5,13224,5.41655e+07,0.00430298,0,nan,35.5315,0.916023,18.6159,5.02741,0,0.318886,0.29007
l0.5,13464,5.51485e+07,0.00742594,0,nan,35.5698,0.898439,18.8425,4.87797,0.0203742,0.333785,0.260264
l0.5,13704,5.61316e+07,0.0110474,0,nan,33.5182,0.907047,18.7354,4.76429,0.0147275,0.314914,0.230092
l0.5,13944,5.71146e+07,0.0162354,0,nan,33.0052,0.901822,18.399,4.80444,0,0.294139,0.201965
l0.5,14184,5.80977e+07,0.0224202,0,nan,32.1509,0.914455,17.1325,4.73586,0.105519,0.308571,0.17509
l0.5,14424,5.90807e+07,0.0289205,0,nan,30.1079,0.884702,17.057,4.51061,0.0498007,0.295044,0.142812
l0.5,14664,6.00637e+07,0.0395203,0,nan,30.2256,0.897661,17.682,4.78105,0.0424951,0.323181,0.130666
l0.5,14904,6.10468e+07,0.0473531,0,nan,33.5246,0.87557,18.6717,4.61399,0.219325,0.305257,0.119995
l0.5,15144,6.20298e+07,0.0611877,0,nan,27.4554,0.821984,15.8633,4.95132,0.13077,0.311239,0.110647
l0.5,15384,6.30129e+07,0.0780741,0,nan,28.0373,0.83342,16.4517,4.8335,0.13662,0.298375,0.0979106
l0.5,15624,6.39959e+07,0.0932312,0,nan,26.9067,0.878259,16.7069,4.84855,0.0663565,0.321979,0.0835876
l0.5,15864,6.49789e+07,0.114563,0,nan,26.5023,0.910191,15.2887,5.21228,0.555822,0.307389,0.0676778
l0.5,16104,6.5962e+07,0.136251,0,nan,27.0683,0.894313,15.9705,5.03301,0.40038,0.314874,0.0680033
l0.5,16344,6.6945e+07,0.155986,0,nan,25.5573,0.893375,15.714,5.00161,0.561839,0.279187,0.0685628
l0.5,16584,6.79281e+07,0.18336,0,0,25.5053,0.854442,14.8354,5.26249,0.972744,0.294405,0.0690104
l0.5,16824,6.89111e+07,0.210215,0,0,24.1628,0.817086,14.5213,5.33392,0.852618,0.315238,0.0680542
l0.5,17064,6.98941e+07,0.24172,0,nan,23.6893,0.851747,13.983,5.59084,0.808765,0.311944,0.0611471
l0.5,17304,7.08772e+07,0.274231,0,0,24.7669,0.854336,14.074,5.73508,0.931696,0.28027,0.0612386
l0.5,17544,7.18602e+07,0.306203,0,0,24.452,0.885859,14.4604,5.75137,1.44126,0.294072,0.0662231
l0.5,17784,7.28433e+07,0.344482,0,0,22.0856,0.778559,12.2508,5.78526,1.44538,0.294383,0.066569
l0.5,18024,7.38263e+07,0.390411,0,0,22.7011,0.800961,12.6687,5.88452,2.16977,0.293164,0.0622253
l0.5,18264,7.48093e+07,0.437551,0,0,21.4955,0.828252,12.4004,5.85518,1.91924,0.302789,0.0584412
l0.5,18504,7.57924e+07,0.482117,0.0033313,0,21.8941,0.812029,12.4578,5.91108,2.49589,0.291963,0.0488485
l0.5,18744,7.67754e+07,0.530426,0,0,20.9577,0.821829,11.9875,5.94564,2.76187,0.29477,0.0421956
l0.5,18984,7.77585e+07,0.576711,0,0,22.8792,0.907637,13.1957,6.11484,2.46143,0.294342,0.041097
l0.5,19224,7.87415e+07,0.63559,0,0,21.6136,0.873608,12.5815,6.1846,2.61608,0.3126,0.0361023
l0.5,19464,7.97245e+07,0.688517,0,0,19.9413,0.830985,11.5991,6.51335,3.12304,0.301428,0.0328064
l0.5,19704,8.07076e+07,0.741618,0,0,21.4183,0.803859,12.211,6.56913,3.45043,0.294476,0.03125
l0.5,19944,8.16906e+07,0.803436,0,0,20.3245,0.774841,11.9253,6.89497,2.9738,0.313005,0.0303345
l0.5,20184,8.26737e+07,0.868907,0,0,18.9326,0.801408,11.4976,7.09542,3.45549,0.279725,0.0307922
l0.5,20424,8.36567e+07,0.929423,0,0,18.609,0.811885,10.6309,7.02238,4.49145,0.311874,0.0352681
l0.5,20664,8.46397e+07,0.993886,0.00281743,0,19.804,0.817616,12.6121,7.15546,5.31146,0.291031,0.0366618
l0.5,20904,8.56228e+07,1.05728,0,0,19.5727,0.817804,12.0166,7.35592,3.42505,0.299087,0.0366211
l0.5,21144,8.66058e+07,1.109,0,0,19.4746,0.798247,11.085,7.39925,4.49104,0.311443,0.0420532
l0.5,21384,8.75889e+07,1.16715,0,0,19.7147,0.802081,11.0502,7.59889,6.1707,0.291332,0.0362345
l0.5,21624,8.85719e+07,1.22759,0,0,20.5013,0.779488,11.4031,7.59034,4.32316,0.28612,0.0352783
l0.5,21864,8.95549e+07,1.29152,0,0,17.7153,0.762853,10.2746,7.87832,5.52592,0.289893,0.03361
l0.5,22104,9.0538e+07,1.35419,0.00521739,0,18.5995,0.815118,10.3258,7.99413,4.846,0.300178,0.0288391
l0.5,22344,9.1521e+07,1.41947,0,0,17.8381,0.747353,10.4666,8.24001,6.48796,0.303112,0.0271403
l0.5,22584,9.25041e+07,1.49738,0,0,18.0972,0.787407,10.2935,8.48854,6.4981,0.277116,0.0267843
l0.5,22824,9.34871e+07,1.57017,0.00327529,0,17.1701,0.772146,9.88543,8.52286,7.77603,0.302548,0.0227458
l0.5,23064,9.44701e+07,1.64721,0,0,17.3781,0.791865,9.66451,8.6885,7.68271,0.301704,0.0185445
l0.5,23304,9.54532e+07,1.72148,0,0,16.901,0.736907,9.66546,8.53638,8.98557,0.295467,0.0160929
l0.5,23544,9.64362e+07,1.79733,0.0119487,0,18.0029,0.785945,9.9524,8.66264,7.96452,0.297521,0.0141602
l0.5,23784,9.74193e+07,1.8645,0,0,15.8152,0.734209,8.73848,8.68934,10.2785,0.27459,0.0136515
l0.5,24024,9.84023e+07,1.94703,0,0,16.4815,0.77579,9.09814,8.76299,8.86347,0.293521,0.0131531
l0.5,24264,9.93853e+07,2.02746,0,0,17.3594,0.802301,10.1442,8.74613,9.82115,0.29285,0.0160522
l0.5,24504,1.00368e+08,2.10254,0,0,17.1254,0.766313,9.068,8.69983,10.506,0.288357,0.0178121
l0.5,24744,1.01351e+08,2.18571,0,0,15.8118,0.757299,8.64482,8.74848,11.3933,0.292597,0.0177104
l0.5,24984,1.02334e+08,2.26966,0,0,15.9442,0.741733,8.33446,8.9656,8.70119,0.29098,0.0180868
l0.5,25224,1.03318e+08,2.34216,0,0,16.2148,0.775192,8.68737,9.13322,10.8087,0.27843,0.0162252
l0.5,25464,1.04301e+08,2.42699,0,0,15.8067,0.736984,7.81439,9.21015,10.2602,0.295224,0.0152588
l0.5,25704,1.05284e+08,2.51243,0,0,15.0739,0.74176,7.99777,9.33786,10.9185,0.28763,0.0140991
l0.5,25944,1.06267e+08,2.59742,0,0,14.2312,0.670202,7.1532,9.4218,11.6821,0.279966,0.0148519
l0.5,26184,1.0725e+08,2.68361,0.00503145,0,16.321,0.818805,8.59712,9.77573,14.2506,0.298362,0.0125936
l0.5,26424,1.08233e+08,2.7698,0.0107767,0,16.3027,0.711349,8.56632,9.71324,14.273,0.294168,0.0117391
l0.5,26664,1.09216e+08,2.8549,0,0,14.055,0.643535,7.06402,9.85058,12.8601,0.2955,0.0121562
l0.5,26904,1.10199e+08,2.93479,0,0,14.5343,0.696973,7.0405,10.4191,12.499,0.301151,0.00926717
l0.5,27144,1.11182e+08,3.02242,0.00767544,0,13.6879,0.6789,6.32213,10.3046,12.5411,0.298363,0.0103455
l0.5,27384,1.12165e+08,3.10774,0.0136074,0,13.1323,0.631985,6.25208,10.5796,14.0735,0.303119,0.00927734
l0.5,27624,1.13148e+08,3.1936,0.00296384,0,13.8958,0.630255,7.00119,10.6404,14.5608,0.299702,0.00907389
l0.5,27864,1.14131e+08,3.28422,0,0,12.5637,0.641089,6.17074,10.744,15.3615,0.3088,0.00854492
l0.5,28104,1.15114e+08,3.37144,0,0,15.0097,0.6862,7.42928,10.8896,15.3925,0.286774,0.00669352
l0.5,28344,1.16097e+08,3.4538,0,0,13.4856,0.646721,6.35303,10.8214,17.1599,0.283318,0.0078125
l0.5,28584,1.1708e+08,3.55038,0,0,14.501,0.642489,6.81161,11.0493,15.9312,0.318392,0.0075175
l0.5,28824,1.18063e+08,3.64222,0.00450418,0,13.286,0.653694,6.4021,11.2259,17.2883,0.324753,0.00982666
l0.5,29064,1.19046e+08,3.73457,0,0,13.8401,0.655684,6.67658,11.4956,17.8186,0.294615,0.010376
l0.5,29304,1.20029e+08,3.8165,0.00537126,0,13.8627,0.647281,6.75166,11.4458,17.6853,0.270232,0.0117188
l0.5,29544,1.21012e+08,3.89638,0.00380715,0,13.2859,0.622592,5.74183,11.1602,15.7918,0.312027,0.0146383
l0.5,29784,1.21995e+08,3.98236,0.00461163,0,13.9327,0.61411,6.91789,11.3108,20.7324,0.303964,0.0140584
l0.5,30024,1.22978e+08,4.07208,0.00224084,0,13.5763,0.662466,6.12895,11.4958,20.2967,0.297314,0.0147909
l0.5,30264,1.23961e+08,4.16137,0,0,14.419,0.626965,6.47555,11.5744,18.7759,0.301603,0.0151774
l0.5,30504,1.24944e+08,4.24621,0,0,13.6313,0.680442,6.52135,11.8494,20.7961,0.311704,0.0142822
l0.5,30744,1.25927e+08,4.32377,0.00774293,0,14.0035,0.62773,7.26964,12.1605,23.5672,0.292182,0.0138245
l0.5,30984,1.2691e+08,4.40591,0.00723178,0,12.7317,0.63213,5.57233,11.6425,21.085,0.289458,0.0140686
l0.5,31224,1.27894e+08,4.48794,0.00535578,0,12.3895,0.616601,5.95302,11.7048,22.0017,0.295174,0.0167542
l0.5,31464,1.28877e+08,4.57438,0,0,12.877,0.638252,6.53754,12.0727,22.0939,0.305147,0.0147909
l0.5,31704,1.2986e+08,4.66742,0.00859699,0,12.4327,0.627029,5.5347,12.2697,22.1532,0.298003,0.0167542
l0.5,31944,1.30843e+08,4.75621,0.0528091,0,11.8829,0.604635,4.77829,12.5467,21.0668,0.283704,0.0144857
l0.5,32184,1.31826e+08,4.84947,0.0152614,0,12.7106,0.586778,6.35444,12.9301,24.1684,0.280378,0.0117086
l0.5,32424,1.32809e+08,4.93469,0.0314236,0,13.0048,0.627361,6.1316,13.1698,25.4411,0.28045,0.0105896
l0.5,32664,1.33792e+08,5.01833,0.0142832,0,12.0088,0.611963,5.38485,13.0611,22.996,0.306713,0.00759888
l0.5,32904,1.34775e+08,5.10305,0.0210402,0,11.8137,0.600778,5.32658,13.4511,24.9424,0.281427,0.0065918
l0.5,33144,1.35758e+08,5.1906,0.00592083,0,12.6069,0.671367,5.96882,13.6724,26.3604,0.295157,0.00522868
l0.5,33384,1.36741e+08,5.27644,0.00364365,0,12.8745,0.628334,5.57929,13.8972,25.681,0.289419,0.00456746
l0.5,33624,1.37724e+08,5.36673,0.00728303,0,13.1289,0.67365,5.98236,14.2049,25.7046,0.283534,0.00487264
l0.5,33864,1.38707e+08,5.45146,0.00789667,0,12.8052,0.594864,6.49864,14.4621,28.9458,0.278661,0.00341797
l0.5,34104,1.3969e+08,5.54107,0.060269,0,12.1385,0.630599,5.33046,14.3017,26.4569,0.290173,0.00366211
l0.5,34344,1.40673e+08,5.62427,0.0262436,0,12.2166,0.628987,5.25705,14.5658,29.4292,0.286303,0.0039266
l0.5,34584,1.41656e+08,5.70846,0.00689746,0,11.7629,0.548961,5.24181,14.4027,26.4029,0.301896,0.00389608
l0.5,34824,1.42639e+08,5.79471,0.0180423,0.00791219,12.2974,0.624359,5.86402,14.8271,26.8997,0.267258,0.00390625
l0.5,35064,1.43622e+08,5.87756,0.0233267,0,12.0573,0.598788,5.44681,14.9355,26.436,0.287787,0.00634766
l0.5,35304,1.44605e+08,5.9703,0.0266768,0,11.7436,0.577685,5.58765,15.4871,27.3879,0.259901,0.00634766
l0.5,35544,1.45588e+08,6.05604,0.00804892,0,12.4882,0.597704,6.01089,15.3964,28.2223,0.29403,0.00561523
l0.5,35784,1.46571e+08,6.14598,0.0214916,0,11.9955,0.593463,5.47658,15.8355,33.3447,0.313194,0.00634766
l0.5,36024,1.47554e+08,6.22895,0.0357217,0,12.0797,0.564126,5.85351,15.6663,29.3568,0.284994,0.00610352
l0.5,36264,1.48537e+08,6.31473,0.0168046,0,13.0608,0.673894,5.93004,15.3926,30.2355,0.287517,0.00665283
l0.5,36504,1.4952e+08,6.40088,0,0,12.7727,0.579873,6.76868,15.992,33.0891,0.27435,0.00776164
l0.5,36744,1.50503e+08,6.48282,0.0110604,0,12.6087,0.544697,6.55804,15.8552,33.7786,0.284957,0.0082194
l0.5,36984,1.51486e+08,6.57061,0.0167861,0,12.8209,0.567444,6.41503,15.2588,30.6086,0.266308,0.00689697
l0.5,37224,1.5247e+08,6.65985,0.0249756,0,12.476,0.575484,6.44828,16.3117,30.7246,0.294891,0.00519816
l0.5,37464,1.53453e+08,6.74455,0.0100941,0,11.245,0.545767,4.91861,16.1136,32.4867,0.289561,0.00685628
l0.5,37704,1.54436e+08,6.82946,0.0318018,0.0141063,12.2454,0.601962,6.49262,16.7259,33.3288,0.254544,0.0065918
l0.5,37944,1.55419e+08,6.91691,0.0147167,0,13.6879,0.576035,7.48917,16.9552,34.544,0.277935,0.00802612
l0.5,38184,1.56402e+08,7.00187,0.0282445,0.00845666,13.1305,0.591335,7.14893,16.8925,35.4412,0.300614,0.00953166
l0.5,38424,1.57385e+08,7.07986,0.0275163,0,13.3621,0.553244,6.99661,16.1347,32.6197,0.28201,0.00795492
l0.5,38664,1.58368e+08,7.16592,0,0,12.4185,0.568891,6.67476,15.7831,35.2671,0.277584,0.00708008
l0.5,38904,1.59351e+08,7.24482,0.0260851,0,13.7867,0.58543,7.18382,15.6869,34.4216,0.286445,0.00552368
l0.5,39144,1.60334e+08,7.32265,0.0100026,0,12.5809,0.578026,6.8667,15.0846,32.6208,0.281808,0.00400798
l0.5,39384,1.61317e+08,7.40453,0.013071,0,13.5336,0.570985,7.47945,15.2344,34.772,0.287717,0.00546265
l0.5,39624,1.623e+08,7.4846,0.0079704,0,14.1825,0.578506,7.91127,15.1422,32.3441,0.274113,0.00543213
l0.5,39864,1.63283e+08,7.56585,0.0296516,0,13.3407,0.541348,7.38915,14.9594,35.921,0.277335,0.00709025
l0.5,40104,1.64266e+08,7.64726,0.0164174,0.00898357,13.2838,0.60253,7.40213,15.2509,34.6564,0.260611,0.00782267
l0.5,40344,1.65249e+08,7.72526,0.0200507,0,13.3719,0.567081,7.46932,14.9524,34.6509,0.263438,0.00778198
l0.5,40584,1.66232e+08,7.79975,0.0288184,0,13.4818,0.544958,8.04071,15.4948,38.5951,0.274671,0.00890096
l0.5,40824,1.67215e+08,7.86775,0.0156879,0,15.0052,0.57428,8.94767,16.0831,43.5738,0.275684,0.00797526
l0.5,41064,1.68198e+08,7.93613,0.0307154,0,14.8949,0.530426,9.1681,16.2093,42.0404,0.286174,0.00794474
l0.5,41304,1.69181e+08,8.00271,0.0249753,0,13.0293,0.549344,7.35047,16.0463,41.5122,0.297356,0.00756836
l0.5,41544,1.70164e+08,8.07827,0.0198781,0,13.4405,0.554424,7.78801,16.0256,37.1045,0.288703,0.00697835
l0.5,41784,1.71147e+08,8.14344,0.0511068,0,14.3467,0.567812,8.76483,16.0833,41.4468,0.269068,0.00561523
l0.5,42024,1.7213e+08,8.21033,0.0369995,0.00608856,13.7614,0.547139,8.11881,15.9134,39.7708,0.265588,0.00459798
l0.5,42264,1.73113e+08,8.28685,0.0166167,0,15.2663,0.587244,9.3491,15.802,43.1867,0.266833,0.00296021
l0.5,42504,1.74096e+08,8.35005,0.0180139,0,14.63,0.584004,8.62791,15.1111,40.4708,0.282217,0.00230916
l0.5,42744,1.75079e+08,8.42155,0.0127995,0,15.1177,0.558647,8.79314,15.2488,41.8289,0.274611,0.00516764
l0.5,42984,1.76062e+08,8.49068,0.0222894,0,15.3922,0.553977,9.04084,15.1654,41.7338,0.309969,0.00639852
l0.5,43224,1.77046e+08,8.55336,0.0220683,0,13.9096,0.539944,7.72291,15.3052,41.8594,0.255858,0.00732422
l0.5,43464,1.78029e+08,8.60676,0.0383873,0.0292093,16.111,0.560849,10.0396,15.3929,42.4655,0.269841,0.00784302
l0.5,43704,1.79012e+08,8.66486,0.0577632,0,15.0221,0.556397,8.08474,15.2735,41.3144,0.274788,0.00628662
l0.5,43944,1.79995e+08,8.71819,0.0311705,0,14.6218,0.583397,8.49044,15.502,43.0202,0.265276,0.00595093
l0.5,44184,1.80978e+08,8.77484,0.0324169,0,13.9413,0.559342,8.5974,15.7754,44.2329,0.264218,0.00488281
l0.5,44424,1.81961e+08,8.82434,0.0307325,0,15.0813,0.54728,9.35721,16.3153,43.4278,0.275036,0.00439453
l0.5,44664,1.82944e+08,8.87823,0.0438784,0,15.1419,0.523146,8.87383,16.0014,41.4103,0.270894,0.00366211
l0.5,44904,1.83927e+08,8.92459,0.0273857,0,14.9755,0.580662,9.04299,16.6394,44.0921,0.267399,0.00331624
l0.5,45144,1.8491e+08,8.97503,0.00466874,0,15.6421,0.487504,9.41241,16.7212,44.4325,0.2709,0.00352987
l0.5,45384,1.85893e+08,9.01944,0.0454161,0,16.2489,0.57859,9.85969,17.1398,46.0993,0.252459,0.00415039
l0.5,45624,1.86876e+08,9.06176,0.0304183,0,14.4955,0.580638,7.58968,16.9286,41.8207,0.272957,0.00415039
l0.5,45864,1.87859e+08,9.1126,0.0285301,0,15.1196,0.537322,8.90946,17.6596,47.4769,0.272314,0.00512695
l0.5,46104,1.88842e+08,9.15028,0.0148104,0,15.3152,0.545517,9.28111,17.9715,46.4657,0.259649,0.00537109
l0.5,46344,1.89825e+08,9.19222,0.0286779,0,15.7407,0.562156,9.23904,17.6115,40.6825,0.259121,0.00463867
l0.5,46584,1.90808e+08,9.23497,0.0299668,0,14.1471,0.491201,8.17801,17.1356,43.4496,0.268525,0.00527954
l0.5,46824,1.91791e+08,9.26911,0.0278702,0.00985037,15.7858,0.570799,9.9177,17.4976,46.7067,0.254931,0.00634766
l0.5,47064,1.92774e+08,9.29955,0.0479799,0.0173959,16.2403,0.543095,10.7653,17.4442,48.4539,0.258677,0.00723267
l0.5,47304,1.93757e+08,9.32864,0.0215887,0,15.1633,0.531585,9.35907,17.3406,45.9627,0.266244,0.0106608
l0.5,47544,1.9474e+08,9.36044,0.0289847,0,15.1965,0.590091,9.50175,17.2842,45.1989,0.271116,0.0137024
l0.5,47784,1.95723e+08,9.38447,0.0378604,0.0180343,16.6077,0.567758,10.4332,17.6238,47.9407,0.265992,0.0167033
l0.5,48024,1.96706e+08,9.40701,0.0546593,0.015115,15.4138,0.555339,8.9944,17.6149,46.7758,0.261357,0.0175069
l0.5,48264,1.97689e+08,9.43295,0.015964,0,15.0354,0.570869,8.8864,17.2507,46.1334,0.26976,0.0176188
l0.5,48504,1.98672e+08,9.46131,0.03843,0,17.3934,0.553899,11.3259,17.9286,49.6037,0.253586,0.0168864
l0.5,48744,1.99655e+08,9.4777,0.026413,0,16.3403,0.534395,10.6345,18.1204,47.6798,0.269429,0.015625
l0.5,48984,2.00638e+08,9.49816,0.0600711,0,14.5447,0.535149,8.63752,17.8937,47.8576,0.271628,0.0143534
l0.5,49224,2.01622e+08,9.52659,0.0541695,0.0183041,16.6424,0.576543,11.2264,18.2355,49.5806,0.264605,0.0122782
l0.5,49464,2.02605e+08,9.54868,0.0339431,0,15.9859,0.552107,10.0632,18.3879,46.5066,0.273887,0.00985718
l0.5,49704,2.03588e+08,9.56567,0.0285762,0.00907206,17.4337,0.587627,11.2678,18.7401,49.91,0.272247,0.00742594
l0.5,49944,2.04571e+08,9.58128,0.0262495,0,16.4037,0.547712,10.7314,18.7578,47.6776,0.271551,0.0067749
l0.5,50184,2.05554e+08,9.59979,0.030171,0,16.3242,0.517806,10.1429,18.5883,50.0562,0.263914,0.00708008
l0.5,50424,2.06537e+08,9.61525,0.019037,0,16.7749,0.557039,10.5666,17.9489,45.9458,0.286521,0.00732422
l0.5,50664,2.0752e+08,9.63174,0.0673562,0.0474621,14.5394,0.525572,9.11869,18.2974,44.0955,0.256683,0.00620524
l0.5,50904,2.08503e+08,9.64456,0.0202509,0,17.2532,0.532011,10.7171,18.6625,50.1094,0.283953,0.00509644
l0.5,51144,2.09486e+08,9.65889,0.0243574,0,18.4183,0.538291,12.1463,18.9185,52.9673,0.266819,0.00437419
l0.5,51384,2.10469e+08,9.67155,0.0405612,0.0106511,15.7871,0.517701,9.44076,18.3111,45.7901,0.25165,0.00411987
l0.5,51624,2.11452e+08,9.68183,0.00871882,0,16.2735,0.545113,10.2066,18.7488,50.2174,0.273418,0.00402832
l0.5,51864,2.12435e+08,9.6931,0.0470004,0.00991689,17.1861,0.566683,10.66,18.8895,49.7998,0.277545,0.00488281
l0.5,52104,2.13418e+08,9.70379,0.0471066,0.0176783,17.3441,0.559165,11.1284,18.7505,48.284,0.256234,0.00425212
l0.5,52344,2.14401e+08,9.711,0.0296853,0.0107239,16.8572,0.546894,10.6012,18.4696,48.9008,0.256753,0.00341797
l0.5,52584,2.15384e+08,9.72174,0.0241707,0.0151837,15.8644,0.507775,9.58751,18.8738,47.2659,0.292584,0.00335693
l0.5,52824,2.16367e+08,9.73179,0.0217404,0,16.9075,0.563608,10.0674,18.6657,47.6691,0.266812,0.00271606
l0.5,53064,2.1735e+08,9.73163,0.0329217,0,17.0733,0.534755,10.6012,18.8967,46.3111,0.245435,0.00317383
l0.5,53304,2.18333e+08,9.74002,0.025259,0.014828,16.6662,0.536188,10.7836,19.401,49.9891,0.256321,0.00317383
l0.5,53544,2.19316e+08,9.74623,0.0517103,0,16.2306,0.523654,9.92266,19.3018,49.1868,0.269016,0.00354004
l0.5,53784,2.20299e+08,9.75072,0.017958,0,17.6588,0.550642,11.1752,19.2251,46.5256,0.253151,0.00402832
l0.5,54024,2.21282e+08,9.7564,0.0317861,0,16.7818,0.577439,10.5649,19.7118,49.0202,0.245335,0.00608317
l0.5,54264,2.22265e+08,9.75938,0.0204242,0,17.3894,0.57768,11.5966,19.9462,53.2529,0.235176,0.00881958
l0.5,54504,2.23248e+08,9.7601,0.0410156,0,17.6187,0.557216,11.5299,19.4175,47.2005,0.246315,0.013031
l0.5,54744,2.24231e+08,9.75655,0.00831724,0.00679419,15.1312,0.590716,9.40452,19.8948,48.4234,0.267452,0.0150045
l0.5,54984,2.25214e+08,9.76417,0.0441536,0.00745739,18.0716,0.602589,11.6638,19.3342,49.2309,0.266065,0.0148621
l0.5,55224,2.26198e+08,9.76788,0.0436703,0.0109886,16.9301,0.519938,10.6717,19.9636,48.1498,0.261732,0.0138448
l0.5,55464,2.27181e+08,9.77266,0.0126684,0.0126388,16.4299,0.546207,9.9789,19.8866,48.199,0.27948,0.0117798
l0.5,55704,2.28164e+08,9.77372,0.0256145,0,17.3323,0.575791,11.2909,19.6135,46.4888,0.252916,0.0125631
l0.5,55944,2.29147e+08,9.77905,0.0436783,0.00862777,16.3329,0.538029,9.4696,19.7297,47.341,0.259922,0.0146077
l0.5,56184,2.3013e+08,9.77825,0.0120627,0,16.5095,0.546605,10.1748,19.5417,46.3318,0.25208,0.0170186
l0.5,56424,2.31113e+08,9.77192,0.0128491,0.010139,16.2219,0.541199,9.86856,19.0432,48.5817,0.24991,0.0173543
l0.5,56664,2.32096e+08,9.77129,0.066772,0.0081352,15.5528,0.551434,10.0949,19.4407,50.3438,0.250504,0.0160522
l0.5,56904,2.33079e+08,9.76997,0.0621567,0.0267789,16.8384,0.536015,10.6489,19.4369,51.0099,0.242093,0.0139058
l0.5,57144,2.34062e+08,9.76627,0.0433896,0,15.8205,0.533054,9.91578,19.4431,47.1646,0.252296,0.0146484
l0.5,57384,2.35045e+08,9.76942,0.0536949,0.0261499,15.5826,0.54208,9.18039,19.3347,45.9628,0.243588,0.0150757
l0.5,57624,2.36028e+08,9.77259,0.0299871,0,15.2376,0.559552,8.95216,20.7823,47.7766,0.232039,0.0144857
l0.5,57864,2.37011e+08,9.77533,0.0245574,0,16.3029,0.576506,10.75,20.9546,47.9167,0.272179,0.0177205
l0.5,58104,2.37994e+08,9.77854,0.0316413,0.00947568,15.8581,0.489414,10.0835,21.3682,49.4286,0.247998,0.0164693
l0.5,58344,2.38977e+08,9.78168,0.00719683,0,16.4382,0.56092,10.1197,21.0638,47.3733,0.226469,0.0172221
l0.5,58584,2.3996e+08,9.78552,0.0211597,0,17.9382,0.570614,11.6025,21.2707,49.4308,0.248789,0.015391
l0.5,58824,2.40943e+08,9.78679,0.0346945,0.013931,16.8971,0.544997,10.781,21.2733,51.4121,0.252556,0.0135905
l0.5,59064,2.41926e+08,9.78829,0.0235718,0,16.8534,0.577173,10.5871,20.7512,48.2976,0.224385,0.011556
l0.5,59304,2.42909e+08,9.79156,0.0209955,0,18.9185,0.574811,12.2192,20.7998,51.4852,0.242543,0.00871785
l0.5,59544,2.43892e+08,9.79409,0.0275333,0.014509,16.2509,0.533456,10.6303,20.4244,47.8169,0.245495,0.00767008
l0.5,59784,2.44875e+08,9.79665,0.0569322,0.00552512,15.9088,0.568883,9.17,20.0921,49.4074,0.248103,0.00732422
l0.5,60024,2.45858e+08,9.79641,0.0420924,0.00258728,16.9474,0.544441,10.78,20.8136,49.7815,0.240942,0.00952148
l0.5,60264,2.46841e+08,9.79583,0.0350597,0.0075225,16.3517,0.573513,10.432,20.6719,48.3166,0.259406,0.0124817
l0.5,60504,2.47824e+08,9.79913,0.0196445,0,16.4601,0.587566,9.88233,21.1466,51.424,0.238104,0.0122681
l0.5,60744,2.48807e+08,9.80213,0.0200314,0,16.3711,0.569822,10.8133,21.2603,51.1119,0.224163,0.0116679
l0.5,60984,2.4979e+08,9.80477,0.0365634,0.013587,15.9373,0.553727,9.54907,20.4205,47.06,0.245792,0.0105896
l0.5,61224,2.50774e+08,9.81029,0.0646354,0.00543781,14.312,0.525625,8.08992,20.8383,46.7881,0.238407,0.0078125
l0.5,61464,2.51757e+08,9.81274,0.0508267,0.0204141,14.8469,0.501351,8.59607,20.7231,42.9044,0.240152,0.00809733
l0.5,61704,2.5274e+08,9.81377,0.0683689,0,13.7132,0.487596,8.05854,21.1295,43.9956,0.214596,0.00911458
l0.5,61944,2.53723e+08,9.8133,0.0231579,0.0112655,15.9911,0.533697,9.61967,21.7642,48.6888,0.24052,0.00915527
l0.5,62184,2.54706e+08,9.81637,0.0419026,0.0129702,15.9191,0.5273,9.56905,21.7017,50.1408,0.246322,0.0205994
l0.5,62424,2.55689e+08,9.81687,0.0449364,0,17.2821,0.55733,11.0862,21.503,50.0511,0.23836,0.0311584
l0.5,62664,2.56672e+08,9.81853,0.0603802,0.0520277,15.7509,0.509618,9.50675,21.3567,50.8378,0.236904,0.0310974
l0.5,62904,2.57655e+08,9.81984,0.05274,0.0385642,15.9869,0.522379,10.1318,21.125,50.7819,0.239884,0.0314941
l0.5,63144,2.58638e+08,9.8237,0.0651195,0.0191797,16.8239,0.515105,11.0919,21.0747,50.9436,0.236429,0.0230306
l0.5,63384,2.59621e+08,9.83143,0.0282135,0,15.2892,0.483583,8.87888,20.7239,46.2356,0.239344,0.0113424
l0.5,63624,2.60604e+08,9.83299,0.0553759,0.0188798,17.5783,0.55659,10.9439,21.5339,47.8729,0.229799,0.00983683
l0.5,63864,2.61587e+08,9.83451,0.0264813,0.0166548,17.5649,0.535534,11.1407,21.2827,49.0352,0.245712,0.0090332
l0.5,64104,2.6257e+08,9.83272,0.027229,0,15.5015,0.49563,8.68019,21.3808,47.7075,0.238933,0.00886027
l0.5,64344,2.63553e+08,9.83716,0.0394377,0,16.1674,0.542609,9.8036,21.102,43.9818,0.225519,0.00971476
l0.5,64584,2.64536e+08,9.83585,0.0354687,0.0178042,16.6065,0.526798,9.50112,20.747,47.517,0.246525,0.0114746
l0.5,64824,2.65519e+08,9.83826,0.070765,0,15.2054,0.507739,8.49495,20.9893,48.9606,0.230842,0.0116069
l0.5,65064,2.66502e+08,9.83638,0.0530995,0.00995953,18.2172,0.50911,11.822,21.593,53.8317,0.244405,0.0114644
l0.5,65304,2.67485e+08,9.83952,0.0523504,0.00889856,16.9531,0.529517,10.8536,21.9081,53.6315,0.240497,0.00989787
l0.5,65544,2.68468e+08,9.84414,0.0628934,0.0115664,14.9079,0.524701,8.38043,21.1618,48.9756,0.241351,0.00732422
l0.5,65784,2.69451e+08,9.84569,0.0343857,0.00537924,15.9912,0.500284,9.70417,21.5083,48.5238,0.243043,0.00645955
l0.5,66024,2.70434e+08,9.84575,0.0735768,0.0320425,15.5816,0.486476,9.64388,20.9447,44.9685,0.24252,0.0065918
l0.5,66264,2.71417e+08,9.84633,0.0240581,0,16.8072,0.555785,10.0617,20.8426,49.617,0.249487,0.00876872
l0.5,66504,2.724e+08,9.84741,0.0862883,0.0284605,14.9268,0.499631,8.43223,19.9882,44.7926,0.234612,0.00952148
l0.5,66744,2.73383e+08,9.84838,0.117655,0.0287916,15.5653,0.536734,9.69696,20.3229,48.0957,0.247133,0.00854492
l0.5,66984,2.74366e+08,9.84588,0.0393922,0.00558217,15.057,0.535236,9.14217,20.4157,48.4501,0.246752,0.00777181
l0.5,67224,2.7535e+08,9.84299,0.0537148,0.00430752,17.1826,0.525887,10.7028,20.954,51.1278,0.240045,0.00499471
l0.5,67464,2.76333e+08,9.84418,0.0373633,0,15.331,0.570196,8.89195,21.219,55.3994,0.25577,0.00493368
l0.5,67704,2.77316e+08,9.84423,0.0383819,0,17.2324,0.573745,10.5136,21.0657,50.3411,0.241802,0.00537109
l0.5,67944,2.78299e+08,9.84367,0.020687,0,14.4244,0.483207,9.24371,21.1364,47.4544,0.24005,0.00643921
l0.5,68184,2.79282e+08,9.84084,0.0577191,0.0170358,16.6952,0.542649,10.2685,20.8879,51.1001,0.237821,0.00756836
l0.5,68424,2.80265e+08,9.84056,0.0693587,0.0109709,15.9727,0.517328,10.3322,19.9922,47.5344,0.23458,0.00756836
l0.5,68664,2.81248e+08,9.84398,0.0160493,0,17.0378,0.572473,10.8183,20.4363,51.0151,0.237572,0.00850423
l0.5,68904,2.82231e+08,9.84683,0.0350046,0.0130541,16.7689,0.56169,10.5845,20.2493,50.6475,0.246856,0.00723267
l0.5,69144,2.83214e+08,9.84725,0.0367385,0.0137894,14.9542,0.520699,9.21511,19.8646,44.8414,0.237209,0.0062561
l0.5,69384,2.84197e+08,9.84243,0.0848895,0.0238799,15.8322,0.543243,10.5374,20.5811,50.7301,0.24902,0.00769043
l0.5,69624,2.8518e+08,9.84516,0.0755071,0.0237942,17.0561,0.550694,10.3141,20.1605,45.2927,0.23188,0.0078125
l0.5,69864,2.86163e+08,9.84655,0.0561377,0,14.3925,0.511123,8.44205,20.3982,49.8801,0.247475,0.00716146
l0.5,70104,2.87146e+08,9.84883,0.0500925,0.00541777,13.0531,0.508567,7.0799,20.1995,45.8606,0.238722,0.00681559
l0.5,70344,2.88129e+08,9.84689,0.0580971,0.0104822,15.6086,0.472055,9.7891,20.6513,47.6968,0.237656,0.0067749
l0.5,70584,2.89112e+08,9.84993,0.029075,0.00596582,15.8288,0.532102,9.74843,21.2619,53.3851,0.237318,0.00610352
l0.5,70824,2.90095e+08,9.85052,0.0370062,0.00656707,15.1462,0.526528,9.17717,20.9124,47.8807,0.237647,0.00876872
l0.5,71064,2.91078e+08,9.85306,0.0510374,0,15.6108,0.534236,9.324,21.4052,50.21,0.233369,0.0120748
l0.5,71304,2.92061e+08,9.85231,0.0437423,0,15.2594,0.487172,9.78145,21.0059,47.4543,0.24928,0.0112203
l0.5,71544,2.93044e+08,9.85208,0.0399082,0,15.83,0.550891,9.69441,21.3057,48.7904,0.245761,0.0120138
l0.5,71784,2.94027e+08,9.85402,0.0231416,0.00676002,15.2188,0.507209,9.56881,21.6494,50.1538,0.247466,0.011027
l0.5,72024,2.9501e+08,9.8569,0.061156,0.0281432,15.2736,0.50721,8.69045,21.4509,49.0712,0.247969,0.00866699
l0.5,72264,2.95993e+08,9.85302,0.0693916,0.0372671,16.8784,0.530387,10.2356,21.984,50.1552,0.24574,0.00732422
l0.5,72504,2.96976e+08,9.85553,0.0579788,0.0291699,14.8397,0.512996,8.66005,21.4356,47.6568,0.237464,0.00756836
l0.5,72744,2.97959e+08,9.85772,0.0799284,0,15.4905,0.463015,9.67408,21.6776,50.6597,0.255809,0.0105387
l0.5,72984,2.98942e+08,9.85992,0.06397,0,15.0026,0.517922,9.07251,21.1581,48.6294,0.254212,0.0103048
l0.5,73224,2.99926e+08,9.85789,0.0408461,0.00542766,14.9663,0.501115,9.18019,21.1154,47.5426,0.267121,0.0134684
l0.5,73464,3.00909e+08,9.85878,0.0463518,0.00835322,17.0918,0.499734,11.2728,21.8546,52.0501,0.249014,0.0149333
l0.5,73704,3.01892e+08,9.86032,0.0246896,0,16.3712,0.58729,9.72626,20.94,50.7261,0.247747,0.0136312
l0.5,73944,3.02875e+08,9.85926,0.0425208,0,14.4522,0.473402,9.01746,20.5522,44.8363,0.26537,0.0158793
l0.5,74184,3.03858e+08,9.86069,0.120321,0.0676164,16.3181,0.500455,10.0691,21.5668,53.3453,0.254861,0.0141907
l0.5,74424,3.04841e+08,9.86455,0.0655772,0,14.8372,0.454864,8.33251,20.3066,42.4308,0.250928,0.0127665
l0.5,74664,3.05824e+08,9.86227,0.0344561,0.00704155,14.7778,0.528894,9.05362,20.9104,51.2008,0.25059,0.0100911
l0.5,74904,3.06807e+08,9.86203,0.0471398,0.0253299,14.5908,0.472319,9.06303,20.8394,44.8766,0.25665,0.00861613
l0.5,75144,3.0779e+08,9.86329,0.0597426,0.0397429,15.4732,0.507289,9.40621,20.7392,47.541,0.260357,0.00670369
l0.5,75384,3.08773e+08,9.86278,0.0714463,0.0209247,15.2,0.482689,8.73673,20.8367,47.9384,0.257985,0.00683594
l0.5,75624,3.09756e+08,9.8662,0.0812311,0.00633714,15.9576,0.494862,9.25726,20.9554,50.0392,0.254055,0.00641886
l0.5,75864,3.10739e+08,9.86772,0.0448538,0.0104895,15.3612,0.471406,9.85997,20.8395,49.8578,0.260202,0.00634766
l0.5,76104,3.11722e+08,9.8637,0.0502859,0.0274763,14.6411,0.451715,8.60056,20.9917,46.1049,0.253115,0.00504557
l0.5,76344,3.12705e+08,9.86912,0.0477386,0,15.1675,0.549804,9.87901,21.8169,50.8543,0.264602,0.00400798
l0.5,76584,3.13688e+08,9.87018,0.0500583,0.0253796,14.8122,0.481644,9.02291,21.3701,50.5267,0.260135,0.00341797
l0.5,76824,3.14671e+08,9.87262,0.0439432,0.00456398,16.0264,0.507743,10.0513,21.4928,47.8333,0.254976,0.00229899
l0.5,77064,3.15654e+08,9.87228,0.0688853,0.0085473,15.6574,0.529669,9.26742,21.3307,46.874,0.257534,0.00195312
l0.5,77304,3.16637e+08,9.8752,0.103991,0.0243794,14.9024,0.499044,9.04969,22.5926,51.5883,0.263004,0.00195312
l0.5,77544,3.1762e+08,9.87668,0.112618,0.00668928,15.2261,0.478146,8.81956,22.5233,48.2186,0.262742,0.00219727
l0.5,77784,3.18603e+08,9.8769,0.0184627,0,14.5692,0.497978,7.92389,22.3923,43.4838,0.264708,0.00209554
l0.5,78024,3.19586e+08,9.87828,0.0807787,0.00445038,15.1761,0.512874,9.02744,22.7673,48.6177,0.267269,0.00320435
l0.5,78264,3.20569e+08,9.87675,0.0813937,0,13.6947,0.457926,7.94105,22.6873,51.0674,0.264122,0.0039266
l0.5,78504,3.21552e+08,9.8789,0.0979759,0.0409177,15.3004,0.506543,8.98153,22.7794,50.8978,0.268675,0.00463867
l0.5,78744,3.22535e+08,9.8803,0.0810763,0.0078766,15.4586,0.456905,9.3101,22.2872,49.7786,0.259082,0.00491333
l0.5,78984,3.23518e+08,9.88169,0.0417583,0.0352017,14.7975,0.481533,8.83299,22.2729,50.9997,0.275996,0.00517782
l0.5,79224,3.24502e+08,9.88292,0.0540176,0.0224124,16.5967,0.535777,10.6192,22.592,53.0553,0.273892,0.00537109
l0.5,79464,3.25485e+08,9.88659,0.104757,0.0285315,14.7167,0.491584,8.36098,21.6416,46.1268,0.272143,0.00512695
l0.5,79704,3.26468e+08,9.8816,0.0877147,0.0154062,14.6068,0.506481,8.27472,22.3526,48.0855,0.277315,0.00628662
l0.5,79944,3.27451e+08,9.87795,0.128352,0.0383842,16.1364,0.477201,9.71424,22.9466,53.0768,0.275199,0.0085144
l0.5,80184,3.28434e+08,9.87722,0.0640647,0.0208934,13.6881,0.454513,8.08364,22.169,46.6466,0.265207,0.00830078
l0.5,80424,3.29417e+08,9.87513,0.0693586,0.0210388,15.1273,0.509378,8.95912,22.2323,49.073,0.27653,0.00714111
l0.5,80664,3.304e+08,9.87334,0.0752029,0.0526642,13.9231,0.463278,7.73275,21.7193,45.9823,0.268829,0.00907389
l0.5,80904,3.31383e+08,9.87243,0.0610576,0.0420975,14.5032,0.506544,8.22636,21.5338,43.514,0.276711,0.00860596
l0.5,81144,3.32366e+08,9.86981,0.0954824,0.0206556,14.7431,0.503975,9.21904,22.3062,52.5986,0.275143,0.00922648
l0.5,81384,3.33349e+08,9.86894,0.0474542,0.00845451,17.941,0.543665,11.8942,22.6785,56.2641,0.27093,0.0103963
l0.5,81624,3.34332e+08,9.86897,0.0544611,0.0133435,15.207,0.526996,9.38509,22.3617,49.5171,0.27491,0.0114441
l0.5,81864,3.35315e+08,9.87069,0.0931803,0.0271575,15.4257,0.512884,8.99527,22.4144,49.8437,0.291314,0.0109253
l0.5,82104,3.36298e+08,9.87026,0.0921968,0.058628,14.5079,0.425033,9.15486,22.8132,48.8583,0.272969,0.0103963
l0.5,82344,3.37281e+08,9.873,0.109407,0.0584582,14.5214,0.469189,8.28975,22.0798,45.6362,0.281761,0.0100301
l0.5,82584,3.38264e+08,9.87603,0.0774215,0.0319602,14.61,0.46762,8.8454,22.3283,48.6087,0.27873,0.00786336
l0.5,82824,3.39247e+08,9.88057,0.0379702,0.0150674,15.4932,0.497082,9.2545,22.6256,51.3486,0.28237,0.00798543
l0.5,83064,3.4023e+08,9.8803,0.0754327,0.0497991,14.5978,0.494337,8.46876,22.9878,49.6278,0.27758,0.00890096
l0.5,83304,3.41213e+08,9.88237,0.0300457,0.00815499,16.6528,0.494288,10.1487,23.1171,50.9014,0.274401,0.00820923
l0.5,83544,3.42196e+08,9.88649,0.0942963,0.013537,15.492,0.470103,9.57258,23.1606,51.958,0.280025,0.00732422
l0.5,83784,3.43179e+08,9.89328,0.131939,0.0595817,13.9168,0.46632,7.95408,22.9521,48.0826,0.27276,0.0071818
l0.5,84024,3.44162e+08,9.8952,0.0554421,0.00271314,16.3901,0.501552,10.1248,22.8802,51.9289,0.274074,0.00559489
l0.5,84264,3.45145e+08,9.89544,0.096099,0.0107676,14.4213,0.47117,8.47294,22.5379,50.4013,0.280547,0.00805664
l0.5,84504,3.46128e+08,9.89493,0.079404,0.0446673,14.2835,0.52045,8.69968,22.8738,51.6099,0.274047,0.010732
l0.5,84744,3.47111e+08,9.90015,0.0913843,0.0355786,15.8054,0.51995,9.91217,22.4073,49.7175,0.266169,0.0107727
l0.5,84984,3.48094e+08,9.89999,0.0594938,0.0319299,16.7359,0.469604,11.1439,23.1923,53.6436,0.270673,0.0117696
l0.5,85224,3.49078e+08,9.90046,0.0809743,0.0302595,16.2959,0.519158,9.60229,22.1214,48.3957,0.280239,0.00961304
l0.5,85464,3.50061e+08,9.89993,0.100473,0.014461,15.2009,0.499209,9.35803,22.2415,49.1162,0.279842,0.00756836
l0.5,85704,3.51044e+08,9.89781,0.058982,0.0268262,13.7785,0.481583,8.322,22.6829,48.5045,0.278763,0.00997925
l0.5,85944,3.52027e+08,9.89452,0.0499833,0.020113,15.6883,0.483943,9.191,22.3867,47.5359,0.27651,0.0109355
l0.5,86184,3.5301e+08,9.89616,0.0597984,0.0153536,17.6334,0.486292,11.2774,23.555,54.4923,0.275041,0.0114644
l0.5,86424,3.53993e+08,9.89332,0.0689627,0.029659,14.8812,0.491443,8.49188,22.7178,45.8952,0.291043,0.0132751
l0.5,86664,3.54976e+08,9.89447,0.0479363,0.00655523,15.019,0.503882,8.18567,23.2211,47.5011,0.264866,0.01474
l0.5,86904,3.55959e+08,9.89438,0.0533529,0.0125408,17.4138,0.535142,10.0127,23.7707,52.2141,0.275185,0.0142721
l0.5,87144,3.56942e+08,9.89207,0.0709423,0.0326282,14.657,0.487027,8.81311,23.2316,48.8375,0.27745,0.0129395
l0.5,87384,3.57925e+08,9.8913,0.0833049,0.00646293,14.2831,0.462686,8.73384,23.7895,50.6671,0.275901,0.00933838
l0.5,87624,3.58908e+08,9.89023,0.0646894,0.0321503,14.3551,0.425985,8.83108,23.7142,49.8145,0.271571,0.00795492
l0.5,87864,3.59891e+08,9.89119,0.0460781,0.0225564,15.1129,0.478321,8.37428,24.0579,49.8121,0.270313,0.00538127
l0.5,88104,3.60874e+08,9.89075,0.0523706,0.0240128,15.4456,0.463515,9.30657,24.7959,53.8367,0.270848,0.00916545
l0.5,88344,3.61857e+08,9.89266,0.0693255,0.0082922,13.746,0.488516,7.73649,24.5621,48.526,0.273558,0.0107422
l0.5,88584,3.6284e+08,9.88985,0.0736365,0.0101868,15.1604,0.508818,8.47881,24.075,47.2223,0.277034,0.0141398
l0.5,88824,3.63823e+08,9.89009,0.0554802,0.0222574,14.1206,0.447596,8.08499,23.8282,48.1464,0.276737,0.0187073
l0.5,89064,3.64806e+08,9.88663,0.0922062,0.0172175,14.6464,0.477599,8.63772,23.8791,51.395,0.275472,0.0239258
l0.5,89304,3.65789e+08,9.88249,0.0988756,0.0245067,14.651,0.462359,8.50609,23.5738,49.745,0.275311,0.0290527
l0.5,89544,3.66772e+08,9.88152,0.0810324,0.0439856,13.0891,0.464329,7.54342,23.3565,45.044,0.277158,0.0279846
l0.5,89784,3.67755e+08,9.87561,0.0663305,0.038255,15.5825,0.460391,9.4372,23.4143,47.9082,0.276349,0.0326945
l0.5,90024,3.68738e+08,9.87572,0.0340417,0.0219735,14.9962,0.483491,8.95843,23.5963,51.322,0.276977,0.0310465
l0.5,90264,3.69721e+08,9.87552,0.0351811,0.0278989,16.9479,0.503979,10.5963,23.8304,51.9416,0.277942,0.0263265
l0.5,90504,3.70704e+08,9.87708,0.0779607,0.0201207,15.1021,0.486362,9.39398,22.9437,48.5183,0.280031,0.0259399
l0.5,90744,3.71687e+08,9.87427,0.0782136,0.0469305,14.6053,0.474198,8.10219,22.8832,46.8803,0.277892,0.0253499
l0.5,90984,3.7267e+08,9.86882,0.0720798,0.0352815,14.5013,0.4745,9.04342,22.9996,48.4607,0.282631,0.0273336
l0,24,98304,0,nan,nan,nan,nan,nan,nan,nan,nan,0
l0,264,1.08134e+06,0,nan,nan,nan,nan,nan,nan,nan,0.706316,1
l0,504,2.06438e+06,0,nan,nan,nan,nan,nan,nan,nan,0.70821,1
l0,744,3.04742e+06,0,nan,nan,nan,nan,nan,nan,nan,0.715917,1
l0,984,4.03046e+06,0,nan,nan,nan,nan,nan,nan,nan,0.711552,1
l0,1224,5.0135e+06,0,nan,nan,nan,nan,nan,nan,nan,0.694619,1
l0,1464,5.99654e+06,0,nan,nan,nan,nan,nan,nan,nan,0.703297,1
l0,1704,6.97958e+06,0,nan,nan,nan,nan,nan,nan,nan,0.680817,1
l0,1944,7.96262e+06,0,nan,nan,nan,nan,nan,nan,nan,0.673181,1
l0,2184,8.94566e+06,0,nan,nan,nan,nan,nan,nan,nan,0.61855,1
l0,2424,9.9287e+06,0,nan,nan,nan,nan,nan,nan,nan,0.58773,1
l0,2664,1.09117e+07,0,nan,nan,nan,nan,nan,nan,nan,0.542724,1
l0,2904,1.18948e+07,0,nan,nan,nan,nan,nan,nan,nan,0.520704,0.999512
l0,3144,1.28778e+07,0,nan,nan,nan,nan,nan,nan,nan,0.451565,0.969116
l0,3384,1.38609e+07,0,nan,nan,nan,nan,nan,nan,nan,0.425813,0.838104
l0,3624,1.48439e+07,0,nan,nan,nan,nan,nan,nan,nan,0.356758,0.594859
l0,3864,1.58269e+07,0,nan,nan,nan,nan,nan,nan,nan,0.34116,0.377614
l0,4104,1.681e+07,0,nan,nan,nan,nan,nan,nan,nan,0.324008,0.238373
l0,4344,1.7793e+07,0,nan,nan,nan,nan,nan,nan,nan,0.302421,0.16216
l0,4584,1.87761e+07,0,nan,nan,nan,nan,nan,nan,nan,0.313277,0.115885
l0,4824,1.97591e+07,0,nan,nan,nan,nan,nan,nan,nan,0.302743,0.104757
l0,5064,2.07421e+07,0,nan,nan,nan,nan,nan,nan,nan,0.294075,0.0973002
l0,5304,2.17252e+07,0,nan,nan,nan,nan,nan,nan,nan,0.292575,0.0915527
l0,5544,2.27082e+07,0,nan,nan,nan,nan,nan,nan,nan,0.292921,0.0914001
l0,5784,2.36913e+07,0,nan,nan,nan,nan,nan,nan,nan,0.278185,0.0791117
l0,6024,2.46743e+07,0,nan,nan,nan,nan,nan,nan,nan,0.277021,0.0614421
l0,6264,2.56573e+07,0,nan,nan,nan,nan,nan,nan,nan,0.280313,0.0537109
l0,6504,2.66404e+07,0,nan,nan,nan,nan,nan,nan,nan,0.257645,0.0476481
l0,6744,2.76234e+07,0,nan,nan,51.7486,1.21521,nan,13.0552,0,0.270828,0.27714
l0,6984,2.86065e+07,0,nan,nan,50.5781,1.20183,nan,12.6509,0,0.261973,0.612345
l0,7224,2.95895e+07,0,nan,nan,50.3348,1.13266,nan,12.3837,0,0.261244,0.769155
l0,7464,3.05725e+07,0,0,nan,51.0552,1.14494,19.2904,11.6062,0,0.264042,0.867452
l0,7704,3.15556e+07,0,0,nan,53.4248,1.1107,21.9408,10.9351,0,0.278829,0.910268
l0,7944,3.25386e+07,0,0,nan,49.5896,1.22355,21.9419,12.0501,0,0.255602,0.905863
l0,8184,3.35217e+07,0,0,nan,50.4953,1.10373,18.212,11.2626,0,0.280104,0.898509
l0,8424,3.45047e+07,0,0,nan,54.3906,1.17251,21.2546,10.3696,0,0.279714,0.887461
l0,8664,3.54877e+07,0,0,nan,51.0423,1.09714,21.6497,10.2011,0,0.281517,0.861115
l0,8904,3.64708e+07,0,0,nan,55.5722,1.14794,22.5427,8.73521,0,0.32824,0.825094
l0,9144,3.74538e+07,0,0,nan,53.3233,1.15503,20.627,8.48909,0,0.295758,0.781026
l0,9384,3.84369e+07,0,0,nan,57.3392,1.19797,24.383,7.13698,0,0.308209,0.71991
l0,9624,3.94199e+07,0,0,nan,51.5606,1.22552,22.1997,7.51873,0,0.310026,0.639303
l0,9864,4.04029e+07,0,0,nan,51.1078,1.0241,20.1607,6.33506,0,0.299813,0.529673
l0,10104,4.1386e+07,0,0,nan,48.1574,1.08223,21.7824,6.20369,0,0.285088,0.429942
l0,10344,4.2369e+07,0.000488281,0,nan,43.3666,1.0753,21.2974,6.02988,0,0.28637,0.339233
l0,10584,4.33521e+07,0.00112915,0,nan,42.0234,1.06305,21.3082,5.6026,0,0.27387,0.268901
l0,10824,4.43351e+07,0.00236003,0,nan,40.7673,1.03471,21.8753,5.8584,0.101471,0.279826,0.204315
l0,11064,4.53181e+07,0.00382487,0,nan,39.4507,1.01314,22.2896,5.30737,0,0.252195,0.162211
l0,11304,4.63012e+07,0.00634766,0,nan,36.3023,0.994677,20.7118,5.28833,0,0.277408,0.120412
l0,11544,4.72842e+07,0.00933838,0,nan,35.7135,0.990872,20.5786,5.7459,0,0.27198,0.0931091
l0,11784,4.82673e+07,0.013621,0,nan,38.9688,1.01869,19.1406,5.57636,0,0.260919,0.0733948
l0,12024,4.92503e+07,0.0205587,0,nan,31.0638,0.986797,18.1976,5.40361,0.0360704,0.252753,0.0522868
l0,12264,5.02333e+07,0.0295919,0,nan,33.1466,0.944296,18.8012,5.18612,0.0829188,0.249566,0.0403544
l0,12504,5.12164e+07,0.0357056,0,nan,30.3679,0.927086,16.8687,4.81806,0,0.248448,0.0329895
l0,12744,5.21994e+07,0.0458374,0,nan,31.3451,0.959285,18.5237,5.02388,0.170662,0.25455,0.0287272
l0,12984,5.31825e+07,0.056071,0,nan,31.037,0.93812,17.7863,5.00862,0.506168,0.247234,0.0279541
l0,13224,5.41655e+07,0.0654093,0,nan,32.947,0.975513,18.2451,4.88259,0.21413,0.240462,0.0252991
l0,13464,5.51485e+07,0.076589,0,nan,31.2854,0.955515,18.4506,4.9616,0.193679,0.230125,0.0245361
l0,13704,5.61316e+07,0.0939331,0,nan,29.8569,0.990756,18.1388,5.16558,0.255781,0.229031,0.0207926
l0,13944,5.71146e+07,0.108053,0,nan,30.2627,0.940159,17.3544,5.09043,0.439061,0.227481,0.0180969
l0,14184,5.80977e+07,0.122935,0,nan,30.7885,1.00089,19.3202,5.10564,0.322749,0.241932,0.0169983
l0,14424,5.90807e+07,0.134684,0,nan,27.3622,0.908327,16.6768,5.0687,0.519902,0.225097,0.017039
l0,14664,6.00637e+07,0.155955,0,0,28.7667,0.989734,17.8714,5.04526,0.693259,0.220322,0.0186157
l0,14904,6.10468e+07,0.174988,0,0,28.3218,0.898331,18.117,4.71232,0.869116,0.226976,0.0161133
l0,15144,6.20298e+07,0.199392,0,0,26.6763,0.953099,16.0869,4.77904,0.798097,0.227456,0.0177104
l0,15384,6.30129e+07,0.226451,0,0,26.5805,0.953838,16.1268,4.75562,0.749833,0.235837,0.0174967
l0,15624,6.39959e+07,0.255168,0,nan,26.2041,0.937001,14.9371,5.04133,0.900014,0.24668,0.0144755
l0,15864,6.49789e+07,0.290894,0,nan,26.3659,0.947463,15.3201,4.8707,1.05021,0.22602,0.0149434
l0,16104,6.5962e+07,0.327342,0,0,25.2229,0.950656,15.2873,5.4928,1.34897,0.208028,0.0142822
l0,16344,6.6945e+07,0.363129,0,0,24.0918,0.90861,14.4345,5.54501,1.87069,0.212008,0.0119019
l0,16584,6.79281e+07,0.408203,0,0,23.5503,0.882885,13.8823,5.45157,2.6548,0.219785,0.0106099
l0,16824,6.89111e+07,0.447591,0,0,23.8743,0.949419,14.3138,5.67406,1.79274,0.231519,0.010437
l0,17064,6.98941e+07,0.494873,0,nan,22.2729,0.917299,12.3428,5.96335,2.48207,0.208613,0.00957235
l0,17304,7.08772e+07,0.547943,0,0,21.3647,0.831547,11.3471,5.52664,1.63802,0.226728,0.0139058
l0,17544,7.18602e+07,0.602336,0,0,22.8391,0.931845,12.2413,5.92965,1.90741,0.216448,0.0176493
l0,17784,7.28433e+07,0.661265,0,0,24.2359,0.903602,12.2523,5.62979,2.16645,0.22086,0.0167745
l0,18024,7.38263e+07,0.723287,0,0,22.5316,0.891822,11.7336,6.02529,2.78567,0.216807,0.0181173
l0,18264,7.48093e+07,0.787201,0,0,21.8434,0.836587,11.6443,6.02466,2.88673,0.212673,0.0175273
l0,18504,7.57924e+07,0.848195,0,0,21.7194,0.925684,11.7811,6.58028,5.05482,0.213144,0.0156962
l0,18744,7.67754e+07,0.918966,0,0,21.6592,0.835125,10.5775,6.23473,4.17248,0.214911,0.0155741
l0,18984,7.77585e+07,0.985291,0,0,20.8781,0.828444,10.1471,6.51862,5.0417,0.211864,0.0156555
l0,19224,7.87415e+07,1.05975,0.00321854,0,21.4578,0.873462,11.2237,6.60911,4.81971,0.206623,0.0154215
l0,19464,7.97245e+07,1.13367,0,0,19.8882,0.820186,10.0554,6.60017,3.77362,0.205022,0.0136719
l0,19704,8.07076e+07,1.21142,0,0,18.3697,0.802854,9.20403,6.95539,4.86023,0.209454,0.0135091
l0,19944,8.16906e+07,1.28587,0,0,20.3498,0.859742,9.73926,7.15757,6.4317,0.209512,0.0138245
l0,20184,8.26737e+07,1.36386,0,0,18.5872,0.765087,8.67859,7.13609,4.83098,0.220143,0.0148417
l0,20424,8.36567e+07,1.43574,0.0242634,0,17.8603,0.802112,8.1827,6.93447,6.08533,0.20993,0.0143534
l0,20664,8.46397e+07,1.51051,0,0,18.2032,0.766873,8.10568,7.26945,6.2763,0.222948,0.0148621
l0,20904,8.56228e+07,1.58066,0.00308436,0,19.5324,0.789383,8.44187,7.40153,7.05512,0.230416,0.0144348
l0,21144,8.66058e+07,1.66859,0.00853138,0,17.2798,0.755753,7.84916,7.30734,7.0401,0.212961,0.011322
l0,21384,8.75889e+07,1.75622,0,0,18.139,0.734643,8.37474,7.42587,7.66475,0.21635,0.011322
l0,21624,8.85719e+07,1.83872,0,0,17.2146,0.767234,8.1592,7.57387,9.61461,0.222456,0.0123698
l0,21864,8.95549e+07,1.93216,0,0,18.3952,0.791161,8.39246,7.65843,9.17291,0.218749,0.0123494
l0,22104,9.0538e+07,2.01274,0,0,16.9195,0.796809,7.83475,8.21408,8.33692,0.2079,0.0114746
l0,22344,9.1521e+07,2.10099,0,0,18.0783,0.770755,8.54479,8.00862,7.80132,0.213411,0.0118408
l0,22584,9.25041e+07,2.18032,0.00461133,0,16.4244,0.746665,7.52013,8.24376,11.5906,0.213051,0.011322
l0,22824,9.34871e+07,2.25892,0,0,17.4418,0.79321,8.10262,8.22238,9.74294,0.220232,0.00956217
l0,23064,9.44701e+07,2.34465,0,0,15.6993,0.711741,6.85838,8.01318,12.1646,0.202822,0.0108948
l0,23304,9.54532e+07,2.42816,0,0,16.416,0.747345,7.08382,8.43388,11.0339,0.219175,0.0104065
l0,23544,9.64362e+07,2.51028,0.00273635,0,16.5011,0.761679,7.82522,8.46628,11.7553,0.221193,0.0108134
l0,23784,9.74193e+07,2.60137,0.00521869,0,17.8146,0.8353,8.40514,8.79349,12.4052,0.217278,0.0111796
l0,24024,9.84023e+07,2.6869,0.00171329,0,16.231,0.75655,7.62913,8.79979,11.6896,0.199164,0.00960286
l0,24264,9.93853e+07,2.77451,0,0,16.0331,0.702054,7.50749,9.0913,12.3637,0.210591,0.00893148
l0,24504,1.00368e+08,2.85235,0,0,16.0552,0.678618,6.91962,9.17407,13.2477,0.210873,0.0103251
l0,24744,1.01351e+08,2.93145,0.00174533,0,16.7749,0.802663,8.01311,9.73371,12.735,0.218731,0.0115255
l0,24984,1.02334e+08,3.02051,0.00813388,0,15.9796,0.810818,7.73151,9.80515,13.4033,0.212182,0.0128174
l0,25224,1.03318e+08,3.1072,0.00564622,0,17.4736,0.709434,7.88465,9.73515,14.9147,0.211126,0.012085
l0,25464,1.04301e+08,3.18927,0,0,15.9952,0.768844,6.67589,9.61469,14.417,0.227549,0.010671
l0,25704,1.05284e+08,3.27046,0.00550286,0,15.3572,0.70953,6.84318,9.79613,15.6761,0.21403,0.00861613
l0,25944,1.06267e+08,3.35399,0,0,15.2485,0.726262,6.34504,10.1335,14.9639,0.215051,0.00697835
l0,26184,1.0725e+08,3.44164,0,0,15.0062,0.74481,6.49618,10.0981,14.9884,0.214209,0.00537109
l0,26424,1.08233e+08,3.54024,0.00353161,0,15.5107,0.729707,6.42259,10.5051,16.1045,0.219178,0.00387573
l0,26664,1.09216e+08,3.62528,0,0,16.9436,0.723174,7.78215,10.851,17.6083,0.224384,0.00415039
l0,26904,1.10199e+08,3.71125,0,0,14.0911,0.714125,6.1845,11.0653,15.8429,0.216152,0.00610352
l0,27144,1.11182e+08,3.80548,0.0171585,0,15.7839,0.762204,6.82629,11.2902,19.0787,0.21576,0.0068868
l0,27384,1.12165e+08,3.89329,0,0,15.5453,0.774911,6.75441,11.3923,17.117,0.224632,0.00732422
l0,27624,1.13148e+08,3.97847,0,0,16.3656,0.773424,7.36752,11.6988,19.4573,0.227609,0.00635783
l0,27864,1.14131e+08,4.06142,0.0108335,0,15.829,0.757831,6.5609,11.9761,19.3284,0.226149,0.0051473
l0,28104,1.15114e+08,4.14845,0.00267953,0,15.3816,0.741377,7.28317,12.2153,21.82,0.232944,0.0046285
l0,28344,1.16097e+08,4.228,0,0,15.5174,0.740433,6.69249,12.286,20.3659,0.224718,0.00439453
l0,28584,1.1708e+08,4.32275,0.0111387,0,15.2586,0.70001,7.40228,12.4725,21.3861,0.222949,0.00480143
l0,28824,1.18063e+08,4.40625,0.0184046,0,15.5853,0.737351,7.20092,12.4542,22.3686,0.222124,0.00463867
l0,29064,1.19046e+08,4.49084,0,0,15.4599,0.686274,7.17403,12.2537,23.4904,0.222609,0.00400798
l0,29304,1.20029e+08,4.57439,0.00460085,0,13.5533,0.679151,5.59538,11.9943,21.9439,0.223446,0.00439453
l0,29544,1.21012e+08,4.66734,0.00763068,0,14.5931,0.737847,7.1233,12.0972,21.3496,0.224756,0.00382487
l0,29784,1.21995e+08,4.75479,0.0109987,0,14.7477,0.686329,6.31944,12.3451,21.4442,0.235484,0.00345866
l0,30024,1.22978e+08,4.8472,0.00491691,0,14.1977,0.686858,6.81028,12.6276,23.9335,0.237925,0.00341797
l0,30264,1.23961e+08,4.93334,0.00956817,0,14.5,0.697362,6.59837,13.2705,23.7999,0.225962,0.00270589
l0,30504,1.24944e+08,5.01696,0.00493828,0,15.7847,0.724882,7.32104,13.8162,25.9106,0.236638,0.00424194
l0,30744,1.25927e+08,5.10232,0,0,14.8322,0.728502,6.91178,13.7652,22.8225,0.227918,0.00585938
l0,30984,1.2691e+08,5.18569,0,0,14.7101,0.780294,6.87921,14.1273,25.1889,0.228953,0.00634766
l0,31224,1.27894e+08,5.26977,0.0136172,0,13.8806,0.736692,6.27517,14.18,26.4885,0.235274,0.00683594
l0,31464,1.28877e+08,5.35654,0.00565626,0,14.0666,0.735528,6.47971,14.0987,24.9847,0.232454,0.00683594
l0,31704,1.2986e+08,5.44324,0.00402601,0,15.0035,0.752133,7.30123,14.2413,26.8261,0.230564,0.00714111
l0,31944,1.30843e+08,5.53204,0,0,16.0687,0.784201,8.20765,13.8806,27.1045,0.232583,0.00951131
l0,32184,1.31826e+08,5.61672,0.0209878,0,14.4285,0.676837,7.16048,14.0646,28.1204,0.223623,0.0109863
l0,32424,1.32809e+08,5.70826,0,0,13.8101,0.623876,6.8788,14.2148,29.0258,0.232775,0.0112305
l0,32664,1.33792e+08,5.79196,0.0102179,0,13.3287,0.693779,6.66305,14.0139,27.6357,0.220569,0.0114848
l0,32904,1.34775e+08,5.88123,0.0105345,0,14.6302,0.750922,7.39189,14.3698,27.9783,0.239797,0.0104777
l0,33144,1.35758e+08,5.96689,0,0,15.565,0.697862,7.51166,14.0767,29.1477,0.22207,0.00972493
l0,33384,1.36741e+08,6.04856,0.00438505,0,14.5648,0.668651,7.04882,14.2262,30.0833,0.227754,0.00818888
l0,33624,1.37724e+08,6.13462,0.01578,0,14.3447,0.678514,6.88165,13.869,28.5518,0.229397,0.00752767
l0,33864,1.38707e+08,6.21411,0.0197129,0,14.6066,0.669457,6.95403,14.0514,30.5684,0.228476,0.00816854
l0,34104,1.3969e+08,6.30113,0,0,15.4165,0.724772,8.05224,14.3229,31.8994,0.222896,0.00728353
l0,34344,1.40673e+08,6.38471,0.00377501,0,15.141,0.72531,8.06253,14.0647,31.5263,0.233209,0.00708008
l0,34584,1.41656e+08,6.46914,0.01323,0,15.1234,0.684104,7.59262,13.9921,32.8802,0.238292,0.00872803
l0,34824,1.42639e+08,6.55629,0.0122474,0,14.7382,0.689795,6.98281,13.9693,29.2337,0.226516,0.00906372
l0,35064,1.43622e+08,6.6412,0,0,14.5201,0.661323,7.4499,14.4195,35.5958,0.232305,0.0108134
l0,35304,1.44605e+08,6.71959,0.0112122,0,13.2269,0.632523,6.00666,14.1652,31.5034,0.228617,0.0120239
l0,35544,1.45588e+08,6.80657,0,0,14.9972,0.692989,8.43304,14.7951,34.5757,0.234679,0.0126038
l0,35784,1.46571e+08,6.88273,0.00498162,0,14.5369,0.737718,7.38884,15.1654,31.3637,0.240688,0.0116374
l0,36024,1.47554e+08,6.96021,0.0314068,0,15.5535,0.674116,7.32094,15.2288,31.5108,0.246845,0.0106405
l0,36264,1.48537e+08,7.04001,0.0146941,0,14.5211,0.625849,7.58455,15.4076,34.0244,0.234451,0.0114644
l0,36504,1.4952e+08,7.12792,0,0,15.582,0.682735,7.84689,15.6056,32.3587,0.232087,0.0124308
l0,36744,1.50503e+08,7.20482,0.00881175,0,16.5165,0.697107,7.40238,15.6827,31.9608,0.240783,0.0155131
l0,36984,1.51486e+08,7.28042,0.00383835,0,16.3018,0.713927,8.15152,16.3883,34.7756,0.244318,0.0160726
l0,37224,1.5247e+08,7.36347,0.00362352,0,15.7292,0.675745,8.03291,16.1187,39.0327,0.242343,0.0172017
l0,37464,1.53453e+08,7.4418,0.0172609,0,16.4352,0.703517,8.92505,16.9131,33.644,0.240653,0.017334
l0,37704,1.54436e+08,7.51836,0.0134649,0,15.3855,0.682679,7.90339,16.5195,37.1229,0.236303,0.017334
l0,37944,1.55419e+08,7.59338,0,0,15.7551,0.711071,7.9043,17.0597,36.9696,0.241397,0.0177002
l0,38184,1.56402e+08,7.6671,0.0105847,0,14.2708,0.660814,7.35565,16.7677,36.0301,0.246318,0.0152079
l0,38424,1.57385e+08,7.74787,0,0,14.5474,0.642376,7.30029,16.6197,37.5345,0.2479,0.0158488
l0,38664,1.58368e+08,7.82158,0.0138771,0.00990379,14.7647,0.691139,7.51511,17.3021,38.0115,0.248753,0.0135701
l0,38904,1.59351e+08,7.89874,0.00446761,0,16.6833,0.66109,8.42757,17.3861,39.4875,0.249813,0.0121663
l0,39144,1.60334e+08,7.97035,0.00489197,0,15.3051,0.626035,8.30546,17.9288,37.9758,0.25241,0.0109456
l0,39384,1.61317e+08,8.04566,0.0122008,0,15.538,0.675701,8.51369,18.5609,37.7022,0.247544,0.00916545
l0,39624,1.623e+08,8.12227,0.00578752,0,15.718,0.723669,8.89487,19.6654,42.7319,0.241246,0.00932821
l0,39864,1.63283e+08,8.19996,0.0260687,0.0163666,16.9879,0.672035,7.83268,19.98,36.6041,0.243652,0.00927734
l0,40104,1.64266e+08,8.27054,0.0168697,0,15.0393,0.675543,7.85483,20.9555,41.0843,0.252938,0.0111389
l0,40344,1.65249e+08,8.34765,0.0139665,0.00626174,16.5336,0.650752,8.96001,20.8048,41.8766,0.258797,0.0127767
l0,40584,1.66232e+08,8.41781,0.011666,0,16.4559,0.662499,8.70413,20.1971,37.5846,0.253373,0.0130412
l0,40824,1.67215e+08,8.48865,0.0153366,0,14.6766,0.606376,7.96627,19.4227,40.7216,0.262835,0.0136617
l0,41064,1.68198e+08,8.55217,0.00655646,0,15.8658,0.642426,8.1958,18.6952,39.1657,0.272493,0.0119425
l0,41304,1.69181e+08,8.61257,0.0109729,0,17.3248,0.647598,9.90848,20.0398,42.703,0.24761,0.0121358
l0,41544,1.70164e+08,8.67711,0.0054537,0,15.5223,0.665259,8.63064,20.3814,42.0476,0.252881,0.0118815
l0,41784,1.71147e+08,8.74556,0.0155746,0.0083652,14.618,0.595379,7.71718,20.8687,42.2716,0.251092,0.0125732
l0,42024,1.7213e+08,8.80282,0.00713849,0,17.8838,0.587368,9.84998,21.9348,45.1844,0.245567,0.0129395
l0,42264,1.73113e+08,8.86423,0.0148585,0,15.1018,0.583187,8.10161,21.9428,45.1503,0.248347,0.0140584
l0,42504,1.74096e+08,8.92086,0.0195158,0,16.424,0.659019,9.04547,21.7085,44.7041,0.250476,0.0136007
l0,42744,1.75079e+08,8.97491,0.00456797,0,14.574,0.650433,7.62894,21.793,42.6302,0.240817,0.0132243
l0,42984,1.76062e+08,9.02999,0.0160731,0,14.7291,0.635724,8.11418,21.1841,43.0219,0.24375,0.0115255
l0,43224,1.77046e+08,9.07893,0.0080615,0,16.7862,0.634355,8.87349,20.8539,43.1482,0.254661,0.00992839
l0,43464,1.78029e+08,9.1302,0.0196158,0,17.0457,0.661241,9.65415,21.0125,42.6335,0.256949,0.00974528
l0,43704,1.79012e+08,9.18036,0.00814614,0,17.1348,0.58128,9.50693,20.8315,45.4783,0.250019,0.00964355
l0,43944,1.79995e+08,9.22377,0.0333263,0.0197424,18.5463,0.655372,11.1385,20.8909,46.8036,0.251032,0.00990804
l0,44184,1.80978e+08,9.26691,0.0324845,0,16.1413,0.660184,9.22467,20.2315,44.2442,0.252068,0.0104574
l0,44424,1.81961e+08,9.30847,0.0415072,0.00618593,18.1151,0.651793,10.9421,20.2936,49.8873,0.239203,0.00976562
l0,44664,1.82944e+08,9.34242,0.0119728,0,17.1599,0.653277,9.79933,20.7448,45.638,0.246793,0.0112406
l0,44904,1.83927e+08,9.37584,0.0154769,0.00653473,17.3934,0.654552,10.4778,20.3806,48.1574,0.249635,0.0108948
l0,45144,1.8491e+08,9.40484,0.0105634,0,17.6826,0.64808,10.4625,20.9576,47.6732,0.244665,0.0109863
l0,45384,1.85893e+08,9.4337,0.00659522,0,17.3561,0.653741,10.2153,20.9314,45.9628,0.250701,0.0109049
l0,45624,1.86876e+08,9.45939,0.00821259,0,17.5,0.631626,10.6334,20.8147,46.6583,0.247723,0.00911458
l0,45864,1.87859e+08,9.48674,0.00329263,0,17.7695,0.639219,10.517,21.3258,51.6016,0.246403,0.0114543
l0,46104,1.88842e+08,9.50613,0.00836629,0,19.0509,0.602054,11.7575,21.6664,52.4419,0.247137,0.0126851
l0,46344,1.89825e+08,9.5336,0.00522486,0.00807537,16.6601,0.604335,9.83838,20.8167,47.0777,0.240617,0.014211
l0,46584,1.90808e+08,9.55731,0.00722522,0,18.184,0.692719,10.5642,22.1428,55.1337,0.247611,0.0147298
l0,46824,1.91791e+08,9.57676,0.0116743,0,17.241,0.640527,10.1134,21.5561,46.5441,0.24764,0.0140381
l0,47064,1.92774e+08,9.59569,0.00845028,0,16.3896,0.592331,9.74058,21.2404,48.0451,0.248753,0.0143229
l0,47304,1.93757e+08,9.615,0.0157202,0.0087573,18.0179,0.588467,10.4149,21.8729,52.3804,0.247141,0.0128072
l0,47544,1.9474e+08,9.63149,0.0238979,0,16.2999,0.641052,9.41242,22.2362,44.0352,0.249527,0.0119527
l0,47784,1.95723e+08,9.65038,0.025005,0.0218739,19.7324,0.698045,11.8685,22.9743,50.0204,0.247987,0.0117391
l0,48024,1.96706e+08,9.66774,0.0045824,0.00826609,16.5738,0.655911,9.06686,22.9538,47.8167,0.257746,0.0110982
l0,48264,1.97689e+08,9.68396,0.00280826,0.00439216,17.5261,0.6614,10.5392,23.4239,48.053,0.252594,0.010966
l0,48504,1.98672e+08,9.69884,0.0188565,0.0218669,15.488,0.633958,8.36801,23.3022,43.5245,0.254974,0.0114746
l0,48744,1.99655e+08,9.71278,0.00452045,0,17.102,0.649334,8.42575,23.8607,44.061,0.252403,0.0112305
l0,48984,2.00638e+08,9.72882,0.0319864,0.0179232,17.2318,0.599043,10.1827,23.362,49.2112,0.262308,0.00859578
l0,49224,2.01622e+08,9.74301,0.0202108,0,18.4469,0.61785,10.6433,23.1813,52.2656,0.253213,0.00987752
l0,49464,2.02605e+08,9.7552,0.0161365,0,17.2042,0.577305,10.3953,22.8002,50.3702,0.258936,0.0111593
l0,49704,2.03588e+08,9.76478,0.0265955,0.0328203,17.2935,0.602144,10.675,22.7373,49.467,0.260089,0.0102132
l0,49944,2.04571e+08,9.77057,0,0,18.3068,0.656907,10.7767,23.2995,47.9731,0.26216,0.0122986
l0,50184,2.05554e+08,9.78008,0.0152216,0,15.8425,0.647931,8.92779,23.5136,51.4419,0.257343,0.0122579
l0,50424,2.06537e+08,9.79083,0.00362735,0,18.2169,0.617684,10.4665,24.3841,45.7328,0.265799,0.0110474
l0,50664,2.0752e+08,9.8031,0.0134077,0.0250447,16.152,0.609939,8.68306,25.3958,46.8773,0.268383,0.0101318
l0,50904,2.08503e+08,9.80852,0.0245894,0.0196298,16.8782,0.601215,10.4599,25.9246,51.822,0.260351,0.010081
l0,51144,2.09486e+08,9.82029,0.018292,0,17.5219,0.607377,10.1325,26.1375,52.828,0.25991,0.00941976
l0,51384,2.10469e+08,9.83068,0.00638997,0,16.534,0.635166,8.74658,26.3008,47.4134,0.261439,0.00956217
l0,51624,2.11452e+08,9.83135,0.012944,0.00509496,18.3237,0.606728,9.12584,26.6656,47.6304,0.269799,0.0115865
l0,51864,2.12435e+08,9.83845,0.0127223,0,18.2518,0.623693,9.20136,27.199,49.0316,0.262918,0.0125224
l0,52104,2.13418e+08,9.83778,0.00815091,0.0148399,19.3302,0.6142,10.8994,27.1799,48.8974,0.26252,0.0136007
l0,52344,2.14401e+08,9.84014,0,0,17.8628,0.63398,10.3434,27.0227,50.6958,0.259933,0.013916
l0,52584,2.15384e+08,9.84461,0.00338352,0,17.5988,0.650446,10.4118,27.1606,49.1847,0.25878,0.0138245
l0,52824,2.16367e+08,9.85097,0.0113092,0,16.3039,0.670731,8.63059,26.8366,49.7715,0.2576,0.0119629
l0,53064,2.1735e+08,9.85445,0.0162558,0.0243145,16.1579,0.578442,8.96895,26.8763,46.8366,0.259117,0.0100098
l0,53304,2.18333e+08,9.85876,0.0185363,0.0122079,18.5281,0.625457,11.4233,27.815,54.5458,0.271195,0.00970459
l0,53544,2.19316e+08,9.86105,0.0173293,0.00645072,15.6243,0.57951,8.26662,28.6142,47.5422,0.264085,0.0109863
l0,53784,2.20299e+08,9.86716,0.0118017,0,17.1139,0.649507,9.64658,29.352,48.2987,0.265256,0.0130615
l0,54024,2.21282e+08,9.87428,0.0385764,0.0464499,15.5064,0.575676,8.22893,29.3648,47.9655,0.260039,0.0133667
l0,54264,2.22265e+08,9.88075,0.0133574,0.00993378,16.3602,0.6189,9.51473,30.196,46.3514,0.261197,0.0158285
l0,54504,2.23248e+08,9.88523,0.0162991,0,15.1946,0.560774,8.21902,29.7306,46.935,0.259198,0.0135295
l0,54744,2.24231e+08,9.8906,0.0185476,0,15.7787,0.625225,7.56162,29.3339,48.1166,0.260742,0.0121765
l0,54984,2.25214e+08,9.89162,0.0253213,0.0147601,16.5226,0.609403,9.64578,29.9319,50.8307,0.258378,0.0143127
l0,55224,2.26198e+08,9.89452,0.0122352,0,16.6808,0.564874,9.50757,29.7572,48.8001,0.256315,0.0137736
l0,55464,2.27181e+08,9.89633,0.00221309,0,16.1142,0.631648,8.62001,30.73,48.5386,0.259338,0.0149333
l0,55704,2.28164e+08,9.89836,0.00273637,0,15.8764,0.565242,8.43531,30.478,49.3139,0.2612,0.0155538
l0,55944,2.29147e+08,9.90053,0.00765069,0.0134215,16.5542,0.59939,9.31826,29.7888,46.5573,0.260877,0.0147705
l0,56184,2.3013e+08,9.90238,0.0338691,0.0106827,13.0543,0.531426,6.22228,30.5464,45.933,0.256309,0.0142619
l0,56424,2.31113e+08,9.90558,0.0481704,0.00677802,15.301,0.600641,8.74422,31.1737,54.3923,0.256028,0.0125631
l0,56664,2.32096e+08,9.90926,0.0133385,0.0153417,15.8289,0.607174,7.54401,30.5767,48.3901,0.263245,0.0117289
l0,56904,2.33079e+08,9.91239,0.0152005,0.0111607,15.3829,0.53655,9.05431,30.8021,50.9905,0.249109,0.0126546
l0,57144,2.34062e+08,9.91447,0.0174562,0.00660248,15.2574,0.621189,8.64629,30.8722,50.2594,0.263651,0.0128784
l0,57384,2.35045e+08,9.91441,0.0506676,0.0190045,15.1499,0.574656,8.07069,30.5088,52.7895,0.260609,0.0132141
l0,57624,2.36028e+08,9.91625,0.0298686,0.0464323,15.9097,0.573807,8.20951,30.7287,48.6048,0.262423,0.0148824
l0,57864,2.37011e+08,9.92137,0.0169137,0.018105,16.7295,0.560082,9.79656,31.0103,54.5628,0.268554,0.0149536
l0,58104,2.37994e+08,9.92426,0.0178163,0.00710588,14.8519,0.603322,7.89532,31.146,48.836,0.261212,0.0136007
l0,58344,2.38977e+08,9.92651,0.0189873,0.00976563,15.1771,0.604368,8.15676,31.3195,50.2097,0.260324,0.0143534
l0,58584,2.3996e+08,9.93136,0.0210011,0.0144272,16.2205,0.556244,9.57392,31.5564,52.3127,0.262105,0.013621
l0,58824,2.40943e+08,9.93193,0.00447523,0.0077731,16.9432,0.596245,9.01881,31.3756,48.3355,0.253454,0.0131836
l0,59064,2.41926e+08,9.93267,0.0103956,0.0148211,15.5192,0.555504,8.17217,31.295,47.4679,0.249738,0.0142517
l0,59304,2.42909e+08,9.93202,0.00464996,0,15.7699,0.584245,8.20891,31.2427,47.3368,0.260646,0.0151164
l0,59544,2.43892e+08,9.93151,0.00289392,0,14.6563,0.554281,7.52198,30.3876,48.558,0.248526,0.0285441
l0,59784,2.44875e+08,9.93125,0,0,17.104,0.592856,10.0615,30.7128,52.8102,0.243638,0.0350342
l0,60024,2.45858e+08,9.9309,0.0220955,0,15.7559,0.615346,8.74065,30.5696,50.8345,0.258763,0.0371602
l0,60264,2.46841e+08,9.93232,0.0188816,0.00742115,16.4645,0.628836,9.41157,30.4617,53.0412,0.253842,0.0383301
l0,60504,2.47824e+08,9.93327,0.0102401,0.0030106,17.0027,0.531777,10.5031,29.9612,56.0748,0.256505,0.0264689
l0,60744,2.48807e+08,9.93494,0.0111154,0.00610859,14.9484,0.550612,8.06563,29.292,49.0312,0.246819,0.0202535
l0,60984,2.4979e+08,9.93288,0.0262442,0.00879167,13.2743,0.555194,6.65868,29.7805,45.5712,0.253491,0.0174357
l0,61224,2.50774e+08,9.93401,0.0171206,0.00509468,17.0058,0.557755,9.65653,29.7841,50.114,0.255375,0.0149943
l0,61464,2.51757e+08,9.93647,0.00567838,0.00518896,15.1327,0.591555,7.84107,29.6756,46.9864,0.256221,0.0131836
l0,61704,2.5274e+08,9.938,0.0130863,0.0148701,16.0524,0.571813,8.87363,29.7823,49.3179,0.253973,0.0132141
l0,61944,2.53723e+08,9.93774,0.0291277,0.0450016,16.4469,0.568003,9.0182,29.2276,44.6891,0.25569,0.0134277
l0,62184,2.54706e+08,9.93774,0.033032,0.0196164,14.2309,0.523454,7.25785,29.7516,50.2056,0.24494,0.0134888
l0,62424,2.55689e+08,9.93539,0.0136431,0.0102319,15.9228,0.604653,8.14604,29.4068,47.0425,0.254096,0.0138041
l0,62664,2.56672e+08,9.93313,0.0262646,0.00833289,16.1949,0.547972,8.77959,29.461,52.0122,0.247003,0.015625
l0,62904,2.57655e+08,9.93076,0.00681597,0.0125843,15.8863,0.585847,8.6724,29.2188,46.6942,0.256842,0.0153707
l0,63144,2.58638e+08,9.93016,0.0353575,0.0179066,16.2234,0.586315,9.82732,29.3139,55.4153,0.253645,0.0162354
l0,63384,2.59621e+08,9.92856,0.00739665,0,14.8714,0.566042,8.53712,28.5961,45.0426,0.253939,0.0156148
l0,63624,2.60604e+08,9.93053,0.0167477,0,14.7155,0.581698,7.73176,28.0322,50.1989,0.251038,0.011617
l0,63864,2.61587e+08,9.92928,0.0492338,0.00822965,16.1917,0.562006,9.09441,27.9808,52.3713,0.256184,0.0118815
l0,64104,2.6257e+08,9.93004,0.0287737,0.0302781,16.3625,0.63181,9.26802,28.0798,50.2825,0.252735,0.0101827
l0,64344,2.63553e+08,9.92836,0.0308123,0,16.0336,0.509289,9.45872,27.8117,51.6732,0.255299,0.0090332
l0,64584,2.64536e+08,9.93009,0.0517567,0.0558511,15.1406,0.578153,8.12248,27.9513,50.5884,0.250982,0.00934855
l0,64824,2.65519e+08,9.92913,0.0287779,0.0237503,16.4087,0.526653,9.96992,27.46,49.4598,0.254847,0.00958252
l0,65064,2.66502e+08,9.9283,0.0114531,0.00653595,15.7639,0.571882,9.33577,27.538,51.2673,0.260206,0.00856527
l0,65304,2.67485e+08,9.92814,0.0186047,0,16.2911,0.551788,9.81034,26.915,48.6581,0.251413,0.00952148
l0,65544,2.68468e+08,9.92525,0.0133129,0.00594177,16.7418,0.60714,9.43309,26.8152,51.1226,0.258941,0.0100708
l0,65784,2.69451e+08,9.92194,0.02381,0,18.1738,0.553127,10.076,27.2665,54.9981,0.253276,0.00949097
l0,66024,2.70434e+08,9.91972,0,0,16.7453,0.565009,9.64409,27.774,50.921,0.262493,0.0111491
l0,66264,2.71417e+08,9.91947,0.0295027,0.0202889,17.1425,0.577133,9.46913,28.1381,53.2612,0.256233,0.0115051
l0,66504,2.724e+08,9.91509,0.00985387,0,16.9757,0.526188,10.5707,28.6466,56.1531,0.25468,0.011495
l0,66744,2.73383e+08,9.91577,0.0327267,0.0279527,15.7756,0.510075,9.04556,28.2538,50.4401,0.255211,0.0120138
l0,66984,2.74366e+08,9.91573,0.00850889,0.00463297,17.1465,0.610253,10.0834,28.2252,50.6614,0.25862,0.0124207
l0,67224,2.7535e+08,9.91577,0.0423096,0.0375334,15.4997,0.525743,9.11011,28.1047,51.3935,0.256649,0.0128479
l0,67464,2.76333e+08,9.91922,0.0367488,0.0167231,14.9331,0.499402,8.27035,28.3415,45.7336,0.254553,0.0141602
l0,67704,2.77316e+08,9.91876,0.0662005,0.0479218,15.8366,0.507522,9.14424,28.718,50.3166,0.253493,0.015035
l0,67944,2.78299e+08,9.92013,0.0335237,0.00586281,17.3656,0.545148,9.05103,29.1618,46.0857,0.256097,0.0162557
l0,68184,2.79282e+08,9.92091,0.021645,0.0156467,15.7392,0.544245,8.76161,29.2298,50.2915,0.254275,0.017395
l0,68424,2.80265e+08,9.91746,0.0160162,0,14.6288,0.516216,8.02945,28.4857,47.4402,0.260406,0.0166321
l0,68664,2.81248e+08,9.91881,0.0314434,0,15.4368,0.534812,8.64406,28.6696,47.3231,0.257277,0.0156657
l0,68904,2.82231e+08,9.92233,0.0613945,0.0322746,14.6781,0.565928,8.08815,28.637,46.2801,0.260377,0.0151469
l0,69144,2.83214e+08,9.92123,0.025871,0.0108066,15.0059,0.530617,8.42221,28.3857,46.7684,0.258928,0.0146179
l0,69384,2.84197e+08,9.91934,0.058143,0.0588916,14.8469,0.524163,7.95866,28.4275,45.6863,0.265347,0.0168559
l0,69624,2.8518e+08,9.91567,0.0507286,0,16.1777,0.528247,9.51053,28.011,47.9803,0.259375,0.0187581
l0,69864,2.86163e+08,9.91458,0.0324534,0.025342,16.2149,0.567465,9.36933,28.3656,52.6252,0.286479,0.0219421
l0,70104,2.87146e+08,9.91805,0.0363526,0,16.2623,0.52296,9.53014,28.5204,48.6498,0.262595,0.0242818
l0,70344,2.88129e+08,9.91508,0.0160136,0.0177066,17.6032,0.562012,10.7357,28.3189,49.4935,0.251412,0.0264079
l0,70584,2.89112e+08,9.91627,0.0592914,0.0176735,14.1674,0.533612,7.24757,28.6683,45.6444,0.254183,0.0259603
l0,70824,2.90095e+08,9.91229,0.0323094,0.0208946,16.3605,0.582646,9.04521,29.5748,51.5809,0.25495,0.024526
l0,71064,2.91078e+08,9.91072,0.018109,0.00591658,14.6458,0.527358,8.53972,29.7046,49.484,0.252723,0.0257161
l0,71304,2.92061e+08,9.90827,0.0364854,0,16.7193,0.546262,9.90758,30.3334,50.7801,0.247492,0.0227153
l0,71544,2.93044e+08,9.90851,0.00927394,0.0159365,15.4469,0.500565,8.04158,30.9828,47.5325,0.257002,0.0241801
l0,71784,2.94027e+08,9.90625,0.0382745,0.0293496,14.5196,0.535143,8.15474,31.1854,52.862,0.249352,0.0256755
l0,72024,2.9501e+08,9.90773,0.0401745,0.0212103,15.925,0.533992,9.19005,30.5645,56.5359,0.252692,0.0252889
l0,72264,2.95993e+08,9.90723,0.0252393,0.0135944,15.3399,0.532002,8.31862,30.0876,46.9888,0.263454,0.0248006
l0,72504,2.96976e+08,9.90902,0.032483,0.0378362,17.5005,0.573491,9.6602,29.7232,50.0353,0.259731,0.0238851
l0,72744,2.97959e+08,9.90908,0.00637092,0.0101592,18.3527,0.582874,9.8075,29.9665,49.8553,0.249646,0.0266927
l0,72984,2.98942e+08,9.91004,0.0389937,0.035716,14.2102,0.581804,7.5687,29.322,46.3044,0.248895,0.0267436
l0,73224,2.99926e+08,9.91192,0.0339453,0.0208401,17.404,0.571876,9.27536,29.1667,48.0936,0.251967,0.0270691
l0,73464,3.00909e+08,9.91094,0.0156557,0.00640091,14.6565,0.506076,7.61435,29.0345,47.1698,0.251304,0.0284526
l0,73704,3.01892e+08,9.91045,0.0172981,0.0128917,15.1578,0.587812,7.7891,28.7164,45.9715,0.249,0.0272827
l0,73944,3.02875e+08,9.91146,0.0649906,0.0359384,16.668,0.579373,9.50319,28.8074,50.7661,0.25581,0.0290426
l0,74184,3.03858e+08,9.91076,0.0323284,0.0387532,16.0266,0.574913,8.2078,28.8266,50.0294,0.255504,0.0272725
l0,74424,3.04841e+08,9.90813,0.0353221,0.0306346,16.0438,0.568253,8.53706,28.3099,53.825,0.250842,0.0251973
l0,74664,3.05824e+08,9.90469,0.00931831,0.0146826,15.1883,0.499379,8.2216,28.504,48.5795,0.255571,0.0243225
l0,74904,3.06807e+08,9.90417,0.0492552,0.0444586,15.64,0.51883,9.30504,28.236,50.0946,0.254706,0.0196126
l0,75144,3.0779e+08,9.906,0.0447327,0.0289057,15.3574,0.534679,9.13476,28.2553,53.0035,0.252925,0.0170797
l0,75384,3.08773e+08,9.90446,0.0190719,0.01782,14.1341,0.522281,7.67237,28.7274,49.0117,0.249332,0.0149434
l0,75624,3.09756e+08,9.9056,0.0187438,0.0074146,14.4087,0.553618,7.55649,28.8616,45.0778,0.256266,0.014801
l0,75864,3.10739e+08,9.90721,0.0547047,0.0435475,14.5392,0.566724,7.38888,29.777,49.2379,0.252743,0.0169067
l0,76104,3.11722e+08,9.90931,0.0459683,0.0401875,15.0458,0.550618,8.01051,30.3893,47.5191,0.250888,0.02005
l0,76344,3.12705e+08,9.91021,0.0268436,0,16.3839,0.562668,9.60236,30.4753,55.108,0.25217,0.0216777
l0,76584,3.13688e+08,9.91302,0.0291094,0.0162891,15.6525,0.550884,8.8103,30.7686,51.8971,0.249689,0.0221354
l0,76824,3.14671e+08,9.91632,0.0111622,0.00659879,14.0888,0.53022,7.77513,30.2707,48.194,0.244687,0.0196228
l0,77064,3.15654e+08,9.91665,0.0515464,0.00995355,14.854,0.509414,7.86594,29.8409,47.9365,0.248024,0.0178731
l0,77304,3.16637e+08,9.91758,0.0348304,0.0173439,14.7494,0.545963,7.79141,29.4056,54.1545,0.248263,0.0163676
l0,77544,3.1762e+08,9.91645,0.0322484,0.0148477,16.431,0.544494,9.67102,29.4663,53.065,0.248701,0.017334
l0,77784,3.18603e+08,9.91769,0.0338364,0.0232702,15.421,0.530407,8.62922,29.6475,51.0324,0.242218,0.0173848
l0,78024,3.19586e+08,9.9181,0.0272718,0,14.3185,0.50504,7.79064,29.7915,44.2973,0.262005,0.0173136
l0,78264,3.20569e+08,9.9189,0.0261738,0.00642585,14.5912,0.50176,7.59965,29.997,49.694,0.239687,0.0162862
l0,78504,3.21552e+08,9.92001,0.0583742,0.0220024,14.6862,0.542505,8.55032,29.8875,53.3887,0.243532,0.0155131
l0,78744,3.22535e+08,9.92295,0.010082,0.00467633,14.652,0.518777,8.13895,29.0134,48.5398,0.248033,0.0144043
l0,78984,3.23518e+08,9.92037,0.0334286,0.0156857,13.787,0.52244,6.88538,28.7235,48.614,0.242462,0.0154622
l0,79224,3.24502e+08,9.92205,0.0448262,0.0263868,15.1834,0.51702,8.20907,28.5938,48.9896,0.251776,0.0150045
l0,79464,3.25485e+08,9.92285,0.00524607,0.00934372,15.0076,0.49336,8.49957,28.8477,47.6136,0.248898,0.0177205
l0,79704,3.26468e+08,9.9245,0.04822,0.0505473,16.2014,0.519278,9.74414,28.947,52.7655,0.253001,0.0208232
l0,79944,3.27451e+08,9.92379,0.03271,0,14.9479,0.50804,7.74391,29.4198,48.4691,0.250687,0.0224202
l0,80184,3.28434e+08,9.9256,0.0154089,0.0223577,15.0132,0.523569,8.65727,29.8107,49.4898,0.24299,0.0204875
l0,80424,3.29417e+08,9.92595,0.0580561,0.0145914,15.1939,0.529708,8.08803,29.852,51.8649,0.250517,0.0183818
l0,80664,3.304e+08,9.92526,0.041991,0.0293413,17.021,0.550996,9.00667,29.7074,50.3284,0.247983,0.0184937
l0,80904,3.31383e+08,9.92673,0.0309943,0.022614,15.7039,0.549636,8.53605,29.6064,51.0563,0.24885,0.0146281
l0,81144,3.32366e+08,9.9265,0.0351324,0.0332448,15.1314,0.506961,8.5082,29.1204,51.4629,0.247895,0.0161031
l0,81384,3.33349e+08,9.92972,0.0449587,0.0257732,15.233,0.532405,8.86682,28.4919,48.4724,0.244481,0.0174052
l0,81624,3.34332e+08,9.93119,0.0461608,0.0361622,16.3846,0.539691,8.95577,28.4871,44.6937,0.248262,0.0155843
l0,81864,3.35315e+08,9.93158,0.0473602,0.00513084,14.3926,0.531794,8.13733,28.0825,49.6354,0.249171,0.0181173
l0,82104,3.36298e+08,9.93275,0.0403892,0.00927782,14.8841,0.521234,8.64258,28.4184,51.8582,0.245824,0.0159098
l0,82344,3.37281e+08,9.93024,0.0167601,0.00982472,15.1861,0.544508,8.68641,27.8578,50.8247,0.249894,0.0155334
l0,82584,3.38264e+08,9.92873,0.0654901,0.0590243,14.4033,0.573672,8.00446,28.0528,51.6639,0.239292,0.0165507
l0,82824,3.39247e+08,9.92843,0.0268458,0.0165615,15.0572,0.604846,7.99029,28.2187,47.2171,0.245153,0.0152995
l0,83064,3.4023e+08,9.92876,0.00999334,0.00629723,15.8535,0.546166,8.52954,28.1061,52.6758,0.254543,0.0195211
l0,83304,3.41213e+08,9.93069,0.0282965,0.0302797,15.0451,0.54931,8.126,28.1248,52.4213,0.247694,0.0258179
l0,83544,3.42196e+08,9.92898,0.0492731,0,13.9836,0.558371,7.75678,27.5277,45.9171,0.249475,0.0293986
l0,83784,3.43179e+08,9.92258,0.029852,0.014991,15.1242,0.521623,8.33762,27.0675,49.9537,0.251094,0.0333455
l0,84024,3.44162e+08,9.92196,0.0790598,0.0329041,15.1597,0.487788,9.12856,27.4716,49.2008,0.25104,0.0326742
l0,84264,3.45145e+08,9.9224,0.0915065,0.0526921,14.9395,0.563489,8.85092,27.42,51.2067,0.246706,0.0255229
l0,84504,3.46128e+08,9.92095,0.045059,0.0376682,15.0143,0.513736,8.7381,27.8547,50.3743,0.248823,0.0239868
l0,84744,3.47111e+08,9.91976,0.013739,0.015389,15.3162,0.580828,8.90034,27.9771,48.8665,0.257594,0.0226949
l0,84984,3.48094e+08,9.91464,0.0426111,0.0223518,15.9102,0.619392,9.32606,28.3989,47.4716,0.250424,0.0212402
l0,85224,3.49078e+08,9.9174,0.0237846,0.0190528,13.6557,0.556721,7.62071,28.2703,51.4167,0.245372,0.0198466
l0,85464,3.50061e+08,9.91961,0.0665284,0.0316701,16.8269,0.533815,10.4308,27.9682,49.8471,0.24659,0.016154
l0,85704,3.51044e+08,9.91911,0.0626226,0.0372564,15.089,0.513069,7.4577,28.0865,44.1486,0.246998,0.0141195
l0,85944,3.52027e+08,9.91624,0.0453169,0.021625,16.0468,0.592778,9.11128,27.3526,49.0055,0.254769,0.0133362
l0,86184,3.5301e+08,9.91426,0.0664147,0.0692725,14.4255,0.484735,8.22876,27.5979,48.4933,0.251029,0.0150757
l0,86424,3.53993e+08,9.91506,0.0423889,0.0260663,15.2423,0.566292,8.59178,27.7137,47.0988,0.251627,0.0172933
l0,86664,3.54976e+08,9.91342,0.0235324,0.0132225,17.6839,0.565195,8.27858,29.0241,50.3414,0.241131,0.0186056
l0,86904,3.55959e+08,9.91282,0.0506722,0.0399674,15.7197,0.504988,9.77027,28.479,51.5918,0.245366,0.0164185
l0,87144,3.56942e+08,9.91506,0.0385748,0.037478,17.0357,0.517081,10.4271,28.5631,49.9497,0.242164,0.0141296
l0,87384,3.57925e+08,9.91967,0.0798211,0.0230112,13.2008,0.496383,7.01552,29.1204,48.8571,0.242306,0.0124512
l0,87624,3.58908e+08,9.91968,0.0867004,0.0859258,14.8792,0.486376,7.17941,28.6374,52.1802,0.241526,0.00976562
l0,87864,3.59891e+08,9.91583,0.0556673,0.0423549,15.8209,0.540453,8.05892,28.3699,47.9997,0.249403,0.0152181
l0,88104,3.60874e+08,9.90742,0.0208809,0.0133683,17.1282,0.620581,8.5608,27.7533,49.9331,0.248386,0.023112
l0,88344,3.61857e+08,9.90438,0.0662673,0.0379747,15.5405,0.55872,9.55804,27.3564,52.337,0.244178,0.0278727
l0,88584,3.6284e+08,9.90207,0.0475758,0.029252,13.894,0.515512,7.9259,27.3697,50.9262,0.248652,0.0337626
l0,88824,3.63823e+08,9.90152,0.0384966,0.0263985,16.3221,0.541112,9.00005,27.551,47.6804,0.23778,0.0310262
l0,89064,3.64806e+08,9.90153,0.0592112,0.0303235,13.8722,0.53567,7.62373,27.9064,46.8266,0.243647,0.023173
l0,89304,3.65789e+08,9.90353,0.03496,0.0247493,16.2831,0.576577,9.58267,28.0263,49.4192,0.239544,0.017568
l0,89544,3.66772e+08,9.90659,0.0384978,0.0171059,15.3352,0.541713,8.92975,28.0418,49.2893,0.241991,0.0130005
l0,89784,3.67755e+08,9.90285,0.0752113,0.0325099,14.4202,0.558033,8.19366,27.8044,52.3759,0.236737,0.0153809
l0,90024,3.68738e+08,9.90067,0.0454292,0.00606061,14.421,0.561437,7.86978,28.2601,50.4298,0.232429,0.0171305
l0,90264,3.69721e+08,9.90171,0.0661333,0.0203401,14.8289,0.538061,7.74706,27.288,47.0225,0.243869,0.0173442
l0,90504,3.70704e+08,9.90332,0.0738271,0.01336,15.4418,0.558071,8.85735,27.2222,50.8457,0.24817,0.0158183
l0,90744,3.71687e+08,9.90773,0.0282059,0.0172251,15.3796,0.508361,9.24648,27.1163,53.4868,0.241469,0.0116374
l0,90984,3.7267e+08,9.9065,0.0260313,0.00503243,14.3691,0.565088,7.53702,27.1929,45.3356,0.245093,0.00948079
whole,24,98304,0,nan,nan,nan,nan,nan,nan,nan,nan,0
whole,264,1.08134e+06,0,nan,nan,nan,nan,nan,nan,nan,0.706294,1
whole,504,2.06438e+06,0,nan,nan,nan,nan,nan,nan,nan,0.712027,1
whole,744,3.04742e+06,0,nan,nan,nan,nan,nan,nan,nan,0.699001,1
whole,984,4.03046e+06,0,nan,nan,nan,nan,nan,nan,nan,0.700673,1
whole,1224,5.0135e+06,0,nan,nan,nan,nan,nan,nan,nan,0.694383,1
whole,1464,5.99654e+06,0,nan,nan,nan,nan,nan,nan,nan,0.689703,1
whole,1704,6.97958e+06,0,nan,nan,nan,nan,nan,nan,nan,0.69995,1
whole,1944,7.96262e+06,0,nan,nan,nan,nan,nan,nan,nan,0.699107,1
whole,2184,8.94566e+06,0,nan,nan,nan,nan,nan,nan,nan,0.726434,1
whole,2424,9.9287e+06,0,nan,nan,nan,nan,nan,nan,nan,0.730072,1
whole,2664,1.09117e+07,0,nan,nan,nan,nan,nan,nan,nan,0.75057,1
whole,2904,1.18948e+07,0,nan,nan,nan,nan,nan,nan,nan,0.756189,1
whole,3144,1.28778e+07,0,nan,nan,nan,nan,nan,nan,nan,0.704215,1
whole,3384,1.38609e+07,0,nan,nan,nan,nan,nan,nan,nan,0.691742,1
whole,3624,1.48439e+07,0,nan,nan,nan,nan,nan,nan,nan,0.624371,1
whole,3864,1.58269e+07,0,nan,nan,nan,nan,nan,nan,nan,0.585553,0.999959
whole,4104,1.681e+07,0,nan,nan,nan,nan,nan,nan,nan,0.551975,0.998973
whole,4344,1.7793e+07,0,nan,nan,nan,nan,nan,nan,nan,0.519828,0.975006
whole,4584,1.87761e+07,0,nan,nan,nan,nan,nan,nan,nan,0.459877,0.888519
whole,4824,1.97591e+07,0,nan,nan,nan,nan,nan,nan,nan,0.44227,0.730937
whole,5064,2.07421e+07,0,nan,nan,nan,nan,nan,nan,nan,0.40599,0.515452
whole,5304,2.17252e+07,0,nan,nan,nan,nan,nan,nan,nan,0.403947,0.415904
whole,5544,2.27082e+07,0,nan,nan,nan,nan,nan,nan,nan,0.369658,0.344493
whole,5784,2.36913e+07,0,nan,nan,nan,nan,nan,nan,nan,0.375873,0.294952
whole,6024,2.46743e+07,0,nan,nan,nan,nan,nan,nan,nan,0.345234,0.303548
whole,6264,2.56573e+07,0,nan,nan,nan,nan,nan,nan,nan,0.355125,0.302165
whole,6504,2.66404e+07,0,nan,nan,nan,nan,nan,nan,nan,0.342668,0.30011
whole,6744,2.76234e+07,0,nan,nan,nan,nan,nan,nan,nan,0.334686,0.288005
whole,6984,2.86065e+07,0,nan,nan,nan,nan,nan,nan,nan,0.348573,0.275848
whole,7224,2.95895e+07,0,nan,nan,nan,nan,nan,nan,nan,0.330348,0.23348
whole,7464,3.05725e+07,0,nan,nan,nan,nan,nan,nan,nan,0.328691,0.219401
whole,7704,3.15556e+07,0,nan,nan,nan,nan,nan,nan,nan,0.353687,0.212809
whole,7944,3.25386e+07,0,nan,nan,nan,nan,nan,nan,nan,0.321767,0.190664
whole,8184,3.35217e+07,0,nan,nan,nan,nan,nan,nan,nan,0.324465,0.182363
whole,8424,3.45047e+07,0,nan,nan,nan,nan,nan,nan,nan,0.312169,0.169078
whole,8664,3.54877e+07,0,nan,nan,nan,nan,nan,nan,nan,0.31694,0.139119
whole,8904,3.64708e+07,0,nan,nan,nan,nan,nan,nan,nan,0.311314,0.133219
whole,9144,3.74538e+07,0,0,nan,55.7483,1.32148,30.1363,15.2651,0,0.308703,0.341614
whole,9384,3.84369e+07,0,0,nan,57.3686,1.33483,17.4075,16.5801,0,0.312608,0.631358
whole,9624,3.94199e+07,0,nan,nan,56.6854,1.35928,nan,17.4079,0,0.301192,0.789052
whole,9864,4.04029e+07,0,nan,nan,52.0295,1.273,nan,15.1937,0,0.305129,0.877523
whole,10104,4.1386e+07,0,0,nan,52.241,1.28377,24.411,15.5639,0,0.301997,0.924082
whole,10344,4.2369e+07,0,0,nan,56.369,1.2839,19.4719,15.0153,0,0.31004,0.924611
whole,10584,4.33521e+07,0,0,nan,61.3834,1.2671,24.8289,14.2721,0,0.319757,0.921326
whole,10824,4.43351e+07,0,0,nan,59.7072,1.3032,24.5546,15.7108,0,0.315924,0.920156
whole,11064,4.53181e+07,0,0,nan,61.8652,1.27698,24.1992,15.3584,0,0.322931,0.914714
whole,11304,4.63012e+07,0,0,nan,62.5075,1.28345,25.4611,15.0185,0,0.322792,0.908518
whole,11544,4.72842e+07,0,0,nan,65.5028,1.23921,21.9989,13.9975,0,0.331245,0.899872
whole,11784,4.82673e+07,0,0,nan,65.3265,1.28779,27.9429,13.1336,0,0.331918,0.894358
whole,12024,4.92503e+07,0,0,nan,61.7201,1.20654,26.58,12.3983,0,0.345564,0.88621
whole,12264,5.02333e+07,0,0,nan,63.6078,1.24933,26.9015,12.9889,0,0.335379,0.872894
whole,12504,5.12164e+07,0,0,nan,64.5063,1.22897,26.0174,11.9765,0,0.318363,0.853129
whole,12744,5.21994e+07,0,0,nan,66.0531,1.20781,29.6403,11.6701,0,0.317988,0.836782
whole,12984,5.31825e+07,0,0,nan,63.1349,1.20169,25.6949,11.1006,0,0.335703,0.818827
whole,13224,5.41655e+07,0,0,nan,58.9772,1.10202,23.3343,10.8055,0,0.333447,0.792491
whole,13464,5.51485e+07,0,0,nan,65.6286,1.13832,27.2635,10.1077,0,0.351634,0.753154
whole,13704,5.61316e+07,0,0,nan,65.232,1.23247,29.0832,11.288,0,0.335489,0.711283
whole,13944,5.71146e+07,0,0,nan,62.1853,1.15984,27.738,9.94639,0,0.356037,0.669505
whole,14184,5.80977e+07,0,0,nan,63.5033,1.18421,27.5567,10.3714,0,0.337599,0.62679
whole,14424,5.90807e+07,0,0,nan,63.0986,1.16722,28.3806,12.7265,0,0.339633,0.58491
whole,14664,6.00637e+07,0,0,nan,57.1638,1.12133,24.5931,8.65329,0,0.321696,0.548086
whole,14904,6.10468e+07,0,0,nan,61.8324,1.18885,28.8198,9.97295,0,0.312596,0.49939
whole,15144,6.20298e+07,0,0,nan,63.3734,1.12227,27.8706,8.84147,0,0.357351,0.463206
whole,15384,6.30129e+07,0,0,nan,60.8278,1.14724,27.2419,8.60405,0,0.330396,0.431702
whole,15624,6.39959e+07,0,0,nan,57.5243,1.20351,26.8485,10.1353,0,0.345918,0.404683
whole,15864,6.49789e+07,0,0,nan,56.4514,1.14191,28.6743,9.84425,0,0.329391,0.379669
whole,16104,6.5962e+07,0,0,nan,54.885,1.1229,27.5004,8.48821,0,0.359279,0.354248
whole,16344,6.6945e+07,0.000244141,0,nan,50.3689,1.19072,25.574,10.0718,0,0.322292,0.328623
whole,16584,6.79281e+07,0.000244141,0,nan,48.7234,1.04835,25.9608,7.83648,0,0.338095,0.310547
whole,16824,6.89111e+07,0.000976562,0,nan,49.0682,1.10764,26.2531,8.09337,0,0.311422,0.290894
whole,17064,6.98941e+07,0.0012207,0,nan,47.9248,1.07032,25.9166,8.37732,0,0.332833,0.282125
whole,17304,7.08772e+07,0.00146484,0,nan,46.0299,1.14865,25.5025,8.86399,0,0.313417,0.255503
whole,17544,7.18602e+07,0.00146484,0,nan,46.644,1.14608,26.2366,8.00432,0,0.315322,0.24413
whole,17784,7.28433e+07,0.00160726,0,nan,45.5759,1.07874,26.0133,8.28121,0,0.313763,0.230764
whole,18024,7.38263e+07,0.00268555,0,nan,46.0406,1.0887,25.093,7.90013,0,0.35337,0.217194
whole,18264,7.48093e+07,0.0034078,0,nan,44.6138,1.08921,24.4344,8.01636,0,0.322838,0.214539
whole,18504,7.57924e+07,0.00387573,0,nan,44.1576,1.07645,25.1573,7.91763,0.0759221,0.296685,0.200765
whole,18744,7.67754e+07,0.00366211,0,nan,44.1102,1.12656,24.4566,8.66327,0,0.328245,0.199839
whole,18984,7.77585e+07,0.00439453,0,nan,40.5015,1.07427,22.3524,8.27584,0,0.329409,0.190257
whole,19224,7.87415e+07,0.00512695,0,nan,43.388,1.12056,25.3316,8.98289,0.0280882,0.346298,0.181569
whole,19464,7.97245e+07,0.00537109,0,nan,40.8441,1.063,25.2707,8.2842,0.0224708,0.319295,0.169647
whole,19704,8.07076e+07,0.00601196,0,nan,41.672,1.06046,26.5553,8.26202,0.0308516,0.32564,0.155426
whole,19944,8.16906e+07,0.00610352,0,nan,40.3669,1.10111,22.7557,8.41097,0,0.322074,0.142639
whole,20184,8.26737e+07,0.00645955,0,nan,40.9878,1.12964,23.3375,8.54639,0.24098,0.319476,0.12557
whole,20424,8.36567e+07,0.00665283,0,nan,41.0631,1.08818,24.5915,8.29082,0,0.310307,0.123484
whole,20664,8.46397e+07,0.00840251,0,nan,37.0507,1.04466,21.2481,8.56498,0.0580118,0.308429,0.121958
whole,20904,8.56228e+07,0.00976562,0,nan,40.2239,1.15477,23.501,8.9703,0.0623305,0.338836,0.124685
whole,21144,8.66058e+07,0.00998942,0,nan,38.3626,1.07749,23.0202,9.35063,0,0.332179,0.131856
whole,21384,8.75889e+07,0.0102539,0,nan,39.512,1.14565,25.3235,9.37559,0,0.304162,0.129781
whole,21624,8.85719e+07,0.0113729,0,0,34.2959,1.03821,21.0213,9.93708,0.16909,0.338289,0.129567
whole,21864,8.95549e+07,0.0130717,0,nan,37.6665,1.11159,22.9251,9.66707,0.0130212,0.344759,0.122854
whole,22104,9.0538e+07,0.013916,0,nan,36.7401,1.10365,23.9638,9.93654,0.0147231,0.319136,0.107198
whole,22344,9.1521e+07,0.0157064,0,nan,37.3127,1.10394,23.8863,10.4728,0,0.303123,0.0984599
whole,22584,9.25041e+07,0.0171916,0,nan,37.4089,1.19188,23.8724,10.5826,0.107146,0.335573,0.0959778
whole,22824,9.34871e+07,0.0172628,0,nan,39.542,1.13535,25.0683,11.511,0.0836388,0.309328,0.0911051
whole,23064,9.44701e+07,0.0180257,0,nan,36.4262,1.09405,22.0954,10.9226,0,0.317345,0.0916341
whole,23304,9.54532e+07,0.0174459,0,0,35.9012,1.1781,22.7172,11.9365,0.184681,0.305846,0.0897318
whole,23544,9.64362e+07,0.0192668,0,nan,38.2692,1.09285,24.5148,11.3825,0,0.333075,0.0833537
whole,23784,9.74193e+07,0.0195312,0,nan,36.0907,1.1328,23.1811,11.5171,0.12831,0.313035,0.0704753
whole,24024,9.84023e+07,0.0213318,0,nan,36.459,1.1823,23.8717,11.9662,0.0856251,0.310707,0.0651245
whole,24264,9.93853e+07,0.0223999,0,nan,35.2116,1.14628,21.9275,12.226,0.0279318,0.298361,0.0625102
whole,24504,1.00368e+08,0.0243835,0,0,34.6031,1.18589,21.9146,12.3424,0.121625,0.305202,0.0646464
whole,24744,1.01351e+08,0.0249939,0,nan,35.3477,1.26242,22.292,12.6863,0.0480497,0.318411,0.0708516
whole,24984,1.02334e+08,0.0253906,0,nan,34.8945,1.25999,21.1977,14.1824,0.155181,0.304521,0.0816549
whole,25224,1.03318e+08,0.0259094,0,nan,36.0457,1.1813,24.0088,13.7395,0.0435264,0.321787,0.0890605
whole,25464,1.04301e+08,0.0274658,0,nan,34.319,1.17776,22.1759,14.0155,0,0.313808,0.0965576
whole,25704,1.05284e+08,0.0272115,0,nan,34.5533,1.22475,22.888,14.7788,0.174744,0.32089,0.101807
whole,25944,1.06267e+08,0.0278727,0,nan,34.3522,1.17368,21.7901,14.2681,0.0379347,0.324807,0.108358
whole,26184,1.0725e+08,0.0291545,0,0,34.8045,1.21082,23.678,15.3246,0.237898,0.321993,0.108978
whole,26424,1.08233e+08,0.0314433,0,nan,32.7764,1.13961,22.1782,14.9198,0.200115,0.322244,0.104136
whole,26664,1.09216e+08,0.0322469,0,nan,33.8622,1.12738,22.4043,15.1828,0.375835,0.306279,0.0964966
whole,26904,1.10199e+08,0.0347493,0,nan,33.4762,1.20914,21.7819,15.2103,0.0883003,0.388069,0.0837504
whole,27144,1.11182e+08,0.0366211,0,nan,32.5707,1.1775,21.1716,15.0969,0.471341,0.325442,0.0745544
whole,27384,1.12165e+08,0.0386149,0,nan,33.3278,1.17799,21.7618,15.8778,0.36314,0.303648,0.069458
whole,27624,1.13148e+08,0.0399068,0,nan,32.6603,1.23505,21.1814,16.0954,0.00979392,0.300639,0.0677694
whole,27864,1.14131e+08,0.0426432,0,nan,34.2041,1.18179,22.7986,16.0025,0.00334484,0.319322,0.0674438
whole,28104,1.15114e+08,0.0443319,0,nan,33.3385,1.15866,23.1013,16.3323,0.118767,0.321489,0.0659383
whole,28344,1.16097e+08,0.0446676,0,nan,33.6981,1.1944,21.8855,16.4261,0.167766,0.314366,0.069519
whole,28584,1.1708e+08,0.0465393,0,nan,31.7365,1.11938,22.6726,17.0323,0.0629991,0.312005,0.0714111
whole,28824,1.18063e+08,0.0489807,0,nan,32.211,1.13195,22.0459,17.0956,0.0480985,0.321138,0.0656433
whole,29064,1.19046e+08,0.0491943,0,nan,32.5891,1.1574,22.1665,17.4507,0.182259,0.312705,0.0636698
whole,29304,1.20029e+08,0.0508728,0,nan,30.8997,1.12922,20.8068,17.4988,0.223545,0.313714,0.0519307
whole,29544,1.21012e+08,0.0506897,0,nan,31.6769,1.19916,22.3524,18.2464,0.207133,0.322646,0.0421855
whole,29784,1.21995e+08,0.0547994,0,0,31.238,1.14185,22.2131,18.5742,0.157702,0.322926,0.0426636
whole,30024,1.22978e+08,0.056366,0,nan,32.8099,1.14329,23.9478,18.6464,0.333386,0.329419,0.0397847
whole,30264,1.23961e+08,0.0586955,0,nan,29.8349,1.11769,20.4595,18.6196,0.455863,0.313112,0.0470072
whole,30504,1.24944e+08,0.0591227,0,nan,31.3646,1.09167,21.1643,18.9407,0.290697,0.319341,0.0535787
whole,30744,1.25927e+08,0.0597026,0,nan,31.8193,1.07988,23.025,18.9608,0.164627,0.327282,0.0531514
whole,30984,1.2691e+08,0.0620626,0,nan,31.7291,1.1411,23.0138,18.5846,0.00921593,0.320255,0.0521342
whole,31224,1.27894e+08,0.0644328,0,nan,29.1569,1.10369,20.8246,18.7235,0.269577,0.313196,0.0474548
whole,31464,1.28877e+08,0.0678609,0,nan,29.5736,1.10075,21.5428,18.7272,0.383831,0.310005,0.0415853
whole,31704,1.2986e+08,0.0701294,0,nan,28.196,1.08927,19.9825,18.8841,0.244032,0.315644,0.0358073
whole,31944,1.30843e+08,0.072998,0,nan,28.3481,1.08898,19.7634,18.536,0.798156,0.318497,0.0319214
whole,32184,1.31826e+08,0.0746663,0,0,30.2273,1.12288,21.9467,18.8021,0.757838,0.309572,0.0288188
whole,32424,1.32809e+08,0.077535,0,nan,29.8757,1.12269,20.8428,18.8975,1.10318,0.314708,0.0296326
whole,32664,1.33792e+08,0.0825602,0,0,29.7801,1.15456,21.0176,19.0716,0.469319,0.320525,0.0323588
whole,32904,1.34775e+08,0.0827433,0,0,28.91,1.11727,21.3525,19.1368,0.559411,0.342915,0.0336507
whole,33144,1.35758e+08,0.0833333,0,nan,28.5455,1.0928,20.47,18.7239,0.322766,0.308815,0.0328979
whole,33384,1.36741e+08,0.087738,0,nan,28.7902,1.15447,19.0729,18.7544,0.472805,0.323659,0.0356344
whole,33624,1.37724e+08,0.0944621,0,nan,28.2797,1.11417,20.4497,18.6499,0.400397,0.342303,0.0311991
whole,33864,1.38707e+08,0.0959473,0,nan,27.4833,1.08318,19.4044,19.0133,0.470914,0.331886,0.0311584
whole,34104,1.3969e+08,0.0998128,0,nan,28.129,1.11961,19.2959,18.6983,0.213726,0.316415,0.0307821
whole,34344,1.40673e+08,0.10378,0,0,28.8203,1.10493,20.1899,18.8009,0.191044,0.308334,0.0257263
whole,34584,1.41656e+08,0.106628,0,nan,28.1986,1.14176,19.9493,19.0194,0.656102,0.335825,0.027242
whole,34824,1.42639e+08,0.109762,0,0,29.4979,1.1009,20.4787,18.8029,0.262768,0.305084,0.0262349
whole,35064,1.43622e+08,0.11497,0,nan,27.1721,1.1282,18.4595,19.1724,0.331842,0.319225,0.0267639
whole,35304,1.44605e+08,0.120768,0,nan,28.4132,1.12514,20.9004,18.8185,0.349624,0.325424,0.025411
whole,35544,1.45588e+08,0.127767,0,nan,26.6947,1.07613,19.078,18.8958,0.53669,0.334865,0.026296
whole,35784,1.46571e+08,0.132355,0,0,27.9903,1.13431,20.0942,18.9853,0.349724,0.304298,0.026591
whole,36024,1.47554e+08,0.137299,0,nan,27.4448,1.07409,19.5973,18.4568,0.863875,0.32031,0.0277608
whole,36264,1.48537e+08,0.145844,0,nan,26.2773,1.05376,18.2816,18.7382,0.865391,0.325834,0.0301005
whole,36504,1.4952e+08,0.15036,0,0,25.0483,1.06002,17.5185,18.4246,0.798517,0.30135,0.0290731
whole,36744,1.50503e+08,0.155528,0,nan,28.1208,1.07676,19.4733,18.5324,0.132122,0.292072,0.0276286
whole,36984,1.51486e+08,0.160217,0,nan,25.1277,1.05372,18.2568,18.2214,1.00395,0.293056,0.026825
whole,37224,1.5247e+08,0.16745,0,0,26.1187,1.06963,18.0498,18.2265,0.57522,0.318774,0.0270996
whole,37464,1.53453e+08,0.17513,0,nan,26.1527,1.01599,18.3118,18.3968,0.397696,0.296309,0.0257365
whole,37704,1.54436e+08,0.182465,0,nan,25.9064,1.06363,18.1584,18.6919,1.04046,0.33363,0.0243937
whole,37944,1.55419e+08,0.191701,0,nan,25.2219,1.078,17.5666,18.9255,1.23419,0.325452,0.0243632
whole,38184,1.56402e+08,0.201609,0,0,25.3821,1.04205,19.0213,19.0837,0.709954,0.310777,0.0219828
whole,38424,1.57385e+08,0.210927,0,nan,26.2514,1.08293,19.2532,18.6877,0.406252,0.338957,0.0192261
whole,38664,1.58368e+08,0.21876,0,0,25.9091,1.06956,17.8571,19.1185,0.851384,0.330653,0.0205383
whole,38904,1.59351e+08,0.227254,0,nan,24.7488,1.14091,17.6738,19.2837,0.867069,0.294455,0.0189921
whole,39144,1.60334e+08,0.236267,0,0,24.8259,1.10473,16.8799,18.9496,0.871703,0.320609,0.0216573
whole,39384,1.61317e+08,0.242666,0,0,24.6913,1.04024,17.6569,18.9691,1.91967,0.314047,0.0231934
whole,39624,1.623e+08,0.252116,0,0,25.4883,0.935819,18.4805,18.8296,0.97929,0.315852,0.0230408
whole,39864,1.63283e+08,0.264282,0,0,24.234,1.0081,17.361,18.7944,0.928302,0.311052,0.0249023
whole,40104,1.64266e+08,0.270528,0,0,23.1804,0.954223,16.4352,18.5892,1.95993,0.328142,0.0259705
whole,40344,1.65249e+08,0.277507,0,0,24.9103,0.988574,17.2857,19.1446,1.36069,0.30216,0.0264994
whole,40584,1.66232e+08,0.280823,0,0,25.1402,1.0553,18.2551,18.913,1.85295,0.308897,0.0238037
whole,40824,1.67215e+08,0.285614,0,nan,26.0996,0.995238,18.9874,18.4772,1.08607,0.306309,0.0203552
whole,41064,1.68198e+08,0.296214,0,nan,25.2768,1.03039,18.1368,17.8224,1.26676,0.320256,0.0188904
whole,41304,1.69181e+08,0.303375,0,0,23.3501,1.01792,16.3952,17.5164,1.20213,0.346493,0.0171
whole,41544,1.70164e+08,0.309092,0,0,24.718,1.02899,18.2393,17.8033,1.31717,0.312183,0.015096
whole,41784,1.71147e+08,0.317566,0,0,22.4506,0.983453,15.686,17.3387,2.00051,0.302181,0.0161641
whole,42024,1.7213e+08,0.324371,0,0,23.7498,0.957401,17.5356,16.8437,2.46963,0.302757,0.0143738
whole,42264,1.73113e+08,0.332052,0,0,25.4779,1.01369,18.2376,17.0823,1.5624,0.317586,0.0147807
whole,42504,1.74096e+08,0.33904,0,nan,25.8296,1.00202,18.7355,16.8389,1.16477,0.304154,0.0157369
whole,42744,1.75079e+08,0.354462,0,0,22.028,1.04944,15.1486,17.0225,1.97458,0.297297,0.0158183
whole,42984,1.76062e+08,0.367533,0,0,23.3595,0.94621,17.0193,16.5994,1.82314,0.290389,0.0160522
whole,43224,1.77046e+08,0.383657,0,0,22.7056,1.00072,16.155,16.4398,1.2351,0.310288,0.0152588
whole,43464,1.78029e+08,0.392619,0,0,24.0393,1.05411,16.9047,16.9398,0.934055,0.353559,0.0152079
whole,43704,1.79012e+08,0.409292,0,0,23.9074,1.03273,17.7244,16.5667,2.30067,0.320355,0.0159403
whole,43944,1.79995e+08,0.427439,0,0,20.665,1.03765,13.476,16.3528,1.87792,0.321131,0.0161336
whole,44184,1.80978e+08,0.440837,0,0,21.4463,0.968032,15.1731,16.4157,1.83202,0.319406,0.0163981
whole,44424,1.81961e+08,0.455577,0,0,22.2595,1.02606,15.8122,16.5318,1.88028,0.319491,0.0164998
whole,44664,1.82944e+08,0.474609,0,0,23.4842,0.993039,16.6619,16.2556,2.05542,0.312114,0.0151672
whole,44904,1.83927e+08,0.489004,0,0,22.6429,1.01917,15.9998,15.8956,2.46453,0.341091,0.01474
whole,45144,1.8491e+08,0.510152,0,0,21.8835,0.970055,15.6745,16.052,1.82866,0.305292,0.0124512
whole,45384,1.85893e+08,0.525859,0,0,23.7766,0.957215,16.6906,16.0442,3.3013,0.32721,0.0124613
whole,45624,1.86876e+08,0.547343,0,0,21.91,1.0392,14.7528,15.8751,1.5805,0.313484,0.0128276
whole,45864,1.87859e+08,0.563029,0,0,22.9656,0.957975,16.3449,16.1476,1.80173,0.313583,0.0131429
whole,46104,1.88842e+08,0.581645,0,0,21.9404,0.969511,14.3427,16.2292,4.04632,0.331363,0.0141602
whole,46344,1.89825e+08,0.604645,0,0,22.7016,1.00084,15.9536,16.4302,2.58677,0.315556,0.0152079
whole,46584,1.90808e+08,0.624685,0,0,21.5276,1.0134,14.5949,16.0746,2.8546,0.309261,0.013092
whole,46824,1.91791e+08,0.645274,0,0,23.3901,0.996346,17.0302,15.9126,2.64116,0.308035,0.0113932
whole,47064,1.92774e+08,0.668264,0,0,22.3509,0.97464,15.3947,15.7812,2.85617,0.317794,0.00950114
whole,47304,1.93757e+08,0.697835,0.00724888,0,21.8637,0.969519,14.6522,15.8658,2.97045,0.326963,0.00812785
whole,47544,1.9474e+08,0.723083,0,0,21.3111,0.997274,14.8368,16.003,2.67368,0.3113,0.00854492
whole,47784,1.95723e+08,0.749074,0,0,23.2538,0.995396,16.455,15.9133,3.26079,0.316703,0.0116577
whole,48024,1.96706e+08,0.773448,0,0,20.1246,0.913154,13.4162,16.0276,3.78208,0.326528,0.0141805
whole,48264,1.97689e+08,0.798665,0,0,21.022,0.989408,14.5349,16.0377,2.85672,0.31563,0.0149333
whole,48504,1.98672e+08,0.830688,0,0,22.7227,1.02386,15.8844,16.3957,3.01428,0.314176,0.0153097
whole,48744,1.99655e+08,0.859355,0,0,21.5584,0.948297,15.2352,16.1099,4.16423,0.295166,0.014679
whole,48984,2.00638e+08,0.884308,0,0,22.0921,1.00984,15.2467,16.241,4.5798,0.337967,0.0151265
whole,49224,2.01622e+08,0.908671,0,0,21.1219,0.947509,14.8672,16.1653,4.1046,0.301113,0.0164286
whole,49464,2.02605e+08,0.938039,0,0,20.1495,0.96971,13.0929,16.5076,3.53656,0.292306,0.015096
whole,49704,2.03588e+08,0.977336,0,0,21.7964,0.93399,14.2812,16.489,4.3053,0.329247,0.0173238
whole,49944,2.04571e+08,1.00728,0,0,19.1953,0.948038,12.831,16.4824,4.63558,0.308063,0.0159302
whole,50184,2.05554e+08,1.03872,0,0,21.8558,0.987676,15.2763,16.3898,3.51119,0.299786,0.0161235
whole,50424,2.06537e+08,1.06761,0,0,20.7711,0.987762,14.2684,16.4287,4.56185,0.315933,0.016276
whole,50664,2.0752e+08,1.10145,0,0,20.4752,0.983122,14.0148,16.4209,3.83812,0.321632,0.0155029
whole,50904,2.08503e+08,1.13025,0,0,20.6691,0.871433,14.1294,16.2691,5.26266,0.287969,0.0141703
whole,51144,2.09486e+08,1.16248,0,0,21.4107,0.950779,14.6911,16.6297,5.58354,0.309902,0.0131938
whole,51384,2.10469e+08,1.19725,0,0,19.7118,0.91795,13.3754,16.8254,7.12753,0.302572,0.0134684
whole,51624,2.11452e+08,1.22431,0,0,20.3595,0.951925,14.0256,16.9293,4.63633,0.315156,0.014679
whole,51864,2.12435e+08,1.2567,0,0,18.7475,0.979733,12.44,17.0721,6.43713,0.336832,0.0141602
whole,52104,2.13418e+08,1.28698,0,0,19.3254,0.929177,13.2188,17.2192,7.70019,0.324204,0.0133667
whole,52344,2.14401e+08,1.31837,0,0,20.9194,0.939501,15.0243,16.4411,6.87112,0.313483,0.0117391
whole,52584,2.15384e+08,1.35581,0,0,21.1332,0.95819,14.8428,16.6631,7.04371,0.321642,0.0117188
whole,52824,2.16367e+08,1.38343,0,0,20.7448,1.01905,13.7574,16.5755,5.11664,0.296505,0.0125732
whole,53064,2.1735e+08,1.41614,0,0,19.9377,0.912795,14.0476,16.576,5.9616,0.296541,0.0122681
whole,53304,2.18333e+08,1.44892,0,0,20.3529,0.983377,13.9864,16.5672,5.96367,0.302708,0.0143636
whole,53544,2.19316e+08,1.48633,0,0,20.1053,0.873411,13.696,16.5414,6.16308,0.299713,0.0148112
whole,53784,2.20299e+08,1.51278,0,0,20.4335,0.844344,14.327,16.2756,7.43921,0.318255,0.0172424
whole,54024,2.21282e+08,1.54754,0,0,20.5639,0.9048,13.48,16.5955,9.05858,0.297905,0.0196431
whole,54264,2.22265e+08,1.5738,0,0,19.3577,0.914352,13.0286,16.4819,7.11582,0.326758,0.0178223
whole,54504,2.23248e+08,1.6025,0,0,19.5797,0.924346,14.3016,16.4502,7.70257,0.31479,0.0182699
whole,54744,2.24231e+08,1.63716,0.00469117,0,20.6047,0.912027,14.5449,16.5284,7.28094,0.289429,0.018514
whole,54984,2.25214e+08,1.67341,0,0,20.6179,0.937619,13.8882,16.0772,6.99689,0.290487,0.0184835
whole,55224,2.26198e+08,1.70622,0.00348083,0,19.0837,0.875227,12.9437,16.2461,7.01288,0.309294,0.0203145
whole,55464,2.27181e+08,1.7482,0,0,20.1536,0.923691,13.693,16.2998,8.68045,0.319649,0.0212708
whole,55704,2.28164e+08,1.78885,0,0,19.3232,0.880142,13.1362,16.0972,8.86814,0.296956,0.0203756
whole,55944,2.29147e+08,1.83334,0,0,19.5977,0.852674,12.2665,16.461,8.78688,0.319217,0.0179545
whole,56184,2.3013e+08,1.87506,0,0,20.6397,0.931091,14.0773,16.4268,7.2894,0.310801,0.0147095
whole,56424,2.31113e+08,1.91636,0,0,19.559,0.866093,13.1541,16.0904,7.79011,0.317092,0.0137431
whole,56664,2.32096e+08,1.96182,0,0,19.2437,0.863086,12.6341,16.5106,8.29967,0.326696,0.0142212
whole,56904,2.33079e+08,1.99913,0,0,20.9375,0.905522,14.3166,16.6921,7.6485,0.31751,0.0171
whole,57144,2.34062e+08,2.04139,0,0,19.3736,0.833834,13.49,16.0641,9.28508,0.327151,0.017334
whole,57384,2.35045e+08,2.0895,0,0,19.1162,0.901507,12.9246,16.5378,10.8177,0.335343,0.0171407
whole,57624,2.36028e+08,2.13366,0,0,18.923,0.848311,12.5582,16.4238,8.45672,0.315509,0.0169474
whole,57864,2.37011e+08,2.18382,0,0,17.8292,0.912643,12.684,16.4056,10.2695,0.335739,0.013916
whole,58104,2.37994e+08,2.2293,0,0,18.6698,0.83695,12.5231,15.8573,11.8484,0.312336,0.0133667
whole,58344,2.38977e+08,2.27298,0.0131969,0,18.7197,0.890759,12.7701,16.1337,11.3739,0.301091,0.0130412
whole,58584,2.3996e+08,2.32263,0,0,18.7128,0.822158,12.2231,16.3079,13.9413,0.308005,0.0120341
whole,58824,2.40943e+08,2.37026,0.00675889,0,18.8347,0.847511,12.8275,16.3266,9.87725,0.313902,0.0122579
whole,59064,2.41926e+08,2.41537,0,0,17.0436,0.839484,11.1477,16.3254,11.0872,0.303006,0.0113525
whole,59304,2.42909e+08,2.46495,0,0,18.9381,0.883005,12.5537,16.305,9.24185,0.318891,0.00952148
whole,59544,2.43892e+08,2.51384,0,0,19.0805,0.88733,12.512,16.1165,9.57967,0.299371,0.00708008
whole,59784,2.44875e+08,2.56212,0.00440875,0,18.881,0.882302,12.1931,16.8686,14.0622,0.314908,0.00561523
whole,60024,2.45858e+08,2.62082,0,0,18.5055,0.860637,11.7732,16.4633,13.1125,0.324188,0.00809733
whole,60264,2.46841e+08,2.67727,0,0,18.2334,0.839062,11.8653,16.6359,11.6259,0.326899,0.00942993
whole,60504,2.47824e+08,2.7343,0,0,18.9696,0.878728,12.3467,16.8412,11.4471,0.312642,0.0107422
whole,60744,2.48807e+08,2.78891,0,0,17.5258,0.895641,11.2619,17.1892,17.2965,0.333774,0.0118917
whole,60984,2.4979e+08,2.84225,0,0,18.0048,0.79991,10.9525,16.4646,12.1269,0.329231,0.00948079
whole,61224,2.50774e+08,2.89644,0.00460514,0,17.5536,0.845319,11.2799,16.1605,11.6407,0.297087,0.00945028
whole,61464,2.51757e+08,2.95649,0,0,18.4875,0.833599,11.9118,16.4795,16.0843,0.308077,0.00971476
whole,61704,2.5274e+08,3.01656,0,0,17.4495,0.875154,11.2724,16.0984,13.58,0.325098,0.0121358
whole,61944,2.53723e+08,3.07088,0,0,17.3291,0.865875,11.4135,16.3121,15.7445,0.313228,0.012797
whole,62184,2.54706e+08,3.13273,0,0,16.7398,0.818338,10.3465,16.7747,15.5361,0.301773,0.0137329
whole,62424,2.55689e+08,3.1948,0,0,17.3067,0.85738,10.9062,16.578,14.7802,0.323533,0.0130208
whole,62664,2.56672e+08,3.25545,0,0,17.6007,0.828052,11.5097,16.5649,15.4649,0.3192,0.0108744
whole,62904,2.57655e+08,3.31562,0,0,18.7067,0.863187,12.4891,16.4912,14.3386,0.301206,0.0100606
whole,63144,2.58638e+08,3.37909,0,0,15.6832,0.824462,9.8261,16.351,14.827,0.285373,0.00892131
whole,63384,2.59621e+08,3.44614,0,0,17.7554,0.90794,11.6649,16.4556,16.769,0.303407,0.00965373
whole,63624,2.60604e+08,3.50979,0,0,17.5606,0.825592,10.7597,16.4382,14.2993,0.331144,0.0102336
whole,63864,2.61587e+08,3.5755,0,0,16.4102,0.785878,10.3631,16.7993,17.7329,0.326821,0.0113932
whole,64104,2.6257e+08,3.645,0,0,17.3136,0.849458,11.3202,17.334,16.9837,0.312902,0.011556
whole,64344,2.63553e+08,3.70343,0,0,17.7142,0.838129,11.3294,17.0356,17.664,0.321642,0.0117086
whole,64584,2.64536e+08,3.76643,0,0,16.5926,0.824622,10.6588,17.1992,18.0488,0.317699,0.0132446
whole,64824,2.65519e+08,3.84054,0,0,17.6367,0.808888,11.027,16.8759,18.2359,0.305493,0.0147196
whole,65064,2.66502e+08,3.90694,0,0,16.7965,0.871696,10.7377,17.0975,21.2919,0.322456,0.0144145
whole,65304,2.67485e+08,3.96518,0.00773823,0,16.9295,0.863767,10.5598,16.2985,17.2953,0.291554,0.0164795
whole,65544,2.68468e+08,4.02794,0,0,17.0587,0.85998,10.1142,16.6855,16.6678,0.300029,0.0159912
whole,65784,2.69451e+08,4.09194,0,0,16.141,0.809018,9.81705,16.799,19.8135,0.309799,0.0145162
whole,66024,2.70434e+08,4.15143,0,0,17.144,0.801736,10.818,16.8828,20.2991,0.317037,0.0136414
whole,66264,2.71417e+08,4.21896,0.00366339,0,16.7685,0.815352,9.87128,17.0486,21.8411,0.33854,0.0113017
whole,66504,2.724e+08,4.28987,0.0112269,0,17.4324,0.784737,11.1284,16.812,20.4341,0.322414,0.00951131
whole,66744,2.73383e+08,4.36314,0,0,17.05,0.852289,10.8865,16.9453,20.0149,0.326877,0.010793
whole,66984,2.74366e+08,4.43621,0,0,16.0292,0.773766,10.3183,16.8151,20.9545,0.317595,0.010498
whole,67224,2.7535e+08,4.50477,0,0,16.4308,0.831227,10.0005,16.5419,20.6493,0.323906,0.011617
whole,67464,2.76333e+08,4.57415,0,0,16.387,0.850898,9.58492,17.2737,22.5364,0.302837,0.0113118
whole,67704,2.77316e+08,4.64489,0,0,16.6712,0.815793,10.7096,16.9325,21.9358,0.307059,0.0130514
whole,67944,2.78299e+08,4.71549,0,0,15.9053,0.779362,9.97063,16.7976,21.8006,0.311228,0.0136108
whole,68184,2.79282e+08,4.78258,0.00312628,0,15.3727,0.800542,9.20025,17.2014,23.2881,0.313992,0.0149028
whole,68424,2.80265e+08,4.85011,0.0034305,0.0135864,16.3826,0.803659,10.6777,17.1334,24.22,0.324928,0.0174662
whole,68664,2.81248e+08,4.92248,0.0100594,0,15.4655,0.860657,8.98863,17.19,23.9284,0.355083,0.0185547
whole,68904,2.82231e+08,4.99274,0.00261011,0,15.5562,0.806043,9.31411,16.9454,22.966,0.304244,0.017629
whole,69144,2.83214e+08,5.06237,0.0117581,0,16.4962,0.78599,10.3464,17.4771,26.5388,0.319046,0.0174255
whole,69384,2.84197e+08,5.12806,0,0,15.8584,0.808043,9.68698,17.2678,23.9975,0.322171,0.022939
whole,69624,2.8518e+08,5.20016,0,0,15.6094,0.73193,9.42875,17.2304,22.0827,0.316926,0.0252787
whole,69864,2.86163e+08,5.26015,0,0,15.8194,0.804206,9.44823,17.5777,28.1538,0.332679,0.0340983
whole,70104,2.87146e+08,5.33131,0.00727462,0,15.2762,0.793846,9.27845,17.2315,25.3199,0.303838,0.0361735
whole,70344,2.88129e+08,5.40019,0,0,16.2556,0.829833,10.1349,17.3719,26.3703,0.332198,0.0321147
whole,70584,2.89112e+08,5.47184,0,0,17.0146,0.822956,11.5178,18.2044,30.4861,0.317879,0.0296122
whole,70824,2.90095e+08,5.54875,0.00766284,0.0247831,14.1775,0.800268,8.32582,17.8198,24.8262,0.316597,0.0231832
whole,71064,2.91078e+08,5.61883,0,0,15.9448,0.775069,10.2206,18.3036,29.2047,0.315467,0.0213623
whole,71304,2.92061e+08,5.69359,0.0110219,0,14.3649,0.776336,8.31162,17.6873,25.234,0.318595,0.0187887
whole,71544,2.93044e+08,5.76824,0,0,14.5842,0.759041,8.58231,17.4909,29.1294,0.310405,0.0200195
whole,71784,2.94027e+08,5.82876,0.00590153,0,16.4493,0.794648,10.6834,18.2593,30.4602,0.307967,0.0175273
whole,72024,2.9501e+08,5.89906,0,0,15.688,0.795421,8.71235,17.7403,27.2306,0.33619,0.0166219
whole,72264,2.95993e+08,5.97215,0,0,16.0587,0.727679,9.67324,18.0363,27.5849,0.308725,0.0159912
whole,72504,2.96976e+08,6.04043,0,0,17.0706,0.800511,10.9377,18.2267,31.1183,0.323617,0.0133565
whole,72744,2.97959e+08,6.10671,0,0,15.7014,0.762558,9.60402,18.0467,27.8269,0.30852,0.013326
whole,72984,2.98942e+08,6.17697,0.00409098,0,15.3556,0.741951,9.36057,17.7243,26.029,0.310699,0.0141296
whole,73224,2.99926e+08,6.2489,0.00375271,0,15.7,0.784688,9.79887,17.9513,28.7077,0.311765,0.0141296
whole,73464,3.00909e+08,6.31877,0.00516173,0,15.9493,0.761855,9.65056,18.2026,32.305,0.313519,0.0149333
whole,73704,3.01892e+08,6.39521,0,0,15.7558,0.771829,9.39888,17.948,33.3895,0.304763,0.0141602
whole,73944,3.02875e+08,6.46361,0,0,15.0887,0.764958,9.47316,17.9536,28.4066,0.321577,0.0134684
whole,74184,3.03858e+08,6.53706,0,0,14.6719,0.742436,8.71153,17.6915,28.5294,0.332437,0.0111694
whole,74424,3.04841e+08,6.60253,0.00294873,0,15.4187,0.754939,9.67061,18.0655,34.3882,0.311933,0.0107524
whole,74664,3.05824e+08,6.66972,0,0,15.9229,0.767827,9.90572,18.1165,35.2694,0.321063,0.0122477
whole,74904,3.06807e+08,6.72822,0,0,15.5307,0.789676,9.65346,18.1877,29.03,0.30212,0.0137634
whole,75144,3.0779e+08,6.79395,0.00980232,0,16.2699,0.812289,10.4645,18.3778,32.3685,0.31526,0.0137126
whole,75384,3.08773e+08,6.85339,0,0,16.1037,0.854746,10.2611,18.4806,34.8065,0.323139,0.0139364
whole,75624,3.09756e+08,6.91297,0.0137142,0,15.0973,0.726905,8.79297,18.4645,32.3356,0.311863,0.014384
whole,75864,3.10739e+08,6.97783,0.00571677,0.0135958,16.352,0.761569,10.2996,18.5829,32.9655,0.301076,0.0137634
whole,76104,3.11722e+08,7.03546,0,0,16.9337,0.782554,11.2232,18.7931,34.6276,0.329797,0.0145976
whole,76344,3.12705e+08,7.10149,0,0,16.663,0.769017,8.95314,17.9996,31.2461,0.309053,0.0140279
whole,76584,3.13688e+08,7.16057,0.0170089,0,15.4258,0.737269,8.91665,18.2289,32.1328,0.294345,0.0146179
whole,76824,3.14671e+08,7.21716,0.0125245,0,14.391,0.731152,8.13967,18.1098,32.7311,0.2958,0.0148112
whole,77064,3.15654e+08,7.27818,0.00704385,0,16.4896,0.745917,10.1266,18.5104,35.2155,0.298867,0.0145162
whole,77304,3.16637e+08,7.34035,0,0,16.604,0.797296,10.0556,19.1712,31.7501,0.340797,0.0150655
whole,77544,3.1762e+08,7.39723,0,0,14.7462,0.733625,8.94106,19.0862,32.9087,0.313246,0.0181783
whole,77784,3.18603e+08,7.44556,0,0,16.6786,0.772501,10.4754,19.4709,37.4455,0.314902,0.0163778
whole,78024,3.19586e+08,7.50402,0,0,16.0774,0.719698,9.98666,19.1667,34.7658,0.318898,0.0180257
whole,78264,3.20569e+08,7.55536,0,0,15.7264,0.796307,10.1246,19.1559,36.2571,0.319022,0.0174255
whole,78504,3.21552e+08,7.60918,0.0139966,0,17.6605,0.837081,11.4103,19.4804,40.8737,0.310988,0.0151062
whole,78744,3.22535e+08,7.66279,0.00649632,0,15.8597,0.741441,9.95445,18.5557,32.5751,0.303275,0.0154826
whole,78984,3.23518e+08,7.71865,0.00683995,0,16.9102,0.754704,10.0995,19.085,34.2367,0.291752,0.013031
whole,79224,3.24502e+08,7.76832,0,0,15.5984,0.747858,9.52071,19.1335,38.818,0.304567,0.0147095
whole,79464,3.25485e+08,7.82635,0,0,18.0533,0.770698,11.389,19.1001,39.4941,0.32106,0.0135803
whole,79704,3.26468e+08,7.88168,0.00309981,0,16.0783,0.758558,9.82352,18.8843,35.6177,0.319125,0.0138855
whole,79944,3.27451e+08,7.9352,0,0,16.2511,0.746606,10.1855,18.886,37.8654,0.296167,0.0174561
whole,80184,3.28434e+08,7.9835,0,0,16.8839,0.781383,11.0401,19.0535,40.2115,0.31484,0.0152893
whole,80424,3.29417e+08,8.03091,0,0,16.5119,0.738446,10.4489,19.298,40.3678,0.30346,0.0167745
whole,80664,3.304e+08,8.08453,0.00488003,0,17.4434,0.711534,10.9398,18.9186,37.164,0.30286,0.0152181
whole,80904,3.31383e+08,8.13062,0,0,16.2707,0.715818,9.73552,19.0061,40,0.319166,0.0113017
whole,81144,3.32366e+08,8.17627,0.00371885,0,16.6539,0.742782,10.0294,19.0272,40.2268,0.289439,0.0112712
whole,81384,3.33349e+08,8.21077,0.0132861,0,15.8561,0.735161,10.4127,18.6545,40.5944,0.30659,0.00920614
whole,81624,3.34332e+08,8.2587,0.00819187,0,16.5443,0.739725,10.534,18.9356,40.6505,0.313958,0.00796509
whole,81864,3.35315e+08,8.29802,0,0,17.0608,0.731564,11.2147,19.3599,41.6825,0.304629,0.00830078
whole,82104,3.36298e+08,8.34402,0,0,16.9157,0.716598,10.8521,18.9701,39.5571,0.301583,0.0093689
whole,82344,3.37281e+08,8.38881,0.0106973,0,15.8153,0.693629,9.6222,19.1785,38.4306,0.315969,0.0116679
whole,82584,3.38264e+08,8.43554,0,0,17.7894,0.768076,11.8535,19.7013,44.2607,0.32505,0.0140991
whole,82824,3.39247e+08,8.48159,0.00798267,0,17.0897,0.723366,10.7314,19.7079,43.6513,0.300127,0.0171712
whole,83064,3.4023e+08,8.52514,0,0,16.8564,0.717264,10.547,19.8324,42.3364,0.296785,0.016866
whole,83304,3.41213e+08,8.56451,0.0109236,0,15.9481,0.74424,10.2566,19.136,40.9216,0.300224,0.0169576
whole,83544,3.42196e+08,8.60211,0.00717146,0,16.9583,0.708246,9.82343,19.5691,42.5534,0.276994,0.017568
whole,83784,3.43179e+08,8.63949,0.00882164,0,16.3842,0.715901,10.238,19.7653,45.6678,0.303238,0.0148926
whole,84024,3.44162e+08,8.68009,0.00420189,0.00771681,16.2527,0.755281,9.81172,19.8865,42.1303,0.289802,0.013916
whole,84264,3.45145e+08,8.72681,0.0213144,0,17.2073,0.754618,10.7488,20.2852,49.4723,0.311191,0.0128174
whole,84504,3.46128e+08,8.76746,0.0287733,0,16.8158,0.711861,10.8457,19.8252,42.6142,0.303561,0.0118205
whole,84744,3.47111e+08,8.80223,0.0038779,0,16.3225,0.699845,9.88405,20.2265,47.4473,0.304684,0.0125529
whole,84984,3.48094e+08,8.83925,0.0155389,0,15.5129,0.746465,9.67372,19.7715,41.3981,0.303003,0.0146993
whole,85224,3.49078e+08,8.86826,0.0143704,0,17.1675,0.738019,10.9289,19.8621,42.9002,0.315801,0.017629
whole,85464,3.50061e+08,8.90104,0,0,15.5608,0.668578,9.81966,19.5988,40.6833,0.313972,0.0192668
whole,85704,3.51044e+08,8.93906,0.00855717,0,15.9682,0.745298,9.42824,19.979,41.9832,0.2909,0.0193075
whole,85944,3.52027e+08,8.96957,0,0,17.3663,0.779152,11.2952,20.2556,44.421,0.272556,0.0188497
whole,86184,3.5301e+08,8.9972,0.0212297,0,19.508,0.69021,13.6544,20.5039,46.8873,0.296766,0.0174052
whole,86424,3.53993e+08,9.02677,0,0,16.5492,0.740437,10.0552,19.7125,46.2723,0.312703,0.0185038
whole,86664,3.54976e+08,9.05684,0.00599144,0,17.1586,0.711106,10.4693,19.8352,42.8574,0.285659,0.0183919
whole,86904,3.55959e+08,9.08297,0.0152722,0.00599361,15.7651,0.726896,10.0705,19.5345,44.1905,0.329185,0.0195312
whole,87144,3.56942e+08,9.10544,0.00977502,0,19.873,0.727353,13.4786,20.1021,49.1149,0.306236,0.0166931
whole,87384,3.57925e+08,9.12388,0.0173637,0,17.6435,0.767438,10.9874,20.041,44.2583,0.321029,0.0139872
whole,87624,3.58908e+08,9.1526,0.00750165,0,17.7015,0.746876,11.254,19.9564,43.1318,0.308275,0.0155538
whole,87864,3.59891e+08,9.17323,0.00539929,0,18.3686,0.689595,11.7368,20.2118,43.9443,0.292021,0.0144043
whole,88104,3.60874e+08,9.19304,0.00380373,0,16.7842,0.730567,10.1386,20.041,44.7281,0.303354,0.0167643
whole,88344,3.61857e+08,9.2183,0.0100709,0,15.7209,0.673601,9.99964,20.0529,43.7121,0.292722,0.0188192
whole,88584,3.6284e+08,9.24086,0,0,17.4207,0.710132,11.2528,20.3287,45.5771,0.322081,0.0175273
whole,88824,3.63823e+08,9.26381,0.00670309,0,16.8344,0.74175,10.7611,20.3773,45.3043,0.31546,0.0151876
whole,89064,3.64806e+08,9.28192,0.00757098,0,16.6186,0.711305,10.5363,20.6058,46.4713,0.315263,0.0149638
whole,89304,3.65789e+08,9.30223,0.00374696,0,16.123,0.667287,9.61464,20.308,42.3604,0.331451,0.0135803
whole,89544,3.66772e+08,9.32601,0.00706037,0,16.8406,0.68799,9.81342,20.4308,42.7637,0.312643,0.0151367
whole,89784,3.67755e+08,9.34973,0.00769615,0.0057751,17.2806,0.716236,11.0776,20.9937,48.0012,0.328206,0.0157572
whole,90024,3.68738e+08,9.36476,0.0162359,0.0143266,18.4254,0.812485,11.7845,20.637,44.6059,0.320203,0.0160522
whole,90264,3.69721e+08,9.37746,0.0258261,0,18.7446,0.71616,11.9937,20.6985,53.3019,0.301954,0.0174561
whole,90504,3.70704e+08,9.39481,0.0107252,0.0220704,16.0569,0.729722,9.81406,20.1524,40.6679,0.323961,0.0165914
whole,90744,3.71687e+08,9.40851,0.0191833,0,19.2212,0.698112,13.6079,20.6039,49.4512,0.30023,0.0176493
whole,90984,3.7267e+08,9.42175,0.00297044,0,18.4842,0.77484,11.7419,20.3352,45.1628,0.307,0.0180054
